# x_m,y_m,w_tr_right_m,w_tr_left_m
0.960975,4.022273,7.565,7.361
1.7555578,3.4152298,7.5687985,7.3651986
2.5501363,2.808181,7.5725975,7.369397
3.3447108,2.2011273,7.576396,7.3735957
4.1392817,1.5940686,7.580195,7.3777943
4.93385,0.987006,7.5839934,7.381993
5.7284145,0.37993962,7.5877924,7.3861914
6.5229774,-0.22712998,7.591591,7.3903904
7.3175373,-0.8342024,7.59539,7.394589
8.112096,-1.4412773,7.599189,7.3987875
8.906653,-2.0483541,7.6029873,7.402986
9.701209,-2.6554325,7.6067863,7.4071846
10.495764,-3.262512,7.6105847,7.411383
11.2903185,-3.869592,7.6143837,7.4155817
12.084873,-4.476672,7.618182,7.4197803
12.879428,-5.0837517,7.621981,7.423979
13.673984,-5.6908307,7.6257796,7.4279785
14.468539,-6.2979083,7.6295786,7.4319773
15.263098,-6.904984,7.633377,7.435976
16.057657,-7.5120573,7.637176,7.439975
16.852219,-8.119128,7.6409745,7.4439735
17.646784,-8.726195,7.644575,7.4481707
18.44135,-9.33326,7.648174,7.452369
19.23592,-9.940319,7.6517725,7.456568
20.030493,-10.547376,7.655371,7.4607663
20.82507,-11.154428,7.6589704,7.4649653
21.619648,-11.761475,7.6627674,7.469164
22.41423,-12.368518,7.666566,7.4733624
23.208817,-12.975557,7.670365,7.477561
24.003407,-13.582592,7.6741633,7.4817595
24.797998,-14.189622,7.6779623,7.485958
25.592594,-14.796649,7.681761,7.4901567
26.387192,-15.403671,7.6855597,7.494355
27.181793,-16.01069,7.689358,7.4985538
27.976398,-16.617704,7.693157,7.502753
28.771006,-17.224716,7.6969557,7.5069513
29.565617,-17.831722,7.7007546,7.51115
30.36023,-18.438726,7.704553,7.5153484
31.154846,-19.045725,7.708352,7.519547
31.949465,-19.652721,7.7121506,7.5237455
32.744087,-20.259712,7.7159495,7.527944
33.53871,-20.8667,7.719748,7.5321426
34.33334,-21.473684,7.723547,7.536341
35.12797,-22.080664,7.7273455,7.5405397
35.922604,-22.687641,7.7311444,7.5447383
36.71724,-23.294613,7.734943,7.548937
37.51188,-23.901583,7.738742,7.552939
38.306522,-24.508549,7.7425404,7.556937
39.101166,-25.115513,7.7463393,7.560936
39.895813,-25.722471,7.750138,7.5649347
40.69046,-26.329428,7.753937,7.5689335
41.485115,-26.93638,7.7577353,7.5731287
42.27977,-27.543327,7.761534,7.5773273
43.074425,-28.150274,7.7653327,7.581526
43.869087,-28.757215,7.7691317,7.5857244
44.66375,-29.364155,7.77293,7.589923
45.458412,-29.97109,7.776729,7.5941215
46.253082,-30.578022,7.7805276,7.59832
47.047752,-31.184952,7.7843266,7.6025186
47.842422,-31.791878,7.788125,7.606717
48.637096,-32.3988,7.7919235,7.6109157
49.431774,-33.00572,7.7955265,7.615114
50.226456,-33.612637,7.799125,7.619313
51.021137,-34.21955,7.802724,7.6235113
51.81582,-34.82646,7.806323,7.62771
52.610504,-35.43337,7.8099217,7.6319084
53.405193,-36.040276,7.813716,7.636107
54.199886,-36.647175,7.817515,7.6403055
54.99458,-37.254074,7.8213134,7.644504
55.789272,-37.86097,7.825112,7.6487026
56.58397,-38.467865,7.828911,7.652901
57.37867,-39.074757,7.8327093,7.6569047
58.17337,-39.681644,7.8365083,7.6609035
58.968075,-40.28853,7.8403068,7.6649017
59.76278,-40.895412,7.8441057,7.6689005
60.557487,-41.502293,7.847904,7.6728992
61.352196,-42.10917,7.851703,7.6770926
62.146908,-42.71604,7.8555017,7.681291
62.94162,-43.322914,7.8593,7.6854897
63.736336,-43.929787,7.863099,7.689688
64.53105,-44.53665,7.8668976,7.6938868
65.32577,-45.143517,7.8706965,7.6980853
66.12049,-45.75038,7.874495,7.702284
66.915215,-46.357243,7.878294,7.7064824
67.70994,-46.9641,7.8820925,7.710681
68.50466,-47.570953,7.885891,7.7148795
69.29939,-48.177807,7.88969,7.719078
70.094124,-48.784657,7.8934884,7.7232766
70.888855,-49.391506,7.8972874,7.727475
71.683586,-49.998352,7.901086,7.7316737
72.47832,-50.605198,7.904885,7.7358723
73.273056,-51.21204,7.9086833,7.740071
74.067795,-51.81888,7.912482,7.7442694
74.86253,-52.425716,7.9162807,7.748468
75.65727,-53.032555,7.920079,7.7526665
76.45202,-53.63939,7.923878,7.756865
77.24676,-54.24622,7.927483,7.7610636
78.041504,-54.85305,7.931082,7.765262
78.83625,-55.45988,7.9346805,7.7694607
79.631004,-56.066708,7.9382796,7.773659
80.42575,-56.67353,7.9418783,7.777858
81.220505,-57.280354,7.94567,7.781863
82.01525,-57.887177,7.9494686,7.785862
82.810005,-58.493996,7.9532676,7.7898602
83.60476,-59.100815,7.957066,7.793859
84.39952,-59.70763,7.9608645,7.7978578
85.194275,-60.314445,7.9646635,7.802049
85.98904,-60.921257,7.968462,7.8062477
86.78379,-61.52807,7.972261,7.8104463
87.57855,-62.134876,7.9760594,7.814645
88.373314,-62.741688,7.979858,7.8188434
89.16808,-63.34849,7.983657,7.823042
89.962845,-63.9553,7.9874554,7.8272405
90.75761,-64.5621,7.9912543,7.831439
91.552376,-65.16891,7.995053,7.835637
92.347145,-65.77571,7.9988513,7.8398356
93.141914,-66.38251,8.00265,7.844034
93.93668,-66.9893,8.006449,7.8482327
94.73145,-67.59611,8.010247,7.8524313
95.52622,-68.2029,8.014046,7.85663
96.32099,-68.8097,8.017845,7.8608284
97.11577,-69.41649,8.021644,7.865027
97.91054,-70.023285,8.025442,7.8692255
98.705315,-70.63007,8.029241,7.873424
99.50009,-71.23687,8.033039,7.8776226
100.29487,-71.84366,8.036839,7.881821
101.089645,-72.45045,8.040637,7.8860197
101.88442,-73.057236,8.0444355,7.8902183
102.6792,-73.664024,8.048234,7.894417
103.473976,-74.270805,8.052032,7.8986154
104.26875,-74.877594,8.055832,7.902814
105.06354,-75.484375,8.05963,7.9068213
105.858315,-76.09116,8.063429,7.9108195
106.6531,-76.697945,8.067227,7.9148183
107.44788,-77.304726,8.071026,7.918817
108.24266,-77.91151,8.074824,7.9228153
109.037445,-78.51829,8.078433,7.927005
109.83223,-79.12507,8.082031,7.9312034
110.627014,-79.73185,8.08563,7.935402
111.4218,-80.33863,8.089229,7.9396005
112.21658,-80.94541,8.092828,7.943799
113.01137,-81.552185,8.096617,7.9479976
113.80615,-82.158966,8.100415,7.952196
114.60094,-82.76575,8.104214,7.956394
115.39572,-83.37252,8.108012,7.9605927
116.190506,-83.9793,8.111812,7.9647913
116.9853,-84.586075,8.11561,7.96899
117.78008,-85.19285,8.119409,7.9731884
118.57487,-85.79963,8.123207,7.977387
119.36965,-86.4064,8.127006,7.9815855
120.164444,-87.013176,8.130805,7.985784
120.95923,-87.61996,8.1346035,7.9899826
121.75401,-88.22673,8.138402,7.994181
122.548805,-88.8335,8.1422,7.9983797
123.34359,-89.44028,8.145999,8.002578
124.13838,-90.04706,8.149797,8.006777
124.93317,-90.65383,8.153597,8.010975
125.72795,-91.260605,8.157395,8.015174
126.52274,-91.86738,8.161194,8.019372
127.31753,-92.47416,8.164992,8.023571
128.11232,-93.08093,8.168791,8.027769
128.9071,-93.687706,8.172589,8.031778
129.70189,-94.29449,8.176389,8.035777
130.49667,-94.90126,8.180187,8.039776
131.29146,-95.50804,8.183986,8.043775
132.08624,-96.114815,8.187784,8.047773
132.88103,-96.721596,8.191583,8.05196
133.67581,-97.32837,8.195381,8.056159
134.4706,-97.93515,8.199181,8.060357
135.26538,-98.54192,8.202979,8.064555
136.06017,-99.148705,8.206778,8.068754
136.85495,-99.755486,8.210576,8.072952
137.64973,-100.36227,8.214375,8.077151
138.44452,-100.96905,8.218173,8.081349
139.2393,-101.57583,8.221972,8.085548
140.03409,-102.18261,8.225771,8.089746
140.82887,-102.78939,8.229382,8.0939455
141.62366,-103.39617,8.232981,8.098144
142.41843,-104.00296,8.236579,8.102343
143.21321,-104.60974,8.240178,8.106541
144.008,-105.21653,8.243776,8.110739
144.80276,-105.82331,8.247562,8.114938
145.59755,-106.4301,8.251361,8.119136
146.39233,-107.03689,8.25516,8.123335
147.1871,-107.64368,8.258959,8.127533
147.98189,-108.250465,8.262757,8.131732
148.77666,-108.85726,8.266556,8.13593
149.57143,-109.46405,8.270354,8.140129
150.36621,-110.07085,8.274153,8.144327
151.16098,-110.677635,8.277952,8.148525
151.95575,-111.28443,8.281751,8.152724
152.75052,-111.89123,8.285549,8.156735
153.54529,-112.498024,8.289348,8.160734
154.34006,-113.10483,8.293146,8.164733
155.13483,-113.711624,8.296945,8.168732
155.9296,-114.31843,8.300744,8.17273
156.72437,-114.92523,8.304543,8.176915
157.51913,-115.532036,8.308341,8.181113
158.31389,-116.13884,8.3121395,8.185312
159.10866,-116.74564,8.315938,8.18951
159.90341,-117.352455,8.3197365,8.193709
160.69818,-117.95927,8.323536,8.197907
161.49294,-118.56607,8.327334,8.202106
162.2877,-119.17288,8.331133,8.206305
163.08246,-119.77969,8.334931,8.210504
163.87721,-120.38651,8.33873,8.214702
164.67197,-120.993324,8.342528,8.2189
165.46674,-121.60014,8.346328,8.223099
166.26149,-122.20696,8.350126,8.227297
167.05624,-122.81378,8.353925,8.231496
167.851,-123.4206,8.357723,8.235694
168.64574,-124.02742,8.361522,8.239893
169.44049,-124.63424,8.36532,8.244091
170.23524,-125.241066,8.36912,8.24829
171.03,-125.84789,8.372918,8.252488
171.82475,-126.45471,8.376717,8.256686
172.61949,-127.06154,8.38033,8.260885
173.41425,-127.66837,8.383929,8.265083
174.20898,-128.27519,8.387527,8.269282
175.00374,-128.88203,8.391127,8.27348
175.79848,-129.48886,8.394725,8.277679
176.59322,-130.09569,8.398508,8.2816925
177.38797,-130.70253,8.402307,8.285691
178.18271,-131.30936,8.406106,8.28969
178.97745,-131.9162,8.4099045,8.293689
179.77219,-132.52303,8.413703,8.297688
180.56693,-133.12987,8.417501,8.30187
181.36166,-133.73671,8.4213,8.306068
182.1564,-134.34354,8.425098,8.310267
182.95114,-134.95038,8.428898,8.3144655
183.74588,-135.55722,8.432696,8.318664
184.54062,-136.16406,8.436495,8.322863
185.33536,-136.7709,8.440293,8.327061
186.1301,-137.37775,8.444092,8.33126
186.92482,-137.9846,8.44789,8.335458
187.71956,-138.59145,8.45169,8.339657
188.5143,-139.19829,8.455488,8.343855
189.30902,-139.80515,8.459287,8.348054
190.10376,-140.41199,8.463085,8.352252
190.89848,-141.01883,8.466884,8.35645
191.69322,-141.62569,8.470682,8.360649
192.48795,-142.23253,8.474481,8.364847
193.28267,-142.83939,8.47828,8.369046
194.07741,-143.44624,8.482079,8.373244
194.87213,-144.0531,8.485877,8.377443
195.66685,-144.65994,8.4896755,8.381641
196.46158,-145.2668,8.493474,8.38584
197.25632,-145.87366,8.4972725,8.3900385
198.05104,-146.48051,8.501072,8.394237
198.84576,-147.08737,8.50487,8.398436
199.64049,-147.69423,8.508669,8.402634
200.43521,-148.30109,8.512285,8.40665
201.22993,-148.90794,8.515883,8.410648
202.02466,-149.51482,8.519483,8.414647
202.81938,-150.12167,8.523081,8.418646
203.61409,-150.72853,8.52668,8.422645
204.40881,-151.33539,8.53046,8.426825
205.20354,-151.94226,8.53426,8.431024
205.99826,-152.54912,8.538058,8.435222
206.79298,-153.15599,8.541857,8.439421
207.58769,-153.76285,8.545655,8.443619
208.38242,-154.36972,8.549454,8.447818
209.17712,-154.97658,8.553252,8.452016
209.97185,-155.58345,8.557051,8.456215
210.76657,-156.19032,8.56085,8.460413
211.56128,-156.79718,8.564649,8.464611
212.356,-157.40405,8.568447,8.46881
213.15071,-158.01093,8.572246,8.473008
213.94543,-158.6178,8.576044,8.477207
214.74014,-159.22467,8.579843,8.481405
215.53485,-159.83154,8.583642,8.485604
216.32957,-160.43842,8.5874405,8.489802
217.12428,-161.04527,8.591239,8.494001
217.91899,-161.65216,8.595037,8.498199
218.71371,-162.25903,8.598836,8.502398
219.50842,-162.8659,8.602634,8.506597
220.30313,-163.47278,8.606434,8.510795
221.09784,-164.07965,8.610232,8.514994
221.89255,-164.68652,8.614031,8.519192
222.68727,-165.2934,8.617829,8.523391
223.48198,-165.90028,8.621628,8.527589
224.27669,-166.50716,8.625426,8.531607
225.0714,-167.11403,8.629226,8.535605
225.8661,-167.7209,8.633024,8.539604
226.66081,-168.32779,8.636823,8.543603
227.45552,-168.93466,8.640621,8.547602
228.25023,-169.54153,8.64442,8.55178
229.04494,-170.14842,8.648218,8.555979
229.83965,-170.7553,8.652018,8.560177
230.63435,-171.36218,8.655816,8.564376
231.42906,-171.96906,8.659615,8.568574
232.22377,-172.57594,8.663234,8.572772
233.01848,-173.18282,8.666832,8.576971
233.81319,-173.7897,8.670431,8.581169
234.6079,-174.39659,8.674029,8.585368
235.40259,-175.00346,8.6776285,8.589566
236.1973,-175.61035,8.681406,8.593765
236.992,-176.21722,8.685205,8.597963
237.78671,-176.82411,8.689004,8.602162
238.58142,-177.431,8.692802,8.60636
239.37611,-178.03787,8.696601,8.6105585
240.17082,-178.64476,8.700399,8.614758
240.96553,-179.25165,8.704198,8.618956
241.76024,-179.85854,8.707997,8.623155
242.55493,-180.46541,8.711796,8.627353
243.34964,-181.0723,8.715594,8.631552
244.14435,-181.67918,8.719393,8.6355715
244.93906,-182.28607,8.723191,8.63957
245.73375,-182.89296,8.72699,8.643569
246.52846,-183.49983,8.730789,8.647567
247.32317,-184.10672,8.734588,8.651566
248.11786,-184.71361,8.738386,8.655743
248.91257,-185.3205,8.742185,8.659941
249.70728,-185.92738,8.745983,8.66414
250.50197,-186.53427,8.749782,8.668338
251.29668,-187.14114,8.753581,8.672537
252.09138,-187.74803,8.75738,8.676735
252.88608,-188.35492,8.761178,8.680934
253.68079,-188.9618,8.7649765,8.685132
254.4755,-189.5687,8.768775,8.68933
255.27019,-190.17558,8.772573,8.693529
256.06488,-190.78247,8.776373,8.697727
256.8596,-191.38936,8.780171,8.701926
257.6543,-191.99625,8.78397,8.706124
258.449,-192.60312,8.787768,8.710323
259.2437,-193.21,8.791567,8.714521
260.0384,-193.8169,8.795365,8.71872
260.8331,-194.42378,8.799165,8.7229185
261.6278,-195.03067,8.802963,8.727118
262.42252,-195.63756,8.806762,8.731316
263.21722,-196.24445,8.81056,8.735514
264.01193,-196.85133,8.814182,8.739713
264.8066,-197.45822,8.8177805,8.743911
265.60132,-198.0651,8.82138,8.74811
266.39603,-198.67198,8.824979,8.752308
267.19073,-199.27887,8.828577,8.756507
267.98544,-199.88576,8.832353,8.760529
268.78015,-200.49265,8.836151,8.764527
269.57483,-201.09953,8.83995,8.768526
270.36954,-201.70642,8.843748,8.772525
271.16425,-202.3133,8.847547,8.776523
271.95895,-202.92018,8.851346,8.780698
272.75366,-203.52707,8.8551445,8.784896
273.54837,-204.13396,8.858943,8.789095
274.34305,-204.74084,8.862741,8.793293
275.13776,-205.34772,8.86654,8.797492
275.93246,-205.9546,8.870338,8.80169
276.72717,-206.5615,8.874138,8.805889
277.52188,-207.16838,8.877936,8.810087
278.3166,-207.77525,8.881735,8.814286
279.1113,-208.38214,8.885533,8.818484
279.906,-208.98903,8.889332,8.822682
280.7007,-209.5959,8.89313,8.826881
281.4954,-210.20279,8.89693,8.8310795
282.2901,-210.80966,8.900728,8.8352785
283.0848,-211.41655,8.904527,8.839477
283.87952,-212.02344,8.908325,8.843676
284.67422,-212.63031,8.912124,8.847874
285.46893,-213.2372,8.915923,8.852073
286.26364,-213.84407,8.919722,8.856271
287.05835,-214.45096,8.92352,8.86047
287.85306,-215.05783,8.927319,8.864668
288.64777,-215.66472,8.931117,8.868867
289.44247,-216.27159,8.934916,8.873065
290.23718,-216.87846,8.938715,8.877264
291.0319,-217.48535,8.942513,8.881462
291.8266,-218.09222,8.946312,8.885487
292.6213,-218.6991,8.95011,8.889485
293.41602,-219.30598,8.953909,8.893483
294.21072,-219.91286,8.957708,8.897482
295.00543,-220.51973,8.961507,8.901481
295.80014,-221.1266,8.965132,8.905653
296.59488,-221.73349,8.96873,8.909852
297.3896,-222.34036,8.972329,8.91405
298.1843,-222.94724,8.975927,8.918249
298.979,-223.55411,8.9795265,8.922447
299.7737,-224.16098,8.983298,8.926646
300.56842,-224.76785,8.987098,8.930844
301.36313,-225.37473,8.990896,8.935043
302.15787,-225.9816,8.994695,8.939241
302.95258,-226.58847,8.998493,8.9434395
303.74728,-227.19533,9.002292,8.9476385
304.542,-227.8022,9.00609,8.951837
305.3367,-228.40907,9.00989,8.956036
306.13144,-229.01595,9.013688,8.960234
306.92615,-229.6228,9.017487,8.964433
307.72086,-230.22968,9.021285,8.968631
308.5156,-230.83655,9.025084,8.97283
309.3103,-231.4434,9.028883,8.977028
310.105,-232.05028,9.032681,8.981227
310.89975,-232.65714,9.03648,8.985425
311.69446,-233.264,9.040278,8.989624
312.48917,-233.87086,9.044077,8.993822
313.2839,-234.47772,9.047876,8.998021
314.0786,-235.0846,9.051675,9.002219
314.87335,-235.69145,9.055473,9.006418
315.66806,-236.29831,9.059272,9.010445
316.4628,-236.90517,9.06307,9.014442
317.2575,-237.51204,9.06687,9.018441
318.05225,-238.1189,9.070668,9.02244
318.84695,-238.72575,9.074467,9.026439
319.6417,-239.33261,9.078265,9.030609
320.4364,-239.93947,9.082064,9.034807
321.23114,-240.54631,9.085863,9.039006
322.02585,-241.15317,9.089662,9.043204
322.8206,-241.76003,9.09346,9.047403
323.61533,-242.36688,9.097087,9.051601
324.41003,-242.97372,9.100686,9.0558
325.20477,-243.58058,9.104284,9.0599985
325.9995,-244.18742,9.107883,9.064198
326.79425,-244.79428,9.111483,9.068396
327.58896,-245.40112,9.1152525,9.072595
328.3837,-246.00798,9.119051,9.076793
329.17844,-246.61482,9.122849,9.080992
329.97318,-247.22166,9.126648,9.08519
330.76788,-247.82852,9.130446,9.089389
331.56262,-248.43536,9.134246,9.093587
332.35736,-249.0422,9.138044,9.097786
333.1521,-249.64905,9.141843,9.101984
333.94684,-250.25589,9.145641,9.106183
334.74158,-250.86273,9.14944,9.110381
335.53632,-251.46956,9.153239,9.11458
336.33105,-252.0764,9.157038,9.118778
337.1258,-252.68324,9.160836,9.122977
337.92053,-253.29008,9.164635,9.127175
338.71527,-253.89691,9.168433,9.131374
339.51,-254.50375,9.172233,9.135403
340.30475,-255.11058,9.176031,9.139401
341.09952,-255.7174,9.17983,9.143399
341.89426,-256.32425,9.183628,9.147398
342.689,-256.9311,9.1874275,9.151397
343.48373,-257.5379,9.191226,9.155565
344.2785,-258.14474,9.1950245,9.159764
345.07324,-258.75156,9.198823,9.163962
345.86798,-259.3584,9.202621,9.168161
346.66275,-259.9652,9.206421,9.172359
347.4575,-260.57202,9.210219,9.1765585
348.25223,-261.17886,9.214018,9.180757
349.047,-261.78568,9.217816,9.184956
349.84174,-262.3925,9.221615,9.189154
350.6365,-262.99933,9.225414,9.193353
351.43124,-263.60614,9.229213,9.197551
352.226,-264.21295,9.233011,9.20175
353.02075,-264.81976,9.23681,9.205948
353.81552,-265.42657,9.240609,9.210147
354.6103,-266.0334,9.244408,9.214345
355.40503,-266.6402,9.248037,9.218544
356.1998,-267.247,9.2516365,9.222742
356.99457,-267.85382,9.255235,9.226941
357.78934,-268.46063,9.258834,9.231139
358.58408,-269.06744,9.262432,9.235338
359.37885,-269.67426,9.2662,9.239536
360.1736,-270.28107,9.269999,9.243735
360.96838,-270.88785,9.273797,9.247933
361.76315,-271.49466,9.2775955,9.252132
362.55792,-272.10147,9.281394,9.2563305
363.3527,-272.70825,9.285193,9.260361
364.14746,-273.31506,9.288992,9.264359
364.94223,-273.92184,9.29279,9.268358
365.737,-274.52866,9.296589,9.272357
366.53177,-275.13544,9.300388,9.276356
367.32654,-275.74225,9.304187,9.280522
368.1213,-276.34903,9.307985,9.28472
368.9161,-276.9558,9.311784,9.288919
369.71088,-277.5626,9.315582,9.293118
370.50565,-278.1694,9.319382,9.297317
371.30045,-278.77618,9.32318,9.301515
372.0952,-279.38297,9.326979,9.305714
372.88998,-279.98975,9.330777,9.309912
373.68478,-280.59653,9.334577,9.314111
374.47955,-281.2033,9.338375,9.318309
375.27435,-281.8101,9.342174,9.322508
376.06912,-282.41687,9.345972,9.326706
376.86392,-283.02362,9.3497715,9.330905
377.65872,-283.6304,9.35357,9.335103
378.4535,-284.23718,9.357368,9.339302
379.2483,-284.84396,9.361167,9.3435
380.0431,-285.4507,9.364966,9.347699
380.83786,-286.0575,9.368765,9.351898
381.63266,-286.66425,9.372563,9.356096
382.42746,-287.27103,9.376362,9.360295
383.22226,-287.87778,9.38016,9.364493
384.01706,-288.48456,9.38396,9.368692
384.81186,-289.0913,9.387758,9.37289
385.60666,-289.69806,9.391557,9.3770895
386.40146,-290.3048,9.395355,9.381288
387.19626,-290.91156,9.398989,9.385321
387.99106,-291.51834,9.402587,9.389319
388.78586,-292.1251,9.406186,9.393317
389.5807,-292.73184,9.409784,9.397316
390.3755,-293.33856,9.4133835,9.401315
391.1703,-293.9453,9.417148,9.405479
391.96512,-294.55206,9.420947,9.4096775
392.75992,-295.1588,9.424746,9.413877
393.55472,-295.76556,9.428544,9.418076
394.34955,-296.37228,9.432343,9.422274
395.14435,-296.97903,9.436142,9.426473
395.93918,-297.58575,9.43994,9.430671
396.734,-298.1925,9.443739,9.43487
397.5288,-298.79922,9.447537,9.439068
398.32364,-299.40598,9.451337,9.443267
399.11847,-300.0127,9.455135,9.447465
399.91327,-300.61942,9.458934,9.451664
400.7081,-301.22614,9.462732,9.455862
401.50293,-301.8329,9.466532,9.460061
402.29776,-302.4396,9.47033,9.464259
403.0926,-303.04633,9.474129,9.468458
403.88742,-303.65305,9.477927,9.472657
404.68225,-304.25977,9.481727,9.476855
405.47708,-304.86646,9.485525,9.481054
406.2719,-305.47318,9.489324,9.485252
407.06677,-306.0799,9.493122,9.489451
407.8616,-306.68658,9.496922,9.4936495
408.65643,-307.2933,9.50072,9.4978485
409.45126,-307.90002,9.5045185,9.502047
410.24612,-308.5067,9.508317,9.506246
411.04095,-309.1134,9.512116,9.510281
411.83582,-309.72012,9.515915,9.514278
412.63065,-310.3268,9.519713,9.518277
413.4255,-310.9335,9.523513,9.522276
414.22034,-311.5402,9.527311,9.526275
415.0152,-312.14688,9.53111,9.530437
415.81006,-312.75357,9.534908,9.534636
416.60492,-313.36026,9.538708,9.538835
417.39975,-313.96695,9.542506,9.543033
418.1946,-314.57364,9.546305,9.547232
418.98947,-315.18033,9.54994,9.551431
419.78433,-315.78702,9.553539,9.555629
420.5792,-316.39368,9.5571375,9.559828
421.37405,-317.00037,9.560737,9.564026
422.16895,-317.60703,9.564336,9.568225
422.9638,-318.2137,9.568097,9.572423
423.75867,-318.82037,9.571897,9.576622
424.55353,-319.42703,9.575695,9.580821
425.34842,-320.0337,9.5794935,9.585019
426.14328,-320.64038,9.583292,9.589218
426.93814,-321.24704,9.587091,9.593416
427.73303,-321.85367,9.59089,9.597615
428.52792,-322.46033,9.594688,9.601813
429.32278,-323.067,9.598487,9.606012
430.11768,-323.67365,9.602286,9.610211
430.91254,-324.2803,9.606085,9.614247
431.7074,-324.887,9.609883,9.618246
432.50226,-325.49368,9.613683,9.622245
433.29712,-326.10037,9.617481,9.626244
434.09192,-326.7071,9.62128,9.630242
434.88672,-327.31387,9.625078,9.634402
435.68152,-327.92065,9.628877,9.638601
436.47626,-328.5275,9.632676,9.642799
437.27097,-329.13437,9.636475,9.646998
438.06564,-329.7413,9.640273,9.6511965
438.86026,-330.34827,9.644072,9.655395
439.65485,-330.95532,9.64787,9.659593
440.44937,-331.5624,9.651669,9.663792
441.24387,-332.1696,9.655467,9.66799
442.0383,-332.77682,9.6592655,9.672188
442.83267,-333.38416,9.663064,9.676386
443.62695,-333.99158,9.666862,9.680584
444.4212,-334.59906,9.67066,9.684782
445.21536,-335.20667,9.6744585,9.68898
446.00943,-335.81436,9.678256,9.693178
446.80344,-336.42215,9.681893,9.697376
447.59738,-337.03006,9.685492,9.701573
448.3912,-337.6381,9.68909,9.705771
449.18497,-338.24622,9.692688,9.7099695
449.9786,-338.85446,9.696286,9.714167
450.7722,-339.46283,9.718946,9.731339
451.56564,-340.07132,9.746328,9.751726
452.359,-340.67996,9.77371,9.772113
453.15225,-341.2888,9.801093,9.7925
453.94534,-341.89777,9.828475,9.812886
454.7383,-342.5069,9.888237,9.856242
455.53113,-343.11624,9.956183,9.905403
456.32388,-343.7257,10.024131,9.954565
457.11652,-344.33527,10.092077,10.003727
457.9091,-344.94492,10.160025,10.052888
458.70163,-345.55463,10.227963,10.101886
459.49405,-346.1645,10.2959,10.15084
460.28625,-346.77463,10.363837,10.199795
461.07816,-347.3852,10.431774,10.248749
461.86963,-347.99628,10.499712,10.297704
462.66064,-348.60797,10.567803,10.346657
463.4515,-349.21985,10.635937,10.395609
464.24274,-349.83124,10.70407,10.44456
465.03485,-350.44153,10.7722025,10.493512
465.8283,-351.05005,10.840334,10.542462
466.62366,-351.65607,10.908406,10.591641
467.42184,-352.25836,10.976463,10.6408825
468.22394,-352.8554,11.044521,10.6901245
469.03107,-353.4457,11.112578,10.739366
469.8442,-354.02765,11.180631,10.788604
470.6643,-354.59973,11.251058,10.849515
471.49203,-355.1607,11.322117,10.913548
472.32794,-355.70944,11.393179,10.977585
473.1725,-356.24478,11.464249,11.041628
474.0261,-356.76556,11.53533,11.105681
474.88895,-357.2708,11.610705,11.192338
475.76016,-357.76157,11.6870985,11.284371
476.63834,-358.23975,11.763482,11.376391
477.5222,-358.70737,11.839856,11.468401
478.4105,-359.16647,11.916229,11.56041
479.30215,-359.61902,11.992224,11.652324
480.19626,-360.0667,12.068144,11.744226
481.09204,-360.51108,12.144069,11.836136
481.98868,-360.95367,12.219996,11.928048
482.88547,-361.396,12.295923,12.01996
483.78165,-361.83948,12.371779,12.111624
484.6772,-362.28436,12.4476185,12.203229
485.57214,-362.73035,12.523456,12.294832
486.46667,-363.17722,12.599293,12.386435
487.3609,-363.6247,12.675129,12.478037
488.2549,-364.07254,12.750963,12.5697975
489.14883,-364.52063,12.8267975,12.661597
490.0427,-364.9688,12.902633,12.753398
490.93655,-365.41702,12.978468,12.845198
491.83047,-365.8651,13.054303,12.936998
492.7245,-366.31296,13.114978,12.995751
493.6187,-366.76044,13.171696,13.045878
494.51315,-367.20746,13.228413,13.096005
495.40793,-367.65387,13.2851305,13.146132
496.30304,-368.09952,13.341848,13.19626
497.1986,-368.54428,13.389359,13.2266445
498.09473,-368.98798,13.4343605,13.251644
498.99146,-369.4304,13.479362,13.276645
499.88892,-369.87134,13.524362,13.301645
500.7872,-370.31055,13.569363,13.326646
501.68646,-370.74783,13.614598,13.351689
502.587,-371.18243,13.659898,13.376744
503.48926,-371.6135,13.705197,13.401799
504.39362,-372.0401,13.750498,13.426855
505.30048,-372.46136,13.795798,13.45191
506.2102,-372.8764,13.841182,13.476851
507.12314,-373.2843,13.886585,13.501763
508.0396,-373.68427,13.93199,13.526676
508.95987,-374.07538,13.977394,13.551588
509.8842,-374.45682,14.022797,13.576499
510.81277,-374.8277,14.00351,13.567502
511.7459,-375.187,13.969959,13.551028
512.6838,-375.5338,13.936408,13.534554
513.6265,-375.8671,13.902856,13.518079
514.5743,-376.18582,13.869305,13.501605
515.52716,-376.489,13.819787,13.476474
516.485,-376.77603,13.767274,13.4497175
517.4477,-377.0463,13.714762,13.422962
518.41504,-377.29932,13.662248,13.396206
519.3869,-377.53445,13.609734,13.36945
520.3631,-377.751,13.539966,13.298701
521.34375,-377.94653,13.466752,13.219173
522.3288,-378.118,13.393543,13.139649
523.31824,-378.2624,13.320361,13.060156
524.3116,-378.37662,13.247247,12.980735
525.30817,-378.45746,13.102179,12.82242
526.3072,-378.4996,12.934909,12.639762
527.307,-378.49652,12.767523,12.456977
528.3053,-378.4415,12.59996,12.273999
529.2986,-378.32782,12.432337,12.090956
530.28235,-378.14963,12.242373,11.889031
531.2518,-377.90536,12.045772,11.6815405
532.2022,-377.59518,11.849337,11.474226
533.1286,-377.21936,11.652997,11.267013
534.0257,-376.7781,11.44302,11.032005
534.88776,-376.2719,11.19309,10.782076
535.70886,-375.7016,10.943166,10.532151
536.4823,-375.06824,10.693247,10.282232
537.2008,-374.3733,10.443336,10.03232
537.8567,-373.61893,10.193431,9.782415
538.44226,-372.80875,9.943526,9.532511
538.9516,-371.94864,9.693624,9.282608
539.3792,-371.04514,9.443726,9.032711
539.7185,-370.10492,9.193837,8.782822
539.96173,-369.13547,8.943958,8.532944
540.104,-368.1461,8.899837,8.47302
540.15497,-367.14777,8.855793,8.413203
540.12915,-366.14835,8.811927,8.353626
540.0411,-365.1524,8.768188,8.294224
539.90436,-364.1619,8.722557,8.238765
539.73016,-363.17734,8.660697,8.217307
539.52515,-362.19867,8.598642,8.195783
539.29535,-361.22552,8.536487,8.174222
539.04694,-360.25696,8.474293,8.152649
538.7861,-359.29166,8.4121065,8.131078
538.51807,-358.3283,8.307622,8.120408
538.24445,-357.36655,8.20096,8.110315
537.9657,-356.40628,8.094331,8.100226
537.68225,-355.44736,7.9877186,8.090138
537.39453,-354.48972,7.8811064,8.08005
537.103,-353.5332,7.8452177,8.028711
536.8081,-352.57776,7.81755,7.972569
536.5102,-351.62323,7.7898803,7.9164214
536.2097,-350.66953,7.7622094,7.8602715
535.90704,-349.7165,7.7345386,7.8041215
535.6026,-348.76404,7.7069097,7.7482486
535.29645,-347.81213,7.6792846,7.692393
534.9887,-346.86072,7.65166,7.636539
534.67944,-345.90982,7.624036,7.580685
534.3688,-344.95938,7.596411,7.5248313
534.05676,-344.00937,7.568923,7.4690557
533.74347,-343.05978,7.5414367,7.4132805
533.4289,-342.11063,7.5139503,7.357505
533.11316,-341.16187,7.486464,7.3017297
532.79626,-340.21347,7.4589868,7.245993
532.4783,-339.26544,7.443189,7.2377944
532.15924,-338.31775,7.427391,7.229595
531.8393,-337.37042,7.4115934,7.2213964
531.5184,-336.42337,7.3957953,7.2131977
531.19653,-335.47665,7.3799977,7.204999
530.87396,-334.53018,7.3644233,7.1982102
530.55054,-333.58398,7.3488493,7.1914215
530.2265,-332.63803,7.3332753,7.184633
529.90173,-331.69232,7.317701,7.177844
529.57635,-330.7468,7.302127,7.1710553
529.2504,-329.80145,7.2867513,7.1640687
528.924,-328.85632,7.2713776,7.1570807
528.597,-327.91138,7.2560034,7.1500926
528.2695,-326.9666,7.2406297,7.1431046
527.94147,-326.022,7.225256,7.136116
527.6129,-325.07758,7.209878,7.1293225
527.28394,-324.13333,7.1945,7.1225324
526.9544,-323.18924,7.179122,7.115742
526.6245,-322.2453,7.163744,7.108952
526.29407,-321.30154,7.148366,7.1021614
525.96326,-320.35794,7.1368847,7.0932245
525.63196,-319.41446,7.1254983,7.084235
525.3003,-318.47116,7.114112,7.0752463
524.96814,-317.52798,7.1027255,7.066257
524.6357,-316.58496,7.091339,7.0572677
524.30273,-315.64206,7.0809193,7.0480824
523.9695,-314.6993,7.0705295,7.038892
523.63586,-313.75668,7.0601397,7.0297008
523.3019,-312.81418,7.04975,7.0205097
522.9675,-311.8718,7.03936,7.0113187
522.6329,-310.92953,7.0289683,7.001933
522.29785,-309.98737,7.0185766,6.9925404
521.9626,-309.04535,7.008185,6.983148
521.62695,-308.1034,6.997793,6.9737554
521.2911,-307.1616,6.9874015,6.9643626
520.9549,-306.21985,6.977008,6.9551606
520.61847,-305.27823,6.9666142,6.9459667
520.2818,-304.33667,6.9562206,6.9367723
519.9449,-303.3952,6.945827,6.927578
519.60767,-302.45386,6.935434,6.9183836
519.27026,-301.51254,6.925039,6.9089966
518.9327,-300.57135,6.9146433,6.899601
518.5949,-299.6302,6.904248,6.8902054
518.2569,-298.68912,6.893853,6.88081
517.9187,-297.7481,6.883458,6.871414
517.5804,-296.80716,6.8730617,6.8622084
517.2419,-295.86627,6.862665,6.8530116
516.9032,-294.9254,6.852269,6.843815
516.56445,-293.98462,6.8418727,6.834618
516.2255,-293.04388,6.831476,6.8254213
515.88654,-292.10318,6.8210783,6.816223
515.54736,-291.1625,6.810681,6.8070254
515.2082,-290.22186,6.8002834,6.7978277
514.8689,-289.28125,6.7898855,6.7886295
514.52954,-288.34067,6.779488,6.779432
514.1901,-287.40012,6.7690897,6.7700424
513.85065,-286.45956,6.758691,6.760644
513.5111,-285.51904,6.7482924,6.751245
513.1716,-284.57852,6.7378936,6.741846
512.83203,-283.638,6.727495,6.7324476
512.4925,-282.69748,6.717096,6.7232385
512.15295,-281.75696,6.7066965,6.7140393
511.81345,-280.81644,6.696297,6.7048397
511.47394,-279.87592,6.685898,6.69564
511.1345,-278.93536,6.6754985,6.686441
510.7951,-277.99478,6.665098,6.6770506
510.45575,-277.0542,6.6546984,6.66765
510.1165,-276.1136,6.6442986,6.6582503
509.7773,-275.17294,6.6338983,6.6488504
509.43823,-274.23224,6.6234984,6.6394506
509.09924,-273.29153,6.613098,6.6302404
508.76038,-272.35077,6.6026974,6.6210403
508.42166,-271.40994,6.592297,6.61184
508.08304,-270.4691,6.581897,6.602639
507.7446,-269.52817,6.5714965,6.593439
507.40634,-268.58722,6.5610957,6.5842385
507.0682,-267.64618,6.550695,6.575038
506.7303,-266.70508,6.540294,6.5658374
506.39255,-265.76392,6.529894,6.556637
506.05502,-264.82266,6.519493,6.547436
505.7177,-263.88135,6.5090923,6.538045
505.38065,-262.93994,6.4986916,6.5286446
505.0438,-261.99844,6.488291,6.5192437
504.7072,-261.0569,6.47789,6.509843
504.37088,-260.1152,6.4674897,6.5004425
504.03482,-259.17343,6.457089,6.4912324
503.69904,-258.23157,6.4466887,6.4820323
503.36356,-257.28958,6.436288,6.4728317
503.02838,-256.3475,6.4258876,6.463631
502.69348,-255.40532,6.415487,6.4544306
502.35895,-254.46301,6.4050865,6.4450397
502.02472,-253.5206,6.3946867,6.43564
501.69086,-252.57805,6.3842864,6.4262395
501.35736,-251.63536,6.373886,6.4168396
501.0243,-250.69254,6.3634863,6.407439
500.6916,-249.74957,6.3530865,6.3982306
500.35925,-248.80649,6.342687,6.389031
500.02722,-247.8633,6.332288,6.3798313
499.69537,-246.92003,6.3218884,6.370632
499.3637,-245.97672,6.311489,6.3614326
499.0321,-245.03337,6.3010917,6.352044
498.70047,-244.09003,6.290694,6.3426466
498.36874,-243.14673,6.280297,6.333249
498.03683,-242.20349,6.2699,6.3238516
497.7046,-241.26036,6.2595024,6.314454
497.37198,-240.31738,6.249109,6.30525
497.03888,-239.37456,6.238715,6.296056
496.70523,-238.43193,6.2283216,6.2868614
496.371,-237.48952,6.2179284,6.2776675
496.03604,-236.54735,6.207535,6.268473
495.70032,-235.60545,6.1973367,6.259284
495.3637,-234.6639,6.1871486,6.250095
495.0261,-233.72269,6.176961,6.240906
494.68732,-232.78189,6.166773,6.2317166
494.34723,-231.84157,6.156585,6.2225275
494.00577,-230.90173,6.1462164,6.2122164
493.663,-229.96239,6.1358366,6.2018366
493.31903,-229.02348,6.125457,6.191457
492.97394,-228.08499,6.1150775,6.1810775
492.62787,-227.14687,6.1046977,6.1706977
492.28094,-226.20903,6.095625,6.1541805
491.93362,-225.27136,6.0866466,6.1372213
491.58643,-224.33363,6.077668,6.1202617
491.23987,-223.39569,6.0686893,6.1033025
490.8944,-222.45732,6.059711,6.0863433
490.55063,-221.51836,6.0505433,6.0695577
490.20892,-220.57861,6.0413594,6.0527873
489.86978,-219.63795,6.0321755,6.0360165
489.5336,-218.69623,6.0229917,6.019246
489.2009,-217.75328,6.013808,6.0024753
488.87207,-216.80896,6.004612,5.985683
488.54758,-215.86313,5.9954147,5.968888
488.22797,-214.91566,5.9862175,5.952093
487.91367,-213.96642,5.9770203,5.935298
487.60516,-213.01526,5.9678235,5.9185038
487.30298,-212.06209,5.9473104,5.91937
487.00754,-211.1068,5.9256854,5.921973
486.7194,-210.14929,5.90406,5.9245763
486.43903,-209.18947,5.8824344,5.9271793
486.16693,-208.22726,5.8608084,5.9297824
485.9036,-207.26265,5.8358636,5.9395485
485.64917,-206.29562,5.8106155,5.9499683
485.40387,-205.32625,5.785368,5.9603877
485.1678,-204.3546,5.7601204,5.9708076
484.9411,-203.3807,5.7348733,5.981227
484.7239,-202.40465,5.729659,6.001488
484.51642,-201.42648,5.7260504,6.022538
484.31873,-200.44629,5.722442,6.043588
484.131,-199.46414,5.7188334,6.064638
483.95337,-198.48012,5.7152247,6.085688
483.786,-197.4943,5.730793,6.0892563
483.629,-196.50677,5.747636,6.0916624
483.4825,-195.51764,5.7644787,6.0940685
483.34668,-194.52698,5.7813215,6.0964746
483.22162,-193.5349,5.7981644,6.098881
483.10748,-192.5415,5.82928,6.0845265
483.00443,-191.5469,5.8611403,6.069298
482.91263,-190.55121,5.8930006,6.054069
482.83224,-189.55452,5.9248614,6.03884
482.76346,-188.55696,5.9567223,6.0236106
482.7064,-187.55865,5.948785,5.9942026
482.661,-186.55977,5.9391847,5.964202
482.62726,-185.56041,5.9295845,5.9342017
482.60507,-184.56073,5.9199843,5.904202
482.59433,-183.56087,5.9103847,5.8742013
482.59497,-182.56093,5.9075103,5.87051
482.60678,-181.56108,5.9049163,5.8679166
482.62952,-180.5614,5.902323,5.8653226
482.66296,-179.56204,5.8997293,5.862729
482.70685,-178.56308,5.8971353,5.8601356
482.76102,-177.56462,5.8973775,5.8683066
482.82523,-176.56676,5.897776,5.877071
482.8993,-175.56958,5.8981743,5.885835
482.98306,-174.57317,5.898573,5.8945994
483.07635,-173.57759,5.898971,5.903364
483.179,-172.58295,5.903618,5.909726
483.29077,-171.58928,5.908597,5.9159007
483.4115,-170.59668,5.9135766,5.922075
483.54105,-169.60516,5.9185557,5.928249
483.67914,-168.61482,5.923535,5.934423
483.82565,-167.62569,5.921829,5.9425983
483.98047,-166.63782,5.9194345,5.9509797
484.14352,-165.65128,5.91704,5.9593606
484.31473,-164.6661,5.914645,5.967742
484.494,-163.68237,5.9122505,5.9761233
484.68124,-162.70015,5.900715,5.987389
484.8765,-161.71945,5.888112,5.998992
485.07965,-160.74039,5.875509,6.0105953
485.29074,-159.76299,5.8629055,6.022198
485.5097,-158.78734,5.850302,6.033801
485.73657,-157.81348,5.848461,6.033203
485.97128,-156.84148,5.84786,6.0311995
486.21375,-155.8714,5.8472586,6.029196
486.464,-154.90329,5.8466578,6.027192
486.72195,-153.93721,5.8460565,6.025188
486.98758,-152.9732,5.849089,6.0188217
487.26083,-152.01134,5.8524985,6.012003
487.5417,-151.05167,5.855908,6.0051847
487.83008,-150.09422,5.8593173,5.998366
488.126,-149.13908,5.862726,5.991547
488.42938,-148.18628,5.856728,5.998748
488.74017,-147.23589,5.849909,6.0071716
489.05835,-146.28792,5.8430896,6.0155954
489.38382,-145.34245,5.83627,6.0240192
489.7166,-144.39952,5.8294506,6.032443
490.05664,-143.45918,5.8291874,6.0359955
490.40384,-142.52147,5.8293877,6.0392027
490.7582,-141.58644,5.829588,6.04241
491.11966,-140.65413,5.8297887,6.0456176
491.48816,-139.72458,5.829989,6.048825
491.86368,-138.79784,5.8510118,6.036696
492.24612,-137.87393,5.8732376,6.0236807
492.6355,-136.95293,5.895464,6.0106654
493.0317,-136.03485,5.9176903,5.99765
493.43472,-135.11974,5.939916,5.984635
493.84448,-134.20761,5.9404297,5.9813375
494.26096,-133.29854,5.93983,5.978539
494.68408,-132.39255,5.93923,5.97574
495.11383,-131.48967,5.93863,5.9729414
495.55014,-130.58997,5.9380307,5.970143
495.99298,-129.69344,5.9171724,5.976627
496.4423,-128.80014,5.895227,5.9836097
496.89798,-127.91008,5.8732815,5.9905925
497.35995,-127.02328,5.851336,5.997575
497.8282,-126.13974,5.8293905,6.0045576
498.30258,-125.259514,5.83751,5.9833694
498.78333,-124.38272,5.8476634,5.960275
499.27057,-123.50954,5.857817,5.937181
499.7645,-122.64013,5.8679705,5.9140863
500.26535,-121.77467,5.878124,5.890992
500.77325,-120.91335,5.8895516,5.8735366
501.2885,-120.0564,5.901099,5.8566136
501.81134,-119.20405,5.912647,5.83969
502.34204,-118.35655,5.9241943,5.822767
502.8808,-117.51418,5.935742,5.805844
503.4279,-116.6772,5.9245515,5.848992
503.98355,-115.84588,5.9105816,5.899484
504.54797,-115.02048,5.896611,5.9499764
505.12137,-114.20129,5.8826413,6.0004683
505.70392,-113.38859,5.8686714,6.0509596
506.29587,-112.5827,5.8752866,6.066697
506.89743,-111.78398,5.8846993,6.077712
507.5089,-110.992805,5.894112,6.088727
508.13052,-110.20958,5.903525,6.099742
508.76254,-109.43473,5.912938,6.1107574
509.40515,-108.66863,5.948041,6.079207
510.05835,-107.91154,5.98641,6.0422435
510.72202,-107.16361,6.02478,6.00528
511.3961,-106.42505,6.0631495,5.9683166
512.08044,-105.69603,6.1015205,5.931352
512.775,-104.97667,6.0699077,5.9574265
513.47925,-104.2668,6.0313153,5.9897876
514.19257,-103.56611,5.9927244,6.022148
514.91455,-102.874275,5.9541335,6.0545077
515.6446,-102.19097,5.9155426,6.086868
516.3822,-101.51587,5.8564105,6.137345
517.12695,-100.848656,5.7958283,6.1891003
517.8785,-100.18905,5.735245,6.2408566
518.63635,-99.53676,5.6746626,6.2926126
519.4002,-98.89146,5.6140795,6.3443694
520.1696,-98.25284,5.658293,6.299137
520.9443,-97.62055,5.708119,6.248711
521.72375,-96.99426,5.7579446,6.1982846
522.50775,-96.3736,5.8077703,6.147859
523.2959,-95.7582,5.8575964,6.0974326
524.0878,-95.14771,5.894232,6.063431
524.88324,-94.541756,5.930199,6.030261
525.6818,-93.93997,5.9661665,5.997091
526.4832,-93.341995,6.0021334,5.9639215
527.28723,-92.74745,6.0381007,5.930752
528.09344,-92.15601,6.032428,5.9513383
528.9019,-91.56754,6.024433,5.974922
529.71246,-90.98198,6.0164385,5.998506
530.525,-90.39925,6.0084443,6.02209
531.3396,-89.81929,6.0004497,6.045674
532.15607,-89.242035,5.998679,6.060963
532.97437,-88.66741,5.9972796,6.0757585
533.7945,-88.095345,5.99588,6.0905538
534.6164,-87.52577,5.9944806,6.1053486
535.4399,-86.95862,5.993081,6.120144
536.265,-86.393814,6.010143,6.110074
537.09174,-85.83128,6.028339,6.0984764
537.9199,-85.27095,6.0465345,6.0868793
538.7496,-84.71275,6.0647306,6.0752816
539.58057,-84.15661,6.0829263,6.0636845
540.4129,-83.60245,6.1013093,6.0520873
541.24646,-83.05019,6.1197042,6.0404906
542.0813,-82.49976,6.138099,6.028894
542.91724,-81.951096,6.156494,6.0172973
543.7543,-81.404106,6.174889,6.0057006
544.5924,-80.85873,6.168862,6.0117626
545.4315,-80.314865,6.161265,6.0189595
546.27155,-79.77246,6.153668,6.026157
547.1124,-79.23143,6.146071,6.033354
547.9542,-78.691696,6.138474,6.040551
548.79675,-78.15319,6.129191,6.048872
549.64,-77.61582,6.119796,6.0572677
550.48395,-77.07951,6.1104007,6.0656633
551.3285,-76.5442,6.1010056,6.074059
552.17365,-76.00979,6.0916104,6.0824547
553.01935,-75.47621,6.082216,6.0908494
553.8655,-74.94338,6.0728216,6.0992446
554.71204,-74.41123,6.063427,6.10764
555.559,-73.879684,6.054033,6.1160345
556.40625,-73.348656,6.044638,6.1244297
557.2538,-72.81806,6.0352435,6.132825
558.10156,-72.287834,6.0258493,6.14122
558.9495,-71.75789,6.0164547,6.149615
559.7976,-71.22813,6.00706,6.15801
560.64575,-70.69849,5.9976654,6.166405
561.4939,-70.16888,5.994028,6.169043
562.34204,-69.63923,5.9908295,6.171242
563.1901,-69.10948,5.9876313,6.173441
564.0381,-68.579575,5.9844327,6.17564
564.8859,-68.049446,5.981234,6.177839
565.7336,-67.519035,5.981556,6.176703
566.58105,-66.98836,5.982156,6.1753035
567.4284,-66.45743,5.9827557,6.173904
568.27563,-65.92628,5.9833555,6.1725044
569.1227,-65.39493,5.9839554,6.1711044
569.96967,-64.863396,5.9845552,6.169705
570.8165,-64.3317,5.985155,6.168305
571.66327,-63.799866,5.985755,6.1669054
572.50995,-63.267887,5.986355,6.1655054
573.35657,-62.735786,5.9869547,6.164106
574.20306,-62.203575,5.9875546,6.162706
575.04956,-61.67127,5.9881544,6.161306
575.896,-61.138885,5.9887547,6.159906
576.7424,-60.60644,5.9893546,6.1585064
577.5887,-60.073948,5.9899545,6.1571064
578.43506,-59.541424,5.9907393,6.1557064
579.2814,-59.00889,5.9915395,6.1543064
580.1277,-58.47635,5.992339,6.1529064
580.974,-57.943825,5.9931393,6.1515064
581.8204,-57.41133,5.9939394,6.1501064
582.66675,-56.878887,5.9945545,6.1487064
583.5132,-56.3465,5.9951544,6.1473064
584.3596,-55.81419,5.9957542,6.1459064
585.2062,-55.28197,5.9963546,6.1445065
586.0528,-54.749863,5.9969544,6.1431065
586.8994,-54.217873,5.9975543,6.1417065
587.7462,-53.686024,5.9981546,6.1403065
588.5931,-53.154327,5.9987545,6.1389065
589.44,-52.622803,5.9993544,6.1375065
590.2871,-52.09146,5.999954,6.1361065
591.1343,-51.560318,6.0005546,6.1347065
591.9816,-51.029392,6.0011544,6.1333065
592.8291,-50.498695,6.0017543,6.131907
593.67676,-49.968243,6.002354,6.130507
594.52454,-49.43805,6.002954,6.129107
595.3725,-48.90813,6.003739,6.1277075
596.22064,-48.3785,6.0045385,6.1263075
597.06903,-47.849186,6.005338,6.124908
597.91754,-47.320198,6.0061383,6.123508
598.7663,-46.791553,6.006938,6.1221085
599.6153,-46.26327,6.007553,6.120709
600.46454,-45.735344,6.008153,6.1193094
601.31396,-45.207764,6.008753,6.11791
602.1636,-44.68052,6.0093527,6.1165104
603.0134,-44.1536,6.0099525,6.115111
603.8634,-43.626995,6.0105524,6.1137114
604.7136,-43.100693,6.011152,6.1123123
605.564,-42.574677,6.0117517,6.110913
606.4146,-42.048923,6.0123515,6.1095138
607.2653,-41.523426,6.012951,6.1081142
608.11615,-40.998165,6.0135508,6.106715
608.96716,-40.473125,6.01415,6.105316
609.8183,-39.948296,6.01475,6.1039166
610.66956,-39.423656,6.0153494,6.1025176
611.5209,-38.899193,6.0159492,6.1011186
612.3724,-38.374893,6.0167317,6.0997195
613.2239,-37.850742,6.017531,6.0983205
614.0755,-37.32673,6.0183306,6.0969214
614.92725,-36.80283,6.01913,6.0955224
615.779,-36.279037,6.0199294,6.0941234
616.6308,-35.75533,6.0205464,6.0927243
617.48267,-35.231697,6.0211463,6.0913253
618.3346,-34.708126,6.0217457,6.0899267
619.1865,-34.184597,6.022345,6.0885277
620.03845,-33.6611,6.022945,6.0871286
620.8904,-33.137615,6.0235443,6.0857296
621.7424,-32.61413,6.0241437,6.084331
622.5943,-32.090626,6.0247436,6.082932
623.4462,-31.567095,6.025343,6.081533
624.2981,-31.04352,6.0259423,6.0801344
625.14996,-30.519882,6.026542,6.078916
626.00183,-29.996172,6.0271416,6.077717
626.8536,-29.47237,6.027741,6.0765176
627.70526,-28.948463,6.028341,6.075319
628.5569,-28.424438,6.02894,6.0741196
629.40845,-27.900278,6.02972,6.0727406
630.2599,-27.375967,6.030519,6.0713415
631.1112,-26.851494,6.0313187,6.069943
631.96246,-26.326841,6.032118,6.068544
632.81354,-25.801994,6.032917,6.067145
633.66455,-25.27694,6.0335374,6.065746
634.5154,-24.75166,6.0341372,6.064347
635.3661,-24.226141,6.0347366,6.0629478
636.2167,-23.70037,6.0353365,6.0615487
637.067,-23.174332,6.035936,6.0601497
637.91724,-22.64801,6.0365357,6.05875
638.7673,-22.12139,6.037135,6.057351
639.61707,-21.594458,6.037735,6.055952
640.46674,-21.067198,6.0383344,6.054553
641.3161,-20.539597,6.038934,6.0531535
642.1653,-20.011637,6.039534,6.0517545
643.0143,-19.483305,6.0401335,6.050355
643.863,-18.954588,6.0407333,6.0489554
644.7114,-18.42547,6.041333,6.0475564
645.55963,-17.895935,6.0419326,6.046157
646.4076,-17.36597,6.0427103,6.0447574
647.25525,-16.83556,6.04351,6.043358
648.1026,-16.304688,6.0443096,6.0419583
648.9497,-15.773341,6.0451093,6.040559
649.79645,-15.241506,6.045909,6.0391593
650.64294,-14.709165,6.0465317,6.0377593
651.489,-14.176304,6.0471315,6.03636
652.33484,-13.642911,6.0477314,6.03496
653.18024,-13.10897,6.0483313,6.0335603
654.0253,-12.574467,6.048931,6.0321603
654.87006,-12.039387,6.0495315,6.0307603
655.7144,-11.503715,6.0501313,6.0293603
656.55835,-10.967434,6.050731,6.0279603
657.4019,-10.430531,6.0513315,6.0265603
658.2451,-9.892987,6.0519314,6.0251603
659.0878,-9.35479,6.0590863,6.0023246
659.9301,-8.815926,6.0670877,5.976719
660.77203,-8.276386,6.0750895,5.9511137
661.61346,-7.7361617,6.0830913,5.925508
662.45447,-7.195241,6.091093,5.899903
663.295,-6.653612,6.099628,5.8726964
664.1351,-6.1112485,6.1082315,5.845285
664.9746,-5.5681195,6.116835,5.817874
665.81366,-5.024193,6.1254387,5.790463
666.65216,-4.479438,6.1340423,5.7630515
667.4902,-3.9338322,6.1424694,5.7358136
668.3276,-3.3874068,6.1508746,5.708597
669.1645,-2.8402107,6.1592793,5.6813807
670.0009,-2.2922924,6.1676846,5.6541643
670.837,-1.7437007,6.17609,5.626948
671.6725,-1.1944329,6.176286,5.6252494
672.50745,-0.64420193,6.175485,5.626651
673.3415,-0.09262382,6.1746845,5.6280518
674.1744,0.4606845,6.173884,5.629453
675.00586,1.0161045,6.1730833,5.630854
675.8357,1.5740483,6.1650987,5.654345
676.6633,2.135105,6.15628,5.6803994
677.48846,2.6999202,6.147462,5.7064533
678.3106,3.2691338,6.1386433,5.7325077
679.1292,3.8433778,6.129825,5.758562
679.9438,4.4232683,6.1211724,5.784847
680.75397,5.009367,6.112537,5.811156
681.5592,5.602214,6.103901,5.8374643
682.359,6.2023377,6.0952654,5.863773
683.1529,6.810255,6.08663,5.890081
683.94037,7.4264774,6.0783587,5.9151106
684.7209,8.051541,6.070116,5.940039
685.4938,8.685978,6.0618734,5.9649677
686.2584,9.330305,6.053631,5.9898963
687.01416,9.985016,6.0453887,6.0148244
687.76044,10.650546,6.067731,5.9873476
688.4967,11.32714,6.0915856,5.9572783
689.2225,12.01498,6.115441,5.927209
689.9372,12.714236,6.139297,5.897138
690.64044,13.425063,6.1631536,5.8670664
691.3318,14.147494,6.1572804,5.863696
692.0113,14.881088,6.1503143,5.8613076
692.6791,15.625292,6.143348,5.8589196
693.3356,16.379568,6.1363826,5.856531
693.98083,17.143398,6.129417,5.8541427
694.61523,17.916302,6.0748696,5.8947372
695.23895,18.697886,6.017292,5.938069
695.85205,19.487795,5.959714,5.981401
696.4547,20.28568,5.9021354,6.024733
697.0471,21.091206,5.8445563,6.0680656
697.6295,21.904045,5.839575,6.060227
698.20197,22.72389,5.841352,6.045812
698.7647,23.55044,5.843129,6.0313973
699.3179,24.383408,5.8449063,6.016983
699.8617,25.22251,5.8466835,6.0025682
700.3964,26.067478,5.873867,5.964177
700.92206,26.918077,5.906559,5.920588
701.4389,27.774078,5.939251,5.8769984
701.9471,28.635267,5.971943,5.8334093
702.44666,29.501429,6.0046353,5.7898197
702.9379,30.372362,6.0101414,5.7823234
703.42096,31.247871,6.0077424,5.785322
703.896,32.12777,6.005343,5.788321
704.3631,33.011875,6.002944,5.79132
704.8226,33.900013,6.000545,5.794319
705.2744,34.79201,5.992524,5.796246
705.719,35.68769,5.9828525,5.7978578
706.1564,36.58687,5.9731803,5.79947
706.5869,37.489372,5.963508,5.801082
707.01074,38.39504,5.953836,5.802694
707.4281,39.3037,5.9372463,5.803
707.83923,40.21519,5.919036,5.803
708.24445,41.12935,5.9008255,5.803
708.6439,42.046024,5.8826146,5.803
709.0379,42.965057,5.864404,5.803
709.4267,43.886303,5.8518023,5.795264
709.81055,44.809612,5.8400536,5.7863507
710.18976,45.734848,5.8283043,5.7774377
710.56464,46.66187,5.8165555,5.7685246
710.93536,47.590534,5.804806,5.7596116
711.30225,48.52072,5.8024926,5.7375197
711.6656,49.452293,5.800874,5.714456
712.0257,50.38513,5.799256,5.691393
712.3829,51.319107,5.797637,5.6683292
712.7373,52.2541,5.7960186,5.645266
713.0894,53.189995,5.7934084,5.635432
713.4394,54.12668,5.790787,5.625752
713.78754,55.064037,5.7881656,5.616072
714.1342,56.001957,5.785544,5.6063924
714.4796,56.940334,5.782851,5.5977206
714.8241,57.879055,5.777834,5.6220036
715.1679,58.818016,5.7728167,5.6462865
715.51135,59.757114,5.7678,5.6705694
715.85474,60.696243,5.7627826,5.694853
716.1983,61.635303,5.7585597,5.7185783
716.54236,62.574184,5.7705245,5.730942
716.88715,63.51279,5.7824893,5.7433057
717.233,64.45102,5.794454,5.7556696
717.5801,65.38877,5.806419,5.768033
717.9287,66.32595,5.8193083,5.779733
718.27924,67.26244,5.860069,5.771423
718.6318,68.19815,5.90083,5.7631125
718.98676,69.132965,5.9415903,5.7548018
719.3443,70.06677,5.9823513,5.7464914
719.70483,70.99946,6.023112,5.738181
720.0685,71.930916,6.0236154,5.7572346
720.4356,72.861015,6.023222,5.7768974
720.80646,73.78963,6.0228286,5.796561
721.1814,74.71661,6.0224357,5.8162236
721.5606,75.64184,6.0220423,5.8358865
721.94446,76.56516,6.006227,5.8655148
722.3332,77.486435,5.988555,5.8963428
722.7271,78.405495,5.970883,5.927171
723.1266,79.32218,5.953211,5.957999
723.53174,80.236336,5.9355383,5.988827
723.943,81.14777,5.8976603,6.027607
724.36066,82.05632,5.854723,6.068378
724.7849,82.96177,5.8117857,6.1091485
725.2162,83.86392,5.7688484,6.149919
725.6547,84.762566,5.7259116,6.1906896
726.10077,85.65747,5.692223,6.22435
726.55475,86.548416,5.662086,6.2552805
727.0169,87.43513,5.6319485,6.2862105
727.48755,88.31736,5.601811,6.317141
727.96704,89.19483,5.571674,6.3480716
728.4556,90.06725,5.5980024,6.338165
728.9537,90.934326,5.651024,6.308953
729.4615,91.79572,5.7040453,6.279741
729.9793,92.65111,5.757067,6.250529
730.50757,93.50013,5.8100886,6.2213173
731.04645,94.34242,5.8579683,6.196034
731.5963,95.17759,5.9034405,6.1725907
732.1574,96.00522,5.9489126,6.1491475
732.7301,96.82489,5.994385,6.125704
733.3147,97.63614,6.039857,6.1022606
733.9114,98.438515,6.080849,6.082248
734.52045,99.231544,6.120209,6.063486
735.1421,100.01475,6.159569,6.044724
735.7765,100.78762,6.198928,6.025962
736.42395,101.54966,6.238286,6.0072002
737.0845,102.30032,6.2000937,6.0237317
737.7584,103.03902,6.1459517,6.047521
738.44586,103.76511,6.0918093,6.071311
739.1471,104.47795,6.037665,6.095102
739.8622,105.17686,5.9835196,6.118893
740.5912,105.86123,5.897926,6.156944
741.3338,106.53085,5.8108006,6.1956887
742.0895,107.18567,5.7236776,6.2344327
742.8578,107.825615,5.6365547,6.2731767
743.6383,108.45064,5.558287,6.3082786
744.4305,109.06077,5.5886116,6.298713
745.2337,109.65631,5.6189365,6.2891474
746.04724,110.23765,5.649261,6.279582
746.87054,110.80518,5.679585,6.2700167
747.7028,111.35933,5.7141576,6.2587085
748.54364,111.900505,5.770722,6.2383776
749.39246,112.429085,5.8272877,6.218046
750.2487,112.945435,5.883854,6.1977143
751.11206,113.44994,5.9404197,6.177383
751.98193,113.943016,5.9871206,6.1604977
752.85803,114.425064,5.9928913,6.157911
753.73987,114.89648,5.998662,6.155324
754.6271,115.35768,6.004432,6.152737
755.5193,115.8091,6.010203,6.1501503
756.4162,116.25116,6.0157647,6.1476674
757.31744,116.68429,6.0202966,6.145697
758.2228,117.10888,6.024829,6.143727
759.13184,117.52533,6.029361,6.141756
760.04443,117.93406,6.033893,6.139786
760.96027,118.33546,6.039377,6.138496
761.8791,118.72995,6.054064,6.143783
762.80066,119.117905,6.068751,6.1490703
763.72485,119.49971,6.0834374,6.1543574
764.65137,119.875755,6.0981245,6.1596446
765.58,120.24642,6.112811,6.1649323
766.51074,120.61211,6.1278634,6.170598
767.4432,120.97318,6.1429205,6.176269
768.37726,121.33003,6.157978,6.1819396
769.3128,121.683044,6.173035,6.1876106
770.24963,122.0326,6.188092,6.1932817
771.1876,122.379074,6.1966887,6.1931424
772.12665,122.72283,6.2043476,6.1921606
773.06647,123.064224,6.212007,6.191179
774.007,123.4036,6.219666,6.1901965
774.94824,123.74132,6.2273254,6.1892147
775.88983,124.077736,6.2192297,6.1742673
776.8318,124.413315,6.2067256,6.1554112
777.77386,124.748566,6.194221,6.1365557
778.7158,125.083984,6.181717,6.1177
779.6576,125.42009,6.169213,6.0988445
780.59894,125.757416,6.1567206,6.0797815
781.5395,126.09684,6.1442327,6.060647
782.4789,126.43943,6.131745,6.041512
783.41675,126.786224,6.119257,6.0223775
784.35266,127.13827,6.106769,6.0032434
785.2862,127.49661,6.0963793,5.9856634
786.21686,127.8623,6.086587,5.9685273
787.14417,128.23634,6.0767946,5.9513903
788.0677,128.61978,6.067002,5.9342537
788.98676,129.01363,6.0572095,5.917117
789.9009,129.41887,6.0491543,5.900948
790.80945,129.83643,6.0413437,5.8849163
791.7118,130.26721,6.0335336,5.8688846
792.6073,130.71214,6.0257235,5.8528533
793.4952,131.17204,6.018106,5.8368196
794.3747,131.64777,6.0277376,5.820425
795.245,132.1401,6.0373693,5.804031
796.1052,132.64983,6.0470014,5.7876363
796.95447,133.17767,6.0566344,5.771239
797.7917,133.72437,6.0641246,5.758194
798.6163,134.29,6.057478,5.767257
799.42847,134.87315,6.050832,5.77632
800.22906,135.47224,6.044187,5.7853813
801.0187,136.08571,6.0375423,5.794442
801.79816,136.71204,6.027065,5.8088636
802.56836,137.3497,5.9973254,5.850223
803.33057,137.99693,5.967583,5.8915863
804.08606,138.65198,5.9378405,5.9329505
804.83624,139.31311,5.908098,5.9743137
805.5825,139.97865,5.8813624,6.0109477
806.326,140.6473,5.8854375,5.99911
807.06696,141.31876,5.8895125,5.9872727
807.8054,141.99297,5.893588,5.975435
808.5414,142.66986,5.897663,5.9635973
809.27496,143.34938,5.901738,5.951761
810.00586,144.03172,5.9074574,5.9348106
810.7326,144.71854,5.913289,5.9175086
811.4532,145.41183,5.9191217,5.9002056
812.16547,146.1136,5.9249544,5.8829017
812.86743,146.82573,5.9307866,5.8655996
813.5569,147.54993,5.9354596,5.8481617
814.23236,148.28719,5.9398274,5.83069
814.8926,149.03815,5.9441953,5.813218
815.5362,149.80338,5.9485636,5.7957454
816.16187,150.58336,5.9529324,5.7782707
816.7682,151.37846,5.980669,5.7646503
817.3548,152.1882,6.015961,5.752278
817.92194,153.01173,6.0512495,5.739907
818.4697,153.84822,6.086536,5.727536
818.9985,154.69691,6.1218224,5.7151656
819.50836,155.55707,6.1069074,5.723462
819.9996,156.42801,6.0813365,5.736145
820.4723,157.30913,6.055765,5.7488284
820.92676,158.1998,6.0301933,5.7615123
821.36316,159.09946,6.0046206,5.774196
821.78174,160.00752,5.971993,5.7847614
822.1829,160.92343,5.938888,5.795183
822.5672,161.84657,5.9057837,5.805605
822.93494,162.77641,5.8726797,5.8160267
823.2867,163.71243,5.841201,5.824943
823.62286,164.65413,5.8458686,5.800388
823.94403,165.60107,5.850536,5.7758317
824.2506,166.55283,5.8552036,5.751276
824.5432,167.50899,5.8598714,5.72672
824.8223,168.46916,5.8660903,5.703839
825.0885,169.43301,5.8841853,5.693786
825.3422,170.4002,5.902281,5.683733
825.5841,171.37045,5.920376,5.67368
825.8146,172.34346,5.9384713,5.663627
826.0342,173.31897,5.9561195,5.655848
826.2435,174.29672,5.971064,5.6618257
826.4431,175.27654,5.986009,5.667804
826.63336,176.2582,6.0009537,5.6737814
826.8149,177.24152,6.0158987,5.6797595
826.98816,178.22632,6.027535,5.6892977
827.1537,179.21245,6.0156574,5.7241383
827.31195,180.19978,6.00378,5.758979
827.46344,181.18817,5.9919024,5.79382
827.6086,182.1775,5.980025,5.8286605
827.7479,183.16768,5.9686313,5.863183
827.88196,184.15858,5.9634986,5.893586
828.0111,185.15013,5.9583654,5.9239893
828.13586,186.14226,5.9532323,5.954393
828.2566,187.13487,5.9480996,5.984796
828.37384,188.1279,5.9431076,6.0151076
828.48804,189.12129,5.959513,6.031513
828.5995,190.115,5.9759192,6.0479193
828.7085,191.10896,5.9923253,6.0643253
828.8155,192.10315,6.0087314,6.0807314
828.9208,193.09753,6.0251374,6.0971375
829.02466,194.09206,6.0415816,6.1135817
829.12744,195.08669,6.0580277,6.130028
829.22955,196.08139,6.0744743,6.1464744
829.33124,197.07614,6.0909204,6.1629205
829.4329,198.07089,6.1073666,6.1793666
829.5349,199.06561,6.1175942,6.1951447
829.6375,200.06026,6.127136,6.210849
829.74115,201.05481,6.1366777,6.226553
829.8461,202.04921,6.1462197,6.242257
829.9528,203.04343,6.1557612,6.2579613
830.0615,204.03745,6.154395,6.2726774
830.1726,205.03117,6.1514015,6.287246
830.2865,206.02461,6.148408,6.3018146
830.40344,207.01767,6.1454144,6.3163834
830.52386,208.01033,6.142421,6.3309517
830.6481,209.00252,6.1395884,6.3455753
830.7765,209.99417,6.136782,6.360208
830.9094,210.98521,6.133976,6.3748407
831.04724,211.9756,6.1311693,6.389473
831.19037,212.96524,6.128363,6.4041057
831.33905,213.95406,6.1255465,6.3977633
831.4938,214.94194,6.1227283,6.388302
831.65485,215.92882,6.11991,6.3788404
831.82263,216.91457,6.1170917,6.3693786
831.9975,217.89908,6.114273,6.359917
832.1799,218.88225,6.111446,6.3210554
832.37,219.86394,6.108618,6.2790384
832.5683,220.844,6.10579,6.2370214
832.77515,221.8223,6.102962,6.1950045
832.99084,222.79869,6.100134,6.1529875
833.21576,223.773,6.0949883,6.1157265
833.4502,224.74504,6.0897284,6.0787024
833.69464,225.71463,6.084468,6.0416775
833.94934,226.68158,6.0792074,6.004653
834.21466,227.64566,6.073615,5.9682937
834.49097,228.60666,6.0352354,5.9975834
834.77844,229.56436,5.9968557,6.026873
835.0773,230.51859,5.9584765,6.056163
835.38763,231.46913,5.9200964,6.0854526
835.7097,232.41577,5.882385,6.1144238
836.0436,233.3583,5.855237,6.1383543
836.3891,234.29665,5.828089,6.1622844
836.74603,235.2307,5.800942,6.186214
837.11414,236.1604,5.773795,6.2101436
837.49316,237.08571,5.7506475,6.2322254
837.883,238.00652,5.769661,6.2348275
838.2834,238.92278,5.7886753,6.237429
838.6942,239.83441,5.807689,6.2400312
839.1153,240.74133,5.826703,6.242633
839.5466,241.6435,5.8457284,6.244244
839.9878,242.5408,5.864863,6.2358727
840.43884,243.43323,5.8839974,6.2275014
840.8996,244.32068,5.9031315,6.21913
841.3698,245.20314,5.922266,6.2107587
841.8494,246.08052,5.9414253,6.2009206
842.3383,246.9528,5.9608955,6.1725097
842.83624,247.81993,5.9803658,6.1440988
843.34314,248.68184,5.9998364,6.115688
843.85895,249.53848,6.0193067,6.087277
844.38336,250.38985,6.038475,6.0596595
844.91644,251.23584,6.050372,6.051133
845.45795,252.07646,6.0622697,6.042607
846.00775,252.91164,6.0741673,6.03408
846.56586,253.74133,6.086065,6.0255537
847.1321,254.5655,6.0979624,6.017027
847.7063,255.38411,6.098988,6.035375
848.28845,256.1971,6.099979,6.0538087
848.87836,257.0045,6.1009703,6.0722427
849.476,257.80612,6.101961,6.0906763
850.0813,258.60205,6.102952,6.10911
850.6941,259.3922,6.1041336,6.1260567
851.31433,260.1765,6.1053243,6.1429276
851.94196,260.955,6.1065154,6.1597986
852.5768,261.7275,6.107706,6.1766696
853.2189,262.49408,6.108897,6.1935406
853.868,263.25464,6.111183,6.2026405
854.5242,264.00916,6.1135726,6.2110047
855.1873,264.75754,6.1159625,6.2193685
855.85736,265.49976,6.1183524,6.2277327
856.5343,266.23575,6.120742,6.236097
857.21796,266.96545,6.1231422,6.2444983
857.90826,267.68884,6.125544,6.2529044
858.60516,268.40588,6.127946,6.26131
859.3086,269.11658,6.1303473,6.2697163
860.0184,269.8209,6.132749,6.278122
860.7345,270.5188,6.1139235,6.304735
861.4568,271.21027,6.0926228,6.3334713
862.1852,271.89536,6.0713215,6.362208
862.9195,272.574,6.05002,6.3909445
863.6597,273.24625,6.028719,6.4196806
864.40576,273.91208,6.0107064,6.441071
865.1574,274.5715,5.992982,6.4618163
865.9147,275.22452,5.975258,6.4825616
866.67737,275.8712,5.957534,6.5033073
867.4454,276.51147,5.9398093,6.5240526
868.2187,277.14542,5.964391,6.46864
868.99713,277.77304,5.9909973,6.409582
869.7806,278.39438,6.0176034,6.3505244
870.569,279.00943,6.0442095,6.291467
871.3622,279.61826,6.0708156,6.2324095
872.1601,280.22086,6.0972075,6.173583
872.9627,280.8173,6.123598,6.1147585
873.7698,281.4076,6.1499887,6.0559335
874.5813,281.9918,6.176379,5.997109
875.39716,282.56995,6.201777,5.9404635
876.2172,283.1421,6.1941338,5.9563537
877.04144,283.70828,6.18649,5.972244
877.8696,284.26852,6.178847,5.988134
878.70184,284.82294,6.1712036,6.004024
879.53784,285.3715,6.163365,6.0201664
880.3776,285.9143,6.152328,6.040434
881.22107,286.4514,6.141291,6.060702
882.06805,286.98282,6.1302543,6.0809693
882.9186,287.50864,6.1192174,6.1012373
883.7725,288.02893,6.106608,6.1236105
884.62976,288.54373,6.0743933,6.172232
885.4902,289.0531,6.042179,6.220854
886.3538,289.5571,6.0099645,6.269476
887.2205,290.0558,5.9777503,6.3180976
888.0902,290.54926,5.948412,6.3633814
888.96277,291.03757,5.953797,6.3683677
889.83826,291.52072,5.959182,6.3733535
890.71643,291.99884,5.9645667,6.3783393
891.59735,292.472,5.9699516,6.3833256
892.48096,292.94016,5.978056,6.3851676
893.36707,293.40338,6.026972,6.339831
894.25586,293.8616,6.0758877,6.294494
895.1472,294.31467,6.124804,6.2491574
896.0413,294.76245,6.1737204,6.20382
896.9381,295.2048,6.221146,6.1596413
897.8376,295.64157,6.225515,6.148918
898.7398,296.07263,6.2298837,6.1381946
899.64484,296.4979,6.2342525,6.1274714
900.5526,296.91718,6.238621,6.116748
901.4632,297.33032,6.24299,6.1060247
902.3766,297.73724,6.202372,6.129782
903.2928,298.13776,6.1616507,6.153619
904.21185,298.5317,6.1209292,6.177456
905.1337,298.91898,6.080208,6.201293
906.0585,299.29938,6.0394864,6.2251296
906.9861,299.67273,6.008671,6.2363515
907.91656,300.03894,5.9782305,6.247095
908.84985,300.3978,5.9477897,6.2578387
909.786,300.74915,5.9173493,6.268583
910.72504,301.0928,5.886909,6.2793264
911.6669,301.42865,5.8898606,6.2469115
912.6116,301.75644,5.895046,6.2116094
913.559,302.07605,5.900232,6.176307
914.5093,302.38727,5.9054174,6.1410046
915.46234,302.6899,5.910603,6.1057024
916.4181,302.98386,5.9106307,6.064027
917.3765,303.26883,5.9102306,6.021823
918.33765,303.5447,5.9098306,5.979619
919.3014,303.81128,5.9094305,5.937415
920.2677,304.06833,5.9090304,5.8952117
921.2366,304.3157,5.8958435,5.8371506
922.2079,304.5532,5.8816037,5.7777843
923.1816,304.78058,5.867364,5.718418
924.15765,304.99774,5.8531237,5.6590514
925.136,305.20444,5.838884,5.5996857
926.1165,305.40048,5.8219795,5.569613
927.0991,305.58566,5.8048983,5.5414796
928.0838,305.75977,5.787817,5.5133457
929.0704,305.92258,5.7707357,5.485212
930.0588,306.07388,5.7536545,5.4570785
931.04895,306.21347,5.7334695,5.459674
932.04065,306.3413,5.713161,5.4634943
933.0338,306.45734,5.6928525,5.4673147
934.0283,306.56158,5.672544,5.471135
935.0239,306.65396,5.6522355,5.4749556
936.0206,306.7345,5.6106806,5.538568
937.0182,306.80325,5.5688767,5.602882
938.0165,306.86026,5.5270724,5.667196
939.0154,306.9056,5.4852686,5.7315097
940.0147,306.93936,5.444224,5.795388
941.0144,306.9616,5.461693,5.825708
942.0143,306.97238,5.4791617,5.8560276
943.0142,306.9717,5.4966307,5.886348
944.01404,306.9597,5.5140996,5.9166675
945.01373,306.93634,5.532496,5.9464965
946.01306,306.9017,5.578424,5.961739
947.0119,306.85587,5.6243525,5.9769816
948.0102,306.7989,5.670281,5.992224
949.0078,306.73077,5.7162094,6.007467
950.00464,306.65164,5.761296,6.0238366
951.0005,306.56152,5.7891407,6.0633
951.9953,306.46045,5.816985,6.102763
952.9889,306.3485,5.8448296,6.142226
953.98126,306.22574,5.8726745,6.1816897
954.9722,306.0922,5.8985085,6.2226243
955.96173,305.94794,5.889504,6.2890596
956.9496,305.793,5.8804994,6.355495
957.93567,305.62744,5.8714943,6.4219303
958.92,305.45132,5.8624897,6.4883657
959.90234,305.26468,5.853165,6.54901
960.8826,305.0676,5.838569,6.5142198
961.86084,304.86008,5.823973,6.4794292
962.83673,304.6422,5.809377,6.444639
963.81024,304.414,5.7947817,6.409849
964.7813,304.1755,5.783944,6.374201
965.7498,303.9268,5.8367047,6.324038
966.71564,303.6679,5.889466,6.273875
967.6787,303.39886,5.942227,6.2237124
968.6389,303.11975,5.9949875,6.1735497
969.5961,302.83063,6.0454893,6.1253858
970.55023,302.5315,6.0548816,6.1135955
971.5012,302.2224,6.0642743,6.1018047
972.44885,301.90338,6.073667,6.090014
973.3931,301.57437,6.0830593,6.078223
974.33386,301.2354,6.091355,6.067385
975.27094,300.88663,6.0779634,6.07538
976.2045,300.5284,6.0645723,6.083375
977.13464,300.16132,6.051181,6.0913696
978.0614,299.7858,6.03779,6.0993643
978.98486,299.40244,6.024408,6.107359
979.9053,299.01166,6.011228,6.1153464
980.8228,298.61407,5.9980483,6.1233344
981.73755,298.2102,5.984868,6.1313224
982.6497,297.80063,5.9716883,6.1393104
983.5596,297.38586,5.9585085,6.147298
984.46735,296.9665,5.9453425,6.1552773
985.3731,296.54297,5.9321766,6.1632566
986.2772,296.11584,5.9190106,6.171236
987.1799,295.68555,5.905844,6.1792154
988.08124,295.25262,5.8926783,6.187195
988.98157,294.81757,5.879514,6.1951733
989.8811,294.3809,5.86635,6.203151
990.78015,293.9432,5.8531866,6.2111297
991.67896,293.505,5.8400226,6.2191076
992.57776,293.0669,5.8270173,6.2269826
993.4769,292.62936,5.8286147,6.225385
994.37646,292.1927,5.830212,6.223788
995.27655,291.75714,5.83181,6.2221904
996.17725,291.3229,5.8334074,6.2205925
997.07874,290.89026,5.83505,6.2189646
997.9811,290.45938,5.851251,6.2075644
998.8842,290.0302,5.8674517,6.1961637
999.78815,289.60263,5.8836527,6.184763
1000.6927,289.17648,5.899853,6.1733623
1001.59796,288.7517,5.916055,6.1619616
1002.5037,288.32816,5.932471,6.150551
1003.4101,287.90576,5.9488864,6.13914
1004.31696,287.48453,5.965302,6.127729
1005.2243,287.06436,5.9817176,6.116318
1006.13214,286.64523,5.9981318,6.1049056
1007.04047,286.22708,6.0143504,6.093292
1007.9492,285.80988,6.0305696,6.081679
1008.85834,285.3935,6.046788,6.0700655
1009.76776,284.97787,6.063007,6.0584517
1010.67755,284.56296,6.0792284,6.046841
1011.58765,284.14868,6.0956397,6.0354333
1012.498,283.735,6.1120515,6.0240254
1013.40857,283.32184,6.128463,6.012617
1014.3194,282.9092,6.1448746,6.0012093
1015.23047,282.4971,6.161282,5.9898014
1016.1417,282.08542,6.177482,5.978401
1017.0532,281.67426,6.1936827,5.9670014
1017.9649,281.26355,6.2098827,5.955601
1018.87683,280.85336,6.226083,5.944201
1019.78894,280.44366,6.242286,5.9328012
1020.70135,280.0345,6.258678,5.9214067
1021.61395,279.62582,6.27507,5.9100122
1022.5268,279.21768,6.291462,5.8986177
1023.4399,278.81006,6.307854,5.8872232
1024.3531,278.40295,6.323913,5.876039
1025.2667,277.99637,6.3181176,5.878637
1026.1805,277.59033,6.3123217,5.881235
1027.0945,277.18484,6.306526,5.883833
1028.0088,276.77985,6.3007307,5.886431
1028.9232,276.37543,6.2948346,5.889089
1029.838,275.97156,6.280047,5.897083
1030.7529,275.56824,6.2652593,5.905076
1031.6682,275.16547,6.2504716,5.9130692
1032.5837,274.76324,6.235684,5.921063
1033.4994,274.3616,6.2208962,5.9290576
1034.4154,273.9605,6.206106,5.937252
1035.3315,273.56,6.1913166,5.9454465
1036.248,273.16006,6.1765265,5.953641
1037.1648,272.7607,6.1617365,5.961835
1038.0818,272.36194,6.1469464,5.9700294
1038.999,271.96375,6.132151,5.978227
1039.9165,271.56616,6.1173563,5.9864244
1040.8342,271.1692,6.102561,5.9946218
1041.7522,270.77277,6.0877657,6.002819
1042.6705,270.37695,6.0729704,6.0110164
1043.589,269.98172,6.0581665,6.0192184
1044.5078,269.5871,6.0433626,6.0274205
1045.4268,269.1931,6.0285587,6.035623
1046.3461,268.7998,6.013755,6.043825
1047.2657,268.4072,5.998952,6.0520263
1048.1857,268.0153,5.9843364,6.0600348
1049.1058,267.62402,5.9697213,6.068043
1050.0264,267.2333,5.955106,6.0760517
1050.947,266.84305,5.9404907,6.0840597
1051.8678,266.4532,5.925901,6.0920067
1052.7887,266.06375,5.9142795,6.0928082
1053.7101,265.6752,5.902658,6.09361
1054.6321,265.2881,5.8910365,6.0944114
1055.5548,264.903,5.879415,6.095213
1056.4788,264.52057,5.8683505,6.094782
1057.4039,264.14133,5.888154,6.0259705
1058.3308,263.76596,5.907957,5.9571595
1059.2594,263.3951,5.9277606,5.888347
1060.1901,263.02948,5.947565,5.819532
1061.123,262.66977,5.9672155,5.751305
1062.0586,262.3167,5.978747,5.7141266
1062.9971,261.97153,5.9902782,5.676948
1063.9388,261.6355,6.0018086,5.639773
1064.8843,261.30994,6.0133367,5.602604
1065.8336,260.9961,6.024861,5.565448
1066.7875,260.69598,5.939697,5.6603503
1067.747,260.41437,5.8533506,5.756867
1068.7131,260.15695,5.766981,5.853409
1069.6868,259.92947,5.680604,5.9499598
1070.6681,259.7378,5.59428,6.046452
1071.6566,259.5872,5.6535797,5.974946
1072.6508,259.48093,5.7167897,5.8989315
1073.6488,259.42178,5.7800193,5.822893
1074.6487,259.4128,5.8433065,5.7467856
1075.6475,259.45712,5.901461,5.674079
1076.6423,259.556,5.8748217,5.6581354
1077.6311,259.70444,5.8481975,5.6422014
1078.6124,259.89612,5.821601,5.626284
1079.5858,260.12485,5.7950244,5.6103783
1080.5514,260.3847,5.775058,5.6007247
1081.5095,260.67065,5.817265,5.6498675
1082.4604,260.9798,5.859509,5.699053
1083.4044,261.30948,5.90177,5.748258
1084.342,261.65717,5.944035,5.797468
1085.2737,262.0203,5.9846916,5.8461075
1086.2,262.39682,5.9974117,5.8848634
1087.121,262.7863,6.010131,5.923617
1088.0364,263.1885,6.0228496,5.962369
1088.9462,263.60336,6.0355678,6.001121
1089.8502,264.03073,6.048396,6.0390587
1090.7483,264.4704,6.0659604,6.041653
1091.6404,264.92197,6.0835257,6.044248
1092.5266,265.38498,6.1010904,6.046843
1093.4071,265.859,6.118655,6.0494375
1094.2817,266.3436,6.1364193,6.0516233
1095.1508,266.83835,6.1698866,6.021563
1096.014,267.3429,6.2033544,5.9915023
1096.8717,267.8569,6.236822,5.9614415
1097.7239,268.38,6.27029,5.9313803
1098.5706,268.91193,6.303759,5.901323
1099.412,269.4523,6.337274,5.87142
1100.248,270.00076,6.3707895,5.841517
1101.079,270.55698,6.404305,5.811614
1101.9049,271.1206,6.4378204,5.781711
1102.7261,271.69125,6.4713435,5.7518005
1103.5425,272.26862,6.505051,5.7217045
1104.3542,272.85233,6.538759,5.691608
1105.1617,273.4421,6.5724673,5.6615114
1105.9651,274.03763,6.6061754,5.631415
1106.7643,274.63852,6.63474,5.6060925
1107.5597,275.24454,6.576399,5.6614256
1108.3513,275.85532,6.518058,5.7167597
1109.1396,276.47052,6.459717,5.7720933
1109.9247,277.0899,6.401376,5.827427
1110.7067,277.71307,6.3430376,5.8827715
1111.4857,278.33984,6.284734,5.9382706
1112.2621,278.97003,6.226429,5.99377
1113.0358,279.60355,6.1681247,6.0492697
1113.8068,280.2403,6.10982,6.104769
1114.5751,280.88016,6.0518265,6.1599736
1115.341,281.5231,5.997565,6.2116323
1116.1042,282.16898,5.943303,6.263291
1116.8652,282.81772,5.8890414,6.3149495
1117.6237,283.4693,5.8347797,6.366608
1118.3799,284.1236,5.7880077,6.4112897
1119.1337,284.78055,5.824422,6.378477
1119.8853,285.44006,5.860836,6.3456645
1120.6346,286.10208,5.8972497,6.312852
1121.382,286.76654,5.933664,6.280039
1122.1271,287.43335,5.970059,6.2472115
1122.8701,288.10242,6.006247,6.2142224
1123.6113,288.7737,6.042435,6.181233
1124.3505,289.44708,6.0786233,6.148244
1125.0879,290.12247,6.1148114,6.115255
1125.8235,290.79977,6.150153,6.0830126
1126.5574,291.4789,6.1761293,6.0590343
1127.2896,292.1599,6.202106,6.035056
1128.02,292.8428,6.228082,6.011078
1128.7487,293.52753,6.254059,5.9870996
1129.4756,294.21417,6.2791114,5.9639044
1130.2007,294.90277,6.293296,5.949919
1130.9238,295.59335,6.307481,5.9359345
1131.6449,296.2861,6.3216653,5.92195
1132.3638,296.9811,6.33585,5.9079647
1133.0804,297.6785,6.349554,5.8943005
1133.7946,298.37836,6.357148,5.8847075
1134.5062,299.08078,6.3647423,5.875115
1135.2152,299.78586,6.3723364,5.8655224
1135.9215,300.4937,6.3799305,5.85593
1136.625,301.20438,6.385175,5.848037
1137.3254,301.91797,6.3587785,5.8630347
1138.0228,302.63458,6.3323817,5.878033
1138.7169,303.3543,6.305985,5.893031
1139.4078,304.0772,6.2795877,5.9080296
1140.0952,304.8034,6.2531896,5.9230146
1140.779,305.53293,6.2267733,5.9378242
1141.4592,306.26593,6.200357,5.9526334
1142.1355,307.00244,6.17394,5.9674425
1142.8079,307.74255,6.147524,5.9822516
1143.4762,308.48636,6.1211066,5.997076
1144.1403,309.23392,6.094675,6.012094
1144.8,309.9853,6.0682435,6.0271115
1145.4553,310.7406,6.041812,6.0421295
1146.106,311.49985,6.0153804,6.0571475
1146.752,312.26315,5.9888554,6.071078
1147.393,313.03058,5.96122,6.072079
1148.0289,313.8022,5.933584,6.07308
1148.6598,314.57797,5.9059486,6.0740814
1149.2854,315.35806,5.878313,6.075083
1149.9055,316.14246,5.850881,6.075546
1150.5201,316.9312,5.825667,6.0701427
1151.1289,317.72443,5.800453,6.06474
1151.7318,318.52213,5.775239,6.059337
1152.3287,319.3244,5.7500253,6.053934
1152.9193,320.13126,5.730224,6.043609
1153.5035,320.94278,5.767372,5.9814963
1154.0813,321.7589,5.8045197,5.919384
1154.6526,322.5796,5.8416677,5.857271
1155.2172,323.40485,5.878816,5.795157
1155.7753,324.23456,5.9143043,5.7354712
1156.3269,325.06857,5.930639,5.703798
1156.873,325.90616,5.9469733,5.672125
1157.4149,326.74655,5.9633074,5.6404524
1157.9535,327.58902,5.9796414,5.608781
1158.4901,328.43277,5.9937277,5.5804505
1159.0258,329.2771,5.9724145,5.6047516
1159.5616,330.12134,5.951101,5.629053
1160.0988,330.96475,5.929787,5.653355
1160.6383,331.80667,5.908473,5.6776567
1161.1812,332.6464,5.888512,5.701686
1161.7285,333.48322,5.9015045,5.719075
1162.2814,334.3164,5.9144964,5.7364645
1162.8408,335.14517,5.927489,5.753854
1163.4078,335.96875,5.94048,5.771243
1163.9836,336.78632,5.9530873,5.789143
1164.569,337.59702,5.955496,5.8206563
1165.165,338.3998,5.957905,5.852168
1165.773,339.1937,5.9603133,5.883682
1166.3938,339.97757,5.962722,5.915197
1167.0286,340.7502,5.9617505,5.9497213
1167.6779,341.51062,5.9019246,6.03665
1168.3419,342.2582,5.842103,6.123572
1169.0206,342.99246,5.782284,6.2104907
1169.714,343.71295,5.722464,6.297409
1170.4219,344.41916,5.6685905,6.3761325
1171.1442,345.11063,5.690432,6.3504834
1171.8805,345.78708,5.7122736,6.324835
1172.6306,346.44833,5.7341146,6.299186
1173.3939,347.09418,5.7559557,6.273538
1174.1703,347.7244,5.776544,6.247082
1174.9591,348.3388,5.7831564,6.211616
1175.7603,348.93707,5.7897687,6.1761494
1176.5735,349.51892,5.796381,6.1406827
1177.3984,350.08405,5.802994,6.1052155
1178.2347,350.63214,5.8071604,6.0703325
1179.0822,351.16287,5.7870913,6.041232
1179.9404,351.6759,5.767022,6.0121317
1180.8092,352.17087,5.7469525,5.9830313
1181.6882,352.6474,5.7268834,5.953931
1182.5773,353.10513,5.715399,5.9275618
1183.4758,353.5437,5.774148,5.9235377
1184.3837,353.96295,5.8328967,5.9195137
1185.3002,354.36264,5.891646,5.91549
1186.2251,354.7426,5.9503965,5.911466
1187.158,355.1027,6.001084,5.9090886
1188.0983,355.4428,6.0016875,5.916938
1189.0454,355.76337,6.002291,5.9247866
1189.9988,356.06476,6.002895,5.932635
1190.9579,356.3475,6.0034986,5.9404836
1191.9222,356.61206,6.001075,5.9484625
1192.8912,356.85883,5.9838405,5.95708
1193.8644,357.08832,5.9666057,5.9656973
1194.8414,357.30093,5.949371,5.9743147
1195.8219,357.49713,5.932136,5.982932
1196.8055,357.67737,5.913234,5.9909315
1197.7917,357.84207,5.8867316,5.996113
1198.7804,357.99173,5.8602285,6.0012937
1199.7711,358.1268,5.8337255,6.0064745
1200.7638,358.2477,5.8072224,6.011656
1201.7579,358.35495,5.7836857,6.0187244
1202.7534,358.44897,5.7755504,6.0355906
1203.75,358.53024,5.767415,6.052457
1204.7476,358.59924,5.7592793,6.069323
1205.7458,358.6564,5.751144,6.0861893
1206.7448,358.70224,5.7448697,6.1014347
1207.744,358.737,5.752008,6.105004
1208.7438,358.76047,5.759146,6.108573
1209.7435,358.77228,5.766285,6.1121426
1210.7435,358.77206,5.773423,6.1157117
1211.7433,358.7595,5.78169,6.1155725
1212.7429,358.73422,5.803173,6.0720105
1213.7422,358.69577,5.8246555,6.0284486
1214.7407,358.64374,5.846138,5.984887
1215.7384,358.57764,5.8676205,5.941325
1216.7351,358.497,5.888667,5.89844
1217.7305,358.40146,5.901664,5.8680477
1218.7242,358.2905,5.91466,5.837656
1219.7161,358.1637,5.9276567,5.8072643
1220.7057,358.0206,5.940653,5.776873
1221.6927,357.8608,5.952669,5.747689
1222.6769,357.68384,5.9460397,5.7414613
1223.6577,357.48926,5.93941,5.735234
1224.6348,357.27664,5.9327807,5.729006
1225.6075,357.0455,5.926151,5.722778
1226.5757,356.7954,5.916292,5.7202716
1227.5387,356.5261,5.8649693,5.7655563
1228.4961,356.2377,5.8136477,5.81084
1229.4476,355.93042,5.762328,5.8561225
1230.393,355.60452,5.7110085,5.9014044
1231.3317,355.26022,5.6645837,5.947828
1232.2637,354.89777,5.6605616,6.0041385
1233.1884,354.5174,5.6565394,6.06045
1234.1057,354.11948,5.652517,6.1167617
1235.0153,353.70422,5.6484947,6.173073
1235.917,353.27194,5.6473956,6.2152348
1236.8104,352.8229,5.665662,6.163647
1237.6953,352.3574,5.6839285,6.1120596
1238.5715,351.87567,5.7021947,6.060472
1239.4388,351.37802,5.720461,6.008885
1240.2969,350.86465,5.737884,5.9617105
1241.1456,350.33588,5.750501,5.9396806
1241.9846,349.79193,5.7631183,5.91765
1242.8138,349.2331,5.775736,5.8956203
1243.6329,348.65955,5.788353,5.87359
1244.4417,348.07162,5.8001237,5.8587766
1245.24,347.4695,5.8073187,5.8829603
1246.0276,346.8535,5.814514,5.907144
1246.8043,346.22375,5.821709,5.9313283
1247.57,345.58057,5.828904,5.955512
1248.3242,344.92416,5.8358235,5.973987
1249.067,344.2548,5.8412123,5.960815
1249.7981,343.57263,5.846601,5.9476423
1250.5173,342.8779,5.8519897,5.93447
1251.2244,342.1708,5.857378,5.9212976
1251.919,341.4516,5.8706017,5.9026475
1252.6011,340.7205,5.931036,5.850989
1253.2705,339.97766,5.991471,5.79933
1253.927,339.22342,6.051905,5.7476716
1254.5703,338.45798,6.1123395,5.6960135
1255.2004,337.68155,6.151812,5.656773
1255.817,336.89435,6.049282,5.701655
1256.4198,336.09653,5.946752,5.7465367
1257.0084,335.2882,5.8442216,5.7914186
1257.5825,334.4695,5.7416935,5.8362994
1258.1417,333.64063,5.646808,5.8754935
1258.6859,332.80176,5.6104856,5.871103
1259.2152,331.95337,5.574163,5.866712
1259.7297,331.096,5.537839,5.8623214
1260.2297,330.23013,5.5015087,5.8579297
1260.7157,329.35617,5.469844,5.8477144
1261.1885,328.47513,5.4778485,5.78808
1261.6523,327.58932,5.4858527,5.7284455
1262.112,326.7013,5.493856,5.668824
1262.5721,325.81354,5.501856,5.609224
1263.0375,324.92847,5.5184193,5.554817
1263.5128,324.04874,5.606778,5.5437217
1264.0032,323.1773,5.6951456,5.5326257
1264.5137,322.31754,5.7835565,5.521524
1265.0492,321.47318,5.872008,5.510417
1265.6144,320.64832,5.940219,5.507597
1266.212,319.84674,5.895665,5.550941
1266.8417,319.07007,5.8511405,5.594257
1267.5026,318.31973,5.8066306,5.6375585
1268.1937,317.59717,5.762123,5.6808577
1268.9141,316.9038,5.7243094,5.7140465
1269.6626,316.24088,5.715339,5.703681
1270.4374,315.6089,5.7063684,5.693315
1271.2367,315.00812,5.697398,5.682949
1272.0586,314.43872,5.6884284,5.672584
1272.9015,313.90088,5.693692,5.662525
1273.7638,313.39468,5.767533,5.6539435
1274.6439,312.92032,5.8413787,5.6453614
1275.5405,312.4778,5.915226,5.6367793
1276.4523,312.06723,5.989076,5.6281967
1277.3777,311.6886,6.033431,5.6279435
1278.3156,311.34183,5.9246807,5.670924
1279.2644,311.02646,5.8159285,5.713905
1280.2229,310.74194,5.707182,5.756884
1281.19,310.4877,5.5984373,5.799862
1282.1643,310.26315,5.518085,5.8341208
1283.1449,310.0677,5.587716,5.822315
1284.1307,309.90073,5.6573515,5.810509
1285.121,309.76157,5.726987,5.798703
1286.1145,309.64954,5.7966223,5.786897
1287.1108,309.564,5.863001,5.773793
1288.1089,309.50424,5.912483,5.75396
1289.1083,309.4696,5.961968,5.734126
1290.108,309.45932,6.011452,5.7142925
1291.1079,309.47278,6.060937,5.6944585
1292.1072,309.5092,6.099399,5.6838865
1293.1053,309.56778,6.08412,5.718466
1294.102,309.64755,6.06884,5.7530465
1295.097,309.74744,6.0535607,5.787626
1296.0898,309.86636,6.0382814,5.8222055
1297.0803,310.00323,6.0278535,5.853313
1298.0684,310.157,6.0372987,5.8701935
1299.0538,310.3264,6.046744,5.8870745
1300.0367,310.51004,6.056189,5.903955
1301.0171,310.70676,6.0656343,5.920836
1301.9951,310.91522,6.06974,5.939154
1302.9707,311.13422,6.0549335,5.9625645
1303.9442,311.36258,6.040127,5.9859753
1304.9158,311.59918,6.02532,6.0093856
1305.8855,311.8429,6.0105133,6.0327964
1306.8538,312.09256,5.995718,6.0561895
1307.8208,312.34705,5.980962,6.0795197
1308.7869,312.6051,5.9662056,6.1028504
1309.7523,312.86557,5.9514494,6.126181
1310.7174,313.1272,5.9366937,6.1495113
1311.6825,313.38876,5.924628,6.1687446
1312.6478,313.64923,5.9228334,6.172333
1313.6138,313.90784,5.9210396,6.1759214
1314.5804,314.1639,5.9192452,6.1795096
1315.5479,314.41675,5.917451,6.183098
1316.5162,314.66562,5.9162292,6.185809
1317.4858,314.91016,5.917427,6.1848106
1318.4564,315.1506,5.918625,6.1838126
1319.428,315.38736,5.919823,6.182814
1320.4003,315.62073,5.921021,6.181816
1321.3733,315.85114,5.922219,6.180854
1322.3469,316.0789,5.923418,6.1800547
1323.3212,316.30414,5.9246173,6.179255
1324.2959,316.52716,5.9258165,6.178456
1325.2711,316.74808,5.927016,6.177656
1326.2468,316.9671,5.928215,6.1768565
1327.2228,317.18445,5.9294147,6.176057
1328.1991,317.40033,5.930615,6.1752567
1329.1758,317.61502,5.9318147,6.174457
1330.1526,317.8287,5.9330144,6.173657
1331.1296,318.04166,5.9342146,6.172857
1332.1067,318.25412,5.935415,6.1720567
1333.0839,318.4663,5.936615,6.1712565
1334.061,318.6785,5.937815,6.1704564
1335.0381,318.89087,5.9390154,6.1696563
1336.0151,319.10367,5.9402156,6.1688204
1336.9921,319.3171,5.941416,6.16782
1337.9688,319.5312,5.9426165,6.1668196
1338.9454,319.74588,5.9438167,6.1658196
1339.9219,319.96115,5.945017,6.1648192
1340.8982,320.17706,5.9462175,6.163855
1341.8744,320.39355,5.9474177,6.163055
1342.8506,320.6106,5.948618,6.162255
1343.8265,320.82816,5.949818,6.1614547
1344.8024,321.04626,5.951019,6.160654
1345.7781,321.26486,5.952219,6.159854
1346.7538,321.48392,5.953419,6.159054
1347.7292,321.70343,5.9546194,6.1582537
1348.7047,321.92337,5.9558196,6.1574535
1349.68,322.1437,5.95702,6.1566534
1350.6554,322.36444,5.9582205,6.1558533
1351.6305,322.58554,5.95942,6.155053
1352.6056,322.807,5.9606204,6.154253
1353.5807,323.02878,5.9618206,6.153453
1354.5557,323.25085,5.963021,6.1526527
1355.5305,323.47324,5.964221,6.1518526
1356.5054,323.69586,5.965421,6.1510525
1357.4801,323.91873,5.966621,6.150253
1358.4548,324.1418,5.967821,6.1494527
1359.4296,324.36508,5.969021,6.1486526
1360.4042,324.58856,5.970221,6.1478157
1361.3788,324.8122,5.971421,6.146816
1362.3534,325.03595,5.9726205,6.1458163
1363.3279,325.25986,5.9738207,6.1448164
1364.3024,325.48383,5.9750204,6.1438165
1365.277,325.7079,5.97622,6.1428533
1366.2515,325.93198,5.97742,6.1420536
1367.226,326.15613,5.978619,6.141254
1368.2004,326.38028,5.979819,6.1404543
1369.1749,326.60443,5.9810185,6.1396546
1370.1494,326.82855,5.982218,6.138855
1371.1239,327.05264,5.983417,6.1380553
1372.0984,327.27664,5.9846163,6.1372557
1373.0729,327.50055,5.9858155,6.136456
1374.0475,327.72437,5.9870152,6.135657
1375.0221,327.948,5.9882145,6.134857
1375.9967,328.1715,5.9894133,6.134058
1376.9714,328.39484,5.990612,6.1332583
1377.946,328.61798,5.9918113,6.132459
1378.9209,328.84097,5.99301,6.13166
1379.8956,329.06375,5.9942093,6.1308255
1380.8705,329.28635,5.9954076,6.129827
1381.8453,329.50876,5.9966063,6.128828
1382.8203,329.73102,5.997805,6.127829
1383.7953,329.9531,5.999004,6.12683
1384.7703,330.17505,6.0002027,6.125865
1385.7452,330.39682,6.0014014,6.125066
1386.7203,330.61847,6.0025997,6.1242666
1387.6954,330.83997,6.0037985,6.123468
1388.6705,331.0613,6.004997,6.1226687
1389.6456,331.28256,6.0061955,6.1218696
1390.6208,331.5037,6.0073943,6.1210704
1391.5961,331.7247,6.0085926,6.1202717
1392.5713,331.9456,6.0097914,6.1194725
1393.5465,332.16638,6.01099,6.1186733
1394.5219,332.38705,6.0121884,6.117874
1395.4971,332.60767,6.013387,6.117075
1396.4724,332.8282,6.014586,6.116276
1397.4478,333.0486,6.0157847,6.115477
1398.4231,333.26898,6.0169835,6.114678
1399.3984,333.48926,6.0181823,6.113848
1400.3739,333.7095,6.019381,6.1128488
1401.3492,333.92966,6.0205803,6.11185
1402.3246,334.14978,6.021779,6.110851
1403.3,334.36984,6.0229783,6.1098514
1404.2755,334.58987,6.024177,6.108882
1405.2509,334.80988,6.025377,6.1080823
1406.2263,335.02985,6.026576,6.1072826
1407.2018,335.2498,6.027776,6.106483
1408.1772,335.46973,6.028975,6.1056833
1409.1527,335.68964,6.0301743,6.1048837
1410.1282,335.90958,6.0313745,6.1040835
1411.1036,336.1295,6.0325747,6.103284
1412.079,336.3494,6.0337744,6.1024837
1413.0544,336.56934,6.0349746,6.1016836
1414.0299,336.7893,6.0361743,6.1008835
1415.0054,337.00928,6.037375,6.1000834
1415.9807,337.22928,6.0385756,6.0992827
1416.9562,337.44934,6.0397763,6.0984826
1417.9316,337.6694,6.040977,6.097682
1418.907,337.88956,6.0421777,6.0968814
1419.8824,338.10974,6.0433793,6.0960803
1420.8578,338.33,6.044581,6.0952797
1421.8331,338.5503,6.045782,6.0944786
1422.8085,338.7707,6.0469837,6.0936775
1423.7838,338.99115,6.0481853,6.092846
1424.759,339.2117,6.049387,6.091844
1425.7344,339.43237,6.050589,6.0908427
1426.7096,339.65314,6.0517907,6.089841
1427.6848,339.874,6.052993,6.0888395
1428.66,340.095,6.0541945,6.08787
1429.6353,340.3161,6.0553966,6.087069
1430.6104,340.53735,6.056598,6.086268
1431.5854,340.75876,6.0578,6.085467
1432.5605,340.98032,6.059002,6.0846653
1433.5356,341.202,6.0602036,6.083864
1434.5106,341.4239,6.0614047,6.0830636
1435.4856,341.6459,6.062606,6.082263
1436.4606,341.86813,6.063807,6.081462
1437.4354,342.09055,6.065008,6.0806613
1438.4103,342.31314,6.066174,6.0798607
1439.385,342.53592,6.067174,6.0790606
1440.3597,342.7589,6.068174,6.078261
1441.3345,342.98215,6.069174,6.077461
1442.3092,343.2056,6.0701737,6.0766606
1443.2837,343.4293,6.071521,6.0749927
1444.2583,343.65323,6.074517,6.069201
1445.2328,343.8774,6.0775123,6.06341
1446.2072,344.10184,6.0805078,6.057618
1447.1815,344.32648,6.0835032,6.051827
1448.1559,344.55133,6.0867968,6.0449753
1449.1301,344.77643,6.0915804,6.0328164
1450.1044,345.00177,6.0963645,6.0206575
1451.0785,345.2275,6.101148,6.0084987
1452.0525,345.45367,6.1059318,5.99634
1453.0264,345.68033,6.110744,5.984215
1454.0001,345.90747,6.1157155,5.9722834
1454.9739,346.13492,6.1206865,5.960352
1455.9476,346.36243,6.125658,5.9484205
1456.9214,346.58975,6.1306295,5.9364886
1457.8951,346.81665,6.1317387,5.929693
1458.8691,347.0432,6.104765,5.960237
1459.8429,347.27036,6.0777907,5.990781
1460.8163,347.49908,6.050817,6.0213246
1461.7891,347.73047,6.023844,6.051868
1462.761,347.96555,5.996514,6.08
1463.7316,348.206,5.965015,6.08
1464.7,348.45514,5.933515,6.08
1465.665,348.71677,5.9020157,6.08
1466.6256,348.9946,5.8705225,6.08
1467.5802,349.29224,5.843147,6.0767736
1468.5272,349.61316,5.877734,6.0247912
1469.4647,349.96088,5.9123163,5.972817
1470.3905,350.33878,5.9469137,5.9208193
1471.3018,350.75015,5.981534,5.868788
1472.1957,351.19818,6.014047,5.820855
1473.0693,351.68423,6.031052,5.8030405
1473.9227,352.20535,6.048047,5.7852364
1474.756,352.75803,6.065031,5.7674437
1475.5698,353.3389,6.0820103,5.7496557
1476.3652,353.94485,6.094099,5.7399287
1477.1431,354.5731,6.0833116,5.767896
1477.9049,355.22083,6.07252,5.795875
1478.652,355.88538,6.0617266,5.823857
1479.3861,356.56424,6.050934,5.8518376
1480.1091,357.25494,6.0530143,5.869768
1480.8225,357.95566,6.1169763,5.8393865
1481.5266,358.66562,6.180943,5.809002
1482.2219,359.38425,6.2449117,5.778617
1482.9087,360.11102,6.3088813,5.7482314
1483.5874,360.84534,6.3547993,5.730608
1484.2584,361.58673,6.312353,5.775457
1484.9221,362.33463,6.269907,5.820306
1485.579,363.08856,6.2274613,5.8651543
1486.2295,363.84796,6.1850157,5.910002
1486.874,364.61237,6.142539,5.954811
1487.5133,365.38132,6.099917,5.9994345
1488.1476,366.15433,6.057294,6.044059
1488.7773,366.93097,6.014671,6.0886827
1489.4032,367.7108,5.972048,6.133307
1490.0256,368.49338,5.9335175,6.174868
1490.6451,369.27832,5.913924,6.202259
1491.2623,370.0651,5.8943305,6.22965
1491.8777,370.85327,5.8747373,6.257041
1492.4918,371.64236,5.8551435,6.2844315
1493.1053,372.43195,5.8404427,6.308056
1493.7188,373.22162,5.848638,6.314052
1494.3323,374.0112,5.856833,6.3200483
1494.9462,374.8005,5.865028,6.326045
1495.5605,375.5894,5.8732233,6.3320413
1496.1758,376.37766,5.881418,6.338038
1496.7919,377.16522,5.889614,6.3440347
1497.4089,377.95212,5.89781,6.350032
1498.0266,378.7384,5.9060063,6.356029
1498.6451,379.5241,5.914202,6.3620257
1499.2643,380.30933,5.922398,6.368023
1499.884,381.09406,5.930595,6.3740206
1500.5043,381.87833,5.9387913,6.380018
1501.1252,382.6621,5.946988,6.3860154
1501.7467,383.44547,5.9551845,6.392013
1502.3687,384.2284,5.9633813,6.3980446
1502.9912,385.01086,5.971578,6.404242
1503.6144,385.7929,5.9797754,6.41044
1504.238,386.57452,5.9879727,6.416638
1504.862,387.35577,5.9961696,6.4228354
1505.4867,388.13666,6.0043335,6.429
1506.1117,388.9172,6.012331,6.434998
1506.7372,389.6974,6.020328,6.440996
1507.3629,390.47726,6.0283256,6.4469943
1507.9891,391.2568,6.036323,6.4529924
1508.6157,392.0361,6.0443535,6.4589906
1509.2427,392.81506,6.0525513,6.4649887
1509.8699,393.5938,6.0607486,6.470987
1510.4974,394.37228,6.0689464,6.476985
1511.1254,395.15054,6.0771437,6.482983
1511.7534,395.92856,6.085341,6.4889812
1512.3818,396.70642,6.0935388,6.4949794
1513.0104,397.48407,6.1017365,6.500978
1513.6392,398.26154,6.109934,6.506976
1514.2682,399.03888,6.1181316,6.5129743
1514.8973,399.81607,6.1263294,6.519005
1515.5266,400.59314,6.1345267,6.525203
1516.1561,401.3701,6.1427245,6.531401
1516.7856,402.14697,6.150922,6.5375996
1517.4153,402.92377,6.1591196,6.5437975
1518.0449,403.70053,6.167317,6.549964
1518.6747,404.47723,6.1755147,6.555962
1519.3044,405.2539,6.183712,6.56196
1519.9343,406.03058,6.19191,6.5679584
1520.5641,406.80722,6.200107,6.5739565
1521.194,407.5839,6.208305,6.5799546
1521.8237,408.3606,6.216502,6.5859528
1522.4534,409.13733,6.2246995,6.591951
1523.0831,409.91406,6.2328973,6.597949
1523.7128,410.69083,6.2410946,6.603947
1524.3424,411.46762,6.249292,6.6099453
1524.972,412.24442,6.257489,6.6159434
1525.6017,413.02124,6.265687,6.6219416
1526.2313,413.7981,6.2738843,6.6279397
1526.8608,414.57495,6.2820816,6.633938
1527.4904,415.35184,6.290279,6.639967
1528.1199,416.12872,6.298476,6.646165
1528.7494,416.90564,6.3066735,6.652363
1529.3789,417.6826,6.314871,6.6585608
1530.0083,418.45953,6.323068,6.6647587
1530.6378,419.2365,6.3312345,6.6709256
1531.2672,420.0135,6.3392315,6.6769238
1531.8966,420.7905,6.347229,6.682922
1532.5259,421.56754,6.355226,6.6889195
1533.1553,422.34457,6.3632236,6.6949177
1533.7845,423.1216,6.371251,6.7009153
1534.4138,423.8987,6.3794484,6.7069135
1535.0431,424.67578,6.3876457,6.712911
1535.6724,425.4529,6.3958426,6.7189093
1536.3016,426.23004,6.40404,6.724907
1536.9308,427.00717,6.4122367,6.730905
1537.56,427.78433,6.420434,6.7369027
1538.1892,428.56152,6.428631,6.742901
1538.8184,429.3387,6.436828,6.7488985
1539.4475,430.11594,6.445025,6.7548966
1540.0765,430.89316,6.4532223,6.7609243
1540.7057,431.6704,6.461419,6.767122
1541.3347,432.44766,6.4696164,6.7733197
1541.9637,433.22495,6.4778132,6.779517
1542.5928,434.00223,6.48601,6.785715
1543.2218,434.77954,6.4942074,6.7918835
1543.8508,435.55685,6.502404,6.797881
1544.4799,436.3342,6.510601,6.803879
1545.1088,437.11154,6.5187984,6.809877
1545.7377,437.88892,6.526995,6.8158746
1546.3666,438.6663,6.535192,6.821872
1546.9955,439.4437,6.543389,6.82787
1547.6244,440.2211,6.5515857,6.8338675
1548.2533,440.99854,6.559783,6.8398657
1548.8821,441.77597,6.56798,6.8458633
1549.511,442.55344,6.5761766,6.851861
1550.1398,443.3309,6.5843735,6.8578587
1550.7686,444.10837,6.5925703,6.8638563
1551.3973,444.88586,6.600767,6.869854
1552.0261,445.6634,6.608964,6.8758516
1552.6549,446.44092,6.6171327,6.881878
1553.2836,447.21844,6.6251297,6.8880754
1553.9122,447.996,6.6331267,6.8942733
1554.541,448.77356,6.6411233,6.9004707
1555.1697,449.55115,6.6491203,6.906668
1555.7983,450.32874,6.657145,6.912838
1556.427,451.10632,6.665342,6.9188356
1557.0557,451.88394,6.6735387,6.9248333
1557.6842,452.66156,6.6817355,6.930831
1558.3129,453.4392,6.6899323,6.9368286
1558.9414,454.21686,6.698129,6.9428263
1559.57,454.9945,6.706326,6.948824
1560.1986,455.7722,6.714523,6.9548216
1560.8271,456.5499,6.7227197,6.9608192
1561.4556,457.32758,6.7309165,6.966817
1562.0841,458.1053,6.7391133,6.9728146
1562.7126,458.883,6.74731,6.978812
1563.3411,459.66074,6.755507,6.98481
1563.9696,460.43848,6.763704,6.9908075
1564.598,461.21625,6.7719007,6.996805
1565.2266,461.99402,6.780097,7.0028296
1565.855,462.7718,6.788294,7.009027
1566.4834,463.54956,6.7964907,7.015225
1567.1118,464.32736,6.8046875,7.0214224
1567.7401,465.10516,6.8128843,7.02762
1568.3685,465.883,6.821081,7.033791
1568.997,466.66083,6.829278,7.0397887
1569.6252,467.43866,6.837475,7.0457864
1570.2537,468.2165,6.845671,7.051784
1570.882,468.99435,6.853868,7.0577817
1571.5103,469.77222,6.862065,7.0637794
1572.1385,470.5501,6.8702617,7.069777
1572.7668,471.32797,6.8784585,7.0757747
1573.3951,472.10587,6.8866553,7.0817723
1574.0234,472.8838,6.894852,7.08777
1574.6517,473.66168,6.903049,7.0937676
1575.2799,474.4396,6.911246,7.0997653
1575.9082,475.21753,6.919442,7.1057625
1576.5364,475.99548,6.927639,7.11176
1577.1647,476.7734,6.935836,7.117758
1577.7928,477.55136,6.9440074,7.1237807
1578.421,478.32935,6.9520044,7.1299787
1579.0493,479.1073,6.9600015,7.136176
1579.6775,479.88528,6.967998,7.1423736
1580.3057,480.66327,6.975995,7.148571
1580.9338,481.44125,6.984017,7.154744
1581.5619,482.21924,6.9922137,7.160742
1582.1901,482.99725,7.0004106,7.1667395
1582.8182,483.77527,7.0086074,7.172737
1583.4464,484.55328,7.016804,7.178735
1584.0745,485.33133,7.025001,7.1847324
1584.7026,486.10934,7.033198,7.19073
1585.3307,486.8874,7.0413947,7.1967278
1585.9589,487.66544,7.0495915,7.2027254
1586.5869,488.44348,7.0577884,7.208723
1587.215,489.22156,7.065985,7.2147207
1587.843,489.9996,7.074182,7.2207184
1588.4711,490.77768,7.082379,7.2267165
1589.0991,491.55576,7.0905757,7.232714
1589.7272,492.33386,7.0987725,7.238712
1590.3552,493.11194,7.10697,7.2447095
1590.9833,493.89,7.1151667,7.250707
1591.6113,494.66812,7.1233635,7.256705
1592.2394,495.44623,7.1315603,7.262703
1592.8674,496.22433,7.139757,7.2687006
1593.4954,497.00244,7.1479545,7.2747216
1594.1234,497.78058,7.1561513,7.280919
1594.7515,498.5587,7.164348,7.287117
1595.3794,499.33682,7.1725454,7.2933145
1596.0074,500.11496,7.1807423,7.2995124
1596.6354,500.89307,7.188939,7.3056874
1597.2634,501.67123,7.1971364,7.311685
1597.8914,502.44937,7.205333,7.3176827
1598.5194,503.2275,7.2135305,7.323681
1599.1473,504.00565,7.2217274,7.3296785
1599.7753,504.7838,7.229902,7.335676
1600.4032,505.56198,7.237899,7.3416743
1601.0313,506.34012,7.2458963,7.347672
1601.6592,507.1183,7.2538934,7.35367
1602.2871,507.89645,7.2618904,7.359668
1602.915,508.67462,7.26991,7.365666
1603.543,509.4528,7.278107,7.3716636
1604.1709,510.23096,7.286304,7.3776617
1604.7988,511.00916,7.2945013,7.3836594
1605.4268,511.78732,7.3026986,7.3896575
1606.0547,512.5655,7.310896,7.395677
1606.6826,513.3437,7.3190928,7.401875
1607.3105,514.1219,7.32729,7.408073
1607.9385,514.9001,7.3354874,7.414271
1608.5664,515.6782,7.3436847,7.420469
1609.1943,516.4564,7.351882,7.4266453
1609.8223,517.2346,7.3600793,7.4326434
1610.4502,518.0128,7.3682766,7.4386415
1611.0781,518.791,7.376474,7.444639
1611.706,519.5692,7.384671,7.4506373
1612.334,520.3474,7.3928685,7.4566355
1612.9619,521.1256,7.401066,7.4626336
1613.5897,521.9038,7.409263,7.4686317
1614.2177,522.682,7.4174604,7.47463
1614.8456,523.4602,7.425658,7.480628
1615.4735,524.23834,7.4338555,7.486626
1616.1014,525.01654,7.442053,7.4926243
1616.7294,525.79474,7.4502506,7.4986224
1617.3573,526.57294,7.458448,7.5046206
1617.9852,527.35114,7.4666452,7.5106187
1618.613,528.12933,7.474843,7.5166373
1619.241,528.90753,7.4830403,7.5228357
1619.8689,529.6857,7.491238,7.5290337
1620.4968,530.4639,7.499436,7.535232
1621.1248,531.2421,7.507633,7.54143
1621.7527,532.0203,7.515831,7.547608
1622.3806,532.7985,7.524029,7.5536065
1623.0085,533.57666,7.5322266,7.5596046
1623.6365,534.35486,7.540424,7.565603
1624.2644,535.13306,7.5486217,7.5716014
1624.8923,535.91125,7.5567994,7.5775995
1625.5203,536.6894,7.5647974,7.583598
1626.1482,537.4676,7.5727954,7.5895963
1626.7761,538.2458,7.580793,7.595595
1627.404,539.0239,7.588791,7.601593
1628.032,539.8021,7.5968084,7.6075916
1628.6599,540.58026,7.605006,7.6135902
1629.2878,541.35846,7.6132045,7.6195884
1629.9159,542.1366,7.6214023,7.625587
1630.5438,542.91473,7.6296,7.6315856
1631.1718,543.69293,7.6377983,7.6376033
1631.7997,544.47107,7.645996,7.643802
1632.4277,545.2492,7.6541944,7.6500006
1633.0557,546.02734,7.662392,7.656199
1633.6836,546.80554,7.6705904,7.6623974
1634.3116,547.5837,7.678788,7.6685767
1634.9396,548.3618,7.6869864,7.6745753
1635.5675,549.14,7.695184,7.680574
1636.1954,549.91815,7.7033825,7.6865726
1636.8235,550.6963,7.7115808,7.692571
1637.4514,551.4745,7.7197785,7.69857
1638.0793,552.2526,7.727977,7.7045684
1638.7073,553.0308,7.7361746,7.710567
1639.3352,553.809,7.744373,7.7165656
1639.9631,554.5872,7.7525706,7.722564
1640.5911,555.3654,7.760769,7.728563
1641.219,556.1436,7.7689667,7.734561
1641.8468,556.9218,7.777165,7.7405596
1642.4747,557.7,7.7853627,7.746558
1643.1025,558.4783,7.793561,7.752557
1643.7305,559.25653,7.801759,7.7585735
1644.3583,560.0347,7.8099566,7.764772
1644.9861,560.81305,7.8181543,7.7709703
1645.6139,561.5913,7.8263526,7.7771688
1646.2417,562.36957,7.8345504,7.783367
1646.8695,563.1479,7.842748,7.7895474
1647.4973,563.9262,7.850946,7.7955456
1648.125,564.7045,7.8591437,7.801544
1648.7527,565.4829,7.867341,7.8075423
1649.3804,566.2612,7.875539,7.8135405
1650.008,567.0396,7.8837185,7.819539
1650.6357,567.81805,7.891716,7.825537
1651.2634,568.59644,7.8997135,7.8315353
1651.891,569.3749,7.907711,7.8375335
1652.5186,570.1533,7.9157085,7.8435316
1653.1461,570.9318,7.9237237,7.8495297
1653.7737,571.7103,7.931921,7.8555274
1654.4012,572.48883,7.9401183,7.8615255
1655.0287,573.2674,7.9483156,7.8675237
1655.6561,574.04596,7.9565125,7.8735213
1656.2836,574.8245,7.9647098,7.8795366
1656.911,575.60315,7.9729066,7.885734
1657.5383,576.3818,7.9811034,7.891932
1658.1658,577.1604,7.9893003,7.8981295
1658.793,577.9391,7.997497,7.904327
1659.4203,578.71783,8.007454,7.9120307
1660.0475,579.4966,8.036441,7.9360204
1660.6747,580.2753,8.065429,7.96001
1661.3019,581.05414,8.094416,7.9839993
1661.9291,581.83295,8.123404,8.007989
1662.5562,582.6118,8.15361,8.033017
1663.1832,583.3907,8.19739,8.069599
1663.8102,584.1696,8.241168,8.106181
1664.4373,584.94855,8.284946,8.142763
1665.0641,585.72754,8.328725,8.179345
1665.691,586.50653,8.372519,8.215943
1666.3179,587.2856,8.416494,8.252723
1666.9447,588.06464,8.46047,8.289502
1667.5715,588.84375,8.504446,8.3262825
1668.1982,589.6229,8.548422,8.363062
1668.825,590.4021,8.5923815,8.399826
1669.4515,591.18134,8.636154,8.436403
1670.0781,591.9606,8.679927,8.4729805
1670.7047,592.73987,8.7237,8.509558
1671.3312,593.5192,8.767472,8.546135
1671.9576,594.2986,8.811245,8.5827265
1672.584,595.078,8.855015,8.619501
1673.2103,595.8575,8.898784,8.656275
1673.8367,596.63696,8.9425535,8.693049
1674.4629,597.4165,8.986322,8.729824
1675.0891,598.1961,9.030092,8.766583
1675.7152,598.9757,9.073857,8.803155
1676.3413,599.7554,9.117623,8.839726
1676.9674,600.5351,9.161389,8.876298
1677.5934,601.3148,9.205154,8.912869
1678.2192,602.09467,9.24892,8.949453
1678.8451,602.8745,9.292683,8.986221
1679.4708,603.6544,9.336444,9.022989
1680.0966,604.4344,9.380206,9.059757
1680.7223,605.21436,9.423967,9.096525
1681.3479,605.9944,9.467742,9.133281
1681.9735,606.7744,9.511699,9.169846
1682.5991,607.5545,9.555656,9.206409
1683.2245,608.3347,9.599614,9.242974
1683.8499,609.115,9.643572,9.279539
1684.4751,609.8954,9.687517,9.316115
1685.1001,610.6759,9.731277,9.352881
1685.7247,611.4567,9.775037,9.3896475
1686.3489,612.2379,9.818797,9.426414
1686.9723,613.0197,9.862556,9.463181
1687.595,613.8021,9.906318,9.499937
1688.2164,614.58545,9.950101,9.536522
1688.8369,615.3696,9.993883,9.573108
1689.4559,616.1549,10.037665,9.609694
1690.0735,616.94135,10.081449,9.646278
1690.6893,617.7291,10.125234,9.682877
1691.3033,618.5183,10.169057,9.719697
1691.9154,619.309,10.212881,9.756516
1692.5254,620.1014,10.256705,9.793337
1693.1329,620.89557,10.3005295,9.830157
1693.738,621.6916,10.344357,9.866969
1694.3406,622.4896,10.388232,9.903633
1694.9402,623.2898,10.432109,9.940296
1695.5369,624.0922,10.475986,9.97696
1696.1302,624.8971,10.519861,10.013624
1696.7202,625.7044,10.564167,10.052243
1697.3066,626.51434,10.614908,10.120234
1697.8894,627.3269,10.66565,10.188223
1698.4688,628.1419,10.716392,10.256213
1699.0446,628.9594,10.767134,10.324203
1699.617,629.7793,10.818104,10.393293
1700.1859,630.6015,10.871839,10.475699
1700.7517,631.42596,10.925572,10.558106
1701.3145,632.25256,10.979307,10.640512
1701.8743,633.0811,11.033042,10.7229185
1702.4312,633.9116,11.086767,10.805328
1702.9854,634.7439,11.140395,10.887772
1703.537,635.5779,11.194024,10.970216
1704.086,636.41364,11.247653,11.05266
1704.6324,637.25104,11.301281,11.135104
1705.1764,638.09,11.354929,11.218361
1705.718,638.9306,11.408771,11.309691
1706.2576,639.7725,11.462611,11.401022
1706.7953,640.61554,11.516453,11.4923525
1707.3318,641.45935,11.570294,11.583684
1707.8674,642.3037,11.62424,11.678159
1708.4022,643.1487,11.679431,11.810377
1708.9352,643.9946,11.734621,11.942596
1709.4656,644.84235,11.78981,12.074812
1709.9921,645.69244,11.844996,12.207021
1710.5138,646.5455,11.906566,12.334844
1711.029,647.4024,12.123729,12.35622
1711.5345,648.2652,12.340896,12.377597
1712.0264,649.1358,12.558079,12.398975
1712.5004,650.0162,12.775246,12.420353
1712.9526,650.90796,12.984252,12.4396
1713.379,651.8124,12.962035,12.39802
1713.7751,652.73047,12.939823,12.356449
1714.1365,653.6628,12.917605,12.314867
1714.4585,654.6094,12.792005,12.273273
1714.7361,655.5699,12.542047,12.088251
1714.9652,656.5431,12.2920885,11.838292
1715.1437,657.52686,12.042131,11.588336
1715.2694,658.51874,11.792177,11.338382
1715.3405,659.51605,11.542225,11.088429
1715.3546,660.51575,11.292275,10.838479
1715.3107,661.5146,11.042325,10.58853
1715.209,662.5092,10.792375,10.338579
1715.05,663.4963,10.542424,10.088629
1714.8342,664.47253,10.292475,9.838678
1714.5618,665.43445,10.042525,9.58873
1714.2332,666.3787,9.801304,9.338781
1713.849,667.30176,9.560113,9.088834
1713.41,668.2,9.319153,8.838887
1712.9175,669.07007,9.0786495,8.588942
1712.3727,669.9083,8.842616,8.338997
1711.7764,670.7108,8.713825,8.250762
1711.1268,671.4708,8.585007,8.162508
1710.4216,672.1794,8.455787,8.07398
1709.6593,672.826,8.326013,7.985071
1708.8397,673.3982,8.196011,7.8959684
1707.967,673.8855,8.203267,7.8746133
1707.053,674.29016,8.2105,7.853329
1706.109,674.61914,8.217704,7.832129
1705.1438,674.8799,8.224893,7.8109736
1704.1642,675.0796,8.235332,7.7981434
1703.1749,675.225,8.263997,7.832184
1702.1799,675.32336,8.292737,7.866313
1701.1819,675.3826,8.321499,7.9004674
1700.1824,675.411,8.350258,7.934619
1699.1825,675.4168,8.378204,7.964613
1698.1826,675.4064,8.401172,7.9690065
1697.183,675.3804,8.424142,7.973401
1696.184,675.33875,8.447116,7.977796
1695.1857,675.2813,8.470091,7.982191
1694.1885,675.208,8.490161,7.979042
1693.1925,675.11884,8.491369,7.9269037
1692.198,675.0143,8.492577,7.874768
1691.2053,674.89496,8.493785,7.822635
1690.2144,674.7614,8.494992,7.770504
1689.2252,674.6142,8.482583,7.726967
1688.2383,674.45386,8.401518,7.726765
1687.2534,674.2809,8.32045,7.7265635
1686.2708,674.09576,8.23938,7.7263618
1685.2904,673.8988,8.15831,7.72616
1684.3125,673.6906,8.083637,7.722712
1683.3368,673.47156,8.033514,7.7068095
1682.3635,673.2422,7.9833913,7.6909075
1681.3927,673.003,7.9332685,7.675005
1680.4241,672.7544,7.883146,7.6591024
1679.4579,672.497,7.837571,7.6408653
1678.4939,672.2312,7.806482,7.6151915
1677.5322,671.95746,7.7753925,7.5895176
1676.5726,671.67633,7.7443027,7.5638437
1675.6151,671.38824,7.7132134,7.53817
1674.6595,671.09357,7.6822047,7.512521
1673.7059,670.7929,7.651434,7.486945
1672.754,670.4866,7.6206636,7.4613695
1671.8038,670.1751,7.589893,7.4357944
1670.8552,669.8589,7.5591226,7.4102187
1669.9081,669.5384,7.528375,7.384662
1668.9622,669.21405,7.497697,7.3591638
1668.0175,668.8863,7.467019,7.333665
1667.0739,668.5555,7.436341,7.3081665
1666.1312,668.2221,7.4056625,7.2826676
1665.1892,667.8865,7.3749948,7.2571774
1664.2479,667.5491,7.3443623,7.2317166
1663.3071,667.2104,7.31373,7.206256
1662.3667,666.8707,7.283097,7.1807947
1661.4264,666.53064,7.2524643,7.155334
1660.4861,666.1904,7.2217894,7.1298714
1659.5457,665.85065,7.1909466,7.104401
1658.605,665.5115,7.1601043,7.0789313
1657.664,665.17334,7.1292615,7.053461
1656.7224,664.83655,7.0984187,7.027991
1655.7804,664.50134,7.0712476,7.0059133
1654.8376,664.168,7.0612826,6.9997354
1653.8943,663.8365,7.0513177,6.993557
1652.9503,663.50665,7.041353,6.987379
1652.0057,663.1784,7.0313883,6.9812007
1651.0607,662.8517,7.0215793,6.9752107
1650.1152,662.5264,7.012598,6.970221
1649.1692,662.2025,7.0036173,6.965232
1648.2227,661.88,6.994636,6.9602423
1647.2758,661.5588,6.9856553,6.955253
1646.3284,661.23883,6.9766726,6.9502625
1645.3806,660.9201,6.967682,6.9452677
1644.4324,660.60254,6.9586906,6.940273
1643.4839,660.28613,6.9497,6.9352775
1642.535,659.97076,6.9407086,6.9302826
1641.5857,659.65643,6.931745,6.925287
1640.6362,659.3431,6.922946,6.9202876
1639.6863,659.0306,6.9141474,6.9152884
1638.7362,658.71893,6.905349,6.910289
1637.7858,658.40814,6.8965497,6.9052896
1636.8352,658.098,6.8877215,6.90029
1635.8843,657.7887,6.8787174,6.8952875
1634.9332,657.4799,6.869713,6.890285
1633.9819,657.1718,6.8607087,6.8852825
1633.0305,656.8642,6.851704,6.88028
1632.0789,656.55707,6.8426995,6.8752775
1631.1272,656.2504,6.8336916,6.870273
1630.1753,655.9441,6.8246837,6.8652687
1629.2234,655.6381,6.8156757,6.8602643
1628.2712,655.3324,6.806668,6.85526
1627.3192,655.0269,6.7976894,6.8502555
1626.367,654.72156,6.78888,6.84525
1625.4148,654.4164,6.780071,6.840245
1624.4625,654.1112,6.771261,6.8352394
1623.5104,653.806,6.762452,6.830234
1622.5581,653.50085,6.753612,6.8252287
1621.606,653.19556,6.7446027,6.820224
1620.6538,652.8901,6.7355933,6.8152184
1619.7017,652.5844,6.726584,6.8102136
1618.7498,652.2785,6.717575,6.805208
1617.7979,651.9722,6.708566,6.8002033
1616.8461,651.6655,6.6995587,6.7951994
1615.8945,651.3585,6.6905518,6.7901955
1614.943,651.0511,6.6815443,6.785191
1613.9916,650.74335,6.6725373,6.780187
1613.0403,650.4352,6.6635303,6.7751837
1612.0892,650.12665,6.6545253,6.7701807
1611.1382,649.81775,6.6455207,6.765178
1610.1873,649.50854,6.6365156,6.760175
1609.2365,649.199,6.627511,6.7551727
1608.2858,648.8891,6.61854,6.75017
1607.3351,648.579,6.609737,6.7451687
1606.3846,648.2685,6.6009345,6.740167
1605.4342,647.9577,6.592132,6.735166
1604.4839,647.64667,6.583329,6.7301645
1603.5336,647.3354,6.5744934,6.725163
1602.5835,647.02386,6.565493,6.720163
1601.6334,646.71204,6.5564923,6.7151623
1600.6833,646.4,6.5474916,6.710162
1599.7335,646.08777,6.538491,6.7051616
1598.7836,645.77527,6.5294905,6.7001615
1597.8339,645.46265,6.5204916,6.6951623
1596.8842,645.1498,6.5114927,6.6901627
1595.9344,644.83673,6.502494,6.6851635
1594.9849,644.5235,6.493495,6.680164
1594.0353,644.2101,6.48453,6.6751647
1593.0858,643.8966,6.475733,6.6701665
1592.1364,643.5829,6.466935,6.665168
1591.1869,643.2691,6.458138,6.660169
1590.2375,642.9552,6.449341,6.655171
1589.2882,642.6412,6.4408083,6.6504374
1588.3389,642.327,6.4336114,6.647039
1587.3895,642.0128,6.426415,6.6436405
1586.4403,641.6985,6.419218,6.6402416
1585.4911,641.38416,6.412021,6.636843
1584.5419,641.0697,6.4058366,6.634261
1583.5927,640.75525,6.404837,6.6358604
1582.6436,640.44073,6.4038377,6.6374593
1581.6943,640.1262,6.4028387,6.6390586
1580.7451,639.81165,6.4018393,6.6406574
1579.796,639.49713,6.4008718,6.6422887
1578.8468,639.18256,6.400072,6.6440873
1577.8977,638.86804,6.399273,6.6458864
1576.9485,638.5535,6.3984733,6.647685
1575.9993,638.2391,6.397674,6.6494837
1575.05,637.9246,6.3968744,6.651283
1574.1008,637.6103,6.3960752,6.6530814
1573.1516,637.29596,6.3952756,6.65488
1572.2023,636.98175,6.3944764,6.6566787
1571.253,636.6676,6.3936768,6.6584773
1570.3037,636.3536,6.3928466,6.6602454
1569.3542,636.0396,6.3918476,6.661844
1568.4049,635.7258,6.390848,6.6634426
1567.4554,635.4121,6.389849,6.6650414
1566.5059,635.0986,6.3888497,6.6666403
1565.5564,634.7852,6.387881,6.6682687
1564.6068,634.472,6.387081,6.6700673
1563.6571,634.1589,6.386282,6.671866
1562.7074,633.846,6.3854823,6.673664
1561.7576,633.5333,6.384683,6.6754627
1560.8077,633.2208,6.383855,6.6772323
1559.8578,632.90857,6.3828554,6.678831
1558.9078,632.5965,6.3818564,6.68043
1557.9578,632.28467,6.3808575,6.6820283
1557.0076,631.9731,6.379858,6.683627
1556.0574,631.6618,6.378887,6.685254
1555.107,631.3507,6.3780875,6.6870527
1554.1566,631.0399,6.3772883,6.6888514
1553.2062,630.72943,6.376489,6.69065
1552.2556,630.4192,6.3756895,6.692448
1551.3049,630.1093,6.3748627,6.694247
1550.3541,629.79974,6.3738637,6.6960454
1549.4032,629.4905,6.3728642,6.6978445
1548.4521,629.1815,6.371865,6.699643
1547.501,628.873,6.370866,6.701442
1546.5498,628.56476,6.369893,6.7032137
1545.5984,628.2569,6.369094,6.7048125
1544.647,627.9494,6.3682942,6.7064114
1543.6953,627.64233,6.3674946,6.70801
1542.7435,627.33563,6.3666954,6.7096095
1541.7917,627.02936,6.3658957,6.711234
1540.8397,626.7235,6.3650966,6.713033
1539.8876,626.4181,6.364297,6.7148323
1538.9353,626.1131,6.3634973,6.716631
1537.9828,625.8086,6.3626976,6.71843
1537.0303,625.5045,6.3618727,6.7202034
1536.0775,625.2009,6.360873,6.7218027
1535.1246,624.8978,6.359874,6.723402
1534.1716,624.5952,6.3588743,6.7250013
1533.2184,624.2931,6.357875,6.7266006
1532.2651,623.9914,6.3569,6.7282248
1531.3116,623.6902,6.3561006,6.730024
1530.3579,623.38947,6.355301,6.7318234
1529.4042,623.08923,6.3545012,6.7336226
1528.4502,622.7894,6.3537016,6.7354217
1527.4961,622.4901,6.352877,6.7372212
1526.542,622.1912,6.351877,6.739021
1525.5875,621.89276,6.350878,6.74082
1524.633,621.5947,6.349878,6.7426195
1523.6785,621.2971,6.3488784,6.744419
1522.7238,621,6.347903,6.7461944
1521.7688,620.70325,6.347103,6.7477937
1520.8138,620.4069,6.3463035,6.7493935
1519.8586,620.111,6.3455033,6.7509933
1518.9034,619.81555,6.3447037,6.7525926
1517.948,619.52045,6.3438797,6.7542167
1516.9924,619.2257,6.34288,6.7560163
1516.0369,618.9314,6.3418803,6.757816
1515.081,618.6375,6.3408804,6.7596154
1514.1252,618.34393,6.3398805,6.761415
1513.1692,618.0508,6.3389044,6.763191
1512.2131,617.758,6.3381047,6.764791
1511.257,617.4656,6.3373046,6.766391
1510.3005,617.1735,6.336505,6.7679906
1509.3441,616.8818,6.335705,6.7695904
1508.3876,616.59045,6.334929,6.771
1507.4309,616.29944,6.3343287,6.771
1506.4742,616.0087,6.333729,6.771
1505.5173,615.7184,6.333129,6.771
1504.5604,615.4284,6.332529,6.771
1503.6034,615.1387,6.3319526,6.7709055
1502.6462,614.8493,6.3315525,6.7701054
1501.689,614.56024,6.331153,6.7693057
1500.7316,614.27155,6.330753,6.7685056
1499.7742,613.9831,6.330353,6.7677054
1498.8167,613.69495,6.3299527,6.766906
1497.8591,613.4071,6.3295527,6.7661057
1496.9014,613.1195,6.329153,6.765306
1495.9436,612.8323,6.328753,6.764506
1494.9857,612.5452,6.328353,6.7637057
1494.0278,612.25854,6.3279295,6.762906
1493.0698,611.97205,6.3273296,6.762106
1492.1117,611.68585,6.32673,6.7613063
1491.1536,611.3999,6.3261294,6.760506
1490.1953,611.1142,6.3255296,6.759706
1489.2369,610.8288,6.324953,6.7589064
1488.2786,610.5436,6.324553,6.758106
1487.3201,610.2586,6.3241534,6.7573066
1486.3616,609.9739,6.3237534,6.7565064
1485.403,609.6894,6.3233533,6.7557063
1484.4443,609.4051,6.322953,6.7548833
1483.4856,609.12103,6.322553,6.7538834
1482.5267,608.83716,6.3221536,6.7528834
1481.5679,608.55347,6.3217535,6.7518835
1480.609,608.27,6.3213534,6.7508836
1479.65,607.98676,6.3209534,6.749907
1478.691,607.7037,6.3205533,6.749107
1477.7319,607.42084,6.3201537,6.748307
1476.7728,607.1381,6.3197536,6.747507
1475.8136,606.8556,6.3193536,6.7467074
1474.8544,606.5732,6.3189535,6.7459073
1473.895,606.291,6.318554,6.7451077
1472.9358,606.009,6.318154,6.7443075
1471.9763,605.72705,6.317754,6.743508
1471.017,605.4453,6.3173537,6.7427077
1470.0575,605.1637,6.316954,6.741908
1469.098,604.8822,6.316554,6.7411084
1468.1384,604.6009,6.316154,6.7403083
1467.1788,604.3197,6.3157544,6.7395086
1466.2192,604.0386,6.3153543,6.7387085
1465.2596,603.7576,6.3149314,6.737909
1464.2999,603.47675,6.3143315,6.737109
1463.3402,603.19604,6.3137317,6.736309
1462.3805,602.91534,6.313132,6.7355094
1461.4208,602.6348,6.3125324,6.7347097
1460.4609,602.3543,6.311955,6.733887
1459.5011,602.074,6.311555,6.7328877
1458.5413,601.79364,6.3111553,6.731888
1457.5814,601.5134,6.3107553,6.730888
1456.6216,601.2333,6.310355,6.7298884
1455.6616,600.9532,6.3099556,6.728911
1454.7017,600.6731,6.3095555,6.7281113
1453.7418,600.3931,6.309156,6.7273116
1452.7819,600.1132,6.308756,6.726512
1451.8219,599.8333,6.3083563,6.7257123
1450.8619,599.55347,6.307956,6.7249126
1449.9019,599.2737,6.307556,6.724113
1448.9419,598.99396,6.3071566,6.7233133
1447.9819,598.7143,6.3067565,6.7225137
1447.0219,598.43463,6.306357,6.7217135
1446.0618,598.1551,6.305957,6.720914
1445.1017,597.8756,6.3055573,6.7201147
1444.1416,597.5961,6.3051577,6.719315
1443.1815,597.3168,6.3047576,6.7185154
1442.2214,597.0375,6.304358,6.7177157
1441.2612,596.75824,6.303937,6.716916
1440.301,596.47906,6.303337,6.7161164
1439.3408,596.2,6.3027377,6.715317
1438.3806,595.921,6.302138,6.714517
1437.4204,595.6421,6.301538,6.7137175
1436.4601,595.3632,6.300959,6.7128973
1435.4999,595.0845,6.300559,6.711898
1434.5396,594.8058,6.3001595,6.7108984
1433.5792,594.5272,6.29976,6.709899
1432.6188,594.2487,6.29936,6.7088995
1431.6584,593.97034,6.29896,6.70792
1430.698,593.692,6.29856,6.7071204
1429.7375,593.4138,6.2981606,6.706321
1428.7771,593.13574,6.2977605,6.7055216
1427.8165,592.8577,6.297361,6.704722
1426.856,592.57983,6.2969613,6.7039223
1425.8954,592.30206,6.2965612,6.7031226
1424.9348,592.0244,6.2961617,6.702323
1423.9742,591.7468,6.2957616,6.7015233
1423.0135,591.4694,6.295362,6.700724
1422.0529,591.1921,6.2949624,6.6999245
1421.092,590.91486,6.2945623,6.699125
1420.1313,590.63776,6.2941628,6.698325
1419.1705,590.36084,6.2937627,6.6975255
1418.2096,590.084,6.293363,6.696726
1417.2488,589.8073,6.292945,6.6959267
1416.2878,589.5307,6.292345,6.695127
1415.3269,589.2543,6.291745,6.6943274
1414.3658,588.97797,6.291146,6.6935277
1413.4049,588.7018,6.290546,6.692728
1412.4437,588.4258,6.289964,6.6919103
1411.4827,588.14984,6.2895646,6.690911
1410.5215,587.87415,6.2891645,6.6899114
1409.5603,587.5985,6.288765,6.688912
1408.599,587.3231,6.288365,6.6879125
1407.6377,587.04785,6.2879653,6.68693
1406.6764,586.77277,6.287565,6.6861305
1405.715,586.49786,6.2871656,6.685331
1404.7535,586.2232,6.2867656,6.684531
1403.792,585.9487,6.286366,6.6837316
1402.8304,585.67444,6.285966,6.682932
1401.8688,585.40045,6.285566,6.6821322
1400.9071,585.12665,6.2851663,6.6813326
1399.9453,584.8531,6.284766,6.680533
1398.9834,584.57983,6.2843666,6.679733
1398.0215,584.3068,6.2839665,6.678933
1397.0594,584.0341,6.283567,6.6781335
1396.0973,583.76166,6.283167,6.677334
1395.1351,583.48956,6.282767,6.676534
1394.1729,583.2178,6.282367,6.6757345
1393.2104,582.9463,6.281967,6.674918
1392.248,582.6751,6.2815676,6.6739187
1391.2854,582.4043,6.2811675,6.672919
1390.3228,582.13385,6.2807674,6.6719193
1389.36,581.8637,6.280368,6.6709194
1388.3972,581.594,6.279968,6.6699357
1387.4342,581.32465,6.279568,6.669136
1386.4711,581.0557,6.279168,6.6683364
1385.5079,580.7872,6.278768,6.6675363
1384.5446,580.51904,6.2783685,6.6667366
1383.5812,580.25134,6.278,6.6659207
1382.6176,579.9841,6.278,6.6649213
1381.6539,579.7173,6.278,6.6639214
1380.6902,579.4509,6.278,6.6629214
1379.7262,579.185,6.278,6.661922
1378.7622,578.91956,6.2780156,6.660922
1377.798,578.65466,6.2782154,6.659922
1376.8336,578.3902,6.2784157,6.6589227
1375.8691,578.1263,6.2786155,6.6579227
1374.9045,577.86285,6.2788153,6.656923
1373.9398,577.6,6.2790155,6.655923
1372.9749,577.3376,6.2792153,6.6549234
1372.0099,577.0758,6.279415,6.6539235
1371.0447,576.8146,6.2796154,6.6529236
1370.0792,576.5539,6.279815,6.6519237
1369.1138,576.29376,6.28,6.650939
1368.1481,576.0342,6.28,6.6501393
1367.1824,575.7752,6.28,6.6493397
1366.2163,575.5167,6.28,6.6485395
1365.2502,575.25885,6.28,6.64774
1364.284,575.00146,6.280015,6.646925
1363.3176,574.7446,6.280215,6.645925
1362.3511,574.4883,6.280415,6.644925
1361.3845,574.2325,6.280615,6.643925
1360.4177,573.9771,6.2808146,6.6429257
1359.4508,573.7223,6.281015,6.641926
1358.4838,573.4679,6.2812147,6.640926
1357.5166,573.21405,6.281415,6.639926
1356.5493,572.96063,6.281615,6.6389265
1355.5819,572.70764,6.2818146,6.6379266
1354.6144,572.45514,6.282,6.6369267
1353.6467,572.20306,6.282,6.635927
1352.679,571.9515,6.282,6.6349273
1351.711,571.70026,6.282,6.6339273
1350.7432,571.44946,6.282,6.6329274
1349.775,571.1991,6.2820144,6.631928
1348.8069,570.9491,6.282214,6.630928
1347.8386,570.6995,6.2824144,6.629928
1346.8702,570.4503,6.282614,6.6289287
1345.9017,570.2015,6.282814,6.6279287
1344.9331,569.95306,6.2830143,6.626929
1343.9645,569.70496,6.283214,6.6259294
1342.9957,569.4572,6.283414,6.6249294
1342.0269,569.20984,6.283614,6.62393
1341.058,568.96277,6.283814,6.62293
1340.089,568.716,6.284,6.62193
1339.1199,568.4696,6.284,6.6209307
1338.1506,568.2235,6.284,6.6199307
1337.1814,567.9777,6.284,6.6189313
1336.212,567.73224,6.284,6.6179314
1335.2427,567.487,6.2840137,6.616932
1334.2732,567.24207,6.2842135,6.615932
1333.3037,566.99744,6.2844133,6.6149325
1332.3341,566.75305,6.2846136,6.6139326
1331.3644,566.5089,6.2848134,6.612933
1330.3947,566.265,6.285013,6.611933
1329.4249,566.02136,6.2852135,6.610934
1328.4551,565.77795,6.2854133,6.609934
1327.4851,565.5347,6.285613,6.6089344
1326.5151,565.29175,6.285813,6.6079345
1325.5452,565.04895,6.286,6.606935
1324.5751,564.8064,6.286,6.605935
1323.605,564.56396,6.286,6.6049356
1322.6349,564.3218,6.286,6.603936
1321.6647,564.0797,6.286,6.6029363
1320.6945,563.8379,6.2860126,6.601937
1319.7241,563.5961,6.2862124,6.600937
1318.7538,563.35455,6.2864127,6.5999374
1317.7834,563.11316,6.2866125,6.598938
1316.8131,562.8719,6.2868123,6.597938
1315.8427,562.6307,6.287012,6.5969386
1314.8722,562.38965,6.2872124,6.595939
1313.9017,562.1487,6.287412,6.594939
1312.9313,561.90784,6.287612,6.59394
1311.9608,561.6671,6.2878118,6.5929403
1310.9902,561.42645,6.288,6.591976
1310.0197,561.18585,6.288,6.5915766
1309.0491,560.9453,6.288,6.5911765
1308.0785,560.70483,6.288,6.590777
1307.1079,560.4644,6.288,6.590377
1306.1373,560.22406,6.288,6.590069
1305.1666,559.9837,6.288,6.591268
1304.196,559.7434,6.288,6.592468
1303.2255,559.5031,6.288,6.593667
1302.2548,559.2628,6.288,6.5948668
1301.2842,559.0226,6.288,6.596066
1300.3135,558.7823,6.288,6.5972657
1299.3429,558.542,6.288,6.598465
1298.3723,558.30164,6.288,6.5996647
1297.4016,558.0613,6.288,6.600864
1296.431,557.82086,6.288,6.602053
1295.4604,557.58044,6.288,6.6030526
1294.4899,557.33997,6.288,6.604052
1293.5193,557.09937,6.288,6.6050515
1292.5488,556.85876,6.288,6.606051
1291.5782,556.61804,6.288,6.607061
1290.6078,556.37726,6.288,6.60826
1289.6372,556.13635,6.288,6.60946
1288.6667,555.8954,6.288,6.610659
1287.6964,555.65424,6.288,6.611859
1286.726,555.413,6.288,6.6130486
1285.7556,555.17163,6.288,6.614048
1284.7853,554.9301,6.288,6.6150475
1283.815,554.6885,6.288,6.616047
1282.8447,554.4467,6.288,6.6170464
1281.8745,554.20483,6.288,6.6180553
1280.9043,553.9629,6.288,6.6192546
1279.9341,553.72076,6.288,6.6204543
1278.964,553.4786,6.288,6.6216536
1277.9938,553.2363,6.288,6.6228533
1277.0237,552.99396,6.288,6.6240525
1276.0536,552.7516,6.288,6.6252522
1275.0835,552.5091,6.288,6.6264515
1274.1134,552.2666,6.288,6.627651
1273.1433,552.02405,6.288,6.6288505
1272.1732,551.7815,6.288,6.6300416
1271.2032,551.53894,6.288,6.631041
1270.2332,551.2963,6.288,6.6320405
1269.2631,551.0538,6.288,6.6330404
1268.2931,550.81116,6.288,6.63404
1267.323,550.5686,6.288,6.6350474
1266.3529,550.3261,6.288,6.6362467
1265.3828,550.0836,6.288,6.6374464
1264.4127,549.8412,6.288,6.6386456
1263.4426,549.5988,6.288,6.6398454
1262.4725,549.35645,6.288,6.6410446
1261.5023,549.11426,6.288,6.6422443
1260.5321,548.8721,6.288,6.6434436
1259.562,548.63007,6.288,6.6446433
1258.5918,548.38806,6.288,6.6458426
1257.6215,548.14624,6.288,6.647035
1256.6512,547.90454,6.288,6.6480346
1255.6809,547.66296,6.288,6.6490345
1254.7106,547.4215,6.288,6.650034
1253.7402,547.18024,6.288,6.6510334
1252.7698,546.93915,6.288,6.65204
1251.7993,546.6982,6.288,6.6532393
1250.8287,546.4574,6.288,6.654439
1249.8583,546.2168,6.288,6.6556387
1248.8876,545.97644,6.288,6.656838
1247.917,545.73627,6.288,6.6580377
1246.9463,545.4963,6.288,6.6592374
1245.9755,545.25653,6.288,6.6604366
1245.0046,545.017,6.288,6.6616364
1244.0338,544.7778,6.288,6.662836
1243.0629,544.53876,6.288,6.6640296
1242.0918,544.30005,6.288,6.6650295
1241.1207,544.0616,6.288,6.666029
1240.1495,543.8234,6.288,6.6670284
1239.1783,543.5855,6.288,6.6680284
1238.207,543.3479,6.288,6.6690335
1237.2357,543.11066,6.288,6.6702332
1236.2643,542.8737,6.288,6.671433
1235.2927,542.6371,6.288,6.6726327
1234.321,542.40076,6.288,6.6738324
1233.3494,542.16486,6.287995,6.6750264
1232.3776,541.92926,6.2877946,6.6760263
1231.4058,541.69403,6.287595,6.6770263
1230.4337,541.4592,6.287395,6.6780257
1229.4617,541.22473,6.2871947,6.6790257
1228.4896,540.9907,6.287,6.6800303
1227.5173,540.7571,6.287,6.68123
1226.5449,540.5238,6.287,6.68243
1225.5725,540.291,6.287,6.6836295
1224.6,540.0586,6.287,6.684829
1223.6273,539.82666,6.287,6.686029
1222.6545,539.5952,6.287,6.6872287
1221.6816,539.3642,6.287,6.6884284
1220.7086,539.1336,6.287,6.689628
1219.7356,538.90356,6.287,6.690828
1218.7623,538.67395,6.287,6.692023
1217.7891,538.4449,6.287,6.6930227
1216.8156,538.2163,6.287,6.6940227
1215.8419,537.9882,6.287,6.6950226
1214.8683,537.76074,6.287,6.696022
1213.8944,537.53375,6.287,6.6970263
1212.9205,537.30725,6.287,6.698226
1211.9464,537.08136,6.287,6.6994257
1210.9722,536.8561,6.287,6.700626
1209.9978,536.6313,6.287,6.7018256
1209.0233,536.40717,6.287,6.7030253
1208.0487,536.1836,6.287,6.704225
1207.074,535.9606,6.287,6.705425
1206.0991,535.7382,6.287,6.7066245
1205.124,535.5165,6.287,6.707824
1204.1489,535.2954,6.287,6.70902
1203.1736,535.07495,6.287,6.71002
1202.1981,534.85516,6.287,6.7110195
1201.2224,534.63605,6.287,6.7120194
1200.2467,534.4175,6.287,6.7130194
1199.2708,534.19965,6.2869773,6.714
1198.2948,533.98236,6.285777,6.714
1197.3186,533.76575,6.2845774,6.714
1196.3423,533.5497,6.2833776,6.714
1195.3658,533.33417,6.282178,6.714
1194.3893,533.11926,6.280978,6.7140036
1193.4126,532.9048,6.2797785,6.7142034
1192.4358,532.69086,6.2785788,6.7144036
1191.459,532.4774,6.277379,6.7146034
1190.4819,532.2644,6.2761793,6.714803
1189.5049,532.0518,6.2749834,6.715
1188.5277,531.8397,6.2739835,6.715
1187.5504,531.628,6.2729836,6.715
1186.5731,531.4166,6.271984,6.715
1185.5957,531.2056,6.270984,6.715
1184.6182,530.995,6.2699814,6.715003
1183.6406,530.78467,6.2687817,6.715203
1182.663,530.57465,6.2675824,6.715403
1181.6853,530.3649,6.2663827,6.715603
1180.7075,530.15546,6.265183,6.7158027
1179.7297,529.9462,6.2639832,6.716
1178.752,529.7372,6.2627835,6.716
1177.774,529.5284,6.2615843,6.716
1176.7961,529.31976,6.2603846,6.716
1175.8181,529.1113,6.259185,6.716
1174.8402,528.903,6.257988,6.7160025
1173.8622,528.6948,6.256988,6.7162023
1172.8842,528.48676,6.2559886,6.7164025
1171.906,528.27875,6.2549887,6.7166023
1170.928,528.07086,6.253989,6.716802
1169.9498,527.863,6.2529874,6.717
1168.9718,527.6551,6.251788,6.717
1167.9937,527.44727,6.2505884,6.717
1167.0156,527.2394,6.2493887,6.717
1166.0375,527.0315,6.2481894,6.717
1165.0594,526.8236,6.2469897,6.717002
1164.0814,526.61554,6.24579,6.7172017
1163.1034,526.4075,6.2445908,6.7174015
1162.1254,526.1993,6.243391,6.7176013
1161.1473,525.9909,6.2421913,6.7178016
1160.1694,525.78235,6.240992,6.718
1159.1915,525.57367,6.2397923,6.718
1158.2136,525.3648,6.238593,6.718
1157.2358,525.15576,6.2373934,6.718
1156.258,524.94653,6.2361937,6.718
1155.2803,524.7371,6.2349954,6.718001
1154.3025,524.5276,6.2339954,6.7182007
1153.3248,524.3179,6.232996,6.718401
1152.3472,524.10803,6.2319965,6.7186007
1151.3695,523.89813,6.2309966,6.7188005
1150.3918,523.6881,6.2299967,6.719
1149.4143,523.47797,6.228797,6.719
1148.4366,523.2678,6.2275977,6.719
1147.4591,523.0576,6.226398,6.719
1146.4814,522.84735,6.2251987,6.719
1145.5039,522.6371,6.223999,6.7190003
1144.5264,522.4268,6.2227993,6.7192
1143.5488,522.2166,6.2216,6.7194
1142.5712,522.00635,6.2204003,6.7195997
1141.5936,521.79614,6.219201,6.7198
1140.616,521.58606,6.2180014,6.72
1139.6384,521.376,6.2170014,6.7201996
1138.6608,521.166,6.216002,6.7204
1137.6831,520.9561,6.215002,6.7205997
1136.7054,520.74634,6.2140026,6.7207994
1135.7277,520.5367,6.213003,6.7209992
1134.75,520.3272,6.211804,6.721
1133.7722,520.11786,6.2106047,6.721
1132.7944,519.90875,6.209405,6.721
1131.8165,519.69977,6.208205,6.721
1130.8386,519.49097,6.207006,6.721
1129.8607,519.2824,6.2058063,6.721199
1128.8827,519.0741,6.2046065,6.721399
1127.9047,518.866,6.2034073,6.7215986
1126.9265,518.65826,6.2022076,6.721799
1125.9484,518.45074,6.201008,6.7219987
1124.9702,518.24347,6.200007,6.722
1123.992,518.03656,6.1990075,6.722
1123.0135,517.82996,6.1980076,6.722
1122.0352,517.6237,6.197008,6.722
1121.0566,517.4178,6.196008,6.722
1120.078,517.2122,6.1948104,6.7221985
1119.0994,517.0071,6.1936107,6.7223983
1118.1206,516.8023,6.1924114,6.722598
1117.1418,516.59796,6.1912117,6.722798
1116.1628,516.394,6.190012,6.722998
1115.1838,516.1905,6.1888123,6.723
1114.2048,515.98737,6.1876125,6.723
1113.2256,515.78467,6.1864133,6.723
1112.2463,515.5824,6.1852136,6.723
1111.2671,515.3805,6.184014,6.723
1110.2876,515.179,6.183012,6.7231975
1109.3081,514.97797,6.182012,6.7233977
1108.3285,514.7773,6.1810126,6.7235975
1107.3489,514.577,6.1800127,6.7237973
1106.3691,514.37714,6.1790133,6.7239976
1105.3893,514.1777,6.1778164,6.724
1104.4093,513.9786,6.1766167,6.724
1103.4293,513.7799,6.175417,6.724
1102.4493,513.5816,6.174217,6.724
1101.4691,513.38367,6.1730175,6.724
1100.4889,513.18616,6.171818,6.724197
1099.5085,512.98895,6.1706185,6.7243967
1098.5282,512.7922,6.169419,6.724597
1097.5477,512.5958,6.168219,6.724797
1096.5673,512.3998,6.1670194,6.7249966
1095.5867,512.2041,6.1658196,6.725
1094.606,512.00885,6.1646204,6.725
1093.6252,511.81393,6.1634207,6.725
1092.6444,511.6194,6.162221,6.725
1091.6635,511.4252,6.161021,6.725
1090.6825,511.23138,6.160018,6.7251964
1089.7015,511.0379,6.1590185,6.725396
1088.7203,510.84482,6.1580186,6.7255964
1087.7393,510.65207,6.157019,6.725796
1086.7579,510.45966,6.156019,6.725996
1085.7766,510.2676,6.1548233,6.726
1084.7953,510.0759,6.1536236,6.726
1083.8138,509.88455,6.1524243,6.726
1082.8323,509.69354,6.1512246,6.726
1081.8507,509.50287,6.150025,6.726
1080.869,509.31253,6.148825,6.726196
1079.8873,509.12253,6.1476254,6.7263956
1078.9055,508.9329,6.146426,6.726596
1077.9237,508.74356,6.1452265,6.7267957
1076.9418,508.55457,6.1440268,6.7269955
1075.9598,508.36588,6.145564,6.729737
1074.9778,508.17755,6.1471634,6.732536
1073.9957,507.98953,6.1487627,6.735335
1073.0135,507.80182,6.1503625,6.7381344
1072.0314,507.61444,6.151962,6.7409334
1071.0491,507.42737,6.154147,6.744318
1070.0668,507.24063,6.1563463,6.747717
1069.0844,507.05417,6.1585455,6.751116
1068.1018,506.86804,6.160745,6.754515
1067.1194,506.68222,6.1629443,6.757914
1066.1367,506.4967,6.1651435,6.761313
1065.1542,506.3115,6.167343,6.764712
1064.1715,506.1266,6.1695423,6.7681108
1063.1887,505.942,6.1717415,6.7715096
1062.2059,505.75766,6.173941,6.7749085
1061.223,505.57364,6.1761403,6.7785025
1060.2401,505.38992,6.1783395,6.782101
1059.2572,505.20648,6.180539,6.7857
1058.2742,505.02332,6.1827383,6.789299
1057.2911,504.84045,6.1849375,6.7928977
1056.308,504.65787,6.1871367,6.7963023
1055.3248,504.47556,6.1893363,6.799701
1054.3416,504.29355,6.1915355,6.8031006
1053.3583,504.1118,6.1937346,6.8064995
1052.375,503.93033,6.1959343,6.8098984
1051.3916,503.7491,6.1981335,6.8132973
1050.4082,503.56818,6.2003326,6.816696
1049.4247,503.3875,6.2025323,6.820095
1048.4412,503.20712,6.2047315,6.823494
1047.4576,503.02698,6.2069306,6.826893
1046.474,502.8471,6.2091303,6.830486
1045.4904,502.66748,6.2113295,6.8340845
1044.5066,502.48813,6.2135286,6.8376837
1043.5228,502.30902,6.2157283,6.8412824
1042.5391,502.13016,6.2179275,6.8448815
1041.5552,501.95154,6.2201266,6.848287
1040.5713,501.7732,6.2223263,6.851686
1039.5874,501.59506,6.2245255,6.855085
1038.6034,501.4172,6.2267246,6.858484
1037.6194,501.23956,6.2289243,6.8618827
1036.6353,501.06216,6.2311234,6.865282
1035.6512,500.885,6.233323,6.868681
1034.667,500.70807,6.2355223,6.87208
1033.6829,500.53137,6.2377214,6.8754787
1032.6986,500.35492,6.239921,6.8788776
1031.7144,500.17868,6.2421203,6.8824697
1030.73,500.00266,6.24432,6.886069
1029.7456,499.82687,6.246519,6.8896675
1028.7612,499.65134,6.2487183,6.8932667
1027.7769,499.476,6.250918,6.8968654
1026.7924,499.3009,6.253117,6.900272
1025.8077,499.12604,6.2553167,6.9036713
1024.8232,498.95142,6.257516,6.90707
1023.8386,498.777,6.2597156,6.910469
1022.854,498.6028,6.2619147,6.9138684
1021.8693,498.4289,6.264114,6.9172673
1020.8846,498.25516,6.2663136,6.920666
1019.8998,498.0817,6.2685127,6.9240656
1018.915,497.90845,6.2707124,6.9274645
1017.9301,497.7354,6.2729115,6.9308634
1016.94525,497.56262,6.275111,6.9344544
1015.9603,497.39008,6.2773104,6.9380536
1014.97534,497.21774,6.27951,6.941653
1013.99036,497.04565,6.281709,6.9452515
1013.0053,496.8738,6.283909,6.9488506
1012.0202,496.70218,6.286108,6.952258
1011.03503,496.5308,6.2883077,6.955657
1010.04987,496.35962,6.290507,6.9590564
1009.0647,496.18872,6.2927065,6.9624553
1008.0794,496.01804,6.2949057,6.9658546
1007.0941,495.84756,6.2971053,6.9692535
1006.10876,495.67737,6.2993045,6.9726524
1005.1234,495.5074,6.301504,6.976052
1004.138,495.33762,6.3037033,6.9794507
1003.1525,495.16812,6.305903,6.98285
1002.16705,494.99884,6.308102,6.98644
1001.1815,494.8298,6.310302,6.9900393
1000.1959,494.661,6.3125014,6.9936385
999.21027,494.49243,6.3147006,6.997237
998.2246,494.3241,6.3169003,7.0008364
997.23895,494.156,6.3190994,7.004245
996.2532,493.98816,6.321299,7.0076437
995.2674,493.82056,6.3234982,7.011043
994.28156,493.65317,6.325698,7.014442
993.2957,493.48605,6.327897,7.0178413
992.3098,493.31915,6.3300967,7.02124
991.32385,493.15247,6.332296,7.0246396
990.3379,492.98605,6.3344955,7.0280385
989.35187,492.8199,6.3366947,7.0314374
988.3658,492.65393,6.3388944,7.034837
987.3797,492.48825,6.341094,7.0384264
986.39355,492.32278,6.343293,7.042025
985.40735,492.15756,6.345493,7.0456243
984.42114,491.99258,6.347692,7.0492234
983.4348,491.82785,6.3498917,7.0528226
982.44855,491.66336,6.352091,7.0562315
981.46216,491.4991,6.3542905,7.0596304
980.47577,491.33508,6.3564897,7.06303
979.4894,491.17133,6.3586893,7.0664287
978.50287,491.00778,6.3608885,7.069828
977.5164,490.8445,6.363088,7.073227
976.52985,490.6815,6.3652873,7.0766263
975.5433,490.51868,6.367487,7.080025
974.55664,490.35614,6.369686,7.083424
973.56995,490.19382,6.371886,7.0868235
972.58325,490.03177,6.374085,7.090412
971.5965,489.86993,6.3762846,7.094011
970.6097,489.70837,6.378484,7.09761
969.62286,489.54703,6.3806834,7.101209
968.636,489.38596,6.3828826,7.1048083
967.64905,489.22513,6.3850822,7.1082177
966.6621,489.0645,6.3872814,7.111617
965.6751,488.90417,6.389481,7.115016
964.6881,488.74408,6.3916802,7.118415
963.70105,488.58423,6.39388,7.1218143
962.7139,488.42462,6.396079,7.125213
961.72675,488.26526,6.3982787,7.128612
960.73956,488.10617,6.400478,7.1320114
959.7523,487.9473,6.402677,7.1354103
958.7651,487.7887,6.4048767,7.138809
957.7778,487.6303,6.4102845,7.1395664
956.7904,487.4722,6.415883,7.140166
955.80304,487.31433,6.421481,7.1407657
954.8156,487.1567,6.4270797,7.1413655
953.8281,486.99936,6.432678,7.1419654
952.84064,486.84222,6.4558015,7.1276784
951.853,486.68536,6.4799943,7.112483
950.8655,486.52875,6.504187,7.0972877
949.8778,486.37238,6.52838,7.082092
948.8902,486.21625,6.5525727,7.0668964
947.90247,486.0604,6.5769534,7.051701
946.91473,485.9048,6.601346,7.0365057
945.92694,485.74942,6.6257386,7.0213103
944.9391,485.5943,6.650131,7.006115
943.95123,485.43945,6.6745234,6.9909196
942.9633,485.28485,6.698728,6.9757247
941.97534,485.13052,6.7229204,6.9605293
940.98737,484.97644,6.7471128,6.945334
939.9993,484.8226,6.771305,6.930139
939.0113,484.66904,6.795498,6.9149437
938.0232,484.51572,6.8196898,6.8997483
937.03503,484.36267,6.843882,6.8845534
936.0468,484.20987,6.8680744,6.869358
935.0586,484.05734,6.8922668,6.854163
934.0703,483.9051,6.916459,6.838968
933.08203,483.75308,6.9408383,6.823773
932.0937,483.60135,6.96523,6.808578
931.1053,483.44986,6.989622,6.7933826
930.1168,483.29865,7.0140142,6.7781878
929.12836,483.1477,7.0384064,6.762993
928.1399,482.99704,7.0626116,6.747798
927.1513,482.84662,7.0868034,6.7326026
926.1627,482.6965,7.1109953,6.7174077
925.1741,482.54663,7.1351876,6.702213
924.1854,482.39703,7.1593795,6.687018
923.19666,482.2477,7.1598806,6.691783
922.20795,482.09863,7.158681,6.697981
921.2191,481.94986,7.1574817,6.704179
920.2303,481.80136,7.156282,6.7103767
919.2414,481.6531,7.155082,6.7165747
918.25244,481.50516,7.1492276,6.7266827
917.2635,481.35748,7.1430297,6.737079
916.2745,481.21008,7.1368318,6.747476
915.28546,481.06296,7.130634,6.7578726
914.2964,480.9161,7.124436,6.768269
913.30725,480.76953,7.118238,6.7786655
912.31805,480.62323,7.11204,6.789062
911.32886,480.47723,7.105842,6.7994585
910.3396,480.3315,7.099644,6.809855
909.3503,480.18607,7.0934463,6.8202515
908.36096,480.04092,7.0872483,6.8306484
907.3716,479.89603,7.0810504,6.841045
906.38214,479.75143,7.0748525,6.8514414
905.3927,479.60715,7.0686545,6.861838
904.4032,479.46313,7.0624566,6.8722343
903.41364,479.3194,7.0562587,6.882631
902.424,479.17596,7.0500607,6.8930273
901.4344,479.0328,7.0438623,6.9034243
900.4447,478.88995,7.0376644,6.9138207
899.455,478.74738,7.0314665,6.924217
898.4653,478.6051,7.0252686,6.9346137
897.47546,478.4631,7.0190706,6.9450107
896.4856,478.3214,7.0128727,6.955407
895.4957,478.18002,7.006675,6.9658036
894.5058,478.0389,7.000477,6.9762
893.5158,477.8981,6.994279,6.986597
892.5258,477.7576,6.988081,6.9969935
891.53577,477.6174,6.9818826,7.00739
890.54565,477.47748,6.9756846,7.017787
889.55554,477.33786,6.9694867,7.0281835
888.56537,477.19855,6.972869,7.039501
887.57513,477.05954,6.9770675,7.0508976
886.5849,476.92084,6.981266,7.062294
885.5946,476.7824,6.985465,7.0736904
884.60425,476.64432,6.9896636,7.085087
883.61383,476.5065,6.9942303,7.096299
882.6234,476.36902,6.998829,7.107496
881.63293,476.2318,7.003427,7.1186924
880.6424,476.09494,7.0080256,7.129889
879.65186,475.95837,7.0126243,7.1410856
878.66125,475.82208,7.0174065,7.152466
877.6706,475.68613,7.022205,7.163862
876.67993,475.55048,7.027004,7.1752586
875.6892,475.41513,7.031802,7.186655
874.6984,475.28012,7.0366006,7.1980515
873.7076,475.1454,7.0413995,7.2092648
872.71674,475.011,7.046198,7.2204614
871.7258,474.87692,7.0509963,7.2316585
870.73486,474.74313,7.055795,7.242855
869.7439,474.60968,7.0605936,7.2540517
868.75287,474.47653,7.065392,7.2654314
867.7618,474.34372,7.070191,7.276828
866.7707,474.2112,7.0749893,7.2882247
865.77954,474.079,7.0797877,7.299621
864.7883,473.94714,7.0845866,7.311018
863.7971,473.8156,7.089385,7.322232
862.8058,473.6844,7.094184,7.333429
861.8145,473.5535,7.0989823,7.3446255
860.8231,473.42288,7.103781,7.3558226
859.8317,473.2926,7.1085796,7.367019
858.8403,473.16263,7.1133785,7.3783984
857.84875,473.03296,7.118177,7.3897953
856.85724,472.90356,7.122976,7.401192
855.8657,472.77444,7.1277742,7.412589
854.8741,472.64563,7.132573,7.423986
853.88245,472.5171,7.1371894,7.4352
852.8908,472.38882,7.141788,7.4463973
851.8991,472.2608,7.146387,7.4575944
850.90735,472.13306,7.1509857,7.468791
849.9156,472.00555,7.1555843,7.479988
848.92377,471.8783,7.160365,7.491367
847.93195,471.7513,7.1651635,7.5027637
846.94006,471.62454,7.1699624,7.5141606
845.9482,471.498,7.174761,7.525557
844.95624,471.37167,7.1795597,7.536954
843.9643,471.2456,7.184358,7.548169
842.97235,471.11972,7.189157,7.559366
841.98035,470.99405,7.1939554,7.570563
840.9883,470.86862,7.1987543,7.58176
839.9963,470.74335,7.2035527,7.592957
839.00415,470.6183,7.2083516,7.604335
838.0121,470.4934,7.21315,7.6157317
837.01996,470.3687,7.217949,7.6271286
836.0278,470.2442,7.2227473,7.6385255
835.03564,470.11987,7.227546,7.649922
834.04346,469.9957,7.2323446,7.661319
833.0512,469.87167,7.2371435,7.6727157
832.05896,469.7478,7.241942,7.6841125
831.0667,469.62408,7.246741,7.695509
830.07446,469.50055,7.251539,7.706906
829.0822,469.3771,7.256338,7.718122
828.0899,469.2538,7.2611365,7.7293186
827.0976,469.13065,7.265935,7.740515
826.1052,469.00763,7.270734,7.7517123
825.1129,468.8847,7.2755322,7.762909
824.12054,468.76187,7.280331,7.774286
823.1282,468.6392,7.2851295,7.7856827
822.13574,468.51657,7.289928,7.797079
821.1434,468.39407,7.294727,7.808476
820.15094,468.27164,7.2995253,7.819873
819.1585,468.14932,7.3054047,7.826585
818.1661,468.02707,7.3114033,7.832783
817.17365,467.90488,7.3174014,7.838981
816.1812,467.78278,7.3233995,7.8451796
815.1888,467.6607,7.3293977,7.8513775
814.1963,467.53873,7.3402524,7.8370714
813.20386,467.41678,7.351649,7.8204765
812.21136,467.2949,7.363045,7.803881
811.2189,467.17303,7.374442,7.7872863
810.2264,467.0512,7.3858385,7.7706914
809.2339,466.92944,7.3974147,7.754276
808.2414,466.80768,7.409011,7.737881
807.2489,466.6859,7.4206076,7.721486
806.2564,466.56418,7.432204,7.705091
805.2639,466.44247,7.4438004,7.688696
804.2714,466.32074,7.4552174,7.6723013
803.27893,466.19904,7.466614,7.655906
802.28644,466.0773,7.4780107,7.639511
801.29395,465.95554,7.489407,7.6231165
800.30145,465.83377,7.5008035,7.6067214
799.30896,465.71198,7.5123787,7.5901475
798.3165,465.59018,7.5239754,7.5735526
797.32404,465.46832,7.5355716,7.5569577
796.33154,465.3464,7.547168,7.540363
795.3391,465.22446,7.5587645,7.5237684
794.3466,465.10248,7.5701823,7.507352
793.3542,464.9804,7.5815787,7.4909573
792.3617,464.8583,7.592975,7.474562
791.36926,464.7361,7.6043715,7.4581676
790.37683,464.61386,7.615768,7.4417725
789.38446,464.49152,7.6273427,7.4251995
788.392,464.36908,7.638939,7.4086046
787.3996,464.24658,7.650535,7.39201
786.4072,464.12396,7.6621313,7.3754153
785.41486,464.00125,7.673728,7.3588204
784.4225,463.87845,7.676068,7.353618
783.4302,463.75552,7.6772676,7.349819
782.4378,463.63248,7.6784673,7.34602
781.4455,463.5093,7.679667,7.3422217
780.4532,463.386,7.6808667,7.338423
779.46094,463.26254,7.6774464,7.3406653
778.4687,463.13898,7.6734476,7.343664
777.47644,463.01526,7.669449,7.3466635
776.4842,462.8914,7.66545,7.3496623
775.49194,462.7674,7.6614513,7.3526616
774.49976,462.64325,7.6574526,7.3556604
773.50757,462.51898,7.653454,7.3586593
772.51544,462.39456,7.6494555,7.3616586
771.5233,462.27005,7.645457,7.3646574
770.5311,462.1454,7.641458,7.3676567
769.53906,462.02063,7.6372824,7.3706555
768.54694,461.89575,7.6330833,7.373655
767.5549,461.77075,7.628885,7.3766537
766.56274,461.64566,7.6246862,7.3796525
765.5707,461.52048,7.6204877,7.382652
764.5787,461.3952,7.6164656,7.3856506
763.5866,461.26984,7.612467,7.38865
762.5946,461.14438,7.6084685,7.391649
761.60254,461.01886,7.60447,7.3946476
760.61053,460.89325,7.600471,7.397647
759.6185,460.76755,7.596296,7.4004693
758.6265,460.6418,7.5920973,7.4032683
757.6346,460.516,7.5878987,7.4060674
756.6426,460.3901,7.5837,7.4088664
755.65063,460.2642,7.5795016,7.411666
754.6586,460.1382,7.575479,7.414641
753.6667,460.01218,7.5714803,7.4176397
752.67474,459.8861,7.5674815,7.420639
751.6828,459.76,7.5634828,7.423638
750.69086,459.63385,7.559484,7.4266367
749.6989,459.5077,7.55531,7.429636
748.707,459.3815,7.551111,7.432635
747.715,459.25528,7.5469127,7.4356337
746.72314,459.12903,7.542714,7.438633
745.7312,459.00278,7.5385156,7.441632
744.73926,458.87653,7.534492,7.4446306
743.7473,458.75027,7.5304937,7.44763
742.7554,458.62402,7.526495,7.4506288
741.7635,458.49777,7.522496,7.453628
740.77155,458.37155,7.5184975,7.456627
739.7796,458.2453,7.5144987,7.4596257
738.78766,458.1191,7.5105004,7.462625
737.7957,457.99292,7.5065017,7.465624
736.8038,457.86676,7.502503,7.4686227
735.8118,457.74063,7.498504,7.471622
734.8199,457.61453,7.494331,7.474621
733.82794,457.4885,7.4901323,7.4776196
732.836,457.3625,7.485934,7.480619
731.844,457.2365,7.481735,7.483618
730.85205,457.1106,7.477536,7.4866166
729.86005,456.98477,7.473512,7.4894414
728.8681,456.85898,7.4695134,7.4922404
727.8761,456.73325,7.4655147,7.4950395
726.8841,456.6076,7.4615164,7.4978385
725.8921,456.48203,7.4575176,7.5006375
724.9,456.3565,7.453345,7.503611
723.908,456.2311,7.4491463,7.50661
722.91595,456.10577,7.4449477,7.5096087
721.9239,455.98053,7.440749,7.512608
720.9318,455.85538,7.43655,7.515607
719.93976,455.73035,7.4325256,7.5186057
718.94763,455.6054,7.428527,7.521605
717.95557,455.4806,7.424528,7.524604
716.96344,455.35587,7.4205294,7.527603
715.97125,455.23126,7.4165306,7.530602
714.9791,455.10678,7.412532,7.533601
713.98694,454.98245,7.4085336,7.5366
712.99475,454.85822,7.404535,7.539599
712.00256,454.73413,7.400536,7.542598
711.0103,454.6102,7.3965373,7.545597
710.0181,454.4864,7.393058,7.548942
709.0259,454.36273,7.389659,7.552341
708.03357,454.23923,7.38626,7.55574
707.04126,454.1159,7.382861,7.559139
706.04895,453.9927,7.3794622,7.5625377
705.05664,453.8697,7.388328,7.5731916
704.0643,453.74683,7.3991246,7.5849876
703.0719,453.62418,7.4099207,7.596784
702.07947,453.50168,7.4207172,7.60858
701.0871,453.37933,7.431514,7.620376
700.0946,453.2572,7.442483,7.6321726
699.1022,453.13528,7.4534793,7.6439686
698.1097,453.01352,7.4644756,7.6557646
697.1171,452.892,7.475472,7.667561
696.12463,452.77066,7.4864683,7.679357
695.132,452.64954,7.4974647,7.691153
694.13947,452.52863,7.5084615,7.7029495
693.14685,452.40793,7.519458,7.7147455
692.1542,452.28745,7.530454,7.7265415
691.1615,452.16718,7.5414505,7.738338
690.1688,452.04712,7.552275,7.7503057
689.1761,451.92728,7.5630717,7.762302
688.18335,451.80765,7.573868,7.7742977
687.19055,451.68823,7.5846643,7.786294
686.19775,451.569,7.595461,7.79829
685.20496,451.44995,7.6064286,7.8101144
684.2121,451.3311,7.617425,7.8219104
683.21924,451.2124,7.6284213,7.833707
682.2264,451.09387,7.6394176,7.845503
681.23346,450.97552,7.650414,7.857299
680.24054,450.85733,7.6614103,7.869095
679.24756,450.73932,7.6724067,7.880891
678.25464,450.62143,7.683403,7.892687
677.26166,450.5037,7.6943994,7.904483
676.2687,450.3861,7.7053957,7.916279
675.27563,450.26865,7.7162213,7.928075
674.28265,450.1513,7.7270174,7.939871
673.2896,450.0341,7.737814,7.951667
672.2965,449.917,7.74861,7.963463
671.30347,449.80002,7.7594066,7.975259
670.31036,449.68317,7.7703733,7.987055
669.3173,449.56638,7.781369,7.998851
668.3242,449.4497,7.7923656,8.010647
667.3311,449.33313,7.803362,8.022443
666.33795,449.21664,7.814358,8.034239
665.34485,449.10022,7.825354,8.046035
664.3517,448.98386,7.8363504,8.057831
663.3585,448.86758,7.8473463,8.069626
662.3654,448.75137,7.8583426,8.081422
661.37225,448.63522,7.869339,8.093218
660.3791,448.51913,7.880165,8.105014
659.38586,448.40308,7.890961,8.11681
658.3927,448.28708,7.9017577,8.128606
657.39954,448.1711,7.912554,8.140401
656.4063,448.05518,7.92335,8.152197
655.41315,447.93924,7.934315,8.164163
654.42,447.82336,7.9453115,8.176158
653.42676,447.7075,7.9563074,8.188153
652.43353,447.5916,7.9673033,8.20015
651.44037,447.47574,7.9782996,8.212145
650.44714,447.3599,7.9892955,8.223971
649.454,447.24402,8.000292,8.235767
648.46075,447.1281,8.011288,8.247563
647.4676,447.0122,8.022284,8.259358
646.4744,446.8963,8.033279,8.271154
645.4812,446.78033,8.0441065,8.28295
644.48804,446.66437,8.054903,8.294745
643.4949,446.54834,8.065699,8.306541
642.5017,446.43225,8.076495,8.318337
641.50854,446.31613,8.087291,8.3301325
640.5154,446.19995,8.098255,8.3419285
639.5222,446.0837,8.109251,8.3537245
638.52905,445.9674,8.120247,8.36552
637.53595,445.85104,8.131243,8.3773155
636.5428,445.7346,8.142239,8.389111
635.5497,445.61804,8.1532345,8.400907
634.5566,445.50143,8.16423,8.412702
633.5635,445.3847,8.175226,8.424498
632.5704,445.2679,8.186222,8.436294
631.57733,445.15097,8.197218,8.448089
630.5842,445.03397,8.208047,8.459885
629.5912,444.9168,8.2188425,8.47168
628.5982,444.79956,8.229638,8.483476
627.60516,444.68216,8.240435,8.495271
626.6122,444.56464,8.25123,8.507067
625.6192,444.447,8.262194,8.519029
624.6262,444.32916,8.27319,8.531025
623.63324,444.2112,8.284184,8.54302
622.6403,444.09314,8.29518,8.555016
621.6474,443.97488,8.306176,8.567011
620.65454,443.85645,8.317172,8.578839
619.6616,443.73785,8.328168,8.590634
618.66876,443.61908,8.339164,8.60243
617.67596,443.50015,8.35016,8.614225
616.68317,443.381,8.3611555,8.626021
615.69037,443.2617,8.3719845,8.637816
614.6976,443.14215,8.38278,8.649611
613.70483,443.02243,8.393576,8.661407
612.71216,442.9025,8.404372,8.6732025
611.7195,442.78238,8.415168,8.684998
610.7268,442.66205,8.426129,8.696794
609.73413,442.5415,8.437125,8.708589
608.7416,442.4207,8.44812,8.720384
607.74896,442.29965,8.459116,8.732179
606.7564,442.1783,8.470112,8.743975
605.7639,442.0567,8.481107,8.75577
604.7714,441.93488,8.492103,8.767565
603.779,441.81293,8.5030985,8.77936
602.7865,441.69098,8.514093,8.791155
601.794,441.5691,8.525089,8.802951
600.8015,441.44742,8.53592,8.814746
599.80896,441.32608,8.546716,8.826541
598.8164,441.20523,8.557511,8.838337
597.8237,441.085,8.568308,8.850132
596.83093,440.9655,8.579103,8.861928
595.8381,440.84695,8.590064,8.873888
594.84503,440.72946,8.601061,8.885884
593.8519,440.61313,8.612057,8.897881
592.85864,440.49805,8.623054,8.909876
591.8652,440.3844,8.634049,8.921872
590.8716,440.27225,8.645046,8.933703
589.87775,440.16177,8.656042,8.9455
588.8837,440.05322,8.667039,8.957296
587.88947,439.94678,8.678036,8.969092
586.89496,439.84262,8.689032,8.980889
585.9002,439.74094,8.699863,8.992684
584.9052,439.64166,8.71066,9.00448
583.91003,439.54468,8.721456,9.016275
582.9146,439.44983,8.732251,9.02807
581.919,439.357,8.743047,9.039866
580.9232,439.26596,8.771037,9.040362
579.9273,439.17606,8.802826,9.038363
578.9314,439.0864,8.834615,9.036364
577.93555,438.9961,8.866403,9.034365
576.9399,438.9043,8.898191,9.032365
575.9444,438.81018,8.95223,9.015814
574.94916,438.71295,9.011244,8.99601
573.95435,438.61188,9.070256,8.976206
572.96,438.50632,9.129269,8.956402
571.96625,438.39548,9.188278,8.936599
570.9732,438.2787,9.247306,8.916625
569.9809,438.1551,9.306338,8.896614
568.9896,438.02383,9.365373,8.876602
567.9995,437.884,9.424411,8.856589
567.0108,437.7347,9.483453,8.8365755
566.0237,437.57513,9.542428,8.816584
565.0384,437.40485,9.601387,8.7965975
564.055,437.2236,9.660341,8.776613
563.0738,437.03107,9.719284,8.756633
562.0949,436.827,9.778211,8.736657
561.1187,436.61047,9.84832,8.744799
560.1467,436.37582,9.920945,8.759243
559.18134,436.11536,9.993588,8.773691
558.22565,435.82162,10.066218,8.788137
557.28326,435.48746,10.138742,8.802562
556.3589,435.1065,10.216283,8.82539
555.4577,434.67346,10.294789,8.849911
554.58624,434.18344,10.373374,8.874455
553.75256,433.63177,10.452105,8.899046
552.9662,433.01468,10.530914,8.923661
552.2364,432.3315,10.526315,8.879941
551.5669,431.58914,10.520562,8.835361
550.9591,430.79544,10.514819,8.790847
550.414,429.95737,10.509075,8.746335
549.93286,429.08102,10.489653,8.69068
549.51605,428.17236,10.367848,8.552122
549.1604,427.238,10.245949,8.413456
548.861,426.28406,10.124192,8.274953
548.6126,425.31558,10.002674,8.136722
548.40936,424.33658,9.881246,7.9986005
548.2479,423.34985,9.7569,7.8573804
548.13336,422.3566,9.632391,7.7159753
548.0731,421.3586,9.507592,7.5742416
548.075,420.35886,9.382523,7.4321995
548.1466,419.36172,9.260118,7.2970767
548.2925,418.3727,9.170783,7.2461495
548.5089,417.39667,9.081636,7.1953297
548.79083,416.43747,8.99261,7.144578
549.1337,415.49832,8.903571,7.0938196
549.5337,414.582,8.826131,7.0687876
549.9845,413.6896,8.77,7.0907874
550.47614,412.81897,8.713853,7.112794
550.99866,411.9665,8.657745,7.1347847
551.54266,411.12747,8.60167,7.156763
552.09924,410.29675,8.546358,7.178442
552.66376,409.47144,8.491818,7.1998186
553.2356,408.65112,8.437244,7.221208
553.8142,407.83563,8.38265,7.2426057
554.3992,407.02466,8.328051,7.2640057
554.9899,406.2179,8.273662,7.2854195
555.58575,405.4149,8.219501,7.3068457
556.1857,404.61493,8.165349,7.3282685
556.7888,403.81735,8.111203,7.3496885
557.39404,403.0214,8.05706,7.371108
558.0005,402.22635,8.003209,7.3923745
558.60767,401.4319,7.9497232,7.413451
559.2158,400.63812,7.896234,7.434529
559.825,399.84518,7.842743,7.455607
560.4354,399.05322,7.7892513,7.4766855
561.04736,398.26236,7.756094,7.4893312
561.6607,397.47266,7.7515106,7.4901285
562.27545,396.68402,7.746927,7.490926
562.8915,395.8964,7.7423434,7.491723
563.50867,395.10965,7.7377596,7.49252
564.1269,394.32376,7.733173,7.4933176
564.74615,393.53864,7.7285814,7.4941163
565.36633,392.75424,7.7239895,7.494915
565.9874,391.97058,7.7193975,7.495713
566.6094,391.18765,7.714806,7.496512
567.2322,390.40536,7.7102118,7.497311
567.8558,389.62372,7.7056136,7.498111
568.48016,388.84268,7.7010155,7.4989104
569.1053,388.06223,7.696418,7.49971
569.731,387.28226,7.6918197,7.5005097
570.3573,386.50278,7.6872196,7.5013094
570.9842,385.72375,7.682617,7.50211
571.6116,384.94513,7.6780148,7.5029106
572.2394,384.16684,7.6734123,7.5037107
572.8676,383.3889,7.66881,7.5045114
573.49615,382.61124,7.664206,7.505312
574.12506,381.83383,7.659601,7.506113
574.7542,381.05664,7.654996,7.5069137
575.38354,380.2796,7.6503906,7.5077147
576.01306,379.50272,7.6457853,7.508516
576.6427,378.7259,7.6411796,7.5093164
577.2724,377.94913,7.6365733,7.5101175
577.9021,377.1724,7.631967,7.5109186
578.5318,376.3956,7.627361,7.5117197
579.1614,375.61877,7.6227546,7.512521
579.79083,374.84183,7.6181483,7.513322
580.4201,374.06473,7.613543,7.514123
581.04913,373.28745,7.6089373,7.514924
581.6779,372.50995,7.6043315,7.515725
582.30634,371.73218,7.5997257,7.5165257
582.9344,370.9541,7.594059,7.519532
583.562,370.1757,7.5868535,7.5257373
584.1892,369.39688,7.5796485,7.531942
584.8159,368.61774,7.572443,7.5381465
585.44214,367.8382,7.5652375,7.544351
586.0679,367.05823,7.557374,7.551708
586.69305,366.27783,7.5485716,7.560711
587.3177,365.49698,7.539769,7.569713
587.9418,364.7157,7.5309668,7.578716
588.56525,363.93393,7.5221643,7.587718
589.1881,363.1517,7.513281,7.596719
589.81036,362.369,7.504282,7.605718
590.43195,361.58575,7.495283,7.614717
591.0529,360.802,7.4862843,7.623716
591.6732,360.0177,7.4772854,7.6327147
592.2928,359.23285,7.46837,7.6417127
592.9117,358.44745,7.4595737,7.6507087
593.5298,357.66147,7.4507775,7.659705
594.1472,356.8749,7.441981,7.668701
594.7638,356.08774,7.4331846,7.6776977
595.37964,355.29996,7.4243894,7.6866107
595.9947,354.51154,7.4155946,7.6954055
596.6089,353.72247,7.4068003,7.7042
597.2222,352.93274,7.398006,7.712994
597.8347,352.14236,7.389211,7.721789
598.44635,351.3513,7.3815575,7.7293615
599.05707,350.55954,7.3755617,7.735157
599.6669,349.76706,7.3695664,7.7409525
600.27576,348.97388,7.363571,7.746748
600.88367,348.17993,7.3575754,7.7525434
601.49054,347.38528,7.3534355,7.7559195
602.0965,346.58984,7.3520365,7.7557197
602.7014,345.79364,7.350638,7.75552
603.3053,344.99664,7.349239,7.75532
603.9081,344.19885,7.34784,7.75512
604.5099,343.40027,7.346521,7.75492
605.11053,342.60083,7.345322,7.75472
605.7101,341.8006,7.344123,7.7545204
606.3085,340.99948,7.342924,7.7543206
606.90576,340.1975,7.341725,7.754121
607.50183,339.39468,7.340447,7.753842
608.0967,338.59094,7.3390484,7.7534423
608.69037,337.78632,7.3376493,7.7530427
609.28284,336.9808,7.3362503,7.752643
609.874,336.17438,7.3348517,7.7522435
610.46405,335.36707,7.333531,7.7519217
611.05286,334.55887,7.3323317,7.751722
611.64044,333.7498,7.3311324,7.751522
612.2268,332.93982,7.3299336,7.7513223
612.81195,332.12903,7.3287344,7.7511225
613.396,331.31735,7.327535,7.7509227
613.9789,330.50488,7.326336,7.750723
614.5606,329.69156,7.325137,7.7505226
615.1412,328.87744,7.323938,7.750323
615.72064,328.06253,7.3227386,7.750123
616.29895,327.24683,7.3214626,7.749923
616.8762,326.43033,7.320063,7.7497234
617.45233,325.61307,7.318664,7.7495236
618.0274,324.79504,7.317265,7.7493234
618.60144,323.9763,7.3158655,7.7491236
619.1744,323.15677,7.314543,7.748924
619.7463,322.33652,7.313343,7.748724
620.31714,321.51556,7.312144,7.748524
620.88696,320.69388,7.310944,7.748324
621.4558,319.87152,7.309745,7.748124
622.0236,319.04846,7.3084693,7.7479243
622.59045,318.2247,7.30707,7.747724
623.1563,317.4003,7.3056703,7.7475243
623.72125,316.57523,7.3042707,7.7473245
624.28516,315.74948,7.302871,7.7471247
624.8482,314.92313,7.302,7.746396
625.4103,314.09613,7.302,7.744796
625.97144,313.2685,7.302,7.743196
626.5317,312.44025,7.302,7.741596
627.09106,311.61142,7.302,7.7399964
627.64954,310.78198,7.302679,7.7378683
628.20715,309.95197,7.3044796,7.7348676
628.76385,309.12137,7.3062797,7.731867
629.31976,308.2902,7.30808,7.7288666
629.8749,307.45847,7.3098803,7.725866
630.4291,306.62622,7.3116055,7.7227893
630.98254,305.7934,7.313206,7.719588
631.53516,304.96005,7.314807,7.7163863
632.08704,304.1262,7.3164077,7.7131844
632.6381,303.29184,7.3180084,7.709983
633.1884,302.45697,7.3196096,7.706857
633.73804,301.6216,7.321211,7.7038546
634.28687,300.78577,7.3228126,7.700852
634.83496,299.9494,7.324414,7.6978493
635.38226,299.11258,7.326015,7.6948466
635.9289,298.27527,7.3276167,7.6917667
636.47473,297.43747,7.3292184,7.6885633
637.01984,296.59918,7.33082,7.68536
637.56415,295.7604,7.332422,7.6821566
638.1077,294.9211,7.3340235,7.678953
638.6505,294.08133,7.3357034,7.675828
639.1925,293.24103,7.337505,7.672825
639.73376,292.40024,7.339307,7.669822
640.2742,291.55893,7.3411083,7.666819
640.81384,290.71713,7.3429103,7.6638165
641.35266,289.8748,7.3446326,7.660735
641.8907,289.03195,7.3462334,7.657533
642.4279,288.18857,7.347834,7.6543317
642.9643,287.3447,7.349435,7.65113
643.4999,286.5003,7.3510356,7.647928
644.03467,285.65536,7.3526363,7.6447277
644.56854,284.8099,7.3542356,7.6415286
645.1016,283.96393,7.3558354,7.638329
645.6339,283.11743,7.357435,7.63513
646.1653,282.27036,7.3590345,7.631931
646.6958,281.4228,7.3606334,7.628812
647.22546,280.57465,7.3622313,7.625816
647.7542,279.72598,7.363829,7.62282
648.28217,278.87677,7.365427,7.619824
648.80927,278.02704,7.367025,7.616828
649.3355,277.1768,7.3676114,7.612434
649.8609,276.32602,7.366614,7.6058517
650.38544,275.4747,7.365617,7.59927
650.90894,274.62277,7.3646193,7.5926876
651.4315,273.77023,7.363622,7.586106
651.953,272.91708,7.357382,7.5724115
652.4735,272.0633,7.3424487,7.5469255
652.99316,271.209,7.327515,7.5214396
653.5121,270.35428,7.312582,7.4959536
654.0305,269.4992,7.297649,7.4704676
654.54846,268.6439,7.282656,7.4449997
655.0659,267.78827,7.2675543,7.4195647
655.5822,266.93192,7.252452,7.3941298
656.0967,266.0745,7.23735,7.368695
656.6087,265.2156,7.222248,7.3432603
657.1177,264.3549,7.206286,7.317076
657.62164,263.49127,7.188507,7.2893085
658.11707,262.62268,7.1707273,7.2615404
658.6,261.7471,7.152949,7.233774
659.06647,260.86267,7.135176,7.206017
659.5124,259.9677,7.1169977,7.1862335
659.93353,259.06082,7.097916,7.183798
660.325,258.14078,7.078833,7.1813617
660.6819,257.20676,7.059738,7.178924
660.99866,256.2584,7.0406313,7.176485
661.2699,255.29607,7.032094,7.1765866
661.4928,254.32141,7.039996,7.1806393
661.66846,253.33711,7.0478926,7.1846886
661.79803,252.34569,7.055785,7.188736
661.8827,251.34943,7.0636773,7.1927834
661.9236,250.3504,7.0643153,7.1837664
661.92224,249.35054,7.0561695,7.1589313
661.88074,248.35153,7.0480223,7.134092
661.80133,247.35481,7.039876,7.1092553
661.68616,246.36159,7.0317307,7.084423
661.53735,245.37283,7.0320582,7.0639462
661.3557,244.38957,7.0441284,7.0495024
661.1404,243.41316,7.0562005,7.035055
660.8905,242.445,7.0682735,7.020607
660.6052,241.48668,7.080344,7.0061617
660.2838,240.53989,7.067841,7.010635
659.9251,239.60657,7.0127025,7.0479283
659.52734,238.68924,6.957562,7.0852237
659.08875,237.79073,6.9024034,7.122531
658.60767,236.91423,6.847232,7.159847
658.0828,236.06326,6.82329,7.18707
657.5141,235.24095,6.8503966,7.197791
656.90295,234.44963,6.877494,7.208509
656.251,233.6916,6.904589,7.2192254
655.55975,232.96927,6.9316883,7.2299438
654.8307,232.28503,6.933404,7.2608237
654.06616,231.64075,6.9021535,7.3178806
653.269,231.0373,6.8709064,7.3749323
652.44196,230.47539,6.839665,7.431973
651.5878,229.95567,6.8084273,7.4890065
650.7091,229.4787,6.7826996,7.496621
649.8082,229.045,6.7630816,7.4494147
648.8876,228.65503,6.7434597,7.4021997
647.9494,228.30923,6.723833,7.354974
646.99603,228.00801,6.7041993,7.3077297
646.0296,227.75171,6.7728596,7.276866
645.0526,227.53893,6.9048066,7.2577524
644.0677,227.36676,7.036717,7.2386436
643.0769,227.2321,7.1685843,7.2195415
642.0821,227.13184,7.3004527,7.200439
641.08453,227.06293,7.413067,7.219303
640.08545,227.02255,7.518046,7.2532907
639.0857,227.008,7.6230416,7.2872834
638.0858,227.01653,7.728037,7.321276
637.0863,227.04536,7.833037,7.3552704
636.08746,227.09181,7.8537064,7.3798075
635.0894,227.15341,7.8452373,7.4010787
634.0923,227.22781,7.836768,7.4223495
633.09595,227.31273,7.8282995,7.4436197
632.10034,227.40579,7.819831,7.4648895
631.10535,227.50473,7.8057823,7.485174
630.1107,227.60738,7.788931,7.504965
629.1162,227.71167,7.7720785,7.5247564
628.1217,227.81558,7.755226,7.5445485
627.12695,227.91704,7.738373,7.564341
626.1317,228.01405,7.7213054,7.5842543
625.136,228.1058,7.7040715,7.6042614
624.13983,228.19244,7.686838,7.624268
623.14325,228.27417,7.6696053,7.644274
622.1463,228.3512,7.6523724,7.6642804
621.149,228.42368,7.6350493,7.6844935
620.15137,228.4918,7.617642,7.7049026
619.1535,228.55573,7.6002345,7.7253113
618.15533,228.61555,7.5828266,7.7457204
617.157,228.67145,7.5654187,7.7661295
616.1584,228.72356,7.552843,7.7658157
615.15967,228.77202,7.5447927,7.7460923
614.16077,228.81702,7.5367427,7.7263694
613.1617,228.85872,7.5286922,7.7066464
612.1625,228.89731,7.5206423,7.6869235
611.1632,228.93295,7.5147924,7.6583505
610.1638,228.96584,7.5107603,7.6224647
609.1643,228.99617,7.506728,7.586579
608.1648,229.02419,7.502696,7.5506926
607.1652,229.05006,7.4986634,7.5148067
606.1655,229.07405,7.494517,7.478834
605.1659,229.09671,7.4902897,7.4428015
604.1662,229.11887,7.486062,7.4067683
603.1665,229.14136,7.481835,7.3707356
602.1669,229.165,7.4776077,7.334703
601.16724,229.19061,7.4728894,7.3061934
600.1677,229.21901,7.4678698,7.2823005
599.16833,229.25099,7.46285,7.258407
598.16907,229.28734,7.457831,7.234514
597.17,229.32884,7.4528112,7.2106214
596.17114,229.37627,7.4474206,7.191901
595.1727,229.43042,7.4418206,7.176101
594.1747,229.49205,7.4362206,7.160301
593.1772,229.56195,7.4306207,7.1445007
592.1804,229.64087,7.4250207,7.1287007
591.1844,229.7296,7.3874545,7.1224923
590.1894,229.82884,7.331845,7.121698
589.1956,229.93924,7.276235,7.1209035
588.2032,230.06148,7.220625,7.120109
587.21234,230.1962,7.1650157,7.1193147
586.22345,230.34406,7.116424,7.116034
585.2367,230.50577,7.072432,7.111124
584.25244,230.68202,7.02844,7.106214
583.271,230.87355,6.984448,7.1013045
582.29285,231.08109,6.9404573,7.096395
581.3184,231.30531,6.90189,7.1139283
580.34814,231.54712,6.868486,7.1528344
579.38275,231.80759,6.835081,7.1917405
578.4229,232.08775,6.801676,7.230648
577.46936,232.38869,6.768271,7.269555
576.52295,232.7114,6.775596,7.2870874
575.58466,233.05698,6.838457,7.275476
574.6556,233.42667,6.901317,7.263865
573.73706,233.82167,6.9641776,7.252254
572.8303,234.24316,7.027032,7.240644
571.93695,234.69223,7.044728,7.239359
571.05865,235.17012,7.002005,7.251888
570.1976,235.67831,6.959281,7.2644176
569.35596,236.21823,6.9165506,7.276949
568.5365,236.79112,6.873821,7.2894807
567.74194,237.39803,6.832712,7.266994
566.9745,238.03893,6.7928843,7.216949
566.2361,238.71307,6.7530594,7.166907
565.5286,239.41965,6.713224,7.1168523
564.8543,240.15785,6.67337,7.066774
564.2149,240.92654,6.6608562,7.0168033
563.6101,241.72273,6.656747,6.966874
563.03796,242.54274,6.6526394,6.916966
562.4964,243.38327,6.648533,6.867077
561.9831,244.24135,6.644427,6.8171844
561.49567,245.1144,6.6701746,6.7530622
561.0322,246.00041,6.699397,6.687263
560.59094,246.89767,6.728624,6.6214523
560.1699,247.80463,6.7578516,6.55564
559.76715,248.71983,6.7870812,6.4898243
559.38055,249.64201,6.8027606,6.480496
559.0085,250.57013,6.8163433,6.4799137
558.6492,251.50327,6.8299255,6.479332
558.30096,252.4406,6.8435073,6.4787498
557.96204,253.38135,6.857089,6.4781675
557.63074,254.3248,6.8342586,6.4934382
557.30524,255.27026,6.7967014,6.515121
556.9839,256.21713,6.7591424,6.536804
556.66486,257.16483,6.7215834,6.558488
556.3464,258.11267,6.6840243,6.5801716
556.0268,259.06015,6.646132,6.6020017
555.7051,260.00693,6.607964,6.6239533
555.381,260.95288,6.5697956,6.645905
555.0541,261.8979,6.5316277,6.6678567
554.72424,262.84183,6.493459,6.6898084
554.3911,263.78464,6.469252,6.7024837
554.05444,264.7262,6.459566,6.7055106
553.7143,265.6665,6.44988,6.7085376
553.3706,266.6055,6.4401946,6.711564
553.02325,267.54315,6.4305086,6.714591
552.6723,268.47946,6.436012,6.7076206
552.31757,269.41437,6.4547424,6.6919436
551.95905,270.3478,6.473473,6.676267
551.5966,271.27975,6.4922037,6.66059
551.2302,272.21014,6.5109344,6.6449137
550.8598,273.13892,6.5339317,6.630402
550.4852,274.06607,6.559513,6.616596
550.1066,274.99155,6.585095,6.6027904
549.72394,275.91534,6.6106763,6.5889845
549.3372,276.83746,6.636257,6.5751786
548.9465,277.75787,6.6660986,6.5628877
548.5514,278.67645,6.697789,6.5512547
548.1514,279.59293,6.72948,6.5396214
547.7463,280.50708,6.7611704,6.527988
547.3354,281.4187,6.792861,6.516355
546.91833,282.32748,6.7916656,6.501533
546.49457,283.2332,6.7771435,6.4854193
546.0636,284.13547,6.7626214,6.4693055
545.6249,285.03403,6.748099,6.4531918
545.1779,285.9285,6.7335763,6.437078
544.72217,286.81854,6.7085814,6.4162097
544.2572,287.70377,6.678767,6.3931537
543.7825,288.5838,6.648954,6.3700976
543.29755,289.45828,6.61914,6.3470416
542.802,290.32678,6.589328,6.323987
542.29535,291.18887,6.574175,6.2814407
541.7771,292.04398,6.566792,6.2285633
541.24646,292.8915,6.5594087,6.175685
540.70294,293.73077,6.5520253,6.1228046
540.14575,294.5611,6.544642,6.0699234
539.57446,295.38174,6.4864664,6.0794754
538.989,296.19232,6.39999,6.123817
538.38965,296.99274,6.3135166,6.1681576
537.7768,297.7828,6.2270427,6.2124977
537.1507,298.56244,6.140564,6.2568407
536.51166,299.33154,6.0903754,6.278875
535.8607,300.09055,6.059038,6.2893205
535.199,300.84018,6.027702,6.299766
534.5277,301.58133,5.996367,6.310211
533.84814,302.31485,5.965032,6.320656
533.1614,303.04163,5.971747,6.2996283
532.4684,303.76248,5.9963818,6.2637777
531.7701,304.47818,6.021017,6.2279263
531.0674,305.1895,6.045653,6.1920743
530.361,305.8973,6.0702887,6.1562223
529.652,306.6024,6.0911713,6.123871
528.9411,307.30557,6.1103444,6.0931144
528.22925,308.0078,6.129517,6.062358
527.5173,308.70996,6.1486897,6.031602
526.80615,309.41293,6.167862,6.0008464
526.09674,310.11758,6.1631513,5.994119
525.38983,310.8248,6.147194,5.998707
524.68616,311.53525,6.131236,6.0032945
523.98663,312.24973,6.1152782,6.0078826
523.29193,312.96893,6.0993195,6.0124707
522.6029,313.69354,6.083366,6.0171905
521.9193,314.42334,6.067415,6.0219755
521.24054,315.15762,6.0514655,6.02676
520.5659,315.89563,6.0355163,6.031545
519.8946,316.63672,6.019567,6.0363297
519.2259,317.38016,6.00362,6.040984
518.55914,318.12534,5.9876738,6.045569
517.8936,318.87164,5.971727,6.0501537
517.2287,319.61847,5.95578,6.054738
516.5637,320.36523,5.939833,6.059323
515.898,321.11133,5.923877,6.0639105
515.23083,321.85617,5.9079146,6.0684996
514.5616,322.59912,5.8919525,6.0730886
513.8896,323.33954,5.8759904,6.0776777
513.21405,324.07684,5.8600283,6.082267
512.5345,324.81033,5.846164,6.0842485
511.8501,325.53934,5.833573,6.0846486
511.16025,326.2632,5.8209815,6.085048
510.46432,326.9812,5.80839,6.085448
509.76163,327.6926,5.795799,6.085848
509.05154,328.39664,5.809446,6.0557933
508.33365,329.09265,5.8392515,6.0069838
507.60748,329.7801,5.869057,5.958175
506.8727,330.45828,5.8988624,5.909366
506.12897,331.12662,5.9286675,5.860558
505.3759,331.78445,5.9571576,5.8324265
504.61322,332.4311,5.9848413,5.81698
503.84067,333.06592,6.012525,5.801533
503.05798,333.68823,6.0402093,5.786086
502.26498,334.29733,6.0678935,5.7706394
501.4615,334.8925,6.1244717,5.7840753
500.64728,335.47293,6.1976624,5.814118
499.8223,336.03793,6.2708526,5.84416
498.98642,336.58673,6.3440413,5.874202
498.13962,337.11847,6.4172254,5.9042416
497.28186,337.63235,6.514704,5.983746
496.41312,338.12744,6.623872,6.087051
495.53336,338.60266,6.7330437,6.19036
494.6426,339.05695,6.8422256,6.2936783
493.74097,339.48923,6.9514165,6.397005
492.8286,339.8984,7.044689,6.586424
491.90628,340.28452,7.132039,6.8078175
490.97482,340.64816,7.2193804,7.02919
490.03513,340.98987,7.3067174,7.250551
489.08795,341.31033,7.394059,7.471925
488.13403,341.61017,7.4773326,7.6374106
487.17422,341.8905,7.5593276,7.78528
486.2093,342.15262,7.6413226,7.93315
485.23993,342.39792,7.723315,8.081014
484.26675,342.62775,7.8053074,8.228879
483.29037,342.84348,7.8802376,8.309197
482.31125,343.04626,7.9526305,8.365218
481.3297,343.23715,8.025025,8.42124
480.34613,343.41724,8.09742,8.4772625
479.3608,343.58755,8.169815,8.533285
478.37402,343.7492,8.235382,8.538468
477.38605,343.90335,8.297524,8.518149
476.39713,344.05118,8.359668,8.497829
475.4074,344.1939,8.421809,8.47751
474.41718,344.33276,8.483951,8.4571905
473.42657,344.4689,8.542034,8.419424
472.4357,344.60327,8.597379,8.369874
471.44467,344.73648,8.652724,8.320323
470.45358,344.8692,8.708069,8.270772
469.46252,345.0021,8.763414,8.221221
468.4716,345.13577,8.770358,8.191254
467.48068,345.26993,8.743933,8.174789
466.48972,345.4035,8.717508,8.158324
465.49854,345.5355,8.691083,8.141859
464.50702,345.66486,8.664659,8.125395
463.515,345.79056,8.605908,8.121922
462.52246,345.91174,8.531405,8.124779
461.52927,346.02765,8.456901,8.127637
460.5354,346.13757,8.382395,8.130494
459.5408,346.2407,8.307887,8.133352
458.54544,346.3363,8.234053,8.13634
457.54935,346.42365,8.160417,8.139366
456.5525,346.50195,8.086782,8.142392
455.5549,346.57056,8.013155,8.145418
454.55667,346.62866,7.939538,8.148443
453.55786,346.6756,7.9181695,8.084436
452.55853,346.71106,7.9085746,8.005328
451.5589,346.73477,7.898978,7.9262085
450.55905,346.74652,7.889379,7.847062
449.5591,346.74612,7.879774,7.767874
448.5593,346.73303,7.8635674,7.672951
447.55978,346.70425,7.844677,7.5716305
446.56107,346.65536,7.825794,7.4703517
445.56387,346.58203,7.806939,7.369219
444.56918,346.48007,7.7881365,7.2683673
443.5784,346.34546,7.719876,7.1586437
442.59412,346.16974,7.593449,7.038237
441.62128,345.9392,7.4667726,6.917593
440.6676,345.63943,7.339561,6.796439
439.74426,345.2566,7.2119584,6.6749125
438.86603,344.7795,7.088799,6.583972
438.04507,344.20944,6.9705124,6.523975
437.28842,343.55637,6.852649,6.464192
436.6028,342.82904,6.7348495,6.404442
435.99564,342.03506,6.61672,6.344524
435.47443,341.18222,6.5446544,6.2622066
435.03864,340.28262,6.4835415,6.1745315
434.68155,339.3489,6.4225607,6.087046
434.39465,338.3912,6.361755,5.9998116
434.16888,337.4172,6.3010187,5.9126773
433.99612,336.4324,6.2761736,5.857431
433.8744,335.44003,6.2610855,5.810778
433.8043,334.44266,6.2459655,5.7640247
433.78632,333.443,6.2308235,5.7172046
433.82083,332.4438,6.215672,5.6703544
433.90775,331.44775,6.1584806,5.668362
434.04453,330.4573,6.0878916,5.68071
434.22757,329.47437,6.0173645,5.693047
434.45325,328.50027,5.946877,5.705377
434.71817,327.53613,5.876377,5.7177095
435.0191,326.58264,5.875562,5.7735033
435.35272,325.64005,5.8828955,5.8344116
435.7155,324.70828,5.8902307,5.895332
436.10413,323.787,5.897566,5.956254
436.51526,322.87552,5.9049015,6.0171833
436.9458,321.97302,5.918596,6.0298223
437.39273,321.07855,5.932378,6.0418067
437.85324,320.19098,5.946159,6.0537906
438.3245,319.30905,5.9599395,6.0657735
438.80374,318.43146,5.9737196,6.0777564
439.28848,317.5569,5.983511,6.073536
439.77744,316.68463,5.99322,6.0689783
440.2694,315.81412,6.0029297,6.0644207
440.76343,314.94476,6.0126395,6.059863
441.25836,314.0759,6.0223494,6.0553055
441.75333,313.20706,6.0322566,6.050927
442.2483,312.33823,6.042178,6.0465617
442.74344,311.4695,6.0520997,6.0421963
443.239,310.601,6.0620213,6.037831
443.73517,309.73285,6.071943,6.0334654
444.23212,308.86514,6.0818787,6.0290933
444.72983,307.9979,6.0918164,6.0247207
445.22824,307.131,6.101754,6.020348
445.7273,306.26453,6.111692,6.0159755
446.2269,305.39838,6.1216297,6.011603
446.72705,304.5325,6.1314087,6.007053
447.22766,303.6669,6.141162,6.002475
447.7288,302.8016,6.1509156,5.9978967
448.2304,301.9366,6.160669,5.9933186
448.73254,301.0719,6.170422,5.9887404
449.2352,300.2075,6.179685,5.9846587
449.73834,299.34338,6.1888537,5.9806724
450.242,298.47952,6.198022,5.976686
450.7461,297.61597,6.2071905,5.9726996
451.25067,296.7527,6.2163587,5.9687138
451.7557,295.88965,6.2176723,5.9676723
452.26114,295.0269,6.217273,5.967273
452.76703,294.16437,6.216874,5.966874
453.27332,293.30206,6.216475,5.966475
453.78,292.44003,6.216076,5.966076
454.28708,291.57822,6.215677,5.9658384
454.79456,290.7166,6.215277,5.9656386
455.3024,289.85526,6.2148776,5.965439
455.8106,288.9941,6.214478,5.965239
456.31918,288.13315,6.2140784,5.9650393
456.82806,287.2724,6.213679,5.964679
457.3373,286.41187,6.213279,5.964279
457.84686,285.55148,6.212879,5.963879
458.35672,284.6913,6.212479,5.9634795
458.86688,283.8313,6.2120795,5.9630795
459.37732,282.97147,6.2116795,5.9628396
459.88803,282.11182,6.2112794,5.96264
460.39902,281.2523,6.2108793,5.9624395
460.91025,280.39294,6.210479,5.9622397
461.42172,279.53372,6.2100787,5.9620395
461.93344,278.67465,6.2096786,5.9616785
462.44537,277.8157,6.209278,5.9612784
462.95752,276.95688,6.208878,5.960878
463.46985,276.09818,6.2084775,5.9604774
463.9824,275.2396,6.2080774,5.9600773
464.4951,274.3811,6.207677,5.9598384
465.00797,273.52274,6.2072763,5.959638
465.521,272.66443,6.206876,5.959438
466.03418,271.80624,6.2064753,5.9592376
466.5475,270.94812,6.2060747,5.9590373
467.06094,270.09006,6.205674,5.958674
467.5745,269.2321,6.2052736,5.9582734
468.08813,268.37415,6.2048726,5.957873
468.60187,267.5163,6.204472,5.9574723
469.1157,266.65848,6.2040715,5.957072
469.62958,265.8007,6.203671,5.9568353
470.14352,264.94296,6.2032704,5.956635
470.6575,264.08524,6.2028694,5.9564347
471.17154,263.22754,6.202469,5.9562345
471.6856,262.36987,6.2020683,5.956034
472.19968,261.5122,6.2016673,5.9556675
472.71375,260.65454,6.201267,5.955267
473.22778,259.79684,6.200866,5.9548664
473.74185,258.93918,6.2004657,5.9544654
474.25586,258.08148,6.2000647,5.954065
474.76984,257.22375,6.199664,5.953832
475.28375,256.366,6.1992636,5.953632
475.7976,255.5082,6.198863,5.9534316
476.3114,254.65034,6.1984625,5.9532313
476.8251,253.79247,6.198062,5.953031
477.33868,252.93451,6.1976614,5.952831
477.8522,252.07649,6.197261,5.9526305
478.36557,251.21841,6.1968603,5.9524302
478.8788,250.36026,6.19646,5.95223
479.39194,249.50201,6.1960597,5.9520297
479.9049,248.64369,6.1958294,5.951659
480.41772,247.78526,6.1956296,5.951259
480.93036,246.92674,6.1954293,5.9508586
481.4428,246.0681,6.195229,5.9504585
481.95505,245.20935,6.1950293,5.950058
482.46707,244.35046,6.194658,5.949829
482.9789,243.49146,6.194258,5.949629
483.4905,242.63231,6.193858,5.949429
484.0019,241.77303,6.193458,5.949229
484.51306,240.91364,6.193058,5.949029
485.02402,240.05411,6.192658,5.948658
485.53476,239.19446,6.1922584,5.9482584
486.04535,238.3347,6.1918583,5.9478583
486.5558,237.47487,6.1914587,5.9474587
487.0661,236.61496,6.191059,5.947059
487.57632,235.755,6.1906595,5.94683
488.0865,234.895,6.19026,5.94663
488.59662,234.03499,6.1898603,5.94643
489.1067,233.17494,6.1894608,5.9462304
489.6168,232.3149,6.189061,5.9460306
490.1269,231.45486,6.1886616,5.9456615
490.63705,230.59485,6.1882625,5.9452624
491.14725,229.73488,6.187863,5.944863
491.65756,228.87497,6.1874633,5.9444633
492.16797,228.0151,6.187064,5.944064
492.6785,227.15533,6.1866646,5.9438324
493.18918,226.29565,6.1862655,5.9436326
493.70007,225.43608,6.1858664,5.9434333
494.21115,224.57663,6.185467,5.9432335
494.72244,223.7173,6.1850677,5.9430337
495.23398,222.85812,6.1846685,5.9426684
495.7458,221.9991,6.184269,5.9422693
496.2579,221.14026,6.18387,5.9418697
496.7703,220.2816,6.1834707,5.9414706
497.28305,219.42314,6.1830716,5.9410715
497.79617,218.5649,6.182672,5.940836
498.30966,217.70688,6.182273,5.9406366
498.82355,216.8491,6.181874,5.940437
499.33786,215.9916,6.1814747,5.940237
499.85263,215.13434,6.181075,5.9400377
500.3679,214.27739,6.180676,5.9396763
500.88364,213.42073,6.180277,5.9392767
501.3999,212.56438,6.1798778,5.9388776
501.9167,211.70834,6.179478,5.9384785
502.43402,210.85263,6.179079,5.938079
502.9519,209.99727,6.1786795,5.93784
503.4704,209.14226,6.1782804,5.93764
503.98953,208.28766,6.1778812,5.9374404
504.50937,207.43346,6.1774817,5.9372406
505.02994,206.57973,6.1770825,5.9370413
505.55127,205.72646,6.176683,5.9366827
506.0733,204.87361,6.1762834,5.9362836
506.59598,204.02116,6.175884,5.935884
507.11917,203.16902,6.1754847,5.9354844
507.6428,202.31714,6.175085,5.935085
508.16672,201.46547,6.1746855,5.9348426
508.6908,200.61388,6.174286,5.934643
509.21478,199.76224,6.173886,5.934443
509.7385,198.91042,6.173486,5.934243
510.26166,198.05826,6.1730866,5.9340434
510.7841,197.20567,6.166734,5.9454355
511.3056,196.3525,6.158734,5.9600353
511.82596,195.49863,6.150734,5.974635
512.345,194.64395,6.142734,5.9892354
512.8625,193.78836,6.134734,6.003835
513.3783,192.93173,6.123435,6.024875
513.89215,192.07393,6.111223,6.047698
514.4039,191.21487,6.099011,6.0705204
514.91327,190.35442,6.086799,6.093343
515.42017,189.49246,6.074587,6.116165
515.92426,188.6289,6.062207,6.139164
516.42535,187.76361,6.0497828,6.16221
516.92334,186.89648,6.037358,6.1852555
517.4179,186.02742,6.024933,6.2083015
517.9089,185.15633,6.0125084,6.2313476
518.396,184.28308,6.0002365,6.254407
518.87915,183.40761,5.9880033,6.2774696
519.358,182.5298,5.9757695,6.300533
519.8324,181.64955,5.9635363,6.3235955
520.30206,180.76682,5.951303,6.346658
520.76685,179.88147,5.969839,6.379654
521.2265,178.99344,5.995511,6.414953
521.6808,178.10266,6.0211835,6.450252
522.1295,177.20906,6.0468554,6.4855514
522.5724,176.31256,6.0725274,6.52085
523.0092,175.41309,6.1267986,6.565383
523.43976,174.5106,6.1871037,6.611864
523.86383,173.60506,6.247409,6.658345
524.2812,172.69638,6.307714,6.7048264
524.6916,171.78456,6.368019,6.751307
525.09485,170.86955,6.428351,6.797847
525.49066,169.95131,6.488688,6.8443985
525.8789,169.02982,6.549025,6.8909497
526.2592,168.10504,6.609362,6.937501
526.6314,167.17696,6.669698,6.9840517
526.99524,166.24557,6.726077,7.003891
527.3503,165.3108,6.7816405,7.01823
527.69617,164.37259,6.8372045,7.032569
528.0324,163.4309,6.892769,7.046908
528.3585,162.48566,6.9483323,7.061247
528.67413,161.53685,7.0000587,7.0894403
528.97876,160.58444,7.050873,7.120925
529.2719,159.62845,7.101687,7.15241
529.55304,158.66887,7.1525016,7.183895
529.8217,157.7057,7.2033157,7.2153797
530.0774,156.73903,7.2470045,7.283745
530.3196,155.76888,7.2887955,7.3619285
530.5477,154.79533,7.3305864,7.4401116
530.7614,153.81851,7.372377,7.518294
530.96,152.8385,7.4141665,7.5964737
531.14307,151.85548,7.4416785,7.6142664
531.3099,150.86957,7.4653635,7.615872
531.45984,149.88097,7.4890485,7.617478
531.5923,148.88986,7.512735,7.619084
531.70654,147.89648,7.536422,7.6206894
531.802,146.90114,7.531432,7.6187296
531.87866,145.90416,7.5195727,7.6159153
531.93677,144.90593,7.5077133,7.6131015
531.9766,143.90681,7.4958544,7.6102877
531.9984,142.90712,7.483995,7.6074734
532.0025,141.90721,7.452981,7.5959926
531.9893,140.90738,7.4180927,7.5827594
531.95953,139.9079,7.3832045,7.5695257
531.9137,138.90904,7.3483167,7.5562925
531.85236,137.911,7.313429,7.5430593
531.7761,136.91399,7.2816954,7.480803
531.6855,135.91817,7.250543,7.4095116
531.581,134.92372,7.2193904,7.33822
531.46313,133.93077,7.1882377,7.266928
531.33234,132.93944,7.1570845,7.1956363
531.18915,131.94981,7.1041813,7.1391807
531.03406,130.96199,7.047035,7.085618
530.86743,129.97604,6.9898887,7.032056
530.6899,128.992,6.9327426,6.978494
530.5018,128.00993,6.8755965,6.9249315
530.30365,127.02983,6.814217,6.875899
530.0959,126.05172,6.751874,6.8278966
529.8789,125.07562,6.689531,6.7798944
529.65314,124.10152,6.6271873,6.731892
529.4189,123.12941,6.564844,6.6838894
529.1767,122.15926,6.5126863,6.635479
528.9268,121.191055,6.463171,6.5869617
528.6696,120.22476,6.4136558,6.538445
528.4056,119.26033,6.3641405,6.4899282
528.13495,118.29772,6.3146253,6.441411
527.8581,117.33688,6.2688246,6.3964524
527.57544,116.37774,6.224038,6.352466
527.2873,115.42022,6.179252,6.30848
526.9941,114.46425,6.1344657,6.2644935
526.6961,113.50974,6.0896797,6.2205067
526.3938,112.5566,6.071686,6.2004895
526.08746,111.604744,6.061079,6.1870813
525.7775,110.65407,6.0504723,6.1736727
525.4643,109.70447,6.039866,6.1602645
525.14813,108.75584,6.029259,6.146856
524.82935,107.808075,6.0188007,6.1334357
524.50836,106.86106,6.008383,6.1200123
524.18555,105.914665,5.997965,6.1065893
523.8613,104.96877,5.9875464,6.093166
523.53595,104.023254,5.9771285,6.0797424
523.20984,103.077995,5.968775,6.06854
522.883,102.132996,5.960951,6.0579076
522.5552,101.188324,5.953127,6.0472746
522.22626,100.24403,5.945303,6.036642
521.89606,99.300186,5.937479,6.0260096
521.56445,98.35684,5.9309554,6.01684
521.23126,97.41407,5.9247355,6.008012
520.89624,96.47193,5.9185157,5.999183
520.5592,95.5305,5.9122953,5.9903545
520.22003,94.58986,5.9060755,5.9815264
519.8785,93.65008,5.8998632,5.972709
519.53436,92.71122,5.8936524,5.963894
519.1875,91.77338,5.887442,5.955079
518.83777,90.8366,5.881232,5.9462643
518.4849,89.90099,5.875021,5.9374495
518.1288,88.96661,5.8678274,5.930828
517.7693,88.03355,5.86044,5.9246387
517.4062,87.10187,5.8530526,5.9184494
517.0394,86.171646,5.8456655,5.91226
516.66876,85.24296,5.8382783,5.906071
516.294,84.315895,5.8207254,5.92111
515.9148,83.39066,5.8010454,5.9405913
515.5306,82.46751,5.7813654,5.9600725
515.1408,81.54666,5.7616854,5.9795537
514.745,80.6284,5.7420053,5.999035
514.34265,79.713,5.7400575,6.0115466
513.93317,78.80074,5.7426405,6.022277
513.51605,77.89197,5.745224,6.033007
513.09076,76.98701,5.747807,6.043738
512.6567,76.0862,5.7503905,6.054468
512.2134,75.18991,5.772331,6.0571523
511.76028,74.29854,5.80025,6.0573516
511.29684,73.41248,5.8281684,6.0575514
510.82263,72.532166,5.856087,6.0577507
510.33707,71.65804,5.884005,6.05795
509.83975,70.79057,5.934408,6.0096354
509.33005,69.9303,5.992327,5.9451027
508.80746,69.077805,6.0502467,5.8805695
508.27142,68.2337,6.1081676,5.816035
507.72144,67.39864,6.1660886,5.7515
507.15695,66.57328,6.157085,5.7595263
506.57788,65.75811,6.1269274,5.7904882
505.9842,64.953514,6.09677,5.8214498
505.3759,64.15991,6.0666122,5.8524113
504.753,63.377724,6.0364547,5.8833733
504.1155,62.607365,5.976085,5.943282
503.4637,61.849064,5.90749,6.011073
502.798,61.10297,5.8388953,6.078863
502.1187,60.369225,5.7703013,6.146652
501.42615,59.647953,5.701708,6.2144413
500.72073,58.939293,5.6988306,6.2001305
500.0027,58.2434,5.710896,6.1671505
499.27234,57.56045,5.7229624,6.13417
498.52994,56.890617,5.7350283,6.1011896
497.77576,56.234066,5.747094,6.0682096
497.0101,55.590965,5.732414,6.1129274
496.2332,54.961487,5.7127166,6.172221
495.44528,54.34581,5.693019,6.2315145
494.64667,53.744102,5.6733217,6.2908072
493.8376,53.156544,5.6536245,6.3501
493.0183,52.583286,5.6877446,6.3599157
492.18915,52.02442,5.730138,6.362126
491.35043,51.48,5.772531,6.3643355
490.50247,50.95008,5.8149257,6.3665457
489.6456,50.43471,5.857322,6.3687563
488.78015,49.93384,5.8643203,6.3636456
487.90683,49.44689,5.8669286,6.357627
487.0263,48.973064,5.8695364,6.3516083
486.13925,48.51154,5.872144,6.34559
485.24634,48.061485,5.8747525,6.3395715
484.34814,47.622055,5.8771696,6.333757
483.4452,47.192444,5.8795667,6.327964
482.53802,46.771854,5.881964,6.3221703
481.6271,46.359463,5.8843613,6.316377
480.71286,45.954453,5.8867583,6.3105836
479.79575,45.55599,5.889327,6.3046303
478.8762,45.16326,5.8919144,6.298659
477.95453,44.775455,5.894502,6.2926874
477.03113,44.391754,5.8970895,6.286716
476.10638,44.01134,5.8996773,6.2807446
475.18063,43.63338,5.9022636,6.2747765
474.25427,43.256977,5.9048495,6.268809
473.3276,42.881218,5.9074354,6.2628407
472.4011,42.505188,5.910022,6.256873
471.47504,42.127975,5.9126077,6.250905
470.5498,41.748734,5.915031,6.2449226
469.62558,41.367085,5.917425,6.238937
468.70242,40.982826,5.9198194,6.2329516
467.78046,40.59575,5.9222136,6.2269664
466.85974,40.205654,5.9246078,6.220981
465.9404,39.81236,5.927175,6.21498
465.02246,39.415825,5.9297767,6.2089767
464.10593,39.016052,5.9323783,6.202973
463.1908,38.613052,5.93498,6.196969
462.2771,38.206833,5.9375815,6.1909657
461.36484,37.7974,5.940186,6.185123
460.45404,37.384743,5.9427915,6.1793113
459.5447,36.96883,5.945397,6.1734996
458.63687,36.549644,5.948002,6.167688
457.7306,36.127155,5.9506073,6.1618767
456.82587,35.701336,5.953892,6.155046
455.92273,35.272137,5.957298,6.148034
455.02124,34.839493,5.9607034,6.1410227
454.12143,34.40334,5.964109,6.134011
453.2234,33.96362,5.9675145,6.126999
452.3271,33.52031,5.9911475,6.098566
451.43243,33.07368,6.018141,6.0665736
450.53928,32.624092,6.0451345,6.0345817
449.64743,32.171913,6.072128,6.002589
448.7567,31.71751,6.099121,5.9705973
447.86694,31.26126,6.1262455,5.9386525
446.97787,30.803608,6.1533914,5.906716
446.0893,30.345036,6.1805377,5.874779
445.20096,29.886019,6.207684,5.8428426
444.3126,29.427036,6.23483,5.810906
443.42395,28.968561,6.2619643,5.778983
442.53482,28.511047,6.289097,5.747062
441.645,28.054943,6.3162293,5.715142
440.75418,27.600693,6.343362,5.6832213
439.8622,27.148748,6.3704944,5.651301
438.96884,26.699562,6.3215613,5.675466
438.07388,26.253593,6.2574816,5.7107997
437.1771,25.811308,6.193402,5.746134
436.27826,25.373178,6.1293216,5.7814674
435.37717,24.939674,6.065242,5.816801
434.47366,24.511272,5.9971457,5.85497
433.56754,24.088459,5.9281955,5.893742
432.65857,23.671724,5.859245,5.932514
431.74664,23.261566,5.790294,5.971287
430.83154,22.85848,5.7213445,6.0100584
429.91318,22.462978,5.683674,6.0189734
428.99133,22.075594,5.6528254,6.021377
428.0659,21.696878,5.6219764,6.0237813
427.13675,21.327385,5.5911274,6.026185
426.20374,20.96768,5.560279,6.028589
425.26685,20.618332,5.52582,6.056846
424.3259,20.279934,5.4906154,6.090441
423.38092,19.953093,5.455411,6.1240363
422.4318,19.63842,5.420206,6.157632
421.47852,19.336542,5.3850017,6.191227
420.52112,19.048084,5.406514,6.1875086
419.55957,18.773674,5.437419,6.177611
418.59396,18.513952,5.468323,6.1677136
417.6244,18.26956,5.4992275,6.157816
416.6509,18.04115,5.5301304,6.147919
415.67365,17.829369,5.6094713,6.0815315
414.69284,17.63485,5.6937695,6.0093627
413.70865,17.45823,5.77807,5.937192
412.7213,17.30015,5.862376,5.865016
411.73108,17.161263,5.9466877,5.7928357
410.7383,17.041985,5.9934793,5.75541
409.74344,16.941645,6.038734,5.719407
408.74692,16.859264,6.083986,5.683407
407.74915,16.793858,6.1292353,5.6474085
406.75043,16.74444,6.1744866,5.611408
405.7511,16.710024,6.1574583,5.6381993
404.75137,16.689615,6.1397142,5.6657124
403.7515,16.682213,6.12197,5.693226
402.7516,16.686811,6.104226,5.7207394
401.75177,16.702402,6.0864816,5.7482533
400.75217,16.728006,6.052297,5.798302
399.75284,16.762737,6.0176535,5.848981
398.75385,16.805735,5.9830103,5.8996596
397.7552,16.856138,5.9483666,5.950338
396.75687,16.913086,5.913723,6.0010166
395.7589,16.9757,5.9039,6.022659
394.76123,17.042986,5.8961945,6.0418243
393.76382,17.113909,5.888489,6.06099
392.7666,17.187437,5.880783,6.0801554
391.7695,17.262543,5.8730774,6.0993204
390.77243,17.338305,5.87866,6.1033664
389.77542,17.414495,5.8864036,6.1049547
388.7784,17.491142,5.8941464,6.106543
387.78146,17.56828,5.9018893,6.108131
386.78455,17.645935,5.909632,6.1097193
385.7877,17.724218,5.911659,6.1129646
384.79092,17.803778,5.912459,6.1165657
383.79434,17.885489,5.913259,6.1201663
382.798,17.970228,5.9140596,6.1237674
381.80203,18.05887,5.91486,6.1273685
380.80646,18.15227,5.9023867,6.1349707
379.81143,18.251139,5.8870893,6.143424
378.81702,18.356138,5.8717923,6.151878
377.82336,18.467922,5.8564954,6.1603312
376.83057,18.587145,5.841199,6.1687846
375.83878,18.714483,5.8256874,6.1772614
374.84818,18.850761,5.8101397,6.185742
373.85898,18.996862,5.794592,6.194223
372.87143,19.153664,5.779043,6.2027035
371.88577,19.32204,5.7634945,6.2111845
370.9023,19.502728,5.7918806,6.181755
369.9212,19.695744,5.8249383,6.148294
368.94254,19.900877,5.857995,6.1148343
367.96646,20.11791,5.8910522,6.081374
366.99304,20.346636,5.92411,6.047913
366.02237,20.586744,5.9751344,5.9989448
365.05438,20.837461,6.0272484,5.949035
364.08896,21.097872,6.0793624,5.899126
363.12595,21.36707,6.131475,5.8492184
362.1652,21.644154,6.1835885,5.7993097
361.20645,21.928265,6.162995,5.821526
360.24963,22.218687,6.1388726,5.847243
359.29453,22.514742,6.1147504,5.87296
358.341,22.815763,6.090628,5.8986773
357.38882,23.121082,6.066506,5.9243946
356.4378,23.430025,6.0307145,5.9617763
355.48773,23.741867,5.994146,5.9999347
354.5384,24.05587,5.957577,6.038093
353.5895,24.371298,5.921009,6.0762515
352.64087,24.687416,5.884441,6.1144094
351.69223,25.00352,5.8597503,6.1356483
350.74338,25.319052,5.836293,6.1551294
349.7942,25.633514,5.812836,6.1746106
348.84445,25.9464,5.789379,6.194092
347.89404,26.257204,5.7659216,6.2135735
346.94287,26.565556,5.775739,6.186333
345.991,26.871859,5.7902913,6.1524453
345.0387,27.176802,5.804843,6.1185575
344.08618,27.481075,5.8193946,6.08467
343.13367,27.785366,5.833946,6.0507827
342.1814,28.090357,5.8485365,6.0169773
341.22952,28.39665,5.863133,5.9831853
340.27826,28.704824,5.8777294,5.9493933
339.32782,29.01546,5.8923264,5.9156013
338.37836,29.329128,5.906923,5.8818088
337.43008,29.646408,5.893865,5.8826756
336.48325,29.96789,5.876219,5.8892927
335.53806,30.294165,5.8585725,5.8959103
334.59473,30.625822,5.8409266,5.9025273
333.65353,30.96345,5.823281,5.909145
332.7147,31.307634,5.7940655,5.9304633
331.77853,31.658998,5.763133,5.9539638
330.84534,32.018173,5.7322006,5.9774647
329.91544,32.385784,5.7012677,6.0009656
328.98917,32.76245,5.6703343,6.024467
328.06686,33.148712,5.6394215,6.0479527
327.14868,33.544727,5.608512,6.071436
326.2348,33.95052,5.5776024,6.0949187
325.32532,34.366108,5.5466933,6.118402
324.4204,34.79152,5.515784,6.141885
323.52017,35.226753,5.4849234,6.1653314
322.6247,35.67172,5.454067,6.1887736
321.7341,36.1263,5.423211,6.212216
320.84836,36.59038,5.3923554,6.2356586
319.96765,37.063835,5.3615,6.259101
319.09195,37.546555,5.4156303,6.229927
318.22137,38.038456,5.4772525,6.1961145
317.35602,38.539463,5.5388746,6.1623025
316.49594,39.049496,5.600497,6.1284904
315.64124,39.568478,5.6621194,6.094678
314.792,40.096336,5.706199,6.0739646
313.94827,40.632988,5.74877,6.054378
313.11017,41.178356,5.7913413,6.0347915
312.27774,41.732357,5.8339124,6.0152044
311.45108,42.294914,5.8764834,5.995618
310.63025,42.865948,5.8847647,5.999864
309.8153,43.44538,5.8899584,6.0062566
309.00638,44.033146,5.895152,6.0126486
308.2035,44.629166,5.900346,6.019041
307.40674,45.233368,5.9055395,6.025433
306.6162,45.845684,5.9256616,6.0081587
305.832,46.46604,5.947236,5.988582
305.05414,47.094376,5.968811,5.969005
304.28275,47.73062,5.9903855,5.949428
303.5179,48.374714,6.01196,5.929851
302.75967,49.02658,6.03952,5.9001274
302.00812,49.686153,6.0677047,5.8693438
301.26334,50.353363,6.0958896,5.83856
300.52542,51.02814,6.1240745,5.807777
299.79443,51.71041,6.152259,5.7769938
299.07043,52.400112,6.0982676,5.8173623
298.35355,53.097195,6.0354233,5.865396
297.64386,53.80162,5.972579,5.91343
296.9415,54.513348,5.9097347,5.961464
296.24658,55.232338,5.8468904,6.009498
295.5592,55.95853,5.8182864,6.0341697
294.87936,56.6918,5.793224,6.056425
294.2071,57.431984,5.7681613,6.0786805
293.54233,58.178936,5.7430987,6.1009364
292.88504,58.932507,5.718036,6.123192
292.23526,59.69252,5.7331495,6.1187305
291.59274,60.458687,5.7518153,6.111906
290.9572,61.23067,5.770481,6.105082
290.3284,62.008156,5.7891464,6.0982585
289.7061,62.790825,5.807812,6.0914345
289.08997,63.57838,5.8366036,6.084803
288.47977,64.37055,5.866083,6.0781856
287.87527,65.16707,5.895563,6.0715675
287.27618,65.967674,5.9250426,6.0649495
286.68228,66.77212,5.9545226,6.0583315
286.09326,67.58015,5.9793897,6.053056
285.50888,68.39153,6.0040135,6.0478506
284.9288,69.20602,6.0286374,6.042646
284.35278,70.02336,6.0532613,6.037441
283.78052,70.843346,6.077885,6.0322356
283.2117,71.66573,6.084914,6.032
282.6461,72.49031,6.091109,6.032
282.0833,73.31685,6.0973034,6.032
281.52316,74.14514,6.103498,6.032
280.96527,74.974976,6.1096926,6.032
280.40936,75.80615,6.1156898,6.032
279.85516,76.63845,6.1216764,6.032
279.30237,77.47169,6.127663,6.032
278.75067,78.30565,6.13365,6.032
278.1998,79.14014,6.1396365,6.032
277.64938,79.97497,6.1458073,6.032
277.0992,80.80992,6.1519904,6.032
276.54892,81.64481,6.158173,6.032
275.99823,82.47944,6.1643558,6.032
275.4468,83.3136,6.170539,6.032
274.8944,84.147095,6.1767235,6.032
274.3407,84.97972,6.1829085,6.032
273.78543,85.81131,6.189093,6.032
273.2283,86.641655,6.195278,6.032
272.66907,87.470566,6.2014627,6.032
272.1074,88.297844,6.2074714,6.032
271.54294,89.12324,6.213463,6.032
270.9754,89.946495,6.2194543,6.032
270.4044,90.76735,6.2254457,6.032
269.82956,91.58553,6.231437,6.032
269.25058,92.4008,6.225658,6.0361676
268.6675,93.21313,6.2186584,6.040767
268.08035,94.02252,6.211659,6.045367
267.48923,94.82901,6.2046595,6.0499663
266.89417,95.632614,6.1976604,6.054566
266.29532,96.43337,6.1839495,6.061344
265.69293,97.2315,6.1695395,6.068349
265.08737,98.02722,6.15513,6.0753536
264.47903,98.8208,6.14072,6.0823584
263.8682,99.61248,6.1263103,6.089363
263.25525,100.402504,6.1120806,6.096369
262.64044,101.1911,6.0978684,6.103375
262.02408,101.97847,6.0836563,6.1103806
261.4064,102.764824,6.069444,6.117387
260.78772,103.55036,6.055232,6.1243925
260.16824,104.33531,6.041204,6.131215
259.54834,105.1199,6.027193,6.1380205
258.92828,105.90437,6.013182,6.144826
258.3084,106.68897,5.9991713,6.151631
257.68896,107.47393,5.985161,6.1584363
257.07028,108.25948,5.9900565,6.154962
256.45258,109.04582,5.99666,6.15056
255.83614,109.833115,6.003264,6.1461573
255.22112,110.62155,6.009868,6.1417546
254.60779,111.411285,6.016472,6.137352
253.9963,112.20246,6.0232573,6.132767
253.38663,112.995026,6.030059,6.128166
252.77861,113.788864,6.0368605,6.1235647
252.17212,114.58386,6.043662,6.1189637
251.567,115.37992,6.0504637,6.1143627
250.96315,116.17692,6.057263,6.1099477
250.36043,116.974785,6.064062,6.1055484
249.75874,117.773445,6.070861,6.1011486
249.15802,118.572815,6.07766,6.0967493
248.55815,119.372826,6.0844593,6.09235
247.95905,120.1734,6.0905204,6.0822473
247.36057,120.97446,6.096518,6.0716515
246.76262,121.77591,6.1025157,6.0610557
246.16508,122.57767,6.1085134,6.05046
245.56786,123.379654,6.1145105,6.0398645
244.97081,124.18178,6.119773,6.025048
244.37386,124.98397,6.1249704,6.009856
243.77692,125.78616,6.1301675,5.9946647
243.17987,126.58829,6.1353645,5.979473
242.58264,127.390274,6.1405616,5.9642816
241.98515,128.19208,6.1459417,5.9490905
241.38739,128.99365,6.151338,5.9338994
240.78935,129.79503,6.156735,5.918709
240.19102,130.5962,6.162132,5.9035177
239.59242,131.39717,6.1675286,5.8883266
238.99355,132.19792,6.1690946,5.8773317
238.3944,132.99846,6.170294,5.866738
237.79494,133.79878,6.171493,5.8561444
237.19518,134.59889,6.1726923,5.845551
236.59511,135.39874,6.1738915,5.834957
235.99472,136.19836,6.153091,5.8485456
235.394,136.99774,6.1301045,5.864536
234.79295,137.79688,6.107118,5.8805265
234.19156,138.59573,6.084132,5.896517
233.58981,139.39435,6.061146,5.9125075
232.98772,140.19269,6.0379777,5.9283166
232.38527,140.99075,6.014791,5.9441075
231.78244,141.78854,5.9916043,5.9598985
231.17924,142.58604,5.968418,5.9756894
230.57567,143.38326,5.9452314,5.9914804
229.9717,144.18018,5.922044,6.0074525
229.36732,144.9768,5.898856,6.0234437
228.76256,145.77312,5.875669,6.0394354
228.15738,146.56912,5.8524814,6.0554266
227.55177,147.3648,5.8292937,6.071418
226.94576,148.16016,5.8106084,6.084168
226.3393,148.9552,5.7924175,6.096562
225.7324,149.7499,5.774226,6.108956
225.12506,150.54425,5.7560353,6.12135
224.51727,151.33826,5.737844,6.1337433
223.90903,152.13191,5.7525277,6.123143
223.30031,152.92522,5.7709193,6.109949
222.69112,153.71815,5.7893114,6.0967546
222.08145,154.51073,5.8077035,6.0835605
221.47128,155.30292,5.8260956,6.070366
220.86064,156.09473,5.8446684,6.057171
220.24948,156.88615,5.8632617,6.043976
219.63782,157.67719,5.8818545,6.0307803
219.02565,158.46783,5.900448,6.0175853
218.41295,159.25806,5.919041,6.0043902
217.79973,160.04788,5.937457,5.991015
217.18597,160.8373,5.9558516,5.977619
216.57167,161.62627,5.9742465,5.964223
215.95682,162.41483,5.992641,5.9508266
215.34142,163.20296,6.011036,5.9374304
214.72545,163.99063,6.029432,5.924212
214.1089,164.77788,6.0478277,5.9110146
213.49179,165.56467,6.066224,5.8978176
212.8741,166.351,6.0846205,5.88462
212.25581,167.13686,6.1030164,5.871423
211.63693,167.92226,6.113564,5.869465
211.01744,168.70718,6.1231627,5.868865
210.39735,169.49162,6.1327615,5.8682647
209.77664,170.27557,6.14236,5.867665
209.1553,171.05904,6.151959,5.867065
208.53334,171.842,6.1567445,5.873062
207.91074,172.62444,6.160944,5.879862
207.28749,173.40639,6.165144,5.8866615
206.6636,174.1878,6.169344,5.893461
206.03906,174.9687,6.1735435,5.900261
205.41385,175.74907,6.1777434,5.906883
204.78796,176.5289,6.181944,5.913483
204.1614,177.30818,6.186144,5.920083
203.53416,178.08691,6.190344,5.9266834
202.90623,178.8651,6.1945443,5.933284
202.2776,179.64272,6.198923,5.9400625
201.64827,180.41977,6.2033234,5.946863
201.01823,181.19624,6.2077236,5.953664
200.38748,181.97214,6.2121243,5.960465
199.75601,182.74745,6.2165246,5.9672656
199.12381,183.52216,6.220747,5.973888
198.49086,184.29628,6.2249475,5.9804893
197.85718,185.06978,6.2291484,5.98709
197.22276,185.84268,6.233349,5.9936914
196.58757,186.61496,6.23755,6.0002923
195.95163,187.3866,6.2417507,6.0070724
195.31493,188.15762,6.2459517,6.013874
194.67744,188.928,6.2501526,6.020675
194.03918,189.69772,6.254353,6.027477
193.40013,190.4668,6.258554,6.0342784
192.7603,191.23521,6.262934,6.040901
192.11966,192.00298,6.267335,6.0475025
191.47821,192.77005,6.271736,6.0541043
190.83597,193.53645,6.2761374,6.060706
190.1929,194.30219,6.2805386,6.0673075
189.54898,195.0672,6.2733,6.061733
188.90407,195.83134,6.2646985,6.0547314
188.25792,196.59448,6.2560964,6.04773
187.61034,197.35638,6.2474947,6.040728
186.9611,198.11688,6.2388926,6.0337267
186.31003,198.87581,6.230114,6.026548
185.6569,199.63297,6.221315,6.0193486
185.00154,200.38818,6.212516,6.0121493
184.34375,201.1413,6.2037168,6.00495
183.68335,201.89212,6.1949177,5.9977508
183.02014,202.64046,6.1863046,5.990557
182.35391,203.38611,6.177713,5.9833646
181.6844,204.12883,6.1691217,5.9761715
181.0114,204.86838,6.16053,5.968979
180.33467,205.6045,6.1519384,5.961786
179.65399,206.337,6.143361,5.9547825
178.96935,207.06577,6.1347857,5.947802
178.2807,207.79077,6.12621,5.940822
177.58807,208.51198,6.117635,5.933842
176.89146,209.22934,6.1090593,5.9268622
176.19077,209.94269,6.085159,5.917805
175.48506,210.6511,6.0590982,5.908455
174.77325,211.35336,6.0330377,5.899105
174.05423,212.04825,6.0069776,5.8897552
173.32695,212.73448,5.9809217,5.880407
172.59027,213.4106,5.9701962,5.8417497
171.84238,214.07431,5.9621873,5.7979007
171.08128,214.72281,5.954178,5.754048
170.30513,215.35321,5.946168,5.7101936
169.51228,215.96246,5.93816,5.666351
168.70143,216.54753,5.901887,5.68387
167.87201,217.10596,5.8608356,5.7117767
167.02383,217.63545,5.8197794,5.739687
166.15686,218.13356,5.778708,5.7676077
165.27122,218.59766,5.737619,5.79554
164.36758,219.02563,5.748308,5.795615
163.4481,219.41846,5.7639937,5.793001
162.5152,219.77826,5.7796726,5.790388
161.571,220.10732,5.7953463,5.7877755
160.61736,220.40791,5.811021,5.7851634
159.65582,220.68224,5.871736,5.8180413
158.68753,220.93173,5.935477,5.853298
157.71349,221.15767,5.9992275,5.8885603
156.73454,221.36136,6.06298,5.9238234
155.75146,221.54414,6.1267314,5.959086
154.76494,221.70721,6.160329,6.008971
153.7754,221.85094,6.1912107,6.060175
152.78328,221.97542,6.2220926,6.111379
151.78893,222.08076,6.252975,6.162584
150.79274,222.16708,6.2838573,6.2137895
149.79509,222.23447,6.3197618,6.253552
148.79636,222.28319,6.3562346,6.292018
147.7969,222.31348,6.3927073,6.3304834
146.79706,222.3256,6.4291797,6.368949
145.79715,222.31987,6.4656525,6.407415
144.7975,222.29651,6.4926534,6.4237657
143.79842,222.25577,6.5183725,6.437124
142.80017,222.19788,6.544092,6.450482
141.80305,222.12306,6.569812,6.46384
140.80733,222.03156,6.595531,6.477198
139.81326,221.92355,6.5922604,6.480901
138.82109,221.79927,6.5844703,6.483098
137.83109,221.65883,6.5766797,6.4852953
136.84348,221.50238,6.568889,6.4874926
135.8585,221.33011,6.5610986,6.4896903
134.8764,221.1422,6.50781,6.5165257
133.89732,220.93909,6.447051,6.5474067
132.9214,220.72131,6.3862925,6.578287
131.94873,220.48946,6.325535,6.609167
130.9794,220.24402,6.2647758,6.640048
130.01344,219.98557,6.288686,6.61459
129.0509,219.71472,6.3250227,6.580863
128.09174,219.43216,6.3613596,6.547136
127.1359,219.1385,6.397696,6.513409
126.18333,218.83443,6.434033,6.479682
125.23394,218.52057,6.4678183,6.447967
124.28763,218.19753,6.5012913,6.4164987
123.34429,217.86589,6.5347643,6.38503
122.40381,217.52628,6.5682373,6.3535614
121.46603,217.17924,6.601711,6.3220925
120.5308,216.8254,6.6311545,6.2937474
119.597946,216.46535,6.660159,6.265743
118.66726,216.0997,6.689164,6.237738
117.73854,215.72911,6.7181687,6.2097335
116.81157,215.35416,6.747174,6.181729
115.88613,214.97545,6.7563133,6.1806235
114.962074,214.59337,6.7633085,6.182422
114.03925,214.20831,6.7703037,6.184221
113.11754,213.82062,6.777299,6.18602
112.196785,213.43065,6.784294,6.1878185
111.27686,213.03873,6.7571435,6.2363443
110.357735,212.64494,6.72616,6.2901154
109.43941,212.2493,6.6951766,6.343887
108.52187,211.85182,6.664193,6.397658
107.605125,211.45253,6.6332097,6.4514294
106.68916,211.05144,6.610825,6.4847765
105.77396,210.64862,6.589434,6.5157633
104.85948,210.24414,6.568043,6.54675
103.9457,209.83809,6.5466523,6.577737
103.032585,209.43056,6.525262,6.6087236
102.1201,209.02162,6.51424,6.6148605
101.20823,208.61133,6.5044436,6.618059
100.29693,208.19975,6.4946475,6.6212583
99.38618,207.78694,6.4848514,6.624457
98.47596,207.37299,6.4750547,6.6276555
97.56624,206.95793,6.4654374,6.630854
96.65699,206.54184,6.455841,6.6340528
95.748184,206.12479,6.4462447,6.637252
94.83979,205.70683,6.436649,6.6404505
93.931786,205.28806,6.4270525,6.643649
93.024124,204.8685,6.4172783,6.647026
92.1168,204.44824,6.407482,6.6504245
91.20976,204.02734,6.397686,6.6538234
90.30299,203.60588,6.38789,6.657222
89.39646,203.1839,6.378094,6.66062
88.49014,202.76147,6.3723826,6.662598
87.58399,202.33868,6.3671846,6.6643977
86.67799,201.91556,6.3619866,6.666197
85.77211,201.4922,6.3567886,6.6679964
84.86631,201.06865,6.3515906,6.6697955
83.96056,200.64499,6.3515315,6.6698227
83.05485,200.22127,6.3521314,6.669623
82.149124,199.79756,6.352731,6.669423
81.24337,199.37392,6.353331,6.669223
80.337555,198.95041,6.353931,6.669023
79.43165,198.52708,6.354531,6.669
78.52562,198.10403,6.3551307,6.669
77.61943,197.68132,6.3557305,6.669
76.71305,197.25902,6.3563304,6.669
75.80644,196.8372,6.3569303,6.669
74.89958,196.41594,6.35753,6.6688232
73.99245,195.99527,6.35813,6.6686234
73.08504,195.57518,6.35873,6.6684237
72.17735,195.1557,6.3593297,6.6682234
71.26938,194.73683,6.3599296,6.6680236
70.36112,194.31859,6.3605294,6.668
69.452576,193.90096,6.3611293,6.668
68.54377,193.4839,6.3617296,6.668
67.634705,193.06741,6.3623295,6.668
66.725395,192.65146,6.3629293,6.668
65.81586,192.23601,6.363529,6.667824
64.90609,191.82104,6.3641295,6.6676235
63.996105,191.40657,6.3647294,6.6674237
63.08591,190.99255,6.3653293,6.6672235
62.175518,190.57898,6.365929,6.6670237
61.264927,190.16583,6.3665295,6.667
60.354153,189.7531,6.3671293,6.667
59.4432,189.34074,6.367729,6.667
58.53208,188.92877,6.368329,6.667
57.6208,188.51715,6.3689294,6.667
56.709366,188.10587,6.3695292,6.6668234
55.797794,187.6949,6.370129,6.6666236
54.88608,187.28424,6.3707294,6.666424
53.974247,186.87384,6.3713293,6.6662235
53.06229,186.46373,6.371929,6.6660237
52.150227,186.05385,6.372529,6.666
51.23806,185.6442,6.3731294,6.666
50.325798,185.23476,6.373729,6.666
49.413452,184.8255,6.374329,6.666
48.501026,184.41643,6.374929,6.666
47.58853,184.0075,6.375353,6.6658235
46.67598,183.59871,6.3757524,6.6656237
45.76337,183.19005,6.3761525,6.665424
44.85072,182.78148,6.3765526,6.6652236
43.93803,182.37299,6.3769526,6.665024
43.02531,181.96457,6.3775287,6.665
42.11257,181.5562,6.3781285,6.665
41.199818,181.14784,6.3787284,6.665
40.287064,180.7395,6.3793283,6.665
39.374313,180.33115,6.379928,6.665
38.46158,179.92278,6.380528,6.664824
37.548862,179.51434,6.3811274,6.664624
36.636173,179.10585,6.381727,6.6644244
35.72352,178.6973,6.382327,6.664224
34.8109,178.28865,6.382927,6.6640244
33.89833,177.8799,6.383527,6.664
32.98581,177.47104,6.384126,6.664
32.07333,177.06207,6.384726,6.664
31.160894,176.65303,6.385326,6.664
30.248503,176.24387,6.3859253,6.664
29.336153,175.83463,6.386525,6.663825
28.423845,175.4253,6.3871245,6.6636252
27.51158,175.01585,6.3877244,6.6634254
26.599354,174.60634,6.388324,6.663225
25.68717,174.19672,6.3889236,6.6630254
24.775026,173.78702,6.389523,6.663
23.862925,173.37723,6.390123,6.663
22.950863,172.96733,6.3907223,6.663
22.038841,172.55736,6.391322,6.663
21.126858,172.1473,6.3919215,6.663
20.214914,171.73715,6.392521,6.6628265
19.30301,171.32692,6.393121,6.6626263
18.391144,170.9166,6.39372,6.6624265
17.479317,170.5062,6.3943195,6.6622267
16.567526,170.0957,6.3949194,6.662027
15.655773,169.68512,6.395519,6.662
14.744058,169.27448,6.396118,6.662
13.832379,168.86374,6.3967175,6.662
12.920736,168.45291,6.3973174,6.662
12.0091305,168.04202,6.397917,6.662
11.09756,167.63104,6.398516,6.661828
10.186025,167.21999,6.399116,6.6616282
9.274524,166.80885,6.3997154,6.6614285
8.363059,166.39764,6.400315,6.661228
7.4516277,165.98636,6.400914,6.6610284
6.5402308,165.575,6.401514,6.661
5.6288676,165.16356,6.4021134,6.661
4.717538,164.75204,6.402713,6.661
3.806241,164.34045,6.403312,6.661
2.8949769,163.9288,6.403912,6.661
1.9837451,163.51707,6.4045115,6.6608295
1.0725453,163.10529,6.405111,6.6606297
0.161377,162.6934,6.4057107,6.66043
-0.74976,162.28148,6.40631,6.66023
-1.660866,161.86946,6.4069095,6.66003
-2.5719414,161.4574,6.4075093,6.66
-3.4829865,161.04526,6.4081087,6.66
-4.3940015,160.63304,6.4087086,6.66
-5.3049874,160.22078,6.409308,6.66
-6.2159433,159.80844,6.4099073,6.66
-7.126871,159.39604,6.410507,6.659831
-8.03777,158.98357,6.411107,6.6596313
-8.948641,158.57104,6.4117064,6.659431
-9.859484,158.15846,6.4123063,6.659231
-10.770299,157.7458,6.4129057,6.6590314
-11.681087,157.3331,6.4135056,6.659
-12.591847,156.92033,6.414105,6.659
-13.502583,156.5075,6.414705,6.659
-14.413291,156.09462,6.4153047,6.659
-15.323974,155.68169,6.415904,6.659
-16.23463,155.26869,6.416504,6.658832
-17.145264,154.85564,6.417104,6.6586323
-18.05587,154.44252,6.4177036,6.658432
-18.966454,154.02937,6.4183035,6.658232
-19.877012,153.61615,6.4189034,6.6580324
-20.787546,153.20288,6.419503,6.658
-21.69806,152.78957,6.420103,6.658
-22.608547,152.3762,6.420703,6.658
-23.519012,151.96278,6.421303,6.658
-24.429457,151.54932,6.4219027,6.658
-25.339878,151.1358,6.4225025,6.6578326
-26.250278,150.72223,6.423103,6.6576324
-27.160656,150.30862,6.4237027,6.6574326
-28.071014,149.89496,6.4243026,6.6572323
-28.981352,149.48126,6.4249024,6.6570325
-29.891668,149.06752,6.425503,6.657
-30.801964,148.65372,6.426103,6.657
-31.71224,148.23988,6.426703,6.657
-32.622498,147.826,6.4273033,6.657
-33.532738,147.4121,6.427903,6.657
-34.44296,146.99814,6.4285035,6.656832
-35.35316,146.58414,6.429104,6.656632
-36.263344,146.17009,6.429704,6.656432
-37.17351,145.75601,6.4303045,6.656232
-38.08366,145.3419,6.430905,6.6560316
-38.993793,144.92775,6.431505,6.656
-39.903908,144.51357,6.4321055,6.656
-40.814007,144.09933,6.432706,6.656
-41.72409,143.68507,6.4333067,6.656
-42.634163,143.27078,6.433907,6.656
-43.544216,142.85648,6.4345074,6.655831
-44.45427,142.44214,6.435108,6.6556306
-45.364323,142.02782,6.4357085,6.6554303
-46.274395,141.61353,6.4363093,6.65523
-47.18449,141.1993,6.4369097,6.6550303
-48.094624,140.78514,6.4375105,6.655
-49.0048,140.3711,6.4381113,6.655
-49.915035,139.95715,6.4387116,6.655
-50.825336,139.54338,6.4393125,6.655
-51.73571,139.12976,6.439913,6.655
-52.646175,138.71634,6.4405136,6.654829
-53.556736,138.30313,6.441114,6.6546288
-54.467403,137.89015,6.4417143,6.6544285
-55.378185,137.47743,6.4423146,6.654228
-56.289097,137.065,6.442915,6.6540284
-57.200146,136.65286,6.4435153,6.654
-58.11134,136.24104,6.4441156,6.654
-59.02269,135.82959,6.4447155,6.654
-59.934208,135.41849,6.445316,6.654
-60.8459,135.00778,6.4459157,6.654
-61.757782,134.5975,6.4465156,6.653828
-62.66986,134.18765,6.4471154,6.6536283
-63.58214,133.77826,6.447715,6.6534286
-64.49464,133.36934,6.4483147,6.6532283
-65.40736,132.96092,6.448914,6.6530285
-66.32031,132.55302,6.4495134,6.653
-67.233505,132.14566,6.4501123,6.653
-68.14696,131.73889,6.4507113,6.653
-69.06068,131.3327,6.45131,6.653
-69.97467,130.92715,6.451909,6.653
-70.888954,130.52225,6.4525075,6.6528306
-71.80353,130.118,6.453106,6.6526313
-72.71839,129.71442,6.453704,6.652432
-73.63356,129.3115,6.454302,6.6522326
-74.54901,128.90926,6.4549003,6.6520333
-75.46477,128.50769,6.455332,6.652
-76.38086,128.10687,6.45573,6.652
-77.29731,127.706894,6.456128,6.652
-78.21416,127.307846,6.4565263,6.652
-79.131454,126.90981,6.4569244,6.652
-80.04922,126.51285,6.4674554,6.6224027
-80.96738,126.116806,6.4803696,6.5858464
-81.885826,125.72144,6.4932833,6.54929
-82.80446,125.3265,6.5061975,6.512734
-83.72317,124.93175,6.519111,6.4761777
-84.64181,124.53683,6.533577,6.435276
-85.559906,124.14064,6.54849,6.3931217
-86.47682,123.74173,6.563403,6.3509674
-87.3919,123.33862,6.578316,6.308813
-88.30447,122.92988,6.593229,6.26666
-89.21383,122.51404,6.6080894,6.224231
-90.119255,122.089714,6.622932,6.181708
-91.02,121.655525,6.6377754,6.1391845
-91.91524,121.210106,6.652619,6.09666
-92.804115,120.75213,6.667462,6.0541368
-93.68571,120.2803,6.6852384,6.022488
-94.55899,119.79325,6.7039323,5.994244
-95.42284,119.28966,6.7226257,5.966
-96.27603,118.768234,6.7413187,5.9377575
-97.11727,118.22774,6.760008,5.90952
-97.94516,117.66701,6.829361,6.0490685
-98.75816,117.08491,6.908364,6.2205825
-99.55458,116.48033,6.987377,6.39212
-100.33259,115.85225,7.066411,6.5637007
-101.09022,115.19973,7.145461,6.7353168
-101.82575,114.52241,7.260655,6.94812
-102.53929,113.821945,7.377517,7.1628065
-103.23158,113.10047,7.49435,7.377438
-103.90349,112.359955,7.6111703,7.5920477
-104.55596,111.602264,7.7294016,7.8064456
-105.19019,110.82924,7.9267015,8.006306
-105.8081,110.0431,8.124045,8.206209
-106.41188,109.24605,8.321384,8.406109
-107.003845,108.44017,8.518702,8.605987
-107.58638,107.62746,8.716008,8.805853
-108.16102,106.809135,8.883177,8.9249
-108.72482,105.98332,9.048425,9.038736
-109.273445,105.147354,9.213682,9.152581
-109.80237,104.2988,9.378886,9.266388
-110.30697,103.43557,9.543911,9.380072
-110.78218,102.55584,9.630322,9.431351
-111.22,101.656944,9.692328,9.463256
-111.61034,100.73649,9.75438,9.495186
-111.94229,99.793465,9.816466,9.527133
-112.204544,98.8288,9.878454,9.55903
-112.38666,97.84587,9.918533,9.538981
-112.48265,96.850845,9.95243,9.397527
-112.4873,95.85126,9.986358,9.147626
-112.394066,94.85609,10.020405,8.897745
-112.19579,93.87652,10.054593,8.647887
-111.888916,92.92536,9.901837,8.897748
-111.48521,92.01096,9.741484,9.058139
-111.00021,91.13684,9.581799,8.885078
-110.447815,90.30357,9.347505,8.71246
-109.83962,89.510025,9.097552,8.544034
-109.185165,88.75421,8.847606,8.412345
-108.49277,88.03293,8.597649,8.280246
-107.77037,87.34164,8.347681,8.148018
-107.02535,86.67474,8.097707,8.015794
-106.26447,86.02598,7.847727,7.8882747
-105.49306,85.38977,7.7034802,7.8219295
-104.71311,84.764046,7.5592074,7.755572
-103.92599,84.14737,7.4149256,7.6892104
-103.13296,83.5383,7.2706428,7.622848
-102.33528,82.93533,7.1339684,7.5574017
-101.534164,82.33694,7.13337,7.508331
-100.7308,81.74157,7.1327715,7.4592595
-99.92635,81.14766,7.132173,7.410188
-99.12199,80.55364,7.1315746,7.3611164
-98.31888,79.957924,7.1309843,7.3120418
-97.51791,79.359344,7.1305847,7.2629023
-96.71896,78.75805,7.130185,7.2137628
-95.921715,78.1545,7.1297855,7.164624
-95.125824,77.54918,7.129386,7.115486
-94.33095,76.94252,7.1290135,7.0667496
-93.536804,76.3349,7.129413,7.029561
-92.74333,75.72641,7.129813,6.992372
-91.95051,75.11707,7.1302133,6.955183
-91.158325,74.5069,7.130613,6.917994
-90.366776,73.89591,7.131122,6.882135
-89.57581,73.28415,7.134923,6.886336
-88.78536,72.671745,7.138724,6.890537
-87.99531,72.058815,7.1425247,6.8947377
-87.20554,71.44552,7.1463256,6.8989387
-86.41596,70.83198,7.1501265,6.9031396
-85.62647,70.21833,7.153928,6.907341
-84.83698,69.60468,7.157729,6.911543
-84.04742,68.99113,7.1615305,6.9157443
-83.2577,68.37776,7.165332,6.9199457
-82.46776,67.764694,7.169133,6.92414
-81.67753,67.15199,7.172934,6.928141
-80.88701,66.53967,7.176735,6.932142
-80.09621,65.92771,7.180536,6.936143
-79.30513,65.3161,7.1843367,6.9401436
-78.513794,64.704834,7.18813,6.944152
-77.72221,64.09389,7.19173,6.948352
-76.93038,63.483257,7.19533,6.952552
-76.13831,62.872932,7.1989303,6.9567523
-75.346016,62.262905,7.2025304,6.9609523
-74.553505,61.65317,7.206138,6.9651523
-73.76077,61.043713,7.2099376,6.969352
-72.96783,60.434525,7.213737,6.9735513
-72.17469,59.825596,7.2175364,6.977751
-71.38136,59.216915,7.2213364,6.9819503
-70.587845,58.608475,7.225136,6.98615
-69.79416,58.000263,7.228935,6.990349
-69.000305,57.392273,7.2327337,6.994548
-68.20628,56.78449,7.2365327,6.998747
-67.41212,56.176907,7.240332,7.002946
-66.6178,55.56951,7.244131,7.007145
-65.82335,54.9623,7.2479296,7.0113435
-65.02876,54.355255,7.2517285,7.015542
-64.23406,53.74837,7.255527,7.0197406
-63.439243,53.141636,7.2593255,7.023939
-62.644318,52.53504,7.2631245,7.0281377
-61.849293,51.928577,7.266923,7.0323358
-61.054176,51.322235,7.270721,7.036534
-60.258976,50.716,7.2745194,7.0407324
-59.4637,50.109867,7.278318,7.0449305
-58.668354,49.503826,7.2821164,7.0491223
-57.872948,48.89786,7.2859144,7.0531206
-57.077484,48.29197,7.289713,7.057119
-56.28198,47.68614,7.293511,7.0611167
-55.486435,47.080357,7.2973094,7.065115
-54.690857,46.474617,7.3011074,7.0691185
-53.895256,45.86891,7.3049054,7.0733166
-53.099636,45.263226,7.3087034,7.0775146
-52.304012,44.657547,7.312502,7.0817127
-51.50839,44.05187,7.3163,7.0859103
-50.712772,43.44618,7.320098,7.0901084
-49.917175,42.840466,7.3238964,7.0943065
-49.121597,42.234726,7.3276944,7.0985045
-48.326042,41.62896,7.3314924,7.102702
-47.53051,41.023163,7.335291,7.1069
-46.735004,40.41733,7.339084,7.1110983
-45.93952,39.811462,7.3426824,7.1152964
-45.14407,39.205563,7.346281,7.1194944
-44.348644,38.599625,7.3498793,7.1236925
-43.55324,37.993656,7.3534775,7.1278906
-42.757866,37.387653,7.35708,7.1320887
-41.96251,36.781624,7.3608785,7.1362867
-41.16718,36.17556,7.364677,7.140485
-40.37187,35.56947,7.368475,7.144683
-39.576584,34.963345,7.3722734,7.148881
-38.781322,34.357197,7.3760715,7.153079
-37.98608,33.751015,7.37987,7.1572776
-37.19086,33.144806,7.3836684,7.1614757
-36.39566,32.53857,7.387467,7.1656737
-35.600483,31.932306,7.391265,7.169872
-34.80533,31.326014,7.3950634,7.174067
-34.010193,30.719696,7.398862,7.1780653
-33.215076,30.113352,7.4026604,7.1820636
-32.41998,29.50698,7.406459,7.186062
-31.6249,28.900587,7.4102573,7.19006
-30.829844,28.294167,7.414056,7.1940613
-30.034803,27.687721,7.4178543,7.19826
-29.239782,27.081253,7.421653,7.202458
-28.444778,26.474762,7.425451,7.2066565
-27.649792,25.868246,7.4292493,7.2108545
-26.854824,25.26171,7.433048,7.215053
-26.059872,24.65515,7.4368467,7.2192516
-25.264936,24.048569,7.440645,7.2234497
-24.470016,23.441967,7.4444437,7.2276483
-23.675112,22.835344,7.448242,7.2318463
-22.880224,22.2287,7.4520407,7.236045
-22.085352,21.622038,7.455839,7.2402434
-21.290493,21.015356,7.4596376,7.2444415
-20.49565,20.408655,7.463436,7.24864
-19.700819,19.801935,7.467235,7.2528386
-18.906002,19.195198,7.4710336,7.257037
-18.1112,18.588444,7.474832,7.261235
-17.31641,17.981672,7.4786305,7.265434
-16.521631,17.374884,7.482429,7.2696323
-15.726867,16.76808,7.486228,7.273831
-14.932114,16.161259,7.490025,7.2780294
-14.137372,15.554423,7.4936237,7.2822275
-13.342643,14.947573,7.4972224,7.286426
-12.547923,14.340709,7.500821,7.2906246
-11.753215,13.73383,7.50442,7.294823
-10.958516,13.126939,7.5080194,7.299021
-10.163828,12.520034,7.5118184,7.303019
-9.369148,11.913117,7.515617,7.307018
-8.574478,11.306189,7.519416,7.3110166
-7.7798166,10.699248,7.5232143,7.315015
-6.985164,10.092297,7.527013,7.3190145
-6.1905193,9.485334,7.530812,7.323213
-5.3958826,8.878362,7.5346103,7.3274117
-4.601253,8.27138,7.538409,7.33161
-3.8066308,7.6643887,7.5422077,7.3358088
-3.0120153,7.0573883,7.5460067,7.3400073
-2.217406,6.4503803,7.549805,7.344206
-1.4228026,5.8433642,7.5536036,7.3484044
-0.6282049,5.2363405,7.5574026,7.352603
0.16638757,4.62931,7.561201,7.3568015
