# x_m,y_m,w_tr_right_m,w_tr_left_m
-2.447973,0.125932,6.187,6.476
-3.2192304,0.7622748,6.1876,6.4748
-3.9905052,1.3985966,6.1882,6.4736004
-4.761797,2.034898,6.1888,6.4724
-5.533105,2.6711798,6.1893997,6.4712005
-6.304429,3.3074417,6.1899996,6.4700003
-7.0757685,3.943685,6.1903996,6.4690003
-7.8471236,4.57991,6.1907997,6.4680004
-8.618493,5.216117,6.1912,6.4670005
-9.389877,5.8523064,6.1916,6.4660006
-10.161275,6.4884787,6.192,6.4650006
-10.932687,7.1246347,6.1925993,6.4640007
-11.704111,7.7607746,6.1931996,6.463001
-12.475549,8.396899,6.1937995,6.462001
-13.246999,9.033009,6.1943994,6.461001
-14.018461,9.669104,6.194999,6.460001
-14.789935,10.305184,6.195599,6.459001
-15.5614195,10.941252,6.1961994,6.458001
-16.332914,11.577306,6.1967993,6.457001
-17.10442,12.213347,6.197399,6.4560013
-17.875937,12.849378,6.197999,6.4550014
-18.64746,13.485396,6.1983995,6.4540014
-19.418995,14.121404,6.198799,6.4530015
-20.190538,14.7574005,6.199199,6.4520016
-20.96209,15.393387,6.1995993,6.4510016
-21.733648,16.029364,6.1999993,6.4500017
-22.505215,16.66533,6.2005987,6.4488025
-23.276789,17.30129,6.2011986,6.4476023
-24.04837,17.937243,6.201799,6.4464025
-24.819956,18.573185,6.202399,6.445203
-25.591549,19.209122,6.2029986,6.4440026
-26.363148,19.845053,6.2035985,6.443002
-27.13475,20.480976,6.2041984,6.4420023
-27.906357,21.116894,6.2047987,6.4410024
-28.677969,21.752808,6.2053986,6.4400024
-29.449585,22.388716,6.2059984,6.4390025
-30.221205,23.02462,6.206399,6.4380026
-30.992826,23.66052,6.206799,6.4370027
-31.76445,24.29642,6.207199,6.4360027
-32.536076,24.932314,6.2075987,6.435003
-33.307705,25.568207,6.2079988,6.434003
-34.079334,26.204098,6.208598,6.433003
-34.850967,26.839987,6.209198,6.432003
-35.622597,27.475876,6.2097983,6.431003
-36.39423,28.111765,6.210398,6.430003
-37.165863,28.747654,6.210998,6.4290032
-37.937492,29.383545,6.211598,6.4280033
-38.70912,30.019436,6.212198,6.4270034
-39.48075,30.655329,6.212798,6.4260035
-40.252377,31.291224,6.213398,6.4250035
-41.024002,31.927122,6.213998,6.4240036
-41.795624,32.563023,6.2143984,6.4230037
-42.56724,33.19893,6.2147985,6.4220037
-43.338856,33.83484,6.2151985,6.421004
-44.110466,34.470753,6.2155986,6.420004
-44.882072,35.10667,6.2159986,6.419004
-45.653675,35.742596,6.2165976,6.4178047
-46.425274,36.37853,6.2171974,6.416605
-47.196865,37.014465,6.2177978,6.415405
-47.96845,37.650414,6.2183976,6.414205
-48.74003,38.286366,6.2189975,6.413005
-49.5116,38.922325,6.2195973,6.4120045
-50.283165,39.558296,6.220197,6.411004
-51.05472,40.194275,6.2207975,6.410004
-51.82627,40.830265,6.2213974,6.409004
-52.597813,41.466263,6.2219973,6.4080043
-53.369347,42.102272,6.2223983,6.4070044
-54.14087,42.738293,6.2227983,6.4060044
-54.912384,43.374325,6.223198,6.4050045
-55.683887,44.01037,6.223598,6.4040046
-56.45538,44.646427,6.223998,6.4030046
-57.22686,45.282497,6.224597,6.4020047
-57.998333,45.918583,6.225197,6.401005
-58.76979,46.55468,6.225797,6.400005
-59.541237,47.190792,6.226397,6.399005
-60.31267,47.82692,6.226997,6.398005
-61.084095,48.463062,6.2275968,6.397005
-61.855503,49.099224,6.228197,6.396005
-62.6269,49.735397,6.228797,6.395005
-63.39828,50.371593,6.229397,6.3940053
-64.16965,51.007805,6.2299967,6.3930054
-64.940994,51.64403,6.2303977,6.3918066
-65.71233,52.280277,6.230798,6.390607
-66.48366,52.916546,6.231198,6.3894067
-67.25496,53.55283,6.231598,6.388207
-68.026245,54.189137,6.2319975,6.3870068
-68.797516,54.825462,6.2325964,6.386006
-69.56877,55.46181,6.2331963,6.385006
-70.34001,56.09818,6.2337966,6.384006
-71.11123,56.73457,6.2343965,6.383006
-71.88242,57.370983,6.2349963,6.382006
-72.6536,58.007423,6.235596,6.3810062
-73.42477,58.643883,6.2361965,6.3800063
-74.19591,59.280365,6.2367964,6.3790064
-74.967026,59.916874,6.2373962,6.3780065
-75.73813,60.55341,6.237996,6.3770065
-76.50921,61.189964,6.2383976,6.3760066
-77.280266,61.826546,6.238797,6.3750067
-78.05131,62.463154,6.2391973,6.3740067
-78.82233,63.09978,6.2395973,6.373007
-79.59333,63.73643,6.2399974,6.372007
-80.36432,64.37311,6.240596,6.371007
-81.135284,65.0098,6.2411957,6.370007
-81.906235,65.64652,6.241796,6.369007
-82.67716,66.28326,6.242396,6.368007
-83.448074,66.92001,6.2429957,6.3670073
-84.21898,67.55679,6.2435956,6.3660073
-84.98986,68.19359,6.2441955,6.3650074
-85.76073,68.83041,6.244796,6.3640075
-86.53157,69.46725,6.2453957,6.3630075
-87.30241,70.104095,6.2459955,6.3620076
-88.07323,70.74097,6.246397,6.360809
-88.84403,71.37786,6.246797,6.359609
-89.61483,72.01476,6.247197,6.358409
-90.385605,72.65169,6.2475967,6.357209
-91.15637,73.28863,6.247997,6.3560095
-91.927124,73.92558,6.248595,6.3550076
-92.69786,74.56255,6.249195,6.3540077
-93.46859,75.19954,6.2497954,6.353008
-94.2393,75.83654,6.2503953,6.352008
-95.01001,76.47355,6.250995,6.351008
-95.7807,77.11057,6.251595,6.350008
-96.551384,77.74761,6.252195,6.349008
-97.32206,78.38467,6.252795,6.348008
-98.09272,79.02173,6.253395,6.347008
-98.86337,79.658806,6.253995,6.3460083
-99.63402,80.29589,6.2543964,6.3450084
-100.40465,80.93299,6.2547965,6.3440084
-101.17528,81.5701,6.2551966,6.3430085
-101.94589,82.207214,6.2555966,6.3420086
-102.7165,82.844345,6.255996,6.3410087
-103.48711,83.48148,6.2565947,6.3400087
-104.2577,84.11862,6.2571945,6.339009
-105.02829,84.755775,6.2577944,6.338009
-105.79887,85.39294,6.2583947,6.337009
-106.56944,86.030106,6.2589946,6.336009
-107.34001,86.66728,6.2595944,6.334811
-108.11058,87.30447,6.2601943,6.3336115
-108.88114,87.94165,6.260794,6.3324113
-109.651695,88.57884,6.2613945,6.3312116
-110.42225,89.21604,6.2619944,6.3300114
-111.192795,89.85324,6.2623963,6.3290095
-111.96334,90.49045,6.262796,6.3280096
-112.73388,91.12766,6.263196,6.3270097
-113.50442,91.76487,6.263596,6.3260098
-114.274956,92.40209,6.263996,6.32501
-115.04549,93.03931,6.264594,6.32401
-115.81602,93.67653,6.265194,6.32301
-116.58655,94.31375,6.265794,6.32201
-117.35708,94.95097,6.2663937,6.32101
-118.12761,95.588196,6.266994,6.32001
-118.89814,96.225426,6.267594,6.3190103
-119.66867,96.86265,6.2681937,6.3180103
-120.4392,97.49987,6.2687936,6.3170104
-121.20973,98.13709,6.2693934,6.3160105
-121.98026,98.774315,6.2699933,6.3150105
-122.7508,99.41153,6.2703958,6.3140106
-123.52133,100.048744,6.270796,6.3130107
-124.29187,100.68596,6.2711954,6.312011
-125.062416,101.32317,6.2715955,6.3110113
-125.83296,101.96037,6.2719955,6.3100114
-126.60351,102.59758,6.272593,6.3090115
-127.37406,103.23478,6.2731934,6.3080115
-128.1446,103.87197,6.273793,6.3070116
-128.91518,104.509155,6.274393,6.3060117
-129.68575,105.14633,6.274993,6.3050117
-130.45631,105.78351,6.275593,6.303814
-131.22688,106.42068,6.276193,6.302614
-131.99747,107.05784,6.276793,6.301414
-132.76805,107.69499,6.277393,6.3002143
-133.53865,108.33213,6.2779927,6.2990146
-134.30925,108.96927,6.278395,6.2980123
-135.07986,109.60639,6.2787952,6.2970123
-135.85048,110.243515,6.2791953,6.2960124
-136.62111,110.880615,6.279595,6.2950125
-137.39175,111.517715,6.279995,6.2940125
-138.16238,112.1548,6.2805924,6.2930126
-138.93304,112.79188,6.2811923,6.2920127
-139.7037,113.42894,6.2817926,6.291013
-140.47438,114.06599,6.2823925,6.290013
-141.24507,114.703026,6.2829924,6.289013
-142.01576,115.34005,6.283592,6.288013
-142.78647,115.977066,6.284192,6.287013
-143.55717,116.61406,6.2847924,6.286013
-144.32791,117.251045,6.2853923,6.285013
-145.09865,117.88801,6.285992,6.2840133
-145.8694,118.52496,6.2863946,6.2830133
-146.64017,119.1619,6.2867947,6.2820134
-147.41095,119.79882,6.2871947,6.2810135
-148.18175,120.43573,6.287595,6.2800136
-148.95255,121.07262,6.2879944,6.2790136
-149.72337,121.70949,6.288592,6.2778163
-150.49422,122.34634,6.2891917,6.2766166
-151.26506,122.98317,6.2897916,6.2754164
-152.03593,123.61999,6.2903914,6.2742167
-152.80681,124.25678,6.290992,6.273017
-153.57771,124.89356,6.2915916,6.272014
-154.34863,125.53032,6.2921915,6.271014
-155.11957,126.16705,6.2927914,6.2700143
-155.89052,126.803764,6.293391,6.2690144
-156.66148,127.44046,6.2939916,6.2680144
-157.43246,128.07713,6.294394,6.2670145
-158.20348,128.71378,6.294794,6.2660146
-158.9745,129.3504,6.295194,6.2650146
-159.74554,129.98701,6.295594,6.2640147
-160.5166,130.6236,6.2959943,6.263015
-161.28769,131.26015,6.2965913,6.262015
-162.05879,131.89668,6.297191,6.261015
-162.82991,132.53319,6.297791,6.260015
-163.60104,133.16966,6.298391,6.259015
-164.37222,133.80612,6.2989907,6.258015
-165.1434,134.44255,6.299591,6.257015
-165.91461,135.07895,6.300191,6.2560153
-166.68584,135.71532,6.300791,6.2550154
-167.45709,136.35167,6.3013906,6.2540154
-168.22838,136.98799,6.3019905,6.2530155
-168.99968,137.62428,6.302394,6.2520156
-169.771,138.26054,6.3027935,6.2510157
-170.54234,138.89677,6.3031936,6.2500157
-171.31372,139.53297,6.3035936,6.249016
-172.08513,140.16914,6.3039937,6.248016
-172.85655,140.80528,6.30459,6.246819
-173.62799,141.44139,6.3051906,6.2456193
-174.39948,142.07747,6.3057904,6.2444196
-175.17097,142.71352,6.3063903,6.2432194
-175.9425,143.34953,6.30699,6.2420197
-176.71407,143.98552,6.30759,6.2410164
-177.48564,144.62146,6.30819,6.2400165
-178.25725,145.25737,6.30879,6.2390165
-179.0289,145.89325,6.30939,6.2380166
-179.80057,146.5291,6.30999,6.2370167
-180.57227,147.1649,6.3103933,6.2360168
-181.344,147.80067,6.3107934,6.235017
-182.11574,148.43642,6.311193,6.234017
-182.88753,149.07211,6.311593,6.233017
-183.65935,149.7078,6.311993,6.232017
-184.43118,150.34341,6.3125896,6.231017
-185.20306,150.97902,6.3131895,6.230017
-185.97496,151.61458,6.3137894,6.2290173
-186.74689,152.2501,6.3143897,6.2280173
-187.51884,152.8856,6.3149896,6.2270174
-188.29083,153.52107,6.3155894,6.2260175
-189.06284,154.1565,6.3161893,6.2250175
-189.83487,154.7919,6.316789,6.2240176
-190.60693,155.42726,6.3173895,6.2230177
-191.37903,156.06259,6.3179893,6.222018
-192.15114,156.69789,6.3183928,6.2208214
-192.92328,157.33316,6.318793,6.2196217
-193.69545,157.9684,6.319193,6.218422
-194.46764,158.6036,6.3195925,6.2172217
-195.23985,159.23878,6.3199925,6.216022
-196.0121,159.87393,6.320589,6.2150183
-196.78436,160.50906,6.321189,6.2140183
-197.55666,161.14415,6.321789,6.2130184
-198.32896,161.7792,6.3223886,6.2120185
-199.1013,162.41425,6.322989,6.2110186
-199.87366,163.04926,6.323589,6.2100186
-200.64604,163.68422,6.3241887,6.2090187
-201.41844,164.31918,6.3247886,6.208019
-202.19087,164.9541,6.3253884,6.207019
-202.96332,165.58899,6.325989,6.206019
-203.7358,166.22386,6.326392,6.205019
-204.50829,166.8587,6.3267922,6.204019
-205.28079,167.49353,6.3271923,6.203019
-206.05333,168.12833,6.3275924,6.202019
-206.82588,168.76309,6.3279924,6.2010193
-207.59845,169.39783,6.3285885,6.2000194
-208.37105,170.03255,6.3291883,6.1990194
-209.14366,170.66725,6.329788,6.1980195
-209.91629,171.30193,6.330388,6.1970196
-210.68895,171.93657,6.330988,6.1960196
-211.46162,172.5712,6.3315883,6.1950197
-212.23431,173.2058,6.332188,6.19402
-213.00702,173.84038,6.332788,6.19302
-213.77974,174.47495,6.333388,6.19202
-214.55249,175.10948,6.3339877,6.19102
-215.32524,175.74399,6.334392,6.1898246
-216.09802,176.3785,6.3347917,6.1886244
-216.87082,177.01297,6.3351917,6.1874247
-217.64363,177.64742,6.335592,6.1862245
-218.41646,178.28186,6.335992,6.1850247
-219.1893,178.91628,6.3365874,6.1840205
-219.96216,179.55067,6.337188,6.1830206
-220.73503,180.18504,6.3377876,6.1820207
-221.50792,180.81941,6.3383875,6.1810207
-222.28082,181.45375,6.3389874,6.180021
-223.05374,182.08807,6.3368464,6.1798043
-223.82668,182.72238,6.3346467,6.179604
-224.59962,183.35667,6.3324466,6.1794043
-225.37259,183.99094,6.330247,6.1792045
-226.14555,184.6252,6.3280473,6.179004
-226.91855,185.25945,6.32526,6.179
-227.69154,185.89366,6.32246,6.179
-228.46455,186.52788,6.3196607,6.179
-229.23758,187.16206,6.3168607,6.179
-230.01062,187.79625,6.314061,6.179
-230.78368,188.43042,6.3110657,6.179
-231.55673,189.06458,6.308066,6.179
-232.3298,189.6987,6.305066,6.179
-233.10287,190.33284,6.3020663,6.179
-233.87598,190.96695,6.2990665,6.179
-234.64908,191.60104,6.2962623,6.179
-235.4222,192.23514,6.2934623,6.179
-236.19531,192.86922,6.290663,6.179
-236.96844,193.50328,6.287863,6.179
-237.74158,194.13733,6.2850633,6.179
-238.51472,194.77138,6.282068,6.179
-239.28789,195.40541,6.279068,6.179
-240.06105,196.03943,6.276068,6.179
-240.83423,196.67343,6.2730684,6.179
-241.6074,197.30743,6.2700686,6.179
-242.3806,197.94144,6.267069,6.1788044
-243.1538,198.57542,6.264069,6.1786046
-243.927,199.2094,6.2610693,6.178405
-244.70021,199.84337,6.2580695,6.1782045
-245.47342,200.47733,6.2550697,6.1780047
-246.24664,201.11128,6.2522655,6.178
-247.01988,201.74522,6.2494655,6.178
-247.7931,202.37917,6.246666,6.178
-248.56635,203.0131,6.243866,6.178
-249.33958,203.64703,6.241066,6.178
-250.11284,204.28096,6.238071,6.178
-250.8861,204.91487,6.235071,6.178
-251.65935,205.54878,6.2320714,6.178
-252.4326,206.1827,6.2290716,6.178
-253.20587,206.8166,6.226072,6.178
-253.97914,207.4505,6.223072,6.178
-254.75241,208.0844,6.2200723,6.178
-255.52568,208.71829,6.2170725,6.178
-256.29895,209.35217,6.2140727,6.178
-257.07224,209.98607,6.211073,6.178
-257.84552,210.61995,6.208268,6.178
-258.61877,211.25385,6.2054687,6.178
-259.39206,211.88773,6.2026687,6.178
-260.16534,212.5216,6.199869,6.178
-260.93863,213.15549,6.197069,6.178
-261.7119,213.78937,6.194074,6.178
-262.4852,214.42325,6.1910744,6.178
-263.25848,215.05713,6.1880746,6.178
-264.03177,215.69101,6.185075,6.178
-264.80502,216.32489,6.182075,6.178
-265.5783,216.95877,6.1792703,6.178
-266.3516,217.59267,6.1764703,6.178
-267.12488,218.22655,6.173671,6.178
-267.89816,218.86044,6.170871,6.178
-268.67142,219.49432,6.1680713,6.178
-269.4447,220.12822,6.1650763,6.178
-270.21796,220.76213,6.1620765,6.178
-270.9912,221.39603,6.1590767,6.178
-271.7645,222.02994,6.156077,6.178
-272.53775,222.66385,6.153077,6.178
-273.311,223.29776,6.1500773,6.178
-274.08423,223.93169,6.1470776,6.178
-274.85748,224.56561,6.144078,6.178
-275.63074,225.19955,6.141078,6.178
-276.40396,225.83348,6.138078,6.178
-277.1772,226.46744,6.135273,6.1778054
-277.9504,227.10138,6.1324735,6.177605
-278.72363,227.73535,6.1296735,6.1774054
-279.49683,228.36931,6.1268735,6.177205
-280.27005,229.0033,6.124074,6.1770053
-281.04324,229.63727,6.1210794,6.177
-281.81644,230.27127,6.1180797,6.177
-282.5896,230.90526,6.11508,6.177
-283.3628,231.53928,6.11208,6.177
-284.13596,232.1733,6.1090803,6.177
-284.90912,232.80733,6.106275,6.177
-285.68228,233.44136,6.103475,6.177
-286.4554,234.07542,6.100675,6.177
-287.22855,234.70949,6.0978756,6.177
-288.00168,235.34355,6.0950756,6.177
-288.77478,235.97765,6.092081,6.177
-289.54788,236.61174,6.0890813,6.177
-290.32098,237.24585,6.0860815,6.177
-291.09406,237.87997,6.0830817,6.177
-291.86713,238.51411,6.080082,6.177
-292.6402,239.14827,6.077082,6.177
-293.41324,239.78244,6.0740824,6.177
-294.18628,240.41661,6.0710826,6.177
-294.9593,241.05081,6.068083,6.177
-295.7323,241.68503,6.065083,6.177
-296.5053,242.31926,6.062278,6.177
-297.2783,242.9535,6.059478,6.177
-298.05124,243.58777,6.056678,6.177
-298.8242,244.22206,6.0538783,6.177
-299.59714,244.85635,6.0510783,6.177
-300.37006,245.49068,6.0480843,6.177
-301.14297,246.12502,6.045084,6.177
-301.91586,246.75938,6.042084,6.177
-302.68872,247.39375,6.0390844,6.177
-303.46158,248.02815,6.0360847,6.177
-304.23444,248.66258,6.033085,6.177
-305.00723,249.29703,6.030085,6.177
-305.78006,249.93149,6.0270853,6.177
-306.55283,250.56598,6.0240855,6.177
-307.3256,251.20049,6.0210857,6.177
-308.09833,251.83502,6.01828,6.177
-308.87106,252.46957,6.01548,6.177
-309.64377,253.10416,6.0126805,6.177
-310.41647,253.73877,6.0098805,6.177
-311.18912,254.3734,6.0070806,6.177
-311.96176,255.00806,6.0040865,6.177194
-312.7344,255.64275,6.0010867,6.1773944
-313.507,256.27747,5.998087,6.177594
-314.27957,256.9122,5.995087,6.177794
-315.05212,257.54697,5.9920874,6.1779943
-315.82468,258.18176,5.9894757,6.179165
-316.59717,258.8166,5.986876,6.180365
-317.36966,259.45142,5.9842763,6.181565
-318.14212,260.0863,5.9816766,6.1827645
-318.91455,260.72122,5.9790764,6.1839647
-319.68698,261.35617,5.9762826,6.1849704
-320.45935,261.99112,5.9734826,6.1859703
-321.23172,262.62613,5.970683,6.18697
-322.00406,263.26117,5.967883,6.18797
-322.77637,263.89624,5.965083,6.18897
-323.54865,264.53134,5.9622836,6.190164
-324.3209,265.16647,5.9594836,6.1913643
-325.09314,265.80164,5.9566836,6.192564
-325.86533,266.43683,5.953884,6.193764
-326.63748,267.07205,5.951084,6.194964
-327.40964,267.70734,5.948284,6.1961637
-328.18176,268.34262,5.9454846,6.197364
-328.95383,268.97797,5.9426847,6.1985636
-329.7259,269.61334,5.9398847,6.199764
-330.49792,270.24875,5.937085,6.2009635
-331.2699,270.88422,5.934285,6.2021637
-332.04187,271.5197,5.931485,6.2033634
-332.8138,272.1552,5.9286857,6.204563
-333.5857,272.7908,5.9258857,6.2057633
-334.35757,273.4264,5.9230857,6.206963
-335.1294,274.06204,5.92048,6.2081633
-335.9012,274.69772,5.91788,6.209363
-336.67297,275.33344,5.9152803,6.210563
-337.4447,275.9692,5.91268,6.211763
-338.2164,276.605,5.9100804,6.2129626
-338.98807,277.24084,5.9072866,6.2139688
-339.7597,277.87674,5.904487,6.2149687
-340.5313,278.51266,5.901687,6.2159686
-341.30286,279.14865,5.8988876,6.216969
-342.0744,279.78467,5.8960876,6.217969
-342.8459,280.42072,5.8932877,6.2191625
-343.61734,281.05682,5.890488,6.220362
-344.38873,281.693,5.887688,6.2215624
-345.16013,282.3292,5.884888,6.222762
-345.93146,282.96542,5.8820887,6.223962
-346.70276,283.6017,5.8792887,6.225162
-347.47403,284.23804,5.8764887,6.2263618
-348.24527,284.87442,5.873689,6.227562
-349.01645,285.51086,5.870889,6.2287617
-349.7876,286.14734,5.8680897,6.229962
-350.5587,286.78387,5.8652897,6.2311616
-351.32977,287.42044,5.8624897,6.2323613
-352.10077,288.05707,5.85969,6.2335615
-352.87177,288.69376,5.85689,6.234761
-353.6427,289.33047,5.8540907,6.2359614
-354.4136,289.96725,5.8514843,6.237161
-355.18448,290.60406,5.8488846,6.238361
-355.9553,291.24097,5.8462844,6.239561
-356.72604,291.8779,5.8436847,6.240761
-357.49677,292.51486,5.841085,6.241961
-358.26746,293.15192,5.8382916,6.2431607
-359.03812,293.789,5.835492,6.2443604
-359.8087,294.42615,5.832692,6.2455606
-360.57925,295.06335,5.829892,6.2467604
-361.34976,295.7006,5.8270926,6.24796
-362.1202,296.3379,5.8242927,6.2489667
-362.89063,296.97528,5.821493,6.2499666
-363.66098,297.6127,5.818693,6.2509665
-364.4313,298.25018,5.8158937,6.2519665
-365.20157,298.8877,5.8130937,6.2529664
-365.9718,299.5253,5.810294,6.25416
-366.74197,300.16296,5.807494,6.2553596
-367.51212,300.80066,5.804694,6.2565594
-368.2822,301.43842,5.8018947,6.2577596
-369.05222,302.07626,5.7990947,6.2589593
-369.8222,302.71414,5.796295,6.260159
-370.59213,303.35208,5.793495,6.261359
-371.362,303.9901,5.7906957,6.262559
-372.13184,304.62817,5.7878957,6.263759
-372.9016,305.2663,5.785096,6.264959
-373.67136,305.9045,5.7824893,6.2661586
-374.441,306.54276,5.7798896,6.267359
-375.21063,307.18106,5.77729,6.2685585
-375.9802,307.81946,5.77469,6.269758
-376.74973,308.45792,5.7720904,6.2709584
-377.5192,309.0964,5.7692976,6.272158
-378.2886,309.735,5.766498,6.273358
-379.05795,310.37363,5.763698,6.274558
-379.82724,311.01233,5.7608986,6.275758
-380.5965,311.65112,5.7580986,6.2769575
-381.3657,312.28995,5.755299,6.2779646
-382.13483,312.92886,5.752499,6.2789645
-382.9039,313.56784,5.7496996,6.2799644
-383.6729,314.20688,5.7469,6.2809644
-384.4419,314.846,5.7441,6.2819643
-385.2108,315.48517,5.7413006,6.283157
-385.97964,316.12442,5.7385006,6.2843566
-386.74844,316.76373,5.735701,6.285557
-387.51715,317.40314,5.7329016,6.2867565
-388.28583,318.0426,5.7301016,6.287956
-389.05444,318.68213,5.727302,6.2891564
-389.823,319.32172,5.724502,6.290356
-390.59152,319.9614,5.7217026,6.291556
-391.35995,320.60117,5.718903,6.292756
-392.12833,321.24097,5.716103,6.293956
-392.89664,321.8809,5.713496,6.2951555
-393.6649,322.52084,5.7108965,6.2963552
-394.43307,323.1609,5.708297,6.2975554
-395.20123,323.80096,5.705697,6.298755
-395.96933,324.4411,5.7030973,6.299955
-396.7374,325.0813,5.7003055,6.301155
-397.50546,325.7215,5.6975055,6.302355
-398.27347,326.36176,5.694706,6.3035545
-399.04147,327.002,5.6919065,6.3047543
-399.80948,327.6423,5.6891065,6.3059545
-400.57745,328.2826,5.686307,6.3069615
-401.34546,328.92285,5.6835074,6.3079615
-402.11346,329.56314,5.680708,6.3089614
-402.88147,330.20337,5.677908,6.3099613
-403.6495,330.8436,5.6751084,6.3109612
-404.41757,331.4838,5.672309,6.3121533
-405.18567,332.12396,5.6695094,6.313353
-405.9538,332.76407,5.6667094,6.314553
-406.722,333.4041,5.66391,6.315753
-407.49023,334.0441,5.6611104,6.3169527
-408.2585,334.68402,5.658311,6.3181524
-409.0269,335.32385,5.6555114,6.319352
-409.79532,335.9636,5.6527114,6.3205523
-410.56384,336.60324,5.649912,6.321752
-411.33243,337.2428,5.6471124,6.322952
-412.1011,337.88223,5.6445045,6.3241515
-412.8699,338.52158,5.641905,6.3253517
-413.6388,339.16077,5.639305,6.3265514
-414.40778,339.79984,5.636706,6.327751
-415.1769,340.43878,5.634106,6.328951
-415.94614,341.07758,5.6313148,6.330151
-416.7155,341.7162,5.628515,6.331351
-417.48502,342.35468,5.6257153,6.3325505
-418.25464,342.99295,5.6229157,6.3337502
-419.02444,343.63107,5.620116,6.3349504
-419.79437,344.269,5.6173167,6.33615
-420.56448,344.90677,5.6145167,6.33735
-421.33475,345.54428,5.611717,6.3385496
-422.1052,346.18164,5.6089177,6.3397493
-422.8758,346.81876,5.606118,6.3409495
-423.6466,347.45563,5.6033187,6.3419576
-424.4176,348.0923,5.6005187,6.3429575
-425.18878,348.72873,5.597719,6.3439574
-425.96017,349.3649,5.5949197,6.3449574
-426.73178,350.00082,5.59212,6.3459573
-427.5036,350.63647,5.5893207,6.3471484
-428.27567,351.27188,5.586521,6.348348
-429.0479,351.90698,5.583721,6.349548
-429.82043,352.5418,5.5809216,6.3507476
-430.59317,353.17633,5.578122,6.351948
-431.36618,353.81058,5.575514,6.3531475
-432.1394,354.44452,5.572914,6.354347
-432.9129,355.07813,5.570315,6.355547
-433.68668,355.7114,5.567715,6.3567467
-434.46072,356.34436,5.5651155,6.357947
-435.23505,356.97696,5.562325,6.3591466
-436.00967,357.60922,5.5595255,6.3603463
-436.78455,358.24112,5.556726,6.361546
-437.55975,358.87268,5.5539265,6.362746
-438.3352,359.50388,5.551127,6.3639455
-439.111,360.1347,5.5483274,6.3651457
-439.8871,360.76514,5.545528,6.3663454
-440.6635,361.39517,5.5427284,6.367545
-441.44028,362.02478,5.539929,6.368745
-442.2174,362.65393,5.5371294,6.3699446
-442.9949,363.28265,5.53433,6.3709536
-443.77274,363.91092,5.531531,6.3719535
-444.5509,364.53882,5.5287313,6.372953
-445.3293,365.16635,5.525932,6.373953
-446.10797,365.7936,5.5231323,6.374953
-446.8868,366.42065,5.520333,6.376143
-447.66565,367.04773,5.517533,6.377343
-448.4442,367.6751,5.514733,6.378543
-449.22232,368.30307,5.5119333,6.379743
-449.9997,368.93192,5.5091333,6.380943
-450.77612,369.56192,5.506522,6.3821435
-451.55142,370.19333,5.5039206,6.383344
-452.32535,370.82642,5.501319,6.3845453
-453.09772,371.46146,5.4987173,6.385746
-453.86826,372.09863,5.4961157,6.3869467
-454.63684,372.73822,5.4933195,6.388149
-455.40314,373.3805,5.4905143,6.389351
-456.16702,374.0257,5.4877095,6.390553
-456.9282,374.67407,5.4849043,6.391755
-457.6864,375.3259,5.4820995,6.392957
-458.44144,375.98138,5.4792914,6.3941607
-459.19308,376.6408,5.476483,6.3953643
-459.94107,377.30435,5.473675,6.396568
-460.68512,377.97226,5.4708667,6.3977714
-461.42505,378.64478,5.4680586,6.398975
-462.16055,379.32214,5.4652486,6.4001794
-462.8914,380.00452,5.4624386,6.4013834
-463.61722,380.69223,5.459629,6.4025874
-464.33777,381.38544,5.456819,6.403792
-465.05276,382.08444,5.4540095,6.404996
-465.76184,382.78937,5.4621944,6.501332
-466.46487,383.5004,5.470416,6.597986
-467.1616,384.21756,5.478637,6.69464
-467.85184,384.94098,5.486859,6.7912936
-468.53537,385.67072,5.496789,6.886378
-469.21194,386.40692,5.679515,6.8228035
-469.8809,387.1501,5.8622417,6.7592287
-470.5415,387.90067,6.0449686,6.6956544
-471.19296,388.65918,6.2276897,6.6320815
-471.83456,389.42606,6.4102297,6.5687065
-472.46533,390.20187,6.5713773,6.5302715
-473.08374,390.98758,6.732521,6.491837
-473.68802,391.78418,6.893674,6.4534006
-474.2764,392.5926,7.05483,6.4149637
-474.847,393.41367,7.2141724,6.378585
-475.39786,394.2481,7.2282944,6.5085077
-475.92703,395.09644,7.242415,6.6384163
-476.4324,395.95917,7.2565355,6.7683277
-476.91183,396.83658,7.270656,6.8982377
-477.36307,397.7288,7.284022,7.029755
-477.7839,398.63577,7.284425,7.1894307
-478.17233,399.55707,7.284827,7.3490825
-478.52637,400.49213,7.28523,7.50875
-478.8439,401.4402,7.285633,7.6684446
-479.12277,402.40033,7.289763,7.8202367
-479.36124,403.37128,7.3322387,7.890637
-479.55902,404.35135,7.374705,7.96102
-479.71606,405.33875,7.4171634,8.031391
-479.83234,406.3318,7.459618,8.101756
-479.90778,407.32874,7.502096,8.172008
-479.9422,408.32797,7.5574155,8.176323
-479.9346,409.32776,7.612742,8.180639
-479.88397,410.3263,7.6680675,8.184956
-479.7892,411.3216,7.7233763,8.18927
-479.64938,412.31155,7.778644,8.193583
-479.46335,413.2939,7.811573,8.185235
-479.2284,414.2657,7.8421025,8.17553
-478.9413,415.22336,7.872651,8.165819
-478.5989,416.16263,7.903225,8.1561
-478.19824,417.07852,7.9338055,8.146379
-477.7377,417.96585,7.908643,8.176381
-477.2197,418.8209,7.881238,8.20797
-476.64734,419.64056,7.853845,8.239545
-476.02365,420.4219,7.8264456,8.271128
-475.3514,421.16187,7.802991,8.281154
-474.63425,421.85837,7.797429,8.1938095
-473.87784,422.51212,7.7918673,8.106468
-473.08786,423.12488,7.7863083,8.019178
-472.26926,423.69894,7.780752,7.9319196
-471.42648,424.23685,7.7341604,7.8854976
-470.563,424.74088,7.602257,7.923978
-469.68152,425.21274,7.4702873,7.962477
-468.7844,425.65417,7.3383026,8.000981
-467.87384,426.06723,7.206316,8.039485
-466.9518,426.45395,7.10302,8.022435
-466.01987,426.81616,7.071562,7.866316
-465.07925,427.15527,7.040101,7.7101855
-464.13113,427.47272,7.008642,7.554064
-463.17642,427.76987,6.9771857,7.3979516
-462.2161,428.04825,6.9483733,7.2359805
-461.25082,428.30905,6.932699,7.044913
-460.28113,428.5528,6.917023,6.853827
-459.3074,428.77997,6.9013467,6.662732
-458.33008,428.99106,6.8856697,6.471632
-457.3495,429.1865,6.8617897,6.294584
-456.366,429.36688,6.782061,6.2132487
-455.38,429.53287,6.702333,6.1319137
-454.3918,429.68527,6.6226063,6.0505805
-453.4017,429.8248,6.5428805,5.9692483
-452.41,429.95227,6.4625697,5.9042234
-451.41687,430.06845,6.3789186,5.9326444
-450.4226,430.17426,6.295265,5.9610662
-449.4274,430.27057,6.2116127,5.989488
-448.43137,430.35837,6.12796,6.01791
-447.4347,430.43854,6.053088,6.0545974
-446.4375,430.51187,6.016242,6.1270814
-445.43988,430.57892,5.9793954,6.1995664
-444.44186,430.64023,5.942549,6.2720513
-443.44357,430.69626,5.9057026,6.344536
-442.44498,430.74756,5.876334,6.403441
-441.4462,430.79446,5.873322,6.4144855
-440.44724,430.83704,5.87031,6.42553
-439.44806,430.87518,5.867298,6.4365745
-438.44876,430.909,5.864286,6.447619
-437.4493,430.9384,5.8628697,6.4487543
-436.44974,430.9634,5.8664756,6.418705
-435.45007,430.98413,5.8700814,6.3886566
-434.45032,431.00067,5.8736873,6.358608
-433.4505,431.01312,5.877293,6.328559
-432.45065,431.02155,5.8809466,6.2985744
-431.45078,431.02603,5.8847456,6.2687845
-430.4509,431.02667,5.8885446,6.238994
-429.45102,431.0235,5.892343,6.209204
-428.45117,431.01657,5.896142,6.179414
-427.45132,431.00598,5.901571,6.1480517
-426.45154,430.9918,5.9119525,6.1119146
-425.4518,430.97403,5.9223347,6.0757775
-424.45218,430.9528,5.932717,6.03964
-423.45258,430.92813,5.9430985,6.003503
-422.4531,430.90015,5.953479,5.967372
-421.4537,430.86887,5.963853,5.9312625
-420.4544,430.83435,5.9742265,5.895153
-419.45523,430.7967,5.9846005,5.859044
-418.45618,430.75592,5.9949746,5.8229346
-417.45724,430.71213,6.0031805,5.7901225
-416.45847,430.66537,6.0039787,5.7685776
-415.4598,430.6157,6.0047765,5.747033
-414.4613,430.56317,6.0055747,5.7254887
-413.46295,430.50787,6.0063725,5.7039437
-412.46475,430.4499,6.0063605,5.6836324
-411.4667,430.38928,6.0033665,5.6678624
-410.4688,430.32602,6.000372,5.6520925
-409.4711,430.26013,5.9973774,5.636322
-408.47357,430.19165,5.9943833,5.620552
-407.47623,430.12057,5.9914293,5.604779
-406.47906,430.04694,5.9886317,5.5889945
-405.4821,429.97067,5.9858346,5.57321
-404.48532,429.89185,5.9830375,5.5574255
-403.48874,429.8104,5.9802403,5.5416408
-402.4924,429.72632,5.971588,5.532664
-401.49628,429.63962,5.939394,5.5510607
-400.5004,429.5503,5.9071994,5.5694575
-399.50476,429.4583,5.8750052,5.5878544
-398.50934,429.3637,5.8428106,5.6062512
-397.51422,429.26642,5.8102546,5.625087
-396.51932,429.1665,5.776237,5.6456976
-395.52472,429.0639,5.7422194,5.666308
-394.5304,428.95865,5.708202,5.6869187
-393.53635,428.85074,5.6741843,5.7075295
-392.5426,428.74014,5.641048,5.728223
-391.54916,428.62686,5.611416,5.7492456
-390.55603,428.51086,5.581784,5.7702684
-389.5632,428.3922,5.5521517,5.7912908
-388.5707,428.27084,5.5225196,5.8123136
-387.57855,428.14676,5.494703,5.8335447
-386.58673,428.02,5.473871,5.8555784
-385.59528,427.89047,5.4530396,5.8776116
-384.60416,427.75827,5.432208,5.899645
-383.61343,427.62332,5.4113765,5.9216785
-382.62308,427.48566,5.3920007,5.9396853
-381.6331,427.34525,5.377975,5.9428916
-380.6435,427.20212,5.36395,5.9460974
-379.65433,427.0562,5.349924,5.949303
-378.66556,426.9076,5.335899,5.952509
-377.6772,426.7562,5.3224535,5.954196
-376.68927,426.60205,5.311031,5.9505887
-375.70175,426.44513,5.2996087,5.9469814
-374.71472,426.28546,5.288186,5.9433746
-373.72812,426.123,5.2767634,5.9397674
-372.74197,425.95776,5.2738314,5.931029
-371.7563,425.78976,5.298881,5.905378
-370.77112,425.619,5.3239307,5.8797274
-369.7864,425.4454,5.34898,5.8540764
-368.8022,425.26904,5.3740296,5.8284254
-367.81848,425.08987,5.404136,5.799809
-366.8353,424.90793,5.4500203,5.7619395
-365.85263,424.72318,5.495905,5.72407
-364.8705,424.5356,5.541789,5.6862
-363.88892,424.3452,5.5876737,5.6483307
-362.90787,424.15204,5.633504,5.6104136
-361.92737,423.95602,5.679174,5.572355
-360.94748,423.7572,5.724844,5.5342965
-359.9681,423.55554,5.7705145,5.496238
-358.98938,423.35107,5.8161845,5.4581795
-358.0112,423.14377,5.8436594,5.434106
-357.03366,422.93362,5.8192334,5.4499226
-356.0567,422.72067,5.7948074,5.4657393
-355.08038,422.50485,5.7703815,5.4815564
-354.1047,422.2862,5.745955,5.497373
-353.12967,422.0647,5.720208,5.5141416
-352.15527,421.84036,5.6907954,5.5335503
-351.18155,421.6132,5.6613827,5.5529585
-350.20847,421.38315,5.63197,5.5723667
-349.23608,421.15027,5.602557,5.5917754
-348.2644,420.91452,5.5744324,5.610325
-347.2934,420.67593,5.549842,5.6265187
-346.3231,420.43448,5.525251,5.6427126
-345.35352,420.1902,5.5006604,5.6589065
-344.38467,419.943,5.47607,5.6751003
-343.41656,419.69293,5.4605427,5.685199
-342.4492,419.43997,5.470131,5.678407
-341.48264,419.18405,5.479719,5.6716156
-340.51685,418.9251,5.4893074,5.664824
-339.5519,418.66302,5.4988956,5.6580324
-338.58786,418.3978,5.5084825,5.6512413
-337.6247,418.12927,5.518067,5.6444526
-336.66248,417.85748,5.527651,5.637664
-335.7012,417.58228,5.537235,5.630875
-334.74094,417.30362,5.546819,5.6240864
-333.78168,417.02145,5.558656,5.6171474
-332.82352,416.7357,5.577225,5.60976
-331.86642,416.4463,5.5957947,5.602372
-330.91046,416.15314,5.6143637,5.5949845
-329.9557,415.8562,5.632933,5.5875964
-329.00214,415.55542,5.65223,5.5796757
-328.0498,415.2507,5.673801,5.5700884
-327.0988,414.942,5.695372,5.560501
-326.14908,414.62918,5.7169433,5.5509143
-325.20074,414.31226,5.7385144,5.541327
-324.25385,413.99115,5.764093,5.5250487
-323.30838,413.66574,5.8026614,5.4870796
-322.36444,413.336,5.84123,5.4491105
-321.42203,413.00186,5.8797984,5.4111414
-320.4812,412.66327,5.918367,5.3731723
-319.54205,412.32013,5.947537,5.345112
-318.60458,411.9724,5.945537,5.3499107
-317.66885,411.62,5.9435377,5.3547096
-316.73492,411.26285,5.941538,5.3595085
-315.80286,410.9009,5.9395385,5.3643074
-314.8727,410.53406,5.9190397,5.388529
-313.94452,410.1623,5.8368144,5.477556
-313.0183,409.78552,5.754589,5.5665836
-312.0942,409.40372,5.6723638,5.655611
-311.17218,409.01688,5.590138,5.744639
-310.25232,408.62494,5.528719,5.8142543
-309.33466,408.22787,5.5361238,5.819658
-308.4192,407.82578,5.5435286,5.8250613
-307.50592,407.41867,5.5509334,5.830465
-306.59488,407.00665,5.5583386,5.835869
-305.68607,406.58972,5.573567,5.8339677
-304.77948,406.16797,5.6142025,5.8083453
-303.87515,405.74146,5.654838,5.782723
-302.97305,405.31015,5.6954737,5.7571006
-302.0732,404.87418,5.7361093,5.731478
-301.17566,404.43353,5.7605186,5.7181935
-300.2804,403.98828,5.7334905,5.74402
-299.3874,403.53845,5.706463,5.769847
-298.4967,403.0841,5.679435,5.7956734
-297.6083,402.62527,5.652407,5.8215
-296.72223,402.16202,5.6196876,5.8517427
-295.83844,401.69437,5.5694275,5.895595
-294.957,401.22235,5.519167,5.939448
-294.07785,400.74603,5.4689064,5.9833007
-293.20102,400.26547,5.418646,6.0271535
-292.32654,399.78067,5.370946,6.068445
-291.45435,399.2917,5.330888,6.1020947
-290.58453,398.79858,5.290829,6.1357436
-289.71704,398.3014,5.250771,6.1693926
-288.85187,397.80014,5.2107124,6.2030416
-287.98904,397.29486,5.1887107,6.219151
-287.12854,396.7856,5.218566,6.1848874
-286.2704,396.27246,5.248421,6.150624
-285.41458,395.75537,5.278277,6.11636
-284.56113,395.23447,5.308132,6.0820966
-283.71,394.7097,5.337939,6.047774
-282.8612,394.18118,5.3676114,6.01329
-282.01477,393.6489,5.3972836,5.9788055
-281.17065,393.11298,5.426956,5.944321
-280.32886,392.5734,5.456629,5.909837
-279.48935,392.03024,5.4834995,5.879725
-278.65213,391.48358,5.503157,5.8608694
-277.81717,390.93347,5.5228148,5.8420143
-276.98447,390.38,5.5424724,5.823159
-276.15396,389.8232,5.56213,5.8043036
-275.32562,389.26315,5.581434,5.786039
-274.49945,388.69995,5.5998898,5.769188
-273.67538,388.13367,5.6183453,5.752337
-272.85342,387.5643,5.636801,5.735486
-272.03354,386.99197,5.6552563,5.7186356
-271.2157,386.41675,5.6732764,5.702593
-270.39987,385.83865,5.6903234,5.688353
-269.586,385.25778,5.7073708,5.6741138
-268.7741,384.6742,5.724418,5.659874
-267.9641,384.08798,5.7414656,5.6456347
-267.15598,383.49915,5.7555933,5.6384635
-266.34973,382.90778,5.763612,5.646081
-265.54526,382.31396,5.7716303,5.6536984
-264.74258,381.71774,5.779649,5.661316
-263.94165,381.1192,5.7876673,5.668934
-263.14243,380.51837,5.7956166,5.67655
-262.34485,379.9153,5.80343,5.6841626
-261.54895,379.3101,5.811243,5.6917753
-260.7546,378.7028,5.8190565,5.699388
-259.96185,378.09348,5.8268695,5.707001
-259.1706,377.48215,5.833581,5.7136497
-258.38083,376.86893,5.838186,5.7184544
-257.5925,376.25385,5.84279,5.7232594
-256.8056,375.637,5.847395,5.728064
-256.02005,375.01837,5.8519993,5.7328687
-255.23582,374.39807,5.851237,5.733352
-254.45288,373.77615,5.840434,5.72575
-253.67119,373.15268,5.829631,5.7181478
-252.89069,372.5277,5.8188276,5.7105455
-252.11136,371.90128,5.8080244,5.7029433
-251.33316,371.27344,5.797224,5.695343
-250.55603,370.6443,5.786428,5.6877456
-249.77994,370.01385,5.7756324,5.6801486
-249.00485,369.38217,5.7648363,5.6725516
-248.23071,368.74933,5.7540402,5.664954
-247.45749,368.1154,5.7432466,5.657289
-246.68513,367.48038,5.7324567,5.6494966
-245.9136,366.84436,5.7216673,5.641704
-245.14285,366.2074,5.7108774,5.6339116
-244.37285,365.56955,5.7000875,5.626119
-243.60355,364.93085,5.6892996,5.6183963
-242.83488,364.29138,5.678515,5.610807
-242.06685,363.65115,5.66773,5.6032176
-241.29936,363.01025,5.656945,5.5956283
-240.53241,362.36874,5.64616,5.588039
-239.76593,361.72662,5.6354437,5.58045
-238.9999,361.084,5.6248617,5.572863
-238.23425,360.44095,5.6142797,5.565276
-237.46895,359.79745,5.603698,5.557689
-236.70395,359.1536,5.593116,5.5501018
-235.93921,358.50943,5.582469,5.54245
-235.17468,357.86502,5.5716887,5.534664
-234.41034,357.2204,5.5609083,5.5268784
-233.64612,356.57562,5.550128,5.5190926
-232.88197,355.93076,5.539348,5.511307
-232.11787,355.28583,5.528568,5.5035844
-231.35376,354.64093,5.517787,5.4959984
-230.5896,353.99606,5.507006,5.488412
-229.82535,353.35132,5.4962254,5.4808254
-229.06094,352.70676,5.4854445,5.473239
-228.29636,352.06244,5.4769497,5.4673204
-227.53154,351.41837,5.473555,5.4651237
-226.76648,350.77457,5.47016,5.4629273
-226.0012,350.13104,5.4667654,5.4607306
-225.2357,349.4878,5.463371,5.4585342
-224.46997,348.84482,5.460157,5.456458
-223.70401,348.20212,5.4573603,5.4546604
-222.93782,347.5597,5.454564,5.4528627
-222.1714,346.9175,5.451768,5.451065
-221.40479,346.2756,5.4489717,5.4492674
-220.63794,345.63394,5.446234,5.4474697
-219.87091,344.9925,5.4436374,5.445672
-219.10367,344.35132,5.44104,5.443874
-218.33623,343.7104,5.438443,5.4420757
-217.56859,343.06967,5.435846,5.440278
-216.80075,342.4292,5.433191,5.4385376
-216.03275,341.78897,5.430393,5.4369392
-215.26454,341.14893,5.427596,5.4353404
-214.49615,340.50912,5.4247985,5.433742
-213.72758,339.86954,5.422001,5.4321437
-212.95886,339.23013,5.4192605,5.430488
-212.18996,338.59094,5.416662,5.4286895
-211.42088,337.95197,5.414064,5.4268904
-210.65164,337.31317,5.411466,5.4250917
-209.88225,336.6746,5.408868,5.423293
-209.1127,336.0362,5.4062696,5.4215508
-208.343,335.39795,5.4036713,5.4199514
-207.57315,334.75992,5.4010725,5.418352
-206.80315,334.12204,5.3984737,5.4167533
-206.03302,333.48434,5.3958755,5.415154
-205.26274,332.8468,5.393221,5.4134994
-204.49234,332.20944,5.3904223,5.4117
-203.7218,331.57224,5.3876233,5.4099007
-202.95113,330.93518,5.3848243,5.4081016
-202.18034,330.29825,5.3820252,5.406302
-201.40944,329.6615,5.3792815,5.404503
-200.63841,329.02487,5.3766823,5.4027033
-199.86728,328.38837,5.374083,5.4009037
-199.09604,327.752,5.3714833,5.399104
-198.32469,327.11578,5.368884,5.3973045
-197.55324,326.47968,5.3662295,5.39556
-196.7817,325.84366,5.36343,5.39396
-196.01006,325.2078,5.36063,5.39236
-195.23833,324.57202,5.3578305,5.3907604
-194.4665,323.93637,5.3550305,5.3891606
-193.69461,323.3008,5.352286,5.3875055
-192.92262,322.66534,5.3496857,5.3857055
-192.15056,322.02997,5.347086,5.3839054
-191.37843,321.39468,5.3444858,5.3821054
-190.60623,320.7595,5.3418856,5.3803053
-189.83397,320.12436,5.3392854,5.378505
-189.06165,319.48932,5.336685,5.376705
-188.28926,318.85434,5.334085,5.374905
-187.51683,318.21942,5.331485,5.3731046
-186.74434,317.58456,5.328884,5.3713045
-185.9718,316.9498,5.3262286,5.3695593
-185.19922,316.31506,5.323428,5.367959
-184.4266,315.68036,5.3206277,5.3663588
-183.65395,315.04572,5.3178267,5.364758
-182.88126,314.4111,5.3150263,5.3631577
-182.10854,313.77655,5.3122807,5.361502
-181.3358,313.142,5.30968,5.3597016
-180.56303,312.5075,5.3070793,5.357901
-179.79025,311.87302,5.3044786,5.3561006
-179.01744,311.23856,5.3018775,5.3543
-178.24463,310.6041,5.299221,5.3524995
-177.47182,309.96964,5.29642,5.3506985
-176.69899,309.3352,5.293619,5.348898
-175.92618,308.70074,5.2908177,5.3470974
-175.15335,308.0663,5.288017,5.3452964
-174.38054,307.43185,5.2852716,5.3435516
-173.60774,306.7974,5.2826705,5.341951
-172.83495,306.1629,5.2800694,5.3403506
-172.06218,305.5284,5.277468,5.33875
-171.28943,304.8939,5.274867,5.337149
-170.51671,304.2593,5.272266,5.3354917
-169.744,303.62473,5.269665,5.3336906
-168.97134,302.99008,5.267063,5.33189
-168.19872,302.3554,5.264462,5.330089
-167.42612,301.7207,5.261861,5.328288
-166.65358,301.0859,5.2592025,5.3265443
-165.88107,300.45108,5.256401,5.3249435
-165.10863,299.8162,5.2535996,5.3233423
-164.33623,299.18124,5.2507977,5.3217416
-163.56389,298.5462,5.2479963,5.320141
-162.79161,297.9111,5.2452526,5.3184824
-162.0194,297.2759,5.242651,5.3166814
-161.24724,296.64066,5.2400494,5.3148804
-160.47517,296.0053,5.237448,5.3130794
-159.70317,295.36987,5.2348466,5.3112783
-158.93124,294.7343,5.2321873,5.3094773
-158.15941,294.0987,5.2293854,5.3076763
-157.38765,293.46295,5.226584,5.3058753
-156.61598,292.8271,5.2237825,5.3040743
-155.84442,292.19113,5.2209806,5.3022733
-155.07295,291.55505,5.218238,5.300531
-154.30157,290.91885,5.2156363,5.29893
-153.5303,290.28253,5.2130346,5.297329
-152.75914,289.64606,5.2104335,5.295728
-151.9881,289.00946,5.207832,5.2941275
-151.21716,288.37274,5.20523,5.292467
-150.44635,287.73584,5.202629,5.290666
-149.67566,287.09882,5.2000275,5.288865
-148.90509,286.46164,5.197426,5.287064
-148.13464,285.8243,5.1948247,5.285263
-147.36435,285.18683,5.1921635,5.283462
-146.59418,284.54916,5.189362,5.281661
-145.82416,283.91132,5.1865606,5.2798605
-145.05428,283.27332,5.183759,5.2780595
-144.28453,282.63513,5.1809573,5.2762585
-143.51495,281.99677,5.1782165,5.2745175
-142.74553,281.35822,5.175615,5.272917
-141.97626,280.71945,5.1730137,5.271316
-141.20715,280.08054,5.1704125,5.2697153
-140.43822,279.44138,5.1678114,5.2681146
-139.66945,278.80203,5.165149,5.2664533
-138.90085,278.16248,5.1623483,5.2646523
-138.13243,277.5227,5.159547,5.2628517
-137.36418,276.88272,5.1567454,5.2610507
-136.59613,276.24252,5.1539445,5.25925
-135.82826,275.60208,5.1512046,5.2575107
-135.0606,274.96143,5.1486034,5.25591
-134.29312,274.32053,5.146003,5.254309
-133.52583,273.67938,5.1434016,5.252709
-132.75876,273.03802,5.1408005,5.251108
-131.9919,272.3964,5.1382,5.249446
-131.22525,271.75452,5.135599,5.2476454
-130.4588,271.11237,5.1329985,5.245845
-129.69258,270.46997,5.130398,5.2440443
-128.92657,269.82733,5.127797,5.2422442
-128.16078,269.18442,5.1251345,5.2404437
-127.395226,268.54123,5.122334,5.238643
-126.62989,267.89777,5.1195335,5.236843
-125.86481,267.254,5.116733,5.2350426
-125.09998,266.60995,5.1139326,5.2332425
-124.33542,265.96558,5.111194,5.231504
-123.57111,265.3209,5.108594,5.229904
-122.80705,264.67593,5.1059937,5.228304
-122.04321,264.0307,5.1033936,5.2267036
-121.27957,263.38525,5.1007934,5.225104
-120.516106,262.73956,5.0981936,5.2234416
-119.75276,262.09375,5.095594,5.221642
-118.989426,261.44794,5.092994,5.219842
-118.22599,260.80225,5.0903945,5.2180424
-117.46234,260.15677,5.087795,5.2162423
-116.698364,259.51172,5.085133,5.2144427
-115.933945,258.8672,5.082334,5.212643
-115.169,258.22327,5.079535,5.210844
-114.40341,257.5801,5.076736,5.2090445
-113.6371,256.9378,5.073937,5.207245
-112.86996,256.2965,5.0711994,5.2055073
-112.10188,255.65634,5.068601,5.2039084
-111.33279,255.01738,5.066003,5.2023096
-110.56255,254.37979,5.0634046,5.200711
-109.7911,253.7437,5.0608063,5.1991115
-109.01831,253.10922,5.058148,5.197452
-108.244095,252.47647,5.0553513,5.1956544
-107.46837,251.84558,5.0525546,5.1938562
-106.69104,251.21667,5.049758,5.1920586
-105.91202,250.58986,5.0469613,5.190261
-105.13122,249.96527,5.0557327,5.182501
-104.34854,249.34303,5.0916586,5.1607456
-103.56388,248.72328,5.127585,5.1389904
-102.77714,248.10619,5.163511,5.117235
-101.9882,247.49191,5.199437,5.09548
-101.19696,246.88058,5.244088,5.0691333
-100.40334,246.27235,5.3102627,5.031462
-99.60735,245.66724,5.376436,4.9937906
-98.80897,245.06529,5.4426103,4.9561195
-98.00818,244.46652,5.508784,4.9184484
-97.204994,243.871,5.5601315,4.8928895
-96.39925,243.27893,5.5716705,4.8998528
-95.59057,242.69087,5.58321,4.9068165
-94.77854,242.10745,5.594749,4.9137797
-93.962776,241.52928,5.606288,4.920743
-93.14288,240.95697,5.5961857,4.946085
-92.31834,240.39137,5.5193844,5.0280724
-91.48834,239.83382,5.442583,5.1100607
-90.65211,239.28568,5.3657794,5.1920514
-89.80887,238.74837,5.288975,5.2740426
-88.95793,238.22333,5.220044,5.343731
-88.09867,237.71204,5.177152,5.372728
-87.23054,237.21596,5.1342626,5.401724
-86.353035,236.73666,5.0913725,5.43072
-85.465775,236.27568,5.0484858,5.459714
-84.568436,235.83464,5.017,5.474477
-83.6608,235.41522,5.017,5.4499307
-82.742714,235.0192,5.017,5.4253845
-81.81415,234.64842,5.017,5.400835
-80.875175,234.30486,5.017,5.3762817
-79.926056,233.99045,5.0425286,5.3306594
-78.96743,233.70631,5.118293,5.243581
-78.00042,233.45218,5.194043,5.156518
-77.0261,233.22766,5.269784,5.069467
-76.04551,233.03238,5.3455224,4.982418
-75.05961,232.86592,5.4128847,4.925674
-74.069336,232.72786,5.4669404,4.917065
-73.07558,232.6176,5.5209994,4.908456
-72.07917,232.53458,5.5750585,4.899846
-71.08091,232.47818,5.6291165,4.891237
-70.081505,232.44781,5.6362205,4.8935776
-69.08166,232.44301,5.5704055,4.9129233
-68.08201,232.46349,5.5045886,4.9322696
-67.08318,232.50896,5.438771,4.951616
-66.08579,232.57916,5.3729525,4.9709625
-65.090416,232.67378,5.3082414,5.0234804
-64.09762,232.79245,5.2453566,5.130625
-63.107906,232.93456,5.182472,5.237768
-62.121742,233.0995,5.119589,5.3449106
-61.139557,233.28673,5.0567045,5.4520545
-60.161755,233.4956,5.020392,5.5173054
-59.188667,233.72546,5.0266128,5.5154996
-58.220547,233.97543,5.032833,5.513694
-57.257595,234.24463,5.039054,5.5118876
-56.29997,234.5322,5.0452743,5.510082
-55.347782,234.8373,5.076268,5.472509
-54.401104,235.15907,5.1442604,5.3815193
-53.459965,235.49672,5.212254,5.2905273
-52.52435,235.8494,5.2802477,5.199536
-51.594215,236.21628,5.3482423,5.1085434
-50.669487,236.59659,5.3731213,5.0565534
-49.750084,236.9896,5.333483,5.0629272
-48.835945,237.3947,5.2938447,5.069301
-47.926987,237.81128,5.2542076,5.075675
-47.023098,238.23878,5.2145734,5.0820484
-46.124172,238.6766,5.203027,5.0854697
-45.230457,239.12497,5.237312,5.0840745
-44.34276,239.58513,5.2715993,5.0826793
-43.46197,240.05838,5.3058887,5.0812836
-42.58905,240.54597,5.3401785,5.079888
-41.725025,241.04916,5.351094,5.0917363
-40.870987,241.56914,5.3210983,5.126765
-40.02814,242.10704,5.2911043,5.1617913
-39.19777,242.664,5.2611113,5.1968164
-38.38125,243.24107,5.2311215,5.2318377
-37.58005,243.83923,5.244027,5.2323422
-36.795776,244.45941,5.322446,5.1801305
-36.030197,245.10252,5.400867,5.127918
-35.28525,245.76941,5.4793067,5.075692
-34.563015,246.46083,5.5577674,5.0234528
-33.865654,247.1773,5.5873785,5.020011
-33.194202,247.91814,5.5628924,5.070603
-32.548332,248.68138,5.5384126,5.1211805
-31.92753,249.46515,5.5139384,5.1717467
-31.331207,250.26772,5.489465,5.222312
-30.75871,251.08743,5.451735,5.253837
-30.20925,251.92279,5.4023185,5.2685823
-29.681871,252.77225,5.352896,5.2833295
-29.175535,253.63443,5.303474,5.298076
-28.689137,254.50801,5.254051,5.3128233
-28.221523,255.3918,5.225545,5.3134184
-27.771618,256.28473,5.216866,5.300597
-27.338392,257.18588,5.2081866,5.287776
-26.920794,258.09436,5.199508,5.2749553
-26.517736,259.0094,5.1908293,5.2621346
-26.128117,259.93024,5.198836,5.240406
-25.75109,260.85632,5.227776,5.2075014
-25.386106,261.7872,5.256717,5.174596
-25.032627,262.7225,5.285658,5.1416903
-24.690096,263.6619,5.314598,5.108786
-24.357967,264.605,5.3210087,5.0922894
-24.03618,265.5517,5.2934384,5.10054
-23.725323,266.502,5.2658677,5.1087914
-23.42603,267.45605,5.2382965,5.1170425
-23.138945,268.41382,5.2107244,5.125294
-22.864712,269.37537,5.212497,5.1231227
-22.603853,270.3406,5.253218,5.107118
-22.356735,271.30948,5.293938,5.0911136
-22.123726,272.28183,5.334658,5.0751095
-21.905188,273.25754,5.375378,5.059105
-21.701494,274.23642,5.388941,5.059551
-21.512949,275.21835,5.3746376,5.076875
-21.339788,276.20313,5.360335,5.0941997
-21.182251,277.19052,5.346032,5.111524
-21.040575,278.1803,5.3317294,5.1288486
-20.915005,279.17227,5.3115287,5.1483665
-20.805796,280.16617,5.2860866,5.169833
-20.713223,281.16174,5.260644,5.1913004
-20.637564,282.15875,5.235202,5.212767
-20.579098,283.15692,5.209759,5.2342343
-20.538107,284.15594,5.192069,5.2412524
-20.514921,285.15555,5.182178,5.233735
-20.50992,286.1554,5.172287,5.226218
-20.523489,287.15518,5.162396,5.218701
-20.556005,288.1545,5.152505,5.211184
-20.607859,289.15305,5.141098,5.1929936
-20.679586,290.15033,5.1277866,5.1614046
-20.771927,291.14594,5.1144753,5.1298146
-20.88562,292.1393,5.1011634,5.0982237
-21.021406,293.1299,5.087851,5.0666313
-21.180004,294.11713,5.084938,5.052033
-21.361683,295.10034,5.0969744,5.0618625
-21.566162,296.07907,5.10901,5.0716915
-21.79313,297.05283,5.121046,5.0815206
-22.042284,298.02118,5.1330824,5.0913506
-22.313313,298.9836,5.1453986,5.0764346
-22.605368,299.93985,5.158092,5.0280786
-22.916946,300.88995,5.170785,4.9797235
-23.246529,301.83392,5.1834774,4.9313717
-23.592617,302.772,5.1961694,4.8830204
-23.953754,303.70438,5.2075453,4.837057
-24.328608,304.63135,5.2173862,4.7938757
-24.715973,305.55313,5.227228,4.750692
-25.114666,306.4701,5.23707,4.707508
-25.523521,307.38254,5.2469125,4.664324
-25.941385,308.29092,5.250647,4.6446095
-26.367088,309.19565,5.2478456,4.650012
-26.799437,310.09723,5.245044,4.6554146
-27.237242,310.9962,5.2422433,4.6608167
-27.679333,311.89304,5.239442,4.666219
-28.12456,312.7883,5.236642,4.671619
-28.572252,313.68237,5.2338433,4.677016
-29.022238,314.5753,5.231045,4.682413
-29.47436,315.4671,5.228246,4.6878104
-29.928469,316.3579,5.2254477,4.6932077
-30.384413,317.2478,5.222649,4.698605
-30.842077,318.1368,5.2198505,4.704002
-31.301392,319.02493,5.2170525,4.709399
-31.762285,319.91226,5.214254,4.714796
-32.224686,320.7988,5.2114553,4.7201934
-32.688522,321.6846,5.2087526,4.7254944
-33.153713,322.56967,5.2061543,4.7306914
-33.620167,323.4541,5.2035556,4.7358885
-34.087795,324.3379,5.2009573,4.7410855
-34.556503,325.2211,5.1983585,4.7462826
-35.026203,326.10382,5.195665,4.7515755
-35.496807,326.98602,5.1928663,4.7569723
-35.968227,327.8678,5.190068,4.7623696
-36.44038,328.74918,5.187269,4.7677665
-36.91318,329.63022,5.1844707,4.7731633
-37.386547,330.51096,5.181672,4.7785606
-37.86039,331.39145,5.1788735,4.7839584
-38.33462,332.2717,5.1760745,4.789356
-38.809166,333.15182,5.173276,4.7947536
-39.28393,334.0318,5.170477,4.8001513
-39.75883,334.9117,5.167678,4.8055496
-40.233784,335.7916,5.164879,4.810948
-40.7087,336.67148,5.1620793,4.8163466
-41.18349,337.55145,5.1592803,4.8217454
-41.658066,338.43155,5.156481,4.827144
-42.13234,339.3118,5.153775,4.8324494
-42.60623,340.19223,5.151175,4.83765
-43.079666,341.07294,5.148575,4.84285
-43.55256,341.95392,5.1459746,4.848051
-44.02484,342.83524,5.1433744,4.8532515
-44.496437,343.71692,5.1406794,4.8585467
-44.967323,344.599,5.1378784,4.8639493
-45.437542,345.4814,5.135077,4.8693514
-45.90713,346.36417,5.132276,4.874754
-46.376137,347.24722,5.1294746,4.880156
-46.844597,348.13058,5.126673,4.8855586
-47.31255,349.01422,5.1238713,4.890962
-47.780025,349.89807,5.12107,4.896365
-48.247063,350.7822,5.118268,4.901768
-48.713696,351.6665,5.1154666,4.9071717
-49.17995,352.55103,5.112665,4.912575
-49.645866,353.43573,5.1098633,4.917978
-50.111477,354.3206,5.107062,4.923381
-50.57682,355.2056,5.1042604,4.928784
-51.04193,356.09073,5.1014585,4.934187
-51.506844,356.97595,5.0987535,4.939493
-51.971592,357.86127,5.0961523,4.944695
-52.436214,358.74664,5.0935516,4.949897
-52.900745,359.63205,5.090951,4.9550986
-53.365223,360.51752,5.08835,4.9603
-53.829678,361.40298,5.0856533,4.9655967
-54.29415,362.28845,5.082854,4.9709964
-54.75867,363.1739,5.0800543,4.9763956
-55.22327,364.05927,5.0772543,4.9817953
-55.68798,364.9446,5.074455,4.9871945
-56.152836,365.82986,5.0716558,4.9925923
-56.617878,366.71503,5.0688577,4.997988
-57.083145,367.60007,5.06606,5.0033846
-57.548687,368.48495,5.063262,5.0087805
-58.014545,369.3697,5.060464,5.0141764
-58.480762,370.2542,5.0576673,5.0195704
-58.947365,371.13855,5.0548716,5.024962
-59.41434,372.0227,5.052076,5.0303535
-59.881687,372.90665,5.04928,5.035745
-60.3494,373.7904,5.0464845,5.041137
-60.817463,374.67395,5.0436893,5.046434
-61.285828,375.55737,5.040895,5.0516233
-61.754368,376.44067,5.0381007,5.0568132
-62.222977,377.32394,5.035306,5.0620027
-62.69153,378.20724,5.0325117,5.0671926
-63.159912,379.09067,5.029808,5.072476
-63.628006,379.9742,5.0272107,5.07787
-64.09569,380.85797,5.024614,5.083264
-64.56284,381.742,5.0220165,5.088658
-65.02934,382.6264,5.0194197,5.094052
-65.49507,383.5112,5.016729,5.099451
-65.959946,384.39645,5.013926,5.1048574
-66.423904,385.28217,5.0111227,5.1102633
-66.88691,386.1684,5.0083194,5.1156697
-67.3489,387.05515,5.005516,5.121076
-67.80982,387.94247,5.0002184,5.1164365
-68.26938,388.83047,4.9919815,5.0999627
-68.72703,389.71948,4.9837446,5.083489
-69.1822,390.60977,4.9755077,5.067015
-69.63431,391.5016,4.967271,5.0505414
-70.0828,392.39526,4.9740424,5.014878
-70.526985,393.29108,4.996976,4.958551
-70.9661,394.18936,5.019909,4.9022236
-71.399345,395.0905,5.0428424,4.845896
-71.82593,395.99484,5.065776,4.7895684
-72.24505,396.90262,5.0800705,4.7647634
-72.65596,397.81418,5.086084,4.7701755
-73.05798,398.72968,5.0920973,4.7755876
-73.45041,399.64932,5.0981107,4.7809997
-73.832535,400.5733,5.104124,4.7864113
-74.20366,401.50177,5.0945787,4.849865
-74.56302,402.43484,5.07077,4.966529
-74.90984,403.37262,5.046961,5.083193
-75.24333,404.31525,5.023152,5.199856
-75.562675,405.26276,4.999344,5.3165154
-75.86707,406.21518,5.0239906,5.3969693
-76.155525,407.17255,5.100812,5.438441
-76.42689,408.1349,5.1776333,5.4799128
-76.67996,409.1022,5.254458,5.521386
-76.91354,410.0744,5.331283,5.5628595
-77.12642,411.05133,5.411933,5.6127615
-77.31727,412.03284,5.4979115,5.674403
-77.48464,413.0186,5.5838876,5.7360425
-77.62705,414.00824,5.669861,5.79768
-77.743004,415.00134,5.7558217,5.8593087
-77.83102,415.9973,5.840006,5.9193416
-77.88947,416.99545,5.921593,5.97704
-77.91653,417.99493,6.0031843,6.0347404
-77.91031,418.99475,6.084798,6.092458
-77.8689,419.99374,6.166438,6.150193
-77.790474,420.99048,6.239834,6.209314
-77.675125,421.98364,6.303777,6.2699986
-77.52504,422.97214,6.3677,6.330664
-77.34248,423.9552,6.431606,6.3913136
-77.12967,424.93213,6.49551,6.451962
-76.888725,425.90253,6.522662,6.47142
-76.62192,426.86612,6.5202484,6.45774
-76.33163,427.8229,6.5178337,6.4440584
-76.020226,428.77307,6.5154195,6.430377
-75.69003,429.71683,6.5130053,6.416695
-75.34334,430.6547,6.451337,6.414828
-74.98228,431.5871,6.347409,6.4213853
-74.6089,432.51465,6.2434783,6.427943
-74.22524,433.438,6.1395526,6.4345007
-73.8333,434.35785,6.035629,6.4410577
-73.435,435.27496,5.948529,6.3827467
-73.03154,436.18985,5.8751183,6.2716384
-72.62346,437.10266,5.801705,6.1605263
-72.21127,438.01364,5.72829,6.0494123
-71.795494,438.92297,5.6548753,5.938298
-71.37662,439.8309,5.593146,5.860487
-70.9549,440.7375,5.542584,5.8145037
-70.53038,441.6428,5.4920225,5.7685204
-70.10306,442.54675,5.441461,5.722537
-69.67296,443.4494,5.390899,5.676554
-69.24009,444.35074,5.3631506,5.6504693
-68.804535,445.25076,5.359359,5.645281
-68.36643,446.14957,5.3555675,5.6400924
-67.92592,447.04718,5.3517756,5.634904
-67.48313,447.9437,5.3479843,5.6297154
-67.038216,448.83914,5.3442845,5.6244273
-66.59129,449.73358,5.3406863,5.6190295
-66.14247,450.62708,5.337088,5.6136317
-65.691864,451.51965,5.3334894,5.6082344
-65.23957,452.4114,5.329891,5.6028366
-64.78569,453.30234,5.3261957,5.597436
-64.33035,454.19254,5.322393,5.592032
-63.873665,455.08203,5.31859,5.586628
-63.415745,455.9709,5.3147874,5.5812244
-62.956707,456.85916,5.3109846,5.5758204
-62.496666,457.74695,5.307181,5.5704145
-62.035744,458.63425,5.3033752,5.565007
-61.574043,459.52115,5.29957,5.5596
-61.111683,460.4077,5.295765,5.5541925
-60.648773,461.294,5.29196,5.5487847
-60.18543,462.18005,5.2882514,5.543474
-59.72176,463.06592,5.2846456,5.538266
-59.25789,463.9517,5.28104,5.533058
-58.793934,464.83743,5.2774343,5.5278497
-58.330017,465.72318,5.273829,5.5226417
-57.866257,466.609,5.270125,5.5173354
-57.402706,467.49496,5.26632,5.5119286
-56.939377,468.381,5.262515,5.506521
-56.476265,469.26718,5.25871,5.501114
-56.01338,470.15347,5.2549047,5.495707
-55.550713,471.03986,5.2511,5.4903
-55.08827,471.9264,5.2472963,5.4848948
-54.62604,472.81302,5.2434926,5.4794893
-54.164017,473.69977,5.2396884,5.4740834
-53.702194,474.5866,5.2358847,5.468678
-53.240562,475.47354,5.232182,5.463374
-52.779118,476.3606,5.228579,5.45817
-52.317856,477.2477,5.2249765,5.452966
-51.856773,478.13495,5.2213736,5.447762
-51.395863,479.02225,5.217771,5.442558
-50.935116,479.90967,5.214067,5.437253
-50.474537,480.79715,5.2102647,5.43185
-50.01411,481.68472,5.206463,5.426447
-49.55384,482.57236,5.2026606,5.4210443
-49.093716,483.46008,5.1988587,5.4156413
-48.63373,484.3479,5.1951594,5.410239
-48.173885,485.23575,5.1915584,5.4048376
-47.71417,486.1237,5.1879573,5.3994355
-47.254578,487.0117,5.184356,5.394034
-46.79511,487.89975,5.1807547,5.3886323
-46.335754,488.7879,5.1770515,5.3833337
-45.87651,489.67606,5.173251,5.378133
-45.41737,490.5643,5.1694508,5.3729324
-44.958332,491.45258,5.16565,5.3677316
-44.499386,492.3409,5.1618495,5.362531
-44.04053,493.2293,5.1580496,5.3572283
-43.58176,494.11774,5.1542497,5.351828
-43.123066,495.0062,5.1504498,5.3464284
-42.664448,495.8947,5.14665,5.3410287
-42.205894,496.78323,5.14285,5.335629
-41.747406,497.6718,5.139153,5.3302293
-41.28898,498.56042,5.1355534,5.3248305
-40.8306,499.44904,5.131954,5.3194313
-40.372272,500.3377,5.1283545,5.314032
-39.913986,501.22638,5.1247554,5.308633
-39.455734,502.11505,5.1210537,5.3033366
-38.997517,503.00378,5.1172547,5.298138
-38.539326,503.8925,5.113456,5.2929397
-38.081158,504.78125,5.109657,5.287741
-37.623,505.66998,5.105858,5.282542
-37.16486,506.55872,5.1020594,5.2772417
-36.706722,507.44748,5.0982604,5.271844
-36.24859,508.33624,5.094462,5.2664456
-35.790447,509.22498,5.090663,5.261048
-35.3323,510.11374,5.0868645,5.2556496
-34.874134,511.00247,5.0831676,5.250252
-34.41595,511.8912,5.0795693,5.244854
-33.95774,512.7799,5.0759706,5.239456
-33.4995,513.66864,5.072372,5.2340584
-33.04122,514.5573,5.0687737,5.2286606
-32.582905,515.4459,5.065074,5.223364
-32.12454,516.3346,5.0612755,5.2181664
-31.666124,517.2232,5.057477,5.2129683
-31.207653,518.11176,5.0536785,5.207771
-30.749119,519.0003,5.0498805,5.202573
-30.29052,519.88885,5.046082,5.197274
-29.831848,520.7773,5.0422835,5.1918764
-29.373098,521.6658,5.038485,5.186479
-28.914267,522.55414,5.0346866,5.1810813
-28.455345,523.4425,5.0308886,5.1756835
-27.99633,524.3308,5.0271907,5.1702857
-27.537214,525.21906,5.023592,5.164888
-27.077997,526.10724,5.0199933,5.15949
-26.618675,526.99536,5.0163946,5.1540923
-26.159243,527.8835,5.0127964,5.1486945
-25.6997,528.7715,5.0090976,5.1433964
-25.240042,529.6594,5.0052986,5.1381984
-24.780272,530.54736,5.0015,5.1330004
-24.32039,531.4352,4.9977016,5.127802
-23.860401,532.323,4.9939027,5.122604
-23.400305,533.21075,4.990204,5.1173058
-22.940104,534.09845,4.986605,5.1119075
-22.479795,534.9861,4.983006,5.106509
-22.019384,535.87366,4.9794073,5.101111
-21.558868,536.76117,4.975808,5.095712
-21.09825,537.6486,4.97211,5.090314
-20.637527,538.536,4.968311,5.0849156
-20.176706,539.4234,4.964512,5.079517
-19.715782,540.3107,4.960713,5.074118
-19.25476,541.198,4.956914,5.06872
-18.79364,542.0852,4.955992,5.066
-18.33242,542.97235,4.9579916,5.066
-17.871105,543.85944,4.9599915,5.066
-17.409697,544.7465,4.961991,5.066
-16.94819,545.6335,4.96399,5.066
-16.486591,546.52045,4.966188,5.066
-16.0249,547.4074,4.9685874,5.066
-15.563116,548.29425,4.970987,5.066
-15.101242,549.181,4.973387,5.066
-14.6392765,550.0678,4.975786,5.066
-14.177223,550.9545,4.9781857,5.0660987
-13.71508,551.84125,4.9805856,5.066299
-13.252851,552.72784,4.982985,5.0664988
-12.790534,553.61444,4.9853845,5.0666986
-12.328132,554.501,4.9877844,5.066899
-11.865644,555.38745,4.990184,5.0670986
-11.403074,556.2739,4.9925838,5.0672984
-10.940421,557.16034,4.994983,5.0674987
-10.477686,558.0467,4.997383,5.0676985
-10.014871,558.93304,4.9997826,5.0678988
-9.551974,559.81934,5.0021825,5.068
-9.088999,560.70557,5.004582,5.068
-8.625946,561.59174,5.006982,5.068
-8.162815,562.4779,5.009382,5.068
-7.699608,563.364,5.011781,5.068
-7.2363253,564.2501,5.014083,5.0680985
-6.7729683,565.13617,5.0162826,5.0682983
-6.3095374,566.02216,5.0184827,5.0684986
-5.846034,566.90814,5.0206823,5.0686984
-5.3824587,567.79407,5.022882,5.068898
-4.9188128,568.67993,5.0251803,5.0690985
-4.4550962,569.5658,5.0275803,5.0692983
-3.9913113,570.4516,5.02998,5.0694985
-3.527458,571.3374,5.03238,5.0696983
-3.0635371,572.22314,5.03478,5.069898
-2.5995502,573.1089,5.03718,5.07
-2.1354978,573.99457,5.03958,5.07
-1.6713809,574.8802,5.04198,5.07
-1.2072004,575.7658,5.0443797,5.07
-0.74295723,576.65137,5.0467796,5.07
-0.27865243,577.5369,5.0491796,5.0700984
0.18571314,578.4224,5.0515795,5.070298
0.6501386,579.3079,5.0539794,5.0704985
1.114623,580.19336,5.0563793,5.0706983
1.5791655,581.0788,5.0587792,5.070898
2.043765,581.9642,5.061179,5.0710983
2.5084207,582.84955,5.063579,5.071298
2.973132,583.73486,5.0659795,5.0714984
3.4378974,584.6202,5.0683794,5.071698
3.9027164,585.50543,5.0707793,5.0718985
4.367588,586.3907,5.0731792,5.072
4.8325114,587.27594,5.075579,5.072
5.297486,588.16113,5.0779796,5.072
5.76251,589.04626,5.0803795,5.072
6.227583,589.93146,5.0827794,5.072
6.6927037,590.8165,5.085081,5.0720983
7.1578717,591.70166,5.087281,5.0722985
7.6230855,592.58673,5.0894814,5.0724983
8.088345,593.47174,5.0916815,5.072698
8.553649,594.35675,5.0938816,5.0728984
9.018995,595.24176,5.09618,5.073098
9.4843855,596.1268,5.09858,5.0732985
9.949817,597.0117,5.10098,5.0734982
10.415288,597.89667,5.10338,5.0736985
10.8808,598.78156,5.10578,5.0738983
11.346351,599.66644,5.10818,5.074
11.811939,600.55133,5.1105804,5.074
12.277564,601.43616,5.1129804,5.074
12.743226,602.321,5.1153803,5.074
13.208922,603.2058,5.1177807,5.074
13.674654,604.09064,5.1201806,5.0740986
14.140418,604.9754,5.122581,5.0742984
14.6062155,605.86017,5.124981,5.074498
15.072043,606.7449,5.127381,5.0746984
15.537903,607.62964,5.1297812,5.0748982
16.003792,608.51434,5.132181,5.0750985
16.46971,609.39905,5.134581,5.0752983
16.935656,610.2837,5.1369815,5.0754986
17.401627,611.1684,5.1393814,5.0756984
17.867626,612.05304,5.141782,5.0758986
18.333649,612.9377,5.1441817,5.076
18.799698,613.8223,5.1465816,5.076
19.265768,614.7069,5.148982,5.076
19.731861,615.59155,5.151382,5.076
20.197977,616.47614,5.153782,5.076
20.664112,617.3607,5.1560836,5.0760984
21.130268,618.2453,5.1582837,5.0762987
21.596443,619.1299,5.160484,5.0764985
22.062634,620.0144,5.162684,5.0766983
22.528843,620.8989,5.164884,5.0768986
22.995068,621.7835,5.1671824,5.0770984
23.461308,622.668,5.169583,5.0772986
23.927563,623.55255,5.171983,5.0774984
24.39383,624.4371,5.1743827,5.0776987
24.86011,625.32153,5.176783,5.0778985
25.3264,626.20605,5.179183,5.078
25.792702,627.0906,5.181583,5.078
26.259012,627.97504,5.183983,5.078
26.725332,628.85956,5.1863832,5.078
27.19166,629.744,5.188783,5.078
27.657995,630.6285,5.191183,5.078099
28.124334,631.513,5.193583,5.0782986
28.590681,632.39746,5.1959834,5.0784984
29.05703,633.2819,5.1983833,5.0786986
29.523384,634.1664,5.2007833,5.0788984
29.989738,635.05084,5.203183,5.0790987
30.456095,635.9353,5.205583,5.0792985
30.922453,636.81976,5.207983,5.079499
31.38881,637.7042,5.2103834,5.0796986
31.855164,638.58875,5.2127833,5.079899
32.321518,639.4732,5.2151833,5.08
32.78787,640.35767,5.217583,5.08
33.25421,641.2421,5.219983,5.08
33.720554,642.1266,5.222383,5.08
34.18689,643.0111,5.224783,5.08
34.653217,643.89557,5.227084,5.0800986
35.119537,644.78,5.2292843,5.0802984
35.585846,645.66455,5.231484,5.0804987
36.052147,646.549,5.233684,5.0806985
36.51844,647.43353,5.235884,5.080899
36.984722,648.31805,5.2381825,5.0810986
37.450993,649.2026,5.2405825,5.0812984
37.917248,650.0871,5.242982,5.0814986
38.38348,650.9716,5.245382,5.0816984
38.849693,651.85614,5.2477818,5.0818987
39.315884,652.7407,5.2501817,5.082
39.78204,653.6253,5.2525816,5.082
40.248165,654.5099,5.254981,5.082
40.714252,655.3945,5.257381,5.082
41.180298,656.2791,5.259781,5.082
41.646297,657.16376,5.262181,5.0820985
42.112244,658.04846,5.2645802,5.0822983
42.578136,658.93317,5.26698,5.0824986
43.043972,659.81793,5.26938,5.0826983
43.509743,660.7027,5.2717795,5.082898
43.97545,661.58746,5.2741795,5.0830984
44.441086,662.47235,5.2765794,5.083298
44.906647,663.35724,5.278979,5.0834985
45.372128,664.2421,5.2813787,5.0836983
45.83753,665.12714,5.283778,5.083898
46.302837,666.01215,5.286178,5.084
46.76806,666.8972,5.2885776,5.084
47.233185,667.7823,5.2909775,5.084
47.69821,668.6675,5.293377,5.084
48.163136,669.55273,5.295777,5.084
48.627953,670.438,5.298078,5.084098
49.092655,671.3233,5.300278,5.084298
49.557243,672.20874,5.302478,5.084498
50.021713,673.0942,5.3046775,5.0846977
50.486057,673.9797,5.306877,5.084898
50.950275,674.8653,5.3091745,5.085098
51.414364,675.751,5.311574,5.085298
51.87831,676.63666,5.3139734,5.085498
52.34212,677.52246,5.3163733,5.0856977
52.805786,678.4084,5.318773,5.085898
53.269306,679.2943,5.321172,5.086
53.73267,680.18036,5.3235717,5.086
54.195877,681.06647,5.3259716,5.086
54.658928,681.9527,5.328371,5.086
55.12181,682.839,5.3307705,5.086
55.584526,683.72534,5.33317,5.0860977
56.047066,684.6118,5.3355694,5.0862975
56.509434,685.4984,5.337969,5.0864973
56.97162,686.385,5.3403683,5.0866976
57.433617,687.2718,5.342768,5.0868974
57.895428,688.1586,5.3451676,5.087
58.357044,689.0456,5.347567,5.087
58.818462,689.9326,5.3499665,5.087
59.27968,690.8198,5.352366,5.087
59.740692,691.7071,5.3547654,5.087
60.201496,692.5944,5.357165,5.087097
60.662083,693.48193,5.359564,5.087297
61.122456,694.3695,5.3619633,5.0874968
61.582603,695.2572,5.3643627,5.087697
62.042526,696.1451,5.366762,5.087897
62.502216,697.033,5.369065,5.0880966
62.961674,697.9211,5.3712645,5.088297
63.42089,698.80927,5.3734636,5.0884967
63.879868,699.6976,5.3756633,5.0886965
64.3386,700.58606,5.3778625,5.0888968
64.79708,701.4746,5.3801584,5.089
65.25531,702.36334,5.382558,5.089
65.71329,703.25214,5.384957,5.089
66.17098,704.1411,5.3873563,5.089
66.62841,705.0303,5.3897557,5.089
67.085556,705.9195,5.3921547,5.089096
67.54243,706.8089,5.394554,5.0892963
67.999016,707.6985,5.396953,5.089496
68.45534,708.58813,5.3993526,5.089696
68.9114,709.47797,5.4017515,5.089896
69.36721,710.3679,5.3969574,5.0940285
69.82284,711.25793,5.3843617,5.1024256
70.2784,712.148,5.3717656,5.110823
70.734,713.0381,5.3591695,5.1192203
71.18978,713.92804,5.3465734,5.127618
71.64585,714.8179,5.3323507,5.136972
72.10233,715.70746,5.316354,5.1473703
72.55933,716.5968,5.3003564,5.1577682
73.01697,717.48584,5.284359,5.1681666
73.47535,718.37445,5.2683616,5.178565
73.93458,719.26263,5.2522664,5.188965
74.394775,720.1503,5.236065,5.199366
74.85605,721.0375,5.219863,5.209767
75.31851,721.92395,5.203661,5.220168
75.78229,722.8098,5.187459,5.2305694
76.247475,723.6949,5.171637,5.241451
76.71419,724.57916,5.1562295,5.2528563
77.18255,725.4625,5.140822,5.2642617
77.65266,726.34503,5.1254144,5.275667
78.12463,727.2265,5.1100073,5.2870727
78.59859,728.10693,5.094597,5.29848
79.07463,728.9862,5.0791836,5.30989
79.552864,729.8643,5.0637703,5.3213
80.0334,730.74115,5.048357,5.33271
80.516335,731.6167,5.032944,5.3441195
81.001785,732.49084,5.017626,5.3556275
81.48986,733.3635,5.0024085,5.367241
81.980675,734.2346,4.9871917,5.378854
82.47435,735.1041,4.9719744,5.3904667
82.97101,735.9719,4.956757,5.40208
83.47077,736.838,4.9568524,5.399657
83.97371,737.70215,4.9728713,5.382637
84.47989,738.56445,4.9888897,5.3656173
84.98934,739.4248,5.004908,5.3485975
85.50212,740.2832,5.0209265,5.3315783
86.01827,741.1396,5.0402193,5.3115826
86.53777,741.9939,5.062839,5.2885623
87.06052,742.84625,5.0854588,5.265542
87.58641,743.69666,5.1080785,5.2425222
88.11536,744.5452,5.130698,5.219502
88.64726,745.39185,5.151811,5.19909
89.18203,746.23676,5.1714196,5.1812825
89.719604,747.07983,5.1910276,5.1634746
90.2599,747.92114,5.210636,5.145667
90.80286,748.7608,5.2302446,5.1278596
91.34839,749.59875,5.241407,5.1239243
91.89644,750.43506,5.244207,5.1337233
92.446915,751.2697,5.2470064,5.1435227
92.999756,752.1029,5.2498064,5.153322
93.554886,752.9345,5.252606,5.1631217
94.11222,753.76465,5.2554054,5.173019
94.671684,754.5934,5.258204,5.183014
95.233215,755.4207,5.2610025,5.193009
95.79674,756.24664,5.263801,5.2030034
96.362175,757.0713,5.2665997,5.2129984
96.92945,757.8947,5.2672014,5.222992
97.498505,758.71686,5.2656026,5.232983
98.06927,759.53784,5.264004,5.2429748
98.64167,760.35767,5.2624054,5.2529664
99.215645,761.1764,5.2608066,5.262958
99.79113,761.9941,5.2555456,5.273147
100.36805,762.8107,5.2465544,5.2835374
100.94632,763.62646,5.237563,5.293927
101.525856,764.4412,5.228572,5.304317
102.10658,765.2552,5.21958,5.3147073
102.6884,766.06836,5.2105885,5.3250976
103.271286,766.8808,5.2015963,5.335489
103.85525,767.69244,5.1926036,5.34588
104.44029,768.5033,5.1836114,5.3562713
105.02643,769.31335,5.174619,5.3666625
105.61367,770.1226,5.1670833,5.374139
106.20207,770.931,5.1610866,5.3785367
106.79172,771.7386,5.15509,5.382934
107.3827,772.5451,5.1490927,5.387332
107.97511,773.3506,5.143096,5.39173
108.56904,774.15497,5.141258,5.387809
109.16457,774.9582,5.1438575,5.37501
109.76177,775.76013,5.146457,5.362211
110.36072,776.5608,5.149057,5.3494124
110.96149,777.36005,5.1516566,5.336613
111.56414,778.1579,5.154257,5.3238115
112.16875,778.9543,5.156858,5.311007
112.7754,779.7491,5.159459,5.298202
113.384155,780.5423,5.16206,5.285397
113.9951,781.33386,5.164661,5.2725925
114.60831,782.1236,5.1672626,5.259785
115.22385,782.91156,5.1698647,5.246975
115.84179,783.6977,5.1724663,5.2341647
116.46221,784.4818,5.1750684,5.221355
117.085175,785.2639,5.1776705,5.2085447
117.71075,786.0439,5.1699915,5.2042522
118.33901,786.8218,5.151572,5.208857
118.97003,787.59735,5.133153,5.213462
119.60387,788.37067,5.1147337,5.2180667
120.24059,789.14166,5.096315,5.2226715
120.88028,789.9101,5.077698,5.227375
121.52299,790.6761,5.058879,5.2321796
122.16878,791.43945,5.04006,5.2369847
122.81771,792.20013,5.021241,5.2417893
123.46986,792.95807,5.0024223,5.2465944
124.125275,793.7132,4.9836073,5.251398
124.78402,794.4654,4.964796,5.256201
125.44616,795.21466,4.945985,5.261004
126.111755,795.9608,4.9271736,5.2658067
126.780876,796.7038,4.9083624,5.2706094
127.453575,797.44354,4.893976,5.2728996
128.12991,798.18,4.883975,5.2726994
128.80992,798.913,4.8739734,5.2724996
129.49367,799.6426,4.863972,5.2722993
130.18117,800.3686,4.8539705,5.2720995
130.87248,801.091,4.8818865,5.2496734
131.56767,801.8097,4.9472675,5.205286
132.26685,802.5245,5.0126486,5.160899
132.97006,803.2353,5.0780296,5.1165123
133.67744,803.94196,5.1434107,5.072125
134.38907,804.64435,5.1793075,5.046693
135.1049,805.34247,5.185901,5.0400987
135.82484,806.0363,5.1924953,5.0335045
136.5488,806.726,5.1990895,5.0269103
137.27663,807.41156,5.2056837,5.020316
138.00821,808.09314,5.2122784,5.0137215
138.7427,808.7716,5.218874,5.0071263
139.47864,809.4485,5.225469,5.000531
140.2145,810.1254,5.2320642,4.993936
140.94875,810.80414,5.238659,4.987341
141.67986,811.48627,5.2451673,4.980635
142.40634,812.1733,5.251586,4.973815
143.1267,812.8667,5.2580047,4.966995
143.83937,813.568,5.264424,4.960175
144.5428,814.2786,5.270842,4.9533553
145.23532,814.9998,5.2688913,4.944483
145.91524,815.733,5.2588344,4.933621
146.58067,816.47925,5.2487764,4.9227586
147.22974,817.2398,5.2387176,4.911895
147.86035,818.0157,5.2286572,4.90103
148.47046,818.80786,5.2088523,4.899223
149.05887,819.6162,5.18065,4.9052234
149.62524,820.4402,5.152452,4.911223
150.16928,821.2791,5.1242566,4.917222
150.69067,822.13226,5.096062,4.9232206
151.18913,822.999,5.073279,4.945228
151.66434,823.8787,5.0551667,4.9810543
152.11601,824.77075,5.037054,5.016882
152.54385,825.67444,5.0189414,5.0527096
152.94757,826.5892,5.0008287,5.0885367
153.32687,827.5143,4.993532,5.0966024
153.68135,828.44916,4.9965215,5.078269
154.0104,829.3933,4.999511,5.0599346
154.31349,830.3461,5.0025,5.0416
154.59,831.307,5.0054893,5.023266
154.83932,832.27527,5.0086856,4.9970455
155.06113,833.25024,5.012093,4.9627676
155.25528,834.231,5.015501,4.92849
155.42166,835.217,5.018909,4.8942113
155.56015,836.20715,5.022317,4.8599296
155.67064,837.2009,5.0252213,4.8441195
155.75371,838.1973,5.0276337,4.8463306
155.8106,839.19556,5.030046,4.848542
155.8426,840.1949,5.0324583,4.8507533
155.85104,841.1947,5.03487,4.8529644
155.83719,842.1945,5.031742,4.858045
155.80222,843.1937,5.023733,4.8656535
155.74728,844.19214,5.0157237,4.8732624
155.67351,845.1893,5.0077143,4.8808713
155.58202,846.18494,4.999705,4.88848
155.47394,847.17896,4.966809,4.876653
155.35033,848.17114,4.9124937,4.848098
155.21222,849.16144,4.8581777,4.819542
155.06062,850.1498,4.8038626,4.7909865
154.89658,851.1361,4.749548,4.7624316
154.72108,852.1205,4.734909,4.760968
154.53502,853.1029,4.7555065,4.783565
154.33916,854.0834,4.776104,4.806163
154.13426,855.0621,4.796702,4.82876
153.9211,856.03894,4.8172994,4.851358
153.70041,857.01416,4.8291163,4.86782
153.47298,857.98785,4.8331165,4.878821
153.23953,858.9601,4.8371167,4.8898215
153.00084,859.9311,4.841117,4.900822
152.75764,860.90094,4.8451176,4.911823
152.5107,861.8698,4.84573,4.9141426
152.26082,862.838,4.843331,4.9087443
152.00882,863.8056,4.8409314,4.903346
151.7556,864.7729,4.8385324,4.8979483
151.50198,865.7401,4.8361335,4.89255
151.24883,866.7074,4.833734,4.8871517
150.99664,867.6749,4.831335,4.881754
150.74571,868.6428,4.828936,4.876356
150.49628,869.6111,4.826537,4.870958
150.24858,870.57983,4.8241377,4.86556
150.00285,871.5491,4.8217387,4.8602667
149.7591,872.51874,4.819339,4.8550677
149.51704,873.4889,4.8169394,4.849869
149.27647,874.4594,4.81454,4.8446703
149.03711,875.43024,4.8121405,4.8394713
148.79872,876.4013,4.809741,4.8341675
148.56108,877.3725,4.807341,4.828768
148.32404,878.34393,4.8049417,4.8233685
148.08743,879.31537,4.802542,4.8179693
147.8511,880.2869,4.8001423,4.81257
147.61488,881.25854,4.7977424,4.807171
147.37866,882.2301,4.795343,4.801771
147.14229,883.20166,4.792943,4.7963715
146.90567,884.17316,4.790543,4.790972
146.66869,885.14453,4.788143,4.7855725
146.4312,886.1158,4.785848,4.780173
146.1932,887.087,4.7836485,4.774773
145.95471,888.058,4.7814484,4.7693734
145.71576,889.0289,4.7792487,4.7639737
145.4764,889.9997,4.7770486,4.758574
145.23665,890.9704,4.774744,4.7531743
144.99652,891.94104,4.772344,4.747774
144.75606,892.91156,4.769944,4.7423744
144.51524,893.882,4.7675443,4.7369742
144.2741,894.8524,4.7651443,4.7315745
144.03262,895.8227,4.7627444,4.7261744
143.79083,896.7929,4.760344,4.7207747
143.54874,897.76306,4.757944,4.7153745
143.30637,898.7331,4.755544,4.709975
143.06372,899.7031,4.7531443,4.7045746
142.82083,900.67303,4.7507443,4.699175
142.5777,901.6429,4.7483444,4.6937747
142.33435,902.61273,4.7459445,4.6883745
142.09077,903.5825,4.743544,4.6829743
141.84702,904.55225,4.741144,4.6775746
141.60309,905.5219,4.7387443,4.6722794
141.35898,906.4915,4.7363443,4.667079
141.11472,907.4611,4.7339444,4.661879
140.87032,908.43066,4.731544,4.656679
140.6258,909.4002,4.729144,4.651479
140.38116,910.3697,4.726744,4.6461744
140.13644,911.3392,4.7243443,4.6407743
139.89163,912.3086,4.7219443,4.635374
139.64676,913.2781,4.719544,4.6299744
139.40184,914.2475,4.717144,4.624574
139.15688,915.2169,4.714744,4.619174
138.91188,916.1863,4.712344,4.6137743
138.66689,917.1557,4.7099442,4.608374
138.42189,918.1251,4.7075443,4.6029744
138.17693,919.09454,4.705144,4.597574
137.93199,920.06396,4.702849,4.5921745
137.68709,921.0334,4.700649,4.5867743
137.44226,922.0028,4.6984487,4.5813746
137.19751,922.9723,4.696249,4.5759745
136.95285,923.9418,4.694049,4.5705748
136.7083,924.9113,4.6917443,4.565175
136.46385,925.88086,4.6893444,4.559775
136.21956,926.8504,4.6869445,4.554375
135.9754,927.82007,4.6845446,4.5489755
135.73141,928.7897,4.6821446,4.543576
135.4876,929.7594,4.6797447,4.5381756
135.24397,930.7291,4.677345,4.5327764
135.00055,931.699,4.674945,4.5273767
134.75734,932.6688,4.6725454,4.521977
134.51437,933.63873,4.6701455,4.5165772
134.27167,934.6087,4.6677456,4.5111775
134.0292,935.57874,4.6653457,4.505778
133.78702,936.5489,4.6629457,4.5003786
133.54514,937.51904,4.6605463,4.494979
133.30356,938.4893,4.6581464,4.489579
133.0623,939.45966,4.6557465,4.48418
132.82137,940.43005,4.653347,4.4787807
132.5808,941.4006,4.650947,4.473381
132.34058,942.3712,4.6485476,4.467982
132.10074,943.34186,4.6461477,4.4625826
131.86128,944.3127,4.6437483,4.457288
131.62222,945.28357,4.6413484,4.4520884
131.38359,946.2546,4.638949,4.4468894
131.1454,947.22565,4.6365495,4.4416904
130.90767,948.1969,4.63415,4.4364915
130.67044,949.1682,4.6318545,4.431188
130.43369,950.13965,4.629655,4.4257894
130.19736,951.1112,4.627455,4.4203906
129.96141,952.0829,4.625256,4.414992
129.7258,953.05457,4.6230564,4.409593
129.49046,954.02637,4.6207533,4.4041944
129.25537,954.9982,4.618354,4.398796
129.02042,955.97015,4.6159544,4.3933973
128.78557,956.942,4.613555,4.387999
128.55074,957.91394,4.611156,4.3826003
128.31584,958.88586,4.6087565,4.377202
128.08084,959.8577,4.606357,4.3718038
127.84566,960.8296,4.603958,4.3664055
127.61023,961.80133,4.6015587,4.361007
127.3745,962.7731,4.5991592,4.3556085
127.13838,963.7446,4.5967603,4.35021
126.90184,964.7161,4.594361,4.344812
126.664795,965.68756,4.5919614,4.3394136
126.42718,966.65875,4.5895624,4.3340154
126.188934,967.6299,4.587163,4.328617
125.95,968.60077,4.584764,4.323219
125.7103,969.57153,4.5823646,4.31782
125.469765,970.54205,4.579965,4.312422
125.22835,971.5123,4.577566,4.3070235
124.98596,972.4824,4.5751667,4.3016253
124.74256,973.4522,4.5727673,4.296227
124.49807,974.42175,4.5703683,4.2908287
124.25243,975.391,4.567969,4.28543
124.005585,976.3599,4.56557,4.2800317
123.75747,977.32855,4.5631704,4.2746334
123.508026,978.2968,4.560771,4.2693377
123.25718,979.2647,4.558372,4.2641397
123.00486,980.23224,4.555973,4.258941
122.750984,981.19934,4.5535736,4.253743
122.49547,982.166,4.5511746,4.2485447
122.23826,983.13226,4.5488772,4.2432446
121.9795,984.0981,4.546678,4.237847
121.71957,985.0636,4.544479,4.2324486
121.45883,986.0289,4.5422797,4.227051
121.19766,986.9941,4.5400805,4.2216525
120.936455,987.9592,4.5377793,4.2162538
120.67558,988.9245,4.5353794,4.2108536
120.41545,989.88995,4.532979,4.2054534
120.15645,990.8557,4.530579,4.2000527
119.89899,991.82184,4.528179,4.1946526
119.64346,992.7886,4.525778,4.18925
119.39027,993.75586,4.5233755,4.183845
119.13981,994.7239,4.520973,4.17844
118.89247,995.6927,4.518571,4.173035
118.648674,996.66235,4.516169,4.16763
118.40881,997.63306,4.4997725,4.1699386
118.17329,998.6048,4.4701138,4.179558
117.9425,999.5777,4.440455,4.1891766
117.71687,1000.55176,4.410796,4.198796
117.4968,1001.52716,4.3811374,4.208415
117.282715,1002.50385,4.3410816,4.223808
117.07501,1003.48193,4.2915564,4.2444606
116.87411,1004.4614,4.2420306,4.265113
116.68042,1005.4424,4.192505,4.285765
116.49438,1006.4248,4.1429796,4.3064175
116.316376,1007.4087,4.1018534,4.322657
116.14684,1008.3941,4.0679984,4.3350773
115.986176,1009.381,4.0341434,4.3474975
115.83476,1010.3693,4.0002885,4.3599176
115.69302,1011.35913,3.9664335,4.372338
115.56135,1012.3503,3.9486105,4.3973327
115.44015,1013.3428,3.9442194,4.432862
115.32983,1014.33655,3.9398282,4.4683905
115.23079,1015.33154,3.935437,4.503919
115.14345,1016.3276,3.9310458,4.5394473
115.06821,1017.32465,3.9397247,4.5424085
115.00566,1018.3226,3.959805,4.51696
114.95658,1019.3212,3.9798853,4.4915113
114.92173,1020.3205,3.9999661,4.4660625
114.90188,1021.3202,4.020047,4.4406137
114.8978,1022.32007,4.074971,4.4025464
114.91026,1023.3198,4.164137,4.352079
114.94007,1024.3192,4.253302,4.301612
114.98804,1025.318,4.342466,4.251146
115.05494,1026.3157,4.431626,4.2006817
115.14159,1027.3118,4.5168657,4.138983
115.24889,1028.3058,4.598045,4.06564
115.37792,1029.2974,4.6792254,3.9922962
115.52974,1030.2856,4.7604117,3.9189472
115.70541,1031.2699,4.841601,3.8455956
115.90593,1032.2494,4.836914,3.8786242
116.13172,1033.2235,4.75127,4.0119386
116.38265,1034.1913,4.665631,4.145244
116.65856,1035.1523,4.579993,4.278549
116.95929,1036.106,4.4943495,4.4118614
117.28467,1037.0514,4.411633,4.5262823
117.63404,1037.9882,4.3311815,4.6260905
118.00635,1038.9161,4.2507324,4.725896
118.40052,1039.8351,4.1702876,4.825696
118.815544,1040.7448,4.0898433,4.9254956
119.25042,1041.645,4.0647883,4.9648786
119.70429,1042.536,4.0760245,4.9646783
120.17639,1043.4174,4.0872617,4.9644775
120.66598,1044.2892,4.0984983,4.964277
121.17232,1045.1514,4.109735,4.964076
121.6947,1046.0039,4.147403,4.894587
122.232445,1046.8469,4.201237,4.782715
122.7849,1047.6803,4.255072,4.670843
123.35142,1048.5042,4.308905,4.558974
123.93137,1049.3187,4.362738,4.4471054
124.52418,1050.1239,4.3787484,4.363361
125.12944,1050.9197,4.371931,4.296589
125.74695,1051.7062,4.3651133,4.2298155
126.376465,1052.4829,4.3582954,4.1630416
127.01777,1053.2501,4.3514776,4.096267
127.67065,1054.0074,4.346571,4.0741735
128.33487,1054.7548,4.3427553,4.077587
129.01021,1055.4921,4.3389397,4.0810013
129.69644,1056.2194,4.335124,4.0844154
130.39333,1056.9363,4.3313084,4.087829
131.10066,1057.6431,4.3110027,4.055491
131.8182,1058.3394,4.282091,4.0044937
132.54575,1059.0253,4.253179,3.9534967
133.28305,1059.7007,4.2242675,3.9024997
134.02989,1060.3655,4.195356,3.8515027
134.78607,1061.0197,4.1743374,3.877039
135.55135,1061.6631,4.157096,3.93919
136.32553,1062.2959,4.139854,4.001341
137.10838,1062.918,4.122612,4.063492
137.8997,1063.529,4.10537,4.125643
138.6993,1064.1295,4.0756183,4.1629076
139.50694,1064.7189,4.040208,4.1889153
140.32243,1065.2975,4.0047975,4.214923
141.14558,1065.8651,3.9693868,4.2409306
141.9762,1066.4218,3.9339764,4.266938
142.81406,1066.9674,3.9400766,4.276928
143.65901,1067.502,3.9648244,4.279722
144.51083,1068.0256,3.9895723,4.282516
145.36934,1068.5381,4.01432,4.2853103
146.23438,1069.0397,4.0390677,4.2881045
147.10571,1069.53,4.076225,4.259234
147.98322,1070.0094,4.119235,4.2154274
148.8667,1070.4775,4.1622453,4.1716204
149.75603,1070.9346,4.2052555,4.127814
150.65102,1071.3804,4.2482653,4.0840077
151.55151,1071.815,4.274767,4.0625935
152.45743,1072.2382,4.2926655,4.052849
153.36868,1072.6498,4.3105645,4.0431037
154.28517,1073.0494,4.3284636,4.0333586
155.20683,1073.4371,4.3463626,4.0236135
156.13356,1073.8125,4.3199215,4.0391707
157.06526,1074.1754,4.267347,4.06964
158.00183,1074.5256,4.214772,4.100109
158.94315,1074.8628,4.162198,4.1305785
159.8891,1075.1866,4.1096234,4.1610475
160.83957,1075.4971,4.0801353,4.1978946
161.79442,1075.7937,4.0655484,4.2388577
162.75352,1076.0764,4.0509615,4.279821
163.71672,1076.3447,4.0363746,4.320784
164.68388,1076.5984,4.0217876,4.3617473
165.65482,1076.8373,4.017937,4.3809056
166.62936,1077.0608,4.021148,4.3857226
167.60733,1077.269,4.0243597,4.390539
168.58853,1077.4613,4.0275707,4.395356
169.57275,1077.6376,4.0307817,4.4001727
170.55978,1077.7974,4.0553904,4.375733
171.54938,1077.9403,4.093076,4.3334117
172.54128,1078.0664,4.1307626,4.2910905
173.53522,1078.175,4.1684484,4.2487693
174.53094,1078.2661,4.206134,4.2064486
175.52814,1078.3392,4.234699,4.164993
176.5265,1078.394,4.2585354,4.1239862
177.52573,1078.4303,4.2823715,4.082979
178.52544,1078.4476,4.3062086,4.0419717
179.52531,1078.4458,4.330045,4.000964
180.52495,1078.4243,4.319135,3.9879997
181.52397,1078.3832,4.2939115,3.986587
182.52199,1078.3224,4.268688,3.9851747
183.51862,1078.2418,4.2434645,3.983762
184.51344,1078.1415,4.2182403,3.9823494
185.50609,1078.0216,4.2015624,3.9885044
186.49619,1077.8821,4.187694,3.9971473
187.48341,1077.7236,4.1738257,4.0057898
188.4675,1077.5466,4.1599574,4.0144324
189.44812,1077.3513,4.1460896,4.0230746
190.42502,1077.1383,4.066242,4.1104765
191.39796,1076.9078,3.9674828,4.220454
192.36667,1076.6602,3.8687227,4.3304324
193.33092,1076.3956,3.7699633,4.44041
194.29047,1076.1145,3.6712043,4.550387
195.24512,1075.8173,3.68159,4.5309367
196.19464,1075.5039,3.7218177,4.476099
197.13878,1075.1747,3.7620456,4.421261
198.07732,1074.83,3.8022745,4.366422
199.01004,1074.4697,3.8425043,4.3115816
199.93675,1074.0942,3.8907058,4.3143954
200.85738,1073.7041,3.9410415,4.3326445
201.77199,1073.3,3.9913764,4.3508935
202.68066,1072.8828,4.0417104,4.369142
203.5835,1072.4531,4.092045,4.3873906
204.48064,1072.0117,4.102804,4.417222
205.37228,1071.5592,4.103807,4.44991
206.25871,1071.0967,4.1048098,4.482598
207.14021,1070.6248,4.1058125,4.5152855
208.0171,1070.1443,4.1068153,4.5479736
208.88971,1069.656,4.107,4.551551
209.75842,1069.161,4.107,4.548548
210.62364,1068.6598,4.107,4.5455456
211.48578,1068.1533,4.107,4.542543
212.34528,1067.6425,4.107,4.5395403
213.20256,1067.1278,4.107164,4.536704
214.05786,1066.6099,4.107364,4.5339046
214.91133,1066.089,4.107564,4.531105
215.76317,1065.5654,4.107764,4.5283055
216.61351,1065.0394,4.107964,4.525506
217.46252,1064.5112,4.108,4.5225425
218.31021,1063.981,4.108,4.5195436
219.15654,1063.4485,4.108,4.5165443
220.00142,1062.9138,4.108,4.5135455
220.84483,1062.3767,4.108,4.510546
221.68672,1061.8373,4.1081634,4.5077105
222.52707,1061.2954,4.1083636,4.5049114
223.36586,1060.7512,4.1085634,4.5021124
224.20313,1060.2046,4.108763,4.4993134
225.03885,1059.6556,4.1089635,4.4965143
225.87302,1059.1044,4.109,4.4935517
226.70563,1058.5508,4.109,4.4905524
227.53665,1057.9948,4.109,4.4875536
228.3661,1057.4364,4.109,4.4845543
229.19394,1056.8756,4.109,4.481555
230.02017,1056.3125,4.109163,4.4785557
230.84476,1055.747,4.109363,4.4755564
231.6677,1055.179,4.109563,4.4725566
232.48898,1054.6086,4.1097627,4.4695573
233.3086,1054.036,4.109963,4.466558
234.12653,1053.4608,4.105116,4.466814
234.94276,1052.8833,4.099116,4.467814
235.7573,1052.3035,4.0931163,4.468814
236.5701,1051.7211,4.0871162,4.469814
237.38116,1051.1364,4.081116,4.4708138
238.19049,1050.5492,4.0715337,4.473931
238.99805,1049.9596,4.061132,4.4775314
239.80382,1049.3676,4.05073,4.481132
240.6078,1048.7731,4.0403285,4.4847326
241.40997,1048.1761,4.029927,4.488333
242.21034,1047.5768,4.019686,4.4919343
243.00887,1046.9751,4.009482,4.495536
243.80553,1046.3708,3.999278,4.499137
244.60034,1045.7642,3.989074,4.5027385
245.39328,1045.155,3.9788702,4.50634
246.18433,1044.5435,3.9730773,4.509615
246.97346,1043.9294,3.9682744,4.5128174
247.76068,1043.313,3.9634712,4.5160193
248.54596,1042.694,3.9586682,4.5192213
249.32928,1042.0726,3.9538653,4.5224233
250.11064,1041.4487,3.9585798,4.5254617
250.89003,1040.8224,3.9653857,4.5284643
251.66742,1040.1935,3.9721916,4.531467
252.4428,1039.5621,3.9789972,4.5344696
253.21614,1038.9283,3.9858031,4.537472
253.98744,1038.2921,3.9926102,4.540475
254.75668,1037.6533,3.9994178,4.5434785
255.52386,1037.0121,4.006225,4.5464816
256.28894,1036.3683,4.0130324,4.5494847
257.05194,1035.722,4.01984,4.5524883
257.8128,1035.0734,4.030303,4.549013
258.5715,1034.4221,4.0415173,4.5442066
259.3281,1033.7683,4.052732,4.5394006
260.0825,1033.1122,4.0639462,4.5345945
260.83472,1032.4534,4.0751605,4.5297885
261.58472,1031.7921,4.093074,4.5130935
262.33252,1031.1284,4.1123013,4.494066
263.0781,1030.4622,4.1315293,4.475039
263.8214,1029.7933,4.150757,4.4560113
264.56247,1029.1221,4.1699843,4.436984
265.30124,1028.4484,4.1892138,4.417955
266.03772,1027.772,4.2084436,4.398926
266.77188,1027.0933,4.227673,4.379896
267.5037,1026.4119,4.246903,4.360867
268.23315,1025.728,4.266133,4.3418374
268.96027,1025.0416,4.275818,4.3255353
269.68503,1024.3528,4.28383,4.3097105
270.40747,1023.66156,4.2918425,4.293886
271.12762,1022.96796,4.2998548,4.2780614
271.84555,1022.272,4.3078675,4.262237
272.56128,1021.5737,4.2979946,4.251574
273.2748,1020.8733,4.285177,4.2417607
273.9862,1020.17065,4.27236,4.2319474
274.6955,1019.46594,4.2595425,4.222134
275.4027,1018.7591,4.246725,4.212321
276.1079,1018.05023,4.234085,4.202684
276.81113,1017.3394,4.2214727,4.193074
277.51236,1016.62665,4.2088604,4.183465
278.2117,1015.91205,4.196248,4.1738553
278.90915,1015.19556,4.183635,4.164246
279.60477,1014.4773,4.170854,4.154466
280.29858,1013.7573,4.1580477,4.1446614
280.99063,1013.03564,4.145241,4.134856
281.68097,1012.3123,4.1324344,4.1250515
282.36963,1011.58734,4.119628,4.1152463
283.05664,1010.8609,4.1106677,4.1101594
283.74207,1010.1329,4.1022677,4.105759
284.4259,1009.40344,4.093868,4.1013594
285.10825,1008.67255,4.085468,4.0969596
285.78912,1007.9403,4.0770683,4.0925593
286.46854,1007.2067,4.0728593,4.0937448
287.14658,1006.47186,4.0692616,4.0957437
287.82327,1005.7357,4.0656633,4.0977426
288.49863,1004.9984,4.062065,4.0997415
289.17276,1004.25995,4.058467,4.1017404
289.84564,1003.5203,4.0548706,4.103739
290.51733,1002.77966,4.0512743,4.1057367
291.1879,1002.03796,4.047678,4.1077347
291.85736,1001.2953,4.044081,4.1097326
292.5258,1000.55164,4.040485,4.1117306
293.19318,999.8071,4.03689,4.113728
293.85962,999.0617,4.033295,4.115725
294.52515,998.3155,4.0297,4.117722
295.1898,997.5685,4.026105,4.1197195
295.85358,996.82074,4.02251,4.1217165
296.5166,996.07227,4.018916,4.1238847
297.17886,995.3231,4.015322,4.126081
297.84042,994.5734,4.0117283,4.1282773
298.5013,993.82306,4.0081344,4.1304736
299.16162,993.0722,4.0045404,4.13267
299.82132,992.32086,4.0011163,4.1346965
300.48053,991.56903,3.9977226,4.1366925
301.13922,990.8168,3.9943287,4.138689
301.7975,990.06415,3.9909348,4.140685
302.45535,989.31116,3.9875412,4.1426816
303.11288,988.5579,3.9839795,4.144678
303.7701,987.8043,3.980386,4.146674
304.42706,987.0506,3.9767926,4.1486707
305.0838,986.29663,3.9731991,4.150667
305.7404,985.5425,3.9696057,4.1526637
306.39682,984.78827,3.9660118,4.15466
307.0532,984.034,3.9624176,4.1566567
307.70953,983.27966,3.9588237,4.1586537
308.36588,982.5253,3.9552295,4.1606503
309.02225,981.77106,3.9516354,4.162647
309.6787,981.0169,3.9480405,4.1646442
310.33536,980.2628,3.9444451,4.1666417
310.99216,979.5089,3.9408498,4.168639
311.6492,978.75525,3.9372544,4.170636
312.30655,978.0018,3.9336593,4.1726336
312.96423,977.24866,3.9300625,4.174795
313.62225,976.4958,3.9264653,4.1769934
314.2807,975.74335,3.9228683,4.1791916
314.93954,974.9912,3.9192712,4.18139
315.59885,974.2395,3.9156742,4.183588
316.2586,973.48816,3.9120755,4.1856246
316.91885,972.73724,3.9084764,4.1876245
317.5795,971.9867,3.9048772,4.189624
318.2406,971.2366,3.9012783,4.191623
318.90213,970.4868,3.897679,4.1936226
319.56406,969.73737,3.894241,4.195623
320.22635,968.9883,3.8908403,4.1976233
320.88904,968.23956,3.8874397,4.1996236
321.5521,967.49115,3.884039,4.201624
322.21555,966.74304,3.8806384,4.2036247
322.87933,965.9953,3.877074,4.2056255
323.54346,965.2478,3.873472,4.207627
324.20795,964.5007,3.86987,4.2096276
324.87274,963.75385,3.866268,4.211629
325.53787,963.00726,3.862666,4.21363
326.20334,962.2609,3.859063,4.2156315
326.86908,961.51495,3.85546,4.2176332
327.5351,960.76917,3.851857,4.219635
328.20142,960.0236,3.848254,4.221637
328.868,959.2784,3.844651,4.2236385
329.53485,958.5333,3.8410475,4.2258043
330.20197,957.7885,3.8374438,4.2280064
330.86932,957.04395,3.8338401,4.230209
331.53693,956.29956,3.8302364,4.232411
332.20474,955.5554,3.826633,4.2346134
332.87277,954.8114,3.823029,4.2366505
333.54102,954.0676,3.819425,4.2386527
334.20944,953.32404,3.8158212,4.240655
334.87808,952.58057,3.8122172,4.242657
335.5469,951.8373,3.8086133,4.2446594
336.21588,951.0942,3.8050094,4.2466617
336.885,950.3512,3.8014054,4.2486634
337.55432,949.60834,3.7978015,4.2506657
338.22375,948.86566,3.7941978,4.252668
338.8933,948.12305,3.7905939,4.25467
339.56302,947.38055,3.7871573,4.256672
340.23282,946.6382,3.783754,4.258674
340.9027,945.8959,3.7803507,4.260676
341.57272,945.1537,3.7769473,4.262678
342.24283,944.41156,3.773544,4.26468
342.913,943.6695,3.769973,4.2666817
343.58322,942.92755,3.76637,4.2686834
344.25354,942.1856,3.7627673,4.2706847
344.9239,941.4437,3.7591643,4.2726865
345.59427,940.70184,3.7555616,4.2746882
346.26468,939.96,3.7519596,4.2768583
346.93512,939.2182,3.7483575,4.2790594
347.60556,938.4764,3.7447557,4.2812605
348.27603,937.7346,3.7411537,4.2834616
348.94647,936.9928,3.737552,4.2856627
349.61688,936.251,3.733951,4.287694
350.2873,935.50916,3.7303505,4.2896943
350.95767,934.7673,3.7267501,4.2916946
351.628,934.0253,3.7231495,4.293695
352.29828,933.2834,3.719549,4.295695
352.96848,932.5414,3.7159498,4.2976947
353.63864,931.7993,3.7123508,4.299694
354.30872,931.0572,3.708752,4.3016934
354.97867,930.31494,3.705153,4.303693
355.64853,929.5726,3.7015538,4.305692
356.31827,928.83014,3.6979566,4.3076906
356.98785,928.0876,3.6943595,4.309689
357.65735,927.3449,3.6907628,4.3116875
358.32675,926.6022,3.6871657,4.313686
358.99603,925.8593,3.6835687,4.3156843
359.66525,925.1164,3.6801417,4.3176813
360.3343,924.37335,3.6767466,4.3196783
361.0031,923.63007,3.6733515,4.3216753
361.67154,922.8865,3.6699567,4.323673
362.33957,922.14246,3.6665616,4.32567
363.00705,921.398,3.663002,4.327832
363.67377,920.65283,3.6594095,4.3300276
364.3395,919.9068,3.6558173,4.332223
365.00406,919.1597,3.652225,4.334418
365.6671,918.4113,3.6486328,4.336613
366.32846,917.6614,3.645043,4.3386426
366.98782,916.9097,3.6414535,4.3406367
367.64496,916.15607,3.637864,4.342631
368.29953,915.4002,3.6342747,4.344625
368.9513,914.64197,3.630685,4.346619
369.59998,913.88104,3.627099,4.348612
370.24542,913.11743,3.6235135,4.3506036
370.88766,912.351,3.6199281,4.3525953
371.52658,911.5819,3.6163428,4.354587
372.16217,910.81006,3.612758,4.356579
372.79422,910.0353,3.6091707,4.358572
373.42126,909.2564,3.605583,4.360565
374.0413,908.472,3.601995,4.3625584
374.65213,907.6804,3.5984068,4.3645515
375.2517,906.88025,3.594819,4.366545
375.83768,906.07007,3.5539806,4.39007
376.40704,905.24817,3.5021257,4.419963
376.95636,904.4127,3.4502711,4.4498553
377.482,903.5622,3.3984265,4.4797425
377.98022,902.6953,3.3466172,4.5096087
378.4471,901.8112,3.4128997,4.442059
378.87793,900.90894,3.4995198,4.3577347
379.2673,899.9881,3.5861874,4.2733645
379.60953,899.0487,3.6729264,4.188925
379.89856,898.0917,3.7621808,4.1071734
380.1297,897.119,3.886819,4.0641093
380.30316,896.1344,4.01134,4.0210853
380.42007,895.14154,4.1357803,3.978089
380.48157,894.1436,4.2602096,3.935097
380.4886,893.1439,4.342762,3.899589
380.44278,892.14514,4.2853203,3.889127
380.3474,891.1499,4.2278676,3.8786633
380.20602,890.16016,4.1704297,3.868202
380.0222,889.17737,4.1130056,3.8577433
379.79935,888.2027,4.066823,3.8525827
379.54025,887.23706,4.077933,3.8744195
379.24646,886.2814,4.0890465,3.8962638
378.91922,885.33655,4.1001616,3.9181104
378.55988,884.40356,4.1112757,3.9399555
378.16974,883.483,4.1223884,3.9617977
377.74988,882.57556,4.088324,3.9896457
377.30075,881.68225,4.051627,4.017844
376.82254,880.8042,4.0149255,4.0460467
376.31546,879.94244,3.9782157,4.0742555
375.77975,879.09827,3.9414966,4.102471
375.21582,878.27264,3.9104476,4.1164145
374.62567,877.4655,3.8811083,4.1260605
374.01202,876.67615,3.8517747,4.135704
373.37735,875.9035,3.8224452,4.1453466
372.72412,875.14655,3.793112,4.1549907
372.05466,874.4039,3.7686095,4.1487727
371.37167,873.6736,3.7453737,4.1383777
370.67807,872.9534,3.7221377,4.1279826
369.97665,872.24084,3.6989038,4.1175885
369.2701,871.5333,3.675673,4.107196
368.561,870.82837,3.7241058,4.068117
367.8517,870.12366,3.7818596,4.0253067
367.14447,869.4168,3.8396223,3.9824898
366.44153,868.70575,3.8973982,3.939663
365.74524,867.98816,3.9551885,3.8968253
365.0581,867.2618,3.9784985,3.8914
364.38348,866.5238,3.999374,3.8886168
363.7251,865.7713,4.020241,3.8858345
363.08685,865.0017,4.041085,3.8830554
362.47272,864.2127,4.061884,3.8802822
361.88727,863.40216,4.1370664,3.8441973
361.33804,862.5667,4.2183933,3.8043473
360.83435,861.7031,4.299884,3.764417
360.38687,860.8092,4.381617,3.7243676
360.00726,859.88446,4.4635153,3.6842377
359.70486,858.93164,4.458817,3.7304382
359.47705,857.9583,4.4536176,3.7770271
359.31763,856.9714,4.448432,3.8234906
359.2205,855.9763,4.4432526,3.869895
359.1798,854.97736,4.421029,3.91381
359.18988,853.97766,4.3208566,3.9461951
359.24393,852.9793,4.2205234,3.978632
359.33463,851.9836,4.1201596,4.011079
359.45462,850.99097,4.0198145,4.04352
359.59662,850.0012,3.9312227,4.067542
359.75525,849.014,3.8856335,4.060744
359.92923,848.02936,3.8400333,4.0539436
360.11786,847.0475,3.7944264,4.0471425
360.3204,846.0683,3.7488158,4.040341
360.5361,845.092,3.708553,4.0364537
360.76395,844.1184,3.6878488,4.0432224
361.0023,843.14734,3.6671457,4.0499907
361.24945,842.17847,3.646444,4.0567584
361.50372,841.2115,3.6257436,4.063526
361.76343,840.2459,3.609987,4.0683165
362.027,839.2814,3.615151,4.0647416
362.29306,838.31757,3.6203153,4.0611663
362.5603,837.35406,3.6254795,4.057591
362.82733,836.39044,3.630644,4.0540156
363.09283,835.42645,3.635779,4.0504394
363.35587,834.4618,3.6407542,4.046857
363.61633,833.49646,3.6457293,4.043275
363.87436,832.53046,3.6507044,4.039693
364.13004,831.5638,3.6556797,4.036111
364.38342,830.59656,3.6606824,4.032501
364.63467,829.6287,3.6658685,4.0287113
364.88382,828.6604,3.6710546,4.0249214
365.131,827.6915,3.6762407,4.021132
365.3763,826.7222,3.6814268,4.017342
365.61987,825.75244,3.6866138,4.013575
365.86172,824.7822,3.691809,4.0099783
366.10205,823.81165,3.6970038,4.006382
366.34085,822.84076,3.702199,4.002785
366.5783,821.86945,3.707394,3.999189
366.8145,820.8979,3.7125897,3.9955916
367.04953,819.92596,3.717791,3.9919908
367.28348,818.95386,3.7229927,3.9883897
367.51648,817.9815,3.7281942,3.9847887
367.74863,817.0089,3.7333956,3.9811876
367.97998,816.0362,3.7385976,3.9775631
368.21072,815.0633,3.7438033,3.9737592
368.44092,814.0903,3.7490091,3.969955
368.67062,813.1171,3.7542148,3.9661508
368.90002,812.1439,3.7594204,3.9623466
369.12918,811.17065,3.7646022,3.9585664
369.3582,810.1973,3.7696097,3.954961
369.58716,809.224,3.774617,3.9513557
369.81622,808.25073,3.7796245,3.9477503
370.04547,807.27747,3.784632,3.944145
370.27502,806.3043,3.7896647,3.9405396
370.50497,805.33124,3.7948725,3.9369345
370.73544,804.3582,3.80008,3.933329
370.96643,803.38544,3.8052876,3.929724
371.19812,802.4127,3.8104954,3.9261186
371.4305,801.44025,3.8157027,3.9224865
371.66367,800.4679,3.8209088,3.918682
371.8976,799.4958,3.8261147,3.9148777
372.13223,798.5238,3.8313208,3.9110732
372.36755,797.552,3.8365266,3.907269
372.60352,796.5804,3.8417325,3.903493
372.84006,795.6089,3.8469367,3.89989
373.0772,794.6375,3.8521411,3.896287
373.31488,793.66626,3.8573453,3.892684
373.5531,792.6952,3.8625495,3.889081
373.7918,791.72424,3.8677247,3.8854783
374.031,790.75336,3.8727274,3.8818765
374.27066,789.7826,3.87773,3.8782744
374.51074,788.812,3.8827324,3.8746727
374.75122,787.84143,3.887735,3.8710709
374.99203,786.871,3.892767,3.8674395
375.23325,785.90063,3.897968,3.8636386
375.47473,784.93036,3.9031692,3.8598378
375.71652,783.96014,3.9083705,3.856037
375.95856,782.99,3.9135716,3.852236
376.20084,782.0199,3.9187727,3.8484652
376.44333,781.04987,3.9239724,3.8448653
376.686,780.0799,3.9291723,3.8412652
376.92883,779.1099,3.9343722,3.8376653
377.17178,778.14,3.939572,3.8340654
377.41483,777.1701,3.9447718,3.8304658
377.65796,776.20026,3.9499705,3.8268666
377.90115,775.2304,3.9551692,3.8232675
378.14435,774.2605,3.960368,3.8196685
378.38754,773.29065,3.9655664,3.8160694
378.6307,772.3208,3.970765,3.8124409
378.8738,771.3509,3.9759626,3.8086426
379.11682,770.381,3.9811604,3.8048444
379.3597,769.4111,3.9863582,3.801046
379.60248,768.4411,3.9915557,3.7972476
379.84506,767.4711,3.9967244,3.7934785
380.0875,766.50104,4.0017214,3.7898805
380.32965,765.53094,4.006718,3.7862828
380.5716,764.5607,4.0117154,3.782685
380.81326,763.5905,4.016712,3.779087
381.05463,762.6202,4.0217376,3.775461
381.2957,761.6498,4.0269337,3.771664
381.53638,760.6793,4.03213,3.7678666
381.77667,759.70874,4.037326,3.7640696
382.01657,758.73804,4.042522,3.7602723
382.25604,757.7673,4.047718,3.7565029
382.49506,756.7964,4.0529137,3.7529058
382.73358,755.8254,4.0581093,3.7493088
382.9716,754.8542,4.063305,3.7457118
383.20905,753.88293,4.0685005,3.742115
383.44595,752.9115,4.073696,3.738518
383.68228,751.93994,4.0788913,3.7349215
383.91797,750.96826,4.0840864,3.7313247
384.153,749.9964,4.0892816,3.7277281
384.3874,749.02435,4.0944767,3.7241313
384.62103,748.0522,4.099646,3.720509
384.85394,747.0798,4.104641,3.7167127
385.0861,746.10724,4.1096363,3.7129166
385.31747,745.13446,4.114631,3.7091203
385.5481,744.16156,4.119626,3.7053242
385.77792,743.1884,4.1246457,3.7015529
386.00693,742.21515,4.1298404,3.6979568
386.23508,741.24164,4.1350346,3.6943605
386.46222,740.2679,4.140229,3.6907644
386.6883,739.2939,4.145424,3.6871681
386.9132,738.31964,4.150618,3.683572
387.137,737.3451,4.1558127,3.679976
387.35992,736.37036,4.161007,3.67638
387.5823,735.39557,4.166201,3.6727839
387.80444,734.42065,4.1713953,3.6691878
388.0267,733.4458,4.17659,3.6655688
388.24945,732.471,4.181787,3.6617708
388.47318,731.49646,4.186984,3.657973
388.6985,730.52234,4.192181,3.6541753
388.92596,729.54865,4.197378,3.6503773
389.15613,728.5756,4.202576,3.6466012
389.38956,727.60333,4.20778,3.6429985
389.62674,726.632,4.2129836,3.639396
389.8682,725.66174,4.2181873,3.6357932
390.11444,724.6926,4.2233915,3.6321907
390.366,723.7249,4.228573,3.6285875
390.62332,722.7587,4.233584,3.6249797
390.887,721.7942,4.2385945,3.621372
391.15747,720.8316,4.243605,3.6177642
391.43527,719.8711,4.248616,3.6141565
391.72092,718.9129,4.2538285,3.6112008
392.01498,717.9572,4.2604513,3.6128063
392.31808,717.0044,4.267074,3.6144118
392.63095,716.0547,4.273697,3.6160173
392.95425,715.1085,4.2803197,3.617623
393.28864,714.16626,4.2862577,3.6245296
393.6348,713.2282,4.2880692,3.6633756
393.99338,712.2948,4.2898808,3.7022207
394.365,711.3666,4.2916923,3.741066
394.75027,710.4439,4.2935038,3.7799108
395.14984,709.52734,4.283395,3.8171542
395.56427,708.6174,4.2166495,3.846796
395.9943,707.7147,4.1499057,3.8764377
396.4405,706.81995,4.0831604,3.9060798
396.90356,705.9338,4.016413,3.9357228
397.38412,705.05695,3.9717243,3.9741035
397.8825,704.1901,4.007695,4.044438
398.39877,703.33386,4.043665,4.114769
398.9328,702.4885,4.079634,4.1851
399.48456,701.65466,4.1156044,4.2554336
400.0539,700.83276,4.146565,4.306243
400.6406,700.02313,4.161517,4.29468
401.24393,699.22577,4.1764693,4.2831173
401.86316,698.44073,4.1914206,4.2715545
402.4976,697.6679,4.206372,4.2599926
403.14655,696.9073,4.20496,4.256595
403.80942,696.1587,4.1462827,4.2817707
404.48575,695.4223,4.0876036,4.306947
405.1751,694.69806,4.0289235,4.332124
405.8771,693.986,3.9702415,4.3573017
406.59128,693.28625,3.9240098,4.3757787
407.31726,692.5987,3.9353054,4.363294
408.05457,691.92334,3.946601,4.3508096
408.8028,691.2601,3.957896,4.3383255
409.5615,690.6089,3.9691906,4.325842
410.3303,689.96954,3.9879131,4.307188
411.10895,689.34235,4.0557203,4.2477565
411.89777,688.72784,4.1235304,4.1883235
412.697,688.1271,4.191344,4.128887
413.50696,687.5408,4.259159,4.069449
414.32788,686.97,4.3240557,4.011778
415.15997,686.4156,4.3670607,3.96736
416.0035,685.8788,4.4100633,3.9229443
416.8587,685.3607,4.453065,3.8785293
417.72568,684.8627,4.496063,3.834118
418.60452,684.3858,4.518204,3.7994778
419.49524,683.9316,4.4341354,3.8145776
420.39795,683.50165,4.350068,3.829677
421.3126,683.0978,4.2659864,3.844779
422.23904,682.72174,4.181888,3.8598843
423.17703,682.37555,4.1121273,3.8846421
424.1258,682.06006,4.0823298,3.9362783
425.08398,681.7744,4.0525374,3.987904
426.05026,681.51746,4.0227504,4.0395217
427.0234,681.288,3.9929626,4.0911403
428.00244,681.0849,3.9742923,4.1249495
428.9862,680.9063,3.975096,4.127562
429.97372,680.74963,3.9759,4.1301746
430.96408,680.61206,3.9767036,4.1327868
431.95657,680.4908,3.9775074,4.135399
432.95062,680.38293,3.9782298,4.1379957
433.9458,680.286,3.9788234,4.140568
434.9418,680.1978,3.979417,4.1431403
435.93832,680.11615,3.9800105,4.145713
436.93524,680.0389,3.9806042,4.148285
437.93228,679.96375,3.9812624,4.1508527
438.92935,679.8887,3.98205,4.1534123
439.92624,679.8114,3.9828374,4.1559715
440.9228,679.72986,3.983625,4.158531
441.9188,679.6419,3.9844127,4.161091
442.914,679.54535,3.9851508,4.1636534
443.90823,679.4391,3.9857442,4.166225
444.90146,679.32385,3.9863374,4.168796
445.8937,679.2007,3.9869308,4.171367
446.88507,679.07043,3.987524,4.173938
447.87564,678.93414,3.9881573,4.176551
448.86548,678.7928,3.9889524,4.1793337
449.8547,678.64716,3.9897475,4.1821165
450.8434,678.4982,3.9905427,4.1849
451.8318,678.3468,3.991338,4.1876826
452.8199,678.19385,3.9921339,4.190435
453.80792,678.0402,3.992933,4.1930327
454.796,677.887,3.9937325,4.1956306
455.7843,677.7353,3.9945319,4.1982284
456.77298,677.58606,3.9953313,4.200826
457.7622,677.4404,3.9960985,4.203427
458.75204,677.29913,3.9967012,4.206039
459.7425,677.1621,3.9973042,4.2086515
460.73352,677.0293,3.9979072,4.211264
461.7251,676.90045,3.99851,4.2138762
462.71713,676.7756,3.999151,4.2164903
463.70966,676.6544,3.9999578,4.2191124
464.70258,676.5366,4.0007644,4.2217345
465.69583,676.4218,4.001571,4.2243567
466.68942,676.3096,4.002378,4.226979
467.68323,676.19965,4.003139,4.2296476
468.67728,676.09155,4.0037446,4.2324753
469.67145,675.9851,4.0043507,4.2353024
470.6658,675.8798,4.0049562,4.23813
471.66022,675.7755,4.0055623,4.2409573
472.65472,675.6718,4.006224,4.243728
473.64923,675.56836,4.0070314,4.2463517
474.64374,675.4649,4.0078382,4.248975
475.6382,675.361,4.0086455,4.2515984
476.63263,675.2565,4.009453,4.2542214
477.62692,675.1508,4.010259,4.2568426
478.62106,675.04376,4.011064,4.2594585
479.61502,674.935,4.011869,4.262074
480.60873,674.8243,4.012674,4.26469
481.6022,674.7111,4.0134788,4.267306
482.59537,674.59534,4.0142117,4.269917
483.58817,674.47656,4.014812,4.272519
484.58057,674.35443,4.015413,4.2751217
485.5725,674.22876,4.016013,4.2777243
486.56396,674.0991,4.016614,4.2803264
487.55484,673.96533,4.017284,4.282993
488.54514,673.82697,4.0180783,4.285774
489.5347,673.68384,4.018873,4.2885556
490.52353,673.5356,4.0196676,4.291337
491.51157,673.382,4.0204625,4.2941184
492.4987,673.2228,4.027181,4.284084
493.48483,673.0576,4.0462933,4.247239
494.46988,672.8859,4.065405,4.2103944
495.45367,672.7074,4.084517,4.1735497
496.43613,672.5214,4.103629,4.136705
497.41705,672.32764,4.130642,4.1080728
498.39627,672.12555,4.1816053,4.104334
499.37366,671.9146,4.2325687,4.1005955
500.349,671.6944,4.2835317,4.0968566
501.32205,671.4643,4.334495,4.093118
502.2926,671.22394,4.3631387,4.0977845
503.2604,670.9728,4.2796144,4.144693
504.22522,670.7102,4.196091,4.1916003
505.18668,670.4357,4.1125674,4.2385087
506.1445,670.1488,4.029043,4.2854166
507.09833,669.8489,3.947962,4.3330164
508.0478,669.53534,3.885944,4.3860316
508.99246,669.2077,3.823927,4.4390464
509.9319,668.8653,3.7619092,4.4920616
510.86557,668.50757,3.6998913,4.545077
511.793,668.134,3.6560073,4.58453
512.7136,667.74384,3.7518182,4.5195084
513.6269,667.33673,3.8476267,4.454488
514.53204,666.91205,3.9434364,4.3894672
515.4285,666.4692,4.0392456,4.3244467
516.31555,666.00775,4.130814,4.265139
517.1923,665.5271,4.2028146,4.232207
518.05804,665.0269,4.274813,4.199276
518.91187,664.5066,4.346813,4.1663437
519.7528,663.9657,4.418814,4.1334114
520.5799,663.4039,4.464255,4.1108885
521.3922,662.8209,4.444381,4.1139617
522.18896,662.21686,4.4245086,4.117035
522.96936,661.5918,4.4046354,4.120108
523.7326,660.9459,4.384761,4.1231813
524.47784,660.27936,4.38843,4.121018
525.2046,659.5926,4.426223,4.111265
525.91266,658.88666,4.464013,4.101513
526.6021,658.16254,4.501801,4.091761
527.27295,657.42114,4.539588,4.0820093
527.92523,656.6633,4.51006,4.0954623
528.55896,655.88995,4.409416,4.13343
529.1741,655.1017,4.3087687,4.1713986
529.77057,654.29926,4.208121,4.2093678
530.34845,653.4833,4.107472,4.247337
530.9078,652.65454,4.0390916,4.281673
531.44855,651.8135,4.0019045,4.312496
531.9708,650.9609,3.9647171,4.34332
532.47455,650.09717,3.9275308,4.374143
532.9599,649.22296,3.8903444,4.404966
533.4268,648.33887,3.874886,4.4089627
533.8754,647.44525,3.8829854,4.383875
534.3056,646.54266,3.8910847,4.3587866
534.71747,645.63153,3.899184,4.3336987
535.11096,644.71234,3.9072833,4.3086104
535.486,643.7855,3.925015,4.2764544
535.8428,642.85144,3.9561782,4.234443
536.181,641.9105,3.9873414,4.192432
536.5008,640.9632,4.0185046,4.150421
536.802,640.00977,4.0496674,4.108411
537.08466,639.05066,4.072616,4.0777645
537.3486,638.08624,4.0801435,4.0684543
537.59357,637.1169,4.0876713,4.0591435
537.81946,636.1428,4.0951986,4.0498333
538.02594,635.16455,4.1027265,4.0405226
538.2128,634.1823,4.114174,4.0377765
538.38,633.1965,4.13479,4.050386
538.5275,632.2076,4.155406,4.062996
538.6554,631.2159,4.176022,4.075606
538.7637,630.2219,4.196639,4.088216
538.8525,629.226,4.2136345,4.099328
538.9221,628.2286,4.2223167,4.107001
538.97314,627.23,4.2309985,4.114673
539.00635,626.23065,4.2396803,4.1223454
539.0224,625.2309,4.248362,4.1300178
539.0221,624.231,4.2368555,4.129403
539.00604,623.23126,4.1879587,4.113441
538.97504,622.2319,4.139061,4.097479
538.9297,621.23303,4.090163,4.0815163
538.8708,620.2349,4.0412655,4.0655537
538.79895,619.2376,4.0208898,4.055596
538.71497,618.2413,4.0430307,4.0545897
538.6195,617.246,4.0651717,4.053583
538.5133,616.2517,4.0873127,4.0525765
538.39716,615.2586,4.1094537,4.0515704
538.2717,614.2666,4.1229544,4.05074
538.1377,613.27576,4.125157,4.050139
537.99585,612.286,4.1273594,4.049538
537.8468,611.2973,4.1295624,4.048938
537.6913,610.3096,4.131765,4.048337
537.53,609.32275,4.134051,4.04765
537.3636,608.33685,4.136443,4.046852
537.19275,607.3517,4.1388354,4.046055
537.018,606.3672,4.141228,4.045257
536.84,605.38324,4.1436205,4.04446
536.65955,604.3998,4.1459265,4.0437474
536.4771,603.4167,4.148115,4.0431504
536.29346,602.4338,4.1503034,4.0425534
536.1094,601.451,4.152492,4.041957
535.92554,600.4682,4.1546807,4.04136
535.7426,599.48517,4.15687,4.0406837
535.56116,598.5019,4.1590595,4.0398874
535.3813,597.5183,4.161249,4.039091
535.2032,596.5344,4.1634393,4.038295
535.027,595.5502,4.165629,4.0374985
534.8528,594.56555,4.1678944,4.0367765
534.6807,593.5806,4.1702867,4.036178
534.51056,592.59534,4.1726794,4.03558
534.3423,591.6097,4.1750717,4.034982
534.1756,590.6238,4.177464,4.034384
534.01044,589.63763,4.179786,4.0337143
533.84674,588.65125,4.1819816,4.0329156
533.6843,587.6647,4.1841774,4.0321174
533.52313,586.67786,4.186373,4.0313187
533.36316,585.69086,4.188569,4.0305204
533.2043,584.7037,4.190835,4.0297217
533.04645,583.7163,4.193233,4.0289226
532.8895,582.7288,4.1956306,4.0281234
532.73346,581.7412,4.198028,4.0273237
532.57806,580.7534,4.200426,4.0265245
532.42334,579.7656,4.2027555,4.025794
532.2692,578.77765,4.2049556,4.025194
532.1155,577.7897,4.207155,4.0245943
531.96216,576.80164,4.209355,4.023994
531.80914,575.8135,4.2115545,4.023394
531.65625,574.8254,4.2138233,4.0227256
531.50354,573.8372,4.216224,4.0219254
531.35077,572.84906,4.2186255,4.021125
531.19794,571.86096,4.2210264,4.020324
531.0449,570.8728,4.223428,4.019524
530.89166,569.88477,4.2257605,4.0187926
530.7381,568.8967,4.2279625,4.0181923
530.584,567.9088,4.2301645,4.0175915
530.4294,566.92096,4.2323666,4.016991
530.2741,565.93317,4.2345686,4.0163903
530.1181,564.94556,4.2368407,4.01572
529.9613,563.958,4.239244,4.014919
529.80365,562.97064,4.241647,4.0141177
529.64526,561.9834,4.2440495,4.0133166
529.4861,560.9963,4.246453,4.0125155
529.3262,560.0093,4.2487845,4.011786
529.1655,559.02234,4.2509875,4.011185
529.00415,558.0356,4.2531905,4.0105844
528.8421,557.0489,4.2553935,4.0099835
528.67944,556.0623,4.257597,4.0093827
528.5162,555.07587,4.2598724,4.008709
528.35236,554.0895,4.262276,4.007908
528.1879,553.1032,4.26468,4.007107
528.023,552.11707,4.267083,4.0063057
527.8576,551.1309,4.269487,4.0055046
527.6918,550.1449,4.2718163,4.0047774
527.52545,549.15894,4.2740192,4.0041766
527.3587,548.17303,4.276222,4.003576
527.19165,547.18726,4.2784257,4.002975
527.0242,546.2015,4.2806287,4.002374
526.85645,545.21576,4.2829075,4.0016975
526.68835,544.2301,4.2853107,4.0008965
526.52,543.2445,4.287714,4.0000954
526.3515,542.2589,4.2901173,3.9992943
526.1827,541.2734,4.2925205,3.9984932
526.01373,540.28784,4.2948465,3.997692
525.84467,539.30237,4.297049,3.9968913
525.6754,538.3169,4.2992516,3.9960904
525.5061,537.3315,4.301454,3.9952893
525.33673,536.346,4.3036566,3.9944885
525.1673,535.3606,4.305859,3.9937658
524.99786,534.3752,4.3080606,3.9931653
524.8284,533.3898,4.3102627,3.9925647
524.65906,532.4043,4.3124647,3.991964
524.48975,531.4189,4.3146667,3.9913635
524.32056,530.4334,4.3169475,3.9906843
524.15155,529.44794,4.319349,3.989884
523.9826,528.4624,4.32175,3.9890833
523.8139,527.47687,4.324151,3.988283
523.64545,526.4913,4.3265524,3.9874825
523.4772,525.5056,4.328874,3.9867616
523.3092,524.51996,4.331074,3.9861615
523.14154,523.53424,4.3332744,3.9855614
522.9742,522.54846,4.335475,3.9849615
522.80725,521.5626,4.337675,3.9843614
522.6406,520.5767,4.3399544,3.983682
522.4744,519.5907,4.3423533,3.9828823
522.3087,518.6047,4.344753,3.9820824
522.14343,517.6185,4.3471518,3.9812827
521.9787,516.6323,4.3495507,3.980483
521.81445,515.646,4.35187,3.9797628
521.65076,514.6596,4.354068,3.9791632
521.4877,513.6731,4.356266,3.9785638
521.3252,512.6865,4.358464,3.9779644
521.1633,511.69983,4.3606615,3.977365
521.00214,510.713,4.362937,3.9766877
520.8417,509.7261,4.365333,3.975889
520.6819,508.73904,4.3677287,3.9750903
520.5229,507.7519,4.370125,3.9742918
520.3646,506.76462,4.372521,3.973493
520.2072,505.7772,4.37484,3.972771
520.0506,504.78964,4.377034,3.9721725
519.8949,503.80197,4.379229,3.9715738
519.74005,502.81415,4.3814235,3.9709754
519.5861,501.82617,4.3836184,3.9703767
519.43317,500.83807,4.3858857,3.9697046
519.28125,499.8498,4.388278,3.9689074
519.13025,498.86136,4.39067,3.96811
518.98035,497.8728,4.3930616,3.9673128
518.83136,496.88406,4.395454,3.9665153
518.6834,495.89517,4.3977747,3.9657886
518.5366,494.90613,4.399966,3.9651911
518.39124,493.91687,4.4021564,3.9645936
518.2476,492.92737,4.4043474,3.9639962
518.10596,491.93756,4.4065385,3.9633987
517.9667,490.94742,4.406541,3.9639285
517.83,489.9569,4.4021564,3.9667184
517.6964,488.966,4.3977723,3.9695084
517.5661,487.97464,4.3933883,3.9722986
517.4395,486.9828,4.3890038,3.9750886
517.317,485.99045,4.3815355,3.9817162
517.19885,484.99756,4.367356,3.9966943
517.0855,484.00412,4.3531766,4.0116725
516.9773,483.01013,4.3389974,4.026651
516.8746,482.01553,4.324818,4.041629
516.7776,481.02036,4.3164787,4.0575457
516.6869,480.0246,4.321287,4.0755763
516.60266,479.02826,4.326095,4.0936065
516.5254,478.03137,4.330903,4.1116366
516.4554,477.03394,4.335711,4.129667
516.39307,476.036,4.334999,4.1489224
516.3388,475.0376,4.3223357,4.170832
516.2929,474.03876,4.3096724,4.1927414
516.2558,473.03958,4.297009,4.214651
516.22784,472.0401,4.2843456,4.2365603
516.2095,471.04037,4.26487,4.2538166
516.201,470.04053,4.232227,4.2620783
516.20276,469.04065,4.1995835,4.27034
516.2152,468.04083,4.16694,4.2786016
516.2387,467.04123,4.134297,4.286863
516.2737,466.04196,4.1088924,4.284072
516.3204,465.04318,4.095388,4.26311
516.3792,464.04504,4.081884,4.242148
516.45044,463.0477,4.0683794,4.2211857
516.5344,462.05136,4.0548744,4.200223
516.6314,461.05618,4.040295,4.195124
516.7416,460.0624,4.0242124,4.212212
516.8647,459.07013,4.0081296,4.2292995
517.0005,458.07953,3.9920475,4.246387
517.14874,457.0907,3.9759653,4.2634745
517.3092,456.10376,3.9955423,4.2582855
517.48175,455.1189,4.06004,4.225035
517.66614,454.13617,4.1245384,4.1917844
517.8621,453.15567,4.189037,4.158534
518.0696,452.17755,4.2535353,4.1252832
518.28827,451.20187,4.2860346,4.1142783
518.518,450.22876,4.2794476,4.130447
518.75867,449.25827,4.27286,4.146616
519.00995,448.29047,4.266273,4.1627846
519.2717,447.32547,4.2596855,4.178953
519.5438,446.3633,4.2510014,4.2010665
519.826,445.40408,4.2396536,4.2307305
520.11816,444.44785,4.2283053,4.2603946
520.4201,443.49466,4.2169576,4.2900586
520.7317,442.54456,4.2056093,4.319723
521.05273,441.5976,4.2078843,4.329278
521.38306,440.65387,4.22916,4.3107862
521.72253,439.71338,4.2504354,4.2922945
522.0709,438.77615,4.2717113,4.2738023
522.4282,437.8423,4.292987,4.2553105
522.7942,436.9118,4.3253937,4.226692
523.1687,435.9847,4.3753324,4.1821256
523.5517,435.06107,4.425271,4.137559
523.94293,434.1409,4.4752097,4.0929923
524.34235,433.22427,4.525148,4.0484257
524.7499,432.31122,4.531418,4.0345254
525.16534,431.4017,4.460784,4.074631
525.58856,430.49582,4.39015,4.114737
526.0194,429.59354,4.3195157,4.154843
526.4578,428.6949,4.248882,4.1949487
526.9035,427.79984,4.203351,4.2238073
527.3564,426.9084,4.2043524,4.231819
527.8161,426.02048,4.2053537,4.239831
528.2824,425.13596,4.206355,4.2478423
528.75494,424.2548,4.207357,4.255854
529.23346,423.37686,4.199027,4.2611437
529.7177,422.50204,4.173941,4.261545
530.20734,421.63025,4.1488547,4.261946
530.70215,420.76138,4.1237683,4.2623477
531.2018,419.8953,4.098682,4.262749
531.70605,419.03186,4.0833764,4.258935
532.21466,418.17102,4.08438,4.248092
532.72736,417.31256,4.0853844,4.237249
533.24384,416.4564,4.086388,4.226406
533.7638,415.60236,4.0873923,4.215563
534.28705,414.7503,4.0864153,4.2104263
534.8133,413.90012,4.082401,4.2140393
535.3423,413.0516,4.0783863,4.2176523
535.8737,412.20465,4.074372,4.2212653
536.40735,411.35907,4.0703573,4.2248783
536.94293,410.5147,4.067172,4.2279105
537.48016,409.67145,4.0651665,4.230117
538.01886,408.82907,4.063161,4.2323227
538.5588,407.9875,4.0611553,4.234529
539.0996,407.14648,4.0591497,4.2367353
539.6411,406.30594,4.05706,4.2390256
540.1831,405.46567,4.0548563,4.24143
540.7252,404.62552,4.0526524,4.2438335
541.2672,403.78525,4.050449,4.2462378
541.8088,402.94473,4.048245,4.248642
542.3497,402.10376,4.0460424,4.2509575
542.88965,401.26224,4.043842,4.253158
543.4286,400.42004,4.0416408,4.255359
543.96643,399.57715,4.03944,4.2575603
544.5031,398.73346,4.037239,4.259761
545.03845,397.88898,4.0350394,4.2619605
545.57245,397.04364,4.032841,4.2641587
546.1052,396.1975,4.030643,4.2663574
546.63696,395.3507,4.028445,4.2685556
547.1676,394.5033,4.0262465,4.270754
547.6974,393.6553,4.024049,4.2730374
548.2264,392.8068,4.0218525,4.2754335
548.75464,391.95782,4.019656,4.2778296
549.2822,391.10846,4.01746,4.2802258
549.80914,390.2587,4.015263,4.282622
550.3356,389.4086,4.013152,4.2849326
550.8615,388.55823,4.011156,4.287128
551.387,387.70758,4.0091605,4.289324
551.9123,386.85675,4.0071645,4.291519
552.43726,386.00577,4.0051684,4.2937145
552.96204,385.15466,4.00309,4.29591
553.48676,384.30353,4.0008945,4.2981052
554.0114,383.45236,3.9986992,4.300301
554.53613,382.60123,3.9965036,4.3024964
555.06104,381.75018,3.9943082,4.304692
555.5861,380.89926,3.9921124,4.306968
556.11145,380.04852,3.9899158,4.3093643
556.63715,379.19797,3.9877195,4.3117604
557.16327,378.3477,3.985523,4.3141565
557.6899,377.4977,3.9833267,4.3165526
558.21704,376.64807,3.9811294,4.3188705
558.7448,375.79883,3.9789312,4.321069
559.2733,374.95004,3.976733,4.323267
559.8027,374.10178,3.9745345,4.3254657
560.3329,373.25406,3.9723363,4.327664
560.86414,372.40698,3.9702153,4.329863
561.3964,371.56055,3.9682143,4.332064
561.9297,370.71475,3.9662135,4.334265
562.4639,369.86954,3.9642127,4.3364663
562.99915,369.02496,3.9622116,4.3386674
563.5353,368.18097,3.960131,4.340948
564.07227,367.3375,3.9579277,4.3433514
564.61,366.49454,3.9557245,4.345755
565.14844,365.652,3.9535213,4.3481584
565.68744,364.80984,3.951318,4.350562
566.227,363.96802,3.9491146,4.3528857
566.7669,363.12643,3.9469104,4.3550897
567.3072,362.2851,3.9447062,4.3572936
567.8477,361.4439,3.942502,4.359498
568.3885,360.60284,3.9402978,4.361702
568.9293,359.76187,3.938094,4.3639884
569.4702,358.92093,3.93589,4.3663926
570.01105,358.07993,3.933686,4.368797
570.55176,357.23886,3.9314823,4.371201
571.0923,356.39767,3.9292784,4.3736053
571.63257,355.5563,3.9271593,4.375925
572.1724,354.7147,3.925157,4.378127
572.71185,353.8728,3.923155,4.3803296
573.2508,353.03058,3.9211528,4.382532
573.7891,352.188,3.9191506,4.384734
574.3268,351.34497,3.9170647,4.386935
574.8637,350.50146,3.914865,4.389135
575.3998,349.65744,3.9126654,4.3913345
575.935,348.81284,3.9104657,4.393534
576.4691,347.9676,3.9082663,4.395734
577.00226,347.12167,3.9060683,4.3980165
577.5342,346.27502,3.9038727,4.4004116
578.0649,345.4276,3.9016774,4.4028068
578.59436,344.5794,3.8994818,4.405202
579.1225,343.73038,3.8972862,4.407597
579.64923,342.88052,3.8950925,4.4099073
580.17444,342.02966,3.8929014,4.412099
580.69763,341.17758,3.89071,4.41429
581.21844,340.32404,3.888519,4.416481
581.73645,339.46878,3.8863277,4.418672
582.25116,338.6116,3.884136,4.420864
582.76227,337.7522,3.8819432,4.4230566
583.26917,336.89032,3.8797505,4.4252496
583.7714,336.02573,3.8775578,4.427442
584.2685,335.15817,3.875365,4.429635
584.75995,334.28738,3.8724892,4.42186
585.24524,333.41318,3.8684874,4.3976493
585.7238,332.53528,3.8644857,4.3734384
586.19525,331.6535,3.860484,4.349228
586.6589,330.7676,3.8564823,4.325017
587.11426,329.87744,3.8353608,4.30725
587.5608,328.9828,3.7862754,4.300008
587.99786,328.08353,3.7371902,4.2927656
588.425,327.17944,3.6881049,4.285524
588.84143,326.27042,3.6390197,4.2782817
589.2467,325.35635,3.626612,4.2643304
589.6401,324.4371,3.6672497,4.2406754
590.021,323.51263,3.7078872,4.217021
590.38885,322.5829,3.748525,4.193366
590.743,321.64783,3.7891624,4.1697116
591.08264,320.70743,3.850921,4.1241074
591.40735,319.76172,3.937213,4.0530076
591.7163,318.8108,4.0235047,3.981908
592.0089,317.85468,4.1097965,3.9108086
592.28455,316.89355,4.196087,3.8397102
592.5425,315.92752,4.2377424,3.8085449
592.7821,314.9568,4.239154,3.8133843
593.00305,313.98163,4.2405653,3.8182237
593.20483,313.00235,4.2419767,3.8230636
593.38696,312.0192,4.2433887,3.8279035
593.549,311.03253,4.238237,3.8341808
593.69116,310.04285,4.2280707,3.8415568
593.81433,309.05057,4.2179046,3.848932
593.91925,308.0562,4.2077394,3.8563068
594.0068,307.06018,4.1975737,3.8636818
594.0778,306.06284,4.184422,3.888065
594.133,305.06448,4.1688266,3.9263628
594.17303,304.0654,4.15323,3.964662
594.1985,303.06586,4.1376343,4.0029616
594.20996,302.06604,4.122038,4.0412617
594.2081,301.06616,4.101304,4.0791373
594.19366,300.0664,4.075107,4.1165614
594.1671,299.06686,4.04891,4.1539855
594.1293,298.06772,4.0227137,4.191409
594.0806,297.069,3.9965174,4.2288322
594.0219,296.07086,3.9745262,4.248734
593.9535,295.0733,3.958645,4.243176
593.87555,294.07648,3.9427638,4.2376175
593.7881,293.0804,3.9268823,4.232059
593.6912,292.08524,3.911001,4.2265005
593.585,291.09103,3.9093301,4.2088685
593.46936,290.09784,3.931829,4.170701
593.3438,289.1059,3.9543278,4.132533
593.2079,288.1153,3.9768271,4.0943646
593.0611,287.12625,3.9993265,4.056196
592.903,286.13895,4.013238,4.030144
592.7333,285.15356,4.0138445,4.022864
592.5515,284.17035,4.0144515,4.0155835
592.3574,283.18948,4.015058,4.008303
592.1508,282.21118,4.0156646,4.001023
591.9314,281.2357,4.0148244,4.0016127
591.6988,280.26324,4.0121965,4.011922
591.4529,279.29407,4.0095687,4.0222306
591.19336,278.32846,4.006941,4.03254
590.9199,277.3667,4.004313,4.0428495
590.6325,276.40903,4.0151477,4.0454903
590.33093,275.45572,4.0394235,4.0404744
590.01544,274.5069,4.063699,4.035459
589.6862,273.56277,4.087974,4.030443
589.34344,272.6235,4.1122494,4.025428
588.9872,271.68924,4.119989,4.035548
588.61774,270.76013,4.112214,4.0598683
588.23517,269.83633,4.1044397,4.084189
587.8397,268.918,4.096665,4.1085095
587.43146,268.00525,4.0888906,4.13283
587.0106,267.09827,4.074264,4.157923
586.5773,266.19717,4.052774,4.1837907
586.1315,265.3022,4.0312843,4.2096577
585.6733,264.41345,4.009794,4.235525
585.20276,263.53122,3.9883044,4.2613926
584.72,262.6556,3.9773784,4.26942
584.225,261.78683,3.9781764,4.2576475
583.7181,260.92496,3.9789746,4.245875
583.1994,260.07016,3.9797728,4.2341022
582.6691,259.22247,3.9805708,4.2223296
582.12744,258.38205,4.0117593,4.194135
581.57477,257.5488,4.0782824,4.1468472
581.0117,256.72247,4.144805,4.0995603
580.4391,255.90285,4.2113266,4.0522738
579.85736,255.08957,4.277848,4.0049877
579.26733,254.28236,4.3102574,4.004872
578.6695,253.48091,4.3044415,4.0576158
578.0644,252.68488,4.2986255,4.1103606
577.4527,251.89394,4.2928095,4.1631055
576.8349,251.10773,4.2869935,4.21585
576.2116,250.32593,4.277095,4.253406
575.58325,249.54814,4.2628655,4.2748504
574.9504,248.77402,4.2486362,4.2962947
574.31354,248.00317,4.234407,4.3177385
573.6732,247.23521,4.2201777,4.339183
573.0299,246.46977,4.207542,4.3539696
572.38385,245.70663,4.1965284,4.3619795
571.73517,244.94571,4.1855145,4.3699894
571.084,244.18697,4.1745005,4.378
570.4303,243.43036,4.163487,4.3860097
569.77423,242.67581,4.156193,4.383875
569.11584,241.92326,4.1525908,4.3716693
568.45526,241.17265,4.148989,4.3594637
567.7926,240.42389,4.1453876,4.3472586
567.1279,239.67693,4.141786,4.335053
566.46136,238.93164,4.138186,4.322852
565.79297,238.18799,4.134587,4.3106556
565.12286,237.44589,4.130988,4.298459
564.45105,236.70528,4.127389,4.2862625
563.7778,235.96608,4.1237903,4.2740664
563.103,235.2282,4.120192,4.2618732
562.4269,234.49158,4.1165953,4.249684
561.74945,233.75613,4.1129985,4.2374945
561.07086,233.0218,4.1094017,4.225305
560.3911,232.2885,4.1058044,4.2131157
559.7104,231.55612,4.102308,4.2012267
559.0287,230.82463,4.098912,4.1896405
558.3461,230.09393,4.0955157,4.1780543
557.66284,229.36395,4.09212,4.166468
556.9789,228.63461,4.088724,4.154882
556.2943,227.90584,4.087,4.148803
555.6092,227.17755,4.087,4.1484036
554.92365,226.44966,4.087,4.148004
554.2378,225.72208,4.087,4.147605
553.5517,224.99474,4.087,4.1472054
552.8654,224.26755,4.087,4.1467085
552.1791,223.54042,4.087,4.146109
551.49274,222.81332,4.087,4.1455092
550.8064,222.08618,4.087,4.14491
550.1202,221.35895,4.087,4.1443105
549.43414,220.63155,4.087,4.1438074
548.7483,219.90398,4.087,4.1434073
548.06256,219.17624,4.087,4.1430073
547.377,218.44836,4.087,4.1426077
546.69165,217.72035,4.087,4.1422076
546.00635,216.99222,4.087,4.1417117
545.3212,216.26398,4.087,4.141112
544.63617,215.53564,4.087,4.1405115
543.95123,214.8072,4.087,4.1399117
543.26636,214.07869,4.087,4.1393113
542.5816,213.35007,4.087,4.1388073
541.8969,212.62137,4.087,4.138407
541.21234,211.89261,4.087,4.138007
540.52783,211.16377,4.087,4.137607
539.8434,210.43488,4.087,4.1372066
539.15894,209.70593,4.087,4.1368065
538.4746,208.97694,4.087,4.1364064
537.7903,208.24791,4.087,4.136006
537.106,207.51884,4.087,4.135606
536.42175,206.78976,4.087,4.1352053
535.7375,206.06067,4.087,4.134708
535.0533,205.33156,4.087,4.134107
534.3691,204.60245,4.087,4.133507
533.6848,203.87334,4.087,4.1329064
533.0006,203.14424,4.087,4.132306
532.31635,202.41516,4.087,4.1318035
531.632,201.68611,4.087,4.1314034
530.9477,200.95708,4.087,4.131003
530.26337,200.2281,4.087,4.130603
529.5789,199.49916,4.087,4.1302023
528.8945,198.77028,4.087,4.129703
528.20996,198.04146,4.087,4.1291027
527.5253,197.3127,4.087,4.1285024
526.84064,196.58401,4.087,4.127902
526.1559,195.8554,4.087,4.1273017
525.47107,195.12685,4.087,4.126801
524.7862,194.39836,4.087,4.1264005
524.1012,193.66997,4.087,4.1260004
523.41614,192.94162,4.087,4.1256003
522.731,192.21336,4.087,4.1252003
522.04584,191.48515,4.087,4.1246996
521.36053,190.75702,4.087,4.1240997
520.67523,190.02895,4.087,4.1234994
519.9898,189.30092,4.087,4.122899
519.3044,188.57297,4.087,4.122299
518.61884,187.84508,4.087,4.1217995
517.9333,187.11723,4.087,4.1213994
517.2476,186.38945,4.087,4.1209993
516.56195,185.66173,4.087,4.120599
515.87616,184.93405,4.087,4.1201987
515.19037,184.20644,4.087,4.1196985
514.5045,183.47887,4.087,4.119098
513.8186,182.75134,4.087,4.1184983
513.1326,182.02388,4.087,4.1178985
512.4466,181.29645,4.087,4.117298
511.7605,180.56908,4.087,4.116799
511.0744,179.84175,4.087,4.116399
510.3882,179.11446,4.087,4.1159987
509.70203,178.38722,4.087,4.115599
509.01575,177.66002,4.087,4.115199
508.32947,176.93285,4.087,4.1146984
507.64313,176.20572,4.087,4.1140985
506.95676,175.47864,4.087,4.1134987
506.27032,174.75159,4.087,4.112899
505.5839,174.02457,4.087,4.112299
504.8974,173.29758,4.087,4.1117992
504.21088,172.57063,4.087,4.1113997
503.52432,171.84372,4.087,4.1109996
502.83774,171.11682,4.087,4.1105995
502.15112,170.38995,4.087,4.1102
501.46448,169.66313,4.087,4.1096997
500.7778,168.93633,4.087,4.1091003
500.0911,168.20953,4.087,4.1085005
499.40436,167.48277,4.087,4.1079006
498.71762,166.75603,4.087,4.1073008
498.03085,166.02931,4.087,4.1068006
497.34406,165.30261,4.087,4.106401
496.65726,164.57594,4.087,4.106001
495.97043,163.84927,4.087,4.1056013
495.2836,163.12263,4.087,4.1052012
494.59674,162.396,4.087,4.1047025
493.90985,161.66937,4.087,4.1041026
493.22296,160.94276,4.087,4.103503
492.53607,160.21617,4.087,4.1029034
491.84915,159.48958,4.087,4.1023035
491.16226,158.763,4.087,4.101803
490.47534,158.03644,4.087,4.1014028
489.7884,157.30986,4.087,4.101003
489.10147,156.5833,4.087,4.100603
488.41452,155.85674,4.087,4.1002035
487.7276,155.13019,4.087,4.0997057
487.04065,154.40363,4.087,4.099106
486.35373,153.67706,4.087,4.0985065
485.66678,152.9505,4.087,4.0979066
484.97986,152.22394,4.087,4.097307
484.2929,151.49738,4.087,4.096805
483.606,150.7708,4.087,4.096405
482.9191,150.04422,4.087,4.0960054
482.23218,149.31763,4.087,4.095606
481.5453,148.59103,4.087,4.095206
480.8584,147.86443,4.087,4.094709
480.17154,147.1378,4.087,4.0941095
479.48468,146.41116,4.087,4.0935097
478.79785,145.68451,4.087,4.0929103
478.11102,144.95784,4.087,4.0923104
477.42422,144.23116,4.087,4.0918074
476.73743,143.50446,4.087,4.091408
476.05066,142.77773,4.087,4.0910077
475.36392,142.05098,4.087,4.090608
474.67722,141.32422,4.087,4.0902085
473.9905,140.59743,4.087,4.0897126
473.30386,139.8706,4.087,4.089113
472.61722,139.14377,4.087,4.0885134
471.9306,138.4169,4.087,4.087914
471.24402,137.69,4.087,4.087314
470.5575,136.96307,4.087,4.0868096
469.87097,136.23611,4.087,4.08641
469.1845,135.50912,4.087,4.08601
468.49805,134.7821,4.087,4.0856104
467.81165,134.05504,4.087,4.085211
467.12527,133.32794,4.087,4.0847163
466.43896,132.6008,4.087,4.0841165
465.75266,131.87363,4.087,4.083517
465.06644,131.14642,4.087,4.082917
464.38022,130.41916,4.087,4.082318
463.69406,129.69186,4.087,4.081812
463.00797,128.96452,4.087,4.0814123
462.3219,128.23714,4.087,4.0810122
461.6359,127.5097,4.087,4.0806127
460.94992,126.78222,4.087,4.0802126
460.26404,126.05469,4.087,4.0797195
459.5782,125.3271,4.087,4.0791197
458.89236,124.59947,4.087,4.07852
458.20663,123.87178,4.087,4.07792
457.52094,123.14404,4.087,4.0773206
456.83533,122.416245,4.087,4.0768137
456.14975,121.68839,4.087,4.0764136
455.46423,120.96049,4.087,4.076014
454.7788,120.23251,4.087,4.075614
454.0934,119.504486,4.087,4.0752144
453.4081,118.77639,4.087,4.074722
452.72287,118.04824,4.087,4.074122
452.0377,117.320015,4.087,4.073522
451.3526,116.591736,4.087,4.072922
450.66754,115.86338,4.087,4.0723224
449.9826,115.134964,4.087,4.071815
449.2977,114.40647,4.087,4.071415
448.61288,113.67791,4.087,4.071015
447.92816,112.94928,4.087,4.0706153
447.2435,112.22057,4.087,4.070215
446.5589,111.4918,4.087,4.0697227
445.87442,110.76294,4.087,4.069123
445.19,110.034004,4.087,4.068523
444.50565,109.305,4.087,4.0679226
443.8214,108.575905,4.087,4.0673227
443.13724,107.84673,4.087,4.0668154
442.45316,107.117485,4.087,4.0664153
441.76917,106.388145,4.087,4.0660152
441.08527,105.65872,4.087,4.065615
440.4015,104.92922,4.087,4.065215
439.71777,104.19962,4.087185,4.065185
439.03415,103.46994,4.087585,4.065585
438.35062,102.74017,4.087985,4.065985
437.6672,102.01031,4.088385,4.0663853
436.98386,101.28036,4.088785,4.0667853
436.30063,100.5503,4.0907617,4.0708947
435.61752,99.82016,4.094563,4.0792975
434.9345,99.08992,4.098365,4.087701
434.2516,98.35958,4.102166,4.0961037
433.56876,97.62915,4.1059675,4.104507
432.88605,96.89862,4.109769,4.1128173
432.20343,96.168,4.113571,4.1210217
431.52094,95.43728,4.117373,4.129226
430.8385,94.70647,4.121175,4.13743
430.1562,93.97557,4.124977,4.1456347
429.47397,93.24459,4.128873,4.153933
428.7918,92.51353,4.1328754,4.1623383
428.10977,91.78238,4.136878,4.1707435
427.4278,91.05116,4.1408806,4.179149
426.7459,90.31986,4.144883,4.1875544
426.0641,89.588486,4.1487913,4.1958656
425.3824,88.85704,4.152594,4.204072
424.7007,88.12552,4.156397,4.212278
424.01913,87.393936,4.1601996,4.220484
423.33762,86.66229,4.1640024,4.22869
422.65616,85.93058,4.1678057,4.2369914
421.9748,85.19881,4.1716084,4.245398
421.2935,84.46697,4.1754117,4.2538047
420.6122,83.735085,4.179215,4.2622113
419.93103,83.00314,4.1830177,4.2706184
419.24988,82.27115,4.186821,4.278929
418.5688,81.53911,4.190624,4.287136
417.88776,80.80702,4.1944275,4.2953434
417.20676,80.07488,4.1982307,4.3035502
416.52582,79.342705,4.202034,4.311757
415.8449,78.61049,4.2058372,4.3200607
415.16406,77.87823,4.2096405,4.328468
414.48322,77.145935,4.2134438,4.3368754
413.80246,76.41361,4.217247,4.3452826
413.1217,75.68125,4.2210503,4.3536897
412.44098,74.94886,4.224951,4.3619995
411.76028,74.216446,4.2289543,4.3702064
411.07962,73.48401,4.232958,4.378413
410.399,72.75155,4.2369614,4.3866205
409.71838,72.019066,4.2409644,4.3948274
409.03778,71.28656,4.2448697,4.403034
408.35718,70.55405,4.2486725,4.411241
407.67664,69.82151,4.2524757,4.4194474
406.99606,69.08897,4.256279,4.4276543
406.31552,68.356415,4.260082,4.435861
405.635,67.62386,4.263885,4.4441667
404.95447,66.8913,4.267688,4.452573
404.27393,66.15873,4.2714906,4.4609795
403.5934,65.42616,4.2752934,4.4693856
402.91287,64.693596,4.279096,4.477792
402.23236,63.961037,4.282899,4.486098
401.55182,63.228485,4.2867017,4.494303
400.87128,62.49594,4.290504,4.5025086
400.1907,61.763405,4.2943068,4.510714
399.51013,61.030884,4.298109,4.5189195
398.82953,60.298378,4.3019114,4.527225
398.14893,59.56589,4.3057137,4.5356297
397.4683,58.833424,4.3095155,4.5440345
396.78763,58.100975,4.313318,4.5524387
396.10696,57.368553,4.3171196,4.5608435
395.42624,56.636158,4.3210225,4.569146
394.74548,55.903793,4.325024,4.5773497
394.06473,55.171455,4.3290257,4.5855527
393.3839,54.43915,4.3330274,4.593756
392.70306,53.706886,4.337029,4.6019597
392.0222,52.974655,4.340929,4.610264
391.34125,52.242466,4.34473,4.6186657
390.66028,51.51032,4.348531,4.6270676
389.97925,50.778217,4.3523316,4.6354694
389.29816,50.04616,4.3561325,4.6438713
388.61703,49.314156,4.359933,4.652171
387.93585,48.5822,4.363733,4.6603713
387.2546,47.850296,4.367533,4.6685715
386.5733,47.11845,4.371333,4.676772
385.89194,46.386658,4.3751335,4.6849723
385.2105,45.65493,4.3789334,4.6932735
384.52902,44.923264,4.3827324,4.701672
383.84747,44.191658,4.386532,4.71007
383.16583,43.460125,4.3903313,4.7184687
382.48413,42.728657,4.39413,4.726867
381.80234,41.99726,4.397929,4.735163
381.12048,41.265938,4.4017277,4.7433596
380.43854,40.53469,4.405526,4.751556
379.7565,39.803524,4.409324,4.7597528
379.0744,39.072433,4.4131227,4.767949
378.39218,38.341427,4.4169207,4.7761445
377.7099,37.610504,4.4207177,4.7843385
377.0275,36.87967,4.4245152,4.792533
376.34503,36.148926,4.428313,4.800727
375.66245,35.41827,4.43211,4.8089213
374.97977,34.68771,4.436007,4.8172145
374.297,33.95724,4.440003,4.8256063
373.6141,33.226875,4.443999,4.8339977
372.93112,32.49661,4.4479947,4.842389
372.24802,31.766443,4.451991,4.850781
371.5648,31.036383,4.455887,4.8590717
370.88147,30.306429,4.459682,4.867261
370.19803,29.576584,4.4634767,4.8754497
369.51447,28.84685,4.467272,4.883639
368.83078,28.11723,4.4710665,4.891828
368.14697,27.387726,4.4748607,4.9001136
367.463,26.658339,4.4786544,4.9084992
366.77896,25.929073,4.482448,4.916885
366.09476,25.19993,4.486242,4.925271
365.41043,24.470911,4.490035,4.9336567
364.72598,23.74202,4.493828,4.9419446
364.04138,23.013256,4.49762,4.9501276
363.35666,22.284626,4.5014124,4.9583106
362.67175,21.556128,4.505204,4.9664936
361.98676,20.827765,4.5089965,4.9746766
361.30157,20.09954,4.512788,4.982952
360.61624,19.371456,4.5165787,4.9913316
359.9308,18.643513,4.520369,4.9997106
359.24515,17.915716,4.5241594,5.0080895
358.5594,17.188066,4.5279503,5.016469
357.87344,16.460567,4.5318317,5.0247545
357.18732,15.73322,4.53582,5.032931
356.50107,15.006025,4.5398083,5.0411067
355.81464,14.278986,4.5437965,5.049283
355.12805,13.552101,4.547785,5.057459
354.44128,12.825373,4.551684,5.065722
353.75436,12.098805,4.555471,5.0740933
353.06726,11.372403,4.559258,5.082465
352.37997,10.646174,4.563045,5.0908365
351.6925,9.920123,4.566832,5.0992084
351.00482,9.194257,4.5706186,5.107493
350.31696,8.468573,4.574404,5.115661
349.62894,7.7430587,4.5781894,5.1238294
348.94073,7.0177026,4.5819745,5.1319976
348.25235,6.292492,4.5857596,5.140166
347.56387,5.567415,4.5895443,5.148332
346.87518,4.8424892,4.5933275,5.156496
346.1863,4.1177692,4.5971107,5.16466
345.49716,3.3933122,4.600894,5.172824
344.80768,2.6691751,4.604677,5.180988
344.1178,1.9454131,4.60846,5.189227
343.42758,1.2219752,4.612241,5.197585
342.7372,0.49866906,4.616022,5.2059436
342.04694,-0.22470833,4.6198034,5.214302
341.35693,-0.94835967,4.6235847,5.2226605
340.66742,-1.6724749,4.6340566,5.211096
339.97794,-2.3966193,4.656361,5.1642957
339.28708,-3.1194582,4.678666,5.117495
338.5934,-3.8395789,4.7009706,5.070696
337.89545,-4.5555515,4.7232738,5.0238986
337.19177,-5.2659163,4.7709246,4.9825053
336.48065,-5.9688277,4.867851,4.95161
335.75992,-6.6618347,4.96478,4.920714
335.02734,-7.3423433,5.0617127,4.8898168
334.28094,-8.007643,5.1586347,4.858923
333.51886,-8.6549015,5.195813,4.8388786
332.73926,-9.280955,5.1385407,4.835984
331.94037,-9.88216,5.0812683,4.8330894
331.12064,-10.454592,5.023987,4.8301945
330.27887,-10.994078,4.9667125,4.8272996
329.41434,-11.496309,4.978712,4.8368564
328.52747,-11.957852,5.0471396,4.8565555
327.6193,-12.375947,5.1155634,4.876253
326.69116,-12.747623,5.184018,4.89596
325.7447,-13.069717,5.2525144,4.9156785
324.78195,-13.339292,5.205919,5.0144725
323.80615,-13.556843,5.116818,5.1424427
322.8206,-13.724912,5.027777,5.2703266
321.82816,-13.846176,4.9387903,5.3981338
320.83133,-13.923315,4.8498135,5.5259256
319.83212,-13.958826,4.8396153,5.5536857
318.8323,-13.954127,4.8616223,5.540559
317.83347,-13.910098,4.8836365,5.527427
316.83704,-13.827663,4.9056516,5.5142956
315.84442,-13.707779,4.9276643,5.5011654
314.8569,-13.551374,5.001708,5.4447527
313.8758,-13.358695,5.12182,5.3500195
312.90265,-13.129345,5.241941,5.255279
311.93896,-12.862899,5.362083,5.1605215
310.98645,-12.558947,5.482248,5.0657463
310.0469,-12.217127,5.532967,5.0065923
309.12177,-11.837934,5.4652534,5.0081954
308.2121,-11.422991,5.39755,5.0097976
307.3188,-10.973959,5.329854,5.0113997
306.44254,-10.492428,5.2621536,5.0130024
305.58405,-9.9799185,5.198866,5.0341387
304.7436,-9.438346,5.1428704,5.0874968
303.92084,-8.870209,5.0868726,5.1408567
303.11526,-8.27796,5.030879,5.194213
302.32614,-7.6639333,4.974886,5.2475686
301.55267,-7.0303392,4.9277225,5.2840533
300.79382,-6.379281,4.891422,5.2997837
300.04846,-5.712793,4.8551188,5.3155155
299.3154,-5.0328298,4.818816,5.3312464
298.59326,-4.3412647,4.7825146,5.346977
297.88065,-3.6398842,4.7601714,5.349895
297.1763,-2.9301744,4.752357,5.339476
296.47925,-2.21334,4.7445426,5.3290567
295.78836,-1.4905431,4.736728,5.3186374
295.10254,-0.76291716,4.728914,5.3082185
294.42072,-0.03155172,4.723602,5.2956095
293.74228,0.70293874,4.720801,5.280804
293.06708,1.4404043,4.7179995,5.265998
292.39496,2.1807163,4.7151985,5.251192
291.7259,2.9237483,4.712397,5.236386
291.0597,3.6693711,4.7095976,5.221586
290.39618,4.4173846,4.7067986,5.2067924
289.73508,5.167517,4.704,5.191999
289.07605,5.919497,4.701201,5.1772056
288.41885,6.6730547,4.6984024,5.162412
287.76315,7.4279246,4.6956043,5.1476216
287.1087,8.183873,4.6928062,5.132834
286.45526,8.940696,4.6900086,5.1180463
285.80258,9.698193,4.687211,5.1032586
285.15048,10.456162,4.6844134,5.088471
284.4987,11.214411,4.6816154,5.0735836
283.8471,11.9728365,4.6788177,5.058594
283.1957,12.731434,4.6760197,5.043605
282.54453,13.490204,4.6732216,5.028615
281.89355,14.2491455,4.6704235,5.0136256
281.24277,15.008258,4.667625,4.998733
280.5922,15.767534,4.6648264,4.9839406
279.94177,16.526964,4.662028,4.969148
279.2915,17.286531,4.6592293,4.9543557
278.64142,18.046227,4.6564307,4.9395633
277.99146,18.806036,4.653632,4.92477
277.34158,19.565948,4.650833,4.909975
276.69186,20.325954,4.648034,4.89518
276.0422,21.086044,4.645235,4.8803854
275.39267,21.846209,4.642436,4.8655906
274.7432,22.606438,4.6395392,4.850697
274.09378,23.366722,4.63654,4.8357005
273.4444,24.127054,4.6335406,4.8207035
272.7951,24.887419,4.6305413,4.8057065
272.1458,25.64781,4.627542,4.7907095
271.49652,26.408215,4.6246395,4.7758093
270.84726,27.168625,4.62184,4.7610106
270.198,27.929028,4.61904,4.746212
269.5487,28.689417,4.6162405,4.7314134
268.89938,29.449778,4.6134405,4.7166147
268.25,30.210104,4.6106405,4.7018156
267.6006,30.970387,4.6078405,4.6870155
266.9511,31.73061,4.6050406,4.6722155
266.30154,32.49077,4.602241,4.657416
265.65192,33.25085,4.599441,4.642616
265.00214,34.01085,4.5966406,4.6278152
264.3523,34.77075,4.5938406,4.613014
263.7023,35.530544,4.5910406,4.5982137
263.0522,36.290222,4.58824,4.5834126
262.40192,37.04977,4.58544,4.5686116
261.75146,37.809185,4.5826397,4.5537133
261.10086,38.56845,4.5798397,4.538712
260.45007,39.32756,4.5770392,4.5237107
259.7991,40.086506,4.5742393,4.508709
259.14792,40.84527,4.571439,4.4937077
258.49652,41.603848,4.5686383,4.478803
257.84488,42.36223,4.5658383,4.4640017
257.193,43.1204,4.563038,4.4492
256.54086,43.878353,4.5602374,4.4343987
255.88846,44.636078,4.5574374,4.4195967
255.2358,45.393566,4.554637,4.404795
254.58282,46.150803,4.5518365,4.389994
253.92957,46.907784,4.5490365,4.3751926
253.27599,47.664494,4.546236,4.360391
252.62209,48.42092,4.543436,4.34559
251.96785,49.177063,4.5405383,4.3306913
251.31328,49.9329,4.537538,4.315691
250.65834,50.68843,4.5345383,4.30069
250.00302,51.443638,4.531538,4.28569
249.34734,52.198517,4.5285378,4.270689
248.69125,52.953056,4.5256352,4.2557864
248.03477,53.70725,4.5228353,4.2409873
247.37787,54.461075,4.5200357,4.2261877
246.72055,55.214523,4.5172358,4.2113886
246.06277,55.967583,4.514436,4.196589
245.40453,56.720245,4.5116363,4.1817904
244.74583,57.472492,4.5088363,4.1669927
244.08665,58.224335,4.5060368,4.1521955
243.42702,58.97576,4.5032372,4.137398
242.7669,59.726776,4.5004377,4.1226
242.10632,60.477375,4.4976387,4.1078033
241.44524,61.227528,4.494839,4.093008
240.78358,61.977184,4.49204,4.0782127
240.12129,62.726284,4.489241,4.0634174
239.45831,63.474773,4.486442,4.048622
238.79459,64.222595,4.483643,4.0337296
238.13002,64.969666,4.4808435,4.018734
237.46448,65.71587,4.4780445,4.0037384
236.79785,66.461105,4.4752455,3.9887428
236.13002,67.20527,4.472446,3.9737473
235.46086,67.94823,4.4696465,3.9588459
234.79027,68.689896,4.4668465,3.944045
234.11812,69.43016,4.464046,3.9292443
233.44432,70.16892,4.461246,3.9144435
232.76877,70.906075,4.458446,3.8996427
232.09134,71.64151,4.4403534,3.912615
231.41196,72.37514,4.405932,3.9552414
230.73048,73.10683,4.3715105,3.9978678
230.04684,73.83649,4.337089,4.0404944
229.36092,74.563995,4.3026676,4.083121
228.67259,75.28924,4.278762,4.1021733
227.98178,76.012115,4.265946,4.096366
227.28838,76.7325,4.2531295,4.0905585
226.59225,77.45027,4.240313,4.084751
225.89336,78.16532,4.2274966,4.0789437
225.19154,78.877525,4.2216916,4.058118
224.48674,79.58676,4.223094,4.021852
223.77885,80.29293,4.224497,3.9855864
223.0678,80.995895,4.225899,3.9493206
222.35349,81.69556,4.2273016,3.913055
221.63582,82.391785,4.2274966,3.891176
220.91473,83.08445,4.226495,3.8835607
220.19008,83.77341,4.225493,3.8759453
219.46178,84.45849,4.2244906,3.8683302
218.7297,85.13954,4.223489,3.860715
217.99376,85.81642,4.2221794,3.8587441
217.25392,86.48903,4.220577,3.8621495
216.5102,87.15734,4.218974,3.865555
215.7626,87.82132,4.2173715,3.8689604
215.01115,88.48094,4.215769,3.8723657
214.25589,89.136185,4.214063,3.8757691
213.49696,89.78718,4.2122626,3.8791707
212.73466,90.43422,4.2104616,3.8825724
211.96925,91.07758,4.208661,3.885974
211.20102,91.717575,4.20686,3.8893754
210.43024,92.35449,4.2050605,3.8927746
209.65715,92.98861,4.203262,3.8961716
208.88197,93.62018,4.2014637,3.8995688
208.10493,94.24945,4.199665,3.9029658
207.32625,94.87668,4.1978664,3.906363
206.54613,95.50213,4.1961727,3.9097583
205.7648,96.12605,4.1945753,3.9131522
204.98247,96.74873,4.1929784,3.9165459
204.19936,97.37043,4.1913815,3.9199398
203.41568,97.99141,4.189784,3.9233334
202.63165,98.61196,4.188086,3.9267266
201.8475,99.23234,4.18629,3.9301193
201.06343,99.85283,4.184494,3.9335117
200.27968,100.47372,4.182698,3.9369042
199.49644,101.09526,4.1809015,3.940297
198.71396,101.71775,4.1791053,3.9436898
197.93243,102.34144,4.177309,3.9470832
197.15207,102.96656,4.1755123,3.950477
196.37303,103.59337,4.1737156,3.9538703
195.59555,104.222084,4.1719193,3.957264
194.81981,104.85295,4.170122,3.960561
194.04607,105.486275,4.168324,3.9637573
193.27464,106.12242,4.166526,3.9669538
192.50587,106.76176,4.164728,3.97015
191.74007,107.40465,4.16293,3.9733465
190.97755,108.05144,4.161228,3.9766405
190.2184,108.70217,4.1596284,3.9800396
189.4624,109.356575,4.158029,3.9834385
188.70934,110.014336,4.1564293,3.9868376
187.95897,110.675186,4.15483,3.9902365
187.21106,111.33881,4.153134,3.9936361
186.46512,112.004654,4.151334,3.9970367
185.72037,112.67183,4.1495333,4.000437
184.97603,113.33946,4.147733,4.0038376
184.23132,114.006676,4.145933,4.007238
183.48544,114.672585,4.1441326,4.010638
182.73769,115.33638,4.142332,4.014039
181.98735,115.99727,4.140532,4.01744
181.23381,116.654495,4.1387315,4.0208406
180.47641,117.30726,4.136931,4.0242414
179.71451,117.954765,4.1352277,4.027641
178.9475,118.596214,4.1336293,4.0310383
178.17477,119.23079,4.1320305,4.0344353
177.3958,119.85765,4.1304317,4.0378327
176.61,120.475945,4.128833,4.0412297
175.81688,121.0848,4.1157746,4.0032682
175.01582,121.68319,4.090249,3.920309
174.20619,122.26991,4.064723,3.8373494
173.38736,122.84373,4.039196,3.754387
172.55876,123.40334,4.013669,3.671424
171.7199,123.94745,4.0160484,3.6277463
170.87029,124.47461,4.0505967,3.6293533
170.00949,124.9833,4.085144,3.6309602
169.13715,125.47189,4.11969,3.632567
168.25296,125.93875,4.1542306,3.6341736
167.35681,126.38217,4.1833324,3.6829908
166.44855,126.8002,4.206674,3.7818382
165.52805,127.19058,4.2300177,3.8806925
164.5954,127.55093,4.2533674,3.9795728
163.65085,127.87878,4.2767224,4.078477
162.69489,128.17168,4.2674503,4.1470056
161.72873,128.42899,4.2325444,4.1916523
160.75398,128.6516,4.1976485,4.2362866
159.77216,128.84047,4.1627584,4.280914
158.78456,128.9966,4.127866,4.325544
157.7925,129.12097,4.1263404,4.32814
156.79709,129.21524,4.144305,4.3061824
155.79944,129.28154,4.162271,4.284224
154.8004,129.32208,4.1802354,4.2622676
153.80067,129.33904,4.1981997,4.240311
152.80081,129.3346,4.2042665,4.267082
151.80124,129.3106,4.2030864,4.3235373
150.80225,129.26869,4.201906,4.3799963
149.80406,129.2105,4.2007256,4.4364552
148.80684,129.13765,4.1995454,4.4929147
147.81065,129.05177,4.2149897,4.4661593
146.81554,128.95425,4.2447124,4.367937
145.8215,128.84631,4.2744355,4.269714
144.8285,128.72916,4.3041573,4.171494
143.83649,128.60396,4.3338776,4.073279
142.84537,128.47186,4.3305798,3.9957247
141.85521,128.33276,4.288131,3.9426641
140.8663,128.18507,4.245681,3.889601
139.87897,128.02718,4.203228,3.8365352
138.8936,127.85744,4.1607757,3.7834694
137.91064,127.67424,4.1330953,3.7714121
136.9306,127.47606,4.1225133,3.8068213
135.95404,127.26145,4.1119313,3.8422294
134.98157,127.02898,4.10135,3.8776371
134.01392,126.77723,4.090769,3.9130428
133.05186,126.50483,4.07556,3.9659333
132.0963,126.21051,4.056554,4.0331707
131.14815,125.893135,4.037547,4.1004095
130.20845,125.551544,4.018538,4.1676555
129.27835,125.18465,3.9995275,4.2349086
128.35905,124.791466,3.9788296,4.2594566
127.451385,124.372116,3.9572523,4.261675
126.55587,123.927414,3.9356778,4.263893
125.672966,123.45817,3.914105,4.266111
124.80311,122.96515,3.8925326,4.268328
123.94671,122.449104,3.9067705,4.281185
123.10418,121.91072,3.936564,4.298664
122.27591,121.35064,3.966359,4.316144
121.46229,120.7695,3.9961538,4.3336234
120.66365,120.16791,4.0259485,4.3511033
119.88036,119.54648,4.1320753,4.285988
119.1128,118.90572,4.277063,4.178823
118.36139,118.24609,4.42205,4.0716586
117.626564,117.56805,4.567036,3.964495
116.90874,116.872025,4.712021,3.8573322
116.20832,116.158485,4.707486,3.8738205
115.5258,115.4278,4.597452,3.9775558
114.8617,114.68035,4.487417,4.081292
114.21656,113.91647,4.3773813,4.1850286
113.59091,113.13654,4.267347,4.288764
112.98531,112.34095,4.23034,4.332583
112.400375,111.530045,4.264603,4.317927
111.83677,110.70418,4.298866,4.3032713
111.29519,109.86369,4.3331294,4.288615
110.776344,109.008995,4.367392,4.273959
110.28096,108.14049,4.374747,4.274234
109.80984,107.25858,4.3501177,4.2922554
109.36387,106.3637,4.3254886,4.3102765
108.94397,105.45629,4.300859,4.328298
108.551094,104.536865,4.2762303,4.346319
108.18619,103.60598,4.2598114,4.3497167
107.85017,102.66429,4.2529216,4.33614
107.54388,101.71251,4.246032,4.322563
107.26822,100.75142,4.239142,4.308985
107.024086,99.78184,4.2322507,4.295406
106.81237,98.80467,4.24613,4.287492
106.63326,97.821,4.2785554,4.2846365
106.486275,96.83202,4.3109775,4.2817817
106.3709,95.83885,4.343397,4.2789273
106.28661,94.84257,4.3758173,4.2760725
106.232895,93.84416,4.391931,4.249765
106.209175,92.84459,4.398229,4.209337
106.21483,91.84476,4.4045267,4.1689076
106.249245,90.8455,4.410825,4.1284785
106.311775,89.847595,4.4171233,4.0880485
106.40181,88.8518,4.379838,4.083917
106.5187,87.8588,4.3240504,4.095196
106.6618,86.86924,4.268263,4.106474
106.83045,85.883705,4.212477,4.117752
107.02402,84.902756,4.1566906,4.12903
107.241875,83.92692,4.182735,4.1181765
107.48344,82.95667,4.238033,4.099411
107.74816,81.99249,4.293331,4.0806456
108.03551,81.034805,4.348629,4.0618806
108.34493,80.08403,4.4039273,4.043115
108.675934,79.14054,4.3821673,4.0790215
109.02803,78.20472,4.331532,4.1354156
109.4008,77.27694,4.2808967,4.191809
109.79381,76.35755,4.230262,4.2482023
110.206635,75.446884,4.1796274,4.3045955
110.63886,74.54527,4.1968265,4.293706
111.090195,73.65306,4.244307,4.2527814
111.560394,72.77065,4.291788,4.2118564
112.0492,71.898415,4.3392696,4.170931
112.55639,71.036736,4.3867507,4.1300054
113.0817,70.185974,4.433022,4.0921664
113.62482,69.34647,4.478664,4.0559335
114.18538,68.518524,4.5243053,4.0197005
114.763016,67.70239,4.5699477,3.9834669
115.35739,66.89836,4.615592,3.9472315
115.96812,66.10669,4.5509267,3.9680185
116.59453,65.32736,4.4300513,4.017862
117.235756,64.56018,4.309179,4.067704
117.89097,63.804905,4.188309,4.117545
118.55936,63.061264,4.0674386,4.1673865
119.24015,62.328957,4.0817723,4.200825
119.93259,61.60765,4.1521926,4.22746
120.63594,60.896988,4.2226143,4.2540946
121.34951,60.196575,4.2930355,4.28073
122.0726,59.506004,4.363457,4.307365
122.804565,58.824833,4.385223,4.3191276
123.54475,58.152603,4.3908467,4.325957
124.29252,57.488827,4.3964705,4.3327856
125.047264,56.832993,4.4020944,4.3396144
125.808395,56.184574,4.407718,4.3464437
126.57533,55.54304,4.4133177,4.3532434
127.347534,54.907852,4.4189105,4.360034
128.12448,54.27846,4.4245033,4.366825
128.90564,53.654324,4.4300957,4.373616
129.69052,53.034863,4.4356885,4.3804073
130.47864,52.41952,4.4412637,4.387025
131.26952,51.807743,4.4468336,4.3935895
132.06274,51.198997,4.4524035,4.400154
132.85785,50.59273,4.4579735,4.4067187
133.65445,49.988403,4.4635434,4.4132833
134.45209,49.385452,4.469255,4.4199886
135.25029,48.783268,4.475017,4.426744
136.0486,48.18121,4.480779,4.4335
136.84653,47.57864,4.4865413,4.440255
137.64357,46.97492,4.4923034,4.4470105
138.43929,46.36943,4.497933,4.453776
139.23338,45.761837,4.503507,4.4605446
140.02574,45.151962,4.509082,4.467314
140.8162,44.53962,4.514656,4.4740825
141.60458,43.924637,4.520231,4.4808517
142.3908,43.306854,4.525816,4.487498
143.17484,42.686333,4.531407,4.4940867
143.95685,42.063255,4.5369973,4.5006757
144.73697,41.437817,4.5425878,4.507264
145.51534,40.810196,4.5481787,4.513853
146.2921,40.180576,4.5537767,4.520586
147.06734,39.5491,4.5593786,4.5273886
147.84116,38.915867,4.564981,4.534191
148.61362,38.280987,4.570583,4.5409937
149.38481,37.64456,4.576185,4.5477962
150.15482,37.006706,4.5819273,4.5546045
150.92372,36.36753,4.587737,4.5614157
151.69164,35.727165,4.5935464,4.5682273
152.45868,35.085735,4.599356,4.5750384
153.22491,34.443367,4.605166,4.5818496
153.99048,33.800186,4.610841,4.5885267
154.75546,33.156315,4.6164536,4.5951414
155.51997,32.511875,4.622066,4.6017566
156.2841,31.86699,4.627679,4.6083717
157.04796,31.221777,4.6332917,4.614987
157.81163,30.576357,4.6389046,4.6217413
158.57524,29.930851,4.6445174,4.6285567
159.33887,29.285376,4.6501303,4.6353726
160.10262,28.640045,4.655743,4.642188
160.8666,27.994978,4.661356,4.649004
161.63089,27.350294,4.666967,4.6558166
162.39563,26.706121,4.6725764,4.6626287
163.1609,26.062597,4.678186,4.6694403
163.92683,25.419859,4.683796,4.676252
164.69354,24.778044,4.6894054,4.683064
165.46114,24.137281,4.6951537,4.689727
166.22963,23.49761,4.7009573,4.696331
166.99902,22.859016,4.706761,4.7029347
167.7693,22.221487,4.7125645,4.709539
168.54045,21.585007,4.718368,4.716143
169.31244,20.949558,4.7240233,4.7228856
170.08525,20.3151,4.7296205,4.729682
170.85883,19.68157,4.7352176,4.736479
171.6331,19.048914,4.740815,4.743275
172.40805,18.417068,4.7464123,4.750072
173.18361,17.785976,4.7520065,4.756865
173.95975,17.155586,4.7575994,4.763656
174.7364,16.525852,4.763192,4.7704477
175.51357,15.896723,4.7687855,4.7772393
176.29117,15.268152,4.7743783,4.784031
177.06918,14.640092,4.7799697,4.7906785
177.84756,14.012492,4.78556,4.7972674
178.62628,13.385303,4.791151,4.8038564
179.4053,12.7584715,4.7967415,4.8104453
180.18456,12.131948,4.8023324,4.8170342
180.96402,11.505683,4.808063,4.8237634
181.74364,10.879623,4.8138533,4.830552
182.52339,10.25372,4.8196435,4.8373404
183.30324,9.62792,4.8254337,4.844129
184.08311,9.002174,4.8312235,4.8509173
184.86299,8.376431,4.836877,4.8577075
185.64284,7.7506423,4.842469,4.8644986
186.4226,7.1247582,4.848062,4.8712893
187.20226,6.498731,4.8536544,4.8780804
187.98177,5.872513,4.8592467,4.884871
188.76108,5.2460546,4.8648424,4.8916655
189.54015,4.619301,4.870439,4.8984613
190.31892,3.9921925,4.8760357,4.905257
191.09738,3.3646698,4.8816323,4.912053
191.87544,2.7366736,4.887229,4.9188495
192.65309,2.1081479,4.8928294,4.9255133
193.43028,1.4790682,4.8984323,4.9321165
194.20702,0.8494296,4.904035,4.9387197
194.9833,0.21922795,4.909638,4.945323
195.75912,-0.41154122,4.915241,4.951926
196.53448,-1.04288,4.9209843,4.958671
197.3094,-1.6747653,4.9267926,4.965481
198.0839,-2.307159,4.9326005,4.9722905
198.85802,-2.940022,4.938409,4.9791
199.63177,-3.5733166,4.944217,4.9859095
200.40521,-4.207004,4.9498878,4.9927206
201.17836,-4.841052,4.9554973,4.9995327
201.95123,-5.4754305,4.9611073,5.0063443
202.72386,-6.11011,4.966717,5.013156
203.49626,-6.74506,4.9723268,5.019968
204.26848,-7.3802514,4.9779353,5.026638
205.0405,-8.015655,4.9835434,5.0332475
205.81238,-8.65124,4.9891515,5.039857
206.58414,-9.286979,4.9947596,5.0464664
207.35579,-9.92284,5.0003676,5.0530763
208.12738,-10.558795,5.006114,5.0598235
208.8989,-11.194807,5.011917,5.066627
209.67041,-11.830838,5.0177207,5.073431
210.44196,-12.466849,5.023524,5.080235
211.21353,-13.1028,5.029327,5.0870385
211.98518,-13.738656,5.034982,5.0938354
212.75694,-14.374402,5.040577,5.1006293
213.52878,-15.010037,5.0461717,5.107423
214.3007,-15.645563,5.0517664,5.114217
215.07272,-16.28098,5.0573616,5.1210103
215.84485,-16.916277,5.062948,5.127653
216.61714,-17.551361,5.068531,5.134233
217.38972,-18.186089,5.0741143,5.1408134
218.16273,-18.820316,5.0796976,5.1473937
218.93626,-19.453897,5.085281,5.153974
219.71039,-20.086746,5.0876884,5.1594434
220.48468,-20.719397,5.0886836,5.1644187
221.25838,-21.352753,5.089679,5.169394
222.03076,-21.987726,5.090674,5.1743693
222.80107,-22.625221,5.0916686,5.179344
223.56853,-23.266151,5.062545,5.1736693
224.33217,-23.911606,5.0183964,5.1626825
225.09094,-24.562784,4.974248,5.1516953
225.84373,-25.22086,4.9300985,5.1407075
226.58942,-25.88698,4.8859506,5.1297207
227.32681,-26.56226,4.837385,5.139339
228.05464,-27.247839,4.7865596,5.159508
228.77153,-27.944847,4.735733,5.1796775
229.47603,-28.654366,4.6849065,5.1998467
230.16666,-29.377401,4.6340847,5.220014
230.84184,-30.114866,4.6440115,5.1675444
231.50018,-30.867405,4.679579,5.0844193
232.14032,-31.635492,4.715147,5.0012913
232.76079,-32.41954,4.75072,4.9181514
233.36009,-33.21988,4.7862983,4.8349996
233.93683,-34.03663,4.822757,4.8394017
234.49094,-34.868904,4.859454,4.867989
235.02303,-35.715424,4.8961453,4.8965716
235.53378,-36.574986,4.9328322,4.9251513
236.02394,-37.446472,4.96952,4.953731
236.49419,-38.328854,4.984743,4.926548
236.94514,-39.221245,4.9961987,4.889569
237.3774,-40.122852,5.007655,4.8525877
237.79155,-41.03292,5.019111,4.8156056
238.18822,-41.950745,5.030568,4.7786226
238.56805,-42.875656,5.014188,4.7921615
238.9317,-43.807056,4.993831,4.812917
239.2798,-44.74438,4.9734745,4.833673
239.61302,-45.687103,4.953119,4.854428
239.93202,-46.634727,4.9327636,4.875182
240.23741,-47.586826,4.920529,4.8888483
240.52933,-48.543137,4.9095697,4.9014015
240.80774,-49.50347,4.8986106,4.913955
241.0726,-50.467632,4.887651,4.926509
241.32388,-51.43542,4.8766913,4.939063
241.56152,-52.406647,4.8561206,4.956508
241.78549,-53.38112,4.833797,4.9748454
241.99574,-54.35864,4.811473,4.9931827
242.19223,-55.33902,4.7891493,5.01152
242.37491,-56.322067,4.7668257,5.029857
242.54373,-57.30759,4.760521,5.023083
242.69864,-58.295395,4.757529,5.011115
242.8396,-59.285286,4.7545366,4.999147
242.96655,-60.277073,4.751545,4.987179
243.07944,-61.270557,4.748553,4.9752107
243.1782,-62.26554,4.815891,4.9992123
243.26282,-63.261833,4.899164,5.031363
243.3332,-64.25923,4.9824376,5.063514
243.38933,-65.25753,5.065711,5.0956655
243.4311,-66.25654,5.1489844,5.1278167
243.45848,-67.256035,5.153371,5.1184945
243.47144,-68.25583,5.1389723,5.0992966
243.46986,-69.25571,5.124574,5.0800986
243.45374,-70.255455,5.1101756,5.060901
243.42299,-71.25486,5.0957775,5.041703
243.37756,-72.2537,5.065684,5.0182805
243.3174,-73.25176,5.031839,4.9938483
243.24243,-74.248825,4.9979944,4.969416
243.1526,-75.24466,4.96415,4.944984
243.04785,-76.23904,4.930305,4.920552
242.92813,-77.23172,4.9465137,4.9127374
242.79337,-78.22247,4.9741817,4.908727
242.64357,-79.21106,5.0018497,4.9047174
242.47867,-80.19724,5.0295177,4.9007077
242.29865,-81.18078,5.0571856,4.8966975
242.10347,-82.16142,5.0948114,4.8928514
241.89322,-83.13895,5.134534,4.8890395
241.66794,-84.11311,5.174257,4.8852277
241.42772,-85.0837,5.2139792,4.8814163
241.17262,-86.05049,5.2537017,4.8776045
240.90276,-87.01326,5.210859,4.9021616
240.61818,-87.97178,5.152457,4.932065
240.31894,-88.925835,5.0940557,4.961968
240.00513,-89.87518,5.035654,4.9918714
239.6768,-90.81962,4.9772525,5.021775
239.33403,-91.7589,4.958658,5.0423746
238.97688,-92.69282,4.9466143,5.0614443
238.60542,-93.62114,4.9345703,5.0805135
238.21976,-94.54364,4.9225264,5.099583
237.81992,-95.46009,4.910483,5.1186523
237.40602,-96.37028,4.8690453,5.1991496
236.9781,-97.27396,4.823481,5.288271
236.53627,-98.17091,4.7779164,5.3773923
236.08058,-99.06091,4.7323523,5.4665136
235.61113,-99.94373,4.686788,5.555635
235.12798,-100.81912,4.7215037,5.5025125
234.63123,-101.686874,4.7656455,5.4326878
234.12094,-102.54674,4.8097878,5.362863
233.59724,-103.3985,4.8539295,5.2930384
233.06021,-104.241905,4.898072,5.223214
232.50992,-105.07673,4.932131,5.2129827
231.94647,-105.90273,4.9652047,5.208573
231.36996,-106.71967,4.9982786,5.204163
230.7805,-107.52731,5.0313525,5.199753
230.17816,-108.32539,5.0644264,5.195343
229.56305,-109.11368,5.0594354,5.2309785
228.93532,-109.891945,5.0512323,5.269993
228.2951,-110.65998,5.0430293,5.309007
227.64256,-111.417564,5.0348263,5.348021
226.97783,-112.16449,5.0266232,5.3870354
226.30109,-112.900536,5.132275,5.315829
225.6125,-113.62551,5.2472897,5.235558
224.91228,-114.33926,5.362304,5.1552877
224.20059,-115.04158,5.4773183,5.0750175
223.47766,-115.73232,5.5923324,4.994747
222.74365,-116.411285,5.571478,4.981603
221.99878,-117.07829,5.538154,4.9746194
221.24318,-117.73313,5.504831,4.967635
220.47704,-118.37561,5.471507,4.9606514
219.70053,-119.00552,5.438184,4.953667
218.91383,-119.62266,5.4608235,4.9894776
218.11713,-120.226814,5.4893746,5.029809
217.31058,-120.817764,5.5179257,5.07014
216.49435,-121.3953,5.5464773,5.1104712
215.66867,-121.959206,5.5750284,5.150802
214.83368,-122.50924,5.5208497,5.225587
213.98958,-123.04518,5.45706,5.304374
213.13654,-123.566795,5.39327,5.383162
212.27475,-124.07382,5.3294797,5.46195
211.40442,-124.566025,5.26569,5.540737
210.52573,-125.04315,5.251108,5.5608377
209.6389,-125.50497,5.242292,5.5740623
208.74413,-125.95121,5.233475,5.587287
207.84164,-126.381645,5.224659,5.6005116
206.93167,-126.79601,5.2158427,5.6137357
206.01445,-127.19405,5.270551,5.668736
205.09018,-127.575485,5.3319736,5.728151
204.15912,-127.939995,5.393397,5.7875667
203.2215,-128.28728,5.4548206,5.846983
202.27757,-128.61703,5.5162444,5.9063997
201.3276,-128.92897,5.594569,5.86671
200.37195,-129.223,5.6743116,5.818704
199.41095,-129.4991,5.754053,5.7706985
198.44498,-129.75723,5.833795,5.722693
197.47437,-129.99736,5.9135375,5.6746864
196.49947,-130.21947,5.910614,5.733739
195.52068,-130.4237,5.90279,5.799138
194.53836,-130.61024,5.8949666,5.864537
193.55287,-130.77925,5.8871427,5.929935
192.56458,-130.93092,5.879319,5.9953337
191.57379,-131.06543,5.8674827,6.026985
190.58084,-131.1829,5.855476,6.057203
189.58604,-131.28354,5.8434687,6.0874205
188.58969,-131.36743,5.831462,6.117638
187.59209,-131.43477,5.8194547,6.1478558
186.5935,-131.48569,5.8395495,6.1722383
185.59424,-131.52034,5.8609085,6.1963916
184.59454,-131.5389,5.882267,6.2205453
183.59467,-131.54149,5.903626,6.244698
182.59488,-131.52827,5.9249845,6.2688518
181.59541,-131.49942,6.0040145,6.2331758
180.59653,-131.45503,6.085924,6.194513
179.59843,-131.39528,6.167834,6.1558495
178.60138,-131.32027,6.249744,6.1171865
177.60558,-131.23013,6.3316536,6.0785236
176.61124,-131.12502,6.351531,5.992353
175.61859,-131.005,6.367077,5.902865
174.62784,-130.87024,6.3826227,5.813377
173.63919,-130.72083,6.3981686,5.723889
172.65285,-130.55687,6.4137144,5.6344013
171.669,-130.37848,6.370657,5.654485
170.6879,-130.18573,6.322315,5.684449
169.70969,-129.97867,6.2739735,5.714413
168.7346,-129.75735,6.225631,5.744377
167.76286,-129.52185,6.1772885,5.7743416
166.79465,-129.27222,6.160019,5.870426
165.83012,-129.00868,6.1457744,5.972948
164.86946,-128.73143,6.13153,6.075469
163.91278,-128.44073,6.1172853,6.1779895
162.96022,-128.13678,6.1030407,6.2805114
162.0119,-127.81982,6.090999,6.310934
161.06795,-127.490135,6.079131,6.3356752
160.1284,-127.148026,6.0672636,6.3604164
159.19339,-126.793785,6.0553956,6.385158
158.26292,-126.427704,6.043528,6.409899
157.3371,-126.05008,6.0343513,6.4315643
156.41595,-125.661194,6.0253,6.4530864
155.4995,-125.26134,6.0162487,6.4746084
154.58778,-124.8508,6.0071974,6.4961305
153.68083,-124.42986,5.998146,6.5176525
152.77864,-123.9988,5.9954314,6.5318303
151.88123,-123.5579,5.9928207,6.5458884
150.98856,-123.10744,5.99021,6.559946
150.10065,-122.6477,5.9875994,6.5740037
149.21745,-122.17894,5.9851623,6.58787
148.33896,-121.70144,6.022238,6.55821
147.46512,-121.215454,6.059314,6.528549
146.5959,-120.72125,6.09639,6.4988885
145.73128,-120.219086,6.1334653,6.469228
144.87117,-119.7092,6.170403,6.439734
144.01553,-119.19185,6.1980133,6.4215274
143.1643,-118.667274,6.225623,6.403321
142.31743,-118.135704,6.2532334,6.385114
141.47484,-117.597374,6.2808433,6.3669076
140.63644,-117.05252,6.307287,6.350028
139.80219,-116.50136,6.263895,6.4126167
138.97198,-115.944115,6.220503,6.4752054
138.14575,-115.38099,6.17711,6.5377946
137.3234,-114.81221,6.133718,6.6003838
136.50485,-114.23796,6.091009,6.6619844
135.69003,-113.65846,6.0916095,6.660984
134.87881,-113.07391,6.09221,6.6599836
134.07112,-112.48451,6.09281,6.6589828
133.26685,-111.89044,6.0934105,6.6579823
132.4659,-111.291916,6.094007,6.656982
131.66815,-110.68911,6.0944076,6.655981
130.8735,-110.082214,6.0948076,6.65498
130.08185,-109.471436,6.095208,6.65398
129.29308,-108.85696,6.095608,6.652979
128.50703,-108.23896,6.096013,6.6519737
127.72363,-107.61763,6.0966134,6.650773
126.94274,-106.99316,6.0972137,6.649573
126.16422,-106.365715,6.097814,6.648372
125.387955,-105.7355,6.098414,6.647172
124.61381,-105.10267,6.0990143,6.645976
123.84165,-104.467415,6.099614,6.644976
123.07136,-103.82991,6.100214,6.643976
122.30279,-103.19032,6.1008143,6.6429763
121.535805,-102.54884,6.101414,6.6419764
120.77027,-101.905624,6.1020093,6.6409764
120.00605,-101.26084,6.102409,6.6399775
119.243004,-100.61468,6.102809,6.638978
118.480995,-99.96729,6.1032085,6.6379786
117.71987,-99.318855,6.1036086,6.636979
116.9595,-98.66954,6.104012,6.6359797
116.199745,-98.019516,6.104612,6.6349807
115.44045,-97.368935,6.1052113,6.633981
114.681496,-96.71797,6.1058106,6.6329823
113.92274,-96.06678,6.10641,6.6319833
113.16403,-95.41553,6.1070094,6.6309843
112.405235,-94.76437,6.107609,6.629985
111.6462,-94.113495,6.1082087,6.628986
110.88677,-93.46308,6.108808,6.627987
110.12679,-92.81332,6.1094074,6.6269875
109.3661,-92.16438,6.1100044,6.6259885
108.60456,-91.51644,6.1104045,6.624989
107.84216,-90.86951,6.110804,6.6239896
107.07892,-90.22358,6.111204,6.62299
106.31482,-89.57865,6.1116037,6.6219907
105.54988,-88.93473,6.112005,6.62099
104.78411,-88.291794,6.112605,6.61979
104.01755,-87.6498,6.113205,6.6185904
103.25022,-87.00872,6.113805,6.6173906
102.482185,-86.36849,6.114404,6.6161914
101.71348,-85.72907,6.115004,6.614993
100.94414,-85.09042,6.115604,6.613993
100.174194,-84.45249,6.1162043,6.6129932
99.40367,-83.81525,6.116804,6.6119933
98.63262,-83.178665,6.117404,6.6109934
97.86105,-82.542694,6.1180024,6.6099935
97.08901,-81.907295,6.1184025,6.6089935
96.31653,-81.272446,6.1188025,6.6079936
95.54363,-80.63809,6.1192026,6.6069937
94.77036,-80.0042,6.1196027,6.6059937
93.99674,-79.370735,6.1200037,6.604994
93.22281,-78.73764,6.120604,6.6039934
92.4486,-78.1049,6.121204,6.6029935
91.67415,-77.47245,6.1218038,6.6019936
90.899475,-76.84026,6.122404,6.600993
90.12462,-76.208305,6.123004,6.599993
89.34962,-75.57653,6.1236043,6.5989933
88.57449,-74.9449,6.124204,6.597993
87.799286,-74.31338,6.124804,6.596993
87.024025,-73.68192,6.1254044,6.595993
86.24874,-73.05049,6.126003,6.5949926
85.47347,-72.419044,6.126403,6.5939927
84.69824,-71.787544,6.126803,6.5929923
83.92309,-71.15595,6.127203,6.5919924
83.14805,-70.52422,6.127603,6.5909925
82.37314,-69.89233,6.1280046,6.5899906
81.598404,-69.26023,6.128605,6.5887904
80.82383,-68.62792,6.1292048,6.58759
80.04943,-67.995415,6.1298046,6.5863905
79.275185,-67.3627,6.130405,6.5851903
78.50111,-66.7298,6.131005,6.5839915
77.72718,-66.0967,6.131605,6.5829916
76.95341,-65.46342,6.132205,6.5819917
76.17979,-64.829956,6.132805,6.5809917
75.40632,-64.196304,6.133405,6.5799913
74.63299,-63.56248,6.1340036,6.5789914
73.8598,-62.928482,6.134403,6.5779915
73.086754,-62.294315,6.1348033,6.5769916
72.31384,-61.659985,6.1352034,6.5759916
71.54106,-61.02549,6.1356034,6.574991
70.76841,-60.39084,6.1360054,6.5739913
69.99589,-59.756035,6.1366053,6.5729914
69.22349,-59.12108,6.137205,6.5719914
68.45121,-58.485973,6.137805,6.5709915
67.67905,-57.850727,6.1384053,6.5699916
66.907,-57.215343,6.139005,6.568991
66.13506,-56.579823,6.139605,6.5679913
65.363235,-55.94417,6.1402054,6.5669913
64.591515,-55.30839,6.1408052,6.5659914
63.8199,-54.672485,6.141405,6.5649915
63.048378,-54.03646,6.1420035,6.5639896
62.27696,-53.40032,6.1424036,6.56279
61.505627,-52.764065,6.142803,6.5615897
60.734386,-52.127697,6.1432033,6.56039
59.963234,-51.49123,6.1436033,6.5591903
59.19217,-50.854656,6.144005,6.557992
58.42118,-50.217983,6.1446047,6.556992
57.650272,-49.58122,6.145205,6.555992
56.87944,-48.944363,6.145805,6.554992
56.108677,-48.30742,6.1464047,6.5539923
55.337986,-47.67039,6.1470046,6.5529923
54.567356,-47.033287,6.1476045,6.5519924
53.796795,-46.396103,6.148205,6.5509925
53.02629,-45.758846,6.1488047,6.5499926
52.255844,-45.121525,6.1494045,6.5489926
51.48545,-44.484135,6.150003,6.5479927
50.715107,-43.846684,6.150403,6.546993
49.944813,-43.20918,6.150803,6.545993
49.17456,-42.571617,6.1512027,6.544993
48.404354,-41.934006,6.1516027,6.543993
47.634182,-41.296345,6.1520042,6.542993
46.864048,-40.658646,6.152604,6.541993
46.093945,-40.020905,6.153204,6.540993
45.32387,-39.38313,6.153804,6.5399933
44.553825,-38.745323,6.1544037,6.5389934
43.783802,-38.107487,6.155004,6.5379934
43.013798,-37.469627,6.155604,6.536994
42.243813,-36.83175,6.1562037,6.535994
41.47384,-36.19385,6.1568036,6.534994
40.703876,-35.555943,6.1574035,6.533994
39.93392,-34.918022,6.1580024,6.5329933
39.163975,-34.280098,6.1584024,6.531793
38.394028,-33.64217,6.158802,6.5305934
37.624077,-33.004242,6.159202,6.5293937
36.854126,-32.36632,6.159602,6.5281935
36.084167,-31.728409,6.160003,6.5269947
35.314198,-31.09051,6.160603,6.525995
34.544212,-30.452625,6.161203,6.5249953
33.77421,-29.814762,6.161803,6.5239954
33.004192,-29.176924,6.1624026,6.5229955
32.234146,-28.539114,6.1630025,6.5219955
31.464075,-27.901335,6.163603,6.5209956
30.693975,-27.263592,6.1642027,6.5199957
29.923845,-26.625885,6.1648026,6.518996
29.153683,-25.988216,6.1654024,6.517996
28.383488,-25.35059,6.166002,6.516996
27.613256,-24.713005,6.1664014,6.515996
26.84299,-24.075462,6.1668015,6.5149965
26.072691,-23.43796,6.1672015,6.5139966
25.302359,-22.800497,6.1676016,6.5129967
24.531994,-22.163074,6.168002,6.5119967
23.761597,-21.52569,6.168602,6.510997
22.991169,-20.888342,6.169202,6.509997
22.22071,-20.251032,6.1698017,6.508997
21.450222,-19.61376,6.1704016,6.507997
20.6797,-18.976524,6.171002,6.5069966
19.909151,-18.339325,6.171602,6.505797
19.138573,-17.702162,6.1722016,6.5045967
18.367964,-17.065033,6.1728015,6.503397
17.597326,-16.427938,6.1734014,6.5021973
16.82666,-15.790879,6.1740007,6.5009975
16.055967,-15.153853,6.174401,6.4999976
15.285247,-14.516861,6.174801,6.4989977
14.514499,-13.879901,6.175201,6.497998
13.743724,-13.242973,6.1756005,6.4969983
12.972923,-12.606077,6.176001,6.4959984
12.202097,-11.969213,6.176601,6.4949985
11.431245,-11.332378,6.177201,6.4939985
10.660368,-10.695575,6.177801,6.4929986
9.889466,-10.058801,6.178401,6.4919987
9.118541,-9.422056,6.179001,6.4909987
8.34759,-8.78534,6.1796007,6.489999
7.5766177,-8.148653,6.1802006,6.488999
6.8056216,-7.511994,6.1808004,6.487999
6.034603,-6.8753614,6.181401,6.486999
5.263562,-6.238756,6.182,6.485999
4.4925,-5.6021767,6.1824,6.484999
3.721416,-4.9656234,6.1828003,6.4839993
2.9503114,-4.3290954,6.1832004,6.4829993
2.179186,-3.6925924,6.1836004,6.4819994
1.4080409,-3.0561137,6.184,6.4809995
0.63687587,-2.4196587,6.1846004,6.4799995
-0.13430838,-1.7832272,6.1852,6.4789996
-0.90551156,-1.1468185,6.1858,6.4779997
-1.6767333,-0.5104323,6.1864,6.4769998
