# x_m,y_m,w_tr_right_m,w_tr_left_m
-0.473164,0.749307,5.894,5.83
-1.0151459,-0.09097377,5.8929996,5.83
-1.5571196,-0.9312598,5.8919997,5.83
-2.0990853,-1.771551,5.891,5.83
-2.6410432,-2.6118472,5.8899994,5.83
-3.1829934,-3.4521484,5.8889995,5.83
-3.724936,-4.2924547,5.887999,5.8302
-4.266871,-5.1327653,5.886999,5.8304
-4.808799,-5.973081,5.8859987,5.8306003
-5.3507195,-6.8134017,5.884999,5.8308
-5.8926325,-7.6537266,5.883999,5.831
-6.434538,-8.494057,5.8829985,5.831
-6.9764366,-9.334391,5.8819985,5.831
-7.518328,-10.17473,5.880998,5.831
-8.060213,-11.015074,5.879998,5.831
-8.602091,-11.855421,5.8789983,5.8310003
-9.143962,-12.695773,5.878198,5.8312006
-9.685827,-13.53613,5.877398,5.8314004
-10.227685,-14.37649,5.876598,5.8316007
-10.769537,-15.216854,5.8757977,5.8318005
-11.311383,-16.057222,5.874997,5.832
-11.853223,-16.897596,5.873997,5.832
-12.395056,-17.737972,5.872997,5.832
-12.936884,-18.578352,5.871997,5.832
-13.478705,-19.418737,5.870997,5.832
-14.020521,-20.259125,5.8699965,5.832
-14.562331,-21.099516,5.8689966,5.832
-15.1041355,-21.93991,5.867996,5.832
-15.645935,-22.78031,5.8669963,5.832
-16.187729,-23.62071,5.865996,5.832
-16.729517,-24.461117,5.864996,5.8320007
-17.271301,-25.301525,5.8639956,5.832201
-17.81308,-26.141937,5.8629956,5.832401
-18.354853,-26.982353,5.8619957,5.832601
-18.896622,-27.822771,5.8609953,5.832801
-19.438385,-28.663193,5.8599963,5.833
-19.980145,-29.503616,5.859196,5.833
-20.5219,-30.344044,5.858396,5.833
-21.06365,-31.184473,5.857596,5.833
-21.605396,-32.024906,5.856796,5.833
-22.147139,-32.86534,5.8559947,5.833
-22.688875,-33.70578,5.8549943,5.833
-23.230608,-34.546223,5.8539944,5.833
-23.772339,-35.386665,5.852994,5.833
-24.314064,-36.22711,5.851994,5.833
-24.855785,-37.06756,5.8509936,5.833001
-25.397505,-37.90801,5.8499937,5.8332014
-25.939219,-38.748463,5.848994,5.833401
-26.48093,-39.588917,5.8479934,5.8336015
-27.022638,-40.429375,5.8469934,5.8338013
-27.564344,-41.269833,5.845993,5.834
-28.106045,-42.110294,5.844993,5.834
-28.647745,-42.95076,5.8439927,5.834
-29.18944,-43.791225,5.842993,5.834
-29.731133,-44.63169,5.8419924,5.834
-30.272823,-45.47216,5.840994,5.8340015
-30.81451,-46.31263,5.8401937,5.8342013
-31.356195,-47.153103,5.8393936,5.8344016
-31.897879,-47.993576,5.8385935,5.8346014
-32.43956,-48.834053,5.8377934,5.8348017
-32.981236,-49.67453,5.836992,5.835
-33.522915,-50.515007,5.835992,5.835
-34.064587,-51.355484,5.8349915,5.835
-34.60626,-52.195965,5.8339915,5.835
-35.14793,-53.036446,5.832991,5.835
-35.689598,-53.87693,5.831991,5.835
-36.231266,-54.717415,5.830991,5.835
-36.77293,-55.5579,5.829991,5.835
-37.314594,-56.398384,5.8289905,5.835
-37.85626,-57.238873,5.8279905,5.835
-38.39792,-58.079357,5.8269906,5.835002
-38.93958,-58.919846,5.82599,5.8352017
-39.48124,-59.760334,5.8249903,5.835402
-40.0229,-60.600822,5.82399,5.835602
-40.564556,-61.441315,5.82299,5.835802
-41.106213,-62.281803,5.821992,5.836
-41.64787,-63.122295,5.821192,5.836
-42.189526,-63.962784,5.8203917,5.836
-42.731182,-64.803276,5.8195915,5.836
-43.27284,-65.64377,5.8187914,5.836
-43.81449,-66.48426,5.817989,5.8360023
-44.356148,-67.32475,5.816989,5.836202
-44.8978,-68.165245,5.8159885,5.8364024
-45.439457,-69.00573,5.8149886,5.836602
-45.981113,-69.84622,5.813988,5.8368025
-46.52277,-70.686714,5.8129883,5.837
-47.064426,-71.52721,5.8119884,5.837
-47.606083,-72.3677,5.810988,5.837
-48.14774,-73.20818,5.809988,5.837
-48.689396,-74.048676,5.8089876,5.837
-49.231056,-74.88917,5.8079877,5.837
-49.772717,-75.72965,5.8069873,5.837
-50.314377,-76.570145,5.8059874,5.837
-50.856037,-77.41063,5.8049874,5.837
-51.3977,-78.251114,5.803987,5.837
-51.939365,-79.0916,5.8029895,5.8370028
-52.48103,-79.93208,5.8021894,5.8372025
-53.022697,-80.77257,5.801389,5.837403
-53.56437,-81.61305,5.800589,5.8376026
-54.106037,-82.45353,5.799789,5.837803
-54.647713,-83.294014,5.7989864,5.838
-55.189384,-84.13449,5.797986,5.838
-55.731064,-84.97497,5.796986,5.838
-56.272743,-85.815445,5.7959857,5.838
-56.814423,-86.65592,5.794986,5.838
-57.356106,-87.49639,5.7939854,5.838
-57.897793,-88.33686,5.7929854,5.838
-58.43948,-89.17734,5.791985,5.838
-58.98117,-90.0178,5.790985,5.838
-59.522865,-90.85827,5.789985,5.838
-60.06456,-91.69873,5.788985,5.838003
-60.606262,-92.5392,5.787985,5.838203
-61.147964,-93.379654,5.7869844,5.838403
-61.68967,-94.220116,5.7859845,5.838603
-62.231377,-95.06057,5.784984,5.8388033
-62.77309,-95.901024,5.7839904,5.839
-63.314808,-96.74148,5.7833905,5.839
-63.856525,-97.58193,5.78279,5.839
-64.39825,-98.42238,5.7821903,5.839
-64.93997,-99.262825,5.78159,5.839
-65.481705,-100.103264,5.7810163,5.839
-66.02344,-100.9437,5.7820168,5.839
-66.56518,-101.78414,5.7830167,5.839
-67.106926,-102.62458,5.784017,5.839
-67.64867,-103.46501,5.785017,5.839
-68.19042,-104.30544,5.7860136,5.8390036
-68.73218,-105.14587,5.7868137,5.8392034
-69.27394,-105.98629,5.787614,5.8394036
-69.815704,-106.82671,5.788414,5.8396034
-70.357475,-107.66713,5.789214,5.8398037
-70.89925,-108.507545,5.7900143,5.84
-71.441025,-109.34795,5.7908144,5.84
-71.98281,-110.18836,5.7916145,5.84
-72.524605,-111.02876,5.7924147,5.84
-73.0664,-111.86916,5.793215,5.84
-73.6082,-112.709564,5.794015,5.84
-74.15,-113.54996,5.794815,5.84
-74.69181,-114.39035,5.795615,5.84
-75.23363,-115.23074,5.7964153,5.84
-75.775444,-116.07113,5.7972155,5.84
-76.31727,-116.91151,5.7980194,5.84
-76.8591,-117.751884,5.7990193,5.84
-77.40093,-118.59226,5.8000193,5.84
-77.94277,-119.43264,5.8010197,5.84
-78.48461,-120.27301,5.8020196,5.84
-79.02646,-121.11338,5.8030157,5.840004
-79.568306,-121.95374,5.803816,5.8402042
-80.11016,-122.794106,5.804616,5.840404
-80.65202,-123.63447,5.805416,5.840604
-81.193886,-124.47482,5.8062162,5.840804
-81.73575,-125.31518,5.8070164,5.841
-82.27762,-126.15553,5.8078165,5.841
-82.819496,-126.99588,5.8086166,5.841
-83.361374,-127.83623,5.809417,5.841
-83.90325,-128.67657,5.810217,5.841
-84.44514,-129.51692,5.811017,5.841
-84.98702,-130.35725,5.811817,5.841
-85.528915,-131.1976,5.8126173,5.841
-86.07081,-132.03793,5.8134174,5.841
-86.61271,-132.87827,5.8142176,5.841
-87.15461,-133.7186,5.815022,5.841
-87.69651,-134.55893,5.816022,5.841
-88.23842,-135.39926,5.8170223,5.841
-88.780334,-136.2396,5.8180223,5.841
-89.32224,-137.07991,5.8190227,5.841
-89.86416,-137.92024,5.820018,5.841
-90.40608,-138.76056,5.820818,5.841
-90.948,-139.60088,5.821618,5.841
-91.48992,-140.4412,5.822418,5.841
-92.03185,-141.28151,5.8232183,5.841
-92.57378,-142.12183,5.8240185,5.841005
-93.11571,-142.96214,5.8248186,5.8412046
-93.65764,-143.80246,5.8256187,5.841405
-94.19958,-144.64278,5.826419,5.8416047
-94.741516,-145.48308,5.827219,5.841805
-95.283455,-146.32338,5.828019,5.842
-95.82539,-147.1637,5.8288193,5.842
-96.36734,-148.004,5.8296194,5.842
-96.90928,-148.8443,5.8304195,5.842
-97.45123,-149.6846,5.8312197,5.842
-97.99318,-150.5249,5.8320246,5.842
-98.535126,-151.3652,5.8330245,5.842
-99.07708,-152.2055,5.834025,5.842
-99.61903,-153.0458,5.835025,5.842
-100.16099,-153.88611,5.836025,5.842
-100.70294,-154.72641,5.83702,5.842
-101.244896,-155.56671,5.83782,5.842
-101.78686,-156.407,5.83862,5.842
-102.32881,-157.2473,5.8394203,5.842
-102.87077,-158.08759,5.8402205,5.842
-103.412735,-158.92789,5.8410206,5.8420053
-103.9547,-159.76817,5.8418207,5.842205
-104.49666,-160.60847,5.842621,5.8424053
-105.03862,-161.44876,5.843421,5.842605
-105.58058,-162.28906,5.844221,5.8428054
-106.12255,-163.12935,5.8450212,5.843
-106.66451,-163.96965,5.8458214,5.843
-107.206474,-164.80994,5.8466215,5.843
-107.74844,-165.65022,5.8474216,5.843
-108.290405,-166.49052,5.848222,5.843
-108.832375,-167.33081,5.849027,5.843
-109.37434,-168.1711,5.850027,5.843
-109.916306,-169.0114,5.8510275,5.843
-110.45827,-169.85168,5.8520274,5.843
-111.00024,-170.69197,5.853028,5.843
-111.5422,-171.53227,5.854022,5.843
-112.08417,-172.37256,5.854822,5.843
-112.62613,-173.21284,5.8556223,5.843
-113.16809,-174.05315,5.8564224,5.843
-113.71006,-174.89343,5.8572226,5.843
-114.25202,-175.73373,5.8580227,5.8430057
-114.79398,-176.57402,5.858823,5.843206
-115.335945,-177.41432,5.859623,5.8434057
-115.87791,-178.25461,5.860423,5.843606
-116.41987,-179.09491,5.861223,5.843806
-116.96182,-179.9352,5.8620234,5.844
-117.503784,-180.7755,5.8628235,5.844
-118.04574,-181.6158,5.8636236,5.844
-118.58769,-182.45609,5.8644238,5.844
-119.12965,-183.29639,5.865224,5.844
-119.6716,-184.13669,5.8660297,5.844
-120.213554,-184.97699,5.8670297,5.844
-120.7555,-185.81729,5.86803,5.844
-121.297455,-186.6576,5.86903,5.844
-121.8394,-187.4979,5.8700304,5.844
-122.38134,-188.3382,5.871024,5.844
-122.92329,-189.17851,5.8718243,5.844
-123.465225,-190.01881,5.8726244,5.844
-124.007164,-190.85912,5.8734245,5.844
-124.5491,-191.69943,5.8742247,5.844
-125.09104,-192.53975,5.875025,5.844
-125.63297,-193.38005,5.875825,5.844
-126.174904,-194.22037,5.876625,5.844
-126.716835,-195.06068,5.877425,5.844
-127.25876,-195.901,5.8782253,5.844
-127.80068,-196.74132,5.8790255,5.8440065
-128.3426,-197.58163,5.8798256,5.8442063
-128.88452,-198.42197,5.8806257,5.8444066
-129.42644,-199.26228,5.8814254,5.8446064
-129.96835,-200.10262,5.8822255,5.844806
-130.51025,-200.94293,5.8830323,5.845
-131.05217,-201.78326,5.8840322,5.845
-131.59407,-202.6236,5.8850327,5.845
-132.13597,-203.46393,5.8860326,5.845
-132.67787,-204.30426,5.887033,5.845
-133.21977,-205.14459,5.888026,5.845
-133.76166,-205.98494,5.8888264,5.845
-134.30354,-206.82527,5.8896265,5.845
-134.84543,-207.66562,5.8904266,5.845
-135.38731,-208.50597,5.891227,5.845
-135.9292,-209.34631,5.892027,5.845
-136.47107,-210.18666,5.892827,5.845
-137.01294,-211.02702,5.893627,5.845
-137.55481,-211.86737,5.8944273,5.845
-138.09666,-212.70773,5.8952274,5.845
-138.63852,-213.5481,5.8960276,5.845007
-139.18037,-214.38846,5.896827,5.8452067
-139.72223,-215.22882,5.8976274,5.845407
-140.26407,-216.06918,5.8984275,5.845607
-140.80592,-216.90956,5.8992276,5.845807
-141.34776,-217.74994,5.900035,5.846
-141.88959,-218.5903,5.901035,5.846
-142.43141,-219.4307,5.902035,5.846
-142.97324,-220.27107,5.903035,5.846
-143.51506,-221.11145,5.9040356,5.846
-144.05688,-221.95184,5.9050283,5.846
-144.5987,-222.79224,5.9058285,5.846
-145.14049,-223.63263,5.9066286,5.846
-145.6823,-224.47302,5.9074287,5.846
-146.22409,-225.31343,5.908229,5.846
-146.76588,-226.15384,5.909029,5.846
-147.30766,-226.99425,5.909829,5.846
-147.84944,-227.83466,5.9106293,5.846
-148.39122,-228.67506,5.9114294,5.846
-148.93298,-229.51549,5.912229,5.846
-149.47475,-230.35591,5.913029,5.846
-150.01651,-231.19633,5.9138293,5.846
-150.55826,-232.03676,5.9146295,5.846
-151.1,-232.8772,5.9154296,5.846
-151.64175,-233.71762,5.9162297,5.846
-152.18349,-234.55807,5.9170375,5.8460073
-152.72522,-235.39851,5.9180374,5.8462076
-153.26694,-236.23895,5.919038,5.8464074
-153.80865,-237.0794,5.9200377,5.8466077
-154.35037,-237.91986,5.9210377,5.8468075
-154.89207,-238.76033,5.9220304,5.847
-155.43378,-239.60078,5.9228306,5.847
-155.97546,-240.44125,5.9236307,5.847
-156.51715,-241.28172,5.924431,5.847
-157.05882,-242.12221,5.925231,5.847
-157.6005,-242.96268,5.926031,5.847
-158.14217,-243.80316,5.9268312,5.847
-158.68382,-244.64366,5.927631,5.847
-159.22548,-245.48415,5.928431,5.847
-159.76712,-246.32465,5.929231,5.847
-160.30876,-247.16515,5.9300313,5.847
-160.8504,-248.00566,5.9308314,5.847
-161.39203,-248.84616,5.9316316,5.847
-161.93364,-249.68668,5.9324317,5.847
-162.47525,-250.5272,5.933232,5.847
-163.01685,-251.36772,5.934008,5.847
-163.55844,-252.20825,5.934208,5.847
-164.10004,-253.0488,5.934408,5.847
-164.64162,-253.88933,5.934608,5.847
-165.1832,-254.72987,5.9348083,5.847
-165.72476,-255.57042,5.935008,5.847
-166.26631,-256.41098,5.9352083,5.847
-166.80786,-257.25153,5.935408,5.847
-167.3494,-258.0921,5.9356084,5.847
-167.89093,-258.93268,5.935808,5.847
-168.43246,-259.77325,5.9360085,5.847
-168.97398,-260.61383,5.9362082,5.847
-169.51549,-261.4544,5.9364085,5.847
-170.05699,-262.295,5.9366083,5.847
-170.59848,-263.1356,5.936808,5.847
-171.13997,-263.9762,5.9370084,5.847008
-171.68144,-264.8168,5.937208,5.8472085
-172.22292,-265.6574,5.9374084,5.8474083
-172.76437,-266.49805,5.9376082,5.8476086
-173.30582,-267.33865,5.9378085,5.8478084
-173.84726,-268.1793,5.9380083,5.848
-174.38869,-269.01993,5.9382086,5.848
-174.93011,-269.86057,5.9384084,5.848
-175.47153,-270.7012,5.9386086,5.848
-176.01292,-271.54187,5.9388084,5.848
-176.55432,-272.38254,5.9390087,5.848
-177.09572,-273.2232,5.9392085,5.848
-177.63708,-274.06387,5.939409,5.848
-178.17845,-274.90454,5.9396086,5.848
-178.71982,-275.7452,5.939809,5.848
-179.26115,-276.5859,5.9400086,5.848
-179.8025,-277.4266,5.940209,5.848
-180.34383,-278.2673,5.9404087,5.848
-180.88515,-279.108,5.940609,5.848
-181.42645,-279.94873,5.940809,5.848
-181.96776,-280.78946,5.941009,5.848
-182.50905,-281.6302,5.941209,5.848
-183.05032,-282.47092,5.941409,5.848
-183.5916,-283.31165,5.941609,5.848
-184.13286,-284.1524,5.941809,5.848
-184.6741,-284.99316,5.942009,5.848
-185.21533,-285.83392,5.9422092,5.848
-185.75656,-286.67468,5.942409,5.848
-186.29779,-287.51544,5.9426093,5.848
-186.83899,-288.35623,5.942809,5.848
-187.38019,-289.19702,5.943009,5.848
-187.92137,-290.0378,5.943209,5.848
-188.46254,-290.87863,5.943409,5.848
-189.00371,-291.71942,5.943609,5.848
-189.54486,-292.56024,5.943809,5.848
-190.086,-293.40106,5.9440093,5.848
-190.62714,-294.24188,5.944209,5.848
-191.16824,-295.08273,5.9444094,5.848
-191.70935,-295.92358,5.944609,5.848
-192.25046,-296.76443,5.9448094,5.848
-192.79153,-297.6053,5.945009,5.848
-193.33261,-298.44614,5.9452095,5.848
-193.87367,-299.28702,5.9454093,5.848
-194.41472,-300.1279,5.9456096,5.848
-194.95576,-300.96878,5.9458094,5.848
-195.49678,-301.8097,5.9460096,5.848
-196.0378,-302.6506,5.9462094,5.848
-196.5788,-303.49152,5.9464097,5.848
-197.1198,-304.33243,5.9466095,5.848
-197.66077,-305.17334,5.94681,5.848
-198.20174,-306.01428,5.9470096,5.848
-198.74269,-306.85522,5.94721,5.848
-199.28363,-307.6962,5.9474096,5.848
-199.82455,-308.53714,5.94761,5.848
-200.36548,-309.3781,5.9478097,5.848
-200.90639,-310.2191,5.94801,5.848
-201.44727,-311.06006,5.94821,5.848
-201.98814,-311.90106,5.94841,5.848
-202.52902,-312.74207,5.94861,5.848
-203.06987,-313.58307,5.94881,5.848
-203.6107,-314.42407,5.94901,5.848
-204.15154,-315.2651,5.9492097,5.848
-204.69235,-316.10614,5.94941,5.848
-205.23315,-316.94717,5.9496098,5.848
-205.77394,-317.78824,5.94981,5.848
-206.31471,-318.6293,5.95001,5.848
-206.85547,-319.47037,5.95021,5.848
-207.39622,-320.31143,5.95041,5.848
-207.93695,-321.15253,5.95061,5.848
-208.47768,-321.99362,5.95081,5.848
-209.01837,-322.83472,5.95101,5.848
-209.55907,-323.6758,5.95121,5.848
-210.09975,-324.51694,5.9514103,5.848
-210.64041,-325.35806,5.95161,5.848
-211.18106,-326.19922,5.9518104,5.848
-211.7217,-327.04034,5.95201,5.848
-212.26233,-327.8815,5.9522104,5.848
-212.80293,-328.7227,5.95241,5.848
-213.34352,-329.56384,5.9526105,5.848
-213.88411,-330.40503,5.9528103,5.848
-214.42467,-331.24622,5.9530106,5.848
-214.96523,-332.08743,5.9532104,5.848
-215.50575,-332.92865,5.9534106,5.848
-216.04628,-333.76987,5.9536104,5.848
-216.58678,-334.61108,5.9538107,5.848
-217.12727,-335.45233,5.9540105,5.848
-217.66776,-336.29358,5.9542108,5.848
-218.20822,-337.13486,5.9544106,5.848
-218.74866,-337.9761,5.954611,5.848
-219.2891,-338.81738,5.9548106,5.848
-219.82951,-339.6587,5.955011,5.848
-220.3699,-340.49997,5.9552107,5.848
-220.9103,-341.34128,5.955411,5.848
-221.45067,-342.18262,5.9556108,5.848
-221.99103,-343.02393,5.9558105,5.848
-222.53136,-343.86526,5.956011,5.848
-223.07169,-344.70663,5.9562106,5.848
-223.612,-345.54797,5.956411,5.848
-224.15228,-346.38934,5.9566107,5.848
-224.69257,-347.2307,5.956811,5.848
-225.23282,-348.0721,5.9570107,5.848
-225.77307,-348.9135,5.957211,5.848
-226.3133,-349.7549,5.957411,5.848
-226.8535,-350.59634,5.957611,5.848
-227.3937,-351.43777,5.957811,5.848
-227.93388,-352.2792,5.958011,5.848
-228.47404,-353.12067,5.958211,5.848
-229.01419,-353.96213,5.958411,5.848
-229.55432,-354.8036,5.958611,5.848
-230.09444,-355.64508,5.9588113,5.848
-230.63454,-356.48657,5.959011,5.848
-231.1746,-357.32806,5.9592113,5.848
-231.71468,-358.1696,5.959411,5.848
-232.25473,-359.0111,5.9596114,5.848
-232.79475,-359.85266,5.959811,5.848
-233.33478,-360.69418,5.9600115,5.848
-233.87477,-361.53577,5.9602113,5.848
-234.41475,-362.37732,5.9604115,5.848
-234.95473,-363.2189,5.9606113,5.848
-235.49467,-364.0605,5.9608116,5.848
-236.03462,-364.90207,5.9610114,5.848
-236.57454,-365.74368,5.9612117,5.848
-237.11446,-366.5853,5.9614115,5.848
-237.65434,-367.4269,5.9616117,5.848
-238.19423,-368.26855,5.9618115,5.848
-238.7341,-369.1102,5.9620233,5.8480115
-239.27396,-369.95184,5.9624233,5.848212
-239.8138,-370.7935,5.9628234,5.8484116
-240.35362,-371.63516,5.9632235,5.848612
-240.89343,-372.47684,5.9636235,5.8488116
-241.43323,-373.3185,5.9640117,5.849
-241.97302,-374.16022,5.964212,5.849
-242.51279,-375.00192,5.9644117,5.849
-243.05255,-375.84363,5.964612,5.849
-243.5923,-376.68533,5.964812,5.849
-244.13203,-377.52707,5.965012,5.849
-244.67175,-378.3688,5.965212,5.849
-245.21147,-379.21054,5.965412,5.849
-245.75116,-380.0523,5.965612,5.849
-246.29085,-380.89404,5.965812,5.849
-246.83054,-381.7358,5.966012,5.849
-247.3702,-382.57758,5.966212,5.849
-247.90985,-383.41937,5.966412,5.849
-248.4495,-384.26114,5.966612,5.849
-248.98912,-385.10294,5.966812,5.849
-249.52875,-385.94473,5.967012,5.849
-250.06836,-386.78653,5.967212,5.849
-250.60796,-387.62836,5.967412,5.849
-251.14755,-388.47018,5.9676123,5.849
-251.68713,-389.312,5.967812,5.849
-252.2267,-390.15384,5.9680123,5.849
-252.76627,-390.99567,5.968212,5.849
-253.30582,-391.8375,5.9684124,5.849
-253.84535,-392.67935,5.968612,5.849
-254.38489,-393.5212,5.9688125,5.849
-254.92441,-394.36307,5.9690123,5.849
-255.46393,-395.20496,5.9692125,5.849
-256.00342,-396.0468,5.9694123,5.849
-256.54294,-396.8887,5.9696126,5.849
-257.08243,-397.73056,5.9698124,5.849
-257.6219,-398.57245,5.9700127,5.849
-258.16138,-399.41437,5.9702125,5.849
-258.70084,-400.25626,5.9704127,5.849
-259.2403,-401.09814,5.9706125,5.849
-259.77975,-401.94006,5.970813,5.849
-260.31918,-402.78198,5.9710126,5.849
-260.85864,-403.6239,5.971213,5.849
-261.39807,-404.46582,5.9714127,5.849
-261.9375,-405.30774,5.971613,5.849
-262.4769,-406.14966,5.9718127,5.849
-263.01633,-406.9916,5.972013,5.849
-263.55573,-407.83353,5.972213,5.849
-264.09512,-408.67548,5.972413,5.849
-264.63452,-409.51743,5.972613,5.849
-265.1739,-410.35938,5.972813,5.849
-265.7133,-411.20132,5.973013,5.849
-266.25266,-412.04327,5.973213,5.849
-266.79202,-412.88525,5.973413,5.849
-267.3314,-413.7272,5.973613,5.849
-267.87076,-414.56918,5.973813,5.849
-268.4101,-415.41113,5.974013,5.849
-268.94946,-416.2531,5.974213,5.849
-269.4888,-417.0951,5.974413,5.849
-270.02814,-417.93707,5.974613,5.849
-270.56747,-418.77905,5.974813,5.849
-271.1068,-419.62103,5.9750133,5.849
-271.64615,-420.463,5.975213,5.849
-272.1855,-421.305,5.9754133,5.849
-272.7248,-422.14697,5.975613,5.849
-273.26413,-422.98898,5.9758134,5.849
-273.80344,-423.83096,5.976013,5.849
-274.34277,-424.67297,5.9762135,5.849
-274.88208,-425.51495,5.9764132,5.849
-275.4214,-426.35696,5.9766135,5.849
-275.9607,-427.19894,5.9768133,5.849
-276.5,-428.04095,5.977,5.8491077
-277.0393,-428.88297,5.977,5.850708
-277.5786,-429.72495,5.977,5.8523083
-278.11792,-430.56696,5.977,5.8539085
-278.65723,-431.40897,5.977,5.855509
-279.1965,-432.25098,5.9769726,5.857218
-279.7358,-433.093,5.9765725,5.8604183
-280.27512,-433.93497,5.9761724,5.863619
-280.8144,-434.77698,5.9757724,5.866819
-281.3537,-435.619,5.975373,5.8700194
-281.893,-436.461,5.974986,5.873206
-282.43228,-437.303,5.9747863,5.8762064
-282.9716,-438.14502,5.974586,5.879207
-283.5109,-438.98703,5.974386,5.8822074
-284.05017,-439.82904,5.974186,5.8852077
-284.58948,-440.67105,5.973986,5.888222
-285.12878,-441.51303,5.973786,5.8914223
-285.66806,-442.35504,5.973586,5.894623
-286.20737,-443.19705,5.973386,5.8978233
-286.74667,-444.03906,5.973186,5.901024
-287.28598,-444.88107,5.972986,5.90421
-287.8253,-445.72305,5.972786,5.907211
-288.3646,-446.56506,5.972586,5.910211
-288.9039,-447.40707,5.972386,5.9132113
-289.4432,-448.24905,5.972186,5.9162116
-289.9825,-449.09106,5.971986,5.9192123
-290.52182,-449.93307,5.971786,5.9222126
-291.06113,-450.77505,5.9715858,5.925213
-291.60046,-451.61703,5.971386,5.9282136
-292.13977,-452.45905,5.9711857,5.931214
-292.6791,-453.30103,5.970986,5.9342284
-293.2184,-454.143,5.9707856,5.937429
-293.75775,-454.985,5.970586,5.9406295
-294.2971,-455.827,5.9703856,5.94383
-294.83643,-456.66898,5.9701858,5.94703
-295.37576,-457.51093,5.9699855,5.9502163
-295.91513,-458.3529,5.9697857,5.9532166
-296.45447,-459.1949,5.9695854,5.9562173
-296.99384,-460.03687,5.9693856,5.9592175
-297.5332,-460.8788,5.9691854,5.962218
-298.07254,-461.7208,5.9689856,5.965218
-298.6119,-462.56274,5.9687853,5.968219
-299.1513,-463.4047,5.9685855,5.971219
-299.69067,-464.24664,5.968385,5.9742193
-300.23007,-465.0886,5.9681854,5.97722
-300.76947,-465.93054,5.967985,5.980235
-301.30884,-466.7725,5.9677854,5.9834356
-301.84827,-467.61444,5.967585,5.9866357
-302.38766,-468.45636,5.9673853,5.989836
-302.9271,-469.29828,5.967185,5.9930367
-303.4665,-470.14023,5.966985,5.9962225
-304.00592,-470.98215,5.966785,5.9992228
-304.54538,-471.82407,5.966585,6.002223
-305.0848,-472.666,5.966385,6.0052238
-305.62427,-473.50787,5.966185,6.008224
-306.16373,-474.3498,5.96597,6.0112243
-306.7032,-475.19168,5.96557,6.0142245
-307.24265,-476.03357,5.96517,6.0172253
-307.78214,-476.87546,5.96477,6.0202255
-308.32162,-477.71735,5.96437,6.023226
-308.8611,-478.55923,5.963985,6.0262413
-309.40063,-479.4011,5.9637847,6.029442
-309.94016,-480.24298,5.963585,6.0326424
-310.47968,-481.08484,5.9633846,6.035843
-311.0192,-481.9267,5.963185,6.039043
-311.55875,-482.76852,5.9629846,6.042228
-312.0983,-483.61038,5.962785,6.045229
-312.63785,-484.4522,5.9625845,6.048229
-313.17743,-485.29404,5.9623847,6.0512295
-313.71698,-486.13586,5.962185,6.0542297
-314.2566,-486.9777,5.9619846,6.0572457
-314.79617,-487.81952,5.961785,6.0604463
-315.3358,-488.66132,5.9615846,6.063647
-315.8754,-489.5031,5.961385,6.066847
-316.41504,-490.3449,5.9611845,6.0700474
-316.95468,-491.1867,5.9609847,6.073232
-317.49432,-492.02847,5.9607844,6.076233
-318.034,-492.87024,5.9605846,6.079233
-318.57367,-493.712,5.9603844,6.0822334
-319.11334,-494.55377,5.9601846,6.085234
-319.65305,-495.3955,5.9599843,6.0882344
-320.19275,-496.23727,5.9597845,6.0912347
-320.73248,-497.07898,5.959584,6.094235
-321.27222,-497.92072,5.9593844,6.0972357
-321.81195,-498.76245,5.959184,6.100236
-322.3517,-499.60416,5.9589844,6.103252
-322.89148,-500.44586,5.958784,6.1064525
-323.43127,-501.28754,5.9585843,6.109653
-323.97107,-502.12924,5.958384,6.1128535
-324.5109,-502.97092,5.9581842,6.116054
-325.05072,-503.8126,5.957984,6.1192384
-325.59055,-504.65424,5.957784,6.1222386
-326.1304,-505.49588,5.957584,6.1252394
-326.67026,-506.33752,5.957384,6.1282396
-327.21014,-507.17917,5.957184,6.13124
-327.75003,-508.02078,5.956984,6.13424
-328.28995,-508.8624,5.956784,6.137241
-328.82986,-509.704,5.956584,6.140241
-329.3698,-510.5456,5.9563837,6.1432414
-329.90976,-511.3872,5.956184,6.146242
-330.44974,-512.22876,5.956,6.149194
-330.98972,-513.0703,5.956,6.151594
-331.5297,-513.91187,5.956,6.1539946
-332.0697,-514.7534,5.956,6.156395
-332.60974,-515.595,5.956,6.1587954
-333.14978,-516.4365,5.9561954,6.160886
-333.68985,-517.278,5.9585958,6.159486
-334.22992,-518.1195,5.960996,6.158086
-334.77002,-518.961,5.9633965,6.1566854
-335.31012,-519.8025,5.965797,6.1552854
-335.85025,-520.644,5.968197,6.1538687
-336.3904,-521.4855,5.9705973,6.1522684
-336.93057,-522.3269,5.9729977,6.150668
-337.47073,-523.16833,5.975398,6.149068
-338.01096,-524.00977,5.9777985,6.1474676
-338.55115,-524.8512,5.980199,6.1458673
-339.0914,-525.69257,5.982599,6.1442676
-339.63165,-526.534,5.984999,6.1426673
-340.1719,-527.37537,5.9873996,6.141067
-340.7122,-528.21674,5.9898,6.139467
-341.2525,-529.0581,5.9922004,6.137883
-341.79282,-529.8995,5.994601,6.136483
-342.33316,-530.7408,5.9970007,6.1350827
-342.87354,-531.5821,5.999401,6.1336827
-343.4139,-532.4234,6.0018015,6.1322823
-343.9543,-533.2647,6.004202,6.1308656
-344.49472,-534.106,6.0066023,6.1292653
-345.03516,-534.94727,6.009002,6.127665
-345.57562,-535.7885,6.0114026,6.126065
-346.11612,-536.62976,6.013803,6.1244645
-346.65662,-537.471,6.0162034,6.1228642
-347.19714,-538.31226,6.018604,6.121264
-347.73767,-539.15344,6.021004,6.119664
-348.27823,-539.9946,6.023404,6.118064
-348.81882,-540.8358,6.0258045,6.1164637
-349.3594,-541.677,6.028205,6.1148806
-349.90005,-542.5181,6.0306053,6.11348
-350.4407,-543.3593,6.0330057,6.11208
-350.98135,-544.20044,6.035406,6.11068
-351.52206,-545.0415,6.037806,6.1092796
-352.06277,-545.8826,6.0401893,6.1078625
-352.6035,-546.7237,6.0423894,6.106262
-353.14426,-547.56476,6.04459,6.104662
-353.68503,-548.4058,6.04679,6.1030617
-354.22583,-549.2469,6.0489902,6.1014614
-354.76666,-550.0879,6.051208,6.099861
-355.3075,-550.9289,6.0536084,6.098261
-355.8484,-551.7699,6.056009,6.096661
-356.38928,-552.6109,6.058409,6.095061
-356.93018,-553.45184,6.060809,6.0934606
-357.47113,-554.2928,6.0632095,6.091878
-358.0121,-555.1337,6.06561,6.0904775
-358.55307,-555.9747,6.0680103,6.0890775
-359.0941,-556.81555,6.0704107,6.087677
-359.63513,-557.65643,6.0728106,6.086277
-360.17618,-558.4973,6.075211,6.0848594
-360.7173,-559.3382,6.0776114,6.083259
-361.2584,-560.179,6.080012,6.081659
-361.79953,-561.01984,6.0824122,6.0800586
-362.3407,-561.86066,6.0848126,6.0784583
-362.88187,-562.7015,6.0872126,6.076858
-363.4231,-563.54224,6.089613,6.075258
-363.96432,-564.383,6.0920134,6.073658
-364.50558,-565.22375,6.0944138,6.0720577
-365.04688,-566.06445,6.096814,6.0704575
-365.5882,-566.90515,6.099214,6.068875
-366.12955,-567.74585,6.1016145,6.067475
-366.6709,-568.58655,6.104015,6.066075
-367.2123,-569.4272,6.1064153,6.0646744
-367.75372,-570.2678,6.1088157,6.0632744
-368.2952,-571.10846,6.1112156,6.0618563
-368.83667,-571.9491,6.113616,6.060256
-369.37817,-572.7897,6.1160164,6.0586557
-369.9197,-573.63025,6.118417,6.0570555
-370.46127,-574.47076,6.120817,6.055455
-371.00284,-575.31134,6.123217,6.053855
-371.54446,-576.15186,6.1256175,6.052255
-372.08612,-576.9923,6.128018,6.050655
-372.62778,-577.8328,6.1304183,6.0490546
-373.1695,-578.6733,6.1328187,6.0474544
-373.7112,-579.51373,6.1352005,6.045872
-374.25296,-580.3541,6.1374006,6.044472
-374.79477,-581.1945,6.139601,6.043072
-375.33658,-582.0349,6.1418014,6.0416718
-375.87842,-582.8753,6.1440015,6.0402718
-376.42032,-583.71564,6.14622,6.038853
-376.96222,-584.55597,6.1486206,6.037253
-377.50415,-585.3963,6.151021,6.0356526
-378.0461,-586.2366,6.1534214,6.0340524
-378.5881,-587.07684,6.1558213,6.0324526
-379.13016,-587.9171,6.1582217,6.0308704
-379.6722,-588.7573,6.160622,6.0294704
-380.2143,-589.59753,6.1630225,6.0280704
-380.7564,-590.43774,6.1654224,6.02667
-381.29855,-591.2779,6.167823,6.02527
-381.84076,-592.11804,6.170223,6.0238514
-382.38297,-592.9582,6.1726236,6.022251
-382.9252,-593.7983,6.175024,6.020651
-383.46747,-594.63837,6.177424,6.0190506
-384.0098,-595.47845,6.1798244,6.0174503
-384.55215,-596.3185,6.1822248,6.01585
-385.09454,-597.1585,6.184625,6.01425
-385.63696,-597.99854,6.187025,6.01265
-386.1794,-598.8385,6.1894255,6.0110497
-386.72186,-599.67847,6.191826,6.0094495
-387.26434,-600.51843,6.1935854,6.007736
-387.8068,-601.3584,6.1891847,6.0049357
-388.34918,-602.1984,6.1847844,6.0021353
-388.89148,-603.0385,6.1803837,5.9993353
-389.4336,-603.8787,6.175983,5.996535
-389.9755,-604.71906,6.170937,5.9935827
-390.51712,-605.5596,6.159735,5.9891815
-391.0584,-606.40027,6.1485333,5.984781
-391.59937,-607.2412,6.1373315,5.98038
-392.1399,-608.08246,6.1261296,5.9759793
-392.67993,-608.92395,6.114928,5.9715786
-393.21948,-609.7658,6.103725,5.967178
-393.75848,-610.60803,6.092522,5.9627767
-394.29684,-611.4506,6.0813193,5.9583755
-394.83456,-612.29364,6.070117,5.9539747
-395.37155,-613.1371,6.058914,5.9495926
-395.90778,-613.9811,6.0477104,5.9453917
-396.4432,-614.8255,6.0365067,5.9411902
-396.97778,-615.67053,6.0253034,5.936989
-397.51144,-616.5161,6.0140996,5.9327874
-398.04413,-617.36237,6.002896,5.9285665
-398.5758,-618.20917,5.9916916,5.9241643
-399.10645,-619.05664,5.980487,5.9197626
-399.63596,-619.90485,5.9692826,5.915361
-400.1643,-620.7538,5.958078,5.9109592
-400.69144,-621.60345,5.9470544,5.9068995
-401.2173,-622.4539,5.93765,5.905899
-401.74182,-623.3052,5.928246,5.9048986
-402.265,-624.1573,5.918842,5.9038982
-402.7868,-625.01025,5.9094377,5.902898
-403.30716,-625.86414,5.904002,5.908951
-403.82602,-626.7189,5.9332147,5.9765797
-404.34332,-627.5746,5.9624276,6.0442085
-404.85895,-628.4313,5.99164,6.111838
-405.37283,-629.289,6.0208526,6.1794667
-405.88486,-630.1479,6.050086,6.2471166
-406.395,-631.0079,6.0794954,6.314938
-406.90338,-631.8689,6.108905,6.38276
-407.41028,-632.7308,6.1383142,6.450582
-407.9158,-633.5935,6.1677237,6.5184035
-408.42023,-634.45685,6.1964936,6.585074
-408.92374,-635.32074,6.219899,6.6420875
-409.42673,-636.18494,6.2433047,6.699101
-409.92957,-637.0492,6.2667103,6.756115
-410.43262,-637.9133,6.290116,6.8131285
-410.93628,-638.77716,6.3092756,6.862491
-411.4409,-639.6404,6.29327,6.8484864
-411.94684,-640.50287,6.2772646,6.8344817
-412.4544,-641.3643,6.2612596,6.820477
-412.964,-642.2247,6.245254,6.8064723
-413.47586,-643.0836,6.2292485,6.7924676
-413.99042,-643.941,6.213241,6.778461
-414.50793,-644.7965,6.197234,6.764455
-415.0288,-645.65,6.1812267,6.7504487
-415.5533,-646.50134,6.1652193,6.736442
-416.08182,-647.35016,6.1492124,6.722436
-416.6145,-648.19635,6.1332088,6.7084327
-417.15103,-649.04016,6.1172056,6.69443
-417.69113,-649.88165,6.1012025,6.680427
-418.23438,-650.72107,6.0851994,6.6664243
-418.7805,-651.5587,6.069197,6.6524224
-419.32907,-652.3947,6.0532036,6.638428
-419.87982,-653.22925,6.03721,6.6244335
-420.43243,-654.06256,6.0212164,6.6104393
-420.9866,-654.89484,6.005223,6.5964446
-421.54202,-655.7263,5.98923,6.5824513
-422.09836,-656.5572,5.973245,6.5684648
-422.6552,-657.3877,5.9572606,6.554478
-423.21222,-658.2181,5.941276,6.5404916
-423.76892,-659.04865,5.9252915,6.526505
-424.32498,-659.8797,5.9093075,6.5125194
-424.88004,-660.7114,5.8933287,6.4985375
-425.43408,-661.54376,5.8773494,6.4845557
-425.9871,-662.37683,5.8613706,6.4705744
-426.5391,-663.2106,5.8453918,6.4565926
-427.09006,-664.045,5.829412,6.4426103
-427.6401,-664.88,5.8134265,6.428623
-428.18976,-665.7153,5.7974415,6.414636
-428.73965,-666.5504,5.781456,6.400649
-429.2903,-667.385,5.765471,6.386662
-429.8424,-668.21875,5.7494826,6.3726916
-430.39642,-669.0511,5.7334685,6.358879
-430.9529,-669.88184,5.7174544,6.345067
-431.51233,-670.71063,5.70144,6.3312545
-432.07516,-671.5371,5.6854258,6.3174424
-432.64185,-672.3609,5.6694074,6.3036065
-433.2129,-673.1817,5.6533484,6.289555
-433.78882,-673.9991,5.63729,6.2755036
-434.37006,-674.81274,5.621231,6.261452
-434.95712,-675.62213,5.605172,6.2474008
-435.5505,-676.42694,5.5924892,6.2310524
-436.1507,-677.2267,5.6051674,6.1974444
-436.7581,-678.02094,5.617846,6.163837
-437.3732,-678.8093,5.630524,6.1302295
-437.9964,-679.59125,5.643203,6.096622
-438.62814,-680.3663,5.65618,6.0628037
-439.26883,-681.134,5.6708765,6.027774
-439.91882,-681.89374,5.6855726,5.9927444
-440.57852,-682.64514,5.7002687,5.957715
-441.24826,-683.38763,5.7149653,5.9226856
-441.92834,-684.1206,5.728924,5.8908787
-442.6191,-684.84357,5.739547,5.873641
-443.32077,-685.5559,5.7501698,5.856404
-444.03354,-686.2572,5.7607927,5.839166
-444.75754,-686.94684,5.771416,5.8219285
-445.493,-687.62427,5.7818627,5.805491
-446.24002,-688.2889,5.791566,5.7924213
-446.99872,-688.9402,5.801269,5.779352
-447.7691,-689.5776,5.8109717,5.766283
-448.55127,-690.2005,5.820674,5.7532144
-449.34525,-690.8083,5.820803,5.7471576
-450.15118,-691.4001,5.762997,5.783532
-450.9697,-691.97437,5.7051907,5.819907
-451.80142,-692.52936,5.647382,5.8562837
-452.64685,-693.06323,5.589575,5.8926587
-453.50632,-693.57416,5.5306025,5.929883
-454.3802,-694.06006,5.451635,5.981655
-455.2687,-694.5186,5.372676,6.0334215
-456.17206,-694.9472,5.293705,6.085196
-457.09015,-695.3432,5.2147217,6.1369786
-458.02274,-695.70374,5.1466503,6.179171
-458.96906,-696.0265,5.1863694,6.1266255
-459.92767,-696.3106,5.226079,6.0740933
-460.89706,-696.5555,5.2657886,6.021561
-461.87567,-696.76056,5.305506,5.969018
-462.86188,-696.925,5.350736,5.911851
-463.85394,-697.04944,5.4118147,5.841407
-464.85,-697.13666,5.472885,5.7709723
-465.84845,-697.18976,5.5339394,5.7005563
-466.84808,-697.212,5.5949903,5.6301446
-467.84796,-697.2064,5.6295567,5.584953
-468.8474,-697.1769,5.6137652,5.587716
-469.8461,-697.1281,5.5979714,5.59048
-470.84402,-697.065,5.5821776,5.593244
-471.84128,-696.9925,5.566384,5.596008
-472.83823,-696.9154,5.5463843,5.598274
-473.835,-696.83636,5.5155306,5.599257
-474.83154,-696.7542,5.484675,5.6002398
-475.82764,-696.6673,5.4538226,5.601222
-476.82318,-696.57404,5.4229794,5.6022043
-477.81796,-696.4728,5.37668,5.601401
-478.81158,-696.3609,5.2643313,5.5929747
-479.80328,-696.23303,5.151972,5.584548
-480.79193,-696.0835,5.039553,5.5761166
-481.77603,-695.90674,4.92707,5.5676804
-482.75366,-695.6971,4.81886,5.558693
-483.72287,-695.45135,4.727001,5.547621
-484.68262,-695.1711,4.6352005,5.5365553
-485.63232,-694.85834,4.5434446,5.5254955
-486.57144,-694.5151,4.4517035,5.5144377
-487.49957,-694.1432,4.427843,5.495968
-488.41656,-693.7446,4.543412,5.4622774
-489.32245,-693.3214,4.6590095,5.4285784
-490.21744,-692.8755,4.7746143,5.3948774
-491.1018,-692.409,4.8902225,5.3611755
-491.97604,-691.9237,5.005009,5.3277745
-492.8407,-691.4216,5.118707,5.2947717
-493.69632,-690.9042,5.2324057,5.261769
-494.5436,-690.3732,5.346099,5.228768
-495.38333,-689.8304,5.4597907,5.195767
-496.21628,-689.2772,5.5246654,5.182307
-497.04327,-688.71515,5.5326056,5.1916366
-497.8651,-688.1456,5.540546,5.2009664
-498.68262,-687.5698,5.548486,5.2102966
-499.49664,-686.9892,5.556427,5.2196264
-500.30807,-686.4049,5.548955,5.2352047
-501.11768,-685.81805,5.520551,5.259269
-501.92596,-685.22943,5.492147,5.283334
-502.73352,-684.63983,5.4637427,5.307399
-503.5409,-684.0499,5.4353385,5.3314633
-504.34863,-683.4606,5.406932,5.3555303
-505.15732,-682.8725,5.3785205,5.3796005
-505.9675,-682.28644,5.3501096,5.4036713
-506.77966,-681.7032,5.321698,5.4277415
-507.5944,-681.1235,5.2932878,5.451812
-508.41217,-680.5481,5.264774,5.4759216
-509.23358,-679.97797,5.236001,5.50013
-510.0592,-679.4139,5.207228,5.5243387
-510.8896,-678.8569,5.1784554,5.5485477
-511.7253,-678.3079,5.149682,5.5727572
-512.5669,-677.76794,5.1362395,5.5807376
-513.41473,-677.2379,5.1696763,5.539092
-514.2691,-676.7184,5.203112,5.497447
-515.1302,-676.2101,5.2365484,5.455802
-515.9981,-675.71356,5.2699857,5.414156
-516.87305,-675.22955,5.303539,5.372276
-517.755,-674.7585,5.3374357,5.329703
-518.64374,-674.3003,5.3713317,5.287131
-519.53906,-673.85504,5.405227,5.24456
-520.4406,-673.42267,5.439122,5.201989
-521.3482,-673.00305,5.472039,5.160027
-522.2616,-672.5962,5.502626,5.1195154
-523.1806,-672.2022,5.5332127,5.079003
-524.105,-671.82104,5.5638,5.0384903
-525.0346,-671.4528,5.594387,4.9979773
-525.9693,-671.09753,5.622507,4.960003
-526.90875,-670.7552,5.6462173,4.926565
-527.85284,-670.4258,5.6699276,4.8931274
-528.80133,-670.1093,5.693638,4.85969
-529.754,-669.80566,5.717348,4.8262525
-530.7107,-669.5149,5.7157383,4.8191752
-531.6712,-669.2369,5.6797624,4.8478746
-532.63525,-668.9716,5.643787,4.8765745
-533.6027,-668.719,5.607811,4.9052744
-534.57336,-668.479,5.571835,4.9339743
-535.54706,-668.2515,5.535951,4.9626007
-536.52356,-668.03656,5.5001674,4.9911475
-537.50275,-667.8339,5.464384,5.019694
-538.4844,-667.6437,5.4286003,5.04824
-539.4683,-667.46564,5.392817,5.0767865
-540.45435,-667.2998,5.36328,5.103622
-541.4424,-667.14594,5.339937,5.1287603
-542.4321,-667.004,5.316594,5.1538982
-543.4235,-666.8739,5.2932515,5.1790366
-544.4164,-666.7554,5.269909,5.204175
-545.4105,-666.6483,5.246769,5.229199
-546.4059,-666.55273,5.223841,5.2541037
-547.4022,-666.4685,5.200913,5.2790084
-548.3995,-666.3959,5.177985,5.3039126
-549.3975,-666.3347,5.1550584,5.328816
-550.3962,-666.28516,5.146483,5.336318
-551.3954,-666.2476,5.1568985,5.320793
-552.39496,-666.223,5.167314,5.305268
-553.39484,-666.2123,5.1777296,5.2897425
-554.3947,-666.2163,5.1881456,5.2742167
-555.3944,-666.23615,5.20014,5.256831
-556.3936,-666.2726,5.215171,5.235867
-557.3921,-666.32666,5.2302012,5.2149034
-558.38934,-666.3993,5.2452316,5.19394
-559.38495,-666.4913,5.2602606,5.1729784
-560.37854,-666.6037,5.2798123,5.147471
-561.36945,-666.7375,5.310694,5.1105733
-562.357,-666.89417,5.3415766,5.073675
-563.34033,-667.07513,5.3724623,5.0367723
-564.3186,-667.2818,5.403352,4.9998655
-565.2908,-667.5157,5.437283,4.9598927
-566.2558,-667.7773,5.4783354,4.9127436
-567.2131,-668.0661,5.5193825,4.8656006
-568.1619,-668.3815,5.5604267,4.8184605
-569.10175,-668.72266,5.6014733,4.771318
-570.03204,-669.0892,5.627,4.742461
-570.9525,-669.47974,5.627,4.743681
-571.8632,-669.8925,5.627,4.7449007
-572.7644,-670.3256,5.627,4.7461205
-573.65656,-670.77716,5.627,4.74734
-574.54004,-671.2454,5.607474,4.771413
-575.41534,-671.7287,5.564926,4.82243
-576.283,-672.2257,5.5223756,4.8734503
-577.14355,-672.7349,5.4798245,4.924471
-577.9975,-673.25507,5.4372735,4.9754915
-578.8456,-673.7847,5.401778,5.0184264
-579.6884,-674.3227,5.3733377,5.0532765
-580.52673,-674.86774,5.3448963,5.088127
-581.3612,-675.41864,5.316456,5.122977
-582.1926,-675.9741,5.2880154,5.1578264
-583.02167,-676.53314,5.2731886,5.1773324
-583.84875,-677.09503,5.271589,5.1819315
-584.674,-677.6596,5.2699895,5.1865306
-585.4975,-678.22687,5.2683897,5.1911297
-586.3192,-678.7966,5.26679,5.195729
-587.1393,-679.36865,5.2651906,5.2002254
-587.95776,-679.94305,5.263592,5.2046227
-588.7747,-680.51953,5.261993,5.2090197
-589.5903,-681.098,5.260394,5.2134166
-590.40454,-681.6784,5.2587953,5.2178135
-591.2176,-682.26044,5.2571964,5.2223096
-592.0295,-682.8441,5.2555985,5.226905
-592.84033,-683.4292,5.254,5.2314997
-593.6502,-684.0157,5.252402,5.2360945
-594.4592,-684.6033,5.2508035,5.2406898
-595.26746,-685.192,5.2492056,5.245185
-596.07495,-685.7817,5.2476077,5.249579
-596.8819,-686.3722,5.24601,5.253973
-597.6883,-686.9634,5.244412,5.2583675
-598.4943,-687.5551,5.242814,5.2627616
-599.3,-688.1473,5.241216,5.267156
-600.10547,-688.7398,5.239618,5.2715507
-600.91077,-689.3325,5.23802,5.275945
-601.716,-689.9253,5.236422,5.2803397
-602.5213,-690.518,5.234824,5.2847342
-603.3267,-691.11053,5.233226,5.289226
-604.1324,-691.70276,5.231627,5.2938223
-604.93835,-692.29456,5.2300286,5.298418
-605.74475,-692.8858,5.22843,5.303014
-606.55164,-693.4763,5.2268314,5.30761
-607.35913,-694.0661,5.225232,5.3121114
-608.16724,-694.6549,5.223633,5.31651
-608.9762,-695.2427,5.222033,5.320909
-609.786,-695.82916,5.220433,5.3253083
-610.5968,-696.41437,5.218834,5.329707
-611.40875,-696.998,5.2172337,5.3342037
-612.22174,-697.58,5.2156324,5.338806
-613.0358,-698.16064,5.2140317,5.343409
-613.8509,-698.73987,5.212431,5.3480115
-614.66693,-699.3177,5.2108297,5.3526144
-615.4838,-699.89435,5.2092285,5.3571215
-616.3015,-700.46985,5.207627,5.3615265
-617.1199,-701.0443,5.2060246,5.3659315
-617.9389,-701.6179,5.204423,5.370337
-618.7585,-702.19073,5.2028213,5.374742
-619.5785,-702.76294,5.201219,5.3791475
-620.3989,-703.3346,5.199617,5.3835535
-621.21954,-703.9058,5.1980147,5.3879595
-622.04047,-704.47675,5.1964126,5.3923655
-622.86145,-705.04755,5.1948104,5.3967714
-623.6825,-705.6182,5.193208,5.4012766
-624.50354,-706.18896,5.191606,5.4058824
-625.3244,-706.7598,5.190004,5.4104886
-626.14514,-707.33105,5.188402,5.4150944
-626.9656,-707.9026,5.1868,5.4197006
-627.78564,-708.47473,5.1851983,5.4242053
-628.6053,-709.0474,5.1835966,5.4286094
-629.42444,-709.6209,5.181995,5.4330134
-630.2429,-710.1952,5.1803937,5.4374175
-631.0607,-710.7705,5.178792,5.4418216
-631.8778,-711.3469,5.1771913,5.4463253
-632.694,-711.92456,5.175591,5.4509263
-633.5092,-712.5035,5.1739907,5.4555273
-634.3235,-713.08386,5.17239,5.4601283
-635.13666,-713.6657,5.1707897,5.4647293
-635.94867,-714.2492,5.1845717,5.449797
-636.75946,-714.8344,5.2133455,5.415828
-637.56885,-715.4215,5.2421193,5.3818593
-638.3768,-716.0107,5.270893,5.3478904
-639.18304,-716.60205,5.299667,5.313921
-639.9876,-717.19574,5.3290176,5.2794795
-640.7904,-717.7919,5.358941,5.244569
-641.5915,-718.39026,5.3888645,5.2096577
-642.39087,-718.9909,5.4187884,5.174747
-643.1886,-719.59375,5.448712,5.1398363
-643.98486,-720.1986,5.466827,5.1226826
-644.77985,-720.80505,5.4726067,5.1240773
-645.5744,-721.4121,5.4783864,5.1254725
-646.36914,-722.01886,5.484166,5.126868
-647.1648,-722.62445,5.489946,5.128263
-647.96216,-723.22784,5.480657,5.1524606
-648.7617,-723.82825,5.454486,5.202206
-649.56415,-724.4248,5.4283147,5.2519517
-650.37006,-725.0167,5.4021435,5.301697
-651.17993,-725.6032,5.3759727,5.351441
-651.9943,-726.18335,5.3500257,5.3996096
-652.81384,-726.7562,5.324334,5.4459753
-653.63916,-727.3207,5.298642,5.4923415
-654.47095,-727.8757,5.2729487,5.5387096
-655.30975,-728.4199,5.247255,5.5850787
-656.1561,-728.9523,5.224636,5.6141696
-657.01025,-729.4721,5.205294,5.624848
-657.872,-729.97925,5.185953,5.6355257
-658.7412,-730.4736,5.166612,5.6462035
-659.6176,-730.9549,5.1472707,5.656882
-660.5011,-731.42316,5.1283536,5.6672425
-661.3913,-731.8785,5.109827,5.6773114
-662.28766,-732.32153,5.091301,5.68738
-663.1898,-732.75287,5.072775,5.6974483
-664.09717,-733.1729,5.054249,5.7075167
-665.0094,-733.5824,5.0634813,5.6883945
-665.926,-733.9818,5.0949955,5.6458406
-666.84686,-734.3716,5.1265097,5.6032863
-667.7715,-734.75214,5.1580243,5.5607314
-668.6997,-735.124,5.189539,5.5181766
-669.6311,-735.4877,5.2209897,5.475708
-670.56555,-735.84357,5.2523932,5.4333034
-671.5027,-736.19226,5.283797,5.3908987
-672.4423,-736.5342,5.3151994,5.348495
-673.3842,-736.8698,5.3466024,5.3060913
-674.3281,-737.1997,5.365149,5.278159
-675.274,-737.524,5.3741302,5.2609954
-676.2218,-737.84247,5.3831115,5.2438316
-677.17163,-738.155,5.392092,5.226668
-678.1234,-738.46155,5.4010735,5.2095037
-679.07715,-738.7618,5.3838944,5.221646
-680.0329,-739.0556,5.3463945,5.2565527
-680.99066,-739.3429,5.308895,5.2914596
-681.9504,-739.6235,5.2713957,5.326366
-682.9121,-739.8972,5.2338963,5.3612723
-683.87573,-740.164,5.1963816,5.3961926
-684.8414,-740.4236,5.158855,5.4311247
-685.80896,-740.6759,5.121328,5.4660563
-686.7784,-740.9207,5.083801,5.5009885
-687.74976,-741.15784,5.046274,5.53592
-688.723,-741.3872,5.034179,5.54531
-689.6981,-741.6085,5.043776,5.5329146
-690.67505,-741.8217,5.053373,5.520519
-691.65375,-742.0266,5.062969,5.508123
-692.63416,-742.22296,5.072566,5.495727
-693.61633,-742.41064,5.0821733,5.48321
-694.6001,-742.5894,5.0917892,5.470589
-695.58545,-742.7592,5.1014056,5.4579678
-696.5724,-742.91974,5.1110215,5.445347
-697.56085,-743.07086,5.120638,5.4327254
-698.55066,-743.2124,5.1292768,5.421188
-699.5419,-743.3442,5.137105,5.4105496
-700.5343,-743.466,5.1449327,5.399912
-701.52795,-743.5777,5.152761,5.3892736
-702.5227,-743.6791,5.1605887,5.3786354
-703.5185,-743.76996,5.1520944,5.3857923
-704.51514,-743.85016,5.1309943,5.4066916
-705.51263,-743.9195,5.109894,5.427591
-706.51086,-743.9777,5.0887933,5.44849
-707.50964,-744.02466,5.0676928,5.46939
-708.5089,-744.0601,5.0465937,5.4902883
-709.50854,-744.0841,5.025496,5.511185
-710.50836,-744.0967,5.0043983,5.5320816
-711.50824,-744.09796,4.9833007,5.5529785
-712.5081,-744.0881,4.962203,5.573875
-713.5078,-744.0672,4.9734983,5.562502
-714.5072,-744.0354,5.0054007,5.530599
-715.5062,-743.9929,5.0373034,5.498697
-716.5047,-743.93994,5.0692058,5.4667945
-717.5026,-743.87665,5.101108,5.4348917
-718.4998,-743.80316,5.138118,5.3981338
-719.4962,-743.71967,5.178162,5.3584895
-720.49176,-743.6264,5.2182064,5.3188457
-721.4863,-743.52344,5.258251,5.2792015
-722.4799,-743.411,5.2982955,5.2395573
-723.47235,-743.28925,5.3228607,5.215392
-724.4637,-743.1584,5.3384438,5.2002087
-725.45374,-743.0185,5.354027,5.185025
-726.4425,-742.86975,5.36961,5.169842
-727.43,-742.71234,5.385193,5.1546583
-728.416,-742.54645,5.375862,5.164638
-729.40063,-742.3722,5.351732,5.189566
-730.3837,-742.18976,5.3276014,5.2144947
-731.36536,-741.99927,5.303471,5.239423
-732.34534,-741.8009,5.2793403,5.264351
-733.3238,-741.59485,5.255101,5.289265
-734.3006,-741.38116,5.2307935,5.3141704
-735.27576,-741.1601,5.2064857,5.339076
-736.24927,-740.93164,5.182178,5.3639817
-737.221,-740.696,5.1578703,5.388887
-738.191,-740.4533,5.137582,5.4108386
-739.15924,-740.20374,5.120042,5.4307704
-740.12573,-739.9474,5.102502,5.4507027
-741.09045,-739.6846,5.084962,5.4706345
-742.05347,-739.4154,5.067422,5.490566
-743.0147,-739.1401,5.0507836,5.509714
-743.9742,-738.8585,5.0348063,5.5282874
-744.9317,-738.57056,5.0188293,5.5468607
-745.8872,-738.2759,5.002852,5.5654345
-746.8406,-737.97424,4.986875,5.5840077
-747.79156,-737.66547,4.973378,5.599078
-748.7401,-737.3491,4.9617553,5.611503
-749.686,-737.0247,4.9501324,5.6239276
-750.6288,-736.69183,4.938509,5.6363525
-751.5684,-736.3499,4.9268856,5.6487775
-752.5046,-735.9986,4.919668,5.654466
-753.43695,-735.6374,4.9156456,5.655271
-754.3653,-735.26587,4.9116235,5.6560755
-755.28925,-734.88367,4.907601,5.65688
-756.20856,-734.4903,4.9035783,5.6576843
-757.12286,-734.0855,4.899551,5.6584897
-758.03174,-733.66876,4.8955207,5.659296
-758.935,-733.2398,4.8914905,5.660102
-759.83215,-732.79834,4.8874598,5.660908
-760.72284,-732.344,4.883429,5.661714
-761.6067,-731.8764,4.879532,5.6625195
-762.4836,-731.39594,4.8757076,5.663325
-763.3535,-730.90295,4.871884,5.6641297
-764.2166,-730.39813,4.86806,5.6649346
-765.073,-729.88196,4.8642364,5.6657395
-765.92267,-729.35486,4.8653073,5.6632857
-766.76587,-728.81744,4.868717,5.659274
-767.60266,-728.2701,4.8721266,5.6552625
-768.4331,-727.7132,4.8755364,5.6512513
-769.2575,-727.1473,4.8789463,5.6472397
-770.07587,-726.5728,4.89492,5.634672
-770.8885,-725.9901,4.916511,5.6182785
-771.6955,-725.3998,4.9381027,5.601885
-772.49713,-724.8021,4.959694,5.5854917
-773.2936,-724.19763,4.981285,5.5690985
-774.08514,-723.5867,5.002854,5.552722
-774.87195,-722.9696,5.024412,5.5363536
-775.65405,-722.3466,5.045971,5.5199847
-776.43164,-721.71796,5.0675297,5.5036163
-777.2047,-721.08374,5.0890884,5.4872475
-777.9734,-720.4443,5.110648,5.470878
-778.7377,-719.7996,5.1322083,5.4545083
-779.49756,-719.14966,5.153769,5.4381385
-780.25287,-718.49445,5.175329,5.4217687
-781.00354,-717.8339,5.19689,5.4053984
-781.7495,-717.1681,5.2061415,5.4029446
-782.4907,-716.49695,5.209337,5.4073386
-783.2272,-715.82056,5.2125325,5.411732
-783.95874,-715.1389,5.215728,5.416126
-784.68536,-714.452,5.218923,5.4205194
-785.40704,-713.76,5.21947,5.428227
-786.1238,-713.06274,5.218671,5.437619
-786.8354,-712.3603,5.217871,5.447011
-787.54193,-711.6528,5.217072,5.456403
-788.2432,-710.94006,5.216273,5.465795
-788.93933,-710.2222,5.2153416,5.475191
-789.6301,-709.49927,5.2143416,5.4845896
-790.31555,-708.7713,5.2133417,5.493988
-790.99554,-708.0382,5.212342,5.503387
-791.6701,-707.3001,5.211342,5.5127854
-792.3391,-706.55695,5.216793,5.5102067
-793.0025,-705.80884,5.2255983,5.501402
-793.6602,-705.05566,5.2344036,5.4925966
-794.31226,-704.2976,5.2432084,5.4837914
-794.9585,-703.5346,5.2520137,5.4749866
-795.5989,-702.76666,5.263072,5.4622073
-796.23334,-701.99384,5.2752876,5.4473886
-796.8618,-701.2161,5.2875032,5.43257
-797.48425,-700.4336,5.299719,5.4177513
-798.1006,-699.64624,5.311934,5.4029326
-798.71075,-698.85406,5.319208,5.3933215
-799.3147,-698.0572,5.324017,5.3863087
-799.91235,-697.2555,5.3288255,5.379296
-800.5036,-696.44916,5.3336344,5.372283
-801.0885,-695.6382,5.3384433,5.36527
-801.66693,-694.8225,5.3233285,5.379943
-802.23883,-694.0023,5.2986755,5.4049964
-802.80426,-693.1777,5.274023,5.43005
-803.3632,-692.3486,5.2493706,5.4551034
-803.91565,-691.51514,5.2247176,5.480157
-804.46155,-690.6774,5.1999273,5.5052104
-805.001,-689.83545,5.1750736,5.5302644
-805.5338,-688.9894,5.15022,5.555319
-806.0601,-688.13916,5.125366,5.580373
-806.5799,-687.285,5.1005125,5.605427
-807.0931,-686.4268,5.0811157,5.625164
-807.5997,-685.56476,5.064082,5.642598
-808.0997,-684.69885,5.047049,5.6600323
-808.59314,-683.82916,5.0300155,5.6774664
-809.07996,-682.9558,5.0129824,5.6949005
-809.56024,-682.07874,5.0118265,5.6963153
-810.0339,-681.1981,5.0172353,5.691107
-810.50085,-680.314,5.022644,5.6858983
-810.9613,-679.4264,5.028053,5.6806903
-811.41504,-678.5354,5.033461,5.675482
-811.86224,-677.64105,5.0388684,5.670275
-812.30273,-676.7434,5.0442743,5.665069
-812.73663,-675.8425,5.0496807,5.659863
-813.1639,-674.93854,5.055087,5.654657
-813.5845,-674.0314,5.0604935,5.649451
-813.9985,-673.1212,5.065898,5.644391
-814.40576,-672.208,5.0713015,5.6393876
-814.80646,-671.2919,5.0767055,5.634384
-815.20044,-670.37286,5.082109,5.62938
-815.5878,-669.45105,5.087513,5.624377
-815.9685,-668.5264,5.092915,5.6192303
-816.3425,-667.5991,5.098316,5.6140285
-816.7099,-666.6692,5.103718,5.608827
-817.0706,-665.7366,5.1091194,5.603626
-817.4246,-664.80145,5.1145205,5.5984244
-817.77203,-663.86383,5.1162906,5.595548
-818.11273,-662.92377,5.11669,5.5935483
-818.4467,-661.98126,5.11709,5.5915484
-818.77405,-661.0365,5.1174903,5.5895486
-819.0947,-660.08936,5.1178904,5.5875487
-819.4087,-659.1401,5.1184354,5.5854044
-819.716,-658.18854,5.119035,5.583205
-820.0166,-657.23486,5.1196346,5.5810056
-820.31055,-656.2792,5.1202345,5.5788064
-820.5978,-655.3214,5.1208344,5.576607
-820.8783,-654.36163,5.1212893,5.574553
-821.15216,-653.39996,5.1216893,5.5725536
-821.41925,-652.4364,5.122089,5.5705547
-821.6797,-651.471,5.122489,5.568556
-821.9334,-650.50385,5.1228886,5.5665565
-822.1805,-649.5349,5.1234326,5.564413
-822.4208,-648.56433,5.1240325,5.562214
-822.65436,-647.5921,5.1246324,5.5600147
-822.8812,-646.6183,5.125232,5.5578156
-823.1014,-645.6429,5.125832,5.5556164
-823.3148,-644.666,5.1270075,5.551833
-823.5215,-643.68774,5.1284075,5.5474334
-823.72144,-642.708,5.1298075,5.5430336
-823.9147,-641.7269,5.1312075,5.538634
-824.10114,-640.74457,5.1326075,5.534234
-824.2808,-639.7609,5.1342955,5.529257
-824.4538,-638.7761,5.1360965,5.5240545
-824.62,-637.7901,5.137897,5.518852
-824.7794,-636.803,5.139698,5.51365
-824.93207,-635.8148,5.141499,5.5084476
-825.07794,-634.8256,5.1433005,5.503098
-825.21704,-633.83545,5.145103,5.4976916
-825.3493,-632.8443,5.146905,5.4922853
-825.4748,-631.8523,5.148707,5.486879
-825.59344,-630.8595,5.1505094,5.4814725
-825.70526,-629.86584,5.152458,5.477083
-825.8103,-628.87146,5.1544623,5.473075
-825.90857,-627.8764,5.1564665,5.4690666
-826.0002,-626.8807,5.1584706,5.4650583
-826.0852,-625.8844,5.160475,5.46105
-826.1637,-624.8876,5.1630716,5.460148
-826.2357,-623.89026,5.165879,5.4603486
-826.3014,-622.8925,5.1686854,5.460549
-826.3607,-621.8944,5.1714926,5.4607496
-826.4139,-620.8959,5.1742992,5.46095
-826.4609,-619.8971,5.1769557,5.4611506
-826.5019,-618.898,5.1795616,5.461351
-826.53687,-617.89874,5.1821675,5.461551
-826.566,-616.89923,5.1847734,5.461752
-826.58936,-615.8996,5.1873794,5.461952
-826.60693,-614.89984,5.1909003,5.462458
-826.6189,-613.9,5.194707,5.463059
-826.62537,-612.90015,5.1985135,5.4636602
-826.6263,-611.9002,5.2023206,5.464261
-826.6219,-610.9003,5.206127,5.4648623
-826.6122,-609.90045,5.2103944,5.465617
-826.5972,-608.9007,5.2147985,5.466418
-826.57715,-607.901,5.219203,5.467219
-826.55206,-606.90137,5.223607,5.4680195
-826.522,-605.9019,5.2280116,5.46882
-826.48706,-604.90265,5.2324133,5.4696207
-826.4473,-603.9035,5.236814,5.470421
-826.40283,-602.9046,5.2412148,5.471221
-826.35376,-601.9059,5.2456155,5.472021
-826.3001,-600.9074,5.250016,5.472821
-826.242,-599.90924,5.254414,5.473621
-826.17957,-598.91125,5.258812,5.4744205
-826.1128,-597.9136,5.2632093,5.4752197
-826.0418,-596.9162,5.2676067,5.4760194
-825.9667,-595.9191,5.2720046,5.476819
-825.8876,-594.92236,5.272382,5.4785457
-825.80444,-593.9259,5.2715826,5.4805436
-825.71747,-592.9298,5.2707834,5.4825416
-825.6266,-591.934,5.2699842,5.4845395
-825.532,-590.9386,5.269185,5.4865375
-825.4336,-589.94354,5.2670045,5.4889956
-825.3314,-588.94885,5.2644076,5.4915924
-825.2255,-587.9546,5.261811,5.4941893
-825.11584,-586.9607,5.259214,5.4967856
-825.0023,-585.9673,5.2566175,5.4993825
-824.8849,-584.97424,5.253868,5.5018272
-824.76355,-583.98175,5.2510715,5.5042243
-824.63837,-582.98975,5.248275,5.5066214
-824.50916,-581.99817,5.245478,5.5090184
-824.37604,-581.0072,5.2426815,5.511416
-824.23895,-580.0167,5.2398844,5.513964
-824.09784,-579.0268,5.2370872,5.516562
-823.9527,-578.0375,5.23429,5.5191593
-823.8035,-577.04877,5.231493,5.5217566
-823.65027,-576.06067,5.228696,5.524354
-823.49286,-575.07324,5.227249,5.527252
-823.3314,-574.0865,5.2262497,5.5302505
-823.1658,-573.10034,5.2252507,5.5332484
-822.996,-572.115,5.2242513,5.5362463
-822.82196,-571.1303,5.223252,5.5392447
-822.64374,-570.1464,5.2225513,5.542543
-822.4613,-569.1633,5.2219515,5.545942
-822.27454,-568.181,5.2213516,5.549341
-822.08356,-567.1995,5.220752,5.5527406
-821.88824,-566.2189,5.220152,5.55614
-821.68854,-565.2391,5.2195516,5.5595403
-821.4845,-564.26025,5.2189517,5.562941
-821.2761,-563.2823,5.2183514,5.566342
-821.0633,-562.3053,5.217751,5.569743
-820.846,-561.3293,5.217151,5.573144
-820.6243,-560.35425,5.228233,5.571604
-820.39813,-559.38025,5.2432446,5.5684013
-820.1674,-558.40735,5.258256,5.565199
-819.9322,-557.4355,5.2732677,5.561996
-819.69244,-556.4647,5.2882795,5.5587935
-819.4481,-555.4952,5.3108263,5.5522766
-819.1992,-554.52673,5.3358564,5.5446677
-818.9458,-553.55945,5.3608866,5.5370584
-818.68787,-552.5934,5.385916,5.5294495
-818.4255,-551.62854,5.4109464,5.52184
-818.1586,-550.66486,5.436133,5.5143814
-817.8874,-549.70245,5.46137,5.506971
-817.6117,-548.74133,5.4866066,5.49956
-817.3316,-547.78143,5.511843,5.4921494
-817.0472,-546.8228,5.53708,5.4847383
-816.7584,-545.86554,5.5552654,5.484993
-816.46533,-544.90955,5.57129,5.487597
-816.16797,-543.9549,5.5873146,5.490201
-815.8664,-543.0015,5.603339,5.492805
-815.56055,-542.04956,5.6193643,5.495409
-815.2505,-541.09894,5.6231546,5.512414
-814.9362,-540.1497,5.623355,5.5336456
-814.6178,-539.20184,5.6235557,5.5548773
-814.2952,-538.2554,5.623756,5.5761085
-813.96857,-537.31036,5.623956,5.59734
-813.6378,-536.36676,5.6241565,5.6184125
-813.303,-535.42456,5.6243567,5.6394405
-812.9641,-534.4838,5.624557,5.6604686
-812.6212,-533.54456,5.6247573,5.681496
-812.27435,-532.60675,5.6249576,5.702524
-811.92346,-531.6704,5.625158,5.7235484
-811.56866,-530.73553,5.6253576,5.744571
-811.20996,-529.8022,5.625558,5.765594
-810.84735,-528.87036,5.625758,5.786617
-810.48083,-527.94006,5.6259584,5.80764
-810.11053,-527.0112,5.6194954,5.822947
-809.7364,-526.084,5.6112885,5.836758
-809.3584,-525.15826,5.603082,5.8505692
-808.9766,-524.2341,5.5948753,5.8643804
-808.5911,-523.31146,5.5866685,5.878192
-808.2019,-522.39044,5.5771885,5.890724
-807.80896,-521.471,5.567384,5.9029307
-807.41235,-520.5531,5.5575786,5.915137
-807.0121,-519.63684,5.5477734,5.9273434
-806.60815,-518.7221,5.537968,5.9395494
-806.2006,-517.809,5.5281653,5.951913
-805.7895,-516.8976,5.5183635,5.964316
-805.37476,-515.98773,5.508561,5.976719
-804.95654,-515.07947,5.498759,5.9891214
-804.5347,-514.17285,5.4889565,6.0015244
-804.1095,-513.26794,5.480917,6.0105634
-803.6807,-512.3646,5.473317,6.018763
-803.24854,-511.46292,5.4657173,6.0269628
-802.81287,-510.56293,5.4581175,6.035163
-802.3738,-509.66455,5.4505177,6.0433626
-801.93134,-508.76788,5.4518805,6.034438
-801.48553,-507.87286,5.4554796,6.0212407
-801.0363,-506.97952,5.459079,6.008044
-800.5838,-506.08786,5.4626784,5.9948463
-800.128,-505.1979,5.4662776,5.981649
-799.66895,-504.3096,5.4697165,5.968453
-799.20654,-503.423,5.4731154,5.955257
-798.74097,-502.53812,5.4765143,5.942061
-798.27216,-501.65494,5.4799137,5.928865
-797.8001,-500.77347,5.4833126,5.9156694
-797.3249,-499.8937,5.486871,5.9024734
-796.8465,-499.01566,5.49047,5.8892775
-796.365,-498.1393,5.4940686,5.8760815
-795.8804,-497.2647,5.497668,5.8628855
-795.39264,-496.3918,5.5012665,5.8496895
-794.90186,-495.52066,5.503592,5.8415866
-794.408,-494.6512,5.505592,5.834788
-793.9111,-493.7835,5.5075912,5.827989
-793.41113,-492.91757,5.509591,5.8211904
-792.90814,-492.05338,5.511591,5.8143916
-792.40216,-491.19095,5.512636,5.8122044
-791.8932,-490.33026,5.5134363,5.8112044
-791.3814,-489.47128,5.5142365,5.8102045
-790.86676,-488.61398,5.5150366,5.809204
-790.3494,-487.7583,5.5158367,5.808204
-789.8294,-486.90424,5.516637,5.807204
-789.3069,-486.05173,5.517437,5.806204
-788.7819,-485.2007,5.518237,5.8052034
-788.25464,-484.3511,5.5190372,5.804203
-787.7252,-483.5029,5.519838,5.803203
-787.19366,-482.65598,5.520638,5.8022027
-786.6601,-481.8103,5.521438,5.8012023
-786.1247,-480.96582,5.5222383,5.8002024
-785.5875,-480.12247,5.5230384,5.799202
-785.04865,-479.28018,5.5238385,5.7982016
-784.50824,-478.4389,5.5246387,5.7972016
-783.9663,-477.59857,5.525439,5.796201
-783.42303,-476.75912,5.526239,5.7952013
-782.87854,-475.9205,5.527039,5.794201
-782.3328,-475.0826,5.527839,5.793201
-781.7861,-474.24545,5.5286393,5.792201
-781.23834,-473.4089,5.5294394,5.7912006
-780.68976,-472.5729,5.5302396,5.7902007
-780.1404,-471.73743,5.5310397,5.789201
-779.5904,-470.90237,5.53184,5.7882004
-779.03986,-470.06766,5.5326395,5.7870407
-778.48883,-469.23328,5.5334396,5.7858405
-777.9375,-468.39914,5.53424,5.7846403
-777.38586,-467.56516,5.53504,5.78344
-776.8341,-466.73126,5.53584,5.78224
-776.2822,-465.89743,5.53648,5.7812
-775.73047,-465.06357,5.5370803,5.7802
-775.17883,-464.22958,5.53768,5.7791996
-774.6274,-463.39545,5.5382805,5.7781997
-774.07635,-462.5611,5.5388803,5.7771993
-773.52576,-461.72644,5.539641,5.776199
-772.97565,-460.89145,5.540441,5.7751985
-772.4263,-460.056,5.541241,5.7741985
-771.87756,-459.2201,5.542042,5.773198
-771.3297,-458.3836,5.542842,5.7721977
-770.7828,-457.54654,5.5436425,5.771197
-770.2368,-456.70886,5.5444427,5.7701964
-769.6917,-455.8706,5.5452433,5.769196
-769.1474,-455.0318,5.546044,5.768195
-768.604,-454.19247,5.546844,5.7671947
-768.06134,-453.35263,5.5476446,5.766194
-767.5194,-452.51233,5.548445,5.7651935
-766.97815,-451.67154,5.549246,5.7641926
-766.4376,-450.83032,5.5500464,5.7631917
-765.89777,-449.9887,5.550847,5.7621913
-765.35846,-449.14667,5.5516477,5.7611904
-764.8198,-448.30426,5.5524483,5.7601895
-764.2817,-447.46152,5.553249,5.7591887
-763.744,-446.61844,5.5540495,5.758188
-763.2069,-445.7751,5.55485,5.7571874
-762.67017,-444.9314,5.5556507,5.756024
-762.1339,-444.0875,5.5564513,5.7548227
-761.59796,-443.24332,5.557252,5.753622
-761.06244,-442.39893,5.5580525,5.752421
-760.52716,-441.55435,5.558853,5.7512197
-759.9922,-440.7096,5.5585093,5.749692
-759.45746,-439.8647,5.557909,5.748091
-758.9229,-439.01965,5.5573087,5.74649
-758.38855,-438.1745,5.5567083,5.744889
-757.8544,-437.32925,5.556108,5.743288
-757.32025,-436.48395,5.554851,5.741523
-756.78625,-435.63858,5.5534506,5.739722
-756.25226,-434.79318,5.5520496,5.7379208
-755.71826,-433.9478,5.5506487,5.73612
-755.18427,-433.10245,5.549248,5.734319
-754.65015,-432.2571,5.5480123,5.7325187
-754.116,-431.41183,5.546812,5.730718
-753.5817,-430.56665,5.545612,5.7289176
-753.04724,-429.72156,5.544411,5.727117
-752.5126,-428.87662,5.543211,5.7253165
-751.97766,-428.03183,5.541846,5.7235165
-751.4425,-427.1872,5.540446,5.7217164
-750.9071,-426.34268,5.539046,5.7199163
-750.37146,-425.49838,5.537646,5.7181163
-749.8355,-424.6542,5.536246,5.716316
-749.2994,-423.81018,5.535011,5.7145166
-748.763,-422.96634,5.533811,5.712717
-748.2264,-422.12262,5.532612,5.7109175
-747.6895,-421.27905,5.531412,5.709118
-747.1524,-420.4356,5.5302124,5.7073183
-746.6152,-419.59235,5.5290127,5.705519
-746.07764,-418.74918,5.5278134,5.70372
-745.5399,-417.90616,5.5266137,5.7019205
-745.002,-417.06326,5.5254145,5.7001214
-744.4639,-416.2205,5.5242147,5.6983223
-743.92566,-415.37784,5.5228515,5.6965237
-743.38715,-414.5353,5.5214524,5.6947246
-742.8485,-413.6929,5.5200534,5.6929255
-742.3097,-412.8506,5.5186543,5.691127
-741.7707,-412.0084,5.517255,5.6893277
-741.2315,-411.1663,5.5160193,5.687529
-740.6922,-410.3243,5.51482,5.6857305
-740.1527,-409.4824,5.5136213,5.683932
-739.6131,-408.6406,5.512422,5.682133
-739.07336,-407.7989,5.511223,5.6803346
-738.53345,-406.95728,5.510024,5.678536
-737.9934,-406.11575,5.508825,5.6767373
-737.45325,-405.2743,5.5076256,5.6749387
-736.91296,-404.43292,5.506427,5.67314
-736.37256,-403.5916,5.5052276,5.6713414
-735.83203,-402.7504,5.5038667,5.669543
-735.29144,-401.90924,5.5024676,5.667744
-734.75073,-401.06815,5.501069,5.6659455
-734.2099,-400.2271,5.49967,5.6641474
-733.669,-399.38614,5.498271,5.6623487
-733.128,-398.54523,5.497033,5.66055
-732.5869,-397.70435,5.4958344,5.6587515
-732.0458,-396.86356,5.494635,5.656953
-731.5045,-396.02277,5.493436,5.6551538
-730.96326,-395.18204,5.492237,5.653355
-730.42194,-394.34134,5.490877,5.6515565
-729.8805,-393.5007,5.489478,5.649758
-729.33905,-392.66006,5.488079,5.6479588
-728.79755,-391.8195,5.48668,5.64616
-728.25604,-390.9789,5.485281,5.644361
-727.7145,-390.13837,5.484041,5.642562
-727.17285,-389.29782,5.482842,5.640763
-726.6313,-388.4573,5.4816427,5.6389637
-726.0896,-387.61682,5.480443,5.6371646
-725.548,-386.7763,5.4792438,5.6353655
-725.0063,-385.93582,5.478044,5.6335664
-724.46466,-385.09534,5.4768443,5.631767
-723.923,-384.25485,5.475645,5.629967
-723.38135,-383.41437,5.4744453,5.6281676
-722.8397,-382.57385,5.4732456,5.6263685
-722.2981,-381.73334,5.4718866,5.6245685
-721.7565,-380.89282,5.4704866,5.6227684
-721.2149,-380.05228,5.4690866,5.6209683
-720.6734,-379.2117,5.4676867,5.6191688
-720.1319,-378.3711,5.4662867,5.6173687
-719.5904,-377.5305,5.4650455,5.615568
-719.049,-376.68982,5.4638453,5.6137676
-718.5077,-375.84915,5.462645,5.611967
-717.9664,-375.00842,5.4614444,5.6101665
-717.4252,-374.16766,5.460244,5.608366
-716.884,-373.32684,5.4588842,5.606565
-716.3429,-372.486,5.4574833,5.604764
-715.8019,-371.64508,5.4560823,5.602963
-715.261,-370.8041,5.4546814,5.601162
-714.72015,-369.96307,5.4532804,5.5993605
-714.17944,-369.12198,5.4520392,5.597559
-713.6388,-368.28085,5.450838,5.595757
-713.09827,-367.4396,5.4496365,5.593955
-712.55786,-366.59833,5.4484353,5.592153
-712.0176,-365.757,5.447234,5.590351
-711.47736,-364.91556,5.4460325,5.5885487
-710.93726,-364.07407,5.444831,5.586746
-710.3973,-363.23248,5.443629,5.5849433
-709.85736,-362.39087,5.442427,5.583141
-709.31757,-361.5492,5.4412255,5.5813384
-708.77783,-360.70746,5.439861,5.5795355
-708.2382,-359.86566,5.4384584,5.577732
-707.69867,-359.0238,5.437056,5.575929
-707.1592,-358.18192,5.4356537,5.5741262
-706.6198,-357.33997,5.4342513,5.572323
-706.0805,-356.49796,5.433013,5.57052
-705.54126,-355.6559,5.431811,5.5687165
-705.00214,-354.8138,5.4306087,5.566913
-704.463,-353.97168,5.4294066,5.5651097
-703.924,-353.12952,5.4282045,5.5633063
-703.385,-352.2873,5.427002,5.561337
-702.8461,-351.44504,5.4258,5.5593333
-702.30725,-350.60275,5.4245977,5.5573297
-701.76843,-349.76044,5.4233956,5.555326
-701.2297,-348.9181,5.422193,5.553322
-700.691,-348.0757,5.420823,5.5514865
-700.1523,-347.2333,5.4194207,5.5496836
-699.61365,-346.39087,5.4180183,5.5478806
-699.0751,-345.5484,5.4166155,5.5460773
-698.53656,-344.7059,5.415213,5.5442743
-697.998,-343.8634,5.413981,5.5424714
-697.45953,-343.0209,5.4127793,5.540669
-696.921,-342.17838,5.411577,5.538866
-696.38257,-341.33582,5.4103756,5.5370636
-695.8442,-340.49326,5.409174,5.5352607
-695.3057,-339.6507,5.407801,5.5334587
-694.76733,-338.8081,5.4063997,5.5316567
-694.22894,-337.9655,5.4049983,5.529855
-693.69055,-337.12292,5.4035964,5.528053
-693.1522,-336.28033,5.402195,5.526251
-692.61383,-335.43774,5.400966,5.5244493
-692.07544,-334.59515,5.3997655,5.5226483
-691.53705,-333.75256,5.398565,5.5208473
-690.99866,-332.90997,5.397364,5.5190463
-690.46027,-332.06738,5.3961635,5.5172453
-689.9219,-331.22482,5.3949633,5.515445
-689.3834,-330.38226,5.3937635,5.513645
-688.845,-329.5397,5.3925633,5.511845
-688.3065,-328.69717,5.3913636,5.510045
-687.768,-327.85464,5.3901634,5.508245
-687.2295,-327.01215,5.3887916,5.5064464
-686.6909,-326.16968,5.3873925,5.5046477
-686.1523,-325.3272,5.385994,5.502849
-685.6137,-324.4848,5.384595,5.5010505
-685.075,-323.6424,5.383196,5.499252
-684.5363,-322.8,5.38197,5.4974546
-683.99756,-321.95764,5.3807716,5.495658
-683.45874,-321.11533,5.379574,5.4938607
-682.91986,-320.27304,5.378376,5.4920635
-682.3809,-319.4308,5.3771777,5.490267
-681.842,-318.5886,5.375811,5.488471
-681.3029,-317.74643,5.3744144,5.4866757
-680.7638,-316.9043,5.3730183,5.484881
-680.2247,-316.0622,5.371622,5.4830856
-679.6854,-315.22015,5.370226,5.4812903
-679.1462,-314.3781,5.368998,5.479497
-678.6068,-313.53616,5.3678026,5.4777036
-678.0674,-312.69424,5.366607,5.4759107
-677.52783,-311.8524,5.3654113,5.4741173
-676.98816,-311.01062,5.364216,5.472324
-676.4483,-310.16895,5.363022,5.470533
-675.9084,-309.32733,5.361828,5.468742
-675.36847,-308.48578,5.360634,5.466951
-674.8285,-307.6442,5.35944,5.46516
-674.2886,-306.80258,5.358246,5.463369
-673.7488,-305.9609,5.3568954,5.46158
-673.2088,-305.11932,5.355504,5.4597907
-672.6683,-304.27808,5.3541126,5.458002
-672.1269,-303.4374,5.3527217,5.4562135
-671.5843,-302.59756,5.3513303,5.4544244
-671.04004,-301.75873,5.3500896,5.452634
-670.4937,-300.9213,5.348895,5.450843
-669.94464,-300.08563,5.347701,5.449052
-669.3923,-299.25214,5.346507,5.447261
-668.83606,-298.4212,5.345313,5.44547
-668.2754,-297.5933,5.331722,5.463442
-667.7097,-296.76874,5.3137245,5.4884386
-667.1386,-295.948,5.295727,5.5134354
-666.5614,-295.1315,5.277729,5.538432
-665.97766,-294.31967,5.2597313,5.563429
-665.3869,-293.51297,5.2410445,5.5894485
-664.7885,-292.71188,5.2221127,5.6158323
-664.182,-291.9169,5.2031803,5.6422167
-663.5669,-291.1286,5.1842484,5.6686006
-662.9426,-290.3475,5.1653166,5.6949844
-662.3088,-289.5742,5.166481,5.7019396
-661.6648,-288.80927,5.173581,5.703157
-661.01025,-288.05338,5.1806808,5.704374
-660.3447,-287.30713,5.1877804,5.7055907
-659.6678,-286.57123,5.1948805,5.706808
-658.979,-285.8464,5.2323666,5.6788673
-658.2781,-285.1333,5.275541,5.645468
-657.56476,-284.43265,5.318715,5.612069
-656.8387,-283.74518,5.3618894,5.5786705
-656.0997,-283.07166,5.4050617,5.545273
-655.3475,-282.41284,5.4176455,5.5343003
-654.58203,-281.76953,5.427995,5.5249653
-653.80316,-281.1425,5.438345,5.5156302
-653.01086,-280.5326,5.448695,5.5062947
-652.205,-279.94064,5.4586425,5.497254
-651.38574,-279.36743,5.3766756,5.55543
-650.55347,-278.8133,5.2947135,5.6136036
-649.7086,-278.2785,5.2127533,5.671775
-648.8517,-277.76328,5.130794,5.729946
-647.98315,-277.26785,5.048931,5.7880335
-647.1035,-276.79245,5.01523,5.8043914
-646.2133,-276.33716,4.9815283,5.8207493
-645.31305,-275.90198,4.947827,5.837107
-644.40344,-275.48688,4.9141264,5.853465
-643.48486,-275.09192,4.8804264,5.8698225
-642.55786,-274.7171,4.947983,5.7978945
-641.6229,-274.36255,5.023396,5.7191167
-640.68054,-274.0284,5.098811,5.6403365
-639.7311,-273.71487,5.1742287,5.561554
-638.775,-273.4221,5.249649,5.482768
-637.8128,-273.1502,5.3258433,5.403174
-636.845,-272.89893,5.402147,5.323466
-635.87213,-272.66797,5.478448,5.2437606
-634.8948,-272.4569,5.5547466,5.1640573
-633.9134,-272.2654,5.6310453,5.084354
-632.92847,-272.09314,5.5793333,5.1520343
-631.94037,-271.93994,5.510597,5.239315
-630.9495,-271.80573,5.44186,5.326597
-629.9563,-271.6904,5.3731217,5.4138803
-628.96106,-271.5939,5.3043838,5.501164
-627.96423,-271.5161,5.2173877,5.6095495
-626.96606,-271.45694,5.1288404,5.719728
-625.967,-271.41632,5.0402937,5.829906
-624.96735,-271.3941,4.9517474,5.9400835
-623.96747,-271.3902,4.8632007,6.050262
-622.96765,-271.40448,4.8986683,6.0066543
-621.9683,-271.43686,4.937297,5.959127
-620.96967,-271.48715,4.9759254,5.9115996
-619.9721,-271.55524,5.014554,5.8640723
-618.9759,-271.641,5.05375,5.815842
-617.9813,-271.74423,5.110912,5.745349
-616.9887,-271.86484,5.168074,5.6748557
-615.99835,-272.00262,5.2252364,5.6043625
-615.01056,-272.1574,5.2823987,5.533869
-614.02545,-272.32904,5.3345017,5.469241
-613.04346,-272.51733,5.328255,5.4722633
-612.06476,-272.72208,5.322009,5.475286
-611.0896,-272.94305,5.3157625,5.478308
-610.11816,-273.18005,5.3095164,5.481331
-609.15076,-273.43283,5.299611,5.4886236
-608.18756,-273.70117,5.262055,5.528188
-607.22876,-273.98486,5.2244987,5.567753
-606.27454,-274.2837,5.186942,5.6073174
-605.32513,-274.59744,5.149386,5.646882
-604.38074,-274.92596,5.1185985,5.6799254
-603.4415,-275.26898,5.1302075,5.672119
-602.5077,-275.6263,5.1418166,5.664313
-601.57935,-275.99777,5.153426,5.6565065
-600.6567,-276.38318,5.1650352,5.6487
-599.73987,-276.7823,5.184755,5.6330085
-598.8291,-277.19498,5.2536135,5.5695386
-597.92456,-277.62103,5.322473,5.5060687
-597.02625,-278.06024,5.391332,5.4425983
-596.1345,-278.5125,5.4601912,5.3791285
-595.2493,-278.9776,5.521702,5.321722
-594.371,-279.45535,5.5346518,5.304389
-593.4995,-279.94562,5.5476017,5.2870564
-592.63513,-280.44824,5.5605516,5.2697234
-591.77795,-280.96307,5.5735016,5.2523904
-590.9281,-281.48996,5.5804477,5.23999
-590.0858,-282.02875,5.539823,5.266675
-589.2511,-282.57928,5.4991984,5.2933598
-588.4242,-283.14145,5.4585743,5.3200445
-587.6052,-283.71512,5.4179497,5.3467293
-586.7944,-284.30014,5.378403,5.3727674
-585.99164,-284.8964,5.349694,5.392306
-585.1974,-285.50372,5.3209844,5.411844
-584.41156,-286.12207,5.292275,5.431382
-583.63446,-286.75128,5.2635655,5.4509206
-582.8662,-287.39124,5.235791,5.4699106
-582.1069,-288.0418,5.219605,5.4821
-581.3566,-288.70282,5.2034187,5.49429
-580.61554,-289.37408,5.1872325,5.5064793
-579.8837,-290.05542,5.1710463,5.5186687
-579.1612,-290.74664,5.1555066,5.530451
-578.4481,-291.4476,5.1485014,5.5368557
-577.74457,-292.15808,5.141496,5.5432606
-577.05054,-292.8779,5.134491,5.549665
-576.3662,-293.6069,5.127486,5.55607
-575.6915,-294.3449,5.1209702,5.5621486
-575.0267,-295.09174,5.1205697,5.564152
-574.37164,-295.84723,5.120169,5.566155
-573.7265,-296.61118,5.1197686,5.5681577
-573.0914,-297.38342,5.1193676,5.570161
-572.4662,-298.1638,5.1189837,5.572148
-571.85114,-298.95212,5.118783,5.5739512
-571.24615,-299.74826,5.1185827,5.575755
-570.65137,-300.552,5.1183825,5.5775585
-570.0668,-301.36322,5.118182,5.5793624
-569.49243,-302.18173,5.1178527,5.5805945
-568.9284,-303.0074,5.1162486,5.5761843
-568.37476,-303.84,5.114645,5.571774
-567.8315,-304.67944,5.1130414,5.5673637
-567.2987,-305.52557,5.1114373,5.5629535
-566.77637,-306.3782,5.1098337,5.5585427
-566.2645,-307.23718,5.108229,5.55413
-565.7633,-308.10236,5.1066246,5.5497174
-565.27264,-308.9736,5.10502,5.545305
-564.79266,-309.85077,5.1034155,5.540892
-564.32336,-310.7337,5.1019764,5.5367866
-563.86475,-311.62222,5.1017756,5.53498
-563.41693,-312.51627,5.101575,5.533173
-562.9799,-313.41562,5.101374,5.5313663
-562.55383,-314.32016,5.1011734,5.5295596
-562.1386,-315.22977,5.101055,5.5279174
-561.7343,-316.14432,5.101457,5.527314
-561.341,-317.0636,5.101859,5.5267115
-560.9586,-317.9875,5.102261,5.5261083
-560.58716,-318.91586,5.102663,5.525505
-560.2267,-319.8485,5.103522,5.5242825
-559.8771,-320.7853,5.1067395,5.5198584
-559.5383,-321.72607,5.1099567,5.5154343
-559.2105,-322.67072,5.1131744,5.51101
-558.89343,-323.61902,5.116392,5.5065856
-558.5872,-324.5709,5.121019,5.499991
-558.29175,-325.52612,5.131671,5.484113
-558.007,-326.48465,5.142323,5.4682355
-557.733,-327.44626,5.1529756,5.4523573
-557.4696,-328.41083,5.1636276,5.4364796
-557.21686,-329.37827,5.174277,5.420606
-556.9746,-330.3484,5.184915,5.4047494
-556.7429,-331.32108,5.1955533,5.388892
-556.5217,-332.2962,5.2061915,5.373035
-556.311,-333.27365,5.2168303,5.3571777
-556.1106,-334.25327,5.225744,5.343187
-555.92053,-335.23495,5.22895,5.335372
-555.7407,-336.21857,5.232156,5.3275576
-555.5712,-337.20398,5.235362,5.3197427
-555.41187,-338.1911,5.238568,5.3119283
-555.26263,-339.1798,5.2411447,5.3048897
-555.12354,-340.16998,5.241745,5.3002896
-554.99445,-341.16153,5.242345,5.29569
-554.8753,-342.1543,5.2429447,5.29109
-554.7661,-343.14822,5.2435446,5.28649
-554.6668,-344.1432,5.2440963,5.281844
-554.5773,-345.13907,5.2444954,5.2770534
-554.49756,-346.1358,5.244895,5.2722626
-554.42755,-347.13327,5.245294,5.2674713
-554.36725,-348.13135,5.245693,5.2626805
-554.3165,-349.12994,5.243321,5.260755
-554.2754,-350.12903,5.2317615,5.2683287
-554.2438,-351.12842,5.220202,5.2759023
-554.2216,-352.12808,5.208643,5.2834754
-554.2089,-353.1279,5.1970835,5.291049
-554.20557,-354.1278,5.185015,5.299132
-554.21155,-355.1277,5.1710806,5.3090854
-554.2268,-356.12747,5.1571465,5.3190384
-554.25134,-357.12708,5.143212,5.3289914
-554.28503,-358.1264,5.129277,5.338945
-554.32794,-359.1254,5.1160274,5.3490486
-554.3799,-360.12396,5.1056824,5.3597913
-554.4409,-361.122,5.0953374,5.370534
-554.511,-362.11945,5.084993,5.3812766
-554.5901,-363.1162,5.074648,5.3920197
-554.6781,-364.11224,5.0658693,5.403056
-554.775,-365.10742,5.0650735,5.4155903
-554.88086,-366.1017,5.0642776,5.4281244
-554.9955,-367.09503,5.063482,5.440659
-555.11896,-368.08728,5.062686,5.453193
-555.2512,-369.0784,5.061918,5.465756
-555.3922,-370.06833,5.0613203,5.4785004
-555.54193,-371.05695,5.060723,5.491245
-555.7004,-372.04422,5.0601254,5.5039887
-555.8675,-373.03006,5.0595284,5.516733
-556.0432,-374.0144,5.0596013,5.5293875
-556.22754,-374.9972,5.0647874,5.541356
-556.4205,-375.9783,5.069974,5.553324
-556.62195,-376.95767,5.0751605,5.565293
-556.83203,-377.93527,5.0803466,5.5772614
-557.05054,-378.911,5.085781,5.5892334
-557.27765,-379.8848,5.0933814,5.601234
-557.5132,-380.85657,5.1009817,5.6132345
-557.7572,-381.82623,5.108582,5.625235
-558.00977,-382.7937,5.116183,5.6372356
-558.27075,-383.75894,5.123765,5.64922
-558.5402,-384.72186,5.131192,5.661063
-558.8181,-385.68237,5.1386194,5.6729064
-559.1044,-386.64044,5.1460466,5.6847496
-559.39886,-387.59598,5.1534734,5.696593
-559.70166,-388.54895,5.1610503,5.708465
-560.0125,-389.4993,5.169709,5.7205477
-560.3314,-390.447,5.1783686,5.7326303
-560.65814,-391.392,5.1870275,5.744713
-560.9926,-392.33432,5.195687,5.7567954
-561.3346,-393.27393,5.204599,5.7689123
-561.684,-394.2108,5.2148848,5.7812147
-562.04065,-395.14493,5.22517,5.7935176
-562.4044,-396.0763,5.235456,5.80582
-562.7752,-397.0049,5.245742,5.8181224
-563.15283,-397.9308,5.255988,5.8304253
-563.5371,-398.85388,5.266073,5.842729
-563.928,-399.77423,5.2761583,5.855033
-564.32526,-400.69183,5.2862434,5.8673368
-564.7288,-401.6067,5.2963285,5.8796406
-565.1385,-402.51883,5.306894,5.888518
-565.55414,-403.42825,5.3189845,5.8865027
-565.97565,-404.33496,5.331075,5.8844876
-566.40283,-405.23904,5.343166,5.8824725
-566.8356,-406.14047,5.3552566,5.8804574
-567.2737,-407.03928,5.3677874,5.874711
-567.7171,-407.9355,5.381468,5.8592205
-568.16565,-408.82913,5.395148,5.84373
-568.61914,-409.72028,5.408828,5.828239
-569.0775,-410.60892,5.422508,5.8127484
-569.54065,-411.49512,5.4362407,5.797206
-570.0083,-412.37894,5.4500933,5.781547
-570.4804,-413.26035,5.4639454,5.7658877
-570.95685,-414.13947,5.477798,5.7502284
-571.4375,-415.01627,5.49165,5.7345695
-571.9222,-415.89087,5.505492,5.7189865
-572.41077,-416.76328,5.519314,5.703563
-572.90314,-417.63354,5.533135,5.6881394
-573.3992,-418.50174,5.546956,5.6727157
-573.89874,-419.3679,5.560777,5.6572924
-574.40173,-420.2321,5.5745883,5.6418133
-574.908,-421.09433,5.5883794,5.6262236
-575.4175,-421.95474,5.60217,5.610634
-575.93,-422.81332,5.615961,5.595044
-576.4454,-423.67014,5.6297517,5.5794544
-576.9636,-424.52527,5.6399856,5.5668974
-577.48456,-425.37878,5.6429777,5.560514
-578.008,-426.2307,5.64597,5.5541306
-578.53394,-427.08115,5.648962,5.547747
-579.0622,-427.93008,5.6519547,5.5413637
-579.5927,-428.77768,5.6512904,5.538134
-580.1253,-429.62393,5.642726,5.5417194
-580.6599,-430.46893,5.6341615,5.5453043
-581.1964,-431.3127,5.625597,5.5488896
-581.7347,-432.1554,5.6170325,5.5524745
-582.2746,-432.99698,5.608471,5.5561175
-582.8161,-433.8376,5.599915,5.559898
-583.3591,-434.67725,5.5913596,5.5636783
-583.9033,-435.51602,5.5828037,5.5674586
-584.44885,-436.35403,5.5742483,5.571239
-584.9955,-437.19128,5.5656934,5.5749655
-585.54315,-438.0279,5.5571413,5.5785456
-586.09174,-438.8639,5.548589,5.5821257
-586.64105,-439.69934,5.5400367,5.5857058
-587.19116,-440.53436,5.5314846,5.5892854
-587.7418,-441.36896,5.522932,5.592866
-588.29297,-442.20325,5.5143776,5.5964465
-588.8445,-443.0373,5.505823,5.6000276
-589.3963,-443.87115,5.4972687,5.6036086
-589.94836,-444.7049,5.488714,5.6071897
-590.5004,-445.53854,5.480158,5.610771
-591.0525,-446.37225,5.4715953,5.6143556
-591.60443,-447.20602,5.4630322,5.61794
-592.15607,-448.03998,5.4544697,5.6215243
-592.7074,-448.87418,5.445907,5.6251087
-593.2582,-449.70874,5.4373417,5.628694
-593.80835,-450.54364,5.428765,5.6322846
-594.3579,-451.379,5.4201884,5.6358747
-594.90686,-452.21472,5.4116116,5.639465
-595.45514,-453.0509,5.403035,5.643055
-596.00275,-453.88754,5.394456,5.6466823
-596.5497,-454.7246,5.3858643,5.6504784
-597.09595,-455.56213,5.377273,5.6542745
-597.6416,-456.40002,5.368682,5.658071
-598.18665,-457.2383,5.3600907,5.661867
-598.73114,-458.077,5.352126,5.6648254
-599.2751,-458.916,5.347124,5.663825
-599.8185,-459.75534,5.342122,5.6628246
-600.36145,-460.595,5.33712,5.6618237
-600.9039,-461.43497,5.3321176,5.6608233
-601.4459,-462.27524,5.3276105,5.6592917
-601.9875,-463.11578,5.325407,5.6552854
-602.5286,-463.9566,5.3232036,5.651279
-603.0694,-464.79767,5.321,5.6472726
-603.6098,-465.63898,5.3187966,5.6432667
-604.14984,-466.4805,5.3165927,5.6392593
-604.6896,-467.32224,5.3143873,5.6352496
-605.229,-468.16415,5.312182,5.63124
-605.7681,-469.00626,5.3099766,5.62723
-606.30707,-469.8485,5.307771,5.6232204
-606.8457,-470.69092,5.3055654,5.61921
-607.38416,-471.53348,5.3033586,5.6151977
-607.9224,-472.37613,5.301152,5.6111856
-608.4605,-473.2189,5.2989454,5.6071734
-608.9985,-474.06177,5.2967386,5.603161
-609.5363,-474.9047,5.294532,5.5991483
-610.0741,-475.74768,5.292324,5.5951347
-610.61176,-476.59073,5.290117,5.591121
-611.1494,-477.4338,5.287909,5.5871077
-611.687,-478.2769,5.2857018,5.583094
-612.2246,-479.12,5.2834945,5.5790806
-612.7622,-479.96307,5.2812867,5.5750666
-613.29987,-480.80612,5.279079,5.571053
-613.8376,-481.64914,5.2768717,5.567039
-614.3754,-482.4921,5.274664,5.563025
-614.9133,-483.33496,5.272456,5.5590115
-615.45135,-484.17776,5.2702494,5.5549984
-615.98956,-485.02048,5.268042,5.5509853
-616.52795,-485.86307,5.265835,5.5469723
-617.0666,-486.70554,5.2636275,5.5429597
-617.60535,-487.54785,5.2614207,5.538947
-618.1444,-488.39,5.259215,5.534936
-618.6838,-489.232,5.2570086,5.530925
-619.2234,-490.0738,5.2548027,5.5269136
-619.7633,-490.91537,5.2525964,5.5229025
-620.3036,-491.75674,5.2503905,5.5188923
-620.84424,-492.5979,5.248186,5.514884
-621.38525,-493.4388,5.2459817,5.510876
-621.9267,-494.27945,5.2437773,5.506868
-622.4685,-495.1198,5.241573,5.50286
-623.01086,-495.9599,5.239369,5.4988527
-623.5536,-496.79965,5.237167,5.4948487
-624.09686,-497.6391,5.234965,5.490845
-624.6406,-498.47824,5.2327623,5.486841
-625.185,-499.317,5.2305603,5.482837
-625.72986,-500.1554,5.2283006,5.4788346
-626.2753,-500.9934,5.2259016,5.474836
-626.8214,-501.83105,5.223502,5.470837
-627.3681,-502.66827,5.221103,5.4668384
-627.9154,-503.5051,5.2187037,5.4628396
-628.4634,-504.34146,5.2163634,5.4588428
-629.0121,-505.1774,5.2141676,5.45485
-629.56146,-506.01285,5.2119718,5.450858
-630.1116,-506.84784,5.209776,5.4468656
-630.6625,-507.68228,5.20758,5.442873
-631.2142,-508.5162,5.2053857,5.438883
-631.7667,-509.34958,5.203194,5.434898
-632.32007,-510.18243,5.201002,5.430913
-632.87415,-511.01477,5.1988106,5.4269285
-633.429,-511.84662,5.196619,5.4229436
-633.9846,-512.678,5.194428,5.41896
-634.5408,-513.5089,5.1922393,5.414981
-635.0974,-514.33954,5.190051,5.4110017
-635.65424,-515.17004,5.1878624,5.4070225
-636.2111,-516.00055,5.1856737,5.4030433
-636.7677,-516.83124,5.183485,5.3990636
-637.3239,-517.6622,5.1812954,5.3950825
-637.87946,-518.4935,5.1791058,5.3911014
-638.43427,-519.32544,5.176916,5.3871202
-638.9881,-520.15796,5.1747265,5.383139
-639.5408,-520.9912,5.172536,5.379156
-640.0921,-521.8254,5.170341,5.375165
-640.64185,-522.66064,5.1681457,5.3711743
-641.18976,-523.497,5.165951,5.367183
-641.73566,-524.3348,5.1637554,5.363192
-642.2793,-525.174,5.1615586,5.3591976
-642.8204,-526.01483,5.1593537,5.355189
-643.3589,-526.85736,5.1571493,5.3511806
-643.8948,-527.70154,5.1549444,5.347172
-644.428,-528.5474,5.15274,5.3431635
-644.95844,-529.395,5.150533,5.3391085
-645.4862,-530.2443,5.148319,5.334882
-646.0118,-531.0949,5.146105,5.3306546
-646.5358,-531.94653,5.1438904,5.3264275
-647.05884,-532.7987,5.1416764,5.3222003
-647.5814,-533.6512,5.1394615,5.3180213
-648.10406,-534.50366,5.1372457,5.313992
-648.62726,-535.3558,5.1350293,5.3099627
-649.15137,-536.20734,5.1328135,5.305933
-649.67694,-537.058,5.130597,5.3019037
-650.2043,-537.9075,5.1283827,5.297878
-650.734,-538.75555,5.126173,5.29386
-651.26666,-539.6018,5.1239634,5.289842
-651.80286,-540.4458,5.1217537,5.285825
-652.34314,-541.2872,5.1195436,5.281807
-652.8881,-542.1255,5.117338,5.277797
-653.43805,-542.9606,5.1151433,5.273806
-653.99255,-543.79266,5.1129484,5.2698154
-654.5514,-544.6218,5.1107535,5.265825
-655.1141,-545.44836,5.1085587,5.261834
-655.6803,-546.2725,5.1063676,5.25785
-656.24963,-547.09454,5.1041856,5.253883
-656.8212,-547.9149,5.1020036,5.2499156
-657.39435,-548.73425,5.0998216,5.2459483
-657.9683,-549.55304,5.0976396,5.2419806
-658.54236,-550.37177,5.095458,5.238014
-659.1158,-551.1909,5.093278,5.234051
-659.68787,-552.011,5.0910983,5.2300878
-660.258,-552.83246,5.0889187,5.226125
-660.82556,-553.6557,5.0867386,5.2221613
-661.38983,-554.48114,5.084517,5.2181954
-661.9502,-555.30927,5.0821304,5.2142177
-662.506,-556.1405,5.079744,5.2102394
-663.0564,-556.9753,5.0773573,5.2062616
-663.60065,-557.814,5.0749702,5.202284
-664.1381,-558.6572,5.073035,5.198092
-664.66797,-559.5052,5.073235,5.1928844
-665.1894,-560.3584,5.0734353,5.1876774
-665.7016,-561.21716,5.0736356,5.1824703
-666.20374,-562.08185,5.073836,5.1772633
-666.6949,-562.95276,5.084023,5.1671104
-667.17426,-563.8303,5.139309,5.134625
-667.64087,-564.71466,5.1945934,5.1021404
-668.0939,-565.606,5.2498784,5.0696554
-668.5323,-566.5047,5.3051624,5.037171
-668.9552,-567.41077,5.357936,5.005801
-669.36163,-568.32434,5.402076,4.978265
-669.7505,-569.2455,5.446214,4.950729
-670.12085,-570.17426,5.4903545,4.923192
-670.47156,-571.11066,5.5344954,4.895654
-670.8015,-572.0545,5.563983,4.8746166
-671.1099,-573.0056,5.5569367,4.8697853
-671.39624,-573.9637,5.549891,4.8649535
-671.66003,-574.9281,5.5428452,4.860122
-671.9008,-575.89856,5.535799,4.855291
-672.1181,-576.8746,5.5280094,4.8523817
-672.3115,-577.8556,5.518631,4.853579
-672.4811,-578.841,5.509253,4.8547764
-672.62665,-579.8302,5.4998746,4.8559732
-672.7481,-580.8227,5.4904966,4.8571706
-672.8455,-581.8178,5.478367,4.8646126
-672.91864,-582.815,5.460031,4.8861375
-672.96716,-583.8137,5.4416947,4.9076624
-672.9908,-584.81335,5.4233584,4.929188
-672.98914,-585.81323,5.4050226,4.9507127
-672.962,-586.81274,5.387239,4.971167
-672.9088,-587.8112,5.370809,4.989
-672.8293,-588.8079,5.3543797,5.006832
-672.7229,-589.8021,5.3379493,5.024665
-672.5892,-590.793,5.3215184,5.0424986
-672.4276,-591.7797,5.3088527,5.051619
-672.23804,-592.7615,5.305016,5.0403104
-672.0204,-593.73737,5.3011794,5.029002
-671.77496,-594.70667,5.297343,5.0176945
-671.5017,-595.66846,5.293506,5.0063863
-671.2008,-596.622,5.2919126,4.9953504
-670.87244,-597.5664,5.2945433,4.984827
-670.517,-598.501,5.297174,4.9743032
-670.1348,-599.425,5.299805,4.96378
-669.7263,-600.3376,5.302436,4.9532566
-669.2919,-601.2381,5.320894,4.9440618
-668.83185,-602.12585,5.3625574,4.936816
-668.34674,-603.0002,5.4042215,4.92957
-667.83704,-603.8604,5.445885,4.922324
-667.3033,-604.70593,5.4875493,4.915078
-666.746,-605.5361,5.495362,4.933241
-666.1655,-606.3502,5.45959,4.9841166
-665.5626,-607.1479,5.4238186,5.0349913
-664.93787,-607.9285,5.388048,5.085865
-664.2918,-608.69165,5.352279,5.1367364
-663.62506,-609.43677,5.3243146,5.173049
-662.9381,-610.1633,5.3078103,5.187981
-662.23126,-610.87054,5.291306,5.2029138
-661.5049,-611.5576,5.2748013,5.217847
-660.7593,-612.2239,5.258296,5.23278
-659.99493,-612.8684,5.261071,5.2231383
-659.2121,-613.4905,5.3056583,5.1602035
-658.4111,-614.08887,5.350245,5.097269
-657.59216,-614.6626,5.39483,5.034337
-656.75574,-615.21045,5.439411,4.9714108
-655.9022,-615.7313,5.4682617,4.924543
-655.0321,-616.22375,5.4490337,4.926746
-654.1455,-616.68604,5.429806,4.9289494
-653.2429,-617.1162,5.4105744,4.931153
-652.3248,-617.51227,5.3913393,4.933357
-651.39197,-617.872,5.361503,4.946195
-650.44543,-618.19415,5.3006334,4.9901676
-649.4869,-618.4786,5.239776,5.0341315
-648.518,-618.7255,5.178925,5.078091
-647.54034,-618.93506,5.1180696,5.1220536
-646.5555,-619.1074,5.09252,5.1361322
-645.5649,-619.2432,5.1350207,5.092615
-644.5701,-619.3443,5.177521,5.049098
-643.57263,-619.4124,5.220017,5.0055857
-642.5734,-619.44934,5.2625113,4.9620748
-641.57355,-619.45703,5.3089843,4.9162936
-640.5739,-619.43713,5.36087,4.867425
-639.5751,-619.3912,5.4127603,4.818551
-638.5777,-619.32056,5.4646506,4.7696776
-637.5822,-619.22687,5.516542,4.7208037
-636.589,-619.11163,5.5485215,4.6916523
-635.59827,-618.97614,5.556319,4.686454
-634.6104,-618.8216,5.5641174,4.681255
-633.6255,-618.64935,5.5719156,4.6760564
-632.64355,-618.4605,5.5797133,4.670858
-631.66473,-618.25635,5.574871,4.685535
-630.689,-618.03766,5.5545955,4.7244797
-629.7166,-617.8049,5.53432,4.7634254
-628.74756,-617.5585,5.5140433,4.802372
-627.7819,-617.29895,5.493767,4.841319
-626.81976,-617.0267,5.461779,4.898877
-625.8612,-616.7422,5.416533,4.977505
-624.9062,-616.446,5.371287,5.0561323
-623.9547,-616.13855,5.3260417,5.1347585
-623.0067,-615.8205,5.2807965,5.213385
-622.0622,-615.4924,5.2498317,5.2673445
-621.1211,-615.1546,5.233369,5.296255
-620.1833,-614.8077,5.2169056,5.3251657
-619.2487,-614.4522,5.2004423,5.3540764
-618.31726,-614.08856,5.1839795,5.3829875
-617.3888,-613.7174,5.176825,5.396175
-616.46326,-613.33905,5.1784267,5.3945737
-615.5404,-612.95404,5.180028,5.392972
-614.6202,-612.5629,5.181629,5.391371
-613.7024,-612.1661,5.1832304,5.3897696
-612.7869,-611.764,5.1848297,5.388067
-611.87354,-611.3572,5.186426,5.3862705
-610.96204,-610.94604,5.1880226,5.3844743
-610.0523,-610.53107,5.1896195,5.382678
-609.14417,-610.1127,5.191216,5.380882
-608.23737,-609.69135,5.1928115,5.3791885
-607.3317,-609.26746,5.194405,5.377595
-606.42706,-608.84155,5.1959987,5.3760014
-605.5232,-608.4139,5.1975923,5.374408
-604.61993,-607.985,5.199186,5.3728137
-603.7171,-607.55524,5.200682,5.3712206
-602.81445,-607.1251,5.2020764,5.369627
-601.91174,-606.69507,5.20347,5.368034
-601.0088,-606.26556,5.2048645,5.366441
-600.10535,-605.8371,5.206259,5.364847
-599.2011,-605.4102,5.207747,5.3631597
-598.2961,-604.9851,5.2093425,5.361365
-597.3901,-604.5621,5.210938,5.3595695
-596.48303,-604.1413,5.2125335,5.3577747
-595.5748,-603.7229,5.2141294,5.3559794
-594.6655,-603.30707,5.2157264,5.354274
-593.755,-602.89386,5.2173247,5.352675
-592.8433,-602.48303,5.2189236,5.3510766
-591.93066,-602.0746,5.220522,5.349478
-591.0171,-601.6682,5.222121,5.3478794
-590.1026,-601.2638,5.2237206,5.3462796
-589.1873,-600.86127,5.2253213,5.344679
-588.27124,-600.4604,5.226922,5.3430777
-587.3545,-600.0612,5.2285233,5.341477
-586.4371,-599.6635,5.230124,5.339876
-585.519,-599.26733,5.2316346,5.338184
-584.60034,-598.87244,5.233037,5.3363814
-583.6812,-598.4788,5.234439,5.3345785
-582.76154,-598.0863,5.235841,5.332776
-581.8415,-597.69476,5.2372427,5.3309736
-580.9211,-597.3041,5.238737,5.3292627
-580.0003,-596.9142,5.24034,5.3276596
-579.0793,-596.52496,5.2419434,5.3260565
-578.158,-596.1363,5.2435465,5.324454
-577.2366,-595.748,5.2451496,5.3228507
-576.315,-595.36005,5.2467527,5.3212476
-575.3933,-594.9722,5.248356,5.3196445
-574.4716,-594.58453,5.249959,5.3180413
-573.5499,-594.19684,5.251562,5.316438
-572.6283,-593.809,5.2531652,5.314835
-571.7068,-593.4209,5.254768,5.313136
-570.78546,-593.0325,5.2563705,5.311333
-569.86426,-592.6435,5.257973,5.3095303
-568.94336,-592.25397,5.259576,5.3077273
-568.02277,-591.8637,5.2611785,5.3059244
-567.10254,-591.47253,5.262683,5.3042197
-566.18274,-591.08044,5.2640843,5.302618
-565.26337,-590.6873,5.2654853,5.301017
-564.3444,-590.2931,5.2668867,5.299415
-563.426,-589.8977,5.268288,5.297814
-562.5081,-589.5011,5.269787,5.296213
-561.59076,-589.1033,5.271387,5.294613
-560.6739,-588.7043,5.272987,5.293013
-559.7575,-588.3042,5.274587,5.291413
-558.84155,-587.9032,5.276187,5.289813
-557.926,-587.5012,5.2777863,5.2881155
-557.0108,-587.0984,5.279385,5.286317
-556.096,-586.6948,5.280984,5.284518
-555.18146,-586.29047,5.2825828,5.282719
-554.2673,-585.88544,5.2841816,5.2809205
-553.35333,-585.4798,5.2857804,5.2792196
-552.43964,-585.0736,5.2873783,5.2776217
-551.5262,-584.66693,5.2889767,5.2760234
-550.6129,-584.25977,5.2905746,5.2744255
-549.6998,-583.85223,5.292173,5.272827
-548.7869,-583.44434,5.2936745,5.2712293
-547.8741,-583.03625,5.2950726,5.2696314
-546.96136,-582.6279,5.2964706,5.2680335
-546.04865,-582.2194,5.297869,5.2664356
-545.13605,-581.8109,5.2992673,5.2648373
-544.2234,-581.4023,5.3007607,5.2631445
-543.3108,-580.9938,5.3023586,5.2613463
-542.3981,-580.5853,5.303957,5.2595487
-541.48535,-580.177,5.305555,5.2577505
-540.5725,-579.7689,5.307153,5.255953
-539.65955,-579.3611,5.3087516,5.2542486
-538.74646,-578.95355,5.3103504,5.25265
-537.8332,-578.54645,5.3119493,5.251051
-536.9197,-578.13983,5.313548,5.249452
-536.006,-577.73364,5.315147,5.2478533
-535.09204,-577.3281,5.316746,5.2462535
-534.1778,-576.92316,5.3183465,5.2446537
-533.26324,-576.5189,5.3199463,5.2430534
-532.3483,-576.1154,5.3215466,5.2414536
-531.4331,-575.7127,5.3231463,5.2398534
-530.5175,-575.31085,5.3246536,5.2381597
-529.60156,-574.90985,5.326055,5.236358
-528.68524,-574.5096,5.327456,5.234556
-527.7686,-574.11005,5.3288574,5.2327547
-526.8517,-573.7112,5.330259,5.230953
-525.9346,-573.3129,5.3317547,5.229245
-525.01715,-572.91516,5.333357,5.227643
-524.09955,-572.5178,5.3349595,5.226041
-523.1818,-572.121,5.3365617,5.224438
-522.2639,-571.7244,5.3381643,5.222836
-521.3458,-571.3281,5.3397665,5.2212334
-520.42773,-570.9321,5.3413696,5.2196307
-519.5095,-570.53625,5.3429723,5.2180276
-518.59125,-570.1405,5.344575,5.216425
-517.673,-569.74475,5.3461776,5.2148223
-516.7547,-569.34906,5.3477807,5.213122
-515.8365,-568.9532,5.3493834,5.211319
-514.91833,-568.55725,5.350986,5.209516
-514.00024,-568.1611,5.3525887,5.207713
-513.0823,-567.76465,5.3541913,5.20591
-512.1644,-567.3679,5.3556943,5.2042065
-511.24677,-566.9708,5.3570957,5.202605
-510.3293,-566.57324,5.3584976,5.2010026
-509.41205,-566.1752,5.3598995,5.199401
-508.49503,-565.77655,5.361301,5.1977987
-507.5783,-565.37726,5.3628025,5.1961975
-506.66187,-564.97736,5.3644032,5.194597
-505.74576,-564.57666,5.366004,5.192996
-504.83,-564.1752,5.3676047,5.1913953
-503.9146,-563.7728,5.3692055,5.1897945
-502.99963,-563.3695,5.3708053,5.188094
-502.08508,-562.9653,5.372404,5.1862955
-501.17102,-562.55994,5.374003,5.1844964
-500.25742,-562.15356,5.375602,5.182698
-499.34433,-561.746,5.377201,5.180899
-498.43176,-561.3373,5.378799,5.179201
-497.5198,-560.92725,5.3803954,5.1776047
-496.6085,-560.51575,5.3819923,5.1760077
-495.69794,-560.1026,5.383589,5.174411
-494.78818,-559.6876,5.3851857,5.1728144
-493.87933,-559.2707,5.3919635,5.1754217
-492.9715,-558.8516,5.4041324,5.182404
-492.06473,-558.43024,5.4163013,5.189386
-491.15912,-558.00635,5.42847,5.196368
-490.2548,-557.5797,5.440639,5.20335
-489.35184,-557.1502,5.459479,5.2155733
-488.45032,-556.71765,5.4856253,5.2335362
-487.55035,-556.2819,5.511771,5.251499
-486.65207,-555.8427,5.5379176,5.2694626
-485.75555,-555.39996,5.5640635,5.2874255
-484.86087,-554.9534,5.590132,5.3054924
-483.96817,-554.5029,5.616112,5.3236785
-483.07758,-554.04834,5.642092,5.3418646
-482.18918,-553.5895,5.6680717,5.36005
-481.3031,-553.12616,5.6940517,5.3782363
-480.41943,-552.65826,5.720145,5.396344
-479.53836,-552.1855,5.7463703,5.4143615
-478.65994,-551.70776,5.7725954,5.432379
-477.78436,-551.22485,5.7988205,5.450396
-476.91174,-550.73663,5.825046,5.4684134
-476.04224,-550.243,5.846413,5.477531
-475.17593,-549.7436,5.8622565,5.476528
-474.31302,-549.23846,5.8781,5.4755254
-473.4536,-548.7273,5.8939433,5.4745226
-472.59787,-548.2101,5.9097867,5.47352
-471.74594,-547.68665,5.921191,5.46449
-470.89798,-547.1568,5.927818,5.446819
-470.05417,-546.6203,5.934445,5.4291477
-469.21475,-546.07697,5.9410715,5.411476
-468.3799,-545.5267,5.947698,5.3938046
-467.54984,-544.9692,5.954427,5.37603
-466.72464,-544.4045,5.961256,5.358153
-465.90427,-543.8328,5.968086,5.340276
-465.08865,-543.2544,5.974915,5.322399
-464.2777,-542.66943,5.9817443,5.304522
-463.4714,-542.0781,5.9885693,5.2867613
-462.66956,-541.4807,5.995391,5.269106
-461.87198,-540.8777,6.002212,5.251451
-461.0785,-540.2693,6.0090337,5.2337956
-460.28882,-539.6559,6.015855,5.2161403
-459.50275,-539.0379,6.022561,5.198396
-458.72006,-538.4156,6.0291686,5.1805754
-457.94058,-537.7893,6.0357766,5.1627545
-457.16406,-537.15936,6.042384,5.1449337
-456.3903,-536.52606,6.0489917,5.127113
-455.61905,-535.8897,6.0491695,5.122157
-454.8501,-535.2505,6.0439734,5.1279526
-454.08325,-534.6088,6.038778,5.133748
-453.3183,-533.9649,6.0335817,5.1395435
-452.55502,-533.319,6.028386,5.1453385
-451.79318,-532.6713,6.02287,5.1515617
-451.0328,-532.022,6.017082,5.158148
-450.274,-531.3708,6.0112944,5.164734
-449.5169,-530.71765,6.005507,5.17132
-448.76166,-530.0624,5.999719,5.177906
-448.0084,-529.4048,5.993932,5.184597
-447.25723,-528.7448,5.9881454,5.191381
-446.50833,-528.0823,5.982359,5.1981654
-445.76178,-527.41705,5.9765725,5.2049494
-445.0177,-526.7491,5.970786,5.2117333
-444.27625,-526.07825,5.9649973,5.2184167
-443.53754,-525.40436,5.9592066,5.225006
-442.8017,-524.72736,5.953416,5.231596
-442.06894,-524.047,5.947625,5.2381854
-441.3394,-523.36316,5.941834,5.244775
-440.61322,-522.6758,5.936039,5.2514715
-439.89056,-521.98474,5.9302397,5.2582707
-439.17142,-521.29,5.9244404,5.26507
-438.45593,-520.5915,5.918641,5.271869
-437.74414,-519.8893,5.912842,5.278668
-437.0361,-519.1832,5.9070387,5.28537
-436.33185,-518.4734,5.9012313,5.2919784
-435.6313,-517.75995,5.895424,5.2985864
-434.93445,-517.04285,5.889617,5.305195
-434.24124,-516.32227,5.8838096,5.311803
-433.5516,-515.5982,5.878,5.318207
-432.86554,-514.8708,5.872188,5.3244195
-432.183,-514.1401,5.8663764,5.330632
-431.50397,-513.40607,5.860564,5.336845
-430.8284,-512.6689,5.8547525,5.3430576
-430.15628,-511.9286,5.848834,5.343362
-429.48758,-511.1852,5.84282,5.3383503
-428.82224,-510.43878,5.8368063,5.3333383
-428.16022,-509.6894,5.830792,5.3283267
-427.50153,-508.93713,5.824778,5.323315
-426.84607,-508.182,5.818872,5.3184114
-426.19385,-507.42413,5.813059,5.3136005
-425.54477,-506.6635,5.8072457,5.3087897
-424.89886,-505.9002,5.8014326,5.303979
-424.25604,-505.13434,5.7956195,5.299168
-423.61627,-504.36588,5.7896976,5.2943583
-422.97952,-503.59494,5.783686,5.289549
-422.34573,-502.82153,5.7776747,5.28474
-421.71487,-502.04578,5.771663,5.2799306
-421.08688,-501.26767,5.7656517,5.275121
-420.46173,-500.48727,5.759642,5.2702017
-419.8394,-499.70465,5.753634,5.265195
-419.2198,-498.91983,5.7476254,5.260188
-418.60287,-498.13293,5.741617,5.255181
-417.98865,-497.34393,5.7356086,5.250174
-417.377,-496.55292,5.7255254,5.2519636
-416.7679,-495.75992,5.712315,5.2589693
-416.16135,-494.965,5.699105,5.2659745
-415.55725,-494.1682,5.6858945,5.27298
-414.95557,-493.3696,5.672684,5.279986
-414.35623,-492.56918,5.6581106,5.289154
-413.75925,-491.76706,5.6425076,5.2999563
-413.16452,-490.96326,5.626905,5.310758
-412.572,-490.1578,5.611302,5.3215604
-411.98166,-489.35077,5.595699,5.332362
-411.39343,-488.54218,5.5801005,5.343275
-410.80728,-487.73212,5.564506,5.3542714
-410.22314,-486.92056,5.548911,5.3652678
-409.641,-486.1076,5.5333166,5.376264
-409.06073,-485.29327,5.5177217,5.3872604
-408.48236,-484.47763,5.5020165,5.3981404
-407.9058,-483.66068,5.486228,5.4089327
-407.331,-482.8425,5.4704394,5.419725
-406.7579,-482.0231,5.454651,5.430517
-406.18646,-481.20258,5.438862,5.4413095
-405.61667,-480.38092,5.4234138,5.4517617
-405.0484,-479.5582,5.408228,5.461952
-404.48163,-478.7344,5.3930416,5.472143
-403.91632,-477.90964,5.3778553,5.482334
-403.35242,-477.08392,5.362669,5.4925246
-402.78986,-476.2573,5.3549914,5.4917326
-402.22858,-475.42975,5.353193,5.4823403
-401.66855,-474.6014,5.351394,5.4729486
-401.1097,-473.77225,5.349596,5.4635563
-400.552,-472.94232,5.3477974,5.454164
-399.99536,-472.11166,5.345999,5.4447703
-399.43976,-471.28033,5.3441997,5.435375
-398.88513,-470.44833,5.3424006,5.4259796
-398.33142,-469.61575,5.3406014,5.4165845
-397.77856,-468.78256,5.3388023,5.4071894
-397.22653,-467.94885,5.3370023,5.39768
-396.67526,-467.11462,5.335202,5.388078
-396.1247,-466.27997,5.3334017,5.3784766
-395.5748,-465.44485,5.3316016,5.3688755
-395.02548,-464.60934,5.3298016,5.359274
-394.47668,-463.77347,5.327889,5.349779
-393.9284,-462.9373,5.325887,5.3403697
-393.38058,-462.10083,5.323885,5.3309603
-392.83316,-461.26407,5.321883,5.321551
-392.2861,-460.4271,5.319881,5.3121414
-391.73935,-459.5899,5.317991,5.302729
-391.19284,-458.75256,5.316188,5.2933145
-390.64658,-457.91504,5.314385,5.2838993
-390.1005,-457.07742,5.312582,5.2744846
-389.55453,-456.23972,5.3107796,5.26507
-389.00867,-455.40198,5.308976,5.2556543
-388.46283,-454.56418,5.3071733,5.2462378
-387.917,-453.7264,5.30537,5.2368207
-387.3711,-452.88867,5.303567,5.227404
-386.82507,-452.051,5.3017635,5.2179875
-386.27893,-451.2134,5.299845,5.208572
-385.7326,-450.37598,5.297842,5.1991568
-385.186,-449.53867,5.295839,5.1897416
-384.63913,-448.70157,5.2938356,5.1803265
-384.09195,-447.86465,5.291832,5.1709113
-383.54437,-447.028,5.2899466,5.161499
-382.9964,-446.19165,5.2881446,5.152089
-382.4479,-445.3556,5.2863426,5.1426787
-381.89893,-444.51987,5.2845407,5.1332684
-381.3494,-443.6845,5.2827387,5.1238585
-380.79922,-442.84955,5.2809377,5.114335
-380.2484,-442.01505,5.2791376,5.1047335
-379.6969,-441.18097,5.277337,5.095132
-379.14468,-440.3474,5.275537,5.0855303
-378.5917,-439.5143,5.2737365,5.075928
-378.0379,-438.68176,5.271938,5.066452
-377.48328,-437.84976,5.2701397,5.0570626
-376.9277,-437.0184,5.2683415,5.047673
-376.37112,-436.18774,5.266544,5.0382833
-375.81342,-435.35782,5.2647457,5.028894
-375.25455,-434.5287,5.2628326,5.0195136
-374.69452,-433.70032,5.260838,5.0101395
-374.1335,-432.87262,5.258844,5.000766
-373.5717,-432.04547,5.2568493,4.9913917
-373.00922,-431.21875,5.2548547,4.9820175
-372.44626,-430.3924,5.2529755,4.9726486
-371.8831,-429.56616,5.251182,4.9632835
-371.32016,-428.73978,5.2493887,4.9539185
-370.75784,-427.91293,5.2475953,4.9445534
-370.19662,-427.0854,5.245802,4.9351883
-369.63687,-426.25684,5.244008,4.925819
-369.07898,-425.42703,5.242213,4.9164457
-368.52338,-424.5957,5.240418,4.9070725
-367.97037,-423.76263,5.238623,4.897699
-367.42035,-422.92758,5.2368283,4.8883257
-366.87375,-422.0903,5.2349234,4.878833
-366.3309,-421.25058,5.2329245,4.869237
-365.79227,-420.40817,5.230925,4.8596416
-365.25824,-419.5628,5.228926,4.8500457
-364.72922,-418.71432,5.2269273,4.8404503
-364.20566,-417.86243,5.2238493,4.8337417
-363.68796,-417.007,5.219838,4.8295302
-363.17657,-416.14774,5.215827,4.8253183
-362.67197,-415.2845,5.2118163,4.821107
-362.17456,-414.41708,5.207805,4.8168955
-361.68484,-413.54532,5.194276,4.836236
-361.20322,-412.66904,5.1729574,4.8748507
-360.73022,-411.7881,5.151639,4.9134655
-360.2663,-410.9023,5.1303205,4.9520802
-359.81195,-410.0116,5.109002,4.9906945
-359.3677,-409.1158,5.0915103,5.0253744
-358.93396,-408.21487,5.076816,5.0571785
-358.51126,-407.30872,5.062122,5.0889826
-358.10007,-406.39728,5.0474277,5.1207867
-357.70084,-405.48053,5.0327334,5.1525903
-357.3141,-404.55847,5.0659165,5.137098
-356.9403,-403.63104,5.1297336,5.091342
-356.58005,-402.6983,5.19355,5.045587
-356.23386,-401.76025,5.257366,4.9998317
-355.90228,-400.81693,5.3211803,4.954078
-355.58588,-399.8684,5.362296,4.935496
-355.28543,-398.91473,5.3898935,4.9330964
-355.00183,-397.9559,5.417491,4.9306965
-354.73602,-396.99197,5.4450893,4.9282966
-354.48898,-396.02307,5.4726872,4.9258966
-354.26166,-395.04938,5.4788566,4.949106
-354.055,-394.07108,5.472242,4.9875937
-353.87,-393.08844,5.4656267,5.0260806
-353.7077,-392.10184,5.459012,5.064567
-353.5691,-391.1116,5.4523973,5.103051
-353.45523,-390.11823,5.4397526,5.1221237
-353.36716,-389.12222,5.4236803,5.13016
-353.30603,-388.1242,5.407607,5.1381965
-353.27304,-387.12488,5.3915324,5.1462336
-353.26935,-386.125,5.3754573,5.1542716
-353.29608,-385.1255,5.3554754,5.1493416
-353.3535,-384.1273,5.333488,5.1377482
-353.44135,-383.13126,5.311503,5.126156
-353.55942,-382.1384,5.2895184,5.1145644
-353.70752,-381.14954,5.267534,5.1029725
-353.88538,-380.16562,5.2709584,5.103044
-354.09256,-379.18747,5.28763,5.1091967
-354.32855,-378.21582,5.3043017,5.1153493
-354.5928,-377.2515,5.3209734,5.121502
-354.8847,-376.2952,5.3376446,5.1276546
-355.20377,-375.34756,5.348298,5.138105
-355.54962,-374.40942,5.3552446,5.151204
-355.9221,-373.4815,5.362191,5.1643033
-356.3209,-372.5646,5.369138,5.177402
-356.74588,-371.65955,5.376084,5.1905007
-357.19675,-370.7671,5.393509,5.1908927
-357.67334,-369.88812,5.4185176,5.18209
-358.17545,-369.02347,5.443527,5.1732864
-358.70294,-368.17404,5.4685388,5.1644826
-359.25558,-367.3408,5.493553,5.1556773
-359.8332,-366.52463,5.5251904,5.138815
-360.43478,-365.72598,5.561575,5.1161757
-361.059,-364.94485,5.597956,5.0935383
-361.70438,-364.18118,5.6343346,5.070903
-362.3697,-363.43475,5.6707134,5.048267
-363.05362,-362.70538,5.6897664,5.032696
-363.75494,-361.9927,5.698851,5.0211887
-364.4724,-361.29626,5.707936,5.009681
-365.2048,-360.61554,5.717021,4.9981737
-365.951,-359.94998,5.726106,4.9866657
-366.7099,-359.29895,5.6994686,4.9896994
-367.4805,-358.6618,5.6561317,4.9995303
-368.26184,-358.03784,5.612795,5.0093613
-369.053,-357.4264,5.5694585,5.019192
-369.85306,-356.82666,5.526122,5.029023
-370.66122,-356.23785,5.486939,5.0444036
-371.47675,-355.65927,5.4495587,5.062194
-372.2989,-355.09018,5.412178,5.0799847
-373.127,-354.52982,5.3747973,5.0977755
-373.9605,-353.97745,5.3374166,5.1155663
-374.7987,-353.43225,5.312127,5.150965
-375.64105,-352.8935,5.292154,5.194107
-376.487,-352.3604,5.272181,5.2372494
-377.33603,-351.8322,5.2522078,5.280391
-378.1876,-351.30817,5.2322345,5.323533
-379.0412,-350.78745,5.2122607,5.366677
-379.8964,-350.2693,5.1922865,5.409821
-380.75262,-349.7529,5.1723123,5.4529657
-381.60947,-349.2375,5.152338,5.4961104
-382.46643,-348.72226,5.132364,5.539254
-383.323,-348.20645,5.114954,5.5750923
-384.17874,-347.68918,5.0987425,5.607515
-385.03308,-347.16965,5.0825315,5.6399374
-385.8855,-346.64697,5.06632,5.6723604
-386.73544,-346.1203,5.050108,5.704784
-387.58243,-345.58884,5.0393615,5.7217383
-388.42618,-345.0523,5.0311294,5.731577
-389.26663,-344.5106,5.0228972,5.7414155
-390.10373,-343.96368,5.014665,5.7512536
-390.93738,-343.41156,5.006433,5.761092
-391.76752,-342.8542,4.998335,5.7707977
-392.59415,-342.29156,4.9902935,5.780448
-393.4172,-341.7238,4.9822516,5.790098
-394.23672,-341.1509,4.97421,5.7997484
-395.0527,-340.57297,4.966168,5.809398
-395.8651,-339.99005,4.9579883,5.8191843
-396.67395,-339.40216,4.949758,5.829021
-397.4792,-338.8094,4.941528,5.838857
-398.28082,-338.21173,4.933297,5.8486934
-399.07886,-337.60928,4.925067,5.85853
-399.87323,-337.002,4.9168625,5.8683352
-400.66397,-336.39,4.9086666,5.87813
-401.45114,-335.7734,4.900471,5.8879247
-402.2347,-335.15225,4.892276,5.8977194
-403.0147,-334.52664,4.88408,5.907514
-403.7912,-333.89664,4.8760676,5.917119
-404.56387,-333.262,4.8681173,5.9266596
-405.33246,-332.62238,4.8601665,5.9362
-406.09656,-331.97742,4.8522162,5.9457407
-406.8558,-331.32678,4.8442655,5.9552813
-407.6099,-330.67014,4.842142,5.957716
-408.35834,-330.00708,4.8423405,5.957319
-409.10074,-329.33728,4.8425393,5.9569216
-409.83664,-328.66034,4.8427377,5.9565244
-410.56558,-327.9759,4.8429365,5.956127
-411.28708,-327.28363,4.8733754,5.919658
-412.00058,-326.5831,4.9180665,5.8661885
-412.7055,-325.87396,4.9627576,5.8127184
-413.40125,-325.1558,5.0074496,5.7592483
-414.08713,-324.42825,5.0521407,5.705778
-414.76257,-323.69095,5.0971937,5.652036
-415.427,-322.94373,5.1424265,5.598159
-416.07996,-322.1865,5.187659,5.544282
-416.721,-321.4191,5.232893,5.490403
-417.3496,-320.64154,5.278128,5.4365225
-417.96536,-319.85373,5.292701,5.413271
-418.56827,-319.05603,5.2937117,5.403566
-419.15857,-318.24896,5.294723,5.3938613
-419.73663,-317.4331,5.2957335,5.3841567
-420.30273,-316.6089,5.2967443,5.374452
-420.85727,-315.77686,5.2829437,5.3798594
-421.4005,-314.93738,5.2641344,5.3903766
-421.93274,-314.0909,5.245325,5.4008937
-422.45428,-313.2378,5.226516,5.411411
-422.96542,-312.37842,5.207706,5.421928
-423.46652,-311.51312,5.190077,5.4317713
-423.9579,-310.6423,5.172737,5.441449
-424.43994,-309.76627,5.1553974,5.451127
-424.9131,-308.88538,5.138058,5.460805
-425.37766,-307.99994,5.1207185,5.470483
-425.83408,-307.1103,5.1303544,5.468446
-426.28278,-306.2167,5.145006,5.464231
-426.7241,-305.31946,5.159658,5.4600163
-427.15845,-304.41882,5.1743097,5.4558015
-427.58627,-303.51508,5.1889615,5.4515862
-428.00797,-302.60843,5.2035575,5.4473877
-428.42392,-301.69916,5.218145,5.443191
-428.83453,-300.78745,5.2327323,5.438995
-429.2402,-299.87354,5.2473197,5.4347982
-429.6414,-298.95764,5.261907,5.430602
-430.03845,-298.03995,5.2744083,5.425564
-430.4318,-297.12067,5.28656,5.4203844
-430.8219,-296.19998,5.298712,5.4152045
-431.2091,-295.2781,5.3108635,5.410025
-431.59387,-294.35516,5.3230157,5.4048457
-431.9766,-293.43143,5.31551,5.392345
-432.35767,-292.50696,5.304167,5.378415
-432.73746,-291.582,5.292824,5.3644853
-433.11633,-290.65665,5.281481,5.3505554
-433.4947,-289.73108,5.2701383,5.3366256
-433.8729,-288.80545,5.2586265,5.322687
-434.25098,-287.8798,5.247076,5.308747
-434.629,-286.9541,5.235525,5.2948065
-435.00687,-286.02832,5.2239747,5.2808657
-435.3846,-285.1025,5.212424,5.2669253
-435.7622,-284.17667,5.2008643,5.252816
-436.13965,-283.25073,5.189302,5.2386627
-436.51697,-282.32474,5.17774,5.2245092
-436.89417,-281.3987,5.1661777,5.2103558
-437.27124,-280.47263,5.154616,5.196202
-437.64822,-279.5465,5.1430454,5.182193
-438.02512,-278.62033,5.131473,5.1682262
-438.4019,-277.69412,5.1199007,5.154259
-438.7786,-276.76788,5.108328,5.1402926
-439.15518,-275.8416,5.0967555,5.1263256
-439.5317,-274.9153,5.085176,5.1123505
-439.90814,-273.98895,5.073594,5.0983725
-440.28452,-273.0626,5.062012,5.084394
-440.6608,-272.1362,5.0504303,5.070416
-441.03702,-271.20975,5.038849,5.056438
-441.41318,-270.28333,5.0274115,5.0423017
-441.7893,-269.35684,5.016021,5.028114
-442.16537,-268.43033,5.0046306,5.013926
-442.54138,-267.50385,4.9932404,4.999738
-442.91736,-266.5773,4.98185,4.9855504
-443.29333,-265.65076,4.9703045,4.9715056
-443.66925,-264.7242,4.9587073,4.9575086
-444.04514,-263.79764,4.9471097,4.943512
-444.421,-262.87106,4.9355125,4.9295154
-444.79684,-261.9445,4.9239154,4.9155183
-445.1727,-261.0179,4.912313,4.901516
-445.54855,-260.09134,4.9007096,4.8875117
-445.92438,-259.16473,4.8891063,4.8735075
-446.30023,-258.23816,4.8775024,4.8595033
-446.6761,-257.31158,4.865899,4.845499
-447.05197,-256.385,4.8542914,4.83149
-447.42786,-255.45845,4.842683,4.8174796
-447.80377,-254.53189,4.831074,4.803469
-448.17972,-253.60535,4.8194656,4.7894588
-448.5557,-252.67882,4.807857,4.775448
-448.93173,-251.7523,4.796245,4.761283
-449.3078,-250.82582,4.7846327,4.7470675
-449.6839,-249.89934,4.77302,4.7328515
-450.0601,-248.97289,4.761407,4.718636
-450.4363,-248.04646,4.749794,4.7044206
-450.8126,-247.12006,4.7383313,4.6903543
-451.18896,-246.1937,4.726916,4.6763353
-451.5654,-245.26735,4.7155004,4.662316
-451.94193,-244.34103,4.704085,4.648297
-452.31854,-243.41476,4.6926694,4.634278
-452.69522,-242.48853,4.681099,4.6202574
-453.07202,-241.56232,4.6694813,4.606236
-453.44888,-240.63617,4.657863,4.5922146
-453.8259,-239.71005,4.6462455,4.578193
-454.203,-238.78397,4.634628,4.564172
-454.5802,-237.85794,4.6230097,4.5499945
-454.95755,-236.93198,4.611391,4.5357714
-455.335,-236.00604,4.5997725,4.5215487
-455.7126,-235.08017,4.588154,4.507326
-456.0903,-234.15434,4.576535,4.493103
-456.46817,-233.22859,4.5649166,4.4790373
-456.8462,-232.30289,4.553298,4.465015
-457.22433,-231.37724,4.54168,4.4509926
-457.60266,-230.45166,4.5300612,4.4369707
-457.9811,-229.52615,4.518443,4.4229484
-458.35977,-228.60071,4.5068254,4.4089274
-458.73856,-227.67532,4.4952083,4.3949065
-459.11752,-226.75002,4.483591,4.380886
-459.4967,-225.82478,4.471974,4.366865
-459.87604,-224.89963,4.4603567,4.352844
-460.25555,-223.97455,4.448901,4.3386664
-460.63528,-223.04955,4.4374866,4.324448
-461.01523,-222.12463,4.4260716,4.31023
-461.39532,-221.19978,4.414657,4.2960114
-461.77563,-220.27502,4.4032426,4.2817936
-462.15616,-219.35036,4.3923125,4.2685432
-462.53687,-218.42575,4.381501,4.2555294
-462.91776,-217.50124,4.37069,4.2425156
-463.29886,-216.57681,4.3598785,4.229502
-463.68018,-215.65245,4.349067,4.2164884
-464.06168,-214.72818,4.3555803,4.2237134
-464.44336,-213.804,4.366189,4.2357235
-464.82526,-212.87988,4.3767977,4.247733
-465.20734,-211.95586,4.3874063,4.259743
-465.58963,-211.03192,4.398015,4.2717533
-465.9721,-210.10805,4.408622,4.283598
-466.35477,-209.18427,4.4192286,4.295405
-466.73764,-208.26057,4.429835,4.3072124
-467.12073,-207.33694,4.440441,4.3190193
-467.504,-206.4134,4.4510474,4.3308263
-467.88745,-205.48996,4.4614882,4.342631
-468.27112,-204.56657,4.4718924,4.3544354
-468.65497,-203.64328,4.482296,4.3662395
-469.039,-202.72008,4.4926996,4.378044
-469.42325,-201.79694,4.5031037,4.389848
-469.8077,-200.87389,4.513669,4.4016504
-470.19235,-199.95093,4.5242705,4.413452
-470.57718,-199.02805,4.534872,4.425254
-470.96222,-198.10524,4.5454736,4.437055
-471.34744,-197.18251,4.5560746,4.448857
-471.73285,-196.25987,4.5665107,4.460656
-472.11847,-195.33731,4.5769095,4.472455
-472.5043,-194.41484,4.587309,4.4842544
-472.89032,-193.49245,4.5977077,4.496053
-473.27652,-192.57013,4.608107,4.507852
-473.6629,-191.6479,4.6186676,4.5196486
-474.04953,-190.72575,4.6292644,4.531445
-474.4363,-189.80368,4.6398606,4.543241
-474.8233,-188.8817,4.6504574,4.5550375
-475.21048,-187.9598,4.661054,4.5668335
-475.59787,-187.03798,4.6716485,4.5786276
-475.98544,-186.11624,4.682243,4.590421
-476.3732,-185.19458,4.6928368,4.602215
-476.76117,-184.27301,4.703431,4.6140084
-477.14932,-183.35152,4.7140255,4.625802
-477.5377,-182.43011,4.724455,4.6375933
-477.92624,-181.50879,4.734847,4.649384
-478.315,-180.58754,4.745239,4.661175
-478.70392,-179.66638,4.755631,4.6729655
-479.09308,-178.7453,4.7660227,4.6847568
-479.4824,-177.8243,4.7765746,4.696545
-479.87192,-176.90338,4.7871637,4.7083335
-480.26166,-175.98254,4.7977533,4.7201214
-480.65155,-175.0618,4.8083425,4.7319098
-481.0417,-174.14113,4.818932,4.743698
-481.43198,-173.22055,4.8295193,4.755484
-481.82248,-172.30003,4.8401065,4.767269
-482.21317,-171.37962,4.850693,4.7790546
-482.60406,-170.45929,4.8612804,4.79084
-482.99515,-169.53903,4.871867,4.8026257
-483.3864,-168.61885,4.8822927,4.8145685
-483.7779,-167.69876,4.892678,4.826551
-484.16956,-166.77876,4.9030623,4.8385334
-484.56143,-165.85883,4.9134474,4.8505163
-484.9535,-164.939,4.923832,4.8624988
-485.34573,-164.01924,4.934373,4.874321
-485.7382,-163.09956,4.9449553,4.8861012
-486.13083,-162.17998,4.9555373,4.897881
-486.52368,-161.26047,4.9661193,4.9096613
-486.9167,-160.34103,4.9767017,4.9214416
-487.30988,-159.42168,4.9871254,4.9332194
-487.70325,-158.5024,4.9975057,4.944997
-488.09683,-157.5832,5.007886,4.956774
-488.49066,-156.66412,5.0182657,4.9685516
-488.8847,-155.74513,5.028646,4.980329
-489.27896,-154.82623,5.03918,4.992106
-489.6733,-153.90736,5.0497584,5.0038824
-490.06738,-152.98839,5.0603375,5.015659
-490.46094,-152.0692,5.070916,5.027435
-490.8537,-151.14966,5.081495,5.0392113
-491.2454,-150.22964,5.09208,5.050995
-491.63568,-149.30907,5.1026673,5.0627804
-492.0243,-148.38776,5.1132545,5.0745664
-492.41086,-147.4656,5.123842,5.086352
-492.79514,-146.54248,5.134429,5.098138
-493.17676,-145.61826,5.1448784,5.109939
-493.5554,-144.69283,5.1552844,5.1217456
-493.9308,-143.76605,5.16569,5.133552
-494.30258,-142.83783,5.176096,5.1453586
-494.67044,-141.90805,5.1865015,5.157165
-495.03412,-140.97662,5.180312,5.19399
-495.3932,-140.04341,5.1688786,5.2387204
-495.7474,-139.10835,5.1574454,5.283451
-496.09637,-138.17133,5.146012,5.3281817
-496.4398,-137.23224,5.1345787,5.372912
-496.77734,-136.29102,5.121567,5.41975
-497.1086,-135.3476,5.108095,5.467202
-497.43332,-134.40189,5.0946236,5.5146537
-497.7511,-133.45381,5.081152,5.5621057
-498.06158,-132.50333,5.067681,5.6095576
-498.36444,-131.5504,5.062258,5.6359386
-498.6593,-130.59496,5.058834,5.657085
-498.94583,-129.63698,5.0554104,5.6782312
-499.2237,-128.67645,5.0519867,5.6993775
-499.49252,-127.71336,5.048563,5.720524
-499.75195,-126.74771,5.0530477,5.719794
-500.00165,-125.77948,5.059088,5.71476
-500.2412,-124.8087,5.065129,5.709726
-500.47025,-123.83538,5.07117,5.704692
-500.68835,-122.85956,5.0772104,5.699658
-500.8952,-121.88128,5.0834107,5.694637
-501.0906,-120.90066,5.0896344,5.689617
-501.27457,-119.91782,5.0958586,5.684598
-501.447,-118.9329,5.1020823,5.679579
-501.60785,-117.94602,5.1083064,5.6745596
-501.75708,-116.95731,5.1143327,5.6693783
-501.89468,-115.96693,5.120334,5.664177
-502.02078,-114.975006,5.1263356,5.658976
-502.13538,-113.9817,5.132337,5.6537747
-502.23856,-112.98713,5.1383386,5.6485734
-502.33038,-111.991455,5.13829,5.6348615
-502.4109,-110.9948,5.1374917,5.6200957
-502.48004,-109.997284,5.1366935,5.60533
-502.5379,-108.99906,5.1358953,5.5905643
-502.5845,-108.000244,5.135097,5.5757985
-502.6198,-107.00096,5.134125,5.561051
-502.6439,-106.00135,5.1331286,5.546306
-502.65674,-105.001526,5.1321325,5.531561
-502.65836,-104.001625,5.1311364,5.5168157
-502.64877,-103.00177,5.13014,5.502071
-502.628,-102.00208,5.129315,5.4873276
-502.59607,-101.002686,5.128518,5.4725847
-502.55292,-100.003716,5.1277213,5.457842
-502.49863,-99.00529,5.1269245,5.443099
-502.43314,-98.00753,5.1261272,5.428356
-502.35648,-97.010574,5.122481,5.427843
-502.26862,-96.014534,5.1182923,5.430037
-502.1696,-95.01955,5.1141043,5.432231
-502.05936,-94.02574,5.1099157,5.4344254
-501.93793,-93.03324,5.105727,5.4366193
-501.8053,-92.04217,5.1007047,5.442452
-501.66144,-91.05267,5.0955067,5.449049
-501.50632,-90.06487,5.0903087,5.4556465
-501.3399,-89.07892,5.085111,5.4622436
-501.16217,-88.09494,5.079913,5.468841
-500.97308,-87.113075,5.0753617,5.4751263
-500.77264,-86.13347,5.0709486,5.481345
-500.56094,-85.156235,5.066535,5.487564
-500.33792,-84.18152,5.062122,5.493783
-500.10364,-83.20945,5.0577083,5.500002
-499.85815,-82.24015,5.057844,5.5018444
-499.60153,-81.27374,5.05885,5.50285
-499.33386,-80.310326,5.0598555,5.5038557
-499.0553,-79.350006,5.060861,5.5048614
-498.76593,-78.39289,5.0618668,5.505867
-498.46588,-77.43907,5.062873,5.507047
-498.15524,-76.48865,5.0638785,5.508254
-497.8341,-75.54171,5.064884,5.509461
-497.50266,-74.59835,5.0658903,5.5106683
-497.16092,-73.658646,5.066896,5.511875
-496.80908,-72.722694,5.0704193,5.5111003
-496.44724,-71.79056,5.0742335,5.5100965
-496.07553,-70.86231,5.0780478,5.509093
-495.6941,-69.93803,5.0818615,5.508089
-495.30304,-69.01775,5.0856757,5.5070853
-494.90256,-68.10156,5.09936,5.4983983
-494.4926,-67.18955,5.113962,5.488997
-494.07327,-66.28183,5.128564,5.4795957
-493.64456,-65.378494,5.143166,5.4701943
-493.2065,-64.47965,5.1577682,5.460793
-492.75912,-63.585423,5.172157,5.4515944
-492.3024,-62.695915,5.1865253,5.4424143
-491.8364,-61.811253,5.2008944,5.433234
-491.36105,-60.93156,5.2152634,5.424054
-490.87637,-60.05697,5.2296324,5.414874
-490.38242,-59.187603,5.2329855,5.4174294
-489.87912,-58.323597,5.23518,5.4212203
-489.36652,-57.465084,5.2373743,5.4250107
-488.84457,-56.61221,5.239569,5.428801
-488.31332,-55.76511,5.2417636,5.4325914
-487.77277,-54.923927,5.2266726,5.454209
-487.22284,-54.08882,5.2094936,5.47798
-486.66357,-53.25995,5.192314,5.5017514
-486.09497,-52.43747,5.175135,5.5255227
-485.51697,-51.621548,5.1579556,5.5492935
-484.9296,-50.81235,5.1405654,5.573289
-484.33282,-50.010063,5.123148,5.597313
-483.72662,-49.21487,5.1057305,5.621337
-483.111,-48.426964,5.088313,5.645361
-482.4859,-47.646538,5.0708957,5.669385
-481.85135,-46.873787,5.075614,5.6664586
-481.20734,-46.108902,5.083036,5.66024
-480.55386,-45.352074,5.090458,5.6540217
-479.89096,-44.60349,5.0978794,5.647804
-479.21866,-43.863346,5.1053014,5.6415854
-478.53696,-43.131847,5.1212792,5.624811
-477.84586,-42.40923,5.1381464,5.6069403
-477.14532,-41.695736,5.1550136,5.589069
-476.4354,-40.99163,5.171881,5.571197
-475.716,-40.29717,5.1887493,5.553325
-474.9872,-39.612576,5.2056108,5.53546
-474.2493,-38.937828,5.2224717,5.5175953
-473.50256,-38.27283,5.2393327,5.499731
-472.74738,-37.61748,5.256193,5.481867
-471.984,-36.971672,5.273054,5.464002
-471.2128,-36.33526,5.2630324,5.472077
-470.4341,-35.708004,5.251413,5.481693
-469.64835,-35.089622,5.2397933,5.491309
-468.8559,-34.47982,5.2281737,5.500925
-468.05716,-33.8783,5.216554,5.5105414
-467.2525,-33.284756,5.200197,5.524518
-466.4422,-32.698902,5.183603,5.538713
-465.6266,-32.120457,5.167009,5.552908
-464.80597,-31.549126,5.1504145,5.5671034
-463.98068,-30.984615,5.1338205,5.5812984
-463.15094,-30.426622,5.1172357,5.595675
-462.31705,-29.87486,5.1006513,5.6100616
-461.47925,-29.329039,5.084067,5.6244483
-460.63782,-28.788858,5.0674825,5.6388345
-459.79297,-28.254023,5.050898,5.6532207
-458.94495,-27.724257,5.0486755,5.6507835
-458.09384,-27.199417,5.0472755,5.647383
-457.2398,-26.679398,5.045875,5.643983
-456.3829,-26.164091,5.044475,5.640582
-455.52325,-25.653389,5.0430746,5.6371818
-454.66095,-25.14718,5.057968,5.614832
-453.7961,-24.645342,5.073781,5.591413
-452.9288,-24.147738,5.089594,5.5679936
-452.05917,-23.654238,5.1054068,5.5445747
-451.1873,-23.164711,5.1212196,5.5211554
-450.31326,-22.679022,5.137224,5.4977345
-449.4372,-22.197035,5.153239,5.4743137
-448.55914,-21.71862,5.169253,5.4508924
-447.67926,-21.243643,5.1852674,5.4274716
-446.7976,-20.771965,5.2012815,5.404051
-445.91425,-20.303453,5.217101,5.3806353
-445.0293,-19.837967,5.232911,5.35722
-444.14282,-19.375368,5.2487216,5.333805
-443.25494,-18.915516,5.2645316,5.31039
-442.3657,-18.458271,5.2803416,5.286975
-441.4752,-18.003492,5.2898197,5.2721953
-440.58353,-17.551037,5.299022,5.2577915
-439.69073,-17.100761,5.3082247,5.243387
-438.7969,-16.652525,5.3174276,5.2289834
-437.90216,-16.206184,5.32663,5.214579
-437.00653,-15.761595,5.3260403,5.212848
-436.1101,-15.318613,5.3250403,5.2116485
-435.21295,-14.877099,5.3240404,5.2104483
-434.31516,-14.43691,5.3230405,5.2092485
-433.41678,-13.997902,5.32204,5.2080483
-432.51788,-13.559931,5.3212323,5.2070403
-431.61856,-13.122848,5.3204327,5.2060404
-430.71887,-12.686501,5.3196325,5.205041
-429.8189,-12.250737,5.318833,5.204041
-428.91876,-11.815405,5.3180327,5.203041
-428.01843,-11.380372,5.317041,5.2018495
-427.118,-10.94559,5.316041,5.2006493
-426.21747,-10.511037,5.315041,5.1994495
-425.31683,-10.076688,5.314041,5.1982493
-424.4161,-9.642521,5.313041,5.1970496
-423.5153,-9.208514,5.312233,5.1958494
-422.6144,-8.774654,5.311433,5.194649
-421.71347,-8.34093,5.3106327,5.1934495
-420.81247,-7.907329,5.309833,5.1922493
-419.9114,-7.473841,5.309033,5.191049
-419.01028,-7.0404534,5.308041,5.190041
-418.10916,-6.607153,5.3070407,5.1890407
-417.20798,-6.173924,5.306041,5.1880407
-416.30676,-5.740753,5.3050404,5.1870403
-415.40552,-5.307625,5.3040404,5.1860404
-414.50427,-4.8745246,5.30304,5.184848
-413.60303,-4.441439,5.3020396,5.1836476
-412.70178,-4.008354,5.3010397,5.1824474
-411.80054,-3.5752568,5.3000393,5.181247
-410.8993,-3.142133,5.2990394,5.180047
-409.99808,-2.7089686,5.298231,5.178847
-409.0969,-2.2757502,5.297431,5.177646
-408.19574,-1.8424635,5.296631,5.176446
-407.29465,-1.4090941,5.2958302,5.175246
-406.39355,-0.9756282,5.29503,5.174045
-405.49255,-0.5420517,5.2940373,5.1730375
-404.5916,-0.10835098,5.293037,5.172037
-403.6907,0.32548732,5.292037,5.1710367
-402.7899,0.75947666,5.2910366,5.1700363
-401.88916,1.1936303,5.290036,5.1690364
-400.9885,1.6279622,5.289229,5.167843
-400.08795,2.0624876,5.2884283,5.1666427
-399.1875,2.4972217,5.287628,5.1654425
-398.28714,2.9321806,5.286828,5.164242
-397.3869,3.3673797,5.286028,5.1630416
-396.48682,3.8028321,5.285034,5.1618414
-395.58682,4.2385426,5.2840343,5.1606407
-394.68695,4.674513,5.283034,5.1594405
-393.78723,5.1107435,5.2820334,5.1582403
-392.88763,5.5472374,5.281033,5.15704
-391.98816,5.983995,5.280226,5.156033
-391.0888,6.421013,5.279426,5.1550326
-390.18958,6.8582873,5.278626,5.154032
-389.29047,7.295815,5.277826,5.1530323
-388.39148,7.7335916,5.2770257,5.152032
-387.4926,8.171613,5.2760315,5.150838
-386.59387,8.609878,5.2750316,5.1496377
-385.69525,9.048381,5.274031,5.1484375
-384.79675,9.487123,5.273031,5.1472373
-383.89835,9.926099,5.272031,5.146037
-383.00006,10.365308,5.2712245,5.144837
-382.1019,10.804746,5.2704244,5.1436367
-381.20383,11.2444105,5.269624,5.142436
-380.30588,11.684299,5.268824,5.141236
-379.40805,12.124409,5.268024,5.1400356
-378.5103,12.564736,5.26703,5.1390295
-377.61267,13.005279,5.2660294,5.1380296
-376.71515,13.446034,5.2650294,5.137029
-375.81772,13.886999,5.264029,5.1360292
-374.9204,14.328171,5.263029,5.135029
-374.0232,14.7695465,5.2622232,5.1338344
-373.12607,15.211123,5.261423,5.132634
-372.22903,15.652899,5.260623,5.131434
-371.33212,16.09487,5.259823,5.1302342
-370.43527,16.537035,5.2590227,5.129034
-369.53854,16.97939,5.258028,5.127834
-368.6419,17.42193,5.257028,5.1266336
-367.74536,17.864656,5.2560277,5.1254334
-366.84888,18.307564,5.255028,5.1242332
-365.9525,18.750652,5.2540274,5.123033
-365.0562,19.193914,5.2530274,5.1220274
-364.16,19.637352,5.2520275,5.1210275
-363.2639,20.08096,5.251027,5.1200275
-362.36786,20.524734,5.250027,5.119027
-361.4719,20.968674,5.2490273,5.118027
-360.57602,21.412777,5.248222,5.1168323
-359.68024,21.857038,5.2474217,5.1156325
-358.78452,22.301456,5.2466216,5.1144323
-357.8889,22.746029,5.2458215,5.113232
-356.99332,23.190754,5.2450213,5.112032
-356.09784,23.635626,5.2440267,5.111611
-355.2024,24.080643,5.2430267,5.111211
-354.30707,24.525805,5.242027,5.1108108
-353.41177,24.971104,5.2410264,5.1104107
-352.51657,25.416542,5.2400265,5.1100106
-351.62143,25.862114,5.2388315,5.1111684
-350.72635,26.307817,5.237632,5.112368
-349.83133,26.75365,5.2364316,5.1135683
-348.93637,27.19961,5.2352314,5.1147685
-348.0415,27.645693,5.2340317,5.115968
-347.14667,28.091896,5.232637,5.1171684
-346.2519,28.538218,5.231237,5.1183686
-345.35718,28.984653,5.229837,5.1195683
-344.46252,29.431204,5.228437,5.1207685
-343.56793,29.877861,5.2270365,5.1219687
-342.67337,30.324627,5.2258315,5.122974
-341.77887,30.771496,5.2246313,5.123974
-340.88443,31.218466,5.2234316,5.124974
-339.99005,31.665535,5.2222314,5.1259737
-339.0957,32.112698,5.2210317,5.1269736
-338.2014,32.559956,5.2198315,5.1281686
-337.30713,33.007305,5.2186313,5.129369
-336.4129,33.45474,5.2174315,5.1305685
-335.51874,33.90226,5.2162313,5.1317687
-334.6246,34.34986,5.2150316,5.1329684
-333.73053,34.797543,5.2138314,5.1341686
-332.8365,35.2453,5.2126317,5.1353683
-331.94244,35.69313,5.2114315,5.1365685
-331.0485,36.141033,5.2102313,5.1377683
-330.15454,36.589005,5.2090316,5.1389685
-329.26062,37.03704,5.207637,5.1401687
-328.36673,37.485138,5.206237,5.1413684
-327.4729,37.933296,5.204837,5.1425686
-326.57907,38.38151,5.203437,5.1437683
-325.68527,38.82978,5.202037,5.1449685
-324.7915,39.278103,5.200832,5.146168
-323.89777,39.72647,5.1996317,5.1473684
-323.00403,40.17489,5.1984315,5.148568
-322.11032,40.62335,5.197232,5.1497684
-321.21664,41.071846,5.1960316,5.150968
-320.323,41.520386,5.194832,5.1521683
-319.42935,41.968956,5.1936316,5.153368
-318.5357,42.417564,5.192432,5.154568
-317.64212,42.866196,5.1912317,5.155768
-316.7485,43.314857,5.190032,5.156968
-315.85492,43.763542,5.188832,5.1581683
-314.96133,44.21225,5.187632,5.159368
-314.06778,44.660976,5.186432,5.160568
-313.17422,45.109715,5.185232,5.161768
-312.28067,45.55847,5.184032,5.162968
-311.38712,46.007233,5.182637,5.164168
-310.49356,46.456005,5.181237,5.165368
-309.60004,46.90478,5.179837,5.166568
-308.70648,47.35356,5.178437,5.167768
-307.81296,47.802338,5.1770372,5.168968
-306.9194,48.25111,5.175832,5.170168
-306.02588,48.69988,5.174632,5.171368
-305.13232,49.14864,5.173432,5.172568
-304.23877,49.597385,5.172232,5.173768
-303.34518,50.046116,5.171032,5.174968
-302.45163,50.49483,5.1698318,5.176168
-301.55804,50.943527,5.168632,5.177368
-300.66446,51.3922,5.167432,5.178568
-299.77084,51.840847,5.166232,5.179768
-298.87723,52.289463,5.165032,5.1809683
-297.98358,52.738052,5.163637,5.182168
-297.08994,53.186604,5.162237,5.183368
-296.19626,53.63512,5.160837,5.1845684
-295.30258,54.0836,5.159437,5.185768
-294.40884,54.532032,5.158037,5.1869683
-293.5151,54.980423,5.1568317,5.1881685
-292.62137,55.428764,5.1556315,5.1893682
-291.72757,55.877056,5.1544313,5.1905684
-290.83377,56.3253,5.1532316,5.1917686
-289.93994,56.77348,5.1520314,5.1929684
-289.04605,57.221603,5.150831,5.193974
-288.15216,57.669666,5.149631,5.194974
-287.25824,58.117664,5.1484313,5.195974
-286.36426,58.565598,5.147231,5.1969743
-285.47028,59.013462,5.146031,5.197974
-284.57623,59.46125,5.1448307,5.199169
-283.68216,59.908962,5.1436305,5.2003694
-282.78806,60.3566,5.142431,5.2015696
-281.8939,60.804157,5.1412306,5.2027698
-280.9997,61.25163,5.1400304,5.2039695
-280.10547,61.699013,5.138635,5.2051697
-279.21118,62.14631,5.137235,5.20637
-278.31683,62.593513,5.1358347,5.20757
-277.42245,63.040627,5.1344347,5.2087703
-276.52805,63.48764,5.1330347,5.2099705
-275.63358,63.93455,5.1318293,5.2111707
-274.73904,64.38136,5.130629,5.212371
-273.84445,64.828064,5.129429,5.213571
-272.94983,65.27466,5.1282287,5.2147713
-272.05515,65.721146,5.1270285,5.2159715
-271.1604,66.16752,5.1258283,5.2171717
-270.2656,66.61377,5.124628,5.218372
-269.37073,67.059906,5.123428,5.219572
-268.4758,67.50592,5.1222277,5.2207723
-267.5808,67.951805,5.1210275,5.2219725
-266.68576,68.39756,5.1198273,5.2231727
-265.79065,68.843185,5.118627,5.224373
-264.89548,69.28868,5.1174264,5.2255735
-264.0002,69.73405,5.116226,5.2267737
-263.10492,70.179276,5.115026,5.227974
-262.20953,70.624374,5.11363,5.229174
-261.3141,71.06934,5.11223,5.2303743
-260.41858,71.51418,5.1108294,5.231575
-259.523,71.9589,5.109429,5.232775
-258.62738,72.40349,5.1080284,5.2339754
-257.7317,72.84795,5.106824,5.235176
-256.83594,73.2923,5.1056237,5.2363763
-255.94011,73.73652,5.1044235,5.2375765
-255.04425,74.180626,5.103223,5.238777
-254.14832,74.62461,5.1020226,5.2399774
-253.25232,75.06848,5.1008224,5.2411776
-252.35628,75.512245,5.099622,5.242378
-251.46017,75.95589,5.0984216,5.2435784
-250.56403,76.39942,5.0972214,5.2447786
-249.66782,76.84284,5.0960207,5.2459793
-248.77156,77.28616,5.096983,5.2477694
-247.87524,77.72937,5.0979834,5.24957
-246.97887,78.17247,5.098984,5.2513704
-246.08246,78.61547,5.099984,5.2531714
-245.18597,79.05837,5.1009846,5.254972
-244.28946,79.50117,5.1059237,5.257757
-243.3929,79.94387,5.110925,5.260558
-242.49628,80.38647,5.115927,5.263359
-241.59961,80.82897,5.120929,5.26616
-240.70291,81.271385,5.125931,5.2689614
-239.80615,81.71371,5.130933,5.27196
-238.90935,82.15593,5.1359344,5.2749605
-238.0125,82.59807,5.1409364,5.2779617
-237.11562,83.040115,5.145938,5.280963
-236.21869,83.48208,5.15094,5.283964
-235.32172,83.92396,5.155942,5.2867675
-234.4247,84.365746,5.1609435,5.2895684
-233.52763,84.80746,5.1659455,5.2923694
-232.63054,85.249084,5.1709476,5.295171
-231.73341,85.690636,5.175949,5.2979717
-230.83624,86.13211,5.180753,5.3007727
-229.93903,86.57351,5.185555,5.3035736
-229.04178,87.01483,5.1903567,5.306375
-228.1445,87.456085,5.1951585,5.309176
-227.2472,87.89726,5.19996,5.311977
-226.34984,88.33837,5.204961,5.314976
-225.45245,88.77941,5.2099624,5.3179774
-224.55504,89.22038,5.2149644,5.3209786
-223.65758,89.66129,5.2199664,5.32398
-222.7601,90.102135,5.224968,5.326981
-221.8626,90.542915,5.22997,5.329783
-220.96504,90.983635,5.234972,5.3325844
-220.06747,91.4243,5.2399735,5.3353853
-219.16988,91.86491,5.2449756,5.3381863
-218.27225,92.30545,5.2499776,5.340987
-217.3746,92.74595,5.25478,5.343788
-216.47691,93.186386,5.2595816,5.3465896
-215.57921,93.62678,5.2643833,5.3493905
-214.68149,94.067116,5.269185,5.3521914
-213.78374,94.50741,5.273987,5.3549924
-212.88596,94.94765,5.278988,5.3579926
-211.98816,95.38785,5.28399,5.360994
-211.09035,95.828,5.2889915,5.363995
-210.1925,96.26812,5.2939935,5.366996
-209.29465,96.70819,5.298995,5.369997
-208.39676,97.148224,5.3039966,5.372798
-207.49886,97.58822,5.308998,5.375599
-206.60095,98.028175,5.3139997,5.3784
-205.70302,98.4681,5.3190017,5.381201
-204.80507,98.90799,5.324003,5.3840017
-203.9071,99.34785,5.3288045,5.387003
-203.00912,99.78768,5.333606,5.3900037
-202.11113,100.22748,5.3384075,5.3930044
-201.21312,100.66725,5.343209,5.3960056
-200.31511,101.107,5.347993,5.39899
-199.41707,101.54673,5.3447924,5.3943887
-198.51903,101.98643,5.3415914,5.3897877
-197.62099,102.42611,5.3383904,5.385186
-196.72292,102.865776,5.33519,5.380585
-195.82486,103.30542,5.3319845,5.3759794
-194.92677,103.74505,5.3275833,5.370178
-194.02869,104.18466,5.323182,5.3643765
-193.1306,104.62427,5.3187814,5.3585753
-192.2325,105.06385,5.31438,5.3527737
-191.3344,105.50343,5.309979,5.3469734
-190.4363,105.943,5.305578,5.341372
-189.5382,106.38257,5.301177,5.335771
-188.64008,106.82213,5.2967763,5.3301697
-187.74196,107.26168,5.2923756,5.3245687
-186.84384,107.70123,5.2879744,5.3189664
-185.94574,108.140785,5.2835736,5.313165
-185.04762,108.58034,5.279173,5.3073645
-184.1495,109.01989,5.274772,5.3015633
-183.25139,109.45945,5.2703714,5.2957625
-182.35329,109.89902,5.2659693,5.289963
-181.45518,110.338585,5.2613688,5.284362
-180.55708,110.77817,5.256768,5.2787614
-179.65898,111.21776,5.2521677,5.2731605
-178.7609,111.65736,5.247567,5.26756
-177.86281,112.09697,5.242968,5.261959
-176.96474,112.5366,5.2385674,5.2563586
-176.06667,112.97624,5.234167,5.250758
-175.1686,113.4159,5.229767,5.2451577
-174.27055,113.85558,5.2253666,5.2395573
-173.37251,114.29529,5.2209663,5.2339554
-172.47447,114.73501,5.216566,5.228155
-171.57646,115.17476,5.212166,5.222355
-170.67845,115.61453,5.2077656,5.216555
-169.78046,116.05434,5.203366,5.210755
-168.88248,116.49416,5.1989655,5.204956
-167.98451,116.93402,5.194566,5.199356
-167.08656,117.37391,5.190166,5.1937566
-166.18863,117.813835,5.1857657,5.1881566
-165.29071,118.25379,5.181366,5.1825566
-164.39282,118.69379,5.176966,5.176955
-163.49493,119.13381,5.1725664,5.171156
-162.59708,119.57388,5.168167,5.165356
-161.69923,120.01399,5.1637673,5.159557
-160.8014,120.45415,5.1593676,5.1537576
-159.90361,120.89435,5.154967,5.147959
-159.00584,121.33459,5.1503673,5.14236
-158.10808,121.77487,5.145768,5.136761
-157.21036,122.21521,5.1411686,5.1311617
-156.31265,122.6556,5.1365695,5.1255627
-155.41496,123.09604,5.1319714,5.119962
-154.51732,123.53653,5.1275725,5.1141634
-153.61969,123.97707,5.123173,5.1083646
-152.72209,124.41768,5.1187744,5.1025662
-151.82451,124.85834,5.114375,5.0967674
-150.92697,125.29906,5.1099815,5.0909796
-150.02945,125.73983,5.1065826,5.0871806
-149.13197,126.18067,5.1031837,5.0833817
-148.23453,126.621574,5.0997844,5.0795827
-147.3371,127.062546,5.0963855,5.0757837
-146.43971,127.50358,5.0930314,5.0720553
-145.54236,127.94469,5.1010284,5.08605
-144.64503,128.38586,5.1090255,5.100045
-143.74776,128.8271,5.117023,5.11404
-142.85051,129.26842,5.12502,5.1280346
-141.9533,129.70982,5.1330166,5.1420293
-141.05612,130.15129,5.140813,5.156023
-140.15898,130.59283,5.1486096,5.170017
-139.26189,131.03445,5.156406,5.1840105
-138.36482,131.47615,5.164202,5.1980042
-137.46782,131.91794,5.171999,5.211998
-136.57083,132.35982,5.179795,5.2261906
-135.6739,132.80177,5.1875906,5.2403827
-134.77701,133.24382,5.1953864,5.2545753
-133.88016,133.68594,5.203182,5.268768
-132.98335,134.12816,5.210978,5.28296
-132.08658,134.57045,5.2189727,5.2969522
-131.18985,135.01282,5.226968,5.3109436
-130.29315,135.45525,5.234963,5.3249354
-129.39648,135.89774,5.242958,5.338927
-128.49985,136.34029,5.250953,5.352918
-127.603226,136.78288,5.2587495,5.3669095
-126.70663,137.22552,5.266545,5.380901
-125.81005,137.6682,5.2743397,5.3948917
-124.91348,138.1109,5.282135,5.408883
-124.01693,138.55363,5.28993,5.422874
-123.120384,138.99637,5.297725,5.4370637
-122.22384,139.43913,5.3055205,5.451255
-121.3273,139.88188,5.3133154,5.4654465
-120.43076,140.32463,5.3211107,5.4796376
-119.53422,140.76738,5.328906,5.4938293
-118.637665,141.21011,5.3368993,5.507824
-117.741104,141.65283,5.344895,5.5218163
-116.84453,142.09552,5.3528905,5.5358086
-115.94794,142.53816,5.3608866,5.5498013
-115.05133,142.98077,5.368882,5.5637937
-114.15469,143.42334,5.376682,5.577788
-113.25803,143.86586,5.3844786,5.5917816
-112.36135,144.30832,5.3922753,5.605776
-111.46463,144.7507,5.400072,5.61977
-110.56787,145.19302,5.4078684,5.6337643
-109.67108,145.63527,5.4156666,5.6477604
-108.77425,146.07742,5.423465,5.661757
-107.87737,146.5195,5.4312625,5.675753
-106.980446,146.96147,5.4390607,5.6897497
-106.083466,147.40335,5.4468584,5.7037463
-105.18644,147.84511,5.4548545,5.7179418
-104.28935,148.28676,5.4628544,5.7321415
-103.39221,148.72829,5.470854,5.7463408
-102.495,149.16968,5.4788537,5.76054
-101.597725,149.61095,5.486853,5.7747393
-100.700386,150.05208,5.4946585,5.7887464
-99.80297,150.49306,5.5024605,5.802749
-98.90548,150.93388,5.510262,5.8167524
-98.00791,151.37456,5.5180635,5.830755
-97.11027,151.81506,5.5258656,5.8447585
-96.21253,152.25539,5.5336695,5.8587656
-95.31471,152.69554,5.5414734,5.872773
-94.4168,153.13551,5.549278,5.8867803
-93.5188,153.5753,5.5570817,5.900788
-92.620705,154.01488,5.564886,5.9147954
-91.7225,154.45425,5.572693,5.9290047
-90.8242,154.89343,5.5804996,5.9432173
-89.9258,155.33238,5.5883064,5.95743
-89.027275,155.77112,5.596113,5.971642
-88.128654,156.20963,5.60392,5.9858546
-87.22991,156.64789,5.6119285,5.9998746
-86.33105,157.0859,5.619939,6.0138927
-85.43207,157.5237,5.6279488,6.0279107
-84.53297,157.96121,5.635959,6.041929
-83.633736,158.39848,5.6439695,6.0559464
-82.734375,158.83548,5.6517835,6.0699706
-81.83488,159.2722,5.6595974,6.083995
-80.93525,159.70863,5.667411,6.098019
-80.03548,160.14479,5.6752243,6.1120434
-79.13557,160.58066,5.6830378,6.1260686
-78.23551,161.01622,5.690855,6.1403003
-77.33531,161.45148,5.6986723,6.1545315
-76.43495,161.88643,5.7064896,6.168763
-75.53445,162.32106,5.714307,6.182995
-74.63378,162.75536,5.7221274,6.197223
-73.732956,163.18933,5.7301497,6.2112617
-72.83197,163.62296,5.7381716,6.2253003
-71.93081,164.05624,5.746194,6.239339
-71.02949,164.48918,5.7542157,6.2533774
-70.12799,164.92175,5.762232,6.2674165
-69.22632,165.35396,5.7700577,6.2814627
-68.32447,165.7858,5.7778835,6.2955093
-67.42245,166.21727,5.78571,6.3095555
-66.52023,166.64835,5.7935357,6.323602
-65.617836,167.07904,5.8013616,6.337658
-64.715256,167.50934,5.809189,6.351908
-63.812485,167.93925,5.8170166,6.366158
-62.909523,168.36876,5.824844,6.3804083
-62.006367,168.79787,5.8326716,6.394658
-61.103024,169.22656,5.8405113,6.408895
-60.199482,169.65485,5.8485355,6.422937
-59.295742,170.08272,5.8565593,6.436979
-58.391808,170.51018,5.8645835,6.4510207
-57.487675,170.93721,5.872607,6.4650626
-56.583336,171.36382,5.8814974,6.478394
-55.6788,171.78998,5.90053,6.4834027
-54.774055,172.21573,5.9195623,6.488411
-53.869106,172.64104,5.938595,6.4934196
-52.963955,173.0659,5.957628,6.4984283
-52.058598,173.49033,5.978296,6.5020757
-51.15303,173.91432,6.016084,6.491479
-50.247253,174.33786,6.053872,6.480882
-49.341263,174.76094,6.0916605,6.470286
-48.435055,175.18356,6.1294484,6.459689
-47.52863,175.6057,6.167245,6.449095
-46.621983,176.02737,6.2051277,6.4385276
-45.715122,176.4486,6.243011,6.42796
-44.80805,176.86934,6.280894,6.4173927
-43.900772,177.28966,6.3187766,6.4068255
-42.993298,177.70955,6.3566365,6.3962746
-42.085625,178.12901,6.394188,6.385943
-41.17773,178.54799,6.43174,6.3756113
-40.269592,178.96643,6.469291,6.3652797
-39.361176,179.38428,6.506843,6.354948
-38.45246,179.80148,6.5443964,6.3446107
-37.54345,180.21803,6.581989,6.334124
-36.634216,180.6341,6.619581,6.323638
-35.724873,181.04993,6.6571736,6.3131514
-34.81552,181.46573,6.694766,6.302665
-33.90626,181.88173,6.732358,6.292179
-32.99725,182.29828,6.7506695,6.288311
-32.088856,182.71619,6.768646,6.2845573
-31.181507,183.13634,6.786622,6.280804
-30.275639,183.55968,6.804599,6.277051
-29.371698,183.98712,6.8225746,6.273298
-28.470137,184.41956,6.821804,6.275928
-27.571411,184.85785,6.819419,6.279108
-26.675987,185.30286,6.8170342,6.2822876
-25.784351,185.7554,6.814649,6.2854676
-24.897009,186.21631,6.8122644,6.2886477
-24.014502,186.6864,6.810032,6.291863
-23.137442,187.16658,6.8078184,6.295082
-22.266495,187.65775,6.805605,6.2983017
-21.402363,188.16081,6.8033915,6.3015213
-20.545788,188.67664,6.8011785,6.3047404
-19.697556,189.20607,6.8257833,6.3325996
-18.858541,189.74998,6.852738,6.3626175
-18.02968,190.30925,6.879693,6.392636
-17.211967,190.8847,6.9066486,6.422654
-16.406462,191.4771,6.934029,6.4534216
-15.6142645,192.08717,6.980066,6.517006
-14.836516,192.71558,7.0261,6.5805864
-14.074425,193.36287,7.072135,6.644169
-13.329264,194.02957,7.1181707,6.7077513
-12.602378,194.71614,7.169072,6.7801595
-11.895109,195.42291,7.242428,6.8932834
-11.208721,196.14998,7.315779,7.006401
-10.5445175,196.89735,7.389132,7.119521
-9.903869,197.66502,7.4624867,7.2326436
-9.288196,198.45285,7.5114117,7.3139663
-8.698636,199.2604,7.5096025,7.3292465
-8.13583,200.08684,7.507793,7.344526
-7.6003804,200.93124,7.5059834,7.359805
-7.092903,201.79276,7.5041738,7.375087
-6.6140175,202.67049,7.490575,7.375562
-6.163869,203.5633,7.45521,7.348701
-5.7418437,204.46973,7.419849,7.3218412
-5.3472033,205.38843,7.384494,7.294987
-4.979157,206.3181,7.349146,7.268138
-4.6368837,207.25758,7.325249,7.260945
-4.319903,208.20589,7.35518,7.3461614
-4.0286,209.16238,7.385115,7.4313912
-3.7635005,210.12648,7.415056,7.516638
-3.5251415,211.09753,7.4450045,7.6019044
-3.3140702,212.07487,7.4749594,7.68719
-3.130731,213.0578,7.62073,7.725972
-2.9750278,214.04549,7.7749586,7.761353
-2.8466737,215.0371,7.929146,7.7967243
-2.7453554,216.03181,8.083262,7.832079
-2.670736,217.02892,8.237283,7.867412
-2.6232917,218.02766,8.414214,7.8861403
-2.6093905,219.02742,8.596457,7.901068
-2.638046,220.02682,8.778808,7.9160047
-2.7182593,221.02338,8.961135,7.930939
-2.8586342,222.01323,9.143053,7.9458404
-3.0664387,222.9911,8.940948,8.069821
-3.3468685,223.95064,8.734948,8.194824
-3.7052422,224.8838,8.528571,8.320056
-4.1469707,225.78044,8.321567,8.445669
-4.6765037,226.6281,8.23316,8.53351
-5.291008,227.41638,8.424661,8.531868
-5.9780335,228.14244,8.615556,8.530231
-6.725709,228.80598,8.805943,8.528599
-7.524048,229.4077,8.996282,8.526966
-8.364839,229.94853,9.111262,8.533998
-9.240099,230.43163,9.116804,8.553594
-10.141419,230.86432,9.122353,8.573212
-11.061547,231.25552,9.127898,8.592819
-11.994582,231.61499,9.13344,8.612413
-12.935736,231.95267,9.072554,8.61334
-13.882248,232.27502,8.892235,8.580717
-14.8335085,232.58307,8.711772,8.548067
-15.78908,232.87749,8.531223,8.515402
-16.748549,233.15895,8.350639,8.482731
-17.711523,233.42818,8.2164135,8.456102
-18.677608,233.68602,8.188197,8.443295
-19.64638,233.9336,8.159986,8.43049
-20.617441,234.17203,8.131778,8.417686
-21.590433,234.40247,8.103572,8.404883
-22.565023,234.62604,8.079758,8.392618
-23.5409,234.84393,8.065899,8.381572
-24.517752,235.05742,8.052039,8.370524
-25.495293,235.26773,8.038179,8.359476
-26.473238,235.47615,8.024319,8.348428
-27.451319,235.68393,8.010527,8.337382
-28.429304,235.89217,7.9968753,8.32634
-29.407028,236.10162,7.9832234,8.315298
-30.384325,236.31305,7.9695716,8.304256
-31.361025,236.52724,7.95592,8.293215
-32.336956,236.74489,7.9422116,8.282183
-33.312035,236.96632,7.928396,8.271171
-34.286327,237.19121,7.914581,8.260159
-35.259907,237.41914,7.9007654,8.249146
-36.232864,237.64973,7.88695,8.238134
-37.205284,237.88257,7.873144,8.227129
-38.177235,238.11737,7.859356,8.216139
-39.14876,238.35391,7.845567,8.205148
-40.119904,238.59203,7.8317785,8.194157
-41.09071,238.8315,7.81799,8.183166
-42.061226,239.07216,7.804205,8.172178
-43.031498,239.3138,7.790427,8.161196
-44.0016,239.55614,7.776649,8.150213
-44.971584,239.7989,7.7628713,8.139231
-45.941532,240.04184,7.749093,8.128248
-46.9115,240.2847,7.7353134,8.117265
-47.88154,240.52727,7.72153,8.106277
-48.85166,240.7695,7.7077465,8.09529
-49.821884,241.01134,7.6939626,8.084304
-50.792217,241.25273,7.680179,8.073317
-51.762672,241.49364,7.666459,8.062327
-52.733257,241.73401,7.6528654,8.051332
-53.70397,241.97386,7.6392717,8.040338
-54.67481,242.21321,7.625678,8.029343
-55.645763,242.45209,7.6120844,8.018348
-56.616837,242.69049,7.598422,8.007351
-57.588024,242.92842,7.584621,7.99635
-58.559326,243.16588,7.5708194,7.9853487
-59.530743,243.40286,7.5570183,7.974348
-60.502277,243.63939,7.543217,7.963347
-61.473927,243.87543,7.529414,7.9523444
-62.44569,244.111,7.5156074,7.941339
-63.41757,244.34608,7.5018005,7.9303336
-64.389565,244.58069,7.487994,7.9193287
-65.36167,244.81483,7.4741874,7.9083233
-66.33389,245.04851,7.4603796,7.897384
-67.30622,245.28172,7.44657,7.886576
-68.27867,245.51447,7.4327602,7.8757687
-69.25123,245.74673,7.4189506,7.864961
-70.22389,245.97852,7.4051404,7.8541536
-71.19668,246.20984,7.3913307,7.843278
-72.16957,246.44069,7.37752,7.8322697
-73.14258,246.67108,7.3637094,7.8212614
-74.11569,246.901,7.349899,7.8102527
-75.088905,247.1305,7.3360887,7.7992444
-76.062225,247.35956,7.3222785,7.7882366
-77.035645,247.58818,7.3084693,7.7772293
-78.00918,247.81633,7.2946606,7.766222
-78.98283,248.04398,7.2808514,7.755215
-79.956604,248.27109,7.2670426,7.744208
-80.93051,248.49763,7.253304,7.7332015
-81.90453,248.72365,7.239699,7.7221975
-82.87865,248.94933,7.226094,7.7111936
-83.85279,249.17482,7.2124887,7.700189
-84.82694,249.40031,7.1988835,7.689185
-85.801056,249.62599,7.1852107,7.678182
-86.77506,249.85208,7.17141,7.667182
-87.748886,250.07898,7.1576095,7.6561813
-88.72244,250.30704,7.143809,7.645181
-89.695625,250.53665,7.1300087,7.6341805
-90.668365,250.76819,7.1162095,7.623182
-91.64056,251.00197,7.1024146,7.6121855
-92.61213,251.23831,7.088619,7.601189
-93.583015,251.47748,7.074824,7.590193
-94.55312,251.71976,7.061029,7.579197
-95.52238,251.96544,7.0472374,7.5682034
-96.49068,252.21487,7.0334525,7.5572157
-97.45788,252.46852,7.019667,7.5462275
-98.42384,252.72684,7.005882,7.535239
-99.38841,252.9903,6.992096,7.5242505
-100.35145,253.25932,6.9783134,7.513264
-101.313126,253.53317,6.964538,7.502284
-102.27416,253.80927,6.9507627,7.491304
-103.23533,254.0849,6.9369884,7.480324
-104.1974,254.35735,6.923214,7.4693446
-105.161125,254.62389,6.9253826,7.4218955
-106.127205,254.88179,6.95977,7.3007407
-107.09625,255.12823,6.994158,7.179583
-108.06882,255.36043,7.0285473,7.0584207
-109.0453,255.57552,7.062934,6.937268
-110.02597,255.77063,7.095768,6.8184457
-111.01094,255.94269,7.125448,6.704338
-112.00016,256.0883,7.155127,6.590234
-112.99332,256.20395,7.184809,6.4761195
-113.98979,256.28607,7.214488,6.3620167
-114.988625,256.33118,7.2229385,6.2922506
-115.98846,256.3364,7.190634,6.3075852
-116.98762,256.29962,7.1583323,6.3229184
-117.98418,256.21884,7.126018,6.3382573
-118.9759,256.09186,7.093684,6.3536057
-119.96024,255.9167,7.0590506,6.3766212
-120.93498,255.69412,7.021664,6.408872
-121.89876,255.42804,6.984298,6.4411054
-122.85075,255.12244,6.9469533,6.4733205
-123.79055,254.7811,6.9096136,6.5055313
-124.71805,254.40762,6.8705206,6.545049
-125.63328,254.00502,6.8301563,6.5898314
-126.536385,253.5759,6.78978,6.634627
-127.427734,253.12283,6.7494006,6.679426
-128.30788,252.64835,6.7090187,6.724228
-129.17747,252.15483,6.709508,6.755539
-130.03732,251.64449,6.736871,6.7779803
-130.88828,251.11942,6.764233,6.800421
-131.73125,250.58165,6.791593,6.8228607
-132.56728,250.03314,6.8189526,6.8452992
-133.39745,249.4758,6.8623266,6.8625793
-134.22266,248.91116,6.920302,6.875157
-135.04362,248.34035,6.978281,6.8877354
-135.86108,247.76451,7.036261,6.9003143
-136.67577,247.18477,7.094241,6.912893
-137.48843,246.60219,7.128645,6.918615
-138.29951,246.01741,7.1324263,6.9154305
-139.10905,245.43051,7.1362076,6.912246
-139.91708,244.84152,7.1399894,6.909062
-140.72362,244.25049,7.1437707,6.905877
-141.52867,243.65746,7.122004,6.8950944
-142.33237,243.06256,7.0635448,6.873398
-143.13486,242.46605,7.0050855,6.8517017
-143.93633,241.86816,6.9466267,6.8300056
-144.73697,241.26918,6.8881674,6.8083096
-145.53696,240.66931,6.8296804,6.786658
-146.33644,240.06879,6.771157,6.7650647
-147.13556,239.46777,6.712633,6.7434716
-147.93443,238.86642,6.654109,6.721878
-148.73317,238.2649,6.5955853,6.700285
-149.5319,237.66336,6.536963,6.678691
-150.33087,237.06215,6.4782324,6.657096
-151.13046,236.46175,6.419502,6.635501
-151.93103,235.86267,6.3607717,6.6139054
-152.73299,235.26543,6.302041,6.592311
-153.53668,234.67053,6.243472,6.570631
-154.34251,234.07857,6.1850495,6.5488734
-155.15094,233.49011,6.1266274,6.5271163
-155.96237,232.90582,6.0682044,6.5053587
-156.7772,232.3263,6.0097823,6.4836016
-157.59587,231.7522,5.953369,6.454814
-158.41875,231.18413,5.898544,6.4204726
-159.24619,230.62274,5.8437185,6.3861313
-160.07854,230.06866,5.7888927,6.35179
-160.91614,229.52255,5.734068,6.317449
-161.75931,228.98508,5.6871867,6.254333
-162.60828,228.45683,5.6460757,6.1703153
-163.46324,227.93834,5.604965,6.0862975
-164.32439,227.43016,5.5638533,6.002278
-165.19185,226.93288,5.522741,5.918257
-166.06578,226.447,5.492397,5.8366513
-166.94608,225.97281,5.4702272,5.7568808
-167.83252,225.5102,5.4480586,5.677112
-168.72488,225.0591,5.42589,5.597345
-169.62296,224.61945,5.4037213,5.517578
-170.52649,224.19115,5.414021,5.4444075
-171.43532,223.77423,5.454731,5.3774137
-172.3493,223.36871,5.4954414,5.310419
-173.2683,222.97469,5.5361524,5.2434244
-174.19214,222.59221,5.576863,5.1764293
-175.12071,222.22131,5.5992723,5.133555
-176.05388,221.86214,5.5998693,5.119428
-176.9915,221.51477,5.6004663,5.1053014
-177.93347,221.17938,5.6010633,5.0911746
-178.87967,220.85608,5.60166,5.077048
-179.82996,220.54503,5.5593343,5.1191387
-180.78421,220.24637,5.460183,5.2356563
-181.74231,219.96027,5.3610325,5.352174
-182.70412,219.6869,5.261881,5.4686923
-183.66951,219.42647,5.162729,5.5852113
-184.63834,219.17911,5.0655236,5.6994963
-185.61043,218.94495,4.970443,5.8113437
-186.5856,218.72398,4.875362,5.923191
-187.56369,218.51625,4.780282,6.035038
-188.5445,218.32176,4.6852016,6.1468854
-189.52783,218.14053,4.6723304,6.163784
-190.51352,217.97249,4.7171326,6.114072
-191.50134,217.81755,4.7619348,6.0643597
-192.49112,217.67561,4.8067374,6.0146475
-193.48265,217.54655,4.8515406,5.9649343
-194.47577,217.4303,4.895987,5.9157586
-195.47029,217.32661,4.94028,5.8668137
-196.466,217.23524,4.984573,5.817869
-197.46275,217.15593,5.028865,5.7689257
-198.46037,217.08842,5.073156,5.719983
-199.45871,217.03249,5.1168227,5.6715803
-200.45764,216.98836,5.160288,5.6233516
-201.45703,216.95645,5.203754,5.5751224
-202.45676,216.93718,5.2472205,5.5268927
-203.45663,216.931,5.290686,5.478663
-204.45651,216.93834,5.3169556,5.4475203
-205.45618,216.9597,5.336427,5.4231315
-206.45543,216.99567,5.355899,5.3987427
-207.45403,217.04681,5.3753705,5.374354
-208.45168,217.11368,5.3948417,5.349966
-209.4481,217.19685,5.411978,5.327904
-210.44298,217.29703,5.4277563,5.3071947
-211.43588,217.41501,5.443535,5.2864857
-212.4264,217.55156,5.459314,5.2657757
-213.41408,217.70747,5.4750924,5.245066
-214.39835,217.8835,5.468892,5.2460833
-215.3787,218.08026,5.445577,5.2640176
-216.35454,218.2982,5.422262,5.281952
-217.32529,218.53784,5.398947,5.299887
-218.2903,218.79959,5.37563,5.3178234
-219.24892,219.08391,5.316922,5.3706827
-220.20056,219.39073,5.228565,5.4528008
-221.14482,219.71959,5.140212,5.5349145
-222.0813,220.07,5.0518622,5.6170254
-223.00961,220.4415,4.963513,5.6991363
-223.92941,220.83362,4.9099536,5.7507443
-224.84033,221.24593,4.882066,5.7798448
-225.74203,221.67801,4.854177,5.8089457
-226.6342,222.12947,4.826288,5.838047
-227.51651,222.59991,4.798399,5.867149
-228.38866,223.08893,4.820567,5.8522754
-229.2504,223.59608,4.8724985,5.811256
-230.10146,224.12093,4.9244294,5.770237
-230.94167,224.66301,4.9763594,5.729218
-231.77078,225.22188,5.0282903,5.688199
-232.58864,225.79712,5.0698814,5.657501
-233.39505,226.38829,5.106568,5.6316996
-234.18985,226.99498,5.1432543,5.6058984
-234.9729,227.61678,5.1799407,5.5800967
-235.74406,228.25325,5.216627,5.554295
-236.50319,228.90402,5.2268558,5.5540624
-237.25018,229.56871,5.226655,5.563909
-237.98491,230.24692,5.226454,5.5737557
-238.70726,230.93828,5.226253,5.583602
-239.41716,231.64244,5.2260523,5.5934486
-240.11452,232.35902,5.2249603,5.6017923
-240.79921,233.0877,5.223557,5.6096106
-241.47118,233.82816,5.2221537,5.617429
-242.13033,234.58003,5.2207503,5.625247
-242.77657,235.34302,5.2193475,5.633065
-243.40984,236.11682,5.2143264,5.6340957
-244.03003,236.90114,5.2081165,5.6328936
-244.63705,237.6957,5.201906,5.6316915
-245.23083,238.5002,5.195696,5.6304893
-245.81126,239.31439,5.1894855,5.6292877
-246.37825,240.13799,5.183272,5.6279325
-246.93172,240.97073,5.1770563,5.6265287
-247.47156,241.81238,5.170841,5.6251254
-247.99768,242.66266,5.164626,5.623722
-248.50998,243.52135,5.1584105,5.6223187
-249.00838,244.38818,5.1535892,5.6206045
-249.49278,245.26291,5.149177,5.6187997
-249.9631,246.1453,5.1447654,5.616995
-250.41928,247.03506,5.140353,5.61519
-250.86124,247.93199,5.135941,5.613385
-251.28888,248.83583,5.1348424,5.6106343
-251.70215,249.74632,5.1346416,5.607627
-252.10098,250.66324,5.1344414,5.6046195
-252.48529,251.58633,5.1342406,5.6016126
-252.85501,252.51537,5.1340404,5.598605
-253.2101,253.45009,5.13384,5.5955997
-253.55046,254.39027,5.13364,5.5925946
-253.87604,255.33568,5.133439,5.5895896
-254.18677,256.28607,5.133239,5.586584
-254.4826,257.2412,5.1330385,5.583579
-254.76346,258.20084,5.1331615,5.5799303
-255.0293,259.16476,5.133362,5.5761275
-255.28003,260.13272,5.133562,5.5723248
-255.51563,261.10446,5.133762,5.568522
-255.736,262.07977,5.133962,5.5647197
-255.9411,263.0584,5.134486,5.5605965
-256.1309,264.04013,5.135086,5.556399
-256.30527,265.02472,5.1356854,5.552201
-256.46423,266.0119,5.1362853,5.548003
-256.6077,267.00143,5.136885,5.5438056
-256.73557,267.99313,5.137484,5.5396132
-256.84787,268.9867,5.1380825,5.535422
-256.9445,269.98193,5.1386814,5.531231
-257.02542,270.97855,5.13928,5.52704
-257.09058,271.97632,5.1398787,5.5228486
-257.1399,272.975,5.139841,5.514217
-257.17337,273.97433,5.139642,5.5044575
-257.19095,274.97406,5.139443,5.494698
-257.19257,275.97397,5.1392436,5.4849386
-257.1782,276.97375,5.1390443,5.475179
-257.14777,277.9732,5.1453376,5.4623346
-257.10123,278.97202,5.153497,5.4486027
-257.0385,279.96994,5.1616564,5.4348707
-256.95953,280.9667,5.169816,5.421139
-256.86423,281.96207,5.1779757,5.4074073
-256.7525,282.9557,5.1966367,5.388712
-256.6243,283.94733,5.2187634,5.3683796
-256.47946,284.9367,5.2408905,5.348047
-256.31793,285.92346,5.263017,5.327714
-256.13962,286.90732,5.285144,5.307381
-255.94435,287.88797,5.2855577,5.3092074
-255.73207,288.86508,5.2781563,5.3190093
-255.50266,289.8383,5.270755,5.328811
-255.25598,290.80728,5.2633533,5.338613
-254.99194,291.7717,5.2559524,5.3484144
-254.71042,292.73114,5.2322564,5.374962
-254.41129,293.68524,5.202723,5.4075093
-254.09445,294.6336,5.173189,5.440057
-253.75977,295.5758,5.1436553,5.4726048
-253.40714,296.51147,5.114121,5.505152
-253.03645,297.44012,5.1025605,5.527696
-252.64763,298.3613,5.0967107,5.5470614
-252.24063,299.27463,5.090861,5.5664263
-251.81538,300.17957,5.085011,5.5857916
-251.37187,301.0757,5.079161,5.605156
-250.91003,301.96255,5.090799,5.6145086
-250.4298,302.83957,5.1067677,5.6213813
-249.93103,303.7062,5.122737,5.628254
-249.41368,304.56183,5.138706,5.6351266
-248.87766,305.4059,5.1546755,5.6419997
-248.32294,306.23782,5.1678634,5.6474833
-247.7499,307.0572,5.180577,5.65273
-247.15898,307.8638,5.19329,5.657977
-246.5507,308.65738,5.206004,5.6632237
-245.9255,309.4377,5.218719,5.6684713
-245.28392,310.20462,5.2255883,5.670442
-244.62704,310.9585,5.231803,5.6720457
-243.95612,311.69986,5.238017,5.67365
-243.27228,312.42935,5.244231,5.6752534
-242.5767,313.14767,5.250445,5.676857
-241.87042,313.85547,5.2566156,5.6786304
-241.15434,314.5533,5.2627826,5.680421
-240.42926,315.24185,5.2689495,5.6822114
-239.69598,315.92163,5.2751164,5.6840014
-238.95525,316.5933,5.281284,5.685792
-238.20782,317.2575,5.2844543,5.680916
-237.45444,317.91495,5.2872314,5.6751633
-236.69585,318.56635,5.2900085,5.6694107
-235.93275,319.2125,5.2927856,5.6636586
-235.16585,319.85413,5.2955623,5.657906
-234.3958,320.49194,5.2983503,5.6521316
-233.62296,321.1264,5.30114,5.646353
-232.8476,321.75775,5.30393,5.640574
-232.06995,322.38632,5.30672,5.634795
-231.29027,323.01236,5.3095093,5.629016
-230.5088,323.63617,5.312312,5.623211
-229.72574,324.25793,5.3151174,5.6173997
-228.94118,324.87784,5.3179226,5.611589
-228.15527,325.49606,5.320728,5.6057777
-227.36816,326.11273,5.323533,5.599967
-226.58,326.72803,5.3263445,5.593976
-225.79092,327.34216,5.3291574,5.5879483
-225.00111,327.95538,5.33197,5.581921
-224.21075,328.56787,5.3347826,5.575894
-223.42001,329.17987,5.3375955,5.5698667
-222.62906,329.7916,5.340408,5.564012
-221.83803,330.40323,5.34322,5.5581865
-221.04707,331.01495,5.3460326,5.552361
-220.25633,331.62695,5.348845,5.5465355
-219.46593,332.23938,5.3516574,5.54071
-218.67598,332.85242,5.3544645,5.534895
-217.88652,333.46606,5.357271,5.5290813
-217.0975,334.0803,5.3600774,5.5232677
-216.30893,334.69507,5.362884,5.517454
-215.52075,335.31036,5.3656907,5.5116405
-214.73296,335.92615,5.3684926,5.5058365
-213.94553,336.54242,5.371294,5.500034
-213.15846,337.15912,5.3740954,5.494231
-212.37173,337.77628,5.3768964,5.4884286
-211.58536,338.3939,5.379698,5.482626
-210.79932,339.0119,5.382496,5.476652
-210.0136,339.63034,5.385293,5.470658
-209.22818,340.24915,5.3880906,5.464663
-208.44305,340.86835,5.3908877,5.4586687
-207.65822,341.4879,5.3936853,5.4526744
-206.87364,342.1078,5.3964806,5.4468617
-206.08934,342.72803,5.399276,5.441072
-205.30527,343.34854,5.4020705,5.435282
-204.52144,343.96936,5.4048653,5.429493
-203.73782,344.59045,5.4076605,5.423703
-202.95442,345.21182,5.4104543,5.417916
-202.17122,345.83344,5.4132485,5.4121284
-201.3882,346.4553,5.4160423,5.406341
-200.60535,347.07736,5.418836,5.4005537
-199.82268,347.69965,5.42163,5.3947663
-199.04015,348.3221,5.424424,5.3889785
-198.25775,348.94476,5.4272184,5.3831906
-197.47548,349.56754,5.4300127,5.3774023
-196.69333,350.1905,5.432807,5.3716145
-195.91129,350.81357,5.435601,5.365826
-195.12933,351.43674,5.438397,5.359864
-194.34744,352.06003,5.4411926,5.353873
-193.56564,352.68338,5.443989,5.3478813
-192.78387,353.30682,5.4467845,5.34189
-192.00217,353.93033,5.4495807,5.335899
-191.22047,354.55383,5.452379,5.330072
-190.43883,355.1774,5.455178,5.3242745
-189.65721,355.80103,5.457977,5.3184767
-188.87566,356.4247,5.4607754,5.3126793
-188.09416,357.04846,5.4635744,5.306882
-187.31273,357.6723,5.4663754,5.3010793
-186.53137,358.29626,5.469177,5.295276
-185.75009,358.9203,5.471978,5.2894735
-184.96892,359.54446,5.47478,5.2836704
-184.18785,360.16876,5.4775815,5.2778673
-183.40689,360.79318,5.480385,5.2720604
-182.62605,361.4178,5.483188,5.266253
-181.84535,362.04254,5.485992,5.2604456
-181.06479,362.66745,5.4887953,5.254638
-180.28436,363.29257,5.491599,5.248831
-179.5041,363.91788,5.4895964,5.249202
-178.72401,364.5434,5.486791,5.250604
-177.94409,365.16913,5.4839864,5.252007
-177.16437,365.7951,5.481181,5.2534094
-176.38483,366.42133,5.4783764,5.254812
-175.6055,367.04776,5.4727936,5.2600327
-174.82639,367.6745,5.466781,5.265845
-174.04749,368.3015,5.4607687,5.271657
-173.26881,368.9288,5.454756,5.277469
-172.49039,369.5564,5.4487433,5.2832813
-171.7122,370.1843,5.4425545,5.289094
-170.9343,370.8125,5.436341,5.294907
-170.15665,371.44104,5.430127,5.3007197
-169.37927,372.06995,5.4239135,5.3065324
-168.60217,372.6992,5.4177,5.312345
-167.82538,373.3288,5.411487,5.318335
-167.04889,373.95877,5.4052744,5.3243475
-166.27272,374.58914,5.3990617,5.33036
-165.49687,375.2199,5.3928485,5.3363724
-164.72134,375.8511,5.386636,5.342385
-163.94617,376.4827,5.380425,5.348215
-163.17134,377.11472,5.374214,5.3540254
-162.39687,377.7472,5.368004,5.359835
-161.62276,378.3801,5.361793,5.365645
-160.84904,379.0135,5.3555827,5.371455
-160.0757,379.64734,5.3495564,5.377262
-159.30276,380.28165,5.3435497,5.3830686
-158.53023,380.91647,5.337543,5.388875
-157.7581,381.55182,5.331536,5.394682
-156.9864,382.18765,5.325529,5.4004884
-156.21513,382.82404,5.3193445,5.406291
-155.44432,383.46094,5.3131423,5.4120927
-154.67395,384.0984,5.30694,5.417895
-153.90404,384.7364,5.3007383,5.4236965
-153.1346,385.37497,5.294536,5.4294987
-152.36563,386.01413,5.2883396,5.435295
-151.59717,386.65387,5.282144,5.441091
-150.82918,387.2942,5.2759485,5.446887
-150.0617,387.93512,5.269753,5.452683
-149.29475,388.5767,5.263557,5.458479
-148.52832,389.21887,5.2573686,5.46445
-147.76242,389.86166,5.2511806,5.470438
-146.99706,390.50513,5.244993,5.476426
-146.23225,391.14926,5.2388053,5.4824142
-145.46803,391.79407,5.2326174,5.4884024
-144.70438,392.43954,5.2266173,5.494203
-143.9413,393.08572,5.2206383,5.4999833
-143.17882,393.73257,5.2146587,5.505763
-142.4169,394.38013,5.2086797,5.511543
-141.65556,395.02832,5.2027006,5.517323
-140.8948,395.67722,5.196555,5.5230937
-140.13466,396.32684,5.1903872,5.5288634
-139.37518,396.97723,5.1842194,5.534633
-138.61642,397.62848,5.178052,5.5404034
-137.85843,398.28058,5.171884,5.546173
-137.10123,398.93362,5.1657267,5.5519333
-136.34473,399.58746,5.159571,5.5576916
-135.58878,400.24194,5.1534157,5.56345
-134.83322,400.8969,5.14726,5.569208
-134.07794,401.55215,5.1411047,5.5749664
-133.32265,402.2074,5.134946,5.580728
-132.5663,402.86145,5.128786,5.5864906
-131.8075,403.5126,5.122626,5.592253
-131.04486,404.1593,5.116466,5.598016
-130.27705,404.79984,5.1103063,5.603778
-129.50276,405.43253,5.10426,5.6097403
-128.72078,406.05566,5.098244,5.615756
-127.92995,406.6675,5.0922284,5.621772
-127.12917,407.2663,5.0862126,5.627787
-126.31746,407.8502,5.0801983,5.633802
-125.49389,408.4172,5.0869503,5.650414
-124.657524,408.96518,5.0968776,5.669661
-123.807495,409.49167,5.1068063,5.68891
-122.94308,409.9942,5.116736,5.708162
-122.063736,410.47012,5.1266656,5.727413
-121.16924,410.9169,5.1656084,5.770757
-120.26013,411.33313,5.2090454,5.8178306
-119.33721,411.71774,5.252477,5.8648987
-118.40135,412.0697,5.295909,5.9119663
-117.45347,412.38788,5.3393407,5.9590344
-116.4946,412.6712,5.3858523,6.0251637
-115.525955,412.9191,5.432646,6.0930443
-114.54883,413.13107,5.479439,6.160924
-113.564514,413.30667,5.5262303,6.228802
-112.57433,413.4454,5.57302,6.296677
-111.57963,413.54672,5.6126184,6.3628526
-110.58176,413.60956,5.6517277,6.428913
-109.58218,413.6327,5.6908374,6.494974
-108.5825,413.6149,5.729943,6.5610275
-107.58445,413.55505,5.7690115,6.6270266
-106.58995,413.45197,5.7830005,6.6589127
-105.601074,413.30438,5.796987,6.6907945
-104.62014,413.11096,5.810979,6.7226877
-103.64973,412.87027,5.82498,6.7546005
-102.69269,412.58102,5.8370585,6.7807994
-101.75163,412.24332,5.8374715,6.772337
-100.827736,411.86115,5.837884,6.7638783
-99.921455,411.43884,5.8382964,6.755425
-99.0328,410.9806,5.8387084,6.746974
-98.161385,410.4903,5.838116,6.7359333
-97.30657,409.97162,5.8351026,6.718654
-96.46733,409.4281,5.8320875,6.701368
-95.64234,408.86316,5.8290725,6.684081
-94.83004,408.2801,5.826057,6.6667943
-94.02868,407.6821,5.8231273,6.649575
-93.23646,407.07202,5.82038,6.6325045
-92.45163,406.45245,5.8176327,6.6154323
-91.67239,405.82587,5.8148856,6.5983605
-90.89687,405.1947,5.8121386,6.5812893
-90.12313,404.56134,5.809394,6.5642757
-89.3495,403.92786,5.8066564,6.5474606
-88.57487,403.2956,5.803919,6.5306444
-87.79818,402.66586,5.8011813,6.5138273
-87.018394,402.03995,5.7984433,6.4970098
-86.23452,401.4192,5.795703,6.4801745
-85.44588,400.80447,5.7929387,6.463194
-84.65282,400.1955,5.7901745,6.446214
-83.85584,399.59164,5.7874103,6.429235
-83.05543,398.99237,5.7846465,6.4122567
-82.25205,398.39703,5.7818813,6.3952723
-81.446144,397.80515,5.7790966,6.3781652
-80.637955,397.2164,5.776312,6.3610573
-79.82769,396.63046,5.7735267,6.3439493
-79.015564,396.04715,5.7707415,6.326841
-78.20178,395.46613,5.7679563,6.309728
-77.38657,394.88715,5.765157,6.2923355
-76.57022,394.30972,5.7623587,6.2749424
-75.753044,393.73352,5.7595596,6.25755
-74.93535,393.15802,5.756761,6.2401567
-74.11743,392.58286,5.753959,6.222766
-73.29957,392.0076,5.750952,6.2055235
-72.481834,391.43216,5.7479444,6.1882815
-71.6643,390.85645,5.744937,6.171039
-70.847,390.2804,5.7419295,6.1537967
-70.02999,389.70392,5.7389274,6.1365533
-69.213326,389.12695,5.736115,6.1192794
-68.39699,388.54956,5.733303,6.102005
-67.580986,387.97165,5.730491,6.084731
-66.7653,387.3933,5.7276793,6.067457
-65.94993,386.81454,5.724867,6.050182
-65.134865,386.23532,5.722051,6.032886
-64.320114,385.65567,5.7192354,6.01559
-63.505684,385.07556,5.71642,5.998294
-62.69158,384.49503,5.7136045,5.980998
-61.87781,383.91397,5.7107887,5.9637012
-61.06439,383.33246,5.707971,5.946393
-60.251305,382.7505,5.7051535,5.929085
-59.438572,382.168,5.702336,5.911777
-58.626194,381.58502,5.699518,5.894469
-57.814167,381.00156,5.6967006,5.877139
-57.0025,380.4176,5.6938825,5.8596277
-56.191193,379.83313,5.691065,5.842116
-55.380253,379.24817,5.6882467,5.8246045
-54.569683,378.6627,5.6854286,5.807093
-53.759487,378.0767,5.682611,5.7896104
-52.94967,377.49014,5.6797943,5.7723074
-52.140236,376.9031,5.6769776,5.755005
-51.331184,376.31552,5.674161,5.7377024
-50.522526,375.7274,5.6713443,5.7204
-49.71426,375.13873,5.668494,5.7031
-48.90639,374.54953,5.665479,5.6858153
-48.098923,373.95978,5.6624646,5.6685305
-47.29186,373.36948,5.6594496,5.651245
-46.485203,372.7786,5.656435,5.6339602
-45.67896,372.18716,5.652726,5.619884
-44.87313,371.59518,5.6461043,5.6192822
-44.06772,371.00262,5.639482,5.61868
-43.26273,370.4095,5.63286,5.618078
-42.458168,369.81577,5.626238,5.617476
-41.65403,369.22147,5.6194515,5.6177535
-40.85033,368.62662,5.612043,5.6213574
-40.047062,368.03113,5.6046343,5.624962
-39.244232,367.4351,5.5972257,5.628566
-38.441845,366.83844,5.589817,5.63217
-37.639904,366.24118,5.58237,5.635772
-36.83841,365.64334,5.5747814,5.6393666
-36.037365,365.0449,5.5671935,5.642961
-35.236774,364.44583,5.559605,5.6465554
-34.436646,363.84616,5.552017,5.65015
-33.63698,363.24585,5.544475,5.653742
-32.837776,362.64496,5.5371113,5.6573243
-32.039043,362.04343,5.529747,5.660907
-31.240772,361.44128,5.5223827,5.6644893
-30.442968,360.8385,5.5150185,5.668072
-29.645626,360.23514,5.5076237,5.671652
-28.848753,359.63113,5.5000896,5.675221
-28.052362,359.02652,5.4925556,5.6787896
-27.256466,358.42123,5.4850216,5.6823583
-26.46108,357.81528,5.4774876,5.685927
-25.66622,357.20865,5.4699855,5.6894937
-24.871887,356.60132,5.4626822,5.6930466
-24.078043,355.99335,5.4553785,5.6965995
-23.284645,355.3848,5.4480753,5.7001524
-22.49165,354.7757,5.4407716,5.703706
-21.699013,354.16617,5.433457,5.7072573
-20.906736,353.55615,5.4259934,5.7107925
-20.114962,352.9455,5.41853,5.714328
-19.32386,352.33395,5.4110665,5.717863
-18.533606,351.7213,5.4036026,5.721399
-17.744375,351.1074,5.3961387,5.724934
-16.956194,350.4921,5.3889036,5.728452
-16.168482,349.8762,5.381673,5.73197
-15.380492,349.26065,5.374442,5.7354875
-14.591481,348.64642,5.367212,5.739005
-13.800708,348.03445,5.3599825,5.742522
-13.007238,347.426,5.364478,5.7258816
-12.208943,346.8239,5.3708177,5.70607
-11.403315,346.23166,5.377158,5.6862564
-10.587966,345.65286,5.3834987,5.6664424
-9.760695,345.09128,5.3898373,5.646633
-8.919439,344.55084,5.4421854,5.5493016
-8.061794,344.03687,5.504861,5.434571
-7.1855226,343.5554,5.5675397,5.319833
-6.2890067,343.1128,5.630197,5.205134
-5.371447,342.7157,5.69348,5.0916243
-4.4330735,342.37073,5.8156867,5.060584
-3.4751825,342.08444,5.9378314,5.0295596
-2.5000236,341.86426,6.06016,4.9984884
-1.5110888,341.71823,6.1827555,4.96735
-0.5135081,341.65472,6.2733054,4.997354
0.48589945,341.67624,6.31776,5.1147804
1.4803994,341.77777,6.362114,5.2319427
2.4644759,341.9538,6.406359,5.3488164
3.4336512,342.19907,6.4505296,5.4654937
4.3841395,342.509,6.4293976,5.606046
5.3119707,342.8813,6.3693695,5.76097
6.2126703,343.3151,6.3092413,5.916153
7.0814915,343.80966,6.2489843,6.0716677
7.9133306,344.36417,6.188587,6.2275443
8.702972,344.9772,6.1551075,6.270173
9.449606,345.64206,6.1401315,6.235097
10.157236,346.34836,6.125185,6.2000914
10.83136,347.0868,6.110273,6.165166
11.478323,347.84915,6.095378,6.13028
12.104997,348.6283,6.080494,6.095321
12.718805,349.41763,6.065605,6.060254
13.327728,350.21075,6.050692,6.0251293
13.939959,351.00128,6.0357585,5.9899573
14.563667,351.7828,6.0208106,5.954752
15.206598,352.54855,6.00563,5.9192743
15.870277,353.29642,5.9901295,5.8834424
16.548985,354.0307,5.9746466,5.8476505
17.236872,354.75638,5.9591765,5.811888
17.928333,355.47867,5.943711,5.7761364
18.617897,356.20276,5.9283752,5.7404838
19.301474,356.93253,5.9132047,5.7049537
19.976574,357.6701,5.898029,5.66941
20.640726,358.41757,5.8828535,5.6338673
21.291395,359.1768,5.8676863,5.598344
21.926228,359.94928,5.85245,5.5629435
22.551174,360.72986,5.8371124,5.5276866
23.18239,361.50534,5.821766,5.49241
23.836372,362.26163,5.806394,5.4570746
24.52847,362.98306,5.7910094,5.4217105
25.271263,363.652,5.7103224,5.4694433
26.068184,364.2555,5.537474,5.6344924
26.914701,364.78714,5.364975,5.799208
27.805933,365.23978,5.1923237,5.964069
28.736391,365.6049,5.0192156,6.129366
29.699043,365.87366,5.115063,6.099836
30.683521,366.04663,5.34335,5.974309
31.679543,366.13156,5.571065,5.8490963
32.67922,366.137,5.798224,5.7241893
33.67678,366.07108,6.0253015,5.5993276
34.668037,365.94098,5.969586,5.5363913
35.64975,365.7518,5.8343763,5.490718
36.619404,365.50815,5.698984,5.444983
37.575207,365.21478,5.5635014,5.399217
38.516006,364.8763,5.42793,5.353421
39.4413,364.4975,5.329222,5.429877
40.35202,364.0848,5.238821,5.5338783
41.25021,363.64548,5.1484656,5.637827
42.138504,363.18643,5.058164,5.741714
43.01996,362.71436,4.967879,5.8455815
43.89759,362.2352,5.053923,5.906331
44.77232,361.7508,5.180568,5.957189
45.64413,361.26114,5.307262,6.0080657
46.513,360.7663,5.433981,6.058953
47.37891,360.2663,5.560704,6.109842
48.24186,359.76117,5.687922,6.1609607
49.10193,359.2512,5.815249,6.2121315
49.959267,358.7366,5.942562,6.2632966
50.814003,358.2177,6.069868,6.314459
51.666286,357.69482,6.197173,6.3656206
52.51626,357.16815,6.324576,6.4168215
53.36404,356.638,6.452008,6.4680347
54.209755,356.10452,6.5794435,6.519249
55.053513,355.568,6.7068815,6.570464
55.89544,355.02856,6.8343196,6.6216793
56.735657,354.48648,6.877738,6.633918
57.5743,353.942,6.8999524,6.636319
58.411507,353.39526,6.9221663,6.6387205
59.24741,352.84656,6.9443803,6.6411223
60.08216,352.29608,6.9665947,6.6435237
60.915894,351.74408,6.948215,6.626831
61.748753,351.19077,6.9197936,6.605415
62.580887,350.63635,6.891372,6.5839987
63.412437,350.08105,6.8629503,6.5625825
64.243546,349.52512,6.834529,6.5411663
65.07437,348.96875,6.805945,6.5199103
65.90504,348.41214,6.777322,6.4986935
66.735695,347.85553,6.748699,6.477476
67.56648,347.2991,6.720076,6.4562593
68.39754,346.74307,6.691453,6.435042
69.229004,346.18768,6.6629915,6.413663
70.061035,345.63312,6.634568,6.3922453
70.89381,345.07965,6.606145,6.370827
71.72748,344.52756,6.5777216,6.3494096
72.562225,343.9771,6.549298,6.327992
73.398186,343.42847,6.5208764,6.306739
74.23544,342.88184,6.4924555,6.285523
75.07402,342.33722,6.4640346,6.2643075
75.913956,341.7947,6.4356136,6.2430916
76.75528,341.25436,6.4071927,6.221876
77.598015,340.7162,6.3787775,6.200665
78.44205,340.18008,6.350364,6.179455
79.287224,339.64575,6.3219504,6.1582446
80.13337,339.11298,6.293537,6.137035
80.98035,338.5815,6.265124,6.1158247
81.827995,338.05112,6.236553,6.0944557
82.67618,337.5216,6.207948,6.073052
83.52479,336.99277,6.179343,6.051648
84.37371,336.46442,6.1507382,6.0302444
85.22282,335.93637,6.122133,6.0088406
86.07199,335.40845,6.093697,5.987605
86.92112,334.88043,6.065298,5.966406
87.770065,334.3521,6.0368996,5.9452066
88.618706,333.82333,6.0085006,5.9240074
89.46692,333.29382,5.9801016,5.902808
90.31457,332.76346,5.951706,5.8816113
91.16153,332.23196,5.9233108,5.860415
92.007675,331.6992,5.8949156,5.8392186
92.85289,331.16495,5.866521,5.8180223
93.69703,330.629,5.8381257,5.7968264
94.53998,330.09116,5.80957,5.7754683
95.38159,329.55127,5.780979,5.754075
96.22175,329.0091,5.752388,5.7326818
97.0603,328.46445,5.723797,5.7112885
97.89713,327.91714,5.6952057,5.689895
98.732086,327.36697,5.6667867,5.6686716
99.56503,326.8138,5.6384053,5.6474857
100.39583,326.2574,5.6100245,5.6263
101.224335,325.69757,5.5816436,5.605114
102.0504,325.13416,5.553262,5.583928
102.873886,324.567,5.529944,5.589597
103.69463,323.99588,5.5077777,5.6013794
104.5125,323.4206,5.485612,5.6131616
105.3273,322.84103,5.4634457,5.6249433
106.138885,322.25696,5.4412794,5.6367254
106.9471,321.6682,5.418965,5.648984
107.751724,321.07462,5.396614,5.6613564
108.552574,320.4759,5.374264,5.673729
109.34943,319.8719,5.351913,5.686102
110.142075,319.26236,5.3295627,5.6984744
110.93028,318.6471,5.307347,5.7110195
111.71383,318.0259,5.2851653,5.723609
112.492485,317.39862,5.2629843,5.7361984
113.26599,316.76498,5.240803,5.7487874
114.03411,316.12482,5.2186217,5.761377
114.79658,315.47794,5.200514,5.7686014
115.55313,314.82416,5.1834784,5.774413
116.3035,314.16327,5.1664424,5.7802253
117.04738,313.49512,5.149407,5.7860374
117.7845,312.8195,5.1323714,5.7918496
118.51455,312.13623,5.120127,5.7915483
119.23722,311.4452,5.1090655,5.789738
119.9522,310.7462,5.098004,5.787928
120.65915,310.03906,5.086942,5.786118
121.35774,309.32367,5.0758805,5.7843075
122.04764,308.59988,5.0647926,5.782661
122.72848,307.86758,5.0537,5.7810473
123.39992,307.12665,5.042607,5.7794337
124.061584,306.37698,5.0315137,5.77782
124.713104,305.6185,5.0204206,5.7762065
125.35411,304.8511,5.023576,5.7694883
125.984215,304.0747,5.0288234,5.7620206
126.60305,303.2893,5.034071,5.754553
127.21022,302.49487,5.0393186,5.747085
127.805336,301.69135,5.044566,5.739618
128.38799,300.87875,5.069731,5.725527
128.95782,300.05713,5.0966926,5.7108393
129.5145,299.2265,5.123654,5.6961513
130.05762,298.387,5.150616,5.681463
130.5868,297.5386,5.1775794,5.666774
131.10182,296.68155,5.204166,5.652187
131.60294,295.81628,5.2307315,5.637606
132.09064,294.9434,5.2572956,5.623026
132.5654,294.0634,5.2838593,5.6084456
133.02774,293.1768,5.310423,5.5938654
133.47816,292.2841,5.332901,5.5829225
133.9171,291.38568,5.355122,5.572209
134.34502,290.48196,5.3773437,5.561495
134.76236,289.57333,5.399565,5.5507813
135.16959,288.6601,5.4217873,5.5400667
135.5672,287.74265,5.4115224,5.557538
135.9557,286.82132,5.3976645,5.578127
136.33566,285.89642,5.3838067,5.598716
136.70761,284.96826,5.3699493,5.619304
137.07213,284.03717,5.3560915,5.6398926
137.42972,283.1034,5.3420134,5.6605577
137.78056,282.16705,5.327896,5.6812367
138.12473,281.22824,5.3137784,5.7019157
138.46227,280.28702,5.299661,5.7225947
138.79323,279.34348,5.285544,5.7432737
139.11761,278.39767,5.284479,5.753575
139.43492,277.44943,5.286284,5.761595
139.7444,276.49863,5.2880883,5.769615
140.04533,275.54507,5.289893,5.7776356
140.33698,274.58865,5.2916975,5.7856555
140.6186,273.62924,5.3082924,5.781793
140.88959,272.66675,5.3278656,5.775538
141.14935,271.70117,5.347439,5.7692823
141.39732,270.7325,5.3670115,5.763027
141.6329,269.76077,5.386584,5.756772
141.85547,268.78595,5.4031734,5.7529883
142.06438,267.8081,5.419343,5.7495522
142.25891,266.82733,5.435513,5.746116
142.4384,265.84366,5.451683,5.7426796
142.6021,264.85727,5.467854,5.7392435
142.74947,263.8683,5.4656363,5.7504
142.88065,262.877,5.4620156,5.7626686
142.99602,261.8838,5.4583955,5.7749367
143.09596,260.88892,5.454776,5.7872047
143.18086,259.8926,5.451155,5.7994733
143.25114,258.8952,5.447751,5.8116584
143.3073,257.89688,5.444356,5.8238397
143.34993,256.8979,5.4409614,5.8360214
143.37956,255.89842,5.4375663,5.8482027
143.39679,254.89867,5.4341717,5.8603845
143.40216,253.89877,5.426074,5.8594904
143.39613,252.8989,5.417726,5.8579
143.37915,251.89914,5.4093776,5.85631
143.35167,250.89961,5.4010296,5.85472
143.31412,249.9004,5.392681,5.85313
143.26695,248.90161,5.3702793,5.8128443
143.21066,247.90329,5.3466287,5.76912
143.14572,246.9055,5.322978,5.725396
143.07262,245.90828,5.2993274,5.6816726
142.99184,244.91164,5.275677,5.6379495
142.90378,243.91562,5.2519164,5.593845
142.80844,242.92026,5.2281413,5.549691
142.70566,241.92566,5.204366,5.505537
142.59525,240.93187,5.1805906,5.4613824
142.47705,239.93896,5.156815,5.417228
142.3509,238.94705,5.1428432,5.3969474
142.21652,237.95622,5.1301885,5.3798733
142.07365,236.96657,5.117533,5.3627987
141.92201,235.97823,5.1048784,5.3457246
141.7613,234.99133,5.092223,5.3286505
141.59126,234.00598,5.107005,5.3777437
141.41165,233.02235,5.124723,5.4339175
141.22221,232.04056,5.142441,5.4900913
141.02274,231.06075,5.1601586,5.546265
140.81299,230.0831,5.1778765,5.6024384
140.59273,229.10774,5.195567,5.6583366
140.36182,228.13487,5.2132554,5.714216
140.12012,227.16463,5.2309437,5.7700953
139.86751,226.19716,5.2486324,5.825975
139.60385,225.23264,5.266321,5.881855
139.32906,224.27124,5.280087,5.924223
139.0432,223.31306,5.2936964,5.9660516
138.74638,222.35823,5.3073053,6.00788
138.43872,221.40685,5.3209147,6.0497084
138.12033,220.45898,5.3345237,6.0915365
137.79132,219.51476,5.3330736,6.0804787
137.45177,218.57428,5.3310776,6.0675035
137.10176,217.63763,5.329081,6.054528
136.74136,216.70494,5.327085,6.041553
136.37067,215.77629,5.325089,6.028578
135.98972,214.85179,5.323093,6.0156045
135.59853,213.93158,5.321097,6.002631
135.1971,213.01581,5.3191013,5.989658
134.78539,212.1046,5.3171053,5.9766846
134.36339,211.1981,5.3151093,5.963711
133.93117,210.29645,5.3131094,5.9507113
133.48901,209.39961,5.311109,5.9377103
133.03731,208.50755,5.309109,5.9247093
132.57642,207.62021,5.307109,5.9117084
132.10672,206.73749,5.305109,5.8987074
131.6286,205.8593,5.303106,5.8856893
131.14264,204.98543,5.301103,5.8726697
130.64944,204.11562,5.2991,5.8596506
130.14961,203.2496,5.297097,5.846631
129.64377,202.38708,5.295094,5.833612
129.13246,201.5278,5.29729,5.832046
128.61627,200.67143,5.299693,5.8310447
128.0957,199.81772,5.302096,5.8300433
127.57128,198.96637,5.304499,5.829042
127.04353,198.11708,5.306902,5.8280406
126.51296,197.26955,5.309688,5.828
125.980095,196.42346,5.31249,5.828
125.44544,195.57849,5.315292,5.828
124.90952,194.73433,5.3180943,5.828
124.372856,193.89066,5.320896,5.828
123.83587,193.04716,5.32389,5.828
123.29866,192.20383,5.326892,5.828
122.76122,191.36063,5.3298936,5.828
122.22357,190.51758,5.3328953,5.828
121.68569,189.67467,5.3358974,5.828
121.14758,188.8319,5.3387055,5.828
120.60926,187.98927,5.341507,5.828
120.070724,187.14677,5.3443084,5.828
119.531975,186.30441,5.34711,5.828
118.99302,185.46219,5.349911,5.828
118.45386,184.6201,5.352712,5.828
117.914505,183.77812,5.3555136,5.828
117.37496,182.93628,5.358315,5.828
116.83523,182.09456,5.361116,5.828
116.2953,181.25294,5.3639174,5.828
115.755196,180.41147,5.3667183,5.828
115.214905,179.5701,5.3695197,5.828
114.67444,178.72884,5.3723207,5.828
114.133804,177.8877,5.3751216,5.828
113.592995,177.04665,5.3779225,5.828
113.052025,176.20572,5.380918,5.828
112.510895,175.36488,5.3839192,5.828
111.969604,174.52417,5.3869205,5.828
111.42816,173.68353,5.389921,5.828
110.886566,172.843,5.3929224,5.828
110.344826,172.00256,5.395728,5.828
109.80295,171.16223,5.398529,5.828
109.260925,170.32198,5.40133,5.828
108.718765,169.4818,5.4041305,5.828
108.176476,168.64172,5.4069314,5.828
107.634056,167.80173,5.4097323,5.828
107.09151,166.9618,5.412533,5.828
106.54884,166.12196,5.4153337,5.828
106.00606,165.2822,5.418134,5.828
105.463165,164.4425,5.4209347,5.828
104.92016,163.60289,5.4237356,5.828
104.377045,162.76334,5.426536,5.828
103.833824,161.92386,5.4293365,5.828
103.29051,161.08444,5.432137,5.828
102.7471,160.24509,5.434938,5.828
102.2036,159.40579,5.437934,5.828
101.66,158.56654,5.440934,5.828
101.11633,157.72736,5.443935,5.828
100.57257,156.88823,5.446935,5.828
100.02874,156.04915,5.449936,5.828
99.48483,155.21011,5.4527407,5.828
98.94086,154.37112,5.455541,5.828
98.396805,153.53217,5.4583416,5.828
97.8527,152.69327,5.4611416,5.828
97.30853,151.8544,5.463942,5.828
96.76431,151.01556,5.4667425,5.828
96.22004,150.17677,5.469543,5.828
95.67571,149.338,5.4723434,5.828
95.13135,148.49927,5.4751434,5.828
94.58694,147.66055,5.477944,5.828
94.04249,146.82187,5.4809403,5.828
93.49801,145.9832,5.4839406,5.828
92.9535,145.14456,5.486941,5.828
92.408966,144.30594,5.489941,5.828
91.8644,143.46732,5.4929414,5.828
91.319824,142.62872,5.4957457,5.828
90.77523,141.79013,5.498546,5.828
90.23063,140.95155,5.501346,5.828
89.68601,140.11298,5.5041466,5.828
89.141396,139.2744,5.5069466,5.828
88.59677,138.43582,5.509747,5.828
88.052155,137.59726,5.512547,5.828
87.50754,136.75867,5.5153475,5.828
86.96294,135.92009,5.518148,5.828
86.41835,135.0815,5.520948,5.828
85.87378,134.24289,5.5237484,5.828
85.32923,133.40427,5.5265484,5.828
84.7847,132.56564,5.529349,5.828
84.2402,131.72699,5.532149,5.828
83.69572,130.88832,5.5349493,5.828
83.15126,130.04965,5.5379457,5.828
82.60683,129.21095,5.540946,5.828
82.062416,128.37224,5.5439463,5.828
81.51803,127.533516,5.5469465,5.828
80.97367,126.69478,5.549947,5.828
80.42933,125.85602,5.5527506,5.828
79.88502,125.01725,5.555551,5.828
79.34072,124.17846,5.5583515,5.828
78.796455,123.33966,5.5611515,5.828
78.252205,122.50085,5.563952,5.828
77.707985,121.66201,5.566752,5.828
77.16379,120.823166,5.5695524,5.828
76.619606,119.98431,5.5723524,5.828
76.07545,119.14543,5.575153,5.828
75.53132,118.30654,5.5779533,5.828
74.987206,117.46764,5.5807533,5.828
74.443115,116.62872,5.583554,5.828
73.89905,115.78979,5.586354,5.828
73.35501,114.95084,5.5891542,5.828
72.81098,114.111885,5.5919547,5.828
72.26698,113.2729,5.5949516,5.828
71.72301,112.433914,5.597952,5.828
71.17905,111.59492,5.600952,5.828
70.63511,110.7559,5.6039524,5.828
70.091194,109.91686,5.6069527,5.828
69.5473,109.07782,5.609756,5.828
69.00343,108.23876,5.6125565,5.828
68.45958,107.39969,5.615357,5.828
67.91575,106.56061,5.618157,5.828
67.37194,105.721504,5.6209574,5.828
66.828156,104.88239,5.623758,5.828
66.284386,104.04327,5.626558,5.828
65.74064,103.204124,5.6293583,5.828
65.196915,102.364975,5.6321588,5.828
64.653206,101.52581,5.6349587,5.828
64.10952,100.68663,5.637759,5.828
63.565857,99.847435,5.640559,5.828
63.02221,99.00823,5.6433597,5.828
62.478584,98.169014,5.64616,5.828
61.93498,97.32978,5.64896,5.828
61.39139,96.49053,5.651958,5.828
60.847828,95.651276,5.6549582,5.828
60.304283,94.81201,5.6579585,5.828
59.760754,93.972725,5.660959,5.828
59.217247,93.13343,5.663959,5.828
58.67376,92.29412,5.6667624,5.828
58.13029,91.4548,5.6695623,5.828
57.58684,90.61547,5.672363,5.828
57.043407,89.77613,5.6751633,5.828
56.499996,88.936775,5.6779633,5.828
55.956604,88.097404,5.6807637,5.828
55.41323,87.258026,5.683564,5.828
54.869873,86.41863,5.686364,5.828
54.326534,85.57922,5.6891646,5.828
53.783215,84.73981,5.691965,5.828
53.239914,83.90038,5.694963,5.828
52.696632,83.060936,5.697963,5.828
52.15337,82.22149,5.7009635,5.828
51.610123,81.38203,5.7039638,5.828
51.066895,80.54255,5.706964,5.828
50.52368,79.703064,5.709767,5.828
49.98049,78.86356,5.7125673,5.828
49.437313,78.024055,5.7153673,5.828
48.894157,77.18453,5.718168,5.828
48.351017,76.345,5.7209682,5.828
47.80789,75.505455,5.723768,5.828
47.264786,74.6659,5.7265687,5.828
46.721695,73.82634,5.729369,5.828
46.178623,72.98676,5.7321696,5.828
45.635567,72.14717,5.7349696,5.828
45.09253,71.30757,5.73777,5.828
44.549507,70.467964,5.7405705,5.828
44.006504,69.62835,5.7433705,5.828
43.463512,68.78872,5.746171,5.828
42.92054,67.94907,5.7489715,5.828
42.377586,67.10942,5.75197,5.828
41.834644,66.26976,5.75497,5.828
41.29172,65.43009,5.7579703,5.828
40.748814,64.59041,5.7609706,5.828
40.20592,63.750713,5.7639713,5.828
39.663044,62.91101,5.766773,5.828
39.120182,62.071297,5.7695737,5.828
38.57734,61.231575,5.772374,5.828
38.034508,60.391838,5.7751746,5.828
37.491695,59.552097,5.7779746,5.828
36.948895,58.712345,5.780775,5.828
36.406113,57.87258,5.7835755,5.828
35.863342,57.032806,5.786376,5.828
35.320587,56.193027,5.789176,5.828
34.77785,55.353233,5.7919765,5.828
34.235126,54.51343,5.794777,5.828
33.692417,53.673622,5.7975774,5.828
33.14972,52.8338,5.8003774,5.828
32.60704,51.993973,5.803178,5.828
32.064373,51.154133,5.8059783,5.828
31.52172,50.314285,5.808977,5.828
30.979084,49.474426,5.8119774,5.828
30.436459,48.63456,5.8149776,5.828
29.89385,47.794685,5.817978,5.828
29.351254,46.954803,5.8209786,5.828
28.808672,46.11491,5.82378,5.828
28.266102,45.275005,5.8265805,5.828
27.723547,44.435097,5.829381,5.828
27.181005,43.595177,5.8321815,5.828
26.638477,42.75525,5.834982,5.828
26.095963,41.91531,5.837782,5.828
25.553461,41.075367,5.8405824,5.828
25.010971,40.235413,5.843383,5.828
24.468496,39.39545,5.8461833,5.828
23.926033,38.55548,5.8489833,5.828
23.383581,37.715504,5.8517838,5.828
22.841145,36.875515,5.854584,5.828
22.29872,36.035522,5.8573847,5.828
21.756306,35.19552,5.8601847,5.828
21.213905,34.355507,5.862985,5.828
20.671518,33.51549,5.8659844,5.828
20.12914,32.675465,5.868985,5.828
19.586777,31.83543,5.8719854,5.828
19.044424,30.995388,5.8749857,5.828
18.502085,30.155338,5.877986,5.828
17.959757,29.31528,5.8807874,5.828
17.417439,28.475216,5.883588,5.828
16.875134,27.635145,5.8863883,5.828
16.33284,26.795065,5.8891883,5.828
15.790557,25.954979,5.8919888,5.828
15.248285,25.114885,5.894789,5.828
14.706025,24.274784,5.8975897,5.828
14.163775,23.434675,5.90039,5.828
13.621537,22.59456,5.90319,5.828
13.079309,21.754438,5.9059906,5.828
12.537092,20.914309,5.9073954,5.828
11.994886,20.074173,5.908796,5.828
11.45269,19.23403,5.910196,5.828
10.910504,18.39388,5.9115963,5.828
10.368329,17.553724,5.9129963,5.828
9.826164,16.713562,5.9120026,5.8281994
9.28401,15.873393,5.9110026,5.8283997
8.741865,15.033217,5.910002,5.8285995
8.19973,14.193035,5.9090023,5.8287997
7.6576047,13.352847,5.908002,5.8289995
7.1154895,12.512652,5.907002,5.829
6.573384,11.672452,5.9060016,5.829
6.031287,10.832245,5.9050016,5.829
5.4892006,9.992032,5.904001,5.829
4.947123,9.151813,5.9030013,5.829
4.405055,8.311587,5.9020014,5.8292
3.8629956,7.471357,5.901001,5.8293996
3.3209453,6.63112,5.900001,5.8296
2.778904,5.790878,5.8990006,5.8297997
2.2368712,4.9506297,5.8980007,5.83
1.6948472,4.110376,5.8972006,5.83
1.1528317,3.270117,5.8964005,5.83
0.6108247,2.4298525,5.8956003,5.83
0.06882616,1.5895824,5.8948,5.83
