# x_m,y_m,w_tr_right_m,w_tr_left_m
0.693929,-2.314857,6.405,6.679
0.2604023,-1.4137576,6.401403,6.6805987
-0.1728345,-0.51251864,6.397806,6.682197
-0.60578984,0.38885546,6.3942094,6.683796
-1.038472,1.2903607,6.3906126,6.6853943
-1.4708898,2.1919928,6.3870153,6.686993
-1.9030509,3.093748,6.3923717,6.683419
-2.3349621,3.9956229,6.397766,6.6798224
-2.76663,4.8976145,6.403161,6.6762257
-3.1980603,5.7997193,6.408556,6.6726294
-3.6292596,6.701935,6.413951,6.6690326
-4.060234,7.6042576,6.4191475,6.6656346
-4.490991,8.506684,6.424342,6.662238
-4.9215364,9.409212,6.429537,6.6588416
-5.351878,10.311837,6.4347315,6.6554446
-5.7820225,11.214557,6.439926,6.652048
-6.211976,12.117366,6.4453173,6.648455
-6.641746,13.020264,6.4507117,6.644859
-7.0713387,13.923244,6.4561057,6.641263
-7.500761,14.826307,6.4615,6.6376667
-7.93002,15.729447,6.466894,6.6340704
-8.359121,16.632664,6.4720926,6.6306705
-8.788073,17.53595,6.477287,6.627274
-9.216881,18.439304,6.482481,6.623878
-9.645553,19.342724,6.487675,6.6204815
-10.074094,20.246204,6.4928694,6.6170855
-10.502512,21.149744,6.4982586,6.6134944
-10.930814,22.053339,6.5036526,6.609898
-11.359006,22.956985,6.5090466,6.6063023
-11.787094,23.86068,6.5144405,6.6027064
-12.215087,24.764421,6.5198345,6.59911
-12.64299,25.668205,6.525035,6.595708
-13.070811,26.572027,6.5302296,6.5923114
-13.498555,27.475885,6.5354238,6.5889153
-13.92623,28.379778,6.540618,6.585519
-14.353843,29.283699,6.545812,6.582123
-14.7814,30.187645,6.551007,6.5785336
-15.208908,31.091616,6.5562015,6.5749373
-15.6363735,31.995605,6.5613956,6.5713415
-16.063805,32.899612,6.5665903,6.567745
-16.491205,33.803635,6.571785,6.564149
-16.918585,34.707664,6.5771713,6.560744
-17.34595,35.611702,6.582566,6.5573473
-17.773306,36.515747,6.5879607,6.553951
-18.20066,37.41979,6.593355,6.5505543
-18.62802,38.32383,6.5987496,6.547158
-19.055391,39.227863,6.6039543,6.54357
-19.48278,40.13189,6.6091495,6.5399733
-19.910196,41.035904,6.6143446,6.5363765
-20.337643,41.939903,6.61954,6.53278
-20.76513,42.843884,6.6247354,6.5291834
-21.192661,43.747845,6.6301208,6.525776
-21.620245,44.65178,6.635516,6.5223784
-22.04789,45.555687,6.640912,6.5189815
-22.475597,46.45956,6.6463075,6.515584
-22.90338,47.3634,6.6517034,6.512187
-23.331242,48.267204,6.656911,6.5086
-23.75919,49.170967,6.6621075,6.5050025
-24.18723,50.074684,6.6673036,6.5014052
-24.61537,50.978355,6.6725,6.4978075
-25.043617,51.881977,6.6776967,6.4942102
-25.471977,52.785545,6.683082,6.4908004
-25.900457,53.689053,6.6884794,6.487402
-26.329065,54.592503,6.6938763,6.4840035
-26.757805,55.49589,6.6992736,6.4806056
-27.186686,56.39921,6.704671,6.477207
-27.615715,57.30246,6.709881,6.473621
-28.044895,58.20564,6.7150793,6.470022
-28.474237,59.108738,6.7202773,6.4664235
-28.903748,60.011757,6.7254753,6.462825
-29.333433,60.914696,6.7306733,6.459226
-29.763298,61.817547,6.73606,6.455814
-30.193352,62.72031,6.741459,6.4524145
-30.623602,63.62298,6.746858,6.449015
-31.054054,64.52555,6.7522573,6.445616
-31.484716,65.428024,6.757656,6.4422164
-31.915596,66.33039,6.762869,6.438629
-32.3467,67.23265,6.768069,6.4350295
-32.778034,68.1348,6.7732687,6.4314294
-33.20961,69.03684,6.778468,6.4278297
-33.641434,69.93876,6.783668,6.4242296
-34.073505,70.84055,6.789056,6.420817
-34.505844,71.742226,6.7944565,6.4174166
-34.938446,72.64377,6.7998567,6.4140162
-35.371326,73.54518,6.8052573,6.410616
-35.804485,74.44646,6.810658,6.4072156
-36.237938,75.34759,6.8158712,6.4036274
-36.671684,76.24858,6.821072,6.400027
-37.105736,77.14943,6.826273,6.396426
-37.5401,78.050125,6.831474,6.3928256
-37.97478,78.95067,6.8366747,6.389225
-38.409786,79.85105,6.841876,6.385812
-38.845127,80.75128,6.847077,6.3824115
-39.280807,81.651344,6.8522778,6.3790107
-39.71683,82.55123,6.857479,6.37561
-40.153214,83.45095,6.86268,6.372209
-40.589954,84.3505,6.8680687,6.368621
-41.027065,85.24986,6.87347,6.3650203
-41.464554,86.14905,6.878871,6.361419
-41.90242,87.04805,6.884272,6.3578186
-42.34068,87.94685,6.889673,6.354218
-42.779335,88.84547,6.894886,6.3508053
-43.218395,89.74388,6.900087,6.347405
-43.657867,90.6421,6.9052877,6.344004
-44.09776,91.54011,6.9104886,6.340604
-44.538074,92.43791,6.915689,6.337203
-44.97882,93.3355,6.9182568,6.3349314
-45.42001,94.23287,6.9206567,6.3327312
-45.86164,95.13003,6.923057,6.330531
-46.30373,96.02696,6.925457,6.328331
-46.746277,96.92366,6.9278574,6.326131
-47.189293,97.82014,6.922545,6.3271284
-47.632786,98.71637,6.9167457,6.3283286
-48.076756,99.61237,6.910946,6.3295283
-48.521217,100.508125,6.905146,6.3307285
-48.966175,101.40364,6.8993464,6.3319283
-49.411636,102.2989,6.893736,6.333316
-49.857605,103.19391,6.8881373,6.334716
-50.304092,104.08865,6.882539,6.3361154
-50.751102,104.98314,6.8769403,6.337515
-51.198643,105.877365,6.871341,6.338915
-51.64672,106.77132,6.8655562,6.3401265
-52.09534,107.66499,6.859759,6.3413258
-52.544514,108.558395,6.8539615,6.342525
-52.994247,109.45152,6.8481646,6.3437247
-53.444542,110.34436,6.842367,6.344924
-53.895412,111.23691,6.836571,6.34631
-54.34686,112.129166,6.8307757,6.347709
-54.798893,113.021126,6.82498,6.349108
-55.25152,113.91278,6.8191843,6.3505073
-55.704742,114.80414,6.813389,6.3519063
-56.15857,115.69518,6.807781,6.3531184
-56.61301,116.58592,6.802187,6.354317
-57.068073,117.47633,6.796593,6.355516
-57.52376,118.36643,6.790999,6.3567142
-57.980083,119.25621,6.785405,6.357913
-58.43705,120.14565,6.779628,6.359297
-58.89466,121.03476,6.773836,6.360695
-59.352924,121.92354,6.7680445,6.3620925
-59.81184,122.81197,6.762253,6.3634906
-60.27142,123.700066,6.756461,6.3648887
-60.73166,124.58782,6.7508554,6.366102
-61.192547,125.475235,6.745266,6.3673
-61.654057,126.36233,6.7396765,6.368498
-62.116165,127.24911,6.7340865,6.3696957
-62.578857,128.13559,6.728497,6.3708935
-63.042103,129.02177,6.7227273,6.372273
-63.505886,129.90768,6.7169394,6.3736696
-63.970184,130.79332,6.711152,6.3750668
-64.43498,131.6787,6.7053647,6.376464
-64.90025,132.56383,6.699577,6.3778605
-65.36598,133.44872,6.6937904,6.379078
-65.83214,134.33336,6.688004,6.380275
-66.29871,135.2178,6.6822176,6.381472
-66.765686,136.10204,6.6764317,6.3826694
-67.23303,136.98607,6.670645,6.3838663
-67.70072,137.86992,6.665036,6.385241
-68.168755,138.75359,6.65945,6.3866377
-68.63709,139.6371,6.6538634,6.3880343
-69.10573,140.52045,6.6482773,6.3894305
-69.57463,141.40366,6.6426907,6.390827
-70.043785,142.28673,6.636929,6.3920493
-70.513176,143.16968,6.631143,6.393246
-70.98277,144.05252,6.6253567,6.3944435
-71.45256,144.93526,6.6195707,6.3956404
-71.922516,145.8179,6.6137843,6.3968377
-72.392624,146.70047,6.6081696,6.3982077
-72.86286,147.58296,6.602582,6.3996043
-73.33321,148.46541,6.5969944,6.4010015
-73.80365,149.3478,6.591407,6.402398
-74.274155,150.23015,6.5858192,6.4037952
-74.744705,151.11247,6.5800595,6.405022
-75.21529,151.9948,6.5742707,6.40622
-75.68588,152.8771,6.568482,6.4074173
-76.156456,153.75941,6.562693,6.408615
-76.62701,154.64175,6.556904,6.409813
-77.097496,155.52411,6.551113,6.4111795
-77.56792,156.40651,6.5453215,6.4125776
-78.038246,157.28896,6.5395303,6.4139752
-78.50846,158.17148,6.533739,6.4153733
-78.97854,159.05406,6.5279474,6.4167714
-79.44846,159.93672,6.5223207,6.4180026
-79.91821,160.81947,6.516726,6.4192014
-80.387764,161.70233,6.5111313,6.4204006
-80.85711,162.58531,6.5055366,6.4215994
-81.32621,163.46841,6.499942,6.422798
-81.79506,164.35165,6.4941773,6.4241643
-82.263626,165.23503,6.488379,6.425564
-82.731895,166.11858,6.4825807,6.4269633
-83.19985,167.00229,6.476782,6.428363
-83.667465,167.88618,6.4709835,6.429763
-84.13472,168.77026,6.4651814,6.430997
-84.60159,169.65454,6.459378,6.4321976
-85.06807,170.53903,6.4535747,6.4333982
-85.53412,171.42375,6.4477715,6.434599
-85.99973,172.3087,6.4419684,6.4357996
-86.464874,173.1939,6.436328,6.437168
-86.929535,174.07935,6.43072,6.43857
-87.39369,174.96506,6.425112,6.439972
-87.85732,175.85104,6.4195037,6.4413743
-88.3204,176.73732,6.413895,6.442776
-88.782906,177.62389,6.408114,6.4440107
-89.24482,178.51077,6.4022994,6.445214
-89.70612,179.39796,6.396485,6.446417
-90.16681,180.28549,6.3906703,6.44762
-90.62684,181.17336,6.3848557,6.448823
-91.086205,182.06155,6.379207,6.450198
-91.544876,182.95012,6.3735867,6.4516034
-92.00282,183.83907,6.367966,6.4530087
-92.46001,184.7284,6.3623457,6.4544134
-92.9164,185.61813,6.3567257,6.4558187
-93.37197,186.50829,6.3509245,6.4570503
-93.82677,187.39883,6.3450966,6.458256
-94.28084,188.28976,6.3392687,6.4594617
-94.734245,189.18103,6.3334413,6.460667
-95.18704,190.0726,6.3276134,6.461873
-95.63929,190.96445,6.3217845,6.4632587
-96.09108,191.85652,6.3159556,6.464666
-96.5425,192.7488,6.3101273,6.4660726
-96.99366,193.6412,6.3042984,6.4674797
-97.444626,194.5337,6.2984695,6.468887
-97.89551,195.42624,6.294309,6.46088
-98.3464,196.31879,6.2902946,6.452049
-98.79737,197.21127,6.2862806,6.4432173
-99.24851,198.10368,6.282266,6.434386
-99.69991,198.99597,6.278252,6.4255543
-100.151665,199.88808,6.2759366,6.407744
-100.603836,200.77995,6.2737355,6.3893323
-101.05652,201.67159,6.271534,6.3709207
-101.50978,202.56293,6.2693324,6.352509
-101.963715,203.45392,6.2671313,6.3340974
-102.41839,204.34453,6.264752,6.3159504
-102.87392,205.23471,6.262361,6.29782
-103.33038,206.12442,6.25997,6.2796903
-103.78788,207.01358,6.2575793,6.26156
-104.24652,207.90216,6.2551885,6.2434297
-104.70638,208.79012,6.2529936,6.2252173
-105.167496,209.67741,6.250815,6.2069983
-105.629875,210.56406,6.2486367,6.188779
-106.09354,211.45003,6.246458,6.17056
-106.55848,212.33531,6.24428,6.152341
-107.024765,213.21991,6.241945,6.1344137
-107.492615,214.10367,6.2395864,6.1165295
-107.96233,214.98645,6.237228,6.098645
-108.43422,215.86807,6.2348695,6.0807605
-108.90858,216.74835,6.232511,6.0628753
-109.385574,217.62721,6.230168,6.0449553
-109.86455,218.505,6.2278295,6.0270257
-110.34441,219.38231,6.225491,6.0090966
-110.82408,220.2597,6.223152,5.9911685
-111.302475,221.13782,6.220814,5.9732413
-111.77844,222.01724,6.209007,5.9658494
-112.24995,222.89906,6.192142,5.9640846
-112.71437,223.78462,6.1752763,5.96232
-113.169044,224.67523,6.158409,5.9605546
-113.61126,225.57208,6.1415424,5.9587893
-114.03823,226.4763,6.081736,6.0041084
-114.44685,227.38895,5.987196,6.087515
-114.8337,228.31102,5.892659,6.170917
-115.19522,229.2433,5.798137,6.2543073
-115.527794,230.1863,5.7036676,6.337651
-115.827736,231.14015,5.6071754,6.422764
-116.09082,232.10483,5.5093937,6.509005
-116.312195,233.0799,5.411571,6.595282
-116.48673,234.0644,5.3136535,6.6816425
-116.60909,235.05673,5.2156577,6.7680726
-116.67483,236.0544,5.2695374,6.806477
-116.68543,237.0542,5.3500633,6.836411
-116.644745,238.05324,5.430513,6.8663163
-116.55654,239.04922,5.5109205,6.896206
-116.42444,240.04036,5.5997696,6.9232535
-116.25194,241.02527,5.761283,6.9256945
-116.04285,242.00307,5.9228945,6.928137
-115.80104,242.97331,6.0845222,6.9305797
-115.530365,243.93591,6.2461457,6.9330225
-115.23458,244.89111,6.3816934,6.931433
-114.917076,245.83931,6.4063373,6.9127035
-114.58054,246.78093,6.430985,6.8939714
-114.22756,247.7165,6.455632,6.87524
-113.86066,248.64671,6.4802775,6.8565087
-113.48233,249.57234,6.49886,6.8368134
-113.0948,250.49416,6.4723935,6.8099546
-112.69966,251.41273,6.4459243,6.7830935
-112.29838,252.32864,6.4194546,6.756232
-111.89239,253.24248,6.392985,6.7293696
-111.48314,254.15486,6.366505,6.7025013
-111.07182,255.06631,6.3394704,6.6752677
-110.65865,255.97693,6.3124356,6.648034
-110.24364,256.8867,6.2854004,6.6208005
-109.82677,257.79562,6.2583656,6.5935664
-109.40804,258.7037,6.2313304,6.566333
-108.98751,259.61093,6.204039,6.538841
-108.56538,260.51743,6.1767445,6.5113454
-108.14191,261.4233,6.14945,6.4838505
-107.71735,262.32864,6.1221557,6.456355
-107.29196,263.2336,6.094862,6.4288597
-106.866,264.13834,6.0676827,6.401278
-106.439705,265.04288,6.0405035,6.3736963
-106.01331,265.94736,6.0133243,6.346114
-105.587074,266.85193,5.986145,6.3185325
-105.161224,267.75668,5.958961,6.290953
-104.73595,268.6617,5.931655,6.263447
-104.311226,269.567,5.9043493,6.23594
-103.88699,270.4725,5.8770432,6.208433
-103.46319,271.37823,5.8497376,6.180927
-103.03974,272.2841,5.8224373,6.153426
-102.61658,273.19012,5.7952332,6.126022
-102.193535,274.0962,5.7680297,6.098618
-101.77045,275.00223,5.7408257,6.0712137
-101.347145,275.90817,5.7136216,6.04381
-100.92347,276.81393,5.6864324,6.0164094
-100.49924,277.71945,5.659487,5.989064
-100.07432,278.62466,5.6325407,5.961719
-99.64856,279.52945,5.6055946,5.934374
-99.22181,280.43378,5.578649,5.907029
-98.79393,281.33755,5.5535183,5.881509
-98.36477,282.24075,5.5642905,5.8920813
-97.934204,283.14328,5.5750623,5.9026537
-97.50211,284.04507,5.585834,5.913226
-97.06837,284.94604,5.5966063,5.9237986
-96.63284,285.8462,5.6077566,5.9347568
-96.195465,286.74542,5.629311,5.956311
-95.75627,287.64377,5.6508656,5.9778657
-95.31535,288.5413,5.67242,5.9994197
-94.8728,289.438,5.6939745,6.020974
-94.4287,290.33392,5.715529,6.0425243
-93.98313,291.22913,5.7370944,6.06389
-93.536156,292.12363,5.75866,6.0852556
-93.08785,293.0175,5.7802253,6.1066213
-92.638275,293.91068,5.80179,6.127987
-92.1875,294.80328,5.823356,6.149356
-91.73559,295.69528,5.8449297,6.17093
-91.28261,296.58676,5.8665037,6.1925035
-90.828636,297.47775,5.8880773,6.2140775
-90.37373,298.36826,5.9096513,6.235651
-89.917984,299.2583,5.931225,6.257223
-89.46145,300.14798,5.9528055,6.2786036
-89.004196,301.03726,5.974386,6.2999845
-88.5463,301.92624,5.9959664,6.3213654
-88.08783,302.8149,6.017547,6.342746
-87.62885,303.7033,6.039128,6.3641276
-87.16943,304.5915,6.060714,6.385714
-86.70964,305.47946,6.0823,6.4073
-86.24956,306.3673,6.103886,6.4288864
-85.78924,307.255,6.1254725,6.4504724
-85.32876,308.14264,6.147059,6.4720583
-84.86819,309.0302,6.1686497,6.493449
-84.40759,309.9178,6.190241,6.51484
-83.947044,310.8054,6.2118316,6.5362315
-83.48661,311.69302,6.2334228,6.5576224
-83.02635,312.58078,6.255014,6.579014
-82.56634,313.46866,6.276609,6.600609
-82.10665,314.3567,6.298204,6.622204
-81.64736,315.24493,6.319799,6.643799
-81.188545,316.13342,6.341394,6.665394
-80.73027,317.0222,6.362989,6.686989
-80.27259,317.91125,6.3845873,6.7083874
-79.815445,318.80063,6.4061856,6.7297854
-79.35874,319.6902,6.4277835,6.751184
-78.9024,320.57996,6.449382,6.772582
-78.44632,321.46985,6.47098,6.79398
-77.990425,322.35983,6.492581,6.815581
-77.53461,323.24988,6.514181,6.837181
-77.07878,324.1399,6.535782,6.858782
-76.62284,325.02988,6.5573826,6.8803825
-76.166695,325.91974,6.578983,6.901983
-75.71025,326.80945,6.600585,6.923385
-75.2534,327.69894,6.622187,6.9447875
-74.79607,328.5882,6.6437893,6.9661894
-74.33814,329.47714,6.6653914,6.9875917
-73.87955,330.36575,6.6869936,7.0089936
-73.420166,331.25394,6.7085967,7.0303965
-72.95992,332.1417,6.7301993,7.0517993
-72.49872,333.02896,6.751802,7.073202
-72.03645,333.91565,6.7734046,7.0946045
-71.57304,334.80176,6.7950077,7.1160073
-71.10838,335.6872,6.816609,7.137609
-70.64239,336.57193,6.8382106,7.1592107
-70.17496,337.45593,6.8598123,7.1808124
-69.70601,338.3391,6.881414,7.202414
-69.235435,339.22144,6.903013,7.2240095
-68.76316,340.10284,6.921411,7.237608
-68.28908,340.98328,6.939809,7.2512064
-67.81311,341.8627,6.9582067,7.264805
-67.33516,342.74106,6.9766045,7.2784033
-66.85515,343.61826,6.995002,7.292001
-66.37298,344.4943,7.0107937,7.2983975
-65.88855,345.36908,7.026585,7.304794
-65.40178,346.24258,7.042377,7.3111906
-64.91256,347.1147,7.0581684,7.3175874
-64.4208,347.98538,7.0739603,7.323984
-63.92642,348.85458,7.089741,7.330376
-63.429375,349.72226,7.1055226,7.3367686
-62.929646,350.5884,7.1213036,7.343161
-62.42721,351.45297,7.137085,7.3495536
-61.922043,352.31595,7.152866,7.3559456
-61.41412,353.1773,7.1684403,7.3623343
-60.90344,354.03705,7.1840124,7.368723
-60.39,354.8951,7.199585,7.3751116
-59.87379,355.75153,7.2151575,7.3815002
-59.354816,356.6063,7.2307296,7.387889
-58.833073,357.45935,7.2347264,7.392707
-58.308548,358.3107,7.2385187,7.397497
-57.78124,359.1603,7.2423105,7.4022875
-57.251133,360.0082,7.246103,7.4070773
-56.718224,360.85434,7.249895,7.4118676
-56.1825,361.6987,7.2389383,7.4147167
-55.64396,362.54123,7.2275615,7.417511
-55.102592,363.382,7.216185,7.4203053
-54.558395,364.2209,7.2048087,7.4230995
-54.011353,365.05795,7.1934323,7.425894
-53.461468,365.89316,7.1822453,7.4286885
-52.908726,366.72647,7.171066,7.4314837
-52.35312,367.55786,7.1598864,7.4342785
-51.794643,368.38733,7.1487064,7.437073
-51.233288,369.21487,7.137527,7.4398685
-50.66905,370.04044,7.126152,7.4426646
-50.101913,370.864,7.1147676,7.445461
-49.53188,371.68558,7.103383,7.448257
-48.95894,372.50513,7.091998,7.451053
-48.383083,373.32263,7.0806136,7.4538493
-47.80431,374.1381,7.0692215,7.4566474
-47.2226,374.95145,7.0578294,7.4594455
-46.637955,375.76266,7.046437,7.4622436
-46.050358,376.57178,7.035044,7.4650416
-45.4598,377.37872,7.023652,7.4678397
-44.866287,378.1835,7.0143256,7.470263
-44.269855,378.9861,7.005124,7.4726634
-43.670555,379.7866,6.995923,7.4750633
-43.068443,380.58496,6.986722,7.4774637
-42.46357,381.38126,6.977521,7.479864
-41.855984,382.17545,6.9907827,7.477357
-41.245743,382.96762,7.0053926,7.474555
-40.632896,383.75778,7.020002,7.471753
-40.0175,384.54593,7.0346117,7.468951
-39.399612,385.33215,7.0492215,7.4661493
-38.779278,386.11646,7.064024,7.463347
-38.156555,386.89883,7.078837,7.4605446
-37.531494,387.67938,7.0936503,7.4577417
-36.90415,388.45807,7.1084633,7.4549394
-36.274563,389.23495,7.1232767,7.452137
-35.6428,390.01007,7.1378994,7.449525
-35.0089,390.78342,7.152512,7.4469223
-34.37292,391.55508,7.167125,7.44432
-33.734913,392.32507,7.181738,7.441718
-33.094925,393.0934,7.196351,7.4391155
-32.453007,393.86014,7.2109613,7.4363227
-31.80921,394.62527,7.225572,7.4335203
-31.163584,395.3889,7.2401824,7.4307184
-30.516176,396.15097,7.2547927,7.4279165
-29.867039,396.9116,7.269403,7.4251146
-29.216219,397.67078,7.274222,7.4263434
-28.563766,398.42856,7.278624,7.427744
-27.909727,399.18497,7.2830257,7.4291444
-27.254154,399.94006,7.2874274,7.4305453
-26.59709,400.69385,7.2918296,7.431946
-25.938587,401.44638,7.2923846,7.4352684
-25.27869,402.19766,7.2927847,7.4386687
-24.617447,402.94778,7.2931848,7.442069
-23.954905,403.69678,7.293585,7.4454694
-23.291111,404.44464,7.2939844,7.448869
-22.626112,405.19144,7.2943845,7.452076
-21.959953,405.9372,7.2947845,7.455275
-21.29268,406.68195,7.295184,7.458474
-20.624342,407.42575,7.295584,7.4616733
-19.95498,408.16864,7.295984,7.4648724
-19.284647,408.91064,7.296384,7.46807
-18.61338,409.65182,7.2967834,7.4712677
-17.94123,410.39218,7.297183,7.474466
-17.26824,411.13177,7.297583,7.4776635
-16.594454,411.87067,7.2979827,7.480861
-15.919918,412.60886,7.2983823,7.4842496
-15.244677,413.3464,7.298782,7.487646
-14.568774,414.08334,7.2991815,7.4910426
-13.892256,414.81973,7.299581,7.494439
-13.215164,415.55557,7.2999806,7.497836
-12.537545,416.29092,7.30038,7.5010414
-11.859441,417.02585,7.30078,7.5042377
-11.180897,417.76035,7.3011794,7.5074334
-10.501955,418.4945,7.3015785,7.5106297
-9.82266,419.2283,7.301978,7.5138254
-9.143056,419.96185,7.3023777,7.517021
-8.463186,420.69513,7.3027773,7.5202165
-7.783095,421.4282,7.3031764,7.5234118
-7.1028256,422.1611,7.303576,7.5266075
-6.4224224,422.8939,7.3039756,7.529803
-5.741929,423.6266,7.2908835,7.516321
-5.061388,424.35925,7.2769046,7.5017433
-4.38084,425.09192,7.2629256,7.487165
-3.7003274,425.8246,7.2489467,7.472587
-3.0198917,426.55734,7.2349677,7.4580092
-2.3395755,427.29022,7.182326,7.3956604
-1.6594273,428.02325,7.126809,7.3297586
-0.97949696,428.75647,7.071292,7.2638574
-0.29983458,429.48996,7.015775,7.197956
0.37950966,430.22372,6.960258,7.1320543
1.0584911,430.95782,6.904736,7.066147
1.737093,431.69226,6.8492136,7.0002394
2.415307,432.4271,6.793691,6.9343314
3.0931256,433.16226,6.7381687,6.8684235
3.77054,433.89783,6.6826463,6.8025155
4.447547,434.63376,6.627117,6.7366
5.124163,435.37003,6.5715876,6.6706834
5.800413,436.10666,6.516058,6.604767
6.4763207,436.8436,6.4605284,6.5388503
7.151911,437.5808,6.404999,6.472934
7.8272057,438.3183,6.3492813,6.4068284
8.502225,439.05606,6.293545,6.340704
9.176986,439.79404,6.2378087,6.2745795
9.851504,440.53226,6.1820726,6.208455
10.525798,441.27066,6.126336,6.1423306
11.199884,442.00928,6.0707746,6.0763803
11.873781,442.74805,6.0152316,6.0104475
12.547509,443.48697,5.9596887,5.944515
13.2210865,444.22604,5.9041457,5.878583
13.894532,444.96524,5.8486023,5.8126507
14.567866,445.70453,5.7930536,5.7467113
15.241106,446.44388,5.737504,5.680771
15.91427,447.18332,5.6819544,5.614831
16.58738,447.92282,5.6264052,5.548891
17.260448,448.66235,5.5708556,5.4829507
17.9335,449.4019,5.5153003,5.417004
18.606552,450.14145,5.4597445,5.351056
19.279621,450.88098,5.404188,5.2851086
19.952728,451.62048,5.3486323,5.2191606
20.62589,452.35992,5.2930765,5.153213
21.299128,453.0993,5.237515,5.0872583
21.97246,453.8386,5.1819525,5.021303
22.645903,454.57776,5.12639,4.955348
23.319477,455.31683,5.0708275,4.8893924
23.9932,456.0558,5.015265,4.823437
24.667093,456.79456,4.95952,4.7572975
25.341173,457.53317,4.9037514,4.691135
26.01546,458.27158,4.8479824,4.6249723
26.68997,459.0098,4.792214,4.5588093
27.364723,459.74777,4.7364454,4.4926467
28.03974,460.48553,4.680848,4.426654
28.715036,461.22302,4.625273,4.360684
29.39063,461.96027,4.5696983,4.2947135
30.066545,462.69717,4.5141234,4.2287436
30.742796,463.4338,4.4585485,4.162773
31.419401,464.1701,4.4029684,4.096797
32.09638,464.90607,4.347388,4.03082
32.77375,465.64163,4.291807,3.9648428
33.451534,466.37686,4.2362266,3.8988657
34.129745,467.11166,4.1806455,3.8328886
34.808403,467.84607,4.17224,3.846301
35.48753,468.58005,4.17024,3.8704948
36.167137,469.31357,4.1682405,3.8946886
36.84725,470.04663,4.166241,3.9188826
37.527885,470.7792,4.164242,3.9430764
38.209057,471.51126,4.1731415,3.9859066
38.890785,472.24283,4.18354,4.031298
39.573093,472.97385,4.193938,4.07669
40.255993,473.7043,4.204336,4.1220818
40.939507,474.4342,4.214734,4.167474
41.62365,475.16348,4.2251325,4.2128677
42.308445,475.89218,4.2355313,4.2582617
42.9939,476.62024,4.24593,4.303656
43.680042,477.34766,4.2563286,4.34905
44.366882,478.0744,4.2667274,4.394444
45.05444,478.80048,4.277302,4.439839
45.742733,479.52588,4.2879004,4.485234
46.431786,480.25052,4.298499,4.5306287
47.121616,480.97446,4.3090982,4.5760236
47.81225,481.6976,4.319697,4.6214185
48.5037,482.41998,4.33012,4.6668124
49.195972,483.14157,4.3405185,4.7122064
49.88907,483.86237,4.3509173,4.7576003
50.58298,484.58237,4.3613157,4.8029943
51.277714,485.30157,4.3717146,4.848388
51.97326,486.02002,4.3821125,4.891852
52.66961,486.73767,4.3925104,4.9350433
53.366737,487.45456,4.4029083,4.978235
54.064632,488.1707,4.413306,5.0214267
54.76328,488.8861,4.423704,5.064618
55.46265,489.60083,4.4330516,5.066674
56.162743,490.31482,4.442249,5.0628753
56.863537,491.02814,4.4514465,5.0590763
57.565018,491.74078,4.460644,5.0552773
58.267174,492.45273,4.4698415,5.0514784
58.96999,493.16406,4.4790382,5.04768
59.673454,493.87473,4.4882345,5.0438814
60.377552,494.58478,4.4974313,5.040083
61.082264,495.29422,4.506628,5.036284
61.78758,496.00308,4.5158243,5.0324855
62.493484,496.71133,4.524846,5.0286875
63.199963,497.419,4.5338416,5.024889
63.907005,498.12613,4.5428376,5.021091
64.614586,498.8327,4.551833,5.0172925
65.32271,499.53876,4.560829,5.0134945
66.03134,500.24426,4.569998,5.0098705
66.74048,500.94928,4.5791926,5.0062723
67.45011,501.6538,4.5883875,5.0026746
68.16022,502.35785,4.597582,4.9990764
68.87078,503.06143,4.6067767,4.9954786
69.5818,503.76456,4.6157975,4.991708
70.29325,504.46722,4.6247916,4.9879103
71.00512,505.1695,4.6337857,4.9841127
71.71739,505.87134,4.6427794,4.980315
72.43006,506.57278,4.6517735,4.9765177
73.14311,507.27383,4.660939,4.9727206
73.85652,507.97455,4.6701326,4.9689236
74.57028,508.67487,4.6793256,4.9651265
75.284386,509.37488,4.6885185,4.9613295
75.99881,510.07452,4.697712,4.957532
76.71355,510.77386,4.7069044,4.9537354
77.42857,511.4729,4.7160964,4.9499383
78.14389,512.17163,4.725289,4.9461417
78.85947,512.8701,4.7344813,4.9423447
79.57531,513.56836,4.743674,4.9385476
80.29139,514.2663,4.7526946,4.934751
81.0077,514.96405,4.761687,4.9309545
81.72422,515.66156,4.7706785,4.927158
82.44094,516.3588,4.7796707,4.9233613
83.15785,517.05597,4.788663,4.9195647
83.87494,517.75287,4.797825,4.9159384
84.592186,518.44965,4.8070164,4.9123416
85.30958,519.1463,4.816208,4.908745
86.02711,519.8428,4.8253994,4.905148
86.74475,520.5391,4.8345904,4.9015512
87.46251,521.23535,4.843782,4.8977857
88.18036,521.9315,4.8529735,4.893989
88.898285,522.62756,4.8621645,4.890193
89.61627,523.32355,4.871356,4.8863964
90.33432,524.01953,4.8805475,4.8826
91.05241,524.7154,4.8895707,4.8788037
91.770515,525.41125,4.898562,4.875007
92.48864,526.1071,4.9075537,4.8712106
93.206764,526.803,4.9165454,4.8674145
93.92487,527.4989,4.9255366,4.863618
94.64295,528.19476,4.9365363,4.866848
95.36099,528.89075,4.9479256,4.8714437
96.07898,529.58673,4.9593153,4.8760395
96.7969,530.28284,4.970705,4.8806353
97.51473,530.979,4.982095,4.885231
98.23247,531.67523,4.9951487,4.896483
98.95009,532.37164,5.0085373,4.9090724
99.667595,533.0681,5.0219254,4.9216614
100.38497,533.7648,5.035314,4.9342504
101.1022,534.46155,5.0487022,4.9468393
101.81928,535.15845,5.062257,4.9595947
102.53621,535.8556,5.075846,4.9723845
103.25299,536.5528,5.089435,4.985174
103.96963,537.2502,5.1030245,4.997964
104.68613,537.94775,5.1166134,5.0107536
105.40248,538.64545,5.1300383,5.0235443
106.118706,539.34326,5.1434283,5.0363345
106.8348,540.0412,5.1568184,5.049125
107.550766,540.73926,5.1702085,5.0619154
108.26661,541.4375,5.1835985,5.074706
108.982315,542.1358,5.1971526,5.0873327
109.69791,542.8343,5.2107434,5.099924
110.41338,543.5329,5.224334,5.112515
111.12874,544.23157,5.237924,5.1251063
111.84398,544.9304,5.251515,5.1376977
112.559105,545.62933,5.264942,5.1504526
113.27413,546.32837,5.2783337,5.163244
113.989044,547.0275,5.2917247,5.1760354
114.70386,547.7268,5.3051157,5.188827
115.41857,548.4262,5.3185067,5.2016187
116.13319,549.1257,5.3320613,5.2142477
116.84771,549.8252,5.3456526,5.22684
117.56213,550.52484,5.359244,5.239432
118.276474,551.2246,5.372835,5.252024
118.99072,551.92444,5.386427,5.264616
119.70489,552.6244,5.3998566,5.2773705
120.41897,553.3244,5.4132485,5.2901626
121.13297,554.0245,5.42664,5.3029547
121.8469,554.7246,5.440032,5.3157473
122.56076,555.42487,5.453424,5.3285394
123.27454,556.1252,5.466816,5.3413315
123.98825,556.82556,5.480208,5.354124
124.701904,557.526,5.4936004,5.3669167
125.41549,558.22656,5.5069923,5.3797092
126.12901,558.9271,5.5203843,5.3925014
126.842476,559.62775,5.5339375,5.4051332
127.55589,560.3284,5.5475297,5.417726
128.26926,561.0292,5.5611215,5.4303184
128.98256,561.73,5.5747137,5.442911
129.69582,562.43085,5.588306,5.455504
130.40904,563.1317,5.6017375,5.468257
131.12221,563.83264,5.61513,5.4810495
131.83536,564.5336,5.6285224,5.493842
132.54845,565.2346,5.6419144,5.5066347
133.26152,565.93567,5.655307,5.5194273
133.97455,566.6368,5.6688585,5.53206
134.68756,567.3378,5.682451,5.544653
135.40054,568.039,5.6960425,5.5572453
136.1135,568.7402,5.709635,5.569838
136.82643,569.44135,5.723227,5.582431
137.53935,570.1425,5.7366595,5.5951824
138.25226,570.8437,5.7500515,5.6079745
138.96515,571.5449,5.7634435,5.620767
139.67804,572.24615,5.7768354,5.633559
140.39091,572.9474,5.790228,5.646352
141.10379,573.6486,5.803778,5.659144
141.81665,574.3499,5.8173695,5.671936
142.52953,575.05115,5.830961,5.684728
143.2424,575.7524,5.844553,5.6975203
143.95528,576.4536,5.8581448,5.7103124
144.66817,577.15485,5.871578,5.7229466
145.38107,577.856,5.884969,5.7355385
146.09398,578.55725,5.8983607,5.7481303
146.80692,579.2584,5.911752,5.760722
147.51988,579.9596,5.9251437,5.773314
148.23286,580.6607,5.938692,5.786063
148.94586,581.3618,5.952283,5.7988544
149.65889,582.06287,5.9658737,5.811646
150.37195,582.7639,5.9794645,5.824437
151.08504,583.46497,5.9930553,5.837229
151.79814,584.16595,6.0064893,5.849863
152.51126,584.86694,6.01988,5.862454
153.22438,585.56793,6.0332704,5.8750453
153.93747,586.269,6.046661,5.887636
154.65051,586.97003,6.0600514,5.9002275
155.36351,587.67114,6.0735974,5.912974
156.07645,588.3723,6.0871873,5.9257646
156.78928,589.0736,6.1007776,5.9385552
157.50201,589.77496,6.1143675,5.951346
158.21465,590.4765,6.127958,5.9641366
158.92712,591.1781,6.1413927,5.9767723
159.63948,591.8799,6.154783,5.9893627
160.35165,592.58185,6.168173,6.0019536
161.06366,593.28394,6.181563,6.0145445
161.77547,593.98627,6.194953,6.027135
162.48706,594.6888,6.208343,6.0398803
163.19844,595.39154,6.2217336,6.0526705
163.90958,596.09454,6.2351236,6.065461
164.62045,596.79785,6.2485137,6.078252
165.33105,597.50134,6.261904,6.0910425
166.04138,598.2052,6.2712994,6.1027575
166.7514,598.9093,6.2794933,6.1141496
167.4611,599.6138,6.2876873,6.125541
168.17047,600.31854,6.2958817,6.136933
168.87949,601.0237,6.3040757,6.148325
169.58813,601.7292,6.3113523,6.1597166
170.2964,602.4351,6.3183475,6.1711087
171.00427,603.14136,6.3253427,6.182501
171.71175,603.8481,6.3323374,6.1938925
172.41878,604.5552,6.3393326,6.2052846
173.12537,605.26276,6.34648,6.2165246
173.8315,605.9708,6.353675,6.227717
174.53714,606.6793,6.3608704,6.2389092
175.24231,607.3883,6.3680654,6.2501016
175.94696,608.0978,6.3752604,6.261294
176.6511,608.8078,6.3823037,6.272486
177.35468,609.5184,6.3892994,6.283679
178.05772,610.2295,6.3962946,6.2948713
178.76018,610.94116,6.40329,6.3060637
179.46205,611.6534,6.410285,6.3172565
180.16333,612.3662,6.4172807,6.328449
180.86398,613.0797,6.424276,6.3396416
181.564,613.79376,6.431271,6.350834
182.26335,614.5085,6.4382668,6.3620267
182.96205,615.2238,6.445262,6.373219
183.66005,615.9399,6.452257,6.384412
184.35736,616.6566,6.459253,6.395604
185.05394,617.374,6.466248,6.4067965
185.7498,618.09216,6.473243,6.4179893
186.4449,618.81104,6.4802384,6.4291816
187.13924,619.53064,6.487383,6.440374
187.83278,620.251,6.494578,6.4515657
188.52553,620.9721,6.501773,6.4627576
189.21745,621.69403,6.508968,6.47395
189.90855,622.41675,6.516163,6.4851418
190.5988,623.14026,6.526482,6.491125
191.28818,623.8646,6.5378733,6.4953218
191.97665,624.5898,6.5492644,6.4995184
192.66425,625.31586,6.5606556,6.503715
193.3509,626.0428,6.5720468,6.507912
194.03664,626.77057,6.584325,6.510628
194.7214,627.4993,6.596914,6.5128264
195.40521,628.22894,6.6095023,6.515024
196.08803,628.9595,6.6220913,6.5172224
196.76985,629.6909,6.6346803,6.51942
197.45067,630.42334,6.647414,6.521765
198.13045,631.1567,6.6602006,6.524163
198.80916,631.89105,6.6729875,6.5265603
199.48679,632.6264,6.685774,6.5289574
200.16327,633.3628,6.69856,6.531355
200.83862,634.1003,6.711199,6.533606
201.51288,634.8387,6.7237825,6.5358033
202.18616,635.57806,6.7363667,6.5380006
202.85854,636.3182,6.748951,6.540198
203.53015,637.059,6.761535,6.542395
204.20107,637.80054,6.774119,6.544737
204.87144,638.5425,6.786702,6.547134
205.54138,639.28485,6.799286,6.5495305
206.21104,640.02747,6.8118696,6.5519276
206.88054,640.77026,6.8244534,6.5543246
207.55002,641.513,6.8344564,6.558874
208.21959,642.25574,6.843447,6.5642686
208.88939,642.9982,6.852438,6.5696626
209.55956,643.74036,6.8614287,6.575057
210.23018,644.4821,6.8704195,6.5804515
210.9014,645.2233,6.8548994,6.6060867
211.57335,645.96387,6.8295116,6.6398706
212.24615,646.7037,6.8041234,6.6736546
212.91997,647.4425,6.7787356,6.7074385
213.5949,648.18036,6.753348,6.7412224
214.27107,648.91705,6.7279453,6.775026
214.94861,649.65247,6.7025366,6.808837
215.62762,650.38654,6.6771283,6.842648
216.30821,651.11914,6.65172,6.876459
216.99048,651.8502,6.626312,6.91027
217.67451,652.5796,6.600886,6.944104
218.36049,653.3072,6.5754538,6.977947
219.04863,654.0327,6.550021,7.0117903
219.73912,654.756,6.524589,7.0456333
220.43214,655.47687,6.499157,7.079476
221.12791,656.19507,6.473709,7.1133404
221.82634,656.9107,6.4482546,7.1472125
222.52725,657.6239,6.4227996,7.1810856
223.23047,658.3348,6.397344,7.214959
223.9358,659.04364,6.3718877,7.2488346
224.64322,659.75037,6.3464036,7.2827463
225.3539,660.45386,6.320909,7.3166723
226.0697,661.1521,6.295416,7.3505964
226.79245,661.84314,6.2699275,7.384514
227.5239,662.52496,6.24445,7.418417
228.26582,663.1954,6.420886,7.426698
229.02109,663.8507,6.665767,7.4262943
229.79288,664.4865,6.910733,7.42589
230.58412,665.09784,7.1558185,7.4254856
231.39734,665.6796,7.400927,7.425081
232.23428,666.2267,7.5572333,7.517259
233.09456,666.7363,7.691233,7.6325474
233.97691,667.20667,7.825181,7.747791
234.87997,667.63586,7.959107,7.8630157
235.80229,668.022,8.093022,7.9782305
236.7422,668.36304,8.126076,8.169611
237.69765,668.6578,8.138237,8.376762
238.66638,668.9053,8.1504,8.58393
239.64618,669.1046,8.162565,8.791136
240.63472,669.2547,8.174733,8.998385
241.62956,669.35474,8.157098,9.007963
242.62816,669.4052,8.132642,8.9722805
243.62804,669.4075,8.10819,8.936605
244.6269,669.3626,8.083741,8.900934
245.62267,669.2719,8.05929,8.865258
246.61334,669.1365,8.033089,8.818143
247.59714,668.9578,8.006512,8.768586
248.57243,668.7374,7.9799347,8.719028
249.53781,668.4769,7.953359,8.669475
250.49194,668.1779,7.926784,8.619921
251.43364,667.84174,7.848613,8.559564
252.36166,667.4695,7.759105,8.496828
253.27477,667.06195,7.669593,8.43409
254.17174,666.62006,7.580079,8.37135
255.0514,666.14465,7.4905653,8.308611
255.91261,665.6366,7.3984003,8.244675
256.75433,665.09686,7.3056326,8.180467
257.57565,664.52655,7.2128625,8.116257
258.3756,663.92664,7.1200843,8.052041
259.15332,663.29816,7.027289,7.9878135
259.908,662.6422,6.9804068,7.94926
260.6397,661.9607,6.939883,7.914263
261.34897,661.25586,6.899365,7.87927
262.03635,660.52966,6.858851,7.8442802
262.70258,659.784,6.8183327,7.8092875
263.34845,659.0206,6.799506,7.7864857
263.97488,658.2413,6.780856,7.763781
264.58286,657.4473,6.7622056,7.741076
265.1734,656.64044,6.743555,7.7183714
265.74768,655.82184,6.72492,7.6956964
266.30685,654.99286,6.706552,7.673536
266.85223,654.1547,6.6881833,7.6513734
267.38507,653.30853,6.6698155,7.629212
267.90677,652.45544,6.6514482,7.607052
268.4187,651.5965,6.6331506,7.5848737
268.92197,650.7324,6.6161623,7.562355
269.41672,649.8634,6.5991735,7.5398345
269.90286,648.98956,6.582184,7.5173135
270.38025,648.11096,6.5651937,7.494792
270.84882,647.22754,6.548204,7.4722705
271.30838,646.3395,6.5678596,7.440653
271.7586,645.4466,6.5879602,7.4089255
272.19913,644.5489,6.608061,7.3771977
272.6295,643.6463,6.6281614,7.3454704
273.04932,642.7387,6.648262,7.3137436
273.45816,641.8262,6.668447,7.281702
273.8556,640.90857,6.6886396,7.249631
274.2411,639.9859,6.7088327,7.2175603
274.61423,639.05817,6.7290254,7.185489
274.9745,638.12537,6.749218,7.1534185
275.32138,637.1875,6.7695847,7.121244
275.65448,636.2447,6.7899785,7.0890536
275.97342,635.29694,6.810373,7.056863
276.27774,634.3444,6.8307676,7.024671
276.56705,633.38727,6.851163,6.9924784
276.841,632.42554,6.8470445,6.9902606
277.09982,631.45966,6.838965,6.9928865
277.34387,630.49,6.830886,6.995512
277.57355,629.5167,6.822807,6.998138
277.7893,628.54034,6.814728,7.0007634
277.99152,627.56104,6.798872,7.012992
278.18057,626.5791,6.782246,7.0261707
278.3569,625.59485,6.76562,7.03935
278.5209,624.6084,6.748994,7.0525293
278.673,623.6201,6.732368,7.0657086
278.8136,622.63007,6.7276435,7.073723
278.94318,621.63855,6.7231884,7.08162
279.0622,620.6457,6.718734,7.0895176
279.17114,619.6517,6.7142787,7.0974154
279.27048,618.6567,6.7105827,7.104968
279.3607,617.66077,6.725301,7.1041617
279.44226,616.6642,6.7400184,7.103355
279.51566,615.66693,6.7547364,7.1025486
279.5814,614.6691,6.7694545,7.1017423
279.63992,613.67084,6.7828245,7.100026
279.6917,612.67224,6.7806196,7.0878
279.73727,611.67334,6.778415,7.075574
279.77707,610.67413,6.7762103,7.063348
279.81155,609.6748,6.7740054,7.0511217
279.8412,608.67523,6.7709746,7.038345
279.8665,607.6756,6.759621,7.0200205
279.88788,606.6759,6.748268,7.001696
279.90582,605.6761,6.736915,6.9833713
279.92078,604.6762,6.7255616,6.965047
279.93317,603.67633,6.714199,6.9467297
279.94348,602.67645,6.702714,6.928512
279.95215,601.6765,6.691229,6.910294
279.95963,600.6766,6.679744,6.8920765
279.9663,599.67664,6.6682587,6.8738585
279.9727,598.6767,6.656899,6.8554826
279.97922,597.67676,6.651772,6.8292575
279.98636,596.6768,6.6466455,6.8030324
279.99466,595.6769,6.6415186,6.776808
280.00467,594.677,6.636392,6.7505827
280.01688,593.67706,6.631265,6.7243576
280.0318,592.67725,6.6440907,6.674377
280.04996,591.6774,6.657896,6.6231
280.07193,590.67773,6.671702,6.571822
280.09818,589.6781,6.6855073,6.5205445
280.1293,588.67865,6.6993127,6.469268
280.16577,587.6793,6.7131753,6.4177766
280.2082,586.68024,6.7270465,6.3662558
280.25708,585.6815,6.7409177,6.314735
280.31302,584.6831,6.7547884,6.263214
280.37656,583.6852,6.768659,6.211694
280.44827,582.6878,6.782625,6.1598215
280.52878,581.69104,6.79661,6.1078777
280.61862,580.6951,6.8105946,6.055934
280.71844,579.7002,6.8245797,6.00399
280.82886,578.70636,6.838564,5.9520473
280.95044,577.7138,6.8378344,5.9458327
281.0838,576.7228,6.8340006,5.9492626
281.22964,575.7335,6.830167,5.9526925
281.38855,574.7463,6.8263335,5.956123
281.56116,573.76135,6.8224998,5.959553
281.74814,572.779,6.8170424,5.96726
281.95004,571.7996,6.811341,5.975608
282.16754,570.8236,6.8056397,5.983956
282.40118,569.8514,6.7999387,5.992304
282.65158,568.8833,6.794238,6.0006514
282.91928,567.9198,6.767726,6.026882
283.20493,566.96155,6.7403083,6.0538907
283.50906,566.009,6.712889,6.0809
283.83228,565.0627,6.685469,6.1079106
284.17514,564.12335,6.657211,6.135615
284.53793,563.1916,6.618024,6.172353
284.92026,562.2676,6.5788383,6.209089
285.32156,561.3517,6.539655,6.2458234
285.74127,560.4441,6.5004725,6.282557
286.17886,559.545,6.465817,6.3159456
286.6338,558.6545,6.4530697,6.333144
287.10532,557.7727,6.440322,6.350343
287.59283,556.89966,6.4275746,6.3675423
288.09567,556.03534,6.414827,6.3847413
288.61316,555.1797,6.4111004,6.3953395
289.1447,554.33276,6.437726,6.3837285
289.68976,553.4944,6.4643517,6.372117
290.24774,552.6646,6.490978,6.360506
290.81815,551.84326,6.5176034,6.3488946
291.40045,551.03033,6.544121,6.337357
291.99414,550.2257,6.5702834,6.3260593
292.59875,549.42926,6.5964465,6.3147616
293.21384,548.64087,6.622609,6.3034644
293.83896,547.86035,6.6487722,6.2921667
294.47363,547.08765,6.6729693,6.28081
295.11752,546.3226,6.6887126,6.2692
295.77017,545.565,6.7044554,6.2575893
296.43127,544.81476,6.7201986,6.245979
297.10043,544.0717,6.7359414,6.2343683
297.7773,543.33563,6.749496,6.2226977
298.46158,542.6065,6.744786,6.21053
299.15292,541.88403,6.7400756,6.1983614
299.85107,541.1681,6.7353654,6.1861935
300.5557,540.4586,6.7306547,6.174025
301.26654,539.7553,6.7259445,6.161856
301.9833,539.05804,6.7212195,6.14965
302.70578,538.3667,6.7164946,6.1374435
303.43372,537.6811,6.711769,6.1252375
304.16687,537.0011,6.707044,6.113031
304.90506,536.32654,6.702319,6.100825
305.648,535.6573,6.6975584,6.0885262
306.3957,534.9933,6.6927953,6.0762215
307.14792,534.3345,6.688032,6.063916
307.90466,533.6808,6.683269,6.0516114
308.66577,533.0322,6.6785054,6.039306
309.4312,532.3888,6.6717477,6.0472894
310.20087,531.75037,6.6647525,6.0576816
310.9746,531.11694,6.6577578,6.068074
311.75232,530.4884,6.650763,6.0784664
312.53394,529.8647,6.643768,6.088859
313.31934,529.2458,6.6351347,6.115026
314.10843,528.63153,6.6262994,6.143139
314.9011,528.0219,6.6174636,6.171252
315.6972,527.4169,6.6086283,6.1993647
316.49673,526.8163,6.599793,6.227477
317.2995,526.2201,6.5909348,6.255662
318.10547,525.6282,6.5820746,6.2838535
318.9145,525.04047,6.5732145,6.312045
319.72647,524.45685,6.5643544,6.3402367
320.54135,523.87726,6.555494,6.368428
321.35898,523.3016,6.5466247,6.3966494
322.17926,522.72974,6.5377545,6.424872
323.00214,522.16156,6.5288844,6.453095
323.8275,521.59705,6.5200143,6.481318
324.65524,521.03595,6.511144,6.5095406
325.48526,520.47833,6.5163527,6.5004845
326.31747,519.92395,6.521794,6.4908113
327.1518,519.37274,6.527235,6.481138
327.98813,518.8246,6.5326757,6.471465
328.8264,518.27936,6.53813,6.4617577
329.66647,517.737,6.544166,6.45049
330.5083,517.1973,6.5502024,6.439223
331.3518,516.6602,6.556238,6.427955
332.19684,516.1256,6.5622745,6.4166875
333.04337,515.5933,6.56831,6.4054112
333.8913,515.0633,6.574331,6.3939714
334.74057,514.5354,6.580352,6.382531
335.59113,514.0096,6.5863733,6.371091
336.4429,513.4858,6.5923944,6.359651
337.2959,512.9639,6.5984006,6.3482265
338.15005,512.444,6.6042066,6.3370147
339.0053,511.92584,6.610013,6.325803
339.86163,511.40945,6.615819,6.314591
340.719,510.8948,6.6216254,6.303379
341.57733,510.3818,6.627445,6.2921686
342.4366,509.8704,6.6334395,6.280979
343.2968,509.3605,6.639434,6.26979
344.1579,508.85208,6.645428,6.2586007
345.01978,508.34506,6.6514225,6.2474117
345.88248,507.83942,6.657416,6.2362094
346.7459,507.33505,6.663401,6.2248383
347.61008,506.8319,6.669386,6.2134666
348.4749,506.32993,6.675371,6.202095
349.3404,505.82907,6.681356,6.1907234
350.20648,505.32925,6.6869774,6.1799316
351.07315,504.83044,6.6865788,6.178736
351.94034,504.33255,6.68618,6.1775403
352.80804,503.8355,6.6857815,6.1763444
353.6762,503.3393,6.685383,6.175149
354.5448,502.84384,6.6849375,6.1740236
355.41376,502.34906,6.683344,6.174621
356.2831,501.85492,6.6817503,6.1752186
357.15277,501.36136,6.6801567,6.175816
358.02274,500.86832,6.678563,6.176414
358.89294,500.37573,6.6769733,6.1770115
359.7634,499.88354,6.675579,6.177609
360.63403,499.3917,6.6741843,6.1782064
361.50482,498.9001,6.67279,6.1788044
362.37573,498.40872,6.671396,6.179402
363.2467,497.91745,6.670001,6.1799994
364.1177,497.42627,6.6684065,6.1805973
364.98874,496.93515,6.666812,6.1811953
365.85983,496.44406,6.6652174,6.1817937
366.73093,495.95303,6.663623,6.1823916
367.60205,495.46204,6.6620283,6.1829896
368.47318,494.9711,6.6604323,6.183588
369.34436,494.4802,6.6588364,6.1841865
370.21558,493.98938,6.6572404,6.184785
371.08685,493.49866,6.655645,6.1853833
371.9582,493.00803,6.654049,6.1859818
372.82962,492.51758,6.652452,6.1865807
373.70114,492.02728,6.650855,6.1871796
374.57275,491.53717,6.649258,6.1877785
375.44446,491.04724,6.6476607,6.1883774
376.3163,490.55756,6.646064,6.188976
377.18826,490.06805,6.6446576,6.189575
378.0604,489.57883,6.6432595,6.1901746
378.93265,489.08984,6.641861,6.190774
379.80505,488.60114,6.640463,6.191373
380.67764,488.11276,6.639065,6.1919723
381.55038,487.62466,6.637475,6.1925716
382.42334,487.13693,6.635876,6.1931715
383.29648,486.64954,6.6342773,6.193771
384.1698,486.1625,6.6326785,6.1943707
385.04337,485.67587,6.6310797,6.19497
385.91718,485.18964,6.62948,6.19557
386.7912,484.70383,6.62788,6.19617
387.66544,484.21844,6.626281,6.1967697
388.53998,483.73355,6.624681,6.1973696
389.41476,483.2491,6.623081,6.1979694
390.28983,482.76517,6.621481,6.19857
391.16516,482.28174,6.6198807,6.1991696
392.0408,481.79883,6.6182804,6.19977
392.91672,481.3165,6.61668,6.20037
393.79297,480.83472,6.61508,6.20097
394.66953,480.35352,6.613479,6.20157
395.54645,479.8729,6.6118784,6.2021704
396.42368,479.3929,6.6102777,6.2027707
397.30127,478.91357,6.608677,6.203371
398.1792,478.43488,6.607076,6.2039714
399.05753,477.95688,6.605666,6.2045717
399.9362,477.47955,6.604265,6.205172
400.81528,477.00293,6.6028643,6.2057724
401.69473,476.52707,6.6014633,6.2063727
402.57462,476.0519,6.6000624,6.2069736
403.4549,475.57755,6.5984697,6.207574
404.33557,475.10394,6.5968685,6.208174
405.2167,474.63116,6.5952673,6.2087746
406.0983,474.15918,6.593666,6.2093754
406.9803,473.68805,6.592065,6.2099757
407.86276,473.21774,6.5904636,6.210576
408.7457,472.74835,6.5888624,6.2111764
409.62912,472.27982,6.587261,6.211777
410.513,471.81223,6.58566,6.2123775
411.3974,471.34552,6.584059,6.212978
412.2823,470.8798,6.5824575,6.213964
413.16766,470.415,6.580857,6.2149644
414.05356,469.95123,6.5792556,6.2159653
414.94,469.48843,6.5776544,6.2169657
415.82693,469.02667,6.5760536,6.2179666
416.71445,468.56592,6.5719385,6.2245755
417.60248,468.10626,6.567737,6.231378
418.4911,467.64764,6.563535,6.238181
419.38025,467.19012,6.5593333,6.2449837
420.26996,466.7337,6.555132,6.2517867
421.16028,466.27844,6.5509315,6.258781
422.05115,465.82428,6.5467315,6.265781
422.94266,465.3713,6.542531,6.2727814
423.83475,464.91953,6.538331,6.279782
424.72745,464.46896,6.5341306,6.2867823
425.62076,464.01965,6.530126,6.2935853
426.5147,463.57156,6.5261283,6.300382
427.40927,463.12473,6.52213,6.307179
428.30447,462.6791,6.5181317,6.3139763
429.20026,462.2347,6.5141335,6.320773
430.09665,461.7915,6.5099444,6.3277593
430.9936,461.34946,6.5057487,6.334752
431.89105,460.90848,6.501553,6.341745
432.789,460.46844,6.4973574,6.3487377
433.68738,460.02933,6.4931617,6.3557305
434.58615,459.591,6.4891596,6.3625283
435.4853,459.1534,6.4851656,6.3693185
436.38474,458.71646,6.4811716,6.376108
437.28445,458.2801,6.4771776,6.3828983
438.18445,457.84424,6.473183,6.3896885
439.08466,457.40884,6.469,6.396667
439.98502,456.97382,6.4648075,6.4036546
440.88553,456.53906,6.4606147,6.410642
441.78613,456.1045,6.4564223,6.4176297
442.6868,455.6701,6.4522295,6.4246173
443.58752,455.23575,6.448226,6.4314156
444.48822,454.8014,6.4442334,6.438203
445.38885,454.36694,6.4402413,6.44499
446.28943,453.93234,6.436249,6.451777
447.1899,453.49747,6.432256,6.4585643
448.0902,453.06232,6.4280767,6.4655385
448.99033,452.62677,6.4238844,6.472526
449.89023,452.19073,6.419692,6.479513
450.78986,451.75418,6.4154997,6.4865003
451.6892,451.31702,6.4113073,6.4934874
452.5882,450.87915,6.4071145,6.5002913
453.48682,450.44052,6.402921,6.50708
454.38504,450.00107,6.398728,6.5138693
455.28284,449.5607,6.3945346,6.5206585
456.1801,449.11932,6.3903413,6.527447
457.07684,448.67688,6.38633,6.5344224
457.97305,448.2333,6.382335,6.5414133
458.86865,447.7885,6.3783402,6.5484047
459.7636,447.34244,6.3743453,6.555396
460.6579,446.89505,6.3703504,6.562387
461.5515,446.4463,6.3661714,6.569199
462.44446,445.99622,6.3619747,6.575993
463.3368,445.54492,6.357778,6.5827875
464.22858,445.09253,6.353582,6.589582
465.1198,444.6391,6.3493853,6.5963764
466.01062,444.18475,6.345369,6.6033545
466.90097,443.72958,6.341371,6.6103506
467.79095,443.27368,6.337373,6.6173472
468.6806,442.81714,6.333375,6.624344
469.56998,442.36002,6.3293767,6.6313405
470.4591,441.9024,6.3251967,6.6383386
471.34802,441.44446,6.3209977,6.6453366
472.2368,440.98618,6.316799,6.652335
473.12546,440.52774,6.3126,6.659333
474.0141,440.06918,6.308401,6.666332
474.9027,439.6106,6.322833,6.6530714
475.79135,439.1521,6.3392324,6.6376724
476.68008,438.69376,6.3556314,6.622273
477.56897,438.2357,6.3720303,6.606874
478.458,437.77795,6.3884296,6.5914745
479.3473,437.32065,6.4062777,6.5744457
480.23685,436.8639,6.4242787,6.5572443
481.1267,436.40775,6.4422803,6.5400434
482.01694,435.95233,6.460282,6.522842
482.90756,435.4977,6.478283,6.5056405
483.79868,435.04398,6.4962854,6.4884386
484.69028,434.59125,6.5142875,6.471236
485.58243,434.1396,6.53229,6.454034
486.47516,433.6891,6.550292,6.436832
487.36853,433.23987,6.5682945,6.4196296
488.2626,432.79196,6.5862956,6.4024286
489.15738,432.34555,6.6042967,6.3852277
490.05292,431.90067,6.622298,6.3680267
490.94928,431.4574,6.640299,6.350826
491.8465,431.0159,6.6583,6.333625
492.7446,430.57623,6.6762977,6.316608
493.64362,430.13843,6.694295,6.2996106
494.54358,429.70248,6.712292,6.2826133
495.44443,429.2685,6.7302895,6.2656155
496.34625,428.83643,6.7482867,6.248618
497.249,428.4063,6.766281,6.2314425
498.15265,427.9782,6.784275,6.214248
499.05728,427.55206,6.8022695,6.197054
499.96286,427.12796,6.8202634,6.1798596
500.86935,426.70587,6.8382573,6.162665
501.77682,426.28583,6.8372917,6.1615415
502.68524,425.86786,6.834293,6.1621413
503.5946,425.45193,6.831294,6.162741
504.50494,425.03815,6.828295,6.163341
505.41623,424.62646,6.825297,6.1639404
506.32846,424.2169,6.821217,6.165261
507.24167,423.8095,6.817019,6.1666603
508.15585,423.40427,6.812821,6.16806
509.07098,423.00125,6.808623,6.169459
509.9871,422.60043,6.8044243,6.1708584
510.90417,422.2018,6.800406,6.172258
511.82224,421.80545,6.7964077,6.1736574
512.7413,421.41138,6.792409,6.175057
513.66125,421.01956,6.7884107,6.1764565
514.5823,420.63007,6.7844124,6.1778555
515.5042,420.2429,6.7804136,6.179435
516.4272,419.85803,6.776415,6.181034
517.3511,419.47556,6.772416,6.1826334
518.276,419.09546,6.7684174,6.184233
519.2019,418.71774,6.7644186,6.1858325
520.1287,418.34244,6.7604194,6.187253
521.0566,417.96954,6.7564206,6.188653
521.9854,417.59915,6.7524214,6.1900525
522.9152,417.2312,6.748422,6.191452
523.846,416.8658,6.744423,6.192852
524.77783,416.50293,6.740245,6.1942515
525.7106,416.14255,6.7360454,6.1956515
526.64435,415.7847,6.731846,6.1970515
527.579,415.42926,6.7276464,6.1984515
528.5146,415.0763,6.723447,6.199851
529.45105,414.7257,6.7194257,6.201251
530.3884,414.37747,6.7154264,6.202651
531.32666,414.03152,6.7114267,6.2040505
532.2657,413.68787,6.707427,6.2054505
533.20557,413.34637,6.7034273,6.2068505
534.1462,413.00702,6.700321,6.210929
535.0875,412.66977,6.697322,6.2153277
536.02966,412.33453,6.6943226,6.219727
536.9725,412.00134,6.6913233,6.2241263
537.91595,411.67007,6.688324,6.228525
538.8601,411.34073,6.685503,6.23328
539.80493,411.0132,6.6827044,6.2380786
540.75037,410.6875,6.6799054,6.2428765
541.6964,410.36356,6.6771064,6.247675
542.643,410.04132,6.6743073,6.252473
543.5902,409.7207,6.671687,6.2572703
544.5379,409.40173,6.6690884,6.2620673
545.48615,409.0843,6.66649,6.266865
546.4349,408.76834,6.6638913,6.271662
547.3841,408.45386,6.661293,6.276459
548.3338,408.14078,6.6585174,6.2812557
549.28394,407.82907,6.6557198,6.286052
550.2345,407.51865,6.6529217,6.2908483
551.1855,407.20947,6.650124,6.2956448
552.13684,406.90152,6.647326,6.3004413
553.08856,406.59473,6.6445284,6.305237
554.04065,406.28903,6.6417313,6.3100324
554.9931,405.98438,6.6389337,6.314828
555.9458,405.68073,6.636136,6.3196235
556.89886,405.37802,6.633339,6.3244195
557.8522,405.0762,6.6307173,6.3292146
558.8058,404.77527,6.62812,6.3340096
559.7597,404.47522,6.625522,6.3388047
560.71387,404.1761,6.622925,6.3436003
561.66833,403.87787,6.6203275,6.3483953
562.62305,403.58054,6.6175556,6.3531904
563.57806,403.28415,6.6147585,6.3579855
564.5334,402.9887,6.6119614,6.36278
565.489,402.6942,6.609164,6.367575
566.44495,402.40067,6.606367,6.3723702
567.4011,402.10812,6.6035705,6.3771653
568.35767,401.81656,6.6007733,6.3819604
569.31445,401.52597,6.597976,6.3867555
570.2716,401.23642,6.595179,6.39155
571.229,400.94788,6.592382,6.396345
572.18677,400.66037,6.5897574,6.40114
573.14484,400.37393,6.58716,6.405936
574.1032,400.08853,6.5845623,6.410731
575.0619,399.8042,6.581965,6.415526
576.0209,399.52094,6.5793676,6.420321
576.9802,399.2388,6.5848317,6.420314
577.9399,398.95773,6.591625,6.4195147
578.89984,398.6778,6.5984187,6.4187155
579.86017,398.399,6.605212,6.4179163
580.8208,398.1213,6.6120057,6.417117
581.78174,397.84482,6.623576,6.4139295
582.74304,397.56946,6.6359653,6.4103327
583.7047,397.29526,6.648355,6.406736
584.6667,397.02228,6.660744,6.4031386
585.62897,396.7505,6.6731334,6.399542
586.5917,396.4799,6.685354,6.395775
587.5546,396.21054,6.697545,6.391978
588.518,395.9424,6.709736,6.3881807
589.4817,395.67554,6.7219267,6.3843837
590.44574,395.4099,6.7341175,6.3805866
591.4101,395.14557,6.7463093,6.376789
592.3749,394.8825,6.7585015,6.372991
593.33997,394.62073,6.770694,6.3691936
594.30536,394.36026,6.782886,6.365396
595.2712,394.1011,6.7950788,6.3615985
596.23737,393.8433,6.8044095,6.358979
597.20386,393.58682,6.813205,6.3565803
598.1707,393.3317,6.8220005,6.354182
599.13794,393.07794,6.8307962,6.351783
600.1055,392.82556,6.8395915,6.3493843
601.0735,392.5746,6.8401604,6.349672
602.0418,392.325,6.839161,6.3504715
603.0105,392.07684,6.838161,6.351271
603.97955,391.8301,6.8371615,6.352071
604.949,391.58484,6.836162,6.3528705
605.9187,391.34097,6.835162,6.353838
606.88885,391.0986,6.834162,6.3548374
607.8594,390.8577,6.833163,6.3558373
608.83026,390.6183,6.832163,6.3568373
609.8015,390.38037,6.8311634,6.3578367
610.77313,390.14398,6.8301635,6.3588367
611.7451,389.90912,6.8291636,6.3598366
612.71747,389.67578,6.8281636,6.3608365
613.6902,389.444,6.8271637,6.3618364
614.6633,389.21378,6.826164,6.362836
615.6368,388.98514,6.825164,6.3638363
616.6106,388.7581,6.824164,6.364836
617.58484,388.53262,6.823164,6.365836
618.55945,388.30878,6.822164,6.366836
619.53436,388.08658,6.821164,6.367836
620.5097,387.86597,6.820164,6.3686686
621.4854,387.64703,6.8191643,6.3694687
622.4615,387.42975,6.818164,6.370269
623.4379,387.21417,6.817164,6.371069
624.41473,387.00027,6.816164,6.3718686
625.39197,386.7881,6.815164,6.372836
626.3695,386.5776,6.8141637,6.373836
627.3474,386.36884,6.8131638,6.3748364
628.3257,386.16174,6.812164,6.3758364
629.3044,385.95636,6.8111634,6.3768363
630.2833,385.7527,6.8101635,6.377836
631.2627,385.55063,6.8091636,6.3788366
632.2424,385.35022,6.8081636,6.3798366
633.22235,385.15143,6.8071632,6.3808365
634.2027,384.9542,6.8061633,6.3818364
635.1833,384.7585,6.7999763,6.383673
636.16425,384.56436,6.7927766,6.385673
637.1455,384.3717,6.785577,6.387673
638.127,384.18054,6.778377,6.389673
639.10876,383.9908,6.7711773,6.391673
640.0909,383.8025,6.759796,6.3945093
641.0732,383.6156,6.747598,6.3975086
642.0558,383.43008,6.7353997,6.4005084
643.0387,383.2459,6.7232018,6.4035077
644.0218,383.06305,6.711004,6.4065075
645.0051,382.8815,6.698974,6.4095063
645.9887,382.70123,6.686978,6.4125056
646.9725,382.52222,6.6749816,6.4155045
647.95654,382.34445,6.6629853,6.4185038
648.9408,382.16785,6.650989,6.4215026
649.92523,381.99243,6.6388273,6.4246683
650.9099,381.81818,6.626633,6.4278665
651.8948,381.64505,6.614439,6.431065
652.8798,381.473,6.602245,6.4342637
653.86505,381.30203,6.590051,6.437462
654.85046,381.13214,6.578025,6.4404936
655.83606,380.96326,6.566033,6.443492
656.82184,380.79538,6.554041,6.44649
657.8078,380.62848,6.542049,6.4494877
658.7939,380.4625,6.5300565,6.452486
659.78015,380.2975,6.5180664,6.4554834
660.76654,380.13333,6.5060763,6.458481
661.75305,379.9701,6.4940863,6.461478
662.73975,379.80768,6.4820967,6.4644756
663.72656,379.6461,6.4701066,6.4674735
664.7135,379.4853,6.4579535,6.4704704
665.7006,379.3253,6.445766,6.4734674
666.6878,379.16602,6.433578,6.4764643
667.6751,379.00748,6.4213905,6.479461
668.66254,378.84964,6.4092026,6.4824586
669.6501,378.69244,6.39718,6.485455
670.6377,378.53592,6.385194,6.4884515
671.6254,378.38004,6.3732076,6.491448
672.6133,378.22473,6.3612213,6.494445
673.6012,378.06998,6.3492355,6.4974413
674.5892,377.9158,6.3500876,6.49475
675.5773,377.76212,6.353883,6.490755
676.5654,377.60895,6.357678,6.48676
677.55365,377.45624,6.361473,6.482765
678.542,377.304,6.365268,6.4787703
679.53033,377.15216,6.3709974,6.47397
680.5188,377.00073,6.377189,6.4689765
681.50726,376.84964,6.3833804,6.4639835
682.4958,376.6989,6.389572,6.45899
683.4844,376.54852,6.395764,6.453997
684.473,376.3984,6.402115,6.449004
685.4617,376.24857,6.408506,6.444011
686.4504,376.09894,6.414897,6.4390182
687.43915,375.94955,6.421288,6.4340253
688.4279,375.80038,6.4276786,6.4290323
689.4167,375.65137,6.4339113,6.4240394
690.4055,375.50247,6.4401026,6.4190464
691.39435,375.35373,6.4462934,6.4140534
692.38324,375.20505,6.4524846,6.409061
693.3721,375.05643,6.458676,6.404068
694.36096,374.90787,6.464867,6.399075
695.3498,374.7593,6.4710584,6.394082
696.3387,374.61075,6.4772496,6.389089
697.3275,374.46216,6.483441,6.384096
698.3164,374.31354,6.489632,6.379103
699.30524,374.16486,6.4959793,6.3741097
700.29407,374.01614,6.502371,6.3691163
701.2829,373.86746,6.5087624,6.364123
702.2718,373.71884,6.515154,6.35913
703.2607,373.57034,6.5215454,6.3541365
704.2496,373.42203,6.5277834,6.3491426
705.23846,373.27393,6.5339756,6.3441486
706.2275,373.1261,6.5401683,6.3391547
707.2165,372.97858,6.546361,6.334161
708.20557,372.8314,6.552553,6.3291664
709.1947,372.6846,6.5589,6.324172
710.1839,372.53827,6.5652933,6.319177
711.17316,372.39243,6.571687,6.314182
712.1625,372.2471,6.5780807,6.309187
713.1519,372.1024,6.584474,6.304192
714.1415,371.95828,6.5905643,6.2993484
715.1311,371.81485,6.5965595,6.2945523
716.1208,371.67215,6.6025553,6.289756
717.11066,371.5302,6.6085505,6.28496
718.1006,371.38907,6.614546,6.2801633
719.0907,371.2488,6.6146374,6.2793026
720.0809,371.10944,6.6128383,6.2797027
721.0712,370.97104,6.611039,6.2801023
722.0617,370.83362,6.60924,6.2805023
723.0523,370.69724,6.607441,6.280902
724.0431,370.56195,6.605792,6.281302
725.034,370.4278,6.6041927,6.281702
726.0251,370.29483,6.602593,6.2821016
727.01636,370.16312,6.600993,6.2825017
728.00775,370.03265,6.5993934,6.282902
728.9993,369.9035,6.5976424,6.283302
729.9911,369.77573,6.5958424,6.283702
730.98303,369.64938,6.5940423,6.284102
731.9752,369.5245,6.592242,6.284502
732.9675,369.40112,6.5904417,6.2849016
733.96,369.27927,6.588792,6.285302
734.95276,369.15906,6.5871916,6.285702
735.9456,369.04047,6.585591,6.2861023
736.9388,368.9236,6.58399,6.2865024
737.93207,368.80847,6.5823894,6.2869024
738.9256,368.69513,6.580637,6.287303
739.9193,368.58362,6.5788355,6.287703
740.91327,368.47397,6.5770345,6.2881036
741.9074,368.36627,6.5752335,6.2885036
742.90173,368.26056,6.573432,6.288904
743.8963,368.15686,6.5737605,6.2896085
744.8911,368.05527,6.5747614,6.290409
745.8861,367.95575,6.5757623,6.2912097
746.88135,367.85843,6.576763,6.292011
747.8768,367.7633,6.577764,6.2928114
748.8724,367.67044,6.578918,6.293612
749.8682,367.57986,6.580119,6.2944126
750.8643,367.49167,6.5813203,6.295213
751.8606,367.40588,6.5825214,6.2960143
752.85706,367.3225,6.583722,6.296815
753.85376,367.24167,6.5850773,6.2976155
754.85065,367.16333,6.586478,6.298416
755.8477,367.08762,6.587879,6.2992167
756.84503,367.01453,6.5892806,6.3000174
757.8425,366.9441,6.5906816,6.300818
758.84015,366.87643,6.5920825,6.3016186
759.838,366.81152,6.593483,6.302419
760.83606,366.74945,6.594884,6.3032193
761.8343,366.69022,6.596285,6.30402
762.83264,366.6339,6.5976853,6.30482
763.8312,366.58054,6.5966043,6.307946
764.8299,366.53018,6.5948043,6.311746
765.82874,366.48288,6.593004,6.315546
766.8277,366.4387,6.5912046,6.319346
767.82684,366.39767,6.5894046,6.323146
768.82605,366.3599,6.5835776,6.330352
769.82544,366.3253,6.5765834,6.3385453
770.8249,366.2939,6.569589,6.3467383
771.82446,366.2657,6.562595,6.354932
772.8241,366.24063,6.5556006,6.3631253
773.82385,366.2187,6.5487647,6.371467
774.8236,366.19986,6.5419755,6.3798537
775.8235,366.18408,6.535187,6.38824
776.82336,366.17133,6.5283976,6.3966265
777.82324,366.1615,6.521609,6.4050126
778.8232,366.1546,6.514671,6.413243
779.8232,366.15054,6.5076866,6.4214244
780.8231,366.14935,6.5007024,6.429606
781.82306,366.15094,6.493718,6.4377875
782.82306,366.15527,6.486734,6.445969
783.82294,366.16232,6.4799013,6.4541483
784.8229,366.17206,6.4731193,6.4623265
785.82275,366.18445,6.466337,6.4705048
786.82263,366.1994,6.4595556,6.478683
787.82245,366.21692,6.4527736,6.4868617
788.8222,366.23697,6.4458447,6.495039
789.8219,366.25946,6.438864,6.5032163
790.82153,366.28442,6.4318833,6.5113935
791.82117,366.31177,6.424903,6.519571
792.8207,366.3415,6.4179225,6.527748
793.8201,366.3735,6.4238057,6.5198817
794.81946,366.4078,6.4345775,6.505918
795.8188,366.44437,6.445349,6.4919543
796.818,366.48312,6.4561214,6.4779906
797.81714,366.52408,6.466893,6.464027
798.81616,366.56714,6.48264,6.4432416
799.81506,366.6123,6.500403,6.4196906
800.81396,366.6595,6.5181656,6.39614
801.8127,366.7087,6.5359287,6.372589
802.81134,366.7599,6.5536914,6.3490386
803.8099,366.81302,6.571605,6.3256135
804.80835,366.868,6.589583,6.302242
805.8067,366.92493,6.607561,6.2788706
806.80493,366.98367,6.6255393,6.2554994
807.80304,367.0443,6.643517,6.2321277
808.801,367.10675,6.6615067,6.208602
809.79895,367.17105,6.6795015,6.185009
810.7967,367.23718,6.6974964,6.1614156
811.7944,367.30515,6.7154913,6.137822
812.7919,367.37497,6.733486,6.114229
813.7893,367.44666,6.75149,6.0907626
814.78656,367.5202,6.7694983,6.0673523
815.7836,367.59564,6.787506,6.043942
816.78064,367.6729,6.8055143,6.0205317
817.77747,367.75204,6.823522,5.9971213
818.7741,367.83304,6.8296967,5.987214
819.7706,367.91592,6.8306975,5.9832106
820.767,368.00067,6.8316984,5.9792066
821.76324,368.08725,6.8326993,5.9752026
822.7593,368.17575,6.8337,5.971199
823.7551,368.26608,6.8296514,5.9728055
824.75085,368.3583,6.823444,5.9768105
825.74634,368.45242,6.817236,5.9808154
826.7417,368.5484,6.8110285,5.9848204
827.7369,368.64624,6.8048205,5.9888253
828.7318,368.74597,6.798613,5.9928303
829.7266,368.8476,6.792405,5.9968357
830.7212,368.95108,6.7861967,6.0008407
831.71564,369.05646,6.779989,6.0048456
832.70984,369.16373,6.773781,6.008851
833.7038,369.27286,6.767574,6.0129986
834.6976,369.38385,6.761367,6.0172033
835.69116,369.49677,6.75516,6.021408
836.6845,369.61154,6.748953,6.0256124
837.6776,369.72824,6.742746,6.029817
838.67053,369.8468,6.736541,6.033877
839.6632,369.96725,6.730336,6.03788
840.6557,370.08957,6.7241316,6.041883
841.6479,370.2137,6.717927,6.045886
842.6399,370.33972,6.7117224,6.049889
843.63165,370.4675,6.7055197,6.0538907
844.62317,370.59708,6.699318,6.057892
845.6145,370.72842,6.693116,6.061893
846.6055,370.8615,6.6869144,6.065894
847.5964,370.9963,6.680712,6.0698953
848.587,371.13278,6.6745124,6.07404
849.5774,371.27094,6.6683135,6.0782394
850.5675,371.41074,6.662114,6.0824385
851.55743,371.55215,6.6559153,6.086638
852.5471,371.69516,6.649716,6.0908375
853.53656,371.83975,6.643519,6.094891
854.5258,371.9859,6.637322,6.098889
855.5148,372.13354,6.6311255,6.1028867
856.50354,372.2827,6.624929,6.1068845
857.4921,372.43338,6.618732,6.1108828
858.4804,372.5855,6.612537,6.114879
859.46857,372.73904,6.6063423,6.118876
860.4564,372.89404,6.600148,6.1228724
861.4441,373.05038,6.5939536,6.1268687
862.4315,373.20813,6.587759,6.130865
863.41876,373.36722,6.581709,6.1348605
864.40576,373.52762,6.575716,6.138856
865.3926,373.68933,6.569723,6.1428514
866.37915,373.8523,6.5637302,6.1468463
867.36554,374.01654,6.5577374,6.1508417
868.35175,374.18204,6.55756,6.1538434
869.3377,374.34872,6.5597568,6.15644
870.3235,374.5166,6.5619535,6.159036
871.309,374.68567,6.5641503,6.1616325
872.2944,374.85587,6.5663476,6.164229
873.2796,375.02716,6.568544,6.1666846
874.2646,375.1996,6.5707407,6.1690807
875.2494,375.37308,6.572937,6.171477
876.23395,375.54764,6.575134,6.1738734
877.2184,375.72324,6.57733,6.1762695
878.20264,375.89984,6.579388,6.1788044
879.1867,376.07742,6.5813847,6.1814003
880.1706,376.256,6.5833817,6.183996
881.1543,376.43552,6.585378,6.1865916
882.1379,376.61594,6.587375,6.1891875
883.1213,376.79727,6.589509,6.1917834
884.1045,376.9795,6.5917053,6.1943793
885.0875,377.16257,6.593902,6.196975
886.07043,377.3465,6.5960984,6.199571
887.05316,377.53122,6.598295,6.202167
888.03577,377.71674,6.600492,6.2046275
889.01825,377.90305,6.602689,6.207024
890.00055,378.0901,6.6048856,6.2094207
890.9827,378.27783,6.6070824,6.2118173
891.9648,378.46634,6.609279,6.214214
892.94666,378.6555,6.6114764,6.216745
893.92847,378.8453,6.6136737,6.2193418
894.9101,379.0358,6.6158714,6.2219386
895.89166,379.22687,6.6180687,6.2245355
896.87305,379.41855,6.620266,6.2271323
897.8544,379.6108,6.6224637,6.229597
898.8356,379.8036,6.624662,6.231995
899.81665,379.99692,6.6268606,6.234393
900.79767,380.1908,6.629059,6.236791
901.77856,380.38516,6.631257,6.239189
902.75934,380.58002,6.6334558,6.2417207
903.74005,380.77533,6.635655,6.2443194
904.72064,380.97104,6.6378546,6.2469187
905.70123,381.16714,6.6400537,6.249518
906.6817,381.36353,6.642253,6.252117
907.6622,381.56018,6.644321,6.2545853
908.6425,381.75714,6.646322,6.256986
909.6228,381.95453,6.6483226,6.259387
910.603,382.1524,6.650323,6.2617874
911.58307,382.35086,6.6523237,6.2641883
912.563,382.55005,6.6544576,6.2667227
913.5427,382.75024,6.6566596,6.2693253
914.52216,382.95184,6.6588616,6.2719274
915.50116,383.15527,6.6610637,6.27453
916.4798,383.36096,6.6632657,6.2771325
917.45776,383.56927,6.6619973,6.2817383
918.4352,383.78058,6.6589932,6.2873454
919.4118,383.99524,6.6559896,6.292953
920.3877,384.2135,6.6529856,6.29856
921.3626,384.4357,6.6499815,6.3041673
922.3366,384.66217,6.643609,6.3120646
923.3095,384.8933,6.6356015,6.3210735
924.2811,385.1296,6.6275935,6.3300824
925.2514,385.37155,6.6195855,6.3390913
926.2201,385.6196,6.6115775,6.3481007
927.18713,385.87418,6.603577,6.3569655
928.15247,386.13504,6.5955806,6.3657613
929.1163,386.40152,6.587584,6.3745575
930.0786,386.67303,6.579588,6.383353
931.0398,386.94888,6.571592,6.392149
931.9999,387.22845,6.563604,6.400936
932.95917,387.5109,6.5556197,6.4097185
933.91785,387.79523,6.5476356,6.418501
934.8762,388.0806,6.5396514,6.4272833
935.8346,388.366,6.531667,6.436066
936.7932,388.65048,6.5236845,6.4449797
937.7524,388.93317,6.5157027,6.4539595
938.71234,389.21307,6.5077205,6.4629393
939.6734,389.4893,6.4997387,6.471919
940.6358,389.76083,6.491757,6.480899
941.59973,390.02682,6.4917445,6.483608
942.5654,390.28644,6.4959373,6.483009
943.53296,390.53903,6.50013,6.48241
944.5025,390.78387,6.504323,6.481811
945.47406,391.02036,6.5085163,6.481212
946.4478,391.24777,6.5203214,6.4745493
947.4235,391.46677,6.5362945,6.464566
948.40076,391.67865,6.552267,6.454583
949.3793,391.8848,6.568239,6.4446006
950.35864,392.08655,6.584211,6.434618
951.3387,392.2853,6.6001873,6.424633
952.31903,392.48224,6.6161666,6.4146457
953.29956,392.67853,6.6321464,6.404659
954.27997,392.87524,6.6481256,6.3946714
955.2601,393.07352,6.664105,6.3846846
956.2396,393.27448,6.680104,6.374685
957.2184,393.4794,6.6961145,6.3646784
958.196,393.68976,6.712126,6.3546715
959.17206,393.90695,6.728137,6.3446646
960.14624,394.13245,6.7441483,6.334657
961.11816,394.36755,6.7601805,6.324637
962.0876,394.6129,6.776224,6.31461
963.05426,394.8687,6.792268,6.3045826
964.01807,395.1351,6.808311,6.2945557
964.9789,395.41214,6.824355,6.2845283
965.9365,395.7,6.828571,6.282689
966.891,395.9982,6.826366,6.285295
967.84247,396.30582,6.8241606,6.287901
968.7911,396.62207,6.8219557,6.290507
969.7371,396.94608,6.819751,6.2931128
970.6807,397.27698,6.81425,6.2978263
971.62213,397.61414,6.807047,6.303629
972.5615,397.9569,6.7998433,6.3094316
973.499,398.30472,6.79264,6.315234
974.4349,398.65695,6.785437,6.321037
975.3693,399.01303,6.778373,6.3269663
976.3025,399.3723,6.771379,6.3329606
977.2347,399.73413,6.7643857,6.338955
978.1662,400.09784,6.7573924,6.3449492
979.09717,400.4628,6.750399,6.3509436
980.0279,400.82837,6.7432756,6.356937
980.9585,401.1943,6.736084,6.36293
981.889,401.56052,6.728893,6.3689227
982.81934,401.92706,6.721701,6.3749156
983.74963,402.29385,6.7145095,6.3809085
984.6798,402.6609,6.707318,6.3867717
985.60986,403.02814,6.7001257,6.3925653
986.53986,403.3956,6.6929336,6.398359
987.4698,403.76328,6.685742,6.4041524
988.3996,404.13116,6.67855,6.409946
989.32935,404.49924,6.6714864,6.4158688
990.25903,404.8675,6.6644936,6.4218626
991.18866,405.23593,6.657501,6.427856
992.1182,405.60452,6.6505084,6.43385
993.0477,405.9733,6.6435156,6.4398437
993.9772,406.34216,6.636395,6.4458375
994.90656,406.71118,6.629202,6.451832
995.8359,407.0803,6.6220093,6.4578257
996.7652,407.44952,6.614816,6.46382
997.69446,407.81885,6.6076236,6.469814
998.62366,408.18823,6.6004305,6.4756813
999.55286,408.5577,6.593237,6.481476
1000.48206,408.92725,6.586044,6.4872704
1001.4112,409.2968,6.5788503,6.493065
1002.34033,409.6664,6.571657,6.4988594
1003.2695,410.03607,6.5645895,6.5047803
1004.1986,410.40573,6.5575957,6.510775
1005.12775,410.7754,6.550602,6.51677
1006.0569,411.14505,6.543608,6.5227647
1006.986,411.51468,6.5366144,6.5287595
1007.91516,411.88428,6.5319977,6.5330024
1008.8443,412.25385,6.5288005,6.5361996
1009.7735,412.62335,6.5256033,6.539397
1010.7027,412.9928,6.5224056,6.5425944
1011.63196,413.36218,6.5192084,6.5457916
1012.5612,413.73148,6.5192432,6.5467515
1013.49054,414.10068,6.5212417,6.546352
1014.4199,414.46976,6.52324,6.545952
1015.3493,414.8387,6.5252385,6.5455523
1016.27875,415.20755,6.527237,6.5451527
1017.20825,415.57626,6.5292354,6.544753
1018.1378,415.94482,6.531234,6.544353
1019.06744,416.3132,6.5332327,6.5439534
1019.9972,416.6814,6.535231,6.543554
1020.92694,417.04944,6.5372295,6.5431542
1021.8568,417.41727,6.5391054,6.542754
1022.78674,417.78488,6.540904,6.5423546
1023.71674,418.15228,6.5427027,6.541955
1024.6469,418.51947,6.544502,6.5415554
1025.577,418.8864,6.5463004,6.5411553
1026.5073,419.25308,6.548221,6.5407557
1027.4377,419.6195,6.55022,6.540356
1028.3683,419.98566,6.5522184,6.539956
1029.299,420.3515,6.5542173,6.5395565
1030.2297,420.71707,6.556216,6.539157
1031.1605,421.0823,6.5582147,6.538757
1032.0916,421.44727,6.5602136,6.5383573
1033.0227,421.81186,6.562212,6.5379577
1033.954,422.17612,6.564211,6.5375576
1034.8854,422.54004,6.56621,6.537158
1035.8169,422.90356,6.568208,6.5367584
1036.7485,423.26675,6.570207,6.5363584
1037.6804,423.62955,6.572206,6.535959
1038.6123,423.9919,6.574205,6.535559
1039.5446,424.3539,6.5762033,6.535159
1040.4768,424.71545,6.5782022,6.5347595
1041.4093,425.0766,6.580201,6.53436
1042.3419,425.4373,6.5822,6.53396
1043.2748,425.79752,6.5841985,6.5335603
1044.2078,426.1573,6.5861974,6.5331607
1045.141,426.51657,6.5881963,6.5327606
1046.0743,426.87537,6.590195,6.532361
1047.0079,427.23367,6.592194,6.5319614
1047.9417,427.59146,6.5941925,6.5315614
1048.8756,427.9488,6.5961914,6.531162
1049.8097,428.30563,6.596405,6.531476
1050.744,428.662,6.5954056,6.5322757
1051.6785,429.01785,6.594406,6.5330753
1052.6132,429.37326,6.5934067,6.5338745
1053.548,429.7282,6.592407,6.534674
1054.483,430.08273,6.5876184,6.537013
1055.4182,430.4368,6.580223,6.540411
1056.3535,430.79047,6.5728273,6.543809
1057.2891,431.14368,6.565432,6.547207
1058.2247,431.4965,6.558037,6.550605
1059.1605,431.84888,6.5505233,6.5541205
1060.0964,432.2009,6.542928,6.5577183
1061.0326,432.5525,6.535333,6.561316
1061.9689,432.90372,6.527738,6.5649137
1062.9053,433.25458,6.520143,6.5685115
1063.8418,433.60507,6.512665,6.5721087
1064.7784,433.95517,6.50527,6.5757065
1065.7152,434.30496,6.4978747,6.579304
1066.6521,434.6544,6.4904795,6.582902
1067.5892,435.00348,6.483084,6.5864997
1068.5264,435.35226,6.4755726,6.5899806
1069.4636,435.7007,6.467978,6.5933785
1070.401,436.04883,6.460383,6.596776
1071.3386,436.39667,6.4527884,6.600174
1072.2762,436.7442,6.4451933,6.6035714
1073.2139,437.09146,6.437714,6.6070848
1074.1517,437.43845,6.4303193,6.6106825
1075.0897,437.78516,6.4229245,6.6142797
1076.0277,438.1316,6.4155297,6.6178775
1076.9658,438.47775,6.408135,6.6214747
1077.904,438.8237,6.40074,6.624957
1078.8424,439.1694,6.3933454,6.628355
1079.7808,439.51486,6.3859506,6.6317525
1080.7192,439.8601,6.378556,6.63515
1081.6578,440.20514,6.371161,6.6385474
1082.5964,440.54996,6.3683434,6.641373
1083.5352,440.89456,6.3689427,6.643771
1084.4739,441.239,6.3695426,6.6461697
1085.4127,441.58325,6.370142,6.6485677
1086.3517,441.92734,6.3707414,6.650966
1087.2906,442.27124,6.3723645,6.6532507
1088.2296,442.61496,6.3747625,6.655449
1089.1687,442.95856,6.377161,6.6576476
1090.1078,443.302,6.379559,6.659846
1091.047,443.64532,6.3819575,6.662044
1091.9862,443.98853,6.3842425,6.6641297
1092.9255,444.3316,6.3864408,6.666128
1093.8649,444.67456,6.3886395,6.6681266
1094.8042,445.0174,6.3908377,6.670125
1095.7435,445.36017,6.393036,6.6721234
1096.683,445.70285,6.3953466,6.6742344
1097.6224,446.04544,6.3977447,6.6764326
1098.5619,446.38797,6.400143,6.6786313
1099.5013,446.73044,6.402541,6.6808295
1100.4409,447.07285,6.4049397,6.6830277
1101.3804,447.4152,6.407226,6.685115
1102.32,447.7575,6.4094243,6.6871133
1103.2595,448.09982,6.411623,6.6891117
1104.1991,448.44208,6.413821,6.69111
1105.1387,448.78433,6.4160194,6.6931086
1106.0782,449.1266,6.418329,6.695218
1107.0178,449.4688,6.420727,6.6974163
1107.9574,449.8111,6.4231253,6.6996145
1108.897,450.15335,6.4255233,6.701813
1109.8364,450.49567,6.427922,6.7040114
1110.776,450.838,6.43032,6.7061
1111.7156,451.1804,6.432718,6.7080984
1112.655,451.52283,6.4351163,6.710097
1113.5945,451.8653,6.4375143,6.7120953
1114.5339,452.20782,6.439913,6.714094
1115.4734,452.5504,6.4422016,6.716202
1116.4128,452.89304,6.4444003,6.7184
1117.3523,453.2357,6.4465985,6.7205987
1118.2917,453.5784,6.448797,6.722797
1119.2311,453.92114,6.4509954,6.7249956
1120.1704,454.26392,6.4533024,6.727085
1121.1099,454.60675,6.455701,6.729084
1122.0492,454.9496,6.458099,6.7310824
1122.9885,455.29245,6.4604974,6.733081
1123.9279,455.63535,6.4628954,6.73508
1124.8672,455.97824,6.465186,6.737186
1125.8065,456.3212,6.4673843,6.7393847
1126.7458,456.66412,6.469583,6.741583
1127.6852,457.00708,6.4717813,6.7437816
1128.6244,457.35007,6.47398,6.74598
1129.5637,457.69305,6.4762855,6.748071
1130.503,458.036,6.478684,6.7500696
1131.4424,458.379,6.481082,6.7520685
1132.3816,458.722,6.4834805,6.754067
1133.3209,459.06497,6.485879,6.756066
1134.2603,459.40796,6.4881706,6.7581706
1135.1996,459.75092,6.4903693,6.7603693
1136.1389,460.09387,6.4925675,6.7625675
1137.0781,460.43683,6.494766,6.764766
1138.0175,460.77975,6.4969645,6.7669644
1138.9568,461.12265,6.499269,6.7690573
1139.8961,461.46555,6.501667,6.771056
1140.8356,461.8084,6.5040655,6.7730546
1141.7749,462.15125,6.506464,6.7750535
1142.7142,462.49405,6.5088625,6.777052
1143.6536,462.83682,6.5112605,6.7791557
1144.593,463.17957,6.513659,6.7813544
1145.5325,463.52228,6.5160575,6.7835526
1146.4718,463.86493,6.518456,6.7857513
1147.4113,464.20755,6.5208545,6.7879496
1148.3507,464.5501,6.523148,6.790044
1149.2902,464.89264,6.5253468,6.7920427
1150.2297,465.2351,6.5275455,6.794041
1151.1692,465.5775,6.5297437,6.79604
1152.1088,465.9199,6.5319424,6.7980385
1153.0482,466.26218,6.5342445,6.800141
1153.9878,466.60443,6.536643,6.8023396
1154.9275,466.9466,6.5390415,6.8045382
1155.8671,467.28873,6.54144,6.8067365
1156.8068,467.63074,6.5438385,6.808935
1157.7463,467.97272,6.5461335,6.811134
1158.686,468.3146,6.548332,6.813332
1159.6259,468.65643,6.550531,6.815531
1160.5656,468.99814,6.552729,6.8177295
1161.5054,469.33978,6.554928,6.8199277
1162.4452,469.68137,6.557229,6.822024
1163.385,470.02283,6.559627,6.824023
1164.325,470.3642,6.5620255,6.826021
1165.2648,470.7055,6.564424,6.82802
1166.2048,471.0467,6.5668225,6.8300185
1167.1448,471.3878,6.569119,6.832119
1168.0848,471.72876,6.5713177,6.8343177
1169.0249,472.06964,6.5735164,6.8365164
1169.965,472.41043,6.575715,6.838715
1170.9052,472.7511,6.5779133,6.8409133
1171.8453,473.09164,6.580213,6.843011
1172.7855,473.43207,6.5826116,6.84501
1173.7258,473.7724,6.58501,6.847008
1174.6661,474.1126,6.5874085,6.849007
1175.6064,474.45267,6.5898066,6.8510056
1176.5469,474.7926,6.592205,6.8531046
1177.4873,475.13245,6.5946035,6.8553033
1178.4279,475.4721,6.597002,6.857502
1179.3684,475.81168,6.5994005,6.8597
1180.309,476.1511,6.601799,6.861899
1181.2496,476.49036,6.6040974,6.863998
1182.1903,476.8295,6.606296,6.8659964
1183.1311,477.1685,6.6084948,6.8679953
1184.0719,477.50732,6.610693,6.8699937
1185.0127,477.846,6.6128917,6.8719926
1185.9536,478.18454,6.6151896,6.87409
1186.8947,478.52292,6.617588,6.876289
1187.8357,478.86115,6.619986,6.8784876
1188.7767,479.1992,6.6223845,6.880686
1189.7179,479.53708,6.624783,6.8828845
1190.659,479.87482,6.627083,6.8849845
1191.6003,480.21237,6.6292815,6.8869834
1192.5416,480.54974,6.63148,6.888982
1193.483,480.88696,6.6336784,6.8909807
1194.4246,481.224,6.635877,6.892979
1195.3661,481.56085,6.6381736,6.895076
1196.3076,481.89752,6.6405716,6.897274
1197.2493,482.234,6.64297,6.8994727
1198.191,482.57028,6.6453686,6.901671
1199.1328,482.9064,6.647767,6.9038696
1200.0746,483.2423,6.650165,6.905971
1201.0166,483.578,6.6525636,6.9079695
1201.9586,483.91354,6.654962,6.9099684
1202.9006,484.24884,6.65736,6.911967
1203.8428,484.58395,6.6597586,6.9139657
1204.785,484.91885,6.6620607,6.9160604
1205.7273,485.25354,6.664259,6.918259
1206.6697,485.588,6.6664577,6.9204574
1207.612,485.92227,6.668656,6.922656
1208.5546,486.25632,6.6708546,6.9248543
1209.4972,486.59015,6.6731486,6.926957
1210.4398,486.92374,6.6755466,6.9289556
1211.3826,487.2571,6.677945,6.9309545
1212.3254,487.59024,6.680343,6.932953
1213.2684,487.92316,6.6827416,6.9349513
1214.2114,488.25583,6.685045,6.937045
1215.1544,488.5883,6.6872435,6.9392433
1216.0977,488.92047,6.6894417,6.9414415
1217.0409,489.25244,6.69164,6.94364
1217.9843,489.58414,6.6938386,6.9458385
1218.9276,489.91562,6.6977334,6.9469056
1219.8712,490.24683,6.703529,6.946706
1220.8148,490.5778,6.7093244,6.946506
1221.7584,490.90848,6.7151203,6.946306
1222.7023,491.23892,6.720916,6.9461064
1223.6461,491.56912,6.7278333,6.945252
1224.5901,491.89902,6.736027,6.943653
1225.5342,492.22867,6.7442203,6.9420547
1226.4784,492.55804,6.7524137,6.940456
1227.4226,492.88718,6.7606077,6.938857
1228.367,493.216,6.768801,6.9372582
1229.3114,493.54456,6.776994,6.9356594
1230.256,493.87283,6.7851877,6.934061
1231.2006,494.20084,6.793381,6.932462
1232.1453,494.52853,6.801574,6.9308634
1233.0901,494.85596,6.8097677,6.929265
1234.035,495.18307,6.8179607,6.927666
1234.9801,495.50992,6.8261538,6.9260674
1235.9253,495.83643,6.834347,6.924469
1236.8705,496.16266,6.84254,6.92287
1237.8159,496.48862,6.850733,6.921272
1238.7614,496.81424,6.8589253,6.919673
1239.7069,497.13956,6.8671184,6.9180746
1240.6526,497.46454,6.875311,6.916476
1241.5984,497.78925,6.883504,6.9148774
1242.5442,498.11365,6.8916965,6.9132786
1243.4902,498.4377,6.8998885,6.91168
1244.4363,498.76147,6.908081,6.910082
1245.3826,499.08487,6.9162736,6.908483
1246.3289,499.40796,6.9244657,6.9068847
1247.2754,499.73068,6.932658,6.9052863
1248.2219,500.05307,6.9408503,6.903688
1249.1686,500.37518,6.9490423,6.902089
1250.1154,500.6971,6.9572344,6.9004908
1251.0621,501.01886,6.9654264,6.8988924
1252.0089,501.3405,6.9735303,6.897206
1252.9557,501.6621,6.9815226,6.895407
1253.9026,501.9838,6.9895153,6.893609
1254.8494,502.30557,6.9975076,6.891811
1255.796,502.62753,7.0055,6.8900123
1256.7427,502.94974,7.0135803,6.8883014
1257.6892,503.2723,7.0217733,6.8867025
1258.6355,503.59528,7.0299664,6.885104
1259.5818,503.91873,7.03816,6.8835053
1260.5277,504.24274,7.046353,6.881907
1261.4736,504.56732,7.054547,6.880308
1262.4192,504.89264,7.0627413,6.878709
1263.3645,505.2187,7.070936,6.87711
1264.3094,505.54556,7.079131,6.875511
1265.2542,505.87332,7.0873256,6.873912
1266.1986,506.2021,7.0955215,6.872313
1267.1426,506.53186,7.1037183,6.8707137
1268.0862,506.86276,7.111915,6.869114
1269.0294,507.19485,7.120112,6.8675146
1269.9722,507.52817,7.128309,6.8659153
1270.9146,507.86285,7.1365066,6.864316
1271.8563,508.1989,7.144706,6.862716
1272.7976,508.53644,7.1529045,6.861116
1273.7383,508.87546,7.1611037,6.859516
1274.6785,509.2161,7.169303,6.8579164
1275.618,509.5584,7.177503,6.8563166
1276.557,509.90244,7.1857047,6.8547163
1277.4952,510.24826,7.193906,6.853116
1278.4327,510.596,7.2021074,6.851516
1279.3695,510.94577,7.2103086,6.8499155
1280.3055,511.2976,7.210633,6.855251
1281.2408,511.65155,7.200429,6.8698564
1282.1753,512.00757,7.190225,6.884462
1283.1089,512.3656,7.1800213,6.8990674
1284.0417,512.7257,7.1698174,6.913673
1284.9739,513.0877,7.15583,6.927504
1285.9053,513.45166,7.136824,6.940308
1286.8359,513.8174,7.117818,6.953112
1287.766,514.1847,7.0988116,6.965916
1288.6954,514.5536,7.079806,6.97872
1289.6243,514.92395,7.0595946,6.990918
1290.5526,515.29553,7.037796,7.0023174
1291.4805,515.6684,7.0159974,7.0137167
1292.408,516.0423,6.994199,7.0251164
1293.335,516.4173,6.9724,7.0365157
1294.2616,516.79315,6.9506073,7.0479116
1295.1879,517.16986,6.928823,7.0593038
1296.1139,517.54724,6.907038,7.0706954
1297.0397,517.92523,6.885254,7.0820875
1297.9652,518.3037,6.863469,7.093479
1298.8906,518.68256,6.841693,7.1049523
1299.8159,519.0617,6.8199277,7.116534
1300.7411,519.4411,6.798162,7.1281157
1301.6663,519.82056,6.7763968,7.139697
1302.5914,520.2001,6.754631,7.151279
1303.5166,520.57947,6.732876,7.162771
1304.4419,520.95874,6.711134,7.174141
1305.3673,521.3377,6.6893926,7.1855106
1306.2928,521.7161,6.6676507,7.19688
1307.2188,522.0939,6.6459093,7.2082496
1308.1449,522.4708,6.6241794,7.2196126
1309.0714,522.8469,6.6024666,7.230967
1309.9983,523.2223,6.5807533,7.2423215
1310.9254,523.59705,6.5590405,7.253676
1311.8527,523.9713,6.5373273,7.265031
1312.78,524.3453,6.5156236,7.2764573
1313.7078,524.71844,6.493937,7.287997
1314.6362,525.0898,6.47225,7.2995367
1315.5659,525.45807,6.450564,7.311076
1316.4972,525.82227,6.4288797,7.3226147
1317.4305,526.18115,6.4071217,7.33412
1318.3667,526.53265,6.385229,7.345568
1319.3068,526.87335,6.363336,7.357017
1320.252,527.1997,6.3414407,7.368467
1321.2031,527.5081,6.3195467,7.3799157
1322.1611,527.795,6.3133802,7.376558
1323.1262,528.05634,6.3327427,7.349162
1324.099,528.2881,6.352104,7.3217673
1325.0791,528.4857,6.3714666,7.2943716
1326.0663,528.64496,6.390822,7.266986
1327.0593,528.7613,6.4251294,7.227013
1328.0568,528.83105,6.4729238,7.175686
1329.0565,528.85065,6.5207253,7.124352
1330.0558,528.81647,6.568563,7.072978
1331.0514,528.72485,6.61644,7.0215626
1332.0394,528.5725,6.645687,6.9994416
1333.0167,528.36115,6.667557,6.9889045
1333.9805,528.095,6.6894054,6.9783773
1334.9288,527.7781,6.7112374,6.9678583
1335.8601,527.4143,6.7330704,6.957339
1336.7733,527.00714,6.742608,6.957782
1337.6674,526.55927,6.7464314,6.9633255
1338.5409,526.0729,6.7502556,6.9688706
1339.3934,525.5503,6.754079,6.9744143
1340.2241,524.9938,6.7579,6.9799557
1341.0326,524.40533,6.7349243,7.010443
1341.8168,523.78503,6.6792383,7.071386
1342.5726,523.13043,6.6235285,7.132355
1343.2953,522.43945,6.567792,7.1933537
1343.9795,521.71045,6.512065,7.2543416
1344.6198,520.94257,6.4678164,7.3004446
1345.2106,520.1359,6.448279,7.314487
1345.7462,519.29175,6.4287467,7.3285255
1346.2206,518.4117,6.4091983,7.3425765
1346.6267,517.49817,6.38963,7.3566413
1346.9573,516.55475,6.379008,7.359122
1347.2075,515.5869,6.381489,7.3446474
1347.3763,514.60156,6.3839674,7.3301888
1347.4623,513.6056,6.3864436,7.315745
1347.4645,512.6059,6.3889174,7.3013153
1347.3817,511.60962,6.367,7.330791
1347.2142,510.62408,6.32608,7.394468
1346.9624,509.65662,6.2851167,7.458211
1346.6266,508.71506,6.2440557,7.522107
1346.2067,507.80792,6.202862,7.5862103
1345.7039,506.94397,6.1652784,7.6436505
1345.1289,506.12616,6.1287365,7.699186
1344.4961,505.3521,6.092305,7.7545533
1343.8182,504.6172,6.0559707,7.8097734
1343.106,503.9153,6.0196424,7.8649845
1342.3683,503.24033,6.021284,7.84758
1341.6097,502.58878,6.0259156,7.8244214
1340.8342,501.95767,6.0305543,7.801228
1340.0449,501.34375,6.0351954,7.7780223
1339.2451,500.74347,6.0398364,7.7548184
1338.4377,500.1536,6.0446496,7.7319145
1337.6233,499.57333,6.0494676,7.7090297
1336.8024,499.00238,6.054284,7.68615
1335.9752,498.44052,6.0591006,7.663273
1335.1421,497.88757,6.0639167,7.6403947
1334.3033,497.3431,6.0687113,7.6174254
1333.4597,496.8061,6.073506,7.594452
1332.6123,496.2753,6.0783005,7.571478
1331.7618,495.74945,6.083095,7.5485034
1330.909,495.22726,6.0878897,7.5255294
1330.0547,494.70758,6.0926747,7.5025997
1329.1992,494.18976,6.09746,7.4796705
1328.343,493.6733,6.1022453,7.456742
1327.4862,493.15775,6.1070304,7.433813
1326.6292,492.64255,6.1118155,7.410885
1325.7721,492.1273,6.1164103,7.3879485
1324.9152,491.612,6.1209974,7.3650126
1324.0582,491.09668,6.1255846,7.3420763
1323.2012,490.58148,6.130172,7.31914
1322.3441,490.0664,6.1347594,7.2962036
1321.4868,489.5516,6.1395373,7.273258
1320.6294,489.03702,6.144326,7.2503123
1319.772,488.5226,6.1491146,7.227367
1318.9143,488.00836,6.1539035,7.204421
1318.0566,487.49426,6.1586924,7.181475
1317.1989,486.98022,6.1634827,7.158521
1316.3411,486.4663,6.168273,7.1355667
1315.4833,485.95245,6.1730638,7.1126122
1314.6254,485.4387,6.177854,7.0896573
1313.7675,484.92502,6.182645,7.066703
1312.9094,484.4114,6.1872516,7.043741
1312.0514,483.8979,6.1918445,7.0207787
1311.1934,483.3844,6.196437,6.997816
1310.3353,482.87097,6.2010293,6.9748535
1309.4772,482.35757,6.2056217,6.9518914
1308.619,481.8442,6.2103987,6.9291058
1307.7609,481.33087,6.2151923,6.906336
1306.9028,480.8175,6.219986,6.883566
1306.0447,480.30417,6.2247796,6.8607965
1305.1865,479.79083,6.2295732,6.8380265
1304.3284,479.27747,6.2343683,6.815069
1303.4702,478.7641,6.239163,6.7920933
1302.6122,478.25067,6.243958,6.7691174
1301.754,477.7372,6.248753,6.746142
1300.896,477.2237,6.253548,6.723166
1300.0381,476.7101,6.258344,6.7001853
1299.18,476.19647,6.26314,6.677204
1298.3221,475.68277,6.267936,6.654223
1297.4644,475.16895,6.2727323,6.631242
1296.6066,474.65506,6.2775283,6.6082606
1295.7488,474.14105,6.2798023,6.5899606
1294.8911,473.62692,6.2818007,6.5721717
1294.0334,473.11267,6.2837996,6.554383
1293.176,472.5983,6.2857985,6.536594
1292.3185,472.08377,6.2877975,6.5188046
1291.4612,471.56912,6.288,6.5047855
1290.6039,471.0543,6.288,6.4911914
1289.7468,470.5393,6.288,6.4775977
1288.8898,470.02414,6.288,6.464004
1288.0328,469.5088,6.288,6.45041
1287.176,468.99326,6.2881794,6.436994
1286.3192,468.4775,6.288379,6.4235983
1285.4626,467.96155,6.288579,6.410203
1284.6062,467.44537,6.288779,6.396807
1283.75,466.929,6.288979,6.383412
1282.8938,466.41232,6.289,6.3698363
1282.0378,465.89545,6.289,6.3562393
1281.1819,465.3783,6.289,6.342643
1280.3262,464.8609,6.289,6.3290462
1279.4707,464.34323,6.289,6.315449
1278.6154,463.82526,6.289,6.302031
1277.7601,463.307,6.289,6.2886333
1276.9052,462.78848,6.289,6.275236
1276.0503,462.26962,6.289,6.261839
1275.1957,461.75046,6.289,6.248441
1274.3413,461.23096,6.289,6.2348657
1273.487,460.71112,6.289,6.221268
1272.633,460.19095,6.289,6.2076707
1271.7792,459.6704,6.289,6.194073
1270.9257,459.14954,6.289,6.1804757
1270.0723,458.6283,6.289,6.1668787
1269.2191,458.10666,6.289,6.1532817
1268.3662,457.58463,6.289,6.139685
1267.5137,457.06223,6.289,6.126088
1266.6613,456.5394,6.289,6.112491
1265.8091,456.01617,6.289,6.099073
1264.9572,455.49255,6.289,6.085677
1264.1055,454.9685,6.289,6.072281
1263.2542,454.44406,6.289,6.058885
1262.403,453.91922,6.289,6.045489
1261.552,453.394,6.289178,6.031916
1260.7014,452.86838,6.2893777,6.018321
1259.851,452.34235,6.2895775,6.004726
1259.0007,451.81595,6.2897773,5.9911313
1258.1508,451.28918,6.2899776,5.977536
1257.301,450.762,6.29,5.9641194
1256.4515,450.23447,6.29,5.950725
1255.6023,449.70654,6.29,5.937331
1254.7533,449.17822,6.29,5.923937
1253.9045,448.64957,6.29,5.910543
1253.056,448.1205,6.29,5.8969727
1252.2076,447.59113,6.29,5.8833795
1251.3595,447.06137,6.29,5.8697863
1250.5117,446.53122,6.29,5.856193
1249.6641,446.00076,6.29,5.8426
1248.8167,445.4699,6.29,5.8290076
1247.9694,444.93872,6.29,5.8154154
1247.1224,444.4072,6.29,5.8018227
1246.2756,443.8753,6.29,5.7882304
1245.4291,443.3431,6.29,5.774638
1244.5828,442.81052,6.3494167,5.810619
1243.7366,442.27762,6.416975,5.8533926
1242.8906,441.7444,6.4845333,5.8961663
1242.0449,441.21082,6.552092,5.93894
1241.1995,440.67694,6.6196504,5.981714
1240.3541,440.1427,6.644641,6.0013638
1239.509,439.60815,6.663628,6.0177526
1238.6642,439.0733,6.6826158,6.034142
1237.8195,438.53812,6.701603,6.050531
1236.975,438.0026,6.7205906,6.0669203
1236.1306,437.4668,6.722302,6.070047
1235.2866,436.93066,6.721503,6.071246
1234.4426,436.39423,6.720703,6.0724454
1233.599,435.85748,6.7199035,6.0736446
1232.7555,435.32043,6.7191043,6.0748434
1231.9121,434.7831,6.7183046,6.0760427
1231.069,434.24548,6.7175055,6.077242
1230.2261,433.70755,6.716706,6.078441
1229.3833,433.1693,6.7159066,6.07964
1228.5408,432.63083,6.715107,6.080839
1227.6984,432.092,6.714481,6.0820384
1226.8561,431.55295,6.7138815,6.083237
1226.014,431.01358,6.7132816,6.0844364
1225.1722,430.47394,6.7126822,6.0856357
1224.3306,429.93405,6.712083,6.0868344
1223.489,429.39386,6.711311,6.0880337
1222.6477,428.8534,6.7105117,6.089233
1221.8065,428.31268,6.709712,6.0904317
1220.9656,427.7717,6.708913,6.091631
1220.1248,427.23047,6.708113,6.09283
1219.284,426.68896,6.707314,6.094029
1218.4436,426.1472,6.706515,6.095228
1217.6033,425.6052,6.705715,6.096427
1216.7631,425.06293,6.704916,6.097626
1215.9231,424.52042,6.7041163,6.0988255
1215.0833,423.97766,6.703317,6.100024
1214.2435,423.43466,6.702518,6.1012235
1213.404,422.89142,6.7017183,6.102422
1212.5647,422.34793,6.700919,6.1036215
1211.7255,421.80423,6.7001195,6.1048203
1210.8864,421.26028,6.6993203,6.1060195
1210.0475,420.7161,6.698521,6.1072187
1209.2086,420.1717,6.6977215,6.1084175
1208.37,419.62708,6.6969223,6.1096168
1207.5315,419.08224,6.6961226,6.110816
1206.6932,418.53717,6.6953235,6.112015
1205.855,417.99188,6.694524,6.113214
1205.0168,417.44638,6.6937246,6.114413
1204.179,416.9007,6.6929255,6.115612
1203.3412,416.35477,6.692126,6.1168113
1202.5035,415.80865,6.6913266,6.11801
1201.666,415.2623,6.690527,6.1192093
1200.8286,414.7158,6.689728,6.1204085
1199.9913,414.16904,6.688928,6.121608
1199.1542,413.6221,6.688129,6.1228065
1198.3173,413.07495,6.6873293,6.124006
1197.4803,412.52762,6.68653,6.125205
1196.6436,411.9801,6.6857305,6.126404
1195.807,411.43237,6.6849313,6.127603
1194.9705,410.88446,6.6841316,6.1288023
1194.1342,410.33636,6.6833324,6.1300015
1193.2979,409.78806,6.682533,6.131201
1192.4618,409.23956,6.6817336,6.1323996
1191.6257,408.69092,6.680934,6.133599
1190.7899,408.14206,6.680135,6.134798
1189.9541,407.59302,6.679335,6.1359973
1189.1185,407.04382,6.678536,6.137196
1188.283,406.49445,6.6777363,6.1383953
1187.4475,405.9449,6.676937,6.1395946
1186.6123,405.39514,6.6761374,6.140794
1185.7771,404.8452,6.6753383,6.141993
1184.942,404.29517,6.6745386,6.1431923
1184.107,403.7449,6.673739,6.144391
1183.2722,403.1945,6.67294,6.1455903
1182.4375,402.64392,6.67214,6.1467896
1181.6029,402.09317,6.671341,6.147989
1180.7683,401.54227,6.6705413,6.149188
1179.934,400.9912,6.669742,6.1503873
1179.0996,400.44,6.6689425,6.151586
1178.2654,399.8886,6.668143,6.1527853
1177.4313,399.3371,6.6673436,6.1539845
1176.5973,398.7854,6.666544,6.155184
1175.7633,398.23358,6.665745,6.156383
1174.9296,397.68158,6.664945,6.1575823
1174.0958,397.12946,6.664146,6.1587815
1173.2622,396.57718,6.6633463,6.159981
1172.4287,396.02478,6.6625466,6.1611795
1171.5952,395.4722,6.6617475,6.162379
1170.762,394.91953,6.660948,6.163578
1169.9287,394.36667,6.6601486,6.1647773
1169.0955,393.8137,6.659349,6.1659765
1168.2625,393.2606,6.6585493,6.167176
1167.4294,392.70737,6.65775,6.168375
1166.5966,392.154,6.6569505,6.1695743
1165.7638,391.6005,6.6561513,6.1707735
1164.931,391.04688,6.6553516,6.1719728
1164.0984,390.4931,6.654552,6.1731715
1163.2659,389.93924,6.653753,6.174371
1162.4333,389.38522,6.652953,6.17557
1161.601,388.83112,6.652154,6.1767693
1160.7687,388.2769,6.6513543,6.1779685
1159.9364,387.72253,6.6505547,6.1791677
1159.1042,387.16806,6.6497555,6.180367
1158.2722,386.6135,6.648956,6.181566
1157.4402,386.0588,6.6481566,6.1827655
1156.6083,385.504,6.647357,6.1839647
1155.7764,384.9491,6.6465573,6.185164
1154.9446,384.39407,6.645758,6.186363
1154.1128,383.83896,6.6449585,6.187562
1153.2813,383.28372,6.644159,6.188761
1152.4496,382.7284,6.6433597,6.1899605
1151.618,382.17297,6.64256,6.1911597
1150.7866,381.61746,6.641761,6.192359
1149.9552,381.06186,6.640961,6.193558
1149.1239,380.50616,6.6401615,6.1947575
1148.2926,379.95035,6.6393623,6.1959567
1147.4614,379.39447,6.6385627,6.197156
1146.6302,378.8385,6.637763,6.198355
1145.7992,378.28244,6.636964,6.1995544
1144.9681,377.7263,6.636164,6.2007537
1144.1371,377.17004,6.635365,6.201953
1143.3062,376.61374,6.6345654,6.203152
1142.4753,376.05734,6.6337657,6.2043514
1141.6445,375.5009,6.6329665,6.20555
1140.8137,374.94434,6.632167,6.2067494
1139.983,374.38773,6.6201396,6.2168045
1139.1523,373.83102,6.6051493,6.2291965
1138.3217,373.27426,6.590159,6.2415886
1137.4911,372.71744,6.575169,6.25398
1136.6605,372.16055,6.5601788,6.266372
1135.8301,371.60358,6.5425115,6.280654
1134.9996,371.04657,6.5241237,6.295444
1134.1692,370.48947,6.5057354,6.3102345
1133.3389,369.93234,6.4873476,6.3250246
1132.5085,369.37512,6.46896,6.339815
1131.6782,368.81787,6.4507284,6.354605
1130.848,368.26056,6.4325404,6.3693957
1130.0177,367.7032,6.4143524,6.384186
1129.1875,367.14578,6.3961644,6.3989763
1128.3574,366.58832,6.3779764,6.4137664
1127.5272,366.0308,6.3733754,6.418562
1126.6971,365.47324,6.3725758,6.4205604
1125.8671,364.91565,6.3717766,6.4225593
1125.0371,364.358,6.370977,6.4245577
1124.207,363.8003,6.3701773,6.4265566
1123.3771,363.24258,6.3710885,6.4274664
1122.5471,362.6848,6.3724875,6.4280663
1121.7172,362.127,6.3738866,6.4286656
1120.8873,361.56918,6.375286,6.4292655
1120.0574,361.01132,6.376685,6.429865
1119.2275,360.45343,6.3782387,6.43031
1118.3977,359.89554,6.379838,6.4307094
1117.5679,359.3376,6.381437,6.4311094
1116.738,358.7796,6.3830357,6.431509
1115.9082,358.22162,6.3846345,6.4319086
1115.0785,357.6636,6.386234,6.432308
1114.2487,357.10556,6.3878326,6.4327083
1113.419,356.54752,6.3894315,6.433108
1112.5891,355.98947,6.3910303,6.4335074
1111.7594,355.4314,6.3926296,6.4339075
1110.9297,354.8733,6.3942285,6.434307
1110.1,354.3152,6.3958273,6.4347067
1109.2703,353.75708,6.397426,6.4351068
1108.4406,353.19897,6.399025,6.4355063
1107.6108,352.64084,6.4006243,6.435906
1106.7811,352.08273,6.40207,6.436306
1105.9514,351.5246,6.403469,6.4367056
1105.1217,350.96646,6.404868,6.437105
1104.292,350.40836,6.4062676,6.437505
1103.4623,349.85022,6.4076667,6.437905
1102.6326,349.2921,6.409218,6.4383044
1101.8027,348.734,6.4108167,6.438704
1100.973,348.1759,6.4124155,6.439104
1100.1433,347.61783,6.414015,6.4395037
1099.3136,347.05975,6.4156137,6.4399033
1098.4838,346.50168,6.4172125,6.4404545
1097.654,345.94363,6.4188113,6.4410543
1096.8242,345.38562,6.42041,6.4416537
1095.9945,344.8276,6.4220095,6.4422536
1095.1647,344.26962,6.4236083,6.442853
1094.3348,343.71167,6.425207,6.4433017
1093.505,343.15372,6.426806,6.4437017
1092.6752,342.59583,6.428405,6.4441013
1091.8453,342.03793,6.430004,6.444501
1091.0154,341.48007,6.431603,6.4449005
1090.1854,340.92227,6.4330516,6.4453006
1089.3555,340.3645,6.4344506,6.4457
1088.5255,339.80673,6.4358497,6.4460998
1087.6956,339.24902,6.4372487,6.4465
1086.8656,338.69135,6.4386477,6.4468994
1086.0355,338.1337,6.4401965,6.447299
1085.2054,337.57608,6.4417953,6.447699
1084.3754,337.0185,6.443394,6.4480987
1083.5453,336.46094,6.4449935,6.4484982
1082.7152,335.90338,6.4465923,6.448898
1081.8851,335.34586,6.4484887,6.4479575
1081.0549,334.7883,6.4504876,6.4465585
1080.2249,334.23077,6.452486,6.4451594
1079.3948,333.67325,6.454485,6.4437604
1078.5647,333.1157,6.4564834,6.4423614
1077.7346,332.55814,6.4586306,6.4409623
1076.9045,332.00055,6.460829,6.4395633
1076.0745,331.44296,6.4630275,6.438164
1075.2444,330.88535,6.4652257,6.436765
1074.4143,330.3277,6.4674244,6.435366
1073.5844,329.77002,6.4694753,6.433967
1072.7544,329.21228,6.471474,6.432568
1071.9244,328.65454,6.4734726,6.431169
1071.0945,328.0967,6.475471,6.42977
1070.2645,327.53885,6.47747,6.428371
1069.4347,326.98093,6.4794683,6.426972
1068.605,326.42294,6.481467,6.425573
1067.7751,325.8649,6.4834657,6.4241743
1066.9454,325.30676,6.485464,6.4227753
1066.1158,324.74857,6.487463,6.421376
1065.2861,324.1903,6.4896073,6.419977
1064.4567,323.63193,6.491806,6.418578
1063.6271,323.0735,6.4940042,6.417179
1062.7977,322.51495,6.496203,6.41578
1061.9684,321.95633,6.498401,6.414381
1061.139,321.39758,6.500454,6.4128366
1060.3098,320.83875,6.502453,6.4112377
1059.4806,320.2798,6.5044513,6.409639
1058.6516,319.7207,6.5064497,6.40804
1057.8226,319.1615,6.508448,6.4064417
1056.9937,318.6022,6.5104465,6.4049873
1056.1648,318.04276,6.512445,6.4035883
1055.336,317.48315,6.5144434,6.4021893
1054.5074,316.92346,6.5164423,6.4007907
1053.679,316.3636,6.5184407,6.3993917
1052.8505,315.8036,6.520583,6.3979926
1052.0221,315.24344,6.5227814,6.3965936
1051.194,314.6831,6.5249796,6.395195
1050.3658,314.12265,6.527178,6.393796
1049.5377,313.562,6.529376,6.392397
1048.7098,313.0012,6.531431,6.3909984
1047.8821,312.44022,6.5334296,6.3895993
1047.0544,311.87906,6.535428,6.3882003
1046.2269,311.31772,6.537426,6.3868017
1045.3994,310.7562,6.5394244,6.3854027
1044.5721,310.19446,6.5415654,6.384004
1043.745,309.63254,6.543763,6.382605
1042.9181,309.07043,6.5459614,6.3812065
1042.0912,308.50812,6.5481596,6.3798075
1041.2644,307.9456,6.550358,6.378409
1040.4379,307.38284,6.5524144,6.37701
1039.6115,306.8199,6.5544124,6.3756113
1038.7852,306.25668,6.556411,6.3742123
1037.959,305.69327,6.558409,6.3728137
1037.133,305.12964,6.560407,6.371415
1036.3073,304.56573,6.5624056,6.370016
1035.4816,304.00162,6.5644035,6.3686175
1034.6561,303.43726,6.5664015,6.367219
1033.8308,302.87262,6.5684,6.36582
1033.0056,302.30777,6.570398,6.3644214
1032.1807,301.74268,6.5725355,6.363023
1031.3558,301.1773,6.5747333,6.3616242
1030.5313,300.61166,6.5769315,6.3602257
1029.7069,300.04572,6.579129,6.358827
1028.8827,299.4795,6.581327,6.3574286
1028.0587,298.91293,6.583386,6.355891
1027.2349,298.3462,6.5853844,6.354293
1026.411,297.77948,6.5873823,6.352694
1025.5869,297.21292,6.5893803,6.3510957
1024.7627,296.6468,6.591378,6.3494973
1023.93805,296.0812,6.5933766,6.3480363
1023.11285,295.51642,6.5953755,6.3466372
1022.287,294.95264,6.597374,6.345238
1021.46027,294.39008,6.5993724,6.343839
1020.63257,293.82895,6.6013713,6.34244
1019.80383,293.26947,6.5950093,6.351047
1018.97375,292.71182,6.58481,6.3642464
1018.14233,292.15628,6.57461,6.3774457
1017.3094,291.60303,6.5644107,6.390645
1016.47473,291.05225,6.554211,6.4038444
1015.63837,290.5042,6.5275507,6.43666
1014.8,289.9591,6.4933267,6.47849
1013.95966,289.41718,6.459102,6.5203195
1013.11707,288.87863,6.4248776,6.5621495
1012.2722,288.3437,6.390653,6.603979
1011.425,287.81262,6.3562775,6.645826
1010.57513,287.2856,6.321833,6.68768
1009.7227,286.76288,6.287389,6.7295337
1008.8675,286.2447,6.2529445,6.771387
1008.0094,285.73123,6.2185,6.813241
1007.1484,285.22275,6.184197,6.855093
1006.2843,284.7195,6.149955,6.896944
1005.417,284.22174,6.115713,6.938795
1004.54645,283.72977,6.081471,6.9806466
1003.6725,283.2438,6.047229,7.022498
1002.7951,282.76416,6.0350366,7.037805
1001.9141,282.29102,6.0322366,7.0418053
1001.02966,281.8245,6.0294366,7.045805
1000.1417,281.3647,6.0266366,7.049805
999.2502,280.91174,6.0238366,7.053805
998.35516,280.46585,6.02188,7.056959
997.45624,280.0278,6.0202837,7.0597534
996.55304,279.59872,6.018687,7.0625477
995.6451,279.1798,6.0170903,7.065342
994.73193,278.77225,6.015494,7.0681357
993.8133,278.37726,6.0138917,7.0709395
992.8886,277.9967,6.012287,7.0737476
991.9573,277.63266,6.010682,7.076556
991.01886,277.28735,6.009077,7.079365
990.07294,276.96304,6.007472,7.0821733
989.11945,276.6619,6.005857,7.0850005
988.1586,276.38495,6.0042377,7.0878344
987.19104,276.1325,6.0026183,7.0906677
986.21735,275.90497,6.000999,7.0935016
985.2381,275.70267,5.9993796,7.0963354
984.2539,275.5259,6.046671,7.050722
983.26556,275.37418,6.1089516,6.990261
982.2738,275.24652,6.1712317,6.929801
981.2793,275.14212,6.2335134,6.8693395
980.2828,275.05997,6.2958035,6.8088694
979.28467,274.99902,6.3620276,6.744451
978.2856,274.9569,6.4291162,6.6791644
977.286,274.9308,6.4962,6.6138825
976.28613,274.91776,6.5632772,6.548608
975.28613,274.9149,6.630353,6.483334
974.2862,274.91934,6.632623,6.472329
973.2863,274.92877,6.621275,6.4727273
972.2864,274.94086,6.6099257,6.4731255
971.2865,274.9534,6.598576,6.4735236
970.2866,274.96414,6.5872264,6.473922
969.2867,274.9712,6.553701,6.4931006
968.28674,274.9754,6.514765,6.5168614
967.28674,274.97876,6.4758296,6.5406218
966.2868,274.98337,6.4368954,6.564382
965.28687,274.99124,6.3979616,6.5881414
964.287,275.00424,6.3590918,6.6118
963.28723,275.02344,6.320238,6.6354322
962.2876,275.04938,6.2813845,6.6590652
961.2882,275.08267,6.24253,6.6826982
960.28906,275.1239,6.2036743,6.706332
959.29034,275.17355,6.177337,6.7219405
958.29205,275.2315,6.154081,6.7355733
957.2943,275.29727,6.1308255,6.7492056
956.297,275.37042,6.1075706,6.762838
955.30023,275.4505,6.0843153,6.77647
954.3041,275.53708,6.0850596,6.775083
953.3084,275.62985,6.091272,6.770273
952.31335,275.72858,6.0974846,6.7654634
951.31885,275.83304,6.1036973,6.760654
950.32495,275.94302,6.1099095,6.755844
949.33167,276.05823,6.116282,6.7510386
948.3389,276.1784,6.122688,6.746234
947.3468,276.30328,6.1290936,6.74143
946.3552,276.4326,6.1355,6.736625
945.3642,276.56595,6.141906,6.7318206
944.37366,276.70316,6.1481395,6.7268553
943.38367,276.84387,6.154338,6.7218566
942.39417,276.98788,6.160536,6.7168584
941.405,277.1349,6.166734,6.7118597
940.4163,277.28458,6.172932,6.706861
939.42804,277.43674,6.179291,6.702032
938.44006,277.5911,6.1856823,6.697238
937.4524,277.74734,6.1920743,6.6924443
936.46497,277.90527,6.198466,6.6876507
935.4778,278.06458,6.204858,6.6828566
934.4907,278.22498,6.211083,6.678065
933.5039,278.38623,6.217272,6.6732736
932.5171,278.54803,6.2234607,6.668482
931.53033,278.71008,6.2296495,6.6636906
930.5436,278.8721,6.2358384,6.6588993
929.55676,279.03378,6.2421904,6.6541076
928.5699,279.19498,6.2485795,6.6493154
927.5829,279.35544,6.2549686,6.6445236
926.59576,279.51505,6.2613573,6.639732
925.60846,279.67358,6.2677464,6.63494
924.6209,279.8309,6.274138,6.629986
923.63324,279.98703,6.28053,6.6249924
922.6454,280.14203,6.2869215,6.619999
921.65735,280.296,6.2933135,6.615005
920.6691,280.449,6.299705,6.6100116
919.6808,280.60114,6.3059397,6.605176
918.6924,280.7524,6.312134,6.6003804
917.7038,280.9029,6.318328,6.595585
916.7151,281.0526,6.3245225,6.5907893
915.7263,281.20163,6.3307166,6.585994
914.73737,281.34998,6.3370705,6.5811973
913.7484,281.49768,6.3434663,6.5764003
912.75934,281.64478,6.349862,6.5716033
911.77014,281.79138,6.356258,6.566807
910.78094,281.93747,6.3626533,6.56201
909.7916,282.08316,6.368892,6.5570545
908.80225,282.22842,6.375089,6.5520573
907.81287,282.37338,6.381286,6.5470595
906.8234,282.51804,6.387483,6.542062
905.8339,282.66245,6.39368,6.5370646
904.8444,282.80667,6.400035,6.5322237
903.8549,282.95074,6.406432,6.527426
902.86536,283.09473,6.41283,6.522628
901.8758,283.23862,6.4192276,6.5178294
900.8863,283.38254,6.425625,6.5130315
899.8967,283.5265,6.4318657,6.508233
898.90717,283.67053,6.4380636,6.5034347
897.91766,283.81473,6.444261,6.4986367
896.92816,283.9591,6.450459,6.4938383
895.9387,284.1037,6.456657,6.48904
894.94934,284.2486,6.461132,6.4854946
893.95996,284.39383,6.4651303,6.482296
892.97064,284.53943,6.4691286,6.479097
891.9814,284.68546,6.473127,6.4758983
890.99225,284.8319,6.4771256,6.4726996
890.0031,284.97888,6.478625,6.471063
889.0141,285.12637,6.4794245,6.4698634
888.02515,285.2743,6.480224,6.468664
887.03625,285.4227,6.481024,6.4674644
886.0474,285.57156,6.481823,6.466265
885.05865,285.72086,6.482467,6.4652214
884.07,285.87057,6.4830666,6.4642224
883.08136,286.02066,6.4836664,6.463223
882.0928,286.17117,6.484266,6.4622235
881.10425,286.32205,6.4848657,6.461224
880.1158,286.47333,6.4856205,6.4600697
879.12744,286.62494,6.4864197,6.4588704
878.13904,286.77692,6.4872193,6.457671
877.15076,286.92923,6.4880185,6.456472
876.16254,287.08185,6.488818,6.4552727
875.1743,287.23477,6.4896173,6.454228
874.18616,287.388,6.490417,6.453229
873.19806,287.5415,6.491216,6.4522295
872.21,287.6953,6.492016,6.45123
871.222,287.84933,6.492815,6.450231
870.23395,288.00363,6.4936147,6.449078
869.24603,288.15814,6.494414,6.4478793
868.2581,288.3129,6.495213,6.44668
867.2702,288.46786,6.4960127,6.4454813
866.28235,288.62302,6.496812,6.444282
865.29456,288.77832,6.4976115,6.4430833
864.30676,288.93384,6.4984107,6.441884
863.319,289.0895,6.49921,6.4406853
862.33124,289.2453,6.500009,6.439486
861.3435,289.40125,6.5008087,6.4382873
860.3558,289.5573,6.501456,6.43724
859.3681,289.7135,6.502055,6.436241
858.38043,289.86978,6.502655,6.4352417
857.39276,290.02612,6.5032544,6.4342427
856.4051,290.18256,6.503854,6.4332438
855.4175,290.33905,6.5046043,6.4320936
854.4298,290.4956,6.5054035,6.4308944
853.4422,290.65216,6.5062027,6.4296956
852.4546,290.80875,6.5070024,6.428497
851.467,290.96536,6.5078015,6.427298
850.4793,291.12195,6.5086007,6.426249
849.4917,291.27853,6.5094,6.42525
848.5041,291.4351,6.510199,6.424251
847.5164,291.5916,6.5109987,6.4232516
846.5288,291.74808,6.511798,6.4222527
845.54114,291.90448,6.512597,6.4211044
844.55347,292.06082,6.5133963,6.419905
843.5658,292.21704,6.514196,6.4187064
842.57806,292.37317,6.514995,6.4175076
841.5904,292.5292,6.5157943,6.4163084
840.6026,292.6851,6.5165935,6.415258
839.61487,292.84082,6.517393,6.414259
838.6271,292.99643,6.5181923,6.4132595
837.6393,293.15186,6.5189915,6.4122605
836.6514,293.30713,6.519791,6.4112616
835.6636,293.4622,6.5204425,6.410115
834.67566,293.61707,6.5210423,6.4089155
833.68774,293.7717,6.5216417,6.4077168
832.69977,293.92612,6.522241,6.4065175
831.7118,294.08032,6.522841,6.4053183
830.72375,294.23425,6.523587,6.4042664
829.73566,294.3879,6.5243864,6.403267
828.7475,294.54132,6.525186,6.4022675
827.75934,294.69443,6.5259852,6.4012685
826.7711,294.84723,6.526785,6.400269
825.78284,294.9997,6.527584,6.3991237
824.79456,295.15186,6.5283837,6.3979244
823.80615,295.30368,6.529183,6.396725
822.81775,295.45514,6.5299826,6.395526
821.8293,295.60626,6.530782,6.394327
820.84076,295.75702,6.5315814,6.393273
819.8522,295.90744,6.532381,6.3922734
818.8635,296.0575,6.5331807,6.3912745
817.8748,296.20724,6.5339804,6.390275
816.8861,296.35672,6.5347795,6.3892756
815.89734,296.50592,6.535579,6.388131
814.9085,296.65488,6.536379,6.386932
813.9197,296.8036,6.5371785,6.385732
812.9308,296.95206,6.537978,6.384533
811.9419,297.10037,6.5387774,6.3833337
810.95294,297.24847,6.539433,6.3821344
809.964,297.39645,6.5400324,6.3809347
808.97504,297.54425,6.5406322,6.3797355
807.986,297.69196,6.541232,6.378536
806.997,297.83954,6.5418315,6.3773365
806.008,297.98703,6.5425754,6.376281
805.019,298.13446,6.543375,6.3752813
804.0299,298.28183,6.5441747,6.374282
803.0409,298.42917,6.5449743,6.3732824
802.0518,298.5765,6.5457735,6.372283
801.06274,298.72385,6.546573,6.37114
800.0737,298.87122,6.547373,6.3699408
799.0847,299.01862,6.5481725,6.368741
798.09564,299.16608,6.548972,6.367542
797.1066,299.31363,6.549772,6.366342
796.1176,299.46127,6.5505714,6.365286
795.12866,299.60904,6.551371,6.364286
794.1397,299.75693,6.5521708,6.3632865
793.15076,299.90497,6.5529704,6.362287
792.1618,300.0532,6.55377,6.3612876
791.1729,300.2016,6.5545697,6.3601456
790.1841,300.35022,6.555369,6.3589463
789.19525,300.49908,6.5561686,6.357747
788.2065,300.64816,6.556968,6.356548
787.2177,300.79755,6.557768,6.355348
786.229,300.94717,6.5584254,6.354291
785.24036,301.0971,6.5590253,6.3532915
784.2518,301.24738,6.5596247,6.352292
783.2632,301.39798,6.5602245,6.3512926
782.2747,301.54895,6.560824,6.350293
781.28625,301.7003,6.564531,6.3473163
780.29785,301.852,6.5695276,6.343519
779.3096,302.00415,6.5745244,6.3397217
778.3213,302.1567,6.5795207,6.335924
777.3331,302.30972,6.5845175,6.3321266
776.345,302.46323,6.5912004,6.3273454
775.35693,302.6172,6.5985947,6.3221498
774.369,302.77167,6.605989,6.3169537
773.3811,302.92667,6.6133833,6.3117576
772.3933,303.0822,6.6207776,6.306562
771.40564,303.2383,6.628171,6.3012266
770.418,303.395,6.6355643,6.2958317
769.4305,303.55228,6.642957,6.2904363
768.44305,303.71014,6.6503506,6.2850413
767.45575,303.86868,6.657744,6.2796464
766.46857,304.02783,6.665275,6.2743907
765.48145,304.18768,6.672867,6.2691965
764.49445,304.3482,6.6804585,6.2640023
763.50757,304.50943,6.6880503,6.2588077
762.5208,304.67142,6.695642,6.2536135
761.5342,304.83414,6.703095,6.2482824
760.54767,304.99762,6.710485,6.2428894
759.5613,305.1619,6.7178755,6.2374964
758.5751,305.32693,6.725266,6.2321033
757.5889,305.49274,6.7326565,6.2267103
756.60297,305.65933,6.7400455,6.2214546
755.61707,305.82678,6.747434,6.216263
754.6314,305.99512,6.7548223,6.2110705
753.6459,306.16443,6.762211,6.2058787
752.6605,306.33478,6.7695994,6.200687
751.67535,306.5062,6.776987,6.1954956
750.69037,306.6785,6.7843738,6.1903048
749.70544,306.8513,6.7917604,6.1851144
748.7205,307.02417,6.7991476,6.1799235
747.7356,307.1968,6.8065343,6.1747327
746.75055,307.36877,6.8140564,6.1694074
745.76526,307.53958,6.8216467,6.1640143
744.7797,307.70874,6.829237,6.1586213
743.79376,307.8757,6.836827,6.1532283
742.8074,308.03995,6.844417,6.1478353
741.8205,308.20093,6.851882,6.1425695
740.83295,308.35815,6.859282,6.137369
739.8448,308.5111,6.866682,6.1321692
738.85583,308.6593,6.8740826,6.1269693
737.86615,308.80225,6.8814826,6.121769
736.8756,308.9394,6.8888903,6.1164317
735.8843,309.07028,6.8963017,6.111023
734.892,309.19434,6.903713,6.1056147
733.8989,309.31104,6.9111247,6.1002064
732.9049,309.41986,6.9185357,6.094798
731.91,309.5203,6.92595,6.0895214
730.91425,309.6118,6.933366,6.0843105
729.91766,309.6939,6.940781,6.0790997
728.9203,309.7661,6.948197,6.073889
727.92224,309.82797,6.9556127,6.0686774
726.9236,309.87897,6.9398255,6.056692
725.92444,309.91855,6.913022,6.04149
724.92487,309.9461,6.886219,6.0262885
723.925,309.96103,6.8594174,6.0110874
722.92505,309.9627,6.8326178,5.9958878
721.9252,309.9506,6.7950277,5.9775248
720.92554,309.92447,6.7523236,5.957662
719.9264,309.8844,6.709616,5.937798
718.9279,309.83038,6.666899,5.9179296
717.93024,309.76242,6.624165,5.8980536
716.93365,309.68042,6.5816817,5.878421
715.93854,309.58264,6.5393367,5.8589225
714.9454,309.4663,6.497004,5.83943
713.95496,309.3287,6.4547167,5.819958
712.96814,309.1672,6.412514,5.800525
711.9861,308.97906,6.414547,5.803643
711.0112,308.75647,6.4511886,5.824407
710.04834,308.48715,6.4878917,5.8452053
709.10406,308.1587,6.524697,5.8660617
708.1877,307.7593,6.5615516,5.886946
707.31055,307.27985,6.5963783,5.894713
706.48145,306.7213,6.630084,5.8957863
705.7067,306.08963,6.6637263,5.8968577
704.9926,305.39005,6.69738,5.897929
704.34644,304.6274,6.73092,5.8991404
703.7742,303.80777,6.707325,5.9403796
703.2744,302.94196,6.6837316,5.9816165
702.8419,302.0406,6.660181,6.022779
702.47015,301.11243,6.636663,6.0638847
702.15247,300.16437,6.609841,6.108952
701.8826,299.20163,6.559266,6.182462
701.6555,298.22787,6.508601,6.256103
701.4659,297.2461,6.457907,6.329786
701.3082,296.25867,6.4072104,6.4034734
701.1768,295.2674,6.358381,6.474898
701.066,294.27362,6.3713226,6.471421
700.96985,293.2783,6.384267,6.467943
700.88275,292.28214,6.3972116,6.4644656
700.79877,291.2857,6.410156,6.460988
700.71216,290.2895,6.4231005,6.4575105
700.6179,289.29398,6.436157,6.453957
700.5163,288.2992,6.449233,6.450391
700.4095,287.30496,6.462308,6.446825
700.2996,286.31107,6.4753823,6.4432592
700.18896,285.31723,6.488456,6.439694
700.0797,284.32324,6.501862,6.43592
699.9736,283.32895,6.515349,6.432095
699.872,282.33414,6.5288363,6.4282703
699.77673,281.33875,6.542324,6.424445
699.68915,280.34262,6.555813,6.4206204
699.61066,279.34576,6.569304,6.416963
699.5414,278.3482,6.5827947,6.4133387
699.48083,277.35007,6.5962853,6.409714
699.42865,276.35147,6.609775,6.4060903
699.3844,275.35248,6.6232653,6.402466
699.34766,274.3532,6.636561,6.397971
699.31824,273.35367,6.649828,6.3933477
699.2962,272.35397,6.663096,6.3887243
699.2813,271.3541,6.6763635,6.3841004
699.2736,270.3542,6.689631,6.379477
699.2731,269.35422,6.703054,6.375042
699.2794,268.35428,6.716494,6.370629
699.29254,267.3544,6.7299347,6.3662157
699.31226,266.35464,6.743375,6.361802
699.3385,265.355,6.7568154,6.357389
699.371,264.3556,6.768769,6.3529844
699.4096,263.35635,6.780579,6.348581
699.4543,262.3574,6.792389,6.344177
699.50476,261.35873,6.804199,6.339773
699.56104,260.36035,6.816009,6.3353696
699.6229,259.3623,6.8137054,6.3318887
699.6903,258.3646,6.8101096,6.328492
699.76294,257.36728,6.8065133,6.325096
699.8408,256.37036,6.802917,6.3216996
699.92377,255.37386,6.799321,6.318303
700.01166,254.37776,6.7957296,6.3147297
700.1043,253.3821,6.7921386,6.3111386
700.2016,252.38687,6.7885475,6.307547
700.3034,251.3921,6.7849565,6.303956
700.40955,250.3978,6.781365,6.300365
700.5199,249.40395,6.777955,6.2967763
700.6344,248.41055,6.7745657,6.293187
700.7529,247.41765,6.7711763,6.2895985
700.87537,246.42522,6.767787,6.28601
701.0017,245.43326,6.7643976,6.282421
701.1319,244.4418,6.7608314,6.2790074
701.266,243.45088,6.7572412,6.275617
701.4043,242.46053,6.7536516,6.2722263
701.54694,241.4708,6.750062,6.268836
701.69415,240.48172,6.746472,6.2654457
701.8461,239.49338,6.7433987,6.261532
702.00305,238.50581,6.7404037,6.2575383
702.1651,237.51907,6.737409,6.2535453
702.3325,236.53322,6.734414,6.249552
702.5053,235.5483,6.731419,6.2455587
702.68384,234.5644,6.7402887,6.234335
702.86816,233.58157,6.7510886,6.2219353
703.05853,232.5999,6.7618885,6.2095356
703.25507,231.61945,6.772688,6.197136
703.45807,230.6403,6.783488,6.1847363
703.66754,229.66254,6.7943044,6.1723175
703.88385,228.68625,6.8051233,6.1598954
704.10706,227.71152,6.8159423,6.147474
704.33734,226.73843,6.8267612,6.1350517
704.57495,225.76712,6.83758,6.12263
704.82007,224.79765,6.8484125,6.110193
705.07275,223.83015,6.859247,6.0977535
705.3333,222.86473,6.8700814,6.085314
705.6018,221.90149,6.880916,6.072874
705.8785,220.94058,6.8917503,6.060435
706.1635,219.98209,6.90259,6.04799
706.457,219.02617,6.9134297,6.035544
706.75916,218.07295,6.9242697,6.023098
707.07007,217.12257,6.9351096,6.010652
707.39,216.17517,6.9459496,5.998206
707.71906,215.2309,6.9537005,5.9922915
708.0574,214.2899,6.96112,5.9870777
708.405,213.35234,6.9685397,5.981864
708.76227,212.41835,6.97596,5.9766498
709.1291,211.48813,6.9833794,5.971436
709.50574,210.5618,6.981617,5.9849305
709.8921,209.6395,6.979017,6.0001326
710.28815,208.72133,6.9764166,6.0153346
710.6939,207.80739,6.973816,6.0305367
711.10925,206.89777,6.9712157,6.0457387
711.5341,205.99257,6.968619,6.06092
711.9685,205.09189,6.9660225,6.0760984
712.4124,204.19583,6.963426,6.0912776
712.86566,203.3045,6.9608297,6.1064568
713.32825,202.41798,6.9582334,6.1216354
713.8002,201.53639,6.9558187,6.1368165
714.28143,200.65985,6.9534216,6.1519976
714.772,199.7885,6.9510245,6.1671786
715.2719,198.92249,6.9486275,6.1823597
715.78125,198.06197,6.9462304,6.197541
716.3,197.20706,6.943649,6.2127457
716.8279,196.3578,6.9410477,6.2279525
717.3647,195.51416,6.9384465,6.2431593
717.9102,194.67613,6.9358454,6.258366
718.46423,193.84367,6.933244,6.273573
719.0264,193.01672,6.908131,6.292063
719.59625,192.19499,6.880687,6.3108935
720.17303,191.37813,6.853244,6.3297234
720.7561,190.56578,6.8258,6.348553
721.3449,189.75752,6.7983565,6.367383
721.9387,188.95299,6.7628856,6.3872952
722.53705,188.15176,6.7266603,6.407309
723.1393,187.35349,6.690435,6.4273233
723.7448,186.55774,6.6542096,6.447337
724.3532,185.76413,6.6179843,6.4673514
724.9638,184.97224,6.5818133,6.487152
725.5762,184.18173,6.545647,6.5069337
726.18994,183.39227,6.5094805,6.5267153
726.80457,182.60353,6.4733133,6.546497
727.41974,181.81516,6.437146,6.566279
728.0348,181.02672,6.401178,6.5862346
728.64844,180.23718,6.3652287,6.6062064
729.25916,179.44539,6.32928,6.626178
729.8654,178.65016,6.293333,6.646148
730.4656,177.85034,6.2573915,6.6661158
731.058,177.04478,6.227775,6.683844
731.64056,176.23203,6.1988187,6.701339
732.21075,175.41057,6.169859,6.7188354
732.7661,174.57906,6.1408954,6.7363343
733.3042,173.7362,6.1119313,6.7538333
733.8225,172.8811,6.110568,6.761627
734.3203,172.01389,6.1111765,6.7687263
734.79724,171.135,6.111785,6.775825
735.2528,170.24487,6.1123934,6.7829237
735.6867,169.34396,6.113002,6.7900233
736.0986,168.43279,6.113606,6.797271
736.4887,167.5121,6.11421,6.8045187
736.85767,166.5827,6.114814,6.811766
737.2058,165.64532,6.115418,6.8190136
737.5337,164.70067,6.1165633,6.82615
737.8417,163.74934,6.132201,6.8303065
738.1298,162.79181,6.1478395,6.8344636
738.3981,161.8285,6.1634784,6.8386207
738.64624,160.85985,6.1791177,6.842778
738.8743,159.88628,6.194757,6.8469353
739.0823,158.90819,6.2386136,6.845837
739.26984,157.92598,6.2829156,6.8446555
739.43677,156.94006,6.3272166,6.8434744
739.5829,155.95085,6.371517,6.842293
739.7079,154.95876,6.415816,6.8411117
739.8116,153.9642,6.458453,6.8384843
739.89343,152.96762,6.5009174,6.835706
739.953,151.96945,6.543383,6.832928
739.98975,150.97018,6.5858507,6.83015
740.0031,149.97032,6.62832,6.8273716
739.99274,148.97044,6.5913997,6.7749715
739.9587,147.97108,6.542224,6.714913
739.9013,146.97278,6.4930506,6.6548567
739.821,145.97607,6.443878,6.594802
739.7181,144.98145,6.394704,6.534745
739.59283,143.98936,6.3597035,6.5124745
739.4459,143.00027,6.326201,6.4942007
739.27783,142.01456,6.292699,6.4759264
739.0892,141.03258,6.2591963,6.4576526
738.88043,140.05466,6.225693,6.4393783
738.6523,139.08109,6.2228155,6.5001683
738.40533,138.1121,6.2205844,6.56263
738.1402,137.14795,6.2183537,6.625092
737.85754,136.18878,6.216123,6.687553
737.5579,135.23477,6.215148,6.747428
737.24207,134.28603,6.2389293,6.7562957
736.91046,133.34265,6.2627106,6.7651634
736.5638,132.40471,6.286492,6.7740307
736.2027,131.47224,6.310273,6.7828984
735.8277,130.54526,6.334747,6.790326
735.43945,129.62373,6.366536,6.782529
735.0386,128.70769,6.398326,6.774731
734.6255,127.79703,6.4301157,6.766934
734.2008,126.891716,6.461905,6.7591367
733.76514,125.99167,6.49344,6.7530603
733.3189,125.09679,6.522226,6.765567
732.8627,124.20699,6.5510116,6.778074
732.3968,123.322174,6.5797973,6.7905807
731.9218,122.44224,6.6085835,6.8030877
731.4381,121.56705,6.6371384,6.817192
730.94617,120.69647,6.661061,6.863258
730.4465,119.83033,6.6849837,6.909324
729.93945,118.96842,6.7089067,6.95539
729.4257,118.11054,6.7328286,7.0014553
728.90564,117.25647,6.7567506,7.0475197
728.3796,116.40606,6.786944,7.090274
727.8473,115.55955,6.817204,7.1329937
727.3083,114.717255,6.8474646,7.1757145
726.76227,113.87953,6.877725,7.2184353
726.2088,113.04672,6.9079847,7.261155
725.64746,112.219215,6.980702,7.2814436
725.07764,111.397484,7.0564466,7.3001313
724.49884,110.58208,7.1321917,7.318819
723.91046,109.773544,7.207937,7.337507
723.31195,108.97246,7.28368,7.356194
722.7028,108.17943,7.3599577,7.374832
722.0825,107.395134,7.4362907,7.3934646
721.45044,106.62029,7.5126247,7.4120975
720.8061,105.85565,7.5889587,7.43073
720.14886,105.10199,7.6652894,7.449362
719.47845,104.360085,7.690945,7.517768
718.79456,103.630554,7.7117157,7.5909686
718.0971,102.91399,7.7324867,7.664171
717.38605,102.21096,7.753259,7.737379
716.6612,101.52212,7.774033,7.810593
715.9227,100.8479,7.7632627,7.914441
715.17163,100.18779,7.7509527,8.01978
714.40906,99.54097,7.738644,8.125111
713.6361,98.90657,7.726336,8.230435
712.8539,98.28368,7.714028,8.335762
712.0633,97.671394,7.7166047,8.423966
711.2652,97.0689,7.719216,8.512138
710.46045,96.47541,7.721827,8.600313
709.64966,95.89011,7.724438,8.688489
708.8336,95.31215,7.7283635,8.775155
708.01306,94.74066,7.8005376,8.783352
707.1887,94.17466,7.8727126,8.791549
706.3613,93.61312,7.944887,8.7997465
705.5316,93.05502,8.01706,8.807943
704.70026,92.49932,8.089235,8.81614
703.8679,91.94511,8.161507,8.824326
703.0349,91.39194,8.233779,8.832511
702.2014,90.839485,8.306052,8.840696
701.3676,90.28743,8.378325,8.848882
700.5338,89.73544,8.450597,8.857069
699.70013,89.18328,8.5226965,8.865458
698.8665,88.63097,8.594796,8.873846
698.03296,88.0786,8.666896,8.882235
697.1994,87.526276,8.738995,8.890623
696.3657,86.9741,8.811094,8.899011
695.5319,86.42214,8.883219,8.907202
694.6979,85.87042,8.955343,8.915394
693.8638,85.31895,9.027469,8.923585
693.0295,84.7677,9.099593,8.931776
692.195,84.2167,9.171718,8.939968
691.36035,83.66594,9.214998,8.946769
690.5256,83.11544,9.258166,8.953563
689.6906,82.56523,9.301333,8.960358
688.8554,82.01534,9.344501,8.967153
688.02,81.46579,9.387668,8.973948
687.1843,80.9166,9.3689575,8.977571
686.34845,80.3678,9.349769,8.981169
685.51227,79.819405,9.330579,8.984767
684.67584,79.27143,9.311389,8.988364
683.83905,78.7239,9.292199,8.991962
683.002,78.176834,9.272809,8.995363
682.1647,77.63026,9.253416,8.998762
681.32697,77.084175,9.234024,9.002161
680.48895,76.53862,9.214631,9.00556
679.6506,75.9936,9.195239,9.008958
678.8118,75.44915,9.176043,9.012554
677.9727,74.90529,9.156848,9.016153
677.1332,74.36203,9.137654,9.0197525
676.2932,73.81941,9.118461,9.023351
675.4529,73.27746,9.099266,9.02695
674.61206,72.73618,9.080072,9.030549
673.7708,72.195595,9.060879,9.034147
672.92914,71.6557,9.041685,9.037746
672.087,71.11649,9.022491,9.041346
671.24445,70.57798,9.003298,9.044944
670.4014,70.04017,8.983908,9.048543
669.558,69.50302,8.964516,9.052141
668.7141,68.96651,8.945123,9.05574
667.8699,68.4306,8.925731,9.059339
667.02527,67.89528,8.906338,9.062938
666.1803,67.36051,8.887143,9.066536
665.335,66.826256,8.867951,9.070134
664.48944,66.29251,8.848761,9.073732
663.64355,65.75924,8.829569,9.077331
662.79736,65.22642,8.810378,9.080929
661.9509,64.69402,8.791188,9.0843315
661.1042,64.16204,8.771997,9.087729
660.25726,63.63043,8.752808,9.091127
659.4101,63.09917,8.733618,9.094526
658.56274,62.568237,8.714428,9.097924
657.71515,62.037605,8.697193,9.10054
656.86743,61.50725,8.680003,9.103139
656.01953,60.977146,8.662813,9.105738
655.1715,60.44726,8.645622,9.108336
654.32336,59.91758,8.628432,9.110934
653.4751,59.388073,8.63482,9.101257
652.6268,58.858715,8.641815,9.091264
651.7783,58.32948,8.648811,9.08127
650.9298,57.800343,8.655807,9.071277
650.0813,57.27128,8.662803,9.061282
649.2327,56.742264,8.669603,9.051289
648.38416,56.21327,8.676399,9.041296
647.5355,55.684273,8.683194,9.031302
646.687,55.155243,8.68999,9.021309
645.83844,54.626152,8.696786,9.011315
644.99,54.09698,8.703581,9.001322
644.1416,53.567703,8.710377,8.991328
643.2933,53.0383,8.717173,8.981335
642.445,52.508747,8.723968,8.971342
641.5969,51.97903,8.730763,8.961349
640.7489,51.44913,8.737751,8.951355
639.901,50.919044,8.744747,8.941361
639.0532,50.388775,8.751742,8.931369
638.2055,49.85833,8.758738,8.921375
637.358,49.32771,8.765733,8.911382
636.5105,48.796913,8.772535,8.901581
635.66315,48.26595,8.779331,8.891788
634.8159,47.734818,8.786126,8.881994
633.96875,47.20351,8.792922,8.872201
633.12177,46.672035,8.799717,8.862408
632.27484,46.14039,8.8067045,8.852423
631.428,45.608574,8.8137,8.842429
630.5813,45.07659,8.820695,8.832436
629.7347,44.544445,8.82769,8.822443
628.8882,44.01213,8.834685,8.812449
628.0418,43.479652,8.84149,8.802457
627.1955,42.94701,8.848285,8.792463
626.3493,42.414207,8.855081,8.78247
625.5032,41.88124,8.861876,8.772477
624.6572,41.348114,8.868671,8.762484
623.81134,40.814827,8.875466,8.752491
622.9655,40.281384,8.882261,8.742497
622.1198,39.74778,8.889057,8.732505
621.27423,39.21402,8.895852,8.722511
620.4288,38.680103,8.902648,8.712518
619.5834,38.14603,8.909633,8.702525
618.73804,37.611805,8.916628,8.692532
617.8928,37.077427,8.923623,8.682539
617.0477,36.542896,8.930618,8.672545
616.20276,36.008213,8.9376135,8.662553
615.35785,35.47338,8.94442,8.652748
614.513,34.9384,8.951215,8.642955
613.6683,34.403267,8.95801,8.6331625
612.82367,33.86799,8.964806,8.623369
611.9791,33.332565,8.971601,8.613576
611.13464,32.796993,8.977455,8.606416
610.2903,32.26128,8.983252,8.599421
609.44604,31.72542,8.989047,8.592426
608.60187,31.189417,8.9948435,8.585431
607.7578,30.653273,9.000639,8.578436
606.9138,30.116987,9.002874,8.582123
606.0699,29.580563,9.004872,8.58652
605.2261,29.043999,9.006871,8.590917
604.3823,28.507296,9.00887,8.595314
603.5387,27.970455,9.010868,8.59971
602.6951,27.43348,9.012867,8.603921
601.8517,26.896368,9.014866,8.608118
601.0083,26.359121,9.016864,8.612315
600.16504,25.821743,9.018863,8.616512
599.3218,25.28423,9.020862,8.620709
598.4787,24.746586,9.022861,8.6250925
597.6356,24.20881,9.024858,8.629489
596.79266,23.670906,9.026857,8.633886
595.94977,23.132874,9.028856,8.638283
595.107,22.594711,9.030854,8.64268
594.2643,22.056423,9.032853,8.647077
593.42163,21.51801,9.034852,8.651473
592.5791,20.97947,9.03685,8.65587
591.73663,20.440805,9.038849,8.660267
590.8942,19.902018,9.040848,8.664664
590.0519,19.363108,9.042846,8.668877
589.20966,18.824078,9.044845,8.673074
588.3675,18.284925,9.046844,8.677271
587.5254,17.745655,9.048841,8.681467
586.6834,17.206264,9.05084,8.685664
585.84143,16.666758,9.052839,8.690045
584.9996,16.127132,9.054837,8.694443
584.1578,15.587393,9.056836,8.698839
583.3161,15.047537,9.058835,8.703237
582.4744,14.507568,9.060833,8.707633
581.6329,13.967485,9.062832,8.712029
580.7914,13.427292,9.064831,8.716427
579.94995,12.886986,9.066829,8.720823
579.1086,12.34657,9.068828,8.725221
578.26733,11.806045,9.070827,8.729617
577.4261,11.26541,9.0728245,8.733831
576.58496,10.724669,9.074823,8.738029
575.7439,10.183822,9.076822,8.742226
574.9029,9.642867,9.07882,8.746423
574.06195,9.101809,9.080819,8.75062
573.22107,8.560647,9.082818,8.754999
572.38025,8.0193815,9.084816,8.759396
571.5395,7.4780145,9.086815,8.763793
570.69885,6.9365463,9.088814,8.768189
569.8582,6.394978,9.090812,8.772587
569.01764,5.8533106,9.092811,8.776983
568.1772,5.3115444,9.09481,8.781381
567.3368,4.769681,9.0968075,8.785777
566.4964,4.227721,9.098806,8.7901745
565.6561,3.685666,9.100805,8.794571
564.81586,3.1435163,9.102803,8.798787
563.9757,2.601273,9.104802,8.802984
563.13556,2.0589368,9.106801,8.807181
562.29553,1.516509,9.108799,8.8113785
561.4555,0.9739902,9.110798,8.815576
560.6156,0.43138134,9.112797,8.819953
559.7757,-0.111316614,9.114796,8.824349
558.93585,-0.65410274,9.116794,8.828747
558.09607,-1.1969761,9.118793,8.833143
557.25635,-1.7399358,9.120791,8.837541
556.41675,-2.282981,9.122789,8.841937
555.5771,-2.8261104,9.124788,8.846334
554.73755,-3.3693235,9.126787,8.850731
553.8981,-3.912619,9.128785,8.855128
553.0586,-4.4559965,9.130784,8.859526
552.21924,-4.999455,9.132783,8.863744
551.3799,-5.542993,9.134782,8.867941
550.5406,-6.08661,9.13678,8.872138
549.70135,-6.630305,9.138779,8.876335
548.8622,-7.174077,9.140778,8.880532
548.023,-7.717925,9.1427765,8.884908
547.18396,-8.261848,9.144774,8.889304
546.3449,-8.805846,9.146773,8.893702
545.5059,-9.349917,9.148772,8.898098
544.66693,-9.894061,9.15077,8.902495
543.82806,-10.438277,9.152769,8.906893
542.9892,-10.982563,9.154768,8.911289
542.1504,-11.526918,9.156767,8.915687
541.31165,-12.071343,9.158766,8.920084
540.4729,-12.615836,9.160764,8.92448
539.6342,-13.160396,9.162763,8.928701
538.7956,-13.705022,9.164762,8.9328985
537.957,-14.249712,9.16676,8.937097
537.11847,-14.794468,9.168758,8.941294
536.27997,-15.339286,9.170757,8.945491
535.44147,-15.884167,9.172756,8.949863
534.603,-16.42911,9.174755,8.954261
533.76465,-16.974112,9.176754,8.958658
532.92633,-17.519175,9.178752,8.963056
532.088,-18.064297,9.180751,8.967452
531.2497,-18.609476,9.18275,8.971849
530.4115,-19.15471,9.184749,8.976247
529.57324,-19.700003,9.186748,8.980644
528.7351,-20.24535,9.188746,8.985042
527.897,-20.790752,9.190744,8.989439
527.0589,-21.336208,9.192743,8.993662
526.2208,-21.881716,9.194742,8.997859
525.3828,-22.427275,9.196741,9.002056
524.5448,-22.972883,9.19874,9.006254
523.70685,-23.518541,9.200739,9.010451
522.8689,-24.064245,9.202738,9.014822
522.031,-24.61,9.204737,9.019219
521.1931,-25.155811,9.206735,9.023617
520.3553,-25.701681,9.208734,9.028014
519.5175,-26.247618,9.210732,9.032412
518.6798,-26.793621,9.212731,9.036809
517.8421,-27.3397,9.21473,9.041206
517.00446,-27.885859,9.216729,9.045604
516.1669,-28.432104,9.218728,9.050001
515.32935,-28.97844,9.220727,9.054399
514.4919,-29.524874,9.222726,9.058624
513.6545,-30.07141,9.224725,9.062821
512.8172,-30.618052,9.226724,9.0670185
511.97995,-31.164808,9.228723,9.071217
511.14276,-31.711683,9.2307205,9.075414
510.3057,-32.258682,9.232719,9.079783
509.4687,-32.80581,9.234718,9.084181
508.63174,-33.35307,9.236717,9.088578
507.79492,-33.90047,9.238716,9.092976
506.9582,-34.44802,9.240715,9.097373
506.12158,-34.995716,9.230545,9.088403
505.28503,-35.54357,9.218352,9.077209
504.4486,-36.091587,9.206161,9.066016
503.6123,-36.639767,9.193968,9.054823
502.7761,-37.18812,9.181775,9.04363
501.94,-37.736652,9.166166,9.028679
501.10403,-38.285366,9.149977,9.013088
500.26822,-38.83427,9.133787,8.9974985
499.4325,-39.383366,9.117597,8.981908
498.5969,-39.932663,9.101407,8.966317
497.76144,-40.48216,9.085047,8.950558
496.92615,-41.031868,9.068658,8.934768
496.09097,-41.581795,9.052268,8.918978
495.25595,-42.13194,9.035879,8.903188
494.42108,-42.68231,9.019489,8.887399
493.58636,-43.23291,9.00327,8.8717785
492.75177,-43.783745,8.987082,8.85619
491.9174,-44.334824,8.970892,8.8406
491.08313,-44.88615,8.954703,8.82501
490.24905,-45.43773,8.938515,8.809422
489.41513,-45.989563,8.922157,8.793664
488.58142,-46.54166,8.905769,8.777875
487.74786,-47.09403,8.889381,8.762087
486.9145,-47.646667,8.872993,8.746299
486.0813,-48.19959,8.856606,8.73051
485.2483,-48.752792,8.840386,8.7148905
484.41547,-49.306282,8.824199,8.699303
483.58286,-49.86007,8.808012,8.683715
482.75046,-50.414158,8.791824,8.668127
481.91824,-50.968548,8.775637,8.652539
481.08624,-51.52325,8.759283,8.6367855
480.25443,-52.07827,8.742898,8.620998
479.42285,-52.63361,8.726512,8.605212
478.5915,-53.189278,8.710126,8.589426
477.76035,-53.745274,8.69374,8.573639
476.92944,-54.301605,8.677521,8.558021
476.09875,-54.85828,8.661336,8.542435
475.2683,-55.415302,8.645151,8.52685
474.43808,-55.97268,8.628966,8.511264
473.60812,-56.530415,8.612782,8.495679
472.77838,-57.088516,8.596598,8.479929
471.9489,-57.646984,8.580415,8.464146
471.1197,-58.205826,8.564232,8.448361
470.2907,-58.76504,8.548048,8.432578
469.46198,-59.324635,8.531865,8.416794
468.6335,-59.88461,8.518477,8.408246
467.8053,-60.444973,8.5056925,8.401254
466.9774,-61.005745,8.492907,8.394261
466.14975,-61.566936,8.480122,8.38727
465.3224,-62.128563,8.467336,8.380278
464.49536,-62.69063,8.459123,8.383408
463.66858,-63.25312,8.451932,8.388801
462.8421,-63.815994,8.444741,8.394195
462.01584,-64.37922,8.43755,8.399588
461.1898,-64.94275,8.430359,8.404981
460.36392,-65.50655,8.423006,8.410212
459.53818,-66.07054,8.415616,8.415405
458.71252,-66.63462,8.408225,8.420598
457.88684,-67.19869,8.400835,8.425792
457.06107,-67.76266,8.393444,8.430985
456.23517,-68.326416,8.386053,8.436339
455.4091,-68.88988,8.378661,8.441733
454.58273,-69.45296,8.37127,8.447127
453.75604,-70.01557,8.363878,8.452521
452.929,-70.57763,8.356486,8.457915
452.1015,-71.139046,8.3490925,8.463151
451.27353,-71.69972,8.341699,8.468348
450.44498,-72.25959,8.334304,8.473543
449.6158,-72.818535,8.32691,8.478739
448.78598,-73.37649,8.319515,8.483935
447.9554,-73.93334,8.312119,8.489292
447.12405,-74.489006,8.30472,8.494691
446.29187,-75.0434,8.297322,8.50009
445.45874,-75.59642,8.289924,8.505488
444.62463,-76.147964,8.282526,8.510886
443.78952,-76.69795,8.249079,8.476267
442.9533,-77.24629,8.208863,8.431251
442.11594,-77.7929,8.168649,8.386234
441.27744,-78.33769,8.128434,8.341217
440.43765,-78.88058,8.08822,8.296201
439.59662,-79.42148,8.044479,8.246063
438.7542,-79.960266,7.9998336,8.194611
437.9104,-80.49682,7.9551883,8.143159
437.06506,-81.031,7.9105425,8.091706
436.21817,-81.562675,7.8658967,8.040254
435.36963,-82.09173,7.8213906,7.9887767
434.51944,-82.61816,7.7769194,7.937294
433.6677,-83.142006,7.732448,7.885812
432.81436,-83.663315,7.687977,7.834329
431.9595,-84.18214,7.6435056,7.7828465
431.10324,-84.698555,7.599035,7.7313647
430.2458,-85.213066,7.554564,7.679883
429.3876,-85.72632,7.5100937,7.6284013
428.52905,-86.23897,7.465623,7.5769196
427.67053,-86.751686,7.4211526,7.525438
426.81244,-87.2651,7.376403,7.473848
425.95508,-87.779755,7.3315907,7.422234
425.09875,-88.296135,7.286779,7.3706203
424.24377,-88.81473,7.241967,7.319007
423.39044,-89.33602,7.197157,7.267395
422.5391,-89.86052,7.125047,7.201552
421.69012,-90.388916,7.0468626,7.1325417
420.84412,-90.92199,6.968676,7.0635304
420.00153,-91.4605,6.890487,6.994517
419.16293,-92.005196,6.8122954,6.9255004
418.3288,-92.55669,6.734419,6.8567624
417.49887,-93.11446,6.6566205,6.7880936
416.67255,-93.677574,6.578825,6.719427
415.8492,-94.24506,6.501032,6.6507626
415.02826,-94.815994,6.423239,6.582099
414.209,-95.38937,6.345521,6.5135007
413.39044,-95.96374,6.267823,6.4449205
412.57138,-96.53739,6.190124,6.376339
411.75064,-97.10863,6.112424,6.3077564
410.92706,-97.67573,6.0347257,6.2391763
410.09946,-98.23697,5.956648,6.1704044
409.26675,-98.79063,5.8784246,6.10156
408.42795,-99.33496,5.8002014,6.0327153
407.58203,-99.8682,5.7219796,5.9638724
406.72812,-100.38852,5.6437674,5.8950377
405.8654,-100.89408,5.551063,5.8121996
404.9931,-101.38297,5.452412,5.7236147
404.11066,-101.853264,5.353754,5.635024
403.2175,-102.302925,5.2550797,5.5464187
402.3133,-102.72985,5.156393,5.457802
401.39783,-103.13209,5.033159,5.345849
400.47174,-103.509186,4.90144,5.2258296
399.53595,-103.86158,4.7697434,5.1058307
398.59137,-104.189705,4.638061,4.985844
397.6389,-104.49401,4.506377,4.865857
396.6792,-104.77495,4.4065967,4.796023
395.71313,-105.032936,4.315572,4.739961
394.7413,-105.268394,4.224542,4.683897
393.76437,-105.48176,4.133512,4.627832
392.783,-105.673454,4.0424805,4.571766
391.79767,-105.84394,3.9712787,4.546922
390.809,-105.99358,3.9047887,4.529499
389.8174,-106.12275,3.8382993,4.5120754
388.82346,-106.23179,3.77181,4.4946523
387.82748,-106.32107,3.7053196,4.477228
386.83,-106.39097,3.6988778,4.4653463
385.83133,-106.44205,3.7060924,4.454725
384.83194,-106.47491,3.7133071,4.4441032
383.8321,-106.49017,3.7205217,4.4334817
382.83215,-106.48848,3.7277367,4.4228597
381.83237,-106.470474,3.7395854,4.41273
380.83295,-106.43712,3.752418,4.4027047
379.83414,-106.3895,3.7652502,4.392679
378.83603,-106.32872,3.7780824,4.382654
377.8387,-106.25585,3.7909145,4.372629
376.8423,-106.17196,3.8037097,4.3628006
375.84677,-106.07803,3.8164978,4.353009
374.8521,-105.975006,3.8292863,4.3432183
373.85837,-105.86383,3.8420746,4.3334274
372.86542,-105.745445,3.8548632,4.323636
371.87326,-105.620804,3.8676116,4.3137097
370.88177,-105.490974,3.8803523,4.303756
369.8908,-105.357056,3.8930926,4.2938027
368.90027,-105.22016,3.9058332,4.2838492
367.90997,-105.08139,3.9185736,4.2738957
366.91983,-104.94166,3.918586,4.272483
365.92987,-104.80053,3.915604,4.273079
364.94028,-104.656975,3.9126225,4.2736754
363.95117,-104.50995,3.9096406,4.274272
362.96277,-104.35842,3.9066586,4.2748685
361.97522,-104.20135,3.9002478,4.2779536
360.98877,-104.0375,3.8928647,4.281745
360.0037,-103.86557,3.8854818,4.2855363
359.02032,-103.68427,3.8780987,4.2893276
358.03897,-103.49231,3.870716,4.293119
357.06003,-103.28838,3.8723934,4.2819695
356.08395,-103.07112,3.8768141,4.266296
355.1113,-102.83909,3.881235,4.250622
354.14264,-102.59088,3.8856559,4.2349477
353.17865,-102.325096,3.8900764,4.219274
352.2201,-102.040436,3.895789,4.201633
351.26758,-101.73605,3.901842,4.1834736
350.32184,-101.411316,3.9078953,4.1653137
349.38358,-101.06559,3.913949,4.147153
348.45352,-100.69827,3.9200034,4.1289897
347.5325,-100.308945,3.912772,4.133724
346.62073,-99.8984,3.9029233,4.14297
345.7182,-99.46788,3.8930755,4.1522145
344.82486,-99.01859,3.8832288,4.161459
343.9406,-98.55172,3.8733816,4.170703
343.06525,-98.06837,3.8635936,4.1798916
342.19867,-97.569435,3.8538146,4.189072
341.34076,-97.05571,3.844035,4.198253
340.4914,-96.527985,3.8342552,4.2074337
339.6504,-95.98703,3.8244753,4.216615
338.81757,-95.43358,3.8196247,4.220025
337.99265,-94.8684,3.8156495,4.22241
337.17538,-94.292244,3.8116744,4.2247953
336.36542,-93.705826,3.8076994,4.2271805
335.56244,-93.10987,3.8037245,4.229565
334.76614,-92.505035,3.8046286,4.2260914
333.97632,-91.89177,3.8066204,4.221311
333.19287,-91.27041,3.808612,4.2165313
332.41562,-90.64128,3.8106039,4.211751
331.64444,-90.004715,3.8125956,4.2069707
330.8792,-89.36103,3.814593,4.2020173
330.1198,-88.71047,3.816592,4.19702
329.36615,-88.053246,3.8185909,4.192023
328.6182,-87.38957,3.8205898,4.1870255
327.87582,-86.71964,3.8225887,4.1820283
327.13895,-86.04368,3.820138,4.179092
326.40744,-85.3619,3.8165343,4.1766896
325.68118,-84.67453,3.8129308,4.1742873
324.96002,-83.98181,3.8093271,4.171885
324.24384,-83.28395,3.8057237,4.169482
323.53247,-82.581184,3.8014793,4.16708
322.82578,-81.873726,3.7970743,4.1646767
322.12363,-81.161766,3.7926693,4.162274
321.4258,-80.44553,3.788264,4.159871
320.7322,-79.72522,3.783859,4.1574683
320.0427,-79.00102,3.779617,4.155228
319.35703,-78.27314,3.7754145,4.1530266
318.6751,-77.54178,3.7712119,4.1508255
317.9967,-76.80713,3.7670095,4.148624
317.3217,-76.06938,3.762807,4.146423
316.64987,-75.32873,3.7584455,4.144061
315.98105,-74.58534,3.7540462,4.1416616
315.3151,-73.83941,3.749647,4.139262
314.6518,-73.0911,3.7452478,4.1368623
313.99097,-72.3406,3.7408485,4.134463
313.3325,-71.588066,3.7370965,4.132387
312.6761,-70.833694,3.733499,4.1303883
312.0216,-70.07766,3.7299018,4.12839
311.36884,-69.32015,3.7263043,4.1263914
310.7176,-68.561356,3.722707,4.1243925
310.0676,-67.801445,3.721679,4.1230364
309.41882,-67.040535,3.7212791,4.1218376
308.77106,-66.278725,3.7208796,4.1206384
308.12427,-65.516106,3.7204797,4.1194396
307.4783,-64.752785,3.7200801,4.1182404
306.8331,-63.988846,3.7196803,4.117201
306.18857,-63.22431,3.7192807,4.116202
305.5447,-62.4592,3.718881,4.1152024
304.90155,-61.693516,3.718481,4.114203
304.25906,-60.92726,3.7180815,4.1132035
303.61728,-60.16045,3.7175224,4.112045
302.9761,-59.393097,3.7169228,4.110845
302.33554,-58.625233,3.716323,4.109646
301.6956,-57.856876,3.7157233,4.1084466
301.05618,-57.08806,3.7151234,4.107247
300.4173,-56.318798,3.7146826,4.1060476
299.77893,-55.54912,3.7142825,4.104848
299.14102,-54.779045,3.7138827,4.103648
298.5036,-54.008587,3.7134829,4.102449
297.86658,-53.237774,3.713083,4.101249
297.23,-52.466618,3.7126832,4.1000495
296.59378,-51.695145,3.7122834,4.0988503
295.95795,-50.923378,3.7118835,4.0976505
295.32245,-50.15133,3.7114837,4.096451
294.68726,-49.37903,3.7110837,4.095251
294.05234,-48.606495,3.7105258,4.094052
293.4177,-47.833744,3.7099261,4.092852
292.78326,-47.0608,3.7093263,4.0916524
292.14905,-46.28768,3.7087264,4.090453
291.51505,-45.514412,3.7081268,4.0892534
290.8812,-44.741005,3.7076845,4.0882115
290.24747,-43.967487,3.7072847,4.087212
289.61386,-43.19388,3.7068849,4.086212
288.98035,-42.420204,3.706485,4.0852127
288.34686,-41.64649,3.7060852,4.0842133
287.71344,-40.872746,3.7056854,4.0830564
287.08002,-40.09899,3.7052855,4.0818567
286.4466,-39.325233,3.7048857,4.0806575
285.81317,-38.55147,3.7044861,4.079458
285.17975,-37.777718,3.7040863,4.0782585
284.5463,-37.00397,3.7035296,4.0770593
283.91284,-36.23024,3.70293,4.07586
283.2794,-35.456516,3.7023304,4.074661
282.6459,-34.6828,3.7017307,4.0734615
282.01242,-33.909096,3.701131,4.0722623
281.37894,-33.135395,3.7006876,4.071063
280.74542,-32.361702,3.7002878,4.069864
280.1119,-31.588017,3.6998882,4.0686646
279.4784,-30.814339,3.6994884,4.0674653
278.84485,-30.040668,3.6990888,4.066266
278.21133,-29.267006,3.698689,4.0652227
277.57776,-28.493353,3.6982894,4.0642233
276.9442,-27.71971,3.6978896,4.0632243
276.31064,-26.946074,3.69749,4.062225
275.67706,-26.172445,3.6970901,4.0612254
275.04346,-25.398827,3.6965358,4.0600715
274.40985,-24.625216,3.6959364,4.0588727
273.77625,-23.851614,3.6953368,4.0576735
273.1426,-23.078022,3.6947372,4.0564747
272.50897,-22.30444,3.6941378,4.0552754
271.87534,-21.530867,3.6936922,4.0540767
271.24167,-20.757301,3.6932926,4.052878
270.608,-19.983747,3.6928928,4.0516787
269.97433,-19.210201,3.6924932,4.05048
269.34064,-18.436666,3.6920936,4.0492806
268.7069,-17.663141,3.691694,4.048082
268.0732,-16.889626,3.6912944,4.046883
267.43948,-16.11612,3.6908946,4.0456843
266.80573,-15.342625,3.690495,4.044485
266.17197,-14.5691395,3.6900954,4.0432863
265.5382,-13.795665,3.6896958,4.0422397
264.90442,-13.0222,3.6892962,4.0412407
264.27063,-12.248746,3.6888967,4.0402412
263.6368,-11.475304,3.688497,4.0392423
263.003,-10.701871,3.6880972,4.0382433
262.36917,-9.92845,3.6875465,4.037093
261.73532,-9.15504,3.686947,4.0358944
261.10147,-8.38164,3.6863477,4.0346956
260.4676,-7.608253,3.6857483,4.033497
259.8337,-6.834877,3.685149,4.032298
259.1998,-6.061512,3.6846998,4.0310993
258.5659,-5.288159,3.6843002,4.0299
257.93195,-4.514817,3.6839006,4.0287013
257.298,-3.7414877,3.683501,4.0275025
256.66403,-2.96817,3.6831012,4.026304
256.03006,-2.1948643,3.6827016,4.025105
255.39607,-1.4215708,3.682302,4.023906
254.76207,-0.6482895,3.6819024,4.0227075
254.12805,0.12497936,3.6815028,4.0215087
253.49402,0.8982357,3.6811032,4.02031
252.85997,1.6714792,3.6805556,4.019111
252.2259,2.44471,3.6799562,4.0179124
251.59183,3.2179282,3.6793568,4.0167136
250.95772,3.9911332,3.6787574,4.015515
250.32361,4.764325,3.6781578,4.0143156
249.68948,5.537504,3.6777058,4.013264
249.05534,6.31067,3.6773062,4.012265
248.42117,7.0838223,3.6769063,4.011266
247.787,7.8569613,3.6765068,4.0102673
247.1528,8.630087,3.6761072,4.0092683
246.51859,9.403198,3.6757076,4.008123
245.88437,10.176296,3.675308,4.006924
245.25012,10.949379,3.6749084,4.0057254
244.61586,11.722449,3.6745088,4.004526
243.98157,12.495504,3.6741092,4.0033274
243.34727,13.268545,3.6735642,4.0021286
242.71297,14.041572,3.6729648,4.00093
242.07863,14.814584,3.6723654,3.9997308
241.44427,15.587582,3.671766,3.9985318
240.8099,16.360565,3.6711664,3.997333
240.17552,17.133533,3.6707113,3.996134
239.54112,17.906487,3.6703117,3.994935
238.9067,18.679424,3.669912,3.993736
238.27225,19.452347,3.6695123,3.9925373
237.6378,20.225254,3.6691127,3.9913383
237.00331,20.998146,3.668713,3.9902828
236.36882,21.771023,3.6683135,3.9892836
235.7343,22.543884,3.6679137,3.9882843
235.09976,23.316729,3.667514,3.9872851
234.46521,24.089558,3.6671145,3.986286
233.83063,24.862371,3.666572,3.9851441
233.19604,25.635168,3.6659725,3.983945
232.56143,26.40795,3.6653728,3.982746
231.92679,27.180714,3.6647735,3.9815469
231.29214,27.953463,3.6641738,3.9803476
230.65747,28.726194,3.663716,3.9791486
230.02277,29.498909,3.6633165,3.9779494
229.38806,30.271608,3.6629167,3.9767501
228.75333,31.04429,3.662517,3.975551
228.11856,31.816954,3.6621172,3.9743516
227.48378,32.589603,3.6617174,3.9731524
226.84898,33.362232,3.6613178,3.9719532
226.21417,34.134846,3.660918,3.970754
225.57933,34.90744,3.6605182,3.9695547
224.94447,35.68002,3.6601183,3.9683554
224.30959,36.45258,3.659578,3.967156
223.67468,37.22512,3.6589782,3.9659564
223.03975,37.997646,3.6583786,3.9647572
222.4048,38.770153,3.6577787,3.9635577
221.76984,39.54264,3.657179,3.9623582
221.13484,40.31511,3.6567197,3.961299
220.49983,41.087563,3.6563199,3.9602995
219.86479,41.859997,3.6559198,3.9592998
219.22974,42.632412,3.65552,3.9583
218.59465,43.404808,3.6551201,3.9573004
217.95955,44.177185,3.6547203,3.956161
217.32442,44.949543,3.6543205,3.9549613
216.68927,45.72188,3.6539207,3.9537616
216.0541,46.4942,3.6535206,3.952562
215.41888,47.266502,3.6531208,3.9513624
214.78368,48.038784,3.652721,3.9501624
214.14842,48.811047,3.6523209,3.9489627
213.51315,49.58329,3.651921,3.947763
212.87787,50.35551,3.651521,3.946563
212.24254,51.127716,3.6511211,3.9453633
211.60721,51.8999,3.6505816,3.9441633
210.97183,52.672062,3.6499817,3.9429634
210.33644,53.444202,3.6493816,3.9417632
209.70103,54.216328,3.6487815,3.9405632
209.0656,54.98843,3.6481817,3.9393632
208.43013,55.76051,3.647721,3.9383028
207.79463,56.53257,3.647321,3.9373026
207.15912,57.30461,3.646921,3.9363024
206.52357,58.07663,3.6465209,3.9353023
205.88802,58.84863,3.6461208,3.934302
205.25243,59.620605,3.6457207,3.9331622
204.6168,60.392563,3.6453207,3.9319618
203.98117,61.164497,3.6449206,3.9307616
203.34549,61.936413,3.6445203,3.9295611
202.7098,62.7083,3.6441202,3.9283607
202.07407,63.48017,3.6435802,3.9271603
201.43832,64.252014,3.6429799,3.9259596
200.80255,65.02384,3.6423795,3.9247591
200.16675,65.79565,3.6417792,3.9235585
199.53091,66.56743,3.641179,3.922358
198.89508,67.3392,3.6407192,3.9211574
198.2592,68.11095,3.6403189,3.9199564
197.6233,68.882675,3.6399186,3.9187558
196.98737,69.654366,3.6395183,3.9175549
196.35138,70.42602,3.639118,3.9163542
195.71535,71.19763,3.638718,3.9151535
195.07935,71.96927,3.6383176,3.9139526
194.44345,72.74099,3.6379173,3.912752
193.80777,73.5129,3.637517,3.9115512
193.17241,74.285065,3.637117,3.9103503
192.53746,75.05757,3.6365755,3.9092922
191.90302,75.83049,3.6359758,3.9082928
191.26915,76.60389,3.6353762,3.9072936
190.63596,77.37784,3.6347764,3.906294
190.00351,78.1524,3.6341767,3.9052947
189.37192,78.92764,3.633719,3.904157
188.74129,79.70368,3.6333203,3.902961
188.11182,80.48066,3.6329217,3.9017653
187.48367,81.258705,3.632523,3.9005694
186.85703,82.03796,3.6321244,3.8993735
186.23201,82.81853,3.6317272,3.8981814
185.60858,83.60036,3.6313303,3.896991
184.98653,84.383286,3.6309335,3.8958006
184.36563,85.16713,3.6305368,3.8946102
183.74568,85.95172,3.6301398,3.8934195
183.12643,86.73687,3.6351266,3.8901803
182.50711,87.521965,3.6430435,3.885826
181.88661,88.30612,3.6509607,3.8814716
181.2638,89.08844,3.6588778,3.8771172
180.63757,89.86803,3.666795,3.8727627
180.00682,90.64397,3.6896553,3.8627117
179.37054,91.41538,3.7226794,3.8487859
178.7278,92.181404,3.7557034,3.83486
178.07765,92.941154,3.788727,3.8209343
177.4192,93.693726,3.8217492,3.8070095
176.75157,94.43816,3.8559887,3.7909486
176.07379,95.17337,3.8911529,3.773266
175.38481,95.89808,3.926318,3.755583
174.68361,96.61098,3.9614851,3.7378988
173.96925,97.31068,3.9966533,3.7202144
173.24086,97.995766,4.038007,3.6921148
172.49814,98.665276,4.083619,3.6568413
171.7411,99.318565,4.129229,3.6215694
170.96985,99.955,4.174839,3.586298
170.18446,100.57392,4.2204494,3.5510259
169.38509,101.17466,4.26628,3.515821
168.57208,101.756805,4.312224,3.4806514
167.74591,102.32014,4.3581676,3.4454825
166.90707,102.86442,4.4041104,3.4103138
166.05605,103.38942,4.4500527,3.3751454
165.19328,103.89492,4.435312,3.406782
164.31927,104.3807,4.3992443,3.4618962
163.43446,104.846535,4.363177,3.517011
162.53932,105.29218,4.327109,3.5721262
161.63431,105.717445,4.2910404,3.6272418
160.71991,106.122086,4.2285886,3.7126358
159.7966,106.506004,4.159738,3.8053732
158.86491,106.86911,4.0908885,3.8981094
157.92535,107.21134,4.02204,3.9908442
156.97844,107.53263,3.9531915,4.0835786
156.02464,107.8329,3.9664664,4.098204
155.06444,108.112,3.997413,4.096022
154.09828,108.36978,4.02836,4.09384
153.12666,108.606064,4.0593066,4.091658
152.15002,108.820694,4.090253,4.0894756
151.16884,109.01348,4.1201763,4.0774117
150.18358,109.18417,4.1498146,4.0625925
149.19469,109.33244,4.179453,4.0477734
148.20265,109.45798,4.209091,4.0329547
147.20798,109.56047,4.238728,4.018136
146.21118,109.63958,4.267877,3.9958396
145.21277,109.69483,4.2968373,3.9706485
144.2133,109.72568,4.3257976,3.9454567
143.21338,109.731544,4.354759,3.9202645
142.21364,109.711876,4.3837204,3.895072
141.21475,109.66612,4.4123106,3.8698654
140.21742,109.594,4.440725,3.844653
139.22235,109.49537,4.469138,3.8194406
138.2303,109.37008,4.4975524,3.794228
137.242,109.217995,4.5259676,3.7690146
136.25822,109.039,4.5376115,3.7553651
135.27966,108.83333,4.541439,3.7471046
134.307,108.6014,4.545267,3.7388444
133.34085,108.34366,4.549095,3.7305844
132.38185,108.06051,4.5529227,3.7223241
131.43057,107.75237,4.5567565,3.7140512
130.48761,107.41965,4.5605927,3.7057734
129.55354,107.06273,4.5644293,3.6974952
128.62892,106.68201,4.5682654,3.689217
127.714294,106.27786,4.5721016,3.6809387
126.8102,105.85068,4.5482807,3.7134526
125.917145,105.40087,4.516001,3.7584417
125.035614,104.92888,4.483722,3.8034308
124.166084,104.43512,4.451443,3.8484194
123.30902,103.92002,4.419164,3.8934083
122.4649,103.383995,4.3734307,3.9570386
121.63415,102.82745,4.324521,4.0250697
120.817215,102.250824,4.275611,4.0931005
120.01454,101.6545,4.2267013,4.161132
119.226555,101.03891,4.177791,4.229163
118.45368,100.40445,4.178266,4.2082844
117.69633,99.75153,4.188099,4.17056
116.954926,99.08057,4.1979313,4.132835
116.229866,98.39197,4.2077637,4.0951104
115.52156,97.68614,4.217596,4.057386
114.83042,96.9635,4.2203712,4.0382876
114.15687,96.22444,4.221971,4.022291
113.501305,95.46938,4.2235703,4.006295
112.86416,94.698715,4.22517,3.9902987
112.24585,93.91286,4.22677,3.9743023
111.6468,93.11223,4.216774,3.9873393
111.06735,92.29729,4.2048287,4.005257
110.507866,91.46852,4.1928835,4.023175
109.968666,90.62641,4.1809382,4.041093
109.4501,89.77145,4.168993,4.0590105
108.9525,88.904106,4.1731176,4.0479465
108.47616,88.02492,4.18046,4.031079
108.021355,87.13439,4.1878023,4.0142107
107.588356,86.23306,4.1951447,3.9973428
107.177444,85.32146,4.2024875,3.980475
106.7889,84.40009,4.2085767,3.970372
106.42306,83.46948,4.2143407,3.9620242
106.08027,82.530136,4.220104,3.9536765
105.76089,81.58257,4.225868,3.945329
105.46527,80.62733,4.2316318,3.9369817
105.19381,79.66495,4.2342196,3.9391153
104.947044,78.69594,4.2358184,3.9445121
104.72562,77.720825,4.237417,3.949909
104.5302,76.74017,4.2390165,3.9553063
104.36145,75.75458,4.240616,3.9607038
104.219955,74.76471,4.2223377,3.9477737
104.10543,73.771355,4.197779,3.9290528
104.017136,72.77532,4.1732225,3.9103336
103.95433,71.77736,4.148667,3.891615
103.9163,70.778145,4.12411,3.8728955
103.902245,69.778305,4.0998826,3.8505201
103.911026,68.7784,4.075741,3.8271828
103.941315,67.77891,4.051599,3.8038456
103.991776,66.780235,4.0274577,3.780509
104.06108,65.78269,4.0033154,3.7571716
104.14791,64.786514,3.9962049,3.7285008
104.25101,63.791893,3.992801,3.6986675
104.3691,62.798935,3.9893973,3.6688342
104.50095,61.807713,3.9859934,3.6390014
104.64532,60.81823,3.9825897,3.6091685
104.801,59.830463,3.979191,3.5792162
104.967186,58.84441,3.9757936,3.5492382
105.14318,57.86006,3.9723961,3.5192597
105.32831,56.877388,3.9689984,3.4892812
105.5219,55.896347,3.965601,3.459303
105.72331,54.91688,3.9636836,3.449886
105.93219,53.93898,3.962084,3.444888
106.14828,52.962646,3.9604847,3.43989
106.37133,51.98788,3.9588854,3.434892
106.60109,51.01467,3.957286,3.4298937
106.83731,50.04301,3.9565077,3.4376957
107.079666,49.072865,3.9559083,3.448285
107.32782,48.104187,3.955309,3.4588745
107.581436,47.13692,3.9547095,3.4694638
107.84017,46.17101,3.9541101,3.4800532
108.1037,45.206398,3.9533484,3.490797
108.37169,44.243015,3.95255,3.501576
108.643845,43.280804,3.9517515,3.5123549
108.91986,42.319687,3.950953,3.5231335
109.19943,41.359604,3.9501545,3.5339124
109.482254,40.40047,3.9495175,3.5445244
109.76802,39.442207,3.948919,3.5550961
110.05642,38.484737,3.9483206,3.565668
110.34714,37.52797,3.9477222,3.57624
110.63988,36.571815,3.9471238,3.5868118
110.93433,35.616188,3.9465256,3.5975416
111.2302,34.661,3.9459271,3.6083124
111.52719,33.706158,3.9453287,3.6190832
111.82502,32.751575,3.9447303,3.6298542
112.12339,31.797167,3.9441319,3.640625
112.42202,30.842834,3.9433775,3.651247
112.72057,29.888481,3.942579,3.661827
113.01871,28.933998,3.9417806,3.6724072
113.31609,27.979279,3.940982,3.6829872
113.61239,27.024221,3.9401836,3.6935673
113.907265,26.068726,3.939538,3.704315
114.20052,25.11273,3.9389381,3.715113
114.49201,24.156195,3.9383383,3.7259107
114.7816,23.199081,3.9377384,3.7367086
115.06914,22.241352,3.9371386,3.7475064
115.354515,21.282974,3.9365377,3.7581654
115.63786,20.323997,3.935937,3.7687824
115.91943,19.364498,3.9353359,3.7793996
116.1995,18.404554,3.9347348,3.7900167
116.478294,17.444242,3.934134,3.800634
116.75609,16.48364,3.9335325,3.8114152
117.03308,15.522808,3.932931,3.8222437
117.30947,14.561799,3.9323294,3.8330722
117.585434,13.600671,3.9317276,3.843901
117.86117,12.639476,3.931126,3.8547294
118.13687,11.678271,3.9284637,3.8577926
118.412735,10.717114,3.9252546,3.8587954
118.68898,9.756064,3.9220452,3.8597984
118.965805,8.795184,3.918836,3.8608012
119.24343,7.834532,3.915627,3.861804
119.52205,6.87417,3.9099996,3.8526442
119.80188,5.9141583,3.9037852,3.8410175
120.083115,4.9545584,3.8975708,3.8293905
120.36596,3.9954307,3.8913565,3.8177636
120.650604,3.0368385,3.885142,3.8061366
120.93726,2.0788453,3.8789349,3.7945232
121.226135,1.1215158,3.8727293,3.782913
121.51742,0.16491683,3.8665237,3.7713027
121.8113,-0.7908837,3.8603184,3.7596924
122.108,-1.7458163,3.8541129,3.748082
122.4077,-2.6998098,3.8500502,3.7373147
122.710594,-3.6527946,3.846456,3.7267313
123.01687,-4.6046996,3.8428617,3.7161481
123.3267,-5.5554523,3.8392673,3.705565
123.64027,-6.504978,3.835673,3.6949816
123.957756,-7.453199,3.8531091,3.693
124.279366,-8.400031,3.8753903,3.693
124.6053,-9.345384,3.8976712,3.693
124.93575,-10.2891655,3.9199524,3.693
125.27093,-11.23128,3.9422333,3.693
125.61104,-12.171625,3.9642978,3.693
125.95643,-13.110044,3.9863036,3.693
126.307495,-14.046353,4.0083094,3.693
126.66463,-14.980366,4.030315,3.693
127.02822,-15.91188,4.0523205,3.693
127.39867,-16.84069,4.074487,3.693
127.77636,-17.76658,4.09671,3.693
128.16168,-18.689318,4.1189327,3.693
128.55504,-19.608664,4.1411552,3.693
128.95679,-20.52437,4.163378,3.693
129.36731,-21.436172,4.1767173,3.695659
129.78702,-22.343786,4.1862855,3.6994464
130.21631,-23.246906,4.1958537,3.7032337
130.65558,-24.145214,4.2054224,3.7070212
131.10522,-25.038376,4.2149906,3.7108088
131.56561,-25.92604,4.211121,3.7187414
132.03716,-26.807837,4.201086,3.7285757
132.52023,-27.683365,4.191051,3.73841
133.01523,-28.552206,4.181016,3.7482445
133.52252,-29.413927,4.170981,3.7580788
134.04247,-30.268074,4.1627445,3.7671075
134.57541,-31.114168,4.1552687,3.775796
135.1217,-31.951708,4.147793,3.7844841
135.68166,-32.78017,4.1403165,3.7931726
136.2556,-33.599007,4.1328406,3.801861
136.84381,-34.407654,4.1519475,3.79926
137.44655,-35.205536,4.1797366,3.792972
138.06401,-35.992065,4.2075253,3.786684
138.69643,-36.766632,4.235314,3.7803962
139.34395,-37.528603,4.2631016,3.7741084
140.00676,-38.277325,4.290669,3.7679994
140.68489,-39.012184,4.318188,3.761929
141.37839,-39.732567,4.3457084,3.7558584
142.08725,-40.437836,4.3732295,3.7497876
142.81146,-41.12733,4.400752,3.7437165
143.5509,-41.80047,4.404707,3.7410564
144.30492,-42.457237,4.405508,3.7388527
145.07271,-43.097855,4.406309,3.7366493
145.85352,-43.722557,4.4071107,3.734446
146.64658,-44.33161,4.407912,3.7322426
147.4512,-44.9253,4.397587,3.7318234
148.26675,-45.5039,4.3858843,3.731625
149.09262,-46.067677,4.3741817,3.7314267
149.9282,-46.616943,4.3624797,3.7312284
150.77296,-47.152016,4.350777,3.7310302
151.62634,-47.673206,4.3391147,3.730665
152.48792,-48.180748,4.3274593,3.73027
153.35728,-48.67483,4.315804,3.7298746
154.23404,-49.15567,4.304148,3.7294796
155.11781,-49.623474,4.292493,3.7290845
156.00826,-50.07848,4.2795467,3.7357087
156.90494,-50.52104,4.2662497,3.7442427
157.80746,-50.951572,4.2529526,3.7527769
158.71544,-51.370487,4.2396555,3.7613108
159.6285,-51.77823,4.226358,3.769845
160.54625,-52.175266,4.212082,3.7844138
161.46822,-52.562428,4.1974754,3.801021
162.39386,-52.940727,4.182869,3.8176281
163.32266,-53.311195,4.168263,3.8342352
164.25415,-53.674873,4.153657,3.8508422
165.18785,-54.032806,4.138856,3.8676498
166.12337,-54.385998,4.12399,3.8845248
167.06027,-54.735447,4.1091237,3.9014
167.99821,-55.082146,4.0942574,3.918275
168.9368,-55.427094,4.0793915,3.9351501
169.87566,-55.7713,4.0646644,3.9518886
170.81438,-56.11587,4.0499783,3.9685864
171.75255,-56.461937,4.0352917,3.9852846
172.68973,-56.810642,4.0206056,4.0019827
173.62552,-57.163116,4.005919,4.018681
174.55946,-57.52042,3.9910798,4.03537
175.49135,-57.88308,3.9762027,4.0520563
176.421,-58.25138,3.961326,4.0687428
177.3483,-58.62561,3.946449,4.0854287
178.27306,-59.006054,3.931572,4.102115
179.19513,-59.39297,3.9258463,4.131058
180.11441,-59.786484,3.9220338,4.1625633
181.0308,-60.186653,3.918221,4.194068
181.94424,-60.59354,3.9144084,4.225573
182.85463,-61.00721,3.9105957,4.2570777
183.76187,-61.427715,3.9078045,4.290035
184.66588,-61.855156,3.9052024,4.3232603
185.56651,-62.289627,3.9026005,4.3564863
186.46368,-62.731228,3.8999984,4.389712
187.35727,-63.18005,3.8973963,4.422938
188.24713,-63.63619,3.8948023,4.4558926
189.13315,-64.09973,3.8922098,4.4887977
190.01521,-64.57078,3.8896172,4.5217032
190.89319,-65.0494,3.8870249,4.554609
191.76695,-65.53568,3.8844323,4.587514
192.63634,-66.029724,3.9128175,4.604262
193.50116,-66.531715,3.947401,4.6177773
194.36119,-67.041885,3.9819846,4.631293
195.21619,-67.56044,4.0165687,4.6448083
196.0659,-68.0876,4.051152,4.658324
196.9101,-68.62357,4.1648464,4.630222
197.74849,-69.168564,4.2980714,4.591845
198.58083,-69.72275,4.431296,4.5534687
199.40685,-70.28632,4.56452,4.515092
200.22624,-70.85947,4.6977415,4.476716
201.03874,-71.44235,4.7875347,4.5042453
201.84398,-72.03524,4.864565,4.5511417
202.64156,-72.63839,4.941596,4.598039
203.43105,-73.25208,5.0186286,4.644937
204.21202,-73.876564,5.0956616,4.6918354
204.98407,-74.51205,5.1381493,4.7916484
205.747,-75.15847,5.1698427,4.907992
206.50069,-75.81562,5.2015357,5.0243335
207.24507,-76.483315,5.2332287,5.1406755
207.98004,-77.161354,5.2649226,5.2570195
208.70554,-77.84952,5.3219852,5.349074
209.42169,-78.547386,5.3863416,5.4341455
210.12878,-79.254456,5.4506974,5.5192156
210.82706,-79.97023,5.515053,5.6042852
211.51678,-80.69423,5.579408,5.6893554
212.19829,-81.42599,5.589738,5.7412276
212.87181,-82.1651,5.586925,5.785025
213.53763,-82.91116,5.584112,5.828823
214.196,-83.6638,5.5813,5.8726206
214.84721,-84.42264,5.578487,5.9164186
215.49156,-85.18732,5.659839,6.0131283
216.12938,-85.95746,5.7588105,6.120915
216.76096,-86.73273,5.8577814,6.228701
217.38663,-87.51276,5.9567523,6.3364873
218.00674,-88.29722,6.0557237,6.4442735
218.62164,-89.08577,6.084517,6.462167
219.23166,-89.878105,6.099498,6.4623666
219.83716,-90.67391,6.1144786,6.4625664
220.43846,-91.47288,6.1294594,6.462766
221.03595,-92.27471,6.1444397,6.462966
221.62996,-93.079124,6.158568,6.462339
222.22084,-93.88583,6.1725206,6.4615417
222.80894,-94.69457,6.186473,6.4607444
223.3946,-95.50508,6.2004256,6.459947
223.97818,-96.31709,6.214378,6.45915
224.56003,-97.130356,6.228325,6.458353
225.1405,-97.94457,6.2422705,6.457556
225.72006,-98.75947,6.2562165,6.456759
226.29906,-99.574745,6.270162,6.455962
226.87793,-100.39012,6.2841077,6.4551654
227.45706,-101.205315,6.298069,6.4543676
228.03668,-102.02016,6.312035,6.4535694
228.61696,-102.834526,6.3260007,6.452771
229.19809,-103.64829,6.3399663,6.4519734
229.78023,-104.46134,6.3539324,6.451175
230.36351,-105.27356,6.3677664,6.450532
230.94785,-106.08502,6.3815637,6.449932
231.53302,-106.89588,6.395361,6.449332
232.11882,-107.7063,6.409158,6.4487324
232.70502,-108.51642,6.4229555,6.4481325
233.29141,-109.3264,6.4369254,6.447376
233.87782,-110.13637,6.4509435,6.4465747
234.46413,-110.94642,6.464962,6.4457736
235.05016,-111.75666,6.47898,6.4449725
235.63576,-112.5672,6.4929986,6.4441714
236.22083,-113.37815,6.502457,6.444945
236.80516,-114.18962,6.510673,6.4461474
237.3886,-115.001724,6.5188894,6.4473495
237.971,-115.81459,6.527106,6.448552
238.55215,-116.62833,6.5353217,6.449754
239.13194,-117.443054,6.5277534,6.456058
239.71016,-118.25888,6.5161333,6.463671
240.28668,-119.07593,6.5045133,6.4712844
240.86131,-119.89429,6.4928927,6.4788976
241.43391,-120.71408,6.4812727,6.4865108
242.0043,-121.5354,6.4695034,6.4941163
242.57233,-122.35837,6.457698,6.50172
243.13782,-123.18308,6.4458923,6.5093236
243.70059,-124.00965,6.434087,6.5169272
244.26048,-124.838165,6.4222813,6.524531
244.81732,-125.66874,6.4106603,6.5322804
245.37096,-126.50146,6.3990836,6.5400643
245.92125,-127.33639,6.387507,6.5478487
246.46802,-128.17361,6.3759303,6.555633
247.01115,-129.01323,6.3643537,6.5634174
247.55048,-129.85529,6.347745,6.5789385
248.08577,-130.69989,6.3298516,6.5964336
248.61684,-131.54718,6.311959,6.6139293
249.14342,-132.39726,6.294066,6.6314244
249.66528,-133.25024,6.2761736,6.648919
250.18217,-134.10625,6.251018,6.678391
250.69356,-134.96556,6.2236533,6.7115064
251.19875,-135.82852,6.1962886,6.7446218
251.69705,-136.69548,6.1689234,6.7777376
252.18777,-137.56674,6.1415586,6.8108525
252.67021,-138.44263,6.1140976,6.8439403
253.14365,-139.32341,6.0866003,6.877017
253.60732,-140.20937,6.0591025,6.910094
254.06046,-141.10077,6.031605,6.943171
254.50229,-141.99782,6.004108,6.976247
254.93202,-142.90071,5.976403,7.009715
255.34879,-143.80968,5.9486117,7.0433464
255.75166,-144.72488,5.9208207,7.076978
256.1397,-145.64647,5.8930287,7.11061
256.51196,-146.57455,5.865238,7.144241
256.86743,-147.50919,5.8619204,7.145762
257.20514,-148.45038,5.867222,7.1359754
257.52396,-149.39815,5.872523,7.1261888
257.8228,-150.35239,5.8778243,7.1164017
258.1006,-151.31297,5.8831253,7.106615
258.35614,-152.2797,5.905117,7.0751266
258.58844,-153.25227,5.930406,7.039352
258.79645,-154.23035,5.955695,7.003577
258.97906,-155.21347,5.980984,6.9678025
259.13522,-156.20113,6.0062714,6.93203
259.26385,-157.19275,6.0312834,6.8965654
259.36407,-158.18765,6.0562854,6.8611116
259.43503,-159.18506,6.0812883,6.825657
259.47577,-160.18416,6.1062927,6.7901998
259.48547,-161.18402,6.1316524,6.752363
259.46344,-162.18372,6.160519,6.6910214
259.40994,-163.1822,6.1893835,6.629685
259.32535,-164.17854,6.2182455,6.5683527
259.21,-165.1718,6.2471075,6.5070214
259.06427,-166.16104,6.2760105,6.4451966
258.8886,-167.14542,6.305257,6.3790994
258.68375,-168.12415,6.334504,6.3130007
258.45056,-169.0965,6.3637505,6.2469044
258.18982,-170.06184,6.3929954,6.1808105
257.90234,-171.01955,6.422241,6.114715
257.58878,-171.96906,6.3998203,6.140514
257.24945,-172.90965,6.376022,6.1687627
256.88455,-173.84062,6.352223,6.197012
256.49426,-174.76125,6.328425,6.22526
256.07877,-175.67078,6.3046303,6.253504
255.63828,-176.56845,6.274396,6.299303
255.17247,-177.45326,6.2426057,6.3493433
254.6809,-178.32402,6.210812,6.3993883
254.16315,-179.17946,6.179014,6.449441
253.6188,-180.01823,6.1472116,6.4995
253.04768,-180.83899,6.1088324,6.5678806
252.45058,-181.64107,6.0677757,6.6437244
251.82886,-182.42421,6.0267243,6.7195582
251.18387,-183.18831,5.985675,6.7953887
250.51685,-183.93326,5.944621,6.8712273
249.82906,-184.65907,5.963078,6.914882
249.12227,-185.36641,5.999753,6.9486885
248.39844,-186.05629,6.036427,6.9824944
247.65941,-186.72989,6.073099,7.0162983
246.90695,-187.38846,6.1097736,7.050104
246.14272,-188.03333,6.169705,7.071126
245.36827,-188.66588,6.232672,7.090485
244.58511,-189.28764,6.29564,7.1098437
243.7947,-189.90015,6.3586063,7.1292024
242.99838,-190.50496,6.421573,7.1485615
242.19748,-191.10368,6.4838257,7.1677003
241.39302,-191.69762,6.546065,7.1868353
240.58598,-192.28806,6.6083045,7.205971
239.77731,-192.87628,6.6705446,7.225106
238.96799,-193.46358,6.7327757,7.244236
238.15877,-194.05101,6.7943625,7.262971
237.34978,-194.63876,6.8559494,7.2817063
236.54099,-195.22679,6.9175363,7.3004413
235.73236,-195.81506,6.9791226,7.3191767
234.92387,-196.40352,7.0407095,7.3379116
234.11551,-196.99214,7.1019692,7.356745
233.30734,-197.58102,7.1632276,7.375578
232.49947,-198.1703,7.224486,7.3944116
231.69194,-198.76009,7.285744,7.4132447
230.88487,-199.35048,7.347002,7.4320784
230.07835,-199.94162,7.4080815,7.450726
229.27245,-200.53358,7.469152,7.4693646
228.46721,-201.12648,7.5302224,7.488003
227.66272,-201.72038,7.591293,7.5066414
226.85904,-202.3154,7.652363,7.5252795
226.05626,-202.91159,7.615842,7.495336
225.25438,-203.50903,7.5693965,7.4604526
224.45346,-204.10773,7.5229516,7.4255686
223.65352,-204.70775,7.476506,7.390685
222.85458,-205.30911,7.4300613,7.355801
222.0567,-205.91185,7.383563,7.3205647
221.25984,-206.51596,7.337058,7.2852855
220.46404,-207.12144,7.290553,7.2500057
219.66925,-207.72827,7.244048,7.2147264
218.87549,-208.33644,7.1975436,7.1794467
218.08273,-208.94594,7.150764,7.1442776
217.29102,-209.55675,7.103955,7.1091204
216.5003,-210.16887,7.0571456,7.073963
215.7106,-210.78232,7.010336,7.038806
214.92194,-211.39706,6.9635267,7.0036488
214.13426,-212.0131,6.916771,6.968532
213.34761,-212.63045,6.87002,6.9334183
212.56197,-213.24905,6.8232684,6.8983045
211.77731,-213.86893,6.776517,6.863191
210.99364,-214.49005,6.729766,6.8280773
210.2109,-215.11235,6.6831794,6.7928996
209.42899,-215.73566,6.636604,6.757718
208.64763,-216.3597,6.5900283,6.722536
207.86667,-216.9842,6.5434523,6.6873546
207.08589,-217.60896,6.4968767,6.652173
206.3051,-218.23369,6.4504213,6.617269
205.52411,-218.85817,6.4039736,6.5823836
204.74269,-219.48213,6.357526,6.547498
203.9607,-220.10535,6.311078,6.5126123
203.17789,-220.72755,6.264631,6.477727
202.3941,-221.34853,6.2184067,6.4428716
201.60915,-221.968,6.172202,6.408019
200.8228,-222.58574,6.1259975,6.373166
200.03491,-223.20149,6.0797925,6.3383136
199.24527,-223.815,6.033588,6.3034606
198.4537,-224.42601,5.987176,6.2684073
197.66,-225.03427,5.940741,6.233332
196.86401,-225.63951,5.8943057,6.198257
196.06554,-226.24149,5.847871,6.1631813
195.2644,-226.83989,5.801436,6.128106
194.46042,-227.4345,5.754923,6.093148
193.65344,-228.02501,5.7084,6.0582056
192.84328,-228.61115,5.661876,6.0232635
192.02977,-229.19264,5.6153526,5.988321
191.21277,-229.7692,5.5688295,5.9533787
190.39209,-230.34053,5.5640507,5.9752645
189.56761,-230.90634,5.565252,6.005292
188.73914,-231.46631,5.566453,6.0353193
187.90656,-232.02013,5.5676537,6.0653467
187.0697,-232.56749,5.568855,6.095374
186.22844,-233.10805,5.5843506,6.1448746
185.38268,-233.64153,5.6018085,6.197049
184.5323,-234.16762,5.619267,6.2492237
183.6772,-234.686,5.6367254,6.301398
182.8173,-235.1964,5.6541834,6.3535714
181.9525,-235.69841,5.671668,6.405824
181.0826,-236.19156,5.6891556,6.458086
180.2074,-236.67525,5.7066436,6.510348
179.3267,-237.14885,5.724131,6.5626106
178.44035,-237.61177,5.7416186,6.614872
177.54819,-238.06339,5.7593226,6.667227
176.65007,-238.503,5.7770452,6.7195883
175.74583,-238.92996,5.794768,6.7719507
174.8354,-239.3435,5.8124905,6.8243127
173.91869,-239.74292,5.8302126,6.876673
172.99565,-240.1275,5.887015,6.8164406
172.06627,-240.49649,5.945633,6.7509737
171.13057,-240.84917,6.0042515,6.6855063
170.18861,-241.18477,6.0628705,6.620038
169.24051,-241.50253,6.1214886,6.554571
168.28638,-241.80174,6.1875467,6.467002
167.32645,-242.0818,6.253668,6.379241
166.361,-242.34215,6.319789,6.29148
165.39029,-242.5822,6.3859105,6.203719
164.41466,-242.8014,6.451982,6.1160283
163.43448,-242.99918,6.413007,6.17827
162.45012,-243.17511,6.3740325,6.2405095
161.46205,-243.32875,6.3350577,6.302749
160.47073,-243.45969,6.2960835,6.3649893
159.47661,-243.5675,6.257109,6.427229
158.48022,-243.65172,6.1986885,6.520776
157.48209,-243.71179,6.1396995,6.6152377
156.48277,-243.7471,6.080711,6.709699
155.4829,-243.75706,6.021725,6.8041563
154.48308,-243.74107,5.962747,6.898601
153.48405,-243.69847,5.9634514,6.915272
152.48659,-243.62828,5.9670715,6.9281435
151.49156,-243.52942,5.970692,6.941016
150.49994,-243.40079,5.974313,6.9538903
149.51282,-243.24132,5.977934,6.966766
148.53131,-243.05028,5.981589,6.97976
147.55634,-242.82835,5.985244,6.992755
146.58862,-242.57657,5.988898,7.0057483
145.62889,-242.29591,5.9925523,7.018742
144.67775,-241.98738,5.99716,7.0298514
143.73569,-241.65215,6.017603,7.009611
142.80275,-241.29227,6.0380473,6.9893694
141.87877,-240.90996,6.05849,6.9691286
140.96344,-240.50742,6.078932,6.9488897
140.05629,-240.08672,6.102281,6.9230204
139.15683,-239.64983,6.147749,6.8543177
138.26454,-239.19846,6.1932225,6.785607
137.37888,-238.73422,6.2386966,6.7168946
136.49922,-238.25873,6.2841706,6.648183
135.62486,-237.77353,6.329587,6.5795207
134.7551,-237.28014,6.374586,6.5112257
133.8892,-236.77998,6.4195867,6.442928
133.02644,-236.27443,6.464587,6.374631
132.16606,-235.76488,6.509587,6.306335
131.30724,-235.25269,6.5475593,6.2475424
130.44946,-234.73872,6.5236115,6.272488
129.59305,-234.22249,6.499663,6.2974343
128.73848,-233.70323,6.475714,6.322381
127.886215,-233.18019,6.451765,6.347328
127.03675,-232.65263,6.424972,6.376088
126.19057,-232.11981,6.369835,6.442855
125.34814,-231.58107,6.314698,6.50962
124.50995,-231.03577,6.259562,6.576385
123.67648,-230.48326,6.2044263,6.6431494
122.84827,-229.92293,6.1555624,6.703604
122.02585,-229.35413,6.160995,6.709439
121.20987,-228.77611,6.166427,6.715274
120.40103,-228.18816,6.1718597,6.721109
119.60004,-227.58955,6.177293,6.726944
118.80765,-226.97963,6.1850333,6.7304697
118.02451,-226.35785,6.207756,6.719008
117.25098,-225.72417,6.230478,6.7075467
116.48734,-225.07858,6.2531996,6.696085
115.73392,-224.42113,6.275922,6.6846237
114.99102,-223.75179,6.301644,6.6724324
114.2588,-223.0708,6.343063,6.656425
113.53696,-222.3788,6.3844814,6.640418
112.82512,-221.67651,6.4258986,6.624411
112.12289,-220.96463,6.4673147,6.608405
111.42983,-220.2438,6.5094776,6.592216
110.74556,-219.51465,6.555484,6.575088
110.06976,-218.7776,6.601492,6.5579596
109.40215,-218.03316,6.6475005,6.540831
108.74242,-217.28172,6.693509,6.523702
108.09023,-216.52371,6.7339582,6.5120716
107.44527,-215.75955,6.7407203,6.5337496
106.80713,-214.98967,6.7474823,6.555428
106.17543,-214.21452,6.7542443,6.577106
105.54975,-213.43448,6.761006,6.598784
104.92969,-212.64998,6.762923,6.625294
104.3149,-211.86134,6.7270203,6.6895194
103.70537,-211.06862,6.6911173,6.7537456
103.1011,-210.2719,6.6552143,6.817972
102.5021,-209.47119,6.619311,6.8821993
101.90837,-208.66658,6.5833755,6.9464483
101.31996,-207.85806,6.547148,7.0108967
100.736916,-207.04567,6.510921,7.0753455
100.1593,-206.22942,6.474694,7.1397934
99.5872,-205.40927,6.4384665,7.2042418
99.020676,-204.58528,6.4068327,7.259439
98.4598,-203.75743,6.414856,7.2347684
97.90463,-202.92574,6.4228787,7.2100973
97.35524,-202.09021,6.430902,7.1854267
96.81168,-201.25089,6.438925,7.160756
96.27403,-200.40778,6.4472094,7.135585
95.74233,-199.56088,6.457446,7.106682
95.2166,-198.71028,6.4676824,7.077779
94.69683,-197.85602,6.477919,7.048876
94.18303,-196.99815,6.488156,7.0199723
93.67522,-196.13673,6.498364,6.991099
93.173325,-195.27185,6.508394,6.962414
92.677185,-194.40364,6.5184236,6.933729
92.186584,-193.5323,6.528453,6.905044
91.70133,-192.65797,6.5384827,6.8763595
91.2212,-191.78082,6.5485406,6.8476806
90.745995,-190.901,6.558757,6.819035
90.27552,-190.01863,6.568973,6.7903895
89.80959,-189.13385,6.5791893,6.761744
89.34803,-188.24678,6.5894055,6.733098
88.890625,-187.35756,6.5980954,6.7088094
88.4372,-186.46631,6.5986953,6.7076097
87.98756,-185.57315,6.599295,6.7064095
87.54149,-184.67819,6.599895,6.7052097
87.09879,-183.78156,6.6004953,6.7040095
86.65927,-182.88336,6.601,6.703
86.22272,-181.98373,6.601,6.703
85.788925,-181.08276,6.601,6.703
85.35771,-180.18056,6.601,6.703
84.928856,-179.27722,6.601,6.703
84.50217,-178.37286,6.6010303,6.70303
84.07743,-177.46759,6.6012297,6.70323
83.65446,-176.5615,6.601429,6.703429
83.23304,-175.65466,6.601629,6.7036285
82.812965,-174.74721,6.601828,6.7038283
82.39405,-173.83923,6.602028,6.704
81.976074,-172.93082,6.602227,6.704
81.55884,-172.02205,6.6024265,6.704
81.142136,-171.11305,6.602626,6.704
80.72576,-170.2039,6.602825,6.704
80.3095,-169.2947,6.603025,6.704025
79.893166,-168.38553,6.6032243,6.704224
79.47655,-167.47649,6.6034236,6.704424
79.059456,-166.56766,6.6036234,6.704623
78.64169,-165.65915,6.6038227,6.7048225
78.22306,-164.75104,6.604,6.705
77.80342,-163.84338,6.604,6.705
77.382805,-162.93619,6.604,6.705
76.96124,-162.02942,6.604,6.705
76.538795,-161.12308,6.604,6.705
76.1155,-160.21713,6.60402,6.705
75.69142,-159.31154,6.60422,6.705
75.26658,-158.40631,6.6044197,6.705
74.84103,-157.50142,6.6046195,6.705
74.414795,-156.59685,6.6048193,6.705
73.98792,-155.69258,6.605019,6.7050195
73.56046,-154.78859,6.6052194,6.7052193
73.13244,-153.88486,6.605419,6.705419
72.7039,-152.98137,6.605619,6.705619
72.274895,-152.07811,6.6058187,6.7058187
71.84546,-151.17506,6.6060185,6.706
71.415634,-150.27219,6.606219,6.706
70.98546,-149.36949,6.6064186,6.706
70.55497,-148.46693,6.606619,6.706
70.12422,-147.5645,6.6068187,6.706
69.69325,-146.66217,6.607,6.7060184
69.2621,-145.75993,6.607,6.7062187
68.8308,-144.85777,6.607,6.7064185
68.3994,-143.95564,6.607,6.706619
67.96794,-143.05356,6.607,6.7068186
67.53646,-142.15147,6.607019,6.707
67.104996,-141.24939,6.6072187,6.707
66.6736,-140.34727,6.607419,6.707
66.24231,-139.4451,6.607619,6.707
65.81117,-138.54285,6.607819,6.707
65.380226,-137.64052,6.608019,6.707019
64.949524,-136.73807,6.608219,6.707219
64.51909,-135.83548,6.608419,6.707419
64.08895,-134.93275,6.6086187,6.7076187
63.65914,-134.02988,6.608819,6.707819
63.229687,-133.12683,6.609019,6.708
62.800613,-132.2236,6.609219,6.708
62.371906,-131.3202,6.609419,6.708
61.94355,-130.41664,6.6096187,6.708
61.51553,-129.51291,6.609819,6.708
61.087826,-128.60902,6.6100187,6.708
60.660427,-127.70501,6.6102185,6.708
60.233322,-126.80084,6.610419,6.708
59.8065,-125.89655,6.6106186,6.708
59.379955,-124.99213,6.6108184,6.708
58.953674,-124.08758,6.611,6.7080183
58.52765,-123.18291,6.611,6.708218
58.10187,-122.27812,6.611,6.7084184
57.676323,-121.37322,6.611,6.708618
57.250996,-120.46822,6.611,6.708818
56.825882,-119.563126,6.6110177,6.709
56.400963,-118.657936,6.6112175,6.709
55.97624,-117.752655,6.611418,6.709
55.551685,-116.84729,6.6116176,6.709
55.127304,-115.94185,6.6118174,6.709
54.703075,-115.03634,6.612017,6.7090173
54.27899,-114.13075,6.612217,6.709217
53.85504,-113.22511,6.6124167,6.709417
53.431217,-112.319405,6.6126165,6.7096167
53.007504,-111.41365,6.6128163,6.7098165
52.58389,-110.50785,6.613016,6.71
52.16037,-109.602005,6.613216,6.71
51.736927,-108.69612,6.6134157,6.71
51.31355,-107.79021,6.613616,6.71
50.890232,-106.88427,6.613816,6.71
50.466965,-105.97831,6.614,6.71
50.043728,-105.07233,6.614,6.71
49.620518,-104.166336,6.614,6.71
49.197323,-103.26034,6.614,6.71
48.774128,-102.35434,6.614,6.71
48.350925,-101.44835,6.614014,6.7100143
47.927704,-100.54236,6.614214,6.710214
47.504456,-99.63639,6.6144137,6.710414
47.08116,-98.73044,6.6146135,6.7106137
46.65782,-97.82451,6.6148133,6.7108135
46.234413,-96.91861,6.615013,6.711
45.810936,-96.01275,6.615213,6.711
45.38737,-95.10692,6.6154127,6.711
44.96371,-94.20114,6.6156125,6.711
44.539944,-93.29541,6.6158123,6.711
44.116062,-92.38973,6.616012,6.7110124
43.69205,-91.484116,6.616212,6.711212
43.2679,-90.57857,6.6164117,6.711412
42.843597,-89.67309,6.6166115,6.7116117
42.419136,-88.767685,6.6168113,6.7118115
41.994503,-87.86236,6.617,6.712
41.569687,-86.95712,6.617,6.712
41.14468,-86.05197,6.617,6.712
40.719467,-85.14692,6.617,6.712
40.294037,-84.24197,6.617,6.712
39.86838,-83.33713,6.6171412,6.711869
39.44249,-82.43239,6.6199384,6.7092714
39.016346,-81.52778,6.622736,6.706674
38.589947,-80.62328,6.625533,6.704077
38.163277,-79.71892,6.62833,6.701479
37.736324,-78.81468,6.6311913,6.6987906
37.309082,-77.91058,6.6353874,6.694195
36.88154,-77.00664,6.639583,6.689599
36.45368,-76.10283,6.6437793,6.6850033
36.025497,-75.19918,6.6479754,6.6804075
35.59698,-74.295685,6.6521797,6.67582
35.16812,-73.39236,6.656576,6.671424
34.738903,-72.4892,6.6609726,6.6670275
34.30932,-71.58621,6.665369,6.662631
33.87935,-70.68341,6.6697655,6.6582346
33.44899,-69.78079,6.6741543,6.653838
33.018223,-68.87837,6.6783514,6.6494412
32.587063,-67.976135,6.6825485,6.6450443
32.155514,-67.07409,6.6867456,6.6406474
31.723583,-66.17222,6.690943,6.6362505
31.291279,-65.27054,6.6951466,6.6318536
30.858608,-64.369026,6.699544,6.627456
30.425581,-63.467686,6.703941,6.623059
29.99221,-62.56651,6.7083383,6.6186614
29.558506,-61.665497,6.7127357,6.614264
29.124477,-60.764637,6.7171273,6.609861
28.690136,-59.86393,6.721325,6.605263
28.255491,-58.96337,6.725523,6.6006656
27.820553,-58.06295,6.7297206,6.596068
27.38533,-57.16267,6.7339187,6.5914702
26.949835,-56.26252,6.7381163,6.5868783
26.514074,-55.3625,6.7423143,6.58248
26.07806,-54.4626,6.7465124,6.578082
25.641802,-53.56282,6.7507105,6.573684
25.205309,-52.663155,6.754909,6.569286
24.76859,-51.763596,6.759112,6.564888
24.33166,-50.864143,6.76351,6.5604897
23.894524,-49.96479,6.7679086,6.5560913
23.457193,-49.06553,6.772307,6.5516934
23.019678,-48.16636,6.776705,6.547295
22.58199,-47.267273,6.7810984,6.542892
22.144135,-46.36827,6.785297,6.538294
21.706127,-45.46934,6.7894955,6.533695
21.267973,-44.57048,6.793694,6.529097
20.829685,-43.671688,6.7978926,6.524499
20.391272,-42.772957,6.8020954,6.5199046
19.952744,-41.87428,6.8064938,6.5155063
19.514109,-40.975655,6.810892,6.511108
19.07538,-40.07708,6.8152905,6.5067096
18.636566,-39.178543,6.8196893,6.5023108
18.197676,-38.28004,6.8240833,6.4979124
17.75872,-37.381573,6.828282,6.493514
17.31971,-36.483135,6.8324804,6.4891157
16.880653,-35.584717,6.836679,6.484717
16.44156,-34.686317,6.8408775,6.4803185
16.002443,-33.78793,6.84508,6.4759164
15.563309,-32.88955,6.8494782,6.4713182
15.124168,-31.99117,6.8538766,6.4667196
14.685032,-31.092793,6.858275,6.4621215
14.24591,-30.194407,6.8626738,6.457523
13.80681,-29.29601,6.867069,6.452928
13.367744,-28.397594,6.871267,6.4485297
12.928721,-27.49916,6.8754654,6.4441314
12.489753,-26.6007,6.879664,6.439733
12.050847,-25.702208,6.883862,6.4353347
11.612014,-24.80368,6.8880634,6.4309363
11.1732645,-23.905113,6.892462,6.4265385
10.734608,-23.006498,6.8968596,6.42214
10.296054,-22.107836,6.901258,6.4177423
9.857614,-21.209116,6.905656,6.413344
9.419295,-20.310339,6.9098897,6.4090443
8.98111,-19.411495,6.9008937,6.4126425
8.543066,-18.512583,6.891898,6.4162407
8.105175,-17.613596,6.8829026,6.419839
7.667447,-16.71453,6.873907,6.423437
7.2298913,-15.81538,6.864699,6.4271655
6.792518,-14.9161415,6.834116,6.443956
6.355337,-14.016809,6.803533,6.4607463
5.9183574,-13.117379,6.77295,6.477537
5.4815893,-12.217847,6.7423673,6.4943275
5.045041,-11.318207,6.7117834,6.5111184
4.608724,-10.418455,6.681003,6.5279074
4.1726484,-9.518586,6.6502233,6.5446963
3.7368257,-8.618595,6.6194434,6.5614853
3.3012679,-7.718476,6.5886636,6.5782747
2.8659863,-6.8182225,6.557884,6.5950637
2.430991,-5.9178314,6.5273075,6.6118507
1.9962853,-5.0173,6.4967303,6.6286383
1.5618718,-4.1166277,6.4661536,6.6454253
1.1277523,-3.2158136,6.435577,6.662213
