# x_m,y_m,w_tr_right_m,w_tr_left_m
-0.961068,-1.262557,6.341,6.293
-1.6811832,-0.56883466,6.343599,6.2955985
-2.4012876,0.12489896,6.3461976,6.2981973
-3.121381,0.8186439,6.348796,6.300796
-3.8414636,1.5124003,6.3513947,6.303395
-4.5615354,2.206168,6.3539934,6.3059936
-5.281596,2.8999467,6.356592,6.3085923
-6.001646,3.5937366,6.359191,6.3111906
-6.721686,4.2875376,6.3617897,6.3137894
-7.4417152,4.981349,6.364388,6.316388
-8.161735,5.675171,6.3669868,6.318987
-8.881744,6.369003,6.3695855,6.321585
-9.601745,7.0628443,6.372184,6.324184
-10.321735,7.756696,6.3747826,6.3267827
-11.041717,8.450557,6.3773813,6.3293815
-11.761689,9.144427,6.37998,6.3319798
-12.481653,9.838306,6.3825784,6.3345785
-13.201609,10.532195,6.385177,6.337177
-13.9215555,11.226092,6.3877754,6.3397756
-14.641494,11.919997,6.390374,6.3423743
-15.361425,12.613912,6.392973,6.3449726
-16.081348,13.307833,6.395571,6.3475714
-16.801264,14.001762,6.39817,6.3501697
-17.521172,14.6957,6.4007683,6.3527684
-18.241074,15.389645,6.403367,6.3553667
-18.960966,16.083597,6.4059653,6.3579655
-19.680855,16.777555,6.408564,6.3605638
-20.400736,17.471521,6.4111624,6.3631625
-21.12061,18.165493,6.4137607,6.365761
-21.840477,18.859472,6.4163594,6.3683596
-22.56034,19.553457,6.4189577,6.370958
-23.280197,20.247448,6.4215565,6.373556
-24.000048,20.941444,6.4241548,6.376155
-24.719893,21.635447,6.426753,6.378753
-25.439734,22.329453,6.429352,6.381352
-26.159569,23.023466,6.43195,6.38395
-26.8794,23.717484,6.434549,6.3865485
-27.599226,24.411505,6.437147,6.3891473
-28.319048,25.105532,6.4397454,6.3917456
-29.038866,25.799562,6.4423437,6.394344
-29.75868,26.493597,6.4449425,6.3969426
-30.47849,27.187637,6.4475408,6.399541
-31.198298,27.88168,6.450139,6.402139
-31.9181,28.575726,6.452738,6.4047375
-32.6379,29.269773,6.455336,6.407336
-33.357697,29.963825,6.4579344,6.4099345
-34.07749,30.65788,6.4605327,6.412533
-34.797283,31.351938,6.4631314,6.415131
-35.517075,32.045998,6.4657297,6.4177294
-36.236862,32.740063,6.468328,6.420328
-36.956646,33.434124,6.4709263,6.4229264
-37.67643,34.128193,6.4735246,6.4253306
-38.396214,34.822258,6.476123,6.427729
-39.115993,35.516327,6.4787216,6.4301276
-39.835773,36.2104,6.48132,6.432526
-40.555553,36.90447,6.483918,6.4349246
-41.275333,37.59854,6.4865165,6.4375167
-41.99511,38.292614,6.4891148,6.440115
-42.71489,38.986687,6.491713,6.4427133
-43.434666,39.68076,6.4943113,6.4453115
-44.154446,40.374832,6.49691,6.44791
-44.87422,41.068905,6.4995084,6.450508
-45.594,41.762974,6.5021067,6.4531064
-46.313778,42.457047,6.504705,6.4557047
-47.033558,43.151115,6.507303,6.458303
-47.75334,43.845184,6.5099015,6.4609017
-48.47312,44.539253,6.5125,6.4635
-49.19291,45.23332,6.515098,6.4660983
-49.912693,45.927383,6.5176964,6.4686966
-50.63248,46.621445,6.5202947,6.471295
-51.352272,47.315506,6.522893,6.473893
-52.072063,48.009563,6.525491,6.4764915
-52.79186,48.703617,6.5280895,6.4790897
-53.511654,49.39767,6.530688,6.481688
-54.231453,50.09172,6.533286,6.4842863
-54.951256,50.785767,6.5358844,6.4868846
-55.671066,51.47981,6.5384827,6.489483
-56.390873,52.173847,6.541081,6.492081
-57.110687,52.86788,6.5436797,6.4946795
-57.830505,53.561913,6.546278,6.4972777
-58.550327,54.25594,6.5488763,6.499876
-59.270157,54.949963,6.5514746,6.5024743
-59.989986,55.64398,6.554073,6.5050726
-60.70982,56.33799,6.556671,6.507671
-61.42966,57.031998,6.5592694,6.510269
-62.14951,57.726,6.5618677,6.5128675
-62.869358,58.42,6.564466,6.5154657
-63.589214,59.113987,6.5670643,6.518064
-64.309074,59.807972,6.5696626,6.5206623
-65.028946,60.50195,6.572261,6.5232606
-65.74882,61.195923,6.574859,6.525859
-66.468704,61.88989,6.5774574,6.528457
-67.18859,62.583847,6.5800557,6.5310555
-67.908485,63.2778,6.582654,6.5336537
-68.62838,63.971745,6.5852523,6.536252
-69.34829,64.66568,6.5878506,6.5388503
-70.06821,65.35961,6.590449,6.5414486
-70.78813,66.053535,6.593047,6.544047
-71.508064,66.747444,6.5956454,6.546645
-72.228,67.44135,6.5982437,6.5492435
-72.947945,68.13525,6.600842,6.5518417
-73.6679,68.82914,6.6034403,6.55444
-74.38786,69.52302,6.6060386,6.5570383
-75.10784,70.21689,6.608637,6.5596366
-75.82782,70.91075,6.611235,6.562235
-76.54781,71.6046,6.6138334,6.564833
-77.267815,72.29844,6.6164317,6.5674314
-77.98782,72.99227,6.61903,6.5700297
-78.70784,73.6861,6.6216283,6.5726285
-79.42787,74.379906,6.6242266,6.575227
-80.14791,75.07371,6.626825,6.577825
-80.86796,75.767494,6.629423,6.5804234
-81.58802,76.46127,6.6320214,6.5830216
-82.30809,77.155045,6.6346197,6.58562
-83.028175,77.8488,6.637218,6.588218
-83.74827,78.54254,6.6398163,6.5908165
-84.468376,79.236275,6.6424146,6.593415
-85.18849,79.93,6.6450133,6.596013
-85.908615,80.62371,6.6476116,6.5986114
-86.62876,81.317406,6.65021,6.6012096
-87.34891,82.011086,6.652808,6.603808
-88.06908,82.70476,6.6554065,6.6064067
-88.78925,83.398415,6.6580048,6.609005
-89.509445,84.092064,6.660603,6.6116033
-90.229645,84.78569,6.6632013,6.6142015
-90.94987,85.47931,6.6658,6.6168
-91.6701,86.17291,6.6683984,6.619398
-92.390335,86.8665,6.6709967,6.6219964
-93.110596,87.560074,6.673595,6.624595
-93.830864,88.25364,6.676193,6.6271935
-94.551155,88.94718,6.6787915,6.6297917
-95.271454,89.64071,6.6813903,6.6322064
-95.99177,90.33423,6.6839886,6.634605
-96.7121,91.027725,6.686587,6.6370034
-97.43244,91.721214,6.689185,6.639402
-98.1528,92.41468,6.6917834,6.6418004
-98.87318,93.10813,6.694382,6.644382
-99.59357,93.80157,6.6969805,6.6469803
-100.31397,94.49499,6.699579,6.649579
-101.03439,95.18839,6.7021775,6.6521773
-101.75483,95.88178,6.704776,6.6547756
-102.47529,96.57515,6.707374,6.6573744
-103.195755,97.2685,6.7099724,6.6599727
-103.916245,97.96184,6.712571,6.662571
-104.63675,98.65515,6.7151694,6.6651697
-105.35728,99.34845,6.7177677,6.667768
-106.07781,100.04173,6.7203665,6.6703663
-106.79837,100.73499,6.722965,6.672965
-107.51895,101.42824,6.7255635,6.6755633
-108.23954,102.12147,6.728162,6.6781616
-108.96015,102.814674,6.73076,6.6807604
-109.680786,103.50786,6.733359,6.6833587
-110.401436,104.20103,6.735957,6.6859574
-111.1221,104.89417,6.738556,6.6885557
-111.84279,105.5873,6.741154,6.6911545
-112.56349,106.28041,6.743753,6.693753
-113.28422,106.9735,6.7463512,6.6963515
-114.00497,107.66657,6.74895,6.69895
-114.72573,108.35962,6.7515483,6.7015486
-115.44651,109.05264,6.754147,6.704147
-116.16732,109.74565,6.7567453,6.7067456
-116.888145,110.43864,6.759164,6.709344
-117.60899,111.1316,6.7615623,6.7119427
-118.32986,111.82454,6.7639613,6.7145414
-119.05074,112.517456,6.76636,6.7171397
-119.77165,113.21035,6.768759,6.7197385
-120.492584,113.90323,6.771337,6.7223372
-121.21354,114.59608,6.773936,6.7249355
-121.93451,115.28891,6.776534,6.7275343
-122.65551,115.98172,6.779133,6.730133
-123.376526,116.6745,6.7817316,6.7327313
-124.097565,117.36726,6.7843304,6.73533
-124.818634,118.06,6.7869287,6.737929
-125.53972,118.75271,6.7895274,6.7405276
-126.260826,119.4454,6.792126,6.7431264
-126.98196,120.13806,6.794725,6.7457247
-127.70312,120.8307,6.7973237,6.7483234
-128.4243,121.523315,6.7999225,6.750922
-129.1455,122.21591,6.8025208,6.753521
-129.86673,122.90848,6.8051195,6.7561197
-130.58798,123.60101,6.8077183,6.7587185
-131.30925,124.29353,6.810317,6.7613173
-132.03056,124.98602,6.812916,6.763916
-132.75188,125.67848,6.8155146,6.766515
-133.47324,126.37092,6.8181133,6.7691135
-134.19461,127.06333,6.820712,6.7717123
-134.91602,127.755714,6.823311,6.774311
-135.63744,128.44807,6.8259096,6.77691
-136.35889,129.14041,6.828509,6.7795086
-137.08037,129.8327,6.8311076,6.7821074
-137.80188,130.52498,6.8337064,6.784706
-138.5234,131.21724,6.836305,6.787305
-139.24496,131.90945,6.838904,6.789904
-139.96655,132.60164,6.8415027,6.792503
-140.68817,133.29381,6.844102,6.7951016
-141.4098,133.98595,6.8467007,6.7977004
-142.13147,134.67805,6.8492994,6.8002996
-142.85316,135.37013,6.851898,6.8028984
-143.57489,136.06218,6.8544974,6.805497
-144.29665,136.7542,6.857096,6.8080964
-145.01842,137.4462,6.859695,6.810695
-145.74023,138.13815,6.8615885,6.8127646
-146.46207,138.8301,6.8633876,6.814764
-147.18393,139.52199,6.8651867,6.8167634
-147.90582,140.21385,6.8669863,6.8187623
-148.62775,140.9057,6.8687854,6.8207617
-149.3497,141.5975,6.8681197,6.8218803
-150.07169,142.28929,6.86712,6.8228803
-150.7937,142.98103,6.8661203,6.8238797
-151.51573,143.67274,6.865121,6.824879
-152.23781,144.36444,6.864121,6.825879
-152.95992,145.05609,6.863473,6.826527
-153.68205,145.74771,6.862873,6.827127
-154.40422,146.4393,6.862273,6.827727
-155.1264,147.13086,6.8616734,6.8283267
-155.84863,147.82237,6.8610735,6.8289266
-156.57089,148.51387,6.864683,6.825317
-157.29318,149.20532,6.8688817,6.8211184
-158.0155,149.89674,6.8730803,6.8169193
-158.73787,150.58813,6.8772793,6.812721
-159.46025,151.2795,6.881478,6.808522
-160.18266,151.97083,6.885852,6.804148
-160.90512,152.66211,6.89025,6.79975
-161.62761,153.35336,6.894649,6.795351
-162.35013,154.04459,6.899048,6.790952
-163.07268,154.73576,6.9034467,6.7865534
-163.79526,155.42693,6.9076705,6.7823296
-164.51787,156.11803,6.9118695,6.7781305
-165.24052,156.80911,6.9160686,6.7739315
-165.96321,157.50015,6.920267,6.769733
-166.68593,158.19116,6.924466,6.765534
-167.40869,158.88214,6.9288397,6.7611604
-168.13147,159.57307,6.9332385,6.756761
-168.8543,160.26398,6.937638,6.7523623
-169.57716,160.95483,6.9420366,6.7479634
-170.30005,161.64566,6.9464355,6.7435646
-171.02298,162.33646,6.9508348,6.7391653
-171.74596,163.0272,6.9552336,6.734766
-172.46895,163.71791,6.959633,6.730367
-173.19199,164.40858,6.964032,6.725968
-173.91507,165.09923,6.968431,6.721569
-174.63817,165.78983,6.9726563,6.717344
-175.36131,166.4804,6.9768558,6.7131443
-176.0845,167.17091,6.981055,6.7089453
-176.80772,167.86139,6.9852543,6.704746
-177.53099,168.55183,6.9894533,6.7005467
-178.25427,169.24225,6.993827,6.696173
-178.97762,169.93262,6.998226,6.691774
-179.70099,170.62294,7.0026255,6.6873746
-180.4244,171.31323,7.007025,6.6829753
-181.14784,172.00348,7.011424,6.678576
-181.87132,172.69368,7.010088,6.679912
-182.59485,173.38385,7.0078883,6.6821117
-183.31842,174.07397,7.0056887,6.6843114
-184.04202,174.76405,7.003489,6.686511
-184.76566,175.4541,7.001289,6.6887107
-185.48933,176.1441,6.995789,6.694211
-186.21306,176.83406,6.9897895,6.7002106
-186.93681,177.52397,6.98379,6.70621
-187.66063,178.21385,6.9777904,6.7122097
-188.38446,178.90369,6.971791,6.7182093
-189.10834,179.59348,6.965965,6.7240353
-189.83226,180.28323,6.960165,6.729835
-190.55623,180.97293,6.9543653,6.735635
-191.28023,181.6626,6.9485655,6.7414346
-192.00427,182.35222,6.9427657,6.7472343
-192.72836,183.0418,6.936792,6.753208
-193.4525,183.73132,6.930792,6.759208
-194.17667,184.4208,6.9247923,6.765208
-194.90088,185.11026,6.9187922,6.771208
-195.62514,185.79965,6.912792,6.777208
-196.34943,186.48901,6.906792,6.783208
-197.07376,187.17831,6.9007916,6.7892084
-197.79816,187.86758,6.8947916,6.7952085
-198.52257,188.55681,6.8887916,6.8012085
-199.24704,189.24599,6.882791,6.807209
-199.97156,189.9351,6.8769646,6.8130355
-200.6961,190.62419,6.871164,6.8188357
-201.42072,191.31323,6.8653636,6.8246365
-202.14536,192.00223,6.8595634,6.8304367
-202.87004,192.69116,6.8537626,6.836237
-203.59477,193.38007,6.8477883,6.8422112
-204.31955,194.06891,6.841788,6.8482122
-205.04437,194.75772,6.8357873,6.8542128
-205.76924,195.44647,6.829787,6.8602133
-206.49416,196.13518,6.823786,6.8662143
-207.21912,196.82384,6.818654,6.8713455
-207.9441,197.51245,6.8136535,6.8763466
-208.66916,198.20102,6.808653,6.881347
-209.39426,198.88954,6.8036523,6.886348
-210.1194,199.578,6.798651,6.891349
-210.84459,200.26642,6.7959123,6.894088
-211.56982,200.95479,6.793512,6.896488
-212.2951,201.64311,6.7911115,6.8988886
-213.02043,202.33138,6.788711,6.901289
-213.7458,203.01959,6.78631,6.9036894
-214.47122,203.70776,6.7837358,6.9062643
-215.1967,204.39589,6.781135,6.908865
-215.92221,205.08395,6.7785344,6.9114656
-216.64778,205.77197,6.7759337,6.914066
-217.3734,206.45995,6.7733335,6.9166665
-218.09906,207.14786,6.770907,6.919093
-218.82477,207.83572,6.7685065,6.9214935
-219.55054,208.52354,6.7661057,6.9238944
-220.27634,209.2113,6.7637053,6.926295
-221.0022,209.89902,6.7613044,6.9286957
-221.7281,210.58669,6.758729,6.931271
-222.45406,211.27429,6.7561283,6.9338717
-223.18007,211.96184,6.7535276,6.9364724
-223.90613,212.64934,6.7509265,6.9390736
-224.63223,213.33679,6.748326,6.941674
-225.3584,214.02419,6.7458997,6.9441
-226.0846,214.71152,6.7434993,6.946501
-226.81085,215.39882,6.7410984,6.9489017
-227.53717,216.08604,6.7386975,6.9513025
-228.26353,216.77322,6.7362967,6.9537034
-228.98994,217.46036,6.7337203,6.9562798
-229.7164,218.14743,6.731119,6.958881
-230.44292,218.83444,6.728518,6.961482
-231.1695,219.52141,6.725917,6.9640827
-231.8961,220.20831,6.723316,6.966684
-232.62279,220.89516,6.7208905,6.9691095
-233.3495,221.58195,6.7184896,6.9715104
-234.07628,222.26869,6.7160883,6.9739113
-234.80312,222.95538,6.7136874,6.9763126
-235.53,223.642,6.7112865,6.9787135
-236.25694,224.32857,6.7138195,6.97618
-236.98393,225.01509,6.7170215,6.9729786
-237.71097,225.70154,6.720223,6.969777
-238.43808,226.38794,6.7234244,6.9665756
-239.16522,227.07428,6.726626,6.963374
-239.89243,227.76057,6.7300043,6.9599957
-240.61967,228.44681,6.733406,6.956594
-241.34698,229.13298,6.7368083,6.9531918
-242.07436,229.81909,6.74021,6.94979
-242.8018,230.50513,6.743612,6.9463882
-243.5293,231.19112,6.746835,6.943165
-244.25677,231.8771,6.7500362,6.939964
-244.98415,232.56322,6.753237,6.9367633
-245.71132,233.24954,6.7564373,6.9335628
-246.43819,233.93619,6.759638,6.9303617
-247.16466,234.62325,6.7628317,6.9271684
-247.89066,235.3108,6.7660246,6.9239755
-248.61609,235.99896,6.769217,6.9207826
-249.34088,236.6878,6.77241,6.91759
-250.06493,237.37743,6.775603,6.9143972
-250.78816,238.06789,6.7787814,6.9112186
-251.51045,238.75935,6.7819576,6.9080424
-252.23167,239.45192,6.785134,6.904866
-252.95169,240.14575,6.7883105,6.9016895
-253.67035,240.84097,6.7914867,6.8985133
-254.38756,241.53769,6.7948074,6.8951926
-255.10333,242.2359,6.7981563,6.891844
-255.81775,242.9355,6.8015046,6.888495
-256.53085,243.63641,6.8048534,6.8851466
-257.24274,244.33858,6.8082023,6.881798
-257.9534,245.04198,6.8107834,6.879216
-258.66223,245.74724,6.813125,6.876875
-259.3683,246.45525,6.815467,6.874533
-260.07065,247.16693,6.817808,6.872192
-260.76837,247.88318,6.8201494,6.8698506
-261.46042,248.60489,6.8225017,6.8674984
-262.14517,249.33356,6.82486,6.86514
-262.82047,250.07097,6.8272185,6.8627815
-263.48407,250.81891,6.8295774,6.8604226
-264.1337,251.57903,6.8319364,6.8580637
-264.7669,252.35286,6.8249707,6.8650293
-265.38095,253.14198,6.810344,6.879656
-265.97272,253.94792,6.7957187,6.8942814
-266.5389,254.77203,6.781095,6.908905
-267.07605,255.61536,6.7664795,6.9235206
-267.5805,256.4786,6.730528,6.959472
-268.04797,257.36243,6.6817794,7.0082207
-268.47336,258.26724,6.6330104,7.0569897
-268.85104,259.19296,6.5841994,7.1058006
-269.1751,260.13873,6.5353637,7.1546364
-269.44034,261.10266,6.5077124,7.1822877
-269.6462,262.08102,6.483256,7.206744
-269.794,263.0698,6.458818,7.231182
-269.88504,264.06543,6.4343853,7.2556148
-269.92044,265.0646,6.417417,7.272583
-269.90173,266.06424,6.481682,7.208318
-269.8322,267.0616,6.545968,7.144032
-269.7156,268.05463,6.610238,7.0797615
-269.55563,269.0416,6.674486,7.015514
-269.35596,270.0213,6.737366,6.952634
-269.11972,270.99283,6.7863092,6.903691
-268.84866,271.95526,6.835272,6.854728
-268.54434,272.90768,6.884248,6.8057523
-268.20828,273.84937,6.9332385,6.7567616
-267.84192,274.7797,6.9819207,6.7080793
-267.4473,275.69843,6.9664197,6.7235804
-267.02878,276.6065,6.9509187,6.7390814
-266.59125,277.50558,6.9354224,6.7545776
-266.13934,278.39755,6.9199314,6.7700686
-265.67776,279.28455,6.904442,6.785558
-265.21082,280.1687,6.88909,6.8009095
-264.74216,281.052,6.8737383,6.8162613
-264.27527,281.93622,6.8583827,6.8316174
-263.81366,282.82318,6.843024,6.8469763
-263.36084,283.71466,6.8276634,6.8623366
-262.91962,284.61197,6.812088,6.877912
-262.48932,285.51453,6.7965055,6.8934946
-262.06827,286.42148,6.780926,6.909074
-261.65472,287.33185,6.765349,6.924651
-261.24698,288.24484,6.749771,6.940229
-260.84344,289.1597,6.764013,6.9259872
-260.44302,290.07593,6.7798095,6.9101906
-260.04483,290.99313,6.795607,6.894393
-259.648,291.91095,6.811405,6.878595
-259.25162,292.82892,6.827203,6.862797
-258.8551,293.74686,6.852736,6.837264
-258.45917,294.665,6.8787856,6.8112144
-258.06497,295.58395,6.904835,6.785165
-257.67365,296.50412,6.930884,6.759116
-257.28638,297.42596,6.9569325,6.7330675
-256.90424,298.34998,6.9668493,6.7231507
-256.5281,299.27643,6.9760766,6.7139235
-256.1588,300.20566,6.985304,6.704696
-255.79718,301.13788,6.9945316,6.6954684
-255.44405,302.07333,7.0037594,6.6862407
-255.10008,303.01224,7.003024,6.686976
-254.76538,303.95444,7.002022,6.687978
-254.43982,304.89987,7.00102,6.68898
-254.12332,305.84836,7.000018,6.689982
-253.81578,306.7998,6.999016,6.6909842
-253.51709,307.75406,6.993485,6.696515
-253.22723,308.71103,6.9878817,6.7021184
-252.94618,309.67062,6.982278,6.707722
-252.67395,310.63275,6.976674,6.713326
-252.41049,311.59732,6.971071,6.7189293
-252.1558,312.56424,6.9506745,6.7393255
-251.90985,313.53342,6.93009,6.75991
-251.67259,314.50476,6.9095054,6.7804947
-251.44397,315.47818,6.888921,6.8010793
-251.22397,316.45358,6.868336,6.821664
-251.01254,317.4309,6.8632874,6.8267126
-250.80966,318.41,6.8584967,6.8315034
-250.61528,319.39084,6.8537064,6.8362937
-250.42938,320.3733,6.8489156,6.8410845
-250.2519,321.35733,6.844125,6.8458753
-250.08286,322.34283,6.848468,6.841532
-249.92218,323.32974,6.853055,6.8369446
-249.76985,324.318,6.8576427,6.8323574
-249.62584,325.30746,6.86223,6.82777
-249.4901,326.29813,6.866817,6.823183
-249.36261,327.28986,6.8752317,6.8147683
-249.24335,328.28262,6.883805,6.8061953
-249.13228,329.27634,6.8923783,6.7976217
-249.02936,330.27094,6.900952,6.789048
-248.93459,331.26636,6.9095254,6.7804747
-248.84792,332.26248,6.9213037,6.7686963
-248.76933,333.2593,6.93327,6.75673
-248.69879,334.2567,6.945236,6.744764
-248.63629,335.25467,6.9572024,6.732797
-248.5818,336.25308,6.969169,6.720831
-248.5353,337.25192,6.979846,6.710154
-248.49675,338.25107,6.990427,6.699573
-248.46614,339.25052,7.001008,6.688992
-248.44345,340.25015,7.011589,6.678411
-248.42865,341.24997,7.02217,6.66783
-248.42174,342.24985,7.0147066,6.6752934
-248.4227,343.24976,7.0057073,6.684293
-248.43153,344.2496,6.996708,6.693292
-248.44827,345.2494,6.9877086,6.7022915
-248.47292,346.249,6.978709,6.711291
-248.50545,347.24835,6.969696,6.720304
-248.54591,348.24744,6.9606814,6.7293186
-248.59431,349.2462,6.9516673,6.7383327
-248.65065,350.2445,6.9426527,6.7473474
-248.71494,351.24234,6.9336386,6.7563615
-248.7872,352.23962,6.9246144,6.7653856
-248.86743,353.2363,6.9155893,6.7744107
-248.95564,354.2323,6.906564,6.783436
-249.05185,355.22757,6.897539,6.792461
-249.15605,356.22205,6.888514,6.801486
-249.26825,357.21564,6.905033,6.784967
-249.38846,358.20828,6.923095,6.766905
-249.51668,359.19992,6.9411573,6.7488427
-249.65291,360.19052,6.9592195,6.7307806
-249.79716,361.17996,6.9772816,6.7127185
-249.94943,362.1682,6.9963098,6.6936903
-250.10973,363.15518,7.015378,6.674622
-250.27805,364.1408,7.034446,6.655554
-250.45438,365.12506,7.053514,6.636486
-250.63875,366.10782,7.0725822,6.617418
-250.83113,367.08905,7.0879135,6.6020865
-251.03152,368.06866,7.103161,6.5868387
-251.23994,369.0466,7.1184087,6.5715914
-251.45636,370.0228,7.1336565,6.5563436
-251.68079,370.9972,7.148904,6.541096
-251.91322,371.96973,7.135856,6.554144
-252.15364,372.94028,7.1226287,6.5673714
-252.40205,373.90884,7.1094017,6.5805984
-252.65843,374.8753,7.0961742,6.593826
-252.92279,375.83966,7.0829344,6.6070657
-253.1951,376.80176,7.066529,6.6234713
-253.47536,377.7616,7.0501227,6.639877
-253.76355,378.71906,7.033717,6.656283
-254.05966,379.6741,7.0173116,6.6726885
-254.36366,380.62668,7.0008936,6.6891065
-254.67555,381.5767,6.982329,6.707671
-254.99533,382.5241,6.9637647,6.7262354
-255.323,383.46878,6.9452,6.7448
-255.65854,384.4107,6.9266353,6.763365
-256.00198,385.3498,6.908071,6.781929
-256.3533,386.28595,6.8935075,6.796492
-256.71252,387.2191,6.8789597,6.8110404
-257.07965,388.14917,6.864412,6.825588
-257.4547,389.07605,6.849864,6.840136
-257.8377,389.99973,6.835316,6.854684
-258.22864,390.92004,6.820972,6.869028
-258.6275,391.83694,6.8066325,6.8833675
-259.03436,392.75034,6.792293,6.897707
-259.4492,393.66013,6.777953,6.9120464
-259.872,394.56622,6.7636137,6.9263864
-260.30283,395.46857,6.753084,6.936916
-260.7417,396.367,6.7427254,6.9472747
-261.1886,397.26147,6.732366,6.957634
-261.64352,398.1519,6.7220073,6.967993
-262.10657,399.03815,6.711648,6.978352
-262.57767,399.9201,6.735488,6.954512
-263.0569,400.7977,6.76161,6.92839
-263.54422,401.6708,6.7877326,6.9022675
-264.03967,402.5393,6.8138547,6.8761454
-264.5433,403.40314,6.839977,6.8500233
-265.05508,404.26215,6.865214,6.824786
-265.57504,405.1162,6.890376,6.799624
-266.10318,405.96527,6.915539,6.7744613
-266.63956,406.8091,6.940701,6.749299
-267.18417,407.6477,6.9658637,6.7241364
-267.73703,408.48087,6.9788013,6.711199
-268.29813,409.3085,6.9906044,6.6993957
-268.86746,410.1305,7.0024076,6.6875925
-269.44507,410.9467,7.0142107,6.6757894
-270.0309,411.757,7.026014,6.663986
-270.625,412.56128,7.036367,6.653633
-271.22736,413.35938,7.046588,6.643412
-271.83804,414.15112,7.0568085,6.6331916
-272.45712,414.93634,7.0670295,6.6229706
-273.08456,415.71487,7.0772505,6.6127496
-273.72046,416.48654,7.078372,6.611628
-274.3646,417.2513,7.0787735,6.6112266
-275.01685,418.0092,7.079175,6.610825
-275.677,418.7602,7.079576,6.6104236
-276.34494,419.50427,7.0799775,6.6100225
-277.0204,420.24155,7.080569,6.6094313
-277.70294,420.97226,7.081171,6.608829
-278.39206,421.69678,7.081773,6.6082273
-279.08728,422.41544,7.082375,6.607625
-279.78812,423.12866,7.0829773,6.607023
-280.49405,423.83676,7.081457,6.608543
-281.20474,424.54016,7.0798535,6.6101465
-281.91977,425.2391,7.07825,6.61175
-282.63876,425.93402,7.0766463,6.6133537
-283.36133,426.62518,7.0750427,6.614957
-284.0871,427.31296,7.055721,6.6342793
-284.8157,427.99777,7.035911,6.654089
-285.5467,428.68002,7.0161014,6.6738987
-286.27966,429.36017,6.9962916,6.693708
-287.01422,430.03854,6.9764824,6.7135177
-287.75003,430.7156,6.9568872,6.733113
-288.4868,431.39163,6.937298,6.752702
-289.2243,432.06683,6.9177084,6.7722917
-289.96234,432.74146,6.8981185,6.7918816
-290.70065,433.4158,6.878529,6.811471
-291.43906,434.09,6.858752,6.8312483
-292.17758,434.7641,6.8389697,6.8510303
-292.91623,435.43805,6.819187,6.870813
-293.65506,436.11182,6.799405,6.890595
-294.39407,436.78534,6.7796226,6.9103775
-295.13336,437.45862,6.7718406,6.9181595
-295.87286,438.13162,6.7644486,6.9255514
-296.6126,438.80438,6.7570567,6.9329433
-297.35257,439.4769,6.749665,6.9403353
-298.0927,440.1492,6.742273,6.947727
-298.8331,440.82126,6.7398834,6.950116
-299.57364,441.4931,6.737686,6.952314
-300.31442,442.16473,6.735489,6.954511
-301.0554,442.83615,6.733291,6.956709
-301.79654,443.50732,6.731094,6.958906
-302.53793,444.17828,6.7290874,6.9609127
-303.27954,444.84897,6.7270894,6.9629107
-304.02133,445.51947,6.7250915,6.964908
-304.76334,446.18973,6.723094,6.966906
-305.50552,446.85977,6.721096,6.968904
-306.2479,447.52963,6.718908,6.971092
-306.99048,448.19925,6.7167096,6.9732904
-307.73322,448.8687,6.714512,6.975488
-308.4761,449.53796,6.7123137,6.9776864
-309.21918,450.20706,6.710116,6.979884
-309.96237,450.87598,6.7079177,6.9820824
-310.70572,451.54477,6.7057195,6.9842806
-311.44916,452.2134,6.7035213,6.986479
-312.19275,452.88193,6.701323,6.988677
-312.93643,453.5503,6.699125,6.9908752
-313.68024,454.21857,6.6971145,6.992885
-314.42413,454.88675,6.695116,6.994884
-315.1681,455.5548,6.6931176,6.9968824
-315.91214,456.2228,6.6911187,6.9988813
-316.65625,456.89072,6.6891203,7.00088
-317.40042,457.5586,6.6869335,7.0030665
-318.14462,458.22638,6.684735,7.005265
-318.8889,458.89413,6.6825356,7.007464
-319.63318,459.56186,6.680337,7.009663
-320.37747,460.22955,6.6781383,7.011862
-321.1218,460.89725,6.676127,7.013873
-321.86615,461.5649,6.6741276,7.0158725
-322.61047,462.2326,6.6721287,7.0178714
-323.35477,462.9003,6.6701293,7.0198703
-324.09906,463.56802,6.6681304,7.0218697
-324.84332,464.23575,6.6659446,7.0240555
-325.58755,464.90356,6.6637454,7.0262547
-326.33173,465.5714,6.661546,7.028454
-327.07584,466.23932,6.659347,7.030653
-327.8199,466.9073,6.657148,7.032852
-328.56387,467.57535,6.654948,7.035052
-329.30777,468.24353,6.652749,7.037251
-330.05157,468.91177,6.65055,7.03945
-330.7953,469.58014,6.6483502,7.04165
-331.53888,470.24863,6.646151,7.043849
-332.28238,470.91727,6.644138,7.045862
-333.02573,471.58603,6.6421385,7.0478616
-333.76895,472.25494,6.6401386,7.0498614
-334.51202,472.924,6.6381392,7.051861
-335.25494,473.59323,6.63614,7.05386
-335.99768,474.26266,6.633954,7.056046
-336.7403,474.93228,6.6317544,7.0582457
-337.4827,475.60208,6.6295547,7.0604453
-338.2249,476.2721,6.627355,7.062645
-338.96695,476.94235,6.6251554,7.064844
-339.70874,477.6128,6.623142,7.0668583
-340.45035,478.2835,6.621142,7.0688577
-341.19174,478.95447,6.6191425,7.0708575
-341.9329,479.62567,6.6171427,7.0728574
-342.6738,480.29712,6.615143,7.074857
-343.41446,480.96887,6.6129575,7.0770426
-344.15485,481.6409,6.610758,7.079242
-344.895,482.31323,6.608558,7.081442
-345.63483,482.98587,6.6063585,7.0836415
-346.3744,483.6588,6.6041584,7.085841
-347.11368,484.3321,6.6019588,7.0880413
-347.85263,485.0057,6.599759,7.090241
-348.59128,485.67966,6.5975595,7.0924406
-349.32962,486.35394,6.59536,7.0946403
-350.06763,487.02863,6.5931597,7.09684
-350.80527,487.70364,6.5911455,7.0988545
-351.5426,488.37906,6.5891457,7.100854
-352.27954,489.05487,6.5871463,7.102854
-353.01614,489.73108,6.5851464,7.1048536
-353.75235,490.40768,6.5831466,7.1068535
-354.48816,491.08472,6.5809617,7.1090384
-355.2236,491.76218,6.578762,7.111238
-355.95865,492.4401,6.5765624,7.1134377
-356.69324,493.11844,6.5743628,7.1156373
-357.42743,493.79724,6.572163,7.117837
-358.1612,494.4765,6.5699635,7.1200366
-358.89453,495.15625,6.5677643,7.122236
-359.6274,495.8365,6.5655646,7.1244354
-360.35983,496.5172,6.563365,7.126635
-361.09177,497.19843,6.5611653,7.1288342
-361.82324,497.8802,6.559151,7.130849
-362.55423,498.56244,6.557152,7.1328483
-363.2847,499.24524,6.5551524,7.1348476
-364.01468,499.92856,6.553153,7.136847
-364.74417,500.61243,6.5511537,7.1388464
-365.4731,501.29688,6.5489697,7.1410303
-366.20154,501.98187,6.5467706,7.143229
-366.9294,502.66742,6.544572,7.145428
-367.65677,503.35355,6.5423727,7.1476274
-368.3836,504.04025,6.5401735,7.1498265
-369.1099,504.7275,6.538895,7.151105
-369.83563,505.41534,6.537696,7.152304
-370.56082,506.10376,6.5364966,7.1535034
-371.28546,506.79272,6.535297,7.1547027
-372.00958,507.4823,6.5340977,7.1559024
-372.73312,508.17242,6.539691,7.1503086
-373.45612,508.86316,6.5458875,7.1441126
-374.17856,509.55447,6.552084,7.137916
-374.90042,510.24637,6.55828,7.13172
-375.6217,510.93884,6.5644765,7.1255236
-376.34247,511.63193,6.5704894,7.1195107
-377.06262,512.3256,6.5764856,7.1135144
-377.7822,513.0199,6.582482,7.107518
-378.50122,513.7147,6.5884776,7.1015224
-379.21967,514.4102,6.594474,7.095526
-379.9375,515.10626,6.600652,7.089348
-380.6548,515.8029,6.606848,7.0831523
-381.37146,516.5002,6.6130433,7.0769563
-382.08752,517.1981,6.6192393,7.0707607
-382.803,517.8966,6.625435,7.064565
-383.5179,518.5957,6.6314487,7.0585513
-384.23218,519.2954,6.6374445,7.0525556
-384.94586,519.9957,6.6434402,7.04656
-385.65894,520.6967,6.649436,7.040564
-386.3714,521.3983,6.6554317,7.0345683
-387.08325,522.10046,6.661608,7.0283914
-387.7945,522.80334,6.667804,7.022196
-388.5051,523.5068,6.6739993,7.0160003
-389.2151,524.2109,6.6801953,7.0098047
-389.92447,524.9156,6.686391,7.003609
-390.63318,525.6209,6.692406,6.997594
-391.34128,526.3269,6.698402,6.991598
-392.04877,527.0335,6.7043977,6.9856024
-392.75558,527.7408,6.7103934,6.9796066
-393.46176,528.44867,6.716389,6.973611
-394.1673,529.1572,6.722564,6.967436
-394.8722,529.8664,6.7287602,6.96124
-395.57642,530.57623,6.734956,6.9550443
-396.28,531.28674,6.741152,6.9488482
-396.98294,531.99786,6.7473474,6.9426527
-397.68518,532.70966,6.7533646,6.9366355
-398.38678,533.4221,6.7593603,6.9306393
-399.0877,534.1352,6.7653565,6.9246435
-399.78796,534.849,6.771353,6.9186473
-400.48755,535.5634,6.777349,6.912651
-401.18646,536.2785,6.783523,6.9064765
-401.88467,536.99426,6.7897196,6.9002805
-402.5822,537.71063,6.7959156,6.8940845
-403.27908,538.42773,6.802112,6.887888
-403.97522,539.1455,6.808308,6.881692
-404.6707,539.86395,6.8075795,6.8824205
-405.36545,540.58307,6.80598,6.88402
-406.05954,541.30286,6.8043814,6.8856187
-406.7529,542.0233,6.802782,6.887218
-407.44553,542.74445,6.8011827,6.888817
-408.13748,543.46625,6.795866,6.894134
-408.8287,544.1888,6.790069,6.899931
-409.51923,544.912,6.7842717,6.9057283
-410.209,545.63586,6.7784743,6.9115252
-410.89807,546.3604,6.7726774,6.9173226
-411.5864,547.0857,6.76688,6.92312
-412.274,547.81165,6.761082,6.928918
-412.96088,548.5383,6.755285,6.9347153
-413.647,549.2657,6.7494874,6.9405127
-414.3324,549.9937,6.7436895,6.9463105
-415.01703,550.7225,6.7378917,6.9521084
-415.70093,551.45197,6.732094,6.9579062
-416.38406,552.18207,6.7262955,6.9637046
-417.06644,552.91296,6.7204976,6.9695024
-417.74808,553.64453,6.7146997,6.9753003
-418.42892,554.37683,6.7089014,6.9810987
-419.109,555.1098,6.7031026,6.9868975
-419.78836,555.84357,6.6973042,6.992696
-420.4669,556.57794,6.691506,6.998494
-421.14468,557.3131,6.685707,7.0042925
-421.82166,558.04895,6.6799083,7.010092
-422.49786,558.7856,6.6741095,7.0158906
-423.17328,559.5229,6.6683106,7.0216894
-423.84793,560.2609,6.6625113,7.027488
-424.52176,560.99963,6.6567125,7.0332875
-425.19482,561.73914,6.6510887,7.0389113
-425.8671,562.4793,6.645489,7.044511
-426.5386,563.22015,6.6398897,7.05011
-427.20935,563.96173,6.6342907,7.0557094
-427.87936,564.704,6.628691,7.061309
-428.5486,565.4469,6.622916,7.067084
-429.21716,566.1904,6.6171165,7.072883
-429.88498,566.93463,6.611317,7.078683
-430.5521,567.67944,6.6055174,7.0844827
-431.21854,568.4249,6.5997176,7.090282
-431.88425,569.17096,6.5939183,7.0960817
-432.54932,569.91766,6.5881186,7.1018815
-433.21368,570.6649,6.582319,7.1076813
-433.87744,571.4128,6.576519,7.113481
-434.54053,572.1612,6.5707192,7.1192803
-435.20297,572.91016,6.56492,7.12508
-435.86478,573.6597,6.55912,7.13088
-436.526,574.4098,6.5533204,7.136679
-437.18658,575.1604,6.547521,7.142479
-437.8466,575.91156,6.5417213,7.1482787
-438.506,576.6632,6.542226,7.147774
-439.16486,577.41534,6.543626,7.146374
-439.82315,578.16797,6.5450253,7.1449747
-440.48087,578.92114,6.5464253,7.1435747
-441.13806,579.67474,6.5478253,7.1421747
-441.7947,580.4288,6.552375,7.137625
-442.45084,581.18335,6.557374,7.1326256
-443.10648,581.9383,6.5623736,7.1276264
-443.7616,582.6937,6.567373,7.1226273
-444.4162,583.4495,6.572372,7.117628
-445.07034,584.2058,6.577371,7.112629
-445.72403,584.96246,6.58237,7.10763
-446.37726,585.7195,6.587369,7.102631
-447.03003,586.4769,6.592368,7.097632
-447.68234,587.23474,6.597367,7.0926332
-448.33426,587.9929,6.6023655,7.0876346
-448.98575,588.75146,6.607364,7.082636
-449.6368,589.5103,6.612363,7.077637
-450.2875,590.2696,6.6173615,7.0726385
-450.9378,591.0291,6.62236,7.06764
-451.58774,591.789,6.6273584,7.0626416
-452.2373,592.5492,6.6323566,7.0576434
-452.8865,593.3097,6.637355,7.0526447
-453.53537,594.07043,6.6423535,7.0476465
-454.1839,594.83154,6.6473517,7.0426483
-454.83212,595.59283,6.6523495,7.0376506
-455.48004,596.35443,6.657347,7.0326524
-456.12762,597.11633,6.6623454,7.0276546
-456.77496,597.8784,6.667343,7.022657
-457.422,598.64075,6.6723413,7.0176587
-458.0688,599.4033,6.6773386,7.0126615
-458.7153,600.1661,6.6823363,7.0076637
-459.36157,600.9291,6.6873336,7.0026665
-460.00763,601.69226,6.6923313,6.9976687
-460.65344,602.4556,6.6973286,6.992671
-461.29904,603.2192,6.702326,6.987674
-461.94446,603.9829,6.707323,6.982677
-462.58966,604.74677,6.7123203,6.9776797
-463.2347,605.5108,6.7173176,6.9726825
-463.87958,606.27496,6.7223144,6.967685
-464.5243,607.0393,6.7273116,6.9626884
-465.16885,607.8037,6.7323084,6.9576917
-465.81326,608.56824,6.737305,6.952695
-466.45755,609.3329,6.742302,6.947698
-467.10175,610.09766,6.7472987,6.9427013
-467.74582,610.8625,6.752295,6.937705
-468.38983,611.62744,6.7572913,6.9327087
-469.03372,612.3924,6.762288,6.927712
-469.67758,613.1574,6.7672844,6.9227157
-470.32135,613.92255,6.7722807,6.9177194
-470.9651,614.6877,6.777277,6.912723
-471.60876,615.4528,6.7822733,6.907727
-472.25244,616.218,6.787269,6.9027305
-472.8961,616.9832,6.7922654,6.8977346
-473.5397,617.7484,6.7972617,6.8927383
-474.18335,618.5136,6.8022575,6.8877425
-474.82703,619.2788,6.8072534,6.8827467
-475.4707,620.044,6.812249,6.877751
-476.11444,620.80914,6.817245,6.872755
-476.7582,621.5742,6.822241,6.867759
-477.40207,622.33923,6.8272367,6.8627634
-478.046,623.10425,6.832232,6.857768
-478.68994,623.86914,6.837228,6.852772
-479.3339,624.6341,6.842223,6.847777
-479.97787,625.39905,6.847219,6.842781
-480.6218,626.164,6.8522143,6.8377857
-481.26566,626.929,6.85721,6.83279
-481.90945,627.6941,6.8622055,6.8277946
-482.55313,628.4593,6.867201,6.822799
-483.1967,629.22455,6.8721967,6.8178034
-483.8401,629.99,6.875683,6.8143167
-484.48328,630.75555,6.8788805,6.8111196
-485.12625,631.52136,6.8820777,6.8079224
-485.76898,632.2873,6.885275,6.804725
-486.41144,633.0535,6.888472,6.801528
-487.0536,633.81995,6.8871646,6.8028355
-487.69543,634.5867,6.8849664,6.8050337
-488.33694,635.3537,6.882768,6.807232
-488.97806,636.121,6.88057,6.80943
-489.61877,636.8887,6.8783717,6.8116283
-490.25906,637.6567,6.876173,6.813827
-490.8989,638.42505,6.8739743,6.8160253
-491.53824,639.19385,6.871776,6.818224
-492.1771,639.9631,6.8695774,6.8204226
-492.8154,640.7327,6.8673787,6.822621
-493.45316,641.50287,6.86518,6.82482
-494.0903,642.2735,6.8629813,6.8270187
-494.72684,643.0446,6.860782,6.8292174
-495.36273,643.8163,6.8585835,6.8314166
-495.99796,644.5885,6.8563848,6.8336153
-496.63248,645.36127,6.8541856,6.8358145
-497.26627,646.13464,6.8519864,6.8380136
-497.8993,646.9086,6.8497868,6.840213
-498.53156,647.6833,6.8475876,6.8424125
-499.16302,648.45856,6.8453884,6.8446116
-499.79364,649.23456,6.8433537,6.8466463
-500.4234,650.0112,6.841354,6.848646
-501.05228,650.78864,6.839354,6.850646
-501.6802,651.5668,6.8373547,6.8526454
-502.30722,652.34564,6.835355,6.8546453
-502.93323,653.12537,6.827268,6.862732
-503.55826,653.9058,6.8178678,6.8721323
-504.18225,654.68713,6.8084674,6.881532
-504.80518,655.4693,6.7990675,6.8909326
-505.42706,656.2523,6.789667,6.900333
-506.0478,657.0362,6.775987,6.914013
-506.66745,657.821,6.7613845,6.9286156
-507.28592,658.6067,6.746782,6.943218
-507.90323,659.39325,6.732179,6.957821
-508.51938,660.1808,6.7175765,6.9724236
-509.1343,660.96924,6.7028074,6.9871926
-509.748,661.75867,6.6880026,7.0019975
-510.36044,662.5491,6.6731977,7.0168023
-510.97162,663.34045,6.658393,7.031607
-511.5815,664.1328,6.6435876,7.046412
-512.19006,664.9262,6.628947,7.0610533
-512.7973,665.72064,6.6143403,7.0756598
-513.40314,666.5161,6.599734,7.090266
-514.0076,667.31256,6.5851274,7.1048727
-514.6107,668.11017,6.570521,7.119479
-515.2124,668.9088,6.5559134,7.1340866
-515.81256,669.7085,6.541306,7.148694
-516.4113,670.50934,6.5266986,7.1633015
-517.00854,671.3113,6.512091,7.177909
-517.6043,672.1144,6.4974837,7.1925163
-518.1985,672.9186,6.4918447,7.1981554
-518.79114,673.72394,6.488043,7.201957
-519.38214,674.53046,6.4842405,7.2057595
-519.9716,675.33813,6.4804387,7.2095613
-520.55945,676.14703,6.476637,7.213363
-521.14557,676.9571,6.484162,7.205838
-521.7301,677.7684,6.493966,7.196034
-522.31287,678.58093,6.50377,7.1862297
-522.894,679.39465,6.513574,7.176426
-523.47327,680.2096,6.5233784,7.1666217
-524.05084,681.0259,6.533348,7.156652
-524.62665,681.8433,6.54335,7.14665
-525.2006,682.6621,6.5533524,7.1366477
-525.77277,683.4822,6.563355,7.126645
-526.343,684.3035,6.573357,7.116643
-526.9114,685.12616,6.5831895,7.1068106
-527.4779,685.95013,6.592989,7.097011
-528.0424,686.7754,6.602788,7.087212
-528.60504,687.602,6.612587,7.0774126
-529.1657,688.42993,6.6223865,7.0676136
-529.7243,689.2593,6.632182,7.057818
-530.281,690.08984,6.6419773,7.0480227
-530.8358,690.92175,6.651772,7.038228
-531.38873,691.7549,6.661567,7.028433
-531.9399,692.5892,6.671362,7.018638
-532.48926,693.4246,6.6811533,7.0088463
-533.0369,694.2612,6.690944,6.999056
-533.58295,695.0989,6.700735,6.989265
-534.1273,695.9376,6.710526,6.979474
-534.6702,696.7773,6.7203164,6.969683
-535.21155,697.618,6.73027,6.95973
-535.75146,698.4596,6.740257,6.9497433
-536.29004,699.3021,6.7502437,6.9397564
-536.8272,700.14545,6.7602305,6.929769
-537.36304,700.9896,6.770218,6.919782
-537.8977,701.8346,6.7800384,6.909961
-538.43115,702.68036,6.7898235,6.9001765
-538.96344,703.5268,6.799608,6.890392
-539.4946,704.3739,6.809393,6.880607
-540.02484,705.2217,6.8191776,6.8708224
-540.554,706.07007,6.8223,6.8677
-541.0823,706.91907,6.8238974,6.8661027
-541.6097,707.7686,6.8254943,6.8645053
-542.1362,708.61865,6.8270917,6.8629084
-542.662,709.4691,6.828689,6.861311
-543.1871,710.3201,6.8285174,6.8614826
-543.7114,711.17145,6.8279185,6.8620815
-544.2352,712.02325,6.8273196,6.8626804
-544.7584,712.8753,6.82672,6.86328
-545.2811,713.7277,6.8261213,6.8638787
-545.80334,714.58044,6.8255224,6.8644776
-546.32513,715.4334,6.824923,6.865077
-546.8466,716.28656,6.8243237,6.8656764
-547.3678,717.1399,6.8237247,6.8662753
-547.8887,717.9934,6.8231254,6.8668747
-548.4094,718.84705,6.822526,6.867474
-548.93,719.70074,6.8219266,6.8680735
-549.45044,720.5545,6.821327,6.868673
-549.9709,721.40826,6.820728,6.869272
-550.4914,722.262,6.820128,6.8698716
-551.01196,723.1158,6.8195286,6.8704715
-551.53265,723.9694,6.8189287,6.8710713
-552.0535,724.82294,6.818329,6.871671
-552.57446,725.6764,6.817729,6.872271
-553.09564,726.5298,6.817129,6.872871
-553.61694,727.383,6.816529,6.8734713
-554.1385,728.23615,6.8159285,6.874071
-554.66016,729.0892,6.8153286,6.8746715
-555.182,729.94214,6.8147283,6.875272
-555.70404,730.7949,6.814128,6.875872
-556.2262,731.6477,6.8135276,6.8764725
-556.7485,732.5003,6.8129272,6.877073
-557.27094,733.3529,6.8123264,6.877673
-557.7936,734.2053,6.811726,6.878274
-558.3163,735.05774,6.8111258,6.8788743
-558.8392,735.91003,6.8103666,6.8796334
-559.36224,736.7622,6.809566,6.880434
-559.8854,737.6144,6.808765,6.8812346
-560.4087,738.4664,6.8079643,6.8820357
-560.9321,739.31836,6.8071637,6.8828363
-561.4557,740.1702,6.806522,6.883478
-561.9793,741.0221,6.8059216,6.8840785
-562.5031,741.8738,6.8053207,6.8846793
-563.02704,742.72546,6.80472,6.88528
-563.551,743.5771,6.8041196,6.8858805
-564.0752,744.4286,6.803519,6.8864813
-564.5994,745.2801,6.8029184,6.8870816
-565.1237,746.1315,6.8023176,6.8876824
-565.6482,746.9828,6.8017173,6.888283
-566.1727,747.8341,6.8011165,6.8888836
-566.6973,748.6853,6.800516,6.889484
-567.22205,749.5365,6.799916,6.8900843
-567.7469,750.3876,6.7993155,6.8906846
-568.2718,751.23865,6.798715,6.891285
-568.79675,752.08966,6.798115,6.8918853
-569.32184,752.9406,6.7975144,6.892485
-569.8469,753.7915,6.7969146,6.8930855
-570.37213,754.6424,6.7963147,6.8936853
-570.89746,755.4932,6.7957144,6.8942857
-571.4228,756.344,6.7951145,6.8948855
-571.9482,757.19476,6.7945147,6.8954854
-572.4737,758.0454,6.7939153,6.896085
-572.9992,758.8961,6.7933154,6.8966846
-573.5248,759.74677,6.792716,6.897284
-574.05035,760.5974,6.792116,6.897884
-574.5759,761.44806,6.7915173,6.898483
-575.10144,762.2987,6.790918,6.899082
-575.62695,763.14935,6.7903185,6.8996816
-576.1524,764.00006,6.7897196,6.9002805
-576.6778,764.8508,6.78912,6.90088
-577.20306,765.70166,6.7885213,6.901479
-577.7282,766.55255,6.7879224,6.9020777
-578.25323,767.40356,6.7873235,6.9026766
-578.7781,768.25464,6.7867246,6.9032755
-579.30273,769.10583,6.7861257,6.9038744
-579.8272,769.95715,6.7855268,6.9044733
-580.3515,770.8086,6.784928,6.9050717
-580.8755,771.6602,6.7843294,6.9056706
-581.39923,772.51196,6.7837305,6.9062696
-581.9227,773.36395,6.783132,6.906868
-582.44586,774.21606,6.782533,6.907467
-582.96875,775.06836,6.7819347,6.9080653
-583.4913,775.9209,6.781336,6.9086637
-584.01337,776.7736,6.7807374,6.9092627
-584.53516,777.6266,6.780139,6.909861
-585.0565,778.47986,6.77954,6.91046
-585.5775,779.3333,6.7789416,6.9110584
-586.098,780.1871,6.7783427,6.911657
-586.6181,781.0411,6.7777443,6.912256
-587.13763,781.8954,6.777146,6.912854
-587.65674,782.75,6.776547,6.913453
-588.1753,783.6049,6.7759485,6.9140515
-588.6933,784.4602,6.7753496,6.9146504
-589.21075,785.3158,6.7747507,6.9152493
-589.72766,786.17175,6.7741523,6.915848
-590.2439,787.0281,6.7735534,6.9164467
-590.7596,787.88477,6.7729545,6.9170456
-591.2746,788.7418,6.7723556,6.9176445
-591.78894,789.5993,6.7717566,6.9182434
-592.3026,790.4572,6.7711577,6.9188423
-592.81555,791.3155,6.7760024,6.9139977
-593.3278,792.17426,6.782793,6.907207
-593.8393,793.0334,6.7895837,6.9004164
-594.35004,793.89307,6.7963743,6.8936257
-594.86,794.7531,6.803165,6.886835
-595.36914,795.6137,6.8102503,6.87975
-595.87744,796.4748,6.817445,6.8725553
-596.3849,797.33636,6.8246393,6.8653607
-596.8915,798.1984,6.8318334,6.858166
-597.3972,799.06104,6.839028,6.850972
-597.902,799.9242,6.846226,6.843774
-598.4058,800.78784,6.853426,6.836574
-598.90875,801.6521,6.8606257,6.8293743
-599.41064,802.5169,6.8678255,6.8221745
-599.91156,803.38226,6.8750253,6.8149743
-600.4115,804.2483,6.88223,6.8077703
-600.91034,805.11487,6.889436,6.8005643
-601.40814,805.98206,6.8966417,6.7933583
-601.90485,806.84985,6.9038477,6.7861524
-602.40045,807.71826,6.9110537,6.7789464
-602.8949,808.58734,6.9157786,6.7742214
-603.38824,809.4571,6.9195857,6.7704144
-603.8804,810.3275,6.9233923,6.7666073
-604.37134,811.1986,6.9271994,6.7628007
-604.8611,812.0704,6.9310064,6.7589936
-605.34955,812.9428,6.918512,6.771488
-605.8368,813.816,6.900259,6.7897406
-606.32275,814.6899,6.8820066,6.8079934
-606.8074,815.5645,6.863754,6.8262463
-607.29065,816.4399,6.845501,6.844499
-607.7726,817.316,6.821483,6.868517
-608.2531,818.1928,6.795578,6.894422
-608.73224,819.0705,6.769673,6.920327
-609.20996,819.94885,6.7437677,6.9462323
-609.6863,820.82806,6.7178626,6.9721375
-610.1612,821.708,6.691777,6.998223
-610.6346,822.58875,6.665639,7.024361
-611.10645,823.47034,6.6395,7.0505
-611.57666,824.3528,6.613362,7.076638
-612.04517,825.2361,6.587223,7.1027765
-612.512,826.12036,6.561702,7.1282983
-612.9772,827.00543,6.536334,7.153666
-613.44086,827.89136,6.5109663,7.1790333
-613.9031,828.778,6.485599,7.204401
-614.364,829.66534,6.460232,7.2297683
-614.82367,830.55334,6.484862,7.205138
-615.28064,831.44275,6.519502,7.1704974
-615.73303,832.3344,6.5541434,7.1358566
-616.1791,833.2294,6.5887833,7.101217
-616.61676,834.12836,6.6234193,7.066581
-617.04425,835.0323,6.657957,7.0320425
-617.4594,835.9419,6.6924787,6.9975214
-617.8602,836.858,6.7270026,6.9629974
-618.24445,837.7811,6.7615294,6.92847
-618.60986,838.7118,6.796057,6.893943
-618.95435,839.6505,6.8400745,6.8499255
-619.2763,840.5971,6.8856726,6.8043275
-619.5744,841.5515,6.9312654,6.758734
-619.8471,842.5135,6.9768515,6.7131486
-620.093,843.48267,7.0224233,6.667577
-620.3106,844.45856,7.026954,6.663046
-620.4969,845.4409,7.01407,6.67593
-620.6481,846.4293,7.001183,6.688817
-620.7602,847.42285,6.9882936,6.7017064
-620.8293,848.4203,6.9754076,6.7145925
-620.85156,849.41986,6.941591,6.748409
-620.8238,850.41925,6.8870726,6.8029275
-620.74335,851.41583,6.8325553,6.857445
-620.6074,852.4063,6.778003,6.9119964
-620.41315,853.387,6.7234116,6.9665885
-620.1579,854.35364,6.685473,7.004527
-619.8424,855.3023,6.6631575,7.0268426
-619.4701,856.23016,6.6408577,7.0491424
-619.0444,857.13477,6.6185703,7.0714297
-618.56854,858.0141,6.596283,7.093717
-618.0456,858.8662,6.568915,7.121085
-617.47833,859.68945,6.539071,7.150929
-616.8696,860.48267,6.509221,7.180779
-616.2224,861.24475,6.479371,7.210629
-615.5393,861.9748,6.449521,7.240479
-614.8229,862.6722,6.447982,7.242018
-614.07513,863.33594,6.452868,7.237132
-613.2983,863.96533,6.457754,7.232246
-612.49414,864.5595,6.4626403,7.22736
-611.6647,865.11774,6.4675264,7.222473
-610.8117,865.6394,6.533643,7.1563573
-609.93756,866.1247,6.606327,7.083673
-609.0443,866.5739,6.6790094,7.0109906
-608.13403,866.98755,6.7516966,6.9383035
-607.2086,867.36615,6.824408,6.865592
-606.26996,867.71063,6.880323,6.809677
-605.32025,868.02325,6.9358683,6.754132
-604.36145,868.30695,6.9914036,6.6985965
-603.3953,868.5647,7.0469294,6.6430707
-602.4234,868.7995,7.101964,6.588036
-601.4469,869.0144,7.0976205,6.5923796
-600.4667,869.21173,7.0932755,6.596724
-599.4835,869.39386,7.0889306,6.6010695
-598.49805,869.56323,7.0845857,6.6054144
-597.51086,869.7222,7.0802407,6.6097593
-596.5224,869.8732,7.044131,6.6458693
-595.5332,870.0189,7.006158,6.683842
-594.5435,870.16187,6.9681845,6.7218156
-593.5539,870.30475,6.930212,6.7597876
-592.56464,870.45026,6.8922415,6.7977586
-591.5761,870.6008,6.825496,6.7878437
-590.5886,870.758,6.753092,6.7685094
-589.6024,870.9228,6.680686,6.749175
-588.6177,871.0963,6.6082764,6.7298393
-587.63477,871.2797,6.535864,6.710503
-586.6539,871.4738,6.4136453,6.5994186
-585.6751,871.6783,6.276312,6.460486
-584.6983,871.89215,6.1389856,6.3215604
-583.72345,872.1144,6.0016646,6.1826406
-582.75024,872.34406,5.8643446,6.043721
-581.7786,872.58014,5.744913,5.9232974
-580.8084,872.82196,5.63099,5.8085694
-579.8395,873.0689,5.517064,5.693838
-578.8717,873.3204,5.403137,5.5791063
-577.90497,873.5758,5.28921,5.4643736
-576.9391,873.8345,5.221368,5.397171
-575.97394,874.0957,5.1653175,5.3421283
-575.0092,874.3587,5.1092668,5.287086
-574.04474,874.6226,5.053217,5.2320437
-573.0803,874.8866,4.9971666,5.177002
-572.1157,875.14996,4.94124,5.1219125
-571.1508,875.4122,4.8853364,5.066814
-570.1855,875.6729,4.8294334,5.011715
-569.21967,875.93176,4.7735295,4.9566154
-568.25323,876.1884,4.717626,4.9015164
-567.2862,876.4425,4.661931,4.8467956
-566.3184,876.6941,4.606269,4.792135
-565.35004,876.94324,4.550607,4.737474
-564.3811,877.19,4.4949455,4.682813
-563.4115,877.4345,4.439284,4.628153
-562.4414,877.6769,4.3837814,4.5736485
-561.4708,877.9171,4.328303,4.519168
-560.4997,878.1552,4.272824,4.464687
-559.528,878.3912,4.217345,4.410206
-558.55585,878.625,4.1618667,4.3557253
-557.5831,878.85675,4.1191354,4.305616
-556.61,879.0864,4.0785108,4.2562284
-555.6363,879.31396,4.0378857,4.2068415
-554.6622,879.5395,3.997261,4.1574545
-553.68756,879.763,3.9566362,4.1080675
-552.71246,879.98456,3.970807,4.079193
-551.737,880.2041,3.9956765,4.054323
-550.76105,880.4217,4.020546,4.0294538
-549.78467,880.6374,4.045416,4.0045843
-548.80786,880.85114,4.0702853,3.9797146
-547.8307,881.063,4.0853224,3.9646778
-546.853,881.27295,4.0980587,3.951941
-545.87506,881.481,4.1107955,3.9392045
-544.8966,881.6873,4.1235323,3.9264677
-543.91785,881.8917,4.136269,3.9137309
-542.93866,882.09436,4.147142,3.902858
-541.95917,882.29517,4.157506,3.892494
-540.97925,882.4942,4.16787,3.88213
-539.999,882.6915,4.178234,3.8717659
-539.0184,882.8871,4.188598,3.8614018
-538.0375,883.0809,4.198984,3.851016
-537.05615,883.273,4.2093763,3.8406236
-536.0746,883.46344,4.219769,3.8302312
-535.09265,883.65216,4.230161,3.8198388
-534.11035,883.8392,4.2405534,3.8094463
-533.1278,884.02454,4.2508245,3.7991757
-532.1449,884.2082,4.261058,3.7889423
-531.1617,884.3903,4.271291,3.778709
-530.1782,884.5708,4.281524,3.7684758
-529.19446,884.7498,4.2917576,3.7582424
-528.21045,884.92737,4.3021827,3.7478175
-527.22626,885.10394,4.312661,3.7373388
-526.242,885.28015,4.3231397,3.7268603
-525.2578,885.4566,4.333618,3.7163815
-524.27374,885.634,4.344097,3.705903
-523.29,885.81287,4.354586,3.6954136
-522.3066,885.99384,4.365078,3.684922
-521.32367,886.17755,4.37557,3.6744301
-520.34143,886.36456,4.3860617,3.6639383
-519.35986,886.5554,4.3965535,3.6534464
-518.3793,886.7508,4.4068465,3.6431534
-517.39966,886.95123,4.4171076,3.6328924
-516.4212,887.1573,4.4273686,3.6226313
-515.4441,887.36957,4.43763,3.61237
-514.4685,887.5887,4.447891,3.602109
-513.49457,887.8152,4.458259,3.591741
-512.5225,888.04956,4.4686394,3.5813606
-511.5525,888.2922,4.47902,3.57098
-510.5847,888.5435,4.4894004,3.5605996
-509.61932,888.804,4.4997807,3.5502193
-508.6566,889.07416,4.5076094,3.5423903
-507.6968,889.35455,4.5150986,3.5349014
-506.74036,889.64606,4.522588,3.5274122
-505.78757,889.94934,4.530077,3.519923
-504.83887,890.26526,4.5375657,3.5124342
-503.8947,890.5944,4.4905376,3.5594623
-502.9557,890.938,4.4305964,3.6194034
-502.02243,891.29694,4.370654,3.6793458
-501.0957,891.6724,4.31071,3.73929
-500.17627,892.06537,4.250767,3.7992325
-499.265,892.4769,4.1998897,3.8501103
-498.36288,892.90814,4.1525345,3.8974655
-497.47095,893.3601,4.10518,3.9448202
-496.59042,893.8338,4.0578265,3.9921734
-495.72253,894.3303,4.010481,4.039519
-494.86868,894.8506,3.9745035,4.075496
-494.03046,895.3957,3.9435363,4.106464
-493.20978,895.96686,3.912566,4.137434
-492.40866,896.5651,3.881589,4.168411
-491.62936,897.1916,3.8506088,4.199391
-490.87418,897.8468,3.8776395,4.1723604
-490.14438,898.5303,3.923547,4.126453
-489.4409,899.2408,3.969447,4.080553
-488.76447,899.9771,4.0153446,4.034655
-488.11597,900.7381,4.061248,3.9887521
-487.4961,901.52264,4.1213937,3.9286063
-486.905,902.32904,4.183999,3.866001
-486.34238,903.15564,4.246601,3.8033988
-485.80798,904.0007,4.3091993,3.7408006
-485.3014,904.86273,4.3718,3.6782
-484.82224,905.7403,4.3997803,3.6502197
-484.37027,906.6322,4.424627,3.625373
-483.94522,907.53723,4.4494743,3.6005259
-483.54684,908.4543,4.474321,3.575679
-483.1748,909.3824,4.4991684,3.5508316
-482.82883,910.3205,4.4388723,3.6111276
-482.50873,911.26776,4.3717985,3.6782017
-482.21436,912.2233,4.304724,3.745276
-481.9456,913.1864,4.237651,3.8123493
-481.70224,914.15625,4.170577,3.879423
-481.4841,915.132,4.1144934,3.9355066
-481.291,916.1131,4.0596037,3.9903965
-481.12253,917.0987,4.0047126,4.045287
-480.9785,918.08813,3.9498193,4.1001806
-480.85855,919.0808,3.8949208,4.155079
-480.76227,920.07605,3.8988514,4.151149
-480.6885,921.0732,3.9098938,4.140106
-480.63574,922.0717,3.9209356,4.1290646
-480.60254,923.07104,3.9319768,4.1180234
-480.58734,924.0708,3.9430184,4.1069818
-480.58878,925.07074,3.952027,4.097973
-480.60538,926.0705,3.960838,4.089162
-480.63583,927.06995,3.9696493,4.080351
-480.6787,928.0689,3.9784606,4.0715394
-480.7327,929.0674,3.987272,4.062728
-480.79636,930.06525,3.989646,4.0603538
-480.8683,931.06256,3.9914403,4.05856
-480.94702,932.0593,3.9932346,4.0567656
-481.03113,933.0557,3.995029,4.054971
-481.1191,934.05176,3.9968233,4.053177
-481.20963,935.04755,4.002384,4.047616
-481.30157,936.0432,4.0083566,4.0416436
-481.39398,937.0388,4.014329,4.035671
-481.4859,938.03455,4.0203013,4.0296984
-481.57635,939.03033,4.026274,4.023726
-481.66452,940.02637,4.03313,4.01687
-481.75034,941.0226,4.040108,4.009892
-481.834,942.019,4.0470862,4.002914
-481.9158,943.0155,4.0540643,3.9959357
-481.9959,944.0122,4.0610423,3.9889576
-482.07452,945.00903,4.0678563,3.9821436
-482.1517,946.0059,4.0746446,3.9753556
-482.22757,947.003,4.081433,3.9685674
-482.3021,948.0001,4.0882206,3.9617794
-482.3753,948.9973,4.095009,3.954991
-482.44733,949.9946,4.0989017,3.9510984
-482.51816,950.99207,4.102299,3.9477007
-482.5879,951.9895,4.1056967,3.9443033
-482.65668,952.98706,4.1090946,3.9409056
-482.72455,953.9847,4.112492,3.9375079
-482.7916,954.9823,4.1067057,3.9432943
-482.8579,955.98004,4.099305,3.9506948
-482.92358,956.9778,4.0919046,3.9580953
-482.98868,957.9755,4.084504,3.9654958
-483.05328,958.9734,4.0771036,3.9728963
-483.11746,959.9712,4.0697,3.9803
-483.18127,960.9691,4.062296,3.9877043
-483.24484,961.967,4.0548916,3.9951084
-483.3082,962.96484,4.0474877,4.0025125
-483.3715,963.96277,4.0400834,4.009917
-483.43472,964.9607,4.0326777,4.017322
-483.49802,965.95856,4.025272,4.0247283
-483.56146,966.9565,4.017866,4.032134
-483.62512,967.95435,4.0104604,4.03954
-483.68906,968.9522,4.003054,4.0469456
-483.75336,969.9501,3.9956486,4.0543513
-483.81808,970.9479,3.9882429,4.061757
-483.8834,971.9456,3.9808373,4.069163
-483.9493,972.94336,3.9734316,4.076568
-484.01593,973.94104,3.966026,4.083974
-484.08334,974.9387,3.9586222,4.0913777
-484.15164,975.9363,3.9512188,4.098781
-484.2208,976.9338,3.9438155,4.1061845
-484.29092,977.9312,3.9364119,4.113588
-484.36203,978.9286,3.9290085,4.1209917
-484.43417,979.9259,3.9250631,4.124937
-484.5073,980.92316,3.921663,4.128337
-484.58136,981.9203,3.9182632,4.1317368
-484.65628,982.9174,3.914863,4.135137
-484.73203,983.9144,3.9114633,4.138537
-484.80853,984.91144,3.9099638,4.140036
-484.8857,985.9083,3.9087644,4.141236
-484.9636,986.9052,3.9075649,4.142435
-485.04208,987.90204,3.9063654,4.143635
-485.12115,988.8988,3.905166,4.144834
-485.20074,989.89557,3.904139,4.145861
-485.28085,990.8922,3.9031398,4.14686
-485.3614,991.8889,3.9021404,4.1478596
-485.44232,992.8855,3.9011412,4.1488585
-485.5236,993.88214,3.900142,4.149858
-485.6052,994.8787,3.899143,4.150857
-485.68704,995.87524,3.898144,4.151856
-485.76907,996.87177,3.897145,4.152855
-485.8513,997.8683,3.896146,4.153854
-485.93362,998.8648,3.895147,4.154853
-486.01602,999.8613,3.894148,4.155852
-486.09845,1000.85785,3.8931494,4.156851
-486.18085,1001.8544,3.8921506,4.1578493
-486.2632,1002.8508,3.8911517,4.1588483
-486.34543,1003.84735,3.890153,4.1598473
-486.4275,1004.84393,3.8891542,4.1608458
-486.50937,1005.84045,3.8881555,4.1618447
-486.591,1006.83704,3.8871565,4.162843
-486.6723,1007.8336,3.8861578,4.163842
-486.7533,1008.83026,3.885159,4.1648407
-486.8339,1009.8269,3.8841603,4.1658397
-486.91403,1010.8236,3.8831615,4.1668386
-486.9937,1011.8203,3.8821628,4.167837
-487.07288,1012.8171,3.881164,4.168836
-487.15146,1013.8139,3.880165,4.1698346
-487.2294,1014.8108,3.8791664,4.1708336
-487.3067,1015.8077,3.8781674,4.1718326
-487.3833,1016.8047,3.8771687,4.1728315
-487.45914,1017.8017,3.8761697,4.1738305
-487.53415,1018.79877,3.8751707,4.174829
-487.60834,1019.79596,3.874006,4.175994
-487.6816,1020.79315,3.8728073,4.1771927
-487.75397,1021.79047,3.8716083,4.1783915
-487.82532,1022.7878,3.8704095,4.1795907
-487.89563,1023.7852,3.8692105,4.1807895
-487.96487,1024.7827,3.8681762,4.1818237
-488.03296,1025.7803,3.867177,4.182823
-488.0999,1026.778,3.8661776,4.183822
-488.16562,1027.7758,3.8651783,4.1848216
-488.23007,1028.7736,3.8641791,4.185821
-488.2932,1029.7715,3.8631794,4.1868205
-488.355,1030.7695,3.86218,4.18782
-488.41537,1031.7676,3.8611803,4.18882
-488.47427,1032.7657,3.8601809,4.1898193
-488.5317,1033.764,3.8591812,4.190819
-488.5876,1034.7623,3.8581815,4.1918187
-488.64188,1035.7607,3.8571815,4.1928186
-488.69452,1036.7593,3.8561816,4.1938186
-488.74545,1037.7579,3.8551817,4.194818
-488.79468,1038.7566,3.854182,4.195818
-488.84213,1039.7554,3.8623457,4.2053275
-488.88776,1040.7543,3.8725471,4.216729
-488.9315,1041.7532,3.8827486,4.228131
-488.97333,1042.7522,3.89295,4.2395325
-489.01318,1043.7513,3.9031515,4.250934
-489.05103,1044.7505,3.930393,4.278393
-489.0868,1045.7498,3.9614048,4.309405
-489.12048,1046.7491,3.9924169,4.340417
-489.152,1047.7485,4.023429,4.371429
-489.1813,1048.748,4.054441,4.4024405
-489.20834,1049.7476,4.085621,4.433457
-489.2331,1050.7472,4.116838,4.4644737
-489.25552,1051.7468,4.148055,4.4954906
-489.27557,1052.7466,4.179272,4.5265074
-489.2932,1053.7463,4.210489,4.557524
-489.3084,1054.7461,4.2415423,4.5885425
-489.32108,1055.746,4.2725606,4.6195602
-489.33115,1056.7457,4.3035784,4.6505785
-489.3385,1057.7456,4.3345966,4.6815968
-489.3431,1058.7456,4.365615,4.712615
-489.34482,1059.7455,4.3967957,4.7436304
-489.3438,1060.7454,4.4280105,4.774645
-489.3402,1061.7452,4.4592247,4.8056593
-489.33417,1062.7451,4.4904394,4.8366737
-489.3259,1063.745,4.521654,4.867688
-489.31555,1064.7449,4.6186757,4.9165998
-489.30347,1065.7448,4.7292967,4.9692097
-489.2901,1066.7445,4.8399177,5.0218196
-489.27582,1067.7444,4.9505386,5.0744295
-489.2611,1068.7441,5.0611596,5.1270394
-489.2463,1069.7439,5.1483583,5.164538
-489.2318,1070.7438,5.2307487,5.198934
-489.21796,1071.7435,5.31314,5.2333302
-489.20517,1072.7434,5.3955307,5.2677264
-489.19373,1073.7433,5.4779215,5.3021226
-489.18405,1074.743,5.4981327,5.301867
-489.17645,1075.7429,5.50553,5.2944703
-489.1714,1076.7429,5.5129266,5.2870736
-489.1692,1077.7428,5.5203233,5.279677
-489.1703,1078.7427,5.52772,5.27228
-489.17505,1079.7426,5.523878,5.279426
-489.1838,1080.7424,5.5176845,5.2896156
-489.19684,1081.7423,5.511491,5.299805
-489.21454,1082.7421,5.505297,5.3099947
-489.23715,1083.7417,5.4991035,5.320184
-489.26495,1084.7412,5.4784803,5.349229
-489.29785,1085.7406,5.454728,5.3823624
-489.3355,1086.7397,5.430976,5.415496
-489.37766,1087.7388,5.4072237,5.448629
-489.42398,1088.7375,5.383472,5.481762
-489.47424,1089.7362,5.359566,5.514883
-489.52814,1090.7347,5.335625,5.548002
-489.5854,1091.733,5.311684,5.58112
-489.64578,1092.7311,5.287743,5.6142387
-489.70898,1093.729,5.263802,5.647357
-489.7748,1094.7267,5.2400093,5.6806507
-489.84302,1095.7242,5.2162538,5.7139883
-489.9134,1096.7217,5.192498,5.747326
-489.98575,1097.719,5.1687427,5.780664
-490.05994,1098.7162,5.1449866,5.8140016
-490.13568,1099.7131,5.1210375,5.8472314
-490.21262,1100.7101,5.0970364,5.880433
-490.29022,1101.707,5.0730357,5.913634
-490.368,1102.7039,5.049035,5.946835
-490.4455,1103.7008,5.0250344,5.980036
-490.52158,1104.6978,5.0009656,6.0135517
-490.59058,1105.6953,4.976877,6.0471544
-490.6447,1106.6937,4.952788,6.080758
-490.6762,1107.6931,4.9287076,6.114349
-490.67728,1108.693,4.904659,6.1478963
-490.64063,1109.6921,4.896605,6.1677666
-490.5604,1110.6887,4.8914247,6.1851735
-490.43106,1111.6802,4.886238,6.2025995
-490.24686,1112.6628,4.8810406,6.2200637
-490.00192,1113.6321,4.880083,6.233809
-489.69388,1114.5833,5.00596,6.1354294
-489.33197,1115.5153,5.1316514,6.0371947
-488.9278,1116.4297,5.257035,5.939201
-488.49225,1117.3297,5.3821793,5.841394
-488.0355,1118.2192,5.5068455,5.7439814
-487.56445,1119.1012,5.627934,5.6495404
-487.07813,1119.9749,5.7492237,5.554942
-486.574,1120.8384,5.870676,5.460217
-486.04974,1121.6898,5.9922285,5.365414
-485.50317,1122.5271,6.1107254,5.2732925
-484.93286,1123.3484,6.0243425,5.360872
-484.33994,1124.1534,5.938025,5.4483857
-483.72595,1124.9426,5.851756,5.53585
-483.0924,1125.7162,5.7655125,5.6232886
-482.4407,1126.4745,5.6792603,5.7107363
-481.77222,1127.2181,5.6399927,5.7500076
-481.0883,1127.9475,5.600855,5.7891455
-480.3903,1128.6635,5.5617113,5.8282886
-479.6796,1129.3668,5.522566,5.867434
-478.95743,1130.0583,5.4836783,5.9063215
-478.225,1130.7391,5.4620395,5.9279604
-477.48358,1131.4099,5.4404006,5.9495993
-476.73425,1132.072,5.4187627,5.971237
-475.97818,1132.7263,5.3971257,5.9928746
-475.21646,1133.3741,5.376118,6.0138817
-474.45013,1134.0165,5.3811145,6.0088854
-473.68008,1134.6543,5.3861113,6.003889
-472.90723,1135.2887,5.3911076,5.9988923
-472.13242,1135.9208,5.3961043,5.9938955
-471.3565,1136.5515,5.401101,5.9888988
-470.5802,1137.1816,5.4060974,5.9839025
-469.80356,1137.8114,5.411094,5.9789057
-469.02655,1138.4408,5.416091,5.9739094
-468.2491,1139.0696,5.4210873,5.9689126
-467.47122,1139.6979,5.426084,5.963916
-466.6928,1140.3254,5.4310827,5.958917
-465.91388,1140.9524,5.4360814,5.9539185
-465.1345,1141.5789,5.44108,5.9489202
-464.35464,1142.2047,5.446079,5.9439216
-463.57437,1142.83,5.4510775,5.938923
-462.79367,1143.4547,5.4560776,5.9339223
-462.01257,1144.079,5.4610777,5.928922
-461.23108,1144.7028,5.4660783,5.9239216
-460.44916,1145.3259,5.4710784,5.9189215
-459.66687,1145.9487,5.476079,5.913921
-458.88416,1146.5709,5.4810805,5.9089193
-458.10104,1147.1927,5.486082,5.903918
-457.31757,1147.814,5.491084,5.8989162
-456.53372,1148.4348,5.4960856,5.893914
-455.7495,1149.0552,5.501087,5.8889127
-454.9649,1149.675,5.50609,5.88391
-454.18,1150.2944,5.5110927,5.878907
-453.3947,1150.9135,5.516095,5.8739047
-452.60907,1151.532,5.521098,5.868902
-451.82312,1152.1501,5.5261006,5.863899
-451.03683,1152.7678,5.531104,5.858896
-450.25024,1153.3851,5.5361075,5.853893
-449.46332,1154.0021,5.5411105,5.8488894
-448.6761,1154.6185,5.546114,5.843886
-447.88855,1155.2346,5.5511174,5.8388824
-447.1007,1155.8505,5.556121,5.833879
-446.31262,1156.4658,5.561125,5.828875
-445.5242,1157.0808,5.5661283,5.8238716
-444.73553,1157.6954,5.571132,5.8188677
-443.9466,1158.3098,5.576136,5.813864
-443.1574,1158.9238,5.5811396,5.8088603
-442.36795,1159.5375,5.5861435,5.803857
-441.57822,1160.1508,5.591147,5.798853
-440.78827,1160.7638,5.596151,5.793849
-439.99808,1161.3765,5.601155,5.7888455
-439.20767,1161.9889,5.6061583,5.783842
-438.41702,1162.6011,5.6111617,5.7788386
-437.62616,1163.2129,5.616165,5.773835
-436.8351,1163.8245,5.6211686,5.7688313
-436.04382,1164.4358,5.626172,5.763828
-435.25235,1165.0469,5.631175,5.7588253
-434.4607,1165.6577,5.636178,5.7538223
-433.66885,1166.2682,5.641181,5.7488194
-432.8768,1166.8785,5.6461835,5.7438164
-432.08463,1167.4886,5.6509924,5.7390075
-431.29224,1168.0985,5.6507926,5.7392077
-430.49973,1168.7083,5.6505923,5.7394075
-429.70703,1169.3177,5.650392,5.739608
-428.9142,1169.927,5.6501923,5.7398076
-428.12125,1170.5361,5.649858,5.740142
-427.32816,1171.1451,5.6462574,5.7437425
-426.5349,1171.7539,5.642657,5.7473435
-425.74158,1172.3624,5.639056,5.750944
-424.94812,1172.971,5.635455,5.7545447
-424.15454,1173.5792,5.6318545,5.7581453
-423.36087,1174.1875,5.628255,5.761745
-422.56708,1174.7955,5.6246552,5.7653446
-421.77322,1175.4034,5.6210556,5.7689443
-420.97928,1176.0114,5.617456,5.7725444
-420.18524,1176.619,5.613848,5.7761517
-419.39114,1177.2267,5.6100497,5.77995
-418.597,1177.8342,5.6062512,5.7837486
-417.8028,1178.4418,5.6024528,5.787547
-417.0085,1179.0492,5.5986543,5.7913456
-416.2142,1179.6565,5.594864,5.7951365
-415.41983,1180.2638,5.5912666,5.798733
-414.62546,1180.8711,5.5876694,5.8023305
-413.83105,1181.4783,5.5840726,5.8059278
-413.03662,1182.0854,5.5804753,5.8095245
-412.24216,1182.6926,5.576878,5.813122
-411.4477,1183.2998,5.5732827,5.816717
-410.65323,1183.907,5.5696874,5.820313
-409.85876,1184.5142,5.5660915,5.8239083
-409.06433,1185.1213,5.562496,5.8275037
-408.2699,1185.7285,5.558901,5.8310995
-407.47552,1186.3358,5.555307,5.834693
-406.68115,1186.9431,5.551713,5.838287
-405.8868,1187.5504,5.5481195,5.8418803
-405.0925,1188.1578,5.5445256,5.8454742
-404.2982,1188.7651,5.540932,5.849068
-403.50388,1189.3726,5.5373397,5.85266
-402.70953,1189.9799,5.5337477,5.856252
-401.91513,1190.587,5.5301557,5.859844
-401.1206,1191.1942,5.5265636,5.8634367
-400.32596,1191.801,5.5229697,5.86703
-399.5311,1192.4077,5.519179,5.870821
-398.73605,1193.014,5.5153885,5.874612
-397.94073,1193.6201,5.5115976,5.878402
-397.14517,1194.2258,5.507807,5.882193
-396.34927,1194.8312,5.5040164,5.885984
-395.55304,1195.436,5.5004244,5.8895755
-394.75644,1196.0403,5.4968333,5.8931665
-393.9594,1196.6442,5.4932423,5.8967576
-393.162,1197.2474,5.489651,5.9003487
-392.36404,1197.85,5.48606,5.9039397
-391.56564,1198.4519,5.4824686,5.9075313
-390.76666,1199.0532,5.4788775,5.911123
-389.96713,1199.6537,5.475286,5.9147143
-389.16702,1200.2533,5.4716945,5.9183054
-388.36624,1200.8522,5.468103,5.921897
-387.56482,1201.4501,5.4645104,5.92549
-386.7627,1202.0471,5.460918,5.9290824
-385.95984,1202.6431,5.457325,5.932675
-385.15625,1203.2382,5.4537325,5.9362674
-384.35184,1203.832,5.45014,5.93986
-383.54663,1204.4249,5.446546,5.9434543
-382.74054,1205.0165,5.4429517,5.947048
-381.9336,1205.6069,5.4393573,5.9506426
-381.12573,1206.1962,5.4357634,5.954237
-380.3169,1206.784,5.432169,5.957831
-379.5071,1207.3706,5.4285727,5.961427
-378.69632,1207.9558,5.4249763,5.9650235
-377.8845,1208.5396,5.4213805,5.96862
-377.0716,1209.1218,5.417784,5.972216
-376.2576,1209.7025,5.414188,5.9758124
-375.44247,1210.2817,5.4259377,5.964062
-374.62622,1210.8593,5.438533,5.951467
-373.80878,1211.435,5.451128,5.938872
-372.9901,1212.0092,5.463723,5.9262767
-372.1702,1212.5815,5.476319,5.9136815
-371.34903,1213.152,5.488922,5.9010777
-370.52658,1213.7207,5.5015264,5.8884735
-369.7028,1214.2875,5.5141306,5.8758693
-368.87766,1214.8522,5.526735,5.8632655
-368.05115,1215.4149,5.539339,5.8506613
-367.22324,1215.9756,5.5519514,5.8380485
-366.3939,1216.5342,5.564564,5.8254356
-365.56308,1217.0906,5.5771775,5.8128223
-364.7308,1217.6448,5.5897903,5.8002095
-363.897,1218.1967,5.6024036,5.7875967
-363.06168,1218.7463,5.6117797,5.77822
-362.2248,1219.2936,5.620995,5.769005
-361.38635,1219.8384,5.630211,5.7597895
-360.54626,1220.3806,5.639426,5.7505736
-359.7046,1220.9204,5.6486416,5.7413583
-358.86124,1221.4576,5.6505413,5.7394586
-358.01624,1221.9922,5.652145,5.7378554
-357.16953,1222.524,5.6537485,5.736252
-356.3211,1223.0532,5.655352,5.734648
-355.47095,1223.5796,5.6569552,5.7330446
-354.61902,1224.103,5.6587543,5.7312455
-353.76532,1224.6237,5.660559,5.7294407
-352.90982,1225.1412,5.662364,5.727636
-352.05252,1225.6559,5.6641684,5.7258315
-351.19336,1226.1675,5.665973,5.7240267
-350.33237,1226.6759,5.667976,5.7220244
-349.4695,1227.1812,5.669981,5.720019
-348.60477,1227.6832,5.6719866,5.7180133
-347.73813,1228.1819,5.673992,5.716008
-346.86957,1228.6774,5.6759973,5.7140026
-345.99905,1229.1693,5.678403,5.711597
-345.12662,1229.6578,5.680809,5.709191
-344.25223,1230.1428,5.683215,5.7067847
-343.3759,1230.6244,5.6856213,5.704379
-342.49753,1231.1022,5.688027,5.701973
-341.6172,1231.5763,5.6904316,5.6995683
-340.73486,1232.0468,5.6928363,5.6971636
-339.85052,1232.5134,5.695241,5.6947594
-338.96417,1232.9762,5.6976457,5.6923547
-338.07574,1233.435,5.70005,5.68995
-337.18533,1233.89,5.702452,5.6875477
-336.2929,1234.341,5.704854,5.685146
-335.3986,1234.7882,5.7072563,5.6827435
-334.50238,1235.2317,5.7096586,5.6803417
-333.60437,1235.6714,5.711733,5.678267
-332.70462,1236.1077,5.7011366,5.6888638
-331.8032,1236.5403,5.69054,5.69946
-330.90012,1236.9696,5.6799436,5.710057
-329.99548,1237.3955,5.669347,5.720653
-329.08932,1237.8182,5.6585956,5.7314043
-328.1817,1238.2378,5.641422,5.7485785
-327.27264,1238.6543,5.6242476,5.7657523
-326.36224,1239.0677,5.607074,5.782926
-325.45053,1239.4784,5.5899,5.8001003
-324.53757,1239.8862,5.5727296,5.8172708
-323.62335,1240.2913,5.555773,5.834227
-322.708,1240.6937,5.538816,5.851184
-321.79153,1241.0935,5.521859,5.8681407
-320.874,1241.491,5.5049024,5.8850975
-319.95544,1241.886,5.488038,5.901962
-319.0359,1242.2787,5.4999986,5.890002
-318.1154,1242.6693,5.5119586,5.8780413
-317.19403,1243.0577,5.523919,5.866081
-316.2718,1243.4441,5.535879,5.8541207
-315.34875,1243.8285,5.5478396,5.8421607
-314.42493,1244.2112,5.57041,5.81959
-313.5004,1244.592,5.593125,5.796875
-312.57516,1244.9712,5.61584,5.77416
-311.6493,1245.3488,5.638555,5.751445
-310.7228,1245.7249,5.66127,5.72873
-309.79575,1246.0995,5.684178,5.705822
-308.86813,1246.4728,5.707093,5.6829076
-307.94006,1246.845,5.730007,5.6599927
-307.0115,1247.216,5.7529216,5.6370783
-306.08252,1247.5858,5.775836,5.614164
-305.15317,1247.9547,5.7822986,5.607702
-304.22345,1248.3228,5.7878804,5.6021194
-303.29343,1248.69,5.7934623,5.5965376
-302.36313,1249.0565,5.799044,5.5909557
-301.4326,1249.4225,5.804626,5.585374
-300.50186,1249.788,5.797366,5.5926337
-299.57095,1250.153,5.7891846,5.6008153
-298.6399,1250.5176,5.781003,5.608997
-297.70868,1250.8818,5.7728214,5.6171784
-296.77737,1251.2457,5.76464,5.62536
-295.84595,1251.6095,5.7564497,5.63355
-294.91446,1251.9729,5.7482586,5.6417413
-293.98285,1252.3362,5.740068,5.649932
-293.05118,1252.6992,5.731877,5.658123
-292.11945,1253.0621,5.723686,5.6663136
-291.18762,1253.4248,5.71787,5.67213
-290.25574,1253.7874,5.712271,5.6777287
-289.3238,1254.1497,5.706672,5.6833277
-288.3918,1254.5118,5.701073,5.6889267
-287.45978,1254.874,5.6954746,5.6945257
-286.5277,1255.2361,5.696648,5.6933517
-285.59564,1255.598,5.698449,5.6915507
-284.66354,1255.96,5.70025,5.6897497
-283.7314,1256.3219,5.702051,5.6879487
-282.7993,1256.6838,5.703852,5.686148
-281.8672,1257.0457,5.7056537,5.684346
-280.93506,1257.4076,5.7074556,5.682544
-280.003,1257.7697,5.7092576,5.6807427
-279.07092,1258.1317,5.711059,5.678941
-278.1389,1258.4938,5.712861,5.677139
-277.2069,1258.856,5.7146635,5.675337
-276.27496,1259.2184,5.7164655,5.6735344
-275.34308,1259.5808,5.718268,5.671732
-274.41125,1259.9435,5.7200704,5.66993
-273.4795,1260.3064,5.7218723,5.6681275
-272.54782,1260.6694,5.723861,5.666139
-271.6162,1261.0326,5.725864,5.6641364
-270.68472,1261.3961,5.7278666,5.6621337
-269.7533,1261.7599,5.7298694,5.660131
-268.82202,1262.1238,5.731872,5.6581283
-267.89084,1262.4882,5.733687,5.656313
-266.95975,1262.8528,5.735489,5.654511
-266.02884,1263.2177,5.7372913,5.652709
-265.09802,1263.583,5.7390933,5.6509066
-264.16736,1263.9486,5.7408953,5.6491046
-263.23688,1264.3146,5.742697,5.647303
-262.30652,1264.681,5.7444983,5.6455016
-261.37634,1265.048,5.7462997,5.6437
-260.44635,1265.4153,5.748101,5.6418986
-259.5165,1265.783,5.7499027,5.640097
-258.58688,1266.1512,5.7518926,5.6381073
-257.65744,1266.5199,5.7538934,5.6361065
-256.7282,1266.8893,5.755894,5.634106
-255.79921,1267.259,5.7578945,5.6321054
-254.87044,1267.6294,5.7598953,5.6301045
-253.9419,1268.0004,5.7617054,5.6282945
-253.01361,1268.3721,5.7635055,5.6264944
-252.08557,1268.7443,5.765305,5.624695
-251.1578,1269.1172,5.767105,5.6228952
-250.23032,1269.4908,5.7689047,5.621095
-249.30312,1269.8651,5.770704,5.619296
-248.3762,1270.2401,5.772503,5.617497
-247.4496,1270.616,5.7743025,5.615698
-246.52333,1270.9926,5.7761016,5.6138988
-245.59737,1271.3699,5.7779007,5.612099
-244.67175,1271.7482,5.779888,5.6101117
-243.74648,1272.1272,5.781887,5.6081133
-242.82156,1272.5072,5.7838855,5.6061144
-241.89702,1272.888,5.7858844,5.604116
-240.97285,1273.2698,5.787883,5.602117
-240.04909,1273.6525,5.7923265,5.5976734
-239.1257,1274.0361,5.7969227,5.593077
-238.20274,1274.4208,5.801519,5.588481
-237.2802,1274.8064,5.806115,5.5838847
-236.3581,1275.1931,5.8107114,5.5792885
-235.43642,1275.5808,5.8151197,5.57488
-234.5152,1275.9696,5.819516,5.570484
-233.59445,1276.3595,5.823912,5.5660877
-232.67418,1276.7506,5.828308,5.5616918
-231.7544,1277.1428,5.832704,5.557296
-230.83511,1277.5361,5.8372865,5.5527134
-229.91634,1277.9307,5.8418827,5.5481176
-228.99808,1278.3264,5.8464785,5.5435214
-228.08035,1278.7234,5.851074,5.5389256
-227.16318,1279.1217,5.85567,5.53433
-226.24657,1279.5212,5.860266,5.5297337
-225.33052,1279.9221,5.8648624,5.5251374
-224.41505,1280.3242,5.8694587,5.5205417
-223.50017,1280.7278,5.8740544,5.5159454
-222.5859,1281.1327,5.8786507,5.511349
-221.67226,1281.539,5.8832474,5.5067525
-220.75923,1281.9467,5.887844,5.5021563
-219.84686,1282.3557,5.8924403,5.4975595
-218.93513,1282.7664,5.897037,5.492963
-218.0241,1283.1783,5.9016337,5.488366
-217.11372,1283.5919,5.891699,5.498301
-216.20404,1284.0071,5.8805056,5.5094943
-215.29507,1284.4237,5.869313,5.5206876
-214.38683,1284.8419,5.8581195,5.5318804
-213.47931,1285.2617,5.846926,5.5430737
-212.57256,1285.6831,5.831698,5.5583024
-211.66655,1286.1062,5.8161054,5.573895
-210.76132,1286.5309,5.800513,5.5894876
-209.85689,1286.9573,5.78492,5.60508
-208.95326,1287.3854,5.7693276,5.6206727
-208.05045,1287.8152,5.753733,5.636267
-207.14845,1288.2468,5.738138,5.6518617
-206.24731,1288.68,5.7225437,5.667456
-205.34705,1289.1152,5.706949,5.683051
-204.44765,1289.5521,5.6913543,5.6986456
-203.54913,1289.9908,5.6879916,5.7020082
-202.65154,1290.4315,5.685792,5.704208
-201.75485,1290.8739,5.6835923,5.7064075
-200.85912,1291.3184,5.681393,5.7086067
-199.96432,1291.7645,5.6791935,5.7108064
-199.0705,1292.2128,5.684471,5.7055287
-198.17766,1292.663,5.69047,5.69953
-197.28581,1293.1151,5.6964693,5.693531
-196.39497,1293.5692,5.702468,5.687532
-195.50519,1294.0254,5.708467,5.681533
-194.61642,1294.4836,5.7146482,5.6753516
-193.72874,1294.9438,5.720847,5.6691527
-192.84213,1295.4061,5.7270465,5.662954
-191.95663,1295.8706,5.7332454,5.6567545
-191.07224,1296.3372,5.7394443,5.6505556
-190.18896,1296.8058,5.745461,5.6445394
-189.30685,1297.2766,5.751459,5.6385407
-188.4259,1297.7496,5.7574577,5.632542
-187.54613,1298.2249,5.7634563,5.6265435
-186.66756,1298.7023,5.769455,5.620545
-185.7902,1299.1819,5.772181,5.617819
-184.9141,1299.6638,5.77458,5.61542
-184.03923,1300.1481,5.776979,5.613021
-183.16565,1300.6345,5.779378,5.610622
-182.29335,1301.1233,5.781777,5.608223
-181.42236,1301.6144,5.7787366,5.6112638
-180.55269,1302.1079,5.7751384,5.6148615
-179.68437,1302.6036,5.7715406,5.6184597
-178.81743,1303.1019,5.7679424,5.6220574
-177.95186,1303.6025,5.7643447,5.625655
-177.08769,1304.1055,5.760747,5.629253
-176.22495,1304.611,5.757149,5.6328506
-175.36365,1305.1189,5.7535515,5.6364484
-174.5038,1305.6293,5.7499537,5.640046
-173.64545,1306.1422,5.746356,5.643644
-172.78859,1306.6576,5.7429385,5.6470613
-171.93326,1307.1754,5.739541,5.6504593
-171.07947,1307.6959,5.736143,5.6538568
-170.22725,1308.2189,5.732745,5.6572547
-169.37662,1308.7445,5.7293477,5.660652
-168.52759,1309.2727,5.732409,5.657591
-167.6802,1309.8035,5.7362065,5.653794
-166.83446,1310.3369,5.7400036,5.6499963
-165.99037,1310.8729,5.743801,5.6461987
-165.148,1311.4116,5.7475986,5.642401
-164.30733,1311.953,5.759439,5.630561
-163.46838,1312.4971,5.77223,5.61777
-162.63123,1313.0438,5.785021,5.604979
-161.79585,1313.5934,5.797812,5.592188
-160.9623,1314.1456,5.810603,5.5793967
-160.1306,1314.7007,5.8233933,5.5666065
-159.30075,1315.2585,5.836184,5.5538163
-158.47278,1315.8191,5.848974,5.5410256
-157.64667,1316.3824,5.8617644,5.5282354
-156.82243,1316.9485,5.8745546,5.515445
-156.00009,1317.5173,5.8875203,5.5024796
-155.1797,1318.089,5.9005084,5.4894915
-154.36137,1318.6636,5.913497,5.4765034
-153.54521,1319.2413,5.926485,5.463515
-152.7313,1319.8221,5.9394736,5.450526
-151.9197,1320.4061,5.9522834,5.437717
-151.11018,1320.9932,5.965069,5.424931
-150.3025,1321.5825,5.9778547,5.4121456
-149.49635,1322.1741,5.99064,5.39936
-148.69144,1322.7673,6.003425,5.3865747
-147.88737,1323.3617,6.01639,5.37361
-147.08333,1323.9562,6.02938,5.3606205
-146.2783,1324.5492,6.04237,5.34763
-145.47131,1325.1396,6.0553603,5.3346395
-144.66136,1325.726,6.0683513,5.321649
-143.84753,1326.3069,6.0506034,5.339397
-143.02893,1326.8811,6.0283866,5.3616133
-142.20477,1327.4473,6.006171,5.3838286
-141.37428,1328.0042,5.9839587,5.4060416
-140.53671,1328.5503,5.9617515,5.4282484
-139.69142,1329.0845,5.849811,5.540189
-138.83786,1329.6052,5.7251883,5.6648116
-137.9755,1330.1113,5.6005373,5.789463
-137.1039,1330.6013,5.475823,5.914177
-136.22269,1331.0739,5.351023,6.038977
-135.33154,1331.5273,5.302196,6.0878043
-134.43013,1331.96,5.2645593,6.1254406
-133.51825,1332.3701,5.2269526,6.1630473
-132.5959,1332.7562,5.1894145,6.200586
-131.66318,1333.1165,5.151987,6.2380133
-130.71992,1333.4481,5.207684,6.1823163
-129.76363,1333.74,5.2847905,6.10521
-128.7921,1333.9758,5.3621206,6.027879
-127.80576,1334.1382,5.43971,5.9502897
-126.808815,1334.2089,5.5173016,5.8726983
-125.809944,1334.174,5.5298,5.8668
-124.82039,1334.0333,5.5361204,5.867672
-123.85102,1333.7898,5.5424376,5.868543
-122.91307,1333.4446,5.5487766,5.8694177
-122.01921,1332.9976,5.612791,5.9232373
-121.17853,1332.457,5.790303,6.0812936
-120.388626,1331.8444,5.9673266,6.2389145
-119.64125,1331.1802,6.1434536,6.395737
-118.92516,1330.4823,6.3190084,6.5520506
-118.227715,1329.7659,6.46641,6.6657705
-117.539566,1329.0404,6.554747,6.689931
-116.85752,1328.3092,6.643393,6.7141757
-116.178795,1327.575,6.732237,6.738475
-115.50053,1326.8403,6.8211718,6.7627993
-114.819855,1326.1079,6.9102254,6.7871647
-114.13448,1325.3798,7.0020323,6.8124704
-113.44417,1324.6564,7.0937433,6.83775
-112.749084,1323.9376,7.185391,6.8630114
-112.0494,1323.2233,7.2770066,6.8882647
-111.34527,1322.5133,7.3686223,6.9135175
-110.63679,1321.8077,7.413404,6.957246
-109.92378,1321.1067,7.455277,7.002138
-109.206,1320.4105,7.497158,7.0470395
-108.48322,1319.7196,7.539044,7.091946
-107.75521,1319.0342,7.5809293,7.1368523
-107.02177,1318.3546,7.5094514,7.2105484
-106.28281,1317.681,7.4350066,7.2849936
-105.53829,1317.0135,7.3605657,7.3594346
-104.78817,1316.3524,7.2861266,7.4338737
-104.032394,1315.6976,7.219584,7.500416
-103.27093,1315.0497,7.255794,7.464206
-102.50378,1314.4083,7.292004,7.4279957
-101.73097,1313.7738,7.328215,7.3917847
-100.95251,1313.1462,7.3644266,7.3555737
-100.16842,1312.5258,7.4005566,7.319443
-99.37876,1311.9124,7.436246,7.283754
-98.583694,1311.306,7.471935,7.248065
-97.7834,1310.7065,7.5076237,7.2123766
-96.97804,1310.1139,7.543312,7.176688
-96.16779,1309.528,7.578937,7.141063
-95.352806,1308.9487,7.614248,7.105752
-94.533195,1308.376,7.649559,7.070441
-93.70908,1307.8097,7.6848702,7.0351295
-92.88058,1307.2499,7.720182,6.9998183
-92.04779,1306.6964,7.7483816,6.967087
-91.21082,1306.1494,7.727805,6.9520497
-90.36977,1305.6086,7.7072287,6.937013
-89.5247,1305.0741,7.6866517,6.921976
-88.6757,1304.5459,7.666075,6.9069395
-87.82285,1304.0239,7.645447,6.891926
-86.966225,1303.5082,7.6241603,6.8772044
-86.10587,1302.9987,7.602874,6.8624825
-85.241844,1302.4954,7.581587,6.847761
-84.37418,1301.9984,7.5603,6.8330393
-83.50294,1301.5078,7.5390015,6.8183002
-82.62821,1301.0233,7.5174756,6.803212
-81.75033,1300.5447,7.49595,6.788124
-80.86963,1300.0712,7.474425,6.773036
-79.98646,1299.6023,7.4528995,6.7579484
-79.10115,1299.1375,7.431364,6.742869
-78.21403,1298.6761,7.4097085,6.727892
-77.32544,1298.2177,7.3880525,6.712915
-76.435715,1297.7614,7.366397,6.697938
-75.54519,1297.3066,7.344741,6.682961
-74.65419,1296.8528,7.323061,6.6679587
-73.763054,1296.3993,7.3012285,6.6527977
-72.8721,1295.9454,7.279396,6.637636
-71.98166,1295.4905,7.2575636,6.6224747
-71.09206,1295.0339,7.235731,6.607313
-70.20363,1294.5752,7.2139707,6.592213
-69.3167,1294.1134,7.192519,6.577378
-68.431595,1293.6483,7.171068,6.5625424
-67.54862,1293.1791,7.1496162,6.5477066
-66.66811,1292.7052,7.1281643,6.532871
-65.79041,1292.2262,7.106767,6.518033
-64.9156,1291.742,7.0855927,6.5031915
-64.04323,1291.2533,7.064419,6.4883494
-63.172745,1290.7612,7.043245,6.4735084
-62.303574,1290.267,7.022072,6.4586673
-61.43515,1289.7712,7.0009184,6.4438686
-60.566906,1289.2754,6.979879,6.4293184
-59.69829,1288.78,6.9588394,6.4147677
-58.828754,1288.2864,6.9378,6.4002166
-57.957764,1287.7953,6.91676,6.3856654
-57.084785,1287.3077,6.895716,6.3711
-56.20929,1286.8246,6.8746114,6.356307
-55.330753,1286.3472,6.853507,6.3415146
-54.448658,1285.8763,6.8324027,6.3267217
-53.56252,1285.4131,6.811299,6.311929
-52.67187,1284.9586,6.7901964,6.2971377
-51.776268,1284.5139,6.769076,6.2829847
-50.87527,1284.0803,6.7479563,6.2688384
-49.968464,1283.659,6.7268353,6.2546916
-49.055477,1283.2513,6.705713,6.2405434
-48.135994,1282.8584,6.68459,6.226395
-47.20986,1282.4816,6.67283,6.2371697
-46.27737,1282.1206,6.6613407,6.2486596
-45.338913,1281.7755,6.6498513,6.2601485
-44.39487,1281.446,6.6383624,6.2716374
-43.445602,1281.1318,6.626873,6.2831273
-42.491463,1280.8329,6.615322,6.294678
-41.53281,1280.5486,6.6037707,6.3062296
-40.569992,1280.2788,6.592219,6.317781
-39.60334,1280.0231,6.5806675,6.3293324
-38.633163,1279.7811,6.5697365,6.340264
-37.659756,1279.5525,6.566292,6.343708
-36.683395,1279.3368,6.5628476,6.3471527
-35.704357,1279.1335,6.559403,6.350597
-34.722885,1278.9425,6.5559587,6.354041
-33.739212,1278.7631,6.5555053,6.3544946
-32.753555,1278.5948,6.573271,6.336729
-31.766115,1278.4375,6.591037,6.3189635
-30.777082,1278.2904,6.6088023,6.3011975
-29.786627,1278.1533,6.6265683,6.283432
-28.794907,1278.0256,6.6433744,6.2666254
-27.80207,1277.907,6.6560283,6.2539716
-26.808249,1277.7969,6.668682,6.2413177
-25.81356,1277.6948,6.681336,6.2286644
-24.818115,1277.6005,6.6939893,6.2160106
-23.822012,1277.5133,6.7024555,6.2075443
-22.82534,1277.433,6.695062,6.214938
-21.828176,1277.359,6.6876683,6.2223315
-20.830591,1277.2909,6.680275,6.2297254
-19.832647,1277.2283,6.672881,6.2371187
-18.8344,1277.1707,6.6654935,6.2445064
-17.8359,1277.1177,6.6581297,6.25187
-16.837183,1277.0688,6.650766,6.2592344
-15.838289,1277.0238,6.6434016,6.266598
-14.83925,1276.9822,6.636038,6.273962
-13.840091,1276.9435,6.628677,6.2813234
-12.840837,1276.9072,6.621329,6.288671
-11.841508,1276.8733,6.613981,6.296019
-10.842124,1276.8408,6.606633,6.303367
-9.842701,1276.8097,6.599285,6.3107147
-8.843254,1276.7793,6.591937,6.318063
-7.8437953,1276.7494,6.5845895,6.3254104
-6.844332,1276.7195,6.577242,6.3327584
-5.844872,1276.6896,6.569894,6.340106
-4.845422,1276.6593,6.5625463,6.3474536
-3.8459885,1276.6285,6.5551977,6.3548026
-2.8465793,1276.5969,6.5478415,6.362159
-1.8471987,1276.5645,6.5404854,6.369515
-0.8478511,1276.531,6.5331287,6.376871
0.15145874,1276.4963,6.5257726,6.3842273
1.1507258,1276.4606,6.5181155,6.3918843
2.1499443,1276.4235,6.5069656,6.403034
3.1491075,1276.3849,6.495816,6.414184
4.1482077,1276.3446,6.4846663,6.425334
5.147236,1276.3027,6.4735165,6.436484
6.1461835,1276.2589,6.462354,6.447646
7.1450405,1276.213,6.4509864,6.459014
8.143797,1276.165,6.439618,6.4703817
9.142441,1276.1149,6.4282503,6.4817495
10.140961,1276.0621,6.4168825,6.4931173
11.139342,1276.007,6.4055223,6.5044775
12.137572,1275.949,6.394334,6.515666
13.135635,1275.8883,6.383146,6.5268545
14.133514,1275.8246,6.3719573,6.5380425
15.131191,1275.7578,6.360769,6.549231
16.128649,1275.6879,6.3493323,6.5606675
17.125864,1275.6146,6.3315196,6.5784807
18.122816,1275.5377,6.313707,6.5962934
19.119482,1275.4573,6.2958937,6.614106
20.115839,1275.373,6.278081,6.631919
21.111856,1275.285,6.2602587,6.649741
22.10751,1275.1929,6.2422175,6.6677823
23.102768,1275.0966,6.2241764,6.685824
24.097599,1274.996,6.206135,6.703865
25.091972,1274.8909,6.1880937,6.7219067
26.085854,1274.7813,6.1704097,6.7394743
27.079203,1274.6669,6.1591706,6.7485056
28.071983,1274.5477,6.1479316,6.757537
29.064152,1274.4236,6.1366925,6.766568
30.055666,1274.2943,6.125454,6.7755995
31.04648,1274.1598,6.117034,6.7808294
32.036545,1274.0198,6.146151,6.7354474
33.025818,1273.8744,6.1752677,6.690066
34.014248,1273.7233,6.2043843,6.644684
35.00179,1273.5665,6.233501,6.599302
35.98839,1273.4039,6.2626176,6.5539384
36.974007,1273.2355,6.2917314,6.508762
37.958603,1273.0612,6.3208447,6.463586
38.94215,1272.8811,6.349958,6.41841
39.924625,1272.6952,6.3790717,6.373234
40.905994,1272.5035,6.4042096,6.332363
41.88624,1272.3062,6.396984,6.326543
42.86532,1272.1031,6.3897586,6.320722
43.843216,1271.8945,6.382533,6.314902
44.819893,1271.6803,6.3753076,6.309081
45.795326,1271.4603,6.365586,6.305962
46.769485,1271.235,6.3387055,6.3214083
47.742348,1271.0039,6.3118253,6.336854
48.71388,1270.7675,6.284945,6.3523
49.68406,1270.5254,6.2580647,6.3677464
50.652863,1270.278,6.2312155,6.3831625
51.620262,1270.025,6.204553,6.398398
52.586235,1269.7668,6.1778913,6.4136333
53.55075,1269.5032,6.1512294,6.4288692
54.51379,1269.2341,6.124567,6.4441047
55.475327,1268.9597,6.098831,6.4586616
56.435337,1268.6802,6.0781984,6.4694786
57.3938,1268.3953,6.0575657,6.4802957
58.35069,1268.1051,6.036933,6.4911127
59.30598,1267.8098,6.0163,6.5019298
60.259655,1267.5093,6.001554,6.508446
61.211693,1267.2035,6.0173664,6.4926333
62.162064,1266.8927,6.0331793,6.476821
63.110756,1266.5768,6.0489917,6.461008
64.05774,1266.2559,6.0648046,6.4451957
65.003,1265.9298,6.0806484,6.429352
65.94651,1265.5988,6.096648,6.4133515
66.88825,1265.2627,6.1126485,6.3973517
67.82821,1264.9216,6.1286488,6.3813515
68.76636,1264.5757,6.1446486,6.365351
69.70268,1264.2249,6.1602497,6.3497505
70.63715,1263.869,6.173839,6.3361607
71.56976,1263.5084,6.187429,6.3225713
72.50049,1263.143,6.2010183,6.3089814
73.429306,1262.7727,6.214608,6.295392
74.35621,1262.3976,6.2278085,6.2821913
75.28116,1262.0178,6.238992,6.271008
76.20416,1261.6332,6.2501755,6.2598243
77.12518,1261.2439,6.261359,6.248641
78.044205,1260.85,6.2725425,6.2374573
78.96122,1260.4513,6.2828317,6.227168
79.876205,1260.0481,6.2882204,6.22178
80.78914,1259.6403,6.293609,6.216391
81.70001,1259.2278,6.298998,6.2110023
82.60881,1258.8107,6.304386,6.2056136
83.5155,1258.3892,6.3082542,6.201746
84.42009,1257.9631,6.3030677,6.2069325
85.32254,1257.5325,6.297881,6.2121186
86.22284,1257.0974,6.292695,6.217305
87.12099,1256.658,6.2875085,6.2224917
88.016945,1256.214,6.2823224,6.227678
88.91072,1255.7657,6.2771378,6.232862
89.80228,1255.313,6.2719536,6.2380466
90.69161,1254.856,6.266769,6.243231
91.5787,1254.3945,6.2615843,6.2484155
92.46353,1253.9288,6.2564,6.2535996
93.3461,1253.4589,6.251217,6.2587833
94.22637,1252.9846,6.2460337,6.2639666
95.10434,1252.5061,6.2408504,6.26915
95.979996,1252.0233,6.2356668,6.274333
96.85332,1251.5364,6.229987,6.280013
97.7243,1251.0453,6.21982,6.2901797
98.5929,1250.5499,6.2096534,6.300347
99.45914,1250.0504,6.1994863,6.3105135
100.32298,1249.5469,6.189319,6.3206806
101.18442,1249.0392,6.1787033,6.3312964
102.04343,1248.5275,6.1631517,6.3468485
102.9,1248.0116,6.1475997,6.3624005
103.754135,1247.4917,6.1320477,6.3779526
104.60579,1246.9678,6.1164956,6.393504
105.45497,1246.4398,6.1012006,6.408799
106.30166,1245.908,6.0894327,6.4205675
107.145836,1245.3721,6.0776644,6.432336
107.98749,1244.8322,6.065896,6.4441037
108.8266,1244.2885,6.054128,6.455872
109.66316,1243.7407,6.043206,6.4667935
110.49716,1243.1891,6.0469985,6.4630017
111.328575,1242.6337,6.0507903,6.45921
112.15738,1242.0742,6.054582,6.4554176
112.98355,1241.511,6.0583744,6.451626
113.807076,1240.9438,6.062166,6.4478335
114.62793,1240.3729,6.065961,6.444039
115.44609,1239.7981,6.0697556,6.4402447
116.261536,1239.2194,6.0735497,6.43645
117.07424,1238.6368,6.0773444,6.432656
117.88418,1238.0505,6.0815854,6.428415
118.69134,1237.4603,6.097573,6.4124274
119.49569,1236.8663,6.11356,6.39644
120.2972,1236.2686,6.1295476,6.3804526
121.09586,1235.6669,6.145535,6.364465
121.89165,1235.0615,6.1618686,6.348131
122.68453,1234.4523,6.1884646,6.3215356
123.474495,1233.8392,6.2150607,6.2949395
124.26151,1233.2224,6.2416563,6.2683434
125.045555,1232.6019,6.2682524,6.2417474
125.8266,1231.9775,6.294345,6.2156553
126.60463,1231.3495,6.3051496,6.20485
127.37962,1230.7177,6.3159547,6.1940455
128.15155,1230.0822,6.3267593,6.1832404
128.92038,1229.4427,6.3375645,6.1724358
129.6861,1228.7998,6.347302,6.1626983
130.44867,1228.1531,6.326881,6.183119
131.2081,1227.5026,6.3064604,6.20354
131.96432,1226.8484,6.2860394,6.2239604
132.71735,1226.1906,6.265619,6.2443814
133.46713,1225.529,6.2453785,6.2646217
134.21367,1224.8638,6.229554,6.2804456
134.95691,1224.195,6.2137303,6.29627
135.69684,1223.5223,6.197906,6.3120937
136.43344,1222.8462,6.1820817,6.327918
137.16669,1222.1664,6.1668777,6.343122
137.89655,1221.4829,6.164273,6.3457274
138.62299,1220.7958,6.161668,6.3483324
139.34601,1220.1051,6.1590624,6.3509374
140.06557,1219.4108,6.1564574,6.3535423
140.78165,1218.7129,6.153864,6.3561363
141.4942,1218.0115,6.1514583,6.358542
142.20323,1217.3064,6.1490526,6.360947
142.9087,1216.5978,6.146647,6.363353
143.6106,1215.8856,6.144242,6.3657584
144.30888,1215.1699,6.1418223,6.3681774
145.00352,1214.4507,6.139216,6.370784
145.6945,1213.7279,6.1366096,6.3733907
146.38179,1213.0017,6.1340027,6.375997
147.06537,1212.272,6.1313963,6.3786035
147.74522,1211.5387,6.127949,6.382051
148.4213,1210.802,6.1149154,6.395085
149.0936,1210.0619,6.101881,6.4081187
149.76207,1209.3182,6.088847,6.4211526
150.42671,1208.5712,6.0758133,6.4341865
151.08748,1207.8208,6.062592,6.447408
151.74435,1207.0669,6.0475535,6.462446
152.39731,1206.3096,6.0325155,6.4774847
153.04633,1205.549,6.017477,6.4925227
153.69138,1204.7849,6.002439,6.507561
154.33243,1204.0176,5.987401,6.522599
154.96945,1203.2468,5.9723663,6.537634
155.60245,1202.4728,5.957331,6.5526686
156.23135,1201.6954,5.9422965,6.5677032
156.85617,1200.9148,5.927262,6.5827384
157.47687,1200.1309,5.915465,6.594535
158.0934,1199.3436,5.9278884,6.5821114
158.70576,1198.5532,5.940312,6.569688
159.31393,1197.7595,5.9527354,6.5572643
159.91788,1196.9625,5.965159,6.544841
160.51756,1196.1625,5.9784746,6.5315256
161.11298,1195.3591,5.997899,6.512101
161.70409,1194.5527,6.0173235,6.4926767
162.29086,1193.743,6.036748,6.4732523
162.87329,1192.9303,6.056172,6.453828
163.45135,1192.1144,6.0755944,6.434406
164.025,1191.2954,6.0950017,6.4149985
164.59422,1190.4734,6.114409,6.3955913
165.15898,1189.6482,6.1338162,6.3761835
165.71928,1188.8201,6.1532235,6.356776
166.27507,1187.9888,6.1727633,6.3372364
166.82634,1187.1545,6.1931477,6.316852
167.37305,1186.3174,6.2135324,6.296468
167.91518,1185.4772,6.2339168,6.276083
168.45273,1184.634,6.254301,6.2556987
168.98564,1183.788,6.2747087,6.2352915
169.51392,1182.9391,6.295266,6.2147336
170.03752,1182.0872,6.315824,6.1941757
170.55646,1181.2325,6.336382,6.1736183
171.0707,1180.375,6.35694,6.1530604
171.58023,1179.5146,6.3767443,6.133256
172.08502,1178.6515,6.3911004,6.1188993
172.58508,1177.7856,6.405457,6.1045427
173.08037,1176.917,6.4198136,6.090186
173.57088,1176.0457,6.4341702,6.07583
174.05658,1175.1716,6.446449,6.063551
174.53748,1174.2949,6.4412675,6.0687323
175.01352,1173.4156,6.436086,6.073914
175.48471,1172.5337,6.430905,6.0790954
175.951,1171.6492,6.425723,6.0842767
176.41241,1170.7621,6.4203835,6.089617
176.8689,1169.8724,6.413409,6.0965905
177.32045,1168.9803,6.4064355,6.1035647
177.76703,1168.0857,6.3994613,6.1105385
178.20862,1167.1886,6.3924875,6.1175127
178.64519,1166.2891,6.3843317,6.1256685
179.07674,1165.3871,6.360415,6.149585
179.50323,1164.4827,6.3364987,6.173501
179.92465,1163.5759,6.3125825,6.1974177
180.34097,1162.6667,6.288666,6.221334
180.75215,1161.7554,6.2647486,6.245251
181.1582,1160.8416,6.240818,6.269182
181.55907,1159.9255,6.216887,6.2931128
181.95471,1159.0072,6.1929564,6.317044
182.34515,1158.0867,6.1690254,6.3409743
182.73032,1157.164,6.14526,6.36474
183.1102,1156.239,6.125698,6.384302
183.48479,1155.3119,6.106136,6.403864
183.85403,1154.3827,6.086574,6.423426
184.21793,1153.4513,6.067012,6.442988
184.57643,1152.518,6.0477304,6.46227
184.92955,1151.5824,6.038137,6.4718633
185.2772,1150.6449,6.0285435,6.4814568
185.61937,1149.7053,6.01895,6.4910502
185.956,1148.7638,6.0093565,6.5006433
186.28703,1147.8203,5.9997826,6.5102177
186.61246,1146.8749,5.9909754,6.5190244
186.93231,1145.9275,5.982168,6.5278316
187.24669,1144.9783,5.9733615,6.5366387
187.55563,1144.0273,5.9645543,6.545446
187.85925,1143.0746,5.9563913,6.553609
188.1576,1142.1202,5.970016,6.539984
188.45082,1141.1643,5.9836407,6.5263596
188.73906,1140.2068,5.9972653,6.5127344
189.02246,1139.2479,6.01089,6.4991097
189.30116,1138.2876,6.024523,6.4854774
189.57532,1137.326,6.0383515,6.4716487
189.84505,1136.3632,6.0521803,6.4578195
190.1105,1135.3992,6.0660095,6.4439907
190.37181,1134.4341,6.0798383,6.430162
190.62909,1133.4678,6.093474,6.4165263
190.8825,1132.5005,6.103292,6.406708
191.13217,1131.5323,6.1131105,6.3968897
191.37825,1130.5631,6.1229286,6.387071
191.62088,1129.5931,6.132747,6.377253
191.86018,1128.6223,6.142046,6.367954
192.09631,1127.6506,6.142847,6.3671527
192.32942,1126.6782,6.143648,6.3663516
192.55965,1125.7052,6.144449,6.3655505
192.78712,1124.7316,6.145251,6.3647494
193.012,1123.7572,6.1460385,6.363961
193.23439,1122.7823,6.1466393,6.363361
193.45448,1121.807,6.1472397,6.3627605
193.67241,1120.8312,6.14784,6.3621597
193.88829,1119.8549,6.148441,6.3615594
194.1023,1118.878,6.149041,6.360959
194.31454,1117.901,6.149641,6.3603587
194.5252,1116.9235,6.1502414,6.3597584
194.7344,1115.9457,6.1508417,6.3591585
194.94229,1114.9677,6.1514416,6.358558
195.14897,1113.9894,6.1520557,6.357944
195.35463,1113.0107,6.152856,6.3571444
195.55939,1112.0321,6.1536555,6.356344
195.76343,1111.0532,6.1544557,6.3555446
195.9669,1110.0742,6.1552553,6.3547444
196.16997,1109.0952,6.1560416,6.3539586
196.37277,1108.116,6.156641,6.3533587
196.57535,1107.1368,6.157241,6.352759
196.77777,1106.1576,6.1578407,6.352159
196.98009,1105.1785,6.1584406,6.351559
197.18233,1104.1992,6.1590405,6.35096
197.38455,1103.22,6.1596403,6.35036
197.58675,1102.2407,6.1602397,6.34976
197.7889,1101.2615,6.1608396,6.34916
197.99098,1100.2821,6.1614394,6.348561
198.19302,1099.3029,6.162052,6.3479476
198.39499,1098.3236,6.162852,6.3471484
198.59688,1097.3442,6.1636515,6.346349
198.79872,1096.3649,6.164451,6.345549
199.00049,1095.3856,6.1652503,6.3447495
199.20221,1094.4063,6.1660376,6.343962
199.40387,1093.4269,6.1666374,6.343363
199.60548,1092.4475,6.167237,6.342763
199.80704,1091.4681,6.1678367,6.3421636
200.00854,1090.4888,6.168436,6.3415637
200.21,1089.5093,6.169036,6.3409643
200.41139,1088.5299,6.1696353,6.3403645
200.61275,1087.5505,6.170235,6.339765
200.81404,1086.571,6.1708345,6.339165
201.01529,1085.5916,6.1714344,6.338566
201.21648,1084.6122,6.172034,6.337966
201.41762,1083.6327,6.172633,6.3373666
201.61871,1082.6532,6.173233,6.336767
201.81976,1081.6737,6.1738324,6.3361673
202.02077,1080.6942,6.1744323,6.335568
202.22173,1079.7147,6.175042,6.3349576
202.42262,1078.7352,6.175842,6.3341584
202.62349,1077.7556,6.176641,6.333359
202.82431,1076.7761,6.1774406,6.3325596
203.02509,1075.7966,6.17824,6.3317604
203.22581,1074.817,6.1791077,6.330892
203.42651,1073.8375,6.181306,6.328694
203.62715,1072.8579,6.1835046,6.3264956
203.82776,1071.8783,6.185703,6.3242974
204.02834,1070.8987,6.187901,6.322099
204.22887,1069.9192,6.1901083,6.319892
204.42935,1068.9396,6.1925063,6.317494
204.62979,1067.96,6.1949043,6.3150954
204.83022,1066.9803,6.1973023,6.3126974
205.03058,1066.0007,6.1997004,6.3102994
205.23093,1065.021,6.202099,6.3079014
205.43123,1064.0414,6.204497,6.3055034
205.6315,1063.0618,6.206895,6.3031054
205.83173,1062.0822,6.209293,6.3007073
206.03194,1061.1024,6.211691,6.298309
206.2321,1060.1228,6.214089,6.295911
206.43224,1059.1431,6.216487,6.293513
206.63234,1058.1635,6.2188854,6.291115
206.83241,1057.1837,6.2212834,6.288717
207.03246,1056.2041,6.2236814,6.286319
207.23247,1055.2244,6.2260795,6.2839203
207.43246,1054.2446,6.2284775,6.2815223
207.63242,1053.2649,6.230876,6.2791243
207.83235,1052.2852,6.233274,6.2767262
208.03226,1051.3055,6.235672,6.2743278
208.23213,1050.3258,6.23807,6.2719297
208.43198,1049.3461,6.2404685,6.2695317
208.6318,1048.3663,6.2428665,6.267133
208.8316,1047.3866,6.245265,6.264735
209.03139,1046.4067,6.247663,6.2623367
209.23114,1045.427,6.2500663,6.2599335
209.43088,1044.4473,6.2526646,6.257335
209.6306,1043.4675,6.255263,6.2547374
209.83029,1042.4878,6.257861,6.252139
210.02997,1041.508,6.2604594,6.249541
210.22961,1040.5282,6.263053,6.246947
210.42926,1039.5485,6.2654514,6.244549
210.62888,1038.5687,6.26785,6.2421503
210.82848,1037.5889,6.2702484,6.239752
211.02806,1036.6091,6.272647,6.2373533
211.22763,1035.6293,6.2750454,6.234955
211.42719,1034.6495,6.277444,6.232556
211.62672,1033.6697,6.2798424,6.2301574
211.82625,1032.69,6.2822413,6.227759
212.02576,1031.7101,6.28464,6.2253604
212.22525,1030.7303,6.2870383,6.2229614
212.42474,1029.7505,6.2894373,6.220563
212.62422,1028.7708,6.2918363,6.218164
212.82368,1027.7909,6.2942348,6.215765
213.02315,1026.811,6.2966337,6.2133665
213.2226,1025.8313,6.2990327,6.2109675
213.42203,1024.8514,6.3014317,6.2085686
213.62146,1023.87164,6.3038306,6.2061696
213.82089,1022.8918,6.3062296,6.2037706
214.02034,1021.912,6.3086286,6.201371
214.2198,1020.9322,6.3110275,6.198972
214.41928,1019.9524,6.313427,6.1965733
214.61879,1018.9726,6.315826,6.194174
214.81834,1017.9928,6.3182254,6.191775
215.01793,1017.013,6.3206244,6.1893754
215.21758,1016.0332,6.323024,6.1869764
215.41727,1015.05347,6.3254232,6.184577
215.61703,1014.07367,6.3278227,6.1821775
215.81686,1013.09393,6.330222,6.179778
216.01677,1012.11426,6.332621,6.1773787
216.21678,1011.1345,6.3350224,6.174978
216.41687,1010.15485,6.3376217,6.172378
216.61705,1009.1752,6.3402214,6.169779
216.81735,1008.19556,6.3428206,6.167179
217.01776,1007.21594,6.3454204,6.16458
217.21829,1006.2363,6.348018,6.1619816
217.41895,1005.2568,6.350418,6.159582
217.61974,1004.2772,6.3528175,6.1571827
217.82068,1003.2977,6.355217,6.154783
218.02176,1002.31824,6.357617,6.1523833
218.22299,1001.3388,6.3600163,6.149984
218.42441,1000.3594,6.362416,6.147584
218.62598,999.38,6.3648157,6.1451845
218.82773,998.40063,6.367215,6.1427846
219.02965,997.4213,6.369615,6.140385
219.23178,996.4421,6.3720145,6.1379857
219.4341,995.4628,6.374414,6.135586
219.63663,994.48364,6.376814,6.1331863
219.83937,993.5045,6.3792133,6.1307864
220.04233,992.52545,6.3816133,6.128387
220.2455,991.5464,6.3840127,6.125987
220.44891,990.5674,6.3864126,6.1235876
220.65257,989.58844,6.388812,6.1211877
220.85648,988.60956,6.3912115,6.1187882
221.06064,987.6307,6.3936114,6.116389
221.26506,986.6519,6.396011,6.113989
221.46974,985.67316,6.398411,6.1115894
221.6747,984.6945,6.4008102,6.10919
221.87994,983.7159,6.4032097,6.10679
222.08548,982.7373,6.405609,6.1043906
222.2913,981.75885,6.4080095,6.10199
222.49744,980.7804,6.4106092,6.099391
222.70387,979.802,6.4132085,6.0967917
222.91064,978.8237,6.4158077,6.094192
223.11772,977.8455,6.4184074,6.091593
223.32513,976.8674,6.420992,6.0890083
223.53288,975.8893,6.417793,6.0922074
223.74098,974.91125,6.4145937,6.0954065
223.94943,973.9333,6.4113946,6.0986056
224.15823,972.95544,6.4081955,6.1018043
224.3674,971.97766,6.4049945,6.1050053
224.57695,970.99994,6.4001966,6.1098037
224.78688,970.02234,6.395398,6.1146016
224.9972,969.0448,6.3906,6.1194
225.2079,968.0673,6.385802,6.124198
225.419,967.08997,6.381004,6.1289964
225.63051,966.1127,6.376206,6.133794
225.84244,965.1355,6.3714085,6.138592
226.0548,964.1584,6.3666105,6.143389
226.26756,963.1814,6.361813,6.148187
226.48077,962.20447,6.357015,6.1529846
226.69443,961.22766,6.3524175,6.1575828
226.90854,960.2509,6.3478203,6.16218
227.1231,959.2743,6.343223,6.166777
227.33812,958.2978,6.338626,6.1713743
227.5536,957.3214,6.3340287,6.1759715
227.76958,956.3451,6.3292336,6.1807666
227.98604,955.3689,6.324437,6.185563
228.20297,954.3928,6.3196406,6.190359
228.42041,953.4168,6.314844,6.1951556
228.63835,952.4409,6.310048,6.199952
228.85681,951.4652,6.3052526,6.2047477
229.07578,950.48956,6.300457,6.209543
229.29527,949.51404,6.2956614,6.214339
229.5153,948.53864,6.290866,6.2191343
229.73589,947.56335,6.2860703,6.22393
229.95702,946.5882,6.2812757,6.2287245
230.17868,945.61316,6.276481,6.233519
230.40091,944.6383,6.2716866,6.2383137
230.62369,943.6635,6.266892,6.243108
230.84698,942.68884,6.2620974,6.2479024
231.07083,941.7143,6.2573037,6.2526965
231.29518,940.7399,6.2525096,6.2574906
231.52003,939.7656,6.2477155,6.2622843
231.74536,938.79144,6.242922,6.2670784
231.97116,937.8173,6.2381277,6.271872
232.19739,936.8434,6.233334,6.276666
232.42404,935.86945,6.22854,6.28146
232.65111,934.8957,6.2237463,6.286254
232.87856,933.922,6.218952,6.2910476
233.10638,932.94836,6.2141585,6.2958417
233.33458,931.97485,6.209557,6.3004427
233.56311,931.0014,6.2049623,6.305038
233.79198,930.0281,6.2003675,6.309633
234.02116,929.05475,6.1957726,6.3142276
234.25063,928.08154,6.191178,6.3188224
234.48038,927.1084,6.1863894,6.3236103
234.71039,926.1353,6.1815934,6.3284063
234.94064,925.1623,6.1767974,6.3332024
235.17113,924.1893,6.1720014,6.3379984
235.40181,923.2164,6.1672053,6.3427944
235.6327,922.24347,6.1624074,6.3475924
235.86377,921.2706,6.1576095,6.352391
236.095,920.2978,6.152811,6.3571887
236.32639,919.3251,6.148013,6.361987
236.55789,918.3523,6.1432147,6.366785
236.78952,917.3796,6.138414,6.3715863
237.02126,916.4069,6.1336126,6.376387
237.25305,915.43427,6.128812,6.3811884
237.48491,914.4616,6.1240106,6.385989
237.71683,913.48895,6.11921,6.3907905
237.94875,912.5163,6.114405,6.395595
238.1807,911.5437,6.1096,6.4003997
238.41264,910.57104,6.1047955,6.4052043
238.64459,909.5984,6.099991,6.4100094
238.87653,908.6258,6.095186,6.414814
239.10843,907.65314,6.09057,6.4194303
239.34027,906.6805,6.085961,6.424039
239.572,905.70776,6.081352,6.4286475
239.80357,904.73505,6.0767436,6.4332566
240.03494,903.76227,6.072135,6.4378653
240.26596,902.7894,6.067328,6.442672
240.49603,901.81635,6.0625153,6.447485
240.72441,900.8429,6.0577025,6.4522977
240.95038,899.86884,6.05289,6.4571104
241.17322,898.89404,6.048077,6.461923
241.3922,897.91846,6.0432677,6.4667325
241.60667,896.9418,6.0384583,6.471542
241.81598,895.96405,6.0336485,6.4763513
242.01947,894.98505,6.028839,6.4811606
242.2165,894.00476,6.0240297,6.4859705
242.40639,893.0231,6.019236,6.490764
242.58835,892.03986,6.0144424,6.4955573
242.76158,891.05505,6.0096493,6.500351
242.92528,890.06866,6.0048556,6.505144
243.07863,889.08057,6.000063,6.5099373
243.22093,888.0908,6.0148606,6.495139
243.35194,887.09955,6.029918,6.480082
243.47154,886.1068,6.0449767,6.4650235
243.5796,885.1128,6.0600376,6.449962
243.67601,884.11755,6.0751033,6.434897
243.76007,883.12115,6.066949,6.3493986
243.82866,882.12366,6.057324,6.2594347
243.87794,881.12494,6.0477023,6.1695023
243.9041,880.1254,6.0380907,6.0796638
243.9034,879.12555,6.028498,5.990002
243.87158,878.1262,5.950051,5.971063
243.80017,877.1289,5.8588643,5.9652123
243.67863,876.13654,5.7675147,5.9593515
243.49623,875.15356,5.675939,5.953476
243.24254,874.18665,5.584263,5.947594
242.90991,873.244,5.586775,5.9255066
242.50087,872.33185,5.599839,5.9016585
242.02065,871.4551,5.6128783,5.8778567
241.47392,870.61816,5.62591,5.854069
240.86478,869.8255,5.6336575,5.8363423
240.19762,869.081,5.574224,5.8957763
239.47893,868.38605,5.514748,5.9552517
238.7154,867.7407,5.455287,6.014713
237.91304,867.1442,5.395843,6.074157
237.07727,866.5955,5.3505826,6.1194177
236.2128,866.09326,5.4413667,6.028633
235.3238,865.63574,5.5322046,5.9377956
234.41411,865.2209,5.623051,5.8469486
233.48706,864.8464,5.7139087,5.7560916
232.5456,864.5097,5.798005,5.671995
231.5924,864.2078,5.8097,5.6603
230.63022,863.93585,5.8213983,5.6486015
229.66142,863.6885,5.8330936,5.636906
228.68796,863.4601,5.8447857,5.625214
227.71143,863.2452,5.855943,5.6140566
226.73311,863.0385,5.854557,5.6154428
225.75385,862.8363,5.8531704,5.6168294
224.77437,862.63525,5.8517838,5.6182165
223.79538,862.43176,5.8503966,5.6196036
222.81763,862.2225,5.8490095,5.6209908
221.84175,862.0046,5.8474045,5.6225953
220.86801,861.77734,5.845799,5.6242013
219.89645,861.54095,5.844193,5.625807
218.9272,861.2953,5.8425875,5.627413
217.96033,861.04034,5.8409815,5.6290183
216.99597,860.7762,5.839372,5.6306276
216.03426,860.50244,5.837763,5.6322374
215.07538,860.21893,5.8361535,5.6338468
214.11952,859.9254,5.8345437,5.635456
213.1669,859.6216,5.83331,5.6366897
212.2177,859.30725,5.84091,5.6290903
211.27197,858.98254,5.8485093,5.6214905
210.3298,858.6477,5.8561087,5.613891
209.39124,858.30286,5.863708,5.606292
208.45634,857.94824,5.871339,5.5986614
207.52515,857.584,5.8797097,5.5902905
206.59775,857.21014,5.8880806,5.581919
205.67422,856.82684,5.896452,5.573548
204.75467,856.43414,5.9048233,5.565177
203.83917,856.0321,5.9128566,5.5571437
202.9278,855.6207,5.9066753,5.563325
202.02065,855.20013,5.900494,5.569506
201.11781,854.7704,5.894313,5.5756874
200.2194,854.3314,5.8881316,5.5818686
199.32552,853.88336,5.881942,5.588058
198.43623,853.4262,5.874733,5.595267
197.55164,852.9601,5.867524,5.6024756
196.67175,852.48505,5.8603153,5.6096845
195.79669,852.0013,5.8531065,5.6168933
194.92648,851.5088,5.845917,5.624083
194.06117,851.00775,5.840084,5.629916
193.20065,850.4985,5.8342505,5.6357493
192.34482,849.98145,5.8284173,5.6415825
191.49352,849.4569,5.822584,5.647416
190.6466,848.92535,5.8174376,5.652562
189.80396,848.3871,5.827687,5.642313
188.96544,847.8424,5.837936,5.632064
188.13092,847.29156,5.848185,5.6218147
187.30026,846.735,5.858434,5.6115656
186.47334,846.1728,5.8686795,5.6013203
185.65,845.60547,5.8788686,5.591131
184.82991,845.0333,5.889058,5.580942
184.01282,844.45703,5.899247,5.570753
183.19836,843.87695,5.909436,5.560564
182.38626,843.2936,5.9202747,5.5497255
181.5763,842.7073,5.9410477,5.528952
180.76862,842.1178,5.961821,5.5081787
179.9635,841.52484,5.9825945,5.4874053
179.1612,840.9281,6.003368,5.4666324
178.36197,840.3272,6.024226,5.4457736
177.56627,839.7217,6.0577903,5.41221
176.77524,839.11005,6.091354,5.3786464
175.99022,838.4907,6.1249185,5.345082
175.2126,837.8621,6.158482,5.311518
174.44386,837.2227,6.192041,5.2779593
173.6857,836.57086,6.226037,5.243963
172.94089,835.90375,6.2600594,5.2099404
172.21268,835.21857,6.2940836,5.1759167
171.50456,834.51263,6.328101,5.1418986
170.82024,833.7836,6.362092,5.107908
170.16347,833.0297,6.3859,5.0841
169.53761,832.25,6.4094195,5.0605803
168.9462,831.44385,6.432955,5.037045
168.39316,830.6109,6.456522,5.0134783
167.88277,829.7512,6.4603977,5.0096025
167.41626,828.8669,6.3349047,5.1350956
166.9854,827.96466,6.2095175,5.260483
166.57974,827.0507,6.0843,5.3857
166.1885,826.13055,5.959191,5.5108094
165.80078,825.20886,5.8521757,5.617824
165.40971,824.28864,5.800265,5.669735
165.01643,823.36926,5.748315,5.721685
164.62303,822.45,5.69634,5.77366
164.23157,821.5299,5.644355,5.8256454
163.84415,820.60815,5.607786,5.862214
163.46207,819.6841,5.610579,5.859421
163.08528,818.7579,5.6133714,5.8566284
162.71362,817.82965,5.6161633,5.8538365
162.34691,816.8994,5.618955,5.8510447
161.98494,815.9673,5.62387,5.848256
161.62775,815.0334,5.634597,5.8454747
161.27573,814.0975,5.645324,5.842694
160.9293,813.1595,5.6560526,5.8399124
160.58893,812.2193,5.6667805,5.837131
160.25502,811.2768,5.6811843,5.834256
159.928,810.3319,5.707631,5.831074
159.6082,809.3845,5.734077,5.827893
159.296,808.4346,5.760523,5.8247113
158.99174,807.4821,5.7869687,5.82153
158.69579,806.527,5.813969,5.8175693
158.4083,805.5693,5.8431206,5.8105807
158.12909,804.6092,5.872272,5.803592
157.8579,803.6467,5.901423,5.796604
157.59447,802.6822,5.9305744,5.7896156
157.33852,801.7156,5.960607,5.7814436
157.08978,800.7471,5.9942465,5.7684283
156.8479,799.7769,6.0278864,5.755413
156.6125,798.80505,6.061526,5.742398
156.38326,797.8318,6.0951657,5.7293825
156.15979,796.8572,6.1278796,5.716729
155.94174,795.88135,6.1569433,5.705505
155.72874,794.9044,6.1860065,5.69428
155.5205,793.9264,6.2150702,5.6830554
155.31659,792.9475,6.244134,5.671831
155.11671,791.9678,6.26653,5.6634703
154.92049,790.9873,6.264325,5.6656747
154.72754,790.0062,6.2621202,5.6678796
154.53749,789.02454,6.259916,5.6700845
154.34998,788.04236,6.257711,5.672289
154.16458,787.0598,6.2555513,5.6744485
153.98106,786.07684,6.253548,5.6764517
153.79929,785.0936,6.251545,5.678455
153.61922,784.11005,6.2495418,5.680458
153.44077,783.1262,6.2475386,5.6824613
153.26387,782.1421,6.245489,5.6845107
153.08847,781.15765,6.243287,5.6867127
152.9145,780.173,6.241085,5.688915
152.74196,779.1881,6.238883,5.6911173
152.57076,778.20294,6.236681,5.6933193
152.40086,777.2176,6.234479,5.695521
152.23222,776.232,6.232278,5.697722
152.0648,775.2462,6.2300773,5.699923
151.89854,774.2602,6.227876,5.7021236
151.73338,773.27405,6.2256756,5.7043247
151.56929,772.2877,6.2235227,5.7064776
151.40619,771.30115,6.221523,5.708477
151.24403,770.3145,6.219523,5.710477
151.0828,769.3277,6.217523,5.7124767
150.92241,768.3407,6.2155232,5.7144766
150.76282,767.35364,6.213476,5.7165236
150.60397,766.3664,6.2112775,5.718723
150.44585,765.3791,6.2090783,5.7209215
150.28836,764.39166,6.2068796,5.7231207
150.13148,763.4041,6.2046804,5.7253194
149.97514,762.4165,6.2024817,5.727518
149.81932,761.42883,6.2002835,5.7297163
149.66394,760.4411,6.198086,5.7319145
149.50896,759.45325,6.1958876,5.7341127
149.35432,758.4654,6.1936893,5.736311
149.19998,757.4774,6.191491,5.7385087
149.0459,756.4895,6.1892934,5.740707
148.89201,755.50146,6.1870956,5.7429047
148.73828,754.5135,6.184898,5.7451024
148.58464,753.52545,6.1827,5.7473
148.43106,752.5374,6.1805477,5.7494526
148.27748,751.5493,6.17855,5.75145
148.12384,750.5613,6.176552,5.753448
147.9701,749.5733,6.174554,5.755446
147.8162,748.5853,6.1725564,5.757444
147.66206,747.59735,6.170514,5.7594857
147.50766,746.60944,6.1683164,5.7616835
147.35297,745.6216,6.1661186,5.763881
147.19797,744.6337,6.1639214,5.766079
147.04265,743.64594,6.1617236,5.7682767
146.88698,742.65826,6.159526,5.7704744
146.73096,741.6706,6.1573277,5.772672
146.5746,740.683,6.15513,5.77487
146.41792,739.69543,6.152932,5.777068
146.26093,738.7079,6.150734,5.779266
146.10364,737.72046,6.148536,5.7814636
145.94608,736.73303,6.146338,5.783662
145.78824,735.74567,6.14414,5.78586
145.63014,734.75836,6.141942,5.7880583
145.47179,733.77106,6.139744,5.790256
145.31319,732.7838,6.137587,5.792413
145.15434,731.7966,6.1355886,5.7944117
144.99529,730.8094,6.13359,5.79641
144.836,729.82227,6.131592,5.7984085
144.67651,728.83514,6.1295934,5.800407
144.51683,727.8481,6.1275544,5.802446
144.35696,726.861,6.1253557,5.804644
144.19691,725.874,6.1231575,5.806843
144.0367,724.887,6.120959,5.809041
143.87633,723.9001,6.1187606,5.8112392
143.7158,722.91315,6.116562,5.813438
143.55516,721.9262,6.1143637,5.8156366
143.39436,720.93933,6.112165,5.817835
143.23346,719.95245,6.1099663,5.8200336
143.07245,718.9656,6.1077676,5.8222322
142.91135,717.97876,6.1055694,5.824431
142.75015,716.9919,6.1033707,5.8266296
142.58887,716.00507,6.101172,5.8288283
142.42752,715.0183,6.098973,5.831027
142.26611,714.0315,6.096774,5.8332257
142.10466,713.0447,6.094614,5.835386
141.94316,712.0579,6.092615,5.8373847
141.78165,711.07117,6.090616,5.8393836
141.6201,710.08435,6.0886173,5.8413825
141.45854,709.0976,6.0866184,5.8433814
141.29698,708.11084,6.0845814,5.8454185
141.13544,707.1241,6.082382,5.8476176
140.9739,706.13727,6.0801835,5.849817
140.81241,705.1505,6.0779843,5.8520155
140.65096,704.1637,6.0757856,5.8542147
140.48953,703.17694,6.0735865,5.8564134
140.32819,702.1901,6.0713873,5.8586125
140.1669,701.2033,6.0691886,5.8608117
140.00569,700.2165,6.0669894,5.863011
139.84457,699.2296,6.0647902,5.8652096
139.68355,698.2428,6.0626283,5.8673716
139.52263,697.2559,6.060629,5.869371
139.36183,696.269,6.05863,5.8713703
139.20117,695.2821,6.0566306,5.873369
139.04063,694.29517,6.054631,5.8753686
138.88025,693.30817,6.052595,5.8774047
138.72002,692.3212,6.050396,5.879604
138.55995,691.33417,6.048197,5.881803
138.40007,690.34717,6.0459976,5.884002
138.24037,689.3601,6.0437984,5.8862014
138.08086,688.373,6.0415993,5.888401
137.92155,687.38586,6.0393996,5.8906
137.76248,686.3987,6.0372005,5.8927994
137.60362,685.41144,6.0350013,5.8949986
137.44499,684.4242,6.032802,5.897198
137.28662,683.43695,6.0306025,5.8993974
137.1285,682.4496,6.0284033,5.9015965
136.97063,681.4622,6.0262036,5.903796
136.81305,680.4748,6.0240045,5.9059954
136.65575,679.48737,6.0218053,5.908195
136.49873,678.4999,6.0196414,5.9103584
136.34204,677.5123,6.017642,5.912358
136.18564,676.5247,6.0156426,5.914357
136.02957,675.53705,6.0136433,5.9163566
135.87384,674.5493,6.011644,5.9183564
135.71846,673.5616,6.0100713,5.919929
135.56343,672.5738,6.010471,5.919529
135.40875,671.5859,6.010871,5.919129
135.25446,670.59796,6.011271,5.9187293
135.10054,669.61,6.0116706,5.9183292
134.947,668.6219,6.0129886,5.9170113
134.79388,667.6338,6.018587,5.911413
134.64116,666.6456,6.0241857,5.9058146
134.48888,665.6574,6.029784,5.900216
134.33702,664.66907,6.0353827,5.8946176
134.18564,663.68066,6.040981,5.889019
134.03474,662.69226,6.0465794,5.8834205
133.88438,661.7037,6.052178,5.877822
133.73465,660.7151,6.0577765,5.8722234
133.58559,659.7263,6.063375,5.866625
133.43729,658.7375,6.068974,5.8610263
133.28978,657.74854,6.0745726,5.8554273
133.14316,656.7594,6.0801716,5.8498282
132.99747,655.77014,6.0857706,5.8442297
132.85277,654.78076,6.091369,5.8386307
132.70914,653.79126,6.096934,5.8330665
132.56662,652.8016,6.102333,5.8276668
132.4253,651.8117,6.107733,5.8222675
132.2852,650.82166,6.113132,5.816868
132.14642,649.8314,6.1185317,5.8114686
132.00902,648.841,6.1239657,5.8060346
131.87305,647.85034,6.1295657,5.800434
131.73857,646.85956,6.1351657,5.794834
131.60565,645.8685,6.140766,5.789234
131.47437,644.87726,6.146366,5.783634
131.34476,643.8858,6.151966,5.7780337
131.21692,642.8941,6.157567,5.7724333
131.09087,641.90216,6.1631675,5.7668324
130.9667,640.91,6.1687684,5.761232
130.84448,639.91754,6.174369,5.755631
130.72426,638.9249,6.17997,5.75003
130.60611,637.932,6.1855707,5.744429
130.49008,636.93884,6.1911716,5.738828
130.37625,635.94543,6.1967726,5.7332273
130.26468,634.9518,6.2023735,5.7276263
130.15543,633.9579,6.2070694,5.7229304
130.04855,632.9637,6.2074695,5.7225304
129.94412,631.96924,6.2078695,5.7221303
129.84221,630.97455,6.2082696,5.72173
129.74286,629.97955,6.2086697,5.72133
129.64613,628.9844,6.2084765,5.7215233
129.55212,627.9889,6.2054768,5.724523
129.46086,626.99316,6.2024775,5.727523
129.37244,625.99713,6.1994777,5.730522
129.2869,625.0009,6.196478,5.733522
129.20435,624.0044,6.1934786,5.7365212
129.12482,623.0077,6.19048,5.7395196
129.04832,622.0107,6.187482,5.742518
128.9749,621.0135,6.1844835,5.7455163
128.90456,620.01605,6.181485,5.7485147
128.8373,619.01843,6.178521,5.7514787
128.77315,618.02057,6.175724,5.7542763
128.7121,617.0225,6.1729264,5.7570734
128.65416,616.0243,6.1701293,5.7598705
128.59932,615.0259,6.167332,5.762668
128.54758,614.02734,6.1645017,5.7654986
128.49895,613.0286,6.161505,5.7684946
128.45341,612.0297,6.158509,5.771491
128.411,611.0307,6.1555123,5.7744875
128.37169,610.0316,6.152516,5.777484
128.3355,609.03235,6.149712,5.780288
128.30243,608.03296,6.1479144,5.782086
128.27248,607.0335,6.1461167,5.783883
128.24565,606.034,6.144319,5.785681
128.22195,605.03436,6.1425214,5.7874784
128.2014,604.03467,6.140693,5.7893066
128.18398,603.0349,6.1386957,5.791304
128.16968,602.0351,6.1366982,5.7933016
128.15852,601.0352,6.1347013,5.795299
128.15053,600.03534,6.132704,5.7972965
128.14568,599.03546,6.1307354,5.7992644
128.14397,598.0356,6.1289377,5.801062
128.14542,597.03564,6.1271396,5.8028603
128.15004,596.03577,6.125342,5.8046584
128.1578,595.0359,6.1235437,5.806456
128.16876,594.036,6.1217175,5.8082824
128.18288,593.0362,6.1197195,5.810281
128.20016,592.03644,6.117721,5.8122787
128.22064,591.03674,6.1157227,5.814277
128.2443,590.0371,6.113724,5.8162756
128.27113,589.0376,6.1117535,5.8182464
128.30116,588.03815,6.1099544,5.820046
128.3344,587.03876,6.108155,5.821845
128.37082,586.03955,6.1063557,5.823644
128.41046,585.0404,6.1045566,5.8254437
128.45332,584.04144,6.1027303,5.82727
128.4994,583.0426,6.10073,5.8292704
128.54869,582.0439,6.0987296,5.83127
128.60121,581.04535,6.0967293,5.8332705
128.65692,580.047,6.094729,5.835271
128.71584,579.0488,6.0940037,5.835996
128.77795,578.05084,6.1014085,5.8285913
128.84323,577.0531,6.1088133,5.8211865
128.91164,576.05554,6.116218,5.8137817
128.98314,575.05817,6.123623,5.806377
129.05772,574.06104,6.1327233,5.7972765
129.13535,573.06415,6.152343,5.7776575
129.21599,572.0675,6.171962,5.758038
129.29962,571.0711,6.1915812,5.738419
129.38622,570.07495,6.2112,5.7187996
129.47575,569.07904,6.230849,5.6991515
129.56819,568.08344,6.2506704,5.6793294
129.66353,567.0881,6.2704926,5.6595073
129.7617,566.093,6.2903147,5.639685
129.86272,565.0982,6.310137,5.6198635
129.96652,564.1037,6.328345,5.601655
130.0731,563.1095,6.3373547,5.5926456
130.18243,562.1156,6.346364,5.583636
130.29446,561.12195,6.355374,5.574626
130.4092,560.12866,6.3643837,5.565616
130.52658,559.1357,6.368873,5.5611267
130.6466,558.143,6.3486547,5.5813456
130.76924,557.15063,6.3284364,5.601564
130.89444,556.15857,6.3082175,5.6217823
131.02219,555.1669,6.287999,5.6420007
131.15247,554.1755,6.2677817,5.662218
131.28522,553.18445,6.2475686,5.682431
131.42046,552.1937,6.227356,5.702644
131.55812,551.2033,6.2071433,5.722857
131.6982,550.21326,6.18693,5.7430696
131.84065,549.2236,6.1667185,5.7632813
131.98546,548.2342,6.146513,5.7834873
132.13258,547.2452,6.126307,5.803693
132.28201,546.25653,6.1061015,5.8238983
132.43372,545.2682,6.085896,5.8441043
132.58766,544.28015,6.0657244,5.8642755
132.7438,543.29254,6.0457273,5.884273
132.90216,542.30524,6.0257297,5.90427
133.06265,541.3183,6.0057325,5.9242673
133.22528,540.3317,5.9857354,5.944265
133.39,539.34546,5.965707,5.964293
133.55681,538.35956,5.9455185,5.984482
133.7257,537.374,5.9253297,6.00467
133.8967,536.38885,5.9051414,6.024859
134.06981,535.40405,5.8849525,6.0450473
134.24506,534.4196,5.869185,6.060815
134.42244,533.43555,5.8765783,6.0534215
134.60197,532.4519,5.8839717,6.046028
134.78369,531.4686,5.891365,6.038635
134.9676,530.4858,5.8987584,6.0312414
135.1537,529.50336,5.906587,6.0234127
135.34204,528.52136,5.9167757,6.013224
135.5326,527.5398,5.9269643,6.0030355
135.7254,526.5586,5.937153,5.992847
135.92049,525.57794,5.947342,5.9826584
136.11783,524.5977,5.9575,5.9725
136.31747,523.6179,5.967488,5.962512
136.51942,522.6386,5.9774756,5.952524
136.7237,521.6598,5.9874635,5.9425364
136.93031,520.68146,5.9974513,5.9325485
137.13928,519.7036,6.007439,5.922561
137.3506,518.7263,6.0174265,5.9125733
137.56432,517.7495,6.0274143,5.902586
137.78043,516.77325,6.0374017,5.892598
137.99896,515.7975,6.047389,5.882611
138.21991,514.8223,6.0562754,5.8737245
138.4433,513.84766,6.058273,5.871727
138.66916,512.8736,6.060271,5.8697295
138.89748,511.90012,6.0622683,5.8677316
139.1283,510.92722,6.0642657,5.865734
139.3616,509.9549,6.06571,5.8642898
139.59744,508.98322,6.0635123,5.8664875
139.8358,508.01212,6.061315,5.8686852
140.0767,507.0417,6.0591173,5.8708825
140.32018,506.07187,6.0569196,5.8730803
140.56622,505.1027,6.054722,5.875278
140.81487,504.1342,6.052524,5.877476
141.06612,503.16638,6.050326,5.879674
141.31999,502.19922,6.048128,5.8818717
141.57649,501.2328,6.04593,5.88407
141.83565,500.26703,6.043732,5.8862677
142.09747,499.302,6.041534,5.8884664
142.36197,498.33774,6.0393353,5.8906646
142.62917,497.37418,6.037137,5.892863
142.89908,496.41138,6.034939,5.8950615
143.1717,495.44937,6.033614,5.8963857
143.44708,494.48813,6.0388117,5.8911886
143.72522,493.52768,6.0440087,5.885991
144.00612,492.56805,6.0492063,5.8807936
144.28981,491.60922,6.054404,5.8755965
144.5763,490.65125,6.0601563,5.869844
144.8656,489.6941,6.0701537,5.859846
145.15773,488.7378,6.0801516,5.8498487
145.4527,487.7824,6.090149,5.839851
145.75053,486.82788,6.100147,5.829853
146.05125,485.87427,6.1101217,5.819878
146.35484,484.92154,6.1199226,5.8100777
146.66135,483.9698,6.129723,5.8002768
146.97076,483.01895,6.1395235,5.7904763
147.28311,482.0691,6.149324,5.780676
147.59842,481.12018,6.1591477,5.770852
147.91667,480.17227,6.1691513,5.7608485
148.2379,479.22537,6.179155,5.750845
148.56213,478.27948,6.1891584,5.740842
148.88936,477.33466,6.1991615,5.7308383
149.2196,476.39084,6.2089324,5.7210674
149.55287,475.44812,6.216937,5.713063
149.88919,474.50647,6.224942,5.705058
150.22858,473.56592,6.232947,5.697053
150.57104,472.62646,6.240952,5.6890483
150.9166,471.68817,6.2474737,5.682526
151.26524,470.75104,6.24307,5.68693
151.617,469.81503,6.2386665,5.691334
151.9719,468.88022,6.234263,5.6957374
152.32993,467.94662,6.229859,5.700141
152.69112,467.01422,6.22548,5.7045197
153.05547,466.08307,6.221276,5.708724
153.42299,465.15314,6.217072,5.7129283
153.79372,464.2245,6.2128677,5.717132
154.16768,463.29715,6.2086635,5.7213364
154.54486,462.37112,6.204434,5.7255664
154.92531,461.4464,6.2000294,5.729971
155.30898,460.52304,6.195625,5.7343755
155.69586,459.601,6.1912203,5.73878
156.08595,458.68033,6.1868157,5.7431846
156.4792,457.76102,6.182438,5.7475624
156.87561,456.84302,6.1782336,5.751766
157.27513,455.9264,6.17403,5.75597
157.6777,455.0111,6.169826,5.7601743
158.08328,454.09717,6.1656218,5.764378
158.49182,453.1845,6.1615014,5.768499
158.90329,452.2732,6.157899,5.7721014
159.31763,451.36316,6.1542964,5.775704
159.73479,450.45444,6.150694,5.7793064
160.15475,449.547,6.1470914,5.782909
160.57747,448.64084,6.1434603,5.7865396
161.0029,447.73596,6.139659,5.790341
161.431,446.83234,6.135858,5.7941422
161.86172,445.92993,6.1320567,5.7979436
162.29504,445.0288,6.1282554,5.801745
162.73091,444.1289,6.124483,5.805517
163.16927,443.2302,6.120883,5.809117
163.6101,442.3327,6.1172833,5.8127165
164.05336,441.43643,6.1136837,5.8163166
164.499,440.54132,6.110084,5.8199162
164.94698,439.64737,6.106456,5.8235445
165.39725,438.75458,6.102658,5.8273425
165.8498,437.86295,6.0988593,5.8311405
166.30457,436.97244,6.0950613,5.8349385
166.76152,436.08304,6.0912633,5.838737
167.22061,435.19476,6.0874934,5.8425064
167.68181,434.30756,6.0838966,5.846103
168.14507,433.42145,6.0803,5.8497
168.61035,432.5364,6.076703,5.8532968
169.07764,431.65237,6.0731063,5.8568935
169.54686,430.7694,6.069483,5.8605175
170.018,429.88745,6.065687,5.8643126
170.49101,429.0065,6.061892,5.868108
170.96585,428.12656,6.058097,5.8719034
171.44249,427.24756,6.0543013,5.8756986
171.92087,426.3695,6.0505323,5.8794675
172.40097,425.4924,6.0469375,5.8830624
172.88275,424.6162,6.043343,5.8866568
173.3662,423.74094,6.0397487,5.8902516
173.85126,422.86655,6.036154,5.893846
174.3379,421.99307,6.033759,5.8962407
174.82614,421.12045,6.039949,5.890051
175.31595,420.24875,6.046139,5.883861
175.80739,419.37793,6.052329,5.8776712
176.30045,418.50803,6.058519,5.8714814
176.79517,417.63907,6.0654173,5.8645825
177.29155,416.7711,6.0777974,5.852203
177.78963,415.90405,6.090177,5.839823
178.28941,415.03802,6.1025567,5.827443
178.79091,414.17297,6.1149364,5.8150635
179.29416,413.30893,6.1273165,5.802684
179.79915,412.44592,6.1396976,5.7903028
180.30591,411.58392,6.152078,5.7779217
180.81445,410.72302,6.164459,5.7655406
181.32481,409.86316,6.1768403,5.7531595
181.83699,409.00436,6.1892214,5.7407784
182.351,408.1467,6.201605,5.7283955
182.86685,407.29013,6.213988,5.716012
183.38458,406.4347,6.2263713,5.7036285
183.9042,405.5804,6.2387547,5.6912456
184.42572,404.72726,6.2506976,5.679302
184.94916,403.8753,6.2582893,5.6717105
185.47453,403.02454,6.265881,5.664119
186.00185,402.175,6.273473,5.656527
186.53114,401.32666,6.2810645,5.6489353
187.06241,400.47955,6.287084,5.6429157
187.59569,399.63373,6.2764926,5.6535077
188.13097,398.78915,6.2659006,5.664099
188.66829,397.9459,6.2553086,5.674691
189.20764,397.10394,6.244717,5.685283
189.74907,396.26328,6.2341084,5.6958914
190.29257,395.42398,6.223313,5.706687
190.83817,394.58606,6.2125177,5.7174826
191.38586,393.74948,6.201722,5.7282777
191.9357,392.9143,6.1909266,5.7390733
192.48767,392.08057,6.180131,5.749869
193.0418,391.24823,6.1693316,5.7606683
193.59808,390.41736,6.158532,5.7714677
194.15656,389.58795,6.1477327,5.782267
194.71724,388.76004,6.1369333,5.7930665
195.28012,387.93362,6.1261497,5.80385
195.84525,387.1087,6.1155467,5.814453
196.41261,386.28537,6.1049438,5.8250566
196.98224,385.46356,6.0943403,5.8356595
197.55414,384.64334,6.0837374,5.846263
198.12831,383.82474,6.0734444,5.8565555
198.7048,383.00775,6.06664,5.86336
199.2836,382.19238,6.059836,5.870164
199.86475,381.3787,6.0530314,5.8769684
200.44821,380.56668,6.0462275,5.883773
201.03406,379.75635,6.0398135,5.890187
201.62225,378.94775,6.0376115,5.892389
202.21284,378.1409,6.0354095,5.894591
202.80583,377.33582,6.0332074,5.8967924
203.40123,376.5325,6.0310054,5.8989944
203.99905,375.731,6.0287857,5.9012146
204.59932,374.9313,6.026383,5.903617
205.20203,374.13345,6.02398,5.9060197
205.80719,373.33746,6.021578,5.9084225
206.41484,372.54337,6.019175,5.910825
207.02498,371.7512,6.0167723,5.9132276
207.6376,370.96094,6.0143695,5.9156303
208.25275,370.17264,6.0119667,5.918033
208.87042,369.38632,6.009564,5.920436
209.49062,368.602,6.007161,5.9228387
210.11336,367.81967,6.0042953,5.925705
210.73866,367.03943,5.9972873,5.9327126
211.36653,366.2612,5.990279,5.9397206
211.99698,365.4851,5.9832716,5.9467287
212.63,364.7111,5.9762635,5.953737
213.26564,363.93924,5.969192,5.9608083
213.90388,363.16953,5.9615846,5.9684153
214.54475,362.40198,5.9539776,5.9760222
215.18825,361.63663,5.9463706,5.983629
215.83437,360.87354,5.9387636,5.9912367
216.48314,360.11267,5.9311566,5.998843
217.13455,359.35406,5.9235525,6.0064473
217.78865,358.59778,5.9159484,6.0140514
218.4454,357.8438,5.9083443,6.0216556
219.10486,357.09216,5.90074,6.0292597
219.76701,356.34293,5.893296,6.0367045
220.43187,355.59607,5.887096,6.042904
221.09941,354.85162,5.880896,6.0491037
221.7696,354.10956,5.8746963,6.0553036
222.44241,353.36987,5.868497,6.0615034
223.11784,352.63257,5.8654704,6.06453
223.79584,351.89764,5.8872557,6.042744
224.47636,351.16504,5.9090414,6.020959
225.1594,350.43478,5.9308267,5.999173
225.8449,349.70682,5.9526124,5.977388
226.5328,348.98117,5.974418,5.9555817
227.22313,348.2578,5.996392,5.9336085
227.91582,347.53668,6.018365,5.911635
228.61084,346.8178,6.040338,5.889662
229.30817,346.1012,6.0623116,5.8676887
230.00775,345.38678,6.084263,5.845737
230.70958,344.67456,6.106027,5.8239727
231.4136,343.9645,6.1277914,5.802209
232.11981,343.25665,6.1495557,5.7804446
232.82817,342.5509,6.1713195,5.7586803
233.53864,341.84732,6.191726,5.7382736
234.25119,341.14584,6.1993117,5.730688
234.9658,340.44644,6.2068973,5.7231026
235.68243,339.7491,6.214483,5.7155175
236.40106,339.05386,6.2220683,5.707932
237.12167,338.36066,6.2288966,5.701103
237.84421,337.66943,6.2276993,5.702301
238.56865,336.98026,6.2265015,5.7034984
239.29498,336.29303,6.225304,5.704696
240.02316,335.6078,6.2241063,5.7058935
240.75317,334.9245,6.2229085,5.7070913
241.48499,334.2431,6.2217107,5.708289
242.21858,333.56366,6.2205133,5.709487
242.9539,332.88608,6.2193155,5.710685
243.69095,332.2104,6.2181177,5.7118826
244.42969,331.53653,6.216906,5.7130938
245.17009,330.8645,6.2155085,5.714492
245.91214,330.19427,6.2141104,5.71589
246.6558,329.52588,6.2127123,5.7172875
247.40106,328.85922,6.211314,5.7186856
248.14789,328.19434,6.2090654,5.7209344
248.89626,327.5312,6.193476,5.7365236
249.64615,326.86978,6.1778874,5.7521124
250.3975,326.21002,6.1622987,5.7677016
251.15033,325.55194,6.1467094,5.7832904
251.90456,324.89548,6.1309733,5.799027
252.66016,324.24057,6.112772,5.817228
253.4171,323.58722,6.094571,5.835429
254.17531,322.93536,6.07637,5.85363
254.93475,322.28494,6.0581684,5.8718314
255.69537,321.63586,6.0399785,5.890022
256.45712,320.98813,6.021968,5.9080324
257.21994,320.34167,6.0039573,5.926043
257.98383,319.69647,5.9859467,5.944053
258.7487,319.0524,5.967936,5.962064
259.51447,318.40945,5.949913,5.980087
260.2812,317.7676,5.931697,5.998303
261.04874,317.12674,5.9134808,6.016519
261.81708,316.48688,5.8952646,6.034735
262.58618,315.8479,5.8770485,6.0529513
263.35602,315.2098,5.8588324,6.0711675
264.12653,314.5725,5.8406143,6.089386
264.89764,313.93594,5.8223963,6.107604
265.66934,313.3001,5.8041778,6.125822
266.44156,312.6649,5.7859597,6.14404
267.21426,312.03027,5.768765,6.161235
267.98743,311.3962,5.765362,6.1646385
268.761,310.7626,5.7619586,6.1680417
269.53488,310.12946,5.7585554,6.171445
270.30908,309.49667,5.755152,6.174848
271.08356,308.86423,5.752768,6.177232
271.85825,308.23203,5.763176,6.1668243
272.63312,307.60004,5.773584,6.1564164
273.4081,306.9682,5.7839913,6.1460085
274.1832,306.3365,5.7943993,6.1356006
274.9583,305.70483,5.8047915,6.125209
275.73346,305.07318,5.814996,6.1150045
276.5085,304.44147,5.8252,6.1048
277.2835,303.80963,5.8354044,6.094596
278.05835,303.1776,5.8456087,6.0843916
278.833,302.54535,5.8558283,6.0741715
279.6074,301.9128,5.866228,6.0637717
280.38156,301.27997,5.876628,6.0533724
281.1554,300.64673,5.8870273,6.0429726
281.92892,300.01312,5.897427,6.032573
282.70212,299.3791,5.90781,6.0221896
283.47495,298.74463,5.918005,6.0119953
284.2474,298.1097,5.9281993,6.0018005
285.01953,297.47437,5.938394,5.991606
285.7913,296.8386,5.9485884,5.9814115
286.56274,296.20245,5.958798,5.971202
287.33383,295.5659,5.969188,5.9608116
288.10464,294.92896,5.9795785,5.9504213
288.87512,294.29163,5.989969,5.940031
289.64526,293.6539,6.000359,5.9296412
290.4151,293.0158,6.0107346,5.9192653
291.18463,292.37735,6.0209217,5.909078
291.95386,291.73853,6.0311093,5.898891
292.72278,291.0993,6.0412965,5.8887033
293.49142,290.45978,6.0514836,5.878516
294.25974,289.81985,6.061566,5.8684344
295.0278,289.1796,6.070153,5.8598466
295.79556,288.539,6.0787406,5.851259
296.56302,287.89807,6.0873284,5.842672
297.33023,287.2568,6.095916,5.834084
298.09714,286.6152,6.103473,5.8265266
298.8638,285.9733,6.094487,5.835513
299.6302,285.3311,6.0855007,5.844499
300.39633,284.68854,6.0765147,5.853485
301.1622,284.0457,6.0675287,5.8624716
301.92783,283.40253,6.0585527,5.871447
302.6932,282.7591,6.049766,5.880234
303.4583,282.11536,6.04098,5.8890204
304.2232,281.4713,6.032193,5.8978066
304.98785,280.82703,6.0234065,5.9065933
305.75226,280.18243,6.0146112,5.9153886
306.51645,279.53757,6.0056243,5.924376
307.28043,278.89246,5.996637,5.933363
308.04416,278.24707,5.98765,5.9423504
308.80768,277.60144,5.9786625,5.9513373
309.57098,276.95554,5.969675,5.960325
310.3341,276.30942,5.9606857,5.969314
311.097,275.66302,5.951697,5.9783034
311.85968,275.01642,5.9427075,5.987293
312.6222,274.36957,5.933718,5.9962816
313.3845,273.7225,5.924729,6.005271
314.1466,273.0752,5.9157367,6.014263
314.90854,272.4277,5.9067445,6.023256
315.6703,271.77997,5.8977523,6.032248
316.4319,271.13202,5.88876,6.04124
317.1933,270.4839,5.8797727,6.050227
317.95453,269.83557,5.8709764,6.0590234
318.7156,269.18704,5.86218,6.0678196
319.4765,268.53833,5.853384,6.076616
320.23727,267.88943,5.844588,6.0854125
320.99786,267.24036,5.835787,6.0942135
321.75833,266.5911,5.8267856,6.1032147
322.51865,265.94168,5.8177843,6.1122155
323.2788,265.2921,5.808783,6.121217
324.03885,264.64236,5.7997823,6.130218
324.79877,263.9925,5.790781,6.1392193
325.55853,263.34244,5.7817736,6.1482263
326.31818,262.69226,5.7727666,6.157233
327.07773,262.04193,5.7637596,6.16624
327.83716,261.39148,5.7547526,6.1752477
328.59647,260.74088,5.745751,6.184249
329.35565,260.09018,5.736937,6.193063
330.11475,259.43933,5.7281237,6.2018766
330.87375,258.7884,5.71931,6.2106905
331.63266,258.13733,5.710496,6.219504
332.39148,257.48618,5.701675,6.2283254
333.1502,256.83493,5.6926527,6.237347
333.90887,256.18356,5.683631,6.2463694
334.66745,255.5321,5.6746087,6.255391
335.42593,254.88058,5.665587,6.2644134
336.18436,254.22896,5.6599817,6.2700186
336.94275,253.57727,5.7217937,6.208206
337.70105,252.9255,5.7836056,6.1463943
338.4593,252.27368,5.845418,6.0845823
339.21747,251.6218,5.90723,6.02277
339.97562,250.96985,5.969388,5.960888
340.73373,250.31786,6.0364923,5.8980026
341.4918,249.6658,6.1035967,5.8351173
342.24982,249.01372,6.170701,5.772232
343.0078,248.3616,6.2378054,5.709347
343.76575,247.70944,6.2976894,5.653806
344.5237,247.05727,6.2828093,5.674317
345.28168,246.40512,6.267929,5.6948276
346.03973,245.75307,6.253049,5.715338
346.7979,245.10117,6.2381682,5.735849
347.55627,244.44945,6.2232895,5.7563577
348.31485,243.798,6.2084217,5.7768517
349.07367,243.14687,6.1935534,5.797345
349.83282,242.49608,6.1786857,5.817839
350.5923,241.84569,6.1638174,5.8383327
351.35217,241.19576,6.1489553,5.8588185
352.11246,240.54633,6.13413,5.8792534
352.87326,239.89748,6.1193047,5.8996882
353.6346,239.24928,6.1044793,5.920123
354.3966,238.60182,6.089654,5.940558
355.15927,237.95518,6.0748396,5.9610076
355.92267,237.3094,6.0600867,5.981541
356.68677,236.66446,6.0453343,6.002075
357.45157,236.02031,6.030582,6.0226088
358.21698,235.3769,6.0158296,6.043143
358.98297,234.7342,6.0021996,6.063504
359.74966,234.09233,5.9960594,6.082717
360.51746,233.45178,5.989919,6.1019297
361.28683,232.81314,5.9837794,6.1211424
362.05832,232.17702,5.977639,6.140355
362.83234,231.544,5.973791,6.157984
363.60944,230.91478,5.995751,6.157786
364.39038,230.29034,6.0177107,6.157588
365.17603,229.6718,6.0396705,6.15739
365.96707,229.06021,6.0616307,6.1571927
366.7643,228.45673,6.083611,6.1563888
367.56848,227.86246,6.1063313,6.133669
368.38016,227.27852,6.1290507,6.1109495
369.19995,226.70605,6.1517696,6.08823
370.02844,226.14624,6.1744885,6.0655117
370.86615,225.60028,6.1969423,6.043058
371.7135,225.06946,6.1904984,6.0495014
372.57108,224.55533,6.184055,6.055945
373.43942,224.05956,6.177611,6.062389
374.3189,223.58386,6.1711664,6.0688334
375.20987,223.13005,6.1644764,6.0755234
376.11237,222.69966,6.1523337,6.0876665
377.0259,222.29323,6.140192,6.0998077
377.94992,221.91113,6.1280513,6.1119485
378.88373,221.5537,6.1159105,6.1240892
379.82675,221.22133,6.107391,6.1326094
380.77826,220.91414,6.130966,6.1090336
381.73743,220.63162,6.1545415,6.0854583
382.7033,220.37308,6.178116,6.061884
383.6751,220.13782,6.2016897,6.0383105
384.6521,219.92511,6.223357,6.016643
385.63364,219.73428,6.2331586,6.0068417
386.61905,219.56485,6.242961,5.9970393
387.60785,219.41628,6.252763,5.987237
388.5995,219.28807,6.262565,5.9774346
389.59348,219.17969,6.2717776,5.9682226
390.58942,219.09064,6.27735,5.96265
391.58682,219.02045,6.2829227,5.9570775
392.5854,218.96864,6.288495,5.9515047
393.58472,218.93475,6.294068,5.9459324
394.58447,218.9183,6.299961,5.9400387
395.58435,218.91882,6.3083262,5.9316735
396.5841,218.93584,6.316692,5.9233084
397.58347,218.96887,6.3250575,5.9149427
398.58218,219.01744,6.3334227,5.906577
399.58005,219.08107,6.3405285,5.8994718
400.5769,219.15916,6.335526,5.9044743
401.5726,219.25075,6.330523,5.9094768
402.56708,219.35474,6.3255205,5.9144793
403.5603,219.47011,6.3205185,5.9194818
404.55228,219.59581,6.3155155,5.9244847
405.54303,219.7308,6.3105087,5.9294915
406.53262,219.87408,6.3055015,5.934499
407.52112,220.02467,6.300494,5.9395056
408.50864,220.1816,6.2954874,5.944513
409.4953,220.34384,6.2904806,5.9495196
410.48123,220.51042,6.2854776,5.9545226
411.4666,220.68028,6.280474,5.9595256
412.4516,220.85237,6.275471,5.9645286
413.43637,221.02565,6.270468,5.969532
414.42114,221.19902,6.2654443,5.974556
415.40607,221.37152,6.2602453,5.9797544
416.39127,221.54234,6.2550464,5.9849534
417.3769,221.71071,6.249848,5.9901524
418.36307,221.87585,6.244649,5.9953513
419.3499,222.03699,6.2394714,6.000529
420.33746,222.19359,6.234476,6.0055237
421.3257,222.34589,6.2294807,6.010519
422.31458,222.49423,6.224486,6.0155144
423.30392,222.63898,6.2194905,6.0205092
424.2938,222.78047,6.2145967,6.0254035
425.28403,222.91905,6.2106028,6.029397
426.27466,223.05495,6.206609,6.033391
427.26563,223.18839,6.2026153,6.037385
428.2569,223.31955,6.1986213,6.041379
429.24844,223.44867,6.195149,6.044851
430.2402,223.57599,6.1967463,6.0432534
431.23218,223.70172,6.1983438,6.041656
432.22433,223.82613,6.199941,6.0400586
433.21658,223.94946,6.2015386,6.038461
434.20895,224.07198,6.2031193,6.036881
435.20142,224.1939,6.204518,6.0354824
436.1939,224.3155,6.205916,6.034084
437.1864,224.43704,6.2073145,6.0326853
438.17886,224.55876,6.208713,6.0312867
439.1713,224.68094,6.210128,6.0298724
440.1636,224.80377,6.2117276,6.028272
441.15585,224.92741,6.213328,6.0266724
442.14798,225.05196,6.2149277,6.025072
443.13995,225.17752,6.216528,6.0234723
444.1318,225.30421,6.218112,6.0218883
445.1235,225.43213,6.219513,6.0204873
446.11502,225.56137,6.220914,6.019086
447.10635,225.692,6.222315,6.017685
448.0975,225.82411,6.223716,6.016284
449.08844,225.95776,6.2251167,6.014883
450.07916,226.09305,6.2265177,6.013482
451.06964,226.23004,6.2279186,6.0120816
452.05988,226.36884,6.2293196,6.0106807
453.04984,226.50949,6.23072,6.0092797
454.03952,226.6521,6.232138,6.0078616
455.0289,226.79674,6.2337375,6.0062623
456.01797,226.94351,6.235337,6.0046635
457.00674,227.09251,6.236936,6.003064
457.99512,227.24385,6.2385354,6.001465
458.98315,227.39761,6.240017,5.9999833
459.97076,227.55385,6.2402163,5.9997835
460.958,227.71246,6.240416,5.999584
461.9449,227.87335,6.2406154,5.9993844
462.93143,228.0364,6.240815,5.999185
463.9176,228.20148,6.24081,5.99919
464.90347,228.36845,6.238217,6.0017834
465.88904,228.53719,6.235624,6.0043764
466.87433,228.70749,6.2330303,6.0069695
467.85938,228.87923,6.2304373,6.0095625
468.8442,229.05222,6.2278438,6.012156
469.82886,229.22632,6.2252464,6.014754
470.81332,229.4014,6.2226486,6.017351
471.79764,229.5773,6.220051,6.019949
472.78183,229.7539,6.2174535,6.022547
473.7659,229.93106,6.214855,6.0251446
474.7499,230.10864,6.2122474,6.027753
475.7339,230.28645,6.2096395,6.0303607
476.71786,230.46431,6.2070313,6.0329685
477.70184,230.64198,6.2044234,6.0355763
478.6859,230.8193,6.2018147,6.038185
479.67004,230.9962,6.199195,6.040805
480.65417,231.17308,6.1965756,6.0434246
481.63824,231.35043,6.193956,6.046044
482.62213,231.52872,6.1913366,6.0486636
483.60574,231.70844,6.1887197,6.0512805
484.589,231.8902,6.1861215,6.0538783
485.5717,232.075,6.1835237,6.0564766
486.5536,232.26389,6.1809254,6.059075
487.5345,232.4579,6.1783266,6.061673
488.51416,232.65811,6.1765137,6.063486
489.49252,232.86444,6.1814156,6.0585847
490.47034,233.07355,6.186317,6.053683
491.44836,233.2815,6.191218,6.0487823
492.4275,233.48436,6.1961164,6.0438833
493.40842,233.67822,6.2010207,6.038979
494.3919,233.8587,6.2093287,6.0306716
495.37875,234.01971,6.217636,6.0223637
496.36948,234.1546,6.225949,6.014051
497.3641,234.25659,6.2342668,6.005733
498.362,234.31885,6.242585,5.9974146
499.3617,234.33551,6.15731,6.08269
500.36105,234.30496,6.0672007,6.172799
501.3578,234.22678,5.9771338,6.262866
502.3496,234.10042,5.8870797,6.35292
503.33395,233.92532,5.7998304,6.4401693
504.30835,233.70125,5.7947087,6.445291
505.2704,233.42911,5.7895865,6.4504137
506.21793,233.11005,5.784464,6.455536
507.1488,232.7452,5.7793403,6.4606595
508.06088,232.33565,5.7842965,6.4591546
508.95242,231.88309,5.845047,6.420957
509.82257,231.39064,5.9057927,6.3827624
510.67096,230.86157,5.9665294,6.3445735
511.49753,230.29898,6.027273,6.30638
512.30237,229.7057,6.080162,6.279897
513.0864,229.0853,6.1068273,6.2924337
513.8526,228.44284,6.133496,6.304972
514.60425,227.7834,6.1601577,6.317507
515.34503,227.1118,6.1868124,6.3300385
516.0789,226.43265,6.213381,6.3425083
516.80914,225.74962,6.23962,6.35474
517.53766,225.06471,6.265867,6.366976
518.266,224.37965,6.2921185,6.3792133
518.99585,223.69617,6.3183727,6.391452
519.7288,223.01602,6.34468,6.40373
520.46594,222.34042,6.3713136,6.4162517
521.20703,221.66911,6.397945,6.4287724
521.9515,221.00163,6.424574,6.4412923
522.699,220.33745,6.451202,6.4538116
523.44885,219.67607,6.477824,6.4663167
524.2009,219.01709,6.504394,6.4787025
524.95496,218.36037,6.530965,6.491089
525.7108,217.70584,6.557536,6.5034757
526.46857,217.0534,6.5841084,6.5158625
527.228,216.403,6.6107073,6.528273
527.98914,215.7545,6.6375523,6.540894
528.75165,215.1077,6.664397,6.553515
529.51544,214.46236,6.6912413,6.566136
530.2803,213.81825,6.718086,6.578757
531.0459,213.17514,6.7449093,6.591378
531.8122,212.5328,6.7715664,6.604005
532.5791,211.89116,6.798223,6.616632
533.34644,211.25006,6.8248796,6.6292586
534.11414,210.60942,6.8515368,6.6418858
534.8822,209.96913,6.8781915,6.6544876
535.65045,209.32912,6.9048295,6.6669054
536.4189,208.68939,6.931468,6.6793237
537.1876,208.04996,6.9581065,6.6917415
537.9566,207.41084,6.9847445,6.7041593
538.7259,206.77206,7.011406,6.7166014
539.4955,206.13364,7.038227,6.7292113
540.2653,205.49556,7.0650477,6.741821
541.03546,204.85783,7.091869,6.754431
541.80585,204.22044,7.1186895,6.7670407
542.57654,203.58337,7.150065,6.7925324
543.34753,202.94666,7.211679,6.9035573
544.1188,202.31026,7.2732925,7.0145826
544.8903,201.67421,7.3349066,7.125608
545.6621,201.03848,7.3965206,7.2366333
546.4342,200.4031,7.457735,7.346833
547.20654,199.76807,7.516322,7.4516106
547.9792,199.13336,7.574909,7.5563874
548.7521,198.499,7.6334963,7.6611643
549.52527,197.86497,7.6920834,7.765941
550.29877,197.2313,7.743471,7.8565288
551.0725,196.59795,7.747069,7.852931
551.84656,195.96495,7.750667,7.849333
552.62085,195.33229,7.754265,7.845735
553.39545,194.69997,7.757863,7.842137
554.17035,194.068,7.7614865,7.8385134
554.9455,193.43637,7.7652836,7.834717
555.72095,192.80508,7.76908,7.8309197
556.49664,192.17415,7.772877,7.8271227
557.27264,191.54355,7.7766743,7.8233256
558.0489,190.91328,7.7803226,7.819678
558.82544,190.28339,7.78292,7.81708
559.6023,189.65382,7.7855177,7.8144827
560.3794,189.02461,7.788115,7.811885
561.1568,188.39575,7.790713,7.809287
561.93445,187.76723,7.792952,7.807048
562.7124,187.13907,7.7925525,7.8074474
563.49066,186.51125,7.792153,7.807847
564.2692,185.88377,7.7917533,7.8082466
565.048,185.25665,7.7913537,7.808646
565.8271,184.62988,7.790977,7.809023
566.60645,184.00346,7.790777,7.8092227
567.3861,183.37737,7.7905774,7.8094225
568.16595,182.75159,7.7903776,7.8096223
568.9461,182.1261,7.790178,7.809822
569.72644,181.5009,7.789956,7.810044
570.50696,180.87596,7.7895565,7.810444
571.2877,180.25127,7.7891564,7.8108435
572.06866,179.6268,7.788757,7.811243
572.8498,179.00255,7.7883573,7.8116426
573.63104,178.3785,7.7879786,7.8120213
574.4125,177.75462,7.787779,7.812221
575.194,177.1309,7.787579,7.812421
575.97565,176.50734,7.7873793,7.8126206
576.7574,175.88391,7.7871795,7.8128204
577.53925,175.26059,7.786959,7.8130407
578.32117,174.63737,7.7865596,7.8134403
579.10315,174.01422,7.7861595,7.8138404
579.8852,173.39114,7.78576,7.81424
580.6673,172.76811,7.7853603,7.8146396
581.4494,172.14511,7.7849803,7.8150196
582.2315,171.52213,7.7847805,7.8152194
583.0136,170.89912,7.7845807,7.8154197
583.7957,170.27612,7.7843804,7.8156195
584.57776,169.65306,7.7841806,7.8158193
585.3598,169.02997,7.783962,7.816038
586.1418,168.40678,7.783562,7.8164377
586.92365,167.78352,7.783162,7.816838
587.70544,167.16016,7.7827625,7.8172374
588.4872,166.53667,7.782363,7.8176374
589.2688,165.91306,7.7819815,7.8180184
590.0503,165.28928,7.7817817,7.818218
590.8316,164.66533,7.781582,7.8184185
591.61285,164.04118,7.7813816,7.8186183
592.39386,163.41684,7.781182,7.818818
593.17474,162.79228,7.780964,7.819036
593.9554,162.16748,7.7805643,7.819436
594.73584,161.54243,7.7801642,7.8198357
595.5161,160.91711,7.7797647,7.8202357
596.29614,160.2915,7.7793646,7.8206353
597.07587,159.66559,7.778982,7.8210177
597.8554,159.03935,7.7787824,7.8212175
598.63464,158.41277,7.7785826,7.8214173
599.41364,157.78584,7.778383,7.8216176
600.19226,157.15855,7.7781825,7.8218174
600.97064,156.53087,7.7779655,7.8220344
601.74866,155.90277,7.7775655,7.8224344
602.5263,155.27426,7.777166,7.822834
603.30365,154.64532,7.776766,7.823234
604.0806,154.01593,7.776366,7.823634
604.85724,153.38606,7.7756953,7.824305
605.6334,152.7557,7.772096,7.8279037
606.4092,152.12485,7.768497,7.831503
607.1846,151.49348,7.764898,7.835102
607.9595,150.86157,7.7612987,7.8387012
608.73395,150.22911,7.757683,7.842317
609.50793,149.59608,7.753884,7.846116
610.2815,148.96248,7.750085,7.8499155
611.05457,148.32826,7.7462854,7.8537145
611.8271,147.69345,7.7424865,7.8575134
612.5991,147.05798,7.7387037,7.861296
613.3706,146.42188,7.7351046,7.8648953
614.14154,145.78511,7.7315054,7.8684945
614.91187,145.14766,7.727906,7.872094
615.6817,144.50952,7.7243066,7.8756933
616.45087,143.87065,7.7207074,7.8792925
617.2195,143.23108,7.7171082,7.8828917
617.9875,142.59074,7.713509,7.886491
618.7548,141.94966,7.70991,7.89009
619.52155,141.30779,7.7063107,7.893689
620.28754,140.66513,7.7027116,7.8972883
621.0529,140.02165,7.699113,7.900887
621.81757,139.37737,7.6955137,7.904486
622.58154,138.73224,7.691915,7.908085
623.3447,138.08626,7.688316,7.911684
624.10724,137.43942,7.684717,7.9152827
624.869,136.79172,7.6811185,7.9188814
625.63,136.14311,7.67752,7.92248
626.39026,135.49356,7.673921,7.926079
627.14966,134.84308,7.6703224,7.9296775
627.9082,134.1916,7.666709,7.9332914
628.6659,133.53915,7.662911,7.937089
629.4228,132.88576,7.659113,7.940887
630.1789,132.23146,7.655315,7.944685
630.93427,131.57632,7.651517,7.948483
631.68896,130.9204,7.6478667,7.952133
632.44305,130.26375,7.646068,7.953932
633.1966,129.60645,7.6442695,7.9557304
633.9496,128.9486,7.6424704,7.9575295
634.7022,128.2903,7.6406717,7.959328
635.4545,127.631615,7.6398463,7.9601536
636.2066,126.972664,7.6518373,7.9481626
636.9585,126.313515,7.6638284,7.936172
637.71027,125.65425,7.6758194,7.924181
638.46204,124.99495,7.68781,7.91219
639.21387,124.3357,7.6997876,7.9002123
639.96576,123.67658,7.711579,7.888421
640.71783,123.01768,7.72337,7.87663
641.4702,122.35907,7.7351613,7.8648386
642.2229,121.700836,7.7469525,7.8530474
642.976,121.043076,7.7587566,7.8412433
643.7296,120.38587,7.7707486,7.8292513
644.48376,119.729294,7.782741,7.817259
645.2385,119.07343,7.794733,7.805267
645.99396,118.41838,7.8067255,7.7932744
646.7502,117.764206,7.818718,7.7812824
647.50726,117.11101,7.830712,7.769288
648.26526,116.45886,7.8427057,7.757294
649.0242,115.80787,7.8546996,7.7453003
649.7842,115.158104,7.8666935,7.7333064
650.54535,114.50966,7.878676,7.721324
651.3077,113.86262,7.8904715,7.7095284
652.0713,113.21707,7.9022675,7.697733
652.8362,112.5731,7.914063,7.685937
653.60254,111.93077,7.9258585,7.6741414
654.3703,111.29018,7.936767,7.662423
655.1396,110.651405,7.9325686,7.6520267
655.91046,110.014565,7.9283695,7.6416297
656.683,109.379776,7.924171,7.631233
657.45734,108.74714,7.9199724,7.6208363
658.2335,108.11679,7.913748,7.6106443
659.01166,107.4888,7.871966,7.6040473
659.7916,106.8632,7.830184,7.5974503
660.57355,106.23996,7.788402,7.5908527
661.35736,105.61909,7.74662,7.5842557
662.143,105.000565,7.7048383,7.5776587
662.9304,104.3843,7.663065,7.571063
663.71936,103.76995,7.621292,7.564467
664.5094,103.15708,7.579519,7.5578713
665.3003,102.54528,7.537746,7.5512757
666.09174,101.93413,7.495982,7.5446897
666.8833,101.323204,7.454402,7.5382924
667.67474,100.71214,7.412822,7.5318956
668.4658,100.10057,7.3712416,7.525499
669.2562,99.48811,7.329661,7.5191016
670.04565,98.874405,7.28807,7.5126953
670.8338,98.25908,7.2462626,7.506094
671.6204,97.64178,7.2044554,7.499493
672.40515,97.022125,7.1626477,7.492892
673.1878,96.39978,7.120841,7.4862905
673.96796,95.774376,7.079033,7.4796896
674.7454,95.14555,7.0371947,7.4730835
675.5197,94.51291,6.995357,7.4664774
676.2905,93.876015,6.953519,7.4598713
677.0575,93.23448,6.9116797,7.453265
677.82025,92.587906,6.86984,7.446659
678.5784,91.936035,6.827995,7.440052
679.33234,91.279144,6.78615,7.433445
680.0821,90.6176,6.744306,7.426838
680.82806,89.951775,6.7024617,7.420231
681.57056,89.28202,6.662658,7.409488
682.3098,88.608734,6.656655,7.330241
683.0462,87.93234,6.650651,7.250993
683.7802,87.25333,6.644647,7.1717443
684.5122,86.57213,6.6386437,7.092496
685.24255,85.889206,6.632916,7.0126843
685.97174,85.20501,6.6315155,6.924048
686.7001,84.51993,6.630115,6.835411
687.428,83.834366,6.628714,6.746774
688.15576,83.14873,6.6273136,6.658138
688.88385,82.463394,6.6259007,6.5694995
689.6127,81.778786,6.6242995,6.4808235
690.3426,81.095375,6.622698,6.392147
691.07404,80.41364,6.6210966,6.30347
691.80756,79.73408,6.619495,6.2147927
692.54346,79.05716,6.616351,6.1303244
693.2821,78.383224,6.5915084,6.105081
694.0233,77.71206,6.5666656,6.079838
694.7667,77.04335,6.5418234,6.054595
695.512,76.37677,6.516981,6.0293517
696.2589,75.71199,6.4899454,6.0100546
697.00714,75.04866,6.4358225,6.0641775
697.7562,74.38634,6.3816996,6.1183004
698.5058,73.72457,6.3275766,6.1724234
699.2555,73.06289,6.273453,6.226547
700.0048,72.40085,6.2193284,6.2806716
700.7535,71.73799,6.1651864,6.3348136
701.501,71.07391,6.1110444,6.3889556
702.2471,70.408195,6.056903,6.443097
702.99133,69.74044,6.002761,6.497239
703.7334,69.07026,5.954996,6.545004
704.4729,68.39722,5.9650216,6.5349784
705.20935,67.72087,5.975047,6.524953
705.9423,67.04076,5.985072,6.514928
706.6714,66.356415,5.9950976,6.5049024
707.396,65.667404,6.0083523,6.4916477
708.1158,64.97335,6.0472007,6.4527993
708.8305,64.27411,6.086049,6.413951
709.54004,63.569557,6.124897,6.375103
710.24414,62.859585,6.163746,6.336254
710.9426,62.14408,6.200245,6.299755
711.6354,61.423023,6.2192273,6.2807727
712.32245,60.6966,6.2382097,6.2617903
713.0041,59.965046,6.257192,6.242808
713.6805,59.228584,6.276174,6.223826
714.3517,58.48744,6.2915044,6.2084956
715.0179,57.741806,6.278337,6.221663
715.6792,56.991833,6.26517,6.23483
716.33575,56.237656,6.2520027,6.2479973
716.98755,55.479416,6.238836,6.261164
717.63477,54.71724,6.225669,6.274331
718.2775,53.951263,6.2125072,6.2874928
718.9159,53.181633,6.1993456,6.3006544
719.55,52.4085,6.186184,6.313816
720.17993,51.632008,6.1730223,6.3269777
720.8059,50.8523,6.160257,6.339743
721.42804,50.069504,6.151673,6.348327
722.0464,49.28372,6.1430883,6.3569117
722.6611,48.49502,6.134504,6.365496
723.27203,47.70351,6.12592,6.37408
723.87946,46.909256,6.1186037,6.3813963
724.4834,46.112343,6.126403,6.373597
725.08386,45.3128,6.1342015,6.3657985
725.68085,44.510674,6.142,6.358
726.2744,43.705986,6.1497993,6.3502007
726.86456,42.89878,6.157599,6.342401
727.45123,42.089092,6.165406,6.334594
728.03455,41.27696,6.173214,6.326786
728.6145,40.46242,6.181021,6.318979
729.19116,39.64553,6.1888285,6.3111715
729.76447,38.82633,6.1962447,6.3037553
730.33453,38.00485,6.1992493,6.3007507
730.9014,37.18114,6.202254,6.297746
731.4651,36.35524,6.205258,6.294742
732.0255,35.527184,6.2082624,6.2917376
732.5829,34.697014,6.2096477,6.2903523
733.13715,33.86477,6.194425,6.305575
733.6883,33.030487,6.179202,6.320798
734.23645,32.194206,6.1639795,6.3360205
734.78156,31.355967,6.148757,6.351243
735.3237,30.515802,6.133535,6.366465
735.863,29.673754,6.1183186,6.3816814
736.3993,28.829857,6.1031027,6.3968973
736.93274,27.98415,6.0878863,6.4121137
737.46344,27.136673,6.07267,6.42733
737.99133,26.287462,6.0599756,6.4400244
738.5164,25.436554,6.0695786,6.4304214
739.0389,24.583979,6.079181,6.420819
739.5586,23.729767,6.0887837,6.4112163
740.07574,22.87395,6.0983863,6.4016137
740.5902,22.016554,6.108235,6.391765
741.1021,21.157618,6.120225,6.379775
741.6115,20.297188,6.132215,6.367785
742.1184,19.435314,6.144205,6.355795
742.623,18.57205,6.156195,6.343805
743.12524,17.707441,6.1682034,6.3317966
743.62524,16.841516,6.180377,6.319623
744.12286,15.9742365,6.1925507,6.3074493
744.61804,15.105553,6.2047243,6.2952757
745.1107,14.235417,6.216898,6.283102
745.60065,13.363782,6.2287197,6.2712803
746.0878,12.490576,6.236897,6.263103
746.5719,11.615657,6.245074,6.254926
747.0526,10.738871,6.253251,6.246749
747.5296,9.860066,6.261428,6.238572
748.00256,8.979098,6.267833,6.232167
748.47125,8.095828,6.2520666,6.2479334
748.9353,7.210136,6.2362995,6.2637005
749.39453,6.321908,6.220533,6.279467
749.8486,5.4310355,6.204766,6.295234
750.2972,4.5374136,6.188985,6.311015
750.74005,3.6409407,6.1729937,6.3270063
751.1769,2.74151,6.1570024,6.3429976
751.6074,1.8390193,6.141011,6.358989
752.0312,0.9333725,6.12502,6.37498
752.448,0.024480423,6.10904,6.39096
752.8575,-0.887735,6.0932226,6.4067774
753.25934,-1.8033295,6.077406,6.422594
753.6533,-2.72235,6.061589,6.438411
754.0391,-3.6448364,6.045771,6.454229
754.41644,-4.5708227,6.031212,6.468788
754.7851,-5.500274,6.0344176,6.4655824
755.1455,-6.432961,6.0376234,6.4623766
755.49817,-7.3686223,6.040829,6.459171
755.84344,-8.307012,6.044035,6.455965
756.18195,-9.247892,6.047541,6.452459
756.51404,-10.191042,6.054749,6.445251
756.84015,-11.136258,6.061957,6.438043
757.1608,-12.083347,6.0691648,6.4308352
757.4765,-13.0321245,6.076373,6.423627
757.7876,-13.98241,6.0835643,6.4164357
758.09454,-14.934034,6.0905647,6.4094353
758.3979,-15.886826,6.0975647,6.4024353
758.69806,-16.84062,6.104565,6.395435
758.9955,-17.79526,6.1115656,6.3884344
759.2907,-18.750586,6.1187754,6.3812246
759.5842,-19.70645,6.12837,6.37163
759.8764,-20.662712,6.1379642,6.3620358
760.1678,-21.619238,6.1475587,6.3524413
760.4587,-22.57589,6.157153,6.342847
760.74963,-23.532532,6.16695,6.33305
761.04095,-24.489063,6.179143,6.320857
761.33264,-25.445473,6.1913357,6.3086643
761.62476,-26.401764,6.2035284,6.2964716
761.9172,-27.35795,6.215721,6.284279
762.20996,-28.31404,6.227914,6.272086
762.50305,-29.270035,6.2401075,6.2598925
762.7964,-30.225939,6.252301,6.247699
763.09,-31.181755,6.2644954,6.2355046
763.384,-32.13748,6.276689,6.223311
763.6782,-33.09312,6.2888827,6.2111173
763.9728,-34.04867,6.3010774,6.1989226
764.2675,-35.004135,6.313272,6.186728
764.5626,-35.95952,6.325466,6.174534
764.8579,-36.91482,6.337661,6.162339
765.1535,-37.87005,6.349028,6.150972
765.4493,-38.8252,6.3494277,6.1505723
765.74536,-39.780277,6.349828,6.150172
766.0416,-40.735287,6.3502274,6.1497726
766.3381,-41.690228,6.3506274,6.1493726
766.63477,-42.645103,6.3509727,6.1490273
766.9317,-43.599915,6.350573,6.149427
767.2288,-44.554665,6.350173,6.149827
767.52606,-45.509357,6.349773,6.150227
767.82355,-46.46399,6.3493733,6.1506267
768.1212,-47.41857,6.3489604,6.1510396
768.419,-48.3731,6.3483605,6.1516395
768.717,-49.32758,6.3477607,6.1522393
769.0151,-50.28201,6.347161,6.152839
769.31335,-51.236397,6.346561,6.153439
769.61176,-52.190742,6.345974,6.154026
769.9103,-53.145042,6.3455744,6.1544256
770.209,-54.099308,6.3451743,6.1548257
770.50775,-55.05354,6.3447747,6.1552253
770.8066,-56.007736,6.3443747,6.1556253
771.1056,-56.961903,6.3429136,6.1570864
771.40466,-57.91604,6.325719,6.174281
771.7038,-58.870148,6.308524,6.191476
772.003,-59.824234,6.29133,6.20867
772.3023,-60.778297,6.274135,6.225865
772.6017,-61.732346,6.2568417,6.2431583
772.90106,-62.686375,6.238048,6.261952
773.2005,-63.64039,6.219254,6.280746
773.5,-64.59439,6.20046,6.29954
773.79956,-65.54838,6.181666,6.318334
774.0991,-66.50236,6.162872,6.337128
774.39874,-67.45632,6.1440783,6.3559217
774.69836,-68.410286,6.125284,6.374716
774.99805,-69.364235,6.1064906,6.3935094
775.29767,-70.318184,6.0876966,6.4123034
775.5974,-71.27212,6.068903,6.431097
775.8971,-72.22605,6.0501094,6.4498906
776.19684,-73.179985,6.031316,6.468684
776.4966,-74.13391,6.012522,6.487478
776.7963,-75.08783,5.9937286,6.5062714
777.09607,-76.041756,5.976838,6.523162
777.3958,-76.99568,5.991633,6.508367
777.69556,-77.9496,6.006428,6.493572
777.9953,-78.90353,6.0212226,6.4787774
778.295,-79.85746,6.0360174,6.4639826
778.5947,-80.811386,6.051668,6.448332
778.8944,-81.76533,6.082057,6.417943
779.1941,-82.71927,6.112446,6.387554
779.4938,-83.67322,6.1428347,6.3571653
779.7934,-84.627174,6.173224,6.326776
780.093,-85.58114,6.203602,6.296398
780.3926,-86.53512,6.233791,6.266209
780.69214,-87.4891,6.2639794,6.2360206
780.99164,-88.4431,6.294168,6.205832
781.29114,-89.39711,6.3243566,6.1756434
781.5906,-90.35113,6.352877,6.147123
781.88995,-91.30517,6.350478,6.149522
782.1893,-92.259224,6.348079,6.151921
782.4885,-93.213295,6.3456798,6.1543202
782.7878,-94.16738,6.343281,6.156719
783.0869,-95.12148,6.340882,6.159118
783.38605,-96.07561,6.338483,6.161517
783.68506,-97.029755,6.336084,6.163916
783.984,-97.98392,6.3336844,6.1663156
784.28296,-98.93811,6.3312855,6.1687145
784.5818,-99.89232,6.3288865,6.1711135
784.8805,-100.84656,6.3264875,6.1735125
785.1792,-101.80082,6.3240886,6.1759114
785.4778,-102.755104,6.3216896,6.1783104
785.77625,-103.70942,6.3192906,6.1807094
786.07465,-104.663765,6.3168917,6.1831083
786.373,-105.61813,6.314492,6.185508
786.6712,-106.57253,6.3120933,6.1879067
786.9693,-107.52697,6.3096943,6.1903057
787.26733,-108.48143,6.3072953,6.1927047
787.56525,-109.43593,6.3048964,6.1951036
787.86304,-110.390465,6.3024974,6.1975026
788.16077,-111.345024,6.3000984,6.1999016
788.4583,-112.29963,6.2976995,6.2023005
788.7558,-113.254265,6.2953005,6.2046995
789.0531,-114.20895,6.2929096,6.2070904
789.35034,-115.16366,6.290711,6.209289
789.6474,-116.11841,6.2885118,6.2114882
789.9444,-117.073204,6.2863126,6.2136874
790.2412,-118.028046,6.2841134,6.2158866
790.5379,-118.98292,6.2819066,6.2180934
790.8344,-119.93784,6.2795076,6.2204924
791.13086,-120.89281,6.277109,6.222891
791.4271,-121.84782,6.27471,6.22529
791.7232,-122.80288,6.272311,6.227689
792.01917,-123.75798,6.2699122,6.2300878
792.315,-124.713135,6.2675133,6.2324867
792.61066,-125.668335,6.2651143,6.2348857
792.9061,-126.62359,6.2627153,6.2372847
793.2014,-127.57889,6.2603164,6.2396836
793.4966,-128.53424,6.257945,6.242055
793.79156,-129.48965,6.2563457,6.2436543
794.08636,-130.44511,6.2547464,6.2452536
794.381,-131.40062,6.2531476,6.2468524
794.6755,-132.3562,6.2515483,6.2484517
794.9697,-133.31183,6.249949,6.250051
795.2638,-134.2675,6.2483497,6.2516503
795.5577,-135.22325,6.2467504,6.2532496
795.8514,-136.17905,6.245151,6.254849
796.1449,-137.13492,6.243552,6.256448
796.43823,-138.09084,6.241953,6.258047
796.7313,-139.04683,6.2403536,6.2596464
797.02423,-140.00287,6.2387543,6.2612457
797.3169,-140.95898,6.237155,6.262845
797.6094,-141.91516,6.235556,6.264444
797.9016,-142.8714,6.233957,6.266043
798.19366,-143.82771,6.2323575,6.2676425
798.4855,-144.78409,6.230758,6.269242
798.77704,-145.74054,6.2291594,6.2708406
799.0684,-146.69707,6.22756,6.27244
799.3595,-147.65367,6.2259607,6.2740393
799.6503,-148.61035,6.2243614,6.2756386
799.94086,-149.56711,6.2227626,6.2772374
800.2312,-150.52394,6.2211633,6.2788367
800.52124,-151.48087,6.219564,6.280436
800.811,-152.43788,6.217965,6.282035
801.10046,-153.39497,6.216366,6.283634
801.3896,-154.35214,6.2147665,6.2852335
801.67847,-155.30942,6.2131677,6.2868323
801.96704,-156.26678,6.2115684,6.2884316
802.2553,-157.22424,6.209969,6.290031
802.5433,-158.1818,6.2083697,6.2916303
802.8309,-159.13945,6.206771,6.293229
803.11816,-160.0972,6.2051716,6.2948284
803.4051,-161.05504,6.2035723,6.2964277
803.6917,-162.013,6.2019696,6.2980304
803.97797,-162.97105,6.2001705,6.2998295
804.26385,-163.92921,6.1983714,6.3016286
804.5494,-164.8875,6.1965723,6.3034277
804.83453,-165.84587,6.194773,6.305227
805.1193,-166.80437,6.192951,6.307049
805.40375,-167.76299,6.189553,6.310447
805.68774,-168.72171,6.186155,6.313845
805.9714,-169.68054,6.1827564,6.3172436
806.2546,-170.6395,6.179358,6.320642
806.5374,-171.59859,6.175931,6.324069
806.8198,-172.55779,6.1701336,6.3298664
807.1018,-173.5171,6.164336,6.335664
807.38336,-174.47656,6.158539,6.341461
807.6645,-175.43614,6.1527414,6.3472586
807.9451,-176.39584,6.1469464,6.3530536
808.22534,-177.35568,6.141349,6.358651
808.5051,-178.31564,6.1357512,6.3642488
808.7845,-179.27576,6.1301537,6.3698463
809.06335,-180.236,6.124556,6.375444
809.34174,-181.19637,6.118981,6.380984
809.6196,-182.15688,6.1163816,6.3787847
809.89703,-183.11752,6.113783,6.3765855
810.17395,-184.07832,6.111184,6.3743863
810.4504,-185.03926,6.108585,6.372187
810.7263,-186.00035,6.1059904,6.369981
811.0017,-186.96158,6.1041913,6.366382
811.2766,-187.92296,6.1023917,6.3627834
811.55096,-188.88449,6.1005926,6.359185
811.8248,-189.84616,6.098793,6.3555865
812.09814,-190.808,6.0969934,6.351989
812.3709,-191.76999,6.094994,6.34859
812.6431,-192.73213,6.0929947,6.345191
812.9148,-193.69443,6.0909953,6.3417926
813.18585,-194.65688,6.0889964,6.3383937
813.45636,-195.6195,6.086997,6.334995
813.7263,-196.58228,6.0849977,6.331396
813.9957,-197.54523,6.0829983,6.327797
814.26447,-198.50833,6.080999,6.3241982
814.53265,-199.4716,6.079,6.3205996
814.80023,-200.43504,6.0770006,6.317001
815.0672,-201.39865,6.075201,6.313602
815.33356,-202.36243,6.073402,6.310203
815.5993,-203.32639,6.0716023,6.306804
815.8644,-204.29051,6.0698028,6.303406
816.12885,-205.2548,6.0680037,6.300007
816.3927,-206.21928,6.0660048,6.296608
816.6559,-207.18393,6.0640054,6.293209
816.9184,-208.14876,6.062006,6.28981
817.1803,-209.11377,6.0600066,6.2864113
817.44147,-210.07896,6.0580072,6.2830124
817.702,-211.04433,6.0566053,6.2814064
817.96185,-212.00989,6.055206,6.279807
818.221,-212.97563,6.0538063,6.2782073
818.4795,-213.94154,6.052407,6.276608
818.73724,-214.90767,6.0510073,6.2750087
818.9943,-215.87396,6.0517955,6.279176
819.2507,-216.84045,6.052595,6.283375
819.5063,-217.80713,6.053395,6.2875733
819.7612,-218.774,6.0541945,6.291772
820.0154,-219.74107,6.0549946,6.2959704
820.2688,-220.70833,6.0555954,6.300169
820.5215,-221.67578,6.0561953,6.3043675
820.7734,-222.64343,6.056795,6.308566
821.0246,-223.61128,6.057395,6.3127646
821.275,-224.57932,6.057995,6.3169627
821.5248,-225.54753,6.058594,6.3211613
821.77374,-226.51595,6.059194,6.3253593
822.02203,-227.48454,6.059794,6.329558
822.26965,-228.45331,6.060394,6.3337564
822.51654,-229.42226,6.0609937,6.3379545
822.7628,-230.39137,6.061593,6.3421526
823.00836,-231.36064,6.062193,6.346351
823.2533,-232.3301,6.062793,6.350549
823.4976,-233.2997,6.0633926,6.3547473
823.7413,-234.26947,6.063992,6.358946
823.9843,-235.23938,6.064592,6.363341
824.22675,-236.20946,6.0651917,6.3677387
824.46857,-237.17967,6.0657916,6.372137
824.70984,-238.15004,6.066391,6.376535
824.95056,-239.12054,6.066991,6.380933
825.1907,-240.09119,6.067787,6.3851337
825.4303,-241.06198,6.068587,6.389332
825.6693,-242.03288,6.0693865,6.3935294
825.90784,-243.00394,6.070186,6.3977275
826.1458,-243.9751,6.070986,6.401925
826.38336,-244.9464,6.071589,6.406123
826.62036,-245.91782,6.072189,6.4103208
826.8569,-246.88934,6.0727882,6.4145184
827.0929,-247.861,6.073388,6.4187164
827.3285,-248.83275,6.0739875,6.422914
827.56366,-249.80461,6.0745873,6.4271116
827.7984,-250.77658,6.075187,6.431309
828.03265,-251.74866,6.0757866,6.435507
828.26654,-252.72083,6.0763865,6.4397044
828.5,-253.6931,6.076986,6.443902
828.7331,-254.66547,6.0775857,6.4480996
828.96576,-255.63792,6.0781856,6.452297
829.19806,-256.61047,6.078785,6.456495
829.43005,-257.5831,6.079385,6.4606924
829.6617,-258.55582,6.079984,6.46489
829.89294,-259.5286,6.0807786,6.4690876
830.1239,-260.50146,6.0815783,6.4732847
830.35455,-261.4744,6.0823774,6.4774823
830.5849,-262.44742,6.083177,6.48168
830.81494,-263.4205,6.0839767,6.4858775
831.04474,-264.39365,6.0845823,6.490269
831.27423,-265.36685,6.0851817,6.4946666
831.50354,-266.34015,6.0857816,6.499064
831.73254,-267.31348,6.086381,6.5034614
831.9613,-268.28687,6.086981,6.5078588
832.1898,-269.26028,6.08758,6.5120625
832.4182,-270.23376,6.08818,6.51626
832.6463,-271.2073,6.0887794,6.5204577
832.87427,-272.18088,6.0893793,6.5246553
833.10205,-273.1545,6.089979,6.528853
833.32965,-274.12817,6.0905786,6.5330505
833.5571,-275.10187,6.0911784,6.537248
833.7844,-276.0756,6.091778,6.5414457
834.0116,-277.04935,6.0923777,6.5456433
834.23865,-278.02313,6.0929775,6.549841
834.46564,-278.99695,6.093577,6.554039
834.69244,-279.9708,6.094177,6.5582366
834.91925,-280.94464,6.094776,6.5624347
835.14594,-281.91852,6.095376,6.5666323
835.37256,-282.8924,6.095976,6.5708303
835.5991,-283.8663,6.1042485,6.5629435
835.8256,-284.8402,6.1128445,6.5545473
836.0521,-285.81415,6.121441,6.546151
836.2786,-286.78806,6.130037,6.537755
836.50507,-287.762,6.138633,6.529359
836.73157,-288.7359,6.1502914,6.5156035
836.95807,-289.7098,6.162087,6.501609
837.1846,-290.68375,6.173882,6.487614
837.41113,-291.65762,6.1856775,6.47362
837.6377,-292.63153,6.197473,6.4596252
837.8644,-293.6054,6.2094603,6.4456296
838.09106,-294.57928,6.2214565,6.431634
838.3179,-295.55313,6.233453,6.4176383
838.5448,-296.52695,6.245449,6.4036427
838.77185,-297.50073,6.2574453,6.389647
838.999,-298.4745,6.2694426,6.375459
839.2263,-299.4482,6.2814403,6.3612623
839.45374,-300.42194,6.293438,6.3470654
839.6813,-301.3956,6.305435,6.3328686
839.90894,-302.36926,6.3174324,6.3186717
840.13654,-303.34293,6.329429,6.304666
840.3637,-304.31668,6.3414254,6.2906704
840.58984,-305.29068,6.353422,6.2766743
840.8144,-306.26505,6.365419,6.262678
841.03674,-307.23993,6.3774157,6.2486815
841.2565,-308.2154,6.389213,6.2346964
841.4732,-309.19153,6.401,6.2207117
841.68665,-310.16837,6.412787,6.2067275
841.89667,-311.146,6.4245734,6.192744
842.1029,-312.1244,6.436359,6.1787605
842.30505,-313.10364,6.415326,6.1861043
842.502,-314.08398,6.3924055,6.1946745
842.6924,-315.06558,6.3694835,6.203245
842.87494,-316.04868,6.3465595,6.211817
843.04834,-317.03345,6.3236327,6.2203894
843.21173,-318.0199,6.2705646,6.248285
843.36707,-319.00766,6.2151866,6.277661
843.5169,-319.99628,6.159815,6.3070335
843.664,-320.98532,6.1044497,6.336403
843.81104,-321.97437,6.0490913,6.365769
843.95825,-322.96338,5.991085,6.4207373
844.0924,-323.95422,5.932729,6.4788933
844.19556,-324.94873,5.8743596,6.5370626
844.2497,-325.947,5.8160872,6.5951357
844.2373,-326.94656,5.7581677,6.652857
844.1438,-327.94186,5.7593303,6.690481
843.9592,-328.92426,5.7688193,6.7252026
843.6721,-329.88156,5.7783675,6.76014
843.2689,-330.79572,5.788025,6.7954774
842.7369,-331.64117,5.8009353,6.777176
842.08215,-332.39575,5.821751,6.623475
841.336,-333.0606,5.8423448,6.471413
840.52625,-333.64682,5.8627033,6.3210907
839.67334,-334.16843,5.882952,6.1715765
838.7914,-334.6395,5.8926954,6.0806084
837.889,-335.06995,5.8898134,6.0598574
836.97107,-335.46625,5.886912,6.0389667
836.04193,-335.83566,5.8840003,6.018002
835.1055,-336.18628,5.8810854,5.9970145
834.1653,-336.52658,5.8776054,5.9792666
833.2236,-336.86264,5.872704,5.9696593
832.2809,-337.19617,5.867809,5.9600654
831.33777,-337.52826,5.8629184,5.95048
830.39453,-337.86017,5.8580294,5.9408975
829.45166,-338.19302,5.8531275,5.9313245
828.5094,-338.52762,5.848164,5.9217954
827.5677,-338.86386,5.8431993,5.912263
826.6265,-339.20154,5.838233,5.9027276
825.6858,-339.54037,5.8332667,5.893192
824.7454,-339.88022,5.828265,5.883643
823.8053,-340.22086,5.8230515,5.8740177
822.86554,-340.5624,5.817838,5.864393
821.92615,-340.90494,5.812625,5.854769
820.9872,-341.24866,5.807412,5.8451457
820.04865,-341.59357,5.8022265,5.8354845
819.1106,-341.93985,5.7971926,5.8256173
818.1731,-342.28754,5.792158,5.81575
817.2361,-342.63663,5.7871237,5.8058825
816.2996,-342.98712,5.782089,5.796015
815.3637,-343.33914,5.7771688,5.7863374
814.4284,-343.69263,5.7727423,5.777485
813.4936,-344.0476,5.7683163,5.7686324
812.5594,-344.40405,5.76389,5.7597795
811.62573,-344.76202,5.7594633,5.750927
810.6927,-345.12143,5.756218,5.743782
809.7602,-345.4823,5.7572203,5.7427797
808.8282,-345.8445,5.7582226,5.7417774
807.8966,-346.20792,5.759225,5.740775
806.9655,-346.57245,5.760227,5.739773
806.03485,-346.93796,5.7612286,5.7387714
805.10443,-347.30432,5.762228,5.737772
804.1744,-347.67148,5.7632275,5.7367725
803.2446,-348.03937,5.764227,5.735773
802.31506,-348.4078,5.765227,5.734773
801.38574,-348.7768,5.766226,5.733774
800.45654,-349.1462,5.767224,5.732776
799.5275,-349.51593,5.7682214,5.7317786
798.5986,-349.88586,5.7692194,5.7307806
797.6697,-350.25592,5.7702174,5.7297826
796.7407,-350.62598,5.771215,5.728785
795.8118,-350.99594,5.7722125,5.7277875
794.8828,-351.36578,5.77321,5.72679
793.95374,-351.7354,5.774208,5.725792
793.02454,-352.10477,5.7752056,5.7247944
792.0952,-352.4738,5.776203,5.723797
791.1657,-352.84244,5.777201,5.722799
790.23615,-353.21072,5.778199,5.721801
789.3064,-353.5787,5.7791967,5.7208033
788.3765,-353.94638,5.7801948,5.7198052
787.44653,-354.31375,5.781193,5.718807
786.5165,-354.68085,5.7821913,5.7178087
785.5863,-355.0477,5.78319,5.71681
784.656,-355.4143,5.7841883,5.7158117
783.72565,-355.78064,5.7851863,5.7148137
782.79517,-356.14673,5.786185,5.713815
781.86456,-356.5126,5.787184,5.712816
780.9339,-356.87823,5.7881823,5.7118177
780.0032,-357.24368,5.789181,5.710819
779.0724,-357.60892,5.7901797,5.7098203
778.1415,-357.97394,5.7911787,5.7088213
777.2105,-358.3388,5.7921777,5.7078223
776.2795,-358.7035,5.7931767,5.7068233
775.3484,-359.06802,5.7941756,5.7058244
774.41724,-359.43243,5.795175,5.704825
773.486,-359.79666,5.796174,5.703826
772.5548,-360.1608,5.7971735,5.7028265
771.6235,-360.5248,5.7981725,5.7018275
770.69214,-360.8887,5.799172,5.700828
769.76074,-361.2525,5.8001714,5.6998286
768.82935,-361.6162,5.801171,5.698829
767.8979,-361.97983,5.8021703,5.6978297
766.96643,-362.34338,5.8031697,5.6968303
766.035,-362.7069,5.8041697,5.6958303
765.10345,-363.07037,5.805169,5.694831
764.17194,-363.43378,5.8061686,5.6938314
763.24036,-363.79718,5.8071685,5.6928315
762.30884,-364.16058,5.808168,5.691832
761.3773,-364.52396,5.809168,5.690832
760.44574,-364.88733,5.810168,5.689832
759.5142,-365.25073,5.8111672,5.6888328
758.5827,-365.61417,5.812167,5.687833
757.6512,-365.97763,5.813167,5.686833
756.71967,-366.34113,5.814167,5.685833
755.7882,-366.7047,5.815167,5.684833
754.85675,-367.06833,5.816167,5.683833
753.92535,-367.43204,5.817167,5.682833
752.99396,-367.79584,5.8181667,5.6818333
752.0626,-368.15973,5.819167,5.680833
751.13135,-368.52374,5.820167,5.679833
750.2001,-368.88785,5.821167,5.678833
749.26886,-369.2521,5.822167,5.677833
748.3377,-369.6165,5.823167,5.676833
747.4066,-369.98102,5.8241673,5.6758327
746.4756,-370.34573,5.825167,5.674833
745.5447,-370.7106,5.826167,5.673833
744.6138,-371.07562,5.827167,5.672833
743.6829,-371.44086,5.8281674,5.6718326
742.7522,-371.8063,5.8291674,5.6708326
741.82153,-372.17197,5.8301673,5.6698327
740.891,-372.5378,5.8311677,5.6688323
739.9605,-372.90393,5.8321676,5.6678324
739.03015,-373.27026,5.8331676,5.6668324
738.09985,-373.63684,5.8341675,5.6658325
737.1697,-374.0037,5.8351674,5.6648326
736.23956,-374.37082,5.8361673,5.6638327
735.30963,-374.73825,5.8371677,5.6628323
734.37976,-375.10596,5.8381677,5.6618323
733.4501,-375.47394,5.8391676,5.6608324
732.52045,-375.84225,5.8401675,5.6598325
731.591,-376.2109,5.8411674,5.6588326
730.6616,-376.57986,5.842167,5.657833
729.7324,-376.9492,5.843167,5.656833
728.80334,-377.31885,5.8441668,5.6558332
727.87445,-377.6889,5.845166,5.654834
726.9457,-378.0593,5.846166,5.653834
726.0171,-378.43008,5.847166,5.652834
725.0886,-378.8013,5.8481655,5.6518345
724.1603,-379.17288,5.849165,5.650835
723.2322,-379.5449,5.850165,5.649835
722.3042,-379.9173,5.8511643,5.6488357
721.3764,-380.29016,5.852164,5.647836
720.4488,-380.66348,5.8531632,5.6468368
719.52136,-381.03726,5.854162,5.645838
718.5942,-381.41147,5.8551617,5.6448383
717.6671,-381.7862,5.856161,5.643839
716.74023,-382.16138,5.85716,5.64284
715.8136,-382.53702,5.8581595,5.6418405
714.88715,-382.91315,5.8591585,5.6408415
713.9608,-383.28967,5.8601575,5.6398425
713.03467,-383.66663,5.860843,5.639157
712.1087,-384.044,5.859844,5.640156
711.1829,-384.42175,5.858845,5.641155
710.25726,-384.79987,5.8578463,5.6421537
709.3317,-385.1783,5.8568473,5.6431527
708.4064,-385.55713,5.8556666,5.6443334
707.4811,-385.93622,5.8534694,5.6465306
706.55597,-386.31564,5.8512716,5.6487284
705.631,-386.69534,5.8490744,5.6509256
704.70605,-387.07532,5.846877,5.653123
703.78125,-387.4555,5.8447084,5.6552916
702.85657,-387.83597,5.8427105,5.6572895
701.93195,-388.2166,5.840713,5.659287
701.0074,-388.59747,5.838715,5.661285
700.08295,-388.97852,5.836717,5.663283
699.15857,-389.35974,5.8346915,5.6653085
698.23425,-389.7411,5.8324933,5.6675067
697.30994,-390.1226,5.8302956,5.6697044
696.38574,-390.50418,5.828098,5.671902
695.46155,-390.88586,5.8258996,5.6741004
694.5374,-391.26767,5.823729,5.676271
693.6133,-391.6495,5.82173,5.67827
692.68915,-392.0314,5.8197317,5.6802683
691.7651,-392.41333,5.817733,5.682267
690.84094,-392.79526,5.8157344,5.6842656
689.9169,-393.1772,5.8137355,5.6862645
688.9928,-393.5591,5.811736,5.688264
688.06866,-393.94098,5.8097367,5.6902633
687.14453,-394.3228,5.8077374,5.6922626
686.22034,-394.70456,5.805738,5.694262
685.29614,-395.08624,5.803712,5.696288
684.37195,-395.46783,5.801512,5.698488
683.44763,-395.8493,5.799311,5.700689
682.5233,-396.23062,5.7971106,5.7028894
681.5989,-396.61176,5.79491,5.70509
680.6744,-396.99268,5.792736,5.707264
679.7498,-397.37338,5.7907343,5.7092657
678.82513,-397.75394,5.7887325,5.7112675
677.9004,-398.13434,5.786731,5.713269
676.97565,-398.51462,5.7847295,5.7152705
676.05084,-398.89487,5.7827005,5.7172995
675.12604,-399.2751,5.780498,5.719502
674.2013,-399.65543,5.7782955,5.7217045
673.2766,-400.03595,5.776093,5.723907
672.35205,-400.41675,5.7738905,5.7261095
671.4277,-400.7979,5.7717166,5.7282834
670.5035,-401.17957,5.7697153,5.7302847
669.57947,-401.56177,5.767714,5.732286
668.65576,-401.9446,5.7657127,5.7342873
667.73236,-402.32816,5.763711,5.736289
666.80927,-402.71246,5.76171,5.73829
665.8865,-403.09766,5.759711,5.740289
664.9642,-403.48383,5.7577114,5.7422886
664.0423,-403.8711,5.7557125,5.7442875
663.1209,-404.25952,5.753713,5.746287
662.2001,-404.64926,5.751686,5.748314
661.27985,-405.04037,5.7494907,5.7505093
660.36017,-405.43286,5.747296,5.752704
659.4411,-405.82672,5.7451005,5.7548995
658.52264,-406.22192,5.7429056,5.7570944
657.60474,-406.6185,5.7401853,5.7598147
656.6873,-407.01624,5.73401,5.76599
655.77014,-407.4145,5.7278347,5.7721653
654.85297,-407.81265,5.7216597,5.7783403
653.93536,-408.20996,5.715484,5.784516
653.01715,-408.60577,5.709131,5.790869
652.09796,-408.99942,5.70136,5.79864
651.1776,-409.3902,5.6935897,5.8064103
650.25574,-409.7776,5.685819,5.814181
649.3322,-410.1609,5.6780486,5.8219514
648.4068,-410.53946,5.670277,5.829723
647.4791,-410.91272,5.662492,5.837508
646.54913,-411.27994,5.6547065,5.8452935
645.61646,-411.64044,5.646921,5.853079
644.68097,-411.99353,5.6391363,5.8608637
643.74243,-412.3385,5.6313663,5.8686337
642.8007,-412.67465,5.623765,5.876235
641.8557,-413.0013,5.6161637,5.8838363
640.9072,-413.3178,5.6085625,5.8914375
639.9552,-413.62354,5.600961,5.899039
638.9996,-413.91772,5.5931225,5.9068775
638.0403,-414.1998,5.582704,5.917296
637.0774,-414.46936,5.572285,5.927715
636.11096,-414.72595,5.5618668,5.9381332
635.1411,-414.96918,5.5514483,5.9485517
634.1679,-415.1987,5.5420747,5.9579253
633.19147,-415.414,5.5428786,5.9571214
632.2119,-415.6147,5.5436826,5.9563174
631.2294,-415.80026,5.5444865,5.9555135
630.244,-415.97025,5.5452905,5.9547095
629.25604,-416.12415,5.5469227,5.9530773
628.2656,-416.26147,5.554785,5.945215
627.273,-416.38177,5.5626464,5.9373536
626.2784,-416.48462,5.570508,5.929492
625.2821,-416.56952,5.5783696,5.9216304
624.2844,-416.63605,5.585379,5.914621
623.28564,-416.68372,5.5877986,5.9122014
622.2862,-416.71204,5.5902185,5.9097815
621.2863,-416.72052,5.5926385,5.9073615
620.2865,-416.70868,5.5950584,5.9049416
619.2872,-416.67596,5.597833,5.902167
618.2887,-416.6222,5.6020484,5.8979516
617.29156,-416.54758,5.6062636,5.8937364
616.2962,-416.45248,5.610479,5.889521
615.303,-416.33728,5.6146936,5.8853064
614.31226,-416.20227,5.625694,5.874306
613.32434,-416.04788,5.661377,5.838623
612.3396,-415.8746,5.697061,5.802939
611.3582,-415.68292,5.7327447,5.7672553
610.38055,-415.4734,5.7684283,5.7315717
609.40674,-415.24646,5.802456,5.697544
608.437,-415.0026,5.829829,5.670171
607.4716,-414.74222,5.8572025,5.6427975
606.51074,-414.4657,5.8845763,5.6154237
605.5545,-414.1734,5.91195,5.58805
604.60315,-413.86572,5.927738,5.572262
603.65674,-413.54297,5.881762,5.618238
602.7155,-413.20554,5.8357854,5.6642146
601.77954,-412.8537,5.7898088,5.7101912
600.849,-412.4878,5.7438326,5.7561674
599.924,-412.10812,5.699082,5.800918
599.00464,-411.71494,5.66406,5.83594
598.0911,-411.30847,5.6290383,5.8709617
597.18353,-410.8888,5.594016,5.905984
596.2821,-410.45615,5.5589933,5.9410067
595.38696,-410.0106,5.526637,5.973363
594.4982,-409.55237,5.522439,5.977561
593.6161,-409.08154,5.518241,5.981759
592.7407,-408.5983,5.514043,5.985957
591.87225,-408.10275,5.509845,5.990155
591.0108,-407.5951,5.5058484,5.9941516
590.15656,-407.0754,5.504044,5.995956
589.30963,-406.5439,5.5022397,5.9977603
588.47015,-406.00073,5.500436,5.999564
587.6382,-405.44604,5.4986315,6.0013685
586.81396,-404.88,5.498269,6.001731
585.9975,-404.30273,5.511519,5.988481
585.18896,-403.71445,5.524769,5.975231
584.3885,-403.1153,5.5380187,5.9619813
583.5961,-402.5054,5.5512686,5.9487314
582.81195,-401.88498,5.5645194,5.9354806
582.0362,-401.25415,5.5777745,5.9222255
581.2688,-400.61307,5.5910296,5.9089704
580.51,-399.96194,5.6042852,5.8957148
579.75977,-399.3009,5.6175404,5.8824596
579.01825,-398.6301,5.629816,5.870184
578.2855,-397.94974,5.6358395,5.8641605
577.56165,-397.25992,5.641863,5.858137
576.8468,-396.56082,5.647886,5.852114
576.1409,-395.8526,5.653909,5.846091
575.44415,-395.13544,5.659932,5.840068
574.75665,-394.40942,5.6659513,5.8340487
574.0783,-393.67477,5.6719704,5.8280296
573.40936,-392.93164,5.6779895,5.8220105
572.74976,-392.18015,5.6840086,5.8159914
572.09955,-391.4205,5.6883154,5.8116846
571.45886,-390.65283,5.684306,5.815694
570.82776,-389.87726,5.680297,5.819703
570.20636,-389.09387,5.676288,5.823712
569.5948,-388.30283,5.672279,5.827721
568.99316,-387.50415,5.66827,5.83173
568.4014,-386.69815,5.664265,5.835735
567.81934,-385.88516,5.66026,5.83974
567.2464,-385.06564,5.6562557,5.8437443
566.6824,-384.24002,5.652251,5.847749
566.1268,-383.4087,5.6491504,5.8508496
565.5792,-382.57205,5.6499496,5.8500504
565.0392,-381.73053,5.6507487,5.8492513
564.50604,-380.88458,5.6515474,5.8484526
563.9794,-380.03464,5.6523466,5.8476534
563.4585,-379.18112,5.653436,5.846564
562.94293,-378.32437,5.655827,5.844173
562.43207,-377.4648,5.6582184,5.8417816
561.92554,-376.60272,5.6606092,5.8393908
561.42267,-375.73843,5.663,5.837
560.92303,-374.8723,5.665391,5.834609
560.42596,-374.0047,5.667779,5.832221
559.931,-373.1359,5.670167,5.829833
559.4375,-372.26627,5.672555,5.827445
558.94476,-371.39618,5.674943,5.825057
558.4523,-370.52597,5.6773314,5.8226686
557.9595,-369.65594,5.6797214,5.8202786
557.466,-368.7863,5.6821113,5.8178887
556.97156,-367.91718,5.6845016,5.8154984
556.4758,-367.0488,5.6868916,5.8131084
555.9786,-366.1813,5.6892824,5.8107176
555.4795,-365.31488,5.6916766,5.8083234
554.97876,-364.44937,5.6940713,5.8059287
554.4766,-363.5847,5.696466,5.803534
553.9732,-362.72076,5.6988606,5.8011394
553.46875,-361.85742,5.701256,5.798744
552.9634,-360.9946,5.703654,5.796346
552.4573,-360.13226,5.706052,5.793948
551.9505,-359.2703,5.7084503,5.7915497
551.4431,-358.40866,5.7108483,5.7891517
550.9353,-357.5473,5.7132263,5.7867737
550.42706,-356.6862,5.715427,5.784573
549.91864,-355.8252,5.7176275,5.7823725
549.41016,-354.96423,5.7198277,5.7801723
548.9017,-354.10327,5.7220283,5.7779717
548.3934,-353.2422,5.72425,5.77575
547.8854,-352.38095,5.726652,5.773348
547.37775,-351.51944,5.729054,5.770946
546.8706,-350.65768,5.731456,5.768544
546.364,-349.79562,5.7338576,5.7661424
545.858,-348.93323,5.73626,5.76374
545.35254,-348.07047,5.7386627,5.7613373
544.8477,-347.20734,5.741065,5.758935
544.3435,-346.34387,5.743468,5.756532
543.8398,-345.4801,5.74587,5.75413
543.33655,-344.61606,5.748273,5.751727
542.8338,-343.75177,5.7506757,5.7493243
542.3314,-342.8872,5.7530785,5.7469215
541.82947,-342.0224,5.7554812,5.7445188
541.32794,-341.15738,5.757884,5.742116
540.8267,-340.29214,5.760287,5.739713
540.3259,-339.42673,5.7626896,5.7373104
539.8254,-338.5611,5.7650924,5.7349076
539.3252,-337.6953,5.767495,5.732505
538.82526,-336.82935,5.769898,5.730102
538.3255,-335.96326,5.7723007,5.7276993
537.82605,-335.09705,5.7747035,5.7252965
537.3268,-334.2307,5.777106,5.722894
536.82764,-333.3643,5.7795086,5.7204914
536.3287,-332.49774,5.781911,5.718089
535.82983,-331.63116,5.784313,5.715687
535.3311,-330.76453,5.786715,5.713285
534.83246,-329.89783,5.789117,5.710883
534.33386,-329.0311,5.791519,5.708481
533.83527,-328.16437,5.793921,5.706079
533.3367,-327.29764,5.796323,5.703677
532.8381,-326.4309,5.7987237,5.7012763
532.3395,-325.5642,5.8011246,5.6988754
531.84076,-324.69754,5.8035254,5.6964746
531.3419,-323.83093,5.805927,5.694073
530.843,-322.9644,5.8083277,5.6916723
530.34393,-322.09793,5.8107276,5.6892724
529.8447,-321.23157,5.8131275,5.6868725
529.3453,-320.36533,5.815527,5.684473
528.84564,-319.49918,5.817927,5.682073
528.34576,-318.6332,5.820327,5.679673
527.8456,-317.76736,5.8227253,5.6772747
527.34515,-316.9017,5.825124,5.674876
526.8444,-316.03622,5.8275223,5.6724777
526.3434,-315.1709,5.829921,5.670079
525.842,-314.3058,5.832319,5.667681
525.3403,-313.4409,5.834716,5.665284
524.83813,-312.57617,5.837113,5.662887
524.33575,-311.71164,5.83951,5.66049
523.83295,-310.84732,5.841907,5.658093
523.32983,-309.98322,5.844304,5.655696
522.8264,-309.11932,5.8466997,5.6533003
522.3226,-308.2556,5.849096,5.650904
521.8184,-307.3921,5.851492,5.648508
521.3139,-306.5288,5.8538876,5.6461124
520.809,-305.6657,5.8562837,5.6437163
520.30383,-304.80283,5.8586783,5.6413217
519.7982,-303.94016,5.8610735,5.6389265
519.2923,-303.0777,5.8634686,5.6365314
518.78595,-302.21545,5.865864,5.634136
518.2793,-301.35342,5.868259,5.631741
517.7723,-300.4916,5.8706536,5.6293464
517.26483,-299.63,5.8730483,5.6269517
516.7571,-298.76862,5.875443,5.624557
516.2489,-297.90747,5.8778377,5.6221623
515.74036,-297.04654,5.8802323,5.6197677
515.23145,-296.18582,5.8826265,5.6173735
514.72217,-295.32535,5.885021,5.614979
514.2125,-294.4651,5.8874154,5.6125846
513.70245,-293.60504,5.88981,5.61019
513.192,-292.74524,5.8922048,5.6077952
512.68115,-291.88565,5.8945994,5.6054006
512.1699,-291.02634,5.896994,5.603006
511.65833,-290.1672,5.899389,5.600611
511.1463,-289.30835,5.9017835,5.5982165
510.6339,-288.4497,5.904178,5.595822
510.1211,-287.5913,5.9065733,5.5934267
509.60788,-286.73315,5.9089684,5.5910316
509.09427,-285.87524,5.9113636,5.5886364
508.58026,-285.01758,5.9137588,5.5862412
508.06583,-284.16016,5.9159617,5.5840383
507.551,-283.30295,5.9153624,5.5846376
507.03574,-282.446,5.9147635,5.5852365
506.52008,-281.58936,5.9141645,5.5858355
506.004,-280.7329,5.9135656,5.5864344
505.4875,-279.87674,5.912922,5.587078
504.97058,-279.0208,5.9115233,5.5884767
504.45322,-278.16513,5.9101253,5.5898747
503.93546,-277.30972,5.9087267,5.5912733
503.41727,-276.45456,5.9073286,5.5926714
502.89862,-275.59967,5.90593,5.59407
502.37958,-274.74506,5.904531,5.595469
501.86008,-273.8907,5.9031315,5.5968685
501.34012,-273.0366,5.9017324,5.5982676
500.81976,-272.18277,5.9003334,5.5996666
500.29895,-271.3292,5.898925,5.601075
499.77768,-270.4759,5.8973246,5.6026754
499.25598,-269.6229,5.8957243,5.6042757
498.73383,-268.77014,5.894124,5.605876
498.2112,-267.91766,5.892524,5.607476
497.68817,-267.0655,5.890933,5.609067
497.16464,-266.2136,5.8895316,5.6104684
496.64066,-265.36194,5.8881297,5.6118703
496.11624,-264.51062,5.8867283,5.6132717
495.59134,-263.65955,5.885327,5.614673
495.06598,-262.80878,5.8839254,5.6160746
494.54013,-261.9583,5.8825226,5.6174774
494.01382,-261.10812,5.8811197,5.6188803
493.48706,-260.2582,5.879717,5.620283
492.9598,-259.4086,5.878314,5.621686
492.43207,-258.5593,5.8769107,5.6230893
491.90387,-257.7103,5.8755064,5.6244936
491.37518,-256.8616,5.8741016,5.6258984
490.846,-256.01318,5.8726974,5.6273026
490.31635,-255.16508,5.871293,5.628707
489.7862,-254.3173,5.8698883,5.6301117
489.25555,-253.46982,5.868482,5.631518
488.7244,-252.62263,5.8670754,5.6329246
488.19275,-251.77577,5.8656693,5.6343307
487.6606,-250.92923,5.864263,5.635737
487.12796,-250.083,5.8628564,5.6371436
486.59482,-249.23709,5.8614483,5.6385517
486.06116,-248.3915,5.86004,5.63996
485.52698,-247.54623,5.8586316,5.6413684
484.9923,-246.70128,5.8572235,5.6427765
484.45712,-245.85666,5.8557887,5.6442113
483.92142,-245.01236,5.854178,5.645822
483.38525,-244.16835,5.852567,5.647433
482.8487,-243.3246,5.8509564,5.6490436
482.31177,-242.48108,5.849346,5.650654
481.77454,-241.63776,5.8477693,5.6522307
481.23703,-240.79462,5.846364,5.653636
480.6993,-239.95158,5.8449593,5.6550407
480.1615,-239.10863,5.8435545,5.6564455
479.62366,-238.2657,5.8421497,5.6578503
479.08582,-237.42276,5.8421583,5.6578417
478.54807,-236.57977,5.848531,5.651469
478.01035,-235.73674,5.854903,5.645097
477.4727,-234.89369,5.8612757,5.6387243
476.93506,-234.05063,5.867648,5.632352
476.3974,-233.20758,5.8742914,5.6257086
475.85977,-232.36449,5.8823557,5.6176443
475.3225,-231.52118,5.8904204,5.6095796
474.7859,-230.67746,5.8984847,5.6015153
474.25027,-229.83313,5.9065495,5.5934505
473.7159,-228.98796,5.9146056,5.5853944
473.1828,-228.14203,5.922552,5.577448
472.64966,-227.29611,5.9304986,5.5695014
472.11493,-226.4512,5.938445,5.561555
471.57712,-225.60825,5.9463906,5.5536094
471.0347,-224.76825,5.9543357,5.5456643
470.486,-223.93234,5.9623494,5.5376506
469.92834,-223.10239,5.97037,5.52963
469.35886,-222.28052,5.9783907,5.5216093
468.77463,-221.46906,5.986412,5.513588
468.173,-220.67043,5.994432,5.505568
467.5513,-219.88733,5.9890957,5.5109043
466.90637,-219.12326,5.980514,5.519486
466.23505,-218.3823,5.971933,5.528067
465.5345,-217.66895,5.9633536,5.5366464
464.80237,-216.98805,5.9547844,5.5452156
464.03693,-216.3448,5.9497566,5.5502434
463.23703,-215.74504,5.9450874,5.5549126
462.4019,-215.19548,5.9404135,5.5595865
461.53146,-214.70378,5.935732,5.564268
460.6269,-214.27824,5.9373355,5.5626645
459.69186,-213.92459,5.963541,5.536459
458.73294,-213.64189,5.9897037,5.5102963
457.75638,-213.42804,6.0158267,5.4841733
456.76752,-213.28088,6.041931,5.458069
455.77118,-213.19846,6.058661,5.441339
454.7716,-213.17966,6.0576816,5.4423184
453.77286,-213.22414,6.0567017,5.4432983
452.77887,-213.33144,6.0557213,5.4442787
451.79358,-213.50092,6.054742,5.445258
450.82086,-213.73181,6.038754,5.461246
449.86462,-214.02353,5.9758177,5.5241823
448.92917,-214.37625,5.9128714,5.5871286
448.01926,-214.79047,5.8498406,5.6501594
447.1403,-215.2667,5.7866783,5.7133217
446.29813,-215.80534,5.7334795,5.7665205
445.49686,-216.40318,5.717108,5.782892
444.73456,-217.05005,5.7007585,5.7992415
444.00693,-217.73576,5.6844444,5.8155556
443.30856,-218.45132,5.6681523,5.8318477
442.6334,-219.18883,5.6578064,5.8421936
441.97577,-219.94205,5.664916,5.835084
441.33148,-220.70668,5.6720366,5.8279634
440.69614,-221.47879,5.6791635,5.8208365
440.0653,-222.25458,5.686292,5.813708
439.43436,-223.03029,5.692869,5.807131
438.8002,-223.80338,5.6972303,5.8027697
438.16302,-224.57396,5.7015896,5.7984104
437.5234,-225.34254,5.7059484,5.7940516
436.882,-226.1096,5.7103066,5.7896934
436.23935,-226.87567,5.714698,5.785302
435.59595,-227.64108,5.7192745,5.7807255
434.95178,-228.40585,5.723851,5.776149
434.3068,-229.16992,5.7284284,5.7715716
433.66095,-229.93326,5.7330055,5.7669945
433.01413,-230.69579,5.7375593,5.7624407
432.36636,-231.4575,5.741952,5.758048
431.71774,-232.21849,5.746344,5.753656
431.0684,-232.97887,5.7507367,5.7492633
430.41843,-233.73871,5.755129,5.744871
429.768,-234.49815,5.759546,5.740454
429.1172,-235.25728,5.7641487,5.7358513
428.4661,-236.01614,5.768751,5.731249
427.81476,-236.77481,5.773354,5.726646
427.16324,-237.53333,5.7779565,5.7220435
426.5116,-238.29173,5.78256,5.71744
425.85992,-239.05011,5.7871695,5.7128305
425.20822,-239.80847,5.791779,5.708221
424.55652,-240.56683,5.7963886,5.7036114
423.90488,-241.32521,5.800998,5.699002
423.25327,-242.08366,5.8051324,5.6948676
422.60178,-242.8422,5.806135,5.693865
421.95038,-243.60081,5.807138,5.692862
421.29916,-244.35959,5.808141,5.691859
420.64813,-245.11852,5.809144,5.690856
419.9973,-245.87764,5.810088,5.689912
419.34677,-246.63696,5.8106904,5.6893096
418.69647,-247.39655,5.811292,5.688708
418.0465,-248.15637,5.811894,5.688106
417.39688,-248.91652,5.812496,5.687504
416.74762,-249.67697,5.813098,5.686902
416.0988,-250.43776,5.8136997,5.6863003
415.45038,-251.19894,5.8143015,5.6856985
414.80243,-251.96051,5.8149033,5.6850967
414.155,-252.7225,5.815505,5.684495
413.5081,-253.48494,5.816107,5.683893
412.86172,-254.24786,5.816708,5.683292
412.21597,-255.01129,5.817309,5.682691
411.57083,-255.77524,5.81791,5.68209
410.92636,-256.53973,5.8185115,5.6814885
410.28253,-257.3048,5.819113,5.680887
409.63947,-258.07047,5.819713,5.680287
408.9971,-258.83676,5.820313,5.679687
408.35553,-259.6037,5.8209133,5.6790867
407.71478,-260.37134,5.8215137,5.6784863
407.07486,-261.13968,5.8221517,5.6778483
406.43585,-261.90872,5.8229504,5.6770496
405.7977,-262.67853,5.823749,5.676251
405.16046,-263.4491,5.824548,5.675452
404.5242,-264.22043,5.8253465,5.6746535
403.8889,-264.99255,5.8261085,5.6738915
403.25455,-265.7655,5.826706,5.673294
402.62128,-266.5393,5.8273034,5.6726966
401.9891,-267.31403,5.8279004,5.6720996
401.35812,-268.0897,5.828498,5.671502
400.72836,-268.8664,5.829095,5.670905
400.09982,-269.64404,5.8296905,5.6703095
399.47217,-270.4224,5.830286,5.669714
398.84506,-271.20123,5.8308816,5.6691184
398.2182,-271.98022,5.831477,5.668523
397.59122,-272.75916,5.8320723,5.6679277
396.96375,-273.53766,5.8326674,5.6673326
396.33542,-274.3155,5.8332624,5.6667376
395.7058,-275.0923,5.8338575,5.6661425
395.07452,-275.86774,5.8344526,5.6655474
394.44116,-276.64145,5.8350477,5.6649523
393.80533,-277.41318,5.8356442,5.6643558
393.1666,-278.1825,5.8362403,5.6637597
392.52466,-278.94913,5.836837,5.663163
391.87906,-279.71268,5.8374333,5.6625667
391.22946,-280.47284,5.837372,5.662628
390.5755,-281.22922,5.824786,5.675214
389.91675,-281.98148,5.8122005,5.6877995
389.25284,-282.72916,5.799615,5.700385
388.58344,-283.47192,5.7870293,5.7129707
387.9081,-284.20932,5.772832,5.727168
387.22656,-284.94095,5.7237816,5.7762184
386.53836,-285.66635,5.6747317,5.8252683
385.8432,-286.3851,5.625682,5.874318
385.14075,-287.09668,5.5766315,5.9233685
384.43063,-287.80063,5.5275764,5.9724236
383.7126,-288.49646,5.478435,6.021565
382.98624,-289.18365,5.4292946,6.0707054
382.2513,-289.86166,5.3801537,6.1198463
381.50754,-290.52997,5.3310127,6.1689873
380.75467,-291.18796,5.2918963,6.2081037
379.99243,-291.8351,5.3231444,6.1768556
379.22064,-292.47083,5.3543916,6.1456084
378.43912,-293.09454,5.3856387,6.1143613
377.6477,-293.70566,5.4168854,6.0831146
376.84628,-294.3036,5.4485154,6.0514846
376.03476,-294.8877,5.4817185,6.0182815
375.213,-295.4574,5.5149207,5.9850793
374.38107,-296.01205,5.5481243,5.9518757
373.53885,-296.55103,5.581329,5.918671
372.68643,-297.07364,5.614247,5.885753
371.8239,-297.5795,5.646335,5.853665
370.9518,-298.0686,5.678422,5.821578
370.0706,-298.54108,5.7105074,5.7894926
369.18066,-298.99698,5.7425933,5.7574067
368.28253,-299.4364,5.768901,5.731099
367.37656,-299.8595,5.7796254,5.7203746
366.4632,-300.2664,5.79035,5.70965
365.54285,-300.65726,5.8010745,5.6989255
364.61594,-301.0323,5.811799,5.688201
363.68283,-301.3916,5.811354,5.688646
362.7439,-301.73538,5.7746077,5.7253923
361.79944,-302.06372,5.737861,5.762139
360.8498,-302.37668,5.701115,5.798885
359.89523,-302.67435,5.6643686,5.8356314
358.93607,-302.95685,5.6306725,5.8693275
357.9726,-303.22424,5.6115003,5.8884997
357.00507,-303.4766,5.592328,5.907672
356.03372,-303.7139,5.573156,5.926844
355.05887,-303.93622,5.5539837,5.9460163
354.0807,-304.14362,5.537545,5.962455
353.0995,-304.3361,5.5423217,5.9576783
352.11548,-304.51355,5.5470977,5.9529023
351.12885,-304.67593,5.551874,5.948126
350.13983,-304.82312,5.5566506,5.9433494
349.14868,-304.95502,5.561431,5.938569
348.1556,-305.07156,5.56625,5.93375
347.1608,-305.17255,5.571069,5.928931
346.16455,-305.2579,5.575888,5.924112
345.16708,-305.32745,5.580707,5.919293
344.1686,-305.38104,5.583546,5.916454
343.16943,-305.41858,5.570227,5.929773
342.16977,-305.43994,5.5569086,5.9430914
341.1699,-305.4451,5.5435896,5.9564104
340.17004,-305.434,5.530271,5.969729
339.17053,-305.40652,5.517448,5.982552
338.17157,-305.36267,5.507354,5.992646
337.1735,-305.30237,5.4972596,6.0027404
336.17654,-305.22562,5.4871655,6.0128345
335.18103,-305.1324,5.4770713,6.0229287
334.18716,-305.02267,5.4745193,6.0254807
333.19525,-304.89645,5.502058,5.997942
332.20557,-304.75385,5.5295963,5.9704037
331.21838,-304.595,5.5571346,5.9428654
330.23392,-304.41995,5.5846734,5.9153266
329.25244,-304.2289,5.612221,5.887779
328.2742,-304.0219,5.639798,5.860202
327.29944,-303.7992,5.6673756,5.8326244
326.32834,-303.56088,5.694953,5.805047
325.36118,-303.30716,5.72253,5.77747
324.39813,-303.0382,5.7417946,5.7582054
323.43942,-302.75415,5.7318363,5.7681637
322.4853,-302.45514,5.7218785,5.7781215
321.53592,-302.14124,5.7119203,5.7880797
320.59158,-301.81262,5.701962,5.798038
319.65244,-301.46936,5.688054,5.811946
318.71875,-301.11157,5.658391,5.841609
317.79074,-300.7393,5.6287284,5.8712716
316.86862,-300.35266,5.599066,5.900934
315.95264,-299.9517,5.5694036,5.9305964
315.043,-299.5365,5.5443983,5.9556017
314.13998,-299.10715,5.5410056,5.9589944
313.2438,-298.6637,5.5376124,5.9623876
312.3547,-298.2062,5.5342197,5.9657803
311.4729,-297.73477,5.5308266,5.9691734
310.5987,-297.24942,5.532617,5.967383
309.73224,-296.75043,5.560265,5.939735
308.8734,-296.23834,5.587913,5.912087
308.0221,-295.71384,5.61556,5.88444
307.17816,-295.17758,5.6432066,5.8567934
306.34143,-294.6302,5.6731424,5.8268576
305.51166,-294.07224,5.713827,5.786173
304.6887,-293.50433,5.754513,5.745487
303.87222,-292.9271,5.795199,5.704801
303.062,-292.34113,5.8358846,5.6641154
302.2578,-291.74695,5.8660583,5.6339417
301.45926,-291.14514,5.8502483,5.6497517
300.6661,-290.53625,5.834439,5.665561
299.87802,-289.92087,5.818629,5.681371
299.09464,-289.2995,5.8028193,5.6971807
298.31558,-288.67267,5.7872396,5.7127604
297.54056,-288.0409,5.772647,5.727353
296.7692,-287.40463,5.7580543,5.7419457
296.00113,-286.7644,5.7434616,5.7565384
295.23602,-286.12064,5.728869,5.771131
294.4735,-285.47385,5.7156196,5.7843804
293.7133,-284.8243,5.708222,5.791778
292.9553,-284.17218,5.7008247,5.7991753
292.1995,-283.51752,5.693427,5.806573
291.4459,-282.86035,5.68603,5.81397
290.69437,-282.20078,5.678669,5.821331
289.94495,-281.53882,5.67147,5.82853
289.19754,-280.87457,5.6642714,5.8357286
288.45212,-280.20813,5.6570725,5.8429275
287.7086,-279.53955,5.6498737,5.8501263
286.96695,-278.86893,5.6427116,5.8572884
286.22705,-278.19632,5.635713,5.864287
285.48892,-277.5218,5.628714,5.871286
284.75247,-276.84543,5.6217155,5.8782845
284.01767,-276.1673,5.614717,5.885283
283.28442,-275.48746,5.6094027,5.8905973
282.5527,-274.806,5.6116023,5.8883977
281.82242,-274.123,5.6138015,5.8861985
281.09354,-273.43848,5.6160007,5.8839993
280.366,-272.75256,5.6182,5.8818
279.63974,-272.06528,5.620399,5.879601
278.9147,-271.37668,5.622598,5.877402
278.19083,-270.6869,5.624797,5.875203
277.46802,-269.99597,5.626996,5.873004
276.74628,-269.30396,5.6291947,5.8708053
276.0255,-268.6109,5.6313934,5.8686066
275.30563,-267.9169,5.633592,5.866408
274.58664,-267.22205,5.635791,5.864209
273.86844,-266.52634,5.637989,5.862011
273.15094,-265.82993,5.6401877,5.8598123
272.4341,-265.13278,5.642386,5.857614
271.7179,-264.43503,5.6445847,5.8554153
271.00223,-263.73672,5.646783,5.853217
270.28705,-263.03793,5.648981,5.851019
269.57227,-262.3387,5.6511793,5.8488207
268.85785,-261.63913,5.6533775,5.8466225
268.14374,-260.93924,5.6555758,5.8444242
267.42984,-260.2391,5.657774,5.842226
266.7161,-259.53882,5.6599727,5.8400273
266.00244,-258.83844,5.662171,5.837829
265.28882,-258.13806,5.664369,5.835631
264.57513,-257.4377,5.6665673,5.8334327
263.86142,-256.73743,5.668766,5.831234
263.1476,-256.03723,5.6709642,5.8290358
262.4337,-255.33713,5.673163,5.826837
261.71967,-254.63713,5.6753616,5.8246384
261.0055,-253.93729,5.6775603,5.8224397
260.2912,-253.23756,5.679759,5.820241
259.5768,-252.53796,5.6819577,5.8180423
258.86227,-251.83847,5.6841564,5.8158436
258.14767,-251.13908,5.6863875,5.8136125
257.43295,-250.4398,5.688786,5.811214
256.71814,-249.74063,5.691185,5.808815
256.0032,-249.04155,5.693584,5.806416
255.28821,-248.34258,5.6959825,5.8040175
254.57309,-247.64369,5.69835,5.80165
253.85788,-246.9449,5.7005486,5.7994514
253.1426,-246.24622,5.702748,5.797252
252.4272,-245.54762,5.704947,5.795053
251.71172,-244.84912,5.707146,5.792854
250.99614,-244.15071,5.7093453,5.7906547
250.28049,-243.4524,5.7115445,5.7884555
249.56476,-242.75415,5.7137437,5.7862563
248.84894,-242.056,5.715943,5.784057
248.13304,-241.35793,5.7181425,5.7818575
247.41707,-240.65993,5.7203417,5.7796583
246.70102,-239.962,5.722541,5.777459
245.9849,-239.26418,5.72474,5.77526
245.26869,-238.5664,5.7269397,5.7730603
244.55243,-237.86871,5.729139,5.770861
243.83609,-237.17108,5.731338,5.768662
243.11967,-236.47354,5.7335377,5.7664623
242.40321,-235.77605,5.735737,5.764263
241.68668,-235.07863,5.737936,5.762064
240.9701,-234.38127,5.7401357,5.7598643
240.25343,-233.68396,5.742335,5.757665
239.53673,-232.98672,5.7445345,5.7554655
238.81996,-232.28954,5.7467337,5.7532663
238.10313,-231.5924,5.748933,5.751067
237.38628,-230.89534,5.7511325,5.7488675
236.66936,-230.19832,5.7533317,5.7466683
235.95238,-229.50134,5.755531,5.744469
235.23537,-228.80441,5.7577305,5.7422695
234.51831,-228.10753,5.7599297,5.7400703
233.80121,-227.4107,5.762129,5.737871
233.08405,-226.71391,5.7643285,5.7356715
232.36685,-226.01717,5.7665277,5.7334723
231.64961,-225.32048,5.768727,5.731273
230.93234,-224.62383,5.770926,5.729074
230.21501,-223.92722,5.773125,5.726875
229.49763,-223.23065,5.775354,5.724646
228.78023,-222.53413,5.7777534,5.7222466
228.06277,-221.83766,5.7801523,5.7198477
227.34528,-221.14124,5.7825513,5.7174487
226.62773,-220.44485,5.7849507,5.7150493
225.91016,-219.7485,5.7873206,5.7126794
225.19254,-219.05222,5.78952,5.71048
224.47487,-218.35596,5.791719,5.708281
223.75716,-217.65974,5.793918,5.706082
223.03941,-216.96356,5.7961173,5.7038827
222.32162,-216.26744,5.7983165,5.7016835
221.6038,-215.57135,5.8005157,5.6994843
220.88593,-214.8753,5.8027143,5.6972857
220.16803,-214.17929,5.8049135,5.6950865
219.45007,-213.48332,5.8071127,5.6928873
218.73209,-212.7874,5.809312,5.690688
218.01407,-212.09152,5.811511,5.688489
217.296,-211.39568,5.8137097,5.6862903
216.5779,-210.69986,5.815909,5.684091
215.85976,-210.0041,5.818108,5.681892
215.14157,-209.30838,5.820279,5.6798325
214.42336,-208.61269,5.8222785,5.678633
213.70511,-207.91704,5.8242774,5.6774335
212.98682,-207.22144,5.8262763,5.6762342
212.26848,-206.52586,5.8282757,5.6750345
211.55011,-205.83032,5.8302474,5.6742744
210.83171,-205.13483,5.8320465,5.676274
210.11328,-204.43936,5.8338456,5.6782727
209.3948,-203.74394,5.8356447,5.6802716
208.6763,-203.04855,5.837444,5.682271
207.95775,-202.35321,5.839243,5.684297
207.23917,-201.6579,5.841042,5.686496
206.52055,-200.96262,5.842841,5.688695
205.80191,-200.26738,5.8446403,5.6908937
205.08322,-199.57217,5.8464394,5.693093
204.3645,-198.877,5.8482122,5.6952653
203.64575,-198.18187,5.849811,5.697264
202.92697,-197.48677,5.8514104,5.699263
202.20816,-196.7917,5.8530097,5.701262
201.4893,-196.09666,5.854609,5.703261
200.77042,-195.40167,5.856234,5.7052603
200.05151,-194.7067,5.858033,5.707259
199.33257,-194.01176,5.8598323,5.709258
198.61359,-193.31686,5.8616314,5.711257
197.89456,-192.622,5.8634305,5.713256
197.17552,-191.92717,5.865204,5.7152805
196.45645,-191.23236,5.866803,5.717479
195.73735,-190.5376,5.868402,5.719678
195.01822,-189.84285,5.8700013,5.721877
194.29904,-189.14815,5.8716006,5.724076
193.57985,-188.45348,5.8732247,5.7262497
192.86063,-187.75882,5.875024,5.7282486
192.14137,-187.06421,5.8768225,5.7302475
191.42209,-186.36963,5.8786216,5.7322464
190.70277,-185.67506,5.8804207,5.7342453
189.98344,-184.98055,5.8821955,5.7362685
189.26407,-184.28606,5.8837943,5.738467
188.54468,-183.59158,5.8853936,5.740666
187.82524,-182.89714,5.8869925,5.742865
187.10579,-182.20274,5.888592,5.745064
186.3863,-181.50836,5.890215,5.7472386
185.66681,-180.81401,5.8920135,5.7492375
184.94727,-180.11967,5.8938127,5.7512364
184.2277,-179.42538,5.895612,5.7532353
183.50812,-178.73111,5.897411,5.7552342
182.78851,-178.03687,5.8991866,5.7572565
182.06886,-177.34265,5.9007854,5.759455
181.3492,-176.64847,5.9023848,5.761654
180.62952,-175.9543,5.9039836,5.7638526
179.9098,-175.26016,5.905583,5.7660513
179.19006,-174.56606,5.9072046,5.768227
178.47029,-173.87196,5.9090037,5.770226
177.7505,-173.1779,5.9108024,5.772225
177.0307,-172.48387,5.9126015,5.774224
176.31085,-171.78986,5.9144006,5.7762227
175.591,-171.09587,5.9161773,5.7782216
174.87111,-170.4019,5.917776,5.7802205
174.15121,-169.70796,5.9193754,5.782219
173.43129,-169.01404,5.9209743,5.784218
172.71133,-168.32014,5.9225736,5.7862167
171.99136,-167.62628,5.924194,5.788237
171.27136,-166.93243,5.925993,5.790436
170.55135,-166.2386,5.927792,5.7926345
169.83131,-165.5448,5.9295907,5.794833
169.11125,-164.85103,5.93139,5.797032
168.39117,-164.15726,5.933189,5.7992096
167.67108,-163.46352,5.9349875,5.8012085
166.95096,-162.7698,5.9367867,5.8032074
166.23082,-162.07611,5.9385858,5.8052063
165.51067,-161.38243,5.9403844,5.807205
164.79048,-160.68878,5.942163,5.809224
164.07028,-159.99513,5.9437623,5.811423
163.35007,-159.30151,5.945361,5.8136215
162.62984,-158.60793,5.9469604,5.81582
161.90958,-157.91434,5.9485593,5.818019
161.1893,-157.22078,5.950178,5.820198
160.46901,-156.52724,5.9519773,5.822197
159.7487,-155.83372,5.953776,5.8241954
159.02838,-155.14021,5.955575,5.8261943
158.30804,-154.44673,5.957374,5.828193
157.58768,-153.75327,5.9591537,5.830211
156.86731,-153.0598,5.9607525,5.83241
156.14691,-152.36636,5.962352,5.8346086
155.42651,-151.67296,5.9639506,5.8368073
154.70609,-150.97955,5.96555,5.839006
153.98564,-150.28616,5.9671674,5.841186
153.2652,-149.59279,5.9689665,5.843185
152.54472,-148.89944,5.9707656,5.845184
151.82425,-148.2061,5.972564,5.8471828
151.10374,-147.51277,5.9743633,5.849181
150.38322,-146.81946,5.9761443,5.85118
149.6627,-146.12616,5.977743,5.853179
148.94217,-145.43289,5.9793425,5.855178
148.22162,-144.73962,5.9809413,5.857177
147.50105,-144.04637,5.9825406,5.8591757
146.78047,-143.35312,5.984157,5.8611917
146.05988,-142.6599,5.9859557,5.8633904
145.33926,-141.96667,5.987755,5.865589
144.61865,-141.27348,5.989554,5.867788
143.89803,-140.58029,5.9913526,5.8699865
143.17738,-139.88712,5.993135,5.8721685
142.45674,-139.19394,5.994734,5.8741674
141.73607,-138.5008,5.996333,5.8761663
141.0154,-137.80765,5.997932,5.8781652
140.29472,-137.11452,5.9995313,5.880164
139.57402,-136.42139,6.001147,5.8821793
138.85332,-135.72829,6.0029454,5.884378
138.13261,-135.03519,6.0047445,5.8865767
137.41188,-134.34209,6.0065436,5.8887753
136.69116,-133.649,6.0083427,5.890974
135.97041,-132.95593,6.0101256,5.893157
135.24966,-132.26288,6.011725,5.895156
134.52892,-131.56982,6.013324,5.897155
133.80814,-130.87677,6.014923,5.8991537
133.08737,-130.18373,6.0165224,5.9011526
132.3666,-129.4907,6.0181365,5.903167
131.6458,-128.79768,6.0199356,5.9053655
130.925,-128.10466,6.0217347,5.9075646
130.2042,-127.41166,6.0235333,5.9097633
129.4834,-126.71866,6.0253325,5.911962
128.76257,-126.02566,6.0271316,5.9141464
128.04175,-125.33267,6.0289307,5.9161453
127.32093,-124.63969,6.03073,5.918144
126.6001,-123.94671,6.032529,5.920143
125.87926,-123.25374,6.034328,5.922142
125.15842,-122.560776,6.036113,5.924155
124.43757,-121.86781,6.037712,5.926354
123.71671,-121.17486,6.039311,5.9285526
122.99586,-120.4819,6.0409102,5.930752
122.275,-119.788956,6.0425096,5.9329505
121.55414,-119.09601,6.044122,5.935136
120.83327,-118.40307,6.0459213,5.9371347
120.1124,-117.71013,6.0477204,5.9391336
119.391525,-117.0172,6.0495195,5.9411325
118.67065,-116.324265,6.0513186,5.943132
117.94977,-115.63134,6.0531044,5.945131
117.22889,-114.93841,6.0547037,5.9471297
116.50801,-114.24548,6.056303,5.9491286
115.787125,-113.55256,6.0579023,5.951128
115.06624,-112.859634,6.0595016,5.953127
114.34535,-112.16672,6.0611134,5.955138
113.624466,-111.4738,6.0629125,5.9573374
112.90357,-110.780876,6.0647116,5.9595366
112.182686,-110.08796,6.0665107,5.9617352
111.46179,-109.39504,6.06831,5.9639344
110.740906,-108.70213,6.070097,5.966121
110.02001,-108.00922,6.0716963,5.96812
109.29912,-107.3163,6.0732956,5.9701195
108.578224,-106.62339,6.074895,5.9721184
107.85732,-105.93048,6.076494,5.9741173
107.13643,-105.237564,6.078105,5.976128
106.415535,-104.544655,6.079904,5.9783273
105.69464,-103.851746,6.081703,5.9805264
104.97374,-103.15884,6.083503,5.982725
104.252846,-102.46593,6.085302,5.9849243
103.531944,-101.77302,6.0870895,5.987112
102.81105,-101.08011,6.088689,5.9891114
102.09015,-100.3872,6.0902886,5.9911103
101.369255,-99.69429,6.091888,5.9931097
100.64835,-99.00138,6.0934873,5.9951086
99.92746,-98.30847,6.095097,5.997119
99.206566,-97.61556,6.096896,5.9993176
98.485664,-96.922646,6.0986958,6.001517
97.76477,-96.22974,6.100495,6.003716
97.04388,-95.53683,6.102294,6.005915
96.322975,-94.84392,6.104083,6.008104
95.60208,-94.151,6.1056824,6.010103
94.88119,-93.45809,6.1072817,6.012102
94.1603,-92.765175,6.108881,6.0141015
93.43941,-92.07226,6.1104803,6.0161004
92.71851,-91.37934,6.1120896,6.0181
91.99763,-90.686424,6.113889,6.020099
91.27673,-89.99351,6.1156883,6.022098
90.55585,-89.30059,6.117488,6.0240974
89.83496,-88.607666,6.119287,6.026097
89.114075,-87.91475,6.121086,6.0281053
88.39319,-87.221825,6.1228857,6.0303044
87.67231,-86.5289,6.124685,6.0325036
86.95142,-85.835976,6.1264844,6.034703
86.230545,-85.14304,6.1282835,6.036902
85.50967,-84.45011,6.1300735,6.039092
84.788795,-83.75718,6.131673,6.0410914
84.06792,-83.06425,6.1332726,6.0430903
83.347046,-82.371315,6.134872,6.0450897
82.626175,-81.678375,6.1364713,6.047089
81.90531,-80.985435,6.1380796,6.049097
81.18444,-80.292496,6.1398787,6.051296
80.46358,-79.59955,6.1416783,6.0534954
79.74272,-78.9066,6.1434774,6.0556946
79.02186,-78.21365,6.145277,6.0578938
78.301,-77.5207,6.1470675,6.060085
77.58015,-76.82774,6.1486673,6.0620837
76.8593,-76.13479,6.1502666,6.064083
76.13845,-75.441826,6.151866,6.0660825
75.4176,-74.74886,6.1534653,6.068082
74.69676,-74.0559,6.1550727,6.070089
73.97592,-73.36293,6.1568723,6.0722885
73.25508,-72.66996,6.1586714,6.0744877
72.53425,-71.97698,6.160471,6.076687
71.813416,-71.284004,6.1622705,6.078886
71.09259,-70.59103,6.164062,6.0810776
70.371765,-69.89804,6.1656613,6.0830765
69.65094,-69.20505,6.1672606,6.085076
68.93012,-68.512054,6.1688604,6.087075
68.20931,-67.81906,6.1704597,6.0890746
67.488495,-67.12606,6.1720667,6.091081
66.76769,-66.43306,6.173866,6.0932803
66.04689,-65.74005,6.1756654,6.0954795
65.32609,-65.04704,6.1774645,6.097679
64.60529,-64.35403,6.179264,6.0998783
63.8845,-63.661007,6.1810565,6.1020703
63.16371,-62.967983,6.182656,6.1040697
62.44293,-62.274956,6.184255,6.106069
61.72215,-61.58192,6.1858544,6.1080685
61.001373,-60.888885,6.187454,6.1100674
60.2806,-60.195847,6.18906,6.1120667
59.559837,-59.5028,6.19086,6.114066
58.839073,-58.80975,6.192659,6.1160655
58.118317,-58.116695,6.1944585,6.118065
57.397564,-57.423634,6.1962576,6.1200643
56.676815,-56.730568,6.1980505,6.12207
55.956074,-56.0375,6.1996503,6.124269
55.235336,-55.344425,6.2012496,6.126468
54.514603,-54.651344,6.202849,6.1286674
53.793873,-53.95826,6.2044487,6.1308665
53.07315,-53.265167,6.2060537,6.13306
52.352432,-52.572075,6.2078533,6.1350594
51.631718,-51.87897,6.209653,6.1370587
50.91101,-51.185863,6.211452,6.1390576
50.190308,-50.492752,6.2132516,6.141057
49.469612,-49.799633,6.2150507,6.143062
48.74892,-49.10651,6.2168503,6.1452613
48.028233,-48.41338,6.2186494,6.1474605
47.307552,-47.720245,6.220449,6.1496596
46.58688,-47.027103,6.222248,6.151859
45.86621,-46.333954,6.2240424,6.1540527
45.14555,-45.6408,6.2256417,6.156052
44.424892,-44.947643,6.227241,6.1580515
43.704243,-44.254475,6.228841,6.160051
42.9836,-43.561302,6.23044,6.1620502
42.262962,-42.868122,6.232044,6.1640544
41.542328,-42.17494,6.233844,6.1662536
40.821705,-41.481743,6.235643,6.1684527
40.101086,-40.788544,6.2374425,6.170652
39.380474,-40.095337,6.2392416,6.172851
38.659866,-39.402126,6.2410364,6.175046
37.93927,-38.708904,6.242636,6.177045
37.218678,-38.01568,6.2442355,6.1790442
36.49809,-37.322445,6.245835,6.1810436
35.77751,-36.629204,6.247434,6.183043
35.056942,-35.935955,6.2490377,6.185042
34.336376,-35.2427,6.2508373,6.1870413
33.615818,-34.54944,6.2526364,6.1890407
32.895267,-33.856167,6.254436,6.19104
32.174725,-33.162888,6.256235,6.193039
31.45419,-32.469604,6.258031,6.195042
30.733662,-31.77631,6.25963,6.1972413
30.013142,-31.083008,6.2612295,6.1994405
29.292627,-30.389698,6.262829,6.2016397
28.572123,-29.696383,6.264428,6.203839
27.851625,-29.003056,6.2660313,6.2060347
27.131136,-28.309723,6.2678304,6.2080336
26.410654,-27.61638,6.2696295,6.210033
25.69018,-26.92303,6.271429,6.2120323
24.969713,-26.229673,6.273228,6.214031
24.249256,-25.536306,6.2750244,6.216034
23.528807,-24.842932,6.2766237,6.2182326
22.808365,-24.149548,6.278223,6.220432
22.087933,-23.456156,6.279823,6.222631
21.367508,-22.762754,6.281422,6.22483
20.64709,-22.069345,6.283024,6.2270265
19.926683,-21.375927,6.2848234,6.229026
19.206285,-20.682499,6.2866225,6.231025
18.485895,-19.989061,6.2884216,6.233024
17.765512,-19.295616,6.290221,6.2350235
17.045141,-18.60216,6.292018,6.237025
16.324778,-17.908695,6.2936172,6.239224
15.604423,-17.215221,6.2952166,6.241423
14.884077,-16.521738,6.296816,6.243622
14.163741,-15.828246,6.298415,6.245821
13.443414,-15.134744,6.3000164,6.2480183
12.723096,-14.441232,6.3018155,6.2500176
12.002788,-13.747709,6.303615,6.2520165
11.282489,-13.054177,6.305414,6.254016
10.5622,-12.360636,6.3072133,6.256015
9.841921,-11.667084,6.3090124,6.258015
9.121651,-10.973522,6.310812,6.2602143
8.40139,-10.279951,6.312611,6.2624135
7.6811395,-9.586369,6.31441,6.264612
6.9608994,-8.8927765,6.3162093,6.2668114
6.240669,-8.199174,6.3180094,6.2690105
5.520448,-7.5055604,6.3200088,6.2712092
4.8002386,-6.8119364,6.3220077,6.2734084
4.0800385,-6.118302,6.3240066,6.275607
3.359849,-5.424657,6.326006,6.2778063
2.63967,-4.731001,6.3280063,6.2800064
1.9195012,-4.037334,6.330605,6.282605
1.1993428,-3.3436563,6.333204,6.285204
0.47919518,-2.6499677,6.3358026,6.2878027
-0.24094182,-1.956268,6.3384013,6.2904015
