# x_m,y_m,w_tr_right_m,w_tr_left_m
0.123414,-0.739252,5.388,5.699
0.34421468,-1.7143933,5.380797,5.6929975
0.56497085,-2.6895447,5.373594,5.686995
0.7856918,-3.6647038,5.366391,5.6809926
1.0063868,-4.639869,5.359188,5.67499
1.2270648,-5.615038,5.351984,5.6689863
1.4477216,-6.590212,5.3443804,5.662383
1.6682979,-7.565404,5.3367767,5.65578
1.888721,-8.54063,5.329173,5.6491766
2.1089184,-9.515908,5.321569,5.6425734
2.3288171,-10.491253,5.3139653,5.63597
2.54834,-11.466683,5.3063607,5.629366
2.7673912,-12.442219,5.2987566,5.622762
2.9858704,-13.417883,5.291152,5.616158
3.203677,-14.393697,5.2835474,5.6095543
3.4207108,-15.369683,5.275943,5.6029506
3.6368725,-16.345863,5.2683377,5.596346
3.8520672,-17.322258,5.260732,5.589741
4.0662007,-18.298883,5.253127,5.5831366
4.27918,-19.275763,5.245522,5.5765324
4.490911,-20.252914,5.2379165,5.5699277
4.7012987,-21.230354,5.230311,5.5633225
4.9102483,-22.208103,5.2227054,5.556718
5.117664,-23.18618,5.2150993,5.5501127
5.3234487,-24.1646,5.207494,5.5435076
5.527507,-25.143381,5.1998878,5.5369024
5.729743,-26.122541,5.192282,5.5302978
5.93006,-27.102095,5.1846766,5.5236926
6.128362,-28.082058,5.1770706,5.517088
6.3245535,-29.062447,5.169465,5.510483
6.518537,-30.043276,5.1618595,5.503878
6.710217,-31.024555,5.154255,5.497274
6.8994975,-32.0063,5.1466503,5.49067
7.086284,-32.988525,5.1390457,5.484066
7.2704816,-33.971237,5.1314416,5.4774623
7.4519944,-34.954453,5.124099,5.4709916
7.630726,-35.93817,5.1287,5.4705915
7.806577,-36.922413,5.133301,5.4701915
7.979448,-37.90718,5.1379013,5.469791
8.149238,-38.892487,5.1425023,5.469391
8.315846,-39.87833,5.1471887,5.469036
8.479194,-40.864723,5.1555853,5.4706354
8.639274,-41.851654,5.1639814,5.4722347
8.7961,-42.839104,5.1723776,5.473834
8.949684,-43.82706,5.180774,5.4754333
9.100039,-44.815517,5.189174,5.4770327
9.247178,-45.80446,5.1977654,5.478631
9.39112,-46.79387,5.2063565,5.4802294
9.531881,-47.783737,5.2149477,5.4818273
9.669482,-48.77405,5.223539,5.4834256
9.803942,-49.764793,5.2321267,5.485024
9.935276,-50.755955,5.2405148,5.486622
10.063503,-51.747528,5.2489023,5.4882197
10.188641,-52.73949,5.2572904,5.489817
10.310703,-53.73184,5.265678,5.491415
10.4297085,-54.724556,5.2740674,5.4930124
10.545672,-55.717636,5.282653,5.49461
10.658611,-56.711063,5.2912383,5.496207
10.768543,-57.704826,5.2998238,5.497804
10.875483,-58.698917,5.3084087,5.4994016
10.979448,-59.693325,5.316994,5.500999
11.080455,-60.688034,5.32538,5.5025964
11.178519,-61.68304,5.3337655,5.5041933
11.273657,-62.67833,5.342151,5.5057907
11.365885,-63.673893,5.350537,5.507388
11.455217,-64.66972,5.3589225,5.508985
11.541672,-65.6658,5.362759,5.51909
11.625264,-66.66213,5.3665533,5.5292745
11.706008,-67.65869,5.3703475,5.539459
11.783921,-68.65547,5.3741417,5.5496435
11.859016,-69.65248,5.377936,5.5598283
11.931312,-70.64969,5.3764286,5.5794454
12.000821,-71.647095,5.3748302,5.599224
12.06756,-72.64469,5.373232,5.6190033
12.131545,-73.64247,5.3716335,5.638782
12.192791,-74.64042,5.3700356,5.658561
12.251313,-75.63853,5.3684363,5.678352
12.307132,-76.636795,5.366837,5.6981425
12.360266,-77.63521,5.3652377,5.7179337
12.410737,-78.63376,5.3636384,5.737725
12.458563,-79.63245,5.362039,5.7575154
12.503766,-80.63125,5.3604393,5.777121
12.546364,-81.630165,5.358839,5.7967215
12.586379,-82.62919,5.357239,5.8163223
12.62383,-83.62832,5.355639,5.8359227
12.658736,-84.62753,5.3540387,5.8555236
12.691119,-85.62683,5.352243,5.875326
12.720999,-86.62621,5.3504424,5.895134
12.748395,-87.62566,5.348642,5.9149413
12.773329,-88.62518,5.346841,5.934749
12.795821,-89.624756,5.3450403,5.9545565
12.815891,-90.62438,5.3444133,5.973977
12.833561,-91.62405,5.343813,5.9933887
12.84885,-92.62376,5.343212,6.0128007
12.86178,-93.623505,5.342612,6.0322123
12.872371,-94.623276,5.3420115,6.0516243
12.880644,-95.62306,5.3714404,6.0596547
12.88662,-96.62287,5.401462,6.06746
12.890319,-97.622696,5.4314837,6.075266
12.891764,-98.62252,5.4615054,6.083071
12.890973,-99.622345,5.491527,6.090877
12.887969,-100.62217,5.521353,6.098683
12.882773,-101.62198,5.551175,6.1064887
12.875405,-102.62178,5.5809975,6.1142945
12.865887,-103.62156,5.61082,6.1221004
12.854239,-104.621315,5.640642,6.129906
12.840485,-105.62105,5.670463,6.1379094
12.824642,-106.62075,5.7002845,6.1459155
12.806733,-107.620415,5.7301054,6.153921
12.78678,-108.62005,5.759927,6.1619267
12.764803,-109.61963,5.7897477,6.1699324
12.740824,-110.61917,5.8197646,6.1777387
12.714863,-111.61866,5.849783,6.1855435
12.686942,-112.618095,5.8798018,6.1933484
12.657082,-113.61748,5.90982,6.2011533
12.625304,-114.6168,5.9398384,6.208958
12.59163,-115.61606,5.969654,6.2167616
12.55608,-116.61525,5.9994683,6.2245655
12.518677,-117.61438,6.0292826,6.2323694
12.47944,-118.613434,6.059097,6.240173
12.438391,-119.61242,6.088911,6.247977
12.395552,-120.61133,6.117125,6.25558
12.350943,-121.61015,6.1453342,6.263182
12.304586,-122.60891,6.1735435,6.270785
12.256502,-123.607574,6.2017527,6.278387
12.206713,-124.60616,6.229962,6.2859898
12.155238,-125.60467,6.2248063,6.2879977
12.102101,-126.60308,6.2196054,6.289998
12.047321,-127.6014,6.2144046,6.2919984
11.99092,-128.59964,6.2092037,6.2939987
11.932919,-129.59778,6.204003,6.295999
11.873337,-130.59583,6.198603,6.297999
11.812199,-131.59378,6.193203,6.2999988
11.749522,-132.59164,6.1878033,6.301999
11.685331,-133.58942,6.182403,6.303999
11.619646,-134.58708,6.177003,6.305999
11.552488,-135.58464,6.171804,6.3079987
11.483877,-136.5821,6.1666045,6.309998
11.413835,-137.57948,6.161405,6.311998
11.34238,-138.57675,6.156206,6.3139977
11.269532,-139.57393,6.1510067,6.3159976
11.195315,-140.571,6.1456084,6.317997
11.119751,-141.56796,6.14021,6.3199964
11.042864,-142.56482,6.1348114,6.3219957
10.96468,-143.56158,6.1294127,6.323995
10.8852215,-144.55826,6.1240144,6.3259945
10.804516,-145.55482,6.118816,6.3277946
10.722589,-146.55128,6.1136174,6.329594
10.639469,-147.54765,6.1084194,6.3313932
10.555185,-148.54391,6.1032214,6.3331923
10.469764,-149.54008,6.0980234,6.334992
10.383233,-150.53616,6.092627,6.33699
10.295621,-151.53215,6.0872293,6.3389893
10.206954,-152.52803,6.081832,6.340988
10.117261,-153.52382,6.0764346,6.342987
10.0265665,-154.51953,6.071037,6.3449864
9.934899,-155.51515,6.0658383,6.3469853
9.842287,-156.51068,6.0606413,6.3489842
9.748755,-157.50612,6.0554442,6.350983
9.654334,-158.50148,6.050247,6.3529816
9.559048,-159.49675,6.04505,6.3549805
9.462926,-160.49194,6.0467815,6.353812
9.365994,-161.48706,6.04858,6.352613
9.268281,-162.4821,6.0503793,6.3514137
9.169812,-163.47707,6.052178,6.3502145
9.070616,-164.47197,6.053977,6.349015
8.970718,-165.46678,6.060314,6.345843
8.870149,-166.46155,6.0667095,6.342645
8.768931,-167.45624,6.0731053,6.339447
8.667096,-168.45085,6.079501,6.3362494
8.564669,-169.44542,6.085897,6.333051
8.461676,-170.43993,6.0920963,6.329657
8.358146,-171.43439,6.0982924,6.326259
8.254105,-172.42879,6.1044884,6.322861
8.14958,-173.42313,6.1106844,6.3194637
8.044599,-174.41743,6.11688,6.316066
7.939189,-175.41168,6.1232724,6.312864
7.8333764,-176.4059,6.1296687,6.3096657
7.7271886,-177.40007,6.136065,6.3064675
7.620653,-178.39421,6.142461,6.3032694
7.513797,-179.3883,6.148857,6.3000712
7.4066463,-180.38237,6.1550584,6.296873
7.299229,-181.37642,6.1612554,6.2936745
7.191572,-182.37042,6.1674523,6.2904763
7.0837026,-183.36441,6.1736493,6.2872777
6.975647,-184.35838,6.1798463,6.2840796
6.8674326,-185.35234,6.186044,6.2808805
6.7590866,-186.34628,6.1922417,6.277682
6.6506367,-187.34021,6.1984396,6.2744827
6.542109,-188.33412,6.2046375,6.2712836
6.4335313,-189.32803,6.2108355,6.268085
6.3249307,-190.32195,6.2172294,6.264691
6.216334,-191.31586,6.2236285,6.261291
6.107768,-192.30978,6.2300277,6.2578917
5.99926,-193.3037,6.236427,6.2544923
5.8908362,-194.29762,6.242826,6.2510924
5.782524,-195.29156,6.249032,6.2478867
5.674351,-196.28552,6.255233,6.244686
5.5663457,-197.27951,6.2614336,6.241486
5.458536,-198.2735,6.2676344,6.2382855
5.3509502,-199.26752,6.273835,6.235085
5.243615,-200.26157,6.280233,6.2318835
5.1365557,-201.25565,6.2866354,6.228682
5.029796,-202.24976,6.2930384,6.2254806
4.92336,-203.24391,6.2994413,6.2222795
4.8172708,-204.23808,6.3058443,6.219078
4.711555,-205.23232,6.312054,6.21568
4.6062503,-206.22658,6.3182592,6.2122774
4.5013957,-207.22089,6.3244643,6.2088747
4.397032,-208.21526,6.330669,6.2054715
4.293198,-209.20967,6.336874,6.202069
4.189886,-210.20415,6.343866,6.200627
4.086879,-211.19865,6.3508735,6.1992254
3.9839046,-212.19316,6.357881,6.1978235
3.8806915,-213.18765,6.364889,6.196422
3.7769678,-214.18208,6.3718967,6.1950207
3.672469,-215.17644,6.380283,6.1971693
3.566958,-216.17068,6.3886895,6.199371
3.4602063,-217.1648,6.397096,6.201573
3.3519852,-218.15874,6.4055023,6.2037745
3.242066,-219.15251,6.413909,6.205976
3.1301877,-220.14606,6.4035196,6.222215
3.0159554,-221.13933,6.3929243,6.238608
2.8989396,-222.1323,6.382329,6.2550006
2.7787113,-223.12486,6.371733,6.271394
2.6548414,-224.11699,6.361138,6.2877865
2.5270422,-225.10861,6.3448567,6.3082776
2.3956065,-226.09976,6.3285007,6.3288226
2.2609782,-227.09048,6.3121448,6.349367
2.1236007,-228.08083,6.295789,6.3699117
1.9839162,-229.07085,6.279433,6.390456
1.8426249,-230.06064,6.262905,6.411167
1.7015426,-231.05046,6.2463727,6.4318824
1.5627877,-232.0406,6.2298403,6.452598
1.4284804,-233.03137,6.213308,6.4733133
1.3007445,-234.02301,6.196776,6.4940276
1.1816801,-235.01572,6.2093086,6.506027
1.0732708,-236.00964,6.2232723,6.517597
0.9774745,-237.00485,6.2372365,6.5291677
0.89625776,-238.00137,6.2512007,6.5407376
0.8315908,-238.9991,6.2651634,6.5523067
0.7853956,-239.99783,6.314676,6.553749
0.75938296,-240.99731,6.36645,6.5545454
0.75521404,-241.9971,6.4182253,6.5553417
0.77455896,-242.99672,6.470004,6.5561385
0.8190838,-243.99553,6.5217814,6.5569353
0.89030606,-244.99278,6.580619,6.4686995
0.9890637,-245.9877,6.640076,6.3725767
1.115987,-246.9794,6.6995306,6.2764587
1.2717059,-247.967,6.7589846,6.1803412
1.4568402,-248.9495,6.8184357,6.084229
1.6720537,-249.92584,6.8291545,6.0683193
1.9183595,-250.8948,6.8327694,6.0641026
2.1968856,-251.85501,6.836384,6.0598855
2.5087175,-252.80492,6.8399982,6.055669
2.85487,-253.74284,6.8436112,6.0514536
3.236365,-254.66698,6.8384976,6.0812626
3.6547127,-255.575,6.8323326,6.1151714
4.111573,-256.46426,6.8261657,6.1490893
4.6085033,-257.33173,6.8199964,6.18302
5.146866,-258.17413,6.8141174,6.216845
5.727142,-258.98822,6.8182874,6.246868
6.3474574,-259.77222,6.8224554,6.2768784
7.0055227,-260.52484,6.8266225,6.3068824
7.699175,-261.24478,6.8307905,6.33689
8.426371,-261.93082,6.831174,6.3688083
9.18452,-262.58252,6.818895,6.407078
9.969845,-263.2012,6.806616,6.445347
10.778707,-263.78882,6.794341,6.4836044
11.60781,-264.34753,6.782068,6.521855
12.454204,-264.8797,6.7708035,6.5450277
13.315466,-265.38748,6.761474,6.5392714
14.18972,-265.87253,6.7521424,6.5335135
15.075259,-266.33667,6.7428102,6.5277553
15.970515,-266.7818,6.733478,6.521997
16.874063,-267.20987,6.724668,6.509689
17.784708,-267.6226,6.7170444,6.4825172
18.701525,-268.02145,6.70942,6.455344
19.623672,-268.40784,6.7017965,6.4281716
20.550371,-268.78317,6.694173,6.401
21.48089,-269.14893,6.686548,6.373789
22.414623,-269.5064,6.678922,6.346413
23.35115,-269.85648,6.6712956,6.3190355
24.290102,-270.20004,6.663669,6.291658
25.231117,-270.53787,6.656042,6.26428
26.173857,-270.87088,6.6484137,6.2369094
27.117985,-271.19995,6.64076,6.209631
28.063145,-271.526,6.6331058,6.182352
29.008986,-271.8501,6.625452,6.155073
29.95516,-272.17322,6.6177983,6.1277947
30.901323,-272.49637,6.6101446,6.1005163
31.847136,-272.82056,6.6022434,6.0730453
32.792248,-273.1468,6.5943365,6.0455704
33.736298,-273.47604,6.58643,6.018095
34.67892,-273.8094,6.5785236,5.99062
35.619743,-274.14777,6.5706177,5.9631457
36.558357,-274.49225,6.562819,5.9352226
37.494324,-274.8438,6.55503,5.907262
38.427166,-275.2036,6.5472407,5.8793006
39.356373,-275.5727,6.5394516,5.8513393
40.281418,-275.9521,6.531663,5.823379
41.201714,-276.34283,6.4593253,5.853882
42.11665,-276.746,6.3809876,5.88982
43.025547,-277.16257,6.3026495,5.925759
43.92769,-277.5936,6.224312,5.961697
44.822304,-278.04,6.145981,5.9976325
45.70857,-278.50278,6.0879035,6.035145
46.585567,-278.98288,6.0306306,6.0727177
47.452316,-279.48126,5.973355,6.110292
48.307755,-279.99878,5.916076,6.1478686
49.15075,-280.53635,5.862638,6.185374
49.98021,-281.09454,5.9052515,6.221121
50.795383,-281.67343,5.9478607,6.2568645
51.595604,-282.2728,5.990469,6.292607
52.380173,-282.89252,6.0330772,6.328349
53.148373,-283.5324,6.075689,6.3652773
53.89953,-284.19223,6.1183286,6.414724
54.63315,-284.8715,6.1609683,6.4641695
55.348778,-285.5697,6.2036066,6.5136147
56.04597,-286.2863,6.2462444,6.5630584
56.724285,-287.0208,6.2952724,6.6241555
57.38322,-287.77274,6.408119,6.801629
58.02212,-288.54175,6.520968,6.9791055
58.640293,-289.32755,6.633819,7.1565857
59.237007,-290.12976,6.7466707,7.3340673
59.81154,-290.948,6.8463163,7.5015125
60.363117,-291.78186,6.8175235,7.5713806
60.8909,-292.631,6.788731,7.641247
61.394012,-293.495,6.7599387,7.711114
61.871548,-294.37335,6.7311463,7.7809806
62.322575,-295.26563,6.7090354,7.827234
62.746143,-296.17126,6.733016,7.7105837
63.141228,-297.0897,6.7569957,7.593937
63.50676,-298.02023,6.780976,7.4772863
63.841644,-298.96228,6.804957,7.3606334
64.14476,-299.915,6.828337,7.2560835
64.41502,-300.87756,6.849404,7.1982017
64.65143,-301.849,6.870469,7.140322
64.85296,-302.82825,6.891535,7.0824428
65.01858,-303.8142,6.9126,7.0245647
65.14723,-304.80566,6.9294467,6.9786263
65.23804,-305.8013,6.93718,6.9584785
65.29032,-306.79968,6.9449134,6.938331
65.303406,-307.79938,6.952647,6.9181824
65.276596,-308.79877,6.9603825,6.8980303
65.20921,-309.79626,6.9611483,6.8684263
65.1014,-310.7902,6.951593,6.824831
64.954346,-311.77908,6.9420395,6.7812424
64.7693,-312.7616,6.9324875,6.737661
64.54751,-313.73645,6.922936,6.6940823
64.29012,-314.7025,6.9116874,6.663016
63.99824,-315.65875,6.897654,6.6524906
63.67283,-316.6041,6.883619,6.6419644
63.31486,-317.53757,6.869584,6.6314383
62.925297,-318.45834,6.85555,6.620912
62.50507,-319.3655,6.835454,6.6356115
62.0549,-320.25824,6.7970076,6.7266793
61.57514,-321.13538,6.7585597,6.8177505
61.066105,-321.99588,6.720111,6.9088225
60.528122,-322.83856,6.6816645,6.999891
59.96156,-323.66232,6.6473484,7.085348
59.366768,-324.4659,6.650893,7.1194196
58.744022,-325.24808,6.6544385,7.1534905
58.093605,-326.00735,6.657984,7.1875653
57.41583,-326.7423,6.6615295,7.221646
56.71106,-327.45142,6.6657805,7.2536287
55.979977,-328.13336,6.7021284,7.1897693
55.224228,-328.78787,6.738472,7.125917
54.445587,-329.415,6.77481,7.0620747
53.64575,-330.01486,6.8111444,6.9982376
52.82629,-330.58762,6.845844,6.934588
51.988712,-331.13354,6.842011,6.8754873
51.134518,-331.6531,6.838178,6.8163776
50.265133,-332.14682,6.834345,6.757267
49.381905,-332.61533,6.830512,6.6981564
48.486076,-333.05927,6.820586,6.638026
47.578815,-333.47937,6.744123,6.5668087
46.661182,-333.87628,6.6676555,6.4955864
45.734173,-334.2508,6.59119,6.424367
44.79871,-334.6037,6.5147276,6.35315
43.855648,-334.93573,6.43156,6.2852793
42.90573,-335.24762,6.3024416,6.240351
41.949516,-335.53964,6.173315,6.19542
40.987526,-335.812,6.044185,6.1504874
40.02026,-336.06503,5.9150534,6.1055546
39.04819,-336.29892,5.7884235,6.0612297
38.071777,-336.51398,5.6727195,6.01956
37.09148,-336.71054,5.5570154,5.97789
36.10772,-336.88898,5.441313,5.936221
35.120903,-337.04968,5.325611,5.894552
34.131413,-337.193,5.2268543,5.843397
33.139606,-337.3193,5.180948,5.7626576
32.145832,-337.42905,5.1350403,5.6819177
31.1504,-337.52258,5.0891333,5.6011777
30.153612,-337.60034,5.0432262,5.5204372
29.15574,-337.66272,5.0051355,5.4372344
28.15705,-337.71014,4.987525,5.347581
27.15777,-337.74298,4.969914,5.2579265
26.158125,-337.76166,4.9523034,5.1682725
25.158318,-337.76657,4.934693,5.078619
24.158533,-337.7581,4.9212217,4.997104
23.158943,-337.73666,4.9184356,4.936598
22.1597,-337.70264,4.915649,4.8760915
21.160952,-337.65637,4.9128623,4.815585
20.16282,-337.59827,4.910076,4.7550783
19.165424,-337.52866,4.908101,4.707622
18.168869,-337.4479,4.9084983,4.6982956
17.173244,-337.35638,4.908895,4.6889696
16.178638,-337.25436,4.9092917,4.679643
15.1851225,-337.14224,4.9096885,4.6703167
14.192761,-337.02032,4.9028974,4.661588
13.201611,-336.88892,4.869932,4.6550345
12.21172,-336.74835,4.836967,4.6484814
11.223133,-336.59888,4.804002,4.641928
10.235884,-336.4408,4.771037,4.635375
9.25,-336.2744,4.7376204,4.628889
8.265502,-336.10004,4.7021465,4.6227107
7.2824054,-335.9179,4.666672,4.616533
6.300715,-335.72833,4.631198,4.610355
5.320433,-335.53162,4.5957236,4.6041765
4.341554,-335.32803,4.563539,4.6001983
3.3640664,-335.1179,4.5483575,4.6075892
2.38795,-334.90146,4.5331764,4.61498
1.4131794,-334.67902,4.517995,4.6223707
0.4397237,-334.4509,4.5028133,4.6297617
-0.532453,-334.2174,4.4879103,4.6373725
-1.5033915,-333.9788,4.4745116,4.646171
-2.473138,-333.7354,4.4611135,4.65497
-3.4417431,-333.4875,4.447715,4.6637692
-4.409261,-333.23538,4.4343166,4.6725683
-5.3757505,-332.97937,4.422098,4.680466
-6.341274,-332.71973,4.416296,4.6834674
-7.3058963,-332.45673,4.410494,4.6864686
-8.269689,-332.19073,4.4046917,4.68947
-9.232722,-331.922,4.398889,4.692471
-10.195072,-331.65082,4.394913,4.6941495
-11.156815,-331.3775,4.4007177,4.6887455
-12.118026,-331.10233,4.406522,4.683342
-13.078783,-330.82556,4.412326,4.677938
-14.0391655,-330.5475,4.4181304,4.672534
-14.999252,-330.2684,4.423935,4.667162
-15.959129,-329.98862,4.4297414,4.661956
-16.918888,-329.7084,4.435548,4.65675
-17.878622,-329.4281,4.4413548,4.651544
-18.838427,-329.14807,4.447161,4.646338
-19.798397,-328.8686,4.4529686,4.6410985
-20.758614,-328.58994,4.4587784,4.6356893
-21.71912,-328.31232,4.464588,4.63028
-22.679956,-328.03583,4.4703984,4.6248703
-23.641167,-327.76062,4.476208,4.619461
-24.602785,-327.48688,4.482089,4.613419
-25.56483,-327.21463,4.4883027,4.604399
-26.527267,-326.94376,4.494517,4.595379
-27.490053,-326.67413,4.5007305,4.586359
-28.453144,-326.40558,4.506944,4.5773387
-29.416498,-326.138,4.5131583,4.567982
-30.38008,-325.87125,4.5193734,4.557156
-31.343859,-325.6052,4.5255885,4.54633
-32.30781,-325.33978,4.531803,4.535504
-33.27191,-325.0749,4.538018,4.5246778
-34.23613,-324.81042,4.5442333,4.513812
-35.200443,-324.54633,4.5504475,4.5027866
-36.164825,-324.28247,4.5566616,4.4917617
-37.129242,-324.01874,4.5628757,4.4807363
-38.093662,-323.755,4.5690904,4.469711
-39.058064,-323.49124,4.575346,4.4586864
-40.02241,-323.22723,4.581758,4.4476657
-40.98668,-322.96298,4.58817,4.436645
-41.950836,-322.6983,4.5945826,4.425624
-42.914856,-322.43314,4.6009946,4.414603
-43.87871,-322.16736,4.607362,4.403628
-44.842373,-321.90088,4.6135693,4.392815
-45.80581,-321.63358,4.6197767,4.382002
-46.768993,-321.3654,4.625984,4.371189
-47.73189,-321.09616,4.632191,4.3603764
-48.69448,-320.82584,4.638397,4.3495207
-49.656727,-320.5543,4.6445985,4.338519
-50.6186,-320.28143,4.6507993,4.327517
-51.580063,-320.00714,4.6570005,4.316515
-52.54109,-319.7313,4.663202,4.3055134
-53.50164,-319.45383,4.6632557,4.300434
-54.461693,-319.17462,4.6422806,4.315616
-55.42121,-318.8936,4.6213055,4.330798
-56.380177,-318.6107,4.6003304,4.34598
-57.338562,-318.3258,4.5793552,4.3611617
-58.29634,-318.0389,4.555793,4.3788886
-59.253483,-317.74988,4.523071,4.405625
-60.209972,-317.4587,4.490349,4.432361
-61.165787,-317.16534,4.457627,4.4590974
-62.1209,-316.8697,4.424905,4.4858336
-63.075294,-316.57172,4.3921456,4.5125666
-64.02894,-316.27136,4.359246,4.539285
-64.98181,-315.96857,4.3263454,4.5660043
-65.93389,-315.66327,4.293445,4.5927234
-66.88515,-315.35544,4.260545,4.6194425
-67.835556,-315.04498,4.227684,4.646122
-68.78509,-314.73187,4.1949883,4.6726375
-69.73371,-314.41602,4.1622925,4.699153
-70.681404,-314.09738,4.1295967,4.7256684
-71.628136,-313.77588,4.096901,4.752184
-72.573875,-313.4515,4.0696464,4.774106
-73.51859,-313.12415,4.067652,4.7747045
-74.46226,-312.79376,4.065658,4.7753024
-75.40485,-312.46033,4.063664,4.775901
-76.34631,-312.12375,4.06167,4.7764993
-77.28664,-311.78397,4.0616555,4.7754416
-78.22578,-311.44095,4.0718327,4.7658634
-79.163704,-311.0946,4.0820093,4.756285
-80.10038,-310.7449,4.0921865,4.746707
-81.03577,-310.39178,4.102363,4.7371287
-81.96983,-310.0352,4.112511,4.7275496
-82.90254,-309.67502,4.122497,4.7179627
-83.833855,-309.31128,4.1324835,4.708376
-84.763725,-308.94388,4.14247,4.698789
-85.69212,-308.57275,4.152456,4.6892023
-86.619,-308.19785,4.163483,4.678603
-87.544334,-307.81915,4.180678,4.6620083
-88.468056,-307.43655,4.1978726,4.6454134
-89.39014,-307.05,4.215068,4.6288185
-90.31053,-306.65945,4.2322626,4.6122236
-91.229195,-306.26486,4.2504897,4.5946245
-92.14608,-305.86615,4.27491,4.571005
-93.06115,-305.46326,4.2993307,4.547385
-93.97434,-305.05615,4.323751,4.523765
-94.88561,-304.64478,4.3481717,4.5001454
-95.794914,-304.22906,4.372596,4.4764924
-96.7022,-303.80896,4.397043,4.4526463
-97.60742,-303.38443,4.4214907,4.4288
-98.51051,-302.95538,4.445938,4.404954
-99.41143,-302.52182,4.4703856,4.3811073
-100.31012,-302.08362,4.493956,4.35839
-101.20653,-301.64078,4.51281,4.341742
-102.10059,-301.19324,4.5316644,4.325094
-102.99226,-300.74094,4.5505185,4.3084464
-103.88148,-300.28384,4.5693727,4.2917986
-104.76818,-299.82187,4.5847597,4.2796144
-105.65231,-299.355,4.5833545,4.2890472
-106.53381,-298.88318,4.5819497,4.2984805
-107.41261,-298.40637,4.580545,4.307914
-108.28866,-297.9245,4.5791397,4.3173466
-109.16189,-297.43753,4.577735,4.3267803
-110.032234,-296.94547,4.5763297,4.336215
-110.89963,-296.44818,4.5749245,4.3456497
-111.76401,-295.94568,4.573519,4.355085
-112.625305,-295.43793,4.572114,4.3645196
-113.48346,-294.9249,4.570709,4.373954
-114.338394,-294.4065,4.5693045,4.383385
-115.19005,-293.88272,4.5678997,4.392816
-116.038345,-293.35352,4.566495,4.4022474
-116.88322,-292.81888,4.5650907,4.4116783
-117.7246,-292.27878,4.5560637,4.425995
-118.56246,-291.73322,4.5205855,4.4572635
-119.39688,-291.1824,4.4851074,4.4885325
-120.22795,-290.62653,4.4496293,4.519801
-121.05576,-290.06586,4.4141517,4.5510697
-121.880424,-289.50052,4.378593,4.582421
-122.70203,-288.9308,4.342772,4.6140394
-123.52068,-288.35678,4.3069506,4.6456585
-124.336494,-287.77878,4.271129,4.677277
-125.149574,-287.19693,4.2353077,4.708896
-125.96004,-286.61142,4.1995006,4.7405024
-126.76799,-286.0225,4.1637387,4.7720685
-127.57355,-285.43027,4.1279774,4.8036346
-128.37685,-284.83496,4.0922155,4.835201
-129.17798,-284.23676,4.056454,4.866767
-129.97708,-283.63586,4.0225115,4.8972106
-130.77428,-283.03244,3.99458,4.923945
-131.56969,-282.42664,3.9666488,4.950679
-132.36343,-281.8187,3.9387174,4.977413
-133.15564,-281.2087,3.9107862,5.0041475
-133.94646,-280.59692,3.9015434,5.019518
-134.73598,-279.9835,3.9585555,4.9946
-135.52435,-279.3686,4.015568,4.9696817
-136.3117,-278.75238,4.07258,4.944764
-137.09818,-278.135,4.1295924,4.919846
-137.88388,-277.5167,4.1865625,4.894929
-138.66896,-276.89758,4.243369,4.8700137
-139.45355,-276.27786,4.3001757,4.8450985
-140.23776,-275.65765,4.356982,4.8201833
-141.02174,-275.03714,4.413789,4.795268
-141.8056,-274.41647,4.4706397,4.770313
-142.58948,-273.79584,4.527685,4.7451806
-143.37352,-273.1754,4.5847306,4.720049
-144.15788,-272.5554,4.641776,4.6949167
-144.94272,-271.93594,4.6988215,4.669785
-145.72815,-271.3173,4.7558465,4.6446815
-146.5143,-270.69955,4.8127728,4.619714
-147.30116,-270.0827,4.8696985,4.594746
-148.08871,-269.46674,4.926625,4.5697784
-148.87694,-268.85162,4.983551,4.5448112
-149.66582,-268.23734,5.030334,4.5241666
-150.4553,-267.62387,5.026334,4.5251665
-151.24538,-267.01114,5.0223336,4.5261664
-152.03595,-266.39905,5.018333,4.527167
-152.82698,-265.78757,5.014333,4.528167
-153.61841,-265.17657,5.0080605,4.5301356
-154.41017,-264.56604,4.990441,4.5369434
-155.20224,-263.95587,4.9728217,4.543751
-155.99455,-263.34604,4.9552026,4.550558
-156.78706,-262.73648,4.937583,4.557366
-157.57973,-262.1271,4.9199963,4.5642085
-158.3725,-261.51785,4.9025645,4.571221
-159.16533,-260.9087,4.8851333,4.5782337
-159.95816,-260.29956,4.867702,4.585246
-160.75095,-259.69034,4.8502707,4.592259
-161.54366,-259.08102,4.832802,4.5992355
-162.33621,-258.4715,4.8151636,4.6060505
-163.12857,-257.86172,4.7975254,4.612865
-163.9207,-257.25165,4.779887,4.61968
-164.71252,-256.6412,4.762249,4.626495
-165.50403,-256.0303,4.7446103,4.633348
-166.29514,-255.41891,4.726971,4.6403637
-167.0858,-254.80696,4.709332,4.6473794
-167.87598,-254.19437,4.691693,4.6543946
-168.66562,-253.58107,4.674054,4.6614103
-169.45467,-252.96703,4.656416,4.6683846
-170.24307,-252.35216,4.638782,4.6751976
-171.03079,-251.73642,4.6211486,4.6820107
-171.81778,-251.11972,4.6035147,4.6888237
-172.60397,-250.50201,4.585881,4.6956367
-173.38933,-249.88324,4.5682497,4.7024918
-174.1738,-249.26337,4.5506263,4.709501
-174.95743,-248.64241,4.5330033,4.71651
-175.7402,-248.0204,4.5153804,4.7235193
-176.52217,-247.39735,4.4977574,4.7305284
-177.30333,-246.7733,4.4824634,4.736439
-178.08372,-246.14827,4.4754586,4.7384405
-178.86334,-245.52231,4.468454,4.740442
-179.64223,-244.8954,4.461449,4.742443
-180.42038,-244.26762,4.4544444,4.7444444
-181.19783,-243.63895,4.449178,4.745688
-181.97461,-243.00945,4.4499784,4.744288
-182.75072,-242.37912,4.4507785,4.7428875
-183.52618,-241.748,4.4515786,4.7414875
-184.30103,-241.11612,4.4523787,4.7400875
-185.07526,-240.4835,4.453223,4.7386427
-185.8489,-239.85016,4.454223,4.7370434
-186.622,-239.21614,4.4552226,4.735444
-187.39453,-238.58145,4.456222,4.7338443
-188.16655,-237.94612,4.457222,4.732245
-188.93806,-237.31018,4.458177,4.7306457
-189.70909,-236.67365,4.4589767,4.729047
-190.47966,-236.03656,4.459776,4.727448
-191.24979,-235.39893,4.460575,4.725849
-192.01947,-234.76079,4.4613748,4.7242503
-192.78877,-234.12216,4.462218,4.722652
-193.55768,-233.48308,4.463217,4.7210536
-194.32623,-232.84355,4.4642158,4.7194552
-195.09444,-232.20363,4.4652143,4.717857
-195.8623,-231.56331,4.466213,4.7162585
-196.6299,-230.92262,4.46717,4.7147026
-197.39719,-230.2816,4.467969,4.7133045
-198.16423,-229.64027,4.468768,4.711906
-198.93103,-228.99864,4.469567,4.710508
-199.6976,-228.35677,4.470366,4.70911
-200.46397,-227.71465,4.471206,4.70767
-201.23018,-227.07231,4.4722047,4.7060723
-201.99622,-226.42978,4.4732037,4.7044744
-202.76212,-225.7871,4.474202,4.7028766
-203.52791,-225.14427,4.475201,4.7012787
-204.2936,-224.50133,4.4773173,4.6983633
-205.0592,-223.85829,4.483909,4.6901736
-205.82475,-223.2152,4.4905005,4.681984
-206.59029,-222.57205,4.4970922,4.6737947
-207.35579,-221.9289,4.5036836,4.665605
-208.1213,-221.28575,4.510469,4.657183
-208.88684,-220.64262,4.51806,4.647794
-209.65244,-219.99957,4.525652,4.6384044
-210.41809,-219.35658,4.533243,4.629015
-211.18384,-218.71371,4.540835,4.6196256
-211.94968,-218.07097,4.548389,4.610273
-212.71567,-217.42836,4.555783,4.601081
-213.4818,-216.78595,4.5631766,4.591889
-214.2481,-216.14374,4.57057,4.5826964
-215.0146,-215.50177,4.577964,4.5735044
-215.78131,-214.86006,4.585395,4.564275
-216.54826,-214.21863,4.5929914,4.554879
-217.31548,-213.5775,4.600588,4.5454836
-218.08295,-212.93669,4.6081843,4.536088
-218.85071,-212.29622,4.6157804,4.5266924
-219.61876,-211.6561,4.623378,4.517332
-220.38713,-211.01636,4.6309776,4.508132
-221.15585,-210.37704,4.638578,4.498932
-221.92499,-209.73824,4.6461782,4.489732
-222.69456,-209.09995,4.6537786,4.4805317
-223.46463,-208.46227,4.6613793,4.471294
-224.2352,-207.82518,4.668984,4.4618883
-225.0062,-207.18861,4.6765885,4.452482
-225.77753,-206.55246,4.6841936,4.4430766
-226.5491,-205.9166,4.691798,4.4336705
-227.32083,-205.28091,4.699404,4.4243007
-228.09258,-204.64523,4.7070136,4.4150887
-228.86404,-204.00925,4.7146235,4.4058766
-229.63495,-203.37257,4.7222333,4.3966646
-230.40501,-202.73486,4.729843,4.3874526
-231.17392,-202.09578,4.735732,4.3796554
-231.94139,-201.45497,4.734329,4.377852
-232.70717,-200.81213,4.7329264,4.3760486
-233.47098,-200.16696,4.731524,4.3742447
-234.23256,-199.51917,4.730121,4.3724413
-234.99165,-198.86844,4.7212296,4.3768783
-235.74796,-198.2145,4.68254,4.406146
-236.5012,-197.55702,4.64385,4.435414
-237.2511,-196.89572,4.6051598,4.464682
-237.99733,-196.2303,4.56647,4.4939504
-238.73961,-195.56047,4.5277853,4.523257
-239.47762,-194.88594,4.4891195,4.552707
-240.21106,-194.20645,4.4504533,4.582157
-240.93964,-193.52174,4.4117875,4.6116076
-241.66306,-192.83157,4.373122,4.6410575
-242.38097,-192.1357,4.342691,4.662852
-243.09306,-191.43387,4.341292,4.6576567
-243.79898,-190.72583,4.3398933,4.652461
-244.49838,-190.01135,4.3384943,4.6472654
-245.19089,-189.29018,4.3370957,4.64207
-245.87611,-188.5621,4.3378515,4.6348567
-246.55374,-187.82693,4.3463955,4.620352
-247.22353,-187.08461,4.3549395,4.6058464
-247.88525,-186.33511,4.3634834,4.591342
-248.5387,-185.57835,4.3720274,4.576837
-249.18361,-184.81435,4.380883,4.5748515
-249.81956,-184.04285,4.3911257,4.6284275
-250.44565,-183.26334,4.4013686,4.682004
-251.06087,-182.4752,4.411611,4.7355814
-251.66417,-181.67792,4.4218535,4.789156
-252.25449,-180.87097,4.4346046,4.8465624
-252.83054,-180.05379,4.4683332,4.9360433
-253.39044,-179.22545,4.5020614,5.0255213
-253.93211,-178.3851,4.5357914,5.115006
-254.4534,-177.53195,4.5695224,5.204492
-254.95206,-176.66539,4.6042933,5.289388
-255.42569,-175.7849,4.6537037,5.310214
-255.87126,-174.8899,4.7031083,5.3310375
-256.28555,-173.98,4.7525144,5.3518615
-256.6652,-173.05511,4.801911,5.3726816
-257.00674,-172.11552,4.8419456,5.3793173
-257.30682,-171.16187,4.8356614,5.315634
-257.56216,-170.19528,4.829377,5.2519574
-257.76932,-169.21725,4.8230896,5.1882415
-257.92462,-168.22968,4.8167963,5.1244674
-258.02432,-167.23497,4.791049,5.043996
-258.0682,-166.23622,4.7357955,4.9382663
-258.0606,-165.23653,4.6805882,4.8326254
-258.0063,-164.23825,4.625428,4.7270746
-257.9099,-163.24313,4.5702796,4.6215463
-257.7759,-162.25238,4.5239687,4.5437202
-257.6082,-161.26677,4.4840984,4.4861073
-257.41034,-160.28674,4.4442105,4.4284697
-257.186,-159.31244,4.4043193,4.3708267
-256.9387,-158.3437,4.364427,4.3131824
-256.67197,-157.38013,4.3423104,4.286691
-256.38876,-156.42125,4.333982,4.284367
-256.09177,-155.46655,4.3256536,4.282043
-255.78355,-154.51543,4.317326,4.279719
-255.46669,-153.56714,4.3089986,4.277395
-255.14369,-152.62093,4.3016806,4.276928
-254.81645,-151.67618,4.2958784,4.2792487
-254.48605,-150.73251,4.2900753,4.28157
-254.15353,-149.7896,4.2842727,4.283891
-253.81992,-148.84708,4.2784696,4.2862124
-253.4862,-147.90459,4.2726965,4.2885394
-253.15338,-146.96178,4.267024,4.2908864
-252.82228,-146.01837,4.261352,4.293234
-252.49376,-145.07405,4.2556796,4.295581
-252.16862,-144.12857,4.2500076,4.297928
-251.84773,-143.18164,4.244024,4.30093
-251.53197,-142.23299,4.235688,4.308868
-251.22229,-141.28233,4.227353,4.3168063
-250.91974,-140.32938,4.219018,4.3247447
-250.62532,-139.37389,4.210683,4.332683
-250.34007,-138.41562,4.2038045,4.3403153
-250.06503,-137.45438,4.2140884,4.3443484
-249.80133,-136.48996,4.2243724,4.3483815
-249.5501,-135.52222,4.2346563,4.352414
-249.31248,-134.55104,4.2449403,4.356447
-249.08965,-133.57637,4.2567725,4.3591976
-248.88278,-132.59819,4.280067,4.352454
-248.69305,-131.61655,4.303361,4.345711
-248.52173,-130.63153,4.3266554,4.3389683
-248.37,-129.6433,4.34995,4.3322253
-248.2391,-128.65208,4.3701243,4.3202577
-248.13025,-127.658226,4.379563,4.290301
-248.04454,-126.6621,4.389001,4.2603455
-247.98308,-125.66419,4.398439,4.230389
-247.94698,-124.66505,4.4078774,4.2004323
-247.93736,-123.66529,4.421755,4.1617203
-247.95506,-122.66565,4.443828,4.10684
-248.00052,-121.666885,4.4659004,4.0519633
-248.07416,-120.66981,4.4879727,3.9970863
-248.17642,-119.67526,4.510045,3.942209
-248.30775,-118.68413,4.522673,3.9300208
-248.46906,-117.69744,4.5218816,3.9784896
-248.66193,-116.71644,4.5210905,4.026958
-248.88791,-115.74254,4.5202994,4.0754175
-249.14851,-114.77733,4.5195084,4.1238513
-249.4451,-113.82256,4.5114207,4.1582584
-249.77928,-112.8803,4.490163,4.167397
-250.15315,-111.95309,4.4689016,4.1765375
-250.5689,-111.04389,4.4476194,4.185687
-251.0286,-110.15612,4.426307,4.194849
-251.53413,-109.293655,4.4072337,4.2303925
-252.08339,-108.45833,4.3927665,4.319608
-252.66849,-107.64766,4.378314,4.408729
-253.2816,-106.85792,4.3638816,4.49773
-253.91545,-106.0847,4.34946,4.586662
-254.56334,-105.3232,4.3415065,4.6450686
-255.22006,-104.569305,4.345886,4.6452675
-255.88239,-103.82032,4.3502703,4.645467
-256.5472,-103.07357,4.3546567,4.645666
-257.21152,-102.32635,4.359044,4.6458654
-257.87225,-101.57596,4.363433,4.646065
-258.5278,-100.82103,4.3678236,4.6462646
-259.1788,-100.06219,4.3722134,4.6464643
-259.82614,-99.30022,4.376602,4.6466637
-260.47073,-98.5359,4.3809905,4.646863
-261.1134,-97.76998,4.385318,4.6471257
-261.7548,-97.003006,4.389512,4.647525
-262.3951,-96.23511,4.393707,4.6479244
-263.03442,-95.46641,4.3979015,4.648324
-263.67294,-94.69701,4.4020967,4.6487236
-264.31073,-93.92702,4.406354,4.6490617
-264.948,-93.15661,4.4107513,4.6492615
-265.58502,-92.38598,4.4151483,4.6494613
-266.22205,-91.61536,4.4195457,4.649661
-266.85934,-90.84498,4.4239426,4.649861
-267.4972,-90.07505,4.4283404,4.6501217
-268.13577,-89.30571,4.4327393,4.6505218
-268.775,-88.5369,4.437138,4.650922
-269.41476,-87.76858,4.4415374,4.6513214
-270.05508,-87.00069,4.445936,4.6517215
-270.69583,-86.233154,4.4503355,4.6520605
-271.33694,-85.46595,4.4547358,4.652261
-271.97845,-84.69905,4.4591355,4.6524606
-272.6203,-83.93245,4.463536,4.652661
-273.26248,-83.16613,4.467936,4.6528606
-273.905,-82.40008,4.4722757,4.6531215
-274.5478,-81.63427,4.4764767,4.6535215
-275.19086,-80.86868,4.4806776,4.6539216
-275.83417,-80.10329,4.4848785,4.6543217
-276.47766,-79.338066,4.4890795,4.6547217
-277.12134,-78.57299,4.493342,4.655061
-277.76514,-77.80803,4.4977436,4.655261
-278.40906,-77.04317,4.5021453,4.6554613
-279.05307,-76.27837,4.506547,4.655661
-279.69714,-75.51363,4.5109487,4.6558614
-280.34122,-74.74892,4.515351,4.656061
-280.98532,-73.9842,4.519753,4.6562614
-281.6294,-73.21946,4.524155,4.6564617
-282.2734,-72.45468,4.528557,4.6566615
-282.91736,-71.68983,4.532959,4.656862
-283.5612,-70.92488,4.537361,4.6571236
-284.20486,-70.15981,4.541764,4.657524
-284.8484,-69.394615,4.546166,4.657924
-285.4917,-68.62924,4.550568,4.6583242
-286.1348,-67.863686,4.5549703,4.658725
-286.77765,-67.097916,4.5593104,4.6590624
-287.4202,-66.33191,4.5635123,4.6592627
-288.06247,-65.56564,4.567714,4.6594625
-288.70438,-64.799095,4.571916,4.6596627
-289.34592,-64.032234,4.5761185,4.659863
-289.9871,-63.26505,4.5803833,4.6601257
-290.6278,-62.49751,4.584785,4.660526
-291.2681,-61.729595,4.5891867,4.660926
-291.9079,-60.961277,4.5935884,4.6613264
-292.54718,-60.192535,4.59799,4.6617265
-293.18594,-59.423347,4.601443,4.6611147
-293.82413,-58.65369,4.602843,4.658314
-294.4617,-57.88354,4.6042433,4.6555133
-295.09866,-57.112873,4.6056437,4.652713
-295.735,-56.341667,4.6070437,4.6499124
-296.37064,-55.5699,4.605082,4.64394
-297.00555,-54.797546,4.5958824,4.6311407
-297.6397,-54.024586,4.586683,4.618341
-298.27313,-53.250996,4.577483,4.6055417
-298.90576,-52.476757,4.5682836,4.5927424
-299.53754,-51.701843,4.559085,4.5798807
-300.1685,-50.926235,4.5498886,4.566886
-300.79855,-50.149906,4.5406923,4.553891
-301.42767,-49.372833,4.531496,4.5408964
-302.05588,-48.594997,4.5223,4.5279016
-302.68307,-47.816372,4.5131674,4.5149717
-303.3093,-47.036934,4.504175,4.5021825
-303.93445,-46.25667,4.495183,4.4893937
-304.5586,-45.475567,4.486191,4.4766045
-305.18164,-44.693607,4.4771986,4.4638157
-305.8036,-43.910774,4.468146,4.4510293
-306.4244,-43.12704,4.458959,4.4382477
-307.04404,-42.342373,4.449773,4.4254665
-307.66245,-41.556725,4.440586,4.412685
-308.2795,-40.770054,4.4313993,4.399904
-308.89526,-39.98232,4.4222755,4.3870645
-309.50964,-39.19354,4.413295,4.3740926
-310.1228,-38.403805,4.404314,4.3611207
-310.7349,-37.613235,4.395334,4.348149
-311.34607,-36.82194,4.386353,4.3351765
-311.95642,-36.030025,4.377315,4.3222647
-312.56613,-35.237633,4.3681383,4.309497
-313.17548,-34.444946,4.3589616,4.296729
-313.7847,-33.652153,4.3497844,4.2839613
-314.394,-32.85945,4.3406076,4.2711935
-315.0037,-32.067028,4.33143,4.2583685
-315.61398,-31.275068,4.32225,4.2453966
-316.2251,-30.483746,4.31307,4.2324243
-316.83728,-29.693235,4.3038893,4.2194524
-317.4507,-28.90371,4.294709,4.2064805
-318.0656,-28.115345,4.2855806,4.1935587
-318.68228,-27.32832,4.276591,4.1807737
-319.30084,-26.54282,4.267601,4.1679883
-319.9216,-25.759031,4.2586117,4.155203
-320.54474,-24.97714,4.249622,4.142418
-321.17047,-24.19734,4.2405763,4.1296277
-321.79907,-23.419823,4.2313733,4.116824
-322.43073,-22.644787,4.222171,4.1040206
-323.0656,-21.87243,4.2129683,4.091217
-323.70404,-21.102959,4.203766,4.0784135
-324.34616,-20.336576,4.1945596,4.0655518
-324.9922,-19.573492,4.1853437,4.052529
-325.64233,-18.813915,4.1761274,4.0395064
-326.29678,-18.05806,4.1669116,4.0264835
-326.95578,-17.306139,4.1576953,4.0134606
-327.61948,-16.558376,4.155607,4.0048776
-328.28812,-15.815002,4.1724524,4.008086
-328.96182,-15.0762615,4.189297,4.011295
-329.64087,-14.342408,4.2061424,4.0145035
-330.32544,-13.613699,4.2229877,4.017712
-331.01572,-12.890396,4.2410407,4.019597
-331.71182,-12.172694,4.262095,4.0181937
-332.41373,-11.460664,4.2831492,4.01679
-333.1214,-10.754363,4.3042035,4.0153866
-333.83478,-10.053852,4.325258,4.013983
-334.55386,-9.359188,4.3472695,4.0112576
-335.2786,-8.670418,4.371519,4.005446
-336.0089,-7.9875646,4.395768,3.999634
-336.74475,-7.3106503,4.4200177,3.9938223
-337.486,-6.639695,4.444267,3.9880104
-338.23264,-5.9747195,4.4554744,4.0006385
-338.98456,-5.3157463,4.437648,4.054319
-339.74173,-4.662804,4.4198213,4.1079993
-340.5041,-4.015922,4.401994,4.16168
-341.27158,-3.3751292,4.3841677,4.2153606
-342.04413,-2.740454,4.3687587,4.2610884
-342.8217,-2.1119244,4.358548,4.2897177
-343.60422,-1.4895666,4.3483377,4.3183475
-344.3916,-0.8734069,4.338127,4.3469768
-345.18384,-0.26347122,4.3279166,4.375606
-345.98083,0.34021476,4.3290052,4.3749223
-346.78256,0.93762594,4.3538218,4.312681
-347.58893,1.528738,4.378638,4.25044
-348.3999,2.113527,4.4034543,4.188199
-349.2154,2.691969,4.428271,4.125958
-350.0354,3.2640405,4.4464345,4.0755234
-350.8598,3.8297138,4.4508367,4.049512
-351.6886,4.3889565,4.4552383,4.0235004
-352.52173,4.941735,4.4596405,3.997489
-353.3591,5.488015,4.464042,3.9714775
-354.2007,6.0277653,4.4552507,3.9687033
-355.0465,6.560964,4.419437,4.0135202
-355.8964,7.087612,4.3836236,4.058337
-356.75027,7.6077113,4.3478093,4.1031547
-357.60812,8.121264,4.3119946,4.147973
-358.46988,8.628282,4.276177,4.1927953
-359.33514,9.129227,4.240355,4.237623
-360.20325,9.625281,4.204533,4.28245
-361.0734,10.1177025,4.168712,4.3272767
-361.9449,10.607755,4.132891,4.3721023
-362.817,11.096707,4.0972557,4.416814
-363.68903,11.5858,4.06199,4.461297
-364.56033,12.076218,4.0267234,4.5057807
-365.4302,12.569137,3.9914572,4.5502644
-366.29797,13.065731,3.9561915,4.594747
-367.16296,13.5671625,3.9455817,4.609287
-368.0244,14.074688,3.9823325,4.566311
-368.88138,14.589701,4.019083,4.5233345
-369.73297,15.113586,4.0558352,4.4803567
-370.57816,15.647705,4.092588,4.437378
-371.41595,16.193375,4.1295567,4.3957872
-372.2455,16.751448,4.1669044,4.356632
-373.06647,17.322144,4.2042513,4.3174787
-373.87836,17.905634,4.241598,4.2783246
-374.6808,18.502075,4.2789464,4.2391686
-375.4733,19.11161,4.3178325,4.2127056
-376.2559,19.73387,4.3591943,4.206711
-377.02902,20.367813,4.400554,4.200717
-377.79333,21.01239,4.441912,4.1947227
-378.54944,21.666576,4.4832697,4.1887293
-379.29797,22.329384,4.520118,4.1859765
-380.0396,22.99993,4.5495434,4.1885614
-380.77487,23.677454,4.5789695,4.191146
-381.50433,24.361229,4.6083965,4.193731
-382.22855,25.050535,4.637823,4.196316
-382.94815,25.744673,4.6359,4.22159
-383.66364,26.443056,4.5753245,4.2893157
-384.37537,27.145262,4.5147486,4.357042
-385.0837,27.850882,4.454173,4.424767
-385.78903,28.559519,4.393599,4.492491
-386.4917,29.270782,4.33389,4.5587964
-387.1917,29.984676,4.2760754,4.6219935
-387.88837,30.701841,4.21826,4.6851916
-388.5809,31.422968,4.1604433,4.7483916
-389.26862,32.14873,4.102626,4.8115916
-389.95065,32.8798,4.065341,4.842278
-390.62634,33.616756,4.0765777,4.796128
-391.295,34.360077,4.087814,4.7499785
-391.95602,35.11021,4.09905,4.70383
-392.60873,35.867588,4.1102858,4.657683
-393.25244,36.632626,4.118696,4.614042
-393.88635,37.40579,4.120917,4.5758862
-394.50952,38.18765,4.1231375,4.53773
-395.12088,38.978764,4.125358,4.499572
-395.71942,39.779633,4.127579,4.4614115
-396.30402,40.590725,4.1241155,4.4285436
-396.8741,41.41207,4.1105595,4.405073
-397.42993,42.243153,4.0970044,4.381605
-397.97177,43.083427,4.0834503,4.3581376
-398.49988,43.93239,4.0698953,4.3346696
-399.0146,44.789536,4.067804,4.3132615
-399.51654,45.654217,4.0817046,4.2947273
-400.00677,46.525608,4.0956054,4.2761927
-400.48633,47.40291,4.109506,4.2576585
-400.9564,48.285355,4.1234064,4.239125
-401.418,49.172234,4.1829567,4.2288184
-401.8723,50.062878,4.297468,4.228418
-402.3204,50.956665,4.411982,4.2280173
-402.7634,51.852997,4.526496,4.2276173
-403.2024,52.751297,4.641009,4.2272167
-403.63846,53.651012,4.728683,4.238425
-404.07248,54.551735,4.78468,4.2633348
-404.50482,55.45324,4.8406777,4.2882447
-404.93604,56.3553,4.896675,4.3131547
-405.36652,57.25771,4.952673,4.3380647
-405.79672,58.160244,4.949303,4.388624
-406.2267,59.06289,4.8705482,4.4717546
-406.65607,59.96583,4.7917933,4.554885
-407.08438,60.86927,4.7130384,4.6380153
-407.5112,61.773415,4.634283,4.7211456
-407.93613,62.678455,4.555611,4.804275
-408.3588,63.584553,4.477057,4.887403
-408.7789,64.49183,4.398503,4.970531
-409.19626,65.40038,4.3199487,5.0536594
-409.61053,66.31034,4.241395,5.1367874
-410.02155,67.22179,4.2071486,5.17171
-410.42892,68.13485,4.2440014,5.1292796
-410.83243,69.04964,4.2808537,5.0868497
-411.2317,69.966286,4.317706,5.0444193
-411.6264,70.884895,4.354559,5.001989
-412.01627,71.80559,4.3930492,4.9577694
-412.4009,72.72846,4.4344034,4.910422
-412.78003,73.65362,4.4757576,4.8630743
-413.1533,74.581154,4.517112,4.8157268
-413.5204,75.511154,4.558466,4.768379
-413.88092,76.4437,4.5798273,4.7249246
-414.23462,77.378876,4.565394,4.68844
-414.58112,78.31674,4.55096,4.651955
-414.92007,79.257355,4.5365267,4.6154704
-415.2512,80.20076,4.5220933,4.5789857
-415.57407,81.14701,4.499014,4.544097
-415.8884,82.096146,4.461211,4.5119243
-416.1937,83.04821,4.4234085,4.479752
-416.48956,84.00325,4.385606,4.4475794
-416.77557,84.961296,4.347802,4.415406
-417.05127,85.922356,4.316129,4.386969
-417.31644,86.886375,4.293774,4.364211
-417.5711,87.853226,4.271419,4.3414536
-417.8153,88.82276,4.2490644,4.3186965
-418.0491,89.79486,4.22671,4.295939
-418.27258,90.769394,4.223899,4.284997
-418.48587,91.7462,4.2468414,4.289626
-418.6893,92.725105,4.269784,4.294255
-418.8832,93.70595,4.292727,4.2988834
-419.0679,94.68856,4.3156695,4.303512
-419.2437,95.672806,4.338495,4.308229
-419.41098,96.65854,4.361184,4.313048
-419.56992,97.64565,4.383873,4.317867
-419.72086,98.63402,4.4065623,4.3226857
-419.86404,99.623535,4.4292517,4.3275046
-419.99976,100.614105,4.425554,4.3332825
-420.1283,101.60564,4.3935213,4.3400893
-420.24994,102.59803,4.361489,4.346896
-420.36496,103.59122,4.3294563,4.353703
-420.47372,104.58511,4.297424,4.36051
-420.57645,105.57964,4.265532,4.3673077
-420.67343,106.57475,4.233787,4.374096
-420.76498,107.57038,4.202042,4.380884
-420.85138,108.56647,4.1702976,4.3876724
-420.93292,109.56296,4.1385527,4.39446
-421.0099,110.55982,4.117327,4.3995256
-421.08252,111.55701,4.1075635,4.402714
-421.15112,112.554474,4.0977993,4.4059024
-421.216,113.55219,4.0880356,4.4090905
-421.27737,114.55013,4.0782714,4.4122787
-421.33554,115.54827,4.076848,4.414
-421.39078,116.54657,4.0852118,4.414
-421.4434,117.545006,4.093575,4.414
-421.49368,118.54357,4.1019387,4.414
-421.5419,119.54223,4.110302,4.414
-421.58838,120.54098,4.118144,4.4135633
-421.6333,121.539795,4.125318,4.412567
-421.67667,122.53868,4.132492,4.4115705
-421.7186,123.53763,4.139666,4.410574
-421.75912,124.53663,4.14684,4.409578
-421.79828,125.53569,4.147648,4.40129
-421.8361,126.534805,4.1396685,4.382938
-421.87262,127.533966,4.1316895,4.3645854
-421.9078,128.53317,4.12371,4.3462334
-421.94174,129.53242,4.115731,4.327881
-421.9744,130.53171,4.1076674,4.309603
-422.0058,131.53105,4.0994816,4.291435
-422.03598,132.53041,4.0912957,4.273266
-422.06494,133.52983,4.0831094,4.255097
-422.0927,134.52927,4.0749235,4.236928
-422.11935,135.52873,4.066815,4.218754
-422.14484,136.52824,4.0588226,4.2005715
-422.16922,137.52777,4.0508304,4.1823893
-422.1925,138.52733,4.042838,4.164207
-422.21472,139.5269,4.034846,4.1460247
-422.23587,140.5265,4.032755,4.135551
-422.256,141.52612,4.039752,4.1369505
-422.27515,142.52577,4.0467496,4.13835
-422.2933,143.52544,4.053747,4.1397495
-422.3105,144.52512,4.060745,4.141149
-422.32675,145.52481,4.067822,4.1425486
-422.34207,146.52452,4.075023,4.143949
-422.35654,147.52425,4.082224,4.145349
-422.3701,148.52397,4.089425,4.1467495
-422.3828,149.52373,4.096626,4.1481495
-422.3947,150.52348,4.1037493,4.14955
-422.40582,151.52324,4.110753,4.1509504
-422.41614,152.52301,4.117757,4.1523514
-422.42572,153.5228,4.12476,4.153752
-422.43454,154.52258,4.131764,4.155153
-422.44266,155.52238,4.138768,4.1565537
-422.45007,156.52217,4.145774,4.1579547
-422.45682,157.52197,4.152779,4.1593556
-422.46292,158.52179,4.159785,4.160757
-422.4684,159.5216,4.1667905,4.162158
-422.4733,160.52141,4.1738763,4.1635594
-422.4776,161.52122,4.181083,4.1649604
-422.48138,162.52106,4.18829,4.166362
-422.4846,163.52087,4.195497,4.167763
-422.4873,164.52069,4.202704,4.1691647
-422.48953,165.52052,4.2098303,4.170566
-422.4913,166.52034,4.2168374,4.1719675
-422.4926,167.52017,4.2238445,4.173369
-422.49353,168.52,4.230852,4.1747704
-422.49405,169.51982,4.2378592,4.176172
-422.4942,170.51965,4.2449484,4.177573
-422.494,171.51947,4.252156,4.1789746
-422.49344,172.5193,4.259363,4.180376
-422.4926,173.51913,4.2665706,4.1817775
-422.4915,174.51895,4.273778,4.183179
-422.4901,175.51878,4.280902,4.1845803
-422.4885,176.5186,4.2879086,4.1859818
-422.48666,177.51843,4.2949147,4.187383
-422.48465,178.51825,4.3019214,4.188784
-422.48245,179.51808,4.3089275,4.1901855
-422.48013,180.5179,4.315933,4.1915865
-422.47766,181.51773,4.3229384,4.192988
-422.47513,182.51755,4.3299437,4.194389
-422.4725,183.51738,4.336949,4.19579
-422.46982,184.5172,4.3439536,4.1971908
-422.4671,185.51703,4.3510423,4.198676
-422.4644,186.51685,4.358246,4.200277
-422.4617,187.51666,4.365449,4.2018776
-422.459,188.5165,4.372652,4.2034783
-422.45642,189.51631,4.379855,4.205079
-422.45386,190.51614,4.386973,4.2065945
-422.45142,191.51596,4.3939734,4.207995
-422.44907,192.5158,4.4009743,4.209395
-422.44684,193.51561,4.407975,4.210795
-422.44473,194.51543,4.414976,4.2121954
-422.44275,195.51526,4.421976,4.2135954
-422.4409,196.51509,4.428975,4.214995
-422.4392,197.51491,4.435974,4.216395
-422.43768,198.51474,4.4429727,4.2177944
-422.43634,199.51456,4.4499717,4.2191944
-422.43518,200.51439,4.4570546,4.220594
-422.43423,201.5142,4.4642515,4.2219934
-422.4335,202.51404,4.4714484,4.223393
-422.43295,203.51387,4.478646,4.224792
-422.43268,204.51369,4.4858427,4.2261915
-422.43265,205.51352,4.4929547,4.227591
-422.43286,206.51335,4.4999504,4.22899
-422.43335,207.51317,4.506946,4.230389
-422.4341,208.513,4.513942,4.231788
-422.43515,209.51282,4.5209374,4.2331877
-422.43652,210.51265,4.5279326,4.2345867
-422.4382,211.51248,4.534927,4.2359853
-422.4402,212.5123,4.541921,4.2373843
-422.4425,213.51213,4.548916,4.2387834
-422.4452,214.51195,4.55591,4.240182
-422.44824,215.51176,4.5629873,4.241581
-422.45166,216.5116,4.5701804,4.2429795
-422.45544,217.51141,4.577374,4.244378
-422.45963,218.51123,4.5845675,4.245777
-422.4642,219.51105,4.5917606,4.2471757
-422.4692,220.51086,4.5988717,4.2485743
-422.47464,221.51067,4.6058645,4.249973
-422.48053,222.51048,4.6128573,4.2513714
-422.48685,223.51028,4.61985,4.25277
-422.49362,224.51009,4.626843,4.2541685
-422.5009,225.50989,4.633836,4.255567
-422.5086,226.50969,4.640828,4.2569656
-422.51685,227.50948,4.6478205,4.258364
-422.52557,228.50926,4.654813,4.259763
-422.53485,229.50905,4.661805,4.261161
-422.54462,230.50883,4.6688776,4.2626395
-422.55496,231.5086,4.6760697,4.264238
-422.56583,232.50838,4.6832614,4.265836
-422.57727,233.50813,4.6904535,4.267434
-422.5893,234.50789,4.6976457,4.2690325
-422.6019,235.50763,4.7047586,4.2705517
-422.61508,236.50737,4.711751,4.2719502
-422.62888,237.50711,4.718743,4.273349
-422.6433,238.50682,4.725735,4.274747
-422.6584,239.50655,4.7327275,4.2761455
-422.6741,240.50624,4.739797,4.277544
-422.6905,241.50594,4.7469893,4.2789426
-422.70755,242.50562,4.7541814,4.2803407
-422.72525,243.5053,4.7613735,4.281739
-422.74362,244.50494,4.7685657,4.283138
-422.7626,245.5046,4.7756815,4.2845364
-422.7823,246.50423,4.7826743,4.285935
-422.8027,247.50385,4.7896667,4.2873335
-422.82394,248.50345,4.7966595,4.288732
-422.84607,249.50302,4.8036523,4.2901306
-422.86914,250.50258,4.8098893,4.291378
-422.89316,251.50212,4.8148847,4.292377
-422.91785,252.50165,4.8198795,4.293376
-422.94302,253.50116,4.824875,4.294375
-422.9685,254.50066,4.8298697,4.295374
-422.99402,255.50015,4.8206086,4.2929397
-423.0201,256.49963,4.7874217,4.284743
-423.04813,257.49908,4.7542343,4.276546
-423.07956,258.4984,4.7210474,4.268349
-423.11588,259.4976,4.6878614,4.2601523
-423.15857,260.4965,4.6541543,4.255224
-423.20947,261.49503,4.619562,4.2558274
-423.27094,262.49295,4.58497,4.2564306
-423.3454,263.49,4.550376,4.2570343
-423.43518,264.48575,4.515784,4.2576375
-423.54272,265.47977,4.4811544,4.2684445
-423.67035,266.4714,4.4464674,4.2946124
-423.82037,267.4599,4.411781,4.3207793
-423.99518,268.44427,4.377093,4.346947
-424.19705,269.4235,4.342407,4.3731136
-424.42822,270.39618,4.3178415,4.382926
-424.6904,271.361,4.3047194,4.374245
-424.98486,272.3164,4.291598,4.365565
-425.31277,273.2609,4.278474,4.3568826
-425.67535,274.1926,4.2653475,4.348199
-426.07364,275.1096,4.266119,4.3691196
-426.5074,276.01038,4.2799006,4.41775
-426.97513,276.89398,4.293679,4.466368
-427.47552,277.75952,4.307455,4.5149765
-428.0071,278.60626,4.3212295,4.5635805
-428.56866,279.43344,4.340305,4.57893
-429.15924,280.24014,4.3662443,4.551235
-429.77832,281.02518,4.392187,4.5235367
-430.42535,281.78732,4.418131,4.495838
-431.0998,282.52536,4.4440703,4.468143
-431.801,283.238,4.4656644,4.441733
-432.52856,283.92374,4.4775352,4.4181886
-433.28235,284.58047,4.489407,4.394643
-434.06226,285.206,4.5012813,4.371092
-434.86795,285.79788,4.5131593,4.3475347
-435.69897,286.35367,4.541731,4.3247037
-436.55417,286.87152,4.6188755,4.3039966
-437.43143,287.351,4.696,4.2832947
-438.32864,287.79202,4.773113,4.262596
-439.24387,288.1944,4.8502283,4.2418966
-440.17514,288.558,4.895376,4.263595
-441.12054,288.8832,4.8752275,4.371869
-442.07794,289.1712,4.8550777,4.480149
-443.04538,289.42343,4.8349295,4.5884185
-444.02112,289.64136,4.814782,4.6966863
-445.00363,289.82642,4.811839,4.777345
-445.99152,289.9801,4.8331275,4.819118
-446.9836,290.10397,4.8544173,4.8608947
-447.97885,290.1995,4.875707,4.902671
-448.9763,290.26828,4.896998,4.944449
-449.97513,290.3119,4.9116855,4.9684334
-450.97473,290.33154,4.917841,4.969426
-451.97455,290.32813,4.9239964,4.970419
-452.97403,290.30255,4.930151,4.971411
-453.97272,290.25574,4.936304,4.972404
-454.97028,290.1885,4.939603,4.9504404
-455.96622,290.1005,4.938608,4.893934
-456.95984,289.9896,4.937613,4.8374166
-457.95035,289.8536,4.936618,4.7808805
-458.93674,289.69037,4.9356217,4.724325
-459.9178,289.49774,4.926725,4.6678185
-460.89258,289.27557,4.9046893,4.6114163
-461.8608,289.02637,4.8826613,4.5550327
-462.82245,288.75275,4.8606396,4.4986644
-463.77762,288.4573,4.8386183,4.4422984
-464.7266,288.14255,4.7985673,4.404066
-465.67014,287.81183,4.7343216,4.39017
-466.60953,287.4695,4.670066,4.3762712
-467.5463,287.12006,4.6058097,4.362373
-468.482,286.76776,4.5415564,4.3484745
-469.41827,286.41702,4.4673204,4.3534627
-470.3562,286.07068,4.381467,4.3804283
-471.29626,285.73016,4.2956123,4.4073944
-472.23886,285.39682,4.209757,4.4343605
-473.18445,285.07193,4.123902,4.4613266
-474.13333,284.7569,4.076158,4.477249
-475.0859,284.45316,4.081311,4.4778438
-476.04254,284.16248,4.0864644,4.4784384
-477.0035,283.88654,4.0916176,4.479033
-477.9691,283.62714,4.0967703,4.479627
-478.9394,283.38605,4.1238756,4.47753
-479.91452,283.16525,4.187868,4.47091
-480.89453,282.96722,4.2518616,4.46429
-481.87927,282.7944,4.3158636,4.4576693
-482.86847,282.64932,4.3798704,4.451048
-483.86166,282.53455,4.422863,4.4530706
-484.858,282.4517,4.4328027,4.46869
-485.8565,282.40137,4.4427404,4.484307
-486.85614,282.38406,4.4526787,4.4999237
-487.8558,282.40036,4.462619,4.5155435
-488.8543,282.45074,4.454092,4.5254836
-489.8506,282.5346,4.423772,4.5287175
-490.84366,282.65012,4.3934546,4.5319514
-491.83286,282.79538,4.3631425,4.535185
-492.81757,282.96844,4.332832,4.538418
-493.79733,283.16754,4.3131995,4.54286
-494.77182,283.39105,4.3037987,4.5484605
-495.74075,283.63766,4.2943964,4.5540614
-496.70386,283.906,4.2849946,4.559663
-497.66107,284.1948,4.2755923,4.565264
-498.61227,284.50272,4.297975,4.5648446
-499.55743,284.82874,4.3507047,4.5586762
-500.49652,285.17188,4.403435,4.5525074
-501.4295,285.53128,4.456164,4.5463395
-502.3564,285.90607,4.508891,4.540171
-503.27734,286.29538,4.5473294,4.542132
-504.19217,286.69873,4.5706477,4.5526953
-505.10077,287.116,4.593967,4.5632586
-506.00287,287.5471,4.617287,4.5738225
-506.89835,287.99182,4.6406074,4.5843863
-507.78693,288.45013,4.6181254,4.614029
-508.6685,288.9218,4.5437,4.6653085
-509.54288,289.40668,4.469276,4.716587
-510.40997,289.90445,4.3948526,4.7678657
-511.26965,290.4149,4.3204293,4.819144
-512.1218,290.93777,4.28155,4.8355136
-512.96643,291.4729,4.2849426,4.810367
-513.8032,292.02005,4.2883353,4.7852197
-514.63214,292.57907,4.2917285,4.7600727
-515.4531,293.14972,4.295121,4.7349257
-516.26605,293.7318,4.3074203,4.7033653
-517.07074,294.32513,4.3307724,4.663847
-517.86725,294.92953,4.354124,4.6243286
-518.65533,295.54483,4.3774757,4.5848103
-519.43494,296.17078,4.4008274,4.545292
-520.20605,296.80722,4.4278383,4.5076823
-520.9685,297.45395,4.459584,4.472542
-521.7222,298.11084,4.49133,4.437402
-522.4672,298.77765,4.523076,4.4022617
-523.2033,299.45425,4.554822,4.367121
-523.9305,300.14047,4.578126,4.3508444
-524.6486,300.83612,4.590119,4.3598394
-525.3576,301.54108,4.6021123,4.368834
-526.05743,302.25516,4.614105,4.377829
-526.748,302.9782,4.6260986,4.386824
-527.42914,303.7101,4.6352963,4.402376
-528.1008,304.45065,4.640705,4.4268155
-528.76306,305.19974,4.646114,4.4512553
-529.4158,305.9571,4.6515226,4.475695
-530.0589,306.72263,4.6569314,4.5001345
-530.6924,307.49615,4.6516633,4.526592
-531.3162,308.27747,4.6323953,4.5556946
-531.9305,309.06635,4.613127,4.5847974
-532.5351,309.8626,4.593859,4.6139
-533.1302,310.66608,4.574591,4.643003
-533.71576,311.4765,4.5347934,4.6758184
-534.29175,312.2937,4.469937,4.713166
-534.85834,313.11752,4.4050803,4.750514
-535.4154,313.94772,4.3402233,4.7878623
-535.96313,314.78418,4.2753663,4.82521
-536.5015,315.62668,4.230433,4.845
-537.0306,316.47507,4.2079563,4.845
-537.5504,317.32913,4.185479,4.845
-538.06104,318.18872,4.163002,4.845
-538.56256,319.05368,4.1405253,4.845
-539.055,319.9238,4.14424,4.8221397
-539.5384,320.79898,4.1755176,4.7752233
-540.0129,321.67905,4.2067957,4.728307
-540.4785,322.56384,4.2380733,4.68139
-540.93536,323.4532,4.269351,4.6344733
-541.3834,324.347,4.2755904,4.6169057
-541.8229,325.24506,4.2567596,4.6287255
-542.2537,326.14728,4.237929,4.640545
-542.6761,327.05353,4.2190976,4.6523643
-543.08997,327.96365,4.200267,4.6641836
-543.49554,328.8775,4.1908984,4.6680675
-543.8928,329.795,4.190698,4.6642623
-544.2819,330.71603,4.190498,4.660457
-544.66284,331.64044,4.1902976,4.656652
-545.0357,332.56815,4.1900973,4.652847
-545.4005,333.49902,4.200517,4.64007
-545.75745,334.43298,4.220955,4.618831
-546.1066,335.36984,4.2413926,4.597592
-546.4481,336.30954,4.2618303,4.576353
-546.78217,337.25192,4.282268,4.555114
-547.1089,338.19687,4.3026013,4.533979
-547.42834,339.14426,4.3228397,4.512939
-547.74084,340.094,4.343078,4.491899
-548.0465,341.04593,4.3633165,4.470859
-548.3456,342,4.383555,4.449819
-548.6382,342.95605,4.3906507,4.4404273
-548.9245,343.914,4.386246,4.441228
-549.2047,344.87375,4.3818417,4.442029
-549.47906,345.8352,4.377437,4.4428296
-549.74774,346.79825,4.373032,4.4436307
-550.01086,347.76285,4.3686304,4.444323
-550.2686,348.72885,4.3642316,4.444923
-550.5213,349.69623,4.3598323,4.445523
-550.769,350.66492,4.3554335,4.4461226
-551.0119,351.63477,4.351034,4.4467225
-551.25024,352.60577,4.3467455,4.4474297
-551.4842,353.57782,4.3425517,4.4482284
-551.714,354.5509,4.3383574,4.449027
-551.93976,355.5249,4.3341637,4.449826
-552.16174,356.49976,4.32997,4.450625
-552.3801,357.47546,4.325672,4.451423
-552.5951,358.4519,4.3212824,4.4522214
-552.8068,359.42905,4.3168926,4.4530196
-553.0155,360.40686,4.3125033,4.453818
-553.2213,361.38525,4.3081136,4.4546156
-553.4245,362.36423,4.304345,4.4553103
-553.6252,363.34372,4.301153,4.455909
-553.8236,364.32364,4.2979617,4.456507
-554.01996,365.30402,4.29477,4.4571056
-554.2145,366.28473,4.2915783,4.457704
-554.4073,367.26578,4.2929254,4.456991
-554.5986,368.24713,4.2987127,4.4549956
-554.7883,369.2288,4.3045,4.453
-554.97656,370.21075,4.3102875,4.4510045
-555.1633,371.193,4.316075,4.4490085
-555.3486,372.1755,4.321963,4.4470124
-555.53235,373.1583,4.3279533,4.4450154
-555.7146,374.14136,4.333944,4.443019
-555.89545,375.1247,4.3399343,4.441022
-556.07477,376.1083,4.345925,4.439025
-556.2526,377.0922,4.3518195,4.437125
-556.429,378.07632,4.357613,4.435327
-556.60394,379.06073,4.3634067,4.433529
-556.7774,380.0454,4.3692007,4.4317307
-556.94934,381.03033,4.3749943,4.4299326
-557.1199,382.0155,4.3808856,4.428038
-557.28894,383.00095,4.386882,4.426039
-557.45654,383.98663,4.392878,4.424041
-557.6227,384.97253,4.3988743,4.422042
-557.78735,385.9587,4.4048705,4.420043
-557.9506,386.94513,4.409529,4.4193826
-558.1124,387.93176,4.412729,4.420182
-558.27277,388.91864,4.415928,4.420982
-558.4317,389.90576,4.419127,4.4217815
-558.5892,390.89313,4.422326,4.4225817
-558.74524,391.88068,4.4157023,4.4338727
-558.8999,392.86847,4.398301,4.4566746
-559.0531,393.8565,4.3809,4.4794765
-559.20483,394.84476,4.363498,4.502278
-559.3552,395.8332,4.346097,4.5250797
-559.50415,396.82187,4.3286934,4.5478845
-559.6517,397.81076,4.3112874,4.570692
-559.7978,398.79984,4.2938814,4.5935
-559.94244,399.78915,4.276476,4.6163077
-560.08575,400.77866,4.25907,4.6391153
-560.22766,401.76837,4.241662,4.6619253
-560.36816,402.75827,4.2242527,4.684738
-560.50726,403.74838,4.206843,4.7075505
-560.64496,404.73868,4.1894336,4.730363
-560.78125,405.72916,4.172024,4.7531753
-560.9162,406.71985,4.1597223,4.764807
-561.04974,407.7107,4.152918,4.764407
-561.18195,408.70175,4.146113,4.7640066
-561.31274,409.693,4.139308,4.7636065
-561.4422,410.68442,4.1325035,4.763206
-561.57025,411.676,4.1304564,4.7526097
-561.6969,412.66776,4.133459,4.7311926
-561.82227,413.6597,4.1364613,4.709776
-561.9462,414.65182,4.139464,4.688359
-562.06885,415.6441,4.142466,4.6669416
-562.1901,416.63654,4.1453705,4.6455245
-562.31006,417.62915,4.148173,4.6241064
-562.4286,418.62192,4.150975,4.6026883
-562.54584,419.61484,4.1537776,4.5812707
-562.66174,420.60794,4.15658,4.5598526
-562.7763,421.60117,4.159481,4.538435
-562.8895,422.59457,4.1624837,4.517017
-563.00146,423.5881,4.165486,4.4955993
-563.112,424.58182,4.1684885,4.4741817
-563.2213,425.57565,4.171491,4.4527636
-563.3292,426.56964,4.1744933,4.4312468
-563.43585,427.56375,4.177496,4.4096303
-563.5412,428.558,4.180498,4.3880134
-563.6452,429.55243,4.1835003,4.366397
-563.7479,430.54697,4.186503,4.34478
-563.8493,431.54163,4.1894045,4.3232646
-563.9494,432.53644,4.1922064,4.3018503
-564.0483,433.53137,4.1950083,4.2804356
-564.1458,434.52643,4.19781,4.2590213
-564.24207,435.5216,4.200612,4.237607
-564.3371,436.5169,4.202505,4.2230616
-564.4309,437.5123,4.2035055,4.215257
-564.52344,438.50784,4.204506,4.2074533
-564.61487,439.50348,4.2055063,4.199649
-564.70514,440.49924,4.206507,4.191845
-564.7943,441.49506,4.2075076,4.184549
-564.88245,442.491,4.208508,4.1777463
-564.9695,443.48703,4.2095084,4.1709437
-565.05554,444.48315,4.210509,4.164141
-565.14056,445.47937,4.211509,4.157339
-565.2247,446.47565,4.2124076,4.150537
-565.3078,447.47202,4.2132077,4.143736
-565.3901,448.46844,4.214008,4.1369348
-565.4715,449.46494,4.214808,4.130133
-565.552,450.46152,4.215608,4.123332
-565.6318,451.45816,4.2165103,4.1165314
-565.7107,452.45486,4.21751,4.1097317
-565.78894,453.45163,4.21851,4.1029315
-565.8664,454.44846,4.21951,4.0961313
-565.94324,455.4453,4.22051,4.0893316
-566.01935,456.44226,4.221408,4.082634
-566.09485,457.4392,4.222208,4.0760355
-566.16974,458.43625,4.2230077,4.0694366
-566.2441,459.4333,4.2238073,4.0628376
-566.3178,460.4304,4.2246075,4.056239
-566.3911,461.42755,4.225407,4.049539
-566.46387,462.4247,4.226207,4.0427413
-566.5362,463.4219,4.2270064,4.0359435
-566.6081,464.41916,4.2278066,4.029146
-566.6796,465.4164,4.228606,4.0223484
-566.75073,466.41373,4.230116,4.0188985
-566.82153,467.41104,4.2323146,4.0186987
-566.892,468.4084,4.2345138,4.018499
-566.9623,469.40573,4.2367125,4.0182986
-567.0322,470.4031,4.2389116,4.018099
-567.102,471.4005,4.241716,4.020826
-567.1715,472.3979,4.245114,4.0264225
-567.2409,473.39532,4.2485113,4.032019
-567.3102,474.39273,4.2519093,4.0376153
-567.3794,475.39017,4.255307,4.043212
-567.4485,476.3876,4.2586045,4.0489087
-567.5175,477.38504,4.261802,4.054704
-567.5866,478.38248,4.2650003,4.0605
-567.65564,479.3799,4.268198,4.066296
-567.7248,480.37735,4.2713957,4.072092
-567.79395,481.3748,4.2746925,4.077788
-567.8632,482.37222,4.27809,4.0833836
-567.9327,483.36963,4.2814875,4.088979
-568.00226,484.36703,4.2848845,4.0945745
-568.0721,485.3644,4.288282,4.10017
-568.1421,486.3618,4.29158,4.105864
-568.21234,487.35913,4.2947774,4.111659
-568.2829,488.35648,4.297975,4.1174545
-568.35376,489.3538,4.3011723,4.1232495
-568.425,490.35107,4.3043694,4.1290445
-568.4966,491.34833,4.3076644,4.1348395
-568.5686,492.34558,4.3110614,4.1406345
-568.641,493.34277,4.3144584,4.1464295
-568.71387,494.33994,4.317856,4.152224
-568.78723,495.33707,4.321253,4.158019
-568.8611,496.33417,4.3245525,4.1637173
-568.93555,497.3312,4.3277497,4.169312
-569.01056,498.32822,4.330947,4.174907
-569.0862,499.3252,4.334144,4.180502
-569.1624,500.32208,4.3373413,4.186097
-569.2394,501.31897,4.3406343,4.191788
-569.3171,502.31577,4.3440313,4.197583
-569.3954,503.3125,4.3474283,4.203378
-569.4744,504.3092,4.3508253,4.2091727
-569.554,505.30588,4.3542223,4.2149677
-569.6343,506.30246,4.3575244,4.2206674
-569.7151,507.299,4.3607216,4.2262626
-569.79645,508.29553,4.363919,4.231858
-569.8783,509.29202,4.367116,4.2374525
-569.9605,510.28845,4.370313,4.2430477
-570.04315,511.28485,4.373605,4.2487373
-570.12616,512.28125,4.377002,4.254533
-570.2095,513.2776,4.380399,4.260328
-570.293,514.2739,4.383796,4.2661233
-570.37683,515.2702,4.3871937,4.2719183
-570.4608,516.2665,4.390497,4.2776203
-570.5449,517.2628,4.393695,4.283216
-570.6291,518.2591,4.3968925,4.2888117
-570.7134,519.2553,4.40009,4.294408
-570.79767,520.2516,4.403288,4.3000035
-570.8819,521.24786,4.4065785,4.3056927
-570.9661,522.24414,4.4099765,4.311489
-571.0502,523.2404,4.413374,4.3172855
-571.1341,524.23676,4.416772,4.3230815
-571.21783,525.23303,4.42017,4.328878
-571.3013,526.2294,4.4234757,4.334675
-571.3845,527.22577,4.4266744,4.340472
-571.4674,528.2221,4.429873,4.3462696
-571.5499,529.21857,4.433071,4.3520665
-571.632,530.21497,4.4362698,4.357864
-571.7137,531.2115,4.4395604,4.36357
-571.79486,532.208,4.4429593,4.3691683
-571.8755,533.2046,4.4463587,4.374767
-571.95557,534.2012,4.4497576,4.3803654
-572.03503,535.1979,4.4531565,4.385964
-572.11383,536.1946,4.456556,4.391654
-572.19196,537.19135,4.4599557,4.397454
-572.2693,538.1882,4.4633555,4.4032536
-572.3459,539.18506,4.4667554,4.409053
-572.42163,540.182,4.4701552,4.4148526
-572.4965,541.179,4.472366,4.420653
-572.5705,542.17615,4.473166,4.4264536
-572.6435,543.1733,4.473966,4.432255
-572.7155,544.17053,4.4747663,4.4380555
-572.7865,545.1678,4.4755664,4.4438567
-572.8564,546.16516,4.4706836,4.4500246
-572.9252,547.16266,4.4590793,4.4566274
-572.9928,548.16016,4.447475,4.4632297
-573.0592,549.1578,4.43587,4.4698324
-573.1244,550.1555,4.424266,4.476435
-573.18823,551.15326,4.41266,4.483038
-573.25073,552.1512,4.4010534,4.489642
-573.3119,553.1491,4.3894463,4.496246
-573.37164,554.14716,4.3778396,4.50285
-573.42993,555.14526,4.3662324,4.509454
-573.4867,556.1435,4.3547173,4.5160584
-573.54193,557.1418,4.3433084,4.5226636
-573.5956,558.1402,4.3318996,4.5292687
-573.6476,559.1387,4.320491,4.5358734
-573.6979,560.1372,4.309082,4.5424786
-573.7465,561.13586,4.2975793,4.549084
-573.79333,562.1346,4.2859693,4.55569
-573.83844,563.1334,4.274359,4.562296
-573.88165,564.13226,4.2627487,4.5689015
-573.9229,565.1313,4.2511387,4.575507
-573.96234,566.1303,4.2396226,4.5821133
-573.99976,567.12946,4.2282124,4.588719
-574.03516,568.12866,4.216802,4.595325
-574.0685,569.1279,4.205392,4.601931
-574.09973,570.12726,4.1939816,4.6085367
-574.1289,571.12665,4.1890473,4.6059055
-574.1559,572.1261,4.1912494,4.5930953
-574.18085,573.1256,4.193451,4.5802846
-574.2037,574.1252,4.195653,4.5674744
-574.22455,575.1248,4.1978545,4.554664
-574.24335,576.12445,4.19996,4.5419507
-574.26025,577.12415,4.2019615,4.5293427
-574.27515,578.12384,4.203963,4.5167346
-574.28815,579.1236,4.205964,4.504126
-574.2993,580.12335,4.2079654,4.491518
-574.30853,581.1231,4.210063,4.4788146
-574.316,582.1229,4.212264,4.466009
-574.32166,583.12274,4.214465,4.4532037
-574.3255,584.12256,4.2166657,4.4403977
-574.32764,585.1224,4.218867,4.4275923
-574.328,586.1222,4.2226205,4.413818
-574.3267,587.1221,4.2280216,4.399015
-574.3238,588.1219,4.2334228,4.384212
-574.3192,589.1217,4.238824,4.369409
-574.313,590.12146,4.2442245,4.3546066
-574.30524,591.1213,4.258375,4.334264
-574.29596,592.1211,4.2817736,4.3080654
-574.28516,593.12085,4.3051724,4.281867
-574.2728,594.1206,4.328571,4.2556686
-574.25903,595.1203,4.3519692,4.2294703
-574.24384,596.12006,4.375462,4.203178
-574.22723,597.1197,4.399055,4.176786
-574.2092,598.1194,4.4226475,4.1503944
-574.18994,599.119,4.44624,4.1240025
-574.16925,600.11865,4.469833,4.097611
-574.1473,601.1182,4.487034,4.075772
-574.1241,602.1178,4.497428,4.058781
-574.0997,603.1173,4.5078225,4.04179
-574.074,604.1168,4.5182166,4.0247993
-574.0472,605.1163,4.528611,4.0078087
-574.01917,606.1157,4.513982,4.009779
-573.99005,607.1151,4.472413,4.032162
-573.95984,608.1145,4.430844,4.054546
-573.9286,609.11383,4.3892746,4.076929
-573.89624,610.1131,4.3477054,4.0993123
-573.8629,611.11237,4.3194118,4.118543
-573.8286,612.11163,4.305624,4.1343293
-573.7934,613.11084,4.2918363,4.150115
-573.7572,614.11,4.2780485,4.1659007
-573.7201,615.10913,4.264261,4.181687
-573.6821,616.1083,4.250474,4.197377
-573.6433,617.1073,4.2366877,4.2129617
-573.6037,618.1064,4.2229013,4.2285466
-573.5633,619.10535,4.209115,4.244131
-573.52216,620.1044,4.1953287,4.2597156
-573.4803,621.10333,4.1815424,4.2753935
-573.4377,622.10223,4.1677566,4.2911773
-573.3944,623.10114,4.1539707,4.306961
-573.35046,624.1,4.140185,4.322745
-573.3059,625.0988,4.126399,4.3385286
-573.2608,626.0976,4.112613,4.35422
-573.2151,627.0964,4.098827,4.3698044
-573.1689,628.09515,4.0850406,4.3853893
-573.12213,629.0939,4.0712543,4.400974
-573.0749,630.0926,4.0574675,4.4165583
-573.0272,631.0913,4.044047,4.431869
-572.9791,632.08997,4.0310583,4.446856
-572.9306,633.0886,4.0180697,4.4618425
-572.8817,634.0872,4.005081,4.4768295
-572.8325,635.0859,3.9920924,4.4918165
-572.783,636.0845,3.9921677,4.4970965
-572.7332,637.083,4.007957,4.4907007
-572.68317,638.0816,4.0237465,4.4843054
-572.6328,639.08014,4.0395355,4.4779096
-572.58234,640.07874,4.055325,4.4715137
-572.5316,641.0773,4.071206,4.4651175
-572.4808,642.0758,4.0871997,4.45872
-572.4297,643.07434,4.103193,4.452323
-572.37836,644.0728,4.1191864,4.4459257
-572.32684,645.07135,4.1351795,4.439528
-572.2751,646.0698,4.151085,4.4331303
-572.2231,647.0683,4.166882,4.426731
-572.17084,648.0667,4.182679,4.4203324
-572.1182,649.0652,4.198477,4.4139338
-572.06537,650.0636,4.214274,4.4075346
-572.0122,651.062,4.2300725,4.401135
-571.95874,652.0604,4.245873,4.394735
-571.9049,653.0588,4.261674,4.3883348
-571.8507,654.0571,4.2774744,4.3819346
-571.7962,655.0555,4.293275,4.375534
-571.7413,656.05383,4.309077,4.3691335
-571.686,657.0521,4.3248806,4.362732
-571.6303,658.05035,4.340684,4.3563304
-571.57416,659.04865,4.3564873,4.3499293
-571.51764,660.0469,4.372291,4.343528
-571.46063,661.04504,4.3880954,4.337126
-571.4032,662.0432,4.4039016,4.3307233
-571.3453,663.0414,4.4197073,4.3243213
-571.28687,664.0395,4.435513,4.317919
-571.228,665.0376,4.451319,4.3115163
-571.1686,666.03564,4.467126,4.305114
-571.1087,667.0337,4.4829335,4.2987103
-571.0482,668.0317,4.498741,4.2923074
-570.98724,669.02966,4.5145493,4.285904
-570.92566,670.0276,4.530357,4.279501
-570.8635,671.02545,4.5373673,4.2749114
-570.8008,672.0233,4.5337653,4.27251
-570.7375,673.0211,4.5301633,4.2701087
-570.6735,674.0189,4.5265613,4.2677073
-570.60895,675.01666,4.522959,4.265306
-570.54376,676.01434,4.5097737,4.2648215
-570.47784,677.012,4.485159,4.2666225
-570.4113,678.00964,4.4605436,4.2684236
-570.3441,679.0072,4.435929,4.2702246
-570.2762,680.0047,4.411314,4.2720256
-570.2076,681.0022,4.386699,4.2739186
-570.13824,681.9996,4.362084,4.27592
-570.0682,682.99695,4.337469,4.277921
-569.9973,683.99426,4.3128543,4.2799225
-569.9257,684.9915,4.2882395,4.281924
-569.8534,685.9888,4.263625,4.283832
-569.7802,686.9859,4.239012,4.285633
-569.7063,687.983,4.2143984,4.287434
-569.63153,688.98,4.1897845,4.289235
-569.5559,689.977,4.165171,4.291036
-569.4795,690.9739,4.1405587,4.29293
-569.40216,691.9707,4.1159477,4.294931
-569.32404,692.96747,4.0913367,4.2969317
-569.245,693.9642,4.0667257,4.298933
-569.1651,694.9608,4.0421147,4.300934
-569.0842,695.95734,4.0218043,4.303402
-569.0025,696.95386,4.0063996,4.3064027
-568.9198,697.95026,3.9909952,4.3094034
-568.8362,698.94653,3.9755907,4.3124046
-568.7516,699.9428,3.9601862,4.3154054
-568.666,700.93896,3.953031,4.3195305
-568.57947,701.935,3.9552312,4.324931
-568.49194,702.931,3.9574313,4.3303313
-568.4034,703.92694,3.9596314,4.3357315
-568.3138,704.9227,3.9618316,4.341132
-568.22314,705.91846,3.9640315,4.3466253
-568.1315,706.91406,3.966231,4.3522243
-568.03876,707.90955,3.9684305,4.3578234
-567.94495,708.90497,3.9706302,4.363422
-567.8501,709.90027,3.9728296,4.369021
-567.7541,710.8955,3.975029,4.3745255
-567.657,711.8906,3.977228,4.379923
-567.5588,712.8856,3.9794269,4.38532
-567.4594,713.8805,3.9816258,4.390718
-567.3589,714.87524,3.9838247,4.3961153
-567.25726,715.8699,3.9861164,4.401605
-567.1544,716.8644,3.988515,4.4072013
-567.0504,717.8588,3.9909132,4.4127975
-566.94525,718.8531,3.9933116,4.4183936
-566.83887,719.8472,3.99571,4.42399
-566.73126,720.84125,4.001802,4.422198
-566.62244,721.83514,4.0121937,4.4118066
-566.5124,722.8289,4.0225854,4.401415
-566.40106,723.8225,4.0329766,4.391023
-566.2885,724.816,4.0433683,4.380632
-566.1747,725.8093,4.0565968,4.364749
-566.0596,726.8025,4.073182,4.3423686
-565.9431,727.7955,4.0897675,4.3199883
-565.82544,728.7884,4.106353,4.297608
-565.70636,729.78107,4.122938,4.275228
-565.586,730.7736,4.1395235,4.252757
-565.4643,731.76605,4.156109,4.2301774
-565.34125,732.75824,4.1726937,4.2075977
-565.21686,733.7503,4.189279,4.185018
-565.09106,734.7422,4.205864,4.162438
-564.96387,735.7339,4.2224493,4.139948
-564.8353,736.7254,4.239035,4.117567
-564.7053,737.7168,4.255621,4.095186
-564.5739,738.70795,4.272207,4.0728054
-564.4411,739.6989,4.2887926,4.0504246
-564.3068,740.68964,4.304223,4.0351553
-564.1711,741.68024,4.3182125,4.02876
-564.0339,742.6706,4.3322015,4.022365
-563.8952,743.66077,4.346191,4.0159698
-563.755,744.6507,4.36018,4.009575
-563.61334,745.64044,4.373377,4.0081153
-563.47015,746.62994,4.3855686,4.0129123
-563.3255,747.61926,4.397761,4.0177093
-563.17926,748.60834,4.409953,4.022506
-563.03143,749.59717,4.422145,4.0273027
-562.8821,750.5858,4.434338,4.0320125
-562.73114,751.57416,4.446532,4.0366106
-562.5787,752.5623,4.458726,4.0412083
-562.42456,753.5502,4.47092,4.045806
-562.26886,754.5378,4.483114,4.0504036
-562.1115,755.52515,4.4937425,4.05622
-561.9526,756.51227,4.5023394,4.0636177
-561.792,757.49915,4.5109367,4.0710154
-561.62976,758.4857,4.519534,4.078413
-561.4658,759.472,4.5281315,4.0858107
-561.30023,760.458,4.5238066,4.1030965
-561.13293,761.4437,4.5026093,4.1332927
-560.964,762.4292,4.4814115,4.163489
-560.79333,763.41437,4.460214,4.1936855
-560.6209,764.3992,4.439017,4.2238817
-560.4468,765.3837,4.417817,4.2541676
-560.2709,766.368,4.3966155,4.28457
-560.09326,767.35187,4.3754134,4.314973
-559.9138,768.3355,4.354212,4.3453755
-559.7326,769.3188,4.3330097,4.375778
-559.5497,770.3017,4.311806,4.406097
-559.36487,771.2843,4.2906,4.436306
-559.1783,772.2666,4.2693934,4.4665146
-558.98987,773.2485,4.2481875,4.4967237
-558.79956,774.23004,4.226981,4.5269327
-558.6075,775.21124,4.2113442,4.5527043
-558.4135,776.1921,4.20294,4.5727143
-558.2177,777.17255,4.1945357,4.592724
-558.02014,778.15265,4.186132,4.6127334
-557.82074,779.1324,4.1777277,4.6327434
-557.6197,780.1118,4.1730876,4.649865
-557.4169,781.0908,4.173288,4.663273
-557.2124,782.0695,4.1734877,4.676681
-557.0063,783.0479,4.173688,4.6900887
-556.7986,784.0259,4.173888,4.703497
-556.5893,785.00354,4.174176,4.7169046
-556.3785,785.9809,4.1745763,4.730313
-556.16614,786.95795,4.174977,4.743721
-555.9523,787.93463,4.175377,4.7571297
-555.737,788.911,4.1757774,4.770538
-555.5203,789.8871,4.175556,4.768682
-555.3022,790.8628,4.174556,4.74767
-555.08276,791.83826,4.1735554,4.726658
-554.86194,792.8134,4.1725545,4.705646
-554.6399,793.78827,4.171554,4.6846337
-554.4165,794.7628,4.1702857,4.6546025
-554.19196,795.73706,4.168685,4.613383
-553.9662,796.71106,4.167084,4.5721626
-553.7392,797.6848,4.165483,4.5309424
-553.5111,798.65826,4.1638823,4.4897227
-553.2819,799.6315,4.1622815,4.448505
-553.05164,800.60443,4.1606812,4.4072895
-552.8203,801.5771,4.1590805,4.3660746
-552.58795,802.54956,4.15748,4.3248596
-552.3546,803.5218,4.1558795,4.2836447
-552.12036,804.4938,4.1542788,4.2425222
-551.88513,805.4655,4.1526785,4.2015133
-551.64905,806.4371,4.151078,4.160504
-551.41205,807.40845,4.149478,4.1194944
-551.17426,808.3796,4.1478777,4.0784855
-550.93567,809.3505,4.1473613,4.0531993
-550.6963,810.3212,4.1481614,4.046999
-550.4562,811.2918,4.1489615,4.040798
-550.21533,812.2622,4.1497617,4.034598
-549.9739,813.2324,4.150562,4.0283976
-549.73175,814.2025,4.151633,4.0264463
-549.48895,815.1724,4.153033,4.0296464
-549.2456,816.14215,4.154433,4.032846
-549.0017,817.1118,4.155833,4.036046
-548.7573,818.0813,4.1572323,4.0392456
-548.5124,819.05066,4.1586323,4.042355
-548.267,820.0199,4.160032,4.0453544
-548.0212,820.989,4.161432,4.0483537
-547.77496,821.95807,4.1628313,4.051353
-547.5284,822.927,4.1642313,4.0543523
-547.28143,823.8959,4.165631,4.0574417
-547.03424,824.8646,4.1670303,4.060641
-546.7867,825.8334,4.16843,4.06384
-546.53894,826.802,4.1698294,4.0670385
-546.29095,827.77057,4.171229,4.0702376
-546.0428,828.73914,4.1726284,4.0734363
-545.79443,829.7076,4.174028,4.076635
-545.54596,830.6761,4.1754274,4.0798335
-545.2974,831.64453,4.1768265,4.083032
-545.04877,832.6129,4.178226,4.0862308
-544.8001,833.58136,4.1796255,4.0894294
-544.55145,834.54974,4.1810246,4.092628
-544.3028,835.5181,4.182424,4.095826
-544.0542,836.4866,4.183823,4.0990243
-543.80566,837.455,4.1852226,4.102223
-543.5573,838.4235,4.186533,4.1053324
-543.3091,839.392,4.187732,4.1083307
-543.061,840.3606,4.1889315,4.111329
-542.8131,841.3292,4.1901307,4.1143274
-542.5655,842.2979,4.19133,4.1173253
-542.31805,843.2666,4.192618,4.120412
-542.0708,844.2354,4.194017,4.12361
-541.82385,845.2042,4.195416,4.126808
-541.5771,846.17316,4.196815,4.1300063
-541.3305,847.1421,4.1982145,4.133204
-541.0841,848.1111,4.1996136,4.136402
-540.8379,849.08014,4.2010126,4.1396003
-540.59186,850.0492,4.2024117,4.1427984
-540.346,851.0183,4.2038107,4.145996
-540.1003,851.9875,4.20521,4.1491942
-539.85474,852.95667,4.2066092,4.152305
-539.6093,853.9259,4.2080083,4.1553035
-539.364,854.8952,4.2094073,4.158302
-539.1189,855.8645,4.2108064,4.1612997
-538.87384,856.83386,4.212206,4.164298
-538.6289,857.8032,4.213605,4.1673827
-538.3841,858.7726,4.215004,4.170581
-538.13934,859.742,4.2164035,4.173779
-537.8947,860.7114,4.2178025,4.176977
-537.6502,861.6809,4.2192016,4.1801753
-537.4057,862.6504,4.220601,4.1833735
-537.1613,863.6199,4.222,4.186572
-536.91693,864.58936,4.2233996,4.18977
-536.67267,865.5589,4.2247987,4.192969
-536.4284,866.52844,4.226198,4.196167
-536.1842,867.498,4.227597,4.1993656
-535.94,868.4675,4.2289968,4.2025642
-535.6958,869.4371,4.2303963,4.205763
-535.45166,870.4066,4.231796,4.2089615
-535.2075,871.37616,4.2331953,4.21216
-534.9634,872.34576,4.234595,4.2152743
-534.7192,873.3153,4.2359943,4.218273
-534.47504,874.28485,4.237394,4.2212725
-534.23083,875.2544,4.2387934,4.2242713
-533.9866,876.22394,4.240193,4.2272706
-533.7423,877.1935,4.2415924,4.2303543
-533.498,878.16296,4.2429924,4.233554
-533.2536,879.13245,4.244392,4.2367535
-533.0091,880.1019,4.245792,4.239953
-532.7646,881.0714,4.247192,4.2431526
-532.52,882.0409,4.2485914,4.246352
-532.2753,883.0103,4.2499914,4.2495522
-532.0305,883.9797,4.2513914,4.2527523
-531.78564,884.94904,4.252792,4.2559524
-531.54065,885.9184,4.254192,4.2591524
-531.29553,886.88776,4.255592,4.262268
-531.0503,887.857,4.2569923,4.265269
-530.80493,888.82623,4.2583923,4.2682695
-530.55945,889.7955,4.259793,4.2712703
-530.3138,890.76465,4.261193,4.274271
-530.068,891.7338,4.2625933,4.2773566
-529.822,892.7029,4.263994,4.280558
-529.57587,893.67194,4.2653947,4.283759
-529.3295,894.6409,4.266795,4.2869606
-529.083,895.6099,4.268196,4.290162
-528.8363,896.57886,4.270108,4.293449
-528.5894,897.54767,4.27271,4.296851
-528.3423,898.5165,4.2753115,4.300254
-528.095,899.4852,4.2779136,4.303656
-527.8474,900.4539,4.280515,4.3070583
-527.5996,901.4226,4.2841487,4.310805
-527.3516,902.3912,4.2891536,4.3150086
-527.10333,903.3597,4.294158,4.319213
-526.8548,904.3281,4.299163,4.3234167
-526.606,905.2965,4.3041677,4.327621
-526.3569,906.2648,4.3090863,4.3318253
-526.1075,907.23303,4.313892,4.3360305
-525.85785,908.2012,4.318698,4.3402357
-525.60803,909.16925,4.3235035,4.3444405
-525.35803,910.1373,4.3283095,4.3486457
-525.108,911.1054,4.333203,4.3528504
-524.8578,912.0734,4.3382077,4.3570547
-524.60767,913.04144,4.343213,4.361259
-524.3575,914.00946,4.348218,4.3654633
-524.1074,914.97754,4.353223,4.369667
-523.85754,915.9456,4.358226,4.3737807
-523.6078,916.91376,4.363226,4.377781
-523.3584,917.88196,4.3682265,4.381781
-523.1094,918.8503,4.373227,4.385782
-522.86084,919.8187,4.3782277,4.389782
-522.6129,920.78735,4.3832245,4.393869
-522.3656,921.7561,4.3882174,4.3980627
-522.1188,922.725,4.3932104,4.4022565
-521.8724,923.694,4.3982024,4.4064503
-521.62616,924.663,4.4031944,4.4106436
-521.3801,925.6321,4.408432,4.4137816
-521.1344,926.60126,4.4139857,4.415567
-520.88965,927.5707,4.4195395,4.4173517
-520.6464,928.54047,4.425094,4.4191375
-520.40533,929.5108,4.4306507,4.420923
-520.167,930.48175,4.444609,4.397607
-519.93024,931.4531,4.4713054,4.3362255
-519.69183,932.42413,4.4979973,4.274853
-519.4484,933.3939,4.524671,4.2135224
-519.1967,934.3615,4.5513115,4.1522694
-518.9333,935.326,4.555296,4.134182
-518.6521,936.28546,4.494876,4.2387633
-518.3416,937.2358,4.434413,4.3434176
-517.9898,938.1716,4.3738313,4.4482784
-517.58496,939.0856,4.313159,4.5532966
-517.11676,939.96875,4.258008,4.682937
-516.5802,940.81213,4.2164845,4.8731627
-515.9775,941.6095,4.1750407,5.0630236
-515.3111,942.35455,4.133609,5.252829
-514.58356,943.04,4.092147,5.442772
-513.7983,943.65826,4.16434,5.3775
-512.9623,944.2062,4.2892423,5.19382
-512.0843,944.6839,4.414074,5.0102444
-511.1718,945.09216,4.538916,4.826653
-510.2317,945.4318,4.658945,4.6485286
-509.27008,945.70496,4.6939487,4.5680604
-508.29343,945.91846,4.728969,4.487554
-507.30704,946.08124,4.763953,4.4071302
-506.31464,946.2025,4.7989025,4.326788
-505.31882,946.2916,4.8262258,4.255167
-504.32114,946.3566,4.767743,4.2817154
-503.32236,946.4024,4.709191,4.3082952
-502.32303,946.43317,4.6506023,4.334891
-501.3234,946.45325,4.5920014,4.3614926
-500.32367,946.467,4.5334015,4.388094
-499.3239,946.4784,4.4700904,4.419368
-498.32413,946.4893,4.4062104,4.45121
-497.32437,946.5012,4.3423386,4.4830484
-496.32465,946.5152,4.278471,4.5148845
-495.32498,946.53265,4.2146063,4.546719
-494.3254,946.5549,4.2184114,4.527764
-493.326,946.58374,4.242283,4.4937468
-492.32687,946.6214,4.266156,4.459728
-491.32825,946.66986,4.2900295,4.425708
-490.3303,946.7313,4.313901,4.391691
-489.33344,946.80786,4.344164,4.354033
-488.33798,946.9012,4.3766184,4.3151283
-487.34445,947.01306,4.409074,4.276222
-486.3534,947.1451,4.4415326,4.237312
-485.36548,947.29895,4.4739933,4.198399
-484.3815,947.4761,4.4787803,4.1933293
-483.402,947.67664,4.47595,4.197575
-482.4275,947.9001,4.4731197,4.2018204
-481.45837,948.1459,4.47029,4.206065
-480.49506,948.4136,4.46746,4.21031
-479.53796,948.7027,4.481871,4.2202945
-478.5875,949.0128,4.4996305,4.2313943
-477.64404,949.34375,4.5173907,4.242494
-476.70795,949.695,4.535151,4.2535944
-475.77966,950.06635,4.5529113,4.2646947
-474.8595,950.4574,4.545058,4.3007984
-473.9478,950.8678,4.53379,4.3402343
-473.04492,951.29724,4.522523,4.379669
-472.15115,951.7453,4.5112557,4.419104
-471.26678,952.21173,4.4999886,4.458539
-470.39212,952.69604,4.491132,4.4724298
-469.52744,953.198,4.4825063,4.4838634
-468.67303,953.7172,4.4738812,4.495297
-467.8292,954.2535,4.4652557,4.5067306
-466.99622,954.80646,4.4566307,4.518164
-466.17435,955.3758,4.518897,4.371127
-465.36386,955.9612,4.586755,4.2115917
-464.565,956.56244,4.654612,4.052057
-463.77805,957.17914,4.722469,3.8925228
-463.00323,957.81104,4.7903256,3.73299
-462.24088,958.4579,4.7229137,3.8477323
-461.4912,959.1194,4.6454935,3.9827673
-460.75458,959.7954,4.568073,4.1178036
-460.03128,960.4857,4.4906516,4.2528405
-459.3217,961.19006,4.41323,4.387878
-458.62604,961.90814,4.391753,4.3783255
-457.94455,962.6397,4.3743296,4.3582983
-457.27728,963.3843,4.356906,4.338271
-456.62442,964.14154,4.3394823,4.318244
-455.98602,964.911,4.3220577,4.2982154
-455.36212,965.69226,4.310088,4.331805
-454.75244,966.4847,4.298471,4.3688593
-454.15656,967.28754,4.2868543,4.405913
-453.57397,968.10004,4.275238,4.442965
-453.00424,968.9217,4.2636213,4.4800186
-452.44687,969.7517,4.2535458,4.4944797
-451.9014,970.5896,4.243557,4.507665
-451.3674,971.4349,4.2335677,4.5208507
-450.84445,972.28705,4.223579,4.534036
-450.33203,973.14557,4.2135897,4.5472217
-449.8297,974.0101,4.2274485,4.527359
-449.3369,974.88,4.2428036,4.505423
-448.8531,975.75494,4.2581587,4.4834876
-448.3777,976.6345,4.273514,4.461552
-447.91013,977.5183,4.2888684,4.4396167
-447.4499,978.4059,4.327916,4.389356
-446.99673,979.2971,4.3688498,4.3368416
-446.55054,980.19183,4.409784,4.284326
-446.11118,981.08997,4.450718,4.231811
-445.67853,981.99133,4.491652,4.1792955
-445.25244,982.8958,4.531933,4.1292477
-444.83292,983.80334,4.5721555,4.0794196
-444.41992,984.7139,4.612378,4.0295916
-444.01343,985.6274,4.6526003,3.9797635
-443.61346,986.5437,4.692823,3.9299355
-443.21997,987.4628,4.667576,3.9625454
-442.83292,988.3847,4.636714,4.002225
-442.45233,989.30927,4.6058526,4.041904
-442.0781,990.23645,4.5749907,4.0815835
-441.71024,991.16614,4.544129,4.121263
-441.3487,992.09827,4.5132427,4.1609735
-440.99332,993.03284,4.482355,4.2006865
-440.64404,993.96967,4.4514675,4.240399
-440.3007,994.9087,4.4205794,4.280112
-439.9632,995.8498,4.389692,4.3198247
-439.63135,996.79297,4.3796577,4.327119
-439.305,997.73804,4.370832,4.332535
-438.9839,998.6849,4.3620067,4.3379507
-438.66788,999.6334,4.353181,4.343366
-438.35666,1000.5836,4.344355,4.348782
-438.05008,1001.5353,4.343615,4.3418818
-437.74792,1002.48834,4.3432145,4.3344655
-437.44995,1003.44275,4.3428135,4.327049
-437.156,1004.3984,4.3424125,4.319632
-436.86588,1005.35516,4.3420115,4.3122153
-436.5793,1006.31305,4.341417,4.305001
-436.29617,1007.272,4.340816,4.297792
-436.0162,1008.2318,4.340215,4.2905827
-435.73917,1009.1925,4.3396144,4.283374
-435.46494,1010.15393,4.3390136,4.276165
-435.1932,1011.11615,4.338609,4.268964
-434.92383,1012.079,4.338209,4.261762
-434.65656,1013.0424,4.337809,4.254561
-434.3912,1014.0064,4.337409,4.2473593
-434.12753,1014.9708,4.337009,4.240158
-433.86536,1015.93567,4.341496,4.2341356
-433.60446,1016.9009,4.3460927,4.22814
-433.3446,1017.86633,4.35069,4.2221437
-433.08563,1018.83203,4.3552866,4.2161474
-432.82733,1019.7979,4.359884,4.2101517
-432.5695,1020.7639,4.378497,4.207858
-432.31186,1021.73,4.397474,4.205661
-432.0542,1022.69604,4.416451,4.2034636
-431.7963,1023.66205,4.435428,4.2012663
-431.5379,1024.6279,4.454405,4.199069
-431.27884,1025.5936,4.473572,4.196872
-431.01904,1026.5591,4.492744,4.194675
-430.7585,1027.5244,4.5119166,4.192478
-430.49725,1028.4895,4.5310893,4.1902814
-430.2353,1029.4543,4.550262,4.1880846
-429.9726,1030.4191,4.569241,4.185888
-429.70926,1031.3835,4.588213,4.183691
-429.44534,1032.3479,4.6071844,4.181494
-429.18094,1033.3121,4.626156,4.179298
-428.9161,1034.2762,4.6451273,4.177101
-428.6509,1035.2404,4.6376176,4.189574
-428.3854,1036.2042,4.628831,4.202754
-428.11966,1037.1681,4.6200438,4.2159343
-427.85373,1038.132,4.611257,4.229114
-427.58765,1039.0957,4.6024704,4.2422943
-427.3215,1040.0594,4.589714,4.2577434
-427.05536,1041.0232,4.5767326,4.273321
-426.7892,1041.9869,4.563751,4.2888985
-426.5232,1042.9507,4.5507703,4.304476
-426.25732,1043.9146,4.537789,4.3200536
-425.99167,1044.8784,4.524806,4.3354454
-425.7263,1045.8424,4.5118227,4.3508253
-425.46124,1046.8065,4.49884,4.366205
-425.1966,1047.7706,4.4858565,4.381585
-424.9324,1048.7349,4.4728737,4.396965
-424.66873,1049.6993,4.4600744,4.412534
-424.40564,1050.664,4.4472885,4.4281173
-424.14316,1051.6287,4.4345026,4.4437003
-423.88138,1052.5936,4.421716,4.459283
-423.62033,1053.5588,4.4089303,4.474866
-423.3601,1054.5242,4.395956,4.4902673
-423.10074,1055.4897,4.382967,4.505655
-422.84232,1056.4556,4.3699775,4.521042
-422.58487,1057.4218,4.3569884,4.536429
-422.32846,1058.3881,4.3439994,4.5518165
-422.07318,1059.3549,4.331191,4.5673923
-421.819,1060.3218,4.318398,4.5829835
-421.56592,1061.2891,4.305605,4.598575
-421.31396,1062.2566,4.292812,4.6141667
-421.0631,1063.2245,4.280019,4.6297584
-420.81332,1064.1926,4.2670383,4.6451697
-420.56464,1065.161,4.254042,4.6605654
-420.31702,1066.1296,4.2410455,4.6759615
-420.07047,1067.0986,4.2280493,4.691357
-419.82498,1068.0679,4.215053,4.706753
-419.58054,1069.0374,4.2176757,4.6776752
-419.33716,1070.0071,4.2216754,4.644677
-419.09482,1070.977,4.225675,4.611679
-418.85352,1071.9474,4.229675,4.578681
-418.61322,1072.9178,4.233675,4.545683
-418.37396,1073.8887,4.238594,4.5093718
-418.1357,1074.8596,4.2435946,4.4727674
-417.89844,1075.8309,4.248595,4.436163
-417.6622,1076.8025,4.253596,4.3995585
-417.42694,1077.7742,4.2585964,4.3629537
-417.19266,1078.7462,4.2637815,4.3263445
-416.95935,1079.7184,4.268983,4.289735
-416.727,1080.6909,4.274184,4.253125
-416.49564,1081.6636,4.2793856,4.2165155
-416.2652,1082.6365,4.284587,4.179906
-416.0357,1083.6096,4.2872105,4.1556334
-415.80716,1084.583,4.2896113,4.132425
-415.57956,1085.5565,4.292012,4.109216
-415.35287,1086.5303,4.294413,4.0860076
-415.1271,1087.5044,4.296814,4.062799
-414.90222,1088.4785,4.2946005,4.0608153
-414.67825,1089.453,4.2919993,4.0606155
-414.4552,1090.4276,4.289398,4.0604153
-414.233,1091.4025,4.286797,4.060215
-414.01172,1092.3774,4.284196,4.060015
-413.79126,1093.3527,4.2815943,4.06
-413.57172,1094.3281,4.278993,4.06
-413.353,1095.3037,4.276392,4.06
-413.13513,1096.2795,4.2737904,4.06
-412.9181,1097.2555,4.271189,4.06
-412.7019,1098.2317,4.2687736,4.0598145
-412.48654,1099.208,4.266372,4.059614
-412.272,1100.1846,4.263971,4.0594144
-412.0583,1101.1613,4.2615695,4.059214
-411.84537,1102.1382,4.259168,4.059014
-411.6332,1103.1152,4.256581,4.059
-411.42188,1104.0924,4.2539797,4.059
-411.2113,1105.0698,4.251378,4.059
-411.00153,1106.0475,4.248777,4.059
-410.7925,1107.0251,4.246176,4.059
-410.58426,1108.003,4.243574,4.0588136
-410.37674,1108.9811,4.240973,4.0586133
-410.16995,1109.9594,4.2383714,4.058413
-409.96393,1110.9377,4.23577,4.058213
-409.75864,1111.9163,4.233169,4.058013
-409.55405,1112.8949,4.233187,4.0589356
-409.3502,1113.8737,4.233387,4.059936
-409.147,1114.8527,4.2335873,4.0609365
-408.94455,1115.8318,4.2337875,4.061937
-408.74277,1116.811,4.2339873,4.0629373
-408.5417,1117.7904,4.235688,4.064688
-408.34125,1118.77,4.2374887,4.0664887
-408.1415,1119.7496,4.2392898,4.0682898
-407.9424,1120.7295,4.2410903,4.0700903
-407.744,1121.7094,4.2428913,4.0718913
-407.54617,1122.6895,4.2448797,4.073692
-407.34903,1123.6697,4.2468805,4.0754924
-407.1525,1124.65,4.2488813,4.077293
-406.95657,1125.6304,4.2508817,4.0790935
-406.7613,1126.611,4.2528825,4.0808945
-406.5666,1127.5917,4.2548833,4.0825067
-406.37253,1128.5725,4.2568836,4.084107
-406.17902,1129.5533,4.258884,4.085707
-405.9861,1130.5344,4.260885,4.087308
-405.79376,1131.5156,4.262885,4.088908
-405.602,1132.4968,4.2648854,4.0906973
-405.41077,1133.4783,4.266886,4.0924973
-405.22012,1134.4597,4.2688866,4.094298
-405.03,1135.4413,4.270887,4.096098
-404.84042,1136.423,4.272887,4.0978985
-404.65137,1137.4048,4.274887,4.0996985
-404.46286,1138.3867,4.2768874,4.1014986
-404.27484,1139.3687,4.2788877,4.1032987
-404.08734,1140.3507,4.2808876,4.105099
-403.90033,1141.3329,4.282888,4.1068993
-403.7138,1142.3152,4.286965,4.107755
-403.52777,1143.2976,4.291165,4.1085553
-403.34222,1144.28,4.2953644,4.109355
-403.15714,1145.2626,4.2995644,4.110155
-402.9725,1146.2452,4.3037643,4.110955
-402.78833,1147.2279,4.308719,4.1113777
-402.6046,1148.2107,4.3137183,4.1117773
-402.4213,1149.1936,4.3187175,4.1121774
-402.23843,1150.1765,4.323717,4.1125774
-402.056,1151.1595,4.3287163,4.1129775
-401.87396,1152.1427,4.333715,4.113566
-401.69235,1153.1259,4.338714,4.114166
-401.5111,1154.1091,4.343713,4.1147656
-401.3303,1155.0925,4.3487115,4.1153655
-401.14984,1156.0759,4.35371,4.1159654
-400.96976,1157.0594,4.3587084,4.116377
-400.79004,1158.043,4.3637066,4.1167765
-400.61072,1159.0266,4.368705,4.1171765
-400.4317,1160.0103,4.373703,4.117576
-400.25305,1160.994,4.378701,4.117976
-400.07474,1161.9778,4.383699,4.118376
-399.89676,1162.9617,4.3886967,4.118776
-399.7191,1163.9456,4.393694,4.1191754
-399.54175,1164.9296,4.3986917,4.1195755
-399.3647,1165.9136,4.4036894,4.119975
-399.18796,1166.8976,4.404375,4.1222496
-399.0115,1167.8817,4.4047747,4.124648
-398.83533,1168.866,4.4051743,4.1270466
-398.65942,1169.8502,4.4055743,4.129445
-398.4838,1170.8345,4.405974,4.1318436
-398.3084,1171.8187,4.3972187,4.1383524
-398.1333,1172.8031,4.3878255,4.1451473
-397.95844,1173.7876,4.3784323,4.1519427
-397.78378,1174.772,4.369039,4.1587377
-397.60938,1175.7565,4.359646,4.1655326
-397.43518,1176.7411,4.3500676,4.172327
-397.26123,1177.7256,4.3404756,4.1791215
-397.08746,1178.7102,4.330884,4.1859155
-396.91388,1179.6948,4.321292,4.19271
-396.7405,1180.6796,4.3117,4.1995044
-396.5673,1181.6643,4.3022943,4.2061124
-396.39426,1182.649,4.292903,4.212706
-396.2214,1183.6338,4.283512,4.2193
-396.0487,1184.6185,4.2741213,4.2258935
-395.87616,1185.6034,4.26473,4.232487
-395.70377,1186.5883,4.25534,4.2392645
-395.53152,1187.5731,4.24595,4.2460575
-395.35938,1188.558,4.2365603,4.25285
-395.18735,1189.543,4.2271705,4.2596426
-395.01544,1190.5278,4.21778,4.2664356
-394.84363,1191.5128,4.208391,4.2732277
-394.6719,1192.4978,4.1990023,4.2800198
-394.50034,1193.4828,4.1896133,4.2868114
-394.3289,1194.4678,4.1802244,4.2936034
-394.15762,1195.4529,4.1708355,4.3003955
-393.98654,1196.438,4.161447,4.307005
-393.81567,1197.4231,4.152059,4.3135967
-393.64502,1198.4082,4.1426706,4.320189
-393.47467,1199.3934,4.133282,4.326781
-393.3046,1200.3787,4.1238937,4.3333726
-393.13483,1201.364,4.120108,4.3370724
-392.9654,1202.3494,4.1169124,4.3404684
-392.79636,1203.3348,4.113716,4.343864
-392.62772,1204.3203,4.11052,4.34726
-392.45947,1205.3059,4.107324,4.3506556
-392.2917,1206.2915,4.1104107,4.350641
-392.12436,1207.2772,4.1142063,4.3502417
-391.95752,1208.2631,4.118002,4.349842
-391.7912,1209.2489,4.121797,4.3494425
-391.62546,1210.235,4.1255927,4.349043
-391.46027,1211.2211,4.129567,4.348465
-391.29565,1212.2072,4.133563,4.3478656
-391.13168,1213.1935,4.137559,4.347266
-390.96835,1214.1799,4.1415544,4.346667
-390.8057,1215.1664,4.1455503,4.3460674
-390.64374,1216.153,4.1493692,4.345468
-390.4825,1217.1398,4.153166,4.3448687
-390.32202,1218.1266,4.156963,4.3442693
-390.16232,1219.1136,4.1607594,4.3436694
-390.00342,1220.1007,4.164556,4.34307
-389.84534,1221.088,4.16853,4.342647
-389.6881,1222.0753,4.1725273,4.3422475
-389.53174,1223.0629,4.1765246,4.3418474
-389.3763,1224.0505,4.180522,4.341448
-389.22177,1225.0383,4.1845193,4.3410482
-389.0682,1226.0264,4.1885176,4.340472
-388.91565,1227.0144,4.192516,4.339873
-388.76407,1228.0027,4.196514,4.339273
-388.61353,1228.9911,4.2005124,4.338673
-388.46405,1229.9797,4.2045107,4.3380733
-388.31564,1230.9685,4.2083344,4.337649
-388.16833,1231.9574,4.2121344,4.337249
-388.0222,1232.9465,4.215934,4.336849
-387.8772,1233.9358,4.219733,4.336449
-387.7334,1234.9252,4.2235327,4.336049
-387.5908,1235.9148,4.219965,4.3272285
-387.44946,1236.9045,4.2153645,4.317227
-387.30936,1237.8945,4.210764,4.3072257
-387.17056,1238.8846,4.206163,4.297224
-387.0331,1239.875,4.2015624,4.2872224
-386.89697,1240.8655,4.1964335,4.276691
-386.7622,1241.8562,4.191231,4.266086
-386.62885,1242.8472,4.1860285,4.2554812
-386.49692,1243.8383,4.180826,4.2448764
-386.36642,1244.8295,4.175624,4.2342715
-386.2374,1245.8209,4.1721816,4.223664
-386.1099,1246.8126,4.168979,4.213056
-385.98392,1247.8044,4.1657767,4.202448
-385.85947,1248.7965,4.1625743,4.19184
-385.73663,1249.7888,4.159372,4.181232
-385.6154,1250.7813,4.1809416,4.169206
-385.49576,1251.7739,4.2057667,4.156994
-385.3778,1252.7667,4.2305923,4.144781
-385.26154,1253.7598,4.2554173,4.132569
-385.147,1254.753,4.2802424,4.1203566
-385.0342,1255.7465,4.304895,4.1081414
-384.92316,1256.7401,4.3295255,4.0959263
-384.8139,1257.7339,4.354156,4.083711
-384.70645,1258.7279,4.3787866,4.071496
-384.60086,1259.7222,4.403417,4.059281
-384.49707,1260.7167,4.4393463,4.047243
-384.39514,1261.7112,4.4765983,4.0352263
-384.295,1262.706,4.5138507,4.0232096
-384.1967,1263.701,4.551103,4.0111923
-384.10013,1264.6962,4.5883555,3.9991758
-384.00534,1265.6915,4.6299467,3.987158
-383.9123,1266.687,4.6720085,3.9751403
-383.82098,1267.6826,4.714071,3.9631226
-383.73138,1268.6785,4.7561326,3.9511049
-383.64346,1269.6744,4.7981944,3.9390872
-383.55722,1270.6705,4.787791,3.956217
-383.47266,1271.6667,4.772168,3.976246
-383.38974,1272.6631,4.756545,3.9962754
-383.30847,1273.6597,4.7409225,4.0163045
-383.2288,1274.6563,4.7253,4.0363336
-383.15073,1275.6531,4.7094946,4.056545
-383.07425,1276.6499,4.693673,4.076772
-382.99933,1277.647,4.6778517,4.0969996
-382.92596,1278.644,4.66203,4.117227
-382.85416,1279.6414,4.646209,4.1374545
-382.78384,1280.6387,4.6303897,4.157679
-382.71506,1281.6361,4.6145706,4.1779037
-382.64774,1282.6337,4.5987515,4.1981277
-382.58188,1283.6313,4.5829325,4.218352
-382.5175,1284.6292,4.5671134,4.2385764
-382.45453,1285.627,4.5512977,4.258796
-382.393,1286.6249,4.5354824,4.279016
-382.3329,1287.6229,4.5196667,4.2992363
-382.27414,1288.621,4.5038514,4.319456
-382.21677,1289.6191,4.4880357,4.339676
-382.16077,1290.6174,4.4720373,4.3598905
-382.1061,1291.6157,4.4560256,4.380105
-382.05276,1292.6141,4.4400144,4.4003196
-382.0007,1293.6127,4.424003,4.4205337
-381.94995,1294.6112,4.4079914,4.440748
-381.90048,1295.6097,4.406437,4.444815
-381.85226,1296.6084,4.4058366,4.4478164
-381.8053,1297.6072,4.4052362,4.4508176
-381.75955,1298.606,4.4046364,4.4538193
-381.715,1299.6047,4.404036,4.4568205
-381.67166,1300.6036,4.4102054,4.452299
-381.6295,1301.6027,4.4168057,4.447299
-381.58847,1302.6016,4.423406,4.4422984
-381.54858,1303.6006,4.4300065,4.4372983
-381.50983,1304.5997,4.436607,4.4322977
-381.4722,1305.5989,4.443393,4.427111
-381.43567,1306.598,4.450191,4.4219127
-381.40018,1307.5972,4.4569893,4.416714
-381.36578,1308.5964,4.463787,4.4115157
-381.33243,1309.5957,4.470585,4.406317
-381.30008,1310.595,4.4773808,4.4011207
-381.26877,1311.5944,4.484176,4.395924
-381.23843,1312.5936,4.4909716,4.3907275
-381.20908,1313.5931,4.497767,4.3855314
-381.1807,1314.5925,4.5045624,4.380335
-381.15323,1315.5919,4.511168,4.37514
-381.1267,1316.5914,4.517761,4.369946
-381.1011,1317.591,4.524354,4.3647513
-381.07642,1318.5905,4.5309467,4.359557
-381.05258,1319.59,4.53754,4.3543625
-381.02963,1320.5896,4.544316,4.34917
-381.00754,1321.5891,4.551106,4.343978
-380.98627,1322.5887,4.557896,4.3387856
-380.9658,1323.5884,4.564686,4.333593
-380.9461,1324.588,4.571476,4.3284006
-380.92715,1325.5876,4.5782633,4.3232102
-380.909,1326.5873,4.5850506,4.31802
-380.89163,1327.5869,4.591838,4.3128295
-380.87506,1328.5867,4.598625,4.3076396
-380.8593,1329.5863,4.6054125,4.302449
-380.84442,1330.586,4.6120157,4.2972603
-380.8304,1331.5858,4.618602,4.2920713
-380.81732,1332.5856,4.6251874,4.2868824
-380.80524,1333.5853,4.6317735,4.281694
-380.79413,1334.5851,4.638359,4.276505
-380.78412,1335.5848,4.63954,4.2696953
-380.77518,1336.5846,4.640139,4.262711
-380.76743,1337.5845,4.6407375,4.255727
-380.76083,1338.5842,4.6413364,4.2487426
-380.75546,1339.584,4.641935,4.2417583
-380.75134,1340.5839,4.618161,4.227835
-380.74857,1341.5837,4.591419,4.213067
-380.7471,1342.5835,4.5646772,4.1982994
-380.74704,1343.5834,4.5379353,4.1835313
-380.74838,1344.5831,4.5111933,4.1687636
-380.75122,1345.583,4.484446,4.1539927
-380.75555,1346.5828,4.457698,4.139221
-380.76144,1347.5826,4.4309497,4.1244497
-380.76892,1348.5824,4.4042015,4.1096783
-380.778,1349.5822,4.3774533,4.0949073
-380.78882,1350.5819,4.3578267,4.085696
-380.8013,1351.5817,4.3392563,4.077309
-380.81555,1352.5814,4.3206854,4.0689225
-380.8316,1353.5812,4.3021145,4.0605354
-380.84952,1354.5808,4.283544,4.052149
-380.86926,1355.5804,4.277207,4.053586
-380.89096,1356.5801,4.272812,4.056583
-380.9146,1357.5796,4.2684164,4.0595794
-380.94028,1358.5791,4.2640214,4.0625763
-380.968,1359.5785,4.2596264,4.0655727
-380.99777,1360.5779,4.2554007,4.068571
-381.0297,1361.5771,4.251203,4.0715694
-381.06378,1362.5764,4.247005,4.074568
-381.1001,1363.5756,4.2428074,4.077566
-381.13867,1364.5747,4.23861,4.0805645
-381.1795,1365.5737,4.234239,4.0835643
-381.22272,1366.5726,4.229839,4.0865645
-381.26828,1367.5714,4.2254386,4.0895643
-381.31628,1368.5701,4.221039,4.0925646
-381.36673,1369.5686,4.2166386,4.095565
-381.4197,1370.567,4.212236,4.0985665
-381.47522,1371.5653,4.2078333,4.101568
-381.53333,1372.5635,4.2034307,4.10457
-381.59406,1373.5614,4.1990275,4.107572
-381.65747,1374.5592,4.194625,4.110574
-381.7236,1375.5569,4.1903915,4.1135774
-381.79248,1376.5543,4.186187,4.116581
-381.86414,1377.5516,4.1819816,4.1195846
-381.93866,1378.5486,4.177777,4.122588
-382.01608,1379.5454,4.1735716,4.1255918
-382.0964,1380.542,4.173519,4.12877
-382.1797,1381.5385,4.1741204,4.131975
-382.266,1382.5345,4.1747212,4.1351805
-382.35535,1383.5303,4.1753225,4.1383862
-382.44778,1384.5259,4.1759233,4.1415915
-382.54337,1385.5211,4.1815963,4.145148
-382.6421,1386.516,4.1880093,4.148755
-382.74405,1387.5106,4.1944227,4.152363
-382.84927,1388.5049,4.200836,4.15597
-382.9578,1389.4989,4.207249,4.159578
-383.06964,1390.4924,4.2193274,4.159469
-383.18488,1391.4856,4.2321568,4.158868
-383.30353,1392.4783,4.244986,4.158266
-383.42563,1393.4707,4.257815,4.157665
-383.55124,1394.4625,4.270644,4.1570635
-383.6804,1395.454,4.29405,4.148933
-383.81305,1396.4451,4.318706,4.1399126
-383.94913,1397.4355,4.343362,4.1308923
-384.08856,1398.4255,4.3680177,4.1218715
-384.23135,1399.4152,4.392673,4.112851
-384.37738,1400.4043,4.404256,4.1096406
-384.52658,1401.393,4.4144764,4.1070356
-384.67892,1402.3811,4.4246964,4.10443
-384.83435,1403.3688,4.434917,4.101825
-384.99277,1404.356,4.4451375,4.09922
-385.1541,1405.3427,4.4357295,4.105419
-385.31836,1406.3289,4.424512,4.11243
-385.4854,1407.3147,4.413295,4.119441
-385.6552,1408.2999,4.402077,4.1264515
-385.82773,1409.2848,4.39086,4.1334624
-386.00287,1410.2692,4.3796487,4.1404696
-386.18057,1411.253,4.3684373,4.1474767
-386.3608,1412.2366,4.3572264,4.1544833
-386.5435,1413.2195,4.3460155,4.1614904
-386.72855,1414.202,4.3348045,4.168497
-386.91592,1415.1842,4.334743,4.174757
-387.10556,1416.1659,4.335543,4.180959
-387.29742,1417.1471,4.3363433,4.1871614
-387.49142,1418.1279,4.337144,4.1933637
-387.68753,1419.1083,4.337944,4.199566
-387.88562,1420.0884,4.341347,4.2055783
-388.0857,1421.068,4.344946,4.2115765
-388.28766,1422.0471,4.348545,4.217575
-388.4915,1423.026,4.352144,4.223573
-388.69708,1424.0044,4.355743,4.2295713
-388.9044,1424.9825,4.3567424,4.2318554
-389.11337,1425.9603,4.3575416,4.233854
-389.32394,1426.9377,4.3583407,4.2358522
-389.53607,1427.9148,4.35914,4.23785
-389.74966,1428.8915,4.3599396,4.2398486
-389.96472,1429.8679,4.359446,4.239815
-390.1811,1430.844,4.358847,4.239616
-390.3988,1431.82,4.3582478,4.239416
-390.61777,1432.7954,4.357649,4.2392163
-390.8379,1433.7708,4.3570495,4.2390165
-391.05917,1434.7457,4.3566337,4.239
-391.2815,1435.7206,4.3562346,4.239
-391.50485,1436.6951,4.355835,4.239
-391.72916,1437.6694,4.355436,4.239
-391.95435,1438.6436,4.3550367,4.239
-392.1804,1439.6176,4.354456,4.2388186
-392.4072,1440.5913,4.353857,4.238619
-392.63474,1441.565,4.3532586,4.2384195
-392.8629,1442.5383,4.3526597,4.2382197
-393.09174,1443.5116,4.352061,4.2380204
-393.32108,1444.4847,4.3514624,4.2378206
-393.5509,1445.4579,4.3508635,4.2376213
-393.7812,1446.4308,4.3502645,4.2374215
-394.0118,1447.4037,4.349666,4.237222
-394.24277,1448.3765,4.349067,4.2370224
-394.47397,1449.3491,4.3484683,4.2368226
-394.70538,1450.3219,4.34787,4.2366233
-394.93692,1451.2944,4.347271,4.2364235
-395.16858,1452.2671,4.346672,4.236224
-395.40024,1453.2397,4.346073,4.2360244
-395.63187,1454.2124,4.3454742,4.235825
-395.86343,1455.185,4.3448753,4.2356253
-396.09482,1456.1577,4.3442764,4.2354255
-396.326,1457.1304,4.3436775,4.2352257
-396.5569,1458.1033,4.3430786,4.2350264
-396.78745,1459.076,4.3424797,4.2348266
-397.0176,1460.0491,4.3418803,4.234627
-397.24738,1461.0221,4.3412814,4.234427
-397.47668,1461.9954,4.340682,4.234227
-397.70554,1462.9686,4.340083,4.234028
-397.9339,1463.942,4.3396554,4.234
-398.16177,1464.9155,4.339256,4.234
-398.38922,1465.8892,4.338856,4.234
-398.6162,1466.8628,4.3384566,4.234
-398.84283,1467.8367,4.338057,4.234
-399.0691,1468.8105,4.337486,4.2338285
-399.295,1469.7845,4.336886,4.2336287
-399.52063,1470.7585,4.336286,4.233429
-399.7459,1471.7327,4.3356867,4.2332287
-399.97092,1472.7068,4.335087,4.233029
-400.19568,1473.681,4.334487,4.232829
-400.42017,1474.6554,4.3338866,4.232629
-400.64444,1475.6298,4.333287,4.232429
-400.86853,1476.6041,4.332687,4.2322288
-401.0924,1477.5785,4.332087,4.232029
-401.31616,1478.553,4.3314867,4.2318287
-401.53976,1479.5275,4.3308864,4.231629
-401.76324,1480.5021,4.3302865,4.2314286
-401.98663,1481.4766,4.329686,4.231229
-402.20996,1482.4512,4.329086,4.2310286
-402.43323,1483.4258,4.3284855,4.2308283
-402.65646,1484.4004,4.327885,4.2306285
-402.8797,1485.3749,4.327285,4.230428
-403.10294,1486.3495,4.3266845,4.230228
-403.3262,1487.3241,4.326084,4.230028
-403.54953,1488.2987,4.325656,4.229828
-403.77292,1489.2732,4.3252554,4.2296276
-403.99643,1490.2477,4.3248553,4.2294273
-404.22003,1491.2223,4.324455,4.2292275
-404.4438,1492.1967,4.3240542,4.2290273
-404.6677,1493.1711,4.323481,4.229
-404.89178,1494.1455,4.3228803,4.229
-405.1161,1495.1199,4.32228,4.229
-405.3406,1496.0941,4.321679,4.229
-405.56537,1497.0684,4.321079,4.229
-405.7904,1498.0426,4.320478,4.228826
-406.01572,1499.0167,4.3198776,4.228626
-406.24133,1499.9907,4.319277,4.2284255
-406.4673,1500.9647,4.318676,4.228225
-406.6936,1501.9386,4.3180757,4.228025
-406.9203,1502.9124,4.317475,4.2278247
-407.14734,1503.886,4.316874,4.227625
-407.37482,1504.8596,4.316273,4.2274246
-407.60275,1505.8331,4.315673,4.2272243
-407.83112,1506.8065,4.315072,4.227024
-408.05997,1507.7798,4.3144712,4.226824
-408.28934,1508.753,4.3138704,4.2266235
-408.5192,1509.7261,4.31327,4.2264233
-408.7496,1510.699,4.3126693,4.226223
-408.9806,1511.6718,4.3120685,4.2260227
-409.21213,1512.6444,4.3116455,4.2258224
-409.44427,1513.6168,4.311245,4.2256227
-409.67706,1514.5892,4.3108444,4.2254224
-409.9105,1515.5614,4.310444,4.225222
-410.14462,1516.5334,4.310044,4.225022
-410.37946,1517.5054,4.309465,4.225
-410.615,1518.477,4.308864,4.225
-410.85123,1519.4485,4.308264,4.225
-411.0882,1520.4198,4.3076634,4.225
-411.32587,1521.391,4.3070626,4.225
-411.56427,1522.362,4.3064623,4.2248206
-411.80347,1523.3328,4.305862,4.224621
-412.04355,1524.3033,4.3052616,4.2244205
-412.28467,1525.2737,4.3046613,4.2242203
-412.52686,1526.2438,4.3040605,4.22402
-412.77017,1527.2135,4.3034606,4.22382
-413.01407,1528.1831,4.3028603,4.22362
-413.25778,1529.1528,4.3022604,4.22342
-413.5006,1530.1227,4.30166,4.22322
-413.74182,1531.093,4.3010597,4.22302
-413.98065,1532.0638,4.300461,4.2228203
-414.21625,1533.0355,4.299862,4.2226205
-414.44757,1534.0082,4.2992625,4.2224207
-414.67374,1534.9822,4.2986636,4.2222214
-414.89377,1535.9575,4.2980647,4.2220216
-415.10675,1536.9343,4.2978225,4.2230644
-415.31183,1537.913,4.2976236,4.224257
-415.5082,1538.8933,4.2974253,4.2254496
-415.69513,1539.8755,4.2972264,4.226642
-415.8718,1540.8595,4.2970276,4.227835
-416.03735,1541.8456,4.310911,4.2902613
-416.19083,1542.8335,4.3270555,4.3625154
-416.33118,1543.8235,4.343199,4.434768
-416.4574,1544.8153,4.3593416,4.5070176
-416.56836,1545.809,4.3754826,4.579257
-416.6629,1546.8042,4.3430843,4.646947
-416.73834,1547.8011,4.2971606,4.713369
-416.7913,1548.7996,4.2512326,4.7797966
-416.81842,1549.7991,4.2053046,4.8462243
-416.8163,1550.7988,4.1593924,4.9126296
-416.7816,1551.798,4.1609964,4.952529
-416.7093,1552.7952,4.1821675,4.981511
-416.59372,1553.7882,4.2033424,5.010498
-416.42908,1554.7743,4.2245173,5.0394845
-416.20996,1555.7496,4.2456684,5.068439
-415.93155,1556.7097,4.3352737,5.080925
-415.59064,1557.6494,4.437613,5.090326
-415.18423,1558.5627,4.540051,5.0997353
-414.70935,1559.4423,4.642687,5.1091633
-414.16345,1560.2795,4.7406063,5.1251216
-413.54782,1561.067,4.814707,5.1728616
-412.87094,1561.8026,4.8886733,5.220515
-412.14148,1562.4861,4.9624844,5.2680683
-411.36713,1563.1183,5.036218,5.315572
-410.55435,1563.7003,5.1044436,5.3482566
-409.70837,1564.2329,5.161911,5.35197
-408.83322,1564.7162,5.219446,5.3556886
-407.9328,1565.1505,5.277002,5.3594084
-407.01068,1565.5367,5.334552,5.3631277
-406.07016,1565.8757,5.386139,5.373269
-405.11404,1566.1678,5.4175143,5.405219
-404.1446,1566.4119,5.448892,5.4371705
-403.164,1566.6066,5.480272,5.4691243
-402.17468,1566.7505,5.51165,5.5010767
-401.1792,1566.8423,5.5430045,5.5330296
-400.18024,1566.8809,5.5502033,5.582254
-399.18063,1566.8651,5.5574007,5.6314697
-398.18347,1566.7941,5.5646,5.6806965
-397.19186,1566.667,5.571802,5.729945
-396.20932,1566.4827,5.579008,5.779216
-395.23938,1566.2407,5.6146207,5.8115373
-394.28506,1565.9429,5.654759,5.841144
-393.34897,1565.5919,5.69488,5.870738
-392.43335,1565.1907,5.7349873,5.9003224
-391.54022,1564.7415,5.775095,5.929907
-390.6715,1564.2467,5.850846,5.9220605
-389.8292,1563.7083,5.934037,5.9064245
-389.01517,1563.1278,6.017245,5.890785
-388.23135,1562.5072,6.1004543,5.875146
-387.47955,1561.8483,6.183655,5.859508
-386.76154,1561.1526,6.171515,5.9428625
-386.07892,1560.4222,6.1411624,6.0451245
-385.4333,1559.6589,6.1108055,6.1474
-384.82626,1558.8646,6.080438,6.2497115
-384.25946,1558.041,6.050054,6.3520794
-383.73413,1557.1904,6.06163,6.402768
-383.24884,1556.3164,6.076246,6.4497056
-382.801,1555.4226,6.090856,6.496622
-382.38788,1554.5122,6.1054616,6.543524
-382.00653,1553.5879,6.1202116,6.5852423
-381.654,1552.6523,6.1367555,6.5612326
-381.32755,1551.7074,6.1533074,6.5372124
-381.0242,1550.7546,6.169861,6.5131893
-380.74097,1549.7958,6.1864142,6.4891667
-380.47482,1548.8322,6.2026715,6.4688005
-380.2226,1547.8646,6.2167263,6.475531
-379.98123,1546.8944,6.2307825,6.482262
-379.7475,1545.9222,6.244838,6.488993
-379.51828,1544.9491,6.258894,6.4957237
-379.29034,1543.9756,6.272946,6.5024395
-379.06107,1543.0023,6.2869534,6.50895
-378.82965,1542.0297,6.300961,6.515461
-378.59558,1541.0576,6.314969,6.5219717
-378.35846,1540.0863,6.328977,6.5284824
-378.11783,1539.116,6.3429856,6.534993
-377.87344,1538.1464,6.375677,6.543912
-377.62622,1537.1776,6.408387,6.5528326
-377.37723,1536.2094,6.4410963,6.5617537
-377.1276,1535.2411,6.4738054,6.5706744
-376.8784,1534.2728,6.5065145,6.579595
-376.63074,1533.3042,6.5506153,6.5897026
-376.38544,1532.335,6.595258,6.599867
-376.14325,1531.3649,6.639901,6.610031
-375.905,1530.3938,6.684544,6.6201954
-375.67145,1529.4216,6.7291856,6.630359
-375.44342,1528.4482,6.774234,6.640761
-375.22174,1527.4733,6.819309,6.651178
-375.00735,1526.4967,6.864385,6.661596
-374.80112,1525.5184,6.9094625,6.6720133
-374.60397,1524.5382,6.9545403,6.6824317
-374.41663,1523.556,6.9628916,6.7115083
-374.23895,1522.5721,6.9691234,6.741661
-374.07065,1521.5867,6.9753547,6.771813
-373.91125,1520.5996,6.981586,6.8019643
-373.76047,1519.6112,6.9878173,6.832116
-373.6179,1518.6216,6.9571505,6.881422
-373.4832,1517.6309,6.9253683,6.931308
-373.35593,1516.6392,6.893586,6.981194
-373.2358,1515.6466,6.8618035,7.0310802
-373.12244,1514.6532,6.8300214,7.080967
-373.01544,1513.6592,6.7982726,7.130599
-372.91443,1512.6644,6.7665243,7.180231
-372.81903,1511.6692,6.7347755,7.229863
-372.72888,1510.6735,6.7030272,7.2794952
-372.64362,1509.6772,6.671549,7.32744
-372.56277,1508.6807,6.651694,7.302771
-372.48605,1507.6838,6.631839,7.2781024
-372.41306,1506.6866,6.6119833,7.2534337
-372.34338,1505.6892,6.5921283,7.228765
-372.27664,1504.6917,6.572509,7.202574
-372.21252,1503.6938,6.5590997,7.1363287
-372.15057,1502.6959,6.5456905,7.070084
-372.09045,1501.698,6.5322814,7.003839
-372.0318,1500.6998,6.5188727,6.937594
-371.97424,1499.7017,6.5054646,6.871354
-371.91736,1498.7035,6.4920816,6.8052382
-371.86084,1497.7052,6.4786983,6.7391224
-371.80423,1496.707,6.4653153,6.673006
-371.74722,1495.7089,6.4519324,6.60689
-371.6894,1494.7107,6.43855,6.540785
-371.6304,1493.7125,6.42519,6.4749794
-371.5699,1492.7146,6.4118295,6.409174
-371.5075,1491.7167,6.398469,6.343369
-371.44293,1490.719,6.3851085,6.2775636
-371.37582,1489.7214,6.371752,6.2117558
-371.30585,1488.724,6.3586044,6.14582
-371.23282,1487.7269,6.3454576,6.079885
-371.1565,1486.73,6.33231,6.01395
-371.0767,1485.7333,6.3191633,5.9480147
-370.99323,1484.7369,6.306016,5.88208
-370.90585,1483.741,6.2333527,5.7791
-370.81436,1482.7454,6.160618,5.676075
-370.71857,1481.7501,6.0878825,5.57305
-370.6182,1480.7554,6.015147,5.470025
-370.51306,1479.7611,5.942412,5.367
-370.4029,1478.7673,5.784619,5.2256465
-370.2875,1477.7742,5.625142,5.0835342
-370.1667,1476.7817,5.465665,4.9414225
-370.04016,1475.7899,5.306188,4.79931
-369.90775,1474.7988,5.146712,4.657199
-369.76923,1473.8087,5.082002,4.62737
-369.62436,1472.8195,5.0201774,4.6009593
-369.47287,1471.8312,4.958353,4.5745487
-369.3146,1470.8439,4.8965282,4.548138
-369.14926,1469.8579,4.834704,4.521728
-368.97665,1468.873,4.805687,4.5221705
-368.79657,1467.8896,4.7776,4.523374
-368.60873,1466.9076,4.7495127,4.524578
-368.41302,1465.9271,4.721426,4.5257816
-368.20914,1464.9482,4.6933393,4.5269856
-367.9969,1463.9712,4.7075024,4.533357
-367.77606,1462.9961,4.7221823,4.539792
-367.5463,1462.0231,4.736862,4.546227
-367.3074,1461.0521,4.7515416,4.5526624
-367.05908,1460.0836,4.7661853,4.559146
-366.80115,1459.1177,4.778467,4.5688105
-366.53354,1458.1543,4.790749,4.5784745
-366.25626,1457.1937,4.803031,4.588139
-365.96936,1456.236,4.8153124,4.597803
-365.67282,1455.2811,4.8248863,4.608743
-365.36673,1454.3293,4.7812233,4.6447606
-365.05142,1453.3805,4.7375603,4.6807775
-364.72726,1452.4347,4.6938972,4.7167945
-364.39462,1451.4918,4.6502347,4.752811
-364.0539,1450.5519,4.6077776,4.786678
-363.70538,1449.6147,4.5794687,4.795311
-363.34946,1448.6804,4.5511603,4.803944
-362.98636,1447.7489,4.5228515,4.8125772
-362.61642,1446.82,4.4945426,4.8212104
-362.23993,1445.8938,4.469039,4.824872
-361.85715,1444.9701,4.4694395,4.7826295
-361.4684,1444.049,4.46984,4.740387
-361.07397,1443.1302,4.47024,4.6981444
-360.6742,1442.2137,4.4706407,4.655902
-360.2693,1441.2997,4.4710617,4.6136713
-359.8596,1440.3876,4.4716606,4.571544
-359.4454,1439.4777,4.4722595,4.529417
-359.02695,1438.5696,4.4728584,4.48729
-358.60455,1437.6633,4.4734573,4.445163
-358.17847,1436.7588,4.47325,4.4066625
-357.749,1435.856,4.46528,4.403076
-357.31635,1434.9546,4.45731,4.3994894
-356.8808,1434.0546,4.4493403,4.395903
-356.44263,1433.1559,4.4413705,4.392317
-356.00208,1432.2584,4.433401,4.3887606
-355.5594,1431.3619,4.425439,4.385576
-355.1149,1430.4663,4.4174767,4.3823905
-354.66882,1429.5715,4.4095144,4.3792057
-354.22147,1428.6774,4.401552,4.376021
-353.77313,1427.7837,4.3938255,4.3727436
-353.32404,1426.8904,4.3904405,4.3677654
-352.8743,1425.9974,4.3870554,4.3627872
-352.42404,1425.1047,4.3836703,4.357809
-351.9734,1424.2122,4.3802853,4.3528314
-351.5224,1423.3198,4.376947,4.3478413
-351.0712,1422.4276,4.3751535,4.34246
-350.61978,1421.5355,4.3733597,4.337079
-350.16818,1420.6436,4.371566,4.331698
-349.71637,1419.7516,4.3697724,4.326317
-349.26434,1418.8597,4.3679786,4.3209357
-348.81216,1417.968,4.3661833,4.3155503
-348.35983,1417.0764,4.3643885,4.310165
-347.90735,1416.1848,4.362593,4.3047795
-347.45477,1415.2932,4.360798,4.2993937
-347.00214,1414.4017,4.3590026,4.2940083
-346.54944,1413.5103,4.3572063,4.288619
-346.09674,1412.6188,4.3554096,4.2832294
-345.64404,1411.7274,4.3536134,4.2778397
-345.19135,1410.8359,4.3518167,4.27245
-344.7387,1409.9443,4.3500204,4.2670608
-344.28616,1409.0529,4.3549376,4.276875
-343.83368,1408.1613,4.3599315,4.2868624
-343.38135,1407.2697,4.364925,4.2968497
-342.92914,1406.3779,4.369919,4.3068376
-342.4771,1405.4861,4.3749123,4.316825
-342.02524,1404.5942,4.383051,4.334084
-341.5736,1403.7021,4.391246,4.351473
-341.12222,1402.81,4.399441,4.3688617
-340.6711,1401.9177,4.407635,4.386251
-340.22028,1401.0254,4.41583,4.40364
-339.76974,1400.1328,4.4242253,4.420842
-339.31955,1399.2401,4.4326243,4.4380407
-338.86972,1398.3472,4.441024,4.4552393
-338.4203,1397.454,4.449423,4.4724374
-337.97125,1396.5607,4.4578223,4.489636
-337.52264,1395.6671,4.4660296,4.5070386
-337.0745,1394.7734,4.4742327,4.524445
-336.62683,1393.8794,4.4824357,4.541852
-336.17966,1392.9851,4.490639,4.5592585
-335.73303,1392.0906,4.4988422,4.5766654
-335.287,1391.1958,4.5070486,4.5940785
-334.8415,1390.3007,4.515255,4.611492
-334.3966,1389.4053,4.5234613,4.628906
-333.95233,1388.5096,4.5316677,4.6463194
-333.50873,1387.6135,4.539874,4.663733
-333.0658,1386.7172,4.5480833,4.681152
-332.62357,1385.8206,4.556292,4.6985707
-332.18207,1384.9235,4.564501,4.71599
-331.74133,1384.026,4.57271,4.733409
-331.30136,1383.1282,4.580919,4.750828
-330.86218,1382.23,4.5891294,4.7682505
-330.42383,1381.3313,4.5973406,4.7856736
-329.98633,1380.4324,4.6055512,4.8030963
-329.5497,1379.5328,4.613762,4.820519
-329.114,1378.6329,4.6219726,4.8379416
-328.6792,1377.7327,4.6379695,4.8455853
-328.24536,1376.8319,4.653992,4.853196
-327.81247,1375.9305,4.670015,4.860807
-327.3806,1375.0288,4.6860375,4.8684177
-326.94977,1374.1266,4.702088,4.8759933
-326.51996,1373.2239,4.725321,4.874191
-326.09122,1372.3207,4.748554,4.872388
-325.6636,1371.4169,4.771787,4.8705854
-325.2371,1370.5126,4.7950206,4.868783
-324.81174,1369.6078,4.8182535,4.8669825
-324.38754,1368.7024,4.841484,4.8653803
-323.96457,1367.7964,4.864714,4.863778
-323.54282,1366.8899,4.8879447,4.8621764
-323.1223,1365.9828,4.911175,4.8605742
-322.70306,1365.0751,4.933979,4.8592305
-322.2851,1364.1669,4.932778,4.8724446
-321.86844,1363.2579,4.9315763,4.8856587
-321.453,1362.3485,4.930375,4.898873
-321.03882,1361.4386,4.929174,4.9120874
-320.62585,1360.528,4.927516,4.9255753
-320.21408,1359.617,4.906299,4.9507957
-319.80347,1358.7053,4.885082,4.9760156
-319.394,1357.7931,4.863865,5.001236
-318.98572,1356.8805,4.842648,5.0264564
-318.57855,1355.9673,4.8214364,5.0516763
-318.17245,1355.0537,4.800425,5.0768895
-317.76746,1354.1395,4.779414,5.102103
-317.36353,1353.225,4.7584033,5.1273165
-316.96066,1352.3099,4.737392,5.1525297
-316.55878,1351.3944,4.7172594,5.177124
-316.15793,1350.4784,4.726062,5.181325
-315.75806,1349.562,4.7348638,5.185526
-315.35916,1348.6453,4.743666,5.189727
-314.9612,1347.728,4.752468,5.1939282
-314.56418,1346.8104,4.7613196,5.198098
-314.16806,1345.8923,4.7717195,5.201298
-313.77283,1344.974,4.7821198,5.2044983
-313.37848,1344.0552,4.7925196,5.2076983
-312.985,1343.1361,4.8029194,5.2108984
-312.59232,1342.2166,4.813319,5.2140985
-312.20047,1341.2968,4.8237166,5.2172976
-311.80942,1340.3766,4.834114,5.2204967
-311.41913,1339.456,4.8445115,5.2236958
-311.0296,1338.5353,4.854909,5.226895
-310.6408,1337.6141,4.8653064,5.2300944
-310.25272,1336.6926,4.8757014,5.2332926
-309.86536,1335.7709,4.8860965,5.236491
-309.47864,1334.8489,4.8964915,5.23969
-309.0926,1333.9266,4.906887,5.2428885
-308.70718,1333.004,4.9172764,5.2460814
-308.3224,1332.0813,4.9274697,5.249079
-307.9382,1331.1582,4.937663,5.2520776
-307.5546,1330.2349,4.9478564,5.2550755
-307.17157,1329.3113,4.9580503,5.2580733
-306.78906,1328.3876,4.9682484,5.2610765
-306.40707,1327.4636,4.97864,5.2642736
-306.0256,1326.5394,4.989032,5.2674713
-305.6446,1325.615,4.9994235,5.2706685
-305.26407,1324.6904,5.009815,5.273866
-304.88397,1323.7656,5.020207,5.277064
-304.5043,1322.8407,5.0305977,5.2802606
-304.12506,1321.9156,5.040988,5.2834578
-303.7462,1320.9904,5.0513787,5.286655
-303.36768,1320.065,5.0617695,5.289852
-302.9895,1319.1394,5.0721602,5.2930493
-302.61166,1318.2137,5.08255,5.296246
-302.23413,1317.2878,5.0929403,5.2994432
-301.8569,1316.3619,5.10333,5.30264
-301.47992,1315.4359,5.1137204,5.305837
-301.1032,1314.5098,5.1241083,5.309034
-300.7267,1313.5836,5.1342983,5.312231
-300.3504,1312.6572,5.144489,5.315428
-299.9743,1311.7308,5.154679,5.318625
-299.5984,1310.8044,5.1648693,5.3218217
-299.2226,1309.8779,5.1750603,5.3250175
-298.84695,1308.9513,5.185451,5.328015
-298.47144,1308.0247,5.1958413,5.331012
-298.09598,1307.098,5.2062316,5.334009
-297.7206,1306.1714,5.2166224,5.3370066
-297.3453,1305.2446,5.2270126,5.340004
-296.97,1304.3179,5.237404,5.343201
-296.5947,1303.3912,5.2477956,5.3463984
-296.21942,1302.4645,5.258187,5.349596
-295.84415,1301.5377,5.268578,5.352793
-295.46884,1300.6111,5.27897,5.3559904
-295.0935,1299.6843,5.2893624,5.3591886
-294.71814,1298.7577,5.299755,5.362386
-294.34274,1297.8309,5.3101473,5.365584
-293.96735,1296.9043,5.32054,5.3687816
-293.59192,1295.9777,5.3309326,5.371979
-293.2165,1295.0509,5.338348,5.3751774
-292.84103,1294.1243,5.345743,5.3783755
-292.46558,1293.1976,5.353139,5.3815737
-292.09012,1292.271,5.3605347,5.384772
-291.7146,1291.3444,5.36793,5.38797
-291.3391,1290.4177,5.369782,5.3915644
-290.9636,1289.4911,5.371581,5.3951626
-290.58807,1288.5645,5.37338,5.398761
-290.21252,1287.6378,5.3751793,5.402359
-289.83698,1286.7112,5.3769784,5.405957
-289.46143,1285.7847,5.378778,5.409358
-289.08588,1284.858,5.380577,5.412757
-288.7103,1283.9314,5.382376,5.4161553
-288.33472,1283.0048,5.384176,5.419554
-287.95914,1282.0782,5.385975,5.4229527
-287.58356,1281.1516,5.387577,5.426549
-287.20798,1280.225,5.389177,5.4301476
-286.83237,1279.2983,5.390776,5.433747
-286.4568,1278.3718,5.392376,5.4373455
-286.08118,1277.4452,5.3939753,5.440944
-285.7056,1276.5186,5.395772,5.444347
-285.33,1275.592,5.3975716,5.447746
-284.9544,1274.6654,5.399371,5.451145
-284.5788,1273.7388,5.4011707,5.4545445
-284.20322,1272.8123,5.4029703,5.4579434
-283.82764,1271.8856,5.40477,5.4615397
-283.45206,1270.959,5.4065695,5.465139
-283.07648,1270.0325,5.408369,5.4687386
-282.7009,1269.1058,5.410169,5.4723377
-282.32532,1268.1792,5.4119687,5.4759374
-281.94977,1267.2526,5.413572,5.4793406
-281.57422,1266.3259,5.4151716,5.48274
-281.1987,1265.3993,5.4167714,5.48614
-280.82315,1264.4728,5.4183717,5.4895396
-280.44763,1263.5461,5.4199715,5.492939
-280.07214,1262.6195,5.4217677,5.4965353
-279.69662,1261.6929,5.423568,5.500135
-279.32117,1260.7662,5.4253674,5.503735
-278.94568,1259.8395,5.4271674,5.5073347
-278.57025,1258.9128,5.4289675,5.510935
-278.1948,1257.9862,5.4307675,5.514338
-277.81937,1257.0596,5.432567,5.5177383
-277.44397,1256.1329,5.434367,5.521138
-277.0686,1255.2062,5.4361672,5.524538
-276.69324,1254.2795,5.4379673,5.5279384
-276.31787,1253.3528,5.439571,5.5315347
-275.94257,1252.4261,5.441171,5.535135
-275.56726,1251.4994,5.442771,5.538735
-275.19196,1250.5726,5.444371,5.542335
-274.8167,1249.6459,5.445971,5.545935
-274.44147,1248.7192,5.4477677,5.549339
-274.06625,1247.7925,5.449568,5.552739
-273.69107,1246.8657,5.451368,5.5561395
-273.31592,1245.9388,5.453168,5.55954
-272.94077,1245.0121,5.454968,5.5629396
-272.56567,1244.0853,5.4567685,5.5665364
-272.19058,1243.1586,5.4585686,5.570137
-271.81555,1242.2317,5.4603686,5.573737
-271.44052,1241.3048,5.4621687,5.5773377
-271.06555,1240.378,5.4639688,5.580938
-270.69058,1239.4512,5.4655724,5.5843415
-270.31567,1238.5243,5.4671726,5.587742
-269.94077,1237.5974,5.468773,5.591142
-269.56592,1236.6705,5.470373,5.5945425
-269.1911,1235.7437,5.471973,5.597943
-268.8163,1234.8167,5.47377,5.601343
-268.44156,1233.8898,5.47557,5.6047435
-268.06686,1232.9628,5.4773703,5.608144
-267.6922,1232.0358,5.4791703,5.611544
-267.31757,1231.1089,5.4809704,5.6149445
-266.94296,1230.1819,5.482771,5.6185417
-266.56842,1229.2548,5.484571,5.622142
-266.1939,1228.3278,5.486371,5.625742
-265.81943,1227.4008,5.488171,5.6293426
-265.445,1226.4736,5.4899716,5.6329427
-265.07062,1225.5465,5.4917717,5.6363463
-264.6963,1224.6195,5.4935718,5.6397467
-264.322,1223.6924,5.495372,5.643147
-263.94775,1222.7651,5.497172,5.646547
-263.57355,1221.838,5.498972,5.649947
-263.1994,1220.9109,5.500575,5.6535444
-262.82532,1219.9836,5.5021753,5.6571445
-262.45126,1219.0564,5.5037756,5.6607447
-262.07727,1218.1292,5.5053754,5.664345
-261.7033,1217.2019,5.5069757,5.6679454
-261.3294,1216.2747,5.508773,5.671348
-260.95557,1215.3473,5.5105724,5.6747484
-260.58176,1214.42,5.5123725,5.6781483
-260.20804,1213.4927,5.5141726,5.6815486
-259.83435,1212.5653,5.5159726,5.6849484
-259.46072,1211.638,5.5177727,5.6885457
-259.08716,1210.7104,5.5195727,5.6921453
-258.71365,1209.7831,5.521373,5.6957455
-258.34018,1208.8556,5.523173,5.699345
-257.9668,1207.9281,5.5249724,5.702945
-257.59348,1207.0006,5.5265756,5.706348
-257.22018,1206.073,5.5281754,5.709748
-256.847,1205.1455,5.529775,5.7131476
-256.47382,1204.2179,5.5313754,5.7165475
-256.10074,1203.2903,5.532975,5.7199473
-255.72772,1202.3627,5.534772,5.7235436
-255.35477,1201.4349,5.5365715,5.7271433
-254.98187,1200.5073,5.5383716,5.730743
-254.60904,1199.5796,5.540171,5.7343426
-254.23628,1198.6519,5.5419707,5.7379417
-253.8636,1197.7241,5.543771,5.7413445
-253.49098,1196.7963,5.5455704,5.744744
-253.11842,1195.8684,5.54737,5.748143
-252.74594,1194.9406,5.5491695,5.7515426
-252.37354,1194.0127,5.550969,5.754942
-252.00119,1193.0848,5.557682,5.7630577
-251.62894,1192.1569,5.5644803,5.7712555
-251.25674,1191.2289,5.5712786,5.7794538
-250.88463,1190.3009,5.578077,5.7876515
-250.51259,1189.3729,5.584875,5.7958493
-250.14063,1188.4448,5.5938315,5.806009
-249.76874,1187.5167,5.6028285,5.8162055
-249.39693,1186.5886,5.6118255,5.826402
-249.02519,1185.6604,5.6208224,5.8365984
-248.65353,1184.7323,5.629819,5.846795
-248.28197,1183.8041,5.639011,5.856991
-247.91048,1182.8759,5.648207,5.867186
-247.53906,1181.9475,5.657403,5.877382
-247.16774,1181.0192,5.6665993,5.887577
-246.7965,1180.0908,5.675795,5.897773
-246.42532,1179.1625,5.684795,5.9079676
-246.05424,1178.234,5.69379,5.918162
-245.68326,1177.3057,5.702785,5.9283566
-245.31236,1176.3771,5.7117805,5.938551
-244.94156,1175.4486,5.7207756,5.9487457
-244.57086,1174.52,5.7297697,5.958939
-244.20029,1173.5914,5.7387643,5.969133
-243.82983,1172.6627,5.7477584,5.9793262
-243.45955,1171.734,5.756753,5.98952
-243.08943,1170.8052,5.765747,5.9997134
-242.7195,1169.8763,5.774741,6.009907
-242.34978,1168.9474,5.783735,6.0200996
-241.98029,1168.0183,5.792729,6.0302925
-241.61102,1167.0892,5.8017225,6.040486
-241.242,1166.1599,5.8107166,6.0506787
-240.87328,1165.2306,5.819904,6.0608716
-240.5048,1164.3011,5.8290973,6.0710645
-240.13666,1163.3716,5.838291,6.0812573
-239.76883,1162.4419,5.8474846,6.09145
-239.40132,1161.5121,5.856678,6.101643
-239.03418,1160.582,5.8656793,6.1118364
-238.66739,1159.652,5.874673,6.1220293
-238.301,1158.7217,5.883667,6.1322227
-237.935,1157.7913,5.892661,6.142416
-237.56943,1156.8606,5.9016547,6.152609
-237.20427,1155.9299,5.9106493,6.1628027
-236.83957,1154.9989,5.919644,6.1729965
-236.47534,1154.0679,5.9286385,6.18319
-236.11159,1153.1365,5.9376326,6.1933837
-235.74834,1152.205,5.946627,6.2035775
-235.3856,1151.2733,5.9556227,6.2137723
-235.0234,1150.3414,5.9646177,6.2239666
-234.66174,1149.4093,5.9736133,6.2341614
-234.30066,1148.4769,5.9826083,6.244356
-233.94014,1147.5443,5.9916034,6.254551
-233.58023,1146.6116,6.000791,6.2647467
-233.22093,1145.6785,6.0099874,6.2749424
-232.86227,1144.7452,6.0191836,6.285138
-232.50424,1143.8116,6.02838,6.2953343
-232.1469,1142.8779,6.037576,6.30553
-231.79022,1141.9438,6.046583,6.315727
-231.43423,1141.0095,6.0555806,6.325925
-231.07898,1140.075,6.0645785,6.336122
-230.72444,1139.1401,6.073576,6.3463197
-230.37065,1138.205,6.082574,6.356517
-230.01764,1137.2695,6.0915728,6.366716
-229.6654,1136.3339,6.100572,6.376915
-229.31395,1135.3978,6.109571,6.387114
-228.96333,1134.4614,6.1185703,6.397313
-228.61353,1133.5248,6.127569,6.407512
-228.26459,1132.5879,6.13657,6.4177127
-227.9165,1131.6506,6.1455708,6.4279137
-227.56929,1130.713,6.1545715,6.4381146
-227.22299,1129.775,6.1635723,6.4483156
-226.87761,1128.8368,6.172573,6.458516
-226.53316,1127.8982,6.162709,6.457666
-226.18965,1126.9592,6.1519065,6.4562654
-225.84712,1126.0199,6.1411033,6.4548655
-225.50557,1125.0802,6.1303005,6.453465
-225.16501,1124.1401,6.1194973,6.4520645
-224.82545,1123.1997,6.0842605,6.436348
-224.48694,1122.259,6.0478435,6.4199405
-224.14948,1121.3179,6.0114264,6.403533
-223.81311,1120.3762,5.9750094,6.387125
-223.47784,1119.4343,5.938593,6.3707175
-223.1437,1118.492,5.896045,6.3418674
-222.8107,1117.5492,5.8532176,6.3124485
-222.4788,1116.6061,5.81039,6.2830296
-222.14801,1115.6626,5.7675624,6.2536106
-221.81828,1114.7188,5.7247343,6.224191
-221.48965,1113.7744,5.669991,6.169991
-221.16231,1112.8297,5.614745,6.114745
-220.83644,1111.8845,5.559499,6.059499
-220.5123,1110.9386,5.504253,6.004253
-220.19008,1109.9922,5.449007,5.949007
-219.87003,1109.0449,5.410145,5.8993387
-219.55246,1108.0969,5.3719,5.849881
-219.23772,1107.148,5.3336554,5.800423
-218.92615,1106.1979,5.2954106,5.7509656
-218.61809,1105.2467,5.257166,5.7015076
-218.31387,1104.2943,5.296393,5.679221
-218.01382,1103.3406,5.3380556,5.6577888
-217.71829,1102.3854,5.379719,5.6363564
-217.42758,1101.4287,5.4213815,5.614924
-217.14204,1100.4706,5.463044,5.593492
-216.862,1099.5107,5.5050917,5.573237
-216.58774,1098.5493,5.547148,5.55301
-216.31956,1097.586,5.589205,5.5327826
-216.05782,1096.6211,5.631262,5.512555
-215.80275,1095.6544,5.67332,5.492327
-215.55458,1094.6859,5.7251725,5.5150275
-215.3129,1093.7157,5.777186,5.5384336
-215.07718,1092.744,5.829199,5.5618396
-214.84691,1091.7711,5.8812113,5.585245
-214.62154,1090.797,5.9332237,5.6086507
-214.40054,1089.8219,5.9851665,5.6322217
-214.18343,1088.846,6.0371094,5.655796
-213.9697,1087.8693,6.0890527,5.67937
-213.75888,1086.8918,6.1409955,5.7029443
-213.55046,1085.9141,6.1929383,5.726518
-213.34395,1084.9358,6.1912622,5.7250443
-213.13881,1083.9572,6.188467,5.7230477
-212.9345,1082.9785,6.1856723,5.7210517
-212.73045,1081.9996,6.182877,5.719055
-212.52615,1081.021,6.1800823,5.7170587
-212.3211,1080.0424,6.1517024,5.703239
-212.1152,1079.064,6.122548,5.689061
-211.9084,1078.0858,6.093394,5.6748834
-211.70068,1077.1078,6.064239,5.6607056
-211.492,1076.13,6.0350847,5.646528
-211.28235,1075.1523,6.005726,5.632344
-211.07175,1074.1749,5.9763594,5.61816
-210.86024,1073.1978,5.9469924,5.603976
-210.6479,1072.2207,5.917626,5.5897923
-210.43475,1071.2439,5.888259,5.5756083
-210.22084,1070.2672,5.858883,5.5614195
-210.0062,1069.2906,5.829506,5.5472307
-209.79085,1068.3143,5.8001294,5.533042
-209.57481,1067.3381,5.770753,5.518853
-209.35814,1066.362,5.741376,5.5046644
-209.14084,1065.3861,5.7121825,5.4904723
-208.92294,1064.4104,5.682998,5.4762797
-208.7045,1063.4347,5.653814,5.4620876
-208.4855,1062.4591,5.624629,5.447895
-208.26602,1061.4836,5.5954447,5.4337025
-208.04607,1060.5083,5.5660653,5.4193177
-207.82568,1059.5331,5.5366755,5.4049225
-207.60489,1058.558,5.5072856,5.3905277
-207.38373,1057.5829,5.4778957,5.3761325
-207.1622,1056.6079,5.448506,5.3617377
-206.94038,1055.633,5.4193025,5.3475304
-206.71826,1054.6582,5.390109,5.333334
-206.4959,1053.6833,5.3609157,5.319137
-206.27332,1052.7086,5.3317223,5.30494
-206.05054,1051.734,5.302529,5.2907434
-205.82759,1050.7593,5.2731442,5.276546
-205.60452,1049.7847,5.2437496,5.262348
-205.38135,1048.81,5.2143545,5.248151
-205.15811,1047.8356,5.1849594,5.233953
-204.93483,1046.861,5.1555643,5.2197556
-204.71153,1045.8864,5.1386647,5.21048
-204.48822,1044.9117,5.1224675,5.201482
-204.2649,1043.9373,5.10627,5.1924834
-204.04155,1042.9626,5.0900726,5.183485
-203.8182,1041.9882,5.0738754,5.174486
-203.59483,1041.0135,5.070919,5.1707845
-203.37146,1040.039,5.0687194,5.1673846
-203.14806,1039.0645,5.06652,5.1639853
-202.92465,1038.0898,5.0643206,5.160586
-202.70123,1037.1154,5.062121,5.1571865
-202.47778,1036.1409,5.059732,5.153787
-202.25433,1035.1663,5.0573325,5.150388
-202.03087,1034.1918,5.054933,5.1469884
-201.8074,1033.2172,5.052533,5.143589
-201.58391,1032.2427,5.0501337,5.1401896
-201.36041,1031.2682,5.047923,5.1367903
-201.13689,1030.2936,5.0457234,5.1333904
-200.91336,1029.3191,5.043524,5.129991
-200.68982,1028.3446,5.041324,5.1265917
-200.46628,1027.3701,5.0391245,5.1231923
-200.2427,1026.3956,5.036736,5.119982
-200.01913,1025.421,5.0343366,5.116782
-199.79553,1024.4465,5.031937,5.1135826
-199.57193,1023.47205,5.0295377,5.1103835
-199.34831,1022.49756,5.0271378,5.107184
-199.1247,1021.5231,5.0249267,5.103796
-198.90105,1020.5486,5.022727,5.1003966
-198.6774,1019.5741,5.0205274,5.0969973
-198.45374,1018.5996,5.018328,5.093598
-198.23006,1017.6251,5.0161285,5.0901985
-198.00638,1016.65063,5.0137405,5.086799
-197.78268,1015.67615,5.011341,5.0834
-197.55898,1014.70166,5.008941,5.0800004
-197.33525,1013.7272,5.0065417,5.076601
-197.11153,1012.7527,5.0041423,5.0732017
-196.88777,1011.77826,5.0019307,5.0698023
-196.66403,1010.8038,4.999731,5.066403
-196.44026,1009.8293,4.9975314,5.0630035
-196.21649,1008.85486,4.995332,5.0596037
-195.9927,1007.8804,4.993132,5.0562043
-195.7689,1006.90594,4.9907446,5.052805
-195.5451,1005.93146,4.988345,5.0494056
-195.32129,1004.95703,4.9859457,5.046006
-195.09746,1003.98254,4.9835463,5.042607
-194.87361,1003.0081,4.981147,5.0392075
-194.64977,1002.0337,4.978935,5.035808
-194.42592,1001.0592,4.976735,5.0324087
-194.20204,1000.0848,4.9745355,5.02901
-193.97816,999.11035,4.972336,5.0256104
-193.75429,998.1359,4.9701366,5.022211
-193.53038,997.1615,4.967749,5.0188117
-193.30647,996.187,4.9653497,5.0154123
-193.08257,995.2126,4.96295,5.012013
-192.85864,994.23816,4.960551,5.0086136
-192.6347,993.26373,4.9581513,5.005214
-192.41077,992.2893,4.955939,5.001815
-192.18681,991.3149,4.953739,4.9984155
-191.96284,990.3405,4.95154,4.995016
-191.73888,989.3661,4.9493403,4.9916167
-191.51491,988.39166,4.9471407,4.9882174
-191.29091,987.41724,4.9447536,4.984818
-191.06693,986.4428,4.942354,4.9814186
-190.84291,985.4684,4.9399548,4.978019
-190.6189,984.494,4.9375553,4.97462
-190.39488,983.5196,4.935156,4.9712205
-190.17085,982.54517,4.9329433,4.967821
-189.94682,981.5708,4.9307437,4.9644217
-189.72278,980.5964,4.928544,4.9610224
-189.49872,979.622,4.9263444,4.9576235
-189.27466,978.6476,4.9241447,4.954224
-189.0506,977.6732,4.9217587,4.9508247
-188.82652,976.6988,4.919359,4.9474254
-188.60243,975.7244,4.9169593,4.944026
-188.37834,974.75,4.91456,4.9406266
-188.15425,973.77563,4.9121604,4.9372272
-187.93015,972.8013,4.9099474,4.933828
-187.70604,971.82684,4.9077477,4.9304285
-187.48192,970.8525,4.9055486,4.927029
-187.2578,969.8781,4.903349,4.9236298
-187.03366,968.9037,4.9011493,4.920231
-186.80952,967.9293,4.898763,4.9173903
-186.58537,966.95496,4.8963637,4.9145913
-186.36122,965.9806,4.8939643,4.911792
-186.13707,965.0062,4.891565,4.9089923
-185.9129,964.0318,4.8891654,4.906193
-185.68874,963.05743,4.887138,4.9046965
-185.46455,962.08307,4.8851385,4.903297
-185.24037,961.1087,4.883139,4.9018974
-185.01619,960.13434,4.8811393,4.9004974
-184.79199,959.16,4.87914,4.899098
-184.5678,958.1856,4.876954,4.897698
-184.3436,957.21124,4.8747544,4.8962984
-184.11938,956.2369,4.8725553,4.894899
-183.89516,955.2625,4.8703556,4.893499
-183.67094,954.28815,4.868156,4.8920994
-183.44672,953.3138,4.8661423,4.8906994
-183.22249,952.3395,4.8641424,4.8893
-182.99825,951.3651,4.862143,4.8879004
-182.774,950.39075,4.8601437,4.8865004
-182.54976,949.4164,4.858144,4.885101
-182.32552,948.442,4.855959,4.883701
-182.10126,947.46765,4.8537593,4.8823013
-181.877,946.49335,4.8515596,4.880902
-181.65273,945.519,4.84936,4.879502
-181.42847,944.5446,4.8471603,4.8781023
-181.2042,943.57025,4.845146,4.8767023
-180.97992,942.59595,4.843147,4.875303
-180.75563,941.6216,4.8411474,4.8739033
-180.53136,940.6472,4.8391476,4.8725033
-180.30707,939.6729,4.837148,4.871104
-180.08276,938.69855,4.8349633,4.869704
-179.85847,937.7242,4.8327637,4.8683043
-179.63417,936.7499,4.830564,4.8669047
-179.40987,935.7755,4.828365,4.8655047
-179.18556,934.80115,4.826165,4.864105
-178.96126,933.82684,4.8241506,4.862705
-178.73694,932.8525,4.822151,4.8613057
-178.51263,931.8782,4.8201513,4.859906
-178.28831,930.9038,4.818152,4.858506
-178.064,929.9295,4.816152,4.8571067
-177.83966,928.95514,4.813968,4.8557067
-177.61534,927.98083,4.8117685,4.854307
-177.391,927.0065,4.809569,4.8529077
-177.16669,926.03217,4.807369,4.8515077
-176.94235,925.0578,4.80517,4.850108
-176.71802,924.0835,4.803155,4.8487086
-176.49367,923.10913,4.801155,4.8473086
-176.26933,922.1348,4.7991557,4.845909
-176.04498,921.16046,4.7971563,4.844509
-175.82065,920.18616,4.7951565,4.8431096
-175.5963,919.2118,4.7929726,4.84171
-175.37195,918.2375,4.7907734,4.84031
-175.14761,917.2631,4.7885737,4.8389106
-174.92326,916.2888,4.786374,4.837511
-174.6989,915.31445,4.7841744,4.836111
-174.47455,914.34015,4.7821593,4.8347116
-174.2502,913.36584,4.7801595,4.8333116
-174.02585,912.3915,4.77816,4.831912
-173.80148,911.4172,4.7761607,4.8305125
-173.57713,910.4428,4.774161,4.8291125
-173.35277,909.4685,4.7719774,4.827713
-173.12842,908.4942,4.7697783,4.8263135
-172.90405,907.51984,4.7675786,4.8249135
-172.6797,906.54553,4.765379,4.823514
-172.45534,905.57117,4.7631793,4.8221145
-172.23097,904.59686,4.7611637,4.8207145
-172.00662,903.62256,4.759164,4.819315
-171.78226,902.6482,4.7571645,4.817915
-171.55789,901.6739,4.755165,4.8165154
-171.33354,900.6995,4.7531652,4.815116
-171.10918,899.7252,4.7509823,4.813716
-170.88483,898.7509,4.748783,4.8123164
-170.66046,897.77655,4.7465835,4.810917
-170.4361,896.80225,4.744384,4.809517
-170.21175,895.8279,4.7421846,4.8081174
-169.98738,894.8536,4.740168,4.806901
-169.76303,893.8793,4.7381687,4.8057013
-169.53868,892.9049,4.736169,4.8045015
-169.31432,891.9306,4.7341695,4.803302
-169.08997,890.95624,4.73217,4.802102
-168.86562,889.98193,4.729987,4.8007193
-168.64127,889.00757,4.727788,4.7993197
-168.41692,888.03326,4.7255883,4.7979198
-168.19257,887.05896,4.7233887,4.79652
-167.96822,886.0846,4.7211895,4.7951207
-167.74388,885.1103,4.7191725,4.7937207
-167.51953,884.1359,4.717173,4.792321
-167.2952,883.1616,4.7151737,4.7909217
-167.07086,882.18726,4.713174,4.7895217
-166.84651,881.21295,4.7111745,4.788122
-166.62218,880.2386,4.7089925,4.786722
-166.39786,879.2643,4.706793,4.7853227
-166.17352,878.2899,4.704593,4.783923
-165.94919,877.3156,4.702394,4.782523
-165.72487,876.34125,4.7001944,4.7811236
-165.50055,875.36694,4.6981773,4.779724
-165.27623,874.3926,4.6961775,4.778324
-165.05191,873.4183,4.694178,4.7769246
-164.8276,872.4439,4.6921787,4.775525
-164.60329,871.46954,4.690179,4.774125
-164.37898,870.49524,4.6879973,4.7727256
-164.15468,869.5209,4.6857977,4.771326
-163.93037,868.5466,4.6835985,4.769926
-163.70609,867.5722,4.681399,4.7685266
-163.48178,866.59784,4.679199,4.767127
-163.25749,865.62354,4.6771817,4.765727
-163.0332,864.6492,4.6751823,4.7643275
-162.80893,863.6748,4.6731825,4.762928
-162.58466,862.7005,4.671183,4.761528
-162.36038,861.72614,4.6691837,4.7601285
-162.13611,860.7518,4.667002,4.758729
-161.91183,859.7774,4.664803,4.757329
-161.68758,858.8031,4.6626034,4.7559295
-161.46332,857.82874,4.6604037,4.75453
-161.23907,856.8544,4.6582046,4.75313
-161.01482,855.88,4.656186,4.7517304
-160.79057,854.90564,4.6541867,4.750331
-160.56635,853.9313,4.6521873,4.748931
-160.3421,852.957,4.6501875,4.7475314
-160.11787,851.9826,4.648188,4.746132
-159.89365,851.00824,4.6460075,4.744732
-159.66943,850.0339,4.643808,4.7433324
-159.44522,849.0595,4.6416087,4.741933
-159.22101,848.08514,4.639409,4.740533
-158.99681,847.1108,4.6372094,4.7391334
-158.77261,846.1364,4.635191,4.737734
-158.54843,845.16205,4.6331916,4.736334
-158.32423,844.1877,4.6311917,4.7349343
-158.10007,843.2133,4.6291924,4.733535
-157.87589,842.23895,4.627193,4.732135
-157.65172,841.2645,4.625013,4.7307353
-157.42757,840.29016,4.622813,4.729336
-157.20341,839.3158,4.6206136,4.727936
-156.97926,838.34143,4.6184144,4.7265363
-156.75513,837.36707,4.6162148,4.7251368
-156.53099,836.39264,4.614196,4.723737
-156.30685,835.4183,4.612196,4.7223372
-156.08273,834.4439,4.6101966,4.7209377
-155.85863,833.46954,4.608197,4.7195377
-155.63452,832.4951,4.6061974,4.718138
-155.41042,831.52075,4.6040177,4.7167387
-155.18633,830.5463,4.601818,4.7153387
-154.96223,829.57196,4.599619,4.713939
-154.73816,828.5976,4.5974193,4.7125397
-154.51408,827.62317,4.59522,4.7111397
-154.29002,826.6488,4.5932,4.70974
-154.06596,825.6744,4.591201,4.7083406
-153.84192,824.69995,4.5892015,4.706941
-153.61787,823.7256,4.5872016,4.705541
-153.39384,822.75116,4.585202,4.7041416
-153.16983,821.7768,4.583023,4.702742
-152.94582,820.80237,4.5808234,4.701342
-152.7218,819.82794,4.5786242,4.6999426
-152.4978,818.8535,4.5764246,4.698543
-152.27382,817.87915,4.574225,4.697143
-152.04984,816.9047,4.572205,4.6957436
-151.82585,815.9303,4.5702057,4.694344
-151.6019,814.9559,4.568206,4.692944
-151.37793,813.98145,4.5662065,4.6915445
-151.15399,813.007,4.564207,4.690145
-150.93005,812.0326,4.562028,4.6889243
-150.70613,811.05817,4.5598288,4.6877246
-150.48221,810.08374,4.557629,4.686525
-150.2583,809.1093,4.55543,4.685325
-150.0344,808.1349,4.5532303,4.6841254
-149.8105,807.16046,4.55121,4.682747
-149.58662,806.186,4.54921,4.6813474
-149.36275,805.21155,4.5472107,4.6799474
-149.13889,804.2371,4.5452113,4.678548
-148.91504,803.2627,4.5432115,4.6771483
-148.6912,802.2882,4.5410333,4.6757483
-148.46736,801.3138,4.538834,4.674349
-148.24355,800.3393,4.5366344,4.6729493
-148.01973,799.36487,4.534435,4.6715493
-147.79593,798.3904,4.5322356,4.67015
-147.57214,797.41595,4.5302143,4.6687503
-147.34836,796.44147,4.528215,4.6673503
-147.12459,795.46704,4.5262156,4.665951
-146.90083,794.49255,4.524216,4.6645513
-146.6771,793.51807,4.5222163,4.6631513
-146.45335,792.54364,4.5200386,4.6617517
-146.22963,791.56915,4.517839,4.660352
-146.00592,790.59467,4.51564,4.6589527
-145.78221,789.6202,4.51344,4.6575527
-145.55852,788.6457,4.5112405,4.656153
-145.33484,787.6712,4.509219,4.6547537
-145.11118,786.6967,4.50722,4.6533537
-144.88751,785.7222,4.5052204,4.651954
-144.66388,784.74774,4.5032206,4.6505547
-144.44025,783.77325,4.501221,4.6491547
-144.21661,782.79877,4.499044,4.647755
-143.99301,781.8243,4.4968443,4.6463556
-143.76941,780.84973,4.4946446,4.6449556
-143.54584,779.87524,4.4924455,4.643556
-143.32227,778.90076,4.490246,4.6421566
-143.0987,777.9262,4.488224,4.6407566
-142.87515,776.9517,4.4862247,4.639357
-142.65163,775.9772,4.484225,4.6379576
-142.4281,775.0027,4.4822254,4.6365576
-142.20459,774.02814,4.480226,4.635158
-141.9811,773.0536,4.478049,4.6337585
-141.75761,772.0791,4.4758496,4.632359
-141.53415,771.10455,4.47365,4.630959
-141.31068,770.13,4.471451,4.6295595
-141.08725,769.15546,4.469251,4.62816
-140.86382,768.1809,4.467229,4.62676
-140.64041,767.20636,4.465229,4.6253605
-140.417,766.2318,4.4632297,4.623961
-140.19362,765.25726,4.4612303,4.622561
-139.97025,764.2827,4.459231,4.6211615
-139.74689,763.30817,4.457054,4.619762
-139.52354,762.3336,4.454855,4.618362
-139.3002,761.3591,4.4526553,4.6169624
-139.07689,760.38446,4.4504557,4.615563
-138.85359,759.4099,4.4482565,4.614163
-138.6303,758.4353,4.4462333,4.6127634
-138.40703,757.46075,4.444234,4.611364
-138.18376,756.48615,4.4422345,4.609964
-137.96053,755.5116,4.440235,4.6085644
-137.73729,754.537,4.4382353,4.607165
-137.51407,753.5624,4.4360595,4.6057653
-137.29088,752.5878,4.43386,4.6043653
-137.06769,751.6132,4.4316607,4.602966
-136.84451,750.6386,4.429461,4.6015663
-136.62137,749.664,4.4272614,4.6001663
-136.39822,748.6894,4.425238,4.598767
-136.17511,747.7148,4.4232388,4.5973673
-135.952,746.7402,4.4212394,4.5959673
-135.72891,745.76556,4.4192395,4.594568
-135.50583,744.79095,4.41724,4.5931683
-135.28278,743.8163,4.415065,4.5917683
-135.05972,742.8417,4.412865,4.5903687
-134.8367,741.867,4.4106655,4.588969
-134.61368,740.8924,4.4084663,4.587569
-134.39069,739.9177,4.4062667,4.5861697
-134.16771,738.9431,4.404243,4.58477
-133.94475,737.96844,4.4022436,4.58337
-133.7218,736.99384,4.4002438,4.5819707
-133.49887,736.01917,4.3982444,4.580571
-133.27596,735.0445,4.396245,4.579171
-133.05307,734.0698,4.3940697,4.5777717
-132.83018,733.09515,4.3918705,4.576372
-132.60733,732.1205,4.389671,4.574972
-132.38449,731.1458,4.387471,4.5735726
-132.16165,730.17114,4.385272,4.572173
-131.93884,729.1965,4.383248,4.5709486
-131.71605,728.22174,4.381248,4.569749
-131.49329,727.2471,4.3792486,4.568549
-131.27052,726.27234,4.3772492,4.5673494
-131.04779,725.29767,4.3752494,4.5661497
-130.82507,724.32294,4.373075,4.564775
-130.60236,723.34827,4.3708754,4.5633755
-130.37968,722.37354,4.368676,4.5619755
-130.15701,721.3988,4.3664765,4.560576
-129.93436,720.4241,4.364277,4.5591764
-129.71173,719.4494,4.362252,4.5577765
-129.48912,718.4747,4.360253,4.556377
-129.26653,717.49994,4.3582535,4.5549774
-129.04396,716.52515,4.3562536,4.5535774
-128.8214,715.5504,4.3542542,4.552178
-128.59886,714.5757,4.3520803,4.5507784
-128.37634,713.60095,4.3498807,4.5493784
-128.15384,712.62616,4.347681,4.547979
-127.931366,711.6514,4.345482,4.5465794
-127.70891,710.67664,4.343282,4.5451794
-127.486465,709.7019,4.341257,4.54378
-127.264046,708.7271,4.3392577,4.5423803
-127.04164,707.7523,4.337258,4.540981
-126.81926,706.7775,4.3352585,4.539581
-126.5969,705.8028,4.333259,4.5381813
-126.37456,704.828,4.331085,4.536782
-126.15224,703.8532,4.328886,4.535382
-125.92993,702.87836,4.3266864,4.5339823
-125.70765,701.90356,4.3244867,4.5325828
-125.48539,700.9288,4.3222876,4.531183
-125.263145,699.954,4.3202615,4.5297832
-125.040924,698.9791,4.318262,4.5283837
-124.818726,698.00433,4.3162627,4.5269837
-124.59654,697.0295,4.314263,4.525584
-124.37438,696.0546,4.3122635,4.5241847
-124.152245,695.07983,4.3100905,4.5227847
-123.93013,694.105,4.307891,4.521385
-123.70803,693.1301,4.3056912,4.5199857
-123.485954,692.1553,4.303492,4.5185857
-123.2639,691.1804,4.3012924,4.517186
-123.04187,690.20557,4.2992663,4.5157866
-122.81986,689.2307,4.297267,4.5143867
-122.59787,688.2558,4.295267,4.512987
-122.3759,687.28094,4.2932677,4.5115876
-122.15395,686.3061,4.2912683,4.5101876
-121.93203,685.3312,4.2890954,4.508788
-121.71013,684.35626,4.2868958,4.507388
-121.48824,683.3814,4.2846966,4.5059886
-121.26639,682.4065,4.282497,4.504589
-121.04455,681.4316,4.2802973,4.503189
-120.82274,680.45667,4.2782707,4.5017896
-120.600945,679.48175,4.2762713,4.50039
-120.37917,678.50684,4.274272,4.49899
-120.15743,677.5319,4.272272,4.4975905
-119.93571,676.55695,4.2702727,4.496191
-119.714005,675.58203,4.268964,4.4951367
-119.492325,674.6071,4.267764,4.494137
-119.27067,673.63214,4.2665644,4.493137
-119.04904,672.65717,4.2653646,4.4921374
-118.82743,671.68225,4.264165,4.4911375
-118.60584,670.7073,4.2638273,4.4901376
-118.384285,669.7323,4.2636275,4.489138
-118.16274,668.7573,4.2634277,4.488138
-117.94123,667.78235,4.2632275,4.4871383
-117.719734,666.8074,4.2630277,4.486139
-117.49827,665.8324,4.262828,4.485311
-117.276825,664.85736,4.2626276,4.4845114
-117.055405,663.8824,4.262428,4.4837112
-116.83401,662.90735,4.262228,4.4829116
-116.61264,661.9324,4.2620277,4.482112
-116.39129,660.95734,4.261656,4.48114
-116.16997,659.9823,4.261256,4.48014
-115.94867,659.0073,4.260856,4.4791403
-115.727394,658.0323,4.260456,4.478141
-115.50615,657.05725,4.2600565,4.477141
-115.28492,656.08215,4.259828,4.476313
-115.06372,655.1071,4.2596283,4.475513
-114.84255,654.1321,4.2594285,4.4747133
-114.6214,653.157,4.259228,4.4739137
-114.400276,652.18195,4.2590284,4.4731135
-114.17918,651.20685,4.258657,4.472314
-113.9581,650.2318,4.258257,4.4715137
-113.73705,649.2567,4.257857,4.470714
-113.51603,648.2816,4.2574573,4.4699144
-113.29504,647.3065,4.257057,4.4691143
-113.074066,646.3314,4.256829,4.4681435
-112.85312,645.3563,4.2566285,4.4671435
-112.6322,644.38116,4.2564287,4.4661436
-112.41131,643.40607,4.256229,4.465144
-112.19044,642.43097,4.2560287,4.464144
-111.9696,641.4558,4.2556577,4.4633155
-111.74878,640.48065,4.255258,4.462516
-111.52799,639.50555,4.254858,4.4617157
-111.30723,638.5304,4.254458,4.460916
-111.086494,637.55524,4.2540584,4.4601164
-110.86579,636.5801,4.253829,4.4591455
-110.6451,635.6049,4.253629,4.4581456
-110.42445,634.6297,4.2534294,4.457146
-110.20383,633.65454,4.253229,4.4561462
-109.98322,632.6793,4.2530293,4.4551463
-109.76265,631.70416,4.252659,4.4543176
-109.54211,630.72894,4.252259,4.4535174
-109.32159,629.7537,4.2518587,4.452718
-109.1011,628.77856,4.251459,4.4519176
-108.88063,627.80334,4.251059,4.451118
-108.660194,626.8281,4.2508297,4.4503183
-108.43979,625.85284,4.2506294,4.449518
-108.219406,624.8776,4.2504296,4.4487185
-107.99906,623.9024,4.25023,4.447919
-107.77873,622.9271,4.2500296,4.4471188
-107.55844,621.9519,4.2496595,4.446149
-107.33817,620.9766,4.2492595,4.445149
-107.117935,620.00134,4.24886,4.4441495
-106.89772,619.02606,4.24846,4.4431496
-106.67754,618.0508,4.2480597,4.4421496
-106.45739,617.0755,4.24783,4.44132
-106.23727,616.1002,4.24763,4.4405203
-106.017166,615.12494,4.24743,4.43972
-105.797104,614.1496,4.24723,4.4389205
-105.577065,613.1743,4.2470303,4.438121
-105.357056,612.199,4.24666,4.437151
-105.13708,611.22363,4.2462606,4.436151
-104.91713,610.2483,4.2458606,4.4351516
-104.69721,609.27295,4.2454605,4.4341516
-104.47732,608.2976,4.245061,4.4331517
-104.25746,607.32227,4.2448306,4.4323215
-104.03763,606.3469,4.2446303,4.431522
-103.817825,605.3715,4.2444305,4.430722
-103.59805,604.3962,4.2442307,4.429922
-103.37832,603.4208,4.2440305,4.4291224
-103.15861,602.4454,4.2436614,4.4283223
-102.93893,601.47003,4.2432613,4.4275227
-102.71928,600.4946,4.2428613,4.426723
-102.49966,599.5192,4.2424617,4.425923
-102.28007,598.54376,4.2420616,4.425123
-102.06051,597.56836,4.241831,4.4241543
-101.84098,596.59296,4.241631,4.4231544
-101.62148,595.6175,4.2414308,4.4221544
-101.402016,594.642,4.241231,4.421155
-101.18259,593.6666,4.241031,4.420155
-100.96318,592.69116,4.240831,4.4193244
-100.74381,591.7157,4.240631,4.4185243
-100.52447,590.74023,4.2404313,4.4177246
-100.30516,589.7647,4.240231,4.416925
-100.085884,588.78925,4.2400312,4.416125
-99.86664,587.8138,4.2396626,4.4151564
-99.64742,586.83826,4.2392626,4.4141564
-99.42824,585.86273,4.2388625,4.4131565
-99.20909,584.88727,4.238463,4.412157
-98.98997,583.91174,4.238063,4.411157
-98.77088,582.9362,4.2378316,4.410326
-98.55183,581.96063,4.2376313,4.409526
-98.33281,580.9851,4.2374315,4.408726
-98.113815,580.0096,4.2372317,4.4079266
-97.89486,579.034,4.2370315,4.4071264
-97.675934,578.0585,4.2366633,4.406327
-97.45705,577.0829,4.2362633,4.405527
-97.23819,576.1073,4.2358637,4.404727
-97.01936,575.1317,4.2354636,4.4039273
-96.80057,574.1561,4.2350636,4.403127
-96.58181,573.18054,4.234832,4.402159
-96.36308,572.2049,4.234632,4.40116
-96.144394,571.2293,4.2344317,4.40016
-95.925735,570.25366,4.234232,4.39916
-95.70711,569.278,4.234032,4.3981605
-95.48852,568.30237,4.233664,4.3973284
-95.26996,567.3267,4.2332644,4.3965287
-95.05143,566.3511,4.2328644,4.3957286
-94.83294,565.3754,4.2324643,4.394929
-94.61449,564.3998,4.2320647,4.394129
-94.396065,563.4241,4.2318325,4.3931613
-94.17767,562.4484,4.231632,4.392162
-93.95932,561.4727,4.2314324,4.391162
-93.741,560.497,4.2312326,4.390162
-93.52271,559.5213,4.2310324,4.389162
-93.30447,558.5456,4.230665,4.38833
-93.08625,557.5699,4.230265,4.3875303
-92.868065,556.5941,4.229865,4.38673
-92.649925,555.6184,4.229465,4.3859305
-92.43181,554.64264,4.2290654,4.3851304
-92.21374,553.6669,4.2288327,4.3843307
-91.9957,552.69116,4.228633,4.383531
-91.77769,551.7154,4.2284327,4.382731
-91.559715,550.73956,4.228233,4.3819313
-91.34178,549.7638,4.228033,4.3811316
-91.123886,548.788,4.227666,4.3801646
-90.90602,547.8122,4.227266,4.3791647
-90.688194,546.8364,4.226866,4.378165
-90.470406,545.8606,4.226466,4.3771653
-90.25265,544.88477,4.226066,4.3761654
-90.03493,543.90894,4.225833,4.3753324
-89.817245,542.9331,4.225633,4.3745327
-89.599594,541.9572,4.2254333,4.3737326
-89.38199,540.9814,4.225233,4.372933
-89.16441,540.0055,4.2250333,4.3721333
-88.94688,539.0296,4.2246666,4.3711667
-88.72938,538.0538,4.2242665,4.370167
-88.51191,537.0779,4.223867,4.369167
-88.29449,536.1019,4.223467,4.368167
-88.077095,535.12604,4.223067,4.3671675
-87.85974,534.15015,4.2228336,4.366334
-87.642426,533.1742,4.2226334,4.3655343
-87.42515,532.1983,4.2224336,4.364734
-87.2079,531.22235,4.222234,4.3639345
-86.9907,530.2464,4.2220335,4.3631344
-86.77354,529.27045,4.2216673,4.3623347
-86.556404,528.2945,4.221267,4.361535
-86.33932,527.3185,4.2208676,4.360735
-86.12226,526.3425,4.2204676,4.3599353
-85.90525,525.3665,4.2200675,4.359135
-85.68827,524.3905,4.219834,4.3581696
-85.47133,523.4145,4.219634,4.3571696
-85.25443,522.4385,4.219434,4.3561697
-85.03757,521.46246,4.219234,4.35517
-84.82075,520.48645,4.219034,4.3541703
-84.60396,519.5104,4.218668,4.3533363
-84.387215,518.53436,4.2182684,4.3525367
-84.17051,517.5583,4.2178683,4.3517365
-83.953835,516.5822,4.2174683,4.350937
-83.737206,515.60614,4.2170687,4.3501368
-83.520615,514.63007,4.216834,4.349171
-83.30406,513.654,4.2166343,4.3481717
-83.08755,512.67786,4.2164345,4.347172
-82.87107,511.70175,4.216234,4.346172
-82.65463,510.72565,4.2160344,4.345172
-82.43823,509.7495,4.2158346,4.344338
-82.22186,508.77338,4.2156343,4.343538
-82.00552,507.79724,4.2154346,4.342738
-81.78922,506.82108,4.2152348,4.3419385
-81.57296,505.8449,4.2150345,4.3411384
-81.35672,504.86877,4.214669,4.3403387
-81.14052,503.89258,4.2142696,4.339539
-80.92434,502.9164,4.2138696,4.338739
-80.70819,501.94022,4.2134695,4.3379393
-80.49207,500.96405,4.21307,4.3371396
-80.275986,499.98785,4.212835,4.3361745
-80.05993,499.01163,4.212635,4.335175
-79.84389,498.03543,4.2124352,4.334175
-79.627884,497.05923,4.212235,4.3331757
-79.411896,496.083,4.212035,4.3321757
-79.19594,495.10678,4.213977,4.3329883
-78.979996,494.13055,4.216376,4.334188
-78.764084,493.1543,4.218775,4.335387
-78.54819,492.17807,4.221174,4.336587
-78.33231,491.20184,4.223573,4.3377867
-78.11646,490.2256,4.2295866,4.341779
-77.900635,489.24933,4.2363834,4.346377
-77.68482,488.27307,4.24318,4.3509746
-77.469025,487.2968,4.2499766,4.355572
-77.25324,486.32056,4.256773,4.36017
-77.037476,485.34427,4.263733,4.364767
-76.82173,484.368,4.2707286,4.3693643
-76.605995,483.39172,4.277724,4.3739614
-76.39028,482.41547,4.2847195,4.3785586
-76.174576,481.43918,4.291715,4.383156
-75.958885,480.4629,4.298547,4.387752
-75.7432,479.4866,4.3053417,4.392349
-75.52753,478.5103,4.312136,4.396945
-75.31186,477.53403,4.318931,4.4015417
-75.0962,476.55774,4.325726,4.406138
-74.88053,475.58145,4.3326836,4.4107347
-74.66486,474.60516,4.3396783,4.4153314
-74.44918,473.62888,4.3466735,4.419928
-74.23349,472.6526,4.353668,4.424525
-74.017784,471.6763,4.3606634,4.4291215
-73.802055,470.7,4.3674984,4.4337196
-73.5863,469.72375,4.3742957,4.438318
-73.37053,468.7475,4.381093,4.442916
-73.15472,467.77124,4.3878903,4.447514
-72.938866,466.79498,4.3946877,4.452112
-72.72297,465.81876,4.40165,4.4567127
-72.507034,464.84253,4.408652,4.461314
-72.29105,463.8663,4.4156537,4.465915
-72.07503,462.89008,4.422655,4.470516
-71.858955,461.91388,4.429657,4.475117
-71.64284,460.93768,4.436502,4.479722
-71.42665,459.96152,4.44331,4.4843273
-71.210396,458.98535,4.4501176,4.4889326
-70.99405,458.00922,4.4569254,4.493538
-70.7776,457.0331,4.4637337,4.498143
-70.56105,456.057,4.470711,4.5027533
-70.3444,455.08093,4.477728,4.507364
-70.12769,454.1049,4.4847445,4.511975
-69.910965,453.1288,4.491761,4.516586
-69.69425,452.15277,4.498778,4.521197
-69.47756,451.1767,4.505637,4.5258136
-69.2608,450.20065,4.512464,4.5304313
-69.04384,449.22467,4.5192904,4.5350494
-68.8265,448.24875,4.526117,4.539667
-68.608665,447.27292,4.532943,4.544285
-68.390366,446.2972,4.5399356,4.5489006
-68.17295,445.32132,4.546959,4.553516
-67.95824,444.34482,4.5539827,4.558131
-67.74808,443.36734,4.5610065,4.562747
-67.54431,442.3885,4.568031,4.5673633
-67.348724,441.408,4.566106,4.56817
-67.162636,440.42563,4.5627484,4.568368
-66.98721,439.4413,4.5593915,4.5685654
-66.82363,438.455,4.5560346,4.568763
-66.67305,437.46655,4.552679,4.56896
-66.537,436.47604,4.5384665,4.5746903
-66.419685,435.48315,4.5214987,4.5818243
-66.32656,434.4877,4.5045276,4.58896
-66.26314,433.48993,4.4875546,4.5960965
-66.23493,432.49057,4.47059,4.603229
-66.24739,431.49088,4.448076,4.633683
-66.306465,430.4929,4.422038,4.678949
-66.41874,429.4995,4.3959966,4.724221
-66.590836,428.51477,4.369948,4.7695065
-66.82908,427.54398,4.3439217,4.8147516
-67.138794,426.59357,4.3908343,4.874429
-67.52218,425.6704,4.4826436,4.942969
-67.98007,424.7819,4.574513,5.0115533
-68.51359,423.93668,4.666633,5.080325
-69.12362,423.145,4.7590737,5.1493363
-69.80822,422.41684,4.7760973,5.218013
-70.55511,421.75256,4.7850432,5.2865252
-71.350235,421.1467,4.7939596,5.3548136
-72.18195,420.59204,4.802859,5.4229674
-73.04095,420.0805,4.837967,5.4485707
-73.91934,419.60306,4.931455,5.37941
-74.80989,419.1486,5.0251412,5.310102
-75.70603,418.7052,5.118921,5.240725
-76.60157,418.26062,5.212738,5.171321
-77.49031,417.80264,5.286799,5.1242547
-78.36816,417.32413,5.323671,5.1192265
-79.234505,416.82507,5.360518,5.114202
-80.089096,416.30612,5.397347,5.10918
-80.93167,415.7679,5.434167,5.104159
-81.76198,415.21094,5.4709864,5.0991383
-82.57954,414.63544,5.4775863,5.1344995
-83.38283,414.0402,5.483332,5.1710143
-84.16994,413.4237,5.489079,5.207535
-84.93881,412.78464,5.494825,5.244049
-85.68727,412.1218,5.500567,5.2805376
-86.41295,411.43408,5.500391,5.314715
-87.11179,410.71912,5.495863,5.3472
-87.77798,409.9737,5.491333,5.3796988
-88.40492,409.195,5.4867992,5.412223
-88.9854,408.38113,5.482265,5.4447494
-89.511795,407.5313,5.488354,5.43101
-89.97845,406.64728,5.505045,5.371095
-90.38148,405.73248,5.5217314,5.3111944
-90.71648,404.79068,5.538437,5.251226
-90.978485,403.82605,5.5551744,5.1911435
-91.16344,402.84372,5.5581794,5.172753
-91.27583,401.85043,5.558395,5.162839
-91.32432,400.85193,5.55861,5.152942
-91.31773,399.8522,5.558825,5.1430573
-91.26464,398.85385,5.559606,5.1391654
-91.17246,397.85834,5.562881,5.161682
-91.04685,396.8665,5.5661607,5.184229
-90.89335,395.87854,5.569442,5.206786
-90.71751,394.89432,5.572723,5.229345
-90.52483,393.91324,5.573356,5.247496
-90.31991,392.93463,5.567984,5.255654
-90.105804,391.958,5.562612,5.2638116
-89.885445,390.98276,5.55724,5.271969
-89.66174,390.00827,5.5518684,5.2801256
-89.43758,389.0339,5.546722,5.2878895
-89.21472,388.05923,5.542155,5.294641
-88.992966,387.08432,5.5375876,5.3013926
-88.7719,386.10922,5.53302,5.308144
-88.55108,385.1341,5.528453,5.314896
-88.33009,384.159,5.524903,5.3202424
-88.108696,383.184,5.5245056,5.321236
-87.88695,382.20905,5.524108,5.3222294
-87.66498,381.2342,5.5237107,5.323223
-87.44289,380.25934,5.5233135,5.324217
-87.220795,379.2845,5.522916,5.3252106
-86.998764,378.30963,5.522518,5.326205
-86.77679,377.33475,5.5221205,5.327199
-86.55483,376.35986,5.521723,5.3281927
-86.33286,375.385,5.521325,5.329187
-86.110855,374.41013,5.5209274,5.3301454
-85.88879,373.43527,5.5205297,5.3309407
-85.666664,372.46045,5.5201316,5.3317366
-85.44449,371.4856,5.519734,5.3325324
-85.222275,370.51077,5.5193357,5.3333282
-85.00003,369.53598,5.518969,5.3341556
-84.77776,368.56116,5.5187697,5.3351507
-84.555466,367.58636,5.518571,5.3361464
-84.333145,366.61157,5.5183716,5.3371415
-84.11079,365.63678,5.5181727,5.3381367
-83.8884,364.662,5.517947,5.3391323
-83.66598,363.68723,5.5175486,5.3401284
-83.44353,362.71246,5.5171504,5.341124
-83.22104,361.7377,5.516752,5.34212
-82.99852,360.76294,5.5163536,5.343116
-82.77597,359.7882,5.5159554,5.344112
-82.55339,358.81348,5.515557,5.3451085
-82.33078,357.83875,5.515158,5.3461046
-82.10814,356.864,5.5147595,5.347101
-81.88547,355.8893,5.514361,5.3480973
-81.662766,354.91458,5.5139623,5.349094
-81.44003,353.93988,5.5135636,5.350091
-81.21727,352.9652,5.513165,5.351088
-80.99448,351.9905,5.512766,5.3520846
-80.77165,351.01584,5.5123672,5.3530817
-80.5488,350.04117,5.5119843,5.354063
-80.32592,349.0665,5.511785,5.354861
-80.103004,348.09183,5.511585,5.3556585
-79.880066,347.11716,5.511386,5.3564568
-79.6571,346.14252,5.5111866,5.3572545
-79.4341,345.16788,5.510974,5.3580656
-79.211075,344.19324,5.510575,5.359063
-78.988014,343.21863,5.5101757,5.360061
-78.76493,342.244,5.5097766,5.3610587
-78.541824,341.26938,5.5093775,5.3620567
-78.31868,340.29477,5.5089784,5.3630548
-78.09551,339.32016,5.508579,5.364053
-77.87232,338.34558,5.5081797,5.365051
-77.6491,337.371,5.5077806,5.3660493
-77.42585,336.3964,5.507381,5.3670473
-77.20257,335.4218,5.506991,5.368046
-76.97927,334.44727,5.506791,5.3690443
-76.755936,333.4727,5.5065913,5.370043
-76.53258,332.49814,5.5063915,5.3710413
-76.3092,331.5236,5.506192,5.37204
-76.085785,330.54904,5.505985,5.3730383
-75.86235,329.5745,5.505585,5.3740373
-75.63889,328.59995,5.5051856,5.3750362
-75.415405,327.62543,5.504786,5.376035
-75.19189,326.6509,5.5043864,5.377034
-74.96835,325.6764,5.503987,5.3780265
-74.74479,324.70187,5.5035872,5.3788257
-74.5212,323.72736,5.503187,5.3796253
-74.297585,322.75287,5.5027876,5.3804245
-74.073944,321.77838,5.502388,5.381224
-73.85028,320.8039,5.5019884,5.3820295
-73.626595,319.8294,5.5015883,5.383029
-73.402885,318.85492,5.5011888,5.3840284
-73.179146,317.88046,5.5007887,5.385028
-72.95539,316.90598,5.500389,5.3860273
-72.731606,315.93152,5.4999948,5.387027
-72.5078,314.95706,5.4997945,5.3880267
-72.283966,313.9826,5.4995947,5.3890266
-72.06011,313.00818,5.499395,5.3900266
-71.836235,312.03372,5.4991946,5.391026
-71.612335,311.0593,5.4989896,5.392026
-71.38842,310.08487,5.4985895,5.393026
-71.164474,309.11044,5.4981894,5.394026
-70.940506,308.13602,5.4977894,5.3950257
-70.716515,307.16162,5.49739,5.396026
-70.49251,306.1872,5.4969897,5.397026
-70.26847,305.2128,5.4965897,5.398026
-70.04442,304.2384,5.4961896,5.3990264
-69.82034,303.264,5.4957895,5.400027
-69.596245,302.2896,5.4953895,5.4010267
-69.37212,301.31525,5.4949894,5.402022
-69.14799,300.34085,5.494589,5.402822
-68.92383,299.3665,5.494189,5.403622
-68.699646,298.39212,5.4937887,5.4044228
-68.47544,297.41776,5.4933887,5.405223
-68.25122,296.4434,5.4929943,5.406029
-68.02698,295.46902,5.492794,5.4070296
-67.80272,294.4947,5.492594,5.40803
-67.57844,293.52032,5.492394,5.4090304
-67.35413,292.546,5.4921937,5.4100313
-67.129814,291.57166,5.491987,5.4110317
-66.90548,290.59732,5.491587,5.412032
-66.681114,289.623,5.4911866,5.413033
-66.45674,288.64868,5.4907866,5.4140334
-66.232346,287.67435,5.4903865,5.4150343
-66.00793,286.70004,5.489986,5.4160347
-65.78349,285.7257,5.489586,5.4170356
-65.559044,284.7514,5.4891853,5.4180365
-65.33458,283.7771,5.4887853,5.419037
-65.11009,282.8028,5.4883847,5.4200377
-64.88558,281.82852,5.4879847,5.4210305
-64.661064,280.85422,5.487584,5.421831
-64.43652,279.87994,5.487184,5.422632
-64.21197,278.90564,5.4867835,5.423433
-63.987396,277.93137,5.4863834,5.4242334
-63.762806,276.9571,5.4859915,5.425042
-63.538197,275.98282,5.485791,5.426043
-63.313576,275.00854,5.4855914,5.427044
-63.088936,274.0343,5.485391,5.428045
-62.86428,273.06003,5.485191,5.4290457
-62.63961,272.0858,5.4849815,5.430046
-62.414925,271.1115,5.484581,5.431047
-62.19022,270.13727,5.484181,5.432048
-61.965504,269.16302,5.4837804,5.4330487
-61.74077,268.18878,5.4833803,5.4340496
-61.51602,267.21454,5.48298,5.4350505
-61.29126,266.24033,5.4825797,5.436051
-61.066483,265.26608,5.482179,5.437052
-60.84169,264.29184,5.481779,5.4380527
-60.616886,263.31763,5.4813786,5.4390535
-60.392067,262.3434,5.480989,5.440054
-60.167233,261.36917,5.480789,5.441055
-59.942383,260.39496,5.480589,5.4420557
-59.71752,259.42075,5.4803886,5.443056
-59.492645,258.44653,5.480189,5.444057
-59.267757,257.47235,5.479977,5.445046
-59.04286,256.49814,5.4795766,5.4458466
-58.817944,255.52393,5.4791765,5.446647
-58.593018,254.54973,5.4787765,5.4474473
-58.36808,253.57555,5.478376,5.448248
-58.143127,252.60135,5.477976,5.4490604
-57.918167,251.62715,5.4775753,5.4500613
-57.69319,250.65297,5.477175,5.4510617
-57.46821,249.67879,5.476775,5.452062
-57.24321,248.7046,5.476375,5.4530625
-57.0182,247.73042,5.4759746,5.4540634
-56.793182,246.75626,5.4755745,5.455064
-56.568153,245.78207,5.4751744,5.456064
-56.343113,244.8079,5.4747744,5.4570646
-56.11806,243.83374,5.474374,5.458065
-55.893,242.85957,5.473987,5.4590654
-55.66793,241.8854,5.473787,5.460066
-55.442852,240.91124,5.4735866,5.4610662
-55.217762,239.93709,5.473387,5.4620667
-54.992664,238.96292,5.4731865,5.463067
-54.767555,237.98877,5.472973,5.4640675
-54.54244,237.01462,5.472573,5.4650674
-54.317314,236.04047,5.4721727,5.466068
-54.092182,235.06631,5.4717727,5.467068
-53.867043,234.09216,5.4713726,5.4680686
-53.641895,233.11801,5.4709725,5.469055
-53.416737,232.14388,5.4705725,5.4698553
-53.191574,231.16972,5.4701724,5.4706554
-52.966404,230.19559,5.4697723,5.4714556
-52.741226,229.22145,5.4693723,5.4722557
-52.51604,228.24731,5.468972,5.4730697
-52.290848,227.27318,5.468572,5.47407
-52.06565,226.29904,5.468172,5.47507
-51.840446,225.3249,5.467772,5.4760704
-51.61524,224.35077,5.467372,5.4770703
-51.390022,223.37663,5.4669857,5.4780707
-51.1648,222.40251,5.466786,5.4790707
-50.93957,221.42838,5.4665856,5.4800706
-50.71434,220.45425,5.466386,5.481071
-50.489105,219.48013,5.466186,5.482071
-50.263863,218.506,5.4659715,5.483071
-50.03862,217.53188,5.4655714,5.484071
-49.81337,216.55775,5.465172,5.485071
-49.588116,215.58363,5.4647717,5.486071
-49.362858,214.60951,5.4643717,5.487071
-49.137596,213.63539,5.4639716,5.488071
-48.912334,212.66127,5.4635715,5.489071
-48.687065,211.68715,5.4631715,5.490071
-48.461796,210.71303,5.4627714,5.4910707
-48.236523,209.73892,5.462372,5.4920707
-48.011246,208.7648,5.461986,5.493057
-47.78597,207.79068,5.461786,5.4938564
-47.560688,206.81656,5.461586,5.4946566
-47.335403,205.84245,5.4613857,5.495456
-47.110123,204.86833,5.461186,5.4962564
-46.88484,203.89423,5.460972,5.4970703
-46.65955,202.9201,5.460572,5.4980702
-46.43426,201.94598,5.460172,5.49907
-46.208973,200.97188,5.459772,5.50007
-45.983685,199.99776,5.459372,5.5010695
-45.758396,199.02365,5.458972,5.5020695
-45.533108,198.04953,5.4585724,5.5030694
-45.307816,197.07542,5.4581723,5.5040693
-45.082527,196.1013,5.4577723,5.505069
-44.85724,195.1272,5.4573727,5.5060687
-44.63195,194.15308,5.4569726,5.5070686
-44.406662,193.17897,5.4565725,5.508068
-44.181377,192.20485,5.456173,5.509068
-43.956093,191.23073,5.455773,5.510068
-43.73081,190.25662,5.455373,5.5110674
-43.505527,189.2825,5.4549866,5.5120673
-43.28025,188.30838,5.454787,5.5130672
-43.05497,187.33427,5.4545865,5.5140667
-42.829697,186.36015,5.4543867,5.5150666
-42.604424,185.38603,5.454187,5.516066
-42.379154,184.41191,5.453974,5.5170527
-42.15389,183.43779,5.4535737,5.5178523
-41.928623,182.46367,5.453174,5.518652
-41.703365,181.48955,5.452774,5.5194516
-41.478107,180.51543,5.452374,5.5202518
-41.252857,179.5413,5.4519744,5.5210643
-41.027607,178.56718,5.4515743,5.5220637
-40.802364,177.59306,5.4511747,5.523063
-40.577126,176.61894,5.4507747,5.524063
-40.35189,175.6448,5.450375,5.5250626
-40.12666,174.67068,5.449975,5.5260625
-39.901436,173.69655,5.4495754,5.527062
-39.676216,172.72243,5.4491754,5.5280614
-39.451004,171.74829,5.448776,5.529061
-39.225796,170.77415,5.4483757,5.530061
-39.000595,169.80002,5.447988,5.53106
-38.7754,168.82588,5.4477882,5.5320597
-38.55021,167.85175,5.447588,5.533059
-38.325027,166.87761,5.447388,5.534059
-38.09985,165.90347,5.4471884,5.5350585
-37.874683,164.92934,5.4469767,5.536058
-37.64952,163.95518,5.446577,5.5370574
-37.424366,162.98105,5.446177,5.538057
-37.199223,162.0069,5.4457774,5.539057
-36.974083,161.03275,5.4453773,5.540056
-36.748955,160.0586,5.4449778,5.5410447
-36.52383,159.08444,5.444578,5.541844
-36.298717,158.11029,5.444178,5.5426435
-36.073612,157.13612,5.4437785,5.543443
-35.84852,156.16197,5.4433784,5.544243
-35.623432,155.1878,5.442979,5.545053
-35.398354,154.21365,5.442579,5.5460525
-35.173286,153.23949,5.442179,5.547052
-34.94823,152.26532,5.441779,5.548052
-34.723183,151.29114,5.4413795,5.5490513
-34.498146,150.31697,5.44099,5.5500507
-34.27312,149.3428,5.44079,5.55105
-34.048103,148.36862,5.44059,5.5520496
-33.8231,147.39444,5.44039,5.553049
-33.598106,146.42026,5.4401903,5.5540485
-33.373123,145.44608,5.439981,5.555048
-33.14815,144.47188,5.439581,5.5560474
-32.923195,143.4977,5.4391813,5.557047
-32.698246,142.5235,5.4387817,5.5580463
-32.473312,141.5493,5.4383817,5.559046
-32.24839,140.5751,5.437982,5.5600452
-32.02348,139.6009,5.437582,5.5610447
-31.798582,138.6267,5.4371824,5.562044
-31.573698,137.6525,5.436783,5.5630436
-31.348827,136.67828,5.436383,5.564043
-31.123968,135.70407,5.435992,5.565034
-30.899126,134.72986,5.4357915,5.5658336
-30.674295,133.75563,5.4355917,5.5666327
-30.44948,132.7814,5.435392,5.5674324
-30.224678,131.80717,5.435192,5.568232
-29.999891,130.83295,5.434984,5.5690393
-29.77512,129.85872,5.4345846,5.570039
-29.550364,128.88448,5.4341846,5.5710382
-29.32562,127.91024,5.433785,5.5720377
-29.100895,126.936,5.4333854,5.573037
-28.876183,125.96175,5.4329853,5.5740366
-28.651487,124.987495,5.4325857,5.575036
-28.42681,124.013245,5.4321856,5.5760355
-28.202145,123.03899,5.431786,5.5770345
-27.977499,122.06472,5.4313865,5.578034
-27.752869,121.090454,5.4309864,5.5790334
-27.528255,120.11619,5.430587,5.580033
-27.30366,119.14191,5.430187,5.5810323
-27.07908,118.16763,5.429787,5.5820317
-26.85452,117.19335,5.4293876,5.583031
-26.629976,116.21906,5.4289937,5.5840306
-26.40545,115.244774,5.428794,5.58503
-26.180944,114.27048,5.428594,5.5860295
-25.956455,113.29618,5.4283943,5.587029
-25.731985,112.32188,5.4281945,5.5880284
-25.507532,111.34757,5.427989,5.589022
-25.2831,110.37326,5.427589,5.589822
-25.058687,109.39894,5.4271894,5.590621
-24.834293,108.42462,5.4267898,5.5914207
-24.609919,107.450294,5.4263897,5.5922203
-24.385565,106.47597,5.42599,5.5930247
-24.16123,105.50163,5.4255905,5.594024
-23.936916,104.52729,5.4251904,5.5950236
-23.712624,103.55295,5.424791,5.596023
-23.48835,102.5786,5.424391,5.5970225
-23.264097,101.60425,5.423991,5.598022
-23.039867,100.62989,5.4235916,5.5990214
-22.815659,99.655525,5.4231915,5.600021
-22.59147,98.68116,5.422792,5.6010203
-22.367304,97.70679,5.422392,5.60202
-22.14316,96.73241,5.421996,5.603019
-21.919039,95.758026,5.4217963,5.6040187
-21.694939,94.78364,5.4215965,5.605018
-21.470861,93.80924,5.4213967,5.6060176
-21.246807,92.83484,5.4211965,5.607017
-21.022778,91.860435,5.4209933,5.608013
-20.798769,90.886024,5.4205937,5.608813
-20.574785,89.91161,5.4201937,5.6096125
-20.350824,88.937195,5.419794,5.6104116
-20.126888,87.96277,5.4193945,5.6112113
-19.902975,86.988335,5.4189944,5.612014
-19.679087,86.0139,5.418595,5.6130133
-19.455223,85.03946,5.418195,5.6140127
-19.231384,84.06501,5.417795,5.615012
-19.00757,83.09055,5.417395,5.6160116
-18.783783,82.1161,5.416998,5.617011
-18.560019,81.141624,5.4167976,5.618011
-18.336283,80.16716,5.416598,5.6190104
-18.11257,79.19268,5.416398,5.62001
-17.888885,78.21819,5.4161983,5.6210093
-17.665226,77.243706,5.4159966,5.622009
-17.441593,76.26921,5.4155965,5.6230083
-17.217987,75.29471,5.415197,5.624008
-16.994408,74.3202,5.414797,5.6250076
-16.770855,73.34569,5.4143972,5.626007
-16.54733,72.37116,5.413997,5.6270065
-16.323833,71.39664,5.4135976,5.628006
-16.100363,70.422104,5.4131975,5.629006
-15.876922,69.44756,5.412798,5.6300054
-15.653509,68.47302,5.412398,5.631005
-15.430124,67.49847,5.4119983,5.632004
-15.206768,66.52391,5.411598,5.6328034
-14.98344,65.54934,5.4111986,5.633603
-14.760142,64.57477,5.4107985,5.6344028
-14.536873,63.600193,5.410399,5.6352024
-14.313633,62.625607,5.4099994,5.6360025
-14.090424,61.651012,5.4097996,5.6370025
-13.867243,60.676414,5.4096,5.638002
-13.6440935,59.70181,5.4093995,5.6390014
-13.420974,58.727196,5.4091997,5.6400013
-13.197885,57.752575,5.4089994,5.6410007
-12.974827,56.777946,5.4086,5.6420007
-12.7518,55.80331,5.4082,5.643
-12.528803,54.82867,5.4078,5.644
-12.305839,53.854023,5.4074,5.6449995
-12.082906,52.879364,5.407,5.6459994
-11.860004,51.9047,5.4066005,5.646999
-11.637135,50.93003,5.4062004,5.647999
-11.414298,49.955353,5.405801,5.6489987
-11.191493,48.980667,5.4054008,5.649998
-10.968721,48.005978,5.4050007,5.650998
-10.745983,47.031277,5.404601,5.6519976
-10.523277,46.05657,5.404201,5.6529975
-10.300605,45.081852,5.403801,5.6539974
-10.077966,44.10713,5.4034014,5.654997
-9.855361,43.132397,5.4030013,5.655997
-9.632791,42.157658,5.4028006,5.6567974
-9.410254,41.18291,5.402601,5.657597
-9.187751,40.208157,5.4024005,5.658397
-8.965283,39.233395,5.4022007,5.659197
-8.74285,38.258625,5.402001,5.659997
-8.5204525,37.283848,5.401602,5.660996
-8.29809,36.309063,5.4012017,5.661996
-8.075763,35.334267,5.4008017,5.662996
-7.8534713,34.359463,5.4004016,5.6639957
-7.631216,33.384655,5.400002,5.6649957
-7.4089966,32.409836,5.399602,5.6659956
-7.186814,31.435007,5.399202,5.6669955
-6.9646673,30.460173,5.398802,5.6679955
-6.742558,29.485329,5.3984017,5.6689954
-6.5204854,28.510475,5.398002,5.6699953
-6.29845,27.535614,5.397602,5.670995
-6.0764523,26.560745,5.397202,5.671995
-5.854492,25.585867,5.396802,5.672995
-5.63257,24.610981,5.396402,5.673995
-5.4106855,23.636086,5.396002,5.674995
-5.1888394,22.66118,5.395801,5.6759953
-4.967032,21.686268,5.395601,5.6769953
-4.7452636,20.711348,5.395401,5.677995
-4.523534,19.736416,5.3952007,5.678995
-4.301843,18.761477,5.395001,5.6799955
-4.080192,17.78653,5.394602,5.6807966
-3.8585804,16.811571,5.3942018,5.6815968
-3.6370084,15.836605,5.3938017,5.6823964
-3.4154763,14.8616295,5.3934016,5.6831965
-3.1939845,13.886645,5.3930016,5.6839967
-2.972533,12.911652,5.3926015,5.684996
-2.751122,11.936649,5.3922014,5.6859965
-2.529752,10.961637,5.3918014,5.6869965
-2.3084235,9.986615,5.3914013,5.687997
-2.0871372,9.011584,5.391001,5.688997
-1.8658929,8.036543,5.3908005,5.689997
-1.6446904,7.061493,5.3906007,5.6909976
-1.4235294,6.0864334,5.3904004,5.691998
-1.2024091,5.111365,5.3902006,5.692998
-0.9813293,4.1362867,5.3900003,5.6939983
-0.76028985,3.1611996,5.3896008,5.6949987
-0.53929305,2.1861026,5.3892,5.695999
-0.3183416,1.2109956,5.3888,5.6969995
-0.09743835,0.23587756,5.3884,5.6979995
