# x_m,y_m,w_tr_right_m,w_tr_left_m
0.893483,-0.131892,6.737,6.598
1.0029653,0.8619251,6.7364006,6.5976005
1.1124804,1.8557386,6.735801,6.597201
1.2220272,2.8495486,6.735202,6.5968013
1.3316046,3.8433554,6.7346025,6.5964017
1.4412118,4.8371587,6.734003,6.596002
1.5508476,5.830959,6.7336025,6.5958014
1.6605109,6.824756,6.733203,6.5956016
1.7702007,7.81855,6.7328033,6.595402
1.8799158,8.812342,6.7324038,6.595202
1.9896553,9.80613,6.732004,6.595002
2.0994177,10.799916,6.7316046,6.5948024
2.2092025,11.7937,6.731205,6.5946026
2.3190084,12.787482,6.7308054,6.594403
2.4288342,13.781261,6.730406,6.594203
2.5386791,14.775039,6.7300067,6.594003
2.648542,15.768813,6.72941,6.593607
2.758422,16.762587,6.728811,6.5932074
2.8683176,17.75636,6.7282114,6.592808
2.9782279,18.750128,6.727612,6.592408
3.088152,19.743896,6.7270126,6.5920086
3.1980882,20.737663,6.7266088,6.5918045
3.308036,21.73143,6.726209,6.5916047
3.4179945,22.725193,6.7258096,6.591405
3.5279622,23.718958,6.72541,6.591205
3.6379385,24.712719,6.7250104,6.5910053
3.7479222,25.706482,6.724611,6.5908055
3.857912,26.700243,6.724211,6.5906057
3.9679072,27.694004,6.7238116,6.590406
4.077906,28.687763,6.723412,6.590206
4.1879086,29.681522,6.7230124,6.5900064
4.2979126,30.675282,6.7224197,6.5898066
4.4079175,31.669043,6.7218204,6.589607
4.5179224,32.6628,6.7212205,6.589407
4.6279263,33.65656,6.720621,6.589207
4.7379274,34.650322,6.7200217,6.5890074
4.8479257,35.64408,6.719615,6.588615
4.9579196,36.63784,6.7192154,6.5882154
5.067908,37.631603,6.718816,6.5878158
5.1778893,38.625366,6.718416,6.587416
5.2878637,39.61913,6.7180166,6.5870166
5.397829,40.612892,6.7174253,6.5868087
5.507785,41.606655,6.716826,6.586609
5.6177297,42.60042,6.7162266,6.586409
5.7276626,43.59419,6.715627,6.5862093
5.837583,44.58796,6.715028,6.5860095
5.9474893,45.58173,6.7146187,6.585809
6.0573807,46.5755,6.714219,6.5856094
6.167256,47.569275,6.7138195,6.5854096
6.277114,48.56305,6.71342,6.58521
6.3869534,49.556828,6.7130203,6.58501
6.4967737,50.550606,6.7126207,6.584621
6.6065736,51.54439,6.712221,6.5842214
6.716352,52.538174,6.7118216,6.583822
6.826108,53.53196,6.711422,6.583422
6.9358406,54.52575,6.7110224,6.5830226
7.045549,55.519543,6.710434,6.5828114
7.155231,56.513336,6.7098346,6.5826116
7.264887,57.507137,6.709235,6.582412
7.374515,58.50094,6.708636,6.582212
7.484114,59.49474,6.7080364,6.582012
7.5936837,60.48855,6.7076244,6.5818124
7.703222,61.48236,6.707225,6.5816126
7.812728,62.476173,6.7068253,6.581413
7.922201,63.469994,6.7064257,6.581213
8.03164,64.46381,6.706026,6.581013
8.141044,65.45764,6.7056265,6.5808134
8.250411,66.45147,6.705227,6.5806136
8.35974,67.445305,6.7048273,6.580414
8.469032,68.43914,6.7044277,6.580214
8.578284,69.43298,6.704028,6.580014
8.687495,70.426834,6.7034426,6.5796285
8.796665,71.420685,6.702843,6.579229
8.905792,72.414536,6.702244,6.5788293
9.014875,73.4084,6.7016444,6.5784297
9.123915,74.40227,6.701045,6.57803
9.232907,75.39613,6.70063,6.577815
9.341853,76.390015,6.7002306,6.5776153
9.450751,77.383896,6.699831,6.5774155
9.5596,78.377785,6.6994314,6.5772157
9.668399,79.37167,6.699032,6.577016
9.777146,80.36557,6.698448,6.576816
9.885841,81.359474,6.697849,6.5766163
9.994484,82.353386,6.6972494,6.5764165
10.103071,83.3473,6.69665,6.5762167
10.211602,84.34122,6.6960506,6.576017
10.320077,85.33515,6.695634,6.575634
10.428494,86.32908,6.6952343,6.5752344
10.536854,87.32302,6.6948347,6.574835
10.645156,88.31697,6.694435,6.574435
10.753401,89.31092,6.6940355,6.5740356
10.861587,90.30488,6.693636,6.5738177
10.969716,91.29884,6.6932364,6.573618
11.077787,92.292816,6.6928368,6.573418
11.185802,93.2868,6.692437,6.5732183
11.293761,94.28078,6.6920376,6.5730186
11.401666,95.274765,6.691457,6.5728188
11.509514,96.26876,6.6908574,6.572619
11.617308,97.262764,6.690258,6.572419
11.725047,98.256775,6.6896586,6.5722194
11.832732,99.250786,6.689059,6.5720196
11.940364,100.244804,6.6886396,6.5716395
12.047942,101.23883,6.68824,6.57124
12.155468,102.232864,6.6878405,6.5708404
12.262941,103.2269,6.687441,6.570441
12.370362,104.22094,6.6870413,6.570041
12.477733,105.21499,6.6866417,6.569821
12.585051,106.20904,6.686242,6.569621
12.692318,107.2031,6.6858425,6.5694213
12.799535,108.19717,6.685443,6.5692215
12.906701,109.19123,6.6850433,6.5690217
13.013818,110.18531,6.6844654,6.568822
13.120886,111.17939,6.683866,6.568622
13.227904,112.17348,6.683266,6.5684223
13.334874,113.167564,6.682667,6.5682225
13.441796,114.16166,6.6820674,6.5680227
13.548671,115.15576,6.6816454,6.567823
13.655498,116.149864,6.681246,6.5676227
13.762278,117.14398,6.680846,6.567423
13.869011,118.13809,6.6804466,6.567223
13.975698,119.13222,6.680047,6.5670233
14.08234,120.12634,6.679471,6.5666475
14.188936,121.120476,6.6788716,6.5662475
14.295487,122.11461,6.6782722,6.565848
14.401994,123.10875,6.677673,6.5654483
14.508455,124.10289,6.6770735,6.5650487
14.614874,125.097046,6.676649,6.5648246
14.721249,126.0912,6.6762495,6.564625
14.82758,127.08536,6.67585,6.564425
14.933869,128.07951,6.6754503,6.564225
15.040116,129.07368,6.6750507,6.5640254
15.146321,130.06786,6.674651,6.5638256
15.252484,131.06204,6.6742516,6.563626
15.358606,132.05621,6.673852,6.563426
15.464688,133.0504,6.6734524,6.563226
15.570729,134.0446,6.673053,6.5630264
15.676731,135.03879,6.6775103,6.564388
15.782693,136.03299,6.682705,6.565986
15.888616,137.02719,6.6879,6.5675845
15.994499,138.0214,6.693095,6.569183
16.100346,139.01561,6.69829,6.5707817
16.206152,140.00983,6.7058997,6.573415
16.311922,141.00404,6.713892,6.5762124
16.417656,141.99826,6.7218843,6.5790095
16.523352,142.9925,6.7298765,6.5818067
16.629011,143.98672,6.737869,6.5846043
16.734634,144.98096,6.7460327,6.5872297
16.840221,145.9752,6.754225,6.5898275
16.945776,146.96944,6.7624164,6.592425
17.051292,147.96368,6.7706084,6.595022
17.156776,148.95793,6.7788005,6.5976195
17.262226,149.9522,6.786822,6.6003876
17.367643,150.94644,6.794814,6.603185
17.473024,151.9407,6.8028064,6.6059823
17.578375,152.93497,6.8107986,6.6087794
17.683693,153.92923,6.818791,6.6115766
17.788977,154.92351,6.8269525,6.6142044
17.894232,155.91779,6.8351445,6.6168017
17.999453,156.91206,6.843336,6.6193995
18.104645,157.90634,6.851528,6.621997
18.209805,158.90062,6.85972,6.624594
18.314936,159.89491,6.8677435,6.6271915
18.420036,160.8892,6.8757358,6.629789
18.525108,161.8835,6.8837276,6.6323867
18.630152,162.87779,6.89172,6.634984
18.735165,163.87209,6.899712,6.6375813
18.84015,164.8664,6.9078717,6.6403465
18.94511,165.8607,6.9160633,6.6431437
19.05004,166.85501,6.9242554,6.645941
19.154943,167.84932,6.9324474,6.648738
19.25982,168.84363,6.940639,6.6515355
19.364672,169.83795,6.9486647,6.6541657
19.469496,170.83226,6.9566565,6.6567636
19.574295,171.82658,6.9646487,6.659361
19.67907,172.8209,6.9726405,6.661958
19.783821,173.81523,6.980633,6.6645555
19.888546,174.80957,6.9886246,6.667319
19.993248,175.8039,6.996617,6.670116
20.097927,176.79823,7.0046086,6.672913
20.202583,177.79257,7.012601,6.67571
20.307215,178.78691,7.0205927,6.6785073
20.411825,179.78125,7.0287495,6.68114
20.516415,180.77559,7.036941,6.6837373
20.620981,181.76994,7.0451326,6.6863346
20.725527,182.7643,7.0533247,6.6889324
20.830051,183.75864,7.0615163,6.6915298
20.934557,184.75299,7.0695443,6.6942906
21.039042,185.74734,7.0775366,6.697088
21.143507,186.7417,7.0855284,6.699885
21.247953,187.73607,7.09352,6.702682
21.35238,188.73042,7.1015124,6.705479
21.456789,189.7248,7.109667,6.7081137
21.56118,190.71915,7.1178584,6.7107115
21.665554,191.71352,7.1260505,6.713309
21.76991,192.70789,7.134242,6.715906
21.87425,193.70226,7.1424336,6.7185035
21.978573,194.69662,7.1504636,6.721101
22.08288,195.69101,7.158456,6.723698
22.187172,196.68538,7.1664476,6.7262955
22.291449,197.67976,7.1744394,6.728893
22.39571,198.67413,7.182431,6.73149
22.499956,199.66852,7.1905837,6.734248
22.604189,200.6629,7.1987753,6.7370453
22.708408,201.65727,7.206967,6.7398424
22.812614,202.65166,7.2151585,6.7426395
22.916807,203.64604,7.22335,6.7454367
23.020988,204.64044,7.2313824,6.748074
23.125156,205.63483,7.239374,6.7506714
23.229313,206.62921,7.247366,6.7532687
23.333458,207.62361,7.2553577,6.755866
23.437592,208.618,7.2633495,6.7584634
23.541716,209.61238,7.2714996,6.7612195
23.64583,210.60678,7.279691,6.7640166
23.749935,211.60118,7.287883,6.7668138
23.854029,212.59557,7.2960744,6.769611
23.958115,213.58997,7.304266,6.772408
24.062193,214.58437,7.3123,6.7750473
24.166262,215.57877,7.320292,6.7776446
24.270323,216.57317,7.328284,6.780242
24.374376,217.56757,7.336275,6.7828393
24.478422,218.56197,7.344267,6.7854366
24.582464,219.55637,7.352415,6.7881904
24.686497,220.55077,7.3606067,6.7909875
24.790525,221.54517,7.3687983,6.7937846
24.894548,222.53958,7.37699,6.7965817
24.998566,223.53398,7.385181,6.799379
25.10258,224.52838,7.393217,6.8020205
25.206587,225.5228,7.401209,6.804618
25.310593,226.5172,7.4092007,6.807215
25.414595,227.5116,7.417192,6.8098125
25.518593,228.50601,7.425184,6.81241
25.622587,229.50041,7.43333,6.815007
25.726582,230.49481,7.441521,6.8176045
25.830572,231.48923,7.4497128,6.8202014
25.934563,232.48363,7.4579043,6.8227987
26.038551,233.47804,7.4660954,6.825396
26.14254,234.47244,7.4741335,6.828147
26.246529,235.46686,7.4821253,6.8309436
26.350515,236.46126,7.4901166,6.8337407
26.454504,237.45567,7.4981084,6.836538
26.558493,238.45007,7.5060997,6.839335
26.662483,239.44449,7.5142436,6.8419795
26.766476,240.43889,7.522435,6.844577
26.87047,241.43329,7.5306263,6.847174
26.974466,242.4277,7.538818,6.8497715
27.078465,243.4221,7.547009,6.852369
27.182467,244.41652,7.555049,6.8551173
27.286472,245.41092,7.5630407,6.8579144
27.390482,246.40532,7.571032,6.860711
27.494497,247.39972,7.579024,6.863508
27.598516,248.39413,7.587015,6.8663054
27.70254,249.38853,7.5950065,6.8689523
27.80657,250.38293,7.6029983,6.8715496
27.910604,251.37733,7.6109896,6.8741465
28.014647,252.37173,7.618981,6.876744
28.118696,253.36613,7.6269727,6.879341
28.222752,254.36053,7.6351132,6.882087
28.326815,255.35493,7.6433043,6.8848844
28.430885,256.34933,7.6514955,6.8876815
28.534966,257.34375,7.6596866,6.8904786
28.639053,258.33813,7.667878,6.8932753
28.743149,259.33252,7.675921,6.8959246
28.847256,260.32693,7.6839128,6.8985214
28.951372,261.32132,7.691904,6.9011188
29.055498,262.3157,7.6998954,6.903716
29.159636,263.3101,7.7078867,6.906313
29.263784,264.3045,7.716025,6.9089103
29.367945,265.2989,7.724216,6.9115076
29.472116,266.29327,7.732407,6.914105
29.5763,267.28766,7.740598,6.916702
29.680496,268.28204,7.74879,6.919299
29.784706,269.27643,7.756835,6.9220424
29.88893,270.2708,7.7648263,6.924839
29.993166,271.2652,7.7728176,6.927636
30.097416,272.25955,7.780809,6.9304333
30.201681,273.25394,7.7888002,6.93323
30.305962,274.24832,7.796936,6.935882
30.410255,275.2427,7.805127,6.9384794
30.514566,276.23706,7.8133183,6.9410763
30.618895,277.23145,7.8215094,6.9436736
30.723238,278.2258,7.8297005,6.946271
30.827599,279.22018,7.8377476,6.949012
30.931976,280.21454,7.845739,6.9518085
31.036373,281.2089,7.85373,6.9546056
31.140787,282.20328,7.8617215,6.9574027
31.245218,283.19763,7.8697124,6.9601994
31.34967,284.192,7.8778462,6.962854
31.45414,285.18634,7.8860373,6.965451
31.55863,286.1807,7.8942285,6.968048
31.66314,287.17505,7.902419,6.970645
31.76767,288.1694,7.91061,6.9732423
31.872221,289.16376,7.9186597,6.9759808
31.976793,290.1581,7.926651,6.978778
32.081387,291.15244,7.934642,6.9815745
32.186005,292.1468,7.942633,6.9843717
32.29064,293.1411,7.9506245,6.9871683
32.3953,294.13547,7.958756,6.989825
32.49999,295.1298,7.9669466,6.992422
32.604694,296.1241,7.9751377,6.9950194
32.709427,297.11844,7.9833283,6.9976163
32.814182,298.11276,7.9915195,7.0002136
32.918964,299.1071,7.999571,7.0028105
33.02377,300.1014,8.007562,7.005408
33.1286,301.09573,8.015553,7.0080047
33.23346,302.09006,8.023544,7.010602
33.338345,303.08438,8.031535,7.013199
33.443253,304.07867,8.039664,7.015934
33.54819,305.073,8.047855,7.018731
33.653156,306.0673,8.056046,7.021528
33.75815,307.06158,8.064237,7.024325
33.86317,308.05588,8.072428,7.0271215
33.96822,309.0502,8.080482,7.0297813
34.0733,310.04446,8.088472,7.0323787
34.17841,311.03876,8.096463,7.0349755
34.283546,312.03305,8.104454,7.0375724
34.388714,313.02734,8.112445,7.0401697
34.49391,314.0216,8.120436,7.0429025
34.59914,315.0159,8.1284275,7.0456996
34.7044,316.01016,8.136418,7.0484962
34.809692,317.00443,8.144409,7.051293
34.91502,317.9987,8.1524,7.05409
35.020382,318.99295,8.160525,7.056752
35.12578,319.9872,8.168716,7.059349
35.23121,320.98148,8.176907,7.061946
35.336666,321.97574,8.185098,7.0645432
35.44215,322.96997,8.193288,7.06714
35.547657,323.96423,8.201345,7.069871
35.653194,324.95847,8.209336,7.0726676
35.758774,325.9527,8.217327,7.0754642
35.86441,326.94693,8.225318,7.0782614
35.970108,327.94116,8.233309,7.081058
36.075886,328.9354,8.241432,7.083722
36.181717,329.9296,8.249622,7.0863194
36.287556,330.92383,8.2578125,7.0889163
36.393364,331.91803,8.266004,7.091513
36.4991,332.91226,8.274194,7.0941105
36.60473,333.9065,8.282253,7.0967073
36.710335,334.90073,8.290244,7.099304
36.816074,335.89496,8.298235,7.1019015
36.92211,336.88913,8.306226,7.1044984
37.028603,337.88327,8.314217,7.1070952
37.13562,338.87735,8.322342,7.109824
37.242077,339.87152,8.330541,7.1126237
37.346115,340.8659,8.338739,7.115423
37.44586,341.86075,8.346938,7.1182227
37.539436,342.8562,8.355136,7.121022
37.62495,343.85236,8.363241,7.1237035
37.700314,344.84933,8.371297,7.126322
37.763294,345.84717,8.379353,7.1289396
37.81166,346.84583,8.387407,7.1315575
37.843178,347.84512,8.395461,7.134175
37.8556,348.84488,8.363528,7.1532087
37.84641,349.84464,8.31319,7.1797986
37.812897,350.84387,8.262847,7.2063913
37.752335,351.84186,8.212491,7.2329907
37.662006,352.83755,8.162128,7.2595935
37.539482,353.8298,8.022096,7.327652
37.384586,354.8175,7.8536606,7.4088397
37.19823,355.79977,7.6852636,7.49001
36.98131,356.77576,7.5168815,7.571172
36.734695,357.74466,7.3484807,7.6523438
36.459297,358.70578,7.3442016,7.6923556
36.156673,359.65866,7.3791456,7.7225347
35.828663,360.60315,7.4140887,7.752713
35.477077,361.5391,7.4490294,7.782889
35.103683,362.46655,7.4839687,7.8130636
34.710213,363.38568,7.6276937,7.8928447
34.298462,364.29678,7.803902,7.9874387
33.870247,365.20026,7.980125,8.082041
33.427334,366.09662,8.156375,8.176657
32.97146,366.98648,8.332679,8.271302
32.50411,367.87033,8.517548,8.387183
32.024593,368.74768,8.706345,8.512783
31.530966,369.61713,8.895095,8.638351
31.021349,370.4773,9.0836735,8.763806
30.49398,371.32672,9.271932,8.889048
29.946962,372.1636,9.432676,8.99113
29.375044,372.98367,9.578601,9.080726
28.770817,373.78018,9.724745,9.170456
28.12725,374.54517,9.871288,9.260431
27.43813,375.26935,10.0181875,9.350626
26.699656,375.94305,10.062236,9.379514
25.917278,376.5653,10.074314,9.38934
25.099678,377.14063,10.086359,9.399139
24.254261,377.6743,10.098379,9.408918
23.387175,378.17203,10.110399,9.418697
22.503466,378.6396,10.047018,9.383652
21.606928,379.0821,9.971924,9.341646
20.700815,379.50467,9.896752,9.299598
19.788067,379.91278,9.821553,9.257534
18.871386,380.31195,9.746358,9.215472
17.953074,380.70737,9.671104,9.173215
17.033787,381.10052,9.595852,9.130922
16.113508,381.49136,9.52061,9.088635
15.192221,381.87982,9.445373,9.046352
14.269901,382.2658,9.370136,9.004068
13.346566,382.64935,9.294652,8.9618025
12.422485,383.0311,9.219097,8.91954
11.498048,383.412,9.143539,8.877275
10.573639,383.79294,9.067982,8.835011
9.649644,384.1749,8.992423,8.792746
8.726443,384.55878,8.916712,8.750396
7.80434,384.94528,8.840956,8.70802
6.8836055,385.33502,8.7652,8.665645
5.9645157,385.72864,8.689443,8.623269
5.0473566,386.12674,8.613686,8.580893
4.1323943,386.52985,8.5378685,8.53833
3.219684,386.93802,8.462034,8.49571
2.3091707,387.3511,8.386201,8.453092
1.4007967,387.76883,8.310368,8.410473
0.49450085,388.19107,8.234534,8.367854
-0.40977943,388.6176,8.158694,8.325386
-1.3121017,389.04828,8.082852,8.282963
-2.212522,389.4829,8.00701,8.240539
-3.1110988,389.92133,7.931169,8.198115
-4.007892,390.3634,7.8553267,8.155692
-4.9029636,390.80893,7.8159294,8.130412
-5.796381,391.25778,7.7873235,8.110208
-6.6882124,391.70978,7.7587175,8.090003
-7.578529,392.16473,7.7301116,8.069799
-8.467404,392.6225,7.7015057,8.049595
-9.354912,393.08295,7.6906753,8.037741
-10.241126,393.54584,7.6850767,8.028343
-11.126125,394.01108,7.6794786,8.018947
-12.009986,394.47845,7.6738806,8.009549
-12.892787,394.94785,7.6682825,8.000153
-13.774609,395.41907,7.662687,7.990914
-14.655529,395.89197,7.6570916,7.981722
-15.535627,396.3664,7.6514964,7.9725294
-16.414984,396.8422,7.645901,7.9633374
-17.293678,397.3192,7.640306,7.9541454
-18.171793,397.7973,7.6347127,7.9449563
-19.049416,398.2763,7.6291194,7.9357677
-19.926641,398.75604,7.6235266,7.9265795
-20.80356,399.23633,7.6179338,7.917391
-21.68027,399.71698,7.6123405,7.9082026
-22.556854,400.19788,7.6069,7.898864
-23.433365,400.6789,7.601508,7.8894773
-24.309824,401.16003,7.596116,7.8800907
-25.186256,401.6412,7.5907235,7.870704
-26.06269,402.12238,7.5853314,7.8613176
-26.939148,402.6035,7.579789,7.8520823
-27.815632,403.08456,7.5741973,7.842896
-28.69214,403.56558,7.568606,7.8337097
-29.568668,404.0466,7.563014,7.8245234
-30.445208,404.52756,7.5574226,7.815337
-31.321758,405.0085,7.551831,7.8061504
-32.19832,405.48947,7.546239,7.796964
-33.074886,405.9704,7.540647,7.7877774
-33.951473,406.45126,7.5350556,7.778591
-34.828075,406.93213,7.529464,7.7694044
-35.7047,407.41296,7.5238714,7.76007
-36.581345,407.89374,7.518279,7.750683
-37.458008,408.37448,7.5126867,7.7412953
-38.334698,408.8552,7.5070944,7.7319083
-39.211407,409.33585,7.501502,7.7225213
-40.088142,409.81647,7.4959087,7.713279
-40.964897,410.29706,7.4903154,7.70409
-41.841682,410.7776,7.484722,7.694901
-42.71849,411.2581,7.479129,7.685712
-43.59533,411.7385,7.4735355,7.6765227
-44.472195,412.21887,7.4679413,7.667332
-45.349087,412.69922,7.4623466,7.6581407
-46.226013,413.17947,7.456752,7.648949
-47.10297,413.6597,7.451157,7.639758
-47.97996,414.13986,7.4455624,7.6305666
-48.856987,414.61993,7.439966,7.621229
-49.73405,415.09995,7.4343696,7.611835
-50.611145,415.57993,7.428773,7.602441
-51.488274,416.0598,7.423177,7.5930467
-52.36544,416.53964,7.41758,7.583652
-53.24264,417.0194,7.411982,7.5743995
-54.119877,417.4991,7.406384,7.565202
-54.99714,417.9788,7.400786,7.556005
-55.87443,418.45837,7.3951874,7.5468082
-56.751747,418.93793,7.3895893,7.537611
-57.629086,419.41745,7.3839903,7.52827
-58.506443,419.89694,7.3783917,7.5188713
-59.383816,420.3764,7.3727927,7.5094733
-60.2612,420.85583,7.3671937,7.500075
-61.1386,421.33524,7.3615947,7.490677
-62.016006,421.81464,7.355996,7.481422
-62.893417,422.294,7.3503976,7.4722247
-63.770832,422.77338,7.344799,7.463027
-64.648254,423.25275,7.3392005,7.4538293
-65.525665,423.73212,7.333602,7.444632
-66.403076,424.21152,7.3281474,7.4354362
-67.28048,424.69092,7.32275,7.426241
-68.157875,425.17032,7.3173532,7.417046
-69.03526,425.64975,7.311956,7.407851
-69.91263,426.1292,7.306559,7.398656
-70.789986,426.6087,7.3010216,7.3893223
-71.66731,427.08823,7.2954273,7.3799314
-72.544624,427.5678,7.289833,7.370541
-73.42191,428.04742,7.284239,7.3611507
-74.29917,428.52707,7.2786446,7.3517604
-75.1764,429.0068,7.2730527,7.342515
-76.0536,429.48657,7.2674623,7.3333306
-76.930756,429.9664,7.261872,7.3241463
-77.80788,430.44632,7.256281,7.314962
-78.68496,430.9263,7.2506905,7.305777
-79.562,431.40637,7.245103,7.296598
-80.438995,431.8865,7.2395167,7.2874203
-81.315956,432.3667,7.2339306,7.278243
-82.1929,432.84695,7.2283444,7.2690654
-83.06984,433.3272,7.222758,7.259888
-83.94677,433.80746,7.217173,7.250576
-84.82371,434.28772,7.211589,7.2412024
-85.70067,434.7679,7.206004,7.2318287
-86.57766,435.24808,7.20042,7.2224545
-87.4547,435.72815,7.194835,7.213081
-88.33178,436.20813,7.18925,7.2038393
-89.20893,436.688,7.183664,7.194662
-90.08615,437.16772,7.1780777,7.185485
-90.963455,437.6473,7.1724916,7.1763077
-91.84085,438.1267,7.1669054,7.1671305
-92.71835,438.60593,7.155,7.160053
-93.59596,439.08493,7.139824,7.154062
-94.47371,439.56372,7.124647,7.1480713
-95.351585,440.04224,7.109471,7.142081
-96.22962,440.52048,7.0942945,7.13609
-97.10781,440.99844,7.078451,7.1303535
-97.98618,441.47607,7.062251,7.1247535
-98.86472,441.95337,7.0460505,7.1191535
-99.74345,442.43036,7.0298505,7.113553
-100.622345,442.90698,7.01365,7.107953
-101.50144,443.38327,6.9974265,7.102345
-102.38075,443.85916,6.98119,7.0967326
-103.2603,444.33463,6.9649544,7.09112
-104.14014,444.80954,6.948718,7.0855074
-105.020294,445.28387,6.9324822,7.079895
-105.90079,445.75757,6.9162183,7.074273
-106.78158,446.2307,6.8999395,7.068646
-107.66257,446.7035,6.883661,7.0630183
-108.54363,447.17612,6.8673816,7.057391
-109.42468,447.64877,6.8511024,7.051764
-110.30561,448.12167,6.8348374,7.046141
-111.18627,448.59506,6.8185787,7.040521
-112.06653,449.06918,6.8023205,7.034901
-112.946205,449.5444,6.786063,7.029281
-113.825165,450.02094,6.7698073,7.0236616
-114.703224,450.49915,6.7536645,7.0180817
-115.58009,450.97952,6.737569,7.0125175
-116.45539,451.46274,6.721472,7.0069532
-117.32873,451.94952,6.7053714,7.0013876
-118.199715,452.44046,6.6892667,6.9958205
-119.068,452.9362,6.673348,6.990318
-119.9339,453.43607,6.6575203,6.9848466
-120.79814,453.93878,6.6416965,6.9793763
-121.66149,454.44305,6.625882,6.97391
-122.52471,454.94754,6.610084,6.9684486
-123.38875,455.45062,6.740757,7.0485015
-124.25766,455.94525,6.9906387,7.198154
-125.13793,456.41928,7.2405877,7.3479424
-126.035355,456.8599,7.490524,7.4979343
-126.95432,457.25342,7.740445,7.647961
-127.896996,457.58603,7.9903536,7.7971973
-128.86154,457.84845,8.240255,7.945534
-129.84349,458.0354,8.490151,8.09373
-130.83745,458.141,8.740039,8.242046
-131.83679,458.15866,8.989914,8.390553
-132.83337,458.08273,9.239783,8.4660425
-133.81883,457.9157,9.203235,8.515061
-134.78624,457.66418,9.114735,8.564019
-135.72987,457.33444,9.02624,8.612973
-136.64485,456.93192,8.937559,8.662031
-137.52733,456.46237,8.897478,8.621581
-138.37767,455.93674,8.859393,8.577347
-139.19933,455.36722,8.82135,8.533161
-139.99742,454.76505,8.78336,8.4890375
-140.77826,454.14056,8.745379,8.444925
-141.5481,453.5026,8.708083,8.401784
-142.31026,452.8555,8.670805,8.358681
-143.06711,452.20218,8.6334915,8.3155365
-143.82114,451.54562,8.596161,8.272373
-144.57484,450.88867,8.558829,8.229209
-145.3306,450.23407,8.5208,8.185084
-146.08942,449.58304,8.482563,8.140675
-146.85165,448.936,8.444336,8.096276
-147.61766,448.29343,8.406114,8.051882
-148.38776,447.65576,8.367891,8.007488
-149.16222,447.0234,8.329146,7.9626613
-149.9406,446.3959,8.290217,7.9176817
-150.72215,445.77234,8.251287,7.8727
-151.5061,445.1518,8.212357,7.827718
-152.29169,444.53333,8.173426,7.7827353
-153.07816,443.91595,8.157075,7.7579417
-153.86453,443.2985,8.14696,7.7387247
-154.6498,442.6796,8.136847,7.7195077
-155.43286,442.05792,8.126732,7.7002907
-156.21266,441.4322,8.116618,7.6810746
-156.98816,440.8011,8.11821,7.672425
-157.75838,440.1636,8.122031,7.665788
-158.52246,439.51877,8.125853,7.659151
-159.27948,438.86563,8.129674,7.652514
-160.02846,438.2033,8.133495,7.645877
-160.76851,437.531,8.137449,7.6394815
-161.49928,436.84866,8.141422,7.633124
-162.22063,436.15634,8.145396,7.626766
-162.93237,435.45416,8.149369,7.6204085
-163.63438,434.74225,8.153343,7.614051
-164.32648,434.0207,8.15713,7.607563
-165.0084,433.2895,8.160881,7.601049
-165.67986,432.5487,8.164632,7.594535
-166.34053,431.79825,8.168382,7.588021
-166.99013,431.0382,8.1721325,7.5815067
-167.6283,430.26855,8.160702,7.543258
-168.2547,429.4893,8.144705,7.495463
-168.86899,428.70044,8.128707,7.447668
-169.47075,427.90198,8.11271,7.399873
-170.05963,427.094,8.096712,7.3520784
-170.63521,426.27646,8.047285,7.3579044
-171.19704,425.44943,7.9838986,7.3861203
-171.74463,424.6129,7.9205117,7.4143367
-172.2775,423.7669,7.857124,7.442553
-172.7951,422.9115,7.7937365,7.4707694
-173.29694,422.04675,7.7245293,7.437875
-173.78244,421.17273,7.652493,7.37527
-174.25105,420.28955,7.580457,7.312665
-174.70221,419.3973,7.5084224,7.2500606
-175.13531,418.4962,7.4363904,7.187459
-175.54977,417.5863,7.3646545,7.1161385
-175.94485,416.66788,7.2930527,7.0408854
-176.31973,415.741,7.221449,6.9656305
-176.6736,414.8059,7.149841,6.890371
-177.00557,413.86282,7.078229,6.8151073
-177.3149,412.91208,7.0347486,6.7146726
-177.60149,411.95422,7.0001817,6.6062684
-177.86565,410.98993,6.965617,6.4978704
-178.10768,410.01987,6.931053,6.389474
-178.3279,409.04462,6.896487,6.2810726
-178.52666,408.06476,6.806131,6.154997
-178.70474,407.08093,6.707448,6.02628
-178.86305,406.09372,6.6087666,5.897565
-179.00255,405.1037,6.5100865,5.768852
-179.12415,404.1113,6.411404,5.640136
-179.22878,403.11697,6.377381,5.632455
-179.31732,402.12106,6.3449707,5.6277957
-179.39064,401.12393,6.3125606,5.623137
-179.4496,400.12585,6.2801504,5.618478
-179.49509,399.12708,6.2487426,5.6140547
-179.52797,398.1278,6.2421308,5.615457
-179.54907,397.1282,6.235518,5.61686
-179.55927,396.12842,6.2289057,5.6182623
-179.5594,395.1286,6.2222934,5.619665
-179.55034,394.1288,6.2156935,5.6210766
-179.53288,393.12912,6.209341,5.622665
-179.50784,392.1296,6.202988,5.624253
-179.47595,391.1303,6.1966357,5.625841
-179.43796,390.1312,6.190283,5.6274295
-179.39465,389.1323,6.1839285,5.6290174
-179.34679,388.1336,6.177412,5.630597
-179.29512,387.13513,6.1708956,5.632177
-179.24046,386.13678,6.1643786,5.6337566
-179.1836,385.13858,6.157862,5.6353364
-179.1253,384.14044,6.1513457,5.636916
-179.06633,383.14236,6.1450167,5.638309
-179.00722,382.1443,6.1386986,5.639691
-178.94846,381.14618,6.13238,5.641073
-178.89056,380.14804,6.1260614,5.642455
-178.83403,379.1498,6.1197433,5.6438375
-178.77927,378.1515,6.113232,5.645398
-178.7263,377.15305,6.106695,5.646983
-178.67502,376.15454,6.100158,5.6485677
-178.62529,375.15594,6.0936217,5.650152
-178.57703,374.1573,6.087085,5.651737
-178.53009,373.15854,6.080697,5.65316
-178.48445,372.15976,6.074339,5.654551
-178.44008,371.16092,6.067981,5.655942
-178.39699,370.16202,6.0616226,5.6573324
-178.35513,369.16306,6.0552645,5.6587234
-178.3145,368.16406,6.048733,5.660277
-178.27507,367.165,6.042159,5.6618705
-178.23677,366.16592,6.0355854,5.663464
-178.19957,365.16678,6.0290112,5.6650577
-178.16344,364.1676,6.022437,5.6666517
-178.12831,363.1684,6.016008,5.668092
-178.09415,362.16916,6.009619,5.6694894
-178.06091,361.16986,6.0032306,5.670887
-178.02858,360.17056,5.996842,5.6722846
-177.9971,359.17123,5.9904532,5.673682
-177.96643,358.17188,5.983901,5.675236
-177.93652,357.1725,5.977301,5.676836
-177.90736,356.1731,5.9707007,5.6784363
-177.87889,355.17368,5.964101,5.680036
-177.85107,354.17422,5.957501,5.6816363
-177.82387,353.17477,5.950894,5.683083
-177.79723,352.1753,5.944285,5.684485
-177.7711,351.1758,5.9376755,5.685887
-177.74547,350.1763,5.9310665,5.6872888
-177.72029,349.1768,5.9244576,5.6886907
-177.6955,348.17728,5.9179997,5.69025
-177.67108,347.17773,5.911585,5.691854
-177.64697,346.1782,5.90517,5.6934576
-177.62314,345.17865,5.8987546,5.695061
-177.59955,344.1791,5.8923397,5.6966653
-177.57616,343.17953,5.885763,5.6982694
-177.5529,342.18,5.8791437,5.6998744
-177.52977,341.18042,5.8725247,5.701479
-177.5067,340.18085,5.8659053,5.7030835
-177.48366,339.1813,5.8592863,5.704688
-177.4606,338.18173,5.8528275,5.7061315
-177.43747,337.18216,5.8464074,5.7075357
-177.41426,336.18262,5.8399878,5.70894
-177.3909,335.18304,5.8335676,5.7103443
-177.36736,334.1835,5.827148,5.711749
-177.34358,333.18396,5.8205643,5.713318
-177.31955,332.18442,5.8139453,5.7149224
-177.2952,331.18488,5.8073263,5.716527
-177.2705,330.18536,5.800707,5.7181315
-177.24539,329.18585,5.794088,5.719736
-177.21986,328.18634,5.7876396,5.721173
-177.19385,327.18686,5.781225,5.7225757
-177.16731,326.18738,5.7748103,5.723979
-177.14023,325.1879,5.7683954,5.7253823
-177.11255,324.18845,5.761981,5.7267857
-177.08423,323.18903,5.755402,5.7283573
-177.05524,322.18964,5.7487936,5.729959
-177.0255,321.19025,5.742185,5.731561
-176.99498,320.19086,5.735576,5.7331634
-176.96362,319.19153,5.7289677,5.7347655
-176.93138,318.19223,5.722538,5.7361946
-176.89825,317.19293,5.7161384,5.7375946
-176.86426,316.1937,5.709739,5.7389946
-176.8294,315.19446,5.7033396,5.7403946
-176.79375,314.19528,5.6969404,5.741794
-176.75728,313.1961,5.6903787,5.743363
-176.72006,312.197,5.683789,5.7449603
-176.68219,311.19788,5.677199,5.7465577
-176.64374,310.19876,5.670609,5.7481556
-176.60477,309.1997,5.664019,5.749753
-176.56537,308.20065,5.657604,5.751349
-176.52562,307.2016,5.6512213,5.7529445
-176.48555,306.20258,5.644839,5.7545404
-176.44525,305.20358,5.638456,5.756136
-176.40477,304.20456,5.632073,5.757732
-176.3642,303.20557,5.625529,5.7591605
-176.32356,302.20654,5.6189523,5.7605557
-176.28296,301.20755,5.6123757,5.7619505
-176.24245,300.20853,5.605799,5.7633457
-176.20209,299.20953,5.5992227,5.7647405
-176.16196,298.2105,5.592811,5.7662973
-176.1221,297.21146,5.586437,5.7678905
-176.08261,296.2124,5.5800633,5.769484
-176.04353,295.21335,5.5736895,5.7710776
-176.00496,294.21426,5.567316,5.772671
-175.96693,293.21515,5.5607853,5.774106
-175.92952,292.21603,5.554214,5.7755
-175.89279,291.2169,5.5476427,5.776894
-175.85681,290.21768,5.5410714,5.778288
-175.82164,289.21848,5.5345,5.7796817
-175.78732,288.21924,5.5280824,5.7812295
-175.75395,287.21997,5.5217104,5.7828226
-175.7216,286.22067,5.515338,5.7844157
-175.69037,285.2213,5.5089655,5.786009
-175.66034,284.22195,5.502593,5.7876015
-175.63159,283.22253,5.4960694,5.789046
-175.60432,282.22308,5.4894953,5.7904406
-175.5788,281.22357,5.4829206,5.791835
-175.55522,280.22403,5.4763465,5.7932296
-175.53386,279.22443,5.4697723,5.794624
-175.51494,278.22476,5.4633384,5.7961655
-175.49869,277.22507,5.456956,5.797761
-175.48535,276.22534,5.4505734,5.7993565
-175.47516,275.22556,5.444191,5.8009524
-175.46832,274.22574,5.4378085,5.802548
-175.46509,273.22592,5.4324207,5.801282
-175.46567,272.2261,5.427426,5.7988844
-175.47034,271.2263,5.4224315,5.796487
-175.4793,270.2265,5.4174366,5.7940893
-175.4928,269.22675,5.4124417,5.7916923
-175.51106,268.22708,5.4159837,5.7692137
-175.53435,267.22754,5.42299,5.7385864
-175.5629,266.22812,5.4299965,5.707959
-175.59694,265.22885,5.4370027,5.6773314
-175.6367,264.22983,5.444009,5.646704
-175.68246,263.23105,5.4477224,5.6190524
-175.73442,262.23257,5.450129,5.592582
-175.79282,261.23444,5.452535,5.566112
-175.8579,260.23676,5.4549417,5.539642
-175.92987,259.2395,5.457348,5.5131717
-176.00899,258.24283,5.441901,5.502195
-176.09549,257.24673,5.41982,5.4969754
-176.18962,256.25134,5.397738,5.4917564
-176.29167,255.25674,5.3756566,5.486537
-176.40189,254.26302,5.3535748,5.4813175
-176.5205,253.27025,5.3316464,5.476099
-176.6476,252.27853,5.3097696,5.470881
-176.78317,251.28793,5.2878933,5.4656625
-176.92725,250.29855,5.2660165,5.4604445
-177.07979,249.31042,5.24414,5.455226
-177.24083,248.32365,5.253113,5.440961
-177.4103,247.33829,5.27156,5.4239173
-177.58812,246.3544,5.290007,5.4068737
-177.77422,245.37206,5.3084545,5.38983
-177.96854,244.3913,5.3269014,5.3727865
-178.17097,243.41217,5.3356733,5.369156
-178.3815,242.43477,5.341682,5.369356
-178.60005,241.4591,5.34769,5.3695564
-178.82655,240.48528,5.3536983,5.3697567
-179.06097,239.51332,5.359707,5.369957
-179.30324,238.54329,5.3387103,5.399353
-179.5533,237.57524,5.310307,5.4367576
-179.81111,236.60922,5.2819037,5.4741616
-180.07658,235.6453,5.253501,5.511566
-180.34969,234.68349,5.2250977,5.54897
-180.63036,233.72386,5.196722,5.586338
-180.91852,232.76645,5.168354,5.6236954
-181.21414,231.81133,5.1399865,5.661053
-181.51715,230.85852,5.1116185,5.698411
-181.8275,229.90808,5.0832505,5.7357683
-182.14514,228.96005,5.0883574,5.722374
-182.47,228.01448,5.102925,5.6946363
-182.80205,227.0714,5.117492,5.6668987
-183.14122,226.13086,5.132059,5.639161
-183.48746,225.1929,5.1466265,5.6114235
-183.84073,224.25755,5.1633286,5.5801806
-184.20096,223.32487,5.1806746,5.547882
-184.5681,222.3949,5.1980205,5.515583
-184.94212,221.46767,5.215366,5.483284
-185.32295,220.54321,5.232712,5.450985
-185.71057,219.62158,5.25005,5.41885
-186.1049,218.70279,5.267386,5.386768
-186.5059,217.78691,5.2847223,5.3546863
-186.91354,216.87395,5.302058,5.3226047
-187.32776,215.96396,5.319394,5.290523
-187.7485,215.05698,5.3245854,5.265029
-188.17575,214.15303,5.325382,5.241918
-188.60945,213.25217,5.326179,5.2188067
-189.04956,212.35442,5.326976,5.195696
-189.49602,211.45981,5.327773,5.172585
-189.9488,210.56837,5.3254347,5.151749
-190.40787,209.68016,5.3218474,5.1318197
-190.87317,208.79521,5.31826,5.1118903
-191.34468,207.91354,5.314673,5.091961
-191.82234,207.0352,5.3110857,5.072032
-192.30614,206.16022,5.3013763,5.0864463
-192.79602,205.28862,5.28901,5.115767
-193.29195,204.42046,5.2766433,5.1450872
-193.79388,203.55576,5.264277,5.174408
-194.30177,202.69453,5.2519107,5.203728
-194.8156,201.83684,5.240488,5.2299356
-195.33531,200.9827,5.2295027,5.254703
-195.8609,200.13217,5.218517,5.279471
-196.39238,199.2853,5.2075315,5.3042383
-196.9297,198.44212,5.1965456,5.329006
-197.47285,197.60269,5.1896114,5.3406596
-198.02177,196.76703,5.184608,5.3460636
-198.57634,195.93509,5.1796045,5.351467
-199.13647,195.10689,5.174601,5.356871
-199.70204,194.28241,5.169597,5.3622746
-200.27295,193.46161,5.164588,5.367821
-200.849,192.6444,5.159576,5.3734345
-201.42989,191.83063,5.154564,5.3790483
-202.01538,191.02016,5.1495523,5.3846617
-202.60518,190.21283,5.1445403,5.390275
-203.19905,189.40848,5.136332,5.400891
-203.79675,188.60696,5.1267056,5.4137263
-204.39803,187.80814,5.117079,5.4265614
-205.00267,187.01186,5.1074524,5.439397
-205.61043,186.21796,5.097826,5.452232
-206.22108,185.42628,5.086221,5.470443
-206.83443,184.63667,5.0737944,5.490887
-207.4502,183.84897,5.061367,5.5113316
-208.06819,183.06299,5.04894,5.531776
-208.68816,182.27858,5.036513,5.5522203
-209.30988,181.49556,5.0683284,5.5567074
-209.93314,180.71376,5.1175795,5.5549054
-210.5577,179.93301,5.166831,5.553104
-211.18335,179.15314,5.216082,5.551302
-211.80988,178.37395,5.2653337,5.5495
-212.43704,177.59529,5.309622,5.571822
-213.06465,176.81697,5.352004,5.603409
-213.69247,176.03883,5.3943863,5.6349955
-214.3203,175.2607,5.436768,5.666582
-214.9479,174.48239,5.4791503,5.6981688
-215.57509,173.70374,5.5183167,5.7450995
-216.20161,172.92456,5.5562353,5.7979865
-216.82727,172.14467,5.5941544,5.850873
-217.45183,171.36392,5.632073,5.90376
-218.07507,170.58209,5.669992,5.9566464
-218.69678,169.79907,5.7078633,6.0094676
-219.31708,169.01492,5.7457156,6.062261
-219.93625,168.22989,5.7835674,6.1150546
-220.5546,167.4442,5.8214197,6.167848
-221.1724,166.65808,5.8592715,6.2206416
-221.78995,165.87177,5.897105,6.27341
-222.40756,165.0855,5.934931,6.3261666
-223.02551,164.2995,5.9727564,6.3789234
-223.64412,163.51402,6.010582,6.43168
-224.26369,162.7293,6.0484076,6.484437
-224.8845,161.94556,6.08625,6.537084
-225.50688,161.16306,6.1241007,6.589677
-226.13112,160.38203,6.1619515,6.6422696
-226.75752,159.60275,6.199803,6.694863
-227.38638,158.82545,6.2376537,6.7474556
-228.01799,158.05038,6.2755485,6.8002386
-228.65263,157.27782,6.313467,6.8531256
-229.2906,156.50797,6.351386,6.906012
-229.93216,155.74112,6.3893046,6.9588985
-230.57759,154.97752,6.4272227,7.0117846
-231.22716,154.21745,6.465198,7.0647497
-231.88118,153.4612,6.503206,7.1177607
-232.53998,152.7091,6.541214,7.1707716
-233.20386,151.9615,6.579222,7.223784
-233.87315,151.21873,6.6172314,7.2767963
-234.54817,150.48117,6.655293,7.329882
-235.22906,149.74902,6.6933837,7.383009
-235.9159,149.02245,6.731474,7.436135
-236.60875,148.3016,6.769563,7.4892592
-237.30768,147.58667,6.8076506,7.542381
-238.0128,146.87782,6.831431,7.5981603
-238.72485,146.17593,6.8474913,7.6553745
-239.44496,145.48233,6.863552,7.7125916
-240.17422,144.79836,6.8796134,7.769811
-240.9137,144.12543,6.8956747,7.8270288
-241.6644,143.46507,6.9130583,7.8340774
-242.42773,142.81937,6.9310975,7.8162403
-243.20528,142.19084,6.9491367,7.798404
-243.99844,141.58217,6.967173,7.78057
-244.80847,140.99612,6.9852014,7.762745
-245.63638,140.43564,7.006518,7.690578
-246.4832,139.90417,7.0290246,7.5987096
-247.34985,139.40575,7.051539,7.506809
-248.23691,138.94461,7.0740685,7.414848
-249.14449,138.52536,7.096609,7.322841
-250.0719,138.15205,7.0976105,7.2897115
-251.01645,137.8245,7.094799,7.267021
-251.97507,137.54065,7.09199,7.244346
-252.94507,137.29846,7.0891814,7.221677
-253.92409,137.09583,7.0863714,7.1989965
-254.90997,136.92975,7.0726085,7.206713
-255.90015,136.79124,7.057172,7.219063
-256.89246,136.66893,7.041733,7.231414
-257.88535,136.55135,7.026291,7.2437673
-258.8774,136.42693,7.010842,7.256127
-259.8671,136.28513,6.995219,7.2686243
-260.8541,136.12552,6.9795218,7.2811823
-261.83908,135.95392,6.9638324,7.293734
-262.823,135.7762,6.948154,7.306277
-263.80685,135.5982,6.93249,7.318808
-264.79172,135.42578,6.9165134,7.331589
-265.77872,135.26619,6.900309,7.3445525
-266.7689,135.12782,6.884092,7.3575263
-267.7628,135.01932,6.867852,7.370518
-268.76007,134.94946,6.8515935,7.3835254
-269.75955,134.92647,6.8706846,7.4012814
-270.759,134.95056,6.9082727,7.4215055
-271.7566,135.01675,6.945809,7.4417014
-272.751,135.12003,6.9833064,7.461877
-273.74158,135.25554,7.0207977,7.482049
-274.72797,135.41872,7.0611033,7.501948
-275.71008,135.60611,7.1023536,7.521772
-276.68787,135.81471,7.1436253,7.5416064
-277.66162,136.04153,7.184906,7.561445
-278.6317,136.2836,7.2261887,7.581285
-279.59863,136.53795,7.268608,7.598681
-280.56305,136.80168,7.3113804,7.6153145
-281.52567,137.07196,7.3541493,7.631947
-282.4872,137.34596,7.396915,7.648578
-283.44852,137.62085,7.4396806,7.6652093
-284.41028,137.8941,7.482469,7.682046
-285.37244,138.16594,7.5252686,7.6989665
-286.3345,138.43817,7.5680695,7.715888
-287.2959,138.71263,7.610871,7.7328095
-288.25616,138.99112,7.653671,7.7497306
-289.21472,139.27547,7.69658,7.766473
-290.17093,139.56752,7.7395377,7.7831335
-291.12418,139.86913,7.782495,7.7997947
-292.07373,140.18214,7.8254523,7.816456
-293.01886,140.50836,7.868405,7.833115
-293.95865,140.84958,7.8109097,7.7714643
-294.89218,141.20755,7.7117434,7.677326
-295.8184,141.58405,7.6125717,7.583184
-296.73615,141.98074,7.513389,7.4890304
-297.6441,142.39934,7.4142013,7.3948727
-298.54092,142.84128,7.32549,7.3675113
-299.42566,143.3069,7.2405505,7.3641295
-300.2977,143.79594,7.15562,7.3607483
-301.15634,144.30815,7.070694,7.357367
-302.0009,144.84325,6.9857674,7.3539863
-302.8307,145.40097,6.920937,7.37079
-303.64502,145.981,6.864379,7.395905
-304.44327,146.58301,6.807821,7.42102
-305.22476,147.2066,6.751265,7.446134
-305.98883,147.85144,6.694714,7.471246
-306.73474,148.51715,6.6634254,7.3701086
-307.46155,149.2037,6.6456566,7.201402
-308.16794,149.91124,6.6278863,7.0326843
-308.8526,150.63983,6.610114,6.863947
-309.5141,151.3895,6.5923405,6.695199
-310.15103,152.16014,6.5423512,6.589385
-310.7626,152.95107,6.474502,6.51848
-311.34845,153.76122,6.406658,6.44758
-311.90826,154.58958,6.338814,6.3766794
-312.4417,155.43517,6.270961,6.30577
-312.9486,156.29694,6.177147,6.2866983
-313.4296,157.17343,6.073986,6.2862883
-313.88596,158.063,5.970832,6.285878
-314.31903,158.96414,5.8676853,6.285468
-314.7302,159.87549,5.764532,6.2850575
-315.1209,160.79579,5.6966157,6.197881
-315.49274,161.7239,5.6344705,6.0964646
-315.84723,162.65877,5.5723243,5.9950466
-316.18613,163.5994,5.51018,5.8936324
-316.51102,164.54495,5.448035,5.7922163
-316.82358,165.49467,5.4050813,5.714543
-317.12466,166.44809,5.3638167,5.638958
-317.41495,167.40483,5.3225517,5.5633717
-317.69522,168.36458,5.2812877,5.487787
-317.96616,169.327,5.240025,5.4122047
-318.2283,170.29185,5.2360306,5.3849626
-318.48123,171.25916,5.2372046,5.3644233
-318.7242,172.229,5.238378,5.3438835
-318.95645,173.20148,5.239552,5.323343
-319.1772,174.17664,5.2407255,5.302803
-319.3856,175.1545,5.229917,5.296502
-319.58102,176.13503,5.2154517,5.2945476
-319.76282,177.11818,5.2009864,5.292593
-319.93033,178.10387,5.1865215,5.290638
-320.0829,179.09198,5.172057,5.2886834
-320.21985,180.08238,5.1515923,5.2932644
-320.34042,181.0749,5.127902,5.3013587
-320.44366,182.06937,5.1042113,5.309453
-320.5287,183.06557,5.0805206,5.3175473
-320.59454,184.0632,5.0568304,5.325641
-320.64038,185.06197,5.0668373,5.2930813
-320.6652,186.06148,5.1007442,5.231688
-320.66794,187.06128,5.1346507,5.170295
-320.64755,188.06088,5.1685586,5.1088996
-320.60303,189.0597,5.2024655,5.0475063
-320.53333,190.05707,5.20963,5.0446825
-320.43738,191.05225,5.1990285,5.080769
-320.3141,192.04442,5.1884265,5.1168556
-320.16238,193.03264,5.177825,5.152942
-319.98123,194.01588,5.1672244,5.1890254
-319.7696,194.99301,5.136146,5.28699
-319.52676,195.96286,5.0961194,5.4119964
-319.25214,196.9242,5.056091,5.537009
-318.9452,197.8757,5.0160546,5.662045
-318.60532,198.81593,4.976009,5.7871103
-318.2323,199.74352,5.011934,5.8653502
-317.8277,200.65778,5.0639696,5.933647
-317.39386,201.55853,5.115993,6.0019283
-316.933,202.44579,5.168008,6.070198
-316.44733,203.31969,5.220026,6.1384716
-315.93878,204.1805,5.2354684,6.1397657
-315.40918,205.02852,5.2470465,6.133977
-314.86023,205.86415,5.258625,6.1281877
-314.29355,206.68785,5.2702036,6.1223984
-313.71072,207.50023,5.2817826,6.1166086
-313.11325,208.30188,5.281409,6.0891275
-312.5024,209.09341,5.2796307,6.0590954
-311.87946,209.87544,5.2778525,6.0290637
-311.2455,210.64857,5.2760744,5.999033
-310.6017,211.41356,5.2742963,5.969002
-309.94916,212.17108,5.2723465,5.938699
-309.28882,212.92178,5.270362,5.90834
-308.6215,213.66634,5.268378,5.8779807
-307.94806,214.40535,5.2663937,5.847622
-307.26935,215.13953,5.2644095,5.8172626
-306.58618,215.86954,5.2625737,5.786912
-305.89932,216.59612,5.2607765,5.756563
-305.20963,217.31996,5.25898,5.726214
-304.51782,218.04181,5.2571826,5.695865
-303.8247,218.76239,5.255386,5.665517
-303.13104,219.48247,5.253585,5.6349397
-302.4377,220.20287,5.2517824,5.6043
-301.74564,220.92442,5.24998,5.57366
-301.05566,221.64803,5.2481775,5.54302
-300.3687,222.3745,5.246375,5.5123796
-299.68567,223.10464,5.2444143,5.4818954
-299.00702,223.83888,5.242411,5.4514523
-298.3331,224.57745,5.2404084,5.4210095
-297.66425,225.32059,5.2384057,5.390567
-297.00073,226.06854,5.236403,5.360124
-296.34293,226.8215,5.2345614,5.329706
-295.69092,227.57947,5.232761,5.2992945
-295.04465,228.34236,5.2309604,5.268883
-294.40414,229.11009,5.2291594,5.238472
-293.76938,229.88257,5.227359,5.208061
-293.14035,230.65973,5.2329245,5.1744585
-292.5171,231.44153,5.240324,5.1400614
-291.8997,232.22795,5.2477236,5.1056643
-291.2882,233.019,5.2551227,5.0712667
-290.68274,233.81465,5.262522,5.0368695
-290.08337,234.6149,5.2932906,4.992546
-289.4901,235.41971,5.329891,4.945746
-288.90308,236.22905,5.3664913,4.898946
-288.3223,237.0429,5.4030914,4.852145
-287.74783,237.86122,5.4396915,4.805345
-287.17975,238.68398,5.4723043,4.763649
-286.6181,239.51115,5.503922,4.7232265
-286.06296,240.3427,5.5355396,4.682804
-285.51437,241.17857,5.567157,4.6423817
-284.97238,242.01875,5.5987744,4.601959
-284.43704,242.86319,5.597279,4.6013994
-283.90848,243.71188,5.587665,4.6106124
-283.38678,244.56482,5.578051,4.619826
-282.8721,245.42198,5.568437,4.6290393
-282.36453,246.28339,5.558823,4.6382527
-281.86414,247.149,5.5490384,4.647637
-281.37085,248.01866,5.5392137,4.65706
-280.88443,248.8922,5.5293894,4.666484
-280.4047,249.76941,5.5195646,4.6759076
-279.9314,250.65012,5.50974,4.685331
-279.46432,251.53413,5.499916,4.694754
-279.0031,252.42123,5.4900923,4.704177
-278.54736,253.31114,5.4802685,4.713599
-278.09662,254.20361,5.470445,4.723022
-277.65048,255.09837,5.4606214,4.732445
-277.20853,255.99522,5.450976,4.7416897
-276.77032,256.89392,5.441366,4.7508993
-276.33554,257.79425,5.431756,4.760109
-275.90378,258.69604,5.422146,4.7693186
-275.4746,259.5991,5.412536,4.778528
-275.0477,260.5032,5.4027734,4.7878904
-274.6226,261.40814,5.392982,4.797282
-274.19888,262.31375,5.3831906,4.806674
-273.77615,263.21985,5.3733993,4.816066
-273.35403,264.1262,5.363608,4.8254576
-272.93207,265.0326,5.353833,4.8348336
-272.50992,265.93893,5.344062,4.844206
-272.08716,266.845,5.3342905,4.8535786
-271.6635,267.75064,5.324519,4.862951
-271.23856,268.65567,5.314748,4.8723235
-270.81195,269.5599,5.304994,4.8815155
-270.3832,270.46313,5.295244,4.890669
-269.95178,271.3651,5.285494,4.8998218
-269.51718,272.26553,5.275744,4.908975
-269.07886,273.16415,5.2659936,4.9181285
-268.63635,274.06073,5.2564216,4.9274206
-268.18964,274.95523,5.246895,4.936749
-267.73892,275.8477,5.2373686,4.946077
-267.28433,276.73822,5.227842,4.9554048
-266.8261,277.62686,5.2183156,4.9647326
-266.36453,278.51376,5.208635,4.9740644
-265.90146,279.39987,5.198905,4.9833975
-265.43933,280.2865,5.1891747,4.99273
-264.9807,281.17496,5.1794443,5.0020633
-264.52814,282.0665,5.1697145,5.011396
-264.08417,282.96234,5.1620817,5.0252833
-263.6514,283.86365,5.15526,5.0409327
-263.23245,284.77145,5.1484385,5.0565825
-262.83005,285.6867,5.1416173,5.072231
-262.4469,286.6102,5.134798,5.087875
-262.0858,287.5425,5.1510525,5.1085606
-261.74945,288.484,5.1755676,5.1310496
-261.4406,289.43494,5.2000875,5.1535435
-261.16223,290.39517,5.2246184,5.176047
-260.91724,291.36447,5.249161,5.1985607
-260.7082,292.34213,5.3732123,5.2367606
-260.53375,293.3266,5.521657,5.2788
-260.3908,294.3161,5.6700287,5.3208184
-260.27615,295.30933,5.8183446,5.362821
-260.18658,296.3051,5.966664,5.4048247
-260.11908,297.30264,5.9929843,5.485661
-260.07108,298.3013,5.994172,5.5745287
-260.04028,299.30066,5.9953594,5.663413
-260.02435,300.30035,5.996547,5.7523007
-260.02097,301.30017,5.997735,5.841187
-260.0277,302.29996,5.987707,5.8961806
-260.0415,303.2997,5.9744616,5.941453
-260.05893,304.29938,5.9612155,5.9867263
-260.07663,305.29904,5.9479685,6.0320034
-260.09125,306.29877,5.9347196,6.0772867
-260.09998,307.29855,5.988914,6.0399237
-260.10626,308.29837,6.069433,5.970302
-260.11688,309.29816,6.149945,5.900687
-260.13873,310.29773,6.2304287,5.8310957
-260.1786,311.29675,6.3108478,5.76156
-260.24316,312.29446,6.3925266,5.691227
-260.33826,313.2897,6.474587,5.620655
-260.46948,314.28082,6.5566998,5.5500383
-260.6425,315.2655,6.6389146,5.4793334
-260.86288,316.24063,6.7212195,5.408551
-261.13477,317.20264,6.7361345,5.396489
-261.45456,318.14987,6.7429953,5.3914447
-261.81628,319.08188,6.749847,5.3864064
-262.2143,319.99905,6.756692,5.3813734
-262.64322,320.90216,6.763537,5.3763404
-263.0991,321.79196,6.766402,5.374522
-263.5829,322.6669,6.7689805,5.3729353
-264.09695,323.52438,6.77156,5.3713474
-264.64328,324.36166,6.7741385,5.369761
-265.2236,325.17572,6.776711,5.368178
-265.8395,325.96326,6.777,5.367097
-266.49402,326.71896,6.777,5.3660808
-267.19058,327.43604,6.777,5.365062
-267.93213,328.10638,6.777,5.364041
-268.7208,328.72055,6.777,5.363016
-269.5552,329.27097,6.6791315,5.388283
-270.4257,329.76245,6.5799384,5.4139075
-271.32233,330.20462,6.4810715,5.4394484
-272.23718,330.60788,6.382427,5.4649315
-273.164,330.98297,6.2840986,5.490306
-274.09824,331.33905,6.18776,5.5149927
-275.0377,331.6812,6.091207,5.5397344
-275.98053,332.0139,5.994528,5.5645084
-276.9251,332.34167,5.8977957,5.589296
-277.86975,332.6692,5.8055744,5.610823
-278.81342,332.99966,5.73621,5.6158204
-279.75616,333.3326,5.6668816,5.6208153
-280.6984,333.66708,5.597576,5.6258087
-281.64044,334.00204,5.528281,5.630801
-282.58267,334.33655,5.4696836,5.627878
-283.52527,334.66995,5.467692,5.5830717
-284.46823,335.00235,5.4657006,5.538259
-285.41144,335.33405,5.4637084,5.4934425
-286.35483,335.66522,5.4617167,5.448624
-287.29828,335.9962,5.459725,5.4037776
-288.2418,336.32703,5.4577327,5.3587546
-289.18546,336.65738,5.4557405,5.3137336
-290.12946,336.98685,5.453748,5.268713
-291.0739,337.31497,5.4517565,5.2236934
-292.01895,337.6414,5.449764,5.1786823
-292.9648,337.9654,5.4477663,5.133741
-293.91193,338.28583,5.445769,5.088799
-294.8607,338.6013,5.4437714,5.0438576
-295.81152,338.9104,5.4417744,4.9989185
-296.76483,339.21182,5.438927,4.9608774
-297.72095,339.5042,5.429318,4.977693
-298.68018,339.78616,5.419709,4.9945087
-299.64282,340.0563,5.410099,5.0113263
-300.60907,340.31326,5.4004874,5.0281467
-301.57907,340.5556,5.3907127,5.046394
-302.55292,340.78204,5.3797207,5.075372
-303.53055,340.9915,5.3687296,5.1043487
-304.51184,341.18295,5.3577423,5.1333165
-305.49664,341.35547,5.346761,5.162266
-306.48474,341.5081,5.339995,5.184388
-307.47604,341.63846,5.3671484,5.1516447
-308.47064,341.74,5.3943067,5.118895
-309.4683,341.80533,5.4214897,5.0861154
-310.46777,341.82684,5.448696,5.0533075
-311.46704,341.797,5.472434,5.0230427
-312.46298,341.71048,5.4671307,5.014067
-313.45248,341.56778,5.461833,5.005102
-314.4325,341.37027,5.4565377,4.996141
-315.40012,341.11908,5.4512396,4.9871745
-316.3525,340.81512,5.437684,4.9881463
-317.28772,340.4618,5.391305,5.0287027
-318.20676,340.06824,5.3449297,5.0692563
-319.11218,339.64417,5.298597,5.1097727
-320.00742,339.19897,5.252298,5.150259
-320.89645,338.74155,5.214108,5.1794205
-321.78247,338.27823,5.205346,5.167472
-322.66595,337.81018,5.1965775,5.155515
-323.54718,337.33783,5.187805,5.1435523
-324.42636,336.8617,5.179031,5.1315875
-325.30374,336.3823,5.1702933,5.1196184
-326.1796,335.90005,5.161703,5.107632
-327.05417,335.4155,5.1531143,5.095648
-327.92767,334.92905,5.144527,5.0836654
-328.80045,334.44125,5.1359396,5.0716834
-329.67267,333.95248,5.127313,5.0596995
-330.54465,333.46332,5.118519,5.0477076
-331.41672,332.97424,5.1097245,5.035715
-332.28912,332.48587,5.1009297,5.0237226
-333.16226,331.9987,5.092135,5.0117292
-334.03635,331.51334,5.0836425,5.0037346
-334.91168,331.03015,5.07645,5.012925
-335.78824,330.5492,5.0692573,5.0221157
-336.66602,330.0705,5.0620646,5.031306
-337.545,329.594,5.0548725,5.0404963
-338.4252,329.11975,5.0477176,5.050711
-339.30655,328.64764,5.0407305,5.0654845
-340.18893,328.1775,5.033743,5.080258
-341.07224,327.70905,5.0267553,5.0950313
-341.9563,327.24207,5.019768,5.1098046
-342.84103,326.7763,5.012781,5.124577
-343.7263,326.31155,5.0057964,5.139344
-344.61197,325.84763,4.998812,5.1541114
-345.49796,325.3843,4.9918275,5.168879
-346.38422,324.92148,4.984843,5.183646
-347.27063,324.45892,4.977891,5.198414
-348.15707,323.99646,4.9711056,5.213182
-349.04346,323.53387,4.96432,5.2279496
-349.9297,323.07098,4.957535,5.2427177
-350.8156,322.6076,4.95075,5.257486
-351.7012,322.14346,4.9439335,5.2722554
-352.5863,321.6784,4.936945,5.2870307
-353.47083,321.21228,4.9299564,5.3018064
-354.35468,320.7449,4.922968,5.316582
-355.2378,320.2761,4.9159794,5.331358
-356.12006,319.8057,4.90899,5.3461356
-357.00137,319.33353,4.901995,5.3609247
-357.8816,318.8593,4.8950005,5.3757133
-358.7605,318.38272,4.8880057,5.3905025
-359.638,317.9035,4.8810105,5.4052916
-360.5139,317.42133,4.874043,5.420083
-361.38806,316.93604,4.8672404,5.434889
-362.2606,316.44785,4.8604374,5.4496946
-363.1316,315.95694,4.853635,5.4645004
-364.00122,315.4636,4.8468323,5.479306
-364.86957,314.968,4.8399997,5.494115
-365.73697,314.47067,4.8329864,5.5089426
-366.60416,313.97305,4.8259735,5.523771
-367.47205,313.47662,4.81896,5.538599
-368.34146,312.98288,4.811947,5.5534267
-369.21326,312.49335,4.804962,5.568259
-370.08823,312.00955,4.798136,5.583115
-370.9671,311.53287,4.7913103,5.597972
-371.8506,311.06476,4.7844844,5.6128283
-372.7393,310.60666,4.7776585,5.6276846
-373.63382,310.16006,4.7708,5.642503
-374.53467,309.72635,4.7637825,5.6571393
-375.44226,309.30695,4.756765,5.671776
-376.35693,308.90317,4.7497473,5.686413
-377.27893,308.51645,4.7427287,5.701051
-378.20844,308.1482,4.7426724,5.707913
-379.14545,307.79944,4.773544,5.680228
-380.08954,307.47025,4.804413,5.652546
-381.04016,307.16055,4.8352795,5.6248655
-381.99692,306.8703,4.866145,5.597186
-382.95932,306.59933,4.9007745,5.56529
-383.92694,306.3477,4.9548254,5.5116367
-384.8994,306.11548,5.008878,5.457981
-385.87634,305.90283,5.062932,5.404325
-386.85736,305.7099,5.1169853,5.350669
-387.84207,305.53677,5.165352,5.301608
-388.8301,305.3837,5.175736,5.2832365
-389.82108,305.2509,5.1861196,5.264865
-390.81454,305.1387,5.1965036,5.2464933
-391.81018,305.0474,5.206888,5.2281203
-392.80756,304.97726,5.2083144,5.2170415
-393.80615,304.92847,5.1456313,5.258158
-394.80557,304.90042,5.0829496,5.299274
-395.80536,304.89258,5.020271,5.3403883
-396.8051,304.90433,4.957592,5.381502
-397.80444,304.935,4.8962846,5.421691
-398.80307,304.984,4.842134,5.4570503
-399.8007,305.0505,4.787982,5.4924107
-400.79703,305.1336,4.7338305,5.527771
-401.79196,305.2325,4.679679,5.5631313
-402.78528,305.34634,4.6395164,5.5893364
-403.77686,305.47433,4.651394,5.5814853
-404.76666,305.61557,4.6632714,5.573634
-405.7546,305.7693,4.675149,5.565783
-406.74066,305.93466,4.6870265,5.557932
-407.72482,306.11087,4.6988873,5.5500913
-408.70715,306.2971,4.710696,5.5422854
-409.68768,306.49258,4.7225056,5.5344796
-410.6665,306.6965,4.7343144,5.5266733
-411.64368,306.90808,4.7461233,5.5188675
-412.61935,307.12653,4.7579184,5.511071
-413.59363,307.3511,4.7696695,5.503303
-414.56665,307.5811,4.781421,5.495535
-415.53854,307.81573,4.793173,5.487767
-416.5095,308.0544,4.8049245,5.479999
-417.47958,308.29636,4.8166704,5.4722347
-418.44907,308.54086,4.8283963,5.4644837
-419.4181,308.78717,4.8401227,5.4567323
-420.38687,309.03442,4.851849,5.4489813
-421.3556,309.28186,4.863575,5.44123
-422.32446,309.5287,4.875304,5.433477
-423.29367,309.77423,4.887045,5.4257164
-424.26328,310.01825,4.898785,5.4179554
-425.23334,310.2604,4.910526,5.410195
-426.20392,310.50046,4.9222665,5.402434
-427.17508,310.73816,4.9340124,5.39467
-428.14685,310.97336,4.9457827,5.3868895
-429.11917,311.20624,4.957553,5.379109
-430.092,311.437,4.969323,5.371329
-431.06528,311.66595,4.9810934,5.3635488
-432.0389,311.89328,4.992867,5.355766
-433.01288,312.1192,5.004659,5.347971
-433.98715,312.34384,5.016451,5.3401766
-434.9617,312.56732,5.028243,5.3323817
-435.93646,312.78983,5.0400352,5.324587
-436.9114,313.0114,5.0518603,5.3167906
-437.88657,313.23224,5.0638666,5.3089867
-438.86182,313.45248,5.075873,5.3011827
-439.8372,313.6723,5.087879,5.2933784
-440.81262,313.8918,5.0998855,5.2855744
-441.7881,314.11124,5.111861,5.2777696
-442.76352,314.33072,5.123674,5.2699614
-443.73892,314.55038,5.1354866,5.2621527
-444.71423,314.7704,5.1473,5.2543445
-445.68945,314.99088,5.1591125,5.246536
-446.66452,315.212,5.170925,5.2387276
-447.6394,315.43393,5.1827374,5.2309194
-448.61407,315.65683,5.1945496,5.2231116
-449.5885,315.88083,5.206362,5.2153034
-450.56262,316.10614,5.218174,5.207495
-451.53638,316.3329,5.2299843,5.1996884
-452.5098,316.56125,5.241788,5.191886
-453.4828,316.7913,5.2535915,5.1840835
-454.45535,317.0232,5.265395,5.176281
-455.42746,317.25702,5.277199,5.1684785
-456.39908,317.49286,5.2890005,5.160678
-457.3702,317.7307,5.3007903,5.1528845
-458.3409,317.9703,5.31258,5.145091
-459.31125,318.21127,5.32437,5.1372976
-460.28134,318.45328,5.3361597,5.1295047
-461.25128,318.69598,5.347948,5.121712
-462.2211,318.93906,5.3597293,5.1139245
-463.19092,319.1822,5.3715105,5.1061373
-464.1608,319.42508,5.3832917,5.0983496
-465.13083,319.66745,5.395073,5.0905623
-466.10104,319.90894,5.4068537,5.0827746
-467.07156,320.1493,5.418633,5.0749884
-468.04242,320.38818,5.430413,5.067202
-469.01373,320.6253,5.442192,5.0594153
-469.98553,320.86035,5.4539714,5.051629
-470.95792,321.09296,5.4657516,5.0438423
-471.93097,321.32288,5.477535,5.036053
-472.90472,321.54974,5.4893184,5.028264
-473.87924,321.7733,5.5011015,5.0204754
-474.85458,321.99313,5.512885,5.0126863
-475.83084,322.20905,5.524669,5.0048966
-476.808,322.42065,5.536458,4.997104
-477.78616,322.62766,5.548247,4.989311
-478.76538,322.8297,5.5600357,4.9815187
-479.74564,323.0265,5.5718246,4.9737263
-480.72702,323.21765,5.5836134,4.9659333
-481.70953,323.40292,5.5954037,4.95814
-482.6932,323.58194,5.6071935,4.950347
-483.67804,323.75446,5.6189833,4.9425535
-484.66403,323.92017,5.6307726,4.9347606
-485.6512,324.07877,5.6405764,4.9282646
-486.63956,324.22992,5.6373816,4.9302616
-487.62906,324.3731,5.6341863,4.9322586
-488.61978,324.50784,5.630991,4.9342556
-489.61166,324.63358,5.627796,4.9362526
-490.6047,324.74976,5.6244507,4.9383745
-491.59888,324.8559,5.620052,4.9413733
-492.59415,324.95142,5.615654,4.9443727
-493.5904,325.03577,5.6112556,4.9473715
-494.5876,325.10837,5.6068573,4.95037
-495.58557,325.1687,5.602433,4.9533696
-496.5843,325.21613,5.5978227,4.9563766
-497.58353,325.2498,5.5932117,4.9593835
-498.5832,325.26892,5.588601,4.9623904
-499.58298,325.2726,5.58399,4.965398
-500.58273,325.26007,5.5783505,4.9688926
-501.58212,325.23074,5.5661025,4.975518
-502.5809,325.1851,5.553855,4.982144
-503.57883,325.12363,5.5416083,4.9887695
-504.57568,325.04694,5.5293612,4.9953947
-505.57132,324.95554,5.5139403,5.003499
-506.5656,324.8503,5.4810925,5.019723
-507.5585,324.7328,5.4482436,5.035947
-508.55008,324.60468,5.4153957,5.0521703
-509.54047,324.46765,5.382549,5.0683937
-510.52985,324.3234,5.349685,5.084577
-511.51837,324.1735,5.316738,5.100551
-512.5063,324.01953,5.2837896,5.116526
-513.4938,323.86298,5.250841,5.132501
-514.4811,323.7054,5.2178926,5.148476
-515.4685,323.54828,5.184978,5.16448
-516.4562,323.393,5.1522446,5.1806474
-517.44434,323.24057,5.1195116,5.1968145
-518.43304,323.09195,5.086778,5.2129817
-519.4225,322.94803,5.0540442,5.229149
-520.4127,322.8098,5.023395,5.2443457
-521.4038,322.67792,5.0052147,5.253735
-522.3957,322.55206,4.987035,5.263125
-523.38824,322.43192,4.968855,5.2725143
-524.3815,322.31702,4.9506755,5.2819037
-525.37524,322.207,4.9357433,5.2897797
-526.36945,322.10156,4.9411387,5.288181
-527.3642,322.0005,4.9465346,5.2865825
-528.3593,321.9036,4.9519305,5.2849836
-529.3548,321.81076,4.9573264,5.283385
-530.35065,321.72177,4.962749,5.281786
-531.34686,321.63647,4.9683447,5.280187
-532.3433,321.55466,4.97394,5.278589
-533.3401,321.47607,4.9795356,5.27699
-534.33704,321.40048,4.985131,5.275391
-535.3342,321.3277,4.9907002,5.2737665
-536.33154,321.25745,4.996095,5.2719684
-537.3291,321.18954,5.00149,5.2701697
-538.3268,321.12378,5.0068855,5.2683716
-539.3245,321.0599,5.0122805,5.2665734
-540.32245,320.99777,5.0176754,5.2648
-541.32043,320.9371,5.0230703,5.263201
-542.3185,320.87775,5.0284657,5.261603
-543.3166,320.81943,5.0338607,5.260004
-544.3148,320.76193,5.0392556,5.2584057
-545.313,320.70508,5.0446754,5.2568073
-546.3112,320.64865,5.0502715,5.255208
-547.3095,320.59238,5.055868,5.253609
-548.30774,320.5361,5.061465,5.25201
-549.30597,320.47958,5.0670614,5.250411
-550.30414,320.42264,5.0726347,5.248812
-551.3023,320.36502,5.0780334,5.2472124
-552.3005,320.30655,5.0834327,5.2456126
-553.2985,320.24707,5.088832,5.244013
-554.2965,320.1864,5.0942307,5.242413
-555.29443,320.12436,5.0996532,5.24079
-556.29224,320.0608,5.1052523,5.2389903
-557.2899,319.99557,5.110851,5.2371907
-558.2875,319.92853,5.11645,5.235391
-559.2849,319.85962,5.1220484,5.2335916
-560.2822,319.78864,5.1276236,5.2318153
-561.2794,319.71545,5.1330185,5.230217
-562.27637,319.6398,5.138413,5.2286186
-563.27313,319.56134,5.1438074,5.22702
-564.2696,319.47983,5.149202,5.2254214
-565.2658,319.3949,5.154596,5.2238235
-566.2617,319.30658,5.159982,5.2222276
-567.25745,319.21567,5.165369,5.2206316
-568.253,319.12317,5.1707554,5.2190356
-569.2485,319.03,5.1761417,5.2174397
-570.24396,318.93716,5.181547,5.2158437
-571.2396,318.8457,5.187128,5.214249
-572.2355,318.75696,5.192709,5.2126546
-573.2317,318.6722,5.19829,5.21106
-574.2284,318.5929,5.203871,5.2094655
-575.2256,318.52032,5.209451,5.2078547
-576.2233,318.45587,5.2150292,5.206062
-577.2216,318.4008,5.2206073,5.204269
-578.22046,318.35635,5.226185,5.2024765
-579.2198,318.32382,5.2317624,5.2006836
-580.2194,318.30444,5.2375693,5.1986003
-581.2192,318.29953,5.2469025,5.192047
-582.21893,318.31018,5.256235,5.1854944
-583.2184,318.33765,5.2655683,5.1789417
-584.21716,318.3831,5.2749014,5.1723886
-585.2149,318.44766,5.283055,5.1673355
-586.2111,318.53256,5.245352,5.220598
-587.20526,318.63907,5.2076507,5.2738585
-588.19666,318.76843,5.16995,5.327118
-589.1846,318.9219,5.1322517,5.3803744
-590.1683,319.10077,5.093954,5.433668
-591.1467,319.3063,5.004062,5.4910936
-592.1187,319.54047,4.914176,5.5485153
-593.0828,319.80518,4.824277,5.605945
-594.03735,320.10245,4.734367,5.6633816
-594.9805,320.4341,4.653779,5.7141347
-595.91034,320.8015,4.675008,5.6918755
-596.82526,321.20453,4.6962314,5.6696215
-597.7239,321.6428,4.7174554,5.647367
-598.60455,322.11597,4.7386856,5.6251063
-599.4658,322.62375,4.7768846,5.594518
-600.30664,323.16464,4.8712916,5.5363584
-601.1277,323.73514,4.9656844,5.4782076
-601.9301,324.3315,5.060045,5.4200764
-602.7154,324.95032,5.15439,5.361955
-603.4852,325.5883,5.218297,5.327341
-604.24115,326.2426,5.2249165,5.33697
-604.98474,326.91104,5.2315383,5.346601
-605.7174,327.5913,5.23816,5.3562326
-606.4409,328.28137,5.244782,5.3658648
-607.157,328.97916,5.2513747,5.375454
-607.86725,329.68286,5.257916,5.3849683
-608.5732,330.3909,5.264457,5.394483
-609.27625,331.1018,5.270998,5.4039974
-609.97797,331.81403,5.2775393,5.4135118
-610.6798,332.52612,5.284144,5.4230266
-611.3827,333.23718,5.2908835,5.432542
-612.08655,333.9473,5.2976236,5.442057
-612.7912,334.65656,5.3043637,5.4515724
-613.4965,335.3652,5.311104,5.4610877
-614.2024,336.0733,5.317793,5.4706078
-614.9087,336.781,5.3243456,5.4801393
-615.6154,337.48825,5.330899,5.4896708
-616.3226,338.19507,5.3374515,5.4992023
-617.0302,338.9014,5.3440046,5.5087337
-617.73834,339.60724,5.3505597,5.518269
-618.44696,340.31256,5.357123,5.527815
-619.15607,341.01743,5.3636856,5.537361
-619.86566,341.7218,5.370249,5.5469074
-620.5756,342.42578,5.3768115,5.556453
-621.2861,343.12933,5.383418,5.566044
-621.9968,343.8325,5.390189,5.575802
-622.708,344.53528,5.3969603,5.5855603
-623.4195,345.2377,5.403731,5.5953183
-624.13135,345.9398,5.410502,5.6050763
-624.84357,346.64154,5.417237,5.6147995
-625.556,347.343,5.4238167,5.6243696
-626.26886,348.0441,5.430396,5.6339397
-626.98193,348.74493,5.4369755,5.64351
-627.69525,349.4455,5.4435554,5.6530805
-628.4089,350.1458,5.4501357,5.662652
-629.12274,350.8459,5.4567223,5.672232
-629.8368,351.54572,5.4633083,5.681812
-630.551,352.24536,5.4698944,5.691392
-631.2655,352.9448,5.4764805,5.7009716
-631.9801,353.64404,5.4831,5.7105527
-632.6949,354.34314,5.4898915,5.720141
-633.40985,355.0421,5.4966826,5.7297287
-634.1249,355.74094,5.503474,5.7393165
-634.84,356.43964,5.510266,5.7489047
-635.5553,357.13828,5.517027,5.7584934
-636.2706,357.8368,5.523623,5.768088
-636.986,358.53528,5.530219,5.7776823
-637.7015,359.23367,5.536815,5.7872767
-638.417,359.93207,5.5434113,5.796871
-639.1325,360.63043,5.550039,5.806466
-639.84796,361.3288,5.556838,5.816066
-640.5635,362.0272,5.5636377,5.825665
-641.27893,362.7256,5.570437,5.835264
-641.9943,363.42404,5.5772367,5.8448634
-642.7097,364.1226,5.584006,5.8544936
-643.425,364.82117,5.5906076,5.8642964
-644.14014,365.51987,5.5972095,5.8740993
-644.8552,366.2187,5.6038113,5.8839016
-645.5702,366.91763,5.610413,5.8937044
-646.285,367.6167,5.6170154,5.9034767
-646.99963,368.31595,5.623618,5.913081
-647.7141,369.01535,5.6302214,5.922685
-648.42834,369.71497,5.636824,5.9322896
-649.14246,370.4148,5.6434274,5.941894
-649.8563,371.11484,5.650061,5.9514985
-650.56995,371.8151,5.6568646,5.961103
-651.2833,372.51563,5.6636677,5.9707074
-651.99646,373.21643,5.6704707,5.980312
-652.7093,373.91754,5.6772738,5.9899163
-653.4218,374.61896,5.6840453,5.9995203
-654.134,375.32068,5.6906476,6.0091233
-654.8459,376.02274,5.6972494,6.0187263
-655.55743,376.72513,5.7038517,6.0283294
-656.2687,377.42783,5.7104535,6.0379324
-656.97955,378.13086,5.7155523,6.0452642
-657.6902,378.83423,5.712752,6.0406637
-658.40045,379.53793,5.7099514,6.036063
-659.1104,380.2419,5.707151,6.0314627
-659.82007,380.94626,5.704351,6.026862
-660.52936,381.65088,5.700491,6.0206885
-661.2384,382.3558,5.6910915,6.006289
-661.94714,383.06107,5.681692,5.99189
-662.6556,383.7666,5.6722927,5.977491
-663.3637,384.47244,5.6628933,5.963092
-664.07153,385.1786,5.653526,5.9487247
-664.77905,385.885,5.644328,5.9345284
-665.4863,386.59174,5.6351304,5.9203315
-666.1933,387.29874,5.6259327,5.906135
-666.89996,388.00604,5.6167345,5.891938
-667.6063,388.71362,5.6075373,5.877742
-668.31244,389.42148,5.598341,5.863548
-669.0183,390.1296,5.589144,5.8493533
-669.7239,390.838,5.579948,5.8351593
-670.42914,391.54666,5.5707517,5.820965
-671.1342,392.2556,5.5615244,5.806771
-671.8389,392.9648,5.5521297,5.7925787
-672.54346,393.6743,5.542735,5.7783866
-673.2477,394.384,5.53334,5.7641945
-673.95166,395.094,5.5239453,5.750003
-674.6554,395.8042,5.5145817,5.7357802
-675.3589,396.51468,5.5053883,5.7213902
-676.0621,397.2254,5.496195,5.7070003
-676.7651,397.93637,5.4870014,5.6926107
-677.46783,398.64758,5.4778075,5.6782207
-678.1703,399.35904,5.4686146,5.6638613
-678.87256,400.07074,5.459422,5.6496735
-679.5746,400.78265,5.45023,5.635485
-680.27637,401.49478,5.4410377,5.6212974
-680.97797,402.20715,5.4318457,5.607109
-681.67926,402.91974,5.422624,5.5929217
-682.3804,403.63257,5.4132333,5.5787354
-683.0813,404.3456,5.4038424,5.564549
-683.7819,405.05884,5.3944516,5.5503626
-684.4824,405.7723,5.3850603,5.5361767
-685.1826,406.486,5.375698,5.5219903
-685.8827,407.19986,5.366508,5.507806
-686.58246,407.91394,5.357318,5.4936213
-687.2821,408.6282,5.348128,5.479437
-687.9815,409.34268,5.3389378,5.465252
-688.6807,410.05737,5.329748,5.4510403
-689.37976,410.77222,5.320559,5.4366574
-690.07855,411.48727,5.31137,5.4222746
-690.7772,412.2025,5.302181,5.4078918
-691.47565,412.91794,5.2929916,5.3935084
-692.1739,413.63354,5.2838025,5.379152
-692.872,414.34933,5.2746143,5.36497
-693.5699,415.0653,5.265426,5.350788
-694.26764,415.78143,5.256238,5.336606
-694.96515,416.49774,5.2470493,5.3224244
-695.66254,417.2142,5.2378364,5.3082423
-696.35974,417.93082,5.2284493,5.2940617
-697.05676,418.6476,5.219062,5.279881
-697.75366,419.36456,5.209675,5.2657
-698.4504,420.0817,5.2002873,5.251519
-699.1469,420.79895,5.1909237,5.2373385
-699.8433,421.51636,5.1817365,5.223159
-700.5396,422.23392,5.1725497,5.2089787
-701.2357,422.9516,5.1633625,5.194799
-701.93164,423.66946,5.1541758,5.180619
-702.6275,424.38745,5.1449885,5.166417
-703.3231,425.10556,5.1358023,5.152038
-704.0187,425.82382,5.1266155,5.137659
-704.7141,426.5422,5.1174293,5.1232805
-705.40936,427.2607,5.1082425,5.1089015
-706.1045,427.97934,5.1,5.0955896
-706.7995,428.69812,5.1,5.0915956
-707.4944,429.417,5.1,5.0876017
-708.18915,430.136,5.1,5.0836077
-708.88385,430.8551,5.1,5.0796137
-709.57837,431.5743,5.1003613,5.076
-710.27277,432.29364,5.1041555,5.076
-710.9671,433.01306,5.1079497,5.076
-711.6613,433.7326,5.111744,5.076
-712.3554,434.45224,5.115538,5.076
-713.0494,435.172,5.1193323,5.076
-713.7433,435.8918,5.1231265,5.076
-714.43713,436.61176,5.1269207,5.076
-715.13086,437.33176,5.130715,5.076
-715.82446,438.05185,5.134509,5.076
-716.518,438.77203,5.1383195,5.076
-717.2114,439.4923,5.142313,5.076
-717.90485,440.21265,5.146307,5.076
-718.59814,440.93307,5.150301,5.076
-719.2913,441.65356,5.154295,5.076
-719.9845,442.3741,5.158274,5.076
-720.67755,443.09476,5.162069,5.076
-721.37054,443.81543,5.165863,5.076
-722.0635,444.5362,5.169657,5.076
-722.7564,445.25702,5.1734514,5.076
-723.4492,445.97787,5.1772456,5.076
-724.14197,446.6988,5.1810403,5.076
-724.8347,447.41977,5.1848345,5.076
-725.52734,448.1408,5.188629,5.076
-726.22,448.86188,5.1924233,5.076
-726.91254,449.58298,5.1962295,5.076
-727.6051,450.30414,5.2002234,5.076
-728.29755,451.02533,5.204218,5.076
-728.99005,451.74655,5.2082124,5.076
-729.68243,452.4678,5.212207,5.076
-730.3748,453.1891,5.216191,5.076
-731.0672,453.9104,5.219986,5.076
-731.7595,454.63174,5.2237806,5.076
-732.45184,455.3531,5.2275753,5.076
-733.14417,456.07446,5.2313704,5.076
-733.8364,456.79587,5.235165,5.076
-734.5287,457.51727,5.2389603,5.076
-735.22095,458.23868,5.2427554,5.076
-735.9132,458.96008,5.2465506,5.076
-736.60547,459.68152,5.250346,5.076
-737.2977,460.40295,5.2541413,5.076
-737.99,461.12436,5.2579365,5.076
-738.6822,461.8458,5.261732,5.076
-739.37445,462.5672,5.2655277,5.076
-740.0667,463.2886,5.2693233,5.076
-740.75903,464.01,5.273125,5.076
-741.4513,464.73138,5.2771206,5.076
-742.1436,465.45276,5.2811165,5.076
-742.83594,466.1741,5.2851124,5.076
-743.5283,466.89542,5.289108,5.076
-744.2207,467.6167,5.2930984,5.076
-744.9131,468.33795,5.296895,5.076
-745.6056,469.05914,5.3006916,5.076
-746.29816,469.78027,5.3044877,5.076
-746.9908,470.50134,5.3082843,5.076
-747.68353,471.2223,5.312081,5.076
-748.3764,471.9431,5.3158774,5.076
-749.0694,472.66385,5.3196745,5.076
-749.7625,473.3844,5.3234715,5.076
-750.4558,474.10483,5.327268,5.076
-751.1493,474.82507,5.331065,5.076
-751.84296,475.54514,5.3348627,5.076
-752.5368,476.26498,5.33866,5.076
-753.2309,476.98465,5.3424573,5.076
-753.92523,477.70407,5.3462543,5.076
-754.6198,478.42325,5.3500547,5.076
-755.31464,479.14218,5.3540525,5.076
-756.00977,479.86084,5.35805,5.076
-756.7052,480.5792,5.3620477,5.076
-757.40094,481.29727,5.3660455,5.076
-758.097,482.015,5.370041,5.076
-758.79333,482.73245,5.3738394,5.076
-759.4901,483.44952,5.3776374,5.076
-760.1872,484.16623,5.381436,5.076
-760.8847,484.88257,5.385234,5.076
-761.58264,485.59854,5.3890324,5.076
-762.28094,486.3141,5.392831,5.076
-762.9797,487.02924,5.39663,5.076
-763.67883,487.74393,5.4004283,5.076
-764.3785,488.4582,5.404227,5.076
-765.0786,489.172,5.4080257,5.076
-765.77924,489.8853,5.4118247,5.076
-766.4803,490.59814,5.4156237,5.076
-767.18195,491.31046,5.4194226,5.076
-767.88403,492.02225,5.4232216,5.076
-768.58673,492.7335,5.4270215,5.076
-769.29,493.4442,5.431021,5.076
-769.99384,494.15436,5.4350204,5.076
-770.69824,494.8639,5.4390197,5.076
-771.40326,495.57288,5.443019,5.076
-772.1089,496.28122,5.4470124,5.0760083
-772.8151,496.98892,5.4498124,5.077808
-773.52203,497.69598,5.452612,5.0796075
-774.22955,498.4024,5.4554114,5.0814075
-774.9378,499.10815,5.458211,5.083207
-775.6467,499.8132,5.460981,5.0850687
-776.3563,500.51755,5.4559817,5.1030664
-777.06665,501.2212,5.450982,5.121064
-777.7777,501.92407,5.445983,5.139062
-778.4895,502.62622,5.4409833,5.1570597
-779.2021,503.32758,5.435983,5.175057
-779.9154,504.02814,5.430784,5.1928544
-780.6296,504.7279,5.425585,5.210652
-781.3445,505.42688,5.420386,5.2284493
-782.0602,506.12503,5.4151864,5.246247
-782.7767,506.8224,5.4099874,5.264045
-783.49396,507.5189,5.404989,5.2820406
-784.21216,508.21454,5.3999896,5.300037
-784.9312,508.90924,5.394991,5.318033
-785.6512,509.60297,5.3899918,5.336029
-786.3722,510.29562,5.3849926,5.354025
-787.09424,510.98727,5.3797946,5.372018
-787.81714,511.67795,5.374597,5.390011
-788.54083,512.36786,5.369399,5.408004
-789.2651,513.0571,5.3642006,5.4259973
-789.9898,513.7459,5.3590026,5.4439907
-790.7148,514.43445,5.3540115,5.461958
-791.43964,515.12305,5.349021,5.479925
-792.1641,515.81213,5.34403,5.497892
-792.8877,516.50214,5.3390393,5.5158577
-793.6101,517.19336,5.3340497,5.5338216
-794.33093,517.8862,5.3288856,5.5515075
-795.0496,518.5813,5.3237195,5.5691905
-795.76575,519.27905,5.3185534,5.586875
-796.47876,519.9799,5.313386,5.6045637
-797.18823,520.68445,5.308217,5.6222577
-797.8936,521.393,5.308,5.628671
-798.5951,522.10547,5.308,5.6345906
-799.29285,522.82153,5.308,5.640508
-799.98724,523.54095,5.308,5.6464214
-800.6784,524.26337,5.308,5.652328
-801.3678,524.98755,5.362076,5.52859
-802.06354,525.70557,5.423102,5.3881903
-802.7757,526.4073,5.484206,5.24761
-803.5138,527.08167,5.545408,5.106807
-804.28613,527.7163,5.6066217,4.965975
-805.09814,528.2994,5.637167,4.9083657
-805.9476,528.8264,5.6634517,4.862263
-806.8303,529.29553,5.6897097,4.8162074
-807.74243,529.7046,5.7159815,4.770128
-808.6802,530.051,5.7391586,4.733979
-809.6389,530.3341,5.7295275,4.802422
-810.6126,530.5607,5.7198963,4.870866
-811.5962,530.73987,5.7102766,4.939225
-812.58594,530.8809,5.7006674,5.0075116
-813.57947,530.9933,5.6941752,5.068931
-814.57513,531.08405,5.699996,5.1032534
-815.5724,531.15564,5.7058234,5.1376147
-816.57074,531.2098,5.7116547,5.1719985
-817.5698,531.2482,5.717488,5.206393
-818.56934,531.27277,5.7232594,5.2406926
-819.5691,531.2855,5.728822,5.274665
-820.5689,531.2887,5.7343836,5.3086295
-821.5687,531.2848,5.739944,5.3425865
-822.5685,531.2761,5.7455034,5.376539
-823.5683,531.265,5.7510962,5.410465
-824.56805,531.2539,5.7568316,5.444282
-825.5678,531.24536,5.762567,5.478103
-826.5676,531.24176,5.768304,5.5119286
-827.56744,531.2457,5.7740407,5.5457582
-828.5672,531.2597,5.779781,5.5796056
-829.5667,531.2853,5.7855396,5.6135597
-830.56586,531.32166,5.791297,5.6475105
-831.56464,531.3674,5.7970543,5.681458
-832.563,531.4213,5.802811,5.715404
-833.561,531.4822,5.8085513,5.7493486
-834.5586,531.54846,5.814138,5.7832665
-835.556,531.61816,5.819725,5.8171873
-836.5533,531.6892,5.825312,5.851108
-837.55066,531.75946,5.830899,5.8850274
-838.5482,531.82684,5.8365054,5.9189796
-839.5461,531.8893,5.842327,5.9533076
-840.5444,531.9448,5.848149,5.9876356
-841.5431,531.9917,5.853971,6.0219665
-842.5423,532.028,5.8597937,6.056302
-843.5418,532.0519,5.8655987,6.0906563
-844.54156,532.0625,5.8712444,6.125137
-845.5414,532.06244,5.87689,6.1596146
-846.5412,532.05475,5.882535,6.194088
-847.54095,532.0426,5.888179,6.2285576
-848.5407,532.029,5.8938513,6.2630205
-849.54047,532.01715,5.89969,6.297449
-850.5403,532.00995,5.9055295,6.331881
-851.5401,532.0105,5.9113693,6.366315
-852.53986,532.0218,5.9172087,6.4007483
-853.53937,532.04675,5.923002,6.435117
-854.53827,532.08844,5.9285846,6.4692125
-855.53625,532.14935,5.934167,6.5033054
-856.5326,532.2323,5.9397497,6.5374007
-857.5266,532.33984,5.945333,6.571497
-858.5173,532.4746,5.9751377,6.619612
-859.50354,532.63873,6.128463,6.7392325
-860.4842,532.8334,6.2817593,6.858831
-861.45807,533.05945,6.4350576,6.978431
-862.4238,533.31793,6.5883703,7.0980425
-863.38007,533.6098,6.73677,7.2170086
-864.3251,533.9362,6.7292504,7.315357
-865.25665,534.29913,6.7217307,7.413705
-866.1722,534.7007,6.714213,7.51203
-867.06885,535.1429,6.7067013,7.610276
-867.9434,535.62726,6.699203,7.7083473
-868.7921,536.1556,6.69151,7.8116064
-869.6094,536.7314,6.683813,7.9149966
-870.3878,537.3585,6.6761026,8.018569
-871.1188,538.04034,6.6683745,8.122375
-871.79224,538.77893,6.6732297,8.179377
-872.40027,539.57227,6.736961,8.016938
-872.9423,540.4121,6.800553,7.8548536
-873.41974,541.29034,6.864043,7.693028
-873.834,542.2002,6.927538,7.531192
-874.1864,543.1356,6.954912,7.435875
-874.4811,544.09094,6.9468093,7.405895
-874.725,545.0604,6.9387045,7.375907
-874.9262,546.03973,6.9306045,7.3459373
-875.093,547.0256,6.9225073,7.315977
-875.2335,548.01544,6.914631,7.286943
-875.3542,549.00793,6.906919,7.2586026
-875.45966,550.0022,6.8992033,7.230247
-875.5548,550.9975,6.891486,7.201886
-875.6444,551.9933,6.883769,7.1735263
-875.7334,552.98914,6.8759503,7.1450667
-875.8254,553.98474,6.867967,7.1164427
-875.9228,554.9798,6.859984,7.0878196
-876.0278,555.9741,6.852,7.0591955
-876.1425,556.96735,6.8440156,7.0305686
-876.2693,557.95905,6.8360114,7.001693
-876.4088,558.9491,6.8279495,6.9720645
-876.5596,559.9375,6.819888,6.9424386
-876.7195,560.92444,6.8118277,6.9128156
-876.88654,561.9102,6.803767,6.8831944
-877.05884,562.8951,6.795675,6.853396
-877.2345,563.8794,6.787501,6.823153
-877.412,564.86334,6.7793264,6.7929077
-877.58966,565.8472,6.771152,6.762662
-877.7661,566.83136,6.762977,6.7324157
-877.93964,567.81604,6.754827,6.702339
-878.109,568.8014,6.746714,6.6725254
-878.2733,569.78766,6.7386017,6.6427116
-878.4317,570.77484,6.7304893,6.6128974
-878.5832,571.7631,6.722376,6.583082
-878.72705,572.75256,6.7142425,6.553529
-878.86334,573.74304,6.7060857,6.524283
-878.9932,574.73444,6.697929,6.4950385
-879.118,575.72644,6.6897726,6.4657946
-879.2389,576.71893,6.6816163,6.436551
-879.3572,577.71173,6.673586,6.407454
-879.47394,578.7047,6.66572,6.3785467
-879.59,579.69775,6.657854,6.349639
-879.70624,580.69086,6.649988,6.3207307
-879.8234,581.6838,6.642122,6.291823
-879.94244,582.6765,6.6342597,6.2628603
-880.06415,583.6689,6.626405,6.2337966
-880.18945,584.6608,6.6185493,6.204733
-880.31934,585.65216,6.6106944,6.1756697
-880.45465,586.6428,6.6028395,6.146606
-880.59644,587.63257,6.594969,6.1175356
-880.7455,588.6212,6.5870523,6.088442
-880.90295,589.6085,6.5791354,6.0593486
-881.06976,590.59436,6.571219,6.0302544
-881.2469,591.57837,6.563302,6.00116
-881.43536,592.56024,6.555116,5.971857
-881.63617,593.53973,6.5458784,5.9417343
-881.85034,594.5163,6.536641,5.9116125
-882.07904,595.4896,6.527404,5.8814907
-882.32324,596.45917,6.518167,5.8513703
-882.58405,597.4244,6.494035,5.8147388
-882.8624,598.38464,6.418306,5.7555437
-883.1598,599.33923,6.3425775,5.696349
-883.47736,600.2873,6.2668414,5.6371484
-883.8163,601.22784,6.191097,5.577941
-884.17786,602.16003,6.1151085,5.518476
-884.56244,603.0829,6.038628,5.458487
-884.9692,603.9962,5.9621563,5.398505
-885.3972,604.8998,5.8856916,5.338529
-885.8456,605.7934,5.809228,5.2785535
-886.3135,606.677,5.7521772,5.233561
-886.7998,607.55054,5.716678,5.2052026
-887.3034,608.41425,5.681178,5.176843
-887.8231,609.2684,5.6456776,5.1484838
-888.3577,610.1133,5.6101756,5.120123
-888.9061,610.9493,5.5897713,5.1033397
-889.46704,611.7769,5.580639,5.0952
-890.0391,612.5969,5.5715065,5.08706
-890.62115,613.40985,5.562375,5.078921
-891.21173,614.2166,5.5532436,5.0707827
-891.8097,615.01794,5.539864,5.071414
-892.4149,615.8138,5.5227942,5.0796614
-893.0283,616.60333,5.505723,5.087909
-893.65076,617.38574,5.4886513,5.096157
-894.2831,618.1602,5.4715796,5.1044054
-894.9261,618.92584,5.450146,5.121147
-895.581,619.68134,5.419515,5.1557984
-896.2496,620.42474,5.388885,5.190449
-896.9335,621.15405,5.358256,5.225098
-897.63434,621.86707,5.327635,5.259738
-898.35364,622.5615,5.298089,5.2923512
-899.09283,623.2346,5.278394,5.306277
-899.85443,623.8823,5.258701,5.3202014
-900.6406,624.5,5.238999,5.334132
-901.4531,625.08246,5.2192907,5.3480673
-902.2933,625.6243,5.204102,5.3535438
-903.1611,626.12067,5.247417,5.2494206
-904.0549,626.56854,5.290704,5.1453657
-904.9725,626.96515,5.3339972,5.041295
-905.91174,627.30756,5.3773193,4.937155
-906.86993,627.5924,5.432481,4.850046
-907.8437,627.8187,5.5196877,4.8093634
-908.8287,627.9896,5.6068482,4.7687025
-909.8213,628.1089,5.6939445,4.728071
-910.8185,628.1805,5.7810144,4.687453
-911.8179,628.2081,5.809175,4.6789374
-912.81757,628.19495,5.7713895,4.7063622
-913.816,628.1436,5.7335873,4.7337995
-914.812,628.0567,5.6957808,4.7612395
-915.80457,627.93677,5.657973,4.788681
-916.793,627.78656,5.594771,4.8364162
-917.77673,627.60815,5.5108805,4.900686
-918.7554,627.4035,5.4269905,4.964955
-919.72864,627.17456,5.3431053,5.02922
-920.69635,626.92316,5.25922,5.0934854
-921.65845,626.6511,5.220775,5.1227794
-922.615,626.3602,5.2185736,5.1241803
-923.56616,626.0522,5.216372,5.1255817
-924.5122,625.72864,5.21417,5.1269827
-925.45337,625.3913,5.2119684,5.1283836
-926.3901,625.04175,5.2096596,5.129782
-927.3228,624.68164,5.2072663,5.131178
-928.2521,624.3127,5.2048736,5.1325736
-929.1784,623.93646,5.2024803,5.13397
-930.1024,623.55457,5.2000875,5.1353655
-931.0248,623.16864,5.197698,5.1367598
-931.94604,622.78015,5.195311,5.138152
-932.8668,622.39044,5.192924,5.1395445
-933.7877,622.00104,5.190537,5.140937
-934.7092,621.6132,5.18815,5.142329
-935.632,621.22833,5.185866,5.1437216
-936.5563,620.847,5.1836767,5.145115
-937.4819,620.469,5.181488,5.1465077
-938.4088,620.0942,5.179299,5.1479006
-939.3369,619.7222,5.17711,5.1492934
-940.26605,619.3531,5.1748223,5.150785
-941.1962,618.98645,5.172433,5.152378
-942.1274,618.6223,5.1700435,5.153971
-943.0595,618.2605,5.1676536,5.1555643
-943.99243,617.901,5.165264,5.1571574
-944.9262,617.5436,5.1628737,5.158657
-945.8607,617.18823,5.160483,5.160052
-946.796,616.8348,5.1580915,5.1614466
-947.73193,616.48303,5.1557007,5.1628413
-948.66846,616.133,5.1533093,5.164236
-949.6056,615.7844,5.1509175,5.1656313
-950.54315,615.4372,5.1485248,5.167027
-951.48126,615.0912,5.146132,5.168423
-952.4197,614.7463,5.143739,5.169819
-953.3585,614.4024,5.1413465,5.1712146
-954.29767,614.0593,5.13904,5.1726108
-955.237,613.7169,5.1368446,5.174008
-956.17664,613.3751,5.1346498,5.1754045
-957.1164,613.0338,5.1324544,5.1768017
-958.0563,612.6928,5.130259,5.178199
-958.9962,612.35205,5.127978,5.1795964
-959.9362,612.0113,5.125581,5.1809945
-960.87616,611.6705,5.1231837,5.182393
-961.81604,611.3294,5.120786,5.183791
-962.75574,610.988,5.118389,5.1851897
-963.69525,610.64606,5.1159906,5.1866727
-964.6346,610.30347,5.1135907,5.188273
-965.57367,609.9602,5.111191,5.1898727
-966.5125,609.61633,5.108791,5.1914725
-967.4511,609.27185,5.106391,5.193073
-968.38947,608.9267,5.104074,5.194589
-969.3276,608.5809,5.101872,5.1959906
-970.26544,608.23444,5.09967,5.197392
-971.2031,607.88745,5.0974674,5.1987934
-972.1406,607.54,5.0952654,5.200195
-973.078,607.192,5.0929775,5.2015967
-974.01514,606.84357,5.0905733,5.2029986
-974.95215,606.4948,5.0881696,5.204401
-975.88904,606.1456,5.0857654,5.2058034
-976.8258,605.7962,5.0833616,5.207206
-977.76245,605.4464,5.0809574,5.208608
-978.69904,605.0964,5.0785522,5.210011
-979.6355,604.7461,5.0761476,5.211414
-980.57184,604.39557,5.073743,5.2128167
-981.5082,604.045,5.071338,5.2142196
-982.44446,603.6942,5.0689335,5.215622
-983.38074,603.3434,5.066529,5.217025
-984.31696,602.99243,5.064124,5.2184277
-985.2532,602.64154,5.0617194,5.2198305
-986.1894,602.29065,5.0593147,5.221233
-987.1257,601.93976,5.0628123,5.2187314
-988.06195,601.589,5.073429,5.2115197
-988.9983,601.23834,5.0840464,5.204308
-989.93463,600.8879,5.094663,5.197097
-990.8711,600.53754,5.1052804,5.189885
-991.8076,600.1875,5.1158943,5.182491
-992.74426,599.83765,5.126504,5.174884
-993.681,599.4881,5.137114,5.167277
-994.61786,599.1389,5.1477237,5.15967
-995.5549,598.7901,5.158334,5.152063
-996.492,598.44165,5.1690316,5.1444592
-997.4293,598.0936,5.1798306,5.13686
-998.3668,597.7461,5.19063,5.1292605
-999.3045,597.39905,5.201429,5.121661
-1000.2424,597.05255,5.212228,5.114062
-1001.1804,596.7066,5.22302,5.10656
-1002.1187,596.36127,5.2338047,5.099171
-1003.05725,596.0166,5.244589,5.0917816
-1003.99603,595.6726,5.2553735,5.084392
-1004.93506,595.3293,5.2661576,5.077003
-1005.8744,594.9867,5.2768426,5.069528
-1006.81396,594.64484,5.2874093,5.061952
-1007.75385,594.3039,5.297976,5.0543756
-1008.69403,593.9637,5.3085427,5.0467997
-1009.6346,593.62445,5.319109,5.0392237
-1010.5754,593.28613,5.3297544,5.0316544
-1011.5166,592.9487,5.340498,5.024094
-1012.4581,592.6123,5.351242,5.0165334
-1013.4,592.27686,5.3619857,5.008973
-1014.3422,591.94244,5.37273,5.0014124
-1015.28485,591.609,5.383463,4.9939423
-1016.2278,591.2767,5.3941803,4.9865985
-1017.1712,590.94543,5.404898,4.9792547
-1018.115,590.61554,5.415616,4.9719114
-1019.0593,590.287,5.426334,4.9645677
-1020.00415,589.9599,5.4370403,4.9571567
-1020.94946,589.6343,5.4477286,4.9496355
-1021.89514,589.3098,5.458417,4.942114
-1022.8412,588.9862,5.4691052,4.9345927
-1023.7874,588.66327,5.479793,4.9270716
-1024.7338,588.3407,5.4904175,4.91955
-1025.68,588.0178,5.500909,4.912028
-1026.6259,587.6936,5.5114,4.9045057
-1027.5708,587.3669,5.5218916,4.896983
-1028.5145,587.03656,5.5323834,4.889461
-1029.4564,586.70135,5.5429516,4.8819776
-1030.3964,586.3603,5.5537233,4.874597
-1031.3336,586.01227,5.564495,4.867216
-1032.268,585.65625,5.5752673,4.8598356
-1033.1986,585.29114,5.586039,4.8524547
-1034.1254,584.9159,5.5968485,4.8449955
-1035.0475,584.5295,5.6077647,4.8373137
-1035.9644,584.13074,5.6186805,4.8296323
-1036.8752,583.71844,5.6295967,4.8219504
-1037.7794,583.2916,5.640513,4.8142686
-1038.6759,582.84906,5.649545,4.809837
-1039.564,582.3897,5.654464,4.8125014
-1040.4426,581.91254,5.6593823,4.8151655
-1041.3107,581.41644,5.6643014,4.8178296
-1042.167,580.90045,5.66922,4.820494
-1043.0105,580.36365,5.6732545,4.824509
-1043.8397,579.80524,5.6761403,4.830281
-1044.6536,579.2245,5.679026,4.836052
-1045.4506,578.6208,5.681912,4.8418236
-1046.2292,577.99365,5.6847973,4.8475947
-1046.9879,577.3426,5.671531,4.8604364
-1047.7255,576.6676,5.646725,4.8783293
-1048.4407,575.9689,5.6219196,4.896222
-1049.1322,575.2468,5.597112,4.914116
-1049.7988,574.5018,5.5723023,4.932011
-1050.4393,573.73413,5.525973,4.9590387
-1051.0532,572.945,5.4688244,4.9906573
-1051.6404,572.1358,5.4116836,5.022271
-1052.2009,571.3079,5.3545494,5.0538816
-1052.735,570.4627,5.297417,5.0854907
-1053.2426,569.6014,5.263941,5.106402
-1053.7235,568.72485,5.248119,5.11933
-1054.1774,567.834,5.2322955,5.1322584
-1054.6036,566.9296,5.216473,5.145187
-1055.0018,566.0126,5.200652,5.1581135
-1055.3716,565.0837,5.2018085,5.1636405
-1055.7122,564.1436,5.2295346,5.1575875
-1056.0217,563.193,5.2572627,5.151534
-1056.299,562.2324,5.284995,5.1454797
-1056.542,561.26263,5.3127317,5.139425
-1056.7494,560.2846,5.345726,5.118304
-1056.9199,559.2995,5.392986,5.0563006
-1057.0536,558.30865,5.4402385,4.994307
-1057.1504,557.3136,5.487489,4.9323153
-1057.2106,556.3156,5.5347447,4.870318
-1057.234,555.31616,5.582321,4.8077235
-1057.2216,554.3164,5.630573,4.7438674
-1057.175,553.31775,5.6788235,4.680012
-1057.0963,552.32104,5.727069,4.616164
-1056.9873,551.3272,5.7753134,4.552317
-1056.85,550.3369,5.799629,4.518094
-1056.6862,549.3506,5.7943234,4.520543
-1056.4977,548.3687,5.789017,4.522992
-1056.2865,547.3915,5.7837114,4.525441
-1056.0546,546.41895,5.778405,4.5278897
-1055.8036,545.4511,5.7701635,4.5339556
-1055.5353,544.488,5.759487,4.5430207
-1055.2513,543.52936,5.7488103,4.552086
-1054.9531,542.575,5.738134,4.5611506
-1054.6422,541.62476,5.727457,4.5702157
-1054.3202,540.6782,5.7168503,4.5793376
-1053.9883,539.73505,5.7062926,4.5885005
-1053.6478,538.79504,5.695735,4.597664
-1053.2998,537.8577,5.685178,4.606827
-1052.9456,536.9227,5.67462,4.61599
-1052.5862,535.98975,5.6640964,4.625124
-1052.2229,535.0582,5.6535997,4.6342344
-1051.8569,534.1278,5.6431026,4.643345
-1051.4895,533.19794,5.6326056,4.652456
-1051.1221,532.26807,5.6221085,4.6615663
-1050.7556,531.3378,5.611704,4.670685
-1050.3911,530.40674,5.6013865,4.679812
-1050.0294,529.4747,5.591069,4.6889386
-1049.671,528.54126,5.580752,4.6980658
-1049.3167,527.6064,5.5704346,4.707193
-1048.9669,526.6697,5.5599957,4.716249
-1048.6218,525.7313,5.5494227,4.725226
-1048.281,524.7914,5.5388503,4.734203
-1047.9438,523.8501,5.5282774,4.7431793
-1047.6099,522.9077,5.517705,4.7521563
-1047.2783,521.9644,5.507116,4.761239
-1046.949,521.0204,5.496507,4.7704463
-1046.6213,520.0758,5.485899,4.779654
-1046.295,519.1307,5.4752903,4.7888613
-1045.9697,518.18524,5.4646816,4.798069
-1045.6451,517.2396,5.4540668,4.8072815
-1045.3207,516.2939,5.443445,4.8165007
-1044.9961,515.3482,5.432823,4.8257194
-1044.671,514.4027,5.4222016,4.834938
-1044.3451,513.45746,5.41158,4.844157
-1044.0181,512.5127,5.40096,4.8533745
-1043.6896,511.56833,5.3903418,4.8625903
-1043.3597,510.62445,5.3797235,4.871806
-1043.0288,509.681,5.3691053,4.881022
-1042.6968,508.7379,5.358487,4.890238
-1042.3636,507.79523,5.3478727,4.89945
-1042.0294,506.85287,5.3372626,4.908659
-1041.6943,505.91086,5.3266525,4.9178677
-1041.3584,504.96918,5.3160424,4.9270763
-1041.0215,504.0278,5.305433,4.936285
-1040.6838,503.08676,5.294828,4.9453917
-1040.3453,502.14597,5.2842283,4.954391
-1040.006,501.20547,5.273629,4.9633904
-1039.666,500.26523,5.2630296,4.9723897
-1039.3253,499.32523,5.2524304,4.981389
-1038.9841,498.38544,5.2418375,4.990481
-1038.6422,497.44586,5.2312512,4.999669
-1038.2998,496.50647,5.220665,5.008857
-1037.957,495.5673,5.2100787,5.018045
-1037.6136,494.62823,5.199492,5.027233
-1037.2699,493.68936,5.1889133,5.036415
-1036.9258,492.7506,5.1783423,5.04559
-1036.5814,491.81198,5.1677713,5.0547647
-1036.2367,490.8734,5.1572,5.0639396
-1035.8918,489.93494,5.146629,5.0731144
-1035.5469,488.99652,5.136066,5.082282
-1035.2018,488.05814,5.1255126,5.091442
-1034.8566,487.1198,5.114959,5.1006017
-1034.5112,486.18152,5.104405,5.1097617
-1034.1658,485.24326,5.0938516,5.1189213
-1033.8202,484.30508,5.083305,5.1279864
-1033.4746,483.36685,5.0727677,5.1369333
-1033.1296,482.42844,5.06223,5.14588
-1032.7855,481.48965,5.0516925,5.154827
-1032.4431,480.55032,5.0411553,5.1637735
-1032.1025,479.6103,5.030614,5.1728067
-1031.7644,478.66934,5.0200663,5.1819615
-1031.4294,477.7273,5.0095186,5.191116
-1031.0983,476.78394,4.9989705,5.2002707
-1030.7714,475.83902,4.988423,5.2094254
-1030.4495,474.89243,4.9779363,5.2185946
-1030.1333,473.9439,4.9675446,5.2277875
-1029.8234,472.99335,4.957153,5.23698
-1029.5203,472.04056,4.946761,5.246173
-1029.2247,471.0854,4.93637,5.2553654
-1028.9375,470.12775,4.9240866,5.268859
-1028.6589,469.16748,4.9088073,5.289164
-1028.39,468.2045,4.8935285,5.309469
-1028.1313,467.23874,4.878249,5.3297744
-1027.8837,466.27008,4.86297,5.3500795
-1027.6476,465.29852,4.846904,5.372102
-1027.424,464.32404,4.8297186,5.3965654
-1027.2134,463.34665,4.812533,5.421029
-1027.0166,462.36636,4.7953477,5.445493
-1026.8345,461.38327,4.778163,5.4699564
-1026.6676,460.3975,4.76096,5.4945393
-1026.5167,459.40912,4.7437377,5.519259
-1026.3826,458.41833,4.7265153,5.543978
-1026.2661,457.42532,4.7092924,5.5686984
-1026.1678,456.43036,4.692069,5.593418
-1026.0889,455.43365,4.713359,5.589142
-1026.0294,454.4356,4.768598,5.5593047
-1025.99,453.43658,4.8238363,5.529468
-1025.9706,452.43695,4.8790746,5.4996314
-1025.9718,451.43713,4.9343143,5.469794
-1025.9935,450.43756,4.981943,5.4397836
-1026.0361,449.43866,5.0238585,5.4096446
-1026.0989,448.44083,5.065773,5.379506
-1026.1816,447.44443,5.107686,5.3493686
-1026.2842,446.4499,5.1495986,5.3192315
-1026.4059,445.45752,5.181005,5.2917724
-1026.5469,444.46768,5.2041883,5.266409
-1026.7067,443.48074,5.2273726,5.2410455
-1026.8854,442.497,5.250557,5.2156816
-1027.0828,441.51688,5.2737412,5.1903176
-1027.2987,440.54065,5.2848983,5.178
-1027.5331,439.5687,5.284701,5.178
-1027.7856,438.60132,5.2845035,5.178
-1028.0565,437.6389,5.284306,5.178
-1028.3455,436.68173,5.284108,5.178
-1028.6523,435.7302,5.2623916,5.201662
-1028.9772,434.7846,5.2145424,5.254059
-1029.32,433.84537,5.166693,5.306456
-1029.6804,432.9128,5.118843,5.3588533
-1030.0588,431.98737,5.0709934,5.411251
-1030.4548,431.06934,5.0231266,5.4637527
-1030.8687,430.15915,4.975233,5.5164156
-1031.3002,429.25726,4.92734,5.5690784
-1031.7494,428.36404,4.879447,5.621741
-1032.2163,427.47995,4.8315544,5.6744027
-1032.7008,426.6054,4.802233,5.7090883
-1033.2031,425.74094,4.8056397,5.712094
-1033.7231,424.887,4.8090463,5.7151
-1034.2609,424.0441,4.812453,5.718106
-1034.8164,423.21283,4.81586,5.721112
-1035.3898,422.3937,4.8264947,5.717287
-1035.9806,421.5872,4.849342,5.7019205
-1036.5885,420.79337,4.872188,5.686555
-1037.2128,420.01245,4.8950343,5.6711893
-1037.853,419.2445,4.91788,5.655824
-1038.5085,418.48962,4.9407525,5.6405272
-1039.1791,417.74792,4.96366,5.6253233
-1039.8636,417.0193,4.9865675,5.610119
-1040.562,416.30374,5.0094757,5.5949144
-1041.2733,415.60117,5.0323834,5.57971
-1041.9972,414.9115,5.0331373,5.573196
-1042.733,414.23462,5.0110993,5.575622
-1043.4803,413.57037,4.9890614,5.578048
-1044.2385,412.91858,4.9670234,5.5804744
-1045.0071,412.27908,4.9449854,5.5829005
-1045.7855,411.65167,4.91927,5.58686
-1046.5734,411.03616,4.8905067,5.5920897
-1047.3702,410.4323,4.8617435,5.597319
-1048.1757,409.8399,4.8329806,5.602549
-1048.9891,409.25864,4.8042173,5.6077785
-1049.8104,408.68832,4.775541,5.612993
-1050.6389,408.12863,4.7469277,5.618195
-1051.4744,407.57938,4.7183146,5.6233974
-1052.3163,407.04025,4.6897016,5.6285996
-1053.1646,406.511,4.661089,5.633802
-1054.0187,405.9913,4.647157,5.634618
-1054.8785,405.48093,4.643966,5.6322246
-1055.7435,404.9796,4.640775,5.629832
-1056.6136,404.48706,4.6375847,5.6274385
-1057.4884,404.003,4.6343937,5.6250453
-1058.3678,403.52713,4.640863,5.6196194
-1059.2513,403.05923,4.654823,5.6118417
-1060.1389,402.59897,4.6687827,5.604064
-1061.0303,402.14606,4.6827426,5.5962863
-1061.9252,401.7002,4.6967025,5.5885086
-1062.8235,401.26114,4.7105594,5.580837
-1063.7249,400.82852,4.7243323,5.5732517
-1064.6292,400.402,4.7381053,5.5656667
-1065.5361,399.98132,4.7518783,5.5580816
-1066.4457,399.56613,4.7656507,5.5504966
-1067.3575,399.15607,4.7795315,5.542804
-1068.2716,398.7508,4.7935038,5.5350194
-1069.1876,398.35,4.807476,5.527235
-1070.1053,397.95334,4.8214483,5.51945
-1071.0248,397.56046,4.8354206,5.511666
-1071.9457,397.17102,4.849286,5.5039873
-1072.8678,396.78467,4.8630557,5.496404
-1073.7911,396.4011,4.876826,5.4888206
-1074.7155,396.0199,4.8905954,5.4812374
-1075.6406,395.64075,4.9043655,5.473654
-1076.5664,395.2633,4.9182396,5.4659667
-1077.4928,394.88718,4.9322104,5.458183
-1078.4197,394.5121,4.9461813,5.450399
-1079.3467,394.13763,4.960152,5.4426155
-1080.2739,393.76352,4.974123,5.4348316
-1081.201,393.38934,4.987997,5.4271464
-1082.128,393.01477,5.001777,5.4195576
-1083.0548,392.63943,5.015558,5.411968
-1083.981,392.26294,5.029338,5.404379
-1084.9066,391.88492,5.043118,5.39679
-1085.8314,391.505,5.0570064,5.3890963
-1086.7554,391.1229,5.071003,5.3812985
-1087.6782,390.73825,5.084999,5.3735003
-1088.6,390.35092,5.098995,5.3657026
-1089.5205,389.96057,5.112992,5.3579044
-1090.4396,389.56696,5.126896,5.350202
-1091.3573,389.17017,5.140708,5.3425956
-1092.2737,388.7704,5.1545196,5.334989
-1093.189,388.36792,5.1683316,5.3273826
-1094.1031,387.96307,5.182143,5.319776
-1095.0165,387.55612,5.1960583,5.3120675
-1095.9288,387.1473,5.2100754,5.304258
-1096.8406,386.73685,5.2240925,5.296448
-1097.7516,386.32495,5.2381096,5.288639
-1098.6621,385.91187,5.2521267,5.2808294
-1099.5721,385.49777,5.26604,5.273123
-1100.4818,385.08292,5.2798524,5.265516
-1101.3914,384.6675,5.2936654,5.257909
-1102.3007,384.25183,5.307478,5.250302
-1103.21,383.83606,5.321291,5.242695
-1104.1193,383.42044,5.3352003,5.2349887
-1105.0288,383.00522,5.3492007,5.227188
-1105.9386,382.5906,5.3632016,5.2193875
-1106.8489,382.17685,5.377202,5.2115874
-1107.7595,381.7642,5.391203,5.203787
-1108.6708,381.35284,5.4050903,5.1960955
-1109.5828,380.94305,5.4188704,5.188506
-1110.4956,380.535,5.432651,5.180917
-1111.4092,380.1289,5.446431,5.173328
-1112.3239,379.72495,5.4602113,5.1657386
-1113.2394,379.32336,5.474077,5.1580567
-1114.1563,378.9244,5.488026,5.1502852
-1115.0742,378.52838,5.501975,5.1425138
-1115.9938,378.1356,5.5159245,5.1347423
-1116.9147,377.74637,5.5298734,5.1269703
-1117.8373,377.361,5.5437064,5.1193066
-1118.7614,376.97934,5.5574183,5.1117554
-1119.6868,376.60083,5.57113,5.1042037
-1120.6132,376.2248,5.5848413,5.0966525
-1121.5404,375.85065,5.5985527,5.0891013
-1122.468,375.47775,5.6122622,5.0814605
-1123.396,375.10538,5.6259694,5.073713
-1124.3237,374.73276,5.639677,5.065965
-1125.2511,374.359,5.653384,5.0582175
-1126.1777,373.9833,5.6670914,5.05047
-1127.1031,373.6049,5.680904,5.042795
-1128.0271,373.22287,5.6948595,5.035219
-1128.9492,372.83652,5.7088156,5.027643
-1129.8693,372.445,5.722771,5.020067
-1130.7867,372.04758,5.736727,5.012491
-1131.7012,371.64346,5.750637,5.0048137
-1132.6124,371.23187,5.7644815,4.996989
-1133.5198,370.81198,5.7783256,4.989164
-1134.4229,370.383,5.79217,4.9813385
-1135.3213,369.94412,5.806014,4.9735136
-1136.2144,369.4946,5.8199825,4.9657526
-1137.1016,369.03366,5.83412,4.958078
-1137.9823,368.56052,5.848257,4.950403
-1138.8561,368.07443,5.862395,4.9427285
-1139.7219,367.57465,5.876532,4.935054
-1140.5795,367.06042,5.9482903,5.026337
-1141.4277,366.5312,6.0845675,5.2284236
-1142.266,365.98636,6.2208424,5.4305077
-1143.0936,365.42545,6.357119,5.632594
-1143.9098,364.84793,6.4933934,5.834677
-1144.7136,364.25336,6.6332693,6.041312
-1145.5042,363.64127,6.776297,6.2519307
-1146.2805,363.01126,6.919323,6.462548
-1147.0416,362.36288,7.0623493,6.673164
-1147.7864,361.69583,7.2053666,6.8837676
-1148.5135,361.0098,7.3278675,7.047998
-1149.222,360.30426,7.434383,7.176097
-1149.9098,359.57867,7.5409,7.3041973
-1150.5753,358.83252,7.64742,7.4323006
-1151.2164,358.0654,7.7539268,7.560388
-1151.8314,357.2771,7.861117,7.6807976
-1152.418,356.4675,7.9688487,7.795125
-1152.9739,355.6365,8.076583,7.909455
-1153.4966,354.78427,8.184332,8.023802
-1153.9835,353.9111,8.292087,8.138153
-1154.432,353.01758,8.4050665,8.193053
-1154.8401,352.10492,8.522212,8.20035
-1155.2067,351.1748,8.639339,8.207645
-1155.5304,350.2289,8.756468,8.214942
-1155.8099,349.26904,8.873607,8.222239
-1156.0441,348.2971,8.957386,8.236851
-1156.2319,347.31516,9.005656,8.259249
-1156.3735,346.3255,9.05392,8.281643
-1156.4689,345.33032,9.102177,8.304034
-1156.5181,344.3318,9.150426,8.326422
-1156.5211,343.33203,9.181352,8.353133
-1156.4768,342.33328,9.172643,8.389752
-1156.3826,341.338,9.163932,8.426378
-1156.2352,340.34924,9.155221,8.463004
-1156.032,339.3704,9.146517,8.4996
-1155.7706,338.4055,9.13052,8.507307
-1155.4485,337.45914,9.092641,8.4286175
-1155.0626,336.537,9.05475,8.349907
-1154.6094,335.64606,9.016782,8.271032
-1154.0856,334.79477,8.978715,8.191956
-1153.489,333.99283,8.918026,8.087412
-1152.8245,333.2462,8.833246,7.955843
-1152.1025,332.5547,8.748674,7.8245955
-1151.333,331.91666,8.6642685,7.6936073
-1150.5239,331.32956,8.57986,7.5626125
-1149.6819,330.79062,8.387127,7.4246364
-1148.8127,330.29654,8.168997,7.2848306
-1147.9218,329.8432,7.950725,7.144933
-1147.0132,329.4259,7.732455,7.0050373
-1146.0911,329.0395,7.514166,6.8651295
-1145.1586,328.6789,7.391466,6.785526
-1144.2178,328.34048,7.2811894,6.713758
-1143.2704,328.0209,7.1709085,6.6419883
-1142.318,327.71677,7.060639,6.5702252
-1141.3618,327.42465,6.9503746,6.498466
-1140.403,327.1412,6.918659,6.476369
-1139.4421,326.86493,6.9141607,6.471479
-1138.4794,326.59512,6.9096613,6.4665885
-1137.515,326.33112,6.9051623,6.461698
-1136.5493,326.0723,6.900663,6.4568076
-1135.5823,325.81796,6.8961163,6.451865
-1134.6143,325.56772,6.8915415,6.446893
-1133.6454,325.32123,6.886967,6.441921
-1132.6755,325.0782,6.882393,6.436949
-1131.7048,324.83832,6.8778186,6.431977
-1130.7335,324.60132,6.8733406,6.426978
-1129.7616,324.36673,6.8689265,6.421962
-1128.7893,324.13406,6.8645124,6.416946
-1127.8165,323.90277,6.860098,6.4119296
-1126.8436,323.6724,6.855684,6.4069133
-1125.8706,323.44238,6.851141,6.401892
-1124.8976,323.21243,6.8465185,6.396868
-1123.9246,322.98245,6.8418965,6.391844
-1122.9515,322.7523,6.8372746,6.38682
-1121.9786,322.5218,6.832652,6.381796
-1121.0059,322.29083,6.828034,6.3767757
-1120.0332,322.05942,6.8234177,6.371758
-1119.0607,321.82755,6.8188014,6.3667407
-1118.0881,321.59528,6.814185,6.361723
-1117.1157,321.36264,6.809569,6.356705
-1116.1434,321.1297,6.8050885,6.3516917
-1115.1713,320.89645,6.8006783,6.3466797
-1114.1991,320.66287,6.796268,6.341668
-1113.2269,320.42902,6.7918577,6.3366566
-1112.2549,320.19482,6.7874475,6.331645
-1111.283,319.96033,6.782906,6.326637
-1110.3112,319.72556,6.7783,6.3216305
-1109.3394,319.49045,6.773694,6.316624
-1108.3676,319.2551,6.7690883,6.311618
-1107.396,319.01944,6.7644825,6.3066115
-1106.4243,318.7835,6.7598796,6.301608
-1105.4528,318.54733,6.755278,6.2966065
-1104.4813,318.3109,6.7506766,6.291605
-1103.5099,318.07425,6.746075,6.2866035
-1102.5386,317.83734,6.7414737,6.2816014
-1101.5673,317.60022,6.7370105,6.276467
-1100.5961,317.36285,6.732612,6.271269
-1099.6249,317.12527,6.7282143,6.2660713
-1098.6537,316.8875,6.7238164,6.260874
-1097.6826,316.6495,6.719418,6.2556763
-1096.7115,316.41135,6.7148867,6.250616
-1095.7405,316.17297,6.710292,6.2456217
-1094.7695,315.93445,6.705697,6.2406273
-1093.7987,315.69574,6.7011023,6.235633
-1092.8278,315.45685,6.6965075,6.2306385
-1091.8569,315.2178,6.691914,6.2256455
-1090.8861,314.97864,6.6873217,6.2206535
-1089.9154,314.7393,6.682729,6.215662
-1088.9447,314.49985,6.6781363,6.21067
-1087.974,314.26025,6.673544,6.205678
-1087.0033,314.02054,6.669085,6.2006874
-1086.0327,313.7807,6.664694,6.195698
-1085.062,313.54077,6.6603026,6.1907077
-1084.0914,313.30075,6.6559114,6.1857176
-1083.1208,313.06064,6.6515203,6.180728
-1082.1504,312.8204,6.6469994,6.175739
-1081.1798,312.58014,6.64241,6.1707497
-1080.2094,312.33978,6.6378202,6.165761
-1079.2388,312.09937,6.6332307,6.1607723
-1078.2683,311.8589,6.628641,6.1557837
-1077.2979,311.61835,6.6240516,6.1507955
-1076.3274,311.37778,6.6194625,6.1458073
-1075.3569,311.13718,6.6148734,6.140819
-1074.3865,310.89655,6.6102843,6.135831
-1073.4161,310.6559,6.6056952,6.130842
-1072.4457,310.41525,6.6012316,6.125854
-1071.4752,310.17456,6.596842,6.120866
-1070.5048,309.9339,6.592452,6.1158776
-1069.5343,309.69324,6.5880623,6.110889
-1068.564,309.45258,6.5836725,6.105901
-1067.5935,309.21198,6.579159,6.100912
-1066.623,308.97137,6.5745687,6.095923
-1065.6526,308.7308,6.5699787,6.0909333
-1064.6821,308.4903,6.5653887,6.085944
-1063.7117,308.24985,6.5607986,6.080955
-1062.7411,308.00943,6.556208,6.075965
-1061.7706,307.7691,6.5516167,6.0709743
-1060.8,307.52884,6.547025,6.065984
-1059.8295,307.28864,6.5424337,6.060993
-1058.859,307.0485,6.5378423,6.0560026
-1057.8884,306.8084,6.53337,6.051011
-1056.9177,306.56842,6.528977,6.046019
-1055.9471,306.32852,6.524584,6.0410266
-1054.9766,306.08865,6.5201907,6.0360346
-1054.0059,305.84888,6.5157976,6.0310426
-1053.0352,305.6092,6.511286,6.0260496
-1052.0645,305.36957,6.5066915,6.021056
-1051.0938,305.13004,6.502097,6.0160623
-1050.123,304.89056,6.4975033,6.011069
-1049.1523,304.65118,6.492909,6.0060754
-1048.1815,304.41187,6.488314,6.001081
-1047.2108,304.17264,6.483719,5.9960856
-1046.24,303.9335,6.4791236,5.991091
-1045.2692,303.69446,6.4745283,5.986096
-1044.2982,303.45547,6.469933,5.981101
-1043.3274,303.21658,6.4654527,5.97599
-1042.3566,302.97778,6.461056,5.9707937
-1041.3856,302.73907,6.4566593,5.9655976
-1040.4147,302.50046,6.452263,5.9604015
-1039.4437,302.26193,6.447866,5.9552054
-1038.4728,302.0235,6.4433537,5.950124
-1037.5017,301.78513,6.4387565,5.9451265
-1036.5306,301.54688,6.434159,5.9401293
-1035.5597,301.30872,6.429561,5.9351315
-1034.5886,301.07065,6.4249635,5.9301343
-1033.6174,300.83267,6.4203653,5.9251366
-1032.6464,300.59482,6.415767,5.920138
-1031.6752,300.35703,6.4111686,5.9151397
-1030.704,300.11935,6.40657,5.910141
-1029.7328,299.8818,6.4019713,5.905143
-1028.7616,299.64432,6.3974867,5.9001436
-1027.7904,299.40695,6.393087,5.8951445
-1026.8191,299.16968,6.3886876,5.890145
-1025.8478,298.93253,6.3842883,5.8851457
-1024.8765,298.69547,6.3798885,5.8801465
-1023.90515,298.45853,6.375375,5.8751464
-1022.9338,298.22168,6.3707743,5.8701463
-1021.96234,297.98495,6.366174,5.8651457
-1020.99097,297.74832,6.361574,5.8601456
-1020.0195,297.5118,6.3569736,5.8551455
-1019.04803,297.27542,6.352373,5.850145
-1018.0765,297.03912,6.347772,5.845144
-1017.105,296.80295,6.343171,5.8401427
-1016.1334,296.5669,6.33857,5.8351417
-1015.1618,296.33096,6.333969,5.8301406
-1014.1902,296.09515,6.3294826,5.825139
-1013.2185,295.85947,6.325081,5.8201375
-1012.2468,295.6239,6.3206797,5.815136
-1011.27515,295.38843,6.316278,5.810134
-1010.3034,295.15308,6.3118763,5.8051324
-1009.33167,294.91782,6.3073597,5.8001304
-1008.35986,294.68268,6.3027577,5.795128
-1007.38806,294.44766,6.298156,5.790126
-1006.4162,294.21283,6.2935534,5.7851233
-1005.4443,293.97818,6.2889514,5.780121
-1004.47235,293.7437,6.284349,5.7751184
-1003.50037,293.50943,6.2797465,5.770116
-1002.5283,293.2752,6.275144,5.7651134
-1001.55634,293.04086,6.2705417,5.760111
-1000.5844,292.80637,6.265939,5.755108
-999.61255,292.57153,6.261455,5.750108
-998.6408,292.33624,6.2570567,5.7451096
-997.66925,292.1002,6.252658,5.7401114
-996.6979,291.86322,6.2482595,5.735113
-995.72687,291.62506,6.243861,5.730115
-994.75616,291.3855,6.2393546,5.725125
-993.7859,291.14426,6.234769,5.7201405
-992.8161,290.90097,6.2301836,5.715156
-991.84686,290.65536,6.225598,5.7101717
-990.87836,290.40707,6.221012,5.7051873
-989.91064,290.1558,6.216439,5.7001047
-988.94366,289.9015,6.2118754,5.6949463
-987.9775,289.64444,6.207312,5.6897874
-987.01196,289.3848,6.202749,5.684629
-986.04706,289.12283,6.198185,5.67947
-985.0827,288.8588,6.193731,5.674422
-984.11865,288.5937,6.1893773,5.6694746
-983.1544,288.32928,6.185024,5.6645274
-982.1895,288.06732,6.1806703,5.65958
-981.2235,287.80957,6.1763167,5.654633
-980.2559,287.5578,6.1718564,5.64967
-979.2863,287.31375,6.167274,5.644689
-978.3144,287.07913,6.1626916,5.639708
-977.33984,286.85568,6.158109,5.634727
-976.3625,286.64514,6.153527,5.6297464
-975.382,286.44925,6.149281,5.6229286
-974.39844,286.26978,6.1454487,5.6138515
-973.4117,286.10864,6.141616,5.6047745
-972.4219,285.96774,6.1377826,5.595696
-971.42914,285.84903,6.1339493,5.586617
-970.43384,285.7544,6.1330004,5.5618925
-969.4364,285.68488,6.1350355,5.520984
-968.4376,285.6405,6.1370707,5.4800806
-967.438,285.62137,6.1391053,5.4391794
-966.4382,285.6275,6.1411405,5.398279
-965.4389,285.65894,6.1430564,5.3572845
-964.4407,285.71573,6.144886,5.3162203
-963.4443,285.79776,6.1467156,5.275155
-962.45026,285.90497,6.1485457,5.2340884
-961.4592,286.03735,6.1503754,5.193021
-960.4719,286.1948,6.1054645,5.1894574
-959.48883,286.37704,6.036325,5.205335
-958.5106,286.58377,5.967188,5.221213
-957.53784,286.81467,5.8980527,5.2370896
-956.57104,287.0693,5.8289194,5.2529664
-955.6107,287.34744,5.745259,5.280917
-954.6574,287.6489,5.6548524,5.314474
-953.7118,287.97363,5.564444,5.3480315
-952.77454,288.32162,5.4740353,5.3815894
-951.8462,288.69284,5.3836274,5.4151473
-950.9274,289.08722,5.3573685,5.4110203
-950.0191,289.50494,5.3709326,5.3834996
-949.12195,289.94626,5.384496,5.355979
-948.23694,290.4114,5.3980594,5.3284593
-947.36505,290.90063,5.4116216,5.300942
-946.5072,291.41415,5.4687853,5.2476454
-945.6646,291.9524,5.56467,5.171455
-944.8388,292.51596,5.6605597,5.0952606
-944.0313,293.1055,5.756461,5.019057
-943.24384,293.72144,5.85237,4.9428473
-942.4781,294.36423,5.901736,4.903162
-941.7355,295.0336,5.9051833,4.899512
-941.01697,295.72882,5.908631,4.8958616
-940.32355,296.44904,5.9120784,4.8922114
-939.6562,297.1935,5.915526,4.888561
-939.01587,297.96133,5.8903193,4.9072447
-938.40314,298.75134,5.8437095,4.9426107
-937.81793,299.56198,5.7971015,4.977976
-937.26025,300.39178,5.7504964,5.0133386
-936.73004,301.23938,5.7038903,5.048702
-936.2271,302.1035,5.6714215,5.0716267
-935.7513,302.9828,5.6455884,5.088713
-935.30237,303.87613,5.619755,5.1058
-934.88007,304.78235,5.5939217,5.1228867
-934.484,305.70035,5.5680876,5.1399736
-934.11395,306.62915,5.576927,5.1263027
-933.76953,307.56775,5.596457,5.1031485
-933.4503,308.51523,5.615987,5.079995
-933.1558,309.47067,5.635516,5.056842
-932.88574,310.4333,5.6550455,5.033688
-932.63947,311.4023,5.6742706,5.010707
-932.41675,312.37698,5.6934195,4.9877687
-932.21716,313.3567,5.7125683,4.96483
-932.0403,314.34073,5.7317166,4.9418917
-931.8858,315.32852,5.750865,4.9189534
-931.75323,316.3195,5.745654,4.9004483
-931.6424,317.31314,5.7337337,4.883164
-931.55304,318.30896,5.721813,4.8658795
-931.48486,319.30646,5.709893,4.8485947
-931.43774,320.30515,5.697973,4.8313103
-931.41144,321.30463,5.673134,4.8160667
-931.40564,322.3044,5.6440024,4.8015013
-931.4201,323.3041,5.614871,4.7869353
-931.4545,324.30334,5.585739,4.7723694
-931.50867,325.3017,5.5566063,4.757803
-931.5822,326.2988,5.5353403,4.7541485
-931.6745,327.29434,5.516854,4.754349
-931.7846,328.2881,5.4983683,4.7545505
-931.9117,329.2798,5.4798827,4.754751
-932.0549,330.2693,5.4613967,4.7549524
-932.2133,331.2565,5.449342,4.7640367
-932.38617,332.24127,5.439294,4.775893
-932.5725,333.22354,5.4292455,4.7877502
-932.77155,334.20337,5.419197,4.7996073
-932.9825,335.1807,5.4091487,4.811465
-933.2044,336.15558,5.399128,4.823289
-933.4365,337.12808,5.389115,4.835105
-933.678,338.09833,5.3791013,4.8469205
-933.9279,339.0664,5.369088,4.858736
-934.18555,340.03247,5.359075,4.8705516
-934.4501,340.99664,5.3490915,4.8823323
-934.7207,341.95917,5.3391156,4.8941035
-934.9966,342.92017,5.3291397,4.9058747
-935.27704,343.87988,5.3191643,4.9176464
-935.56116,344.83847,5.3091884,4.9294176
-935.84827,345.7962,5.299227,4.9411716
-936.1376,346.75327,5.2892704,4.952921
-936.42834,347.70987,5.2793136,4.9646697
-936.71985,348.66626,5.2693567,4.976419
-937.01135,349.62265,5.2594004,4.988168
-937.3021,350.57928,5.2494373,4.9999237
-937.5913,351.53635,5.2394724,5.0116825
-937.8782,352.49417,5.229508,5.023441
-938.1618,353.4529,5.2195425,5.0351996
-938.44147,354.4128,5.2095776,5.0469584
-938.71643,355.3741,5.1995916,5.0587416
-938.9865,356.33676,5.1895986,5.0705333
-939.25195,357.30072,5.179606,5.082325
-939.513,358.26587,5.169613,5.0941167
-939.7699,359.23212,5.1596203,5.105908
-940.0229,360.19943,5.149614,5.117716
-940.2722,361.16766,5.139602,5.1295295
-940.51825,362.13675,5.1295905,5.141343
-940.76135,363.10657,5.1195793,5.1531563
-941.00183,364.07706,5.1095676,5.16497
-941.24,365.0481,5.099553,5.1767874
-941.4762,366.01962,5.0895376,5.188606
-941.7108,366.99155,5.079522,5.200424
-941.94403,367.96378,5.069506,5.2122426
-942.1762,368.93628,5.0594907,5.224061
-942.4077,369.90894,5.04933,5.2358727
-942.6388,370.88168,5.039122,5.247682
-942.8699,371.85446,5.028914,5.2594914
-943.10126,372.82715,5.018706,5.2713013
-943.33325,373.79968,5.0084977,5.2831106
-943.56616,374.772,4.9984546,5.2949038
-943.8004,375.74402,4.988465,5.3066916
-944.03613,376.71567,4.978475,5.318479
-944.27356,377.6869,4.968486,5.330267
-944.51306,378.65762,4.958496,5.3420544
-944.75476,379.62778,4.9485297,5.353815
-944.99927,380.59726,4.9385705,5.3655667
-945.247,381.56592,4.9286118,5.3773184
-945.49854,382.53357,4.9186525,5.38907
-945.7544,383.50012,4.908693,5.400822
-946.015,384.46536,4.898764,5.412538
-946.28,385.42944,4.8888474,5.42424
-946.5485,386.39255,4.87893,5.435942
-946.81964,387.35492,4.869014,5.447644
-947.09247,388.3168,4.859097,5.459346
-947.36615,389.27844,4.849175,5.4710536
-947.63885,390.24036,4.839251,5.4827642
-947.9086,391.20313,4.829326,5.494475
-948.1732,392.1673,4.8194017,5.5061855
-948.43054,393.13342,4.8094783,5.5178957
-948.67847,394.10205,4.7994876,5.5296845
-948.91473,395.07355,4.7894616,5.5415154
-949.13696,396.04837,4.779435,5.5533466
-949.3428,397.02676,4.769408,5.5651784
-949.5299,398.0089,4.7593822,5.5770087
-949.69586,398.99484,4.7543864,5.584361
-949.8388,399.98438,4.751952,5.589433
-949.95703,400.97717,4.7495174,5.5945053
-950.04895,401.97275,4.7470827,5.599578
-950.11285,402.9705,4.7446475,5.6046515
-950.14716,403.9697,4.748032,5.604656
-950.15173,404.96948,4.7535233,5.6028256
-950.1274,405.96896,4.7590137,5.6009955
-950.07465,406.96738,4.7645035,5.5991654
-949.9943,407.96396,4.7699933,5.597336
-949.88696,408.95798,4.775455,5.59535
-949.7531,409.94876,4.780911,5.5933294
-949.59314,410.9357,4.7863674,5.5913086
-949.4076,411.91812,4.791824,5.5892873
-949.19684,412.89548,4.7972803,5.5872664
-948.9613,413.86713,4.8035502,5.588561
-948.7016,414.8326,4.809943,5.590359
-948.4182,415.7914,4.816336,5.592157
-948.1117,416.74307,4.8227286,5.593955
-947.78253,417.68716,4.829121,5.5957527
-947.4313,418.62323,4.8359632,5.6004295
-947.0582,419.55084,4.8428764,5.6055655
-946.66364,420.46948,4.84979,5.610701
-946.2476,421.37863,4.8567038,5.615837
-945.8105,422.2778,4.8636174,5.620973
-945.3524,423.1665,4.8705153,5.626097
-944.8736,424.0442,4.8774095,5.6312184
-944.374,424.91028,4.8843036,5.6363397
-943.8539,425.7641,4.8911977,5.6414614
-943.31323,426.60513,4.898092,5.6465826
-942.75214,427.43265,4.9108887,5.6333866
-942.1707,428.246,4.9259443,5.6131797
-941.5689,429.0444,4.9410005,5.5929728
-940.9468,429.8271,4.9560566,5.572766
-940.30444,430.5932,4.9711123,5.55256
-939.64185,431.34192,4.986422,5.531653
-938.9591,432.07233,5.0018535,5.5104094
-938.2562,432.78336,5.0172853,5.4891653
-937.5333,433.474,5.032718,5.467921
-936.79047,434.14313,5.048151,5.4466753
-936.0278,434.78958,5.051607,5.435683
-935.24554,435.41226,5.0495768,5.4293876
-934.4441,436.00998,5.047546,5.4230924
-933.6238,436.5815,5.0455155,5.4167976
-932.78503,437.12564,5.043485,5.4105043
-931.9284,437.64108,5.028989,5.4194307
-931.05426,438.1264,5.0105777,5.4331365
-930.1633,438.57996,4.992164,5.446844
-929.2561,439.0001,4.9737453,5.460556
-928.3334,439.385,4.9553213,5.4742723
-927.3963,439.73334,4.9547777,5.4877334
-926.4467,440.04614,4.9568114,5.501155
-925.4867,440.3254,4.958844,5.5145726
-924.5181,440.57327,4.960877,5.527988
-923.5425,440.79184,4.96291,5.541406
-922.5612,440.98337,4.996058,5.507232
-921.57544,441.1503,5.0306573,5.4708433
-920.5862,441.29535,5.0652566,5.4344544
-919.59436,441.42117,5.0998507,5.398071
-918.6005,441.53058,5.134441,5.3616915
-917.6053,441.62634,5.1978865,5.3140125
-916.60913,441.71182,5.2636433,5.2654266
-915.6124,441.79053,5.3294134,5.216831
-914.6154,441.86594,5.395211,5.168215
-913.61847,441.94153,5.461053,5.1195664
-912.6217,442.02026,5.4849944,5.0829854
-911.6251,442.1004,5.4986806,5.0493565
-910.62836,442.17825,5.512358,5.015749
-909.6311,442.25006,5.5260153,4.9821916
-908.63324,442.3122,5.539639,4.948716
-907.6345,442.36053,5.4818163,4.976899
-906.6351,442.3855,5.3903093,5.034141
-905.6354,442.37372,5.298596,5.0915127
-904.63763,442.31116,5.206504,5.149121
-903.6462,442.1835,5.1140566,5.206951
-902.66785,441.97873,4.9890995,5.331501
-901.7071,441.70245,4.8531504,5.479038
-900.7646,441.36926,4.7177835,5.6259427
-899.8384,440.9927,4.5828576,5.772369
-898.92535,440.58524,4.447999,5.918722
-898.0217,440.15738,4.4387484,5.9281735
-897.12573,439.7137,4.445233,5.920473
-896.2364,439.2569,4.4517293,5.912759
-895.3525,438.78967,4.458231,5.9050384
-894.47266,438.31473,4.4647326,5.897318
-893.5958,437.83432,4.4711943,5.8894506
-892.7218,437.34875,4.477651,5.881582
-891.85077,436.85782,4.4841046,5.8737164
-890.983,436.3613,4.490557,5.865852
-890.1185,435.85892,4.4970098,5.8579884
-889.25757,435.3506,4.503429,5.8503656
-888.3999,434.83667,4.509849,5.8427415
-887.5454,434.3176,4.51627,5.835117
-886.6937,433.79385,4.5226912,5.8274918
-885.8446,433.26593,4.529112,5.819864
-884.9979,432.73422,4.535504,5.8120737
-884.1534,432.199,4.5418954,5.8042836
-883.3109,431.66055,4.5482874,5.7964935
-882.4704,431.1191,4.554679,5.788704
-881.6316,430.57495,4.56107,5.7809167
-880.79443,430.02832,4.5674424,5.77335
-879.95874,429.47946,4.573815,5.7657824
-879.12427,428.92868,4.580187,5.7582154
-878.29095,428.37625,4.5865593,5.7506485
-877.4585,427.82248,4.5929317,5.743081
-876.6268,427.26758,4.599296,5.735523
-875.7956,426.71188,4.6056604,5.727966
-874.9647,426.1557,4.612025,5.720408
-874.13403,425.59927,4.618389,5.7128506
-873.30334,425.04288,4.6247535,5.7052927
-872.47235,424.48685,4.631122,5.697539
-871.64105,423.93134,4.6374907,5.689777
-870.8093,423.3765,4.6438594,5.682015
-869.977,422.8225,4.650228,5.6742535
-869.144,422.26953,4.6565967,5.6664915
-868.31024,421.7177,4.662976,5.658904
-867.47577,421.16702,4.669355,5.651328
-866.6405,420.6174,4.6757345,5.6437526
-865.8047,420.0688,4.682114,5.636177
-864.9682,419.5211,4.6884937,5.628601
-864.13116,418.97424,4.6948814,5.6210155
-863.2936,418.42822,4.70127,5.613429
-862.4555,417.88303,4.707659,5.6058426
-861.6169,417.33856,4.7140474,5.598256
-860.77783,416.79486,4.720436,5.5906696
-859.9383,416.2519,4.726831,5.582894
-859.0983,415.7096,4.7332263,5.5750995
-858.25793,415.1679,4.7396216,5.567305
-857.4171,414.62683,4.746017,5.5595107
-856.576,414.08633,4.7524123,5.5517163
-855.73456,413.54633,4.7588115,5.544099
-854.89276,413.0068,4.765211,5.536499
-854.0507,412.46774,4.771611,5.528899
-853.2084,411.92908,4.778011,5.5212994
-852.36584,411.39078,4.784411,5.5136995
-851.5231,410.8528,4.7908125,5.5060973
-850.6801,410.31516,4.7972145,5.498495
-849.83704,409.77774,4.8036165,5.4908924
-848.9938,409.24054,4.810019,5.48329
-848.1504,408.70352,4.816421,5.4756875
-847.30695,408.16663,4.822823,5.467903
-846.46344,407.62985,4.829225,5.4601007
-845.6199,407.09314,4.8356276,5.4522977
-844.77625,406.55646,4.8420296,5.444495
-843.9327,406.01974,4.8484316,5.4366927
-843.0892,405.483,4.854832,5.4290743
-842.24567,404.9462,4.8612328,5.4214735
-841.4022,404.40933,4.8676333,5.413873
-840.5588,403.8724,4.874034,5.4062724
-839.7154,403.3354,4.880434,5.398672
-838.8721,402.7983,4.8868327,5.391073
-838.02875,402.26117,4.8932314,5.3834753
-837.18555,401.72397,4.89963,5.375877
-836.34235,401.18668,4.9060287,5.3682785
-835.4992,400.6493,4.912427,5.36068
-834.6561,400.11185,4.918824,5.352902
-833.81305,399.5743,4.925221,5.3451056
-832.9701,399.0367,4.9316177,5.3373094
-832.12714,398.499,4.9380145,5.3295135
-831.28424,397.9612,4.9444113,5.3217173
-830.4414,397.42334,4.950807,5.314104
-829.5987,396.88538,4.9572024,5.3065095
-828.756,396.34732,4.963598,5.2989154
-827.9133,395.80917,4.969993,5.291321
-827.07074,395.2709,4.9763885,5.283726
-826.2282,394.73257,4.982783,5.2759523
-825.38574,394.19412,4.9891768,5.2681594
-824.54333,393.65558,4.9955707,5.260367
-823.70105,393.1169,5.001965,5.252574
-822.85876,392.57816,5.008359,5.244781
-822.0166,392.03928,5.0147524,5.2371693
-821.1745,391.5003,5.0211453,5.2295775
-820.33246,390.9612,5.0275383,5.221986
-819.4905,390.422,5.0339313,5.214394
-818.64856,389.8827,5.040324,5.2068024
-817.80676,389.34323,5.0467167,5.1992116
-816.965,388.80368,5.0531087,5.191621
-816.12335,388.26398,5.059501,5.18403
-815.28174,387.72418,5.065893,5.1764393
-814.44025,387.18423,5.0722857,5.1688485
-813.5988,386.6442,5.078677,5.161081
-812.7575,386.104,5.0850687,5.153291
-811.91626,385.56366,5.09146,5.1455016
-811.0751,385.02322,5.0978518,5.137712
-810.234,384.4826,5.1042433,5.1299224
-809.393,383.9419,5.1106343,5.122309
-808.5521,383.401,5.117026,5.1147194
-807.7113,382.86,5.123417,5.10713
-806.87054,382.31885,5.129808,5.0995407
-806.02997,381.77753,5.136199,5.091951
-805.1894,381.23608,5.1417165,5.085934
-804.349,380.6945,5.147109,5.0801425
-803.50867,380.15274,5.152501,5.0743504
-802.6684,379.61084,5.1578937,5.0685587
-801.82825,379.0688,5.1632857,5.062767
-800.9882,378.52655,5.166079,5.061134
-800.1483,377.9842,5.1684756,5.060135
-799.3085,377.44165,5.170872,5.0591364
-798.46875,376.89896,5.173269,5.058138
-797.62915,376.35608,5.1756654,5.0571394
-796.7896,375.81305,5.178234,5.0559688
-795.9502,375.26987,5.1808305,5.0547705
-795.1109,374.72647,5.183427,5.053572
-794.2717,374.18292,5.186023,5.052374
-793.4327,373.63922,5.1886196,5.0511756
-792.59375,373.0953,5.191216,5.0499773
-791.7549,372.55124,5.193813,5.0487785
-790.9162,372.007,5.196409,5.0475802
-790.0776,371.46255,5.1990056,5.046382
-789.23914,370.91794,5.2016025,5.0451837
-788.40076,370.37314,5.20403,5.044154
-787.5625,369.82816,5.206427,5.043155
-786.72437,369.28302,5.208824,5.0421567
-785.8863,368.73773,5.211221,5.0411577
-785.04834,368.19232,5.2136183,5.040159
-784.2105,367.64676,5.216183,5.0389924
-783.3727,367.10107,5.21878,5.0377936
-782.535,366.55527,5.221377,5.0365953
-781.6973,366.00937,5.223974,5.0353966
-780.85974,365.46338,5.226571,5.034198
-780.0222,364.91727,5.2290015,5.033166
-779.18475,364.3711,5.2313986,5.032167
-778.34735,363.82486,5.233796,5.0311685
-777.50995,363.27856,5.2361937,5.0301695
-776.6726,362.73218,5.2385907,5.0291705
-775.8353,362.1858,5.241154,5.0280056
-774.998,361.63934,5.2437515,5.026807
-774.1607,361.09286,5.246349,5.025608
-773.3235,360.5464,5.248946,5.0244093
-772.4862,359.9999,5.2515435,5.0232105
-771.6489,359.4534,5.2539763,5.0220118
-770.8117,358.90692,5.256374,5.020813
-769.9744,358.36047,5.2587714,5.019614
-769.1371,357.81403,5.2611694,5.0184155
-768.2998,357.2676,5.263567,5.0172167
-767.46246,356.72125,5.2661285,5.0161815
-766.62506,356.17496,5.268726,5.0151825
-765.78766,355.62872,5.2713237,5.014183
-764.95013,355.08255,5.273921,5.013184
-764.1126,354.53647,5.276519,5.012185
-763.275,353.99045,5.2791166,5.011023
-762.4374,353.44455,5.281714,5.0098243
-761.5997,352.89877,5.284312,5.0086255
-760.7619,352.3531,5.2869096,5.0074263
-759.924,351.80753,5.2895074,5.0062275
-759.08606,351.26212,5.291943,5.0051904
-758.248,350.71686,5.294341,5.0041914
-757.40985,350.17172,5.296739,5.003192
-756.5716,349.62677,5.299137,5.002193
-755.7332,349.08197,5.301535,5.001194
-754.8947,348.53735,5.304094,5.0000334
-754.05615,347.99295,5.3066916,4.9988346
-753.2174,347.4487,5.30929,4.9976354
-752.37854,346.9047,5.3118877,4.9964366
-751.53955,346.3609,5.3144855,4.9952374
-750.7004,345.8173,5.316923,4.994199
-749.8611,345.27396,5.319321,4.9931993
-749.0216,344.73083,5.321719,4.9922004
-748.182,344.188,5.324117,4.9912014
-747.34216,343.6454,5.326515,4.990202
-746.5022,343.1031,5.3290725,4.989043
-745.6621,342.56104,5.3316708,4.9878445
-744.8218,342.01926,5.3342686,4.986645
-743.9812,341.4778,5.3368664,4.9854465
-743.1405,340.93665,5.339464,4.984247
-742.2996,340.39578,5.3419037,4.9830484
-741.4585,339.85526,5.3443017,4.981849
-740.6171,339.31506,5.3466997,4.9806504
-739.7756,338.77524,5.3490977,4.979451
-738.9338,338.23575,5.3514957,4.978252
-738.09174,337.6966,5.3540516,4.977211
-737.2495,337.15784,5.3566494,4.976212
-736.407,336.61948,5.359247,4.9752126
-735.5643,336.08145,5.361845,4.9742136
-734.7213,335.5438,5.364443,4.973214
-733.8781,335.00653,5.3668833,4.9720583
-733.03467,334.46964,5.3692813,4.9708595
-732.191,333.93307,5.3716793,4.9696603
-731.3471,333.39688,5.3740773,4.9684615
-730.503,332.861,5.3764753,4.9672623
-729.65875,332.3254,5.379029,4.9662194
-728.8143,331.79013,5.3816266,4.9652205
-727.9696,331.25516,5.3842244,4.9642215
-727.12476,330.72046,5.3868217,4.9632225
-726.2798,330.186,5.3894196,4.962223
-725.4346,329.65182,5.3920174,4.961069
-724.5893,329.1179,5.3946147,4.9598703
-723.7438,328.5842,5.3972125,4.958671
-722.8982,328.05072,5.39981,4.9574723
-722.0524,327.51743,5.4024076,4.9562736
-721.20654,326.98438,5.404851,4.955075
-720.3606,326.45148,5.4072485,4.9538755
-719.51447,325.9188,5.409646,4.952677
-718.6683,325.38623,5.412044,4.951478
-717.82196,324.85385,5.4144416,4.950279
-716.9756,324.32162,5.4169927,4.9492335
-716.1291,323.78952,5.41959,4.9482346
-715.28253,323.2575,5.4221873,4.9472356
-714.4359,322.72565,5.4247847,4.9462366
-713.58923,322.19385,5.427382,4.9452376
-712.74255,321.66217,5.428152,4.9541364
-711.89575,321.13052,5.428352,4.9661245
-711.04895,320.59897,5.4285517,4.9781127
-710.2021,320.06747,5.4287515,4.9901004
-709.3552,319.536,5.4289513,5.0020885
-708.5083,319.00455,5.4276385,5.0234556
-707.6614,318.47314,5.4258404,5.0478306
-706.8145,317.9417,5.424042,5.072206
-705.9676,317.4103,5.422244,5.0965815
-705.12067,316.87888,5.420446,5.1209564
-704.2738,316.34738,5.4184976,5.145482
-703.42694,315.8159,5.4164996,5.170057
-702.58014,315.28433,5.4145017,5.194632
-701.73334,314.75272,5.4125037,5.219207
-700.8866,314.221,5.410506,5.243782
-700.0399,313.68924,5.4086566,5.2682076
-699.1933,313.15738,5.4068584,5.292583
-698.34674,312.6254,5.4050603,5.316958
-697.5003,312.0933,5.403262,5.3413334
-696.6539,311.56104,5.401464,5.3657084
-695.80756,311.0287,5.3995175,5.390232
-694.96136,310.49615,5.3975196,5.4148073
-694.11523,309.96344,5.3955216,5.439382
-693.2693,309.43057,5.3935237,5.4639573
-692.4234,308.89752,5.3915257,5.4885325
-691.57764,308.36426,5.389675,5.513108
-690.732,307.8308,5.387877,5.5376835
-689.88654,307.29712,5.386079,5.5622587
-689.0412,306.76318,5.38428,5.586834
-688.19604,306.22903,5.382482,5.6114097
-687.351,305.6946,5.380538,5.635839
-686.50616,305.1599,5.3785396,5.660215
-685.6615,304.62494,5.3765416,5.684591
-684.817,304.0897,5.3745437,5.7089667
-683.9727,303.55414,5.3725457,5.7333426
-683.1286,303.01825,5.372581,5.7395644
-682.2847,302.4821,5.37338,5.738965
-681.44104,301.9456,5.3741794,5.7383657
-680.5975,301.40878,5.3749785,5.7377663
-679.7542,300.8717,5.3757777,5.7371664
-678.9111,300.3343,5.376433,5.736423
-678.0681,299.79663,5.3770323,5.735624
-677.22534,299.25864,5.3776317,5.7348247
-676.38275,298.72037,5.378231,5.7340255
-675.5404,298.18185,5.3788304,5.733226
-674.6982,297.64304,5.37943,5.73257
-673.85614,297.10394,5.380029,5.731971
-673.0142,296.56458,5.3806286,5.7313714
-672.17255,296.02493,5.381228,5.730772
-671.331,295.48505,5.381828,5.730172
-670.4896,294.94492,5.382427,5.729573
-669.64844,294.4045,5.3830266,5.7289734
-668.8074,293.86386,5.383626,5.728374
-667.9665,293.32297,5.3842254,5.7277746
-667.1258,292.78183,5.3848248,5.727175
-666.2852,292.24045,5.385424,5.726434
-665.44476,291.69885,5.3860235,5.725635
-664.6045,291.157,5.386623,5.724836
-663.76434,290.61496,5.3872223,5.7240367
-662.9244,290.07266,5.387822,5.7232375
-662.08453,289.53015,5.3884215,5.7225785
-661.2448,288.98743,5.389021,5.721979
-660.4052,288.4445,5.3896203,5.7213798
-659.5658,287.90137,5.3902197,5.7207804
-658.72644,287.35803,5.390819,5.720181
-657.88727,286.81448,5.3914185,5.719442
-657.0482,286.27075,5.392018,5.7186427
-656.2093,285.72684,5.392617,5.7178435
-655.3705,285.1827,5.3932166,5.7170444
-654.5318,284.63843,5.3938165,5.716245
-653.69324,284.09393,5.394416,5.7155843
-652.8548,283.5493,5.3950152,5.714985
-652.0164,283.00446,5.3956146,5.7143855
-651.17816,282.45947,5.396214,5.713786
-650.34,281.9143,5.3968134,5.7131867
-649.502,281.36902,5.397413,5.7125874
-648.6641,280.82355,5.398012,5.711988
-647.8263,280.27792,5.3986115,5.711388
-646.9885,279.73215,5.399211,5.7107887
-646.15094,279.18622,5.3998103,5.7101893
-645.31335,278.64017,5.4005466,5.7094536
-644.4759,278.09396,5.4013457,5.7086544
-643.63855,277.54764,5.402145,5.7078547
-642.8013,277.0012,5.402944,5.7070556
-641.96405,276.4546,5.4037433,5.7062564
-641.12695,275.9079,5.404407,5.705593
-640.2899,275.36108,5.4050064,5.7049937
-639.45294,274.81415,5.405606,5.7043943
-638.616,274.2671,5.406205,5.7037945
-637.7792,273.71994,5.4068046,5.703195
-636.94244,273.1727,5.407404,5.7024612
-636.1057,272.62534,5.4080033,5.701662
-635.2691,272.0779,5.408603,5.700863
-634.4325,271.53036,5.4092026,5.7000637
-633.596,270.98273,5.409802,5.699264
-632.7595,270.43503,5.4104013,5.698599
-631.9231,269.88724,5.4110007,5.6979995
-631.08673,269.3394,5.4116,5.6974
-630.2504,268.79144,5.4121995,5.6968007
-629.4141,268.24347,5.412799,5.6962013
-628.57794,267.6954,5.4133983,5.695602
-627.7417,267.14728,5.4139977,5.6950026
-626.9056,266.5991,5.414597,5.6944027
-626.06946,266.05087,5.4151964,5.6938033
-625.23334,265.5026,5.415796,5.693204
-624.3973,264.95425,5.416395,5.692473
-623.5613,264.40588,5.4169946,5.6916738
-622.7252,263.85748,5.417594,5.6908746
-621.8892,263.30905,5.4181933,5.6900754
-621.0533,262.7606,5.4187927,5.689276
-620.21735,262.2121,5.419392,5.6886077
-619.3814,261.6636,5.419992,5.6880083
-618.5455,261.11508,5.4205914,5.687409
-617.70953,260.56653,5.4211907,5.6868095
-616.8736,260.01797,5.42179,5.68621
-616.0377,259.46942,5.4223895,5.685611
-615.2018,258.92087,5.422989,5.6850114
-614.3659,258.3723,5.4235883,5.684412
-613.52997,257.82376,5.4241877,5.6838126
-612.69403,257.2752,5.424787,5.683213
-611.85815,256.72668,5.4253864,5.682485
-611.0222,256.1782,5.425986,5.6816854
-610.1862,255.6297,5.426585,5.6808863
-609.3503,255.08122,5.4271846,5.680087
-608.5143,254.53279,5.427784,5.679288
-607.6783,253.98439,5.428511,5.6786165
-606.8422,253.43602,5.4293103,5.678017
-606.00616,252.8877,5.4301095,5.6774178
-605.1701,252.3394,5.4309087,5.6768184
-604.334,251.79117,5.431708,5.676219
-603.4978,251.24298,5.43238,5.675493
-602.6616,250.69485,5.4329796,5.6746936
-601.8254,250.14679,5.433579,5.6738944
-600.98914,249.59879,5.4341784,5.673095
-600.15283,249.05084,5.4347777,5.672296
-599.31647,248.50298,5.435377,5.6716228
-598.48004,247.95518,5.4359765,5.6710234
-597.64355,247.40747,5.436576,5.670424
-596.80707,246.85983,5.4371753,5.6698246
-595.9705,246.31229,5.4377747,5.669225
-595.13385,245.76483,5.438374,5.668626
-594.2972,245.21747,5.4389734,5.6680264
-593.4604,244.67021,5.4395733,5.667427
-592.6236,244.12305,5.4401727,5.6668277
-591.7867,243.57599,5.440772,5.6662283
-590.9497,243.02904,5.4413714,5.665505
-590.1127,242.48221,5.441971,5.6647058
-589.2756,241.93549,5.44257,5.6639066
-588.4384,241.3889,5.4431696,5.6631074
-587.60114,240.84242,5.443769,5.662308
-586.76373,240.29608,5.443141,5.6567225
-585.92633,239.74988,5.4417424,5.6481314
-585.0888,239.20381,5.440344,5.63954
-584.25116,238.65787,5.4389453,5.630949
-583.41345,238.11209,5.4375467,5.6223574
-582.5756,237.56644,5.434809,5.6085324
-581.73773,237.02095,5.431213,5.59135
-580.89966,236.47562,5.4276166,5.5741677
-580.0616,235.93045,5.4240203,5.5569854
-579.2233,235.38544,5.420424,5.5398026
-578.385,234.8406,5.4168277,5.522741
-577.5466,234.29594,5.4132314,5.5057583
-576.708,233.75145,5.409635,5.4887757
-575.8693,233.20714,5.4060383,5.471793
-575.0305,232.66298,5.402442,5.4548106
-574.19165,232.119,5.398726,5.437708
-573.3526,231.5752,5.39493,5.4205256
-572.5135,231.03156,5.391134,5.403343
-571.6743,230.48805,5.3873377,5.386161
-570.835,229.9447,5.3835416,5.3689785
-569.9956,229.4015,5.379864,5.351915
-569.1561,228.85843,5.376268,5.3349323
-568.3166,228.31548,5.3726716,5.31795
-567.4769,227.77264,5.3690753,5.3009677
-566.6372,227.22993,5.365479,5.283985
-565.7974,226.68733,5.3618827,5.266885
-564.9576,226.14484,5.3582864,5.2497025
-564.1176,225.60243,5.35469,5.2325206
-563.27765,225.06013,5.3510942,5.215338
-562.4376,224.51791,5.347498,5.198156
-561.59753,223.97577,5.3439016,5.1809735
-560.75745,223.4337,5.3403053,5.163791
-559.91724,222.8917,5.336709,5.1466093
-559.077,222.34976,5.3331127,5.129427
-558.23676,221.80788,5.3295164,5.1122446
-557.3965,221.26604,5.32592,5.095178
-556.5562,220.72424,5.322324,5.0781956
-555.7158,220.1825,5.3187275,5.061213
-554.8755,219.64078,5.315131,5.0442305
-554.0351,219.09908,5.311535,5.0272484
-553.19476,218.5574,5.3070226,5.0153046
-552.3544,218.01575,5.301828,5.007113
-551.514,217.47409,5.2966332,4.9989214
-550.6735,216.93243,5.2914386,4.99073
-549.8331,216.39078,5.286244,4.9825387
-548.99274,215.8491,5.2796874,4.9811563
-548.1524,215.30742,5.272095,4.9849524
-547.312,214.76572,5.264503,4.9887486
-546.4717,214.22397,5.256911,4.9925447
-545.63135,213.6822,5.2493186,4.9963408
-544.7911,213.1404,5.241839,5.0002494
-543.9508,212.59853,5.2344465,5.0042453
-543.11053,212.05661,5.227054,5.008241
-542.2704,211.51465,5.2196617,5.012237
-541.43024,210.97261,5.2122693,5.016233
-540.5901,210.4305,5.2047653,5.020229
-539.75006,209.88832,5.197173,5.0242248
-538.91003,209.34605,5.189581,5.0282207
-538.0701,208.8037,5.1819882,5.0322165
-537.2302,208.26125,5.174396,5.0362124
-536.3904,207.71869,5.1669145,5.040098
-535.55066,207.17603,5.1595216,5.0438943
-534.711,206.63326,5.152129,5.0476904
-533.8714,206.09036,5.144737,5.0514865
-533.03186,205.54735,5.137344,5.0552826
-532.19244,205.0042,5.1298423,5.0591884
-531.3531,204.4609,5.1222496,5.0631843
-530.51385,203.91748,5.1146574,5.06718
-529.6747,203.3739,5.1070647,5.0711765
-528.83563,202.83017,5.0994725,5.0751724
-527.9967,202.28627,5.0919886,5.0791683
-527.15784,201.7422,5.0845957,5.083164
-526.3191,201.19797,5.0772033,5.0871606
-525.48047,200.65356,5.0698104,5.0911565
-524.642,200.10896,5.062418,5.0951524
-523.80365,199.56416,5.055025,5.099041
-522.9654,199.01917,5.047632,5.1028376
-522.1273,198.47397,5.04024,5.1066337
-521.2893,197.92857,5.032847,5.11043
-520.4515,197.383,5.025454,5.1142263
-519.6138,196.83719,5.017955,5.118129
-518.7762,196.2912,5.010362,5.122125
-517.9387,195.74501,5.0027695,5.126121
-517.1014,195.19864,4.9951773,5.1301174
-516.26416,194.65205,4.9875846,5.1341133
-515.42706,194.1053,4.9800973,5.1380043
-514.5901,193.55835,4.9727044,5.1418004
-513.7533,193.01122,4.9653115,5.1455965
-512.91656,192.4639,4.9579186,5.149393
-512.07996,191.9164,4.9505258,5.153189
-511.24347,191.36873,4.9430285,5.15709
-510.4071,190.82088,4.935436,5.1610866
-509.57083,190.27284,4.927843,5.1650825
-508.73468,189.72466,4.9202504,5.169079
-507.89865,189.17628,4.9126577,5.1730747
-507.06274,188.62775,4.9051685,5.177071
-506.22693,188.07904,4.8977757,5.181067
-505.3912,187.53018,4.890383,5.1850634
-504.5556,186.98116,4.88299,5.1890593
-503.72012,186.43196,4.875597,5.1930556
-502.88474,185.88261,4.868204,5.196949
-502.04944,185.33311,4.860811,5.2007456
-501.21426,184.78346,4.8534184,5.204542
-500.37915,184.23366,4.8460255,5.2083383
-499.54416,183.6837,4.8386326,5.212135
-498.7093,183.13359,4.831138,5.2160325
-497.87448,182.58334,4.823545,5.220029
-497.03976,182.03296,4.8159523,5.2240252
-496.20517,181.48242,4.8083596,5.228021
-495.37064,180.93176,4.800767,5.2320175
-494.53622,180.38095,4.793275,5.235913
-493.70187,179.83,4.785882,5.2397094
-492.86765,179.27893,4.778489,5.2435055
-492.03348,178.72772,4.771096,5.247302
-491.1994,178.17639,4.7637033,5.251098
-490.3654,177.62492,4.7562103,5.2549944
-489.5315,177.07335,4.7486176,5.258991
-488.69763,176.52164,4.741025,5.2629867
-487.8639,175.9698,4.7334323,5.266983
-487.0302,175.41786,4.7258396,5.2709794
-486.19662,174.8658,4.7191358,5.2744813
-485.3631,174.31361,4.713341,5.2774787
-484.52966,173.76134,4.7075467,5.2804756
-483.6963,173.20892,4.701752,5.283473
-482.86298,172.65642,4.6959577,5.28647
-482.02975,172.1038,4.693196,5.287413
-481.19656,171.55109,4.6935954,5.2862144
-480.36346,170.99828,4.693995,5.2850156
-479.53046,170.44536,4.6943946,5.2838163
-478.69748,169.89233,4.694794,5.2826176
-477.8646,169.33923,4.6952906,5.281419
-477.03174,168.78603,4.69589,5.28022
-476.19897,168.23273,4.6964893,5.2790213
-475.36624,167.67934,4.6970887,5.2778225
-474.53357,167.12587,4.697688,5.2766232
-473.70096,166.57231,4.6981916,5.2754245
-472.8684,166.01866,4.698591,5.2742257
-472.03592,165.46494,4.698991,5.273027
-471.2035,164.91113,4.6993904,5.271828
-470.3711,164.35725,4.6997905,5.2706294
-469.53876,163.8033,4.700285,5.26943
-468.70645,163.24928,4.7008843,5.2682314
-467.8742,162.69518,4.7014837,5.2670326
-467.04202,162.141,4.702083,5.265834
-466.20987,161.58676,4.7026825,5.264635
-465.37775,161.03246,4.703188,5.2634363
-464.54572,160.47807,4.7035875,5.262237
-463.71368,159.92361,4.703987,5.2610383
-462.88174,159.3691,4.7043867,5.2598395
-462.0498,158.8145,4.7047863,5.258641
-461.21793,158.25984,4.705279,5.257349
-460.3861,157.70511,4.7058783,5.2559505
-459.55432,157.15031,4.706478,5.2545514
-458.7226,156.59546,4.7070775,5.253153
-457.8909,156.04053,4.707677,5.2517543
-457.05927,155.48553,4.7081842,5.2504478
-456.22766,154.93047,4.708584,5.249249
-455.3961,154.37534,4.7089834,5.24805
-454.56458,153.82014,4.709383,5.246851
-453.7331,153.26488,4.7097826,5.245652
-452.90167,152.70956,4.7102733,5.2444534
-452.07028,152.15417,4.7108727,5.2432547
-451.23895,151.59872,4.711472,5.242056
-450.40765,151.04321,4.7120714,5.240857
-449.5764,150.48764,4.712671,5.2396584
-448.74515,149.93199,4.71327,5.238459
-447.91397,149.3763,4.7138696,5.2372603
-447.08286,148.82054,4.714469,5.2360616
-446.25174,148.26471,4.715069,5.234863
-445.4207,147.70883,4.715668,5.233664
-444.5897,147.1529,4.7161784,5.2324653
-443.7587,146.59688,4.716578,5.2312665
-442.92776,146.04082,4.7169776,5.2300673
-442.09686,145.48471,4.717377,5.2288685
-441.26602,144.92853,4.717777,5.2276697
-440.4352,144.37228,4.7182646,5.226471
-439.60443,143.816,4.718864,5.225272
-438.77368,143.25964,4.7194633,5.2240734
-437.94296,142.70323,4.7200627,5.2228746
-437.1123,142.14677,4.720662,5.221676
-436.28168,141.59024,4.7211742,5.2204766
-435.45108,141.03368,4.721574,5.219278
-434.62054,140.47704,4.7219734,5.218079
-433.79,139.92035,4.722373,5.2168803
-432.95953,139.36362,4.7227726,5.2156816
-432.1291,138.80682,4.7232585,5.214483
-431.29868,138.24997,4.723858,5.213284
-430.4683,137.69307,4.7244573,5.2120852
-429.63797,137.13612,4.7250566,5.210886
-428.80765,136.57912,4.7256565,5.209687
-427.9774,136.02206,4.7261705,5.2084885
-427.14716,135.46495,4.72657,5.2072897
-426.31696,134.9078,4.7269697,5.206091
-425.4868,134.35059,4.7273693,5.204892
-424.65665,133.79333,4.727769,5.2036934
-423.82654,133.23602,4.728253,5.2024946
-422.9965,132.67867,4.7288523,5.201296
-422.16644,132.12126,4.7294517,5.200097
-421.33646,131.56381,4.730051,5.198898
-420.50647,131.00632,4.7306504,5.197699
-419.67654,130.44876,4.7311664,5.1965003
-418.84662,129.89117,4.731566,5.1953015
-418.01675,129.33353,4.7319655,5.194103
-417.1869,128.77583,4.732365,5.192904
-416.3571,128.21811,4.7327647,5.191705
-415.5273,127.660324,4.733247,5.1905065
-414.69754,127.1025,4.733846,5.1893077
-413.86783,126.54463,4.7344456,5.188109
-413.03815,125.98672,4.735045,5.1869097
-412.20847,125.428764,4.7356443,5.185711
-411.37885,124.870766,4.7362437,5.184512
-410.54922,124.31272,4.736843,5.1833134
-409.71964,123.75464,4.7374425,5.1821146
-408.8901,123.19651,4.738042,5.180916
-408.06058,122.63834,4.7386413,5.179717
-407.23108,122.08014,4.7391605,5.1785183
-406.4016,121.52189,4.73956,5.1773195
-405.57217,120.9636,4.7399597,5.1761208
-404.74277,120.40527,4.7403593,5.174922
-403.91336,119.8469,4.740759,5.1737227
-403.084,119.2885,4.741238,5.172524
-402.25467,118.73005,4.7418375,5.171325
-401.42535,118.17156,4.742437,5.1701264
-400.59607,117.613045,4.7430363,5.1689277
-399.7668,117.05448,4.7436357,5.167729
-398.9376,116.49589,4.744157,5.16653
-398.10837,115.937256,4.7445564,5.1653314
-397.27917,115.378586,4.744956,5.1641326
-396.45,114.819885,4.7453556,5.162934
-395.62088,114.26115,4.745755,5.161735
-394.79178,113.70238,4.746232,5.160459
-393.96268,113.14357,4.7468314,5.15906
-393.1336,112.584724,4.747431,5.1576614
-392.30457,112.02585,4.74803,5.156263
-391.47556,111.46694,4.7486296,5.1548643
-390.64655,110.908005,4.7491527,5.153542
-389.81757,110.34903,4.7495522,5.1523433
-388.9886,109.79002,4.749952,5.1511445
-388.15967,109.23099,4.7503514,5.1499457
-387.33075,108.67192,4.750751,5.148747
-386.50186,108.11282,4.751226,5.147548
-385.67297,107.553696,4.7518253,5.1463494
-384.84412,106.99454,4.7524247,5.1451507
-384.0153,106.435356,4.753024,5.143952
-383.18646,105.87614,4.7536235,5.142753
-382.35767,105.316895,4.7541485,5.1415544
-381.5289,104.75762,4.754548,5.1403556
-380.70013,104.198326,4.7549477,5.139157
-379.8714,103.639,4.7553473,5.1379576
-379.04266,103.07965,4.755747,5.136759
-378.21396,102.52027,4.75622,5.13556
-377.38525,101.96086,4.7568192,5.1343613
-376.55658,101.401436,4.7574186,5.1331625
-375.72794,100.84198,4.758018,5.1319637
-374.8993,100.2825,4.7586174,5.130765
-374.07068,99.72299,4.759217,5.129566
-373.24207,99.16347,4.759816,5.1283674
-372.41348,98.60391,4.7604156,5.1271687
-371.5849,98.04434,4.761015,5.12597
-370.75635,97.48475,4.7616143,5.124771
-369.9278,96.925125,4.7621427,5.1235723
-369.09927,96.365486,4.7625422,5.1223736
-368.27075,95.805824,4.762942,5.121175
-367.44226,95.24614,4.7633414,5.119976
-366.61377,94.68644,4.763741,5.1187773
-365.7853,94.12672,4.7642107,5.1175785
-364.95685,93.56698,4.76481,5.1163797
-364.1284,93.00722,4.7654095,5.115181
-363.29996,92.44743,4.766009,5.113982
-362.47153,91.887634,4.766608,5.1127834
-361.64313,91.32782,4.7671385,5.1115847
-360.81473,90.76799,4.767538,5.110386
-359.98633,90.20814,4.7679377,5.1091866
-359.15796,89.64827,4.7683372,5.107988
-358.3296,89.08839,4.768737,5.106789
-357.50122,88.52849,4.7692046,5.1055903
-356.67288,87.968575,4.769804,5.1043916
-355.84454,87.408646,4.7704034,5.103193
-355.01624,86.8487,4.771003,5.101994
-354.18793,86.28874,4.771602,5.1007953
-353.35962,85.72877,4.7721343,5.0995965
-352.5313,85.168785,4.772534,5.0983977
-351.70303,84.60879,4.7729335,5.097199
-350.87476,84.048775,4.773333,5.096
-350.04648,83.488754,4.7737327,5.0948014
-349.2182,82.92872,4.7741985,5.0936027
-348.38995,82.368675,4.774798,5.092404
-347.5617,81.808624,4.7753973,5.091205
-346.73346,81.24856,4.7759967,5.0900064
-345.9052,80.68848,4.776596,5.0888076
-345.077,80.128395,4.7771955,5.087609
-344.24878,79.5683,4.777795,5.08641
-343.42056,79.0082,4.778394,5.0852113
-342.59235,78.44809,4.7789936,5.0840125
-341.76413,77.88797,4.779593,5.0828137
-340.93594,77.32784,4.7801285,5.081615
-340.10773,76.76771,4.780528,5.080416
-339.27954,76.20757,4.7809277,5.0792174
-338.45135,75.64742,4.7813272,5.0780187
-337.62317,75.08727,4.781727,5.07682
-336.79498,74.527115,4.7821894,5.075621
-335.96683,73.96696,4.7827888,5.0744224
-335.13864,73.40679,4.783388,5.0732236
-334.31046,72.84662,4.7839875,5.072025
-333.4823,72.286446,4.784587,5.070826
-332.65414,71.72627,4.7851243,5.0696273
-331.82596,71.16609,4.785524,5.0684285
-330.9978,70.60591,4.7859235,5.0672297
-330.16965,70.04573,4.786323,5.066031
-329.3415,69.48554,4.7867227,5.064832
-328.5133,68.925354,4.7871833,5.063572
-327.68515,68.36517,4.7877827,5.0621734
-326.857,67.804985,4.788382,5.060775
-326.02884,67.2448,4.7889814,5.0593762
-325.20068,66.684616,4.789581,5.0579777
-324.3725,66.12443,4.79012,5.056639
-323.54434,65.56425,4.7905197,5.0554404
-322.7162,65.00407,4.7909193,5.0542417
-321.88803,64.443886,4.791319,5.053043
-321.05984,63.88371,4.7917185,5.051844
-320.2317,63.323536,4.792177,5.0506454
-319.4035,62.763367,4.7927766,5.0494466
-318.57535,62.2032,4.793376,5.048248
-317.74716,61.64304,4.7939754,5.047049
-316.91898,61.082882,4.7945747,5.0458503
-316.0908,60.52273,4.795116,5.0446515
-315.2626,59.962585,4.7955155,5.0434527
-314.43442,59.402447,4.795915,5.042254
-313.6062,58.842316,4.7963147,5.041055
-312.778,58.28219,4.7967143,5.0398564
-311.9498,57.72207,4.797171,5.0386577
-311.12158,57.16196,4.7977705,5.037459
-310.29337,56.601856,4.79837,5.03626
-309.46515,56.041763,4.7989693,5.0350614
-308.63693,55.481678,4.7995687,5.0338626
-307.8087,54.9216,4.800168,5.032664
-306.98044,54.361538,4.8007674,5.031465
-306.1522,53.801483,4.801367,5.0302663
-305.32394,53.241436,4.801966,5.0290675
-304.49567,52.681404,4.8025656,5.0278687
-303.6674,52.121384,4.80311,5.02667
-302.8391,51.56137,4.8035097,5.025471
-302.01083,51.001373,4.8039093,5.0242724
-301.18253,50.44139,4.804309,5.0230737
-300.35422,49.88142,4.8047085,5.021875
-299.5259,49.32146,4.805162,5.020676
-298.6976,48.761517,4.8057613,5.0194774
-297.86926,48.201588,4.8063607,5.0182786
-297.04092,47.641674,4.80696,5.01708
-296.21255,47.081776,4.8075595,5.015881
-295.3842,46.521893,4.808106,5.0146823
-294.55582,45.962025,4.8085055,5.0134835
-293.72742,45.402176,4.808905,5.0122848
-292.89902,44.842342,4.8093047,5.011086
-292.07062,44.282528,4.8097043,5.009887
-291.2422,43.72273,4.810156,5.0086884
-290.41376,43.16295,4.8107553,5.0074897
-289.5853,42.603188,4.8113546,5.006291
-288.75684,42.043446,4.811954,5.005092
-287.92838,41.483727,4.8125534,5.0038934
-287.09988,40.924023,4.813102,5.0026946
-286.2714,40.36434,4.8135014,5.001496
-285.44287,39.80468,4.813901,5.000297
-284.61435,39.24504,4.8143005,4.9990983
-283.7858,38.68542,4.8147,4.9978995
-282.95724,38.125828,4.81515,4.9967003
-282.12866,37.566254,4.815749,4.9955015
-281.30008,37.006702,4.8163486,4.9943027
-280.47147,36.447174,4.816948,4.993104
-279.64285,35.887672,4.8175473,4.991905
-278.8142,35.328194,4.8180976,4.9907064
-277.98553,34.768738,4.818497,4.9895077
-277.15686,34.20931,4.818897,4.988309
-276.3282,33.649902,4.8192964,4.98711
-275.49948,33.090527,4.819696,4.9859114
-274.67075,32.531174,4.8201437,4.9847126
-273.842,31.971848,4.820743,4.983514
-273.01324,31.41255,4.8213425,4.982315
-272.18448,30.85328,4.821942,4.9811163
-271.35568,30.294035,4.822541,4.9799175
-270.52686,29.734821,4.8231406,4.9787188
-269.69803,29.175636,4.82374,4.97752
-268.86917,28.61648,4.8243394,4.976321
-268.04028,28.057352,4.824939,4.9751225
-267.2114,27.498257,4.825538,4.9739237
-266.38248,26.93919,4.826092,4.972725
-265.55353,26.380156,4.8264914,4.971526
-264.72458,25.821152,4.826891,4.9703274
-263.8956,25.262178,4.8272905,4.9691286
-263.0666,24.70324,4.82769,4.96793
-262.23758,24.144331,4.8281345,4.9666862
-261.4085,23.585457,4.828734,4.9652877
-260.57944,23.026617,4.8293333,4.9638886
-259.75037,22.46781,4.8299327,4.96249
-258.92123,21.909037,4.830532,4.9610915
-258.0921,21.3503,4.8310876,4.959737
-257.26294,20.791595,4.831487,4.958538
-256.43375,20.232925,4.831887,4.9573393
-255.60455,19.674288,4.8322864,4.9561405
-254.77533,19.115683,4.832686,4.9549417
-253.94608,18.55711,4.8331285,4.953743
-253.1168,17.998566,4.833728,4.952544
-252.28752,17.440052,4.834327,4.9513454
-251.4582,16.881569,4.8349266,4.9501467
-250.62888,16.323112,4.835526,4.948948
-249.79953,15.764683,4.836084,4.947749
-248.97017,15.206281,4.8364835,4.9465504
-248.14078,14.647904,4.836883,4.9453516
-247.31139,14.089554,4.8372827,4.944153
-246.48196,13.531226,4.8376822,4.942954
-245.65254,12.972923,4.8381224,4.941755
-244.82309,12.414643,4.8387218,4.940556
-243.99362,11.856385,4.839321,4.9393573
-243.16415,11.298148,4.8399205,4.9381585
-242.33466,10.739932,4.84052,4.9369597
-241.50516,10.181736,4.8410797,4.935761
-240.67564,9.623558,4.8414793,4.934562
-239.84612,9.065399,4.841879,4.9333634
-239.01657,8.507257,4.8422785,4.9321647
-238.18703,7.949132,4.842678,4.930966
-237.35747,7.3910227,4.8431163,4.929767
-236.5279,6.832928,4.8437157,4.9285684
-235.6983,6.2748485,4.844315,4.9273696
-234.86871,5.716782,4.8449144,4.926171
-234.03912,5.1587286,4.8455143,4.924972
-233.2095,4.6006875,4.8461137,4.9237733
-232.3799,4.042658,4.846713,4.922574
-231.55028,3.4846387,4.8473125,4.9213753
-230.72064,2.926629,4.847912,4.9201765
-229.891,2.3686287,4.848511,4.9189777
-229.06137,1.8106364,4.8490734,4.917779
-228.23172,1.2526516,4.8494735,4.91658
-227.40207,0.69467336,4.849873,4.9153814
-226.57242,0.13670102,4.8502727,4.9141827
-225.74277,-0.4212661,4.8506722,4.912984
-224.9131,-0.9792288,4.8511076,4.911785
-224.08344,-1.5371878,4.851707,4.9105864
-223.25377,-2.095144,4.8523064,4.9093876
-222.4241,-2.6530979,4.8529058,4.908189
-221.59444,-3.2110507,4.853505,4.90699
-220.76477,-3.769003,4.8540697,4.905791
-219.9351,-4.3269553,4.8544693,4.904592
-219.10544,-4.884909,4.854869,4.9033933
-218.27577,-5.4428644,4.8552685,4.9021945
-217.4461,-6.000822,4.855668,4.9009957
-216.61644,-6.5587835,4.8561015,4.899797
-215.78679,-7.116749,4.856701,4.898598
-214.95714,-7.6747184,4.8573003,4.8973994
-214.12749,-8.232695,4.8578997,4.8962007
-213.29784,-8.790676,4.858499,4.895002
-212.46819,-9.348665,4.8590655,4.893803
-211.63855,-9.906662,4.859465,4.8926044
-210.80893,-10.464667,4.8598647,4.8914056
-209.9793,-11.022683,4.8602643,4.8902063
-209.14967,-11.5807085,4.860664,4.8890076
-208.32007,-12.138744,4.8610954,4.887809
-207.49046,-12.696793,4.861695,4.88661
-206.66087,-13.254854,4.862294,4.8854113
-205.83128,-13.812928,4.8628936,4.8842125
-205.00171,-14.3710165,4.863493,4.8830137
-204.17215,-14.929119,4.8640924,4.881815
-203.34259,-15.487238,4.8646917,4.880616
-202.51305,-16.045374,4.865291,4.8794174
-201.6835,-16.603525,4.865891,4.8782187
-200.85399,-17.161695,4.8664904,4.87702
-200.02448,-17.719883,4.8670597,4.8758206
-199.19499,-18.278091,4.8674593,4.874622
-198.36551,-18.83632,4.867859,4.873423
-197.53604,-19.39457,4.8682585,4.8722243
-196.70659,-19.95284,4.868658,4.8710256
-195.87715,-20.511135,4.8690867,4.869798
-195.04773,-21.069452,4.869686,4.868399
-194.21832,-21.627792,4.8702855,4.8670006
-193.38893,-22.18616,4.870885,4.865602
-192.55956,-22.74455,4.8714843,4.8642035
-191.7302,-23.302969,4.8720555,4.8628325
-190.90086,-23.861414,4.872455,4.861634
-190.07155,-24.419886,4.872855,4.860435
-189.24225,-24.978388,4.873255,4.8592362
-188.41298,-25.536919,4.8736544,4.8580375
-187.58371,-26.09548,4.8740807,4.8568387
-186.75449,-26.654072,4.87468,4.85564
-185.92526,-27.212696,4.8752794,4.854441
-185.09607,-27.771353,4.875879,4.8532424
-184.26689,-28.330044,4.876478,4.8520436
-183.43774,-28.888767,4.877052,4.850845
-182.60863,-29.447525,4.8774514,4.8496456
-181.77953,-30.006319,4.877851,4.848447
-180.95045,-30.565151,4.8782506,4.847248
-180.1214,-31.124018,4.87865,4.8460493
-179.29237,-31.682924,4.8790746,4.8448505
-178.46338,-32.241867,4.879674,4.843652
-177.6344,-32.800854,4.8802733,4.842453
-176.80545,-33.359875,4.8808727,4.841254
-175.97653,-33.91894,4.881472,4.8400555
-175.14764,-34.478046,4.8820477,4.8388567
-174.31879,-35.037197,4.8824472,4.837658
-173.48996,-35.59639,4.882847,4.8364587
-172.66115,-36.15563,4.8832464,4.83526
-171.83238,-36.71491,4.883646,4.834061
-171.00363,-37.274235,4.88455,4.8334126
-170.17493,-37.833607,4.8893456,4.837009
-169.34625,-38.39303,4.8941407,4.8406057
-168.51761,-38.952496,4.898936,4.844202
-167.689,-39.512012,4.9037313,4.8477983
-166.86041,-40.07158,4.9091406,4.8520746
-166.03186,-40.631195,4.9195304,4.861865
-165.20335,-41.190865,4.92992,4.8716555
-164.37488,-41.750584,4.9403095,4.881446
-163.54643,-42.310352,4.9506993,4.891236
-162.71803,-42.87018,4.961068,4.901047
-161.88966,-43.430058,4.971258,4.9110374
-161.06133,-43.98999,4.981448,4.9210277
-160.23303,-44.54998,4.9916377,4.9310174
-159.40479,-45.110023,5.0018277,4.9410076
-158.57657,-45.670128,5.0120378,4.950978
-157.74838,-46.230286,5.0224276,4.960768
-156.92024,-46.790504,5.032817,4.9705586
-156.09215,-47.35078,5.0432067,4.9803486
-155.26408,-47.91112,5.0535965,4.990139
-154.43607,-48.471523,5.0639863,4.9999485
-153.6081,-49.031986,5.074376,5.0099382
-152.78017,-49.59251,5.0847654,5.0199285
-151.95227,-50.153095,5.0951552,5.0299187
-151.12442,-50.71374,5.105545,5.0399084
-150.29662,-51.27445,5.1159167,5.049881
-149.46884,-51.835213,5.1261067,5.059671
-148.64111,-52.396034,5.1362963,5.0694613
-147.81342,-52.956905,5.1464863,5.079252
-146.98576,-53.51783,5.1566763,5.0890417
-146.15813,-54.078804,5.166883,5.0988493
-145.33054,-54.639824,5.177273,5.108839
-144.50298,-55.200886,5.1876626,5.1188293
-143.67543,-55.76199,5.198052,5.1288195
-142.84792,-56.323135,5.2084417,5.138809
-142.02043,-56.884315,5.2188315,5.148783
-141.19296,-57.44553,5.229221,5.1585736
-140.36552,-58.006775,5.2396107,5.168364
-139.5381,-58.568054,5.25,5.178154
-138.7107,-59.12936,5.26039,5.1879444
-137.88332,-59.690693,5.2707644,5.1977344
-137.05595,-60.252045,5.2809544,5.207525
-136.22859,-60.813423,5.291144,5.2173147
-135.40125,-61.374817,5.301334,5.227105
-134.57391,-61.936226,5.3115234,5.236895
-133.7466,-62.49765,5.3217273,5.2466993
-132.91928,-63.05909,5.332117,5.2566895
-132.09198,-63.620533,5.3425064,5.2666793
-131.26468,-64.18199,5.352896,5.276669
-130.43738,-64.74345,5.3632855,5.2866592
-129.61008,-65.30491,5.373662,5.296636
-128.78278,-65.86637,5.3838515,5.306426
-127.95548,-66.42783,5.3940415,5.3162165
-127.12819,-66.98929,5.404231,5.3260064
-126.30088,-67.55074,5.4144206,5.3357964
-125.47357,-68.11218,5.4246225,5.3455987
-124.646255,-68.673615,5.435012,5.3555884
-123.81893,-69.23503,5.445401,5.365578
-122.99159,-69.79643,5.4557905,5.375568
-122.164246,-70.35782,5.46618,5.3855577
-121.33688,-70.91919,5.4765697,5.3955364
-120.50951,-71.48053,5.486959,5.4053264
-119.68211,-72.04185,5.4973483,5.4151163
-118.8547,-72.60314,5.5077376,5.4249063
-118.02727,-73.164406,5.518127,5.434696
-117.199814,-73.72563,5.5285063,5.4444866
-116.372345,-74.286835,5.538696,5.454276
-115.544846,-74.848,5.5488853,5.464066
-114.717316,-75.40912,5.5590744,5.473856
-113.88976,-75.97021,5.569264,5.483646
-113.06218,-76.53125,5.5794625,5.4934444
-112.23457,-77.09224,5.5898514,5.503434
-111.40693,-77.65319,5.6002407,5.513424
-110.57925,-78.21409,5.61063,5.523413
-109.75153,-78.77494,5.621019,5.533403
-108.92378,-79.33573,5.6314006,5.5433846
-108.096,-79.89647,5.6415896,5.5531745
-107.26817,-80.457146,5.651779,5.562964
-106.4403,-81.01777,5.661968,5.572754
-105.61239,-81.57832,5.6721573,5.5825434
-104.78444,-82.13882,5.6823535,5.59234
-103.956436,-82.699234,5.6927423,5.6023293
-103.12839,-83.25959,5.7031317,5.6123185
-102.30029,-83.81987,5.7135205,5.6223083
-101.472145,-84.38007,5.7239094,5.6322975
-100.64394,-84.9402,5.734298,5.642281
-99.81568,-85.500244,5.744687,5.6520705
-98.98737,-86.06021,5.755076,5.66186
-98.15901,-86.6201,5.765465,5.6716495
-97.330605,-87.17992,5.7758536,5.681439
-96.502144,-87.739655,5.7862377,5.691233
-95.67364,-88.29933,5.796427,5.7012224
-94.845085,-88.85894,5.806616,5.7112117
-94.01649,-89.41849,5.816805,5.721201
-93.18786,-89.97798,5.826994,5.73119
-92.35919,-90.537415,5.8371863,5.7411757
-91.530495,-91.09681,5.847575,5.750965
-90.70177,-91.65616,5.857964,5.7607546
-89.87302,-92.21546,5.868353,5.770544
-89.044235,-92.774734,5.8787413,5.7803335
-88.21543,-93.33397,5.88913,5.7901225
-87.38661,-93.89318,5.899519,5.7999125
-86.55778,-94.45236,5.909908,5.809702
-85.72892,-95.01153,5.9202967,5.8194914
-84.90006,-95.57068,5.9306855,5.829281
-84.07119,-96.129814,5.941073,5.8390718
-83.24231,-96.688934,5.9512625,5.849061
-82.41343,-97.24806,5.9614515,5.8590508
-81.58455,-97.80718,5.971641,5.86904
-80.75568,-98.3663,5.98183,5.8790293
-79.926796,-98.92543,5.9920197,5.8890185
-79.09793,-99.48457,6.002409,5.8988085
-78.26907,-100.04373,6.0127983,5.9085984
-77.44023,-100.602905,6.0231876,5.9183884
-76.611404,-101.1621,6.033577,5.9281783
-75.78259,-101.72133,6.043966,5.937968
-74.953804,-102.28059,6.0541563,5.9479575
-74.12504,-102.839874,6.0643463,5.9579473
-73.2963,-103.39921,6.0745363,5.9679375
-72.46759,-103.95858,6.084726,5.977927
-71.63891,-104.518,6.094916,5.9879174
-70.810265,-105.07747,6.1053042,5.9977098
-69.98166,-105.63699,6.115694,6.0075
-69.15308,-106.19657,6.126084,6.0172906
-68.32456,-106.75622,6.136474,6.0270815
-67.49608,-107.315926,6.146864,6.036872
-66.66765,-107.87571,6.1572547,6.046663
-65.839264,-108.43557,6.167645,6.0564537
-65.01093,-108.99551,6.1780353,6.066245
-64.182655,-109.55552,6.188426,6.076036
-63.354435,-110.115616,6.1988163,6.085827
-62.52627,-110.675804,6.209011,6.0958147
-61.698174,-111.236084,6.2192025,6.1058064
-60.870144,-111.79646,6.2293935,6.1157975
-60.04219,-112.35695,6.2395844,6.1257887
-59.214314,-112.91756,6.249776,6.1357803
-58.386517,-113.47829,6.2601633,6.145577
-57.558804,-114.03912,6.270555,6.155369
-56.731155,-114.600075,6.2809463,6.165161
-55.903576,-115.16112,6.291338,6.174953
-55.076054,-115.722244,6.3017297,6.1847453
-54.248585,-116.283455,6.3119273,6.1947327
-53.421207,-116.844795,6.3221197,6.2047253
-52.593956,-117.40632,6.3323126,6.214718
-51.766865,-117.96809,6.342505,6.224711
-50.93998,-118.53015,6.3526974,6.2347035
-50.113304,-119.09253,6.363085,6.244503
-49.286728,-119.65505,6.373478,6.2542963
-48.460102,-120.2175,6.383871,6.26409
-47.633278,-120.779655,6.394264,6.273884
-46.806107,-121.34131,6.4046574,6.283677
-45.978374,-121.90213,6.4150558,6.2936687
-45.149582,-122.46137,6.4254537,6.303667
-44.31914,-123.01817,6.435852,6.3136654
-43.486485,-123.571655,6.44625,6.3236637
-42.651047,-124.120926,6.456648,6.333661
-41.812305,-124.66514,6.595051,6.453876
-40.969833,-125.20356,6.7379403,6.577954
-40.12325,-125.73549,6.880835,6.7020364
-39.272186,-126.26022,7.0237412,6.8261285
-38.41629,-126.77704,7.1666613,6.9502325
-37.555195,-127.28513,7.390218,7.143536
-36.688377,-127.7834,7.6162977,7.339005
-35.815308,-128.27063,7.8423467,7.534447
-34.935513,-128.7456,8.068321,7.7298255
-34.048565,-129.20708,8.2941675,7.9250927
-33.153824,-129.65326,8.441631,8.0511265
-32.249588,-130.07985,8.586648,8.174999
-31.334112,-130.48172,8.731741,8.298937
-30.406025,-130.85349,8.8769245,8.422952
-29.464449,-131.18956,9.022138,8.546992
-28.509214,-131.48457,9.003375,8.525102
-27.54116,-131.73425,8.977728,8.4970875
-26.561731,-131.93463,8.952101,8.469095
-25.572912,-132.0817,8.926512,8.441144
-24.577288,-132.1716,8.900993,8.41327
-23.578003,-132.20033,8.948972,8.4006195
-22.579134,-132.16084,9.006706,8.389995
-21.5864,-132.04414,9.064585,8.379344
-20.607843,-131.84073,9.1226635,8.368655
-19.654339,-131.54146,9.180844,8.357949
-18.738682,-131.14107,9.090438,8.296655
-17.87053,-130.64595,8.985939,8.230666
-17.05722,-130.06508,8.881708,8.164847
-16.30554,-129.40637,8.777544,8.099071
-15.6224575,-128.67677,8.651891,8.02157
-15.013977,-127.883896,8.402028,7.842959
-14.480853,-127.03843,8.152149,7.6642175
-14.021482,-126.15067,7.902256,7.4855156
-13.633388,-125.22947,7.6523533,7.3067217
-13.313873,-124.28229,7.428385,7.1554375
-13.05787,-123.31594,7.294726,7.0938706
-12.854492,-122.33711,7.161014,7.03228
-12.691211,-121.35075,7.0274534,6.9707584
-12.555135,-120.36024,6.894033,6.9093018
-12.4333515,-119.36784,6.7815723,6.858721
-12.316256,-118.3749,6.7541084,6.852247
-12.201649,-117.38166,6.7266164,6.8457665
-12.088333,-116.388275,6.699106,6.839282
-11.975107,-115.39488,6.671588,6.8327956
-11.860762,-114.40161,6.647867,6.8256884
-11.744461,-113.40857,6.656014,6.8133693
-11.626444,-112.415726,6.664158,6.8010535
-11.50714,-111.42304,6.672301,6.78874
-11.386978,-110.43046,6.680443,6.7764277
-11.266389,-109.43793,6.688603,6.764124
-11.14572,-108.44541,6.6969995,6.7519293
-11.025064,-107.45289,6.7053967,6.7397337
-10.904465,-106.46036,6.713794,6.727537
-10.783963,-105.46781,6.722192,6.7153406
-10.6636,-104.47526,6.7305765,6.7031426
-10.543423,-103.48267,6.7387886,6.690924
-10.423494,-102.49007,6.7470007,6.678706
-10.303882,-101.49741,6.755213,6.666488
-10.184652,-100.50472,6.763425,6.6542706
-10.065871,-99.51197,6.7711706,6.642674
-9.947586,-98.519165,6.773373,6.6384697
-9.829783,-97.5263,6.7755756,6.634265
-9.712438,-96.53338,6.777778,6.63006
-9.595522,-95.54041,6.77998,6.625856
-9.47901,-94.54739,6.7819667,6.6219835
-9.362881,-93.55433,6.7815666,6.6217833
-9.247127,-92.561226,6.781166,6.621583
-9.131745,-91.56808,6.780766,6.621383
-9.016732,-90.57488,6.780366,6.621183
-8.902083,-89.58165,6.779948,6.6209826
-8.787794,-88.58837,6.779348,6.620783
-8.673856,-87.595055,6.778748,6.6205826
-8.560257,-86.6017,6.7781477,6.620383
-8.44699,-85.60831,6.7775474,6.6201825
-8.334044,-84.614876,6.7769647,6.619965
-8.22141,-83.621414,6.776565,6.619565
-8.109078,-82.627914,6.776165,6.619165
-7.997042,-81.634384,6.775765,6.618765
-7.885293,-80.640816,6.775365,6.618365
-7.773823,-79.647224,6.774965,6.6179824
-7.662623,-78.653595,6.774565,6.6177826
-7.5516853,-77.65994,6.774165,6.617583
-7.441001,-76.66626,6.7737656,6.6173825
-7.330562,-75.67255,6.7733655,6.6171827
-7.2203593,-74.67881,6.7729483,6.616983
-7.110385,-73.68504,6.772349,6.616783
-7.00063,-72.69126,6.771749,6.616583
-6.8910856,-71.69745,6.7711496,6.616383
-6.7817445,-70.70361,6.77055,6.6161833
-6.6725974,-69.70976,6.769967,6.6159835
-6.5636363,-68.71589,6.769567,6.6157837
-6.4548526,-67.72199,6.7691674,6.615584
-6.3462377,-66.72808,6.768768,6.615384
-6.237783,-65.73415,6.7683682,6.6151843
-6.129481,-64.740204,6.767953,6.614969
-6.021322,-63.746243,6.7673535,6.614569
-5.913298,-62.752266,6.766754,6.614169
-5.8054013,-61.758274,6.766155,6.6137695
-5.6976233,-60.76427,6.7655554,6.61337
-5.589955,-59.770256,6.764971,6.612985
-5.4823875,-58.77623,6.764571,6.6127853
-5.374914,-57.782192,6.7641716,6.6125855
-5.267525,-56.788147,6.763772,6.6123857
-5.1602125,-55.794094,6.7633724,6.6121864
-5.0529675,-54.800034,6.762973,6.6119866
-4.9457827,-53.805965,6.7625732,6.611787
-4.8386483,-52.811893,6.7621737,6.611587
-4.731557,-51.817814,6.7617745,6.6113873
-4.6244993,-50.823734,6.761375,6.6111875
-4.5174675,-49.82965,6.760963,6.6109753
-4.4104533,-48.835564,6.760364,6.6105757
-4.3034477,-47.841476,6.7597647,6.6101766
-4.196443,-46.84739,6.7591653,6.609777
-4.0894313,-45.853302,6.7585664,6.6093774
-3.9824042,-44.85922,6.757978,6.6089892
-3.8753536,-43.86514,6.7575784,6.6087894
-3.7682698,-42.87106,6.7571793,6.6085896
-3.6611438,-41.876984,6.7567797,6.60839
-3.5539663,-40.882915,6.75638,6.60819
-3.446728,-39.888855,6.755971,6.6079903
-3.3394213,-38.894802,6.7553716,6.6077905
-3.2320445,-37.900753,6.7547727,6.6075907
-3.1245966,-36.906715,6.7541733,6.607391
-3.0170772,-35.91268,6.7535744,6.6071916
-2.9094858,-34.91866,6.752983,6.606983
-2.8018222,-33.924644,6.752584,6.6065836
-2.6940873,-32.930634,6.7521844,6.6061845
-2.5862827,-31.936634,6.751785,6.605785
-2.47841,-30.942642,6.751385,6.6053853
-2.3704705,-29.948656,6.7509856,6.604993
-2.2624655,-28.954678,6.7505865,6.604793
-2.154396,-27.960705,6.750187,6.6045933
-2.0462632,-26.96674,6.7497873,6.6043935
-1.938068,-25.972782,6.7493877,6.6041937
-1.8298113,-24.97883,6.7489824,6.6039944
-1.7214942,-23.984886,6.748383,6.6037946
-1.6131176,-22.990948,6.747784,6.603595
-1.5046827,-21.997017,6.7471848,6.603395
-1.3961905,-21.00309,6.7465854,6.603195
-1.2876422,-20.00917,6.7459908,6.6029954
-1.1790388,-19.015257,6.745591,6.6027956
-1.0703813,-18.021349,6.7451916,6.602596
-0.9616708,-17.027447,6.744792,6.602396
-0.85290843,-16.033552,6.744393,6.602196
-0.7440952,-15.03966,6.7439933,6.601993
-0.63523227,-14.045775,6.7435937,6.6015935
-0.5263206,-13.051896,6.743194,6.601194
-0.4173612,-12.058022,6.7427945,6.6007943
-0.3083552,-11.064152,6.742395,6.600395
-0.19930372,-10.070288,6.7419934,6.5999975
-0.090207696,-9.076427,6.741394,6.599798
0.018931754,-8.082573,6.7407947,6.5995984
0.12811357,-7.0887227,6.7401953,6.5993986
0.2373367,-6.0948772,6.739596,6.599199
0.34660006,-5.101036,6.738998,6.598999
0.4559026,-4.1071987,6.7385983,6.598799
0.56524324,-3.1133661,6.7381988,6.5985994
0.6746209,-2.1195376,6.737799,6.5983996
0.7840345,-1.1257129,6.7373996,6.5982
