# x_m,y_m,w_tr_right_m,w_tr_left_m
1.242679,-1.293111,7.288,7.487
0.52070063,-1.9849647,7.2917986,7.4834013
-0.20126146,-2.6768355,7.295597,7.479803
-0.92320716,-3.3687234,7.2993956,7.4762044
-1.6451362,-4.0606284,7.303194,7.4726057
-2.3670485,-4.752551,7.3069925,7.4690075
-3.088944,-5.444492,7.313983,7.460421
-3.810822,-6.13645,7.32098,7.451824
-4.532683,-6.8284264,7.327977,7.443228
-5.2545266,-7.520421,7.3349743,7.4346313
-5.976352,-8.212434,7.341972,7.426035
-6.69816,-8.904466,7.348969,7.4174385
-7.41995,-9.596516,7.355966,7.4088416
-8.141722,-10.288586,7.362963,7.400245
-8.863475,-10.980674,7.3699603,7.391649
-9.585209,-11.672782,7.3769574,7.3830523
-10.306925,-12.36491,7.383756,7.3744555
-11.028622,-13.057057,7.3905535,7.365859
-11.750299,-13.749225,7.3973503,7.3572626
-12.471958,-14.441412,7.4041476,7.348666
-13.193597,-15.13362,7.410945,7.3400693
-13.9152155,-15.825849,7.4179406,7.331473
-14.636814,-16.518099,7.4249377,7.3228765
-15.358394,-17.21037,7.431935,7.31428
-16.079952,-17.90266,7.438932,7.3056836
-16.80149,-18.594973,7.445929,7.2970867
-17.523008,-19.287308,7.4529266,7.2884903
-18.244505,-19.979662,7.4599237,7.279894
-18.96598,-20.67204,7.466921,7.2712975
-19.687435,-21.36444,7.473918,7.2627006
-20.408869,-22.056862,7.480915,7.254104
-21.130281,-22.749308,7.487715,7.245705
-21.851671,-23.441774,7.494512,7.2373085
-22.573038,-24.134264,7.5013094,7.228912
-23.294384,-24.826778,7.5081067,7.2205153
-24.015709,-25.519314,7.5149035,7.212119
-24.73701,-26.211874,7.5218983,7.203525
-25.458288,-26.904457,7.5288954,7.1949286
-26.179544,-27.597063,7.5358925,7.186332
-26.900776,-28.289696,7.5428896,7.177736
-27.621986,-28.98235,7.5498867,7.1691394
-28.343172,-29.67503,7.556884,7.1605425
-29.064335,-30.367735,7.563881,7.151946
-29.785473,-31.060463,7.570878,7.1433496
-30.506588,-31.753218,7.577875,7.134753
-31.227678,-32.445995,7.5848722,7.126157
-31.948746,-33.1388,7.5830374,7.130514
-32.66979,-33.83163,7.581038,7.1351123
-33.390804,-34.524487,7.579039,7.1397104
-34.111797,-35.217365,7.5770397,7.1443086
-34.832764,-35.910275,7.5750403,7.1489067
-35.553707,-36.603207,7.5726495,7.1540923
-36.274624,-37.29617,7.5702505,7.1592903
-36.995514,-37.989155,7.5678515,7.164488
-37.716377,-38.682167,7.5654526,7.169686
-38.437218,-39.37521,7.5630536,7.174884
-39.15803,-40.068275,7.5606546,7.1800814
-39.87882,-40.76137,7.5582557,7.1852794
-40.599575,-41.454494,7.5558567,7.1904774
-41.32031,-42.147648,7.5534577,7.195675
-42.041016,-42.840824,7.551059,7.200873
-42.761696,-43.53403,7.54866,7.206266
-43.48235,-44.22727,7.546261,7.2116632
-44.202972,-44.92053,7.543862,7.217061
-44.92357,-45.613823,7.541463,7.222459
-45.64414,-46.307144,7.539064,7.2278566
-46.36468,-47.000496,7.536665,7.23306
-47.085194,-47.693874,7.534266,7.2382574
-47.805676,-48.387283,7.531867,7.2434554
-48.526134,-49.080723,7.529468,7.248653
-49.24656,-49.774193,7.527069,7.253851
-49.966957,-50.46769,7.52467,7.2590485
-50.68733,-51.16122,7.522271,7.2642465
-51.40767,-51.85478,7.519872,7.269444
-52.12798,-52.54837,7.517473,7.274642
-52.84826,-53.24199,7.5150743,7.2798395
-53.56851,-53.935642,7.5126753,7.285231
-54.28873,-54.629326,7.5102763,7.290629
-55.008923,-55.32304,7.5078773,7.296026
-55.72908,-56.01679,7.5054784,7.301424
-56.44921,-56.710564,7.5030794,7.306822
-57.169308,-57.404373,7.5006804,7.312026
-57.889378,-58.098217,7.4982815,7.3172235
-58.609413,-58.79209,7.4958825,7.3224216
-59.32942,-59.486,7.4934835,7.327619
-60.049393,-60.17994,7.4910846,7.3328166
-60.769333,-60.87391,7.4886856,7.3380146
-61.489243,-61.567917,7.4862866,7.343212
-62.20912,-62.261955,7.4838877,7.3484097
-62.928967,-62.956028,7.4814887,7.3536077
-63.64878,-63.650135,7.4790897,7.358805
-64.36856,-64.34428,7.4766912,7.3641953
-65.08831,-65.038445,7.4742923,7.3695927
-65.80802,-65.73266,7.4718933,7.3749905
-66.5277,-66.426895,7.4694943,7.380388
-67.24735,-67.12118,7.4670954,7.3857856
-67.966965,-67.81549,7.4646964,7.3909907
-68.68655,-68.509834,7.4622974,7.3961883
-69.4061,-69.204216,7.459899,7.4013863
-70.12561,-69.898636,7.4575,7.406584
-70.845085,-70.59309,7.455101,7.4117813
-71.56453,-71.287575,7.452702,7.416979
-72.28394,-71.9821,7.450303,7.4221764
-73.00331,-72.67667,7.447904,7.427374
-73.72266,-73.37126,7.4455056,7.4325714
-74.441956,-74.065895,7.4431067,7.437769
-75.161224,-74.76057,7.4407077,7.4431577
-75.88046,-75.45527,7.4383087,7.448555
-76.599655,-76.15002,7.43591,7.4539523
-77.31882,-76.844795,7.4335113,7.4593496
-78.03794,-77.53962,7.4311123,7.4647474
-78.757034,-78.234474,7.428523,7.469954
-79.47608,-78.92937,7.4259243,7.4751515
-80.1951,-79.6243,7.4233255,7.480349
-80.91408,-80.31927,7.420727,7.4855466
-81.63302,-81.01428,7.418128,7.490744
-82.35192,-81.70933,7.4157195,7.495941
-83.07079,-82.40441,7.4133205,7.5011387
-83.78962,-83.09954,7.4109216,7.506336
-84.50841,-83.7947,7.408523,7.5115337
-85.227165,-84.48991,7.406124,7.5167313
-85.94588,-85.18515,7.403725,7.522118
-86.66456,-85.88043,7.4013267,7.5275154
-87.383194,-86.57575,7.3989277,7.5329127
-88.10179,-87.27112,7.396529,7.5383096
-88.82035,-87.96652,7.39413,7.543707
-89.53887,-88.661964,7.3917313,7.5489154
-90.257355,-89.35745,7.389333,7.5541124
-90.9758,-90.05298,7.386934,7.55931
-91.6942,-90.74854,7.3845353,7.564507
-92.41257,-91.444145,7.3821363,7.5697045
-93.13088,-92.1398,7.379738,7.5749016
-93.84917,-92.83549,7.377339,7.580099
-94.56741,-93.53122,7.3749404,7.585296
-95.285614,-94.227,7.3725414,7.5904937
-96.00377,-94.92281,7.370143,7.5956907
-96.72189,-95.61867,7.367744,7.600888
-97.439964,-96.31457,7.3653455,7.6060853
-98.158005,-97.01051,7.3629465,7.6112823
-98.876,-97.7065,7.360548,7.6164794
-99.593956,-98.40253,7.358149,7.621677
-100.31187,-99.0986,7.3557506,7.6270614
-101.02974,-99.794716,7.353352,7.632458
-101.74757,-100.490875,7.350953,7.6378555
-102.46535,-101.18708,7.3485546,7.6432524
-103.18309,-101.88333,7.3461556,7.648649
-103.90079,-102.57962,7.343757,7.6538596
-104.618454,-103.27595,7.3413587,7.6590567
-105.336105,-103.97229,7.3389597,7.6642537
-106.05375,-104.66864,7.336561,7.6694508
-106.7714,-105.36498,7.3341627,7.674648
-107.489075,-106.061295,7.3317637,7.679845
-108.20679,-106.757576,7.3293653,7.685042
-108.924545,-107.453804,7.326967,7.690239
-109.64237,-108.14996,7.324568,7.6954365
-110.360275,-108.84605,7.3221693,7.7006335
-111.07827,-109.54203,7.3197703,7.7060165
-111.79637,-110.23791,7.317372,7.7114134
-112.514595,-110.93366,7.314973,7.7168107
-113.23295,-111.62928,7.3125744,7.7222075
-113.95145,-112.324745,7.3101754,7.727605
-114.67011,-113.02004,7.307777,7.732817
-115.38895,-113.715164,7.305378,7.738014
-116.10797,-114.41009,7.302979,7.7432117
-116.827194,-115.1048,7.3005805,7.7484093
-117.54664,-115.79929,7.2981815,7.753607
-118.26631,-116.493546,7.2957826,7.7588043
-118.98622,-117.187546,7.2933836,7.7640023
-119.7064,-117.88128,7.2909846,7.7692
-120.42684,-118.57473,7.2885857,7.774398
-121.14757,-119.26789,7.2861867,7.7795954
-121.86859,-119.96074,7.2837877,7.784978
-122.58993,-120.65326,7.2813888,7.7903757
-123.31159,-121.34544,7.2789893,7.795774
-124.03359,-122.03728,7.2765903,7.801172
-124.75594,-122.72874,7.2741914,7.80657
-125.47866,-123.419815,7.271792,7.8117843
-126.20176,-124.110504,7.2693925,7.8169827
-126.92525,-124.80077,7.266993,7.822181
-127.64915,-125.490616,7.264594,7.8273797
-128.37346,-126.18002,7.2621946,7.832578
-129.09822,-126.86897,7.259795,7.837777
-129.82341,-127.55745,7.2573957,7.842976
-130.54907,-128.24544,7.2549963,7.848175
-131.2752,-128.93294,7.252597,7.853374
-132.00183,-129.6199,7.250197,7.858573
-132.72894,-130.30637,7.2477975,7.863956
-133.45657,-130.99226,7.2453976,7.869355
-134.18474,-131.67761,7.242998,7.8747544
-134.91344,-132.36238,7.240598,7.8801537
-135.6427,-133.04655,7.2381988,7.8855534
-136.37251,-133.73013,7.237633,7.861235
-137.10292,-134.41309,7.237233,7.834236
-137.83391,-135.09541,7.236833,7.8072376
-138.5655,-135.77708,7.236433,7.7802386
-139.29771,-136.4581,7.236033,7.7532396
-140.03056,-137.13843,7.2358165,7.7233043
-140.76407,-137.81805,7.2356167,7.6931033
-141.49821,-138.49698,7.2354164,7.6629024
-142.23303,-139.17519,7.2352166,7.6327014
-142.96854,-139.85265,7.2350163,7.6025004
-143.70474,-140.52934,7.2348166,7.572298
-144.44165,-141.20528,7.2346168,7.542095
-145.17928,-141.88042,7.2344165,7.511893
-145.91763,-142.55475,7.2342167,7.48169
-146.65674,-143.22827,7.2340164,7.4514875
-147.3966,-143.90097,7.233633,7.421284
-148.13725,-144.5728,7.233233,7.391081
-148.87868,-145.24377,7.232833,7.3608775
-149.6209,-145.91386,7.232433,7.330674
-150.36392,-146.58307,7.232033,7.300471
-151.10777,-147.25134,7.2318163,7.270084
-151.85245,-147.9187,7.2316165,7.239681
-152.59798,-148.58511,7.231416,7.209277
-153.34436,-149.25056,7.2312164,7.178874
-154.09161,-149.91505,7.231016,7.148471
-154.83974,-150.57854,7.2308164,7.1182528
-155.58878,-151.24101,7.230616,7.088051
-156.3387,-151.90247,7.2304163,7.0578494
-157.08954,-152.56288,7.230216,7.0276475
-157.84132,-153.22223,7.230016,6.997446
-158.59402,-153.88052,7.2366166,7.001984
-159.34769,-154.53772,7.2438164,7.009584
-160.10231,-155.1938,7.251016,7.0171833
-160.85791,-155.84877,7.2582154,7.024783
-161.6145,-156.50261,7.265415,7.032383
-162.37209,-157.15529,7.276656,7.060742
-163.13066,-157.80681,7.288254,7.090936
-163.89021,-158.45717,7.2998514,7.1211305
-164.65077,-159.10637,7.311449,7.1513243
-165.41231,-159.75443,7.3230467,7.1815186
-166.17484,-160.40132,7.3344593,7.211525
-166.93834,-161.04706,7.345855,7.241514
-167.70282,-161.69165,7.3572516,7.271504
-168.46826,-162.33508,7.3686476,7.301493
-169.23468,-162.97736,7.3800435,7.331483
-170.00206,-163.61847,7.391621,7.361652
-170.77042,-164.25844,7.4032154,7.391837
-171.53972,-164.89726,7.4148097,7.4220223
-172.30998,-165.53491,7.4264045,7.4522076
-173.08119,-166.17143,7.437999,7.4823933
-173.85335,-166.8068,7.4495916,7.5123925
-174.62646,-167.441,7.4611845,7.542374
-175.40051,-168.07405,7.472778,7.5723557
-176.1755,-168.70596,7.4843707,7.602338
-176.95143,-169.33672,7.4959636,7.6323195
-177.72829,-169.96632,7.5075555,7.6624804
-178.50607,-170.59477,7.5191474,7.692659
-179.28479,-171.22208,7.530739,7.7228374
-180.06442,-171.84824,7.5423307,7.753016
-180.84499,-172.47325,7.5539227,7.7831945
-181.62646,-173.09712,7.565513,7.8131895
-182.40886,-173.71983,7.577104,7.843166
-183.19217,-174.34142,7.588695,7.873142
-183.97638,-174.96184,7.6002855,7.903118
-184.76149,-175.58112,7.6118765,7.933094
-185.5475,-176.19925,7.6124587,7.9484515
-186.33443,-176.81624,7.6118593,7.9622397
-187.12224,-177.43208,7.6112595,7.976028
-187.91093,-178.04678,7.61066,7.9898157
-188.70053,-178.66035,7.6100607,8.003604
-189.49101,-179.27277,7.600482,8.00536
-190.28238,-179.88405,7.5898914,8.005759
-191.07462,-180.49417,7.579301,8.006159
-191.86774,-181.10316,7.5687103,8.006558
-192.66174,-181.71101,7.5581203,8.006958
-193.4566,-182.31773,7.5475297,8.007358
-194.25235,-182.92331,7.5369396,8.007757
-195.04895,-183.52774,7.5263495,8.008157
-195.8464,-184.13103,7.5157595,8.008556
-196.64473,-184.73318,7.505169,8.008956
-197.44392,-185.3342,7.494579,8.009178
-198.24396,-185.93408,7.483989,8.0093775
-199.04485,-186.53282,7.473398,8.009578
-199.84657,-187.13043,7.462808,8.009777
-200.64915,-187.72691,7.452218,8.009977
-201.45258,-188.32225,7.4416275,8.010354
-202.25684,-188.91644,7.431037,8.010754
-203.06194,-189.50952,7.4204464,8.011153
-203.86787,-190.10146,7.409856,8.011553
-204.67464,-190.69225,7.3992653,8.011952
-205.48222,-191.28192,7.3886743,8.012176
-206.29065,-191.87045,7.378083,8.012376
-207.09988,-192.45786,7.367492,8.012575
-207.90994,-193.04413,7.356901,8.012775
-208.72083,-193.62927,7.34631,8.012976
-209.53252,-194.21329,7.335718,8.0133505
-210.34502,-194.79617,7.325126,8.01375
-211.15833,-195.37793,7.314534,8.01415
-211.97244,-195.95856,7.303942,8.014549
-212.78737,-196.53806,7.29335,8.014949
-213.60309,-197.11642,7.2827573,8.015348
-214.41962,-197.69366,7.2721643,8.015749
-215.23692,-198.26978,7.261571,8.016149
-216.05504,-198.84477,7.250978,8.016548
-216.87393,-199.41862,7.240385,8.016948
-217.69362,-199.99136,7.2297907,8.017174
-218.5141,-200.56299,7.219196,8.017374
-219.33534,-201.13347,7.2086015,8.017573
-220.15738,-201.70285,7.1980066,8.017774
-220.98018,-202.27109,7.1874123,8.017973
-221.80377,-202.83821,7.176816,8.018347
-222.62811,-203.4042,7.1662197,8.018746
-223.45325,-203.96909,7.1556234,8.019146
-224.27913,-204.53284,7.145027,8.0195465
-225.10579,-205.09547,7.134431,8.019946
-225.9332,-205.657,7.139227,8.014638
-226.76138,-206.21736,7.146426,8.008439
-227.59036,-206.77658,7.153625,8.002239
-228.42014,-207.3346,7.160824,7.9960403
-229.25073,-207.8914,7.168023,7.9898415
-230.08214,-208.44698,7.181447,7.9813933
-230.9144,-209.00128,7.1958485,7.9725924
-231.74751,-209.5543,7.21025,7.9637914
-232.58151,-210.10602,7.224652,7.9549904
-233.41638,-210.65639,7.2390532,7.94619
-234.25214,-211.20538,7.2532854,7.9375596
-235.08882,-211.753,7.267491,7.928956
-235.92642,-212.29921,7.281697,7.920353
-236.76495,-212.84398,7.2959023,7.9117494
-237.60445,-213.38728,7.3101077,7.903146
-238.44489,-213.9291,7.3243175,7.8943667
-239.28632,-214.46939,7.338527,7.8855605
-240.12872,-215.00815,7.3527374,7.8767543
-240.97214,-215.54533,7.366947,7.867948
-241.81656,-216.08093,7.3811574,7.859142
-242.662,-216.6149,7.395371,7.8505077
-243.5085,-217.14723,7.4095855,7.841899
-244.35603,-217.67789,7.4237995,7.8332906
-245.20464,-218.20685,7.438014,7.8246818
-246.05429,-218.73409,7.452228,7.816073
-246.90504,-219.25957,7.466446,7.8072867
-247.7569,-219.78328,7.4806643,7.7984757
-248.60985,-220.30519,7.4948826,7.7896643
-249.46393,-220.82526,7.509101,7.780853
-250.31914,-221.34346,7.5233197,7.7720413
-251.17549,-221.85976,7.537541,7.763228
-252.033,-222.37413,7.5517626,7.7544146
-252.89166,-222.88658,7.5659847,7.745601
-253.75148,-223.3971,7.5802064,7.736788
-254.61246,-223.90567,7.594428,7.727974
-255.4746,-224.41225,7.608652,7.7193375
-256.33792,-224.91681,7.6228766,7.7107224
-257.2025,-225.41922,7.6371007,7.702108
-258.06836,-225.91945,7.651325,7.6934934
-258.93552,-226.41737,7.6655498,7.6848783
-259.80402,-226.91296,7.704064,7.7063103
-260.67374,-227.40643,7.745336,7.731154
-261.5445,-227.89809,7.786608,7.755997
-262.41608,-228.38821,7.82788,7.7808404
-263.2884,-228.8771,7.8691516,7.8056836
-264.16116,-229.36511,7.9205523,7.8432107
-265.03418,-229.85274,7.972995,7.882042
-265.90707,-230.34056,8.025437,7.9208736
-266.7795,-230.8292,8.07788,7.9597054
-267.65118,-231.3192,8.130323,7.998537
-268.52176,-231.81114,8.182646,8.037098
-269.391,-232.30545,8.234958,8.075633
-270.25864,-232.80254,8.287269,8.114167
-271.12445,-233.30281,8.339579,8.1527
-271.9882,-233.80667,8.391887,8.191234
-272.84958,-234.31454,8.443977,8.229785
-273.70816,-234.82712,8.496044,8.268338
-274.56348,-235.34517,8.548113,8.306893
-275.41498,-235.86943,8.600184,8.345449
-276.26215,-236.40065,8.652258,8.384008
-277.1046,-236.93933,8.703847,8.422163
-277.94278,-237.48466,8.7553625,8.460257
-278.7774,-238.03539,8.806875,8.498348
-279.6093,-238.59023,8.858385,8.536438
-280.4393,-239.14793,8.909894,8.574527
-281.26828,-239.70715,8.9616165,8.612816
-282.0977,-240.2657,9.013393,8.6511545
-282.92926,-240.82104,9.065173,8.689495
-283.76465,-241.37059,9.116955,8.727837
-284.60553,-241.91174,9.168733,8.766176
-285.45343,-242.44182,9.221142,8.804833
-286.30975,-242.95813,9.273766,8.843598
-287.17587,-243.45784,9.326389,8.882363
-288.05295,-243.93805,9.379009,8.921125
-288.94196,-244.39578,9.43161,8.959873
-289.8437,-244.82794,9.363237,9.039161
-290.75876,-245.23105,9.257602,9.130929
-291.6876,-245.60127,9.151941,9.222719
-292.63028,-245.93462,9.046236,9.314548
-293.58646,-246.22688,8.940515,9.406391
-294.55527,-246.47426,8.917313,9.464696
-295.53467,-246.6755,8.907248,9.517637
-296.52246,-246.8304,8.897186,9.570559
-297.51645,-246.93866,8.887127,9.62347
-298.51443,-246.99997,8.877068,9.676382
-299.51422,-247.01405,9.008152,9.737475
-300.51355,-246.9809,9.156017,9.799547
-301.5102,-246.90065,9.303889,9.861622
-302.50192,-246.77342,9.451759,9.923696
-303.48654,-246.59941,9.599614,9.985764
-304.4617,-246.3786,9.615972,9.8981495
-305.42484,-246.11009,9.606357,9.780969
-306.37296,-245.79263,9.596742,9.663784
-307.30276,-245.42505,9.587129,9.546628
-308.21072,-245.00641,9.577524,9.429576
-309.093,-244.536,9.506574,9.402192
-309.94498,-244.01282,9.42407,9.391726
-310.76138,-243.43568,9.341504,9.38125
-311.53598,-242.80362,9.258835,9.370763
-312.2619,-242.11624,9.176095,9.360266
-312.93256,-241.37483,9.1268,9.3552
-313.54547,-240.58502,9.078429,9.350281
-314.09973,-239.75298,9.030115,9.345367
-314.59476,-238.88434,8.98183,9.340457
-315.02994,-237.98424,8.935241,9.334031
-315.40494,-237.05743,8.905436,9.312771
-315.7203,-236.10869,8.875612,9.291497
-315.9772,-235.14243,8.845785,9.27022
-316.17688,-234.16275,8.815958,9.248943
-316.32074,-233.17331,8.793337,9.229452
-316.41034,-232.17749,8.878155,9.236637
-316.44818,-231.17836,8.96299,9.243823
-316.43698,-230.17854,9.047822,9.251008
-316.37952,-229.18031,9.132669,9.258196
-316.27844,-228.18555,9.214419,9.265333
-316.13712,-227.1957,9.240768,9.271522
-315.96167,-226.21129,9.267124,9.277711
-315.75873,-225.23216,9.29347,9.283898
-315.53494,-224.25758,9.319807,9.290083
-315.2968,-223.28639,9.343734,9.295544
-315.0498,-222.31743,9.314547,9.28502
-314.79623,-221.35016,9.285347,9.274492
-314.53763,-220.38422,9.256141,9.263962
-314.27557,-219.41922,9.226931,9.25343
-314.0116,-218.45473,9.197721,9.242901
-313.74692,-217.49043,9.168436,9.232542
-313.4814,-216.52637,9.139154,9.222184
-313.21463,-215.56267,9.109875,9.211826
-312.9461,-214.59943,9.080596,9.201469
-312.6754,-213.63681,9.051317,9.1911125
-312.40213,-212.67493,9.021963,9.1805315
-312.1262,-211.71379,8.992609,9.169948
-311.84763,-210.75342,8.963254,9.159364
-311.56644,-209.79381,8.933899,9.14878
-311.28265,-208.83496,8.904544,9.138196
-310.99625,-207.8769,8.875129,9.127787
-310.70715,-206.91965,8.845712,9.117381
-310.4152,-205.96326,8.816296,9.106976
-310.12033,-205.00777,8.78688,9.09657
-309.82242,-204.05322,8.757463,9.086164
-309.52133,-203.09967,8.725044,9.067063
-309.217,-202.14716,8.692575,9.047823
-308.90936,-201.1957,8.660108,9.028583
-308.59833,-200.24535,8.62764,9.009342
-308.2838,-199.29613,8.595172,8.990102
-307.96576,-198.3481,8.562077,8.969647
-307.64407,-197.4013,8.528977,8.949186
-307.31866,-196.45578,8.495879,8.928725
-306.98944,-195.51157,8.46278,8.908264
-306.65634,-194.56873,8.429786,8.887718
-306.31927,-193.62729,8.4075165,8.858427
-305.97815,-192.68732,8.385248,8.829137
-305.63293,-191.74884,8.362979,8.799846
-305.2835,-190.81192,8.34071,8.7705555
-304.9298,-189.8766,8.319493,8.74042
-304.5718,-188.94295,8.339138,8.677478
-304.20935,-188.01099,8.358783,8.614534
-303.8424,-187.0808,8.3784275,8.551591
-303.4709,-186.15242,8.398072,8.488647
-303.09467,-185.22594,8.417723,8.425701
-302.7137,-184.30139,8.437531,8.362672
-302.328,-183.3788,8.457341,8.299643
-301.93762,-182.4582,8.47715,8.236614
-301.5425,-181.53961,8.496959,8.173585
-301.14273,-180.62305,8.514676,8.112528
-300.7383,-179.70853,8.480527,8.100346
-300.32928,-178.79605,8.446379,8.088164
-299.91577,-177.8856,8.41223,8.075982
-299.4978,-176.97719,8.378081,8.063801
-299.07547,-176.0708,8.34351,8.052006
-298.64883,-175.16641,8.295846,8.052206
-298.21796,-174.26405,8.248182,8.052405
-297.7829,-173.36371,8.200518,8.052605
-297.3437,-172.46538,8.152854,8.052804
-296.9004,-171.56905,8.105275,8.0530405
-296.4531,-170.67471,8.062624,8.055432
-296.0018,-169.7824,8.019973,8.057824
-295.54657,-168.89206,7.977322,8.060216
-295.0875,-168.00371,7.934671,8.062607
-294.62457,-167.11736,7.8920197,8.064999
-294.15793,-166.23297,7.859922,8.071376
-293.68753,-165.35056,7.827829,8.077755
-293.2135,-164.4701,7.795736,8.084133
-292.73584,-163.5916,7.763643,8.090512
-292.2546,-162.71506,7.7315497,8.09689
-291.76987,-161.84045,7.6994243,8.103472
-291.28165,-160.96777,7.667298,8.110057
-290.79,-160.09703,7.6351714,8.116642
-290.29498,-159.22821,7.6030455,8.123227
-289.7966,-158.3613,7.570919,8.129811
-289.29492,-157.49629,7.5614543,8.103781
-288.78998,-156.6332,7.552657,8.076789
-288.28183,-155.77197,7.54386,8.049797
-287.77054,-154.91261,7.535063,8.022805
-287.25613,-154.05511,7.526265,7.995814
-286.73868,-153.19946,7.5388365,7.938403
-286.21814,-152.34566,7.552072,7.8800464
-285.6946,-151.49371,7.5653076,7.8216896
-285.16803,-150.64363,7.578543,7.763333
-284.6385,-149.79541,7.5917788,7.7049756
-284.106,-148.94904,7.6050644,7.6461987
-283.57065,-148.10443,7.6183515,7.587415
-283.03268,-147.26152,7.631638,7.528631
-282.49228,-146.42017,7.644925,7.469847
-281.9496,-145.58029,7.6577206,7.411521
-281.4048,-144.74176,7.6401734,7.3814697
-280.85815,-143.90445,7.622627,7.351418
-280.30997,-143.06816,7.6050797,7.3213663
-279.76044,-142.23273,7.587533,7.2913146
-279.20987,-141.398,7.569476,7.2617435
-278.65848,-140.56378,7.5431094,7.2400064
-278.1066,-139.72993,7.5167427,7.218269
-277.5544,-138.89626,7.490376,7.1965313
-277.0022,-138.06259,7.4640093,7.1747937
-276.45026,-137.22878,7.437674,7.1530676
-275.89874,-136.39464,7.4116626,7.131458
-275.34796,-135.56006,7.3856506,7.109848
-274.798,-134.72491,7.359639,7.0882387
-274.2491,-133.88907,7.333627,7.066629
-273.70148,-133.0524,7.3061647,7.047927
-273.15536,-132.21475,7.264329,7.0580387
-272.61124,-131.3758,7.222493,7.068151
-272.0696,-130.53522,7.1806574,7.078263
-271.53107,-129.69269,7.138822,7.0883746
-270.99606,-128.84787,7.096617,7.0992627
-270.46524,-128.00046,7.0471025,7.1254997
-269.93927,-127.15,6.9975877,7.1517363
-269.4189,-126.2961,6.9480724,7.1779737
-268.90497,-125.438324,6.8985567,7.2042108
-268.3982,-124.5763,6.849042,7.230448
-267.89938,-123.70965,6.8410287,7.2036953
-267.4093,-122.83802,6.8339076,7.175804
-266.92874,-121.96112,6.8267865,7.1479135
-266.4585,-121.078636,6.8196654,7.120023
-265.9994,-120.19031,6.812545,7.0921335
-265.55228,-119.29589,6.871636,6.979931
-265.11816,-118.39509,6.9362106,6.8607473
-264.69815,-117.48763,7.000787,6.74156
-264.29333,-116.57329,7.065366,6.622368
-263.90485,-115.65189,7.1299443,6.5031767
-263.53375,-114.723366,7.066449,6.537882
-263.18057,-113.78787,6.989706,6.588508
-262.84567,-112.84568,6.9129643,6.6391335
-262.5294,-111.89707,6.8362226,6.689759
-262.23218,-110.94233,6.759479,6.7403855
-261.95428,-109.98178,6.794471,6.7323833
-261.69568,-109.01585,6.8380527,6.719874
-261.4563,-108.04499,6.881634,6.707364
-261.23593,-107.069626,6.9252152,6.6948547
-261.03445,-106.090195,6.9687963,6.6823454
-260.85175,-105.107086,6.9754987,6.6827855
-260.6877,-104.12069,6.981153,6.6835933
-260.54227,-103.13138,6.986808,6.684401
-260.4153,-102.13953,6.9924626,6.685209
-260.3068,-101.14549,6.9978447,6.6861424
-260.21658,-100.14962,6.9903827,6.693
-260.14456,-99.152275,6.98292,6.699857
-260.09058,-98.153786,6.975458,6.706714
-260.05453,-97.154495,6.9679956,6.7135715
-260.03622,-96.15472,6.9597297,6.719786
-260.03555,-95.15477,6.939414,6.716367
-260.05237,-94.15497,6.919098,6.7129474
-260.08652,-93.1556,6.898782,6.7095275
-260.13785,-92.156975,6.8784657,6.706108
-260.2062,-91.15937,6.8594522,6.70163
-260.2915,-90.16307,6.8534365,6.6865907
-260.39355,-89.16834,6.8474207,6.6715517
-260.5122,-88.17546,6.841405,6.6565123
-260.64734,-87.18469,6.835389,6.6414733
-260.7988,-86.19628,6.8314366,6.6252937
-260.96646,-85.21049,6.8452315,6.599303
-261.15015,-84.22756,6.859027,6.5733113
-261.3498,-83.24774,6.8728223,6.5473204
-261.56522,-82.27128,6.8866177,6.5213294
-261.7963,-81.2984,6.898612,6.4976325
-262.0429,-80.32934,6.894822,6.494042
-262.30493,-79.364334,6.8910317,6.4904513
-262.58228,-78.40362,6.887242,6.4868608
-262.8748,-77.4474,6.883452,6.4832706
-263.18234,-76.49593,6.877532,6.4824147
-263.50488,-75.54943,6.8498435,6.5095057
-263.84222,-74.60811,6.8221555,6.5365963
-264.19434,-73.67221,6.794467,6.563687
-264.5611,-72.74194,6.7667785,6.590778
-264.94238,-71.81755,6.7419066,6.614901
-265.33813,-70.89924,6.7550497,6.59897
-265.7482,-69.98725,6.768193,6.583039
-266.17255,-69.08181,6.781336,6.5671077
-266.61108,-68.18314,6.7944794,6.5511765
-267.0637,-67.2915,6.8083115,6.5345564
-267.53027,-66.40708,6.8360133,6.504064
-268.0108,-65.53016,6.863715,6.4735723
-268.50513,-64.66095,6.891417,6.4430804
-269.01324,-63.799713,6.919119,6.4125886
-269.535,-62.94669,6.9448824,6.3842773
-270.07037,-62.102127,6.907152,6.4273973
-270.61923,-61.26628,6.8694224,6.470517
-271.18155,-60.439415,6.8316927,6.513637
-271.75717,-59.621784,6.793963,6.5567565
-272.3461,-58.813656,6.7564917,6.599289
-272.9482,-58.015305,6.7314816,6.6134944
-273.56342,-57.227005,6.706472,6.6277
-274.19162,-56.44903,6.681462,6.641906
-274.83276,-55.681675,6.656452,6.6561112
-275.48672,-54.925217,6.631808,6.669468
-276.1534,-54.17996,6.623184,6.6456027
-276.83273,-53.446194,6.6145606,6.621738
-277.5246,-52.724224,6.605937,6.5978727
-278.22885,-52.014362,6.5973134,6.5740075
-278.9454,-51.316925,6.588697,6.5507617
-279.67416,-50.632225,6.580259,6.544132
-280.41495,-49.960567,6.571821,6.5375023
-281.16763,-49.30227,6.563383,6.530873
-281.93207,-48.65764,6.5549455,6.524243
-282.70807,-48.026993,6.546496,6.518539
-283.49548,-47.410667,6.5378547,6.5277834
-284.29416,-46.80901,6.529213,6.537028
-285.10394,-46.22237,6.520571,6.5462723
-285.92465,-45.651123,6.5119295,6.555517
-286.7561,-45.095642,6.5067105,6.5599675
-287.59808,-44.556232,6.539606,6.511025
-288.4502,-44.032993,6.572501,6.4620833
-289.31207,-43.525986,6.605396,6.4131427
-290.18332,-43.035255,6.638291,6.3642015
-291.06357,-42.560856,6.6720467,6.3140364
-291.95242,-42.10279,6.71383,6.2524614
-292.8495,-41.660988,6.7556133,6.1908855
-293.7543,-41.23533,6.7973967,6.12931
-294.6665,-40.8257,6.83918,6.0677347
-295.58566,-40.431976,6.8735766,6.014667
-296.51144,-40.05405,6.8374853,6.042782
-297.44348,-39.691833,6.801394,6.0708976
-298.38144,-39.345238,6.765302,6.0990133
-299.32498,-39.014187,6.729211,6.1271286
-300.27383,-38.698586,6.6930094,6.1560383
-301.22763,-38.39835,6.6555448,6.194101
-302.18613,-38.113422,6.6180797,6.232164
-303.14902,-37.843746,6.5806146,6.270227
-304.11606,-37.589264,6.5431495,6.3082895
-305.0869,-37.34991,6.505876,6.3464694
-306.0614,-37.125626,6.471517,6.386422
-307.03918,-36.916317,6.4371576,6.426375
-308.02005,-36.721893,6.402798,6.4663277
-309.00375,-36.542255,6.3684387,6.506281
-309.99,-36.377316,6.336628,6.543484
-310.97858,-36.226925,6.347852,6.534264
-311.9692,-36.090767,6.359077,6.525044
-312.96164,-35.96849,6.3703017,6.515824
-313.95566,-35.859737,6.381526,6.5066032
-314.95105,-35.76415,6.393717,6.496323
-315.94754,-35.681366,6.4193826,6.471259
-316.94504,-35.611034,6.4450483,6.4461946
-317.94327,-35.552784,6.4707146,6.4211307
-318.94214,-35.506256,6.4963803,6.396066
-319.9415,-35.47108,6.5215964,6.372888
-320.94113,-35.4469,6.5416183,6.3714867
-321.941,-35.43333,6.5616407,6.3700852
-322.94095,-35.430008,6.5816627,6.368684
-323.9409,-35.436554,6.6016846,6.367282
-324.9407,-35.452595,6.62167,6.366085
-325.94034,-35.477753,6.6412563,6.3670845
-326.93973,-35.511654,6.660843,6.368084
-327.93878,-35.55391,6.68043,6.369083
-328.93747,-35.604145,6.7000165,6.3700824
-329.93576,-35.661972,6.7180815,6.3712287
-330.9336,-35.727005,6.7190795,6.374023
-331.93097,-35.79882,6.7200775,6.376817
-332.92786,-35.876987,6.7210755,6.3796115
-333.9243,-35.96108,6.7220736,6.3824058
-334.92023,-36.05067,6.7224293,6.385271
-335.91568,-36.14534,6.714453,6.3890595
-336.9107,-36.244675,6.7064767,6.3928485
-337.90527,-36.34828,6.6985,6.3966374
-338.89944,-36.45575,6.690524,6.400426
-339.89322,-36.566685,6.6825476,6.404204
-340.88666,-36.680676,6.6745687,6.407794
-341.8798,-36.797295,6.6665897,6.4113846
-342.87265,-36.9161,6.658611,6.414975
-343.86533,-37.036655,6.6506324,6.4185653
-344.85782,-37.15853,6.642653,6.422165
-345.85022,-37.281315,6.6346583,6.425962
-346.84253,-37.404697,6.626664,6.4297595
-347.8348,-37.528393,6.61867,6.433557
-348.8271,-37.652115,6.6106753,6.437354
-349.8194,-37.77557,6.60268,6.441152
-350.81177,-37.898556,6.594664,6.4449596
-351.80417,-38.021145,6.586648,6.448767
-352.79663,-38.14347,6.5786324,6.4525747
-353.7891,-38.26567,6.5706162,6.4563823
-354.78156,-38.38788,6.5625997,6.4601803
-355.774,-38.51022,6.554571,6.463793
-356.76642,-38.63277,6.5465426,6.467406
-357.7588,-38.75561,6.538514,6.471019
-358.75113,-38.87881,6.530486,6.4746313
-359.7434,-39.00244,6.5232034,6.477715
-360.73563,-39.12658,6.5262146,6.4735
-361.72778,-39.251312,6.529226,6.469284
-362.71985,-39.37673,6.5322366,6.4650683
-363.7118,-39.50293,6.535248,6.460853
-364.70364,-39.629997,6.5387244,6.456276
-365.69537,-39.75802,6.547145,6.447855
-366.68698,-39.887077,6.555566,6.4394345
-367.67844,-40.017246,6.5639863,6.4310136
-368.6697,-40.1486,6.572407,6.422593
-369.66086,-40.28121,6.580846,6.4141936
-370.6518,-40.415157,6.58945,6.4059896
-371.64255,-40.550484,6.5980535,6.397786
-372.63312,-40.68724,6.6066575,6.389582
-373.62347,-40.82548,6.6152616,6.381378
-374.61362,-40.965256,6.623864,6.3731556
-375.60352,-41.10661,6.632455,6.364765
-376.5932,-41.249603,6.641045,6.3563747
-377.58264,-41.394283,6.6496353,6.347984
-378.5718,-41.54071,6.658226,6.3395934
-379.56073,-41.68893,6.666796,6.3312035
-380.54935,-41.839005,6.675178,6.322822
-381.5377,-41.99098,6.6835594,6.3144407
-382.52573,-42.144905,6.691941,6.3060594
-383.51346,-42.300846,6.700322,6.2976775
-384.50085,-42.458843,6.70872,6.2893133
-385.4879,-42.618954,6.7172956,6.281137
-386.4746,-42.78123,6.725871,6.27296
-387.46094,-42.94573,6.7344465,6.2647834
-388.4469,-43.1125,6.7430224,6.2566066
-389.43246,-43.281597,6.7506943,6.249459
-390.4176,-43.45307,6.746308,6.256038
-391.4023,-43.62698,6.7419214,6.262618
-392.3866,-43.803375,6.737535,6.269198
-393.37042,-43.982307,6.7331486,6.2757773
-394.35376,-44.163834,6.7285776,6.2825627
-395.3366,-44.348007,6.720801,6.2929325
-396.31894,-44.534878,6.7130237,6.303302
-397.30075,-44.724503,6.705247,6.313671
-398.282,-44.916935,6.6974697,6.3240404
-399.26273,-45.112232,6.6896925,6.3344097
-400.24283,-45.31044,6.6819124,6.344784
-401.22235,-45.51162,6.674132,6.3551574
-402.20123,-45.71582,6.666352,6.3655314
-403.17947,-45.923096,6.6585712,6.375905
-404.15704,-46.133503,6.650796,6.386279
-405.1339,-46.3471,6.6432104,6.39666
-406.11008,-46.56393,6.6356244,6.40704
-407.0855,-46.784054,6.6280384,6.417421
-408.06018,-47.007526,6.6204524,6.4278016
-409.03406,-47.2344,6.612842,6.438172
-410.0071,-47.464733,6.6038513,6.447962
-410.97937,-47.698574,6.5948606,6.4577518
-411.9507,-47.935978,6.58587,6.4675417
-412.9212,-48.177,6.576879,6.4773316
-413.89075,-48.42169,6.567828,6.487092
-414.85938,-48.670113,6.55403,6.494491
-415.827,-48.922314,6.540231,6.5018907
-416.7936,-49.178345,6.5264325,6.5092897
-417.7592,-49.438267,6.512634,6.516689
-418.72372,-49.70213,6.4988375,6.5240884
-419.68713,-49.969986,6.485226,6.5314946
-420.6494,-50.24189,6.471615,6.538901
-421.6105,-50.517895,6.4580035,6.546307
-422.57043,-50.79805,6.444392,6.553713
-423.52908,-51.082417,6.4307775,6.561116
-424.48648,-51.37104,6.416954,6.5683284
-425.4426,-51.663975,6.403131,6.5755405
-426.3973,-51.96127,6.3893075,6.5827527
-427.35068,-52.262985,6.3754845,6.5899644
-428.3026,-52.569164,6.362516,6.5964446
-429.25305,-52.87986,6.3835654,6.5737915
-430.20203,-53.195126,6.404615,6.5511384
-431.14944,-53.515007,6.4256644,6.5284853
-432.09525,-53.839554,6.446714,6.5058317
-433.03946,-54.168808,6.468033,6.4829383
-433.98196,-54.502827,6.4965105,6.453658
-434.92276,-54.841656,6.524988,6.4243784
-435.86182,-55.18535,6.553466,6.395098
-436.79904,-55.533962,6.581944,6.3658185
-437.73438,-55.88755,6.6102915,6.3367085
-438.66782,-56.24615,6.636162,6.310838
-439.5993,-56.6098,6.662032,6.284968
-440.5288,-56.97851,6.6879025,6.2590976
-441.45627,-57.352314,6.713773,6.2332273
-442.38165,-57.731228,6.7384458,6.2090635
-443.3049,-58.1153,6.745461,6.210066
-444.22595,-58.504635,6.752476,6.211068
-445.1447,-58.899364,6.759492,6.2120705
-446.06107,-59.29961,6.766507,6.2130723
-446.97495,-59.705498,6.773507,6.21406
-447.8862,-60.117207,6.7803187,6.214861
-448.79465,-60.535095,6.78713,6.2156625
-449.70007,-60.95955,6.793941,6.2164636
-450.60217,-61.39096,6.800752,6.217265
-451.50073,-61.829712,6.8053427,6.217801
-452.39548,-62.27617,6.785312,6.2153974
-453.28616,-62.73067,6.765282,6.2129936
-454.17255,-63.193546,6.745252,6.2105904
-455.05432,-63.66512,6.7252216,6.2081866
-455.9312,-64.145706,6.704146,6.2083845
-456.80292,-64.63561,6.6725283,6.234799
-457.6692,-65.13514,6.640911,6.2612133
-458.52963,-65.64456,6.609294,6.2876277
-459.38397,-66.16417,6.5776763,6.3140426
-460.23187,-66.69423,6.544863,6.345568
-461.073,-67.23501,6.500388,6.42694
-461.90695,-67.78675,6.4559135,6.508311
-462.73337,-68.34972,6.4114385,6.5896816
-463.55188,-68.92413,6.366964,6.6710525
-464.36203,-69.51023,6.3252,6.7453413
-465.16345,-70.10826,6.315062,6.7369924
-465.95557,-70.71854,6.3049245,6.7286434
-466.73785,-71.34139,6.2947865,6.7202945
-467.50967,-71.977135,6.2846484,6.7119455
-468.27048,-72.62605,6.274452,6.703097
-469.01956,-73.288414,6.263106,6.684385
-469.75632,-73.96449,6.2517595,6.6656733
-470.48,-74.654526,6.240413,6.6469617
-471.18994,-75.35874,6.229067,6.6282506
-471.88528,-76.07733,6.2187214,6.6084685
-472.56528,-76.810455,6.248059,6.546202
-473.2291,-77.55827,6.277395,6.4839377
-473.87582,-78.3209,6.306731,6.421673
-474.50458,-79.098434,6.336068,6.359406
-475.11435,-79.89092,6.365275,6.2972064
-475.70425,-80.69831,6.385202,6.239617
-476.27347,-81.52041,6.405128,6.18203
-476.8213,-82.35693,6.425054,6.124444
-477.34686,-83.20759,6.44498,6.066857
-477.84943,-84.072044,6.464906,6.0092707
-478.3282,-84.94991,6.4442315,5.9919896
-478.78247,-85.84069,6.423365,5.9748993
-479.21164,-86.74383,6.402499,5.957809
-479.61508,-87.65875,6.3816338,5.940719
-479.9921,-88.58488,6.360769,5.9236298
-480.342,-89.521576,6.3415065,5.901232
-480.66394,-90.468254,6.3223057,5.8786306
-480.95694,-91.424286,6.303105,5.8560295
-481.22,-92.38898,6.2839036,5.8334284
-481.45218,-93.361565,6.2647047,5.8108296
-481.65244,-94.341225,6.1959867,5.8493657
-481.81952,-95.32708,6.1253858,5.890229
-481.95215,-96.31815,6.054781,5.931095
-482.04892,-97.31336,5.9841723,5.9719634
-482.10855,-98.311485,5.9156322,6.013764
-482.12988,-99.31116,5.9468236,6.1008153
-482.1124,-100.3109,5.978011,6.1878552
-482.05585,-101.3092,6.0091996,6.2748976
-481.95984,-102.304474,6.040393,6.361953
-481.824,-103.2951,6.073718,6.436246
-481.64856,-104.27948,6.1233854,6.4123244
-481.43503,-105.25631,6.173049,6.3884053
-481.18527,-106.224525,6.222703,6.36449
-480.9011,-107.1832,6.2723513,6.3405776
-480.5842,-108.13158,6.321152,6.3123765
-480.23618,-109.06897,6.366113,6.264818
-479.8584,-109.994774,6.4110804,6.2172527
-479.45212,-110.90843,6.4560494,6.1696854
-479.01865,-111.80952,6.501019,6.1221175
-478.5592,-112.69765,6.5444274,6.0785046
-478.07498,-113.572495,6.580602,6.0532017
-477.56696,-114.43376,6.6167784,6.0278983
-477.03613,-115.281166,6.6529536,6.002595
-476.4835,-116.114494,6.689128,5.977293
-475.9099,-116.93358,6.7128887,5.968566
-475.31628,-117.738235,6.6446953,6.082617
-474.70328,-118.52822,6.576499,6.196673
-474.0715,-119.30329,6.5083013,6.310731
-473.4216,-120.06322,6.4401026,6.4247904
-472.75415,-120.8078,6.374828,6.533292
-472.0698,-121.53686,6.35532,6.55479
-471.36917,-122.25029,6.3358116,6.576289
-470.65292,-122.94805,6.3163037,6.5977874
-469.9217,-123.63009,6.2967963,6.619286
-469.1761,-124.29638,6.2783647,6.6395044
-468.4167,-124.946915,6.2883506,6.625923
-467.64407,-125.5817,6.298337,6.612342
-466.8588,-126.200745,6.3083234,6.59876
-466.06137,-126.80409,6.31831,6.585179
-465.25235,-127.39177,6.328807,6.571051
-464.43225,-127.96389,6.3560166,6.5390396
-463.60168,-128.52072,6.3832264,6.5070276
-462.7613,-129.06258,6.410437,6.4750156
-461.91165,-129.58983,6.4376483,6.443002
-461.0533,-130.1028,6.4639363,6.40901
-460.1867,-130.6017,6.461929,6.3146443
-459.31183,-131.08595,6.459921,6.2202744
-458.42865,-131.55487,6.457913,6.125916
-457.53714,-132.00774,6.455906,6.031587
-456.6373,-132.44382,6.4574,5.9427285
-455.7288,-132.86151,6.5257215,5.957369
-454.80994,-133.25594,6.594049,5.9720106
-453.87918,-133.62134,6.66241,5.986659
-452.93546,-133.9517,6.7307944,6.001313
-451.9783,-134.24086,6.793887,6.0392256
-451.00842,-134.48387,6.822897,6.2274804
-450.0278,-134.67917,6.8518863,6.415602
-449.03873,-134.82556,6.880878,6.603741
-448.0435,-134.92174,6.909892,6.7920237
-447.04465,-134.96623,6.956189,6.955832
-446.0448,-134.96056,7.0483937,7.0540495
-445.04608,-134.91188,7.140557,7.1522236
-444.04968,-134.82808,7.232633,7.2503047
-443.05594,-134.71695,7.3246517,7.348325
-442.06458,-134.58612,7.416187,7.4457746
-441.0751,-134.44171,7.5064907,7.5417714
-440.08716,-134.28726,7.59686,7.637838
-439.10028,-134.12604,7.6872654,7.733943
-438.11398,-133.96135,7.7776847,7.830063
-437.12772,-133.7965,7.868222,7.9263077
-436.14105,-133.63394,7.959273,8.023099
-435.15393,-133.47429,8.050308,8.119874
-434.16626,-133.31787,8.141335,8.216639
-433.17807,-133.16504,8.232356,8.313397
-432.18927,-133.01611,8.323487,8.410301
-431.1998,-132.87158,8.415324,8.508128
-430.2096,-132.73221,8.507166,8.60596
-429.2186,-132.5988,8.59901,8.7037945
-428.22668,-132.47218,8.690857,8.80163
-427.23383,-132.3532,8.78278,8.899522
-426.24002,-132.24266,8.875234,8.997805
-425.2452,-132.14134,8.967686,9.096086
-424.24942,-132.05003,9.060138,9.1943655
-423.25272,-131.96954,9.152589,9.292645
-422.25516,-131.90063,9.238554,9.389548
-421.2568,-131.84404,9.2883005,9.47877
-420.2578,-131.80028,9.338047,9.567991
-419.25833,-131.76984,9.3877945,9.657214
-418.2585,-131.7532,9.437543,9.746439
-417.25858,-131.7509,9.489289,9.83314
-416.2587,-131.76318,9.549736,9.908849
-415.2591,-131.78986,9.610181,9.984556
-414.25998,-131.83061,9.670625,10.060261
-413.2615,-131.88518,9.731067,10.135964
-412.2639,-131.95326,9.811162,10.204598
-411.26727,-132.03473,9.966564,10.246145
-410.27182,-132.12967,10.121969,10.287694
-409.2778,-132.23824,10.277377,10.329242
-408.28534,-132.36058,10.432782,10.3707905
-407.29474,-132.49683,10.56179,10.411625
-406.30615,-132.64725,10.585661,10.449619
-405.31995,-132.81238,10.609532,10.487614
-404.3364,-132.99277,10.633404,10.525609
-403.3559,-133.189,10.657274,10.563603
-402.3788,-133.40161,10.674134,10.600731
-401.4056,-133.6313,10.657631,10.6337385
-400.4369,-133.87923,10.641128,10.666744
-399.47333,-134.14653,10.624624,10.699751
-398.51572,-134.43437,10.608123,10.732754
-397.56488,-134.74384,10.587878,10.7543
-396.62192,-135.07654,10.545356,10.707767
-395.68863,-135.43546,10.502833,10.661233
-394.76715,-135.82367,10.460308,10.614696
-393.86,-136.24417,10.4177885,10.568165
-392.96988,-136.69968,10.370994,10.521066
-392.09988,-137.1925,10.301235,10.470774
-391.2532,-137.72441,10.231492,10.420494
-390.43356,-138.29701,10.161711,10.370187
-389.64502,-138.91174,10.09187,10.319837
-388.8922,-139.56972,10.022192,10.260258
-388.17862,-140.27002,9.95321,10.169744
-387.50455,-141.00848,9.884282,10.079301
-386.86957,-141.78082,9.815415,9.988937
-386.27292,-142.58318,9.746584,9.898622
-385.7137,-143.41208,9.68394,9.811856
-385.19135,-144.26465,9.645003,9.738703
-384.70575,-145.1387,9.606043,9.665504
-384.25693,-146.0322,9.56707,9.592283
-383.84476,-146.94319,9.528091,9.51905
-383.46902,-147.86981,9.479339,9.434736
-383.12943,-148.81027,9.362499,9.2732525
-382.8252,-149.76277,9.2456665,9.111777
-382.5555,-150.72562,9.128844,8.950318
-382.3195,-151.69728,9.012022,8.788858
-382.11624,-152.67632,8.881142,8.629372
-381.94467,-153.6614,8.672251,8.481003
-381.8029,-154.65123,8.463338,8.332618
-381.68893,-155.64464,8.254438,8.184242
-381.6008,-156.64069,8.045547,8.035872
-381.53644,-157.63855,7.843578,7.8931713
-381.49387,-158.63757,7.6673427,7.7715325
-381.47116,-159.63727,7.491089,7.6498814
-381.46646,-160.6372,7.314836,7.5282307
-381.47775,-161.63708,7.138585,7.4065814
-381.50314,-162.63672,6.9730315,7.2918105
-381.54074,-163.63596,6.8431587,7.1999836
-381.5887,-164.63477,6.71328,7.108152
-381.6452,-165.63312,6.5834026,7.0163217
-381.7084,-166.63107,6.4535284,6.9244933
-381.77643,-167.62871,6.3406014,6.844117
-381.848,-168.62611,6.291215,6.8066792
-381.92282,-169.62326,6.241827,6.76924
-382.00082,-170.62016,6.1924386,6.7318
-382.08188,-171.61684,6.1430492,6.6943603
-382.1659,-172.61325,6.101416,6.662227
-382.25275,-173.60944,6.093039,6.652853
-382.34244,-174.60536,6.084662,6.643479
-382.43484,-175.60104,6.076285,6.6341043
-382.52997,-176.59647,6.067908,6.62473
-382.62778,-177.59163,6.0621905,6.6173153
-382.72815,-178.58653,6.0689797,6.6191125
-382.83105,-179.58118,6.075769,6.6209097
-382.93643,-180.57556,6.082558,6.6227064
-383.04422,-181.5697,6.0893474,6.6245036
-383.15433,-182.56357,6.0961375,6.626268
-383.2667,-183.55719,6.1029325,6.6278663
-383.3813,-184.55057,6.1097274,6.629465
-383.49802,-185.54369,6.1165223,6.631064
-383.6168,-186.53656,6.123317,6.632663
-383.7376,-187.52919,6.1300797,6.6342945
-383.86038,-188.52159,6.136678,6.636094
-383.98502,-189.51375,6.143277,6.6378937
-384.11148,-190.50568,6.1498756,6.6396933
-384.23972,-191.49738,6.156474,6.641493
-384.36963,-192.48886,6.163106,6.64326
-384.50116,-193.48013,6.1699066,6.6448603
-384.63425,-194.47119,6.1767077,6.6464605
-384.76886,-195.46205,6.1835084,6.648061
-384.90488,-196.45271,6.1903095,6.649661
-385.04227,-197.44318,6.1970778,6.6512938
-385.18097,-198.43347,6.20368,6.6530943
-385.32092,-199.42358,6.210282,6.654895
-385.46204,-200.41354,6.2168837,6.6566954
-385.60425,-201.40334,6.2234855,6.658496
-385.74753,-202.39297,6.23012,6.6602635
-385.89175,-203.38246,6.2369223,6.6618643
-386.03693,-204.37183,6.2437243,6.6634645
-386.18292,-205.36107,6.2505264,6.665065
-386.3297,-206.3502,6.257328,6.6666656
-386.47723,-207.33922,6.26413,6.668299
-386.6254,-208.32814,6.2709312,6.6700993
-386.77423,-209.31696,6.2777324,6.6719
-386.92374,-210.30568,6.284534,6.6737003
-387.07385,-211.2943,6.291335,6.6755004
-387.22464,-212.28282,6.298103,6.6772676
-387.37607,-213.27124,6.304703,6.6788673
-387.52814,-214.25957,6.3113036,6.6804676
-387.68088,-215.2478,6.317904,6.682068
-387.83423,-216.23592,6.3245044,6.6836677
-387.98822,-217.22395,6.331138,6.6853013
-388.14285,-218.21188,6.337938,6.6871014
-388.29816,-219.1997,6.3447375,6.688901
-388.45407,-220.18744,6.351537,6.690701
-388.6106,-221.17506,6.358337,6.692501
-388.7678,-222.16258,6.3651032,6.6942673
-388.9256,-223.15001,6.371702,6.695867
-389.08405,-224.13733,6.378301,6.697467
-389.24313,-225.12456,6.3849,6.6990666
-389.40283,-226.11168,6.3914995,6.7006664
-389.56317,-227.0987,6.3980985,6.7022996
-389.72412,-228.08562,6.404697,6.704099
-389.8857,-229.07243,6.4112954,6.705899
-390.0479,-230.05914,6.4178934,6.7076983
-390.21072,-231.04576,6.424492,6.709498
-390.37418,-232.03227,6.428678,6.710868
-390.53824,-233.01868,6.4206805,6.710068
-390.7029,-234.00497,6.412683,6.709268
-390.8682,-234.99118,6.4046855,6.7084684
-391.03412,-235.97728,6.3966885,6.707669
-391.20062,-236.96327,6.3887234,6.706869
-391.36777,-237.94916,6.3809266,6.7060695
-391.5355,-238.93495,6.3731294,6.70527
-391.70383,-239.92064,6.3653326,6.70447
-391.8728,-240.90622,6.3575354,6.7036705
-392.04236,-241.8917,6.3497386,6.702871
-392.2125,-242.87708,6.341942,6.702071
-392.38327,-243.86234,6.334145,6.7012715
-392.55463,-244.8475,6.326349,6.700472
-392.7266,-245.83257,6.318552,6.699672
-392.89917,-246.81752,6.310724,6.6988726
-393.07233,-247.80237,6.302727,6.698073
-393.24606,-248.78711,6.294731,6.6972733
-393.4204,-249.77176,6.286735,6.6964736
-393.59537,-250.75629,6.278739,6.695674
-393.7709,-251.74072,6.2707744,6.6948743
-393.94702,-252.72505,6.262978,6.6940746
-394.12372,-253.70926,6.2551823,6.693275
-394.30103,-254.69337,6.2473865,6.6924753
-394.4789,-255.67738,6.23959,6.691676
-394.65735,-256.6613,6.2328143,6.69066
-394.83643,-257.64508,6.231615,6.6884613
-395.01605,-258.62878,6.230416,6.686262
-395.19626,-259.61237,6.2292166,6.6840634
-395.37704,-260.59583,6.228017,6.6818647
-395.5584,-261.57922,6.2276077,6.6794834
-395.74036,-262.56247,6.2316055,6.6760855
-395.92285,-263.54562,6.2356033,6.672687
-396.10596,-264.5287,6.239601,6.669289
-396.2896,-265.51163,6.243599,6.6658907
-396.47385,-266.49448,6.247567,6.6624928
-396.65863,-267.4772,6.251365,6.6590943
-396.844,-268.45984,6.2551627,6.6556964
-397.02994,-269.44235,6.2589607,6.652298
-397.21643,-270.42477,6.2627587,6.6489
-397.4035,-271.40707,6.2665567,6.6455016
-397.59113,-272.38928,6.2703547,6.6421037
-397.7793,-273.37137,6.2741528,6.6387053
-397.96805,-274.35333,6.277951,6.635307
-398.15735,-275.3352,6.2817492,6.631909
-398.3472,-276.317,6.285576,6.628482
-398.53763,-277.29865,6.289574,6.6248837
-398.72858,-278.2802,6.293572,6.621285
-398.9201,-279.26166,6.29757,6.6176867
-399.11218,-280.24298,6.301568,6.6140885
-399.3048,-281.2242,6.3055377,6.610519
-399.49796,-282.20532,6.309336,6.60712
-399.69168,-283.18634,6.3131347,6.6037216
-399.88596,-284.16727,6.316933,6.600323
-400.08075,-285.14804,6.320731,6.596925
-400.2761,-286.12875,6.3245296,6.593526
-400.472,-287.1093,6.328328,6.5901275
-400.6684,-288.0898,6.3321266,6.5867286
-400.86536,-289.07016,6.335925,6.58333
-401.0628,-290.05045,6.3397236,6.5799313
-401.26074,-291.0306,6.3435497,6.5765324
-401.45917,-292.01068,6.3475485,6.573134
-401.65805,-292.99066,6.3515472,6.569735
-401.8574,-293.97055,6.355546,6.566336
-402.0572,-294.95035,6.3595443,6.5629373
-402.25745,-295.93005,6.363516,6.5595384
-402.4581,-296.90967,6.367315,6.5561395
-402.65918,-297.8892,6.371114,6.5527406
-402.86066,-298.86865,6.3749123,6.5493417
-403.0625,-299.84802,6.378711,6.545943
-403.26474,-300.8273,6.382537,6.542544
-403.46735,-301.80652,6.3865356,6.5391445
-403.67032,-302.78568,6.3905344,6.5357456
-403.87363,-303.76474,6.394533,6.5323467
-404.07724,-304.74374,6.398532,6.528948
-404.28122,-305.7227,6.4025044,6.525549
-404.48547,-306.70154,6.406303,6.52215
-404.69003,-307.68036,6.410102,6.518751
-404.89487,-308.65912,6.413901,6.515352
-405.09998,-309.63782,6.4176993,6.511953
-405.30533,-310.61646,6.4214983,6.508554
-405.51096,-311.59503,6.4252973,6.505155
-405.71683,-312.57358,6.4290957,6.501756
-405.9229,-313.55206,6.4328947,6.4983573
-406.1292,-314.53052,6.4366937,6.4949584
-406.3357,-315.5089,6.4405184,6.4915595
-406.5424,-316.48727,6.4445167,6.4881606
-406.74924,-317.4656,6.4485154,6.4847617
-406.95627,-318.4439,6.452514,6.481363
-407.16348,-319.42215,6.456513,6.477964
-407.3708,-320.4004,6.4598722,6.474872
-407.57828,-321.37857,6.4588723,6.4738727
-407.78586,-322.35675,6.457873,6.4728727
-407.99353,-323.3349,6.4568734,6.4718733
-408.20132,-324.31302,6.4558735,6.470874
-408.4092,-325.29114,6.453942,6.4703526
-408.61716,-326.26923,6.4455457,6.4731517
-408.82516,-327.2473,6.437149,6.4759502
-409.0332,-328.2254,6.4287524,6.4787493
-409.2413,-329.20346,6.420356,6.481548
-409.44943,-330.18152,6.4119844,6.484347
-409.65756,-331.15958,6.403788,6.4871454
-409.86572,-332.13763,6.395592,6.489944
-410.07385,-333.1157,6.387396,6.492743
-410.28195,-334.09375,6.3792,6.4955416
-410.49002,-335.0718,6.3683305,6.4945736
-410.69806,-336.0499,6.3381467,6.4663887
-410.90607,-337.02798,6.3079624,6.4382033
-411.11398,-338.00607,6.2777786,6.4100184
-411.3218,-338.9842,6.2475944,6.381833
-411.52954,-339.96234,6.2158895,6.3514853
-411.73718,-340.9405,6.172915,6.3051133
-411.94473,-341.9187,6.129941,6.258741
-412.15213,-342.8969,6.0869665,6.2123685
-412.3594,-343.87515,6.043992,6.165996
-412.56653,-344.85342,6.0010414,6.1196246
-412.7735,-345.83173,5.9582705,6.0732555
-412.9803,-346.81006,5.915499,6.026887
-413.1869,-347.78845,5.872728,5.9805183
-413.39328,-348.76688,5.829957,5.9341497
-413.5995,-349.74533,5.787186,5.887804
-413.80548,-350.72385,5.744419,5.841639
-414.01123,-351.7024,5.7016516,5.795474
-414.21674,-352.681,5.658884,5.7493095
-414.422,-353.65967,5.6161165,5.7031446
-414.62698,-354.6384,5.573328,5.6569586
-414.83173,-355.61716,5.530365,5.6105986
-415.03613,-356.596,5.487402,5.5642385
-415.24026,-357.57492,5.444439,5.5178785
-415.4441,-358.55386,5.401476,5.471518
-415.64758,-359.5329,5.3585343,5.4251585
-415.85074,-360.512,5.315776,5.3788037
-416.05356,-361.49118,5.2730174,5.332449
-416.256,-362.47043,5.230259,5.2860937
-416.4581,-363.44977,5.1875005,5.239739
-416.6598,-364.42917,5.144742,5.1934037
-416.86115,-365.40863,5.101985,5.1472497
-417.0625,-366.38812,5.0592275,5.101096
-417.26422,-367.36752,5.01647,5.054942
-417.46664,-368.34677,4.973713,5.008788
-417.67014,-369.3258,4.931351,4.963313
-417.87506,-370.30453,4.892773,4.9243355
-418.0818,-371.2829,4.8541956,4.8853583
-418.29068,-372.26077,4.8156176,4.8463807
-418.5021,-373.23813,4.77704,4.807403
-418.71643,-374.21484,4.740936,4.772532
-418.934,-375.19086,4.7293334,4.778333
-419.15518,-376.16605,4.7177315,4.7841344
-419.38034,-377.14032,4.706129,4.7899356
-419.60986,-378.1136,4.6945267,4.795737
-419.84406,-379.08572,4.682905,4.801538
-420.08334,-380.0566,4.6710954,4.807343
-420.32803,-381.02618,4.6592855,4.813148
-420.5785,-381.99426,4.6474752,4.818953
-420.83508,-382.96072,4.635665,4.824758
-421.0982,-383.92545,4.623855,4.8305435
-421.368,-384.8883,4.612046,4.836148
-421.64426,-385.84937,4.6002364,4.841752
-421.9266,-386.80862,4.588427,4.847357
-422.21475,-387.76617,4.576618,4.852961
-422.50836,-388.72205,4.565677,4.8579597
-422.80707,-389.67633,4.562477,4.8575597
-423.1106,-390.62912,4.559277,4.8571596
-423.41858,-391.58047,4.556077,4.8567595
-423.73068,-392.53046,4.552877,4.8563595
-424.0466,-393.47922,4.5502825,4.8554554
-424.366,-394.4268,4.55308,4.8500595
-424.68854,-395.3733,4.555878,4.8446636
-425.01395,-396.31882,4.558676,4.8392677
-425.34183,-397.2635,4.561474,4.8338723
-425.67194,-398.2074,4.564291,4.828496
-426.0039,-399.15063,4.5672874,4.823302
-426.33746,-400.09332,4.570284,4.818108
-426.67227,-401.03555,4.5732803,4.812914
-427.008,-401.97748,4.576277,4.80772
-427.34433,-402.91916,4.579255,4.802508
-427.68103,-403.86075,4.582052,4.7971134
-428.01804,-404.8022,4.5848494,4.791719
-428.35535,-405.74356,4.5876465,4.7863245
-428.69287,-406.6848,4.5904436,4.7809296
-429.03064,-407.626,4.5932584,4.7755523
-429.36862,-408.5671,4.596256,4.770356
-429.7068,-409.50815,4.5992537,4.76516
-430.0451,-410.44913,4.6022515,4.7599645
-430.38358,-411.39008,4.605249,4.7547684
-430.72217,-412.33096,4.6082306,4.7495556
-431.06085,-413.27182,4.6110287,4.7441587
-431.3996,-414.21265,4.613827,4.738762
-431.7384,-415.15344,4.616626,4.7333646
-432.0772,-416.09427,4.619424,4.7279677
-432.41605,-417.03506,4.6222386,4.7225866
-432.75485,-417.97586,4.625237,4.7173886
-433.0936,-418.9167,4.628236,4.712191
-433.4323,-419.85754,4.6312346,4.706993
-433.7709,-420.79843,4.6342335,4.701795
-434.1094,-421.73935,4.6372323,4.696582
-434.44778,-422.68033,4.6402316,4.691183
-434.78598,-423.62134,4.643231,4.685785
-435.12402,-424.56244,4.6462297,4.680386
-435.46185,-425.5036,4.649229,4.674988
-435.79944,-426.44485,4.652213,4.6696043
-436.13678,-427.38617,4.6550126,4.664406
-436.47388,-428.3276,4.6578116,4.659207
-436.81064,-429.26913,4.660611,4.654008
-437.14713,-430.2108,4.6634107,4.648809
-437.48325,-431.15256,4.666225,4.64361
-437.819,-432.09448,4.6692247,4.638411
-438.1544,-433.0365,4.672224,4.6332116
-438.48935,-433.9787,4.6752234,4.6280127
-438.8239,-434.92102,4.678223,4.6228137
-439.158,-435.86353,4.6812077,4.6175995
-439.49158,-436.80618,4.684007,4.6122007
-439.8247,-437.74902,4.6868067,4.6068015
-440.1573,-438.69208,4.689606,4.6014028
-440.48932,-439.63528,4.692405,4.596004
-440.82077,-440.5787,4.694546,4.590766
-441.15167,-441.52234,4.688348,4.587567
-441.48196,-442.46616,4.6821494,4.5843673
-441.81174,-443.4102,4.675951,4.581168
-442.14096,-444.3544,4.6697526,4.577969
-442.46967,-445.29877,4.6635685,4.5747557
-442.79785,-446.24335,4.6575704,4.571357
-443.12558,-447.18808,4.6515727,4.567958
-443.45285,-448.13297,4.6455746,4.564559
-443.77966,-449.078,4.6395764,4.56116
-444.10608,-450.0232,4.6335645,4.557761
-444.43207,-450.9685,4.627367,4.5543623
-444.75766,-451.91397,4.621169,4.550964
-445.0829,-452.85956,4.6149716,4.547565
-445.40778,-453.80527,4.608774,4.5441666
-445.73233,-454.7511,4.6025767,4.5407815
-446.05655,-455.69702,4.5963793,4.537583
-446.3805,-456.64307,4.5901823,4.5343843
-446.70416,-457.5892,4.583985,4.5311856
-447.02756,-458.5354,4.577788,4.5279875
-447.3507,-459.48172,4.5715904,4.5247755
-447.67365,-460.42807,4.565394,4.521377
-447.99637,-461.37454,4.559197,4.517979
-448.3189,-462.32104,4.553,4.5145807
-448.6413,-463.2676,4.546803,4.5111823
-448.96353,-464.21423,4.5406065,4.5077844
-449.2856,-465.1609,4.53441,4.504386
-449.6076,-466.10757,4.528213,4.500988
-449.92947,-467.05432,4.5220165,4.4975896
-450.2513,-468.00107,4.51582,4.4941916
-450.57306,-468.94785,4.5096235,4.4908056
-450.89478,-469.89465,4.503427,4.4876075
-451.21646,-470.84143,4.4972305,4.4844093
-451.53815,-471.78824,4.4910345,4.481211
-451.85986,-472.73505,4.484838,4.478013
-452.1816,-473.68182,4.4786415,4.4748034
-452.50342,-474.62857,4.4724455,4.4714055
-452.82526,-475.57532,4.466249,4.4680076
-453.14722,-476.52203,4.460053,4.4646096
-453.4693,-477.4687,4.4538565,4.4612117
-453.7915,-478.4153,4.4476714,4.4578247
-454.11383,-479.3619,4.4416747,4.4546266
-454.43634,-480.30844,4.4356785,4.4514284
-454.75903,-481.25488,4.4296823,4.4482307
-455.08188,-482.2013,4.423686,4.4450326
-455.40494,-483.1476,4.4176793,4.441824
-455.72818,-484.0939,4.411483,4.438426
-456.05167,-485.0401,4.405287,4.435028
-456.37534,-485.9862,4.3990903,4.43163
-456.69925,-486.93225,4.3928943,4.428232
-457.02338,-487.8782,4.386776,4.424854
-457.34775,-488.8241,4.382179,4.4218554
-457.67236,-489.7699,4.377581,4.418857
-457.99722,-490.7156,4.372984,4.415859
-458.32236,-491.66125,4.3683863,4.412861
-458.6477,-492.60678,4.363954,4.40989
-458.97336,-493.55225,4.3629546,4.407491
-459.2993,-494.4976,4.361955,4.4050922
-459.6255,-495.44284,4.3609557,4.4026937
-459.95197,-496.388,4.3599563,4.400295
-460.27878,-497.33304,4.358948,4.3978963
-460.60587,-498.27798,4.3577485,4.3954973
-460.93326,-499.22284,4.3565493,4.3930984
-461.261,-500.16757,4.3553495,4.3906994
-461.58902,-501.11218,4.3541503,4.3883004
-461.9174,-502.0567,4.352959,4.3859015
-462.2461,-503.00107,4.351959,4.3835025
-462.57513,-503.94534,4.35096,4.381103
-462.90454,-504.8895,4.34996,4.378704
-463.23428,-505.83353,4.3489604,4.376305
-463.5644,-506.7774,4.347961,4.3739057
-463.8949,-507.72116,4.346961,4.371506
-464.22577,-508.6648,4.345961,4.369107
-464.557,-509.6083,4.3449616,4.3667073
-464.88864,-510.55167,4.3439617,4.364308
-465.2207,-511.49487,4.342954,4.3619084
-465.55313,-512.438,4.3417544,4.359509
-465.88596,-513.3809,4.3405547,4.357109
-466.21924,-514.32367,4.3393545,4.3547096
-466.55295,-515.2663,4.338155,4.3523097
-466.8871,-516.2088,4.3369627,4.34991
-467.22168,-517.1511,4.3359623,4.34751
-467.5567,-518.09326,4.3349624,4.34511
-467.89215,-519.0353,4.3339624,4.3427095
-468.228,-519.9772,4.3329625,4.3403096
-468.56424,-520.9189,4.331955,4.337902
-468.90088,-521.8605,4.3307548,4.335302
-469.23782,-522.80194,4.3295546,4.3327017
-469.57513,-523.7433,4.3283544,4.3301015
-469.9127,-524.6846,4.327154,4.3275013
-470.25052,-525.62573,4.325962,4.3249083
-470.58856,-526.56683,4.3249617,4.3225083
-470.92682,-527.5078,4.3239617,4.3201084
-471.26526,-528.4488,4.322962,4.3177085
-471.60382,-529.38965,4.321962,4.3153086
-471.9425,-530.3305,4.3209543,4.3129086
-472.28128,-531.27136,4.3197546,4.310509
-472.62012,-532.21216,4.318555,4.30811
-472.959,-533.1529,4.317355,4.305711
-473.2979,-534.0937,4.3161554,4.3033113
-473.63678,-535.0345,4.3149633,4.300912
-473.97562,-535.9753,4.313964,4.298514
-474.31436,-536.91614,4.312965,4.2961154
-474.653,-537.857,4.3119655,4.293717
-474.99155,-538.7979,4.310966,4.291319
-475.32993,-539.73883,4.3099604,4.2889204
-475.66812,-540.6799,4.3087616,4.2865233
-476.0061,-541.621,4.3075633,4.2841263
-476.34384,-542.5622,4.3063645,4.2817297
-476.68134,-543.5035,4.3051662,4.2793326
-477.01855,-544.4449,4.303973,4.2769356
-477.35544,-545.38635,4.302975,4.2745404
-477.692,-546.328,4.301977,4.2721453
-478.02817,-547.2697,4.300979,4.26975
-478.36392,-548.2116,4.299981,4.2673545
-478.69922,-549.1537,4.2989798,4.2649593
-479.03403,-550.09595,4.2977834,4.2625666
-479.36835,-551.0383,4.2965865,4.2601733
-479.7022,-551.9809,4.29539,4.25778
-480.0356,-552.92365,4.2941937,4.2553873
-480.36856,-553.8666,4.2929974,4.252994
-480.70102,-554.80963,4.2920012,4.250603
-481.03278,-555.7529,4.291005,4.2482123
-481.36362,-556.6966,4.290009,4.2458215
-481.6933,-557.6406,4.289013,4.2434306
-482.02158,-558.5852,4.288017,4.24104
-482.34818,-559.5303,4.286824,4.2386484
-482.67276,-560.47614,4.2856283,4.236257
-482.9949,-561.4227,4.2844324,4.2338653
-483.31424,-562.37036,4.283237,4.231474
-483.63034,-563.31903,4.282041,4.229082
-483.94287,-564.2689,4.2922244,4.2180037
-484.2514,-565.2201,4.3028126,4.206617
-484.55557,-566.1726,4.3134003,4.1952295
-484.85504,-567.1267,4.3239884,4.1838427
-485.14938,-568.08234,4.334576,4.172456
-485.43823,-569.0397,4.380822,4.132724
-485.7212,-569.9988,4.428554,4.0918107
-485.99786,-570.95966,4.476286,4.0508976
-486.2678,-571.9225,4.524018,4.0099845
-486.5306,-572.8873,4.5717497,3.9690719
-486.78592,-573.8541,4.5902658,3.9521077
-487.03323,-574.823,4.6079955,3.9357882
-487.27216,-575.794,4.6257257,3.9194684
-487.50226,-576.76715,4.6434555,3.903149
-487.7231,-577.7424,4.661127,3.8871565
-487.93427,-578.7198,4.6732655,3.9021273
-488.13528,-579.69934,4.685404,3.917098
-488.3257,-580.68097,4.697542,3.9320688
-488.5051,-581.66473,4.7096806,3.9470396
-488.67297,-582.65045,4.721807,3.9635034
-488.82892,-583.6382,4.733769,4.0006046
-488.97247,-584.6278,4.7457304,4.0377054
-489.10327,-585.61914,4.757692,4.0748067
-489.22083,-586.6122,4.7696533,4.1119075
-489.32474,-587.6067,4.7723513,4.1483707
-489.41458,-588.6026,4.715681,4.1807537
-489.4899,-589.59973,4.659011,4.2131367
-489.5503,-590.59784,4.6023407,4.2455196
-489.59528,-591.59674,4.545669,4.277903
-489.62442,-592.5963,4.4909873,4.3093843
-489.63742,-593.5961,4.444565,4.337117
-489.63428,-594.59607,4.398143,4.3648496
-489.615,-595.5958,4.3517213,4.392582
-489.5796,-596.59515,4.3052998,4.4203143
-489.52808,-597.5938,4.264136,4.4460826
-489.4606,-598.59143,4.241826,4.4648066
-489.37726,-599.58795,4.2195168,4.4835305
-489.27835,-600.58295,4.1972075,4.5022545
-489.16403,-601.57635,4.1748986,4.520978
-489.03452,-602.5679,4.1524234,4.5383863
-488.88998,-603.5573,4.129275,4.550455
-488.7306,-604.5445,4.106126,4.5625243
-488.55646,-605.5292,4.082977,4.574593
-488.36768,-606.5111,4.0598283,4.5866623
-488.16437,-607.4902,4.0410175,4.5962934
-487.94666,-608.4662,4.048111,4.5913677
-487.71466,-609.43884,4.055204,4.5864415
-487.46848,-610.408,4.0622973,4.581516
-487.2082,-611.3735,4.069391,4.57659
-486.9339,-612.3351,4.079746,4.56953
-486.6457,-613.2926,4.1346464,4.533323
-486.34366,-614.24585,4.1895475,4.4971156
-486.02783,-615.1946,4.244449,4.4609084
-485.69827,-616.1387,4.2993503,4.424701
-485.35507,-617.0779,4.354251,4.388494
-484.9983,-618.012,4.367053,4.3858614
-484.62793,-618.94086,4.3792725,4.3836937
-484.24405,-619.86414,4.3914924,4.3815255
-483.84665,-620.78174,4.403712,4.3793573
-483.4358,-621.6934,4.4159317,4.3771896
-483.01147,-622.5989,4.415555,4.3688707
-482.57376,-623.4979,4.413971,4.3599625
-482.12268,-624.3903,4.4123874,4.351054
-481.65817,-625.2759,4.410804,4.3421464
-481.18036,-626.15424,4.40922,4.333238
-480.68918,-627.02527,4.3868604,4.3848605
-480.18463,-627.88855,4.3611465,4.4462547
-479.6667,-628.7439,4.3354325,4.5076494
-479.13528,-629.591,4.309718,4.569045
-478.5904,-630.42944,4.2840037,4.6304407
-478.03198,-631.2589,4.314293,4.612158
-477.46024,-632.0793,4.35491,4.5791817
-476.87537,-632.8904,4.395527,4.546206
-476.27756,-633.69196,4.4361434,4.51323
-475.66702,-634.4839,4.476761,4.4802537
-475.044,-635.266,4.513539,4.4497466
-474.40884,-636.0383,4.549749,4.4196057
-473.7619,-636.8008,4.5859585,4.389465
-473.10358,-637.55347,4.6221676,4.359324
-472.43423,-638.2963,4.6583776,4.329183
-471.75424,-639.0295,4.6952,4.266117
-471.06393,-639.7529,4.7320704,4.200479
-470.36368,-640.46674,4.768941,4.1348414
-469.65378,-641.17096,4.8058114,4.0692034
-468.93457,-641.8657,4.8426824,4.0035653
-468.20642,-642.551,4.7816453,4.0549307
-467.46964,-643.2271,4.7197576,4.107313
-466.72455,-643.894,4.65787,4.159695
-465.97144,-644.5518,4.5959826,4.212077
-465.2107,-645.2008,4.5365267,4.26253
-464.44254,-645.841,4.526449,4.273817
-463.6673,-646.4726,4.5163713,4.2851043
-462.88528,-647.09576,4.5062933,4.2963915
-462.09674,-647.71063,4.496216,4.307678
-461.30194,-648.31744,4.4890094,4.316643
-460.5012,-648.9164,4.5124984,4.300783
-459.69467,-649.5075,4.535988,4.284923
-458.8827,-650.0911,4.559477,4.2690625
-458.06546,-650.66736,4.582966,4.2532024
-457.24323,-651.23645,4.6078057,4.23624
-456.41623,-651.7985,4.644219,4.2098303
-455.58463,-652.3538,4.680632,4.1834207
-454.7487,-652.9025,4.7170453,4.157011
-453.90857,-653.4449,4.7534585,4.1306014
-453.06448,-653.981,4.785384,4.107552
-452.21664,-654.51117,4.779594,4.1127434
-451.3652,-655.0355,4.773804,4.117934
-450.51035,-655.5543,4.768014,4.1231256
-449.65225,-656.06775,4.7622237,4.128317
-448.79108,-656.576,4.755848,4.133957
-447.927,-657.0792,4.7440696,4.1437387
-447.06018,-657.57776,4.7322917,4.1535206
-446.1907,-658.07166,4.7205133,4.1633024
-445.31873,-658.5611,4.708735,4.1730843
-444.44437,-659.04626,4.6969566,4.182849
-443.56778,-659.5274,4.685174,4.192435
-442.68903,-660.00464,4.6733913,4.2020206
-441.8083,-660.47815,4.661609,4.211606
-440.92563,-660.94806,4.6498265,4.221192
-440.04117,-661.41455,4.638044,4.230794
-439.155,-661.87787,4.626262,4.2405787
-438.26724,-662.3381,4.6144805,4.250364
-437.37802,-662.7955,4.602699,4.2601485
-436.48743,-663.2501,4.590917,4.269933
-435.59552,-663.7023,4.5791206,4.2797036
-434.70245,-664.1521,4.567142,4.289286
-433.80832,-664.5998,4.5551634,4.298869
-432.9132,-665.04553,4.5431848,4.308452
-432.01718,-665.48944,4.531206,4.318035
-431.12036,-665.93176,4.519241,4.3276305
-430.22287,-666.3727,4.507464,4.337411
-429.32477,-666.8124,4.4956875,4.347192
-428.42612,-667.251,4.483911,4.356972
-427.52707,-667.6887,4.4721346,4.3667526
-426.6277,-668.12573,4.460358,4.376522
-425.72803,-668.56226,4.448582,4.3861027
-424.82825,-668.9985,4.436806,4.395683
-423.92838,-669.4346,4.4250307,4.4052634
-423.02856,-669.8707,4.4132547,4.4148436
-422.12885,-670.3071,4.401479,4.4244328
-421.22934,-670.7439,4.389701,4.434214
-420.3301,-671.18134,4.3779235,4.4439955
-419.43127,-671.6195,4.366146,4.453777
-418.5329,-672.05865,4.354368,4.463558
-417.6351,-672.4989,4.342591,4.47334
-416.7379,-672.9405,4.3308096,4.4831243
-415.84146,-673.38354,4.3190284,4.4929085
-414.9459,-673.82837,4.3072476,4.5026927
-414.0513,-674.27515,4.2954664,4.5124774
-413.1578,-674.7241,4.283685,4.5222564
-412.2655,-675.1755,4.2718997,4.5318446
-411.37436,-675.6291,4.260114,4.541433
-410.48438,-676.085,4.2483287,4.5510206
-409.59555,-676.54315,4.236543,4.560609
-408.70782,-677.0034,4.2247534,4.5702014
-407.82114,-677.4657,4.2127624,4.579994
-406.93546,-677.92993,4.2007713,4.589787
-406.05063,-678.39575,4.1887803,4.59958
-405.16656,-678.86304,4.176789,4.609372
-404.28317,-679.33154,4.164801,4.619162
-403.40027,-679.801,4.153,4.6287627
-402.51785,-680.2714,4.141199,4.6383634
-401.63583,-680.7425,4.129398,4.6479645
-400.75412,-681.2142,4.117597,4.657565
-399.87265,-681.68634,4.1057954,4.6671696
-398.9913,-682.15875,4.09398,4.676983
-398.11,-682.63116,4.082164,4.686796
-397.2285,-683.1033,4.0703483,4.696609
-396.3467,-683.5748,4.058532,4.7064223
-395.46445,-684.04553,4.046716,4.7162356
-394.58163,-684.51514,4.03488,4.7260656
-393.69852,-684.9842,4.0230446,4.735895
-392.81534,-685.4531,4.0112085,4.745725
-391.93243,-685.9226,3.999373,4.7555547
-391.05005,-686.393,3.9875364,4.765377
-390.16852,-686.86505,3.9756784,4.7750244
-389.28836,-687.33966,3.9638205,4.7846713
-388.4101,-687.81775,3.9519625,4.7943187
-387.53427,-688.3003,3.9401042,4.803966
-386.66144,-688.7882,3.929179,4.8129873
-385.79214,-689.2824,3.9319959,4.812786
-384.92697,-689.7838,3.9348125,4.812585
-384.06647,-690.29315,3.9376295,4.8123837
-383.21118,-690.8112,3.9404461,4.8121824
-382.36176,-691.33887,3.9576302,4.802559
-381.5188,-691.8767,4.1143923,4.701396
-380.68298,-692.42566,4.2711506,4.6002355
-379.855,-692.9863,4.4279127,4.499073
-379.0356,-693.55945,4.5846767,4.3979087
-378.2256,-694.14575,4.723358,4.3104568
-377.42563,-694.7457,4.717588,4.332543
-376.6364,-695.35974,4.7118177,4.354628
-375.85846,-695.988,4.706048,4.376713
-375.0924,-696.6307,4.7002783,4.3987975
-374.3389,-697.288,4.695422,4.4162645
-373.59857,-697.9602,4.7003765,4.384162
-372.8722,-698.6474,4.7053304,4.3520594
-372.16043,-699.34973,4.710284,4.319957
-371.4641,-700.0674,4.7152386,4.287854
-370.784,-700.8004,4.716576,4.263259
-370.12097,-701.5489,4.6284184,4.424416
-369.47598,-702.313,4.5402637,4.585568
-368.85007,-703.09283,4.4521074,4.7467217
-368.24432,-703.88837,4.363952,4.9078746
-367.65982,-704.6997,4.279255,5.063559
-367.0978,-705.52673,4.3296595,5.0056953
-366.55963,-706.36945,4.380061,4.947834
-366.0467,-707.2278,4.4304647,4.8899703
-365.56055,-708.10156,4.4808702,4.832105
-365.10275,-708.99054,4.529831,4.7793174
-364.6747,-709.8942,4.558035,4.7996078
-364.27747,-710.8118,4.586236,4.819896
-363.91193,-711.74255,4.614438,4.8401856
-363.579,-712.68536,4.642644,4.8604774
-363.27972,-713.63947,4.6716866,4.8799024
-363.01462,-714.6036,4.705995,4.8938274
-362.78293,-715.5763,4.7403007,4.9077516
-362.5837,-716.55615,4.774601,4.9216733
-362.41595,-717.5419,4.808898,4.935594
-362.27863,-718.53235,4.839523,4.9446573
-362.17087,-719.5264,4.8534875,4.93169
-362.09186,-720.52325,4.867454,4.918721
-362.04092,-721.52185,4.8814206,4.905752
-362.01727,-722.52155,4.895387,4.892783
-362.02017,-723.5214,4.9095354,4.882834
-362.0489,-724.52094,4.9245763,4.8877816
-362.10278,-725.5195,4.939617,4.8927293
-362.18118,-726.5163,4.9546576,4.897677
-362.28345,-727.511,4.969698,4.902624
-362.4089,-728.50305,4.9805727,4.909496
-362.557,-729.49194,4.959572,4.9310913
-362.72742,-730.47723,4.93857,4.9526873
-362.9198,-731.4585,4.917568,4.9742837
-363.13382,-732.43524,4.8965664,4.99588
-363.36923,-733.4071,4.876399,5.0175295
-363.62573,-734.3736,4.8676076,5.039908
-363.90323,-735.3342,4.8588157,5.062287
-364.20172,-736.2886,4.850024,5.084666
-364.52115,-737.23615,4.8412323,5.107045
-364.86142,-738.1764,4.8334994,5.1299844
-365.2225,-739.1089,4.841343,5.161158
-365.60422,-740.0331,4.849187,5.192332
-366.0064,-740.94855,4.8570304,5.223505
-366.4289,-741.85486,4.864874,5.2546782
-366.87155,-742.75146,4.872831,5.28599
-367.33417,-743.638,4.881912,5.3186846
-367.8166,-744.51385,4.890994,5.351379
-368.3187,-745.3786,4.900076,5.3840733
-368.84024,-746.2317,4.9091578,5.416768
-369.38113,-747.07275,4.918846,5.44883
-369.9411,-747.9012,4.93237,5.4768877
-370.51974,-748.7167,4.9458942,5.5049453
-371.1167,-749.51886,4.959419,5.533003
-371.73154,-750.30743,4.972943,5.561061
-372.36383,-751.0821,4.9940934,5.57765
-373.01315,-751.8425,5.049407,5.542853
-373.6786,-752.5889,5.1047206,5.5080557
-374.3594,-753.3213,5.160032,5.47326
-375.05475,-754.03986,5.2153425,5.4384646
-375.7639,-754.7449,5.281381,5.386933
-376.48608,-755.43646,5.3876038,5.2727084
-377.2207,-756.11487,5.49383,5.15848
-377.96716,-756.7802,5.600057,5.0442514
-378.7248,-757.4328,5.7062836,4.9300227
-379.4931,-758.0728,5.766047,4.8743453
-380.27148,-758.70056,5.6530175,5.0364137
-381.05945,-759.31616,5.539987,5.1984844
-381.85654,-759.9199,5.426957,5.3605537
-382.66226,-760.51215,5.313927,5.5226226
-383.47623,-761.093,5.230808,5.6546397
-384.2979,-761.66284,5.270734,5.663024
-385.12698,-762.2219,5.3106604,5.6714087
-385.96298,-762.7705,5.3505874,5.6797934
-386.80554,-763.3091,5.3905144,5.688178
-387.65427,-763.83777,5.423336,5.693692
-388.5088,-764.3571,5.4251404,5.686676
-389.36865,-764.86755,5.4269447,5.67966
-390.2334,-765.3697,5.428749,5.672643
-391.10257,-765.8641,5.430553,5.665627
-391.97574,-766.3514,5.4317617,5.658172
-392.85257,-766.8321,5.4305573,5.64894
-393.73264,-767.3069,5.429353,5.6397076
-394.61557,-767.7763,5.4281487,5.6304755
-395.50104,-768.2409,5.4269447,5.6212435
-396.38867,-768.7013,5.427512,5.611278
-397.27817,-769.1582,5.434532,5.5986423
-398.16913,-769.6121,5.4415517,5.5860066
-399.06122,-770.0639,5.4485717,5.573371
-399.95407,-770.51416,5.455591,5.5607357
-400.84738,-770.9635,5.462563,5.54815
-401.74078,-771.41266,5.4693723,5.5357327
-402.6341,-771.862,5.476182,5.5233154
-403.5271,-772.312,5.482991,5.510898
-404.41953,-772.76306,5.489801,5.498481
-405.31122,-773.2156,5.495993,5.4877234
-406.20206,-773.66986,5.5001926,5.482324
-407.09204,-774.12573,5.5043917,5.476925
-407.98135,-774.58295,5.508591,5.4715257
-408.87006,-775.0413,5.51279,5.466127
-409.75824,-775.50073,5.516094,5.4630356
-410.646,-775.96094,5.516494,5.46743
-411.53342,-776.4219,5.5168934,5.4718246
-412.42047,-776.88336,5.5172925,5.476219
-413.30728,-777.34546,5.517692,5.4806137
-414.19385,-777.8079,5.5180917,5.485054
-415.08026,-778.27075,5.518491,5.489646
-415.96655,-778.73376,5.5188904,5.494238
-416.85284,-779.19684,5.5192895,5.4988303
-417.73914,-779.65985,5.519689,5.5034223
-418.62555,-780.1227,5.5200443,5.5080147
-419.51212,-780.58514,5.5202436,5.512607
-420.3989,-781.04724,5.5204434,5.5172
-421.28592,-781.5089,5.520643,5.5217924
-422.17322,-781.97,5.520843,5.5263853
-423.06085,-782.4304,5.5210853,5.530936
-423.94882,-782.89026,5.521485,5.535331
-424.83713,-783.3494,5.521884,5.5397263
-425.72574,-783.80804,5.5222836,5.5441213
-426.6146,-784.26605,5.522683,5.5485163
-427.50372,-784.72363,5.5230827,5.5529532
-428.39307,-785.1808,5.523483,5.55755
-429.28265,-785.6375,5.5238824,5.5621467
-430.17242,-786.0938,5.524282,5.566744
-431.06238,-786.54974,5.5246816,5.5713406
-431.95248,-787.0054,5.5250816,5.5759377
-432.84277,-787.4607,5.525481,5.580536
-433.73322,-787.9157,5.5258813,5.585134
-434.62375,-788.3705,5.526281,5.589732
-435.5144,-788.8251,5.526681,5.594331
-436.40515,-789.2795,5.527081,5.5989294
-437.296,-789.73376,5.5274806,5.6035285
-438.18686,-790.18787,5.5278807,5.6081276
-439.0778,-790.64197,5.5282807,5.612727
-439.96875,-791.09595,5.528681,5.6173263
-440.8597,-791.5499,5.5290804,5.621886
-441.75067,-792.0039,5.5294805,5.6262856
-442.6416,-792.45795,5.5298805,5.630686
-443.5325,-792.91205,5.5302806,5.6350856
-444.42334,-793.3663,5.5306807,5.6394854
-445.31412,-793.8206,5.5310807,5.6439257
-446.2048,-794.27515,5.5314803,5.648526
-447.0954,-794.72986,5.5318804,5.6531262
-447.98587,-795.1848,5.5322804,5.6577263
-448.8762,-795.64,5.5326805,5.6623263
-449.7664,-796.0955,5.5330405,5.666927
-450.6564,-796.5514,5.5332403,5.671527
-451.54623,-797.00757,5.53344,5.6761265
-452.43585,-797.4642,5.5336404,5.6807265
-453.3253,-797.92114,5.53384,5.6853266
-454.21448,-798.3786,5.5340805,5.689886
-455.1034,-798.83655,5.5344806,5.6942854
-455.99207,-799.29504,5.5348806,5.698685
-456.88046,-799.754,5.53528,5.7030845
-457.76855,-800.21356,5.5356803,5.707484
-458.65634,-800.6737,5.536321,5.7105184
-459.54382,-801.13446,5.5379205,5.7081194
-460.43097,-801.5959,5.53952,5.70572
-461.3178,-802.05786,5.5411196,5.703321
-462.20428,-802.5205,5.542719,5.7009215
-463.09045,-802.9838,5.5443583,5.6983232
-463.97626,-803.44775,5.5461574,5.694925
-464.86172,-803.91235,5.5479565,5.691527
-465.74686,-804.3777,5.5497556,5.6881285
-466.6316,-804.8436,5.5515547,5.68473
-467.51596,-805.3103,5.5533147,5.681292
-468.39996,-805.7777,5.5549135,5.6776943
-469.2836,-806.2458,5.556513,5.6740966
-470.16684,-806.71466,5.5581117,5.6704984
-471.04968,-807.1842,5.559711,5.6669006
-471.93213,-807.65454,5.5613484,5.663303
-472.81415,-808.1257,5.5631475,5.659705
-473.69577,-808.59753,5.564946,5.6561074
-474.57697,-809.0702,5.5667453,5.6525097
-475.45773,-809.54364,5.568544,5.648912
-476.33807,-810.0179,5.5716763,5.6431427
-477.218,-810.4929,5.5804706,5.628153
-478.09744,-810.9688,5.5892644,5.6131625
-478.97644,-811.44556,5.5980587,5.5981727
-479.85498,-811.92316,5.606853,5.5831823
-480.73306,-812.40155,5.6166577,5.5666203
-481.61066,-812.88086,5.6308484,5.5432353
-482.4878,-813.361,5.645039,5.5198507
-483.36444,-813.8421,5.65923,5.496466
-484.24057,-814.32404,5.673421,5.473081
-485.1162,-814.80695,5.6876116,5.4496965
-485.99136,-815.2907,5.7018027,5.426311
-486.86597,-815.77545,5.715994,5.402925
-487.74008,-816.2611,5.7301855,5.3795395
-488.61365,-816.7477,5.7443767,5.356154
-489.4867,-817.2353,5.7585683,5.332768
-490.3592,-817.7238,5.7727604,5.309381
-491.2311,-818.2133,5.7869525,5.285994
-492.1025,-818.70386,5.8011446,5.262607
-492.97333,-819.1954,5.8153367,5.23922
-493.84357,-819.68787,5.826074,5.2214246
-494.71326,-820.1814,5.8208766,5.229421
-495.58234,-820.67596,5.8156786,5.237417
-496.45084,-821.17163,5.810481,5.2454133
-497.31873,-821.6683,5.8052835,5.2534094
-498.186,-822.166,5.797696,5.2651668
-499.05267,-822.6648,5.778903,5.2945557
-499.9187,-823.1647,5.7601104,5.3239446
-500.78412,-823.6657,5.7413177,5.3533335
-501.6489,-824.1678,5.7225246,5.382722
-502.513,-824.67096,5.7037663,5.412146
-503.37646,-825.1753,5.6851716,5.4417377
-504.2393,-825.6807,5.666577,5.4713297
-505.1014,-826.1873,5.647982,5.5009212
-505.9629,-826.69507,5.6293874,5.530513
-506.82364,-827.204,5.610758,5.560105
-507.68372,-827.71405,5.591961,5.5896997
-508.5431,-828.2253,5.5731645,5.6192946
-509.40176,-828.73773,5.5543675,5.648889
-510.25974,-829.2514,5.535571,5.678484
-511.11694,-829.7663,5.520206,5.7014213
-511.97342,-830.28235,5.5214057,5.692222
-512.82916,-830.7997,5.522606,5.683023
-513.68414,-831.31824,5.5238056,5.673824
-514.5384,-831.838,5.5250053,5.6646247
-515.39185,-832.3591,5.5263767,5.655117
-516.24457,-832.8814,5.5285764,5.644117
-517.0965,-833.405,5.5307765,5.633117
-517.9476,-833.92993,5.5329766,5.622117
-518.7979,-834.4561,5.5351768,5.611117
-519.6474,-834.98364,5.5373764,5.6001167
-520.4961,-835.51245,5.5395765,5.589116
-521.34393,-836.0426,5.541777,5.5781155
-522.191,-836.5741,5.5439773,5.567115
-523.0371,-837.10693,5.5461774,5.556114
-523.88245,-837.6411,5.548995,5.5455937
-524.72687,-838.17664,5.5547953,5.5373926
-525.5705,-838.71356,5.560596,5.529192
-526.41315,-839.2519,5.5663967,5.520991
-527.255,-839.79156,5.5721974,5.51279
-528.09595,-840.33264,5.579546,5.50569
-528.936,-840.87506,5.594348,5.50389
-529.7751,-841.4189,5.6091495,5.50209
-530.61334,-841.9641,5.623951,5.50029
-531.45074,-842.5107,5.638753,5.4984894
-532.28723,-843.0586,5.6535544,5.496655
-533.1228,-843.60785,5.668356,5.4946547
-533.9575,-844.15845,5.683157,5.4926543
-534.7914,-844.7104,5.6979585,5.4906545
-535.6243,-845.2637,5.71276,5.488654
-536.45636,-845.81824,5.726142,5.487035
-537.2876,-846.37415,5.7327423,5.4872346
-538.11786,-846.9314,5.7393427,5.487435
-538.9473,-847.48987,5.745943,5.4876347
-539.7759,-848.0497,5.7525434,5.4878345
-540.6036,-848.61084,5.758,5.4882774
-541.4304,-849.1732,5.758,5.489877
-542.25635,-849.7369,5.758,5.4914775
-543.0814,-850.3018,5.758,5.4930773
-543.90564,-850.868,5.758,5.494677
-544.729,-851.4355,5.758,5.4962773
-545.55145,-852.0042,5.758,5.497877
-546.3731,-852.57416,5.758,5.499477
-547.19385,-853.1453,5.758,5.5010767
-548.0138,-853.7178,5.758,5.5026765
-548.8328,-854.29144,5.7580347,5.5042763
-549.651,-854.86633,5.7582345,5.505876
-550.4683,-855.4424,5.7584343,5.507476
-551.2848,-856.0197,5.7586346,5.5090756
-552.10046,-856.5982,5.7588344,5.5106754
-552.9152,-857.1779,5.759,5.512275
-553.7291,-857.7588,5.759,5.5138745
-554.54224,-858.3408,5.759,5.5154743
-555.3545,-858.9241,5.759,5.5170736
-556.1659,-859.5085,5.759,5.5186734
-556.97644,-860.0941,5.759,5.5202727
-557.7862,-860.68085,5.759,5.521872
-558.59503,-861.26874,5.759,5.523472
-559.4031,-861.8578,5.759,5.525071
-560.2103,-862.44794,5.759,5.5266705
-561.0167,-863.03925,5.7590337,5.52827
-561.82227,-863.6317,5.7592335,5.529869
-562.627,-864.2252,5.7594337,5.5314684
-563.4309,-864.81995,5.7596335,5.5330677
-564.234,-865.4157,5.7598333,5.5346665
-565.03625,-866.01263,5.7599335,5.5363655
-565.8377,-866.6106,5.759534,5.538564
-566.63837,-867.20966,5.759134,5.540763
-567.4382,-867.8099,5.758734,5.5429616
-568.2372,-868.4111,5.7583346,5.5451603
-569.0354,-869.0134,5.7574124,5.548469
-569.83276,-869.6168,5.7538147,5.5574627
-570.6294,-870.22125,5.7502174,5.566457
-571.4252,-870.8268,5.7466197,5.5754504
-572.22015,-871.43335,5.7430224,5.584444
-573.01434,-872.04095,5.7394247,5.5934057
-573.80774,-872.6496,5.735828,5.602199
-574.6003,-873.2593,5.7322307,5.610992
-575.3921,-873.87,5.7286334,5.6197853
-576.1831,-874.4817,5.725036,5.628578
-576.9733,-875.0944,5.7214704,5.637371
-577.7628,-875.7082,5.7180734,5.6461635
-578.55145,-876.32294,5.7146764,5.654956
-579.33936,-876.9387,5.711279,5.6637483
-580.12646,-877.5555,5.707882,5.6725407
-580.9128,-878.1732,5.7048182,5.680727
-581.6983,-878.79193,5.7036195,5.6855226
-582.4831,-879.4116,5.7024207,5.690318
-583.26715,-880.0323,5.7012215,5.695113
-584.05035,-880.65393,5.7000227,5.6999087
-584.8329,-881.2765,5.6998215,5.702944
-585.6146,-881.9001,5.705416,5.6957507
-586.39557,-882.52454,5.7110105,5.688558
-587.1758,-883.15,5.7166047,5.6813655
-587.95526,-883.77637,5.722199,5.6741724
-588.734,-884.4037,5.7277937,5.66698
-589.51196,-885.0319,5.733388,5.659787
-590.2892,-885.6611,5.7389817,5.6525946
-591.0657,-886.29114,5.744576,5.6454024
-591.84143,-886.9221,5.75017,5.63821
-592.6164,-887.554,5.7557645,5.631017
-593.3906,-888.1868,5.7613587,5.6238246
-594.16406,-888.8206,5.7669525,5.6166325
-594.93677,-889.4554,5.772547,5.60944
-595.7086,-890.09106,5.778141,5.602247
-596.47974,-890.7277,5.7837353,5.5950546
-597.25,-891.3654,5.7893295,5.587862
-598.0194,-892.0041,5.7949243,5.580669
-598.78796,-892.6438,5.8005185,5.5734763
-599.55566,-893.28455,5.8061132,5.566283
-600.3225,-893.9263,5.811379,5.5595703
-601.08844,-894.56915,5.8143764,5.5561733
-601.8535,-895.213,5.8173738,5.5527763
-602.6177,-895.858,5.820371,5.5493793
-603.38086,-896.5041,5.8233685,5.5459824
-604.1432,-897.15125,5.8260245,5.543122
-604.90454,-897.7995,5.8262243,5.5441213
-605.6649,-898.4489,5.826424,5.5451207
-606.4243,-899.0995,5.826624,5.5461197
-607.18274,-899.7512,5.8268237,5.547119
-607.9401,-900.40405,5.8270235,5.5480947
-608.69653,-901.0581,5.827224,5.5488944
-609.4519,-901.7133,5.8274236,5.5496936
-610.20624,-902.36975,5.8276234,5.5504932
-610.95953,-903.0274,5.827823,5.551293
-611.71173,-903.6863,5.828023,5.5521154
-612.4628,-904.3464,5.828223,5.5531154
-613.2129,-905.0077,5.828423,5.554115
-613.9618,-905.6703,5.828623,5.5551143
-614.7096,-906.3341,5.8288226,5.556114
-615.4563,-906.99927,5.829023,5.5571136
-616.2018,-907.6657,5.8292227,5.5581136
-616.9461,-908.33344,5.8294225,5.5591135
-617.6893,-909.0025,5.8296227,5.5601134
-618.4313,-909.67285,5.8298225,5.5611134
-619.172,-910.34454,5.829887,5.561932
-619.91156,-911.0176,5.8288865,5.561332
-620.64984,-911.692,5.8278866,5.560732
-621.3869,-912.3678,5.8268867,5.560132
-622.1227,-913.0449,5.8258867,5.5595317
-622.85724,-913.72345,5.824591,5.5585456
-623.5904,-914.4034,5.82099,5.5545444
-624.3223,-915.0848,5.817389,5.5505433
-625.0529,-915.7675,5.813788,5.546542
-625.7821,-916.4517,5.810187,5.542541
-626.51,-917.1374,5.806586,5.53854
-627.2365,-917.82446,5.802984,5.534538
-627.9616,-918.513,5.799382,5.530536
-628.68536,-919.20306,5.7957807,5.526534
-629.40765,-919.8946,5.792179,5.522532
-630.12854,-920.5876,5.7885537,5.5185304
-630.84796,-921.2821,5.7847514,5.514528
-631.5659,-921.9781,5.780949,5.510525
-632.2824,-922.67566,5.777147,5.506523
-632.9974,-923.3747,5.7733445,5.5025206
-633.7109,-924.0753,5.769566,5.498518
-634.42285,-924.77747,5.7659636,5.4945154
-635.13324,-925.4812,5.762361,5.4905124
-635.8421,-926.1865,5.7587585,5.4865093
-636.5494,-926.8934,5.755156,5.4825068
-637.25507,-927.60187,5.7515535,5.478479
-637.95917,-928.3119,5.747951,5.474276
-638.6616,-929.02356,5.744348,5.4700727
-639.3624,-929.7368,5.7407455,5.46587
-640.0616,-930.4517,5.737143,5.461667
-640.7591,-931.1683,5.734,5.458511
-641.4549,-931.8864,5.734,5.4625134
-642.149,-932.60626,5.734,5.466516
-642.8414,-933.3277,5.734,5.4705186
-643.53204,-934.05084,5.734,5.4745216
-644.22095,-934.77563,5.7347074,5.4800963
-644.908,-935.50214,5.7401104,5.4961047
-645.5934,-936.23035,5.745513,5.512113
-646.2769,-936.9602,5.750916,5.5281215
-646.9586,-937.6918,5.7563186,5.54413
-647.6385,-938.42505,5.761695,5.5600305
-648.31647,-939.16003,5.7668962,5.5752344
-648.9926,-939.8967,5.7720976,5.5904384
-649.6669,-940.6352,5.777299,5.6056423
-650.3392,-941.3754,5.7825003,5.6208463
-651.0096,-942.1174,5.787297,5.634917
-651.67804,-942.861,5.7894964,5.641716
-652.3446,-943.60645,5.791696,5.648515
-653.00934,-944.35345,5.7938957,5.6553144
-653.6723,-945.10205,5.7960954,5.6621137
-654.3335,-945.8522,5.7982683,5.6689124
-654.99304,-946.6038,5.800267,5.6757083
-655.65094,-947.3569,5.802266,5.6825047
-656.30725,-948.11127,5.804265,5.6893005
-656.96204,-948.867,5.806264,5.696097
-657.6154,-949.624,5.8082623,5.702893
-658.2674,-950.3822,5.810261,5.709686
-658.918,-951.14154,5.8122587,5.716479
-659.5673,-951.902,5.8142567,5.7232723
-660.21545,-952.6635,5.8162546,5.7300653
-660.86237,-953.42596,5.818278,5.7368836
-661.50824,-954.1894,5.8204746,5.7438736
-662.153,-954.95374,5.8226714,5.750864
-662.79675,-955.7189,5.8248687,5.7578545
-663.4396,-956.4848,5.8270655,5.764845
-664.08154,-957.2515,5.8292384,5.771811
-664.7227,-958.01886,5.8312354,5.7786
-665.3631,-958.78687,5.833232,5.785389
-666.00275,-959.5555,5.835229,5.7921777
-666.6418,-960.3246,5.8372254,5.7989664
-667.2802,-961.09424,5.8391333,5.8050447
-667.91815,-961.86426,5.840331,5.805444
-668.5556,-962.6347,5.841529,5.805843
-669.1926,-963.4055,5.8427267,5.8062425
-669.8293,-964.1766,5.8439245,5.8066416
-670.4657,-964.9479,5.8449593,5.805917
-671.10187,-965.71936,5.8445597,5.7953353
-671.73785,-966.49097,5.8441606,5.7847543
-672.3738,-967.2627,5.8437614,5.774173
-673.0096,-968.0345,5.843362,5.7635913
-673.64545,-968.8062,5.8429627,5.7530284
-674.2814,-969.57794,5.842563,5.7426443
-674.91736,-970.34955,5.842164,5.7322607
-675.5536,-971.12103,5.8417645,5.721877
-676.19006,-971.8923,5.8413653,5.711493
-676.82684,-972.6632,5.8409657,5.701092
-677.464,-973.4339,5.840566,5.690505
-678.10144,-974.20435,5.8401666,5.679918
-678.73914,-974.9746,5.839767,5.669331
-679.377,-975.7447,5.839368,5.658744
-680.015,-976.51465,5.8389683,5.6481724
-680.6531,-977.2846,5.8385687,5.637781
-681.29114,-978.0545,5.8381686,5.62739
-681.92914,-978.8245,5.837769,5.6169987
-682.567,-979.5946,5.8373694,5.6066074
-683.20465,-980.36487,5.83697,5.596201
-683.84204,-981.1354,5.83657,5.5856056
-684.47906,-981.9062,5.83617,5.5750103
-685.11566,-982.67725,5.8357706,5.564415
-685.75183,-983.4488,5.8353705,5.553819
-686.3875,-984.2207,5.8349705,5.543224
-687.0225,-984.9931,5.834571,5.532624
-687.6569,-985.7661,5.834171,5.522024
-688.2905,-986.5397,5.8337708,5.5114245
-688.9234,-987.3139,5.8333707,5.5008245
-689.55536,-988.0888,5.8329706,5.490239
-690.1864,-988.8645,5.8325706,5.479835
-690.81647,-989.64105,5.8321705,5.4694314
-691.44543,-990.4184,5.8317704,5.4590273
-692.07324,-991.19666,5.8313704,5.448623
-692.6999,-991.97595,5.83097,5.438204
-693.32526,-992.7562,5.8305697,5.427596
-693.9493,-993.53754,5.830169,5.4169884
-694.5719,-994.32,5.829769,5.4063807
-695.19305,-995.1037,5.8293686,5.395773
-695.8126,-995.88855,5.8287005,5.385669
-696.4306,-996.6747,5.824897,5.381465
-697.04694,-997.46216,5.821093,5.3772607
-697.66144,-998.251,5.8172894,5.373057
-698.2742,-999.04126,5.8134856,5.3688526
-698.88495,-999.833,5.808962,5.365971
-699.4938,-1000.6262,5.796549,5.3775835
-700.1006,-1001.421,5.784136,5.3891954
-700.70526,-1002.21747,5.7717223,5.400808
-701.30774,-1003.0155,5.7593093,5.4124203
-701.90796,-1003.8153,5.746914,5.4240503
-702.50586,-1004.6168,5.734703,5.435861
-703.10144,-1005.42004,5.7224917,5.447672
-703.69476,-1006.225,5.7102804,5.4594827
-704.2858,-1007.03156,5.6980696,5.4712934
-704.87463,-1007.8398,5.6858397,5.483085
-705.4613,-1008.64954,5.673432,5.494693
-706.0458,-1009.46094,5.661024,5.5063
-706.6281,-1010.2738,5.6486163,5.517907
-707.2083,-1011.0882,5.6362085,5.5295143
-707.7865,-1011.90405,5.6238594,5.5410438
-708.3626,-1012.7214,5.6120563,5.5518465
-708.93677,-1013.5401,5.6002536,5.5626493
-709.5089,-1014.36017,5.5884504,5.573452
-710.07916,-1015.1816,5.5766473,5.5842547
-710.64746,-1016.0044,5.5656476,5.59306
-711.21387,-1016.8284,5.562048,5.5834618
-711.7785,-1017.65375,5.558449,5.5738635
-712.34125,-1018.4803,5.554849,5.564265
-712.9023,-1019.30804,5.55125,5.5546665
-713.46155,-1020.137,5.547651,5.545088
-714.01904,-1020.9671,5.5440526,5.535693
-714.57495,-1021.7983,5.540455,5.5262985
-715.12915,-1022.6306,5.536857,5.5169044
-715.6818,-1023.464,5.533259,5.5075097
-716.23285,-1024.2985,5.529661,5.4981155
-716.78235,-1025.1339,5.526065,5.4887247
-717.3304,-1025.9703,5.522468,5.479334
-717.8769,-1026.8076,5.518872,5.469943
-718.422,-1027.646,5.5152755,5.460552
-718.96564,-1028.4852,5.5116787,5.4511614
-719.508,-1029.3253,5.508084,5.441774
-720.04895,-1030.1664,5.5044885,5.432386
-720.5886,-1031.0082,5.500893,5.4229984
-721.1271,-1031.8508,5.497298,5.413611
-721.66425,-1032.6942,5.494132,5.4048676
-722.2002,-1033.5383,5.49573,5.4032702
-722.73505,-1034.3833,5.4973273,5.401673
-723.26874,-1035.2289,5.4989247,5.4000754
-723.80133,-1036.0752,5.500522,5.3984776
-724.3329,-1036.9222,5.5021496,5.396925
-724.8634,-1037.7698,5.504146,5.395927
-725.39294,-1038.618,5.5061426,5.3949285
-725.9216,-1039.4669,5.5081396,5.3939304
-726.4492,-1040.3163,5.510136,5.392932
-726.976,-1041.1663,5.5121326,5.391947
-727.50195,-1042.0167,5.514129,5.3911486
-728.0271,-1042.8677,5.5161257,5.39035
-728.55145,-1043.7191,5.518122,5.389551
-729.07513,-1044.571,5.5201187,5.3887525
-729.598,-1045.4233,5.522104,5.3879423
-730.1203,-1046.276,5.523901,5.386944
-730.6419,-1047.1292,5.525698,5.3859453
-731.16296,-1047.9827,5.5274954,5.3849473
-731.6834,-1048.8365,5.529292,5.383949
-732.20337,-1049.6907,5.5310993,5.3829603
-732.72284,-1050.545,5.533097,5.382161
-733.2418,-1051.3998,5.5350943,5.3813624
-733.76044,-1052.2548,5.5370913,5.3805633
-734.2786,-1053.11,5.5390887,5.3797646
-734.7965,-1053.9655,5.541086,5.378957
-735.3141,-1054.821,5.5430846,5.377958
-735.83136,-1055.6768,5.5450826,5.376959
-736.3484,-1056.5327,5.547081,5.3759594
-736.86523,-1057.3887,5.549079,5.3749604
-737.3819,-1058.2449,5.5510774,5.373969
-737.8985,-1059.1011,5.5530767,5.3731694
-738.4149,-1059.9573,5.555076,5.3723693
-738.93134,-1060.8136,5.5570755,5.3715696
-739.44775,-1061.6699,5.5590754,5.37077
-739.9641,-1062.5261,5.5610747,5.3699703
-740.4806,-1063.3824,5.5630755,5.3691697
-740.99713,-1064.2386,5.565077,5.368369
-741.5138,-1065.0948,5.5670776,5.367569
-742.03064,-1065.9508,5.5690784,5.3667684
-742.54767,-1066.8068,5.5710797,5.36596
-743.06494,-1067.6625,5.5730824,5.364959
-743.5825,-1068.5181,5.5750856,5.3639574
-744.1004,-1069.3735,5.5770884,5.3629556
-744.6186,-1070.2288,5.5790915,5.361954
-745.1371,-1071.0837,5.5810847,5.3609624
-745.6561,-1071.9385,5.5828896,5.3601604
-746.17596,-1072.7926,5.584694,5.3593583
-746.69714,-1073.6461,5.5864983,5.3585563
-747.22003,-1074.4984,5.5883026,5.357754
-747.74506,-1075.3495,5.588539,5.3589835
-748.27264,-1076.1989,5.563873,5.3924737
-748.8033,-1077.0464,5.5392065,5.4259634
-749.3374,-1077.8918,5.51454,5.459453
-749.87537,-1078.7347,5.4898744,5.4929433
-750.4177,-1079.5748,5.4649196,5.5268373
-750.9648,-1080.4119,5.4362774,5.5658946
-751.51697,-1081.2455,5.407635,5.604952
-752.07477,-1082.0754,5.3789935,5.644009
-752.6385,-1082.9014,5.3503513,5.6830664
-753.20856,-1083.7229,5.3229465,5.7211385
-753.7854,-1084.5397,5.309777,5.7478776
-754.3693,-1085.3514,5.2966065,5.7746167
-754.9606,-1086.1578,5.283437,5.8013554
-755.55963,-1086.9585,5.270267,5.828094
-756.1667,-1087.7532,5.260476,5.8521566
-756.78217,-1088.5413,5.296622,5.8398433
-757.40674,-1089.3221,5.332767,5.82753
-758.0412,-1090.0951,5.3689127,5.8152165
-758.6861,-1090.8593,5.4050584,5.802903
-759.3422,-1091.6138,5.4408164,5.787503
-760.01025,-1092.3579,5.4653554,5.682364
-760.69073,-1093.0906,5.4898934,5.5772295
-761.3845,-1093.8107,5.514432,5.4720926
-762.09216,-1094.5171,5.5389705,5.366955
-762.81433,-1095.2087,5.5612226,5.264947
-763.5515,-1095.8844,5.4753075,5.310728
-764.30426,-1096.5426,5.3893976,5.3565063
-765.0731,-1097.1819,5.3034863,5.4022856
-765.85846,-1097.8008,5.2175765,5.448064
-766.66064,-1098.3978,5.1402197,5.489239
-767.47986,-1098.9712,5.1922045,5.46081
-768.3161,-1099.5194,5.244184,5.4323835
-769.1693,-1100.0408,5.296169,5.4039545
-770.03925,-1100.5337,5.3481617,5.375521
-770.9257,-1100.9965,5.385937,5.351473
-771.82794,-1101.4275,5.334642,5.354906
-772.7446,-1101.8268,5.2833543,5.3583384
-773.6745,-1102.1943,5.2320747,5.3617706
-774.6163,-1102.5305,5.180799,5.3652024
-775.5686,-1102.8351,5.147262,5.3574038
-776.53046,-1103.1084,5.1919656,5.3000712
-777.5007,-1103.3505,5.236673,5.2427335
-778.47815,-1103.5612,5.281382,5.1853933
-779.4618,-1103.7406,5.3260927,5.1280518
-780.4507,-1103.8887,5.343428,5.0915027
-781.4438,-1104.0056,5.2491064,5.139765
-782.44,-1104.0911,5.1547856,5.188027
-783.4385,-1104.145,5.060468,5.236287
-784.4382,-1104.1674,4.966159,5.284543
-785.438,-1104.158,4.888099,5.328148
-786.4371,-1104.1165,4.873808,5.3535104
-787.43427,-1104.0427,4.8595157,5.3788733
-788.4285,-1103.9363,4.8452215,5.40424
-789.41864,-1103.7968,4.830924,5.429614
-790.4035,-1103.6239,4.8480067,5.4241
-791.382,-1103.4182,4.9665956,5.318665
-792.3538,-1103.1826,5.085165,5.2132473
-793.31866,-1102.9202,5.2037044,5.1078568
-794.27673,-1102.6338,5.322232,5.002476
-795.2283,-1102.3264,5.3874035,4.948767
-796.17377,-1102.001,5.3240023,5.0195684
-797.11383,-1101.6603,5.2605886,5.0903835
-798.0494,-1101.3071,5.1971745,5.1611996
-798.98126,-1100.9445,5.1337633,5.232012
-799.91046,-1100.5751,5.0723615,5.2998023
-800.83734,-1100.1998,5.0157766,5.360344
-801.7609,-1099.8165,4.959188,5.42089
-802.6802,-1099.423,4.9025993,5.481436
-803.5938,-1099.0166,4.846018,5.541974
-804.50055,-1098.5951,4.82329,5.549095
-805.399,-1098.156,4.9079943,5.386678
-806.28723,-1097.6968,4.9926972,5.224264
-807.1633,-1097.2148,5.077422,5.0618086
-808.025,-1096.7075,5.162171,4.899307
-808.8698,-1096.1726,5.2058983,4.787126
-809.6957,-1095.6089,5.1161585,4.838696
-810.50195,-1095.0176,5.026448,4.8902493
-811.28815,-1094.3997,4.9367576,4.941791
-812.05383,-1093.7566,4.8470726,4.9933295
-812.7985,-1093.0892,4.776995,5.0338154
-813.52203,-1092.399,4.750998,5.049454
-814.22437,-1091.6874,4.7249985,5.0650945
-814.9056,-1090.9554,4.6989985,5.080735
-815.5659,-1090.2045,4.6729984,5.096376
-816.20557,-1089.4359,4.6741166,5.0765686
-816.8248,-1088.6508,4.718611,5.0000625
-817.4239,-1087.8502,4.763106,4.9235554
-818.00323,-1087.0352,4.8076,4.8470497
-818.5632,-1086.2068,4.8520947,4.770543
-819.1041,-1085.3657,4.858182,4.759807
-819.6266,-1084.5132,4.8107476,4.8407245
-820.1311,-1083.6498,4.763313,4.9216433
-820.6182,-1082.7766,4.715879,5.002559
-821.0885,-1081.8942,4.668447,5.0834727
-821.54266,-1081.0033,4.6628523,5.100578
-821.9809,-1080.1045,4.719948,5.0220714
-822.403,-1079.198,4.7770457,4.943562
-822.80896,-1078.2842,4.8341446,4.8650513
-823.1984,-1077.3632,4.891242,4.7865424
-823.5713,-1076.4353,4.9161797,4.740884
-823.9271,-1075.5009,4.882995,4.754595
-824.26514,-1074.5598,4.84981,4.7683063
-824.58453,-1073.6122,4.816624,4.7820177
-824.8846,-1072.6583,4.7834377,4.795729
-825.16437,-1071.6984,4.75912,4.800851
-825.4231,-1070.7324,4.7533154,4.788041
-825.6601,-1069.761,4.7475114,4.7752314
-825.8745,-1068.7843,4.741707,4.762422
-826.06555,-1067.8029,4.735903,4.7496133
-826.23254,-1066.8169,4.7271156,4.746083
-826.3745,-1065.8271,4.712201,4.7616014
-826.4905,-1064.834,4.697287,4.7771206
-826.57947,-1063.838,4.6823716,4.7926407
-826.6403,-1062.84,4.6674547,4.8081617
-826.6721,-1061.8405,4.654824,4.830336
-826.6744,-1060.8406,4.646149,4.864025
-826.6473,-1059.8411,4.6374755,4.897711
-826.59125,-1058.8427,4.6288023,4.9313955
-826.50653,-1057.8463,4.620129,4.9650807
-826.39355,-1056.8528,4.610411,4.969758
-826.2529,-1055.8628,4.5991826,4.9324646
-826.0856,-1054.877,4.5879545,4.8951707
-825.8926,-1053.8959,4.576727,4.857878
-825.67505,-1052.9199,4.5654993,4.8205867
-825.43384,-1051.9495,4.566725,4.770368
-825.17,-1050.985,4.5850673,4.7023816
-824.88416,-1050.0267,4.6034102,4.6343923
-824.5773,-1049.0751,4.6217537,4.5664024
-824.25,-1048.1302,4.6400976,4.4984107
-823.9032,-1047.1924,4.63656,4.4514656
-823.53766,-1046.2616,4.6009636,4.435358
-823.1544,-1045.338,4.5653677,4.4192505
-822.75446,-1044.4215,4.529773,4.4031434
-822.3387,-1043.5121,4.4941792,4.3870363
-821.90814,-1042.6096,4.4741797,4.3871465
-821.46313,-1041.7141,4.479963,4.4140687
-821.00336,-1040.8262,4.4857464,4.440993
-820.52826,-1039.9463,4.49153,4.4679155
-820.0376,-1039.0751,4.4973125,4.4948344
-819.5309,-1038.213,4.487892,4.509233
-819.0072,-1037.3611,4.4517055,4.5015936
-818.46497,-1036.521,4.4155164,4.493953
-817.90247,-1035.6942,4.3793187,4.486312
-817.3182,-1034.8828,4.343113,4.478668
-816.7106,-1034.0887,4.310622,4.490353
-816.0797,-1033.3129,4.283967,4.532355
-815.4272,-1032.5552,4.257319,4.5743456
-814.7547,-1031.8152,4.230675,4.61633
-814.0639,-1031.0923,4.20403,4.6583166
-813.35626,-1030.3857,4.2246647,4.668014
-812.634,-1029.6942,4.306469,4.635934
-811.89996,-1029.0151,4.3882775,4.603852
-811.1572,-1028.3457,4.470079,4.571773
-810.4084,-1027.683,4.5518746,4.539696
-809.65625,-1027.024,4.599596,4.52021
-808.90247,-1026.367,4.605387,4.516216
-808.1477,-1025.711,4.611179,4.512222
-807.3927,-1025.0554,4.6169705,4.5082273
-806.638,-1024.3994,4.6227627,4.504233
-805.88434,-1023.74225,4.628643,4.5001497
-805.1319,-1023.0836,4.6346354,4.495955
-804.38055,-1022.4237,4.6406283,4.4917603
-803.63025,-1021.7627,4.6466208,4.4875655
-802.88074,-1021.10077,4.652613,4.483371
-802.1319,-1020.4381,4.6585193,4.479263
-801.38367,-1019.7747,4.6643133,4.4752665
-800.63605,-1019.11066,4.670108,4.4712706
-799.88904,-1018.4459,4.675902,4.4672747
-799.14276,-1017.78033,4.6816964,4.4632783
-798.39716,-1017.114,4.687491,4.459282
-797.6523,-1016.4469,4.6932864,4.455285
-796.9081,-1015.779,4.699082,4.451288
-796.16455,-1015.11035,4.7048774,4.4472914
-795.4217,-1014.441,4.710673,4.4432945
-794.67944,-1013.77094,4.716469,4.439297
-793.9378,-1013.1002,4.7222652,4.4353
-793.1968,-1012.4288,4.7280617,4.431302
-792.45636,-1011.7567,4.733858,4.4273047
-791.7165,-1011.084,4.7396545,4.4233074
-790.9773,-1010.4106,4.743592,4.4205775
-790.2386,-1009.7366,4.744991,4.419578
-789.5005,-1009.06195,4.7463903,4.418578
-788.76294,-1008.3868,4.74779,4.4175787
-788.02594,-1007.71094,4.749189,4.4165792
-787.2894,-1007.03455,4.7497478,4.416084
-786.55347,-1006.3576,4.749148,4.416284
-785.81805,-1005.68005,4.7485485,4.416484
-785.08307,-1005.002,4.7479486,4.4166837
-784.34863,-1004.3234,4.747349,4.416884
-783.6146,-1003.64435,4.746833,4.417167
-782.8811,-1002.9647,4.746433,4.4175673
-782.148,-1002.28467,4.7460327,4.417967
-781.4154,-1001.60406,4.745633,4.418367
-780.68317,-1000.92303,4.745233,4.418767
-779.9514,-1000.2416,4.74475,4.419083
-779.2201,-999.55963,4.74415,4.4192834
-778.48914,-998.87726,4.7435503,4.419483
-777.75854,-998.1945,4.7429504,4.419683
-777.0283,-997.51135,4.7423506,4.4198833
-776.2985,-996.82776,4.7418337,4.420166
-775.56903,-996.1438,4.741434,4.420566
-774.83997,-995.4595,4.741034,4.420966
-774.11115,-994.7748,4.740634,4.4213657
-773.3827,-994.0898,4.7402344,4.421766
-772.65454,-993.4044,4.7397513,4.422083
-771.9267,-992.71875,4.7391515,4.4222827
-771.19916,-992.0328,4.7385516,4.422483
-770.47186,-991.3465,4.7379518,4.422683
-769.7448,-990.6599,4.737352,4.4228826
-769.01807,-989.9731,4.736752,4.4231653
-768.29156,-989.286,4.736152,4.423565
-767.5653,-988.5987,4.7355523,4.423965
-766.83923,-987.9111,4.7349524,4.424365
-766.1134,-987.2233,4.7343526,4.4247646
-765.38776,-986.5353,4.733835,4.425082
-764.6623,-985.8471,4.733435,4.4252825
-763.937,-985.1587,4.7330356,4.4254823
-763.21185,-984.47015,4.7326355,4.425682
-762.48694,-983.7814,4.732236,4.4258823
-761.7621,-983.0925,4.731754,4.426164
-761.0374,-982.4035,4.731154,4.426564
-760.31287,-981.71436,4.730554,4.426964
-759.58844,-981.0251,4.7299542,4.427364
-758.8641,-980.3357,4.7293544,4.427764
-758.1398,-979.64624,4.7287545,4.428082
-757.4156,-978.9567,4.7281547,4.428282
-756.69147,-978.26715,4.727555,4.4284816
-755.9674,-977.57745,4.726955,4.428682
-755.24335,-976.88776,4.726355,4.4288816
-754.51935,-976.198,4.7258368,4.429163
-753.79535,-975.5083,4.725437,4.429563
-753.0714,-974.8185,4.725037,4.4299626
-752.3474,-974.1287,4.7246375,4.4303627
-751.6234,-973.439,4.7242374,4.430763
-750.89935,-972.7493,4.7237563,4.4310813
-750.1753,-972.05963,4.7231565,4.431281
-749.4512,-971.37006,4.7225566,4.431481
-748.72705,-970.6805,4.721957,4.431681
-748.0028,-969.99097,4.7213573,4.431881
-747.27856,-969.3015,4.7207575,4.432162
-746.55426,-968.61206,4.7201576,4.4325614
-745.82983,-967.9227,4.7195582,4.4329615
-745.1054,-967.23346,4.7189584,4.433361
-744.381,-966.5442,4.7183585,4.433761
-743.65643,-965.85504,4.7178392,4.4340806
-742.9319,-965.1659,4.717439,4.4342804
-742.2072,-964.4768,4.7170396,4.43448
-741.48254,-963.7878,4.7166395,4.43468
-740.7579,-963.0988,4.71624,4.4348803
-740.0331,-962.40985,4.71576,4.4351597
-739.3083,-961.72095,4.7151604,4.4355597
-738.58344,-961.0321,4.7145605,4.4359593
-737.8585,-960.3433,4.713961,4.4363594
-737.13354,-959.6546,4.7133613,4.436759
-736.40857,-958.9659,4.7127614,4.4370794
-735.68353,-958.2772,4.712162,4.437279
-734.9585,-957.5886,4.711562,4.437479
-734.23334,-956.9001,4.710963,4.4376793
-733.5082,-956.21155,4.710363,4.437879
-732.783,-955.5231,4.709842,4.438079
-732.05774,-954.83466,4.709442,4.4382787
-731.3325,-954.14624,4.7090425,4.438479
-730.6072,-953.4579,4.708643,4.4386787
-729.88184,-952.7696,4.708243,4.4388785
-729.15643,-952.0813,4.7077646,4.439157
-728.43097,-951.39307,4.7071652,4.4395566
-727.7055,-950.7049,4.7065654,4.439956
-726.98004,-950.0167,4.705966,4.4403563
-726.2545,-949.3286,4.705366,4.440756
-725.52893,-948.6405,4.7048445,4.4410777
-724.8033,-947.95245,4.7044444,4.4412775
-724.0777,-947.26447,4.704045,4.441478
-723.352,-946.5765,4.703645,4.4416776
-722.6263,-945.88855,4.703245,4.4418774
-721.9006,-945.2006,4.7027683,4.4421544
-721.1748,-944.51276,4.7021685,4.4425545
-720.449,-943.8249,4.701569,4.442954
-719.72314,-943.1371,4.700969,4.4433537
-718.9973,-942.4493,4.70037,4.4437537
-718.2714,-941.76154,4.69977,4.4440765
-717.54553,-941.07385,4.6991706,4.4442763
-716.8196,-940.3861,4.6985707,4.4444766
-716.09357,-939.6985,4.6979713,4.4446764
-715.3676,-939.01086,4.6973715,4.444876
-714.64154,-938.32324,4.696848,4.4451523
-713.9155,-937.6356,4.6964483,4.445552
-713.18945,-936.94806,4.6960483,4.4459515
-712.4634,-936.26056,4.6956487,4.4463515
-711.73724,-935.57306,4.695249,4.446751
-711.0111,-934.88556,4.6947737,4.4470754
-710.2849,-934.1981,4.6941743,4.447275
-709.5587,-933.5107,4.6935744,4.447475
-708.8325,-932.82324,4.692975,4.447675
-708.1063,-932.13586,4.692375,4.447875
-707.38007,-931.4485,4.6917753,4.4481497
-706.6538,-930.76117,4.691176,4.4485493
-705.9275,-930.0738,4.690576,4.4489493
-705.2012,-929.38654,4.6899767,4.449349
-704.47485,-928.6992,4.689377,4.4497485
-703.74854,-928.01196,4.6888514,4.450074
-703.02216,-927.3247,4.688452,4.450274
-702.2958,-926.63745,4.688052,4.450474
-701.5694,-925.95026,4.687652,4.450674
-700.843,-925.263,4.6872525,4.450874
-700.1166,-924.5758,4.686779,4.451147
-699.3902,-923.8887,4.6861796,4.451547
-698.66376,-923.2015,4.68558,4.4519467
-697.93726,-922.51434,4.6849804,4.4523463
-697.2108,-921.8272,4.6843805,4.4527464
-696.4843,-921.1401,4.683781,4.453073
-695.7579,-920.45294,4.6831813,4.453273
-695.0314,-919.7658,4.6825814,4.4534726
-694.3048,-919.07874,4.681982,4.453673
-693.5783,-918.39166,4.681382,4.4538727
-692.8518,-917.7046,4.6808553,4.454145
-692.12524,-917.0175,4.680455,4.4545445
-691.39874,-916.33044,4.6800556,4.4549446
-690.6722,-915.6434,4.6796556,4.455344
-689.9456,-914.95636,4.679256,4.455744
-689.21906,-914.2693,4.6787844,4.456072
-688.4925,-913.5823,4.6781845,4.4562716
-687.7659,-912.8952,4.677585,4.456472
-687.03937,-912.2082,4.6769853,4.4566717
-686.3128,-911.5212,4.6763854,4.4568715
-685.58624,-910.8341,4.675857,4.457143
-684.8597,-910.1471,4.6754575,4.4575424
-684.13306,-909.4601,4.6750574,4.4579425
-683.4065,-908.7731,4.674658,4.458342
-682.67993,-908.08606,4.674258,4.458742
-681.95337,-907.399,4.673787,4.4590707
-681.2268,-906.712,4.6731877,4.459271
-680.5002,-906.02496,4.672588,4.4594707
-679.7736,-905.33795,4.671988,4.4596705
-679.04706,-904.6509,4.6713886,4.4598703
-678.3205,-903.96387,4.670789,4.4601407
-677.59393,-903.2768,4.670189,4.460541
-676.8674,-902.5898,4.669589,4.4609404
-676.14087,-901.9027,4.6689897,4.4613404
-675.4143,-901.21564,4.66839,4.46174
-674.68774,-900.5286,4.66786,4.46207
-673.96124,-899.84155,4.66746,4.46227
-673.2347,-899.1544,4.6670604,4.46247
-672.5082,-898.46735,4.6666603,4.46267
-671.7817,-897.7803,4.6662607,4.4628696
-671.0552,-897.09314,4.665791,4.4630694
-670.32874,-896.406,4.665191,4.4632697
-669.60223,-895.7189,4.6645913,4.4634695
-668.8758,-895.03174,4.663992,4.4636693
-668.1493,-894.3446,4.663392,4.4638696
-667.42285,-893.6574,4.662792,4.4641385
-666.6965,-892.9703,4.6621923,4.4645386
-665.97003,-892.283,4.6615925,4.464938
-665.24365,-891.5958,4.6609926,4.465338
-664.5173,-890.9086,4.6603928,4.4657383
-663.7909,-890.2214,4.659862,4.466069
-663.0645,-889.5341,4.659462,4.466269
-662.3382,-888.8468,4.6590624,4.466469
-661.6119,-888.15955,4.6586623,4.466669
-660.88556,-887.4722,4.6582623,4.466869
-660.1593,-886.78485,4.6577935,4.4671373
-659.43304,-886.09753,4.6571937,4.4675374
-658.7068,-885.41016,4.656594,4.4679375
-657.9806,-884.7228,4.655994,4.4683375
-657.2544,-884.03534,4.655394,4.468737
-656.5282,-883.3479,4.654794,4.4690685
-655.802,-882.66046,4.6541944,4.469269
-655.07587,-881.97296,4.6535945,4.4694686
-654.3498,-881.28546,4.6529946,4.4696684
-653.6237,-880.5979,4.6523943,4.4698687
-652.89764,-879.91034,4.651863,4.470137
-652.1716,-879.2227,4.651463,4.470537
-651.44556,-878.5351,4.651063,4.470937
-650.7196,-877.8475,4.650663,4.471337
-649.9936,-877.1598,4.6502633,4.471737
-649.2677,-876.4721,4.6497946,4.4720683
-648.54175,-875.78436,4.6491947,4.4722686
-647.8159,-875.0966,4.6485944,4.4724684
-647.09,-874.4088,4.6479945,4.4726686
-646.3642,-873.721,4.6473947,4.4728684
-645.6384,-873.03314,4.646863,4.473137
-644.91266,-872.3453,4.646463,4.473537
-644.18695,-871.65735,4.646063,4.473937
-643.46124,-870.9694,4.645663,4.474337
-642.7356,-870.28143,4.6452627,4.474737
-642.00995,-869.5934,4.644794,4.4750686
-641.28436,-868.90533,4.644194,4.475269
-640.5588,-868.2172,4.643594,4.4754686
-639.83325,-867.5291,4.642994,4.475669
-639.1078,-866.84094,4.6423936,4.4758687
-638.3823,-866.1527,4.6417937,4.4761376
-637.6569,-865.4645,4.6411934,4.4765377
-636.9315,-864.7762,4.6405935,4.476938
-636.2062,-864.0879,4.639993,4.477338
-635.4809,-863.3995,4.639393,4.477738
-634.7556,-862.7111,4.6388617,4.478069
-634.0304,-862.02264,4.6384616,4.478269
-633.3052,-861.33417,4.6380615,4.4784694
-632.58,-860.6456,4.6376615,4.478669
-631.855,-859.95703,4.6372614,4.4788694
-631.13,-859.2683,4.6367917,4.479139
-630.4051,-858.5795,4.636192,4.479539
-629.6803,-857.8906,4.635592,4.4799385
-628.9556,-857.2016,4.634992,4.4803386
-628.2311,-856.51245,4.634392,4.4807386
-627.50665,-855.8231,4.6337924,4.481069
-626.7824,-855.13367,4.633193,4.481269
-626.0583,-854.44403,4.6325936,4.4814687
-625.3344,-853.75415,4.6319942,4.4816685
-624.6108,-853.064,4.631395,4.4818683
-623.8874,-852.3737,4.6308637,4.4821362
-623.1642,-851.68304,4.630465,4.482535
-622.4413,-850.9922,4.630066,4.482934
-621.71857,-850.3011,4.6296673,4.4833326
-620.99603,-849.60986,4.629268,4.4837317
-620.2737,-848.9184,4.629065,4.4845867
-619.55145,-848.22675,4.6292644,4.4863772
-618.82965,-847.5347,4.629463,4.4881682
-618.1084,-846.84216,4.629662,4.4899592
-617.3878,-846.1488,4.629861,4.49175
-616.66815,-845.4546,4.6324015,4.4978633
-615.94977,-844.75903,4.6403546,4.5139685
-615.2334,-844.06134,4.648308,4.5300736
-614.51984,-843.3608,4.656261,4.546179
-613.80994,-842.65656,4.664214,4.562284
-613.10455,-841.9478,4.671578,4.5767207
-612.4044,-841.2339,4.677368,4.5867033
-611.7103,-840.51404,4.683158,4.5966864
-611.023,-839.7877,4.688948,4.606669
-610.34344,-839.0542,4.694738,4.6166515
-609.6723,-838.3129,4.6952877,4.6127567
-609.01056,-837.5633,4.681217,4.570143
-608.35925,-836.8045,4.6671467,4.52753
-607.7195,-836.036,4.653076,4.484916
-607.0924,-835.25714,4.639005,4.442302
-606.47925,-834.4673,4.6247425,4.4178324
-605.8809,-833.6661,4.6100044,4.438021
-605.2982,-832.85345,4.5952673,4.4582095
-604.7319,-832.02936,4.580529,4.4783983
-604.1826,-831.1937,4.56579,4.498589
-603.6512,-830.34674,4.554986,4.5119324
-603.13776,-829.48865,4.551966,4.511731
-602.64154,-828.62054,4.548947,4.51153
-602.1615,-827.74335,4.5459275,4.5113287
-601.69684,-826.8579,4.5429087,4.511127
-601.2464,-825.96515,4.537251,4.507545
-600.8094,-825.0658,4.5270596,4.4981527
-600.385,-824.16034,4.516867,4.48876
-599.9725,-823.24945,4.506675,4.4793673
-599.5711,-822.3336,4.4964824,4.469974
-599.18,-821.4133,4.489349,4.4566956
-598.7983,-820.4891,4.4875607,4.436629
-598.4252,-819.56134,4.4857726,4.4165616
-598.05963,-818.63055,4.4839845,4.396495
-597.70087,-817.6972,4.482197,4.3764286
-597.3478,-816.76166,4.4849405,4.353149
-596.9997,-815.8243,4.4968524,4.323369
-596.656,-814.8852,4.5087643,4.2935886
-596.31616,-813.94476,4.5206766,4.2638083
-595.9796,-813.0032,4.5325885,4.2340283
-595.6458,-812.06055,4.5330353,4.2227798
-595.3146,-811.11707,4.5059342,4.2560587
-594.98627,-810.17255,4.4788327,4.2893376
-594.6614,-809.2268,4.451731,4.322617
-594.34045,-808.2798,4.4246297,4.355896
-594.02386,-807.33124,4.403015,4.3857346
-593.7121,-806.38116,4.395815,4.406535
-593.40546,-805.4294,4.3886147,4.4273353
-593.1043,-804.4758,4.3814144,4.4481354
-592.80896,-803.5205,4.3742146,4.4689355
-592.5197,-802.5633,4.3728147,4.4859347
-592.237,-801.6041,4.386648,4.492952
-591.9611,-800.643,4.400481,4.499969
-591.6925,-799.67975,4.4143147,4.5069857
-591.4316,-798.7145,4.4281483,4.514003
-591.1788,-797.747,4.439847,4.513459
-590.93445,-796.77734,4.4462643,4.494208
-590.6988,-795.80554,4.452681,4.4749565
-590.47217,-794.8316,4.4590983,4.4557056
-590.2549,-793.8556,4.465515,4.436454
-590.0471,-792.87744,4.4734974,4.41896
-589.84906,-791.8973,4.4851103,4.405545
-589.6607,-790.9152,4.496723,4.39213
-589.48206,-789.9314,4.508336,4.378715
-589.313,-788.9458,4.519949,4.3653
-589.15356,-787.9586,4.536771,4.3590055
-589.0037,-786.97,4.565366,4.3688035
-588.8635,-785.9799,4.593961,4.378602
-588.73285,-784.9885,4.622556,4.3884006
-588.6118,-783.9959,4.651151,4.3981986
-588.5005,-783.0022,4.6748505,4.4068336
-588.39874,-782.00745,4.6874385,4.412828
-588.3067,-781.0117,4.700027,4.4188223
-588.2243,-780.0152,4.712615,4.4248166
-588.15155,-779.0179,4.7252035,4.430811
-588.0885,-778.0199,4.731112,4.43512
-588.03516,-777.02136,4.7215233,4.4355197
-587.9915,-776.02234,4.7119346,4.4359193
-587.9576,-775.023,4.702346,4.436319
-587.93335,-774.0233,4.692757,4.4367185
-587.9189,-773.0235,4.683168,4.437118
-587.9142,-772.02356,4.673577,4.4375176
-587.91925,-771.0236,4.6639857,4.437917
-587.9341,-770.02374,4.6543946,4.438317
-587.9588,-769.0241,4.6448035,4.4387164
-587.9933,-768.0248,4.638523,4.4360943
-588.03766,-767.02576,4.6403227,4.4260964
-588.09186,-766.0273,4.6421223,4.4160986
-588.15594,-765.0294,4.643922,4.4061007
-588.2299,-764.03217,4.6457214,4.396103
-588.31384,-763.03577,4.648507,4.3851748
-588.40765,-762.0402,4.6537113,4.3719635
-588.5114,-761.04565,4.658916,4.3587523
-588.62524,-760.0522,4.66412,4.3455405
-588.74915,-759.05994,4.669325,4.3323293
-588.8831,-758.06903,4.6772995,4.328595
-589.0273,-757.0795,4.6919317,4.347637
-589.18146,-756.09155,4.7065644,4.3666797
-589.34564,-755.10516,4.7211967,4.3857217
-589.51965,-754.1204,4.735829,4.4047637
-589.7034,-753.1375,4.7486296,4.4232593
-589.8967,-752.15643,4.757254,4.4405084
-590.0991,-751.1772,4.7658787,4.457757
-590.3102,-750.19977,4.7745028,4.4750056
-590.5293,-749.2241,4.7831273,4.4922543
-590.75604,-748.2502,4.78606,4.5053425
-590.99,-747.278,4.7768435,4.5095496
-591.2307,-746.30743,4.7676272,4.513757
-591.4778,-745.3385,4.7584114,4.5179644
-591.7308,-744.3711,4.749195,4.522172
-591.9893,-743.4051,4.7399187,4.5263114
-592.2529,-742.44055,4.730519,4.530311
-592.52124,-741.47723,4.721119,4.534311
-592.79376,-740.51514,4.7117195,4.538311
-593.0702,-739.55414,4.7023196,4.5423107
-593.35004,-738.5941,4.6929903,4.5463085
-593.6329,-737.635,4.6838055,4.550302
-593.91833,-736.6767,4.6746206,4.5542955
-594.20593,-735.719,4.665436,4.558289
-594.4954,-734.76184,4.656251,4.562282
-594.78625,-733.8051,4.647005,4.5662746
-595.0781,-732.8487,4.6376295,4.570264
-595.3706,-731.89246,4.628254,4.5742536
-595.6632,-730.9363,4.618878,4.5782433
-595.9557,-729.98004,4.6095023,4.582233
-596.2475,-729.0236,4.6001883,4.5862226
-596.5383,-728.0669,4.5910125,4.590212
-596.82776,-727.10974,4.581837,4.594201
-597.1154,-726.15204,4.572662,4.5981903
-597.4009,-725.19366,4.5634866,4.60218
-597.6837,-724.23456,4.5694003,4.606638
-597.9636,-723.2746,4.611714,4.6122265
-598.24005,-722.3136,4.6540275,4.617815
-598.51263,-721.3515,4.696341,4.6234035
-598.78094,-720.38824,4.7386546,4.628992
-599.04456,-719.42365,4.7717123,4.635486
-599.303,-718.45764,4.781301,4.6442757
-599.556,-717.49023,4.7908897,4.6530657
-599.8033,-716.52136,4.8004785,4.661855
-600.04443,-715.5509,4.810067,4.670645
-600.27924,-714.5789,4.8153386,4.6797686
-600.50745,-713.60535,4.809342,4.689764
-600.729,-712.63025,4.8033447,4.699759
-600.944,-711.6537,4.7973475,4.709754
-601.1524,-710.67566,4.791351,4.719749
-601.35425,-709.6963,4.7846394,4.7279882
-601.5495,-708.7156,4.776039,4.7315884
-601.73816,-707.7336,4.7674384,4.7351885
-601.92017,-706.75037,4.758838,4.7387886
-602.0955,-705.76587,4.750238,4.7423887
-602.2641,-704.7803,4.7413073,4.74511
-602.42596,-703.79346,4.731503,4.74551
-602.58105,-702.8056,4.7216988,4.74591
-602.7293,-701.8167,4.7118945,4.74631
-602.8708,-700.82684,4.7020907,4.746711
-603.0054,-699.83594,4.6940584,4.7562504
-603.13306,-698.8442,4.690656,4.789671
-603.2539,-697.85156,4.687254,4.8230915
-603.3678,-696.8581,4.683852,4.8565125
-603.47473,-695.8639,4.68045,4.889933
-603.5747,-694.86896,4.6811366,4.9103594
-603.66766,-693.87335,4.6923428,4.897352
-603.7536,-692.8771,4.7035494,4.8843446
-603.83246,-691.88025,4.7147555,4.871337
-603.90424,-690.8829,4.725962,4.85833
-603.96893,-689.885,4.735697,4.848095
-604.0265,-688.8867,4.7416983,4.8448944
-604.0769,-687.888,4.7476997,4.8416934
-604.1202,-686.889,4.753701,4.838493
-604.1562,-685.8897,4.7597027,4.835292
-604.185,-684.89014,4.769619,4.8342485
-604.20654,-683.89044,4.78941,4.838647
-604.2209,-682.89056,4.809201,4.8430448
-604.2279,-681.8906,4.828992,4.8474426
-604.22766,-680.8907,4.8487825,4.8518405
-604.22015,-679.89075,4.870761,4.8593864
-604.20526,-678.8909,4.898318,4.8749623
-604.18304,-677.89124,4.925875,4.890538
-604.1534,-676.89166,4.953432,4.9061136
-604.1163,-675.89246,4.980989,4.9216895
-604.07153,-674.8935,5.004497,4.9446387
-604.01917,-673.8949,5.017268,4.987142
-603.95886,-672.8967,5.030039,5.029645
-603.8905,-671.8992,5.04281,5.0721483
-603.81384,-670.90216,5.0555806,5.1146517
-603.7286,-669.9058,5.0643187,5.1500354
-603.63464,-668.9103,5.0617228,5.165412
-603.5318,-667.91565,5.059127,5.180788
-603.4198,-666.922,5.0565305,5.1961646
-603.2985,-665.9294,5.0539346,5.2115407
-603.1678,-664.93805,5.050981,5.220962
-603.0274,-663.948,5.0469804,5.2129607
-602.877,-662.9594,5.0429797,5.20496
-602.7165,-661.9724,5.0389795,5.1969585
-602.5455,-660.9872,5.034979,5.1889577
-602.3638,-660.0039,5.054264,5.206288
-602.17114,-659.02264,5.141435,5.2974668
-601.9677,-658.04364,5.2286057,5.3886447
-601.75336,-657.0669,5.3157763,5.4798236
-601.52814,-656.09265,5.4029484,5.5710034
-601.2921,-655.121,5.4933243,5.66576
-601.0455,-654.1519,5.59257,5.770419
-600.7888,-653.1854,5.691815,5.8750772
-600.5229,-652.2215,5.791058,5.979734
-600.2482,-651.26,5.8903003,6.084389
-599.96564,-650.30084,5.9612775,6.1597776
-599.67566,-649.3438,5.9586744,6.1589766
-599.3788,-648.389,5.9560714,6.158176
-599.0756,-647.43604,5.9534683,6.157375
-598.7667,-646.48505,5.9508653,6.156574
-598.4526,-645.5357,5.94832,6.15583
-598.1337,-644.58795,5.945921,6.15523
-597.8108,-643.64154,5.943522,6.1546307
-597.48425,-642.6964,5.941123,6.154031
-597.15485,-641.75226,5.9387236,6.153431
-596.82306,-640.80896,5.936269,6.1527753
-596.4894,-639.86633,5.933672,6.151976
-596.1543,-638.9242,5.931075,6.151177
-595.8182,-637.9824,5.928478,6.1503778
-595.4813,-637.0409,5.925881,6.1495786
-595.14417,-636.0995,5.923339,6.1488347
-594.80695,-635.1581,5.920942,6.1482353
-594.46967,-634.21674,5.9185443,6.147636
-594.13226,-633.27545,5.9161468,6.1470366
-593.7947,-632.33417,5.9137497,6.146437
-593.45685,-631.393,5.9112983,6.1458383
-593.1188,-630.45197,5.908701,6.145239
-592.78046,-629.511,5.9061036,6.1446395
-592.4419,-628.57007,5.9035063,6.14404
-592.10315,-627.6292,5.900909,6.1434407
-591.7642,-626.6885,5.8983645,6.142788
-591.4252,-625.74774,5.8959665,6.1419888
-591.0859,-624.8071,5.893569,6.1411896
-590.74646,-623.8665,5.891171,6.1403904
-590.4069,-622.92596,5.888773,6.139591
-590.06714,-621.98553,5.8863235,6.138844
-589.7273,-621.0451,5.8837256,6.138244
-589.3872,-620.10474,5.881128,6.137645
-589.047,-619.1644,5.87853,6.1370454
-588.70667,-618.2242,5.875932,6.136446
-588.3662,-617.28394,5.8720536,6.1319532
-588.02563,-616.3438,5.8644595,6.116165
-587.68494,-615.4037,5.856865,6.1003776
-587.34406,-614.46356,5.849271,6.0845895
-587.0031,-613.52356,5.8416767,6.0688014
-586.6621,-612.58356,5.8333254,6.050843
-586.3209,-611.6436,5.8227324,6.0264597
-585.9797,-610.7037,5.81214,6.0020766
-585.63837,-609.7638,5.801547,5.977693
-585.29694,-608.8239,5.790954,5.95331
-584.9554,-607.8841,5.7803116,5.9288764
-584.61383,-606.9443,5.7695184,5.9042916
-584.27216,-606.0045,5.758725,5.8797073
-583.9304,-605.06476,5.747932,5.8551226
-583.5886,-604.125,5.7371387,5.830538
-583.2468,-603.1853,5.726394,5.806002
-582.9049,-602.2456,5.7158003,5.7816157
-582.563,-601.3059,5.7052064,5.7572293
-582.221,-600.3663,5.694612,5.7328434
-581.879,-599.4266,5.684018,5.708457
-581.537,-598.48694,5.6734242,5.6840706
-581.19495,-597.5473,5.6628294,5.659683
-580.85284,-596.60767,5.652235,5.6352954
-580.51074,-595.6681,5.64164,5.610908
-580.16864,-594.72845,5.631046,5.5865207
-579.82654,-593.7888,5.620451,5.5620847
-579.48444,-592.84924,5.609856,5.537496
-579.1424,-591.9096,5.599261,5.5129075
-578.8003,-590.97,5.588666,5.488319
-578.45825,-590.03033,5.578071,5.463731
-578.1162,-589.0907,5.567428,5.4391894
-577.7742,-588.15106,5.556633,5.4148
-577.4322,-587.21136,5.5458374,5.3904104
-577.0903,-586.2717,5.535042,5.3660207
-576.7484,-585.33203,5.5242467,5.3416314
-576.40656,-584.3923,5.5134983,5.3172417
-576.06476,-583.4526,5.5029025,5.292851
-575.723,-582.5128,5.4923067,5.2684608
-575.38135,-581.57306,5.481711,5.2440705
-575.0398,-580.63324,5.471115,5.2196803
-574.69824,-579.6934,5.462064,5.1988
-574.3568,-578.75354,5.4580655,5.1894035
-574.0155,-577.81366,5.4540668,5.180007
-573.67426,-576.8737,5.4500685,5.1706104
-573.33307,-575.9338,5.4460697,5.161214
-572.992,-574.9938,5.443,5.1539536
-572.65106,-574.0537,5.443,5.1537538
-572.31024,-573.11365,5.443,5.1535535
-571.9695,-572.1735,5.443,5.1533537
-571.6289,-571.2334,5.443,5.153154
-571.28845,-570.29315,5.442954,5.152954
-570.94806,-569.3529,5.442754,5.152754
-570.6079,-568.4126,5.442554,5.152554
-570.2678,-567.4722,5.442354,5.1523542
-569.9279,-566.5318,5.4421544,5.152154
-569.5882,-565.5914,5.442,5.151954
-569.2486,-564.6508,5.442,5.1517544
-568.9092,-563.71027,5.442,5.1515546
-568.5699,-562.7696,5.442,5.1513543
-568.23083,-561.82886,5.442,5.1511545
-567.8919,-560.8881,5.442,5.151
-567.55316,-559.94727,5.442,5.151
-567.2146,-559.00635,5.442,5.151
-566.8762,-558.0654,5.442,5.151
-566.53796,-557.1244,5.442,5.151
-566.19995,-556.1833,5.441955,5.1509547
-565.86206,-555.2422,5.441755,5.150755
-565.52435,-554.30096,5.441555,5.150555
-565.18677,-553.3597,5.441355,5.1503553
-564.84937,-552.4184,5.441155,5.150155
-564.51215,-551.477,5.441,5.1499553
-564.17505,-550.5356,5.441,5.1497555
-563.8382,-549.5941,5.441,5.149555
-563.5014,-548.6525,5.441,5.1493554
-563.1648,-547.71094,5.441,5.1491556
-562.82837,-546.7693,5.4409556,5.1489553
-562.4921,-545.8276,5.440756,5.1487556
-562.15594,-544.8858,5.4405556,5.1485558
-561.82,-543.944,5.440356,5.148356
-561.4842,-543.0021,5.440156,5.1481557
-561.1485,-542.0602,5.44,5.147956
-560.8129,-541.11816,5.44,5.147756
-560.47754,-540.17615,5.44,5.147556
-560.14233,-539.2341,5.44,5.147356
-559.80725,-538.29193,5.44,5.1471562
-559.4723,-537.34973,5.44,5.1469564
-559.13745,-536.4075,5.44,5.146756
-558.8028,-535.4652,5.44,5.1465564
-558.46826,-534.5228,5.44,5.1463566
-558.13385,-533.58044,5.44,5.1461563
-557.7996,-532.638,5.4399567,5.1459565
-557.4655,-531.69556,5.439757,5.1457567
-557.13153,-530.753,5.4395566,5.145557
-556.79767,-529.8104,5.439357,5.1453567
-556.4639,-528.8678,5.439157,5.145157
-556.1303,-527.9251,5.439,5.144957
-555.7969,-526.9824,5.439,5.144757
-555.4635,-526.0397,5.439,5.144557
-555.1303,-525.09686,5.439,5.144357
-554.79724,-524.154,5.439,5.1441574
-554.4643,-523.2111,5.439,5.143957
-554.1314,-522.2682,5.439,5.1437573
-553.7987,-521.3252,5.439,5.1435575
-553.4661,-520.38214,5.439,5.1433573
-553.1336,-519.4391,5.439,5.1431575
-552.8013,-518.496,5.4389577,5.1429577
-552.469,-517.55286,5.438758,5.142758
-552.13684,-516.6097,5.4385576,5.1425576
-551.8049,-515.66644,5.438358,5.142358
-551.47296,-514.72314,5.438158,5.142158
-551.1411,-513.77985,5.438,5.141958
-550.80945,-512.83655,5.438,5.141758
-550.47784,-511.89316,5.438,5.141558
-550.14636,-510.94974,5.438,5.1413584
-549.815,-510.0063,5.438,5.141158
-549.48376,-509.06277,5.4379582,5.1409583
-549.1526,-508.11926,5.4377584,5.1407585
-548.82153,-507.1757,5.4375587,5.1405587
-548.49054,-506.2321,5.437359,5.1403584
-548.1597,-505.28845,5.4371586,5.1401587
-547.8289,-504.3448,5.437,5.139959
-547.4983,-503.4011,5.437,5.139759
-547.1677,-502.45734,5.437,5.139559
-546.8372,-501.51358,5.437,5.139359
-546.50684,-500.5698,5.437,5.139159
-546.1765,-499.62595,5.437,5.1389594
-545.8463,-498.6821,5.437,5.138759
-545.51624,-497.7382,5.437,5.1385593
-545.1862,-496.79425,5.437,5.1383595
-544.85626,-495.8503,5.437,5.1381593
-544.52637,-494.9063,5.4369597,5.1379595
-544.1966,-493.9623,5.4367595,5.1377597
-543.86694,-493.01828,5.4365597,5.13756
-543.5373,-492.0742,5.43636,5.1373596
-543.20776,-491.1301,5.43616,5.13716
-542.8783,-490.18597,5.436,5.13696
-542.54895,-489.24182,5.436,5.13676
-542.21967,-488.29764,5.436,5.13656
-541.89044,-487.35342,5.436,5.13636
-541.5613,-486.4092,5.436,5.1361604
-541.2322,-485.46494,5.4359603,5.1359606
-540.90314,-484.52066,5.4357605,5.1357603
-540.5742,-483.57635,5.4355607,5.1355605
-540.24536,-482.63202,5.435361,5.1353607
-539.91656,-481.68768,5.4351606,5.135161
-539.5878,-480.74332,5.435,5.1349607
-539.2591,-479.79892,5.435,5.134761
-538.9305,-478.8545,5.435,5.134561
-538.6019,-477.91006,5.435,5.1343613
-538.27344,-476.9656,5.435,5.134161
-537.945,-476.02112,5.435,5.133961
-537.61664,-475.0766,5.435,5.1337614
-537.2883,-474.13208,5.435,5.1335616
-536.9601,-473.18756,5.435,5.133362
-536.63184,-472.24298,5.435,5.1331615
-536.3037,-471.2984,5.434962,5.1329618
-535.9756,-470.35382,5.434762,5.132762
-535.6475,-469.4092,5.4345617,5.132562
-535.3195,-468.46457,5.434362,5.132362
-534.9915,-467.51993,5.434162,5.132162
-534.66364,-466.5753,5.4337735,5.132944
-534.33575,-465.63058,5.432574,5.137942
-534.00793,-464.6859,5.4313745,5.1429396
-533.6801,-463.7412,5.4301753,5.1479373
-533.35236,-462.79648,5.4289756,5.1529346
-533.02466,-461.85175,5.4276643,5.1584544
-532.697,-460.907,5.425865,5.1662507
-532.3694,-459.96225,5.424066,5.174047
-532.04175,-459.01746,5.422267,5.1818433
-531.71423,-458.0727,5.420468,5.189639
-531.38666,-457.1279,5.4187055,5.1974354
-531.0592,-456.18307,5.417106,5.2052317
-530.7317,-455.23825,5.4155073,5.213028
-530.4043,-454.29343,5.413908,5.220824
-530.07684,-453.3486,5.4123087,5.22862
-529.74945,-452.40375,5.410673,5.2364163
-529.4221,-451.4589,5.408874,5.244212
-529.0948,-450.51404,5.407075,5.252008
-528.76746,-449.56918,5.405276,5.2598042
-528.4402,-448.6243,5.4034767,5.2676
-528.1129,-447.6794,5.4016776,5.2753963
-527.78564,-446.73453,5.3998785,5.283192
-527.4584,-445.7896,5.39808,5.2909884
-527.13116,-444.84473,5.396281,5.2987843
-526.80396,-443.8998,5.3944817,5.30658
-526.4768,-442.9549,5.3926826,5.314376
-526.1496,-442.00998,5.3908834,5.322172
-525.82245,-441.06506,5.3890843,5.329968
-525.4953,-440.12015,5.387285,5.337764
-525.1681,-439.1752,5.385486,5.3455596
-524.841,-438.2303,5.383687,5.3533554
-524.51385,-437.28534,5.3818884,5.361151
-524.1867,-436.34042,5.3800893,5.368947
-523.85956,-435.39548,5.37829,5.376743
-523.5324,-434.45056,5.376491,5.3845387
-523.2053,-433.5056,5.374692,5.3923345
-522.8782,-432.56067,5.372893,5.4001303
-522.551,-431.61575,5.371094,5.4079256
-522.22394,-430.6708,5.369295,5.4157214
-521.8968,-429.7259,5.367496,5.423517
-521.56964,-428.78094,5.365697,5.431313
-521.2425,-427.83603,5.363898,5.4391084
-520.9153,-426.8911,5.362099,5.446904
-520.58813,-425.9462,5.3603,5.4547
-520.2609,-425.00128,5.358501,5.4624953
-519.9338,-424.05637,5.356702,5.470291
-519.60657,-423.11145,5.354903,5.4780865
-519.2793,-422.16656,5.353104,5.4858823
-518.9521,-421.22165,5.351305,5.4936776
-518.6248,-420.27676,5.3495064,5.5014734
-518.29755,-419.33188,5.3477073,5.5092688
-517.9702,-418.38702,5.345908,5.517064
-517.64294,-417.44214,5.3441095,5.52486
-517.31555,-416.49728,5.3423104,5.5326552
-516.9882,-415.55243,5.3405113,5.5404506
-516.6608,-414.6076,5.3393197,5.5472875
-516.3334,-413.66275,5.341318,5.5490866
-516.006,-412.71793,5.343317,5.550885
-515.67847,-411.77313,5.345316,5.5526843
-515.35095,-410.8283,5.347315,5.5544834
-515.02344,-409.8835,5.3495016,5.5559373
-514.69586,-408.93875,5.3526998,5.5555377
-514.3682,-407.994,5.355898,5.5551376
-514.0406,-407.04922,5.359096,5.554738
-513.71295,-406.10446,5.362294,5.5543385
-513.38525,-405.15973,5.3654923,5.5539694
-513.0575,-404.21503,5.36869,5.5537696
-512.72974,-403.2703,5.371888,5.5535693
-512.4019,-402.32562,5.3750863,5.5533695
-512.07404,-401.38092,5.3782845,5.5531697
-511.74615,-400.43625,5.3814826,5.55294
-511.41824,-399.49158,5.3846807,5.55254
-511.0903,-398.54694,5.387879,5.55214
-510.7623,-397.6023,5.391077,5.55174
-510.43427,-396.65768,5.394275,5.5513406
-510.1062,-395.71307,5.3975024,5.5509706
-509.7781,-394.76846,5.400901,5.5507708
-509.44998,-393.82388,5.404299,5.5505705
-509.1218,-392.87933,5.4076967,5.5503707
-508.79358,-391.93475,5.411095,5.550171
-508.46533,-390.9902,5.414464,5.549942
-508.13705,-390.0457,5.417662,5.5495424
-507.80872,-389.10117,5.420861,5.5491424
-507.48035,-388.15665,5.424059,5.548743
-507.15195,-387.21216,5.427257,5.5483427
-506.82352,-386.2677,5.4304557,5.5479717
-506.49503,-385.3232,5.433654,5.5477715
-506.1665,-384.37878,5.4368525,5.5475717
-505.83795,-383.43433,5.4400506,5.547372
-505.50934,-382.4899,5.443249,5.547172
-505.1807,-381.5455,5.446448,5.546944
-504.85202,-380.6011,5.4496465,5.546544
-504.5233,-379.65674,5.452845,5.5461445
-504.19455,-378.71234,5.4560437,5.5457444
-503.86572,-377.768,5.459242,5.545345
-503.5369,-376.82367,5.462468,5.5449724
-503.208,-375.87933,5.465867,5.5447726
-502.87906,-374.93503,5.469266,5.544573
-502.5501,-373.99072,5.4726644,5.5443726
-502.2211,-373.04645,5.4760633,5.544173
-501.89203,-372.1022,5.479435,5.543946
-501.56293,-371.15793,5.482634,5.5435457
-501.2338,-370.2137,5.485833,5.5431457
-500.90463,-369.26947,5.4890323,5.542746
-500.57538,-368.3253,5.4922314,5.542346
-500.24612,-367.38107,5.4954305,5.541973
-499.9168,-366.43692,5.4986296,5.5417733
-499.58746,-365.49274,5.501829,5.541573
-499.25806,-364.5486,5.5050282,5.5413733
-498.92862,-363.60446,5.508228,5.5411735
-498.59912,-362.66037,5.511427,5.5409465
-498.2696,-361.71628,5.514627,5.5405464
-497.94,-360.7722,5.5178266,5.540147
-497.61038,-359.82813,5.521026,5.5397468
-497.2807,-358.88406,5.5242257,5.5393467
-496.951,-357.94003,5.527452,5.5389733
-496.62122,-356.996,5.5308523,5.5387735
-496.2914,-356.052,5.534252,5.5385733
-495.96155,-355.10803,5.5376525,5.5383735
-495.63165,-354.16406,5.5410523,5.538173
-495.3017,-353.2201,5.544426,5.5379467
-494.9717,-352.27615,5.547626,5.5375466
-494.64166,-351.33224,5.5508265,5.5371466
-494.31155,-350.38834,5.554027,5.5367465
-493.9814,-349.44446,5.5572276,5.5363464
-493.65125,-348.50058,5.560428,5.535973
-493.32098,-347.55673,5.5636287,5.5357733
-492.99072,-346.61288,5.5668297,5.535573
-492.66037,-345.66907,5.5700307,5.535373
-492.33,-344.72528,5.573231,5.535173
-491.99954,-343.7815,5.576432,5.534946
-491.66907,-342.83774,5.5796337,5.534546
-491.33853,-341.89398,5.5828347,5.534146
-491.00797,-340.95026,5.586036,5.5337453
-490.6773,-340.00653,5.5892377,5.533345
-490.34665,-339.06284,5.5924664,5.5329723
-490.0159,-338.11917,5.595868,5.5327725
-489.68512,-337.1755,5.5992703,5.5325723
-489.35428,-336.23187,5.602672,5.532372
-489.02338,-335.28824,5.606074,5.532172
-488.69244,-334.34464,5.607908,5.531916
-488.36145,-333.40103,5.600103,5.531316
-488.03036,-332.4575,5.5922985,5.5307155
-487.69913,-331.51398,5.5844936,5.5301147
-487.3677,-330.57056,5.576689,5.5295143
-487.03607,-329.6272,5.5687413,5.5289426
-486.70416,-328.68393,5.559941,5.528543
-486.37192,-327.74078,5.551141,5.528143
-486.0393,-326.79776,5.5423403,5.527743
-485.7063,-325.85486,5.53354,5.527343
-485.37286,-324.91214,5.524741,5.5269427
-485.03888,-323.9696,5.5159526,5.526543
-484.70438,-323.02725,5.507164,5.526144
-484.3693,-322.0851,5.4983754,5.5257444
-484.0336,-321.1432,5.489587,5.525345
-483.69724,-320.2015,5.480801,5.5249453
-483.36017,-319.26007,5.472031,5.524547
-483.02234,-318.3189,5.463261,5.5241485
-482.6837,-317.37805,5.454491,5.52375
-482.34418,-316.43747,5.4457216,5.523351
-482.00375,-315.49725,5.437049,5.522834
-481.66248,-314.55734,5.4290953,5.5214415
-481.3207,-313.6176,5.421141,5.5200496
-480.97897,-312.67786,5.413187,5.5186577
-480.6377,-311.73795,5.405233,5.517266
-480.2973,-310.7977,5.3985767,5.514342
-479.9583,-309.85696,5.40494,5.496047
-479.62115,-308.91556,5.4113035,5.477752
-479.28632,-307.97333,5.417667,5.4594574
-478.95428,-307.0301,5.4240303,5.4411626
-478.62552,-306.08572,5.430395,5.4228644
-478.30057,-305.14005,5.4367766,5.404517
-477.97986,-304.19293,5.443158,5.3861704
-477.6639,-303.2442,5.4495397,5.367823
-477.35324,-302.29373,5.4559216,5.349476
-477.04834,-301.34137,5.4623046,5.3311243
-476.74973,-300.38705,5.4687176,5.3126864
-476.45792,-299.43063,5.475131,5.2942486
-476.17346,-298.472,5.481544,5.2758107
-475.89688,-297.51105,5.4879575,5.257373
-475.62872,-296.5477,5.493907,5.2390804
-475.36957,-295.5819,5.4922943,5.223154
-475.12027,-294.61356,5.490681,5.2072277
-474.88174,-293.64246,5.4890685,5.1913013
-474.6549,-292.66858,5.487456,5.175375
-474.44064,-291.69186,5.4853683,5.1598153
-474.23987,-290.71228,5.4788823,5.1476545
-474.05353,-289.72983,5.4723964,5.1354938
-473.8826,-288.7446,5.465911,5.1233325
-473.72803,-287.75668,5.459425,5.1111717
-473.59082,-286.7662,5.4503846,5.09964
-473.47183,-285.77335,5.428277,5.0913243
-473.37207,-284.7784,5.4061704,5.083009
-473.29236,-283.78165,5.3840632,5.0746937
-473.2336,-282.78342,5.361956,5.066378
-473.19675,-281.78418,5.3381686,5.0641174
-473.18256,-280.78433,5.3088455,5.081792
-473.19162,-279.78445,5.2795234,5.0994654
-473.22455,-278.78503,5.2502007,5.1171393
-473.28186,-277.78677,5.2208767,5.1348143
-473.3642,-276.79022,5.195151,5.143701
-473.4718,-275.79608,5.1799965,5.1267753
-473.60446,-274.805,5.164843,5.1098504
-473.76193,-273.81754,5.14969,5.092927
-473.9439,-272.83432,5.134538,5.0760036
-474.15015,-271.85587,5.119141,5.0768332
-474.38046,-270.88284,5.1025662,5.162828
-474.6349,-269.9158,5.0859904,5.248825
-474.91357,-268.9555,5.0694146,5.3348255
-475.21658,-268.0026,5.0528383,5.420827
-475.54398,-267.05777,5.0384765,5.5027905
-475.8959,-266.12183,5.071663,5.4980774
-476.2726,-265.19556,5.104848,5.493365
-476.67444,-264.27994,5.138033,5.488652
-477.10168,-263.37585,5.1712165,5.4839396
-477.5546,-262.4844,5.2043943,5.479228
-478.03345,-261.6066,5.214377,5.4856634
-478.53873,-260.7437,5.223179,5.4926653
-479.07095,-259.89722,5.2319827,5.4996676
-479.63058,-259.06857,5.2407875,5.506672
-480.21802,-258.25943,5.2495937,5.513677
-480.83334,-257.47125,5.3360653,5.4513006
-481.47522,-256.7046,5.4262776,5.3855805
-482.14206,-255.95949,5.5164747,5.3198714
-482.83234,-255.23607,5.606666,5.254166
-483.54462,-254.53427,5.6950436,5.1900153
-484.27744,-253.85396,5.7514358,5.1532373
-485.02917,-253.1946,5.8078356,5.116455
-485.7982,-252.55548,5.864235,5.079673
-486.583,-251.93585,5.920633,5.0428915
-487.38214,-251.33482,5.949306,5.0202293
-488.19434,-250.75151,5.832602,5.0716033
-489.0183,-250.18503,5.7158904,5.1229806
-489.853,-249.63438,5.5991807,5.1743574
-490.6973,-249.09859,5.4824715,5.2257338
-491.55017,-248.5766,5.393857,5.268987
-492.4107,-248.06734,5.4070683,5.2827983
-493.27805,-247.56969,5.4202795,5.2966104
-494.1513,-247.08253,5.4334908,5.310422
-495.02972,-246.60472,5.4467015,5.3242335
-495.91254,-246.13509,5.4565163,5.3356595
-496.7991,-245.67259,5.454323,5.3386507
-497.68903,-245.21661,5.4521294,5.3416414
-498.58197,-244.76656,5.449936,5.3446326
-499.4776,-244.3218,5.4477425,5.347624
-500.37552,-243.88174,5.44559,5.350615
-501.27548,-243.44588,5.4435954,5.3536067
-502.1773,-243.01392,5.4416013,5.3565984
-503.0809,-242.5856,5.4396067,5.35959
-503.98608,-242.16068,5.437612,5.3625817
-504.89273,-241.73888,5.4355793,5.3655734
-505.8007,-241.31993,5.4333854,5.3685656
-506.7098,-240.90352,5.431191,5.3715577
-507.61993,-240.48929,5.428997,5.37455
-508.5309,-240.07692,5.4268026,5.3775415
-509.44257,-239.66606,5.424608,5.380534
-510.35474,-239.25638,5.4224133,5.3835273
-511.26727,-238.8475,5.420218,5.386521
-512.18005,-238.43907,5.418023,5.389514
-513.09283,-238.03073,5.4158278,5.3925076
-514.00543,-237.62209,5.4136324,5.3955345
-514.91785,-237.21288,5.4114356,5.39873
-515.8299,-236.80293,5.409239,5.4019256
-516.7416,-236.39215,5.4070415,5.4051213
-517.65283,-235.98042,5.4048448,5.4083166
-518.56366,-235.56766,5.4026475,5.4114804
-519.47394,-235.15376,5.400449,5.4144793
-520.3837,-234.7388,5.3982496,5.4174776
-521.293,-234.32283,5.396051,5.420476
-522.20197,-233.90594,5.3938518,5.423475
-523.1105,-233.4882,5.3916845,5.4264736
-524.0186,-233.06966,5.389684,5.429474
-524.92645,-232.65034,5.387684,5.432474
-525.83386,-232.2303,5.3856835,5.4354744
-526.741,-231.80954,5.383683,5.438475
-527.6478,-231.38809,5.3816514,5.4414754
-528.5543,-230.96599,5.37945,5.444477
-529.4605,-230.54327,5.377249,5.447479
-530.36646,-230.12,5.3750477,5.4504805
-531.27216,-229.69617,5.3728466,5.4534817
-532.1777,-229.27185,5.3706455,5.4564834
-533.0829,-228.84708,5.368444,5.4594855
-533.988,-228.42189,5.3662424,5.462487
-534.8928,-227.9963,5.3640413,5.4654894
-535.79755,-227.57037,5.36184,5.4684916
-536.7021,-227.14413,5.359638,5.4714932
-537.6065,-226.71762,5.357437,5.474495
-538.51086,-226.29086,5.3552356,5.4774966
-539.4151,-225.8639,5.3530345,5.480499
-540.3192,-225.43678,5.350833,5.4835005
-541.2233,-225.00954,5.348632,5.4865355
-542.1274,-224.5822,5.3464313,5.489736
-543.0314,-224.15482,5.3442307,5.492937
-543.93536,-223.7274,5.34203,5.496138
-544.8394,-223.30002,5.3398294,5.4993386
-545.74347,-222.87268,5.3376627,5.502506
-546.6475,-222.44542,5.3356633,5.5055046
-547.5517,-222.0183,5.333664,5.508504
-548.45593,-221.59135,5.3316646,5.511503
-549.3602,-221.16461,5.329665,5.5145025
-550.2647,-220.73814,5.3276324,5.5175014
-551.16925,-220.31195,5.3254347,5.5204983
-552.074,-219.88605,5.323237,5.523495
-552.9789,-219.46046,5.321039,5.526492
-553.8839,-219.0352,5.3188415,5.529489
-554.78906,-218.61026,5.3166437,5.5324855
-555.6944,-218.18564,5.3144474,5.535481
-556.59985,-217.76134,5.312251,5.538476
-557.5055,-217.33734,5.310055,5.541471
-558.41125,-216.91364,5.3078585,5.544466
-559.31714,-216.4902,5.305662,5.5474606
-560.22314,-216.06703,5.3034663,5.5504546
-561.1292,-215.64412,5.301271,5.553449
-562.03546,-215.22145,5.299075,5.556443
-562.94183,-214.79903,5.2968793,5.5594373
-563.84827,-214.37683,5.294684,5.56246
-564.7548,-213.95485,5.292488,5.565654
-565.6615,-213.53308,5.2902923,5.5688477
-566.56824,-213.11151,5.2880964,5.5720415
-567.4751,-212.69014,5.2859006,5.5752354
-568.382,-212.26895,5.283732,5.5784025
-569.289,-211.84795,5.281735,5.5813975
-570.1961,-211.4271,5.279738,5.584393
-571.1033,-211.0064,5.277741,5.587388
-572.0105,-210.58585,5.2757444,5.5903835
-572.9178,-210.16544,5.273722,5.593379
-573.82513,-209.74515,5.271524,5.5963764
-574.7325,-209.32497,5.2693257,5.599374
-575.63995,-208.9049,5.2671275,5.602371
-576.5474,-208.48495,5.2649293,5.605369
-577.45496,-208.06508,5.262731,5.6083665
-578.36255,-207.6453,5.2605305,5.611367
-579.27014,-207.22557,5.2583303,5.614368
-580.1778,-206.80591,5.2561297,5.6173687
-581.08545,-206.3863,5.253929,5.620369
-581.99316,-205.96674,5.2517285,5.62337
-582.9008,-205.54718,5.249525,5.626375
-583.80853,-205.12766,5.247321,5.6293797
-584.71625,-204.70816,5.2451177,5.632385
-585.62396,-204.28868,5.242914,5.63539
-586.5317,-203.86922,5.2407103,5.6383953
-587.4394,-203.44977,5.238503,5.641405
-588.3471,-203.03027,5.2362957,5.644415
-589.25476,-202.61069,5.234089,5.6474247
-590.16235,-202.19095,5.2318816,5.6504345
-591.0699,-201.77101,5.229704,5.653474
-591.9773,-201.35081,5.2276964,5.656686
-592.8845,-200.9303,5.225689,5.659898
-593.79156,-200.50937,5.2236814,5.66311
-594.69836,-200.08798,5.221674,5.6663218
-595.605,-199.66605,5.219634,5.6694994
-596.5112,-199.24348,5.2174296,5.672505
-597.4172,-198.82019,5.2152257,5.6755104
-598.32275,-198.39609,5.2130213,5.678516
-599.2279,-197.97105,5.2108173,5.681522
-600.13257,-197.545,5.208615,5.684525
-601.0367,-197.11787,5.20642,5.687518
-601.9403,-196.68967,5.204225,5.690511
-602.8435,-196.26045,5.20203,5.6935043
-603.74615,-195.83025,5.1998353,5.696497
-604.6484,-195.3991,5.197643,5.699487
-605.5501,-194.96686,5.1954613,5.702462
-606.451,-194.5329,5.1932793,5.705437
-607.3507,-194.09657,5.1910977,5.708412
-608.24896,-193.6572,5.188916,5.711387
-609.1454,-193.21411,5.1868553,5.714241
-610.0396,-192.76651,5.1856666,5.716223
-610.93097,-192.31331,5.1844773,5.7182045
-611.81885,-191.85333,5.183288,5.720186
-612.7026,-191.38545,5.1820993,5.722168
-613.5815,-190.90855,5.1872077,5.716116
-614.45483,-190.42152,5.269303,5.611849
-615.32184,-189.92337,5.3513956,5.507585
-616.18176,-189.41307,5.4334874,5.403322
-617.0338,-188.88968,5.515576,5.2990646
-617.8771,-188.35226,5.588174,5.2055616
-618.7106,-187.79985,5.532632,5.257266
-619.53314,-187.23125,5.477092,5.308969
-620.3434,-186.64528,5.421547,5.3606763
-621.1399,-186.04079,5.365996,5.4123893
-621.9212,-185.41672,5.315849,5.4561296
-622.6859,-184.77246,5.3060946,5.4402785
-623.43353,-184.10847,5.2963414,5.42443
-624.16376,-183.42535,5.286589,5.408582
-624.8762,-182.72371,5.2768364,5.392734
-625.5705,-182.00412,5.2669744,5.3825817
-626.2466,-181.26738,5.256669,5.395716
-626.905,-180.51486,5.246363,5.4088507
-627.54663,-179.74791,5.2360587,5.421984
-628.17224,-178.96782,5.2257543,5.4351172
-628.7826,-178.1758,5.2215123,5.444505
-629.37866,-177.37291,5.2357044,5.4425063
-629.96106,-176.56004,5.249897,5.4405074
-630.5304,-175.738,5.26409,5.4385085
-631.0874,-174.9076,5.278283,5.4365096
-631.6329,-174.06952,5.294292,5.430679
-632.1676,-173.22453,5.315897,5.4130383
-632.6924,-172.37338,5.3375025,5.395397
-633.2083,-171.5168,5.359107,5.3777566
-633.7163,-170.65549,5.380711,5.3601165
-634.21735,-169.7901,5.394956,5.3482533
-634.7121,-168.92111,5.379718,5.359534
-635.20056,-168.0486,5.3644786,5.370815
-635.68274,-167.17255,5.3492393,5.382096
-636.1584,-166.293,5.334,5.393377
-636.62756,-165.40994,5.321818,5.4040513
-637.08997,-164.52332,5.3273835,5.4112077
-637.54486,-163.63281,5.3329496,5.418364
-637.9915,-162.73816,5.3385158,5.4255204
-638.42914,-161.83905,5.344082,5.432677
-638.8569,-160.9352,5.352215,5.4382777
-639.274,-160.02641,5.3798294,5.4320745
-639.6799,-159.11252,5.407444,5.4258714
-640.07367,-158.19339,5.4350576,5.419668
-640.45483,-157.26894,5.4626718,5.413465
-640.8226,-156.33907,5.486665,5.4089336
-641.1762,-155.40373,5.4838476,5.416782
-641.51483,-154.46288,5.48103,5.4246306
-641.8375,-153.51643,5.4782124,5.4324794
-642.14343,-152.56442,5.475395,5.440328
-642.43164,-151.6069,5.4680743,5.4508076
-642.7013,-150.64401,5.4352317,5.4761953
-642.9523,-149.67607,5.4023905,5.5015817
-643.18427,-148.70343,5.3695498,5.5269675
-643.3972,-147.72641,5.336709,5.552354
-643.5908,-146.74539,5.31045,5.5752506
-643.7651,-145.76076,5.3128605,5.587303
-643.9201,-144.7729,5.315271,5.5993557
-644.0563,-143.78227,5.317682,5.6114078
-644.17377,-142.78926,5.320092,5.62346
-644.2728,-141.79424,5.3236265,5.6326666
-644.3537,-140.79756,5.331429,5.631066
-644.41656,-139.7996,5.3392315,5.629465
-644.4615,-138.80066,5.3470345,5.627865
-644.4887,-137.80109,5.354837,5.626264
-644.4984,-136.8012,5.3621726,5.6183405
-644.49066,-135.80128,5.3677535,5.5866485
-644.46576,-134.80165,5.373335,5.554957
-644.4237,-133.80258,5.378916,5.523265
-644.3648,-132.80437,5.3844967,5.4915733
-644.2891,-131.8073,5.388501,5.462315
-644.1969,-130.81161,5.385916,5.4432287
-644.08826,-129.81758,5.383332,5.4241424
-643.9633,-128.82547,5.3807473,5.405056
-643.8222,-127.83553,5.3781624,5.385969
-643.6651,-126.84801,5.3737607,5.3699675
-643.49207,-125.863144,5.3600507,5.3697686
-643.3032,-124.88119,5.34634,5.3695703
-643.09875,-123.902374,5.33263,5.3693714
-642.87866,-122.92694,5.3189197,5.3691726
-642.6431,-121.95514,5.3042445,5.369936
-642.39215,-120.9872,5.2831445,5.377102
-642.1259,-120.023346,5.262044,5.3842683
-641.8444,-119.06383,5.240944,5.391434
-641.54785,-118.10888,5.219844,5.3986
-641.2362,-117.15873,5.200273,5.400831
-640.9096,-116.21362,5.1934752,5.361842
-640.56805,-115.27383,5.186677,5.322853
-640.2115,-114.339615,5.1798787,5.2838635
-639.8399,-113.411255,5.1730804,5.244874
-639.45337,-112.489044,5.1650233,5.2121677
-639.0519,-111.57323,5.1463017,5.2327013
-638.63574,-110.66399,5.1275806,5.2532344
-638.20526,-109.76145,5.108859,5.2737675
-637.7607,-108.86577,5.090138,5.2943006
-637.3023,-107.97706,5.073442,5.319616
-636.8305,-107.09541,5.0693994,5.3747964
-636.3458,-106.22082,5.065357,5.429977
-635.84863,-105.35322,5.0613146,5.485157
-635.33954,-104.492546,5.057272,5.5403366
-634.8191,-103.63873,5.0635853,5.583229
-634.28766,-102.79168,5.1138763,5.5739384
-633.7458,-101.95128,5.164168,5.5646477
-633.1939,-101.11741,5.2144594,5.555357
-632.6325,-100.289925,5.264751,5.5460663
-632.062,-99.4687,5.306855,5.5334578
-631.48285,-98.65354,5.3229556,5.510314
-630.89545,-97.84429,5.339056,5.4871697
-630.3003,-97.04076,5.355156,5.4640255
-629.69775,-96.242714,5.3712564,5.4408817
-629.08826,-95.44996,5.388366,5.416953
-628.4723,-94.66227,5.4081984,5.3909116
-627.85016,-93.87942,5.42803,5.3648696
-627.2222,-93.10117,5.447862,5.3388276
-626.589,-92.32729,5.467694,5.3127856
-625.95074,-91.55753,5.4887247,5.2889423
-625.3078,-90.79164,5.512859,5.270792
-624.66064,-90.02936,5.5369935,5.252641
-624.0095,-89.27043,5.5611277,5.2344904
-623.35486,-88.51459,5.5852623,5.21634
-622.6969,-87.76157,5.602473,5.204423
-622.0361,-87.0111,5.6004844,5.209792
-621.3726,-86.26293,5.598496,5.2151613
-620.7069,-85.51679,5.5965075,5.22053
-620.0392,-84.77242,5.5945187,5.225899
-619.3698,-84.02956,5.5925307,5.2312202
-618.6991,-83.28792,5.590544,5.2363844
-618.02734,-82.5472,5.588558,5.241549
-617.3549,-81.807106,5.5865717,5.2467136
-616.6821,-81.067314,5.584585,5.2518783
-616.00934,-80.32752,5.5825987,5.257084
-615.33685,-79.58748,5.5806103,5.262452
-614.66473,-78.84709,5.578622,5.267821
-613.9931,-78.10627,5.5766335,5.273189
-613.322,-77.36493,5.574645,5.278558
-612.6517,-76.622986,5.572656,5.2838936
-611.982,-75.88039,5.5706644,5.289072
-611.313,-75.13716,5.5686727,5.294251
-610.64465,-74.39335,5.566681,5.29943
-609.977,-73.64899,5.564689,5.3046083
-609.3098,-72.90413,5.562697,5.3098187
-608.6432,-72.15879,5.560702,5.3152046
-607.97705,-71.412994,5.558707,5.3205905
-607.31146,-70.66675,5.5567126,5.3259764
-606.64636,-69.92007,5.5547175,5.3313622
-605.9817,-69.17296,5.5527225,5.336749
-605.31757,-68.42544,5.5507255,5.3421416
-604.6538,-67.67752,5.548728,5.347534
-603.99054,-66.92922,5.546731,5.3529267
-603.32764,-66.180565,5.5447335,5.3583193
-602.6651,-65.431564,5.542736,5.363686
-602.003,-64.68224,5.540737,5.368884
-601.3412,-63.93262,5.538738,5.3740816
-600.6797,-63.18271,5.5367384,5.3792796
-600.01855,-62.43252,5.5347395,5.3844776
-599.35767,-61.68208,5.53274,5.389702
-598.6971,-60.931396,5.53074,5.395103
-598.03674,-60.180492,5.528739,5.4005046
-597.3766,-59.429386,5.5267386,5.405906
-596.7167,-58.67809,5.524738,5.411308
-596.057,-57.926624,5.522737,5.4167094
-595.39746,-57.175007,5.5207357,5.4221134
-594.7381,-56.423252,5.5187345,5.4275174
-594.07886,-55.67138,5.5167327,5.4329214
-593.41974,-54.9194,5.5147314,5.4383254
-592.7607,-54.167336,5.51273,5.443702
-592.10175,-53.4152,5.510728,5.448907
-591.4429,-52.663013,5.508726,5.4541116
-590.784,-51.910797,5.5067244,5.4593163
-590.1252,-51.158566,5.5047226,5.4645214
-589.4663,-50.40634,5.502721,5.4697537
-588.8075,-49.65414,5.500719,5.4751587
-588.14856,-48.901966,5.4987173,5.480563
-587.4896,-48.149826,5.4967155,5.4859676
-586.8306,-47.39772,5.494714,5.4913726
-586.17163,-46.645664,5.492712,5.496777
-585.5125,-45.893654,5.4907107,5.502181
-584.8534,-45.141685,5.4887094,5.5075846
-584.1942,-44.389767,5.486708,5.5129886
-583.535,-43.637886,5.4847064,5.5183926
-582.8757,-42.886047,5.482794,5.5235014
-582.2164,-42.134243,5.481393,5.526903
-581.557,-41.38248,5.479992,5.530305
-580.8976,-40.630753,5.4785914,5.533707
-580.23816,-39.87906,5.4771905,5.537109
-579.5787,-39.127403,5.47603,5.5396996
-578.9191,-38.375786,5.47623,5.5376987
-578.2596,-37.6242,5.4764304,5.535698
-577.5999,-36.872646,5.47663,5.533697
-576.9403,-36.121128,5.4768305,5.5316963
-576.28064,-35.369644,5.4770303,5.529695
-575.6209,-34.618187,5.4772305,5.5276947
-574.9611,-33.866764,5.477431,5.525694
-574.30133,-33.115368,5.4776306,5.5236936
-573.64154,-32.364002,5.477831,5.5216928
-572.9817,-31.612665,5.478,5.5196924
-572.3218,-30.861357,5.478,5.517692
-571.66187,-30.110073,5.478,5.5156918
-571.00195,-29.358816,5.478,5.5136914
-570.342,-28.607584,5.478,5.511691
-569.68195,-27.856377,5.478031,5.5096908
-569.0219,-27.105194,5.478231,5.5076904
-568.3619,-26.354033,5.4784307,5.50569
-567.7018,-25.602894,5.478631,5.5036902
-567.0417,-24.851778,5.478831,5.50169
-566.38153,-24.100681,5.479031,5.49969
-565.72144,-23.349604,5.479231,5.49769
-565.0612,-22.598547,5.479431,5.4956903
-564.40106,-21.847507,5.479631,5.4936905
-563.74084,-21.096485,5.4798307,5.49169
-563.0806,-20.34548,5.480031,5.4896903
-562.42035,-19.594492,5.480231,5.487691
-561.7601,-18.843517,5.480431,5.485691
-561.0998,-18.092558,5.480631,5.483691
-560.4395,-17.341612,5.4808307,5.481692
-559.7792,-16.590681,5.481031,5.479692
-559.11884,-15.83976,5.4812307,5.4776926
-558.4585,-15.088851,5.4814305,5.4756927
-557.79816,-14.337953,5.481631,5.4736934
-557.1378,-13.587064,5.4818306,5.471694
-556.4774,-12.8361845,5.4820304,5.4696946
-555.817,-12.085314,5.4822307,5.467695
-555.1567,-11.334451,5.4824305,5.465696
-554.4963,-10.583593,5.4826303,5.4636965
-553.8358,-9.832743,5.4828305,5.461697
-553.1754,-9.081898,5.4830303,5.4596677
-552.515,-8.331057,5.48323,5.4574685
-551.8546,-7.5802193,5.48343,5.4552693
-551.19415,-6.8293853,5.48363,5.45307
-550.53375,-6.078553,5.48383,5.450871
-549.8733,-5.3277225,5.48403,5.448702
-549.2129,-4.5768924,5.4842296,5.4467025
-548.5524,-3.8260624,5.48443,5.4447036
-547.892,-3.0752318,5.4846296,5.4427047
-547.23157,-2.3243992,5.4848294,5.440706
-546.57117,-1.5735644,5.485029,5.4387064
-545.91077,-0.8227265,5.485229,5.4367075
-545.2503,-0.07188462,5.4854293,5.4347086
-544.5899,0.67896193,5.485629,5.4327097
-543.9295,1.429814,5.485829,5.430711
-543.2691,2.1806724,5.4860287,5.428712
-542.6087,2.9315379,5.4862285,5.426713
-541.9483,3.682411,5.4864287,5.424714
-541.28796,4.433293,5.4866285,5.4227157
-540.6276,5.184184,5.4868283,5.420717
-539.9672,5.935085,5.487,5.418718
-539.3069,6.6859965,5.487,5.416719
-538.6466,7.43692,5.487,5.4147205
-537.98627,8.187856,5.487,5.4127216
-537.326,8.938805,5.487,5.410723
-536.6657,9.689768,5.4870276,5.4087243
-536.00543,10.440744,5.4872274,5.406726
-535.3452,11.191738,5.487427,5.404727
-534.68494,11.942747,5.487627,5.4027286
-534.0248,12.693773,5.487827,5.4007297
-533.36456,13.444817,5.488027,5.398731
-532.7044,14.195879,5.488227,5.396733
-532.04425,14.9469595,5.4884267,5.394734
-531.38416,15.698061,5.4886265,5.3927355
-530.72406,16.449183,5.4888263,5.390737
-530.06396,17.200327,5.489026,5.3887386
-529.40393,17.951492,5.489226,5.3867397
-528.7439,18.702682,5.4894257,5.3847413
-528.0839,19.453896,5.489626,5.382743
-527.42395,20.205133,5.4898257,5.3807445
-526.764,20.956396,5.4900255,5.378746
-526.10406,21.707685,5.4902253,5.3767476
-525.4442,22.459,5.490425,5.374749
-524.78436,23.210344,5.490625,5.3727508
-524.1246,23.961716,5.4908247,5.3707523
-523.4648,24.713116,5.4910245,5.3687534
-522.805,25.464548,5.4912243,5.366755
-522.1453,26.21601,5.4914246,5.3647566
-521.48566,26.967503,5.4916244,5.362758
-520.826,27.719028,5.491824,5.3607597
-520.1664,28.470587,5.492024,5.3587613
-519.50684,29.22218,5.4922237,5.356763
-518.8473,29.973804,5.4924235,5.3547645
-518.1878,30.725468,5.4926233,5.352766
-517.5284,31.477165,5.492823,5.3507676
-516.86896,32.2289,5.493023,5.348769
-516.2096,32.98067,5.4932227,5.346771
-515.5503,33.732483,5.493423,5.3447723
-514.89105,34.484333,5.493623,5.342774
-514.2318,35.23622,5.4938226,5.3407755
-513.57263,35.98815,5.4940224,5.3387547
-512.9135,36.740124,5.494222,5.3365564
-512.2544,37.492138,5.494422,5.334358
-511.5954,38.244194,5.4946218,5.33216
-510.9364,38.996296,5.4948215,5.329962
-510.27747,39.74844,5.495043,5.328172
-509.6186,40.50063,5.495443,5.329771
-508.95975,41.252865,5.4958425,5.3313694
-508.301,42.005146,5.496242,5.332968
-507.64227,42.757477,5.4966416,5.334567
-506.98358,43.509857,5.4970417,5.3362284
-506.32498,44.262283,5.4974413,5.3384266
-505.66644,45.01476,5.497841,5.340625
-505.00793,45.76729,5.4982405,5.3428235
-504.3495,46.519867,5.4986405,5.3450217
-503.69113,47.272495,5.49904,5.3472
-503.0328,48.02518,5.4994397,5.349199
-502.37454,48.777916,5.4998393,5.3511972
-501.71634,49.53071,5.5002394,5.3531957
-501.05823,50.283554,5.500639,5.3551946
-500.40015,51.036457,5.501058,5.357193
-499.74216,51.789417,5.5016575,5.359192
-499.08423,52.542435,5.5022573,5.3611903
-498.42633,53.29551,5.5028567,5.363189
-497.76855,54.04864,5.503456,5.3651876
-497.1108,54.801834,5.5040374,5.367205
-496.45316,55.555088,5.504437,5.369404
-495.79553,56.308403,5.5048366,5.371602
-495.13803,57.06178,5.5052366,5.3738008
-494.48056,57.815216,5.505636,5.3759995
-493.82318,58.568718,5.506036,5.37818
-493.1659,59.322285,5.506436,5.380179
-492.50864,60.075916,5.5068355,5.382178
-491.8515,60.829613,5.5072355,5.3841767
-491.19443,61.583378,5.507635,5.3861756
-490.5374,62.337208,5.5080347,5.3881917
-489.8805,63.091106,5.508435,5.390391
-489.22363,63.845078,5.5088344,5.3925896
-488.56686,64.59911,5.5092344,5.3947887
-487.9102,65.35322,5.509634,5.3969874
-487.25357,66.1074,5.510051,5.3991694
-486.59705,66.86165,5.5106506,5.4011683
-485.9406,67.61597,5.5112505,5.4031677
-485.28427,68.37037,5.51185,5.4051666
-484.628,69.12483,5.5124497,5.4071655
-483.9718,69.87938,5.513033,5.409181
-483.3157,70.634,5.513433,5.4113803
-482.6597,71.3887,5.5138326,5.4135795
-482.00378,72.14347,5.5142326,5.4157786
-481.34796,72.898315,5.514632,5.417978
-480.6922,73.65324,5.5150323,5.4201612
-480.03653,74.408226,5.515432,5.4221606
-479.38095,75.16329,5.515832,5.42416
-478.72543,75.91842,5.516232,5.4261594
-478.07,76.673615,5.5166316,5.4281588
-477.41464,77.42888,5.5170474,5.430174
-476.75934,78.184204,5.5176473,5.432373
-476.10413,78.93959,5.518247,5.4345727
-475.449,79.69504,5.518847,5.4367723
-474.7939,80.45055,5.519447,5.4389715
-474.13892,81.20611,5.520031,5.4411554
-473.48398,81.96172,5.520431,5.4431553
-472.82907,82.7174,5.520831,5.4451547
-472.17426,83.47313,5.5212307,5.447154
-471.5195,84.228905,5.521631,5.449154
-470.86478,84.98473,5.522031,5.4511685
-470.21014,85.74061,5.5224304,5.453368
-469.55554,86.49653,5.5228305,5.455568
-468.901,87.252495,5.5232306,5.4577675
-468.2465,88.0085,5.5236306,5.459967
-467.59204,88.76455,5.5240455,5.4621515
-466.93765,89.520645,5.5246453,5.4641514
-466.2833,90.27677,5.525245,5.466151
-465.62897,91.03294,5.525845,5.4681506
-464.9747,91.78915,5.526445,5.4701505
-464.32047,92.54538,5.52703,5.4721503
-463.6663,93.30165,5.52743,5.4741497
-463.01212,94.057945,5.52783,5.4761496
-462.358,94.81428,5.5282297,5.4781494
-461.7039,95.57063,5.52863,5.4801493
-461.04984,96.32702,5.52903,5.482164
-460.3958,97.08342,5.52943,5.4843636
-459.7418,97.83985,5.5298295,5.486563
-459.0878,98.596306,5.5302296,5.488763
-458.43384,99.352776,5.5306296,5.4909625
-457.7799,100.10927,5.5310297,5.4931474
-457.12598,100.86577,5.5314293,5.495147
-456.47208,101.62229,5.5318294,5.497147
-455.8182,102.37883,5.5322294,5.4991465
-455.1643,103.135376,5.5326295,5.5011463
-454.51047,103.89193,5.533044,5.5031605
-453.8566,104.6485,5.5336437,5.50536
-453.20276,105.405075,5.5342436,5.50756
-452.54892,106.16165,5.5348434,5.5097594
-451.8951,106.918236,5.5354433,5.511959
-451.24127,107.67483,5.536029,5.5141444
-450.58743,108.43141,5.536429,5.516144
-449.93362,109.188,5.5368285,5.5181437
-449.2798,109.94459,5.5372286,5.520143
-448.62595,110.70117,5.5376287,5.522143
-447.9721,111.45775,5.5380287,5.5241566
-447.31827,112.21432,5.5384283,5.526356
-446.66443,112.97088,5.5388284,5.528556
-446.01056,113.72743,5.5392284,5.530755
-445.35666,114.48398,5.539628,5.5329547
-444.7028,115.24051,5.540042,5.53514
-444.04886,115.997025,5.540642,5.5371394
-443.39493,116.75352,5.5412416,5.539139
-442.741,117.51,5.5418415,5.5411386
-442.087,118.266464,5.5424414,5.543138
-441.433,119.0229,5.5431237,5.5449452
-440.779,119.77933,5.544923,5.5441456
-440.12494,120.53572,5.5467224,5.5433455
-439.47086,121.29209,5.5485215,5.542546
-438.81677,122.04843,5.550321,5.541746
-438.16263,122.80475,5.552549,5.5401034
-437.50845,123.561035,5.5607452,5.526709
-436.85425,124.31729,5.5689416,5.5133147
-436.19998,125.07352,5.5771384,5.4999204
-435.5457,125.829704,5.585335,5.486526
-434.89136,126.585846,5.5935187,5.4731317
-434.23697,127.34195,5.6015143,5.4597383
-433.58255,128.09802,5.6095104,5.446345
-432.92807,128.85405,5.6175065,5.4329515
-432.27356,129.61005,5.6255026,5.4195585
-431.61902,130.366,5.633511,5.4061775
-430.96442,131.12193,5.641706,5.3929853
-430.30975,131.87779,5.6499014,5.379793
-429.655,132.63358,5.6580963,5.366601
-429.0001,133.38925,5.6662917,5.353409
-428.34506,134.14478,5.6744747,5.3402047
-427.68982,134.90015,5.68247,5.3268127
-427.03436,135.6553,5.690465,5.3134212
-426.3786,136.41023,5.69846,5.3000293
-425.72253,137.16487,5.706455,5.286638
-425.06607,137.91919,5.7144613,5.2732573
-424.40924,138.67314,5.722657,5.260064
-423.75192,139.42671,5.7308526,5.2468715
-423.09412,140.17984,5.739048,5.233679
-422.43576,140.93251,5.7472434,5.220486
-421.77686,141.68466,5.752012,5.2109776
-421.1173,142.43628,5.6962337,5.266556
-420.45712,143.18732,5.6404557,5.322134
-419.7962,143.93773,5.584677,5.3777122
-419.13458,144.68748,5.528899,5.4332905
-418.47214,145.43655,5.473079,5.4889207
-417.8089,146.1849,5.416489,5.5455112
-417.14478,146.93246,5.3598986,5.6021013
-416.47977,147.67923,5.303308,5.658692
-415.81378,148.42516,5.246718,5.7152824
-415.14682,149.17018,5.193132,5.769213
-414.47882,149.91429,5.195732,5.7734137
-413.80975,150.65744,5.1983323,5.777614
-413.1396,151.39958,5.200933,5.7818146
-412.46826,152.14069,5.203533,5.786015
-411.79575,152.88072,5.2079997,5.7885747
-411.122,153.61963,5.2470145,5.7607636
-410.447,154.35738,5.28603,5.732953
-409.77066,155.09393,5.3250446,5.7051425
-409.093,155.82922,5.36406,5.677332
-408.4139,156.56323,5.402373,5.65001
-407.7334,157.29591,5.4281898,5.631398
-407.05142,158.02722,5.4540067,5.612786
-406.36795,158.75714,5.4798236,5.594174
-405.68295,159.48564,5.50564,5.5755615
-404.99646,160.21269,5.5294466,5.558373
-404.30835,160.93825,5.519638,5.5649786
-403.61853,161.66219,5.509829,5.571584
-402.9269,162.38437,5.5000205,5.5781903
-402.23328,163.10464,5.490212,5.584796
-401.53754,163.82288,5.4804153,5.5913897
-400.83954,164.53891,5.470804,5.5977974
-400.1391,165.25256,5.4611926,5.604205
-399.43604,165.96364,5.4515815,5.6106124
-398.73016,166.67192,5.44197,5.61702
-398.02133,167.37721,5.433267,5.622278
-397.3093,168.07933,5.437273,5.611463
-396.594,168.77806,5.4412785,5.6006474
-395.87518,169.4732,5.4452844,5.5898323
-395.15277,170.1646,5.4492903,5.5790167
-394.42657,170.85202,5.4544783,5.5667086
-393.69644,171.53526,5.4745016,5.5356727
-392.96222,172.21413,5.494525,5.504637
-392.2238,172.88837,5.5145483,5.4736004
-391.48096,173.55777,5.5345716,5.4425645
-390.73358,174.22212,5.554609,5.411531
-389.98157,174.88118,5.57481,5.380529
-389.2248,175.53482,5.595011,5.3495274
-388.4633,176.18288,5.6152124,5.3185253
-387.6969,176.82523,5.6354136,5.2875237
-386.9257,177.4617,5.6472573,5.2654233
-386.1495,178.09216,5.5629044,5.3457785
-385.36844,178.7165,5.4785514,5.4261336
-384.58237,179.3346,5.3941984,5.506489
-383.79135,179.94629,5.3098454,5.586844
-382.99533,180.5515,5.227278,5.6656604
-382.1943,181.15007,5.166072,5.726066
-381.38828,181.74187,5.104866,5.7864723
-380.57724,182.32677,5.04366,5.846878
-379.76114,182.90462,4.9824543,5.907284
-378.94003,183.47528,4.9321275,5.9569817
-378.11386,184.03862,5.011059,5.879452
-377.2826,184.59444,5.08999,5.8019238
-376.44626,185.14256,5.1689215,5.7243943
-375.6048,185.6828,5.2478533,5.646865
-374.7582,186.21497,5.324987,5.571048
-373.90652,186.7389,5.382998,5.513438
-373.0498,187.25464,5.4410086,5.4558287
-372.18823,187.76215,5.499019,5.3982196
-371.32187,188.26146,5.5570297,5.3406105
-370.45084,188.7526,5.6120753,5.2861757
-369.57526,189.2356,5.64161,5.259052
-368.6953,189.71059,5.671145,5.231928
-367.81116,190.17767,5.70068,5.2048044
-366.92294,190.63701,5.7302146,5.1776805
-366.03082,191.0887,5.7509522,5.1599655
-365.13495,191.53288,5.7111883,5.2069592
-364.23544,191.96968,5.671425,5.2539525
-363.33243,192.3992,5.631661,5.300946
-362.42606,192.8216,5.591897,5.34794
-361.51645,193.23697,5.5526733,5.3939776
-360.60373,193.64543,5.5165715,5.4344916
-359.68802,194.04715,5.48047,5.4750056
-358.76944,194.44225,5.4443684,5.5155196
-357.84808,194.83086,5.408267,5.5560336
-356.92407,195.21313,5.375735,5.590453
-355.99753,195.5892,5.361719,5.593256
-355.06854,195.95921,5.347704,5.5960593
-354.13724,196.32329,5.3336883,5.598862
-353.20367,196.6816,5.3196726,5.6016655
-352.26797,197.03427,5.3056946,5.6044345
-351.33023,197.38144,5.2919025,5.607033
-350.3905,197.72327,5.27811,5.6096315
-349.4489,198.0599,5.264318,5.61223
-348.50552,198.39148,5.250526,5.6148286
-347.56046,198.71814,5.2408037,5.615393
-346.6137,199.04004,5.251783,5.6056113
-345.66544,199.35732,5.2627625,5.59583
-344.71567,199.67012,5.2737417,5.586048
-343.76447,199.97859,5.284721,5.576267
-342.81192,200.28287,5.294803,5.5678453
-341.85812,200.58311,5.29999,5.566848
-340.90308,200.87947,5.305177,5.5658507
-339.9469,201.17209,5.3103642,5.564853
-338.98962,201.46112,5.3155513,5.5638556
-338.0313,201.74672,5.3167057,5.5676293
-337.07205,202.02902,5.2935567,5.6001573
-336.11185,202.30815,5.2704077,5.6326857
-335.15076,202.58424,5.2472587,5.665214
-334.18884,202.85744,5.2241096,5.697742
-333.22614,203.12782,5.2067795,5.722722
-332.26266,203.39555,5.2279515,5.697755
-331.2985,203.66068,5.249124,5.6727877
-330.33365,203.92325,5.270296,5.6478205
-329.3681,204.18336,5.291468,5.6228533
-328.40192,204.44109,5.314636,5.595317
-327.43512,204.69646,5.3518124,5.549746
-326.46774,204.94957,5.3889885,5.504175
-325.4998,205.20052,5.4261646,5.4586043
-324.53128,205.44936,5.4633408,5.413034
-323.56226,205.69617,5.4966073,5.3722224
-322.59274,205.94102,5.5016065,5.3658237
-321.62277,206.18402,5.506605,5.359425
-320.65234,206.42522,5.5116043,5.3530264
-319.6815,206.66469,5.5166035,5.3466277
-318.7102,206.90253,5.5209517,5.3410482
-317.73856,207.1388,5.5205517,5.3414483
-316.76657,207.37357,5.5201516,5.3418484
-315.79422,207.60693,5.5197515,5.3422484
-314.82156,207.83896,5.519352,5.3426485
-313.8486,208.06973,5.518952,5.3430243
-312.87534,208.29933,5.518552,5.343224
-311.90186,208.52783,5.5181518,5.3434243
-310.9281,208.7553,5.5177517,5.343624
-309.95413,208.98183,5.5173516,5.3438244
-308.97998,209.20749,5.5169516,5.3440485
-308.00565,209.43236,5.516551,5.3444486
-307.03113,209.65651,5.516151,5.3448486
-306.0565,209.88004,5.515751,5.345249
-305.0817,210.10301,5.515351,5.3456492
-304.1068,210.3255,5.5149508,5.3460493
-303.1318,210.54758,5.5145507,5.3464494
-302.15677,210.76935,5.5141506,5.3468494
-301.18164,210.99088,5.5137506,5.3472495
-300.2065,211.21225,5.5133505,5.3476496
-299.23135,211.43356,5.5129504,5.348025
-298.2562,211.65488,5.5125504,5.3482246
-297.28104,211.87627,5.5121503,5.348425
-296.30594,212.09778,5.51175,5.3486247
-295.33087,212.31946,5.51135,5.348825
-294.35583,212.54138,5.51095,5.3490496
-293.3809,212.76358,5.51055,5.3494496
-292.40598,212.98605,5.5101504,5.3498497
-291.43115,213.20877,5.5097504,5.35025
-290.45636,213.43175,5.5093503,5.35065
-289.48163,213.65494,5.508975,5.35105
-288.50696,213.87837,5.508775,5.35145
-287.53235,214.10202,5.508575,5.3518496
-286.55777,214.32588,5.508375,5.3522496
-285.58322,214.54997,5.5081754,5.3526497
-284.60876,214.77428,5.5079503,5.353025
-283.63434,214.9988,5.5075502,5.3532248
-282.65994,215.22351,5.5071507,5.3534245
-281.6856,215.44844,5.5067506,5.353625
-280.71133,215.67358,5.5063505,5.3538246
-279.7371,215.89891,5.505951,5.354049
-278.7629,216.12445,5.505551,5.3544493
-277.78876,216.35016,5.505151,5.3548493
-276.81467,216.57607,5.504751,5.355249
-275.84058,216.80215,5.504351,5.355649
-274.86658,217.02843,5.503951,5.3560243
-273.89258,217.25487,5.5035515,5.3562245
-272.91864,217.48149,5.5031514,5.3564243
-271.94476,217.70827,5.502752,5.356624
-270.9709,217.93523,5.5023518,5.356824
-269.99707,218.16234,5.5019517,5.357048
-269.0233,218.3896,5.501552,5.357448
-268.04953,218.61703,5.501152,5.3578477
-267.0758,218.8446,5.5007524,5.3582478
-266.1021,219.07233,5.5003524,5.3586473
-265.12848,219.30019,5.499953,5.3590474
-264.15485,219.5282,5.4995527,5.359447
-263.18127,219.75635,5.499153,5.359847
-262.20773,219.98462,5.498753,5.3602467
-261.2342,220.21301,5.4983535,5.3606467
-260.2607,220.44154,5.4979534,5.361023
-259.28723,220.6702,5.497554,5.361223
-258.3138,220.89897,5.497154,5.361423
-257.3404,221.12785,5.496754,5.361623
-256.367,221.35684,5.4963546,5.3618226
-255.39365,221.58594,5.4959545,5.3620453
-254.42032,221.81514,5.495555,5.362445
-253.447,222.04445,5.4951553,5.362845
-252.47372,222.27385,5.4947553,5.3632445
-251.50046,222.50334,5.4943557,5.3636446
-250.5272,222.73291,5.4939556,5.364044
-249.55399,222.96259,5.493556,5.364444
-248.58078,223.19234,5.4931564,5.364844
-247.60759,223.42215,5.4927564,5.3652434
-246.63441,223.65205,5.492357,5.365643
-245.66125,223.88203,5.491957,5.3660216
-244.68813,224.11206,5.491557,5.3662214
-243.715,224.34216,5.4911575,5.366421
-242.7419,224.57233,5.490758,5.366621
-241.7688,224.80255,5.490358,5.366821
-240.79572,225.03282,5.4899583,5.3670416
-239.82265,225.26314,5.4895587,5.3674417
-238.84958,225.4935,5.4891586,5.3678412
-237.87653,225.7239,5.488759,5.368241
-236.90349,225.95435,5.4883595,5.368641
-235.93047,226.18483,5.4879594,5.3690205
-234.95743,226.41534,5.48756,5.3692203
-233.9844,226.64587,5.48716,5.36942
-233.0114,226.87643,5.48676,5.36962
-232.03839,227.10701,5.4863605,5.3698196
-231.06538,227.33762,5.485961,5.370039
-230.09238,227.56822,5.485561,5.370439
-229.11938,227.79884,5.4851613,5.3708386
-228.14638,228.02946,5.4847617,5.371238
-227.17339,228.26009,5.4843616,5.3716383
-226.20038,228.49072,5.483962,5.372038
-225.22739,228.72134,5.4835625,5.3724375
-224.25438,228.95195,5.4831624,5.3728375
-223.28137,229.18254,5.482763,5.373237
-222.30836,229.41313,5.482363,5.3736367
-221.33536,229.64369,5.481963,5.374018
-220.36234,229.87422,5.4815636,5.374218
-219.38931,230.10474,5.481164,5.3744183
-218.41628,230.33522,5.480764,5.374618
-217.44324,230.56566,5.4803643,5.374818
-216.47018,230.79608,5.4799647,5.3750353
-215.49713,231.02646,5.4795647,5.3754354
-214.52406,231.25679,5.479165,5.375835
-213.551,231.4871,5.4787655,5.3762345
-212.57791,231.71738,5.4783654,5.3766346
-211.60481,231.94762,5.477966,5.377017
-210.63171,232.17783,5.477566,5.377217
-209.65862,232.40799,5.477166,5.377417
-208.6855,232.63814,5.4767666,5.377617
-207.71239,232.86824,5.4763665,5.3778167
-206.73926,233.09833,5.475967,5.378033
-205.76611,233.32837,5.475567,5.3784328
-204.79297,233.55838,5.4751673,5.378833
-203.81982,233.78836,5.4747677,5.3792324
-202.84666,234.01833,5.4743676,5.3796325
-201.8735,234.24825,5.473968,5.380032
-200.90033,234.47813,5.473568,5.3804317
-199.92715,234.708,5.4731684,5.3808317
-198.95396,234.93784,5.4727683,5.3812313
-197.98077,235.16763,5.4723687,5.3816314
-197.00757,235.39742,5.471969,5.3820157
-196.03436,235.62715,5.471569,5.3822155
-195.06116,235.85687,5.4711695,5.3824153
-194.08794,236.08656,5.4707694,5.382615
-193.1147,236.31624,5.47037,5.3828154
-192.14148,236.54587,5.4699697,5.38303
-191.16823,236.77548,5.46957,5.38343
-190.19499,237.00507,5.46917,5.3838296
-189.22174,237.23462,5.4687705,5.3842297
-188.24847,237.46416,5.4683704,5.3846292
-187.27522,237.69366,5.467971,5.3850293
-186.30196,237.92314,5.467571,5.385429
-185.32867,238.1526,5.467171,5.385829
-184.3554,238.38203,5.466771,5.3862286
-183.38211,238.61143,5.4663715,5.3866286
-182.40881,238.84082,5.465972,5.387014
-181.43552,239.07019,5.465572,5.387214
-180.46222,239.29953,5.4651723,5.387414
-179.4889,239.52884,5.464772,5.387614
-178.5156,239.75813,5.4643726,5.3878136
-177.54228,239.98741,5.4639726,5.388027
-176.56895,240.21666,5.463573,5.3884273
-175.59563,240.44589,5.463173,5.3888273
-174.62228,240.6751,5.462773,5.389227
-173.64896,240.90428,5.4623733,5.389627
-172.67561,241.13345,5.461973,5.390013
-171.70226,241.3626,5.4615736,5.390213
-170.72891,241.59172,5.4611735,5.3904133
-169.75555,241.82083,5.460774,5.390613
-168.7822,242.04991,5.460374,5.390813
-167.80882,242.27899,5.4599743,5.391026
-166.83545,242.50804,5.459574,5.3914256
-165.86208,242.73708,5.4591746,5.3918257
-164.8887,242.96608,5.4587746,5.3922253
-163.91531,243.19508,5.458375,5.3926253
-162.94193,243.42406,5.457975,5.393025
-161.96854,243.65303,5.4575753,5.393425
-160.99515,243.88197,5.4571753,5.3938246
-160.02174,244.1109,5.4567757,5.3942246
-159.04834,244.33981,5.4563756,5.394624
-158.07494,244.56873,5.455988,5.395012
-157.10153,244.7976,5.455788,5.395212
-156.12811,245.02647,5.455588,5.395412
-155.1547,245.25533,5.455388,5.395612
-154.18127,245.48418,5.4551883,5.395812
-153.20786,245.713,5.4549766,5.3960233
-152.23442,245.94182,5.4545765,5.3964233
-151.261,246.17061,5.454177,5.3968234
-150.28757,246.3994,5.453777,5.397223
-149.31413,246.62817,5.4533772,5.397623
-148.3407,246.85693,5.452977,5.3980227
-147.36725,247.0857,5.4525776,5.3984227
-146.39381,247.31444,5.4521775,5.3988223
-145.42036,247.54317,5.451778,5.3992224
-144.44691,247.77188,5.451378,5.399622
-143.47346,248.00058,5.450978,5.400011
-142.50002,248.22928,5.450578,5.400211
-141.52655,248.45798,5.450178,5.4004107
-140.5531,248.68665,5.4497786,5.400611
-139.57964,248.91531,5.4493785,5.4008107
-138.60617,249.14398,5.448968,5.4010105
-137.6327,249.37263,5.448368,5.401211
-136.65924,249.60127,5.4477687,5.4014106
-135.68578,249.82991,5.447169,5.4016104
-134.71231,250.05853,5.446569,5.40181
-133.73883,250.28716,5.4457326,5.4018664
-132.76537,250.51578,5.4405346,5.399267
-131.79189,250.74438,5.4353366,5.3966684
-130.8184,250.97298,5.4301386,5.394069
-129.84492,251.20158,5.4249406,5.39147
-128.87144,251.43016,5.4197326,5.388861
-127.89797,251.65875,5.4143343,5.386062
-126.92449,251.88733,5.4089365,5.383263
-125.95101,252.1159,5.403538,5.380464
-124.97752,252.34448,5.3981404,5.3776655
-124.00404,252.57304,5.3927517,5.3748665
-123.030556,252.8016,5.3875537,5.3720675
-122.05707,253.03017,5.3823557,5.3692684
-121.08358,253.25873,5.3771577,5.3664694
-120.1101,253.48727,5.3719597,5.3636703
-119.13661,253.71584,5.366752,5.3608713
-118.163124,253.94438,5.3613544,5.3580728
-117.18963,254.17293,5.355956,5.3552737
-116.21614,254.40147,5.3505583,5.3524747
-115.24265,254.63004,5.3451605,5.3496757
-114.269165,254.85858,5.3397713,5.3468766
-113.29568,255.08713,5.3345733,5.344078
-112.32219,255.31567,5.3293753,5.341279
-111.3487,255.54422,5.3241773,5.33848
-110.375206,255.77277,5.3189793,5.335681
-109.40172,256.0013,5.3138065,5.332899
-108.42823,256.22986,5.3092084,5.3305
-107.45474,256.4584,5.3046103,5.3281007
-106.481255,256.68695,5.3000116,5.3257017
-105.507774,256.91553,5.2954135,5.3233027
-104.53429,257.14407,5.291016,5.32104
-103.5608,257.37265,5.2914157,5.3220396
-102.58731,257.6012,5.2918158,5.3230395
-101.61383,257.82977,5.2922153,5.324039
-100.64035,258.05835,5.2926154,5.3250384
-99.66686,258.28693,5.293015,5.326038
-98.69338,258.5155,5.293415,5.327038
-97.71991,258.7441,5.293815,5.3280373
-96.74643,258.9727,5.2942147,5.3290367
-95.77295,259.2013,5.294615,5.3300366
-94.79948,259.4299,5.2950144,5.331036
-93.826004,259.6585,5.2954144,5.3320355
-92.85253,259.88712,5.295814,5.333035
-91.87906,260.11575,5.296214,5.334035
-90.90559,260.3444,5.2966137,5.3350344
-89.93212,260.57303,5.2970138,5.336027
-88.95866,260.80167,5.2974133,5.336827
-87.98519,261.0303,5.2978134,5.3376265
-87.011734,261.25897,5.298213,5.338426
-86.03827,261.48767,5.2986126,5.339226
-85.06482,261.71634,5.2990127,5.3400316
-84.09136,261.94504,5.2994123,5.341031
-83.11791,262.17374,5.2998123,5.3420305
-82.144455,262.40244,5.300212,5.3430305
-81.17101,262.63116,5.300612,5.34403
-80.19756,262.8599,5.3010116,5.3450294
-79.22412,263.08865,5.3014116,5.346029
-78.25069,263.3174,5.301811,5.3470283
-77.277245,263.54617,5.3022113,5.3480277
-76.30381,263.77496,5.302611,5.349027
-75.33038,264.00375,5.303011,5.350027
-74.35696,264.23254,5.3034105,5.3510265
-73.38353,264.46136,5.30381,5.352026
-72.41011,264.69022,5.30421,5.3530254
-71.43669,264.91907,5.30461,5.354025
-70.46328,265.14792,5.30501,5.3550196
-69.48987,265.3768,5.3054094,5.355819
-68.51646,265.60568,5.3058095,5.356619
-67.54305,265.8346,5.306209,5.357418
-66.56965,266.06354,5.3066087,5.3582177
-65.59625,266.29245,5.3070087,5.3590217
-64.62286,266.52142,5.3074083,5.360021
-63.649475,266.7504,5.3078084,5.3610206
-62.676086,266.97937,5.308208,5.36202
-61.702705,267.20837,5.3086076,5.3630195
-60.72933,267.4374,5.3090076,5.364019
-59.755955,267.66644,5.309407,5.3650184
-58.782585,267.8955,5.3098073,5.366018
-57.80922,268.12457,5.310207,5.3670173
-56.835857,268.35367,5.3106065,5.3680167
-55.8625,268.58276,5.31101,5.369016
-54.889145,268.81186,5.3116093,5.3700156
-53.91579,269.041,5.312209,5.371015
-52.94244,269.27014,5.3128085,5.3720145
-51.969093,269.49927,5.3134084,5.3730135
-50.99575,269.72845,5.3140054,5.3740106
-50.022408,269.9576,5.314405,5.37481
-49.04907,270.1868,5.3148046,5.3756094
-48.075733,270.416,5.3152046,5.376409
-47.102398,270.6452,5.315604,5.3772087
-46.129063,270.87442,5.3160043,5.3780103
-45.155735,271.10364,5.316404,5.3790097
-44.182404,271.33286,5.3168035,5.380009
-43.209076,271.5621,5.3172035,5.381008
-42.235752,271.79132,5.317603,5.3820076
-41.26243,272.02057,5.3180027,5.383007
-40.289104,272.24982,5.318403,5.3840065
-39.31578,272.4791,5.3188024,5.385006
-38.34246,272.70834,5.319202,5.3860054
-37.36914,272.93762,5.319602,5.387005
-36.39582,273.16687,5.3200016,5.3880043
-35.422504,273.39615,5.3204017,5.3890038
-34.449184,273.62543,5.3208013,5.390003
-33.47587,273.8547,5.321201,5.3910027
-32.502552,274.08398,5.321601,5.392002
-31.529234,274.31326,5.3220005,5.393001
-30.555916,274.54254,5.3224,5.3938007
-29.5826,274.77182,5.3228,5.3946004
-28.609282,275.0011,5.3231997,5.3953996
-27.635963,275.23035,5.3236,5.396199
-26.662645,275.45963,5.3239994,5.396999
-25.689325,275.6889,5.324399,5.397998
-24.716005,275.91815,5.324799,5.3989973
-23.742685,276.14743,5.3251987,5.3999968
-22.769363,276.37668,5.3255987,5.400996
-21.79604,276.60593,5.3259983,5.401996
-20.822716,276.83517,5.3263984,5.4029956
-19.84939,277.06442,5.326798,5.403995
-18.876062,277.29367,5.3271976,5.4049945
-17.902735,277.5229,5.3275976,5.405994
-16.929403,277.7521,5.327997,5.4069934
-15.956071,277.98132,5.3283973,5.407993
-14.982737,278.2105,5.328797,5.408993
-14.009399,278.43973,5.329197,5.409992
-13.03606,278.6689,5.3295965,5.4109917
-12.062718,278.89807,5.3299966,5.411991
-11.089375,279.12723,5.330396,5.4127927
-10.116028,279.35638,5.3307962,5.4135923
-9.142678,279.58554,5.331196,5.414392
-8.169325,279.81467,5.331596,5.4151917
-7.1959696,280.04376,5.3319955,5.4159913
-6.222611,280.27286,5.3323956,5.416989
-5.2492485,280.50195,5.3327956,5.417989
-4.2758827,280.73102,5.333195,5.418988
-3.3025134,280.96008,5.3335953,5.419988
-2.3291404,281.18912,5.333995,5.4209876
-1.3557636,281.41815,5.334395,5.4219875
-0.38238266,281.64716,5.334795,5.422987
0.59100235,281.87613,5.3351946,5.423987
1.5643916,282.1051,5.3355947,5.4249864
2.5377853,282.33408,5.3359947,5.4259863
3.5111833,282.563,5.3363943,5.426986
4.4845862,282.7919,5.3367944,5.427986
5.4579935,283.0208,5.3371944,5.4289856
6.431406,283.2497,5.337594,5.4299855
7.4048233,283.47855,5.337994,5.4309855
8.378245,283.70737,5.338591,5.4317884
9.351673,283.93616,5.339191,5.432588
10.325107,284.16495,5.339791,5.433388
11.298545,284.3937,5.340391,5.434188
12.27199,284.62244,5.340991,5.434988
13.24544,284.85117,5.341394,5.4359846
14.218896,285.07986,5.341794,5.436985
15.192358,285.3085,5.342194,5.437985
16.165827,285.53714,5.3425937,5.438985
17.1393,285.76575,5.3429937,5.439985
18.112782,285.99432,5.343394,5.4409847
19.08627,286.22287,5.343794,5.4419847
20.059769,286.4514,5.344194,5.442985
21.03328,286.67984,5.344594,5.443985
22.006804,286.90823,5.344994,5.444985
22.980343,287.13657,5.345394,5.4459853
23.953901,287.36484,5.345794,5.4469852
24.927477,287.593,5.3461943,5.447985
25.901075,287.82108,5.3465943,5.448985
26.874697,288.04907,5.346994,5.4499855
27.848343,288.27695,5.347394,5.450788
28.822016,288.5047,5.347794,5.451588
29.79572,288.73233,5.348194,5.4523883
30.769451,288.95984,5.348594,5.453188
31.743217,289.1872,5.348994,5.453988
32.71702,289.41443,5.349394,5.4549847
33.690853,289.64148,5.349794,5.4559846
34.66473,289.86838,5.3501935,5.456984
35.638645,290.0951,5.3505936,5.457984
36.612602,290.32166,5.350993,5.4589834
37.5866,290.548,5.351393,5.459983
38.560646,290.77417,5.351793,5.4609823
39.53474,291.00012,5.3521924,5.461982
40.508884,291.22586,5.3525925,5.4629807
41.483078,291.4514,5.352992,5.46398
42.45733,291.67667,5.3533916,5.464979
43.43163,291.90173,5.353791,5.465978
44.405987,292.12653,5.354191,5.466977
45.380405,292.3511,5.3545904,5.4679756
46.354885,292.57538,5.35499,5.4689746
47.329426,292.7994,5.372126,5.465497
48.304028,293.02313,5.3896966,5.461903
49.278698,293.2466,5.4072676,5.458309
50.253433,293.4698,5.424838,5.454715
51.228237,293.69266,5.4424086,5.451121
52.20311,293.91522,5.486961,5.440781
53.178055,294.13748,5.532453,5.430206
54.153072,294.3594,5.5779457,5.419631
55.128174,294.58096,5.623438,5.409056
56.103355,294.8022,5.6689305,5.398481
57.078613,295.02307,5.665289,5.399904
58.053883,295.2439,5.6593056,5.401898
59.029095,295.46497,5.6533227,5.4038925
60.004166,295.68668,5.6473393,5.4058867
60.979023,295.9093,5.641356,5.4078813
61.953587,296.13324,5.6342382,5.410066
62.927776,296.35876,5.6270485,5.412263
63.901512,296.58627,5.6198583,5.4144597
64.8747,296.81607,5.6126685,5.416657
65.84727,297.04852,5.605479,5.4188538
66.819115,297.28397,5.5982656,5.4210577
67.79014,297.52277,5.591051,5.423262
68.76023,297.7653,5.583836,5.4254665
69.7293,298.01193,5.576621,5.4276714
70.69721,298.26303,5.569406,5.429876
71.66386,298.51898,5.5621557,5.432091
72.62913,298.78006,5.554903,5.4343076
73.59291,299.0466,5.547651,5.4365234
74.55509,299.31885,5.540398,5.4387393
75.51554,299.5971,5.5331464,5.440955
76.47402,299.88214,5.56772,5.392789
77.429665,300.17648,5.603156,5.343583
78.38141,300.48322,5.638594,5.294375
79.32805,300.80536,5.67403,5.24517
80.268234,301.1458,5.70724,5.197711
81.20051,301.50742,5.6887364,5.1906714
82.12333,301.89246,5.6702356,5.1836333
83.03499,302.3032,5.651731,5.1765933
83.93356,302.74182,5.63322,5.1695514
84.81689,303.21042,5.610674,5.170106
85.68298,303.71008,5.5344977,5.2717395
86.53119,304.2396,5.458346,5.3733406
87.36122,304.79715,5.382221,5.474905
88.17292,305.3811,5.306117,5.576443
88.96618,305.98984,5.230016,5.6779757
89.74088,306.62207,5.2271876,5.685565
90.496376,307.2771,5.227383,5.689278
91.23188,307.9545,5.2275786,5.692992
91.94659,308.6538,5.227774,5.696707
92.63968,309.37454,5.2279696,5.7004213
93.3104,310.11615,5.275063,5.638249
93.95837,310.87772,5.33081,5.5639195
94.58333,311.65826,5.386554,5.4895954
95.18509,312.45685,5.4422965,5.4152713
95.76344,313.27255,5.4980445,5.340941
96.31831,314.1044,5.5001454,5.297025
96.85011,314.95117,5.49583,5.256746
97.359505,315.81165,5.491514,5.216467
97.847206,316.68457,5.487199,5.1761894
98.313965,317.56888,5.484064,5.135781
98.76061,318.46353,5.5233355,5.090782
99.18813,319.36746,5.562609,5.0457807
99.597595,320.27972,5.601883,5.00078
99.99012,321.1994,5.6411557,4.95578
100.36684,322.12567,5.669801,4.926897
100.728905,323.05777,5.6321993,4.9984813
101.07748,323.995,5.5945954,5.0700693
101.41375,324.9367,5.556992,5.1416574
101.73892,325.88232,5.519388,5.213245
102.054214,326.83127,5.4812846,5.2785745
102.360954,327.78302,5.440661,5.312296
102.660706,328.737,5.4000363,5.3460183
102.9551,329.69263,5.3594117,5.3797407
103.245766,330.6494,5.3187885,5.413462
103.534325,331.6068,5.278212,5.44716
103.82241,332.5644,5.238086,5.480631
104.11159,333.5216,5.1979594,5.5141025
104.4034,334.47806,5.1578317,5.5475745
104.6994,335.4332,5.117704,5.581047
105.00113,336.38654,5.077577,5.6145186
105.31015,337.33752,5.0626163,5.62744
105.628105,338.28558,5.048023,5.6400614
105.95665,339.23004,5.0334296,5.6526823
106.297424,340.17014,5.0188375,5.6653028
106.65204,341.10507,5.0042467,5.677922
107.02211,342.03403,5.048129,5.6402917
107.4094,342.95593,5.097472,5.597969
107.81572,343.8696,5.1468205,5.5556417
108.242836,344.7737,5.1961765,5.513308
108.69244,345.66687,5.245536,5.470971
109.165855,346.5476,5.279316,5.383684
109.66286,347.41528,5.3119144,5.293019
110.18277,348.2694,5.344509,5.2023654
110.72494,349.10962,5.377102,5.1117167
111.288734,349.93542,5.4067907,5.0228167
111.873505,350.74655,5.3033032,5.014227
112.478424,351.54276,5.1998086,5.005636
113.10266,352.3239,5.0963125,4.9970455
113.74541,353.0899,4.9928155,4.9884553
114.40587,353.84067,4.894901,4.9748654
115.083275,354.5762,4.833644,4.9284644
115.77683,355.2965,4.772386,4.8820634
116.48579,356.00168,4.7111297,4.835663
117.20938,356.69183,4.6498733,4.789263
117.94691,357.36707,4.6200557,4.7671366
118.69768,358.02753,4.7026925,4.831835
119.46101,358.67346,4.7853312,4.896535
120.236275,359.305,4.867969,4.961234
121.02283,359.92242,4.9506063,5.0259333
121.82008,360.52597,5.029894,5.0862026
122.62747,361.1159,5.099496,5.133668
123.444466,361.69247,5.1690993,5.1811337
124.27056,362.25592,5.2387023,5.2285995
125.105255,362.80652,5.3083053,5.276065
125.9481,363.34457,5.3780046,5.335826
126.798645,363.8704,5.4480042,5.433904
127.65649,364.38422,5.5180044,5.5319834
128.52126,364.8863,5.588004,5.6300626
129.39256,365.37692,5.6580043,5.7281413
130.27007,365.85638,5.705928,5.8074145
131.15343,366.32498,5.657096,5.804264
132.04234,366.78293,5.6082635,5.8011136
132.93654,367.2305,5.5594306,5.797963
133.83572,367.66797,5.510598,5.7948127
134.73964,368.09558,5.459578,5.7898006
135.64803,368.51358,5.390338,5.769285
136.56067,368.9222,5.321097,5.7487693
137.47736,369.32172,5.2518563,5.728254
138.39787,369.7123,5.1826158,5.707738
139.32202,370.0942,5.114094,5.686938
140.24963,370.46762,5.0638156,5.658917
141.18054,370.83276,5.0135365,5.630896
142.11461,371.18973,4.963258,5.6028748
143.0517,371.53867,4.9129786,5.574854
143.99168,371.8798,4.8634243,5.5466523
144.93442,372.2132,4.934412,5.4884624
145.87976,372.5391,5.005399,5.4302726
146.82762,372.8577,5.076387,5.3720827
147.77783,373.16913,5.1473746,5.313893
148.7303,373.47363,5.218085,5.2559896
149.68489,373.7714,5.2347436,5.2539825
150.64151,374.0626,5.251402,5.2519755
151.60002,374.34747,5.2680607,5.2499685
152.56033,374.62625,5.284719,5.2479615
153.52234,374.8991,5.300845,5.2456856
154.48595,375.16626,5.2940087,5.231812
155.45105,375.42798,5.287173,5.2179384
156.41756,375.68445,5.2803364,5.204065
157.38538,375.9359,5.2735,5.1901913
158.35443,376.1826,5.2642803,5.175141
159.32463,376.4247,5.2089643,5.137325
160.2959,376.66254,5.1536484,5.099509
161.26814,376.89627,5.0983324,5.0616927
162.24132,377.1262,5.0430164,5.0238767
163.21533,377.35248,4.987718,4.9860463
164.19012,377.5754,4.932633,4.9480495
165.16562,377.79523,4.8775477,4.910053
166.14177,378.01215,4.822462,4.872056
167.1185,378.2264,4.767377,4.8340592
168.09575,378.4383,4.7122774,4.7960877
169.07347,378.64798,4.6570563,4.7583365
170.05159,378.85577,4.601835,4.7205853
171.03008,379.0619,4.546613,4.6828337
172.00887,379.26657,4.491392,4.6450825
172.9879,379.47006,4.4361815,4.6073136
173.96713,379.6726,4.3810487,4.5694227
174.9465,379.87445,4.325916,4.5315313
175.92598,380.0758,4.270783,4.49364
176.9055,380.27695,4.21565,4.4557486
177.88503,380.47806,4.160531,4.417894
178.8645,380.67938,4.1054983,4.3802714
179.84395,380.8809,4.0504656,4.342649
180.82335,381.08258,3.9954329,4.3050265
181.80272,381.28442,3.9404001,4.2674046
182.78207,381.4864,3.885379,4.2297626
183.7614,381.68848,3.8304307,4.191998
184.7407,381.89063,3.7754824,4.1542335
185.72,382.09286,3.720534,4.116469
186.69928,382.29514,3.6655858,4.0787044
187.67856,382.49747,3.6181872,4.0445023
188.65784,382.6998,3.6195843,4.0333257
189.63712,382.90213,3.6209815,4.022149
190.6164,383.10443,3.6223786,4.010972
191.59567,383.30667,3.6237755,3.9997952
192.57498,383.50885,3.627909,3.989926
193.5543,383.71097,3.6514428,3.9893277
194.53365,383.91296,3.6749763,3.9887295
195.51302,384.11484,3.6985102,3.988131
196.4924,384.3166,3.722044,3.9875329
197.47183,384.51816,3.7455988,3.9869344
198.4513,384.71957,3.769324,3.9863365
199.4308,384.92075,3.793049,3.9857383
200.41035,385.12173,3.8167744,3.98514
201.38997,385.32248,3.8404996,3.9845421
202.36961,385.52295,3.864225,3.983944
203.34932,385.72314,3.8879516,3.9833457
204.3291,385.92307,3.9116783,3.9827476
205.30893,386.12265,3.9354048,3.9821494
206.28883,386.3219,3.9591315,3.9815514
207.26881,386.5208,3.9828434,3.9809375
208.24887,386.71933,4.006381,3.9801397
209.229,386.91748,4.029919,3.9793417
210.20921,387.11517,4.053457,3.9785438
211.18951,387.31247,4.076995,3.977746
212.1699,387.5093,4.100547,3.976961
213.15039,387.70566,4.1243043,3.976362
214.13098,387.90152,4.1480618,3.975763
215.11168,388.0969,4.171819,3.9751642
216.09247,388.29172,4.1955767,3.9745653
217.07336,388.48596,4.2191224,3.9744601
218.05438,388.6797,4.239109,3.9826546
219.0355,388.8729,4.259095,3.990849
220.01671,389.0656,4.279082,3.9990435
220.998,389.2579,4.2990685,4.007238
221.97937,389.44986,4.3188868,4.015866
222.9608,389.64145,4.3356915,4.03227
223.94228,389.8328,4.3524957,4.0486746
224.92381,390.02386,4.3693,4.0650787
225.90536,390.21478,4.3861046,4.081483
226.88696,390.40558,4.402899,4.097877
227.86856,390.59628,4.4195137,4.114092
228.85017,390.78693,4.436129,4.1303067
229.83179,390.9776,4.452744,4.1465216
230.81339,391.16833,4.4693594,4.1627364
231.79497,391.35916,4.4859867,4.178963
232.7765,391.55017,4.502808,4.195384
233.75803,391.74136,4.5196295,4.211805
234.73947,391.9328,4.536451,4.228226
235.72087,392.12457,4.5532727,4.244647
236.70221,392.31668,4.570081,4.261055
237.68346,392.50916,4.586704,4.277277
238.66463,392.70212,4.6033263,4.293499
239.64569,392.89557,4.619949,4.3097215
240.62666,393.08954,4.6365714,4.3259435
241.6075,393.28412,4.6532083,4.3421793
242.58823,393.4793,4.6700273,4.358598
243.5688,393.6752,4.6868467,4.375017
244.54924,393.87186,4.703666,4.3914356
245.52951,394.06927,4.720485,4.4078546
246.50961,394.26752,4.7372885,4.4242573
247.48955,394.46667,4.7538986,4.4404674
248.46928,394.66672,4.7705092,4.4566774
249.44882,394.86777,4.7871194,4.4728875
250.42816,395.0698,4.8037295,4.4890976
251.40727,395.2729,4.820355,4.505323
252.38615,395.47708,4.8371515,4.5217195
253.3648,395.68243,4.8539476,4.5381155
254.34319,395.889,4.870744,4.554512
255.3213,396.0969,4.8875403,4.5709085
256.2991,396.30618,4.9043193,4.5872874
257.2766,396.51685,4.9208965,4.6034656
258.25385,396.72888,4.937474,4.619643
259.2308,396.94214,4.9540515,4.6358213
260.20752,397.1565,4.9706287,4.651999
261.184,397.37186,4.9872193,4.6681905
262.1603,397.58807,5.003981,4.6845527
263.13644,397.805,5.0207424,4.7009153
264.1125,398.02237,5.037504,4.7172775
265.08847,398.24,5.0542655,4.73364
266.06445,398.45767,5.071015,4.74999
267.04047,398.67514,5.087572,4.7661486
268.01657,398.89224,5.1041293,4.782307
268.9928,399.10883,5.120687,4.7984653
269.9692,399.32462,5.137244,4.814624
270.9458,399.5395,5.1538115,4.830792
271.92264,399.75327,5.170574,4.847156
272.89978,399.96567,5.1873374,4.8635197
273.87723,400.1766,5.2041,4.879884
274.85507,400.3858,5.2208633,4.8962474
275.83328,400.5931,5.2375817,4.9127607
276.81198,400.7983,5.253162,4.9331346
277.79114,401.0012,5.2687416,4.9535084
278.7708,401.20157,5.2843213,4.9738817
279.75104,401.39923,5.299901,4.9942555
280.73184,401.59396,5.3152533,5.0154757
281.71326,401.78558,5.3234534,5.063277
282.69534,401.97388,5.3316536,5.111078
283.67807,402.1587,5.339854,5.158879
284.66147,402.33987,5.348054,5.2066793
285.64557,402.51718,5.356124,5.254569
286.6304,402.6905,5.36013,5.3052444
287.616,402.85947,5.3641357,5.35592
288.60236,403.0238,5.368142,5.406595
289.5895,403.1832,5.372148,5.45727
290.5775,403.33737,5.3750687,5.508617
291.56635,403.48605,5.3508015,5.576806
292.55597,403.62936,5.3265343,5.6449947
293.54636,403.7675,5.302267,5.713184
294.5374,403.90057,5.277999,5.7813754
295.5291,404.02878,5.254905,5.8474407
296.52148,404.15176,5.2530975,5.8749614
297.51474,404.26733,5.2512894,5.902482
298.5091,404.37296,5.2494817,5.930001
299.5047,404.46606,5.2476745,5.957512
300.5016,404.54413,5.250276,5.9793873
301.49973,404.60403,5.3088,5.929945
302.499,404.64096,5.3673234,5.8805027
303.49887,404.6497,5.425875,5.8310366
304.49847,404.6249,5.484457,5.7815447
305.49634,404.56134,5.5453453,5.72892
306.49057,404.45517,5.6230407,5.6534266
307.47934,404.3065,5.700686,5.577983
308.4609,404.11603,5.778297,5.502572
309.43362,403.88443,5.8558946,5.4271746
310.39575,403.61227,5.9156423,5.367498
311.34576,403.30038,5.8473525,5.42059
312.28226,402.95004,5.7790513,5.4736915
313.20407,402.56268,5.7107444,5.526797
314.1101,402.13968,5.64243,5.5799084
314.9993,401.68237,5.5739617,5.6362348
315.8709,401.19235,5.5031924,5.745496
316.72485,400.67218,5.4324217,5.8547597
317.56152,400.1246,5.361658,5.9640126
318.38135,399.55212,5.2908936,6.0732665
319.1851,398.95724,5.2308354,6.1723757
319.97397,398.34283,5.315275,6.1343975
320.75113,397.71362,5.399731,6.0964127
321.52023,397.07455,5.4841814,6.05843
322.28513,396.43045,5.568624,6.0204515
323.04977,395.78607,5.653394,5.9812307
323.8171,395.1449,5.7405796,5.932839
324.5873,394.50717,5.8277707,5.8844438
325.36008,393.87253,5.9149637,5.8360476
326.135,393.24057,6.002154,5.787653
326.91183,392.61093,6.0850277,5.744482
327.6897,391.98254,6.135853,5.740114
328.4664,391.35275,6.186678,5.7357464
329.23944,390.71848,6.237507,5.7313786
330.0063,390.07672,6.288338,5.72701
330.7643,389.4246,6.332176,5.7315035
331.51123,388.75974,6.2977343,5.8352275
332.24597,388.08148,6.263297,5.938937
332.96768,387.38937,6.2288613,6.0426435
333.6755,386.68307,6.194424,6.146353
334.36856,385.96225,6.162514,6.2454257
335.04602,385.22678,6.1713057,6.269802
335.70764,384.47702,6.1800966,6.2941775
336.35336,383.71353,6.1888876,6.318552
336.98303,382.93674,6.197678,6.342926
337.5966,382.1472,6.2060323,6.3679028
338.1939,381.34525,6.206633,6.4035716
338.77472,380.53125,6.2072344,6.4392414
339.3387,379.70557,6.2078357,6.474912
339.88562,378.86844,6.208437,6.5105834
340.4152,378.02023,6.2086697,6.5465517
340.92706,377.16125,6.2034464,6.586933
341.42108,376.29187,6.198223,6.627314
341.89694,375.4124,6.193,6.6676946
342.3545,374.5233,6.1877766,6.708075
342.79343,373.62485,6.1826725,6.7456717
343.21356,372.71744,6.178848,6.7535224
343.61462,371.80145,6.175023,6.7613735
343.99637,370.87726,6.1711984,6.769224
344.35858,369.94522,6.1673737,6.7770753
344.701,369.00574,6.1677804,6.7812657
345.02338,368.0592,6.1998253,6.7580886
345.32547,367.106,6.23187,6.7349114
345.60706,366.1465,6.263915,6.7117343
345.8679,365.18118,6.29596,6.688557
346.10773,364.21045,6.329608,6.666483
346.32632,363.23468,6.3719177,6.650365
346.52353,362.2544,6.4142275,6.634247
346.6991,361.27,6.456537,6.618129
346.85284,360.28195,6.498846,6.602011
346.9846,359.2907,6.540009,6.591517
347.09406,358.29678,6.576373,6.604576
347.18115,357.30066,6.6127377,6.6176353
347.24557,356.3028,6.649102,6.6306944
347.28717,355.3037,6.6854677,6.6437535
347.30573,354.30396,6.722517,6.6521072
347.30115,353.30405,6.762057,6.6433206
347.27362,352.30447,6.801596,6.6345344
347.22333,351.30582,6.841134,6.625748
347.15045,350.30853,6.8806725,6.6169615
347.05524,349.31314,6.91905,6.62542
346.9379,348.3201,6.9530005,6.699674
346.7987,347.3299,6.9869514,6.773929
346.63794,346.34296,7.020902,6.8481836
346.45587,345.35974,7.054853,6.922438
346.25284,344.38065,7.080831,6.9981647
346.02908,343.40607,7.068144,7.0810275
345.78476,342.43643,7.0554566,7.1638913
345.5201,341.47214,7.0427694,7.2467546
345.2353,340.5136,7.0300827,7.3296165
344.9305,339.56125,7.0140195,7.4130926
344.6059,338.61548,6.974629,7.5008264
344.26147,337.67673,6.9352384,7.58856
343.89722,336.74548,6.8958464,7.676296
343.51312,335.82227,6.8564534,7.7640357
343.1092,334.90753,6.82716,7.8353148
342.68555,334.00177,6.888741,7.758489
342.24277,333.10522,6.9503202,7.6816654
341.78143,332.21805,7.0118985,7.6048436
341.30225,331.34042,7.073477,7.528021
340.80573,330.47244,7.1373715,7.447443
340.29257,329.61423,7.2191396,7.3378816
339.76376,328.76553,7.30091,7.2283177
339.2203,327.92618,7.382678,7.1187563
338.66315,327.09583,7.4644456,7.0091963
338.09323,326.2742,7.5229783,6.921616
337.51144,325.4609,7.449196,6.959211
336.9186,324.65564,7.3754106,6.996807
336.31555,323.85803,7.3016253,7.0344033
335.703,323.06763,7.22784,7.072
335.08176,322.2841,7.151277,7.1122155
334.45258,321.50687,7.0616703,7.1647367
333.81625,320.73553,6.9720626,7.2172585
333.17352,319.96948,6.882456,7.2697797
332.52524,319.20816,6.7928495,7.3223004
331.87207,318.451,6.7258043,7.3633146
331.2147,317.6975,6.756844,7.3543034
330.5534,316.94742,6.7878847,7.3452916
329.88846,316.2006,6.818925,7.33628
329.22018,315.45676,6.8499656,7.327268
328.54877,314.7157,6.8801146,7.3181014
327.8745,313.9773,6.9065485,7.3082886
327.19742,313.24146,6.9329824,7.298476
326.51758,312.50815,6.9594164,7.288664
325.83505,311.77734,6.9858503,7.278851
325.1499,311.04898,7.0066,7.2682385
324.4622,310.32306,7.004598,7.2544255
323.77203,309.59946,7.002596,7.2406125
323.07953,308.8781,7.000594,7.226799
322.3848,308.1589,6.9985924,7.212986
321.68793,307.44177,6.9965906,7.1991334
320.989,306.72662,6.9945893,7.185127
320.28818,306.01337,6.9925885,7.1711206
319.58548,305.30194,6.9905877,7.157114
318.881,304.59225,6.988587,7.143108
318.17487,303.88425,6.986586,7.1291027
317.46713,303.17783,6.9845862,7.115104
316.7579,302.4729,6.9825864,7.101105
316.04727,301.7694,6.9805865,7.0871067
315.33533,301.06723,6.9785867,7.0731077
314.62213,300.3663,6.9765873,7.0591516
313.9078,299.66656,6.9745884,7.0453596
313.19244,298.9679,6.9725895,7.0315676
312.47607,298.2702,6.9705906,7.0177755
311.75885,297.57346,6.9685917,7.0039835
311.0408,296.8775,6.9665933,6.9901514
310.32208,296.18228,6.964595,6.9761643
309.6027,295.48773,6.962597,6.9621773
308.88278,294.79373,6.9605985,6.94819
308.16238,294.10022,6.9586005,6.9342027
307.44162,293.4071,6.9574375,6.922841
306.72055,292.7143,6.9596353,6.922042
305.99927,292.02173,6.9618325,6.9212427
305.2779,291.32925,6.9640303,6.9204435
304.5565,290.6368,6.966228,6.9196444
303.83514,289.94427,6.9689283,6.920509
303.11395,289.25162,6.9737234,6.9283004
302.3929,288.55878,6.9785185,6.9360924
301.6721,287.86572,6.983313,6.943884
300.95148,287.17242,6.988108,6.951676
300.2311,286.4789,6.992903,6.959468
299.511,285.78513,6.997699,6.9672604
298.7911,285.09106,7.002494,6.975053
298.07147,284.3968,7.0072894,6.9828453
297.35205,283.70227,7.012085,6.990638
296.63284,283.00754,7.01688,6.9984303
295.91385,282.3126,7.021676,7.0062237
295.19507,281.61743,7.026472,7.0140166
294.47647,280.92206,7.0312676,7.02181
293.75806,280.22647,7.0360637,7.029603
293.03986,279.5307,7.0408235,7.0373607
292.32187,278.83475,7.04542,7.044955
291.60403,278.13858,7.0500164,7.052549
290.88638,277.44223,7.0546126,7.0601425
290.1689,276.7457,7.059209,7.0677366
289.45163,276.04898,7.0638404,7.075366
288.7345,275.3521,7.068637,7.0831604
288.01755,274.65506,7.073434,7.090955
287.30075,273.95782,7.0782304,7.098749
286.5841,273.26047,7.083027,7.1065435
285.8676,272.56293,7.0878234,7.114338
285.15125,271.86523,7.0926204,7.122133
284.43506,271.16742,7.0974174,7.1299276
283.719,270.46945,7.102214,7.137723
283.00305,269.77133,7.107011,7.145518
282.28726,269.0731,7.111808,7.1533127
281.5716,268.37473,7.116605,7.161108
280.85602,267.6762,7.1214023,7.1689034
280.1406,266.9776,7.1261992,7.1766987
279.42526,266.27887,7.130996,7.184494
278.71005,265.58002,7.1357937,7.1922565
277.99493,264.88107,7.140591,7.1998525
277.27994,264.182,7.145388,7.207448
276.56503,263.48288,7.1501856,7.215044
275.8502,262.78363,7.154983,7.22264
275.13547,262.0843,7.1597805,7.2302685
274.4208,261.3849,7.164578,7.2380643
273.70624,260.68536,7.169376,7.2458606
272.99173,259.9858,7.1741734,7.253657
272.2773,259.28616,7.178971,7.2614527
271.56293,258.58646,7.1837687,7.269249
270.84863,257.8867,7.188566,7.2770452
270.13437,257.18686,7.193364,7.284842
269.4202,256.48697,7.198162,7.2926383
268.70602,255.78703,7.20296,7.3004346
267.99194,255.08705,7.2077575,7.3082314
267.27786,254.38702,7.2125554,7.3160276
266.56384,253.68698,7.2173533,7.3238244
265.84982,252.9869,7.2221513,7.331621
265.13586,252.28677,7.226949,7.339418
264.4219,251.58664,7.2317476,7.347183
263.70798,250.88649,7.2365456,7.35478
262.99405,250.18633,7.2413435,7.362377
262.28015,249.48615,7.2461414,7.369974
261.56625,248.78596,7.25094,7.377571
260.85236,248.08578,7.255738,7.385199
260.13843,247.3856,7.260536,7.392996
259.42453,246.68544,7.265334,7.400793
258.71057,245.98528,7.2701325,7.4085903
257.99664,245.28514,7.2749305,7.416387
257.28268,244.58502,7.279729,7.4241843
256.56866,243.88493,7.2845273,7.4319816
255.85466,243.18488,7.289325,7.439779
255.1406,242.48485,7.2941236,7.447576
254.4265,241.78487,7.298922,7.455373
253.71236,241.08492,7.30372,7.46317
252.99817,240.38503,7.3085184,7.4709673
252.28394,239.68518,7.313317,7.4787645
251.56964,238.9854,7.318115,7.4865623
250.85529,238.28568,7.322913,7.4943595
250.14087,237.58603,7.3277116,7.5021567
249.42638,236.88643,7.33251,7.509954
248.71182,236.18692,7.3373084,7.517751
247.99718,235.48749,7.342107,7.5255485
247.28246,234.78815,7.346905,7.5333457
246.56764,234.08888,7.351674,7.541114
245.85275,233.38972,7.3562727,7.5487113
245.13776,232.69066,7.360871,7.5563083
244.42267,231.99168,7.3654695,7.5639057
243.70747,231.2928,7.3700676,7.571503
242.9922,230.59402,7.374695,7.5791297
242.27682,229.89534,7.379493,7.586927
241.56136,229.19676,7.3842916,7.594724
240.8458,228.49828,7.38909,7.6025214
240.13014,227.79988,7.3938885,7.6103187
239.4144,227.10158,7.3986864,7.618116
238.69856,226.40338,7.403485,7.625913
237.98262,225.70526,7.408283,7.6337104
237.2666,225.00725,7.4130816,7.6415076
236.55049,224.30933,7.4178796,7.649305
235.83429,223.6115,7.422678,7.657102
235.11801,222.91374,7.4274764,7.664899
234.40163,222.2161,7.432275,7.672696
233.68517,221.51854,7.4370728,7.6804934
232.96861,220.82106,7.441871,7.6882906
232.25197,220.12367,7.4466696,7.6960597
231.53525,219.42638,7.4514675,7.703657
230.81845,218.72917,7.456266,7.7112546
230.10155,218.03204,7.4610643,7.7188516
229.38457,217.335,7.4658623,7.726449
228.66751,216.63806,7.4706607,7.7340736
227.95036,215.94121,7.475459,7.741871
227.23314,215.24442,7.480257,7.7496676
226.51584,214.54773,7.4850554,7.757465
225.79845,213.85112,7.4898534,7.765262
225.08098,213.15459,7.494652,7.7730594
224.36343,212.45815,7.49945,7.780856
223.6458,211.76178,7.504248,7.7886534
222.9281,211.06549,7.5090466,7.7964506
222.21031,210.3693,7.5138445,7.8042474
221.49245,209.67316,7.518643,7.8120446
220.7745,208.97713,7.523441,7.8198414
220.05649,208.28116,7.5282393,7.8276386
219.3384,207.58527,7.533037,7.835436
218.62022,206.88947,7.5378356,7.8432326
217.902,206.19373,7.5426335,7.851003
217.18367,205.49808,7.547432,7.8586006
216.46529,204.80249,7.55223,7.8661976
215.74683,204.107,7.5570283,7.8737946
215.02829,203.41156,7.561826,7.8813915
214.30968,202.7162,7.5666246,7.8890147
213.591,202.02092,7.5714226,7.8968115
212.87225,201.32571,7.5762205,7.9046087
212.15343,200.63057,7.581019,7.9124055
211.43454,199.93552,7.585817,7.9202027
210.71559,199.24052,7.5906153,7.9279995
209.99657,198.5456,7.595413,7.9357963
209.27748,197.85074,7.600211,7.9435935
208.55832,197.15596,7.6050096,7.9513903
207.8391,196.46124,7.6098075,7.959187
207.1198,195.7666,7.6146054,7.9669843
206.40044,195.07202,7.619404,7.974781
205.68102,194.3775,7.624202,7.982578
204.96153,193.68306,7.6289997,7.9903746
204.24199,192.98868,7.633798,7.998172
203.52237,192.29437,7.638596,8.005943
202.80269,191.60011,7.643394,8.01354
202.08296,190.90593,7.648192,8.021137
201.36316,190.2118,7.6529903,8.028734
200.6433,189.51776,7.6577883,8.036331
199.92339,188.82376,7.662562,8.043953
199.2034,188.12982,7.66716,8.051749
198.48337,187.43594,7.671758,8.059546
197.76328,186.74214,7.6763563,8.067343
197.04312,186.04839,7.6809545,8.07514
196.3229,185.35469,7.6855764,8.082936
195.60263,184.66106,7.6903744,8.090734
194.88231,183.96748,7.6951723,8.09853
194.16193,183.27396,7.6999702,8.106327
193.4415,182.5805,7.7047687,8.114123
192.72101,181.8871,7.7095666,8.121921
192.00047,181.19374,7.7143645,8.129717
191.27988,180.50044,7.7191625,8.137514
190.55922,179.8072,7.7239604,8.14531
189.83853,179.11403,7.7287583,8.153108
189.11778,178.4209,7.7335563,8.160904
188.39697,177.72781,7.738354,8.168701
187.67612,177.03479,7.743152,8.176497
186.95522,176.34181,7.74795,8.184294
186.23427,175.64888,7.752748,8.192091
185.51328,174.95601,7.757546,8.199864
184.79222,174.26318,7.762344,8.207461
184.07112,173.57042,7.767142,8.215058
183.34998,172.87769,7.7719398,8.222655
182.6288,172.18501,7.7767377,8.230251
181.90756,171.49239,7.7815356,8.237871
181.18628,170.7998,7.7863336,8.245667
180.46497,170.10727,7.7911315,8.253464
179.74359,169.41478,7.7959294,8.261261
179.02219,168.72232,7.8007274,8.269057
178.30072,168.02992,7.8048906,8.275518
177.57924,167.33757,7.803891,8.27112
176.8577,166.64525,7.8028913,8.266722
176.13611,165.95299,7.801892,8.262324
175.41449,165.26076,7.8008924,8.257926
174.69284,164.56857,7.7987127,8.250997
173.97115,163.87642,7.786718,8.223009
173.2494,163.18431,7.7747235,8.195021
172.52763,162.49225,7.7627287,8.167033
171.80582,161.80022,7.750734,8.139046
171.08397,161.10823,7.738739,8.111037
170.36208,160.41629,7.7267447,8.0828495
169.64015,159.72438,7.71475,8.054663
168.9182,159.0325,7.7027555,8.026475
168.19621,158.34065,7.6907606,7.998287
167.47418,157.64885,7.678766,7.9701204
166.75212,156.95709,7.6667714,7.942133
166.03003,156.26535,7.6547766,7.9141455
165.3079,155.57365,7.642782,7.886158
164.58574,154.88199,7.6307874,7.858171
163.86356,154.19035,7.618793,7.8301835
163.14134,153.49875,7.606798,7.802196
162.41908,152.80717,7.594804,7.7742085
161.69681,152.11563,7.582809,7.7462215
160.9745,151.42413,7.5708146,7.718234
160.25217,150.73265,7.55882,7.6902466
159.5298,150.0412,7.5468254,7.6622596
158.8074,149.34978,7.534831,7.634272
158.08499,148.65839,7.522836,7.6062846
157.36255,147.96701,7.510842,7.5782976
156.64008,147.27567,7.4988475,7.55031
155.91759,146.58435,7.4868526,7.522323
155.19507,145.89307,7.4748583,7.494336
154.47252,145.2018,7.462864,7.4663486
153.74995,144.51056,7.450869,7.4383616
153.02736,143.81935,7.4388747,7.410374
152.30475,143.12816,7.4268804,7.382387
151.58212,142.43698,7.4148855,7.3544
150.85947,141.74583,7.402891,7.3264127
150.1368,141.05472,7.390897,7.2984257
149.4141,140.3636,7.378884,7.2704206
148.69139,139.67252,7.3666897,7.2422333
147.96866,138.98146,7.354495,7.2140465
147.2459,138.2904,7.342301,7.185859
146.52313,137.59938,7.3301063,7.1576724
145.80035,136.90837,7.3179297,7.1295033
145.07755,136.21738,7.3059354,7.1015162
144.35474,135.5264,7.293941,7.0735292
143.6319,134.83543,7.2819467,7.0455422
142.90906,134.14449,7.2699523,7.017555
142.18619,133.45355,7.2589827,6.9921217
141.46332,132.76263,7.258783,6.9935207
140.74043,132.07173,7.2585826,6.9949203
140.01753,131.38084,7.258383,6.99632
139.29462,130.68997,7.258183,6.997719
138.5717,129.9991,7.258017,6.99922
137.84875,129.30824,7.258217,7.0018187
137.12581,128.6174,7.2584167,7.0044174
136.40286,127.92656,7.2586164,7.007016
135.6799,127.23574,7.2588167,7.009615
134.95692,126.54492,7.259,7.0122137
134.23395,125.85411,7.259,7.0148125
133.51097,125.163315,7.259,7.017411
132.78798,124.47252,7.259,7.02001
132.06497,123.78173,7.259,7.0226088
131.34196,123.09095,7.259016,7.0252075
130.61896,122.40017,7.259216,7.0278063
129.89595,121.7094,7.2594156,7.0304055
129.17293,121.01863,7.259616,7.0330043
128.4499,120.327866,7.2598157,7.035603
127.72688,119.63711,7.2600155,7.038202
127.00386,118.94635,7.2602153,7.0408006
126.28083,118.25559,7.2604156,7.0433993
125.55779,117.56484,7.2606153,7.045998
124.83476,116.87409,7.260815,7.048597
124.111725,116.18334,7.261015,7.0511804
123.38869,115.4926,7.2612147,7.0535793
122.66564,114.80186,7.261415,7.0559783
121.9426,114.111115,7.261615,7.0583773
121.21955,113.42038,7.2618146,7.060776
120.496506,112.729645,7.2620144,7.0631895
119.77345,112.03891,7.2622147,7.0657883
119.0504,111.34818,7.2624145,7.068387
118.32735,110.65745,7.2626143,7.070986
117.604294,109.96672,7.262814,7.0735846
116.88123,109.27599,7.263,7.0761833
116.15818,108.585266,7.263,7.0787826
115.43512,107.89455,7.263,7.0813813
114.71206,107.20382,7.263,7.08398
113.989,106.5131,7.263,7.086579
113.26594,105.82238,7.263014,7.0891776
112.54287,105.13166,7.2632136,7.0917764
111.81981,104.44094,7.2634134,7.094375
111.09674,103.75022,7.263613,7.096974
110.37368,103.05951,7.2638135,7.0995727
109.65061,102.36879,7.2640133,7.1021714
108.92754,101.67807,7.264213,7.10477
108.204475,100.98736,7.264413,7.107369
107.481415,100.29664,7.264613,7.1099677
106.75835,99.60593,7.264813,7.1125665
106.03528,98.91521,7.2650127,7.1151657
105.31221,98.224495,7.2652125,7.1177645
104.58914,97.533775,7.2654123,7.120363
103.86608,96.843056,7.2656126,7.122962
103.14301,96.15234,7.2658124,7.1255608
102.419945,95.461624,7.266,7.128147
101.696884,94.770905,7.266,7.130546
100.973816,94.080185,7.266,7.132945
100.250755,93.389465,7.266,7.135344
99.527695,92.698746,7.266,7.137743
98.804634,92.008026,7.2660117,7.1401534
98.08157,91.3173,7.2662115,7.142752
97.35851,90.62658,7.266412,7.145351
96.63545,89.93585,7.2666116,7.1479497
95.9124,89.245125,7.2668114,7.150549
95.18934,88.5544,7.267011,7.1531477
94.466286,87.86366,7.2672114,7.1557465
93.74324,87.172935,7.267411,7.158345
93.02019,86.4822,7.267611,7.160944
92.29714,85.791466,7.267811,7.1635427
91.5741,85.10072,7.268011,7.1661415
90.85105,84.40998,7.268211,7.1687403
90.12801,83.71924,7.2684107,7.171339
89.40497,83.028496,7.2686105,7.173938
88.68193,82.337746,7.2688107,7.1765366
87.9589,81.646996,7.2690105,7.179136
87.23587,80.956245,7.2692103,7.1817346
86.51284,80.26549,7.26941,7.1843333
85.78981,79.57473,7.26961,7.186932
85.06679,78.883965,7.26981,7.189531
84.34377,78.19321,7.27,7.1921196
83.62075,77.50243,7.27,7.1945186
82.89774,76.81166,7.27,7.1969175
82.17473,76.12089,7.27,7.1993165
81.45172,75.43011,7.27,7.2017155
80.72872,74.73933,7.2700095,7.2041235
80.00572,74.04854,7.2702093,7.2067227
79.28272,73.35775,7.270409,7.2093215
78.55973,72.666954,7.2706094,7.2119203
77.83674,71.97616,7.270809,7.214519
77.113754,71.285355,7.271009,7.217118
76.39078,70.59455,7.271209,7.2197165
75.6678,69.90374,7.271409,7.2223153
74.94483,69.21292,7.271609,7.224914
74.22186,68.5221,7.2718086,7.2275133
73.4989,67.831276,7.2720084,7.230112
72.77594,67.14045,7.2722087,7.232711
72.052986,66.449615,7.2724085,7.2353096
71.33004,65.75877,7.2726083,7.2379084
70.60709,65.067924,7.272808,7.240507
69.884155,64.377075,7.2730083,7.243106
69.161224,63.686222,7.273208,7.245705
68.43829,62.99536,7.273408,7.248304
67.71537,62.304497,7.2736077,7.2509027
66.992455,61.613625,7.273808,7.2535014
66.26954,60.922745,7.274,7.2561
65.54663,60.23186,7.274,7.258699
64.82373,59.54097,7.274,7.2612977
64.10084,58.850075,7.274,7.263897
63.37795,58.159172,7.274,7.2664957
62.655067,57.468266,7.2740073,7.2690873
61.93219,56.77735,7.274207,7.2714863
61.20932,56.08643,7.274407,7.2738853
60.486454,55.3955,7.274607,7.2762837
59.763596,54.704567,7.274807,7.2786827
59.040745,54.013626,7.275007,7.281089
58.317898,53.322678,7.2752066,7.2836876
57.595062,52.63172,7.275407,7.2862864
56.87223,51.940758,7.2756066,7.288885
56.149406,51.24979,7.2758064,7.291484
55.426586,50.55881,7.276006,7.2940826
54.703777,49.86783,7.2762065,7.296682
53.980972,49.176834,7.2764063,7.2992806
53.25818,48.485836,7.276606,7.3018794
52.53539,47.794827,7.276806,7.304478
51.81261,47.103813,7.277,7.307077
51.089836,46.41279,7.277,7.309676
50.36707,45.721756,7.277,7.312275
49.644314,45.03072,7.277,7.3148737
48.921562,44.339672,7.277,7.3174725
48.198822,43.648613,7.2770057,7.320071
47.476086,42.95755,7.2772055,7.3226705
46.75336,42.266476,7.2774053,7.325269
46.030643,41.575394,7.277605,7.327868
45.307938,40.884304,7.2778053,7.3304667
44.585236,40.193203,7.278005,7.3330655
43.862545,39.502094,7.278205,7.3356647
43.139862,38.810978,7.2784047,7.3382635
42.417187,38.11985,7.278605,7.3408623
41.694523,37.42871,7.278805,7.343461
40.971867,36.737568,7.2790046,7.3460555
40.24922,36.04641,7.2792044,7.3484545
39.52658,35.355247,7.2794046,7.3508534
38.803955,34.66407,7.2796044,7.3532524
38.081333,33.97289,7.279804,7.3556514
37.358727,33.281693,7.280004,7.3580546
36.636124,32.59049,7.2802043,7.3606534
35.913536,31.899273,7.280404,7.363252
35.190956,31.208048,7.280604,7.365851
34.468384,30.516813,7.2808037,7.36845
33.745823,29.825567,7.281,7.371049
33.023273,29.13431,7.281,7.3736477
32.300735,28.443043,7.281,7.3762465
31.578205,27.751764,7.281,7.3788457
30.855686,27.060474,7.281,7.3814445
30.133177,26.369175,7.2810035,7.384043
29.410679,25.677864,7.2812033,7.386642
28.688192,24.986542,7.281403,7.389241
27.965715,24.295208,7.281603,7.39184
27.24325,23.603863,7.281803,7.3944387
26.520796,22.912508,7.282003,7.3970375
25.798351,22.22114,7.2822027,7.3996367
25.07592,21.529758,7.2824025,7.4022355
24.353498,20.838367,7.282603,7.4048343
23.631088,20.146963,7.2828026,7.4074335
22.908691,19.455547,7.2830024,7.41003
22.186304,18.76412,7.283202,7.412429
21.46393,18.07268,7.2834024,7.414828
20.741568,17.381227,7.283602,7.417227
20.019217,16.689762,7.283802,7.4196258
19.296879,15.998285,7.284002,7.4220266
18.574553,15.306795,7.284202,7.424626
17.852238,14.615292,7.284402,7.4272246
17.129936,13.923776,7.2846017,7.4298234
16.407646,13.232247,7.284802,7.4324226
15.685369,12.540705,7.285,7.4350214
14.963104,11.84915,7.285,7.43762
14.240852,11.157581,7.285,7.4402194
13.518614,10.466,7.285,7.442818
12.796388,9.774405,7.285,7.445417
12.074175,9.082795,7.2850013,7.448016
11.351975,8.391172,7.285201,7.450615
10.629789,7.699536,7.285401,7.4532137
9.907617,7.0078845,7.285601,7.455813
9.185458,6.3162184,7.285801,7.4584117
8.463314,5.6245384,7.2860007,7.4610105
7.7411838,4.932843,7.2862005,7.4636097
7.019068,4.2411327,7.286401,7.4662085
6.296966,3.5494075,7.2866006,7.468807
5.5748796,2.8576667,7.2868004,7.4714065
4.852808,2.1659105,7.287,7.474005
4.130751,1.4741385,7.2872005,7.4766045
3.4087098,0.78235054,7.2874002,7.479203
2.6866837,0.09054647,7.2876,7.481802
1.9646734,-0.601274,7.2878003,7.484401
