# x_m,y_m,w_tr_right_m,w_tr_left_m
2.270089,-1.015217,7.044,7.083
1.3102642,-0.73479813,7.0474,7.0868
0.3504416,-0.45437193,7.0508,7.0906
-0.6093789,-0.17393836,7.0542,7.0944
-1.5691972,0.106502526,7.0576,7.0982
-2.5290134,0.38695073,7.061,7.102
-3.4888275,0.66740626,7.0644,7.1058
-4.4486394,0.94786906,7.0678,7.1096
-5.408449,1.2283392,7.0712,7.1134
-6.368257,1.5088166,7.0745997,7.1172
-7.3280625,1.7893012,7.078,7.121
-8.287866,2.069793,7.0706,7.1144004
-9.247667,2.350292,7.0632005,7.1078005
-10.207466,2.630798,7.0558004,7.1012006
-11.167264,2.9113114,7.0484004,7.0946007
-12.127059,3.1918318,7.041001,7.088001
-13.086852,3.4723594,7.010803,7.059403
-14.046642,3.752894,6.9806037,7.0308037
-15.006432,4.0334353,6.9504046,7.002204
-15.966218,4.3139844,6.920205,6.9736047
-16.926003,4.59454,6.8900056,6.9450054
-17.885786,4.875103,6.8600063,6.916406
-18.845566,5.155673,6.8300076,6.887807
-19.805346,5.43625,6.8000083,6.859208
-20.765121,5.716834,6.770009,6.830609
-21.724895,5.997425,6.7400103,6.8020096
-22.684668,6.2780232,6.709811,6.773411
-23.644438,6.5586286,6.6796126,6.744812
-24.604206,6.8392406,6.6494136,6.716213
-25.563972,7.1198597,6.619215,6.687614
-26.523737,7.4004855,6.589016,6.659015
-27.4835,7.6811185,6.5588174,6.6304164
-28.44326,7.961758,6.528619,6.601818
-29.403019,8.242405,6.4984202,6.5732193
-30.362774,8.523058,6.4682217,6.5446205
-31.322529,8.803719,6.4380236,6.516022
-32.28228,9.084385,6.407825,6.487424
-33.24203,9.365059,6.377627,6.4588256
-34.20178,9.6457405,6.347429,6.4302273
-35.161526,9.926428,6.31723,6.4016285
-36.12127,10.207122,6.287032,6.37303
-37.081013,10.487823,6.256834,6.3442326
-38.040752,10.76853,6.2266364,6.3154345
-39.000492,11.049245,6.1964383,6.2866364
-39.960228,11.329966,6.16624,6.2578382
-40.91996,11.610693,6.1360426,6.2290406
-41.879696,11.891428,6.105845,6.2004423
-42.839424,12.172169,6.0756474,6.1718445
-43.799152,12.452917,6.0454497,6.1432467
-44.75888,12.733671,6.015252,6.1146493
-45.718605,13.014433,5.9850545,6.0860515
-46.678326,13.2952,5.9846005,6.083405
-47.63805,13.575974,5.984201,6.0808053
-48.597767,13.856754,5.983801,6.0782056
-49.557484,14.137542,5.983401,6.0756054
-50.5172,14.418336,5.9830008,6.0730057
-51.476913,14.699136,5.984197,6.0716033
-52.436623,14.979943,5.985397,6.0702033
-53.39633,15.2607565,5.986597,6.068804
-54.35604,15.541576,5.987797,6.067404
-55.315746,15.822402,5.9889965,6.066004
-56.27545,16.103235,5.9901967,6.0648036
-57.235153,16.384073,5.9913964,6.0636034
-58.19485,16.664919,5.992596,6.0624037
-59.15455,16.945772,5.9937963,6.061204
-60.114246,17.22663,5.994996,6.0600038
-61.07394,17.507494,5.996196,6.058804
-62.033634,17.788364,5.9973955,6.0576043
-62.993324,18.069242,5.9985957,6.0564046
-63.953014,18.350126,5.9997954,6.0552044
-64.9127,18.631016,6.000995,6.0540047
-65.87238,18.911911,6.002195,6.0526056
-66.83207,19.192814,6.003395,6.051206
-67.79175,19.473722,6.004595,6.049806
-68.75143,19.754639,6.0057945,6.048406
-69.711105,20.035559,6.0069942,6.0470066
-70.670784,20.316486,6.0081944,6.045806
-71.630455,20.59742,6.009394,6.0446057
-72.59013,20.878359,6.010594,6.043406
-73.549805,21.159306,6.0117936,6.0422063
-74.50947,21.440256,6.0129933,6.0410066
-75.46914,21.721214,6.0141935,6.039608
-76.4288,22.002178,6.0153933,6.038208
-77.388466,22.28315,6.016593,6.036808
-78.34813,22.564125,6.0177927,6.0354085
-79.307785,22.845108,6.0189924,6.0340085
-80.26745,23.126097,6.020192,6.032808
-81.227104,23.407091,6.0213923,6.031608
-82.18676,23.688091,6.022592,6.030408
-83.14641,23.969097,6.023792,6.029208
-84.106064,24.25011,6.0249915,6.0280085
-85.06571,24.53113,6.026191,6.0268087
-86.02536,24.812153,6.027391,6.025609
-86.985,25.093184,6.0285907,6.0244093
-87.94465,25.37422,6.0297904,6.0232096
-88.90429,25.655262,6.03099,6.02201
-89.86393,25.93631,6.03219,6.020612
-90.82357,26.217365,6.03339,6.019212
-91.78321,26.498425,6.03459,6.0178123
-92.74284,26.77949,6.0357895,6.0164123
-93.70248,27.06056,6.036989,6.0150127
-94.66211,27.341639,6.038189,6.013811
-95.62174,27.62272,6.0393887,6.0126114
-96.58137,27.90381,6.0405884,6.0114117
-97.54099,28.184904,6.041788,6.010212
-98.50062,28.466005,6.042988,6.009012
-99.46024,28.74711,6.0441875,6.0078125
-100.41987,29.028223,6.0453873,6.006613
-101.379486,29.30934,6.046587,6.005413
-102.3391,29.590464,6.0477867,6.0042133
-103.29872,29.871592,6.0489864,6.0030136
-104.25834,30.152727,6.050186,6.0016165
-105.21795,30.433867,6.051386,6.0002165
-106.17757,30.715012,6.0525856,5.998817
-107.13718,30.996164,6.0537853,5.9974174
-108.09679,31.27732,6.0549846,5.996018
-109.05639,31.558483,6.0561843,5.9948153
-110.016,31.839651,6.057384,5.9936156
-110.9756,32.120827,6.0585837,5.9924164
-111.9352,32.402004,6.0597835,5.9912167
-112.894806,32.68319,6.060983,5.990017
-113.8544,32.96438,6.062183,5.988817
-114.814,33.245575,6.0633826,5.9876175
-115.7736,33.526775,6.0645823,5.986418
-116.73319,33.807983,6.0657816,5.985218
-117.69278,34.089195,6.0669813,5.9840183
-118.652374,34.37041,6.068181,5.982622
-119.61196,34.651634,6.0693808,5.9812226
-120.57155,34.932865,6.0705805,5.979823
-121.531136,35.214096,6.07178,5.978423
-122.49072,35.495335,6.0729795,5.9770236
-123.4503,35.77658,6.074179,5.9758205
-124.40989,36.05783,6.075379,5.9746213
-125.36947,36.339085,6.0765786,5.9734216
-126.32905,36.620346,6.077778,5.972222
-127.28862,36.90161,6.0789776,5.971022
-128.2482,37.18288,6.0801773,5.969823
-129.20778,37.464157,6.081377,5.968623
-130.16734,37.745438,6.0825763,5.9674234
-131.12692,38.026726,6.083776,5.9662237
-132.08649,38.308018,6.0849757,5.9650245
-133.04605,38.589314,6.0861754,5.963629
-134.00562,38.870617,6.0873747,5.9622293
-134.96518,39.151924,6.0885744,5.9608297
-135.92474,39.433235,6.089774,5.95943
-136.88431,39.714554,6.0909734,5.9580307
-137.84387,39.995876,6.092173,5.956827
-138.80342,40.277203,6.093373,5.9556274
-139.76299,40.558537,6.094572,5.9544277
-140.72253,40.839874,6.095772,5.9532285
-141.6821,41.121216,6.096971,5.9520288
-142.64165,41.402565,6.0981708,5.950634
-143.6012,41.683918,6.0993705,5.9492345
-144.56075,41.965275,6.1005697,5.947835
-145.5203,42.246635,6.1017694,5.946436
-146.47984,42.528004,6.1029687,5.9450364
-147.43939,42.80938,6.1041684,5.9438314
-148.39894,43.090755,6.1053677,5.942632
-149.35847,43.37214,6.1065674,5.9414325
-150.31802,43.653526,6.107767,5.940233
-151.27756,43.934917,6.1089664,5.9390335
-152.23709,44.216316,6.110166,5.9378343
-153.19664,44.49772,6.1113653,5.9366345
-154.15617,44.779125,6.112565,5.9354353
-155.1157,45.060535,6.1137643,5.9342356
-156.07524,45.341953,6.1149635,5.9330363
-157.03477,45.623375,6.1161633,5.931643
-157.9943,45.9048,6.1173625,5.9302435
-158.95383,46.18623,6.118562,5.928844
-159.91336,46.467667,6.1197615,5.927445
-160.87288,46.749107,6.120961,5.9260454
-161.8324,47.030552,6.1221604,5.9248395
-162.79193,47.312,6.1233597,5.9236403
-163.75145,47.593456,6.1245594,5.9224405
-164.71097,47.874916,6.1257586,5.9212413
-165.67049,48.15638,6.1269584,5.920042
-166.63,48.437847,6.1281576,5.9188423
-167.58952,48.719322,6.129357,5.917643
-168.54904,49.000797,6.1305566,5.916444
-169.50854,49.28228,6.131756,5.915244
-170.46806,49.563766,6.132955,5.914045
-171.42757,49.84526,6.1341543,5.912653
-172.38708,50.126755,6.135354,5.911254
-173.34659,50.408257,6.1365533,5.9098544
-174.30609,50.689762,6.1377525,5.9084554
-175.2656,50.97127,6.1389523,5.907056
-176.22511,51.252785,6.1401515,5.9058485
-177.18462,51.5343,6.1413507,5.9046493
-178.1441,51.815826,6.14255,5.90345
-179.1036,52.09735,6.143749,5.902251
-180.06311,52.378883,6.144949,5.901051
-181.02261,52.66042,6.146148,5.899852
-181.9821,52.94196,6.1473475,5.8986526
-182.9416,53.223507,6.1485467,5.8974533
-183.9011,53.505054,6.149746,5.896254
-184.86058,53.78661,6.150945,5.8950543
-185.82007,54.068165,6.152145,5.8936644
-186.77957,54.349728,6.153344,5.8922653
-187.73906,54.631294,6.1545434,5.8908663
-188.69855,54.912865,6.1557426,5.889467
-189.65804,55.194443,6.156942,5.8880677
-190.61751,55.47602,6.158141,5.886859
-191.577,55.757603,6.1593404,5.8856597
-192.53648,56.039192,6.1605396,5.8844604
-193.49596,56.320786,6.161739,5.883261
-194.45544,56.60238,6.162938,5.882062
-195.41492,56.88398,6.1641374,5.880673
-196.37439,57.165585,6.1653366,5.879274
-197.33388,57.447193,6.166536,5.877875
-198.29335,57.728806,6.167735,5.876476
-199.25282,58.01042,6.1689343,5.8750763
-200.2123,58.29204,6.1701336,5.8738666
-201.17177,58.57367,6.171333,5.8726673
-202.13124,58.855297,6.172532,5.871468
-203.09071,59.13693,6.1737313,5.870269
-204.05017,59.418568,6.1749306,5.8690696
-205.00964,59.70021,6.17613,5.8678703
-205.9691,59.981857,6.177329,5.866671
-206.92857,60.263508,6.1785283,5.865472
-207.88803,60.545162,6.179727,5.8642726
-208.84749,60.826824,6.1809263,5.8630733
-209.80696,61.10849,6.1821256,5.8616867
-210.76642,61.39016,6.183325,5.8602877
-211.72586,61.671837,6.184524,5.8588886
-212.68532,61.953518,6.1857233,5.8574896
-213.64478,62.235207,6.1869226,5.8560905
-214.60423,62.5169,6.188122,5.8548784
-215.56367,62.798595,6.189321,5.853679
-216.52313,63.080303,6.1905203,5.85248
-217.48257,63.36201,6.1917195,5.8512807
-218.44202,63.64373,6.192919,5.8500814
-219.40146,63.925453,6.194118,5.8488817
-220.3609,64.207184,6.1953173,5.8476825
-221.32034,64.48892,6.1965165,5.846483
-222.27977,64.77067,6.197716,5.845284
-223.23921,65.052414,6.1989155,5.8440847
-224.19864,65.334175,6.2001147,5.8426995
-225.15807,65.61594,6.201314,5.8413
-226.11751,65.89771,6.2025137,5.839901
-227.07692,66.1795,6.203713,5.8385015
-228.03635,66.46128,6.2049127,5.837102
-228.99577,66.74308,6.206112,5.835888
-229.95518,67.02488,6.2073116,5.8346887
-230.91461,67.306694,6.208511,5.833489
-231.87402,67.58851,6.2097106,5.832289
-232.83344,67.87034,6.2109103,5.83109
-233.79285,68.152176,6.21211,5.8298903
-234.75224,68.43402,6.21331,5.8286905
-235.71165,68.71587,6.2145095,5.827491
-236.67105,68.99774,6.215709,5.826291
-237.63045,69.27961,6.216909,5.8250914
-238.58984,69.56149,6.2181087,5.8237066
-239.54924,69.84338,6.2193084,5.8223066
-240.50864,70.12528,6.2205086,5.820907
-241.46802,70.407196,6.2217083,5.819507
-242.42741,70.68912,6.222908,5.818107
-243.3868,70.97105,6.224108,5.8168917
-244.34618,71.25298,6.2253084,5.8156915
-245.30554,71.534935,6.2265086,5.8144917
-246.26492,71.816895,6.2277083,5.8132915
-247.22429,72.09887,6.2289085,5.8120914
-248.18365,72.38085,6.230109,5.810891
-249.14302,72.66284,6.2313094,5.8096905
-250.10239,72.94484,6.2325096,5.8084903
-251.06174,73.22686,6.2337103,5.80729
-252.02109,73.50888,6.2349105,5.8060894
-252.98044,73.79092,6.236111,5.8047037
-253.93979,74.07297,6.237312,5.8033032
-254.89914,74.35503,6.238512,5.8019023
-255.85847,74.6371,6.2397127,5.800502
-256.8178,74.91918,6.2409134,5.799101
-257.77713,75.20128,6.2421145,5.7978854
-258.73648,75.48338,6.243315,5.7966847
-259.6958,75.7655,6.2445164,5.7954836
-260.65512,76.04764,6.245717,5.794283
-261.61444,76.32978,6.246918,5.7930818
-262.57376,76.61194,6.2481194,5.791694
-263.53308,76.894104,6.2493205,5.7902927
-264.49237,77.17629,6.2505217,5.7888913
-265.4517,77.45849,6.2517233,5.78749
-266.41098,77.7407,6.2529244,5.786088
-267.37027,78.02292,6.254126,5.784874
-268.32956,78.30515,6.2553277,5.7836723
-269.28885,78.5874,6.2565293,5.7824707
-270.24814,78.86967,6.257731,5.781269
-271.20743,79.15195,6.2589326,5.7800674
-272.1667,79.43424,6.260134,5.7788653
-273.12598,79.716545,6.2613363,5.7776637
-274.08524,79.99887,6.2625384,5.7764616
-275.0445,80.281204,6.2637405,5.7752595
-276.00375,80.56355,6.2649426,5.7740574
-276.963,80.84592,6.2661448,5.7726645
-277.92224,81.128296,6.2673473,5.7712617
-278.8815,81.4107,6.26855,5.769859
-279.84073,81.69311,6.269752,5.768456
-280.8,81.97553,6.2709546,5.767053
-281.75922,82.25797,6.272157,5.7658424
-282.71844,82.54043,6.2733603,5.76464
-283.67767,82.8229,6.2745633,5.763437
-284.63687,83.10539,6.275766,5.762234
-285.5961,83.38789,6.276969,5.761031
-286.5553,83.67042,6.278172,5.7598276
-287.5145,83.95296,6.2793756,5.7586246
-288.4737,84.23551,6.280579,5.757421
-289.4329,84.51808,6.281782,5.756218
-290.3921,84.80067,6.2829857,5.7550144
-291.35126,85.083275,6.2841897,5.7536125
-292.31046,85.3659,6.285393,5.7522078
-293.26962,85.64854,6.2865973,5.7508035
-294.2288,85.93119,6.2878013,5.7493987
-295.18796,86.21387,6.289005,5.747995
-296.1471,86.49656,6.2902093,5.746791
-297.10626,86.77927,6.291414,5.7455864
-298.0654,87.062,6.2926183,5.744382
-299.02454,87.34474,6.2938223,5.7431774
-299.98367,87.6275,6.295027,5.741973
-300.9428,87.910286,6.2962317,5.740768
-301.90195,88.19309,6.2974367,5.739563
-302.86105,88.475914,6.2986417,5.7383585
-303.82016,88.75875,6.2998466,5.7371535
-304.77927,89.04161,6.3010516,5.7359395
-305.73837,89.32448,6.302257,5.7345333
-306.69748,89.607376,6.303463,5.7331266
-307.6566,89.89029,6.3046684,5.7317204
-308.61566,90.173225,6.305874,5.730314
-309.57474,90.45619,6.3070793,5.7289205
-310.5338,90.73918,6.3082857,5.7277145
-311.49286,91.02219,6.3094916,5.726508
-312.45193,91.30521,6.310698,5.725302
-313.41098,91.588234,6.311904,5.724096
-314.37006,91.871254,6.3131104,5.72289
-315.32913,92.15426,6.3143163,5.721684
-316.2882,92.43721,6.315522,5.7204776
-317.2473,92.720085,6.316728,5.7192717
-318.20645,93.002846,6.317934,5.7180657
-319.16562,93.28545,6.31914,5.716837
-320.12485,93.56788,6.3203435,5.7154326
-321.08417,93.85009,6.321547,5.714029
-322.04352,94.13206,6.32275,5.7126245
-323.003,94.41374,6.3239536,5.7112207
-323.96252,94.69512,6.3251567,5.7098436
-324.92218,94.97616,6.326355,5.708645
-325.88193,95.256836,6.3275537,5.7074466
-326.8418,95.53712,6.328752,5.706248
-327.8018,95.816986,6.3299503,5.7050495
-328.7619,96.09641,6.331148,5.7038274
-329.72214,96.37537,6.3323393,5.7024374
-330.68253,96.65381,6.3335304,5.701048
-331.6431,96.931694,6.3347216,5.6996584
-332.60382,97.208984,6.3359127,5.698269
-333.56476,97.485634,6.337103,5.696897
-334.52585,97.76162,6.3382845,5.695716
-335.48715,98.03696,6.3394656,5.6945343
-336.44864,98.311676,6.340647,5.6933527
-337.41028,98.58581,6.3418283,5.6921716
-338.37207,98.85937,6.34301,5.69099
-339.33405,99.132355,6.3441796,5.689821
-340.2962,99.404564,6.345349,5.688651
-341.2587,99.67576,6.3465185,5.6874814
-342.2215,99.9457,6.347688,5.6863117
-343.18475,100.214165,6.348858,5.685142
-344.1485,100.48081,6.350021,5.683809
-345.11298,100.744804,6.3511834,5.6824527
-346.07843,101.00513,6.352346,5.6810966
-347.04517,101.26075,6.3535085,5.6797404
-348.01337,101.51065,6.3546705,5.6783843
-348.9833,101.75379,6.3352785,5.680098
-349.95517,101.98913,6.3077602,5.6830254
-350.9291,102.21564,6.280242,5.685953
-351.9053,102.43225,6.2527237,5.6888804
-352.88388,102.63793,6.225206,5.6918077
-353.8649,102.83159,6.173429,5.698307
-354.84842,103.01201,6.1049857,5.7072606
-355.83453,103.17782,6.036541,5.716214
-356.82318,103.32764,5.9680943,5.7251678
-357.8143,103.460075,5.899648,5.734122
-358.80774,103.57372,5.8351545,5.7405467
-359.8033,103.66709,5.773681,5.74504
-360.8007,103.73859,5.712209,5.7495327
-361.79947,103.7866,5.6507387,5.754026
-362.7991,103.80954,5.589277,5.7585177
-363.79904,103.805786,5.558774,5.746272
-364.79843,103.77349,5.543514,5.7257853
-365.79636,103.71063,5.5282516,5.705297
-366.7917,103.61516,5.5129867,5.684804
-367.78308,103.48504,5.4977193,5.6643085
-368.76904,103.31863,5.5745416,5.5627007
-369.74823,103.11628,5.6630325,5.450823
-370.71957,102.879005,5.751509,5.3389635
-371.682,102.60778,5.8399844,5.227105
-372.6345,102.30354,5.9127827,5.1348023
-373.57626,101.96753,5.8899574,5.1617775
-374.5069,101.60185,5.867131,5.188754
-375.4263,101.20874,5.844307,5.2157283
-376.33447,100.79036,5.8214836,5.2427015
-377.23163,100.348785,5.8089914,5.262691
-378.11795,99.885895,5.8182936,5.2679486
-378.99368,99.403244,5.827596,5.273206
-379.85913,98.90235,5.836899,5.2784643
-380.71466,98.384705,5.8462014,5.2837224
-381.5607,97.85173,5.8723745,5.284472
-382.39777,97.30474,5.926463,5.27776
-383.22632,96.74492,5.9805536,5.271048
-384.04684,96.173416,6.0346427,5.264336
-384.85992,95.591354,6.0887313,5.2576246
-385.66614,94.999825,6.122855,5.2867465
-386.46606,94.399826,6.1127424,5.395262
-387.26022,93.79223,6.1026297,5.5037804
-388.0492,93.177864,6.092517,5.612299
-388.8335,92.55756,6.082404,5.720817
-389.6137,91.93213,6.0844665,5.834919
-390.3904,91.30237,6.146409,5.976474
-391.16425,90.66907,6.208352,6.1180305
-391.93582,90.03299,6.2702956,6.2595873
-392.70572,89.394905,6.332238,6.401143
-393.4746,88.755585,6.3943505,6.54275
-394.24304,88.115746,6.4651766,6.68696
-395.0115,87.475914,6.5360036,6.831171
-395.78036,86.8366,6.6068306,6.975383
-396.55008,86.198296,6.6776576,7.1195946
-397.32104,85.56151,6.7484846,7.263806
-398.0937,84.92672,6.849486,7.4082675
-398.8683,84.29435,6.952542,7.552746
-399.6452,83.664825,7.0555973,7.6972237
-400.42474,83.03855,7.158653,7.841702
-401.2072,82.41595,7.261708,7.9861784
-401.99292,81.79744,7.346428,8.078948
-402.7822,81.1835,7.429956,8.168356
-403.57538,80.574615,7.5134835,8.257763
-404.3728,79.97128,7.597012,8.347171
-405.17477,79.37401,7.680311,8.435952
-405.9816,78.78329,7.728533,8.4285965
-406.79352,78.19963,7.7767534,8.421241
-407.61084,77.623535,7.8249745,8.413885
-408.4338,77.05551,7.8731956,8.406529
-409.2626,76.4961,7.9193997,8.397014
-410.0975,75.94581,7.949666,8.370428
-410.9387,75.40514,7.979932,8.343843
-411.7863,74.87461,8.010198,8.317259
-412.64047,74.354744,8.040464,8.290673
-413.50134,73.84606,8.062286,8.2551155
-414.36905,73.34906,8.054578,8.188177
-415.24353,72.86414,8.04687,8.121239
-416.12485,72.39172,8.039162,8.0543
-417.01294,71.93219,8.031454,7.987362
-417.9078,71.48598,8.023779,7.9207106
-418.80933,71.05339,8.016184,7.854755
-419.71732,70.63456,8.008589,7.7888007
-420.6316,70.2296,8.000995,7.7228475
-421.5519,69.83863,7.9934,7.656894
-422.47812,69.46176,7.9490433,7.5911794
-423.41,69.099144,7.81423,7.5260496
-424.34738,68.75101,7.679416,7.460919
-425.2901,68.417564,7.5446014,7.395788
-426.23795,68.09906,7.4097867,7.3306575
-427.19077,67.79572,7.2800813,7.269182
-428.14835,67.507805,7.166769,7.219435
-429.11053,67.23561,7.0534573,7.1696887
-430.0771,66.97945,6.9401455,7.1199417
-431.04785,66.73961,6.8268337,7.070195
-432.02255,66.51642,6.7252445,7.024748
-433.001,66.31021,6.6801243,7.000011
-433.98294,66.121346,6.635004,6.975274
-434.96814,65.950226,6.5898833,6.950537
-435.9563,65.797226,6.544763,6.9258
-436.94714,65.66274,6.4978623,6.8998404
-437.94037,65.54718,6.4377418,6.864803
-438.93567,65.45099,6.3776217,6.8297663
-439.93268,65.37464,6.317501,6.794729
-440.93103,65.31859,6.257381,6.759692
-441.93036,65.28331,6.1968403,6.724385
-442.93018,65.26924,6.1322923,6.6864977
-443.93008,65.27683,6.0677457,6.6486115
-444.92957,65.306496,6.003197,6.6107244
-445.92813,65.35867,5.9386463,6.572836
-446.92526,65.433784,5.8773365,6.5262423
-447.92032,65.5321,5.843091,6.4069867
-448.91287,65.65338,5.8088465,6.2877355
-449.9024,65.797325,5.774603,6.168488
-450.8884,65.96362,5.7403603,6.0492425
-451.87042,66.15198,5.705709,5.9307528
-452.84802,66.36208,5.668603,5.816814
-453.82077,66.59362,5.6314964,5.7028723
-454.78827,66.84628,5.59439,5.5889306
-455.7501,67.119736,5.557283,5.474988
-456.70584,67.41369,5.509218,5.3838525
-457.65515,67.72781,5.412531,5.3939238
-458.59766,68.06178,5.3158436,5.4039955
-459.53302,68.41527,5.2191563,5.4140673
-460.4609,68.78794,5.1224694,5.4241385
-461.381,69.17949,5.0287805,5.4327497
-462.29297,69.58958,4.945756,5.4361672
-463.1965,70.01791,4.862731,5.4395847
-464.09134,70.46416,4.779706,5.443002
-464.97717,70.928024,4.696681,5.4464197
-465.85373,71.4092,4.6479654,5.433363
-466.72073,71.9074,4.7049594,5.369546
-467.57788,72.42234,4.7619534,5.3057284
-468.4249,72.95375,4.8189473,5.241911
-469.26157,73.501366,4.8759418,5.1780934
-470.08755,74.064926,4.932925,5.114288
-470.90265,74.64415,4.9898787,5.050516
-471.7066,75.23874,5.0468316,4.986745
-472.49918,75.848404,5.103785,4.922973
-473.28015,76.47285,5.1607385,4.8592014
-474.04935,77.11178,5.18643,4.8266377
-474.80652,77.76489,5.12992,4.876134
-475.55154,78.43184,5.07341,4.9256306
-476.28424,79.11229,5.0169,4.9751267
-477.00452,79.80589,4.96039,5.024623
-477.7122,80.51234,4.901681,5.0762644
-478.40717,81.231285,4.837461,5.133282
-479.0893,81.962425,4.773241,5.1903
-479.75845,82.70545,4.709021,5.247318
-480.41455,83.46005,4.6448007,5.3043356
-481.05743,84.22593,4.596766,5.3431673
-481.687,85.00279,4.588978,5.3367767
-482.30316,85.790344,4.5811896,5.330386
-482.9058,86.588295,4.573401,5.3239956
-483.49478,87.396355,4.565613,5.3176055
-484.07004,88.21426,4.5648465,5.303307
-484.63144,89.04171,4.582196,5.268607
-485.17892,89.87845,4.5995464,5.233907
-485.71237,90.72421,4.616896,5.1992073
-486.23166,91.578735,4.6342463,5.1645074
-486.73672,92.44175,4.6530724,5.1317134
-487.22745,93.313,4.6759934,5.104208
-487.70367,94.192245,4.6989145,5.0767026
-488.16537,95.079216,4.7218356,5.049197
-488.6124,95.97368,4.744757,5.021692
-489.04462,96.875374,4.771781,4.999469
-489.46194,97.78406,4.811265,4.9932866
-489.8643,98.699486,4.8507485,4.987105
-490.2515,99.621414,4.8902326,4.980923
-490.6234,100.54961,4.929716,4.9747415
-490.97998,101.48381,4.961675,4.9730716
-491.32104,102.42378,4.9688654,4.9862533
-491.64645,103.36929,4.9760556,4.9994354
-491.95612,104.320076,4.983246,5.012617
-492.24985,105.2759,4.990436,5.0257993
-492.52753,106.23651,4.9866266,5.045464
-492.789,107.20165,4.94518,5.0873113
-493.03415,108.171074,4.903733,5.1291585
-493.2628,109.14452,4.862286,5.171006
-493.4748,110.12173,4.820839,5.2128534
-493.66998,111.10243,4.788441,5.241089
-493.8482,112.08636,4.7860312,5.224218
-494.00928,113.073235,4.783621,5.207347
-494.15308,114.062775,4.781211,5.1904755
-494.27942,115.0547,4.7788005,5.1736045
-494.38812,116.04871,4.7772546,5.155395
-494.47903,117.04451,4.778262,5.133232
-494.55197,118.04178,4.7792697,5.1110687
-494.6068,119.040215,4.780277,5.088906
-494.64334,120.03948,4.7812843,5.066743
-494.66144,121.03925,4.7840476,5.049713
-494.6609,122.039185,4.7911167,5.0452695
-494.64157,123.03893,4.798186,5.040826
-494.6033,124.03814,4.8052554,5.036382
-494.5459,125.03642,4.8123245,5.031939
-494.4692,126.03341,4.815768,5.030095
-494.37317,127.028725,4.812129,5.0333295
-494.2579,128.02199,4.8084908,5.036564
-494.12357,129.01286,4.804852,5.0397983
-493.97034,130.00099,4.8012137,5.0430326
-493.79828,130.98601,4.7915697,5.049901
-493.60764,131.9676,4.7725973,5.0624146
-493.3986,132.94545,4.753625,5.0749283
-493.17133,133.9192,4.7346525,5.087442
-492.92606,134.8886,4.71568,5.0999556
-492.66296,135.8533,4.708429,5.1021643
-492.3823,136.81303,4.716274,5.0911007
-492.0842,137.76752,4.7241187,5.0800376
-491.76892,138.71645,4.731964,5.068974
-491.43665,139.65956,4.739809,5.0579104
-491.0876,140.59659,4.755378,5.040156
-490.72195,141.52728,4.7798066,5.014726
-490.33994,142.45137,4.804235,4.9892964
-489.94174,143.3686,4.8286633,4.9638667
-489.5276,144.27875,4.8530917,4.9384375
-489.0977,145.18155,4.8578286,4.9403095
-488.65225,146.0768,4.840501,4.972774
-488.19147,146.96423,4.8231735,5.0052385
-487.71555,147.84364,4.8058457,5.0377026
-487.22464,148.7148,4.788518,5.070167
-486.71902,149.57748,4.7702537,5.103797
-486.19885,150.43147,4.7508473,5.1388474
-485.66437,151.27657,4.731441,5.1738973
-485.11572,152.11255,4.7120347,5.2089477
-484.55313,152.93922,4.6926284,5.2439976
-483.97684,153.75638,4.687553,5.2578945
-483.38696,154.5638,4.7039027,5.2401657
-482.78366,155.36122,4.7202525,5.222437
-482.16702,156.14839,4.7366023,5.204708
-481.5372,156.92505,4.752952,5.1869793
-480.8943,157.69092,4.7694263,5.169063
-480.2384,158.4457,4.786159,5.150755
-479.5696,159.18907,4.802892,5.1324472
-478.888,159.9207,4.8196254,5.1141396
-478.19366,160.64024,4.836358,5.095832
-477.48663,161.34734,4.849967,5.0800176
-476.767,162.04163,4.8539224,5.0719094
-476.03485,162.72267,4.8578773,5.063802
-475.29022,163.39005,4.8618326,5.0556936
-474.53317,164.0433,4.8657875,5.0475855
-473.7638,164.682,4.863756,5.0442214
-472.9822,165.30566,4.835834,5.061373
-472.18845,165.91379,4.8079123,5.078525
-471.38263,166.50586,4.7799907,5.0956774
-470.56488,167.08133,4.752069,5.112829
-469.73535,167.63966,4.724237,5.129942
-468.89417,168.18027,4.696827,5.1468716
-468.0414,168.70248,4.669417,5.163801
-467.17728,169.2056,4.642007,5.1807313
-466.3019,169.68889,4.6145964,5.1976614
-465.4155,170.15161,4.6002965,5.204049
-464.51834,170.59314,4.6346965,5.1712775
-463.61084,171.01302,4.6690955,5.138507
-462.69342,171.4108,4.703495,5.1057353
-461.7666,171.78607,4.737897,5.0729623
-460.83078,172.13838,4.7724013,5.0402107
-459.88663,172.46765,4.807142,5.0075135
-458.93494,172.77441,4.8418813,4.9748178
-457.97644,173.05931,4.8766184,4.942124
-457.0119,173.323,4.9113555,4.90943
-456.042,173.56613,4.911371,4.9151673
-455.06726,173.78934,4.8605227,4.9772024
-454.08835,173.99327,4.8096724,5.03924
-453.10574,174.17856,4.758822,5.1012774
-452.1199,174.34586,4.707971,5.1633153
-451.13126,174.49583,4.6560507,5.2264743
-450.14026,174.62917,4.603015,5.290803
-449.14725,174.74654,4.5499787,5.355132
-448.15253,174.84863,4.4969435,5.4194603
-447.1564,174.93617,4.443908,5.4837885
-446.15918,175.00986,4.423136,5.5127273
-445.16107,175.07034,4.430936,5.5103273
-444.1623,175.11827,4.4387355,5.5079274
-443.163,175.15425,4.446535,5.5055275
-442.16336,175.17892,4.4543343,5.503128
-441.1635,175.19293,4.47952,5.481641
-440.16357,175.1969,4.5201206,5.443229
-439.16364,175.19144,4.5607214,5.404817
-438.1638,175.17717,4.601322,5.366406
-437.1641,175.15471,4.641923,5.3279943
-436.1646,175.12468,4.678808,5.2942047
-435.16534,175.08752,4.712059,5.264936
-434.16635,175.0436,4.7453103,5.2356668
-433.1677,174.99316,4.7785616,5.2063975
-432.16934,174.93658,4.811813,5.177129
-431.17136,174.87415,4.8434563,5.1497602
-430.1737,174.80612,4.8733797,5.1244254
-429.17645,174.73271,4.9033027,5.09909
-428.1796,174.65416,4.933226,5.0737553
-427.18314,174.57066,4.963149,5.0484204
-426.1871,174.48242,4.9925227,5.0235434
-425.19147,174.38971,5.021277,4.9991817
-424.19623,174.29272,5.050031,4.9748206
-423.2014,174.19173,5.0787854,4.9504595
-422.20694,174.08696,5.1075397,4.9260983
-421.2129,173.97868,5.123277,4.913092
-420.21918,173.86711,5.1238766,4.913292
-419.2258,173.7525,5.1244755,4.9134917
-418.2328,173.63507,5.125075,4.9136915
-417.24005,173.51506,5.1256742,4.9138913
-416.24762,173.39272,5.1262736,4.914
-415.25546,173.26826,5.126873,4.914
-414.26352,173.14195,5.1274724,4.914
-413.2718,173.01402,5.128072,4.914
-412.2802,172.88472,5.128671,4.914
-411.28882,172.75429,5.1292706,4.914
-410.29755,172.62296,5.12987,4.914
-409.30634,172.49095,5.13047,4.914
-408.31522,172.35847,5.131069,4.914
-407.3241,172.22575,5.1316686,4.914
-406.333,172.09302,5.132268,4.914
-405.3419,171.96036,5.132868,4.914
-404.35077,171.82777,5.133467,4.914
-403.35965,171.69527,5.1340666,4.914
-402.3685,171.56279,5.1346664,4.914
-401.37735,171.43037,5.135266,4.9140887
-400.3862,171.29797,5.1358657,4.9142885
-399.39505,171.16562,5.1364655,4.9144883
-398.4039,171.0333,5.137065,4.914688
-397.41275,170.90102,5.137665,4.9148884
-396.42157,170.7688,5.138264,4.915
-395.43042,170.63661,5.138864,4.915
-394.43924,170.50447,5.139464,4.915
-393.44803,170.37238,5.140064,4.915
-392.45685,170.24033,5.140663,4.915
-391.46564,170.10832,5.141263,4.915
-390.47446,169.97636,5.141863,4.915
-389.48325,169.84445,5.1424627,4.915
-388.49203,169.71257,5.1430626,4.915
-387.5008,169.58073,5.1436625,4.915
-386.50958,169.44894,5.1442623,4.915
-385.51834,169.3172,5.144862,4.915
-384.5271,169.1855,5.145462,4.915
-383.53586,169.05383,5.146062,4.915
-382.54462,168.92223,5.1466618,4.915
-381.55334,168.79065,5.147262,4.915
-380.5621,168.65912,5.147862,4.915
-379.57083,168.52762,5.148462,4.915
-378.57956,168.39618,5.1490617,4.915
-377.5883,168.26477,5.1496615,4.915
-376.597,168.1334,5.150262,4.915087
-375.6057,168.00209,5.1508617,4.9152875
-374.6144,167.8708,5.151462,4.9154873
-373.6231,167.73956,5.152062,4.915687
-372.6318,167.60837,5.152662,4.9158874
-371.6405,167.47722,5.153262,4.916
-370.64917,167.3461,5.153862,4.916
-369.65787,167.21503,5.1544623,4.916
-368.66653,167.084,5.155062,4.916
-367.6752,166.953,5.1556625,4.916
-366.68387,166.82207,5.1562624,4.916
-365.69254,166.69115,5.1568627,4.916
-364.70117,166.56029,5.1574626,4.916
-363.7098,166.42946,5.158063,4.916
-362.71844,166.29868,5.1586633,4.916
-361.72708,166.16794,5.159263,4.916
-360.73572,166.03723,5.1598635,4.916
-359.74435,165.90657,5.160464,4.916
-358.75296,165.77594,5.1610637,4.916
-357.7616,165.64536,5.161664,4.916
-356.7702,165.51482,5.1622643,4.916
-355.7788,165.38431,5.1628647,4.916
-354.78738,165.25385,5.1634645,4.916
-353.796,165.12343,5.164065,4.916
-352.80457,164.99304,5.164665,4.916
-351.81314,164.8627,5.1652656,4.9160886
-350.82175,164.73239,5.165866,4.9162884
-349.8303,164.60213,5.1664658,4.9164886
-348.83887,164.4719,5.167066,4.916689
-347.84744,164.3417,5.1676664,4.9168887
-346.856,164.21156,5.168267,4.917
-345.86453,164.08145,5.168867,4.917
-344.87308,163.95139,5.1694674,4.917
-343.88162,163.82135,5.170068,4.917
-342.89017,163.69135,5.170668,4.917
-341.8987,163.5614,5.1712685,4.917
-340.90723,163.43147,5.171869,4.917
-339.91574,163.3016,5.172469,4.917
-338.92426,163.17175,5.173069,4.917
-337.93277,163.04196,5.1736693,4.917
-336.94128,162.91219,5.1742697,4.917
-335.94977,162.78247,5.17487,4.917
-334.95828,162.65277,5.1754704,4.917
-333.96677,162.52312,5.1760707,4.917
-332.97525,162.39351,5.176671,4.917
-331.98373,162.26393,5.1772714,4.9170904
-330.99222,162.1344,5.1778717,4.9172907
-330.0007,162.0049,5.178472,4.917491
-329.00916,161.87543,5.1790724,4.9176908
-328.0176,161.746,5.179673,4.917891
-327.02606,161.61661,5.1802735,4.918
-326.03452,161.48726,5.180874,4.918
-325.04297,161.35794,5.181474,4.918
-324.05142,161.22865,5.1820745,4.918
-323.05984,161.09941,5.182675,4.918
-322.0683,160.9702,5.183275,4.918
-321.07672,160.84103,5.1838756,4.918
-320.08514,160.71188,5.184476,4.918
-319.09357,160.5828,5.185076,4.918
-318.102,160.45372,5.1856766,4.918
-317.11038,160.32469,5.186277,4.918
-316.1188,160.19571,5.1868773,4.918
-315.1272,160.06674,5.1874776,4.918
-314.1356,159.93782,5.188078,4.918
-313.14398,159.80894,5.1886783,4.918
-312.15237,159.68008,5.1892786,4.918
-311.16077,159.55127,5.189879,4.918
-310.16913,159.42249,5.1904793,4.918
-309.17752,159.29375,5.1910796,4.918
-308.18588,159.16504,5.19168,4.918
-307.19424,159.03636,5.1922803,4.918093
-306.2026,158.90771,5.1928806,4.9182935
-305.21097,158.77911,5.193481,4.9184937
-304.2193,158.65053,5.1940813,4.9186935
-303.22766,158.52199,5.1946816,4.918894
-302.236,158.3935,5.195282,4.919
-301.24432,158.26501,5.1958823,4.919
-300.25266,158.13658,5.196482,4.919
-299.261,158.00818,5.1970825,4.919
-298.26932,157.8798,5.197683,4.919
-297.27765,157.75148,5.198283,4.919
-296.28595,157.62317,5.1988835,4.919
-295.29428,157.4949,5.199484,4.919
-294.30258,157.36667,5.200084,4.919
-293.31088,157.23846,5.200684,4.919
-292.31918,157.1103,5.2012844,4.919
-291.32748,156.98216,5.2018847,4.919
-290.33575,156.85406,5.202485,4.919
-289.34406,156.72598,5.2030854,4.919
-288.35233,156.59795,5.2036853,4.919
-287.36063,156.46996,5.2042856,4.919
-286.3689,156.34198,5.204886,4.919
-285.37717,156.21404,5.205486,4.919
-284.3854,156.08612,5.206086,4.919
-283.39368,155.95825,5.2066865,4.919
-282.40195,155.83041,5.2072864,4.9190955
-281.4102,155.70259,5.2078867,4.919296
-280.41843,155.57481,5.208487,4.9194956
-279.4267,155.44707,5.209087,4.919696
-278.43494,155.31935,5.209687,4.9198956
-277.44318,155.19167,5.210287,4.92
-276.4514,155.06401,5.2108874,4.92
-275.45963,154.93639,5.2114873,4.92
-274.46783,154.80879,5.2120876,4.92
-273.47607,154.68124,5.2126875,4.92
-272.48428,154.55371,5.213288,4.92
-271.4925,154.42621,5.2138877,4.92
-270.5007,154.29874,5.2144876,4.92
-269.5089,154.17131,5.215088,4.92
-268.51712,154.0439,5.2156878,4.92
-267.5253,153.91652,5.2162876,4.92
-266.5335,153.78917,5.216888,4.92
-265.5417,153.66185,5.217488,4.92
-264.54987,153.53458,5.2180877,4.92
-263.55804,153.40732,5.2186875,4.92
-262.56622,153.28009,5.2192874,4.92
-261.5744,153.1529,5.2198873,4.92
-260.58258,153.02573,5.220487,4.92
-259.59073,152.89859,5.2210875,4.92
-258.5989,152.77148,5.2216873,4.92
-257.60706,152.6444,5.222287,4.9200954
-256.61523,152.51735,5.2228866,4.9202957
-255.62337,152.39034,5.2234864,4.9204955
-254.63152,152.26334,5.2240863,4.9206953
-253.63966,152.13637,5.224686,4.9208956
-252.6478,152.00945,5.225286,4.921
-251.65594,151.88254,5.225886,4.921
-250.66408,151.75566,5.2264857,4.921
-249.6722,151.62881,5.227085,4.921
-248.68033,151.50198,5.227685,4.921
-247.68845,151.3752,5.228285,4.921
-246.69656,151.24843,5.228884,4.921
-245.70468,151.1217,5.229484,4.921
-244.7128,150.995,5.2300835,4.921
-243.7209,150.8683,5.2306833,4.921
-242.729,150.74165,5.2312827,4.921
-241.7371,150.61504,5.2318826,4.921
-240.74521,150.48843,5.232482,4.921
-239.7533,150.36186,5.2330813,4.921
-238.76138,150.23532,5.233681,4.921
-237.76947,150.1088,5.2342806,4.9210935
-236.77756,149.98232,5.23488,4.9212933
-235.78563,149.85585,5.2354794,4.921493
-234.79372,149.72942,5.236079,4.921693
-233.80179,149.60301,5.2366786,4.9218926
-232.80986,149.47662,5.237278,4.922
-231.81792,149.35027,5.2378774,4.922
-230.82599,149.22394,5.2384768,4.922
-229.83405,149.09764,5.239076,4.922
-228.8421,148.97136,5.239675,4.922
-227.85016,148.84511,5.2402744,4.922
-226.8582,148.71887,5.240874,4.922
-225.86626,148.59268,5.241473,4.922
-224.8743,148.4665,5.242072,4.922
-223.88234,148.34036,5.2426715,4.922
-222.89037,148.21423,5.243271,4.922
-221.8984,148.08813,5.24387,4.922
-220.90643,147.96207,5.244469,4.922
-219.91446,147.83601,5.245068,4.922
-218.92249,147.70999,5.245667,4.922
-217.93051,147.584,5.2462664,4.922
-216.93852,147.45802,5.2468653,4.922
-215.94653,147.33208,5.247464,4.922
-214.95454,147.20615,5.248063,4.922
-213.96255,147.08025,5.2486625,4.922
-212.97057,146.95438,5.2492614,4.922087
-211.97856,146.82852,5.2498603,4.9222865
-210.98656,146.7027,5.250459,4.9224863
-209.99455,146.57689,5.251058,4.922686
-209.00255,146.45111,5.2516565,4.9228854
-208.01054,146.32536,5.2522554,4.923
-207.01852,146.19963,5.2528543,4.923
-206.0265,146.07391,5.2534533,4.923
-205.0345,145.94824,5.2540517,4.923
-204.04247,145.82257,5.2546506,4.923
-203.05045,145.69693,5.255249,4.923
-202.05841,145.57132,5.255848,4.923
-201.06639,145.44574,5.2564464,4.923
-200.07436,145.32016,5.2570453,4.923
-199.08232,145.19461,5.2576437,4.923
-198.09027,145.06909,5.258242,4.923
-197.09824,144.94359,5.2588406,4.923
-196.10619,144.8181,5.259439,4.923
-195.11415,144.69264,5.2600374,4.923
-194.12209,144.56721,5.260636,4.923
-193.13004,144.44182,5.2612343,4.923
-192.13799,144.31644,5.2618327,4.923
-191.14592,144.19109,5.262431,4.923
-190.15385,144.06573,5.2630296,4.923
-189.16179,143.9404,5.2636275,4.923
-188.16974,143.81506,5.264226,4.923075
-187.17767,143.68973,5.264824,4.9232745
-186.18561,143.56442,5.2654223,4.9234743
-185.19353,143.43916,5.2660203,4.9236736
-184.20145,143.314,5.2666187,4.923873
-183.20935,143.18895,5.2672167,4.924
-182.21724,143.06398,5.2678146,4.924
-181.22513,142.939,5.2684126,4.924
-180.23303,142.8139,5.2690105,4.924
-179.24097,142.6886,5.2696085,4.924
-178.24893,142.56299,5.2683473,4.9242754
-177.25693,142.43729,5.2635627,4.9250727
-176.26483,142.31218,5.258778,4.9258704
-175.27257,142.1884,5.253994,4.9266677
-174.28006,142.0667,5.2492094,4.927465
-173.2872,141.94778,5.2396092,4.9288564
-172.29391,141.83253,5.2201934,4.9314585
-171.3001,141.72203,5.2007775,4.9340606
-170.30563,141.61737,5.181361,4.936663
-169.31047,141.51967,5.1619453,4.9392653
-168.31456,141.43,5.142472,4.941942
-167.31786,141.34947,5.1228824,4.9447694
-166.32039,141.27922,5.1032934,4.947597
-165.32217,141.22034,5.083704,4.950424
-164.32332,141.17393,5.064115,4.9532514
-163.32391,141.14114,5.053012,4.9526644
-162.32413,141.12311,5.0556645,4.946543
-161.3242,141.12105,5.058317,4.9404216
-160.32437,141.13618,5.06097,4.9343
-159.325,141.16974,5.063623,4.9281783
-158.32649,141.22292,5.074773,4.9185834
-157.3293,141.29688,5.095098,4.9052386
-156.33397,141.39268,5.1154227,4.891894
-155.34111,141.51141,5.1357474,4.8785496
-154.35143,141.65411,5.156071,4.865206
-153.36566,141.82184,5.1601434,4.8658476
-152.38467,142.01547,5.153819,4.8754354
-151.40935,142.23587,5.1474953,4.8850236
-150.44066,142.48381,5.14117,4.894613
-149.47968,142.76012,5.134845,4.9042034
-148.52753,143.06544,5.1183367,4.922368
-147.58498,143.39925,5.097639,4.944061
-146.65251,143.7603,5.076945,4.96575
-145.73056,144.14742,5.056252,4.9874377
-144.81947,144.55942,5.035559,5.009125
-143.9195,144.9952,5.059541,4.98838
-143.03085,145.45363,5.1042595,4.9479394
-142.15364,145.93356,5.148979,4.907497
-141.2879,146.43391,5.193698,4.8670554
-140.43361,146.95358,5.2384167,4.8266144
-139.59073,147.49155,5.282554,4.787168
-138.75928,148.04704,5.3261967,4.7485685
-137.93945,148.61954,5.3698406,4.7099676
-137.1314,149.20851,5.413484,4.671367
-136.33524,149.81349,5.4571276,4.632767
-135.55109,150.43396,5.455217,4.640669
-134.77919,151.06961,5.3803105,4.723086
-134.01994,151.7203,5.3054028,4.8055043
-133.27377,152.38596,5.230493,4.8879247
-132.54109,153.06644,5.155583,4.9703455
-131.82236,153.76163,5.0820155,5.049246
-131.11797,154.47133,5.011241,5.1208243
-130.42825,155.19533,4.9404674,5.1924024
-129.7536,155.93338,4.8696933,5.2639804
-129.09436,156.68521,4.798919,5.335559
-128.45088,157.45059,4.762317,5.3314314
-127.82348,158.2292,4.7888474,5.187439
-127.21239,159.02068,4.8153777,5.043447
-126.617836,159.82465,4.8419075,4.899455
-126.04003,160.64075,4.868438,4.755463
-125.479195,161.46858,4.887096,4.6351027
-124.935524,162.3078,4.894585,4.548272
-124.40916,163.15799,4.902074,4.461442
-123.90024,164.01872,4.9095626,4.3746123
-123.4089,164.8896,4.9170513,4.2877827
-122.93527,165.77026,4.907729,4.252311
-122.4795,166.66028,4.879656,4.2741237
-122.04171,167.55928,4.8515825,4.2959356
-121.62205,168.46689,4.8235097,4.317748
-121.22064,169.38272,4.7954364,4.33956
-120.83762,170.30638,4.78158,4.3533616
-120.47312,171.23752,4.7807736,4.359809
-120.127266,172.17574,4.779968,4.3662567
-119.80018,173.12067,4.779162,4.372704
-119.492,174.07191,4.778356,4.379152
-119.20284,175.02913,4.787424,4.3800926
-118.932846,175.99193,4.8043056,4.376676
-118.68211,176.95992,4.8211875,4.3732595
-118.45079,177.93272,4.8380694,4.369843
-118.23899,178.90996,4.854951,4.3664265
-118.04683,179.89127,4.8635173,4.3716526
-117.87444,180.87622,4.8661222,4.3830743
-117.72195,181.86446,4.868727,4.394496
-117.58946,182.85558,4.871332,4.4059176
-117.47711,183.84918,4.873937,4.41734
-117.385025,184.84486,4.8694463,4.436298
-117.313286,185.84222,4.8600645,4.4604516
-117.26198,186.84084,4.8506823,4.484605
-117.23118,187.84029,4.8413005,4.508758
-117.22097,188.84018,4.8319187,4.5329113
-117.23143,189.84006,4.783774,4.535243
-117.26257,190.8395,4.707825,4.521922
-117.31437,191.83809,4.631877,4.5086017
-117.386795,192.83539,4.555929,4.4952807
-117.47981,193.831,4.4799814,4.4819603
-117.59341,194.82445,4.4051614,4.4595327
-117.72758,195.81534,4.3312535,4.4297314
-117.88237,196.80322,4.2573457,4.3999295
-118.057846,197.78763,4.1834373,4.370128
-118.254036,198.76813,4.10953,4.3403263
-118.47099,199.74423,4.112894,4.3177247
-118.708786,200.71548,4.1877966,4.301788
-118.9675,201.68137,4.2626987,4.2858515
-119.24722,202.64137,4.3376017,4.2699146
-119.54804,203.59499,4.412504,4.253978
-119.87005,204.54164,4.48889,4.250599
-120.2133,205.4808,4.5667634,4.2598076
-120.5779,206.4119,4.644636,4.2690163
-120.963905,207.33432,4.7225084,4.2782245
-121.371376,208.24745,4.8003793,4.287433
-121.80038,209.15068,4.8806877,4.3159375
-122.250984,210.04332,4.963394,4.3634286
-122.72333,210.92465,5.046102,4.4109197
-123.21749,211.79393,5.128812,4.4584126
-123.73359,212.65038,5.211523,4.505906
-124.27166,213.49318,5.2574487,4.5558524
-124.83152,214.32167,5.2713766,4.6079307
-125.41275,215.13531,5.2853045,4.6600075
-126.01494,215.93358,5.299232,4.712085
-126.63768,216.7159,5.31316,4.764163
-127.28055,217.48178,5.2947702,4.8184237
-127.94292,218.23087,5.253044,4.87426
-128.62401,218.96295,5.211319,4.9300947
-129.32306,219.67792,5.169595,4.9859285
-130.03934,220.37563,5.1278706,5.0417624
-130.77213,221.05598,5.111378,5.05305
-131.52077,221.71884,5.1103745,5.036992
-132.28464,222.36409,5.1093707,5.0209336
-133.06313,222.99164,5.1083674,5.004875
-133.85565,223.60138,5.1073637,4.988817
-134.66162,224.19322,5.116177,4.9557233
-135.48047,224.76709,5.130567,4.912953
-136.31169,225.32292,5.144957,4.8701825
-137.15472,225.86064,5.159347,4.827412
-138.0091,226.38019,5.1737375,4.7846413
-138.87427,226.88152,5.188359,4.765838
-139.74977,227.3646,5.203113,4.760854
-140.63512,227.82936,5.2178674,4.7558694
-141.52985,228.27582,5.232621,4.7508845
-142.4335,228.70393,5.2473745,4.7459006
-143.34563,229.1137,5.2621355,4.7465925
-144.26585,229.5049,5.276901,4.7507825
-145.19385,229.87732,5.2916665,4.754973
-146.12927,230.23064,5.3064322,4.7591634
-147.07181,230.56458,5.3211994,4.763354
-148.02104,230.87889,5.325661,4.7707205
-148.97649,231.17386,5.3234563,4.780141
-149.93747,231.45021,5.3212514,4.7895617
-150.90343,231.7087,5.319047,4.7989817
-151.8738,231.95004,5.316842,4.8084025
-152.8481,232.17505,5.30694,4.8203154
-153.82573,232.38506,5.2922826,4.833768
-154.80612,232.58179,5.277625,4.847221
-155.78877,232.767,5.262968,4.860673
-156.77321,232.94246,5.248311,4.8741255
-157.75903,233.10994,5.2336726,4.887561
-158.74588,233.27124,5.2190437,4.900987
-159.73344,233.42815,5.2044144,4.914414
-160.7214,233.58247,5.1897855,4.9278407
-161.7095,233.73602,5.175156,4.9412675
-162.69743,233.89055,5.1606693,4.954683
-163.68509,234.04689,5.14626,4.9680915
-164.67241,234.2053,5.1318507,4.9815
-165.65935,234.36603,5.117441,4.994909
-166.64587,234.52933,5.1030316,5.0083175
-167.63194,234.69539,5.0884986,5.0217204
-168.61755,234.86414,5.0738997,5.0351195
-169.60275,235.03525,5.0593004,5.048519
-170.58759,235.20845,5.044701,5.0619183
-171.57211,235.3834,5.030102,5.0753174
-172.55638,235.55983,5.0226593,5.08091
-173.54042,235.73749,5.0190606,5.0823097
-174.52426,235.9162,5.0154624,5.0837092
-175.50795,236.0958,5.0118637,5.0851088
-176.49152,236.27611,5.008265,5.086508
-177.47498,236.45695,5.0064816,5.0859632
-178.45834,236.63826,5.005682,5.084364
-179.44164,236.81999,5.0048823,5.0827646
-180.42487,237.00212,5.0040827,5.0811653
-181.40802,237.18462,5.003283,5.079566
-182.39111,237.36748,5.0026126,5.0778375
-183.37413,237.55066,5.0020127,5.076038
-184.3571,237.73416,5.001413,5.074239
-185.34001,237.918,5.000813,5.072439
-186.32285,238.10214,5.000213,5.07064
-187.30565,238.2866,4.9996133,5.0688405
-188.28838,238.47136,4.999014,5.067041
-189.27106,238.6564,4.998414,5.065242
-190.25368,238.84172,4.997814,5.063442
-191.23625,239.02731,4.9972143,5.0616426
-192.21878,239.21315,4.9966145,5.059843
-193.20126,239.39925,4.9960146,5.0580435
-194.1837,239.58556,4.9954147,5.056244
-195.16609,239.77211,4.994815,5.0544443
-196.14845,239.95886,4.994215,5.052645
-197.13077,240.14583,4.993487,5.050845
-198.11304,240.33298,4.992687,5.0490456
-199.09529,240.52032,4.991887,5.047246
-200.0775,240.70784,4.9910874,5.0454464
-201.05968,240.89552,4.9902873,5.043647
-202.04182,241.08334,4.989616,5.041847
-203.02396,241.27132,4.9890156,5.0400476
-204.00604,241.45943,4.9884157,5.0382476
-204.98811,241.64764,4.987816,5.036448
-205.97017,241.83598,4.987216,5.0346484
-206.95221,242.02443,4.986616,5.0328484
-207.93422,242.21295,4.9860163,5.031049
-208.91621,242.40157,4.9854164,5.029249
-209.89821,242.59026,4.9848166,5.027449
-210.88019,242.77899,4.9842167,5.0256495
-211.86215,242.96779,4.9834886,5.0238495
-212.8441,243.15662,4.982689,5.02205
-213.82605,243.34549,4.981889,5.0202503
-214.808,243.53436,4.981089,5.0184503
-215.78995,243.72327,4.980289,5.0166507
-216.7719,243.91216,4.9796166,5.0148506
-217.75385,244.10103,4.979017,5.0130506
-218.7358,244.2899,4.978417,5.011251
-219.71776,244.47873,4.977817,5.009451
-220.69972,244.66751,4.977217,5.0076513
-221.6817,244.85625,4.9766173,5.0058513
-222.66368,245.0449,4.976017,5.004051
-223.64569,245.2335,4.975417,5.0022516
-224.6277,245.42203,4.9748173,5.0004516
-225.60974,245.61044,4.9742174,4.998652
-226.5918,245.79877,4.9734898,4.996852
-227.57388,245.98698,4.9726896,4.995052
-228.55598,246.17506,4.97189,4.9932523
-229.5381,246.363,4.97109,4.991452
-230.52026,246.55081,4.9702897,4.989652
-231.50244,246.73845,4.9696174,4.9878526
-232.48466,246.92593,4.9690175,4.9860525
-233.46692,247.11325,4.9684176,4.9842525
-234.44919,247.3004,4.9678173,4.9824524
-235.4315,247.48738,4.9672174,4.980653
-236.41385,247.6742,4.9666176,4.9788527
-237.39622,247.86084,4.9660177,4.9770527
-238.37863,248.04733,4.965418,4.975253
-239.36105,248.23367,4.9648175,4.973453
-240.34352,248.41985,4.9642177,4.971653
-241.32602,248.60587,4.963618,4.9698534
-242.30855,248.79173,4.963018,4.9680533
-243.29109,248.97746,4.9624176,4.9662533
-244.27367,249.16304,4.9618177,4.9644537
-245.25627,249.34848,4.961218,4.9626536
-246.2389,249.53377,4.9604907,4.9608536
-247.22156,249.71892,4.9596906,4.9590535
-248.20425,249.90393,4.9588904,4.957254
-249.18697,250.0888,4.958091,4.955454
-250.1697,250.27354,4.9572906,4.953654
-251.15245,250.45816,4.956618,4.951854
-252.13524,250.64265,4.956018,4.950054
-253.11804,250.82701,4.955418,4.948254
-254.10088,251.01125,4.9548182,4.9464545
-255.08372,251.19536,4.954218,4.9446545
-256.0666,251.37935,4.953618,4.9428544
-257.0495,251.56323,4.953018,4.941055
-258.0324,251.747,4.9524183,4.9392548
-259.01535,251.93063,4.9518185,4.9374547
-259.99832,252.11418,4.951218,4.9356546
-260.9813,252.2976,4.950873,4.9357634
-261.9643,252.48093,4.9506726,4.936963
-262.94733,252.66415,4.950473,4.9381633
-263.93036,252.84727,4.950273,4.939363
-264.91342,253.03029,4.950073,4.940563
-265.89648,253.21321,4.949873,4.9418902
-266.87958,253.39604,4.9496727,4.94329
-267.8627,253.57877,4.949473,4.94469
-268.84583,253.76141,4.9492726,4.9460897
-269.82898,253.94397,4.949073,4.9474897
-270.81213,254.12643,4.948873,4.9488897
-271.79532,254.30882,4.948673,4.9502897
-272.7785,254.49113,4.948473,4.9516897
-273.7617,254.67336,4.9482727,4.9530897
-274.74493,254.85551,4.948073,4.9544897
-275.72815,255.03758,4.948,4.9557624
-276.7114,255.21959,4.948,4.956962
-277.69467,255.40152,4.948,4.9581623
-278.67792,255.58339,4.948,4.959362
-279.66122,255.76518,4.948,4.960562
-280.6445,255.94691,4.947873,4.961889
-281.6278,256.1286,4.947673,4.963289
-282.61115,256.3102,4.947473,4.964689
-283.59445,256.49176,4.9472733,4.966089
-284.5778,256.67328,4.947073,4.967489
-285.56116,256.85474,4.947,4.9688883
-286.5445,257.03613,4.947,4.9702883
-287.52786,257.2175,4.947,4.9716883
-288.51126,257.3988,4.947,4.9730883
-289.49463,257.58008,4.947,4.9744883
-290.47803,257.7613,4.946873,4.975888
-291.46143,257.94247,4.9466734,4.977288
-292.44482,258.12363,4.946473,4.978688
-293.42822,258.30475,4.9462733,4.9800878
-294.41165,258.48584,4.946073,4.9814878
-295.39505,258.6669,4.9458733,4.982761
-296.37848,258.84793,4.9456735,4.9839606
-297.3619,259.02893,4.945473,4.9851604
-298.34537,259.20993,4.9452734,4.9863605
-299.3288,259.39087,4.945073,4.9875603
-300.31223,259.57184,4.945,4.988887
-301.2957,259.75275,4.945,4.990287
-302.2791,259.93365,4.945,4.991687
-303.26257,260.11456,4.945,4.9930863
-304.24603,260.29547,4.945,4.9944863
-305.2295,260.47635,4.9448733,4.9958863
-306.21292,260.65723,4.9446735,4.9972863
-307.19638,260.8381,4.9444733,4.9986863
-308.17984,261.01898,4.9442735,5.000086
-309.1633,261.1999,4.9440737,5.001486
-310.14673,261.38077,4.9438734,5.002886
-311.1302,261.56165,4.9436736,5.004286
-312.11365,261.74255,4.9434733,5.0056853
-313.09708,261.92346,4.9432735,5.0070853
-314.08054,262.1044,4.9430737,5.0084853
-315.06396,262.28534,4.943,5.0097585
-316.04742,262.4663,4.943,5.0109587
-317.03085,262.64728,4.943,5.0121584
-318.01428,262.82828,4.943,5.013358
-318.9977,263.0093,4.943,5.0145583
-319.98114,263.19037,4.9428735,5.0158844
-320.96454,263.37146,4.9426737,5.0172844
-321.94797,263.55255,4.942474,5.018684
-322.93137,263.7337,4.9422736,5.020084
-323.91476,263.9149,4.942074,5.021484
-324.89816,264.09613,4.9418736,5.022884
-325.88153,264.27737,4.9416738,5.0242834
-326.8649,264.45868,4.941474,5.0256834
-327.84827,264.64005,4.9412737,5.0270834
-328.83163,264.82144,4.941074,5.028483
-329.81497,265.0029,4.941,5.029883
-330.7983,265.1844,4.941,5.031283
-331.78165,265.36594,4.941,5.0326824
-332.76495,265.54755,4.941,5.0340824
-333.74826,265.72922,4.941,5.0354824
-334.73157,265.91095,4.940874,5.036882
-335.71484,266.09274,4.940674,5.038282
-336.69812,266.2746,4.940474,5.039682
-337.6814,266.4565,4.9402742,5.041082
-338.66464,266.63852,4.940074,5.0424814
-339.6479,266.8206,4.939874,5.0437555
-340.6311,267.00272,4.939674,5.0449553
-341.6143,267.18494,4.939474,5.046155
-342.5975,267.36722,4.9392743,5.047355
-343.58066,267.54962,4.939074,5.048555
-344.56384,267.7321,4.939,5.0498805
-345.54697,267.9146,4.939,5.0512805
-346.53012,268.09726,4.939,5.05268
-347.5132,268.27997,4.939,5.05408
-348.4963,268.46277,4.939,5.05548
-349.4794,268.6457,4.9388742,5.0568795
-350.46246,268.82864,4.9386744,5.0582795
-351.44553,269.01172,4.938474,5.059679
-352.42856,269.19485,4.9382744,5.061079
-353.41156,269.37808,4.9380746,5.062479
-354.39456,269.5614,4.9378743,5.0638785
-355.37756,269.74478,4.9376745,5.0652785
-356.36053,269.92822,4.9374747,5.0666785
-357.3435,270.11176,4.9372745,5.068078
-358.32645,270.29535,4.9370747,5.069478
-359.3094,270.47903,4.937,5.070752
-360.2923,270.66278,4.937,5.0719523
-361.2752,270.8466,4.937,5.073152
-362.25812,271.0305,4.937,5.074352
-363.241,271.21442,4.937,5.0755515
-364.22388,271.39844,4.936875,5.0768766
-365.20673,271.5825,4.9366746,5.0782766
-366.18958,271.76663,4.936475,5.0796766
-367.17242,271.95084,4.936275,5.081076
-368.15524,272.13507,4.9360747,5.082476
-369.13806,272.31937,4.935875,5.0838757
-370.12088,272.50372,4.9356747,5.0852757
-371.10367,272.68814,4.935475,5.0866756
-372.08646,272.87262,4.935275,5.088075
-373.06924,273.05713,4.935075,5.089475
-374.052,273.2417,4.935,5.090875
-375.03476,273.42633,4.935,5.0922747
-376.01752,273.611,4.935,5.0936747
-377.00024,273.7957,4.935,5.0950747
-377.983,273.98044,4.935,5.096474
-378.96573,274.16522,4.934875,5.097749
-379.94843,274.35004,4.934675,5.098949
-380.93115,274.5349,4.934475,5.100149
-381.91385,274.71982,4.934275,5.101349
-382.89655,274.9048,4.9340754,5.1025486
-383.87924,275.08975,4.933875,5.1038733
-384.8619,275.27475,4.9336753,5.1052732
-385.8446,275.4598,4.9334755,5.106673
-386.82727,275.64487,4.933275,5.1080728
-387.80994,275.83,4.9330754,5.1094728
-388.7926,276.0151,4.933,5.1108723
-389.77527,276.20026,4.933,5.1122723
-390.7579,276.38544,4.933,5.1136723
-391.74057,276.57062,4.933,5.115072
-392.7232,276.75586,4.933,5.116472
-393.70584,276.9411,4.9331245,5.117623
-394.68848,277.12634,4.9333243,5.118623
-395.6711,277.3116,4.9335246,5.119622
-396.65375,277.49692,4.9337244,5.120622
-397.63638,277.68222,4.9339247,5.121622
-398.61902,277.86755,4.937982,5.1190133
-399.60162,278.0529,4.9443817,5.114214
-400.58426,278.23822,4.950781,5.109414
-401.5669,278.42355,4.9571805,5.1046147
-402.5495,278.60892,4.96358,5.099815
-403.53214,278.79428,4.9699793,5.0950155
-404.51474,278.9796,4.976379,5.0902157
-405.49734,279.16498,4.9827785,5.085416
-406.47998,279.35034,4.989178,5.0806165
-407.4626,279.5357,4.995578,5.0758166
-408.44522,279.72107,5.0019774,5.071017
-409.42783,279.90643,5.008377,5.066217
-410.41046,280.0918,5.0147767,5.0614176
-411.39307,280.27713,5.0211763,5.0566177
-412.3757,280.46246,5.0275764,5.051818
-413.35834,280.6478,5.033976,5.047018
-414.34094,280.83313,5.0403757,5.042218
-415.32358,281.01843,5.046776,5.0374184
-416.3062,281.2037,5.0531754,5.0326185
-417.28885,281.38898,5.059575,5.0278187
-418.27148,281.57425,5.065975,5.023019
-419.25412,281.7595,5.0723753,5.0182185
-420.2368,281.9447,5.078775,5.0134187
-421.21942,282.12988,5.085175,5.008619
-422.2021,282.31506,5.091575,5.003819
-423.18472,282.5002,5.0979753,4.999143
-424.1674,282.68533,5.1043754,4.994543
-425.15005,282.87045,5.110775,4.989943
-426.13275,283.0555,5.117175,4.9853425
-427.11542,283.24054,5.123575,4.9807425
-428.0981,283.42554,5.129976,4.9760184
-429.0808,283.61053,5.136376,4.971218
-430.0635,283.79547,5.142776,4.966418
-431.0462,283.98038,5.1491766,4.961618
-432.0289,284.16522,5.1555767,4.9568176
-433.01163,284.35007,5.161977,4.9520173
-433.99435,284.53485,5.1683774,4.947217
-434.9771,284.71957,5.174778,4.9424167
-435.95984,284.90427,5.181178,4.9376163
-436.9426,285.08893,5.1875787,4.932816
-437.92535,285.27353,5.1939793,4.9280157
-438.9081,285.4581,5.20038,4.923215
-439.8909,285.6426,5.2067804,4.9184146
-440.8737,285.8271,5.213181,4.9136143
-441.85648,286.01147,5.2195816,4.908814
-442.8393,286.19583,5.225982,4.904013
-443.8221,286.3801,5.2323833,4.899213
-444.80496,286.56433,5.238784,4.894412
-445.78778,286.74854,5.245185,4.8896112
-446.77063,286.93268,5.2515855,4.884811
-447.75348,287.11676,5.2579865,4.88001
-448.73636,287.3008,5.2643876,4.8752093
-449.71924,287.48477,5.2707887,4.8704085
-450.70215,287.66864,5.2771897,4.8656077
-451.68506,287.8524,5.2835903,4.860807
-452.668,288.03598,5.2901163,4.856006
-453.65097,288.21945,5.2967176,4.8512053
-454.63397,288.40292,5.303319,4.8464046
-455.6169,288.58646,5.3099203,4.8416033
-456.59985,288.77014,5.3165216,4.8368025
-457.58273,288.95404,5.322998,4.8320017
-458.56564,289.138,5.3293996,4.8272004
-459.54858,289.3216,5.335801,4.822399
-460.53168,289.50446,5.3422027,4.817598
-461.51495,289.68622,5.348604,4.8127966
-462.49854,289.86642,5.3550096,4.807993
-463.48257,290.0441,5.3614173,4.8031874
-464.46732,290.21786,5.3678246,4.7983813
-465.45297,290.38635,5.3742323,4.793576
-466.43973,290.5482,5.38064,4.78877
-467.42776,290.70193,5.363736,4.8005605
-468.41724,290.8463,5.33324,4.8220286
-469.4082,290.97998,5.3027434,4.8434963
-470.40073,291.10162,5.272247,4.864964
-471.3948,291.2099,5.241752,4.886431
-472.39035,291.3035,5.2084208,4.9098315
-473.38727,291.38126,5.173546,4.9342837
-474.38535,291.44208,5.1386704,4.958737
-475.38437,291.48492,5.1037927,4.983191
-476.384,291.5087,5.068913,5.007647
-477.38394,291.51236,5.046506,5.0177054
-478.38373,291.49588,5.0305696,5.020295
-479.38303,291.45975,5.0146346,5.0228844
-480.3814,291.4045,4.9987,5.0254736
-481.37863,291.3307,4.982766,5.028063
-482.37433,291.23877,4.981054,5.014051
-483.36826,291.12918,4.987407,4.9906244
-484.36008,291.00217,4.99376,4.9671965
-485.34958,290.85797,5.0001135,4.9437685
-486.33646,290.6969,5.006467,4.92034
-487.32047,290.51917,5.015347,4.898066
-488.3014,290.3251,5.0259023,4.876558
-489.279,290.1149,5.036457,4.855049
-490.25305,289.8889,5.0470123,4.833541
-491.22336,289.64728,5.0575676,4.812032
-492.18973,289.39035,5.074432,4.7935886
-493.15198,289.11844,5.095865,4.777364
-494.11002,288.83197,5.1172976,4.7611394
-495.0637,288.53134,5.13873,4.7449145
-496.0129,288.21692,5.160163,4.7286897
-496.9576,287.88913,5.174544,4.718697
-497.89767,287.54834,5.183977,4.7130775
-498.83313,287.195,5.1934104,4.7074575
-499.76385,286.8295,5.202844,4.7018375
-500.6899,286.45224,5.2122774,4.6962175
-501.61124,286.06363,5.2085924,4.7027435
-502.52786,285.66403,5.1963563,4.717186
-503.43982,285.25388,5.1841197,4.731629
-504.34714,284.83356,5.1718836,4.746072
-505.24988,284.40347,5.159647,4.7605147
-506.14807,283.964,5.1474223,4.77482
-507.04178,283.5155,5.1352043,4.789041
-507.93115,283.05838,5.1229863,4.8032618
-508.8162,282.593,5.1107683,4.817483
-509.69705,282.11972,5.0985503,4.8317037
-510.5738,281.63892,5.089856,4.8437805
-511.44656,281.1509,5.0832534,4.8545856
-512.3155,280.65604,5.07665,4.8653903
-513.18066,280.15466,5.0700474,4.8761954
-514.04224,279.6471,5.063444,4.887
-514.90027,279.13367,5.057596,4.897429
-515.755,278.61472,5.052192,4.907637
-516.6066,278.0906,5.0467877,4.9178452
-517.4552,277.56165,5.0413837,4.928053
-518.30096,277.02817,5.0359793,4.938261
-519.14404,276.49054,5.030701,4.948344
-519.98474,275.94907,5.0254955,4.958355
-520.8231,275.40414,5.02029,4.9683657
-521.6595,274.85605,5.0150843,4.9783764
-522.494,274.30515,5.0098786,4.988387
-523.3269,273.7518,5.004546,4.998396
-524.1583,273.1963,4.999142,5.008404
-524.9886,272.63898,4.9937377,5.0184116
-525.8178,272.08017,4.9883337,5.0284195
-526.6463,271.52017,4.982929,5.0384274
-527.4742,270.95938,4.9775267,5.048432
-528.3017,270.39804,4.972125,5.0584354
-529.1291,269.83655,4.9667234,5.0684385
-529.9566,269.27518,4.9613214,5.0784416
-530.7844,268.7143,4.9559197,5.0884447
-531.61285,268.15424,4.95052,5.098445
-532.44196,267.59528,4.945121,5.108443
-533.27203,267.03772,4.939722,5.118441
-534.1033,266.48193,4.934323,5.128439
-534.9359,265.92813,4.928924,5.1384373
-535.77,265.37668,4.923656,5.1484303
-536.60596,264.82794,4.918461,5.1584215
-537.444,264.28235,4.9132657,5.168412
-538.28424,263.74026,4.9080706,5.1784034
-539.127,263.20215,4.902875,5.188394
-539.9726,262.6684,4.8975563,5.198377
-540.8209,262.13898,4.892168,5.208356
-541.6717,261.61353,4.8867793,5.218334
-542.5247,261.09177,4.881391,5.2283125
-543.37976,260.5733,4.876003,5.238291
-544.2366,260.05783,4.8706183,5.248388
-545.0949,259.5448,4.865236,5.2585545
-545.95435,259.0337,4.8598533,5.268721
-546.8146,258.52386,4.854471,5.278888
-547.67523,258.01474,4.8490887,5.289055
-548.5359,257.50574,4.843828,5.2991
-549.39636,256.99625,4.838645,5.3090672
-550.25616,256.4858,4.833462,5.3190346
-551.1151,255.97383,4.828279,5.329002
-551.97284,255.45982,4.8230963,5.338969
-552.82904,254.94324,4.817791,5.3489428
-553.6833,254.42352,4.8124027,5.3589206
-554.53534,253.90018,4.807015,5.3688984
-555.3848,253.37263,4.8016267,5.3788767
-556.2313,252.84036,4.7962384,5.3888545
-557.0745,252.30286,4.8153744,5.364734
-557.91406,251.75958,4.8519425,5.3163767
-558.7494,251.21,4.88851,5.268019
-559.58026,250.65363,4.9250784,5.2196617
-560.4062,250.08992,4.961646,5.171304
-561.22675,249.5184,5.000881,5.11912
-562.04144,248.93863,5.0420465,5.0641656
-562.84985,248.35016,5.0832124,5.0092115
-563.6517,247.75262,5.1243787,4.954257
-564.4462,247.1456,5.165545,4.899302
-565.2332,246.52872,5.2066884,4.844492
-566.0122,245.90178,5.2478147,4.78979
-566.78296,245.26466,5.2889404,4.735089
-567.54504,244.61731,5.330066,4.6803875
-568.2983,243.95961,5.3711915,4.625687
-569.04224,243.29152,5.393653,4.5973473
-569.7767,242.61292,5.4018598,4.5891404
-570.50116,241.9237,5.4100666,4.5809336
-571.2153,241.22375,5.418273,4.5727267
-571.9186,240.51297,5.42648,4.56452
-572.6107,239.79129,5.4294252,4.563874
-573.2912,239.0586,5.4284186,4.5689063
-573.95953,238.31482,5.427412,4.573939
-574.61523,237.5599,5.426406,4.5789714
-575.2579,236.79378,5.4253993,4.584004
-575.88684,236.01642,5.43148,4.5990825
-576.5016,235.22781,5.4422207,4.620766
-577.1017,234.42795,5.452961,4.6424494
-577.68646,233.61684,5.4637012,4.664133
-578.2554,232.79453,5.474442,4.6858163
-578.8078,231.96106,5.4856286,4.707985
-579.3432,231.11653,5.4970365,4.730393
-579.8609,230.26103,5.5084443,4.7528014
-580.36017,229.39467,5.519852,4.7752094
-580.8404,228.5176,5.5312595,4.7976174
-581.30084,227.63,5.499769,4.8192635
-581.7411,226.73221,5.454717,4.840668
-582.16064,225.82457,5.409665,4.8620734
-582.55914,224.90746,5.3646097,4.8834796
-582.93604,223.9813,5.319551,4.9048877
-583.29114,223.04654,5.270427,4.925998
-583.625,222.10399,5.2206135,4.9470577
-583.93866,221.15453,5.1708035,4.968116
-584.23315,220.19894,5.1209965,4.989172
-584.50964,219.23799,5.071188,5.0102296
-584.7691,218.2723,5.055279,5.0189595
-585.0125,217.30243,5.0424805,5.0265584
-585.24084,216.32892,5.0296817,5.0341578
-585.455,215.35217,5.016883,5.041757
-585.65607,214.37265,5.0040836,5.0493565
-585.8449,213.3907,5.0024576,5.0528936
-586.0225,212.40666,5.0018644,5.0560555
-586.18976,211.4208,5.0012717,5.059217
-586.34766,210.4334,5.000679,5.0623784
-586.4971,209.44469,5.0000863,5.06554
-586.63904,208.45486,4.9993296,5.068515
-586.7743,207.4641,4.9985447,5.071458
-586.90375,206.47256,4.99776,5.074401
-587.0282,205.4804,4.996975,5.077344
-587.14844,204.4877,4.99619,5.080287
-587.26544,203.49461,4.995554,5.0833797
-587.38,202.50125,4.994965,5.08652
-587.4931,201.50772,4.994376,5.0896606
-587.60565,200.51413,4.9937873,5.0928016
-587.7187,199.5206,4.9931984,5.095942
-587.83307,198.5272,4.992475,5.0991006
-587.9494,197.53404,4.991683,5.102268
-588.06805,196.54117,4.990891,5.105436
-588.1894,195.5486,4.990099,5.1086035
-588.3138,194.55643,4.989307,5.1117716
-588.4415,193.56467,4.9886327,5.1149597
-588.57275,192.57336,4.9880323,5.1181617
-588.7072,191.5825,4.987432,5.121363
-588.8448,190.59206,4.9868317,5.1245646
-588.9853,189.60204,4.9862313,5.1277666
-589.1286,188.61241,4.9855046,5.130982
-589.27454,187.62317,4.9846983,5.1342063
-589.4231,186.63431,4.9838924,5.1374307
-589.5742,185.64584,4.983086,5.1406546
-589.7277,184.65775,4.9822803,5.143879
-589.88367,183.67004,4.9816046,5.1469784
-590.04193,182.6827,4.980998,5.1500106
-590.2024,181.69571,4.9803915,5.1530433
-590.365,180.70906,4.979785,5.156076
-590.52954,179.72275,4.9791784,5.1591086
-590.696,178.73674,4.9784293,5.162283
-590.86426,177.75105,4.977621,5.165516
-591.0342,176.76566,4.976813,5.168749
-591.2057,175.78052,4.9760046,5.1719823
-591.3787,174.79565,4.9751964,5.1752152
-591.55304,173.81102,4.9745426,5.178438
-591.7287,172.82661,4.973939,5.181658
-591.9055,171.84242,4.9733353,5.1848774
-592.08344,170.85843,4.9727316,5.1880975
-592.2624,169.87462,4.972128,5.191317
-592.44214,168.89096,4.9715276,5.1945195
-592.6225,167.90741,4.970928,5.197717
-592.8029,166.92387,4.9703283,5.2009153
-592.9831,165.94029,4.969729,5.204113
-593.1626,164.95659,4.969129,5.207311
-593.341,163.97269,4.9683757,5.210497
-593.5178,162.9885,4.9675803,5.2136793
-593.69275,162.00395,4.9667845,5.2168617
-593.86523,161.019,4.965989,5.220044
-594.035,160.03355,4.9651933,5.2232265
-594.2014,159.04756,4.964549,5.2264047
-594.36426,158.06096,4.9639535,5.229581
-594.523,157.0737,4.963358,5.2327576
-594.6773,156.08572,4.9627624,5.2359343
-594.82666,155.097,4.962167,5.239111
-594.9707,154.10748,4.9614277,5.2421455
-595.109,153.11714,4.9606333,5.245126
-595.241,152.12595,4.9598384,5.2481055
-595.36633,151.13388,4.959044,5.2510853
-595.4845,150.14095,4.958249,5.254065
-595.59503,149.14713,4.9943447,5.207588
-595.6975,148.15244,5.047302,5.138505
-595.79156,147.15694,5.100259,5.069422
-595.8769,146.16063,5.153216,5.000339
-595.953,145.16359,5.2061725,4.9312563
-596.01953,144.16586,5.262527,4.8574247
-596.0759,143.1675,5.3206067,4.781183
-596.1212,142.16858,5.3786864,4.704941
-596.1546,141.1692,5.4367657,4.6287
-596.1753,140.16946,5.494841,4.5524626
-596.1824,139.16956,5.49571,4.5378103
-596.17444,138.16965,5.4661646,4.555899
-596.1496,137.17001,5.4366183,4.573989
-596.106,136.17104,5.407071,4.592079
-596.0418,135.17317,5.3775263,4.6101675
-595.9552,134.177,5.347564,4.6332603
-595.8442,133.18326,5.317405,4.6587324
-595.70654,132.19286,5.2872458,4.6842046
-595.5402,131.20686,5.257085,4.709678
-595.3432,130.22658,5.226929,4.7351475
-595.1134,129.25342,5.204366,4.7860065
-594.85,128.28885,5.1840715,4.8444304
-594.5521,127.33435,5.1637754,4.902859
-594.2192,126.3915,5.1434717,4.961308
-593.8505,125.46205,5.123159,5.0197854
-593.44617,124.54759,5.1258683,5.0388026
-593.0093,123.648186,5.131315,5.053125
-592.5442,122.763,5.1367593,5.0674405
-592.0551,121.89086,5.1422014,5.081752
-591.54584,121.03031,5.147644,5.0960636
-591.02014,120.179726,5.182434,5.060172
-590.48096,119.337616,5.219294,5.0207496
-589.9311,118.502426,5.2561607,4.98132
-589.3733,117.672516,5.2930284,4.9418893
-588.81024,116.84616,5.329895,4.90246
-588.2445,116.02163,5.3410773,4.8860273
-587.6781,115.19757,5.348131,4.8732915
-587.1128,114.37276,5.355185,4.860555
-586.55035,113.54597,5.362239,4.8478184
-585.9926,112.716,5.369293,4.835082
-585.4413,111.881775,5.3133025,4.878308
-584.89716,111.04286,5.237189,4.9393964
-584.3604,110.19916,5.1610775,5.0004835
-583.8314,109.3506,5.084967,5.061569
-583.3104,108.49709,5.0088577,5.1226544
-582.7978,107.638565,4.932136,5.1842313
-582.29395,106.77483,4.85515,5.24602
-581.79956,105.905655,4.7781634,5.3078094
-581.3153,105.0308,4.701175,5.3696
-580.8418,104.150085,4.624188,5.4313893
-580.3797,103.26331,4.589132,5.458336
-579.9296,102.37037,4.5721493,5.4702644
-579.4923,101.47113,4.5551662,5.482193
-579.06836,100.56553,4.538183,5.4941216
-578.6583,99.6535,4.5212007,5.5060496
-578.26306,98.73502,4.5274296,5.4985704
-577.88306,97.8101,4.541286,5.484714
-577.51904,96.87876,4.5551424,5.4708576
-577.17175,95.94108,4.5689993,5.4570007
-576.84186,94.99714,4.582855,5.443145
-576.52997,94.04708,4.6046596,5.425307
-576.2369,93.09107,4.6279182,5.4067407
-575.96313,92.12933,4.6511774,5.388174
-575.7095,91.16211,4.6744375,5.369607
-575.4766,90.189674,4.697698,5.3510394
-575.2651,89.21237,4.742188,5.3215265
-575.075,88.230675,4.7879353,5.2913656
-574.90625,87.24509,4.8336806,5.261206
-574.75885,86.25608,4.8794255,5.231047
-574.6326,85.264145,4.9251204,5.200905
-574.5275,84.26975,4.957377,5.1754603
-574.44336,83.27337,4.989634,5.1500154
-574.38,82.275444,5.021891,5.1245704
-574.33716,81.276436,5.054148,5.0991254
-574.3147,80.27675,5.085798,5.0738826
-574.3124,79.27682,5.0696883,5.064535
-574.33014,78.27705,5.053579,5.0551877
-574.36786,77.277824,5.037469,5.0458403
-574.4254,76.27955,5.0213594,5.0364923
-574.50275,75.28261,5.00525,5.027145
-574.59973,74.28739,4.9897876,5.021734
-574.7164,73.29428,4.974335,5.016385
-574.85254,72.303665,4.958883,5.0110364
-575.00824,71.315926,4.9434304,5.005687
-575.18335,70.33145,4.927978,5.0003386
-575.3779,69.350624,4.91587,5.019663
-575.5919,68.373856,4.903988,5.0406547
-575.8253,67.401535,4.892106,5.061646
-576.07806,66.43408,4.880224,5.0826373
-576.3502,65.47189,4.8683424,5.1036286
-576.6417,64.5154,4.856608,5.1248465
-576.9527,63.565052,4.8448925,5.146094
-577.2832,62.621304,4.8331766,5.1673408
-577.63324,61.684643,4.8214607,5.188588
-578.00287,60.755554,4.809745,5.209836
-578.3922,59.83453,4.789322,5.243564
-578.8011,58.922005,4.7673764,5.279475
-579.2292,58.018364,4.745431,5.315386
-579.6764,57.124016,4.7234855,5.3512964
-580.1425,56.23935,4.70154,5.387207
-580.6272,55.36475,4.6721363,5.4344826
-581.13025,54.500572,4.641298,5.4839444
-581.6513,53.647133,4.61046,5.533406
-582.19006,52.804752,4.5796213,5.582867
-582.7462,51.97374,4.5487833,5.6323285
-583.3194,51.1544,4.5551915,5.6401696
-583.90936,50.347042,4.5684376,5.6403704
-584.51575,49.551968,4.5816836,5.640571
-585.1383,48.76947,4.59493,5.640772
-585.7767,47.999855,4.608176,5.640972
-586.43066,47.24341,4.687301,5.5678587
-587.09985,46.50042,4.776945,5.4830384
-587.784,45.77116,4.866589,5.3982186
-588.4828,45.055912,4.9562325,5.313399
-589.19586,44.354954,5.0458765,5.228579
-589.92303,43.668556,5.09759,5.179909
-590.6639,42.996998,5.144475,5.1358414
-591.41815,42.340565,5.1913595,5.0917735
-592.1856,41.699535,5.2382445,5.0477057
-592.9659,41.07419,5.285129,5.0036383
-593.75867,40.464806,5.2660875,5.0229125
-594.56366,39.871643,5.2411127,5.0478873
-595.38055,39.294956,5.216138,5.0728617
-596.209,38.735,5.191163,5.097837
-597.04865,38.192028,5.1661882,5.122812
-597.8992,37.666267,5.1414003,5.1477914
-598.7602,37.157818,5.116622,5.1727715
-599.6312,36.66672,5.091844,5.1977506
-600.51184,36.193024,5.067066,5.22273
-601.4016,35.73677,5.0422883,5.2477098
-602.3002,35.297993,5.0091877,5.274051
-603.20703,34.876724,4.975989,5.300409
-604.1218,34.473003,4.9427905,5.3267665
-605.0442,34.08685,4.9095917,5.353124
-605.9737,33.71829,4.876361,5.3794885
-606.91003,33.367344,4.841417,5.406199
-607.8528,33.034027,4.8064723,5.432909
-608.8016,32.718353,4.771528,5.4596195
-609.7561,32.420326,4.7365837,5.48633
-610.7159,32.139957,4.702711,5.512328
-611.6807,31.877249,4.6952934,5.520748
-612.65015,31.632217,4.6878757,5.529168
-613.6239,31.404871,4.680458,5.537588
-614.6016,31.195219,4.6730404,5.546008
-615.58295,31.003275,4.667028,5.553491
-616.5676,30.829046,4.6872525,5.543479
-617.55524,30.672552,4.707477,5.533467
-618.5455,30.533812,4.7277017,5.5234547
-619.5381,30.412844,4.747926,5.5134425
-620.53265,30.309668,4.768025,5.5035214
-621.529,30.224302,4.7860413,5.495114
-622.5266,30.156782,4.8040576,5.4867063
-623.5253,30.107136,4.822074,5.478299
-624.5248,30.075396,4.84009,5.4698915
-625.5246,30.061594,4.8569756,5.4623075
-626.52454,30.065765,4.856575,5.4673147
-627.52423,30.087952,4.8561745,5.472322
-628.5233,30.128199,4.8557734,5.4773293
-629.5216,30.186546,4.855373,5.4823365
-630.51855,30.263044,4.8549724,5.4873443
-631.51404,30.357733,4.8545713,5.4923577
-632.50757,30.470661,4.8541703,5.497371
-633.49884,30.601881,4.8537693,5.502384
-634.48755,30.75144,4.8533683,5.5073977
-635.47327,30.91939,4.853346,5.5112424
-636.4557,31.105772,4.857563,5.502005
-637.4344,31.31064,4.86178,5.4927673
-638.40906,31.534039,4.8659973,5.48353
-639.3793,31.776014,4.8702145,5.4742923
-640.34467,32.036613,4.8748226,5.4639635
-641.3048,32.315872,4.882863,5.444064
-642.25934,32.613804,4.890903,5.4241652
-643.2078,32.93043,4.898943,5.404266
-644.14984,33.265755,4.906983,5.384367
-645.085,33.619793,4.914997,5.364444
-646.0129,33.992542,4.9228315,5.3443546
-646.933,34.38402,4.9306664,5.3242655
-647.8449,34.794243,4.9385014,5.304176
-648.7481,35.223206,4.9463363,5.284086
-649.6422,35.670918,4.950964,5.267
-650.52673,36.137306,4.9373436,5.267
-651.4013,36.622124,4.9237237,5.267
-652.2655,37.1251,4.910104,5.267
-653.1191,37.64597,4.8964834,5.267
-653.9616,38.184467,4.8816204,5.268158
-654.79285,38.74029,4.860077,5.2755384
-655.6124,39.313065,4.8385334,5.282919
-656.4203,39.90239,4.81699,5.2903
-657.21606,40.507877,4.7954464,5.2976804
-657.9995,41.129158,4.7740545,5.305001
-658.77057,41.76586,4.753566,5.311963
-659.5289,42.417675,4.7330775,5.3189254
-660.2742,43.084286,4.712589,5.325887
-661.0063,43.76539,4.6921,5.3328495
-661.7249,44.46068,4.674579,5.3387218
-662.4299,45.16985,4.6795483,5.336337
-663.12085,45.89262,4.684517,5.333952
-663.7976,46.628708,4.689486,5.331567
-664.45996,47.37783,4.694455,5.3291817
-665.1076,48.139698,4.6994243,5.326813
-665.74023,48.914043,4.7044005,5.324624
-666.35767,49.700592,4.7093763,5.3224344
-666.9596,50.49908,4.7143526,5.320245
-667.54565,51.309242,4.7193284,5.3180556
-668.11566,52.13081,4.724452,5.3151813
-668.66925,52.96351,4.7318425,5.301799
-669.2062,53.80708,4.739233,5.288416
-669.726,54.661266,4.7466235,5.275033
-670.22845,55.525795,4.754014,5.26165
-670.71313,56.400394,4.761648,5.247121
-671.1798,57.28477,4.7734923,5.212794
-671.62805,58.178608,4.785336,5.178467
-672.05756,59.081577,4.7971797,5.14414
-672.46814,59.993347,4.809024,5.109812
-672.8593,60.913578,4.819808,5.0777636
-673.2309,61.841904,4.817187,5.0745378
-673.58264,62.777924,4.814566,5.071312
-673.91437,63.721226,4.811945,5.068086
-674.2259,64.671394,4.8093243,5.0648603
-674.517,65.628,4.8054914,5.064217
-674.78754,66.590645,4.7921615,5.083808
-675.0371,67.55893,4.778832,5.103399
-675.2654,68.532455,4.7655015,5.1229906
-675.47205,69.5108,4.7521696,5.142584
-675.6566,70.493546,4.7427664,5.1606684
-675.8192,71.48017,4.7536573,5.170954
-675.96094,72.47001,4.764548,5.1812396
-676.0829,73.46248,4.7754374,5.191524
-676.18646,74.45704,4.7863264,5.201808
-676.27277,75.45324,4.799772,5.2110605
-676.34326,76.45069,4.8232207,5.2162714
-676.3995,77.44906,4.8466716,5.2214828
-676.443,78.44805,4.870122,5.2266936
-676.4755,79.447464,4.8935723,5.231905
-676.49866,80.44714,4.91499,5.234035
-676.514,81.446976,4.9289494,5.224862
-676.52295,82.446884,4.9429092,5.215688
-676.52704,83.44682,4.9568686,5.206515
-676.5277,84.44677,4.9708285,5.1973414
-676.5265,85.446724,4.9829555,5.185342
-676.5244,86.44667,4.9877396,5.162019
-676.5216,87.44661,4.992524,5.1386957
-676.5182,88.446556,4.9973083,5.1153727
-676.51404,89.446495,5.0020924,5.092049
-676.50934,90.446434,5.006914,5.0687594
-676.5041,91.44637,5.011901,5.045619
-676.4982,92.446304,5.016888,5.022479
-676.4918,93.44623,5.0218754,4.9993386
-676.4849,94.44616,5.0268626,4.976198
-676.4774,95.446075,5.030728,4.95666
-676.46936,96.44599,5.029131,4.9546638
-676.46075,97.44591,5.027534,4.9526677
-676.45166,98.445816,5.025937,4.9506717
-676.4421,99.44572,5.02434,4.9486756
-676.432,100.44562,5.0224867,4.9475775
-676.4215,101.44551,5.019291,4.951173
-676.41046,102.4454,5.016095,4.9547677
-676.399,103.44528,5.0129,4.958363
-676.38715,104.44516,5.009704,4.961958
-676.3748,105.44503,5.0065084,4.9655533
-676.36206,106.4449,5.0033107,4.96915
-676.34894,107.44476,5.0001135,4.9727473
-676.3354,108.44462,4.9969163,4.976344
-676.3215,109.44447,4.993719,4.979941
-676.3072,110.44432,4.990492,4.983538
-676.2926,111.44416,4.987093,4.987137
-676.27765,112.444,4.9836946,4.990735
-676.2623,113.44383,4.980296,4.9943337
-676.2467,114.44366,4.9768977,4.997932
-676.23083,115.44348,4.9735284,5.0015306
-676.2146,116.4433,4.9703283,5.005131
-676.1981,117.443115,4.9671288,5.0087304
-676.1814,118.442924,4.9639287,5.01233
-676.16437,119.442726,4.9607286,5.01593
-676.1471,120.44253,4.957529,5.0195303
-676.12964,121.44232,4.954328,5.023131
-676.11194,122.442116,4.951127,5.026732
-676.09406,123.4419,4.9479265,5.030333
-676.0759,124.44169,4.9447255,5.0339336
-676.0577,125.441475,4.9415245,5.0375347
-676.0392,126.44125,4.938323,5.0411367
-676.0206,127.441025,4.935121,5.044739
-676.0019,128.4408,4.9319196,5.0483403
-675.983,129.44057,4.928718,5.0519423
-675.964,130.44034,4.925486,5.055514
-675.9449,131.44011,4.9220834,5.0589166
-675.9257,132.43987,4.918681,5.062319
-675.90643,133.43964,4.915279,5.065721
-675.8871,134.43939,4.9118767,5.0691237
-675.8677,135.43916,4.908505,5.072557
-675.8482,136.43892,4.905302,5.07616
-675.82874,137.43867,4.9020996,5.079763
-675.8092,138.43843,4.898897,5.083366
-675.78973,139.4382,4.8956943,5.086969
-675.7702,140.43796,4.892492,5.090572
-675.75073,141.43771,4.889289,5.0941753
-675.73126,142.43747,4.886086,5.0977783
-675.71185,143.43724,4.882883,5.101382
-675.69244,144.437,4.87968,5.1049848
-675.67316,145.43675,4.8764772,5.108588
-675.65393,146.43652,4.8732743,5.112191
-675.6348,147.4363,4.8700714,5.1157947
-675.6158,148.43605,4.8668685,5.1193976
-675.5969,149.43582,4.863666,5.123001
-675.5781,150.4356,4.8604293,5.126604
-675.5595,151.43538,4.8570266,5.130207
-675.541,152.43515,4.853624,5.13381
-675.5227,153.43494,4.8502207,5.1374135
-675.5046,154.43472,4.846818,5.1410165
-675.4866,155.43451,4.8434496,5.1446195
-675.4689,156.4343,4.840247,5.148222
-675.45135,157.4341,4.8370447,5.1518245
-675.434,158.4339,4.8338428,5.155427
-675.41693,159.4337,4.8306403,5.15903
-675.40015,160.4335,4.827438,5.162597
-675.3836,161.43332,4.8242364,5.165999
-675.3673,162.43314,4.8210344,5.1694007
-675.3514,163.43295,4.817833,5.172803
-675.3357,164.43279,4.814631,5.1762047
-675.3203,165.43262,4.8114295,5.179642
-675.3053,166.43245,4.8082285,5.1832433
-675.2906,167.4323,4.8050275,5.1868443
-675.27625,168.43214,4.8018265,5.1904454
-675.26227,169.43199,4.7986255,5.1940465
-675.24866,170.43184,4.7953887,5.197647
-675.2354,171.4317,4.791989,5.201247
-675.2226,172.43158,4.7885885,5.2048473
-675.2102,173.43144,4.7851887,5.2084475
-675.19824,174.43132,4.781789,5.212047
-675.18665,175.43121,4.7784247,5.2156467
-675.1756,176.43109,4.775226,5.2192454
-675.1649,177.43098,4.7720275,5.222844
-675.1548,178.43088,4.7688284,5.226443
-675.1451,179.43079,4.76563,5.2300415
-675.1359,180.4307,4.762431,5.2336397
-675.12726,181.4306,4.759234,5.237237
-675.11914,182.43053,4.7560363,5.2408338
-675.1115,183.43044,4.752839,5.244431
-675.10443,184.43036,4.749642,5.2480283
-675.09796,185.4303,4.74641,5.2516246
-675.092,186.43022,4.7430143,5.25522
-675.0866,187.43016,4.7396193,5.2588153
-675.0819,188.4301,4.7362237,5.26241
-675.07776,189.43004,4.732828,5.2660055
-675.0742,190.42998,4.7294664,5.2696004
-675.07135,191.42993,4.7262726,5.2731934
-675.0691,192.42987,4.7230787,5.2767863
-675.0675,193.42982,4.719885,5.28038
-675.0666,194.42976,4.716691,5.2839727
-675.0663,195.42972,4.7134976,5.2875338
-675.06665,196.42967,4.7103057,5.290925
-675.06775,197.42961,4.707114,5.2943163
-675.0696,198.42957,4.7039223,5.2977076
-675.0722,199.4295,4.700731,5.301099
-675.0757,200.42946,4.6975393,5.304518
-675.07996,201.4294,4.6943493,5.308107
-675.0848,202.42934,4.6911597,5.311695
-675.08984,203.42926,4.68797,5.315284
-675.0948,204.4292,4.6847806,5.318872
-675.0993,205.42914,4.6815653,5.3224607
-675.1031,206.42908,4.6781754,5.32605
-675.1057,207.42903,4.6747856,5.329639
-675.1068,208.42897,4.671396,5.333228
-675.10596,209.42892,4.668006,5.3368173
-675.10266,210.42886,4.664638,5.340407
-675.0967,211.4288,4.661443,5.3440013
-675.08746,212.42871,4.658249,5.347595
-675.0747,213.42857,4.655054,5.351189
-675.05804,214.42839,4.6518593,5.3547835
-675.037,215.42812,4.648664,5.3583784
-675.01117,216.42772,4.6454625,5.36198
-674.9803,217.4272,4.642261,5.3655815
-674.94385,218.42648,4.6390595,5.369183
-674.9015,219.42554,4.635858,5.3727846
-674.8529,220.4243,4.632656,5.376387
-674.79755,221.42271,4.629448,5.3799963
-674.7351,222.4207,4.62624,5.3836055
-674.66504,223.4182,4.6230316,5.3872147
-674.5869,224.41508,4.619823,5.390824
-674.5003,225.41127,4.615602,5.395591
-674.4048,226.40665,4.603958,5.4088407
-674.3001,227.4011,4.592314,5.422091
-674.18616,228.39453,4.5806704,5.435341
-674.0627,229.38683,4.5690274,5.44859
-673.9296,230.37787,4.55451,5.465243
-673.7862,231.36748,4.5221434,5.503038
-673.6304,232.35521,4.489775,5.540834
-673.4599,233.34052,4.4574056,5.5786324
-673.2726,234.32274,4.425036,5.6164303
-673.0662,235.30115,4.4023757,5.645913
-672.83826,236.27475,4.4289513,5.6332383
-672.5855,237.24219,4.4555254,5.620565
-672.3045,238.2018,4.4821,5.6078906
-671.99207,239.15164,4.508667,5.59522
-671.64514,240.0894,4.5466666,5.572877
-671.2609,241.01254,4.615308,5.52462
-670.83716,241.91815,4.6839476,5.476364
-670.3714,242.80293,4.752636,5.428074
-669.86163,243.66302,4.82139,5.379738
-669.3059,244.49419,4.8805447,5.3286734
-668.7062,245.2942,4.928719,5.2745543
-668.0678,246.06377,4.976848,5.220485
-667.396,246.8043,5.0249352,5.1664643
-666.6954,247.51768,5.0730124,5.112454
-665.9701,248.20602,5.113593,5.06377
-665.22363,248.87135,5.1488543,5.0188556
-664.4591,249.51578,5.1841326,4.973921
-663.67926,250.14162,5.219414,4.928981
-662.8867,250.75136,5.254697,4.88404
-662.084,251.34763,5.2576084,4.8782644
-661.27313,251.93279,5.2293663,4.910182
-660.4559,252.50891,5.2011237,4.9421
-659.6337,253.07813,5.172882,4.9740167
-658.80835,253.64258,5.1446414,5.005933
-657.98114,254.20445,5.1163726,5.037889
-657.1537,254.76585,5.0880475,5.069926
-656.3272,255.32872,5.0597215,5.1019635
-655.50305,255.89497,5.031395,5.1340017
-654.68256,256.46652,5.00307,5.1660385
-653.86707,257.0453,4.982053,5.192579
-653.0582,257.6332,4.9868207,5.199731
-652.2579,258.23257,4.9915886,5.2068834
-651.4679,258.84558,4.9963574,5.214036
-650.6904,259.47443,5.001126,5.2211885
-649.92773,260.1211,5.012712,5.223125
-649.18195,260.78717,5.0538583,5.2024517
-648.4548,261.47348,5.094999,5.181781
-647.7478,262.18063,5.1361427,5.1611085
-647.063,262.90918,5.177293,5.1404333
-646.40216,263.6596,5.2258916,5.110007
-645.76697,264.43185,5.303321,5.041829
-645.158,265.22495,5.3807383,4.9736614
-644.57587,266.03787,5.458143,4.905505
-644.0209,266.86963,5.5355353,4.83736
-643.4936,267.71924,5.5953755,4.7821355
-642.99475,268.58582,5.596998,4.7697635
-642.5257,269.46887,5.598621,4.7573905
-642.0879,270.3678,5.600244,4.745015
-641.68274,271.28195,5.601867,4.732638
-641.3118,272.2105,5.592689,4.728224
-640.9761,273.15234,5.55857,4.7422004
-640.6751,274.10587,5.5244565,4.7561746
-640.4085,275.06958,5.490346,4.7701473
-640.1758,276.04202,5.4562316,4.784122
-639.97656,277.02188,5.421087,4.8021917
-639.8095,278.00775,5.384615,4.82555
-639.67236,278.9982,5.348144,4.848908
-639.56256,279.99207,5.3116775,4.8722625
-639.4778,280.9884,5.275212,4.895617
-639.41547,281.9864,5.2391033,4.9187427
-639.37354,282.98544,5.203277,4.9416876
-639.34985,283.9851,5.167448,4.9646344
-639.3424,284.98502,5.131619,4.9875813
-639.3491,285.98492,5.09579,5.0105276
-639.36804,286.9847,5.0708885,5.0311575
-639.3972,287.98422,5.053669,5.0501585
-639.43475,288.98346,5.036449,5.0691595
-639.4788,289.98245,5.0192294,5.0881605
-639.5276,290.9812,5.00201,5.1071615
-639.5792,291.97983,4.996101,5.123983
-639.6319,292.97836,5.0000286,5.1389093
-639.68396,293.97696,5.003957,5.1538353
-639.73364,294.97568,5.0078845,5.1687617
-639.7793,295.97458,5.011812,5.183687
-639.8191,296.97375,5.015744,5.1985416
-639.8513,297.97318,5.019682,5.213307
-639.87415,298.97284,5.023619,5.2280726
-639.8858,299.97272,5.027557,5.2428393
-639.8844,300.97266,5.031495,5.2576065
-639.86816,301.97247,5.0309668,5.2597055
-639.836,302.9719,5.022632,5.2396626
-639.7879,303.97067,5.014298,5.219621
-639.7239,304.96857,5.0059643,5.1995807
-639.644,305.9653,4.9976306,5.17954
-639.54834,306.96066,4.9892797,5.1595235
-639.4369,307.95438,4.980893,5.1395555
-639.3098,308.9462,4.9725065,5.119587
-639.1672,309.9359,4.9641194,5.099618
-639.0091,310.92328,4.955733,5.079649
-638.83563,311.90805,4.946002,5.066508
-638.64685,312.89,4.93337,5.068112
-638.44293,313.86896,4.920738,5.069716
-638.224,314.84464,4.908106,5.07132
-637.9901,315.81683,4.895474,5.072924
-637.7414,316.78534,4.881244,5.082667
-637.47797,317.74994,4.863758,5.1089964
-637.19995,318.71048,4.8462725,5.1353254
-636.9075,319.6667,4.8287864,5.161655
-636.6007,320.6184,4.8113003,5.1879845
-636.2797,321.56543,4.794804,5.2134705
-635.9447,322.50757,4.7801156,5.2374144
-635.59576,323.44464,4.765427,5.2613583
-635.23303,324.37646,4.750739,5.285302
-634.8566,325.30286,4.7360506,5.309246
-634.4667,326.22366,4.7287765,5.3272443
-634.0634,327.13867,4.7334056,5.3356967
-633.64685,328.04773,4.7380342,5.344149
-633.2172,328.95065,4.742663,5.352602
-632.77466,329.84732,4.7472916,5.3610544
-632.3192,330.73752,4.752003,5.3695054
-631.85114,331.62112,4.756831,5.377955
-631.3705,332.498,4.7616596,5.386404
-630.8774,333.3679,4.7664876,5.3948536
-630.3721,334.23077,4.771316,5.4033027
-629.8546,335.0864,4.7755175,5.411214
-629.3252,335.9347,4.7789354,5.4184513
-628.7839,336.77545,4.782353,5.4256883
-628.23083,337.60852,4.7857704,5.4329257
-627.66626,338.43384,4.789188,5.4401627
-627.0902,339.25116,4.7895846,5.443906
-626.5028,340.06042,4.7865715,5.4437046
-625.9043,340.86142,4.7835584,5.443504
-625.2947,341.65405,4.7805457,5.443303
-624.6742,342.43817,4.7775326,5.4431024
-624.04285,343.21365,4.7746196,5.443
-623.40094,343.98032,4.7718096,5.443
-622.7485,344.73807,4.769,5.443
-622.08563,345.48672,4.76619,5.443
-621.41254,346.22623,4.7633805,5.443
-620.7293,346.95633,4.7626123,5.442082
-620.0361,347.677,4.7638154,5.440277
-619.333,348.38803,4.7650185,5.4384723
-618.6202,349.0893,4.7662215,5.4366674
-617.8977,349.78064,4.767425,5.4348626
-617.1658,350.4619,4.7841096,5.426782
-616.4245,351.133,4.8149676,5.412956
-615.674,351.79382,4.845825,5.3991303
-614.9145,352.4442,4.876683,5.3853045
-614.1461,353.0841,4.907541,5.3714786
-613.369,353.71338,4.938381,5.3576603
-612.5834,354.33197,4.9692063,5.343849
-611.78937,354.93982,5.000031,5.330038
-610.9873,355.53693,5.030856,5.316227
-610.17725,356.12323,5.061681,5.302416
-609.3595,356.6987,5.0772843,5.2882943
-608.53424,357.2633,5.079683,5.2739034
-607.7016,357.817,5.0820813,5.2595124
-606.86176,358.35974,5.08448,5.245122
-606.0149,358.89148,5.0868783,5.230731
-605.16125,359.41223,5.0827947,5.216245
-604.30096,359.9219,5.0730157,5.2016764
-603.4342,360.4205,5.0632367,5.187108
-602.56116,360.908,5.0534577,5.172539
-601.68195,361.38434,5.0436788,5.1579704
-600.7968,361.84952,5.0402474,5.146634
-599.9058,362.3035,5.0426393,5.1382627
-599.0093,362.74625,5.045031,5.1298914
-598.10724,363.17776,5.047423,5.1215205
-597.1998,363.59796,5.0498147,5.113149
-596.28735,364.00687,5.054917,5.1063886
-595.3698,364.40442,5.0626836,5.101211
-594.44745,364.7906,5.07045,5.096033
-593.5204,365.16534,5.0782166,5.0908556
-592.5888,365.5287,5.085983,5.085678
-591.65283,365.88055,5.0886545,5.0809817
-590.7126,366.22095,5.0858674,5.076801
-589.76825,366.54977,5.0830803,5.07262
-588.81995,366.86703,5.0802927,5.0684395
-587.8679,367.17273,5.0775056,5.0642586
-586.9122,367.46674,5.0700483,5.0604434
-585.9529,367.74908,5.0571027,5.057058
-584.9903,368.01974,5.0441575,5.053672
-584.0244,368.27863,5.031212,5.0502863
-583.0555,368.5257,5.0182667,5.0469003
-582.0836,368.76093,5.0042653,5.0454373
-581.10895,368.98428,4.988913,5.0464344
-580.1316,369.19568,4.973561,5.047431
-579.15173,369.3951,4.958209,5.048428
-578.1695,369.58252,4.942857,5.0494246
-577.18506,369.75784,4.9210706,5.0614924
-576.19855,369.92105,4.8905115,5.0886564
-575.2101,370.07205,4.8599524,5.11582
-574.2198,370.21082,4.829393,5.142984
-573.22784,370.33728,4.798834,5.170148
-572.23444,370.45135,4.7744136,5.192086
-571.2397,370.55304,4.7585964,5.2067018
-570.2437,370.64224,4.7427797,5.221318
-569.24677,370.7189,4.7269626,5.2359333
-568.24884,370.78302,4.711146,5.250549
-567.25024,370.83447,4.7164803,5.2472296
-566.25104,370.87326,4.7508144,5.2193203
-565.25146,370.89923,4.785149,5.191411
-564.2516,370.91223,4.8194838,5.1635017
-563.25165,370.91223,4.853819,5.1355915
-562.2518,370.89905,4.887485,5.1084476
-561.2522,370.87286,4.9203043,5.0822725
-560.253,370.83398,4.953123,5.056098
-559.2544,370.78284,4.9859414,5.029924
-558.2564,370.7198,5.0187597,5.00375
-557.2593,370.64526,5.021471,5.010168
-556.263,370.55966,4.9908633,5.052657
-555.26764,370.46353,4.960255,5.095146
-554.2734,370.3574,4.929647,5.1376348
-553.28015,370.24173,4.899039,5.180124
-552.28796,370.1171,4.868463,5.2225676
-551.29694,369.98395,4.8379188,5.264968
-550.307,369.8428,4.8073745,5.3073683
-549.3182,369.69412,4.77683,5.3497686
-548.33044,369.53842,4.746286,5.392169
-547.34375,369.37613,4.73712,5.4044266
-546.35803,369.20776,4.746739,5.390198
-545.37335,369.0338,4.756358,5.3759704
-544.3896,368.85474,4.7659774,5.361742
-543.4067,368.671,4.775596,5.3475137
-542.4245,368.4831,4.796694,5.3169346
-541.4431,368.29147,4.827484,5.2725487
-540.46234,368.09662,4.8582745,5.228163
-539.4821,367.89893,4.889065,5.183777
-538.5024,367.69888,4.919855,5.139391
-537.523,367.49692,4.9507346,5.0950317
-536.544,367.2935,4.98169,5.050696
-535.5651,367.08914,5.012645,5.00636
-534.5864,366.8843,5.0436,4.962024
-533.60767,366.67953,5.0745554,4.9176884
-532.6288,366.47525,5.0926223,4.892099
-531.6498,366.27173,5.099414,4.8829107
-530.6706,366.06903,5.1062055,4.873722
-529.6912,365.86716,5.1129966,4.864534
-528.7117,365.66617,5.119788,4.8553452
-527.73193,365.46606,5.123,4.851316
-526.7521,365.26685,5.123,4.8519154
-525.772,365.06848,5.123,4.852515
-524.79175,364.87085,5.123,4.8531146
-523.8114,364.67392,5.123,4.853714
-522.8309,364.47763,5.123,4.854314
-521.8503,364.28192,5.123,4.8549137
-520.86957,364.08673,5.123,4.8555136
-519.88873,363.8921,5.123,4.8561134
-518.90784,363.69788,5.123,4.856713
-517.9268,363.50412,5.123,4.8572087
-516.94574,363.31073,5.123,4.8576083
-515.9646,363.1177,5.123,4.8580084
-514.98346,362.92496,5.123,4.8584085
-514.0022,362.73245,5.123,4.8588085
-513.0209,362.54016,5.123104,4.8593125
-512.03955,362.34805,5.1233044,4.8599124
-511.05823,362.15604,5.123504,4.8605127
-510.07687,361.9641,5.1237044,4.8611126
-509.09552,361.7722,5.123904,4.8617125
-508.11417,361.58023,5.124,4.862313
-507.13284,361.38824,5.124,4.8629127
-506.15152,361.19614,5.124,4.863513
-505.1702,361.0039,5.124,4.864113
-504.18893,360.8115,5.124,4.8647127
-503.20773,360.61887,5.124,4.865313
-502.22653,360.42606,5.124,4.865913
-501.2454,360.23303,5.124,4.8665133
-500.2643,360.0398,5.124,4.867113
-499.28323,359.84637,5.124,4.867713
-498.30222,359.6528,5.124,4.868209
-497.3212,359.45905,5.124,4.868609
-496.34024,359.26514,5.124,4.869009
-495.35928,359.07108,5.124,4.8694086
-494.3784,358.87686,5.124,4.8698087
-493.39752,358.6825,5.124,4.870313
-492.41666,358.48798,5.124,4.870913
-491.43585,358.29337,5.124,4.8715134
-490.45505,358.0986,5.124,4.872113
-489.47427,357.90372,5.124,4.872713
-488.4935,357.7087,5.1241045,4.8733134
-487.5128,357.5136,5.1243043,4.8739133
-486.53207,357.3184,5.1245046,4.874513
-485.5514,357.1231,5.1247044,4.875113
-484.5707,356.9277,5.124904,4.8757133
-483.59006,356.73224,5.125,4.876313
-482.6094,356.53668,5.125,4.876913
-481.62878,356.34106,5.125,4.877513
-480.64816,356.1454,5.125,4.8781133
-479.66757,355.94965,5.125,4.878713
-478.68698,355.75385,5.125,4.8792086
-477.7064,355.558,5.125,4.8796086
-476.7258,355.36212,5.125,4.8800087
-475.74524,355.1662,5.125,4.880409
-474.76468,354.97028,5.125,4.8808084
-473.78412,354.7743,5.125,4.881313
-472.80356,354.5783,5.125,4.8819127
-471.823,354.38232,5.125,4.8825126
-470.84244,354.18634,5.125,4.8831124
-469.8619,353.99036,5.125,4.883713
-468.88135,353.79437,5.125104,4.8843126
-467.9008,353.59842,5.125304,4.8849125
-466.92023,353.4025,5.125504,4.8855124
-465.93964,353.20657,5.1257043,4.886112
-464.95908,353.01068,5.125904,4.886712
-463.9785,352.81485,5.126,4.8873124
-462.9979,352.61908,5.126,4.8879123
-462.01727,352.42334,5.126,4.888512
-461.03668,352.22766,5.126,4.889112
-460.05603,352.03204,5.126,4.889712
-459.0754,351.83652,5.126,4.890208
-458.09473,351.64105,5.126,4.890608
-457.11407,351.44565,5.126,4.891008
-456.13336,351.25037,5.126,4.891408
-455.15265,351.05518,5.126,4.8918076
-454.1719,350.86008,5.126,4.8923116
-453.19116,350.6651,5.126,4.8929114
-452.2104,350.47025,5.126,4.8935113
-451.22958,350.27548,5.126,4.894111
-450.24875,350.08087,5.126,4.8947115
-449.2679,349.88638,5.126,4.8953114
-448.28702,349.69205,5.126,4.895911
-447.30612,349.49786,5.126,4.896511
-446.32516,349.3038,5.126,4.897111
-445.3442,349.1099,5.126,4.897711
-444.36322,348.9161,5.1261034,4.8983107
-443.38217,348.7225,5.1263037,4.898911
-442.40112,348.52902,5.1265035,4.899511
-441.42004,348.3357,5.1267037,4.9001107
-440.43893,348.1425,5.1269035,4.9007106
-439.4578,347.94943,5.127,4.901207
-438.47665,347.75653,5.127,4.901607
-437.49545,347.56375,5.127,4.902007
-436.51422,347.3711,5.127,4.9024067
-435.533,347.1786,5.127,4.9028068
-434.55173,346.98624,5.127,4.9033103
-433.57043,346.79398,5.127,4.90391
-432.5891,346.60187,5.127,4.90451
-431.60776,346.40988,5.127,4.90511
-430.62637,346.21802,5.127,4.90571
-429.645,346.0263,5.127,4.90631
-428.66357,345.8347,5.127,4.90691
-427.68213,345.64322,5.127,4.90751
-426.70065,345.45187,5.127,4.9081097
-425.71918,345.26062,5.127,4.9087095
-424.73764,345.06952,5.127,4.90931
-423.7561,344.87854,5.127,4.9099097
-422.77454,344.68765,5.127,4.9105096
-421.79297,344.49692,5.127,4.9111094
-420.81134,344.30627,5.127,4.9117093
-419.8297,344.11575,5.1271033,4.912206
-418.84805,343.92535,5.127303,4.9126062
-417.8664,343.73505,5.127503,4.9130063
-416.8847,343.54486,5.127703,4.9134064
-415.90298,343.3548,5.127903,4.913806
-414.92123,343.16483,5.128,4.914309
-413.93948,342.97498,5.128,4.914909
-412.9577,342.78522,5.128,4.915509
-411.9759,342.59558,5.128,4.916109
-410.99408,342.40604,5.128,4.916709
-410.01224,342.21658,5.128,4.917309
-409.03036,342.02725,5.128,4.9179087
-408.0485,341.838,5.128,4.9185085
-407.0666,341.6489,5.128,4.919109
-406.0847,341.45987,5.128,4.9197087
-405.10272,341.2709,5.128,4.9203086
-404.1208,341.08206,5.128,4.9209085
-403.1388,340.8933,5.128,4.9215083
-402.1568,340.70468,5.128,4.9221087
-401.1748,340.5161,5.128,4.9227085
-400.19278,340.32764,5.128103,4.9232054
-399.21072,340.13925,5.1283026,4.9236054
-398.22867,339.95096,5.128503,4.9240055
-397.24658,339.76276,5.1287026,4.9244056
-396.2645,339.57465,5.128903,4.9248056
-395.28238,339.3866,5.129,4.925308
-394.30026,339.19864,5.129,4.925908
-393.3181,339.01077,5.129,4.926508
-392.33597,338.823,5.129,4.927108
-391.3538,338.63528,5.129,4.9277077
-390.3716,338.44766,5.129,4.928308
-389.3894,338.2601,5.129,4.928908
-388.40717,338.07263,5.129,4.9295077
-387.42496,337.88525,5.129,4.9301076
-386.4427,337.6979,5.129,4.9307075
-385.46045,337.51068,5.129,4.9313073
-384.47815,337.3235,5.129,4.9319077
-383.49588,337.13638,5.129,4.9325075
-382.51358,336.94934,5.129,4.9331074
-381.53125,336.7624,5.129,4.933707
-380.54895,336.57547,5.127976,4.934512
-379.5666,336.38864,5.125976,4.935512
-378.58426,336.20187,5.123976,4.936512
-377.60187,336.01517,5.1219764,4.937512
-376.6195,335.82852,5.1199765,4.938512
-375.63712,335.6419,5.1178746,4.939614
-374.65472,335.45538,5.1156745,4.940814
-373.6723,335.26892,5.113475,4.9420137
-372.68988,335.08252,5.111275,4.9432135
-371.70746,334.89615,5.109075,4.9444137
-370.725,334.70987,5.106773,4.9455113
-369.74255,334.52362,5.1043735,4.9465113
-368.7601,334.33743,5.1019735,4.947511
-367.77765,334.15128,5.0995736,4.948511
-366.79517,333.96518,5.097174,4.949511
-365.81265,333.77914,5.0948763,4.950613
-364.83017,333.59317,5.0926766,4.9518127
-363.84766,333.4072,5.0904765,4.9530125
-362.86514,333.2213,5.088277,4.9542127
-361.88263,333.03546,5.086077,4.9554124
-360.9001,332.84964,5.083877,4.9565105
-359.91754,332.66385,5.0816774,4.95751
-358.935,332.47812,5.079478,4.95851
-357.95242,332.29242,5.077278,4.95951
-356.96988,332.10678,5.075078,4.96051
-355.9873,331.92114,5.0728784,4.9616117
-355.00473,331.73557,5.0706787,4.962812
-354.02216,331.55002,5.0684786,4.9640117
-353.03955,331.3645,5.066279,4.9652114
-352.05695,331.17902,5.0640793,4.9664116
-351.07437,330.99356,5.0617776,4.9676113
-350.09177,330.80814,5.0593777,4.968811
-349.10913,330.62274,5.0569777,4.970011
-348.12653,330.43738,5.054578,4.971211
-347.1439,330.25204,5.0521784,4.9724107
-346.1613,330.0667,5.04988,4.973509
-345.17865,329.88144,5.0476804,4.974509
-344.196,329.69617,5.0454807,4.9755087
-343.21338,329.5109,5.0432806,4.9765086
-342.2307,329.32568,5.041081,4.9775085
-341.24808,329.14047,5.0388813,4.97861
-340.2654,328.95526,5.0366817,4.97981
-339.28278,328.7701,5.0344815,4.98101
-338.3001,328.58493,5.032282,4.98221
-337.31744,328.39978,5.030082,4.98341
-336.3348,328.21466,5.0277805,4.984508
-335.35214,328.02954,5.0253806,4.985508
-334.36948,327.84442,5.022981,4.986508
-333.3868,327.6593,5.0205812,4.987508
-332.40414,327.4742,5.0181813,4.9885077
-331.42145,327.28912,5.015883,4.9896092
-330.43878,327.10403,5.0136833,4.990809
-329.45612,326.91898,5.0114837,4.992009
-328.47345,326.7339,5.0092835,4.993209
-327.49078,326.5488,5.007084,4.9944086
-326.5081,326.36374,5.0048842,4.995609
-325.52542,326.17865,5.002684,4.9968085
-324.54276,325.9936,5.0004845,4.9980083
-323.5601,325.8085,4.998285,4.9992085
-322.57742,325.6234,4.9960847,5.000408
-321.59473,325.43832,4.993885,5.001507
-320.61206,325.25323,4.9916854,5.0025067
-319.6294,325.06815,4.9894853,5.0035067
-318.64673,324.88303,4.9872856,5.0045066
-317.66406,324.6979,4.985086,5.0055065
-316.68143,324.51276,4.9827847,5.0066075
-315.69876,324.32764,4.980385,5.0078077
-314.7161,324.14246,4.977985,5.0090075
-313.73343,323.95728,4.9755855,5.010207
-312.7508,323.7721,4.9731855,5.0114074
-311.76816,323.58688,4.9708867,5.012607
-310.7855,323.40167,4.968687,5.013807
-309.80286,323.2164,4.9664874,5.015007
-308.82022,323.03116,4.9642873,5.0162067
-307.8376,322.84586,4.9620876,5.017407
-306.85495,322.66055,4.959888,5.0185056
-305.87234,322.47522,4.957688,5.0195055
-304.8897,322.28986,4.955488,5.0205054
-303.9071,322.10446,4.9532886,5.0215054
-302.9245,321.91904,4.9510884,5.0225053
-301.9419,321.73358,4.9487877,5.0236063
-300.9593,321.5481,4.946388,5.024806
-299.9767,321.36258,4.943988,5.0260057
-298.99414,321.17703,4.9415884,5.027206
-298.01157,320.99146,4.9391885,5.0284057
-297.029,320.80585,4.9368896,5.029505
-296.04642,320.6202,4.93469,5.0305047
-295.06387,320.4345,4.93249,5.0315046
-294.0813,320.24878,4.93029,5.0325046
-293.09875,320.06302,4.92809,5.0335045
-292.11624,319.8772,4.9258904,5.034605
-291.1337,319.69135,4.923691,5.035805
-290.15118,319.50546,4.9214907,5.037005
-289.16867,319.31952,4.919291,5.038205
-288.1862,319.1335,4.9170914,5.039405
-287.2037,318.94748,4.9148912,5.0406046
-286.22122,318.7614,4.9126916,5.041805
-285.23874,318.5753,4.9104915,5.0430045
-284.2563,318.3891,4.908292,5.044204
-283.27383,318.20285,4.906092,5.0454044
-282.29138,318.01657,4.9037914,5.0465035
-281.30896,317.8302,4.9013915,5.0475035
-280.32654,317.6438,4.8989916,5.0485034
-279.34412,317.45734,4.896592,5.0495033
-278.36172,317.27084,4.894192,5.0505033
-277.37933,317.08426,4.891893,5.051604
-276.39694,316.8976,4.8896933,5.052804
-275.41458,316.7109,4.887493,5.0540037
-274.43222,316.52414,4.8852935,5.0552034
-273.4499,316.3373,4.8830934,5.0564036
-272.46756,316.15042,4.8808937,5.0575027
-271.48523,315.96347,4.878694,5.0585027
-270.50293,315.77643,4.876494,5.0595026
-269.52066,315.58936,4.8742943,5.0605025
-268.5384,315.4022,4.872094,5.0615025
-267.55612,315.21494,4.869794,5.062603
-266.57385,315.02762,4.867394,5.0638027
-265.59164,314.84024,4.8649945,5.065003
-264.6094,314.65277,4.8625946,5.0662026
-263.6272,314.46524,4.8601947,5.067403
-262.64502,314.27762,4.8578954,5.0686026
-261.66284,314.08994,4.8556952,5.0698023
-260.68066,313.90216,4.8534956,5.0710025
-259.69855,313.7143,4.851296,5.072202
-258.7164,313.52637,4.849096,5.0734024
-257.73428,313.33832,4.846896,5.074502
-256.7522,313.15024,4.844696,5.075502
-255.77011,312.96204,4.8424964,5.076502
-254.78806,312.77374,4.8402963,5.077502
-253.806,312.5854,4.8380966,5.0785017
-252.82397,312.3969,4.835897,5.079602
-251.84196,312.20837,4.833697,5.0808015
-250.85997,312.0197,4.831497,5.0820017
-249.87799,311.831,4.829297,5.0832014
-248.89604,311.64215,4.8270974,5.0844016
-247.9141,311.45325,4.825198,5.085401
-246.93217,311.26422,4.8235984,5.0862007
-245.95027,311.0751,4.821998,5.087001
-244.96838,310.88586,4.8203983,5.087801
-243.98653,310.69653,4.8187985,5.0886006
-243.00468,310.5071,4.818501,5.088599
-242.02286,310.3176,4.819501,5.0877995
-241.04106,310.12796,4.820501,5.0869994
-240.05928,309.93823,4.821501,5.0861993
-239.07751,309.74838,4.8225007,5.0853996
-238.09576,309.55844,4.823601,5.0845995
-237.11404,309.36838,4.8248005,5.0838
-236.13235,309.17822,4.8260007,5.0829997
-235.15067,308.98795,4.8272004,5.0821996
-234.169,308.79755,4.8284,5.0814
-233.18738,308.60703,4.8295,5.0806
-232.20576,308.4164,4.8305,5.0797997
-231.22418,308.22568,4.8315,5.079
-230.24261,308.03482,4.8325,5.0782
-229.26106,307.84384,4.8335,5.0774
-228.27954,307.65274,4.8346,5.0766
-227.29805,307.46155,4.8357997,5.0758
-226.31657,307.2702,4.837,5.0750003
-225.33513,307.07874,4.8381996,5.0742
-224.35371,306.88715,4.8394,5.0734005
-223.37231,306.69543,4.8404994,5.0727
-222.39093,306.5036,4.8414993,5.0721
-221.40958,306.31165,4.8424993,5.0715003
-220.42825,306.11954,4.843499,5.0709004
-219.44696,305.9273,4.844499,5.0703006
-218.46568,305.735,4.845599,5.0696006
-217.48444,305.5425,4.846799,5.0688004
-216.5032,305.3499,4.847999,5.068001
-215.522,305.1572,4.849199,5.0672007
-214.54082,304.9644,4.850399,5.066401
-213.55966,304.77142,4.851499,5.065601
-212.57852,304.57837,4.852499,5.0648007
-211.59741,304.3852,4.853499,5.064001
-210.61633,304.1919,4.854499,5.063201
-209.63525,303.9985,4.855499,5.0624013
-208.65422,303.805,4.8565984,5.061601
-207.67319,303.61136,4.857798,5.060801
-206.69218,303.41763,4.8589983,5.0600014
-205.7112,303.2238,4.860198,5.0592012
-204.73024,303.02985,4.861398,5.058401
-203.7493,302.83582,4.8624983,5.057701
-202.76837,302.64166,4.863498,5.0571012
-201.78748,302.44742,4.864498,5.056501
-200.8066,302.25308,4.865498,5.055901
-199.82573,302.05865,4.866498,5.055301
-198.8449,301.8641,4.8675976,5.0546017
-197.86406,301.6695,4.8687973,5.0538015
-196.88326,301.47476,4.8699975,5.053002
-195.90247,301.27994,4.871197,5.0522017
-194.92169,301.08505,4.872397,5.051402
-193.94095,300.89005,4.8734975,5.050602
-192.9602,300.69498,4.8744974,5.049802
-191.97949,300.49982,4.8754973,5.049002
-190.99878,300.30457,4.8764973,5.048202
-190.0181,300.10925,4.877497,5.0474024
-189.03743,299.91385,4.878597,5.0466022
-188.05678,299.71835,4.8797965,5.0458026
-187.07613,299.5228,4.880996,5.0450025
-186.0955,299.32715,4.8821964,5.0442023
-185.1149,299.13144,4.883396,5.0434027
-184.13431,298.93567,4.8844967,5.0426025
-183.15373,298.7398,4.8854966,5.041803
-182.17316,298.54385,4.8864965,5.0410028
-181.19261,298.34787,4.8874965,5.0402026
-180.21207,298.1518,4.8884964,5.039403
-179.23154,297.95566,4.8895955,5.038702
-178.25104,297.75946,4.890795,5.038102
-177.27054,297.5632,4.8919954,5.0375023
-176.29004,297.36688,4.893195,5.0369024
-175.30957,297.1705,4.8943954,5.0363026
-174.3291,296.97406,4.895496,5.0356035
-173.34865,296.77756,4.896496,5.0348034
-172.36821,296.58102,4.8974957,5.0340033
-171.38777,296.3844,4.8984957,5.0332036
-170.40736,296.18774,4.8994956,5.0324035
-169.42696,295.99103,4.9005947,5.031604
-168.44655,295.79428,4.9017944,5.0308037
-167.46616,295.59747,4.902994,5.030004
-166.48578,295.4006,4.9041944,5.029204
-165.5054,295.2037,4.905394,5.0284038
-164.52504,295.00677,4.906495,5.027604
-163.5447,294.80978,4.907495,5.026804
-162.56435,294.61276,4.908495,5.0260043
-161.584,294.41568,4.9094944,5.025204
-160.60367,294.2186,4.9104943,5.0244045
-159.62335,294.02145,4.9115934,5.0237036
-158.64304,293.82428,4.912793,5.023103
-157.66272,293.62704,4.913993,5.0225034
-156.68242,293.4298,4.915193,5.0219035
-155.70213,293.23254,4.916393,5.0213037
-154.72183,293.03525,4.917494,5.020605
-153.74155,292.83792,4.9184937,5.019805
-152.76128,292.64056,4.9194937,5.0190053
-151.78099,292.44318,4.9204936,5.018205
-150.80072,292.2458,4.9214935,5.017405
-149.82047,292.04834,4.922592,5.0166054
-148.8402,291.8509,4.923792,5.0158052
-147.85994,291.65344,4.9249916,5.0150056
-146.87968,291.45596,4.926192,5.0142055
-145.89943,291.25845,4.9273915,5.013406
-144.91919,291.06094,4.928493,5.0126057
-143.93893,290.86343,4.9294925,5.011806
-142.9587,290.6659,4.9304924,5.011006
-141.97845,290.46835,4.9314923,5.010206
-140.99821,290.27078,4.9324923,5.009406
-140.01797,290.07324,4.9335904,5.0086064
-139.03773,289.87567,4.9347906,5.0078063
-138.0575,289.6781,4.9359903,5.0070066
-137.07726,289.48053,4.93719,5.0062065
-136.09703,289.28296,4.9383903,5.0054064
-135.11679,289.0854,4.9394917,5.004705
-134.13655,288.88782,4.9404917,5.004105
-133.15631,288.69025,4.941491,5.003505
-132.17607,288.49268,4.942491,5.0029054
-131.19583,288.2951,4.943491,5.0023055
-130.21559,288.09756,4.944589,5.0016074
-129.23535,287.90002,4.945789,5.0008073
-128.25511,287.70248,4.946989,5.0000076
-127.274864,287.50497,4.948189,4.9992075
-126.29461,287.30746,4.9493885,4.998408
-125.314354,287.11,4.9504905,4.9976077
-124.3341,286.9125,4.9514904,4.996808
-123.35384,286.71506,4.9524903,4.996008
-122.37357,286.5176,4.95349,4.9952083
-121.39331,286.3202,4.9544897,4.994408
-120.41303,286.1228,4.955588,4.9936085
-119.432755,285.92545,4.9567876,4.9928083
-118.45248,285.7281,4.9579873,4.9920087
-117.47218,285.5308,4.959187,4.9912086
-116.49189,285.3335,4.960387,4.990409
-115.5116,285.13623,4.961489,4.989609
-114.53129,284.93903,4.962489,4.988809
-113.55097,284.74182,4.9634886,4.988009
-112.570656,284.54468,4.9644885,4.9872093
-111.590324,284.34753,4.9654884,4.986409
-110.60999,284.15045,4.966586,4.985707
-109.629654,283.9534,4.967786,4.985107
-108.6493,283.7564,4.9689856,4.984507
-107.668945,283.55945,4.9701853,4.983907
-106.688576,283.36252,4.9713855,4.9833074
-105.7082,283.16565,4.9724874,4.9826097
-104.72781,282.9688,4.9734874,4.98181
-103.74741,282.77203,4.9744873,4.98101
-102.767006,282.57532,4.975487,4.9802103
-101.78659,282.37866,4.976487,4.97941
-100.80616,282.18204,4.9775844,4.9786105
-99.825714,281.9855,4.978784,4.9778104
-98.84526,281.78903,4.979984,4.9770107
-97.864784,281.59262,4.981184,4.9762106
-96.8843,281.39627,4.9823837,4.975411
-95.9038,281.2,4.983486,4.974611
-94.923294,281.0038,4.984486,4.973811
-93.942764,280.8077,4.985486,4.973011
-92.96222,280.61166,4.986486,4.9722114
-91.98165,280.4157,4.987486,4.971411
-91.001076,280.21985,4.9885826,4.9707084
-90.02048,280.02408,4.989783,4.9701085
-89.03986,279.8284,4.9909825,4.9695086
-88.05923,279.6328,4.9921823,4.968909
-87.078575,279.43732,4.9933825,4.968309
-86.0979,279.2419,4.9944854,4.967612
-85.11721,279.04663,4.9954853,4.9668117
-84.1365,278.85144,4.996485,4.966012
-83.15576,278.65637,4.997485,4.965212
-82.175,278.4614,4.998485,4.964412
-81.19422,278.26654,4.999582,4.963612
-80.213425,278.07178,5.000782,4.962812
-79.2326,277.87717,5.0019817,4.9620123
-78.25175,277.68265,5.003182,4.961212
-77.270874,277.48825,5.0043817,4.960412
-76.28998,277.294,5.0054846,4.9596124
-75.30905,277.09988,5.006485,4.958812
-74.3281,276.90588,5.007485,4.958012
-73.34712,276.712,5.008485,4.957212
-72.36612,276.51828,5.009485,4.9564123
-71.38509,276.32468,5.010582,4.955612
-70.40403,276.13123,5.0117817,4.954812
-69.42294,275.93793,5.012982,4.954012
-68.44183,275.74478,5.014182,4.953212
-67.460686,275.55176,5.0153823,4.952412
-66.47951,275.35892,5.016485,4.951709
-65.49831,275.1662,5.017485,4.951109
-64.51707,274.97366,5.0184855,4.9505086
-63.5358,274.78128,5.0194855,4.9499087
-62.5545,274.58905,5.020486,4.9493084
-61.57317,274.397,5.021583,4.9486113
-60.591805,274.2051,5.0227833,4.947811
-59.610405,274.0134,5.0239835,4.947011
-58.628975,273.82184,5.0251837,4.946211
-57.64751,273.63046,5.026384,4.9454107
-56.66601,273.43927,5.027487,4.9446106
-55.684475,273.24823,5.028487,4.9438105
-54.702908,273.0574,5.029487,4.9430103
-53.7213,272.86676,5.0304875,4.9422097
-52.73965,272.67633,5.031488,4.9414096
-51.75796,272.4861,5.0325856,4.9406095
-50.776237,272.29608,5.0337863,4.9398093
-49.794487,272.10614,5.0349865,4.939009
-48.81273,271.9163,5.0361867,4.9382086
-47.83097,271.7264,5.0373874,4.9374084
-46.84923,271.53647,5.03849,4.936706
-45.86752,271.34637,5.0394897,4.936106
-44.88585,271.15604,5.04049,4.935506
-43.904243,270.9654,5.04149,4.934906
-42.922714,270.77435,5.0424905,4.9343057
-41.941273,270.58282,5.043588,4.9336076
-40.959946,270.39078,5.044788,4.932808
-39.978737,270.19806,5.0459876,4.9320083
-38.997673,270.00467,5.0471873,4.931208
-38.01676,269.81046,5.048387,4.9304085
-37.03603,269.61536,5.0494885,4.929609
-36.055485,269.41934,5.050488,4.9288096
-35.07514,269.2223,5.051487,4.9280105
-34.095013,269.02417,5.052486,4.9272113
-33.115116,268.82492,5.053485,4.926412
-32.135464,268.62448,5.05458,4.9256134
-31.156073,268.42276,5.0557775,4.9248147
-30.17698,268.2196,5.0569754,4.9240165
-29.19821,268.0149,5.058173,4.923218
-28.219799,267.80847,5.0593705,4.9224195
-27.241777,267.6002,5.0365434,4.945646
-26.264147,267.3901,4.9871087,4.995479
-25.286879,267.17834,4.937674,5.0453124
-24.309942,266.96506,4.8882403,5.0951447
-23.333307,266.7504,4.8388076,5.1449766
-22.356953,266.53445,4.7884545,5.195819
-21.381115,266.3162,4.7370114,5.247861
-20.40635,266.0932,4.6855664,5.2999034
-19.433254,265.863,4.6341214,5.351947
-18.462488,265.62323,4.582679,5.403988
-17.49478,265.3714,4.5353885,5.4525065
-16.531086,265.1046,4.4933257,5.4965916
-15.572678,264.81946,4.4512625,5.540677
-14.621029,264.5125,4.4091997,5.584762
-13.677854,264.18045,4.3671494,5.628834
-12.745123,263.82013,4.3720484,5.6338387
-11.825023,263.4287,4.424462,5.5993075
-10.92002,263.00354,4.4768825,5.5647717
-10.032966,262.54214,4.529333,5.5302157
-9.16712,262.0421,4.5818167,5.4956384
-8.325991,261.50153,4.63401,5.461123
-7.5111966,260.92203,4.686008,5.426661
-6.7226253,260.30728,4.737972,5.392223
-5.9598036,259.66083,4.7899075,5.3578024
-5.2220125,258.98596,4.841842,5.3233833
-4.508372,258.28558,4.8539734,5.30517
-3.8180094,257.56223,4.8511863,5.2930264
-3.149961,256.81824,4.8483987,5.28088
-2.503088,256.05573,4.8456106,5.268733
-1.8761159,255.2768,4.842823,5.2565856
-1.267704,254.48326,4.8349047,5.2464614
-0.67682713,253.67659,4.8248377,5.237184
-0.102626376,252.85796,4.814771,5.2279067
0.4558107,252.02849,4.8047047,5.21863
0.999442,251.18924,4.7946386,5.209353
1.5292275,250.34117,4.7929068,5.1958303
2.0457246,249.48495,4.795893,5.1799035
2.5492077,248.62102,4.7988796,5.1639757
3.0399575,247.74979,4.801866,5.148048
3.518265,246.87166,4.8048525,5.132119
3.9844382,245.98703,4.8137617,5.113064
4.438901,245.09633,4.8263655,5.0920577
4.882169,244.2,4.8389688,5.071052
5.3147697,243.29848,4.851572,5.0500464
5.737243,242.39217,4.8641753,5.029041
6.1501355,241.48145,4.8741894,5.0164285
6.5539956,240.56668,4.882598,5.009021
6.949377,239.64822,4.891006,5.0016136
7.336841,238.7264,4.8994145,4.9942064
7.7169557,237.80151,4.9078226,4.986799
8.090294,236.87389,4.9148574,4.9835024
8.457434,235.94377,4.9210577,4.9827023
8.818954,235.01146,4.927258,4.981902
9.175442,234.07722,4.9334583,4.981102
9.527485,233.1413,4.9396586,4.9803023
9.875678,232.20392,4.9459796,4.979627
10.220634,231.26535,4.9523745,4.9790273
10.562987,230.32584,4.9587693,4.978428
10.90337,229.3856,4.9651637,4.9778285
11.242416,228.44489,4.9715586,4.977229
11.580757,227.50392,4.9779534,4.9765058
11.918931,226.5629,4.984349,4.9757066
12.257408,225.62198,4.990744,4.974907
12.596658,224.68134,4.99714,4.9741077
12.937149,223.74113,5.0035353,4.973308
13.279327,222.80156,5.009811,4.9725084
13.623293,221.86263,5.0160117,4.9717083
13.968897,220.9243,5.022212,4.970908
14.315984,219.98653,5.028413,4.970108
14.664398,219.04924,5.0346136,4.969308
15.013987,218.11238,5.0409393,4.968631
15.364645,217.17593,5.0473433,4.9680305
15.716299,216.23987,5.053747,4.96743
16.068878,215.30414,5.060151,4.96683
16.422308,214.36873,5.066555,4.966229
16.776518,213.43361,5.07296,4.965505
17.131418,212.49876,5.079365,4.9647045
17.486906,211.56415,5.085769,4.963904
17.842882,210.6297,5.092174,4.9631033
18.199245,209.6954,5.098579,4.9623027
18.555895,208.76122,5.1048584,4.9616265
18.912748,207.82712,5.1110616,4.961026
19.269743,206.89307,5.1172647,4.960426
19.626808,205.95905,5.123468,4.9598255
19.98388,205.02502,5.129671,4.959225
20.340887,204.09097,5.1359973,4.9585004
20.697697,203.15685,5.142397,4.9577003
21.054136,202.22258,5.148796,4.9569006
21.410032,201.28812,5.1551957,4.9561005
21.765207,200.35336,5.1615953,4.955301
22.119513,199.41829,5.1679916,4.9546256
22.473124,198.48296,5.174386,4.954026
22.826458,197.54752,5.18078,4.953427
23.179935,196.61212,5.1871743,4.9528275
23.533981,195.67694,5.1935687,4.952228
23.889027,194.74216,5.1998405,4.951504
24.245695,193.80798,5.2060375,4.950705
24.604744,192.87471,5.212235,4.9499054
24.966927,191.94266,5.218432,4.9491057
25.333002,191.01213,5.224629,4.948306
25.703716,190.08344,5.230711,4.9456496
26.079779,189.1569,5.236722,4.9418426
26.46187,188.23283,5.242733,4.9380355
26.850664,187.31157,5.248744,4.9342284
27.246828,186.39345,5.254755,4.930422
27.651024,185.47884,5.2598953,4.920062
28.063917,184.56812,5.2645164,4.9057975
28.48618,183.6617,5.2691374,4.8915324
28.918467,182.76003,5.2737584,4.8772674
29.361431,181.86356,5.2783794,4.863003
29.815704,180.97275,5.2831326,4.8487325
30.281895,180.08813,5.287957,4.8344593
30.760588,179.21022,5.292782,4.8201866
31.252352,178.33955,5.297607,4.8059134
31.757744,177.47675,5.3024316,4.7916403
32.277287,176.62238,5.2699857,4.833567
32.811405,175.77704,5.2195883,4.9025636
33.360443,174.94131,5.1691914,4.9715595
33.92473,174.11581,5.1187944,5.0405555
34.504574,173.30116,5.068399,5.109549
35.10027,172.49803,5.0527987,5.1397195
35.712097,171.70714,5.0539823,5.1511626
36.340317,170.92918,5.0551662,5.1626062
36.985172,170.16496,5.0563498,5.17405
37.646873,169.4153,5.0575337,5.185493
38.325623,168.68103,5.067181,5.1790304
39.021717,167.96318,5.0823264,5.1609344
39.735546,167.26297,5.097472,5.1428385
40.46743,166.58165,5.1126165,5.124744
41.21762,165.92056,5.1277575,5.106653
41.9863,165.28105,5.1365614,5.077391
42.773827,164.66492,5.1395545,5.0378804
43.5807,164.07434,5.142548,4.9983654
44.407295,163.51173,5.1455426,4.9588366
45.253826,162.97958,5.148538,4.919295
46.120235,162.48048,5.157696,4.8823204
47.005272,162.01518,5.1727204,4.8478045
47.906773,161.58264,5.18774,4.8133006
48.822735,161.18161,5.2027555,4.778805
49.751343,160.81079,5.217772,4.7443075
50.690964,160.46883,5.2415223,4.714372
51.63993,160.1537,5.271464,4.6876674
52.596607,159.86281,5.3014083,4.66096
53.559566,159.59341,5.3313513,4.6342545
54.527573,159.34273,5.361294,4.6075487
55.499565,159.10797,5.378313,4.59581
56.474693,158.8866,5.38814,4.5924
57.452267,158.67627,5.3979683,4.5889907
58.431667,158.4746,5.407796,4.585581
59.412342,158.27922,5.4176235,4.5821714
60.393803,158.08783,5.4049664,4.604262
61.37586,157.89949,5.3805404,4.6397
62.358486,157.71419,5.3561134,4.6751385
63.341675,157.53188,5.3316865,4.7105775
64.32541,157.35255,5.3072596,4.746017
65.309685,157.17616,5.2829657,4.7814555
66.294464,157.00267,5.2587395,4.816893
67.27974,156.832,5.2345138,4.8523307
68.26549,156.66406,5.210288,4.8877683
69.25168,156.49878,5.186063,4.923206
70.238304,156.33607,5.168785,4.947821
71.225334,156.17587,5.154973,4.9670377
72.21276,156.01811,5.141161,4.986254
73.20056,155.86273,5.127349,5.0054708
74.18873,155.70967,5.1135373,5.0246873
75.17724,155.55885,5.1080594,5.0305967
76.16608,155.41022,5.1066585,5.0299964
77.155235,155.26369,5.105258,5.029396
78.14469,155.1192,5.103857,5.0287957
79.13443,154.97668,5.102456,5.0281954
80.12444,154.83607,5.1011906,5.0274606
81.114716,154.6973,5.0999904,5.0266604
82.10524,154.56029,5.09879,5.0258603
83.095985,154.42499,5.09759,5.0250597
84.08696,154.2913,5.09639,5.0242596
85.07815,154.1592,5.0950546,5.02346
86.06953,154.02856,5.0936546,5.02266
87.06109,153.89937,5.092255,5.02186
88.05283,153.77153,5.090855,5.02106
89.04475,153.64497,5.0894556,5.0202603
90.036804,153.51964,5.0881906,5.0194607
91.029015,153.39545,5.0869913,5.018661
92.021355,153.27234,5.085792,5.0178614
93.013824,153.15025,5.0845923,5.0170617
94.00641,153.0291,5.083393,5.016262
94.9991,152.90883,5.082194,5.015597
95.99188,152.78937,5.0809946,5.014997
96.984764,152.67065,5.0797954,5.0143976
97.977715,152.5526,5.078596,5.013798
98.97075,152.43515,5.077397,5.0131984
99.96384,152.31824,5.076064,5.012465
100.956985,152.20178,5.074665,5.011666
101.95017,152.08574,5.0732665,5.0108666
102.943405,151.97002,5.0718675,5.010067
103.93667,151.85455,5.070469,5.009268
104.92995,151.73927,5.069203,5.0084686
105.92324,151.62413,5.0680037,5.007669
106.91655,151.50903,5.066805,5.00687
107.90985,151.39392,5.0656056,5.0060706
108.903145,151.27875,5.064407,5.0052714
109.89642,151.16342,5.0632076,5.004604
110.88967,151.04788,5.062009,5.0040045
111.88289,150.93204,5.0608096,5.0034046
112.87606,150.81584,5.0596104,5.002805
113.86919,150.6992,5.0584116,5.002206
114.86224,150.58203,5.0570807,5.001475
115.85524,150.4643,5.0556817,5.000675
116.84817,150.34596,5.0542827,4.9998755
117.84101,150.227,5.052883,4.9990764
118.83378,150.10738,5.051484,4.9982767
119.82646,149.98706,5.0502157,4.997477
120.81906,149.86606,5.049016,4.9966774
121.811584,149.74442,5.0478163,4.9958777
122.80403,149.62213,5.0466166,4.9950776
123.7964,149.49924,5.0454173,4.994278
124.7887,149.3758,5.0442176,4.993609
125.78093,149.25179,5.043018,4.9930086
126.773094,149.12726,5.0418177,4.9924088
127.76519,149.0022,5.040618,4.991809
128.75723,148.87665,5.039418,4.991209
129.7492,148.75063,5.038088,4.990479
130.74112,148.62413,5.036688,4.989679
131.73299,148.4972,5.035288,4.9888787
132.7248,148.36984,5.033888,4.988079
133.71654,148.24208,5.032488,4.987279
134.70825,148.11395,5.031218,4.986479
135.6999,147.98544,5.0300183,4.9856787
136.69151,147.8566,5.028818,4.9848785
137.68309,147.72743,5.027618,4.9840784
138.67462,147.59796,5.0264177,4.9832788
139.66612,147.4682,5.0250874,4.982609
140.65758,147.33818,5.023687,4.982009
141.649,147.20792,5.022287,4.9814086
142.6404,147.07742,5.0208864,4.9808083
143.63177,146.94672,5.0194864,4.9802084
144.62312,146.81583,5.0182166,4.979478
145.61444,146.68477,5.0170164,4.9786773
146.60574,146.55356,5.0158157,4.977877
147.59703,146.42223,5.0146155,4.977077
148.5883,146.29079,5.0134153,4.976277
149.57956,146.15926,5.012215,4.9754767
150.57082,146.02765,5.011015,4.9746766
151.56206,145.896,5.0098147,4.9738765
152.5533,145.76431,5.008614,4.9730763
153.54454,145.63261,5.007414,4.9722757
154.53578,145.50092,5.0060825,4.9716067
155.52702,145.36925,5.004682,4.971007
156.51826,145.23763,5.003282,4.9704065
157.50952,145.10608,5.0018816,4.969806
158.5008,144.97461,5.000481,4.9692063
159.49208,144.84325,4.9992123,4.968475
160.48338,144.712,4.998012,4.9676747
161.4747,144.58092,4.996812,4.9668746
162.46603,144.44998,4.9956117,4.9660745
163.4574,144.31923,4.9944115,4.9652743
164.44879,144.18869,4.9932113,4.964474
165.44022,144.05835,4.992011,4.963674
166.43166,143.92827,4.990811,4.962874
167.42314,143.79845,4.9896107,4.962074
168.41467,143.6689,4.9884105,4.9612737
169.40623,143.53967,4.9870787,4.9604735
170.39784,143.41075,4.9856787,4.9596734
171.38948,143.28218,4.9842787,4.9588737
172.38118,143.15395,4.9828787,4.9580736
173.37292,143.02608,4.9814787,4.9572735
174.3647,142.89857,4.9802103,4.956605
175.35654,142.77144,4.9790106,4.956005
176.34842,142.64465,4.9778104,4.955405
177.34033,142.51819,4.9766107,4.9548054
178.3323,142.39204,4.975411,4.9542055
179.3243,142.26619,4.9740796,4.953474
180.31633,142.14063,4.9726796,4.952674
181.3084,142.01534,4.97128,4.9518743
182.3005,141.89029,4.96988,4.9510746
183.29263,141.76549,4.9684806,4.9502745
184.28479,141.64091,4.967212,4.949475
185.27698,141.51656,4.9660125,4.948675
186.2692,141.39241,4.9648128,4.947875
187.26143,141.26845,4.963613,4.9470754
188.25368,141.14464,4.9624133,4.9462757
189.24596,141.02101,4.9612136,4.9456067
190.23825,140.89752,4.9600143,4.945007
191.23056,140.77415,4.9588146,4.9444075
192.22289,140.65091,4.957615,4.9438076
193.21523,140.52777,4.956415,4.9432077
194.20757,140.40471,4.955085,4.942477
195.19994,140.28172,4.9536853,4.9416776
196.19229,140.15881,4.952286,4.9408774
197.18466,140.03593,4.9508862,4.940078
198.17705,139.9131,4.9494867,4.939278
199.16942,139.79027,4.948218,4.9384785
200.1618,139.66745,4.947018,4.937679
201.15417,139.54463,4.9458184,4.936879
202.14655,139.42178,4.9446187,4.9360795
203.13892,139.29889,4.9434195,4.9352794
204.13129,139.17595,4.9422197,4.93461
205.12364,139.05295,4.94102,4.93401
206.11598,138.92986,4.9398203,4.93341
207.1083,138.80667,4.938621,4.9328103
208.10063,138.6834,4.9374213,4.9322104
209.09294,138.55998,4.936092,4.931481
210.08522,138.43643,4.9346924,4.930681
211.0775,138.31274,4.9332924,4.9298816
212.06975,138.18889,4.931893,4.9290814
213.06197,138.06485,4.9304934,4.928282
214.05417,137.94063,4.929223,4.927482
215.04636,137.8162,4.9280233,4.926682
216.0385,137.69154,4.9268236,4.9258823
217.03062,137.56665,4.925624,4.9250827
218.0227,137.44151,4.924424,4.9242826
219.01476,137.31612,4.9230947,4.923612
220.00677,137.19044,4.9216948,4.9230123
220.99876,137.06448,4.9202952,4.9224124
221.9907,136.93822,4.9188952,4.921812
222.98262,136.81163,4.9174953,4.921212
223.97447,136.68472,4.9162245,4.920483
224.9663,136.55748,4.9150248,4.919683
225.95807,136.42987,4.9138246,4.918883
226.9498,136.30188,4.9126244,4.918083
227.94147,136.17348,4.9114246,4.917283
228.93307,136.04465,4.9102244,4.916483
229.92464,135.9154,4.9090242,4.915683
230.91615,135.78577,4.907824,4.9148827
231.90762,135.65578,4.906624,4.9140825
232.89903,135.52547,4.9054236,4.9132824
233.89043,135.39485,4.9040937,4.9126115
234.88177,135.26398,4.9026933,4.9120116
235.8731,135.1329,4.901293,4.9114113
236.8644,135.0017,4.899893,4.910811
237.85568,134.87039,4.8984923,4.910211
238.84697,134.73907,4.8972216,4.909481
239.83827,134.60776,4.8960214,4.908681
240.82956,134.47653,4.894821,4.907881
241.82088,134.34541,4.8936205,4.9070807
242.81223,134.21448,4.8924203,4.90628
243.80359,134.08374,4.89122,4.90548
244.79498,133.95328,4.89002,4.90468
245.78644,133.82314,4.8888197,4.9038796
246.77792,133.69339,4.8876195,4.9030795
247.76949,133.56407,4.8864193,4.9022794
248.7611,133.43526,4.8850894,4.9014797
249.75278,133.30696,4.8836894,4.9006796
250.74454,133.17924,4.8822894,4.8998795
251.73637,133.05212,4.8808894,4.89908
252.72829,132.92563,4.8794894,4.8982797
253.72029,132.7998,4.8782196,4.8976097
254.71239,132.67471,4.8770204,4.89701
255.70459,132.5505,4.8758206,4.8964105
256.69693,132.4273,4.874621,4.8958106
257.6894,132.30524,4.873421,4.8952107
258.682,132.18442,4.8720922,4.894481
259.67477,132.0646,4.870693,4.893682
260.66757,131.94542,4.869294,4.8928823
261.66043,131.82643,4.867895,4.892083
262.65326,131.70721,4.866496,4.8912835
263.646,131.58734,4.865226,4.890484
264.63858,131.4662,4.864026,4.889684
265.63092,131.34311,4.8628263,4.8888845
266.62292,131.2173,4.861627,4.8880844
267.61447,131.08809,4.8604274,4.8872848
268.6055,130.95476,4.8584533,4.89641
269.59586,130.81664,4.8560505,4.911025
270.58545,130.67303,4.853648,4.92564
271.57413,130.52335,4.851246,4.940255
272.56177,130.3669,4.848843,4.9548697
273.5482,130.20305,4.8459187,4.97522
274.53323,130.03114,4.8427114,4.9986725
275.51675,129.85052,4.8395042,5.0221252
276.49847,129.66054,4.836297,5.0455775
277.4782,129.46053,4.83309,5.0690293
278.45572,129.24985,4.830017,5.0926003
279.4307,129.02788,4.827013,5.1162324
280.40292,128.794,4.824009,5.1398644
281.37204,128.54764,4.821005,5.1634965
282.33774,128.28818,4.818001,5.187129
283.29962,128.01501,4.81607,5.199117
284.2574,127.72766,4.8146763,5.205291
285.21063,127.425644,4.8132825,5.211464
286.15897,127.10851,4.811888,5.217637
287.10193,126.77581,4.8104944,5.22381
288.03906,126.42708,4.8093624,5.2272754
288.9698,126.06155,4.808374,5.229252
289.89334,125.67822,4.807386,5.2312284
290.80887,125.276146,4.8063974,5.2332053
291.7155,124.854385,4.805409,5.235182
292.61227,124.412025,4.8101397,5.2279406
293.49805,123.94808,4.818908,5.2141895
294.37155,123.46145,4.8276763,5.200439
295.23145,122.95111,4.8364444,5.18669
296.0762,122.416115,4.84521,5.1729436
296.9042,121.855576,4.8561273,5.155849
297.71362,121.268486,4.868685,5.136203
298.50217,120.65367,4.8812437,5.116554
299.2674,120.010086,4.893808,5.096897
300.00662,119.33681,4.906377,5.077233
300.7171,118.63328,4.8679,5.0906467
301.39792,117.90096,4.7997446,5.1232963
302.04956,117.14258,4.731617,5.155932
302.6728,116.360664,4.6635084,5.1885586
303.26846,115.55755,4.595394,5.2211885
303.83755,114.73538,4.533496,5.2496943
304.3816,113.89642,4.473883,5.2766814
304.90253,113.042915,4.4142656,5.3036704
305.40244,112.17693,4.3546515,5.330658
305.88358,111.300354,4.295035,5.3576465
306.3481,110.41488,4.3170815,5.330354
306.79803,109.52187,4.364278,5.2863445
307.2351,108.62251,4.4114757,5.242333
307.6612,107.71789,4.458672,5.198323
308.0782,106.80904,4.505867,5.154314
308.48785,105.89686,4.553263,5.1102557
308.89096,104.981766,4.600731,5.066179
309.2877,104.06389,4.6482,5.0221
309.67825,103.14337,4.6956706,4.97802
310.06284,102.22034,4.743141,4.9339404
310.44162,101.294914,4.77773,4.902312
310.8149,100.36725,4.8075323,4.8753095
311.18292,99.437485,4.8373346,4.8483076
311.54596,98.50577,4.867137,4.8213053
311.90427,97.57222,4.8969393,4.7943034
312.25818,96.63699,4.905,4.788461
312.6079,95.7002,4.905,4.790464
312.95377,94.76197,4.905,4.7924666
313.29602,93.82242,4.905,4.79447
313.63495,92.88165,4.905,4.7964725
313.9708,91.9398,4.9048524,4.7986236
314.3039,90.996956,4.904652,4.800827
314.6345,90.05324,4.904452,4.803031
314.96286,89.10874,4.9042516,4.805235
315.28928,88.163574,4.904051,4.807439
315.61404,87.217834,4.9038506,4.809493
315.93744,86.27162,4.9036503,4.811496
316.2598,85.32506,4.90345,4.813499
316.5814,84.37824,4.9032497,4.8155017
316.9026,83.43128,4.9030495,4.817505
317.2237,82.48428,4.903,4.8196573
317.54486,81.537315,4.903,4.821859
317.86627,80.59043,4.903,4.8240604
318.18808,79.643684,4.903,4.8262625
318.51044,78.69712,4.903,4.828464
318.83353,77.7508,4.9028487,4.830513
319.1573,76.80472,4.902649,4.832513
319.48175,75.85887,4.9024487,4.834512
319.80682,74.91323,4.902249,4.836512
320.13248,73.9678,4.9020486,4.838512
320.45865,73.022545,4.901849,4.840662
320.78537,72.07748,4.901649,4.84286
321.1126,71.13258,4.901449,4.8450584
321.44034,70.187874,4.9012494,4.8472567
321.7686,69.24334,4.9010496,4.849455
322.09735,68.29898,4.901,4.851502
322.4266,67.35479,4.901,4.853499
322.75635,66.41077,4.901,4.8554964
323.08652,65.46691,4.901,4.857494
323.41718,64.5232,4.901,4.859491
323.74823,63.579655,4.9008512,4.861488
324.07974,62.63625,4.9006515,4.8634844
324.41165,61.69299,4.900452,4.865481
324.74393,60.74987,4.9002523,4.8674774
325.07663,59.806885,4.9000525,4.869474
325.40967,58.864033,4.9,4.8716173
325.7431,57.921307,4.9,4.873813
326.07687,56.978706,4.9,4.876009
326.41098,56.036224,4.9,4.878205
326.7454,55.093857,4.9,4.8804007
327.08014,54.1516,4.8998547,4.8824515
327.41516,53.209446,4.8996553,4.8844476
327.7505,52.267395,4.8994555,4.886444
328.0861,51.325443,4.8992558,4.88844
328.42194,50.383583,4.8990564,4.890436
328.75806,49.441814,4.8988566,4.892576
329.0944,48.50013,4.898657,4.894772
329.43094,47.558525,4.8984575,4.8969684
329.76773,46.616993,4.8982577,4.8991647
330.1047,45.675537,4.898058,4.901361
330.4419,44.734146,4.898,4.903416
330.77924,43.792816,4.898,4.905413
331.11673,42.851547,4.898,4.9074106
331.45438,41.910336,4.898,4.9094076
331.79218,40.96917,4.898,4.911405
332.1301,40.02805,4.891686,4.915508
332.46814,39.08697,4.8826933,4.9205036
332.80627,38.145927,4.873701,4.9254994
333.1445,37.204918,4.8647084,4.9304953
333.48282,36.263935,4.8557158,4.935491
333.8212,35.32298,4.846719,4.940629
334.1596,34.38204,4.83772,4.9458284
334.49808,33.441113,4.8287206,4.951028
334.83658,32.5002,4.8197217,4.9562273
335.17508,31.559292,4.8107224,4.9614267
335.5136,30.618383,4.8017178,4.9664903
335.8521,29.677473,4.792711,4.971494
336.19058,28.736553,4.7837033,4.976498
336.52905,27.795624,4.7746964,4.981502
336.86743,26.854677,4.765689,4.986506
337.20578,25.913712,4.7590647,4.9889836
337.54407,24.97272,4.753454,4.9903865
337.88226,24.031693,4.747844,4.991789
338.22034,23.090628,4.7422338,4.9931917
338.5583,22.149519,4.7366233,4.994594
338.8961,21.208357,4.7311525,4.9957128
339.23373,20.267136,4.725738,4.996715
339.5712,19.325851,4.7203236,4.997718
339.90845,18.384493,4.714909,4.9987206
340.24548,17.443056,4.709495,4.999723
340.58228,16.501534,4.7040787,5.000581
340.91882,15.559919,4.698662,5.0013833
341.2551,14.618205,4.693245,5.002186
341.59106,13.676386,4.687828,5.0029883
341.92673,12.734455,4.6824117,5.003791
342.26205,11.792405,4.6771426,5.0047417
342.59702,10.850231,4.671926,5.005745
342.9316,9.907925,4.666709,5.006748
343.2658,8.96548,4.6614923,5.0077515
343.5996,8.022891,4.6562757,5.0087547
343.93298,7.08015,4.6509085,5.0097575
344.26593,6.137253,4.6454926,5.010761
344.5984,5.194191,4.6400766,5.0117636
344.9304,4.25096,4.6346607,5.0127664
345.26187,3.3075519,4.629245,5.0137696
345.5928,2.3639615,4.6238317,5.0146174
345.92325,1.4201823,4.618419,5.0154195
346.2531,0.47620848,4.6130066,5.016221
346.5824,-0.46796632,4.6075945,5.017023
346.9111,-1.412348,4.602182,5.017825
347.23917,-2.3569427,4.5967736,5.0187826
347.56662,-3.3017561,4.591367,5.019784
347.89343,-4.246794,4.5859594,5.0207853
348.21957,-5.192063,4.5805526,5.0217867
348.545,-6.137567,4.5751457,5.022788
348.86978,-7.083313,4.569902,5.023788
349.19382,-8.029306,4.5647025,5.024788
349.5171,-8.9755535,4.5595026,5.025788
349.83963,-9.922059,4.554303,5.0267878
350.16138,-10.868829,4.5491037,5.0277877
350.48233,-11.815869,4.543754,5.028786
350.8025,-12.763184,4.538364,5.0297847
351.1218,-13.710777,4.532974,5.0307827
351.44028,-14.658654,4.5275836,5.0317807
351.7579,-15.606818,4.522194,5.0327787
352.07465,-16.555273,4.516813,5.0336204
352.3905,-17.504028,4.511434,5.034417
352.70544,-18.453089,4.5060554,5.035214
353.0194,-19.402466,4.500677,5.0360107
353.3324,-20.352165,4.4952984,5.0368075
353.6444,-21.302193,4.48993,5.0377536
353.9554,-22.252546,4.4845653,5.0387473
354.26544,-23.20322,4.4792004,5.0397406
354.57452,-24.154203,4.4738355,5.0407343
354.88266,-25.10549,4.46847,5.0417275
355.1899,-26.057074,4.4631166,5.0427194
355.4961,-27.00899,4.457767,5.0437098
355.8011,-27.961288,4.452418,5.0447006
356.10474,-28.914022,4.447068,5.045691
356.40683,-29.86724,4.4417186,5.046682
356.7072,-30.821009,4.437179,5.0479403
357.00528,-31.775496,4.4330225,5.049326
357.30026,-32.730946,4.4288654,5.0507116
357.59134,-33.6876,4.424709,5.052097
357.87766,-34.64567,4.4205523,5.0534825
358.15848,-35.60538,4.419748,5.0567417
358.43295,-36.566925,4.4209414,5.0611176
358.7003,-37.530468,4.4221344,5.0654936
358.95975,-38.49617,4.423328,5.0698695
359.21048,-39.464165,4.4245214,5.0742455
359.45175,-40.43457,4.4256015,5.078646
359.68262,-41.407494,4.4266057,5.083064
359.90222,-42.383026,4.4276094,5.087482
360.10962,-43.361225,4.4286137,5.0919
360.3039,-44.342113,4.429618,5.096318
360.48407,-45.325687,4.445466,5.094731
360.64923,-46.311893,4.4704413,5.0894513
360.79834,-47.30065,4.4954166,5.0841722
360.93045,-48.29182,4.5203924,5.0788927
361.0446,-49.285225,4.545367,5.0736136
361.13968,-50.280624,4.587675,5.061484
361.21475,-51.277737,4.6376114,5.046339
361.26874,-52.276207,4.6875486,5.031194
361.30054,-53.27563,4.737487,5.016049
361.30914,-54.27552,4.7874236,5.000904
361.2935,-55.275322,4.831188,4.9818144
361.253,-56.27443,4.873486,4.961789
361.18723,-57.272186,4.9157834,4.9417644
361.0957,-58.26791,4.9580827,4.9217386
360.97797,-59.26088,5.0003843,4.901712
360.83374,-60.25034,5.0198855,4.9055414
360.66342,-61.235653,5.037255,4.9116006
360.46768,-62.216232,5.054623,4.9176593
360.2472,-63.191544,5.0719905,4.9237175
360.00256,-64.16109,5.0893583,4.929776
359.73444,-65.12439,5.077508,4.972666
359.4432,-66.08097,5.0645356,5.0169716
359.1293,-67.03034,5.051563,5.061278
358.79312,-67.97206,5.03859,5.1055846
358.43503,-68.90568,5.025617,5.149892
358.05545,-69.83076,5.011249,5.2090755
357.65472,-70.74688,4.9968114,5.2690024
357.23322,-71.65363,4.9823737,5.328929
356.7913,-72.55059,4.967936,5.388854
356.32925,-73.43738,4.953499,5.448779
355.84744,-74.313576,4.9377193,5.528696
355.34616,-75.17878,4.921784,5.6109295
354.82565,-76.03254,4.905849,5.6931634
354.2861,-76.87443,4.8899136,5.775398
353.72784,-77.704,4.8739777,5.857633
353.1511,-78.520836,4.917647,5.857824
352.55612,-79.324486,4.9750133,5.83916
351.94315,-80.11451,5.0323796,5.8204966
351.31247,-80.89047,5.0897446,5.801833
350.66437,-81.651924,5.1471076,5.78317
349.99908,-82.3984,5.2497,5.702262
349.31665,-83.12925,5.3696265,5.5974984
348.61703,-83.84369,5.489556,5.492733
347.90027,-84.5409,5.609488,5.3879647
347.16638,-85.22004,5.7294173,5.2831984
346.41537,-85.88023,5.767505,5.257815
345.64725,-86.52041,5.760536,5.276134
344.86194,-87.13935,5.7535667,5.2944527
344.05936,-87.73579,5.746598,5.3127713
343.23965,-88.308395,5.7396297,5.331088
342.4029,-88.85579,5.6888137,5.391863
341.54913,-89.37631,5.611422,5.478371
340.67847,-89.868,5.534025,5.5648856
339.79108,-90.328804,5.4566164,5.651413
338.88733,-90.756584,5.379203,5.737946
337.96777,-91.14924,5.33652,5.796176
337.03357,-91.505745,5.3096395,5.8415246
336.08627,-91.825745,5.2827616,5.886868
335.12732,-92.10886,5.255882,5.9322147
334.1581,-92.3547,5.228996,5.9775724
333.18018,-92.56306,5.209526,6.016445
332.19522,-92.73535,5.191749,6.053838
331.20496,-92.87373,5.173975,6.0912247
330.21072,-92.980415,5.1562037,6.1286054
329.2138,-93.05764,5.1384315,6.1659894
328.21512,-93.107544,5.1158237,6.2002068
327.2155,-93.13193,5.092788,6.2341547
326.21558,-93.13251,5.069751,6.268104
325.21588,-93.111015,5.046714,6.3020535
324.2168,-93.0692,5.023676,6.336004
323.21872,-93.008644,5.059597,6.3311286
322.22183,-92.93041,5.0973034,6.32508
321.2264,-92.8354,5.13501,6.3190303
320.23267,-92.72451,5.172716,6.3129816
319.24066,-92.59864,5.2113795,6.306301
318.25058,-92.45863,5.334451,6.2439585
317.26248,-92.30512,5.457526,6.1816134
316.2765,-92.1387,5.580602,6.119269
315.29266,-91.959946,5.703678,6.056924
314.31104,-91.769455,5.825764,5.9950957
313.3316,-91.56781,5.9307714,5.9421897
312.35443,-91.35567,6.03578,5.889283
311.37943,-91.1337,6.140788,5.8363767
310.4066,-90.902565,6.2457952,5.783471
309.43576,-90.66291,6.3409586,5.7357726
308.46695,-90.41538,6.328538,5.744988
307.5,-90.1606,6.3161173,5.7542033
306.53482,-89.89916,6.303696,5.7634187
305.57132,-89.63167,6.2912755,5.7726345
304.60934,-89.35872,6.2788587,5.781847
303.64877,-89.08092,6.26648,5.791031
302.68942,-88.798836,6.2541018,5.800215
301.7312,-88.51307,6.2417235,5.8093987
300.77386,-88.224205,6.229345,5.8185825
299.81732,-87.93283,6.2169685,5.8277655
298.86136,-87.63951,6.2046094,5.836935
297.90582,-87.34479,6.1922507,5.846104
296.95056,-87.04921,6.179892,5.8552737
295.9954,-86.753296,6.167533,5.8644433
295.04016,-86.457596,6.155174,5.873626
294.08475,-86.16253,6.142812,5.8829975
293.12912,-85.86813,6.1304502,5.8923683
292.17328,-85.57438,6.1180882,5.9017396
291.2173,-85.281235,6.1057262,5.911111
290.26108,-84.98867,6.093405,5.9204516
289.30472,-84.696655,6.0818343,5.9292293
288.3482,-84.40518,6.070264,5.938007
287.3915,-84.11425,6.0586934,5.9467845
286.43466,-83.82384,6.0471225,5.955562
285.47763,-83.53396,6.0361314,5.9641466
284.52048,-83.24459,6.039524,5.967939
283.56317,-82.955734,6.0429173,5.971731
282.60568,-82.66737,6.0463104,5.975523
281.64807,-82.379486,6.049703,5.9793153
280.69034,-82.09207,6.0530963,5.9831076
279.73245,-81.805115,6.0564904,5.9869013
278.7744,-81.51859,6.059885,5.990695
277.81625,-81.23251,6.063279,5.9944887
276.858,-80.94685,6.0666738,5.9982824
275.8996,-80.6616,6.070068,6.002076
274.94107,-80.376755,6.0734634,6.0058713
273.98242,-80.09229,6.0768595,6.0096664
273.02368,-79.808205,6.080255,6.013461
272.06482,-79.52449,6.0836506,6.0172563
271.10587,-79.24113,6.087046,6.0210514
270.14682,-78.95811,6.0904427,6.0248475
269.18765,-78.675415,6.093839,6.028644
268.2284,-78.39305,6.097236,6.03244
267.26904,-78.110985,6.1006327,6.0362363
266.30963,-77.82922,6.104031,6.040033
265.3501,-77.547745,6.1076283,6.04383
264.3905,-77.26654,6.1112256,6.047627
263.43085,-76.9856,6.114823,6.0514245
262.4711,-76.70491,6.1184206,6.0552216
261.5113,-76.42446,6.122017,6.0590186
260.5514,-76.14423,6.125415,6.0628166
259.59146,-75.86423,6.1288133,6.0666146
258.63144,-75.58443,6.1322117,6.0704126
257.6714,-75.30482,6.1356096,6.0742106
256.71127,-75.0254,6.139008,6.0780087
255.75111,-74.74614,6.1424065,6.0818076
254.7909,-74.46704,6.1458054,6.085606
253.83064,-74.188095,6.1492043,6.0894046
252.87036,-73.90928,6.152603,6.0932035
251.91003,-73.630585,6.1560016,6.097002
250.94966,-73.352005,6.159401,6.100801
249.98927,-73.07353,6.1628003,6.1046
249.02887,-72.79514,6.166199,6.108399
248.06842,-72.51683,6.1695986,6.1121984
247.10797,-72.238594,6.1729975,6.1159973
246.14749,-71.9604,6.176397,6.1197968
245.18701,-71.68226,6.179796,6.1235957
244.22652,-71.404144,6.1831956,6.127395
243.266,-71.126045,6.186595,6.1311946
242.30551,-70.84795,6.1899943,6.1349936
241.345,-70.56986,6.1933937,6.138793
240.3845,-70.291756,6.1967936,6.1425924
239.42401,-70.01365,6.200193,6.146392
238.46352,-69.73553,6.2035923,6.1501913
237.50304,-69.45739,6.2069917,6.1539907
236.54254,-69.179245,6.210391,6.15779
235.58206,-68.90109,6.213791,6.1615896
234.62158,-68.622925,6.2171903,6.165389
233.6611,-68.34474,6.2205896,6.1691885
232.70064,-68.06655,6.2239895,6.172988
231.74016,-67.788345,6.227389,6.1767874
230.7797,-67.51013,6.230788,6.1805873
229.81923,-67.23191,6.234188,6.1843867
228.85878,-66.953674,6.2375875,6.188186
227.89832,-66.67543,6.2409873,6.1919856
226.93787,-66.39717,6.2443867,6.195785
225.97742,-66.118904,6.247786,6.1995845
225.01697,-65.84062,6.251186,6.2033844
224.05652,-65.56233,6.2545853,6.207184
223.09608,-65.284035,6.257985,6.2109833
222.13565,-65.00572,6.2613845,6.2147827
221.17522,-64.727394,6.2647843,6.2185826
220.21478,-64.449066,6.268184,6.222382
219.25435,-64.170715,6.2715836,6.2261815
218.29393,-63.89236,6.2749834,6.2299814
217.3335,-63.613995,6.278383,6.233781
216.37308,-63.335617,6.2817826,6.237581
215.41267,-63.057228,6.2851825,6.24138
214.45226,-62.77883,6.288582,6.2451797
213.49185,-62.50042,6.2919817,6.2489796
212.53143,-62.222,6.2953815,6.252779
211.57104,-61.943565,6.298781,6.256579
210.61064,-61.665123,6.302181,6.2603784
209.65024,-61.38667,6.3055806,6.2641783
208.68985,-61.108208,6.30898,6.2679777
207.72946,-60.82973,6.3125787,6.2717776
206.76907,-60.551247,6.3161783,6.2755775
205.80869,-60.27275,6.3197784,6.279377
204.8483,-59.994244,6.323378,6.283177
203.88792,-59.715725,6.3269777,6.2869763
202.92755,-59.4372,6.3303785,6.2907763
201.96718,-59.158657,6.3337784,6.294576
201.0068,-58.880108,6.337178,6.2983756
200.04645,-58.60155,6.340578,6.3021755
199.08607,-58.32298,6.343978,6.3059754
198.12572,-58.0444,6.347378,6.309775
197.16536,-57.76581,6.3507776,6.313575
196.20502,-57.487206,6.3541775,6.3173747
195.24466,-57.20859,6.3575773,6.3211746
194.28432,-56.92997,6.360977,6.324974
193.32397,-56.651337,6.364377,6.328774
192.36363,-56.372692,6.367777,6.332574
191.40329,-56.094036,6.3711767,6.336374
190.44295,-55.815372,6.3745766,6.3401737
189.48262,-55.536694,6.3779764,6.3439736
188.5223,-55.25801,6.3813763,6.3477736
187.56197,-54.979313,6.384776,6.351573
186.60164,-54.700607,6.388176,6.355373
185.64133,-54.42189,6.391576,6.359173
184.681,-54.14316,6.3949757,6.3629727
183.72069,-53.864426,6.3983755,6.3667727
182.76038,-53.585674,6.4017754,6.3705726
181.80006,-53.30692,6.405175,6.3743725
180.83977,-53.02815,6.4085755,6.3781724
179.87946,-52.74937,6.4119754,6.3819723
178.91916,-52.47058,6.415375,6.385772
177.95886,-52.19178,6.418775,6.389572
176.99857,-51.91297,6.422175,6.393372
176.03828,-51.63415,6.4255753,6.397172
175.07799,-51.35532,6.428975,6.400972
174.1177,-51.07648,6.432375,6.404772
173.15742,-50.79763,6.435775,6.408572
172.19714,-50.518772,6.439175,6.412372
171.23688,-50.2399,6.442575,6.416172
170.2766,-49.961018,6.445975,6.419972
169.31633,-49.68213,6.4493747,6.423772
168.35606,-49.40323,6.452775,6.427572
167.3958,-49.124317,6.456175,6.4313717
166.43553,-48.845394,6.4595747,6.435172
165.47528,-48.566463,6.462975,6.438972
164.51503,-48.28752,6.466375,6.4425735
163.55478,-48.00857,6.4697747,6.446173
162.59453,-47.72961,6.473175,6.4497733
161.63428,-47.450638,6.476575,6.4533734
160.67403,-47.171658,6.4799747,6.4569736
159.71379,-46.892666,6.483375,6.460772
158.75356,-46.613667,6.486775,6.464572
157.79332,-46.334656,6.4901752,6.468372
156.83308,-46.055634,6.493575,6.4721723
155.87286,-45.776604,6.496975,6.475972
154.91263,-45.497562,6.5005736,6.479772
153.95241,-45.218513,6.5041738,6.4835725
152.99219,-44.939453,6.507774,6.4873724
152.03197,-44.66038,6.511374,6.4911723
151.07176,-44.3813,6.514974,6.4949727
150.11154,-44.10221,6.5183754,6.4987726
149.15134,-43.823112,6.5217757,6.5025725
148.19113,-43.544003,6.5251756,6.506373
147.23093,-43.264885,6.528576,6.510173
146.27072,-42.985756,6.5319757,6.513973
145.31053,-42.70662,6.535376,6.517773
144.35033,-42.42747,6.538776,6.521573
143.39014,-42.14831,6.5421762,6.5253735
142.42995,-41.869144,6.545576,6.5291734
141.46976,-41.589966,6.5489764,6.532974
140.50958,-41.31078,6.5523763,6.5367737
139.5494,-41.031586,6.5557766,6.540574
138.58922,-40.752377,6.559177,6.544374
137.62904,-40.473164,6.562577,6.548174
136.66887,-40.19394,6.565977,6.5519743
135.7087,-39.914703,6.569377,6.555774
134.74854,-39.63546,6.5727773,6.5595746
133.78838,-39.356205,6.5761776,6.5633745
132.8282,-39.076942,6.5795774,6.567175
131.86804,-38.79767,6.582978,6.570975
130.9079,-38.518387,6.5863776,6.574775
129.94774,-38.239094,6.589778,6.578575
128.9876,-37.959793,6.5931783,6.5823755
128.02744,-37.680485,6.596578,6.586176
127.0673,-37.401165,6.5999784,6.589976
126.107155,-37.121834,6.603379,6.593776
125.14701,-36.842495,6.6067786,6.597576
124.186874,-36.56315,6.610179,6.6013765
123.226746,-36.28379,6.6135793,6.6051764
122.26661,-36.00442,6.616979,6.608977
121.30648,-35.725044,6.6203794,6.6127768
120.34636,-35.44566,6.62378,6.616577
119.38623,-35.166267,6.6271796,6.6203775
118.42611,-34.886864,6.63058,6.6241775
117.465996,-34.60745,6.6339803,6.627978
116.505875,-34.328026,6.63738,6.631778
115.54577,-34.048595,6.6407804,6.635578
114.585655,-33.769154,6.644181,6.6393785
113.62555,-33.489704,6.6475806,6.6431785
112.66544,-33.210243,6.650981,6.646979
111.705345,-32.930775,6.6543813,6.650779
110.74525,-32.6513,6.6577816,6.654579
109.78515,-32.37181,6.6611814,6.6583796
108.82505,-32.092316,6.664582,6.6621795
107.86496,-31.812809,6.667982,6.66598
106.90487,-31.533295,6.671382,6.6697803
105.944786,-31.253773,6.6747823,6.67358
104.9847,-30.97424,6.6781826,6.6773806
104.02462,-30.694698,6.681583,6.681181
103.064545,-30.415148,6.684983,6.684981
102.10447,-30.13559,6.688383,6.6887813
101.144394,-29.85602,6.6917834,6.692581
100.184326,-29.576443,6.6951838,6.6963816
99.22426,-29.296856,6.6985836,6.700182
98.26419,-29.017262,6.701984,6.703982
97.30413,-28.737658,6.705583,6.7077823
96.34407,-28.458044,6.7091837,6.7115827
95.38401,-28.178423,6.712784,6.7153826
94.42396,-27.898792,6.716384,6.719183
93.463905,-27.619152,6.719984,6.7229834
92.50386,-27.339502,6.7233853,6.7267833
91.54381,-27.059845,6.7267857,6.7305837
90.58376,-26.78018,6.7301855,6.734384
89.623726,-26.500504,6.733586,6.7381845
88.66369,-26.22082,6.736986,6.7419844
87.70365,-25.941128,6.7403865,6.7457848
86.743614,-25.661427,6.7437863,6.749585
85.783585,-25.381716,6.7471867,6.753385
84.823555,-25.101995,6.750587,6.7571855
83.863525,-24.82227,6.7539873,6.760986
82.9035,-24.542532,6.757387,6.764786
81.94348,-24.262787,6.7607875,6.768586
80.98347,-23.983034,6.764188,6.7723866
80.023445,-23.703272,6.767588,6.7761865
79.06343,-23.423502,6.7709885,6.779987
78.103424,-23.14372,6.7743883,6.7837873
77.14342,-22.863934,6.7777886,6.787587
76.18341,-22.584137,6.781189,6.7913876
75.223404,-22.30433,6.7845893,6.795188
74.263405,-22.024517,6.787989,6.798988
73.303406,-21.744694,6.7913895,6.8027883
72.34341,-21.464863,6.79479,6.8065886
71.383415,-21.185024,6.79819,6.8103886
70.42342,-20.905176,6.80159,6.814189
69.46343,-20.625319,6.8049903,6.8179893
68.50345,-20.345453,6.8083906,6.8217893
67.543465,-20.06558,6.811791,6.8255897
66.58348,-19.7857,6.815191,6.82939
65.623505,-19.50581,6.818591,6.83319
64.66353,-19.22591,6.8219914,6.8369904
63.703552,-18.946003,6.825392,6.8407907
62.74358,-18.666088,6.8287916,6.8445907
61.78361,-18.386164,6.832192,6.848391
60.823643,-18.106232,6.8355923,6.8521914
59.863678,-17.82629,6.8389926,6.8559914
58.903717,-17.546343,6.8423924,6.8597918
57.94376,-17.266384,6.845793,6.863592
56.9838,-16.98642,6.849193,6.867392
56.023846,-16.706446,6.8525934,6.8711925
55.063892,-16.426464,6.8559933,6.874993
54.103943,-16.146475,6.8593936,6.878793
53.143997,-15.866476,6.862794,6.882593
52.18405,-15.58647,6.866194,6.886393
51.22411,-15.306455,6.869594,6.8901935
50.264168,-15.026432,6.8729944,6.893994
49.30423,-14.746401,6.8763947,6.897794
48.344296,-14.466362,6.8797946,6.901594
47.38436,-14.186315,6.883195,6.905394
46.42443,-13.90626,6.8865952,6.9091945
45.4645,-13.626196,6.889995,6.912995
44.504574,-13.346124,6.893595,6.916795
43.54465,-13.066045,6.8971953,6.920595
42.584732,-12.785957,6.9007955,6.924395
41.62481,-12.505861,6.9043956,6.9281955
40.664894,-12.225758,6.9079957,6.931996
39.70498,-11.945646,6.911396,6.935796
38.745068,-11.665526,6.9147964,6.939596
37.785156,-11.385398,6.9181967,6.943396
36.825253,-11.105262,6.9215965,6.9471965
35.865345,-10.825119,6.924997,6.9509964
34.90544,-10.544967,6.928397,6.954797
33.94554,-10.264808,6.931797,6.9585967
32.985645,-9.98464,6.9351974,6.962397
32.02575,-9.704465,6.938597,6.966197
31.065855,-9.424282,6.9419975,6.9699974
30.105963,-9.144092,6.945398,6.9737973
29.146074,-8.8638935,6.9487977,6.9775977
28.186188,-8.583687,6.952198,6.9813976
27.226303,-8.3034725,6.955598,6.985198
26.26642,-8.023251,6.958998,6.988998
25.30654,-7.7430205,6.9623985,6.9927983
24.346663,-7.462783,6.9657984,6.9965982
23.386787,-7.1825376,6.9691987,7.000398
22.426914,-6.9022846,6.9725986,7.0041986
21.467043,-6.622024,6.975999,7.0079985
20.507174,-6.3417554,6.9793987,7.0115986
19.547308,-6.0614796,6.982799,7.0151987
18.587444,-5.781196,6.986199,7.018799
17.62758,-5.5009046,6.989599,7.022399
16.66772,-5.220606,6.992999,7.025999
15.707864,-4.940299,6.9963994,7.029799
14.748009,-4.659985,6.9997993,7.0335994
13.788156,-4.379663,7.0031996,7.0373993
12.828305,-4.099334,7.0065994,7.0411997
11.868456,-3.818997,7.0099998,7.0449996
10.908609,-3.5386527,7.0133996,7.0487995
9.948765,-3.2583008,7.0168,7.0525994
8.988923,-2.9779415,7.0202,7.0564
8.029083,-2.6975746,7.0235996,7.0601997
7.0692453,-2.4172003,7.027,7.0639997
6.10941,-2.1368186,7.0304,7.0678
5.149576,-1.8564293,7.0338,7.0716
4.189745,-1.5760326,7.0372,7.0754
3.2299159,-1.2956285,7.0406,7.0792
