# x_m,y_m,w_tr_right_m,w_tr_left_m
-847.5,320,10,10
-846.50006,320,10,10
-845.5002,320,10,10
-844.50024,320,10,10
-843.50037,320,10,10
-842.5004,320,10,10
-841.50055,320,10,10
-840.5006,320,10,10
-839.50073,320,10,10
-838.5008,320,10,10
-837.50085,320,10,10
-836.501,320,10,10
-835.50104,320,10,10
-834.50116,320,10,10
-833.5012,320,10,10
-832.50134,320,10,10
-831.5014,320,10,10
-830.5015,320,10,10
-829.5016,320,10,10
-828.50165,320,10,10
-827.5018,320,10,10
-826.50183,320,10,10
-825.50195,320,10,10
-824.502,320,10,10
-823.50214,320,10,10
-822.5022,320,10,10
-821.5023,320,10,10
-820.5024,320,10,10
-819.50244,320,10,10
-818.50256,320,10,10
-817.5026,320,10,10
-816.50275,320,10,10
-815.5028,320,10,10
-814.5029,320,10,10
-813.503,320,10,10
-812.50305,320,10,10
-811.5032,320,10,10
-810.50323,320,10,10
-809.50336,320,10,10
-808.5034,320,10,10
-807.50354,320,10,10
-806.5036,320,10,10
-805.5037,320,10,10
-804.5038,320,10,10
-803.50385,320,10,10
-802.50397,320,10,10
-801.504,320,10,10
-800.50415,320,10,10
-799.5042,320,10,10
-798.50433,320,10,10
-797.5044,320,10,10
-796.5045,320,10,10
-795.5046,320,10,10
-794.50464,320,10,10
-793.50476,320,10,10
-792.5048,320,10,10
-791.50494,320,10,10
-790.505,320,10,10
-789.5051,320,10,10
-788.5052,320,10,10
-787.5053,320,10,10
-786.5054,320,10,10
-785.50543,320,10,10
-784.50555,320,10,10
-783.5056,320,10,10
-782.50574,320,10,10
-781.5058,320,10,10
-780.5059,320,10,10
-779.506,320,10,10
-778.5061,320,10,10
-777.50616,320,10,10
-776.5062,320,10,10
-775.50635,320,10,10
-774.5064,320,10,10
-773.50653,320,10,10
-772.5066,320,10,10
-771.5067,320,10,10
-770.5068,320,10,10
-769.5069,320,10,10
-768.50696,320,10,10
-767.507,320,10,10
-766.50714,320,10,10
-765.5072,320,10,10
-764.5073,320,10,10
-763.5074,320,10,10
-762.5075,320,10,10
-761.50757,320,10,10
-760.5077,320,10,10
-759.50775,320,10,10
-758.5078,320,10,10
-757.50793,320,10,10
-756.508,320,10,10
-755.5081,320,10,10
-754.5082,320,10,10
-753.5083,320,10,10
-752.50836,320,10,10
-751.5085,320,10,10
-750.50854,320,10,10
-749.5086,320,10,10
-748.5087,320,10,10
-747.5088,320,10,10
-746.5089,320,10,10
-745.509,320,10,10
-744.5091,320,10,10
-743.50916,320,10,10
-742.5092,320,10,10
-741.50934,320,10,10
-740.5094,320,10,10
-739.5095,320,10,10
-738.5096,320,10,10
-737.5097,320,10,10
-736.50977,320,10,10
-735.5099,320,10,10
-734.50995,320,10,10
-733.51,320,10,10
-732.51013,320,10,10
-731.5102,320,10,10
-730.5103,320,10,10
-729.5104,320,10,10
-728.5105,320,10,10
-727.51056,320,10,10
-726.5107,320,10,10
-725.51074,320,10,10
-724.5108,320,10,10
-723.5109,320,10,10
-722.511,320,10,10
-721.5111,320,10,10
-720.51117,320,10,10
-719.5113,320,10,10
-718.51135,320,10,10
-717.5115,320,10,10
-716.51154,320,10,10
-715.5116,320,10,10
-714.5117,320,10,10
-713.5118,320,10,10
-712.5119,320,10,10
-711.51196,320,10,10
-710.5121,320,10,10
-709.51215,320,10,10
-708.51227,320,10,10
-707.5123,320,10,10
-706.5124,320,10,10
-705.5125,320,10,10
-704.5126,320,10,10
-703.5127,320,10,10
-702.51276,320,10,10
-701.5129,320,10,10
-700.51294,320,10,10
-699.51306,320,10,10
-698.5131,320,10,10
-697.5132,320,10,10
-696.5133,320,10,10
-695.51337,320,10,10
-694.5135,320,10,10
-693.51355,320,10,10
-692.5137,320,10,10
-691.51373,320,10,10
-690.51385,320,10,10
-689.5139,320,10,10
-688.514,320,10,10
-687.5141,320,10,10
-686.51416,320,10,10
-685.5143,320,10,10
-684.51434,320,10,10
-683.51447,320,10,10
-682.5145,320,10,10
-681.5146,320,10,10
-680.5147,320,10,10
-679.5148,320,10,10
-678.5149,320,10,10
-677.51495,320,10,10
-676.5151,320,10,10
-675.51514,320,10,10
-674.51526,320,10,10
-673.5153,320,10,10
-672.5154,320,10,10
-671.5155,320,10,10
-670.51556,320,10,10
-669.5157,320,10,10
-668.51575,320,10,10
-667.51587,320,10,10
-666.5159,320,10,10
-665.51605,320,10,10
-664.5161,320,10,10
-663.5162,320,10,10
-662.5163,320,10,10
-661.51636,320,10,10
-660.5165,320,10,10
-659.51654,320,10,10
-658.51666,320,10,10
-657.5167,320,10,10
-656.51685,320,10,10
-655.5169,320,10,10
-654.51697,320,10,10
-653.5171,320,10,10
-652.51715,320,10,10
-651.5173,320,10,10
-650.51733,320,10,10
-649.51746,320,10,10
-648.5175,320,10,10
-647.51764,320,10,10
-646.5177,320,10,10
-645.51776,320,10,10
-644.5179,320,10,10
-643.51794,320,10,10
-642.51807,320,10,10
-641.5181,320,10,10
-640.51825,320,10,10
-639.5183,320,10,10
-638.51843,320,10,10
-637.5185,320,10,10
-636.51855,320,10,10
-635.5187,320,10,10
-634.51874,320,10,10
-633.51886,320,10,10
-632.5189,320,10,10
-631.51904,320,10,10
-630.5191,320,10,10
-629.5192,320,10,10
-628.5193,320,10,10
-627.51935,320,10,10
-626.5195,320,10,10
-625.51953,320,10,10
-624.51965,320,10,10
-623.5197,320,10,10
-622.51984,320,10,10
-621.5199,320,10,10
-620.51996,320,10,10
-619.5201,320,10,10
-618.52014,320,10,10
-617.52026,320,10,10
-616.5203,320,10,10
-615.52045,320,10,10
-614.5205,320,10,10
-613.5206,320,10,10
-612.5207,320,10,10
-611.52075,320,10,10
-610.5209,320,10,10
-609.52094,320,10,10
-608.52106,320,10,10
-607.5211,320,10,10
-606.52124,320,10,10
-605.5213,320,10,10
-604.5214,320,10,10
-603.5215,320,10,10
-602.52155,320,10,10
-601.52167,320,10,10
-600.5217,320,10,10
-599.52185,320,10,10
-598.5219,320,10,10
-597.52203,320,10,10
-596.5221,320,10,10
-595.5222,320,10,10
-594.5223,320,10,10
-593.52234,320,10,10
-592.52246,320,10,10
-591.5225,320,10,10
-590.52264,320,10,10
-589.5227,320,10,10
-588.5228,320,10,10
-587.5229,320,10,10
-586.523,320,10,10
-585.5231,320,10,10
-584.52313,320,10,10
-583.52325,320,10,10
-582.5233,320,10,10
-581.52344,320,10,10
-580.5235,320,10,10
-579.5236,320,10,10
-578.5237,320,10,10
-577.5238,320,10,10
-576.52386,320,10,10
-575.5239,320,10,10
-574.52405,320,10,10
-573.5241,320,10,10
-572.52423,320,10,10
-571.5243,320,10,10
-570.5244,320,10,10
-569.5245,320,10,10
-568.5246,320,10,10
-567.52466,320,10,10
-566.5247,320,10,10
-565.52484,320,10,10
-564.5249,320,10,10
-563.525,320,10,10
-562.5251,320,10,10
-561.5252,320,10,10
-560.52527,320,10,10
-559.5254,320,10,10
-558.52545,320,10,10
-557.5255,320,10,10
-556.52563,320,10,10
-555.5257,320,10,10
-554.5258,320,10,10
-553.5259,320,10,10
-552.526,320,10,10
-551.52606,320,10,10
-550.5261,320,10,10
-549.52625,320,10,10
-548.5263,320,10,10
-547.5264,320,10,10
-546.5265,320,10,10
-545.5266,320,10,10
-544.5267,320,10,10
-543.5268,320,10,10
-542.52686,320,10,10
-541.5269,320,10,10
-540.52704,320,10,10
-539.5271,320,10,10
-538.5272,320,10,10
-537.5273,320,10,10
-536.5274,320,10,10
-535.52747,320,10,10
-534.5276,320,10,10
-533.52765,320,10,10
-532.5277,320,10,10
-531.52783,320,10,10
-530.5279,320,10,10
-529.528,320,10,10
-528.5281,320,10,10
-527.5282,320,10,10
-526.52826,320,10,10
-525.5284,320,10,10
-524.52844,320,10,10
-523.5285,320,10,10
-522.5286,320,10,10
-521.5287,320,10,10
-520.5288,320,10,10
-519.5289,320,10,10
-518.529,320,10,10
-517.52905,320,10,10
-516.5292,320,10,10
-515.52924,320,10,10
-514.5293,320,10,10
-513.5294,320,10,10
-512.5295,320,10,10
-511.5296,320,10,10
-510.52966,320,10,10
-509.52975,320,10,10
-508.52985,320,10,10
-507.52994,320,10,10
-506.53003,320,10,10
-505.53012,320,10,10
-504.5302,320,10,10
-503.5303,320,10,10
-502.53036,320,10,10
-501.53046,320,10,10
-500.53055,320,10,10
-499.53064,320,10,10
-498.53073,320,10,10
-497.53082,320,10,10
-496.5309,320,10,10
-495.531,320,10,10
-494.5311,320,10,10
-493.53116,320,10,10
-492.53125,320,10,10
-491.53134,320,10,10
-490.53143,320,10,10
-489.53152,320,10,10
-488.53162,320,10,10
-487.5317,320,10,10
-486.5318,320,10,10
-485.5319,320,10,10
-484.53195,320,10,10
-483.53204,320,10,10
-482.53214,320,10,10
-481.53223,320,10,10
-480.53232,320,10,10
-479.5324,320,10,10
-478.5325,320,10,10
-477.5326,320,10,10
-476.53265,320,10,10
-475.53275,320,10,10
-474.53284,320,10,10
-473.53293,320,10,10
-472.53302,320,10,10
-471.5331,320,10,10
-470.5332,320,10,10
-469.5333,320,10,10
-468.5334,320,10,10
-467.53345,320,10,10
-466.53354,320,10,10
-465.53363,320,10,10
-464.53372,320,10,10
-463.5338,320,10,10
-462.5339,320,10,10
-461.534,320,10,10
-460.5341,320,10,10
-459.53418,320,10,10
-458.53424,320,10,10
-457.53433,320,10,10
-456.53442,320,10,10
-455.53452,320,10,10
-454.5346,320,10,10
-453.5347,320,10,10
-452.5348,320,10,10
-451.53488,320,10,10
-450.53497,320,10,10
-449.53503,320,10,10
-448.53513,320,10,10
-447.53522,320,10,10
-446.5353,320,10,10
-445.5354,320,10,10
-444.5355,320,10,10
-443.53558,320,10,10
-442.53568,320,10,10
-441.53574,320,10,10
-440.53583,320,10,10
-439.53592,320,10,10
-438.536,320,10,10
-437.5361,320,10,10
-436.5362,320,10,10
-435.5363,320,10,10
-434.53638,320,10,10
-433.53647,320,10,10
-432.53653,320,10,10
-431.53662,320,10,10
-430.5367,320,10,10
-429.5368,320,10,10
-428.5369,320,10,10
-427.537,320,10,10
-426.53708,320,10,10
-425.53717,320,10,10
-424.53726,320,10,10
-423.53732,320,10,10
-422.5374,320,10,10
-421.5375,320,10,10
-420.5376,320,10,10
-419.5377,320,10,10
-418.53778,320,10,10
-417.53787,320,10,10
-416.53796,320,10,10
-415.53806,320,10,10
-414.53812,320,10,10
-413.5382,320,10,10
-412.5383,320,10,10
-411.5384,320,10,10
-410.53848,320,10,10
-409.53857,320,10,10
-408.53867,320,10,10
-407.53876,320,10,10
-406.53882,320,10,10
-405.5389,320,10,10
-404.539,320,10,10
-403.5391,320,10,10
-402.53918,320,10,10
-401.53928,320,10,10
-400.53937,320,10,10
-399.53946,320,10,10
-398.53955,320,10,10
-397.5396,320,10,10
-396.5397,320,10,10
-395.5398,320,10,10
-394.5399,320,10,10
-393.53998,320,10,10
-392.54007,320,10,10
-391.54016,320,10,10
-390.54025,320,10,10
-389.54034,320,10,10
-388.5404,320,10,10
-387.5405,320,10,10
-386.5406,320,10,10
-385.54068,320,10,10
-384.54077,320,10,10
-383.54086,320,10,10
-382.54095,320,10,10
-381.54105,320,10,10
-380.5411,320,10,10
-379.5412,320,10,10
-378.5413,320,10,10
-377.54138,320,10,10
-376.54147,320,10,10
-375.54156,320,10,10
-374.54166,320,10,10
-373.54175,320,10,10
-372.54184,320,10,10
-371.5419,320,10,10
-370.542,320,10,10
-369.54208,320,10,10
-368.54218,320,10,10
-367.54227,320,10,10
-366.54236,320,10,10
-365.54245,320,10,10
-364.54254,320,10,10
-363.54263,320,10,10
-362.5427,320,10,10
-361.5428,320,10,10
-360.54288,320,10,10
-359.54297,320,10,10
-358.54306,320,10,10
-357.54315,320,10,10
-356.54324,320,10,10
-355.54333,320,10,10
-354.54343,320,10,10
-353.5435,320,10,10
-352.54358,320,10,10
-351.54367,320,10,10
-350.54376,320,10,10
-349.54385,320,10,10
-348.54395,320,10,10
-347.54404,320,10,10
-346.54413,320,10,10
-345.5442,320,10,10
-344.54428,320,10,10
-343.54437,320,10,10
-342.54446,320,10,10
-341.54456,320,10,10
-340.54465,320,10,10
-339.54474,320,10,10
-338.54483,320,10,10
-337.54492,320,10,10
-336.54498,320,10,10
-335.54507,320,10,10
-334.54517,320,10,10
-333.54526,320,10,10
-332.54535,320,10,10
-331.54544,320,10,10
-330.54553,320,10,10
-329.54562,320,10,10
-328.54572,320,10,10
-327.54578,320,10,10
-326.54587,320,10,10
-325.54596,320,10,10
-324.54605,320,10,10
-323.54614,320,10,10
-322.54623,320,10,10
-321.54633,320,10,10
-320.54642,320,10,10
-319.5465,320,10,10
-318.54657,320,10,10
-317.54666,320,10,10
-316.54675,320,10,10
-315.54684,320,10,10
-314.54694,320,10,10
-313.54703,320,10,10
-312.54712,320,10,10
-311.5472,320,10,10
-310.54727,320,10,10
-309.54736,320,10,10
-308.54745,320,10,10
-307.54755,320,10,10
-306.54764,320,10,10
-305.54773,320,10,10
-304.54782,320,10,10
-303.5479,320,10,10
-302.548,320,10,10
-301.54807,320,10,10
-300.54816,320,10,10
-299.54825,320,10,10
-298.54834,320,10,10
-297.54843,320,10,10
-296.54852,320,10,10
-295.5486,320,10,10
-294.5487,320,10,10
-293.5488,320,10,10
-292.54886,320,10,10
-291.54895,320,10,10
-290.54904,320,10,10
-289.54913,320,10,10
-288.54922,320,10,10
-287.54932,320,10,10
-286.5494,320,10,10
-285.5495,320,10,10
-284.54956,320,10,10
-283.54965,320,10,10
-282.54974,320,10,10
-281.54984,320,10,10
-280.54993,320,10,10
-279.55002,320,10,10
-278.5501,320,10,10
-277.5502,320,10,10
-276.5503,320,10,10
-275.55035,320,10,10
-274.55045,320,10,10
-273.55054,320,10,10
-272.55063,320,10,10
-271.55072,320,10,10
-270.5508,320,10,10
-269.5509,320,10,10
-268.551,320,10,10
-267.5511,320,10,10
-266.55115,320,10,10
-265.55124,320,10,10
-264.55133,320,10,10
-263.55142,320,10,10
-262.5515,320,10,10
-261.5516,320,10,10
-260.5517,320,10,10
-259.5518,320,10,10
-258.55188,320,10,10
-257.55194,320,10,10
-256.55203,320,10,10
-255.55212,320,10,10
-254.55222,320,10,10
-253.5523,320,10,10
-252.5524,320,10,10
-251.55247,320,10,10
-250.55257,320,10,10
-249.55266,320,10,10
-248.55275,320,10,10
-247.55284,320,10,10
-246.55292,320,10,10
-245.55301,320,10,10
-244.5531,320,10,10
-243.55319,320,10,10
-242.55327,320,10,10
-241.55336,320,10,10
-240.55345,320,10,10
-239.55354,320,10,10
-238.55362,320,10,10
-237.55371,320,10,10
-236.5538,320,10,10
-235.5539,320,10,10
-234.55399,320,10,10
-233.55406,320,10,10
-232.55415,320,10,10
-231.55424,320,10,10
-230.55434,320,10,10
-229.55441,320,10,10
-228.5545,320,10,10
-227.5546,320,10,10
-226.55469,320,10,10
-225.55476,320,10,10
-224.55486,320,10,10
-223.55495,320,10,10
-222.55504,320,10,10
-221.55513,320,10,10
-220.5552,320,10,10
-219.5553,320,10,10
-218.55539,320,10,10
-217.55548,320,10,10
-216.55556,320,10,10
-215.55565,320,10,10
-214.55574,320,10,10
-213.55583,320,10,10
-212.55591,320,10,10
-211.556,320,10,10
-210.55609,320,10,10
-209.55618,320,10,10
-208.55627,320,10,10
-207.55635,320,10,10
-206.55644,320,10,10
-205.55653,320,10,10
-204.55663,320,10,10
-203.5567,320,10,10
-202.5568,320,10,10
-201.55688,320,10,10
-200.55698,320,10,10
-199.55707,320,10,10
-198.55714,320,10,10
-197.55724,320,10,10
-196.55733,320,10,10
-195.55742,320,10,10
-194.5575,320,10,10
-193.55759,320,10,10
-192.55768,320,10,10
-191.55777,320,10,10
-190.55785,320,10,10
-189.55794,320,10,10
-188.55803,320,10,10
-187.55812,320,10,10
-186.55821,320,10,10
-185.55829,320,10,10
-184.55838,320,10,10
-183.55847,320,10,10
-182.55856,320,10,10
-181.55864,320,10,10
-180.55873,320,10,10
-179.55882,320,10,10
-178.55891,320,10,10
-177.55899,320,10,10
-176.55908,320,10,10
-175.55917,320,10,10
-174.55927,320,10,10
-173.55936,320,10,10
-172.55943,320,10,10
-171.55952,320,10,10
-170.55962,320,10,10
-169.55971,320,10,10
-168.55978,320,10,10
-167.55988,320,10,10
-166.55997,320,10,10
-165.56006,320,10,10
-164.56013,320,10,10
-163.56023,320,10,10
-162.56032,320,10,10
-161.56041,320,10,10
-160.5605,320,10,10
-159.56058,320,10,10
-158.56067,320,10,10
-157.56076,320,10,10
-156.56085,320,10,10
-155.56093,320,10,10
-154.56102,320,10,10
-153.56111,320,10,10
-152.5612,320,10,10
-151.5613,320,10,10
-150.56137,320,10,10
-149.56146,320,10,10
-148.56155,320,10,10
-147.56165,320,10,10
-146.56172,320,10,10
-145.56181,320,10,10
-144.5619,320,10,10
-143.562,320,10,10
-142.56207,320,10,10
-141.56216,320,10,10
-140.56226,320,10,10
-139.56235,320,10,10
-138.56244,320,10,10
-137.56252,320,10,10
-136.5626,320,10,10
-135.5627,320,10,10
-134.56279,320,10,10
-133.56287,320,10,10
-132.56296,320,10,10
-131.56305,320,10,10
-130.56314,320,10,10
-129.56322,320,10,10
-128.56331,320,10,10
-127.5634,320,10,10
-126.56349,320,10,10
-125.563576,320,10,10
-124.56367,320,10,10
-123.56375,320,10,10
-122.56384,320,10,10
-121.56393,320,10,10
-120.56402,320,10,10
-119.5641,320,10,10
-118.56419,320,10,10
-117.56428,320,10,10
-116.56437,320,10,10
-115.56446,320,10,10
-114.564545,320,10,10
-113.56464,320,10,10
-112.56472,320,10,10
-111.56481,320,10,10
-110.564896,320,10,10
-109.56499,320,10,10
-108.56507,320,10,10
-107.56516,320,10,10
-106.56525,320,10,10
-105.56534,320,10,10
-104.56542,320,10,10
-103.56551,320,10,10
-102.565605,320,10,10
-101.56569,320,10,10
-100.56578,320,10,10
-99.565865,320,10,10
-98.565956,320,10,10
-97.56604,320,10,10
-96.56613,320,10,10
-95.566216,320,10,10
-94.56631,320,10,10
-93.56639,320,10,10
-92.56648,320,10,10
-91.566574,320,10,10
-90.56666,320,10,10
-89.56675,320,10,10
-88.56683,320,10,10
-87.566925,320,10,10
-86.56701,320,10,10
-85.5671,320,10,10
-84.567184,320,10,10
-83.567276,320,10,10
-82.56736,320,10,10
-81.56745,320,10,10
-80.567535,320,10,10
-79.56763,320,10,10
-78.56772,320,10,10
-77.5678,320,10,10
-76.567894,320,10,10
-75.56798,320,10,10
-74.56807,320,10,10
-73.56815,320,10,10
-72.568245,320,10,10
-71.56833,320,10,10
-70.56842,320,10,10
-69.568504,320,10,10
-68.568596,320,10,10
-67.56869,320,10,10
-66.56877,320,10,10
-65.56886,320,10,10
-64.56895,320,10,10
-63.569035,320,10,10
-62.569122,320,10,10
-61.569214,320,10,10
-60.5693,320,10,10
-59.56939,320,10,10
-58.569477,320,10,10
-57.569565,320,10,10
-56.569653,320,10,10
-55.56974,320,10,10
-54.569828,320,10,10
-53.569916,320,10,10
-52.570004,320,10,10
-51.57009,320,10,10
-50.570183,320,10,10
-49.57027,320,10,10
-48.57036,320,10,10
-47.570446,320,10,10
-46.570534,320,10,10
-45.57062,320,10,10
-44.57071,320,10,10
-43.570797,320,10,10
-42.570885,320,10,10
-41.570972,320,10,10
-40.57106,320,10,10
-39.571148,320,10,10
-38.57124,320,10,10
-37.571327,320,10,10
-36.571415,320,10,10
-35.571503,320,10,10
-34.57159,320,10,10
-33.57168,320,10,10
-32.571766,320,10,10
-31.571854,320,10,10
-30.571941,320,10,10
-29.572031,320,10,10
-28.572119,320,10,10
-27.572206,320,10,10
-26.572294,320,10,10
-25.572382,320,10,10
-24.57247,320,10,10
-23.57256,320,10,10
-22.572647,320,10,10
-21.572735,320,10,10
-20.572823,320,10,10
-19.57291,320,10,10
-18.572998,320,10,10
-17.573088,320,10,10
-16.573175,320,10,10
-15.573263,320,10,10
-14.573351,320,10,10
-13.573439,320,10,10
-12.573527,320,10,10
-11.573615,320,10,10
-10.573703,320,10,10
-9.5737915,320,10,10
-8.573879,320,10,10
-7.5739675,320,10,10
-6.574055,320,10,10
-5.5741434,320,10,10
-4.5742316,320,10,10
-3.5743196,320,10,10
-2.5744076,320,10,10
-1.5744957,320,10,10
-0.5745837,320,10,10
0.42532822,320,10,10
1.4252402,320,10,10
2.425152,320,10,10
3.425064,320,10,10
4.424976,320,10,10
5.424888,320,10,10
6.4248,320,10,10
7.4247117,320,10,10
8.4246235,320,10,10
9.424536,320,10,10
10.424448,320,10,10
11.424359,320,10,10
12.424272,320,10,10
13.424184,320,10,10
14.424095,320,10,10
15.424007,320,10,10
16.42392,320,10,10
17.423832,320,10,10
18.423742,320,10,10
19.423655,320,10,10
20.423567,320,10,10
21.42348,320,10,10
22.423391,320,10,10
23.423304,320,10,10
24.423214,320,10,10
25.423126,320,10,10
26.423038,320,10,10
27.42295,320,10,10
28.422863,320,10,10
29.422775,320,10,10
30.422686,320,10,10
31.422598,320,10,10
32.422512,320,10,10
33.42242,320,10,10
34.422333,320,10,10
35.422245,320,10,10
36.422157,320,10,10
37.42207,320,10,10
38.42198,320,10,10
39.421894,320,10,10
40.421806,320,10,10
41.42172,320,10,10
42.42163,320,10,10
43.421543,320,10,10
44.421455,320,10,10
45.421364,320,10,10
46.421276,320,10,10
47.42119,320,10,10
48.4211,320,10,10
49.421013,320,10,10
50.420925,320,10,10
51.420837,320,10,10
52.42075,320,10,10
53.420662,320,10,10
54.420574,320,10,10
55.420486,320,10,10
56.4204,320,10,10
57.420307,320,10,10
58.42022,320,10,10
59.42013,320,10,10
60.420044,320,10,10
61.419956,320,10,10
62.41987,320,10,10
63.41978,320,10,10
64.41969,320,10,10
65.4196,320,10,10
66.41952,320,10,10
67.419426,320,10,10
68.41934,320,10,10
69.41925,320,10,10
70.41917,320,10,10
71.419075,320,10,10
72.41899,320,10,10
73.4189,320,10,10
74.418816,320,10,10
75.418724,320,10,10
76.41863,320,10,10
77.41855,320,10,10
78.41846,320,10,10
79.41837,320,10,10
80.41828,320,10,10
81.4182,320,10,10
82.418106,320,10,10
83.41802,320,10,10
84.41793,320,10,10
85.41785,320,10,10
86.417755,320,10,10
87.41766,320,10,10
88.41758,320,10,10
89.41749,320,10,10
90.417404,320,10,10
91.41731,320,10,10
92.41723,320,10,10
93.41714,320,10,10
94.41705,320,10,10
95.41696,320,10,10
96.41688,320,10,10
97.41679,320,10,10
98.4167,320,10,10
99.41661,320,10,10
100.41652,320,10,10
101.416435,320,10,10
102.41634,320,10,10
103.41626,320,10,10
104.41617,320,10,10
105.416084,320,10,10
106.41599,320,10,10
107.41591,320,10,10
108.41582,320,10,10
109.41573,320,10,10
110.41564,320,10,10
111.41555,320,10,10
112.41547,320,10,10
113.415375,320,10,10
114.41529,320,10,10
115.4152,320,10,10
116.415115,320,10,10
117.41502,320,10,10
118.41494,320,10,10
119.41485,320,10,10
120.414764,320,10,10
121.41467,320,10,10
122.41459,320,10,10
123.4145,320,10,10
124.414406,320,10,10
125.41432,320,10,10
126.41423,320,10,10
127.41415,320,10,10
128.41406,320,10,10
129.41397,320,10,10
130.41388,320,10,10
131.41379,320,10,10
132.41371,320,10,10
133.41362,320,10,10
134.41353,320,10,10
135.41344,320,10,10
136.41335,320,10,10
137.41327,320,10,10
138.41318,320,10,10
139.41309,320,10,10
140.413,320,10,10
141.41292,320,10,10
142.41283,320,10,10
143.41273,320,10,10
144.41264,320,10,10
145.41257,320,10,10
146.41248,320,10,10
147.41238,320,10,10
148.4123,320,10,10
149.4122,320,10,10
150.41212,320,10,10
151.41203,320,10,10
152.41194,320,10,10
153.41185,320,10,10
154.41177,320,10,10
155.41168,320,10,10
156.41159,320,10,10
157.4115,320,10,10
158.41142,320,10,10
159.41133,320,10,10
160.41124,320,10,10
161.41115,320,10,10
162.41106,320,10,10
163.41098,320,10,10
164.41089,320,10,10
165.4108,320,10,10
166.4107,320,10,10
167.41063,320,10,10
168.41054,320,10,10
169.41045,320,10,10
170.41035,320,10,10
171.41026,320,10,10
172.41019,320,10,10
173.4101,320,10,10
174.41,320,10,10
175.40991,320,10,10
176.40984,320,10,10
177.40974,320,10,10
178.40965,320,10,10
179.40956,320,10,10
180.40948,320,10,10
181.4094,320,10,10
182.4093,320,10,10
183.40921,320,10,10
184.40912,320,10,10
185.40904,320,10,10
186.40895,320,10,10
187.40886,320,10,10
188.40877,320,10,10
189.40869,320,10,10
190.4086,320,10,10
191.40851,320,10,10
192.40842,320,10,10
193.40834,320,10,10
194.40825,320,10,10
195.40816,320,10,10
196.40807,320,10,10
197.40797,320,10,10
198.4079,320,10,10
199.4078,320,10,10
200.40771,320,10,10
201.40762,320,10,10
202.40755,320,10,10
203.40746,320,10,10
204.40736,320,10,10
205.40727,320,10,10
206.4072,320,10,10
207.4071,320,10,10
208.40701,320,10,10
209.40692,320,10,10
210.40683,320,10,10
211.40675,320,10,10
212.40666,320,10,10
213.40657,320,10,10
214.40648,320,10,10
215.4064,320,10,10
216.40631,320,10,10
217.40622,320,10,10
218.40613,320,10,10
219.40604,320,10,10
220.40596,320,10,10
221.40587,320,10,10
222.40578,320,10,10
223.40569,320,10,10
224.40561,320,10,10
225.40552,320,10,10
226.40543,320,10,10
227.40533,320,10,10
228.40526,320,10,10
229.40517,320,10,10
230.40508,320,10,10
231.40498,320,10,10
232.40489,320,10,10
233.40482,320,10,10
234.40472,320,10,10
235.40463,320,10,10
236.40454,320,10,10
237.40446,320,10,10
238.40437,320,10,10
239.40428,320,10,10
240.40419,320,10,10
241.40411,320,10,10
242.40402,320,10,10
243.40393,320,10,10
244.40384,320,10,10
245.40375,320,10,10
246.40367,320,10,10
247.40358,320,10,10
248.40349,320,10,10
249.4034,320,10,10
250.40332,320,10,10
251.40323,320,10,10
252.40314,320,10,10
253.40305,320,10,10
254.40297,320,10,10
255.40288,320,10,10
256.40277,320,10,10
257.4027,320,10,10
258.40262,320,10,10
259.40253,320,10,10
260.40244,320,10,10
261.40234,320,10,10
262.40225,320,10,10
263.40216,320,10,10
264.40207,320,10,10
265.402,320,10,10
266.40192,320,10,10
267.40182,320,10,10
268.40173,320,10,10
269.40164,320,10,10
270.40155,320,10,10
271.40146,320,10,10
272.40137,320,10,10
273.40128,320,10,10
274.4012,320,10,10
275.40112,320,10,10
276.40103,320,10,10
277.40094,320,10,10
278.40085,320,10,10
279.40076,320,10,10
280.40067,320,10,10
281.40057,320,10,10
282.40048,320,10,10
283.40042,320,10,10
284.40033,320,10,10
285.40024,320,10,10
286.40015,320,10,10
287.40005,320,10,10
288.39996,320,10,10
289.39987,320,10,10
290.39978,320,10,10
291.3997,320,10,10
292.39963,320,10,10
293.39954,320,10,10
294.39944,320,10,10
295.39935,320,10,10
296.39926,320,10,10
297.39917,320,10,10
298.39908,320,10,10
299.399,320,10,10
300.39893,320,10,10
301.39883,320,10,10
302.39874,320,10,10
303.39865,320,10,10
304.39856,320,10,10
305.39847,320,10,10
306.39838,320,10,10
307.3983,320,10,10
308.3982,320,10,10
309.39813,320,10,10
310.39804,320,10,10
311.39795,320,10,10
312.39786,320,10,10
313.39777,320,10,10
314.39767,320,10,10
315.39758,320,10,10
316.3975,320,10,10
317.3974,320,10,10
318.39734,320,10,10
319.39725,320,10,10
320.39716,320,10,10
321.39706,320,10,10
322.39697,320,10,10
323.39688,320,10,10
324.3968,320,10,10
325.3967,320,10,10
326.39664,320,10,10
327.39655,320,10,10
328.39645,320,10,10
329.39636,320,10,10
330.39627,320,10,10
331.39618,320,10,10
332.3961,320,10,10
333.396,320,10,10
334.3959,320,10,10
335.39584,320,10,10
336.39575,320,10,10
337.39566,320,10,10
338.39557,320,10,10
339.39548,320,10,10
340.3954,320,10,10
341.3953,320,10,10
342.3952,320,10,10
343.3951,320,10,10
344.39505,320,10,10
345.39496,320,10,10
346.39487,320,10,10
347.39478,320,10,10
348.39468,320,10,10
349.3946,320,10,10
350.3945,320,10,10
351.3944,320,10,10
352.39432,320,10,10
353.39426,320,10,10
354.39417,320,10,10
355.39407,320,10,10
356.39398,320,10,10
357.3939,320,10,10
358.3938,320,10,10
359.3937,320,10,10
360.39362,320,10,10
361.39355,320,10,10
362.39346,320,10,10
363.39337,320,10,10
364.39328,320,10,10
365.3932,320,10,10
366.3931,320,10,10
367.393,320,10,10
368.3929,320,10,10
369.39282,320,10,10
370.39276,320,10,10
371.39267,320,10,10
372.39258,320,10,10
373.3925,320,10,10
374.3924,320,10,10
375.3923,320,10,10
376.3922,320,10,10
377.39212,320,10,10
378.39203,320,10,10
379.39197,320,10,10
380.39188,320,10,10
381.39178,320,10,10
382.3917,320,10,10
383.3916,320,10,10
384.3915,320,10,10
385.39142,320,10,10
386.39133,320,10,10
387.39124,320,10,10
388.39117,320,10,10
389.39108,320,10,10
390.391,320,10,10
391.3909,320,10,10
392.3908,320,10,10
393.39072,320,10,10
394.39063,320,10,10
395.39053,320,10,10
396.39047,320,10,10
397.39038,320,10,10
398.3903,320,10,10
399.3902,320,10,10
400.3901,320,10,10
401.39,320,10,10
402.38992,320,10,10
403.38983,320,10,10
404.38974,320,10,10
405.38968,320,10,10
406.3896,320,10,10
407.3895,320,10,10
408.3894,320,10,10
409.3893,320,10,10
410.38922,320,10,10
411.38913,320,10,10
412.38904,320,10,10
413.38895,320,10,10
414.3889,320,10,10
415.3888,320,10,10
416.3887,320,10,10
417.3886,320,10,10
418.38852,320,10,10
419.38843,320,10,10
420.38834,320,10,10
421.38824,320,10,10
422.38818,320,10,10
423.3881,320,10,10
424.388,320,10,10
425.3879,320,10,10
426.38782,320,10,10
427.38773,320,10,10
428.38763,320,10,10
429.38754,320,10,10
430.38745,320,10,10
431.3874,320,10,10
432.3873,320,10,10
433.3872,320,10,10
434.38712,320,10,10
435.38702,320,10,10
436.38693,320,10,10
437.38684,320,10,10
438.38675,320,10,10
439.38666,320,10,10
440.3866,320,10,10
441.3865,320,10,10
442.3864,320,10,10
443.38632,320,10,10
444.38623,320,10,10
445.38614,320,10,10
446.38605,320,10,10
447.38596,320,10,10
448.38586,320,10,10
449.3858,320,10,10
450.3857,320,10,10
451.38562,320,10,10
452.38553,320,10,10
453.38544,320,10,10
454.38535,320,10,10
455.38525,320,10,10
456.38516,320,10,10
457.3851,320,10,10
458.385,320,10,10
459.38492,320,10,10
460.38483,320,10,10
461.38474,320,10,10
462.38464,320,10,10
463.38455,320,10,10
464.38446,320,10,10
465.38437,320,10,10
466.3843,320,10,10
467.38422,320,10,10
468.38412,320,10,10
469.38403,320,10,10
470.38394,320,10,10
471.38385,320,10,10
472.38376,320,10,10
473.38367,320,10,10
474.38358,320,10,10
475.3835,320,10,10
476.38342,320,10,10
477.38333,320,10,10
478.38324,320,10,10
479.38315,320,10,10
480.38306,320,10,10
481.38297,320,10,10
482.38287,320,10,10
483.38278,320,10,10
484.38272,320,10,10
485.38263,320,10,10
486.38254,320,10,10
487.38245,320,10,10
488.38235,320,10,10
489.38226,320,10,10
490.38217,320,10,10
491.38208,320,10,10
492.38202,320,10,10
493.38193,320,10,10
494.38184,320,10,10
495.38174,320,10,10
496.38165,320,10,10
497.38156,320,10,10
498.38147,320,10,10
499.38138,320,10,10
500.3813,320,10,10
501.38123,320,10,10
502.38113,320,10,10
503.38104,320,10,10
504.38095,320,10,10
505.38086,320,10,10
506.38077,320,10,10
507.38068,320,10,10
508.38058,320,10,10
509.3805,320,10,10
510.38043,320,10,10
511.38034,320,10,10
512.38025,320,10,10
513.3801,320,10,10
514.38007,320,10,10
515.38,320,10,10
516.3799,320,10,10
517.3798,320,10,10
518.3797,320,10,10
519.37964,320,10,10
520.3795,320,10,10
521.37946,320,10,10
522.37933,320,10,10
523.3793,320,10,10
524.3792,320,10,10
525.3791,320,10,10
526.379,320,10,10
527.3789,320,10,10
528.37885,320,10,10
529.3787,320,10,10
530.37866,320,10,10
531.37854,320,10,10
532.3785,320,10,10
533.3784,320,10,10
534.3783,320,10,10
535.37823,320,10,10
536.3781,320,10,10
537.37805,320,10,10
538.3779,320,10,10
539.37787,320,10,10
540.3778,320,10,10
541.3777,320,10,10
542.3776,320,10,10
543.3775,320,10,10
544.37744,320,10,10
545.3773,320,10,10
546.37726,320,10,10
547.37714,320,10,10
548.3771,320,10,10
549.377,320,10,10
550.3769,320,10,10
551.37683,320,10,10
552.3767,320,10,10
553.37665,320,10,10
554.3765,320,10,10
555.37646,320,10,10
556.37634,320,10,10
557.3763,320,10,10
558.3762,320,10,10
559.3761,320,10,10
560.37604,320,10,10
561.3759,320,10,10
562.37585,320,10,10
563.37573,320,10,10
564.3757,320,10,10
565.37555,320,10,10
566.3755,320,10,10
567.3754,320,10,10
568.3753,320,10,10
569.37524,320,10,10
570.3751,320,10,10
571.37506,320,10,10
572.37494,320,10,10
573.3749,320,10,10
574.37476,320,10,10
575.3747,320,10,10
576.37463,320,10,10
577.3745,320,10,10
578.37445,320,10,10
579.3743,320,10,10
580.37427,320,10,10
581.37415,320,10,10
582.3741,320,10,10
583.37396,320,10,10
584.3739,320,10,10
585.37384,320,10,10
586.3737,320,10,10
587.37366,320,10,10
588.37354,320,10,10
589.3735,320,10,10
590.37335,320,10,10
591.3733,320,10,10
592.37317,320,10,10
593.3731,320,10,10
594.37305,320,10,10
595.3729,320,10,10
596.37286,320,10,10
597.37274,320,10,10
598.3727,320,10,10
599.37256,320,10,10
600.3725,320,10,10
601.37244,320,10,10
602.3723,320,10,10
603.37225,320,10,10
604.37213,320,10,10
605.3721,320,10,10
606.37195,320,10,10
607.3719,320,10,10
608.37177,320,10,10
609.3717,320,10,10
610.37164,320,10,10
611.3715,320,10,10
612.37146,320,10,10
613.37134,320,10,10
614.3713,320,10,10
615.37115,320,10,10
616.3711,320,10,10
617.371,320,10,10
618.3709,320,10,10
619.37085,320,10,10
620.3707,320,10,10
621.37067,320,10,10
622.37054,320,10,10
623.3705,320,10,10
624.37036,320,10,10
625.3703,320,10,10
626.3702,320,10,10
627.3701,320,10,10
628.37006,320,10,10
629.36993,320,10,10
630.3699,320,10,10
631.36975,320,10,10
632.3697,320,10,10
633.36957,320,10,10
634.3695,320,10,10
635.3694,320,10,10
636.3693,320,10,10
637.36926,320,10,10
638.36914,320,10,10
639.3691,320,10,10
640.36896,320,10,10
641.3689,320,10,10
642.3688,320,10,10
643.3687,320,10,10
644.3686,320,10,10
645.3685,320,10,10
646.36847,320,10,10
647.36835,320,10,10
648.3683,320,10,10
649.36816,320,10,10
650.3681,320,10,10
651.368,320,10,10
652.3679,320,10,10
653.3678,320,10,10
654.36774,320,10,10
655.3677,320,10,10
656.36755,320,10,10
657.3675,320,10,10
658.3674,320,10,10
659.3673,320,10,10
660.3672,320,10,10
661.3671,320,10,10
662.36707,320,10,10
663.36694,320,10,10
664.3669,320,10,10
665.36676,320,10,10
666.3667,320,10,10
667.3666,320,10,10
668.3665,320,10,10
669.3664,320,10,10
670.36633,320,10,10
671.3663,320,10,10
672.36615,320,10,10
673.3661,320,10,10
674.36597,320,10,10
675.3659,320,10,10
676.3658,320,10,10
677.3657,320,10,10
678.3656,320,10,10
679.36554,320,10,10
680.3655,320,10,10
681.36536,320,10,10
682.3653,320,10,10
683.3652,320,10,10
684.3651,320,10,10
685.365,320,10,10
686.3649,320,10,10
687.3648,320,10,10
688.36475,320,10,10
689.3647,320,10,10
690.36456,320,10,10
691.3645,320,10,10
692.3644,320,10,10
693.3643,320,10,10
694.3642,320,10,10
695.36414,320,10,10
696.364,320,10,10
697.36395,320,10,10
698.3639,320,10,10
699.3638,320,10,10
700.3637,320,10,10
701.3636,320,10,10
702.3635,320,10,10
703.3634,320,10,10
704.36334,320,10,10
705.3632,320,10,10
706.36316,320,10,10
707.3631,320,10,10
708.363,320,10,10
709.3629,320,10,10
710.3628,320,10,10
711.36273,320,10,10
712.3626,320,10,10
713.36255,320,10,10
714.3624,320,10,10
715.36237,320,10,10
716.3623,320,10,10
717.3622,320,10,10
718.3621,320,10,10
719.362,320,10,10
720.36194,320,10,10
721.3618,320,10,10
722.36176,320,10,10
723.36163,320,10,10
724.3616,320,10,10
725.3615,320,10,10
726.3614,320,10,10
727.3613,320,10,10
728.3612,320,10,10
729.36115,320,10,10
730.361,320,10,10
731.36096,320,10,10
732.3609,320,10,10
733.3608,320,10,10
734.3607,320,10,10
735.3606,320,10,10
736.36053,320,10,10
737.3604,320,10,10
738.36035,320,10,10
739.3602,320,10,10
740.36017,320,10,10
741.3601,320,10,10
742.36,320,10,10
743.3599,320,10,10
744.3598,320,10,10
745.35974,320,10,10
746.3596,320,10,10
747.35956,320,10,10
748.35944,320,10,10
749.3594,320,10,10
750.3593,320,10,10
751.3592,320,10,10
752.35913,320,10,10
753.359,320,10,10
754.35895,320,10,10
755.3588,320,10,10
756.35876,320,10,10
757.35864,320,10,10
758.3586,320,10,10
759.3585,320,10,10
760.3584,320,10,10
761.35834,320,10,10
762.3582,320,10,10
763.35815,320,10,10
764.35803,320,10,10
765.358,320,10,10
766.35785,320,10,10
767.3578,320,10,10
768.3577,320,10,10
769.3576,320,10,10
770.35754,320,10,10
771.3574,320,10,10
772.35736,320,10,10
773.35724,320,10,10
774.3572,320,10,10
775.35706,320,10,10
776.357,320,10,10
777.35693,320,10,10
778.3568,320,10,10
779.35675,320,10,10
780.3566,320,10,10
781.35657,320,10,10
782.35645,320,10,10
783.3564,320,10,10
784.35626,320,10,10
785.3562,320,10,10
786.35614,320,10,10
787.356,320,10,10
788.35596,320,10,10
789.35583,320,10,10
790.3558,320,10,10
791.35565,320,10,10
792.3556,320,10,10
793.3555,320,10,10
794.3554,320,10,10
795.35535,320,10,10
796.3552,320,10,10
797.35516,320,10,10
798.35504,320,10,10
799.355,320,10,10
800.35486,320,10,10
801.3548,320,10,10
802.35474,320,10,10
803.3546,320,10,10
804.35455,320,10,10
805.35443,320,10,10
806.3544,320,10,10
807.35425,320,10,10
808.3542,320,10,10
809.35406,320,10,10
810.354,320,10,10
811.35394,320,10,10
812.3538,320,10,10
813.35376,320,10,10
814.35364,320,10,10
815.3536,320,10,10
816.35345,320,10,10
817.3534,320,10,10
818.3533,320,10,10
819.3532,320,10,10
820.35315,320,10,10
821.353,320,10,10
822.35297,320,10,10
823.35284,320,10,10
824.3528,320,10,10
825.35266,320,10,10
826.3526,320,10,10
827.3525,320,10,10
828.3524,320,10,10
829.35236,320,10,10
830.35223,320,10,10
831.3522,320,10,10
832.35205,320,10,10
833.352,320,10,10
834.35187,320,10,10
835.3518,320,10,10
836.3517,320,10,10
837.3516,320,10,10
838.35156,320,10,10
839.35144,320,10,10
840.3514,320,10,10
841.35126,320,10,10
842.3512,320,10,10
843.3511,320,10,10
844.351,320,10,10
845.3509,320,10,10
846.3508,320,10,10
847.35077,320,10,10
848.35065,319.99997,9.999935,9.999935
849.3506,319.9999,9.99986,9.99986
850.35046,319.99982,9.999784,9.999784
851.3504,319.99963,9.999708,9.999708
852.3503,319.9994,9.999633,9.999633
853.3502,319.99902,9.999557,9.999557
854.3501,319.99854,9.999481,9.999481
855.35004,319.99792,9.999405,9.999405
856.35,319.99716,9.99933,9.99933
857.34985,319.99622,9.999148,9.999148
858.3498,319.99512,9.998946,9.998946
859.3497,319.9938,9.998744,9.998744
860.3496,319.9923,9.998542,9.998542
861.3495,319.9906,9.99834,9.99834
862.3494,319.98868,9.998137,9.998137
863.3493,319.98654,9.99787,9.99787
864.34924,319.98413,9.997573,9.997573
865.3491,319.9815,9.997275,9.997275
866.34906,319.9786,9.996978,9.996978
867.34894,319.97546,9.99668,9.99668
868.3489,319.97202,9.996359,9.996359
869.34875,319.9683,9.995976,9.995976
870.3487,319.9643,9.995594,9.995594
871.3486,319.95996,9.995213,9.995213
872.34845,319.95532,9.99483,9.99483
873.3484,319.95038,9.994422,9.994422
874.34827,319.94507,9.993962,9.993962
875.34814,319.93945,9.993502,9.993502
876.3481,319.93347,9.993042,9.993042
877.34796,319.92715,9.992582,9.992582
878.34784,319.92047,9.992071,9.992071
879.3477,319.9134,9.991538,9.991538
880.3476,319.90594,9.991006,9.991006
881.3475,319.89813,9.990473,9.990473
882.34735,319.8899,9.989921,9.989921
883.3472,319.8813,9.989318,9.989318
884.3471,319.87222,9.988716,9.988716
885.347,319.86276,9.988114,9.988114
886.34686,319.85287,9.987509,9.987509
887.34674,319.84256,9.98684,9.98684
888.34656,319.83182,9.986173,9.986173
889.34644,319.8206,9.985504,9.985504
890.34625,319.80893,9.984836,9.984836
891.34607,319.7968,9.984107,9.984107
892.34595,319.7842,9.983375,9.983375
893.34576,319.77112,9.982643,9.982643
894.3456,319.75757,9.981911,9.981911
895.3454,319.7435,9.981118,9.981118
896.3452,319.72897,9.980325,9.980325
897.345,319.7139,9.979532,9.979532
898.3448,319.69833,9.97873,9.97873
899.34454,319.68222,9.977878,9.977878
900.34436,319.66562,9.977025,9.977025
901.3441,319.64847,9.976172,9.976172
902.3439,319.63077,9.975298,9.975298
903.3436,319.61252,9.974388,9.974388
904.3433,319.59372,9.973478,9.973478
905.3431,319.57437,9.972568,9.972568
906.3428,319.55444,9.971618,9.971618
907.34247,319.53397,9.970652,9.970652
908.34216,319.51288,9.969686,9.969686
909.34186,319.4912,9.968713,9.968713
910.3415,319.46896,9.967692,9.967692
911.3412,319.4461,9.966672,9.966672
912.3408,319.42264,9.9656515,9.9656515
913.3404,319.39856,9.964599,9.964599
914.34,319.37384,9.963526,9.963526
915.3396,319.3485,9.962452,9.962452
916.3392,319.32257,9.96137,9.96137
917.33875,319.29596,9.960245,9.960245
918.3383,319.26874,9.95912,9.95912
919.3378,319.24084,9.957994,9.957994
920.33734,319.21228,9.956831,9.956831
921.3368,319.18307,9.955655,9.955655
922.33624,319.15317,9.954478,9.954478
923.3357,319.12262,9.953282,9.953282
924.33514,319.09137,9.952056,9.952056
925.33453,319.05942,9.95083,9.95083
926.3339,319.0268,9.949599,9.949599
927.33325,318.99344,9.948324,9.948324
928.3326,318.9594,9.94705,9.94705
929.3319,318.92465,9.945775,9.945775
930.3312,318.88916,9.94446,9.94446
931.33044,318.85297,9.943137,9.943137
932.3297,318.81604,9.941815,9.941815
933.32886,318.77835,9.940462,9.940462
934.32806,318.73993,9.939093,9.939093
935.3272,318.70078,9.937723,9.937723
936.3263,318.66086,9.936332,9.936332
937.3254,318.62015,9.9349165,9.9349165
938.32446,318.5787,9.933501,9.933501
939.3235,318.53647,9.93207,9.93207
940.32245,318.49344,9.930609,9.930609
941.3214,318.44965,9.929148,9.929148
942.3203,318.40506,9.927675,9.927675
943.3192,318.35965,9.92617,9.92617
944.31805,318.31345,9.924665,9.924665
945.31683,318.26645,9.923151,9.923151
946.3156,318.21863,9.921602,9.921602
947.31433,318.16998,9.920053,9.920053
948.31305,318.12048,9.918496,9.918496
949.3117,318.0702,9.9169035,9.9169035
950.3103,318.019,9.915312,9.915312
951.30884,317.96704,9.913712,9.913712
952.3074,317.91418,9.912077,9.912077
953.30585,317.86047,9.910442,9.910442
954.30426,317.80588,9.908798,9.908798
955.3026,317.75043,9.907122,9.907122
956.30096,317.69412,9.905446,9.905446
957.29926,317.6369,9.903757,9.903757
958.2974,317.57883,9.90204,9.90204
959.2956,317.51984,9.900322,9.900322
960.29376,317.45996,9.898589,9.898589
961.2918,317.39917,9.896831,9.896831
962.2898,317.33746,9.895073,9.895073
963.2878,317.27484,9.893294,9.893294
964.28564,317.2113,9.891496,9.891496
965.28345,317.14682,9.889698,9.889698
966.28125,317.08142,9.887874,9.887874
967.27893,317.01508,9.886036,9.886036
968.2766,316.94778,9.884199,9.884199
969.2742,316.87952,9.882329,9.882329
970.27167,316.8103,9.880452,9.880452
971.26917,316.74014,9.878575,9.878575
972.26654,316.669,9.87666,9.87666
973.26385,316.5969,9.874745,9.874745
974.26105,316.52377,9.872822,9.872822
975.25824,316.4497,9.870869,9.870869
976.2553,316.3746,9.868916,9.868916
977.2523,316.29852,9.866945,9.866945
978.24927,316.22144,9.864955,9.864955
979.2461,316.14334,9.862965,9.862965
980.2429,316.06424,9.860948,9.860948
981.23956,315.9841,9.85892,9.85892
982.2362,315.90292,9.856893,9.856893
983.2327,315.8207,9.854829,9.854829
984.2292,315.73746,9.852765,9.852765
985.2255,315.65317,9.85069,9.85069
986.2218,315.56784,9.848591,9.848591
987.21796,315.4814,9.846491,9.846491
988.21405,315.39395,9.844368,9.844368
989.21,315.30542,9.842234,9.842234
990.20593,315.2158,9.840098,9.840098
991.2017,315.1251,9.837928,9.837928
992.1974,315.0333,9.835758,9.835758
993.193,314.94043,9.833576,9.833576
994.1885,314.84644,9.83137,9.83137
995.18384,314.75134,9.829165,9.829165
996.17914,314.65515,9.826936,9.826936
997.17426,314.55783,9.824697,9.824697
998.1693,314.45938,9.8224535,9.8224535
999.1643,314.3598,9.82018,9.82018
1000.1591,314.2591,9.817906,9.817906
1001.1538,314.15723,9.815616,9.815616
1002.1484,314.05423,9.813309,9.813309
1003.1429,313.95007,9.811002,9.811002
1004.1372,313.84476,9.808664,9.808664
1005.1315,313.73828,9.806324,9.806324
1006.12555,313.6306,9.803971,9.803971
1007.1195,313.52176,9.801599,9.801599
1008.11334,313.41174,9.799225,9.799225
1009.10706,313.30054,9.796824,9.796824
1010.10065,313.1881,9.794419,9.794419
1011.09406,313.07452,9.792004,9.792004
1012.0874,312.9597,9.789567,9.789567
1013.0805,312.84366,9.787129,9.787129
1014.07355,312.72638,9.784666,9.784666
1015.0664,312.6079,9.782197,9.782197
1016.05914,312.4882,9.779718,9.779718
1017.0517,312.36722,9.777218,9.777218
1018.0441,312.245,9.774717,9.774717
1019.0364,312.12155,9.772191,9.772191
1020.0285,311.99683,9.769659,9.769659
1021.02045,311.87085,9.767117,9.767117
1022.0122,311.7436,9.764554,9.764554
1023.00385,311.61505,9.7619915,9.7619915
1023.9953,311.48523,9.759402,9.759402
1024.9866,311.35413,9.756809,9.756809
1025.9777,311.2217,9.754203,9.754203
1026.9686,311.088,9.751579,9.751579
1027.9594,310.953,9.748956,9.748956
1028.95,310.81668,9.746303,9.746303
1029.9403,310.67902,9.74365,9.74365
1030.9305,310.54004,9.740979,9.740979
1031.9205,310.39972,9.738297,9.738297
1032.9104,310.25806,9.735609,9.735609
1033.9,310.11505,9.732898,9.732898
1034.8894,309.9707,9.730186,9.730186
1035.8787,309.82498,9.727451,9.727451
1036.8677,309.67792,9.724711,9.724711
1037.8566,309.52945,9.721958,9.721958
1038.8452,309.3796,9.71919,9.71919
1039.8336,309.2284,9.716418,9.716418
1040.8218,309.07578,9.713621,9.713621
1041.8097,308.92175,9.710824,9.710824
1042.7975,308.76633,9.708006,9.708006
1043.785,308.6095,9.705181,9.705181
1044.7723,308.45126,9.702345,9.702345
1045.7594,308.2916,9.699492,9.699492
1046.7462,308.13046,9.696638,9.696638
1047.7329,307.96793,9.693758,9.693758
1048.7192,307.80392,9.690877,9.690877
1049.7054,307.6385,9.687977,9.687977
1050.6913,307.4716,9.685069,9.685069
1051.6769,307.30322,9.68215,9.68215
1052.6622,307.1334,9.679215,9.679215
1053.6475,306.96207,9.676277,9.676277
1054.6323,306.78928,9.673316,9.673316
1055.617,306.61496,9.670356,9.670356
1056.6012,306.43918,9.667372,9.667372
1057.5853,306.26187,9.664384,9.664384
1058.5691,306.08307,9.661381,9.661381
1059.5526,305.9027,9.658368,9.658368
1060.5359,305.72086,9.655346,9.655346
1061.5188,305.53748,9.652307,9.652307
1062.5015,305.35254,9.649264,9.649264
1063.4838,305.16605,9.6462,9.6462
1064.466,304.978,9.643135,9.643135
1065.4476,304.78842,9.640048,9.640048
1066.4291,304.59726,9.636958,9.636958
1067.4103,304.4045,9.633852,9.633852
1068.3911,304.21017,9.630736,9.630736
1069.3717,304.01428,9.627611,9.627611
1070.3519,303.81677,9.624471,9.624471
1071.3318,303.61765,9.621326,9.621326
1072.3113,303.41693,9.618161,9.618161
1073.2905,303.21457,9.614996,9.614996
1074.2694,303.01062,9.611807,9.611807
1075.2479,302.80502,9.608617,9.608617
1076.2262,302.59778,9.605409,9.605409
1077.204,302.3889,9.602195,9.602195
1078.1815,302.17834,9.598967,9.598967
1079.1587,301.96616,9.595728,9.595728
1080.1354,301.7523,9.592481,9.592481
1081.1118,301.53674,9.589218,9.589218
1082.0879,301.31952,9.585951,9.585951
1083.0635,301.1006,9.582665,9.582665
1084.0388,300.87997,9.579378,9.579378
1085.0137,300.65765,9.576069,9.576069
1085.9882,300.43362,9.572761,9.572761
1086.9623,300.20786,9.569429,9.569429
1087.9359,299.98038,9.566098,9.566098
1088.9092,299.75116,9.562747,9.562747
1089.8821,299.5202,9.559393,9.559393
1090.8546,299.28748,9.556022,9.556022
1091.8265,299.053,9.552645,9.552645
1092.7982,298.8168,9.549254,9.549254
1093.7694,298.5788,9.545855,9.545855
1094.7401,298.339,9.542444,9.542444
1095.7104,298.0974,9.5390215,9.5390215
1096.6803,297.85403,9.535592,9.535592
1097.6497,297.6089,9.532147,9.532147
1098.6185,297.36188,9.528697,9.528697
1099.587,297.11307,9.525231,9.525231
1100.555,296.86246,9.521761,9.521761
1101.5226,296.61,9.518273,9.518273
1102.4895,296.35568,9.514783,9.514783
1103.456,296.09952,9.511273,9.511273
1104.4221,295.8415,9.507763,9.507763
1105.3877,295.5816,9.504232,9.504232
1106.3528,295.31985,9.500702,9.500702
1107.3173,295.0562,9.49715,9.49715
1108.2813,294.79068,9.493598,9.493598
1109.2448,294.52325,9.490027,9.490027
1110.2078,294.25394,9.486454,9.486454
1111.1702,293.9827,9.482863,9.482863
1112.132,293.7095,9.47927,9.47927
1113.0934,293.43442,9.475658,9.475658
1114.0541,293.15738,9.472045,9.472045
1115.0143,292.8784,9.468414,9.468414
1115.974,292.59747,9.464779,9.464779
1116.933,292.31458,9.461129,9.461129
1117.8915,292.0297,9.457474,9.457474
1118.8494,291.74286,9.453804,9.453804
1119.8066,291.454,9.450129,9.450129
1120.7633,291.16318,9.446439,9.446439
1121.7194,290.87036,9.442744,9.442744
1122.6748,290.57553,9.439034,9.439034
1123.6296,290.27866,9.43532,9.43532
1124.5839,289.97977,9.431591,9.431591
1125.5375,289.67883,9.427856,9.427856
1126.4904,289.37585,9.424108,9.424108
1127.4426,289.07083,9.420355,9.420355
1128.3942,288.76376,9.416586,9.416586
1129.3451,288.4546,9.412813,9.412813
1130.2953,288.14337,9.409025,9.409025
1131.2449,287.83005,9.405233,9.405233
1132.1937,287.51462,9.401425,9.401425
1133.142,287.1971,9.397615,9.397615
1134.0894,286.87747,9.393788,9.393788
1135.0361,286.55573,9.389959,9.389959
1135.982,286.23184,9.386112,9.386112
1136.9274,285.90582,9.382264,9.382264
1137.872,285.57764,9.378399,9.378399
1138.8157,285.2473,9.374531,9.374531
1139.7587,284.91483,9.370647,9.370647
1140.7009,284.58017,9.36676,9.36676
1141.6425,284.24335,9.362859,9.362859
1142.5831,283.90433,9.358952,9.358952
1143.523,283.56308,9.355032,9.355032
1144.462,283.21967,9.351107,9.351107
1145.4003,282.87402,9.347169,9.347169
1146.3378,282.52615,9.343224,9.343224
1147.2744,282.17606,9.339269,9.339269
1148.2102,281.8237,9.335304,9.335304
1149.1451,281.46912,9.331332,9.331332
1150.0791,281.11224,9.327349,9.327349
1151.0123,280.75314,9.3233595,9.3233595
1151.9447,280.39172,9.319357,9.319357
1152.8761,280.02805,9.31535,9.31535
1153.8066,279.66208,9.311328,9.311328
1154.7362,279.2938,9.307304,9.307304
1155.6649,278.92322,9.303264,9.303264
1156.5928,278.5503,9.299222,9.299222
1157.5195,278.17508,9.295164,9.295164
1158.4454,277.7975,9.291102,9.291102
1159.3704,277.41757,9.287029,9.287029
1160.2943,277.0353,9.2829485,9.2829485
1161.2173,276.65067,9.278858,9.278858
1162.1393,276.26364,9.274759,9.274759
1163.0603,275.87424,9.270653,9.270653
1163.9802,275.48245,9.266535,9.266535
1164.8992,275.0883,9.262412,9.262412
1165.817,274.69168,9.258276,9.258276
1166.7339,274.2927,9.254137,9.254137
1167.6497,273.89127,9.249983,9.249983
1168.5645,273.4874,9.245826,9.245826
1169.478,273.0811,9.241655,9.241655
1170.3906,272.6723,9.237479,9.237479
1171.302,272.2611,9.233294,9.233294
1172.2124,271.8474,9.229099,9.229099
1173.1216,271.43124,9.224898,9.224898
1174.0295,271.01257,9.220685,9.220685
1174.9365,270.59143,9.216469,9.216469
1175.8422,270.1678,9.212238,9.212238
1176.7467,269.7416,9.208004,9.208004
1177.6501,269.31293,9.203757,9.203757
1178.5522,268.8817,9.199506,9.199506
1179.4532,268.44797,9.195244,9.195244
1180.3529,268.01166,9.190974,9.190974
1181.2513,267.5728,9.186698,9.186698
1182.1486,267.13138,9.18241,9.18241
1183.0446,266.6874,9.178119,9.178119
1183.9391,266.2408,9.173813,9.173813
1184.8325,265.79166,9.169504,9.169504
1185.7245,265.3399,9.165184,9.165184
1186.6152,264.88553,9.160857,9.160857
1187.5046,264.42856,9.156523,9.156523
1188.3927,263.96896,9.152179,9.152179
1189.2793,263.5067,9.14783,9.14783
1190.1646,263.04184,9.143469,9.143469
1191.0485,262.5743,9.139103,9.139103
1191.9309,262.10416,9.134727,9.134727
1192.812,261.63132,9.130344,9.130344
1193.6917,261.1558,9.125954,9.125954
1194.5697,260.6776,9.121553,9.121553
1195.4464,260.19672,9.117149,9.117149
1196.3217,259.71313,9.112732,9.112732
1197.1953,259.22687,9.108312,9.108312
1198.0675,258.73788,9.10388,9.10388
1198.9382,258.24615,9.0994425,9.0994425
1199.8073,257.7517,9.094997,9.094997
1200.6748,257.25455,9.090543,9.090543
1201.5408,256.75464,9.086084,9.086084
1202.4052,256.25198,9.081613,9.081613
1203.268,255.74655,9.077137,9.077137
1204.1292,255.23836,9.072653,9.072653
1204.9886,254.7274,9.068161,9.068161
1205.8464,254.21367,9.0636635,9.0636635
1206.7026,253.69714,9.0591545,9.0591545
1207.5571,253.17783,9.054642,9.054642
1208.4099,252.65572,9.050119,9.050119
1209.2609,252.13078,9.04559,9.04559
1210.1102,251.60304,9.041055,9.041055
1210.9578,251.07248,9.0365095,9.0365095
1211.8036,250.5391,9.03196,9.03196
1212.6475,250.00287,9.027399,9.027399
1213.4896,249.46382,9.022833,9.022833
1214.33,248.9219,9.018261,9.018261
1215.1685,248.37714,9.013679,9.013679
1216.0051,247.82951,9.009092,9.009092
1216.8398,247.27904,9.004496,9.004496
1217.6727,246.72568,8.999893,8.999893
1218.5035,246.16943,8.995285,8.995285
1219.3325,245.61032,8.990666,8.990666
1220.1595,245.04831,8.986045,8.986045
1220.9846,244.4834,8.981412,8.981412
1221.8077,243.9156,8.976774,8.976774
1222.6288,243.3449,8.97213,8.97213
1223.4478,242.77129,8.967477,8.967477
1224.2648,242.19475,8.962819,8.962819
1225.0796,241.6153,8.958152,8.958152
1225.8925,241.03291,8.953479,8.953479
1226.7031,240.44762,8.9488,8.9488
1227.5117,239.85938,8.944111,8.944111
1228.3181,239.26819,8.939419,8.939419
1229.1224,238.67407,8.934717,8.934717
1229.9246,238.07701,8.930009,8.930009
1230.7244,237.47699,8.925297,8.925297
1231.522,236.87402,8.920574,8.920574
1232.3174,236.2681,8.915847,8.915847
1233.1106,235.65921,8.911112,8.911112
1233.9015,235.04736,8.90637,8.90637
1234.6901,234.43254,8.901624,8.901624
1235.4762,233.81474,8.896868,8.896868
1236.2601,233.19398,8.892106,8.892106
1237.0416,232.57025,8.88734,8.88734
1237.8208,231.94354,8.882564,8.882564
1238.5975,231.31384,8.877784,8.877784
1239.3718,230.68117,8.872996,8.872996
1240.1437,230.04552,8.868201,8.868201
1240.9131,229.40688,8.863402,8.863402
1241.6799,228.76524,8.858594,8.858594
1242.4443,228.12062,8.853781,8.853781
1243.2062,227.47302,8.848962,8.848962
1243.9656,226.82243,8.844134,8.844134
1244.7223,226.16884,8.839303,8.839303
1245.4764,225.51227,8.834464,8.834464
1246.2279,224.8527,8.829618,8.829618
1246.9768,224.19016,8.824769,8.824769
1247.723,223.52461,8.819909,8.819909
1248.4667,222.85608,8.815045,8.815045
1249.2075,222.18456,8.810177,8.810177
1249.9457,221.51004,8.805299,8.805299
1250.681,220.83253,8.800418,8.800418
1251.4137,220.15205,8.795529,8.795529
1252.1436,219.4686,8.790634,8.790634
1252.8706,218.78214,8.785734,8.785734
1253.5948,218.09271,8.780827,8.780827
1254.3162,217.40031,8.775914,8.775914
1255.0348,216.70493,8.770997,8.770997
1255.7504,216.00658,8.76607,8.76607
1256.4631,215.30525,8.76114,8.76114
1257.1729,214.60097,8.756205,8.756205
1257.8798,213.89372,8.751261,8.751261
1258.5836,213.18352,8.746313,8.746313
1259.2844,212.47035,8.741359,8.741359
1259.9823,211.75424,8.736399,8.736399
1260.6771,211.0352,8.731434,8.731434
1261.3689,210.3132,8.726461,8.726461
1262.0576,209.58827,8.721484,8.721484
1262.7432,208.86041,8.716503,8.716503
1263.4257,208.12964,8.711513,8.711513
1264.1051,207.39594,8.706518,8.706518
1264.7813,206.65933,8.701519,8.701519
1265.4542,205.91982,8.696512,8.696512
1266.124,205.1774,8.691502,8.691502
1266.7906,204.4321,8.686485,8.686485
1267.454,203.68391,8.681462,8.681462
1268.1141,202.93285,8.676435,8.676435
1268.7709,202.17892,8.671402,8.671402
1269.4244,201.42212,8.666363,8.666363
1270.0746,200.66249,8.66132,8.66132
1270.7216,199.9,8.656269,8.656269
1271.365,199.13467,8.651214,8.651214
1272.0051,198.36653,8.646155,8.646155
1272.6418,197.59558,8.641088,8.641088
1273.2753,196.82181,8.636017,8.636017
1273.9052,196.04526,8.630941,8.630941
1274.5316,195.26591,8.625859,8.625859
1275.1545,194.4838,8.620772,8.620772
1275.774,193.69891,8.615681,8.615681
1276.3901,192.91129,8.610583,8.610583
1277.0026,192.12091,8.605481,8.605481
1277.6116,191.32782,8.600374,8.600374
1278.2169,190.532,8.595261,8.595261
1278.8187,189.73347,8.590144,8.590144
1279.417,188.93227,8.585021,8.585021
1280.0116,188.12837,8.579892,8.579892
1280.6025,187.32181,8.574761,8.574761
1281.19,186.5126,8.569622,8.569622
1281.7737,185.70076,8.56448,8.56448
1282.3538,184.88629,8.559333,8.559333
1282.93,184.0692,8.554179,8.554179
1283.5028,183.24953,8.549022,8.549022
1284.0718,182.42726,8.54386,8.54386
1284.637,181.60243,8.538692,8.538692
1285.1985,180.77505,8.533521,8.533521
1285.7561,179.94514,8.528345,8.528345
1286.3102,179.1127,8.523163,8.523163
1286.8604,178.27777,8.517977,8.517977
1287.4067,177.44034,8.512786,8.512786
1287.9492,176.60045,8.50759,8.50759
1288.488,175.75809,8.502391,8.502391
1289.023,174.9133,8.497186,8.497186
1289.5541,174.06609,8.491976,8.491976
1290.0813,173.21646,8.486763,8.486763
1290.6046,172.36446,8.481544,8.481544
1291.1241,171.51009,8.47632,8.47632
1291.6398,170.65335,8.471093,8.471093
1292.1514,169.7943,8.46586,8.46586
1292.6592,168.93292,8.460625,8.460625
1293.1631,168.06924,8.455383,8.455383
1293.6631,167.20331,8.450138,8.450138
1294.159,166.3351,8.444888,8.444888
1294.6511,165.46465,8.439634,8.439634
1295.1393,164.59198,8.434376,8.434376
1295.6234,163.71712,8.429113,8.429113
1296.1036,162.84006,8.423846,8.423846
1296.58,161.96085,8.418575,8.418575
1297.0522,161.0795,8.4133005,8.4133005
1297.5205,160.19601,8.40802,8.40802
1297.9847,159.31044,8.402737,8.402737
1298.4451,158.42278,8.397449,8.397449
1298.9014,157.53305,8.392156,8.392156
1299.3536,156.64128,8.38686,8.38686
1299.802,155.7475,8.38156,8.38156
1300.2462,154.85172,8.376255,8.376255
1300.6865,153.95395,8.370948,8.370948
1301.1228,153.05423,8.365635,8.365635
1301.555,152.15256,8.360319,8.360319
1301.9833,151.249,8.355,8.355
1302.4075,150.34352,8.349674,8.349674
1302.8276,149.43617,8.344347,8.344347
1303.2438,148.52698,8.339015,8.339015
1303.6559,147.61595,8.333679,8.333679
1304.064,146.70311,8.32834,8.32834
1304.4681,145.78848,8.322996,8.322996
1304.8682,144.87209,8.317649,8.317649
1305.2642,143.95395,8.312299,8.312299
1305.6563,143.03409,8.306944,8.306944
1306.0442,142.11253,8.301585,8.301585
1306.4282,141.1893,8.296225,8.296225
1306.8082,140.26439,8.290858,8.290858
1307.1842,139.33786,8.285489,8.285489
1307.5562,138.40971,8.280116,8.280116
1307.9241,137.47997,8.27474,8.27474
1308.2881,136.54865,8.269361,8.269361
1308.6481,135.61578,8.263977,8.263977
1309.004,134.6814,8.25859,8.25859
1309.3561,133.7455,8.2532,8.2532
1309.7041,132.8081,8.247806,8.247806
1310.0482,131.86926,8.24241,8.24241
1310.3883,130.92899,8.237008,8.237008
1310.7245,129.98727,8.231605,8.231605
1311.0566,129.04416,8.226197,8.226197
1311.385,128.09969,8.220786,8.220786
1311.7094,127.15384,8.215373,8.215373
1312.0298,126.206665,8.209955,8.209955
1312.3463,125.25818,8.2045355,8.2045355
1312.6589,124.308395,8.199113,8.199113
1312.9677,123.357346,8.193685,8.193685
1313.2726,122.405045,8.188255,8.188255
1313.5736,121.451515,8.182822,8.182822
1313.8707,120.49677,8.177386,8.177386
1314.164,119.54084,8.1719475,8.1719475
1314.4535,118.58375,8.166504,8.166504
1314.7391,117.6255,8.161059,8.161059
1315.0209,116.66613,8.155611,8.155611
1315.299,115.70565,8.15016,8.15016
1315.5732,114.74409,8.144706,8.144706
1315.8438,113.781456,8.139248,8.139248
1316.1105,112.81778,8.133789,8.133789
1316.3734,111.85307,8.128325,8.128325
1316.6327,110.88736,8.122859,8.122859
1316.8883,109.920654,8.117391,8.117391
1317.1401,108.95299,8.111919,8.111919
1317.3883,107.98437,8.106446,8.106446
1317.6328,107.01481,8.100968,8.100968
1317.8737,106.04435,8.095489,8.095489
1318.111,105.07299,8.090006,8.090006
1318.3446,104.10075,8.08452,8.08452
1318.5746,103.12766,8.079034,8.079034
1318.801,102.15373,8.073543,8.073543
1319.0239,101.17898,8.06805,8.06805
1319.2433,100.20342,8.062554,8.062554
1319.4591,99.22708,8.057056,8.057056
1319.6715,98.24998,8.051556,8.051556
1319.8802,97.27212,8.046052,8.046052
1320.0857,96.29352,8.040547,8.040547
1320.2876,95.31421,8.035039,8.035039
1320.4861,94.3342,8.029529,8.029529
1320.6812,93.3535,8.024015,8.024015
1320.8729,92.37214,8.0185,8.0185
1321.0612,91.39012,8.012982,8.012982
1321.2462,90.40747,8.0074625,8.0074625
1321.4279,89.4242,8.001941,8.001941
1321.6062,88.44032,7.996416,7.996416
1321.7813,87.45586,7.990889,7.990889
1321.9531,86.47082,7.98536,7.98536
1322.1217,85.48522,7.9798293,7.9798293
1322.2871,84.49908,7.9742956,7.9742956
1322.4492,83.512405,7.968761,7.968761
1322.6083,82.52522,7.9632225,7.9632225
1322.764,81.53753,7.9576836,7.9576836
1322.9169,80.549355,7.952141,7.952141
1323.0664,79.5607,7.9465976,7.9465976
1323.213,78.57159,7.9410515,7.9410515
1323.3566,77.58202,7.935504,7.935504
1323.497,76.59203,7.9299536,7.9299536
1323.6345,75.601616,7.924402,7.924402
1323.7689,74.610794,7.9188485,7.9188485
1323.9005,73.61957,7.913293,7.913293
1324.0292,72.62797,7.9077353,7.9077353
1324.1549,71.63599,7.9021764,7.9021764
1324.2777,70.643654,7.896615,7.896615
1324.3977,69.65096,7.8910522,7.8910522
1324.5149,68.65794,7.8854876,7.8854876
1324.6292,67.66459,7.8799214,7.8799214
1324.7407,66.67092,7.8743534,7.8743534
1324.8496,65.676956,7.8687835,7.8687835
1324.9557,64.682686,7.863212,7.863212
1325.0592,63.68814,7.857639,7.857639
1325.1599,62.693317,7.852064,7.852064
1325.258,61.698235,7.846488,7.846488
1325.3535,60.702892,7.84091,7.84091
1325.4465,59.70731,7.835331,7.835331
1325.5369,58.71149,7.8297496,7.8297496
1325.6248,57.715446,7.8241677,7.8241677
1325.7101,56.719185,7.8185835,7.8185835
1325.793,55.722713,7.812999,7.812999
1325.8734,54.72604,7.807411,7.807411
1325.9514,53.72918,7.8018236,7.8018236
1326.0271,52.732132,7.7962337,7.7962337
1326.1003,51.73491,7.790643,7.790643
1326.1713,50.737522,7.785051,7.785051
1326.24,49.73997,7.7794576,7.7794576
1326.3064,48.742268,7.7738633,7.7738633
1326.3706,47.744415,7.768267,7.768267
1326.4326,46.746426,7.7626705,7.7626705
1326.4924,45.748306,7.7570715,7.7570715
1326.55,44.750057,7.751473,7.751473
1326.6056,43.75169,7.7458715,7.7458715
1326.659,42.753212,7.74027,7.74027
1326.7104,41.754623,7.7346673,7.7346673
1326.7599,40.75593,7.7290635,7.7290635
1326.8074,39.757145,7.7234592,7.7234592
1326.8529,38.75827,7.7178526,7.7178526
1326.8965,37.759308,7.7122464,7.7122464
1326.9381,36.760265,7.7066383,7.7066383
1326.978,35.761147,7.7010293,7.7010293
1327.016,34.76196,7.6954203,7.6954203
1327.0522,33.762707,7.6898093,7.6898093
1327.0868,32.76339,7.6841984,7.6841984
1327.1195,31.764015,7.6785855,7.6785855
1327.1506,30.764587,7.6729727,7.6729727
1327.18,29.76511,7.6673594,7.6673594
1327.208,28.765585,7.661744,7.661744
1327.2343,27.76602,7.6561294,7.6561294
1327.259,26.766415,7.650513,7.650513
1327.2823,25.766773,7.6448965,7.6448965
1327.3041,24.7671,7.6392794,7.6392794
1327.3245,23.767395,7.6336613,7.6336613
1327.3435,22.767664,7.6280427,7.6280427
1327.3612,21.767908,7.622424,7.622424
1327.3776,20.768131,7.616804,7.616804
1327.3926,19.768333,7.6111836,7.6111836
1327.4065,18.768517,7.6055636,7.6055636
1327.4192,17.768686,7.599942,7.599942
1327.4308,16.76884,7.5943203,7.5943203
1327.4413,15.768984,7.588699,7.588699
1327.4507,14.769116,7.583076,7.583076
1327.4591,13.769239,7.577453,7.577453
1327.4666,12.769356,7.5718303,7.5718303
1327.473,11.7694645,7.566207,7.566207
1327.4788,10.769569,7.5605826,7.5605826
1327.4836,9.76967,7.554959,7.554959
1327.4877,8.769766,7.5493345,7.5493345
1327.4911,7.7698593,7.54371,7.54371
1327.4938,6.769951,7.5380855,7.5380855
1327.4958,5.7700415,7.53246,7.53246
1327.4974,4.7701306,7.5268354,7.5268354
1327.4987,3.7702193,7.5212107,7.5212107
1327.4996,2.7703078,7.5155854,7.5155854
1327.5002,1.7703961,7.50996,7.50996
1327.5006,0.77048427,7.5043344,7.5043344
1327.5006,-0.22942768,7.498709,7.498709
1327.5005,-1.2293396,7.493084,7.493084
1327.5,-2.2292514,7.4874587,7.4874587
1327.4991,-3.2291632,7.4818335,7.4818335
1327.4982,-4.2290745,7.476208,7.476208
1327.4968,-5.2289853,7.4705834,7.4705834
1327.495,-6.2288957,7.464958,7.464958
1327.4926,-7.228805,7.4593334,7.4593334
1327.4896,-8.228712,7.4537086,7.4537086
1327.486,-9.228618,7.4480844,7.4480844
1327.4814,-10.228519,7.4424605,7.4424605
1327.4762,-11.228417,7.4368362,7.4368362
1327.4702,-12.228312,7.4312124,7.4312124
1327.4633,-13.228199,7.4255896,7.4255896
1327.4553,-14.22808,7.4199667,7.4199667
1327.4464,-15.227952,7.4143434,7.4143434
1327.4365,-16.227816,7.4087214,7.4087214
1327.4257,-17.227667,7.4031,7.4031
1327.4136,-18.227507,7.397478,7.397478
1327.4003,-19.22733,7.391857,7.391857
1327.3859,-20.227139,7.386237,7.386237
1327.3702,-21.226927,7.3806167,7.3806167
1327.3533,-22.226694,7.3749976,7.3749976
1327.335,-23.22644,7.369379,7.369379
1327.3153,-24.226158,7.36376,7.36376
1327.2943,-25.22585,7.358143,7.358143
1327.2719,-26.22551,7.352526,7.352526
1327.2478,-27.225134,7.346909,7.346909
1327.2224,-28.224722,7.341294,7.341294
1327.1954,-29.224268,7.335679,7.335679
1327.1667,-30.223772,7.3300643,7.3300643
1327.1366,-31.223227,7.3244514,7.3244514
1327.1047,-32.22263,7.3188386,7.3188386
1327.0712,-33.221977,7.3132267,7.3132267
1327.0359,-34.221268,7.307616,7.307616
1326.9988,-35.220493,7.3020053,7.3020053
1326.96,-36.219646,7.2963967,7.2963967
1326.9192,-37.21873,7.290788,7.290788
1326.8767,-38.21774,7.285181,7.285181
1326.8323,-39.21666,7.2795744,7.2795744
1326.7859,-40.215496,7.2739687,7.2739687
1326.7375,-41.21424,7.268365,7.268365
1326.6871,-42.212883,7.262761,7.262761
1326.6348,-43.211422,7.257159,7.257159
1326.5803,-44.20985,7.251558,7.251558
1326.5238,-45.208164,7.245958,7.245958
1326.4652,-46.206356,7.2403593,7.2403593
1326.4044,-47.20442,7.234761,7.234761
1326.3414,-48.202343,7.229165,7.229165
1326.2762,-49.200127,7.223569,7.223569
1326.2087,-50.19776,7.2179756,7.2179756
1326.139,-51.19524,7.2123823,7.2123823
1326.067,-52.192554,7.2067914,7.2067914
1325.9927,-53.189693,7.201201,7.201201
1325.9159,-54.186657,7.195612,7.195612
1325.8368,-55.183434,7.1900244,7.1900244
1325.7552,-56.180016,7.184438,7.184438
1325.6713,-57.17639,7.178854,7.178854
1325.5847,-58.172554,7.1732707,7.1732707
1325.4957,-59.168495,7.1676893,7.1676893
1325.4042,-60.164207,7.1621084,7.1621084
1325.31,-61.159683,7.1565304,7.1565304
1325.2134,-62.154907,7.1509523,7.1509523
1325.114,-63.14987,7.1453776,7.1453776
1325.0121,-64.14457,7.139803,7.139803
1324.9073,-65.13899,7.134231,7.134231
1324.8,-66.13312,7.1286597,7.1286597
1324.69,-67.12695,7.1230917,7.1230917
1324.577,-68.120476,7.1175237,7.1175237
1324.4614,-69.11368,7.1119585,7.1119585
1324.343,-70.106544,7.1063943,7.1063943
1324.2217,-71.099075,7.100833,7.100833
1324.0975,-72.09125,7.0952716,7.0952716
1323.9705,-73.08305,7.089714,7.089714
1323.8406,-74.074486,7.084157,7.084157
1323.7076,-75.06553,7.078603,7.078603
1323.5718,-76.05617,7.0730495,7.0730495
1323.4329,-77.04639,7.067499,7.067499
1323.291,-78.03619,7.0619497,7.0619497
1323.1461,-79.02554,7.0564036,7.0564036
1322.9982,-80.01444,7.050858,7.050858
1322.8472,-81.002884,7.0453157,7.0453157
1322.693,-81.99084,7.0397744,7.0397744
1322.5356,-82.9783,7.034236,7.034236
1322.3752,-83.965256,7.0286994,7.0286994
1322.2115,-84.95168,7.0231647,7.0231647
1322.0447,-85.93758,7.0176325,7.0176325
1321.8746,-86.92292,7.012102,7.012102
1321.7013,-87.9077,7.0065746,7.0065746
1321.5248,-88.89189,7.001048,7.001048
1321.3448,-89.875496,6.9955254,6.9955254
1321.1617,-90.85848,6.9900036,6.9900036
1320.9752,-91.84084,6.984485,6.984485
1320.7853,-92.82256,6.9789686,6.9789686
1320.592,-93.80362,6.9734545,6.9734545
1320.3954,-94.784004,6.9679427,6.9679427
1320.1953,-95.763695,6.962433,6.962433
1319.9918,-96.74268,6.956927,6.956927
1319.7849,-97.72094,6.9514213,6.9514213
1319.5745,-98.69846,6.94592,6.94592
1319.3606,-99.67522,6.94042,6.94042
1319.1431,-100.6512,6.9349236,6.9349236
1318.9221,-101.62639,6.929429,6.929429
1318.6976,-102.60077,6.9239373,6.9239373
1318.4695,-103.57432,6.9184484,6.9184484
1318.2378,-104.54701,6.912961,6.912961
1318.0026,-105.51885,6.907478,6.907478
1317.7637,-106.4898,6.901996,6.901996
1317.5211,-107.45985,6.896518,6.896518
1317.2749,-108.42898,6.891042,6.891042
1317.025,-109.39716,6.885569,6.885569
1316.7715,-110.364395,6.8801,6.8801
1316.5142,-111.33064,6.8746314,6.8746314
1316.2532,-112.2959,6.869168,6.869168
1315.9885,-113.26013,6.8637056,6.8637056
1315.7201,-114.223335,6.8582473,6.8582473
1315.4479,-115.18548,6.8527913,6.8527913
1315.1719,-116.146545,6.8473377,6.8473377
1314.8921,-117.10652,6.841889,6.841889
1314.6085,-118.06538,6.836441,6.836441
1314.321,-119.023094,6.8309975,6.8309975
1314.0299,-119.97966,6.8255568,6.8255568
1313.7349,-120.93504,6.8201184,6.8201184
1313.4359,-121.88924,6.8146844,6.8146844
1313.1332,-122.84221,6.8092523,6.8092523
1312.8265,-123.79394,6.8038244,6.8038244
1312.516,-124.74441,6.798399,6.798399
1312.2015,-125.693596,6.7929764,6.7929764
1311.8832,-126.64149,6.7875586,6.7875586
1311.561,-127.58805,6.782142,6.782142
1311.2349,-128.53326,6.77673,6.77673
1310.9048,-129.47713,6.7713213,6.7713213
1310.5707,-130.41959,6.765915,6.765915
1310.2327,-131.36066,6.7605133,6.7605133
1309.8907,-132.30028,6.755114,6.755114
1309.5449,-133.23845,6.749718,6.749718
1309.1951,-134.17516,6.7443266,6.7443266
1308.8412,-135.11037,6.738937,6.738937
1308.4834,-136.04407,6.7335525,6.7335525
1308.1216,-136.97623,6.7281704,6.7281704
1307.7557,-137.90681,6.722792,6.722792
1307.386,-138.83583,6.717418,6.717418
1307.0121,-139.76324,6.712046,6.712046
1306.6343,-140.68903,6.7066793,6.7066793
1306.2524,-141.61317,6.7013154,6.7013154
1305.8667,-142.53564,6.6959543,6.6959543
1305.4768,-143.45642,6.690599,6.690599
1305.083,-144.3755,6.6852455,6.6852455
1304.685,-145.29283,6.6798964,6.6798964
1304.2832,-146.20842,6.6745515,6.6745515
1303.8772,-147.12222,6.6692095,6.6692095
1303.4673,-148.03424,6.663872,6.663872
1303.0533,-148.94443,6.6585383,6.6585383
1302.6353,-149.85278,6.653207,6.653207
1302.2133,-150.75926,6.647882,6.647882
1301.7872,-151.66388,6.6425595,6.6425595
1301.3572,-152.56657,6.6372404,6.6372404
1300.9231,-153.46735,6.631927,6.631927
1300.485,-154.36618,6.626616,6.626616
1300.0428,-155.26303,6.6213093,6.6213093
1299.5968,-156.1579,6.6160073,6.6160073
1299.1466,-157.05077,6.610708,6.610708
1298.6925,-157.94159,6.605415,6.605415
1298.2344,-158.83038,6.600125,6.600125
1297.7722,-159.71709,6.5948377,6.5948377
1297.306,-160.6017,6.5895567,6.5895567
1296.8359,-161.4842,6.584279,6.584279
1296.3618,-162.36458,6.579005,6.579005
1295.8838,-163.24281,6.5737367,6.5737367
1295.4017,-164.11887,6.568471,6.568471
1294.9158,-164.99272,6.5632105,6.5632105
1294.4258,-165.86436,6.5579543,6.5579543
1293.9319,-166.7338,6.5527015,6.5527015
1293.4341,-167.60097,6.5474544,6.5474544
1292.9324,-168.46587,6.5422115,6.5422115
1292.4266,-169.32849,6.5369716,6.5369716
1291.9171,-170.1888,6.531738,6.531738
1291.4036,-171.0468,6.526508,6.526508
1290.8862,-171.90244,6.5212812,6.5212812
1290.365,-172.75574,6.5160613,6.5160613
1289.8398,-173.60664,6.5108447,6.5108447
1289.3108,-174.45517,6.5056324,6.5056324
1288.778,-175.30127,6.500426,6.500426
1288.2412,-176.14494,6.4952226,6.4952226
1287.7008,-176.98618,6.4900246,6.4900246
1287.1564,-177.82494,6.484832,6.484832
1286.6083,-178.66122,6.4796424,6.4796424
1286.0564,-179.49503,6.4744587,6.4744587
1285.5007,-180.3263,6.46928,6.46928
1284.9413,-181.15506,6.464104,6.464104
1284.378,-181.98126,6.4589353,6.4589353
1283.811,-182.80492,6.4537706,6.4537706
1283.2405,-183.62599,6.4486094,6.4486094
1282.666,-184.44449,6.4434557,6.4434557
1282.088,-185.26036,6.4383054,6.4383054
1281.5062,-186.07364,6.433159,6.433159
1280.9209,-186.88428,6.4280195,6.4280195
1280.3318,-187.69228,6.422884,6.422884
1279.7391,-188.4976,6.4177527,6.4177527
1279.1428,-189.30026,6.412628,6.412628
1278.543,-190.10025,6.4075074,6.4075074
1277.9396,-190.89752,6.402392,6.402392
1277.3325,-191.69211,6.3972826,6.3972826
1276.7219,-192.48395,6.3921766,6.3921766
1276.1078,-193.27307,6.387077,6.387077
1275.4902,-194.05943,6.3819823,6.3819823
1274.8691,-194.84305,6.3768916,6.3768916
1274.2445,-195.6239,6.3718085,6.3718085
1273.6165,-196.40196,6.3667293,6.3667293
1272.985,-197.17725,6.3616543,6.3616543
1272.3501,-197.94972,6.356587,6.356587
1271.7118,-198.71939,6.3515234,6.3515234
1271.0701,-199.48624,6.3464646,6.3464646
1270.425,-200.25026,6.3414135,6.3414135
1269.7766,-201.01143,6.3363657,6.3363657
1269.125,-201.76978,6.3313236,6.3313236
1268.4698,-202.52525,6.326288,6.326288
1267.8115,-203.27786,6.321257,6.321257
1267.15,-204.0276,6.3162317,6.3162317
1266.4851,-204.77448,6.3112125,6.3112125
1265.817,-205.51845,6.306197,6.306197
1265.1458,-206.25954,6.3011894,6.3011894
1264.4713,-206.99771,6.296187,6.296187
1263.7937,-207.73299,6.291188,6.291188
1263.1129,-208.46535,6.2861977,6.2861977
1262.429,-209.1948,6.2812114,6.2812114
1261.742,-209.92131,6.27623,6.27623
1261.0519,-210.64488,6.2712564,6.2712564
1260.3586,-211.36552,6.2662873,6.2662873
1259.6625,-212.08324,6.261324,6.261324
1258.9633,-212.79799,6.2563677,6.2563677
1258.261,-213.5098,6.251415,6.251415
1257.5557,-214.21864,6.24647,6.24647
1256.8475,-214.92453,6.2415304,6.2415304
1256.1364,-215.62746,6.236595,6.236595
1255.4224,-216.32742,6.231669,6.231669
1254.7053,-217.0244,6.2267466,6.2267466
1253.9855,-217.71841,6.2218294,6.2218294
1253.2628,-218.40945,6.216921,6.216921
1252.5374,-219.09752,6.2120166,6.2120166
1251.809,-219.78261,6.2071185,6.2071185
1251.0778,-220.46469,6.2022276,6.2022276
1250.3439,-221.14381,6.1973405,6.1973405
1249.6073,-221.81995,6.192462,6.192462
1248.8678,-222.49307,6.1875887,6.1875887
1248.1257,-223.16322,6.1827197,6.1827197
1247.381,-223.8304,6.1778607,6.1778607
1246.6335,-224.49457,6.1730056,6.1730056
1245.8834,-225.15575,6.168156,6.168156
1245.1306,-225.81393,6.1633153,6.1633153
1244.3754,-226.46915,6.1584783,6.1584783
1243.6174,-227.12135,6.1536493,6.1536493
1242.8569,-227.77057,6.1488266,6.1488266
1242.0939,-228.41681,6.1440077,6.1440077
1241.3284,-229.06006,6.1391993,6.1391993
1240.5603,-229.70032,6.134395,6.134395
1239.7898,-230.33759,6.1295967,6.1295967
1239.0168,-230.97188,6.124807,6.124807
1238.2413,-231.60318,6.1200213,6.1200213
1237.4635,-232.2315,6.115244,6.115244
1236.6833,-232.85686,6.1104727,6.1104727
1235.9006,-233.47922,6.105706,6.105706
1235.1157,-234.09862,6.10095,6.10095
1234.3284,-234.71504,6.0961976,6.0961976
1233.5388,-235.3285,6.0914526,6.0914526
1232.747,-235.939,6.086715,6.086715
1231.9528,-236.54652,6.081982,6.081982
1231.1563,-237.1511,6.0772586,6.0772586
1230.3575,-237.7527,6.0725408,6.0725408
1229.5568,-238.35136,6.067828,6.067828
1228.7537,-238.94708,6.0631256,6.0631256
1227.9484,-239.53986,6.0584264,6.0584264
1227.141,-240.12968,6.0537367,6.0537367
1226.3314,-240.71657,6.049053,6.049053
1225.5197,-241.30054,6.0443745,6.0443745
1224.7059,-241.88156,6.0397067,6.0397067
1223.8901,-242.45967,6.035043,6.035043
1223.0721,-243.03487,6.030387,6.030387
1222.2522,-243.60715,6.0257387,6.0257387
1221.4303,-244.17653,6.021095,6.021095
1220.6063,-244.743,6.016462,6.016462
1219.7803,-245.30656,6.011833,6.011833
1218.9524,-245.86725,6.0072126,6.0072126
1218.1226,-246.42505,6.0026,6.0026
1217.2908,-246.97997,5.9979916,5.9979916
1216.457,-247.532,5.993395,5.993395
1215.6215,-248.08118,5.988802,5.988802
1214.7839,-248.62749,5.9842176,5.9842176
1213.9446,-249.17094,5.979641,5.979641
1213.1034,-249.71155,5.9750686,5.9750686
1212.2604,-250.2493,5.970508,5.970508
1211.4156,-250.78423,5.9659514,5.9659514
1210.5691,-251.31631,5.961404,5.961404
1209.7207,-251.84557,5.956864,5.956864
1208.8706,-252.37202,5.9523287,5.9523287
1208.0188,-252.89566,5.947805,5.947805
1207.1652,-253.41649,5.9432855,5.9432855
1206.3099,-253.93452,5.9387755,5.9387755
1205.453,-254.44977,5.9342723,5.9342723
1204.5944,-254.96222,5.929775,5.929775
1203.7341,-255.47191,5.925289,5.925289
1202.8722,-255.97882,5.9208064,5.9208064
1202.0088,-256.48297,5.9163356,5.9163356
1201.1437,-256.98438,5.9118695,5.9118695
1200.277,-257.48303,5.9074116,5.9074116
1199.4087,-257.97894,5.9029627,5.9029627
1198.5388,-258.47214,5.898518,5.898518
1197.6675,-258.96262,5.8940864,5.8940864
1196.7946,-259.45035,5.8896585,5.8896585
1195.9202,-259.9354,5.8852406,5.8852406
1195.0443,-260.41772,5.8808293,5.8808293
1194.167,-260.89737,5.8764253,5.8764253
1193.2881,-261.37433,5.8720317,5.8720317
1192.4078,-261.84863,5.8676414,5.8676414
1191.5261,-262.32022,5.863265,5.863265
1190.6431,-262.78918,5.858892,5.858892
1189.7585,-263.2555,5.8545294,5.8545294
1188.8726,-263.71915,5.850174,5.850174
1187.9854,-264.18018,5.8458257,5.8458257
1187.0967,-264.63858,5.841488,5.841488
1186.2067,-265.09436,5.8371534,5.8371534
1185.3153,-265.54755,5.8328333,5.8328333
1184.4227,-265.9981,5.8285165,5.8285165
1183.5288,-266.44608,5.824211,5.824211
1182.6335,-266.89145,5.819912,5.819912
1181.7369,-267.33426,5.815621,5.815621
1180.8392,-267.7745,5.81134,5.81134
1179.9402,-268.2122,5.807063,5.807063
1179.0399,-268.64734,5.8028,5.8028
1178.1384,-269.07993,5.79854,5.79854
1177.2357,-269.50998,5.7942934,5.7942934
1176.3318,-269.9375,5.7900515,5.7900515
1175.4268,-270.36252,5.78582,5.78582
1174.5205,-270.785,5.781596,5.781596
1173.613,-271.20502,5.7773795,5.7773795
1172.7045,-271.62253,5.7731743,5.7731743
1171.7948,-272.03757,5.768973,5.768973
1170.8839,-272.4501,5.764786,5.764786
1169.9719,-272.8602,5.7606015,5.7606015
1169.059,-273.26782,5.756431,5.756431
1168.1448,-273.67303,5.752265,5.752265
1167.2296,-274.07578,5.748111,5.748111
1166.3132,-274.47607,5.7439632,5.7439632
1165.396,-274.874,5.739825,5.739825
1164.4775,-275.26947,5.735696,5.735696
1163.5582,-275.66254,5.731573,5.731573
1162.6377,-276.05322,5.727463,5.727463
1161.7163,-276.44153,5.7233562,5.7233562
1160.7938,-276.82745,5.7192645,5.7192645
1159.8705,-277.211,5.7151756,5.7151756
1158.946,-277.5922,5.7111015,5.7111015
1158.0206,-277.97104,5.7070313,5.7070313
1157.0944,-278.34756,5.702974,5.702974
1156.1671,-278.7217,5.698922,5.698922
1155.2389,-279.09357,5.6948814,5.6948814
1154.3098,-279.46307,5.690849,5.690849
1153.3798,-279.83032,5.6868253,5.6868253
1152.4487,-280.19522,5.6828117,5.6828117
1151.517,-280.55786,5.6788044,5.6788044
1150.5842,-280.9182,5.67481,5.67481
1149.6506,-281.27628,5.67082,5.67082
1148.7162,-281.6321,5.666845,5.666845
1147.7809,-281.98566,5.6628723,5.6628723
1146.8447,-282.33698,5.658916,5.658916
1145.9077,-282.68607,5.6549616,5.6549616
1144.9698,-283.0329,5.6510243,5.6510243
1144.0313,-283.37753,5.647089,5.647089
1143.0918,-283.71994,5.643169,5.643169
1142.1515,-284.06018,5.639253,5.639253
1141.2104,-284.3982,5.635351,5.635351
1140.2687,-284.73404,5.6314545,5.6314545
1139.326,-285.0677,5.6275706,5.6275706
1138.3827,-285.39917,5.623693,5.623693
1137.4386,-285.72852,5.6198273,5.6198273
1136.4937,-286.0557,5.6159697,5.6159697
1135.5481,-286.38074,5.612122,5.612122
1134.6017,-286.70364,5.6082835,5.6082835
1133.6547,-287.0244,5.604455,5.604455
1132.7069,-287.34308,5.600636,5.600636
1131.7584,-287.65964,5.5968256,5.5968256
1130.8092,-287.9741,5.5930266,5.5930266
1129.8594,-288.28644,5.5892353,5.5892353
1128.9088,-288.5967,5.5854554,5.5854554
1127.9576,-288.90494,5.581683,5.581683
1127.0057,-289.21106,5.5779233,5.5779233
1126.0531,-289.51514,5.57417,5.57417
1125.1,-289.81717,5.57043,5.57043
1124.1461,-290.1172,5.5666957,5.5666957
1123.1917,-290.41513,5.5629754,5.5629754
1122.2365,-290.71106,5.559261,5.559261
1121.2808,-291.00497,5.55556,5.55556
1120.3243,-291.2969,5.5518656,5.5518656
1119.3674,-291.58682,5.548185,5.548185
1118.4099,-291.87473,5.54451,5.54451
1117.4517,-292.16068,5.5408487,5.5408487
1116.4929,-292.44464,5.537194,5.537194
1115.5337,-292.72662,5.5335526,5.5335526
1114.5737,-293.00665,5.529918,5.529918
1113.6133,-293.28476,5.526297,5.526297
1112.6522,-293.5609,5.5226827,5.5226827
1111.6907,-293.8351,5.519081,5.519081
1110.7285,-294.1074,5.5154877,5.5154877
1109.7659,-294.37775,5.511906,5.511906
1108.8027,-294.6462,5.508333,5.508333
1107.839,-294.91278,5.5047717,5.5047717
1106.8748,-295.17743,5.5012197,5.5012197
1105.9099,-295.44022,5.4976783,5.4976783
1104.9447,-295.7011,5.4941473,5.4941473
1103.9789,-295.96014,5.490626,5.490626
1103.0126,-296.2173,5.4871163,5.4871163
1102.0459,-296.4726,5.4836144,5.4836144
1101.0786,-296.72607,5.4801264,5.4801264
1100.1108,-296.9777,5.4766445,5.4766445
1099.1427,-297.22748,5.4731784,5.4731784
1098.174,-297.47546,5.4697165,5.4697165
1097.2048,-297.72162,5.466272,5.466272
1096.2352,-297.96594,5.46283,5.46283
1095.2651,-298.2085,5.459408,5.459408
1094.2947,-298.44925,5.455985,5.455985
1093.3237,-298.68823,5.452585,5.452585
1092.3524,-298.9254,5.4491854,5.4491854
1091.3806,-299.16083,5.4458055,5.4458055
1090.4083,-299.3945,5.442428,5.442428
1089.4357,-299.6264,5.439068,5.439068
1088.4626,-299.85657,5.4357133,5.4357133
1087.4891,-300.085,5.432373,5.432373
1086.5153,-300.31168,5.4290414,5.4290414
1085.541,-300.53665,5.425721,5.425721
1084.5664,-300.7599,5.422413,5.422413
1083.5913,-300.9814,5.419112,5.419112
1082.6158,-301.20126,5.415827,5.415827
1081.64,-301.4194,5.4125466,5.4125466
1080.6638,-301.63586,5.4092846,5.4092846
1079.6873,-301.85062,5.406024,5.406024
1078.7103,-302.06372,5.402786,5.402786
1077.733,-302.27518,5.399548,5.399548
1076.7554,-302.48495,5.396331,5.396331
1075.7773,-302.69308,5.393117,5.393117
1074.799,-302.89957,5.3899193,5.3899193
1073.8203,-303.1044,5.3867297,5.3867297
1072.8412,-303.30765,5.383552,5.383552
1071.8618,-303.50925,5.380387,5.380387
1070.8821,-303.70923,5.3772287,5.3772287
1069.9021,-303.9076,5.374088,5.374088
1068.9218,-304.10437,5.3709493,5.3709493
1067.941,-304.29956,5.3678336,5.3678336
1066.9601,-304.49316,5.364718,5.364718
1065.9788,-304.68518,5.361624,5.361624
1064.9972,-304.8756,5.3585334,5.3585334
1064.0153,-305.06448,5.3554587,5.3554587
1063.0331,-305.25183,5.3523936,5.3523936
1062.0505,-305.4376,5.3493385,5.3493385
1061.0677,-305.62183,5.346299,5.346299
1060.0847,-305.8045,5.3432627,5.3432627
1059.1013,-305.98566,5.3402495,5.3402495
1058.1177,-306.1653,5.337236,5.337236
1057.1338,-306.3434,5.3342447,5.3342447
1056.1495,-306.52002,5.331258,5.331258
1055.165,-306.69513,5.3282857,5.3282857
1054.1804,-306.86874,5.325325,5.325325
1053.1954,-307.04086,5.322372,5.322372
1052.2101,-307.21152,5.319438,5.319438
1051.2246,-307.38068,5.316504,5.316504
1050.2389,-307.54837,5.3135962,5.3135962
1049.2529,-307.7146,5.310689,5.310689
1048.2666,-307.87936,5.307801,5.307801
1047.2802,-308.0427,5.3049207,5.3049207
1046.2935,-308.2046,5.302051,5.302051
1045.3065,-308.36502,5.2991986,5.2991986
1044.3193,-308.52405,5.296347,5.296347
1043.3319,-308.68164,5.2935224,5.2935224
1042.3442,-308.83783,5.2906976,5.2906976
1041.3564,-308.9926,5.2878923,5.2878923
1040.3683,-309.146,5.2850957,5.2850957
1039.38,-309.29794,5.282309,5.282309
1038.3915,-309.44855,5.2795405,5.2795405
1037.4028,-309.59775,5.2767715,5.2767715
1036.4138,-309.74557,5.2740316,5.2740316
1035.4247,-309.89203,5.2712913,5.2712913
1034.4354,-310.0371,5.2685695,5.2685695
1033.4459,-310.18085,5.265858,5.265858
1032.4562,-310.32324,5.263154,5.263154
1031.4662,-310.46426,5.260472,5.260472
1030.4762,-310.60397,5.2577896,5.2577896
1029.4858,-310.74234,5.255132,5.255132
1028.4954,-310.8794,5.2524796,5.2524796
1027.5048,-311.0151,5.24984,5.24984
1026.5139,-311.14954,5.2472167,5.2472167
1025.5228,-311.28265,5.244594,5.244594
1024.5316,-311.41446,5.242001,5.242001
1023.54034,-311.54495,5.2394085,5.2394085
1022.54877,-311.6742,5.236832,5.236832
1021.5571,-311.80215,5.23427,5.23427
1020.56525,-311.9288,5.231711,5.231711
1019.57324,-312.05423,5.229179,5.229179
1018.58105,-312.17834,5.2266474,5.2266474
1017.58875,-312.30124,5.2241354,5.2241354
1016.59625,-312.42288,5.221635,5.221635
1015.6036,-312.54327,5.219139,5.219139
1014.61084,-312.6624,5.21667,5.21667
1013.61786,-312.78036,5.214201,5.214201
1012.6248,-312.89706,5.2117524,5.2117524
1011.6316,-313.01254,5.209315,5.209315
1010.63824,-313.1268,5.206882,5.206882
1009.6447,-313.23987,5.204477,5.204477
1008.65106,-313.3517,5.202071,5.202071
1007.6573,-313.46237,5.199686,5.199686
1006.6634,-313.57187,5.197313,5.197313
1005.6694,-313.68015,5.1949425,5.1949425
1004.67523,-313.7873,5.192602,5.192602
1003.68097,-313.89322,5.1902623,5.1902623
1002.6865,-313.99802,5.187939,5.187939
1001.692,-314.10165,5.185632,5.185632
1000.6974,-314.20413,5.1833253,5.1833253
999.7026,-314.30545,5.18105,5.18105
998.7077,-314.40564,5.1787767,5.1787767
997.7127,-314.5047,5.176515,5.176515
996.7176,-314.60263,5.174276,5.174276
995.7224,-314.69943,5.172036,5.172036
994.72705,-314.79514,5.1698227,5.1698227
993.7316,-314.8897,5.1676173,5.1676173
992.73615,-314.9832,5.1654162,5.1654162
991.7405,-315.07556,5.163246,5.163246
990.74475,-315.16684,5.1610756,5.1610756
989.7489,-315.25705,5.158922,5.158922
988.753,-315.3462,5.156787,5.156787
987.75696,-315.43423,5.1546516,5.1546516
986.7608,-315.5212,5.1525455,5.1525455
985.76465,-315.60712,5.150446,5.150446
984.7683,-315.692,5.148351,5.148351
983.7719,-315.7758,5.146288,5.146288
982.77545,-315.85855,5.144224,5.144224
981.7789,-315.9403,5.1421766,5.1421766
980.7822,-316.021,5.1401496,5.1401496
979.78546,-316.10065,5.1381226,5.1381226
978.7887,-316.17932,5.1361217,5.1361217
977.7918,-316.25696,5.134132,5.134132
976.7948,-316.33356,5.1321416,5.1321416
975.7978,-316.40918,5.130188,5.130188
974.80066,-316.48383,5.1282353,5.1282353
973.80347,-316.55746,5.126291,5.126291
972.80615,-316.6301,5.124376,5.124376
971.80884,-316.70178,5.122461,5.122461
970.8114,-316.77246,5.120563,5.120563
969.81396,-316.8422,5.1186867,5.1186867
968.8164,-316.91095,5.11681,5.11681
967.8188,-316.97876,5.114958,5.114958
966.8211,-317.04562,5.1131206,5.1131206
965.82336,-317.11154,5.111283,5.111283
964.82556,-317.1765,5.109477,5.109477
963.8277,-317.24057,5.107679,5.107679
962.82983,-317.30368,5.1058807,5.1058807
961.83185,-317.36588,5.1041207,5.1041207
960.8338,-317.4272,5.1023626,5.1023626
959.8357,-317.48755,5.1006074,5.1006074
958.8376,-317.54703,5.09889,5.09889
957.83936,-317.6056,5.0971723,5.0971723
956.8411,-317.66327,5.0954614,5.0954614
955.84283,-317.72006,5.093785,5.093785
954.8445,-317.776,5.0921087,5.0921087
953.84607,-317.83105,5.090442,5.090442
952.84766,-317.88522,5.0888076,5.0888076
951.8492,-317.93854,5.087173,5.087173
950.85065,-317.991,5.08555,5.08555
949.85205,-318.0426,5.0839577,5.0839577
948.8534,-318.09338,5.0823655,5.0823655
947.85474,-318.1433,5.0807853,5.0807853
946.856,-318.1924,5.079236,5.079236
945.8573,-318.24066,5.0776873,5.0776873
944.8585,-318.28812,5.0761495,5.0761495
943.8597,-318.33475,5.074644,5.074644
942.86084,-318.38058,5.0731387,5.0731387
941.86194,-318.4256,5.0716424,5.0716424
940.863,-318.46985,5.0701814,5.0701814
939.864,-318.51328,5.068721,5.068721
938.86505,-318.55594,5.067265,5.067265
937.86597,-318.5978,5.0658493,5.0658493
936.86694,-318.63892,5.064434,5.064434
935.86786,-318.67926,5.063019,5.063019
934.8687,-318.71884,5.0616484,5.0616484
933.86957,-318.75766,5.060279,5.060279
932.87036,-318.79575,5.0589094,5.0589094
931.87115,-318.83307,5.057578,5.057578
930.8719,-318.8697,5.056256,5.056256
929.8726,-318.90555,5.054933,5.054933
928.87335,-318.9407,5.05364,5.05364
927.874,-318.97513,5.052365,5.052365
926.8747,-319.00885,5.0510902,5.0510902
925.8753,-319.04184,5.049833,5.049833
924.8759,-319.07416,5.048607,5.048607
923.8765,-319.10577,5.047381,5.047381
922.8771,-319.13672,5.046158,5.046158
921.8776,-319.16696,5.044982,5.044982
920.8782,-319.19656,5.0438056,5.0438056
919.87866,-319.22546,5.0426292,5.0426292
918.87915,-319.25372,5.041489,5.041489
917.87964,-319.2813,5.040364,5.040364
916.88007,-319.30826,5.0392385,5.0392385
915.8805,-319.33456,5.038129,5.038129
914.8809,-319.36023,5.0370555,5.0370555
913.8813,-319.38525,5.035982,5.035982
912.8817,-319.40967,5.0349083,5.0349083
911.8821,-319.43347,5.03388,5.03388
910.88245,-319.45667,5.03286,5.03286
909.88275,-319.47925,5.0318394,5.0318394
908.8831,-319.50122,5.0308366,5.0308366
907.8834,-319.5226,5.029871,5.029871
906.8837,-319.54343,5.028905,5.028905
905.88403,-319.56366,5.0279393,5.0279393
904.8843,-319.58334,5.0270143,5.0270143
903.8846,-319.60242,5.0261045,5.0261045
902.8848,-319.62097,5.0251946,5.0251946
901.8851,-319.63895,5.024288,5.024288
900.8853,-319.6564,5.023436,5.023436
899.88556,-319.6733,5.0225835,5.0225835
898.88574,-319.6897,5.0217314,5.0217314
897.886,-319.70554,5.0208974,5.0208974
896.88617,-319.7209,5.020104,5.020104
895.8864,-319.7357,5.019311,5.019311
894.8866,-319.75003,5.018518,5.018518
893.8868,-319.76385,5.017753,5.017753
892.88696,-319.7772,5.017021,5.017021
891.8871,-319.79004,5.016289,5.016289
890.88727,-319.80243,5.015558,5.015558
889.88745,-319.81433,5.014858,5.014858
888.8876,-319.8258,5.0141892,5.0141892
887.88776,-319.8368,5.013521,5.013521
886.8879,-319.84735,5.0128527,5.0128527
885.888,-319.85748,5.012212,5.012212
884.8882,-319.86716,5.0116096,5.0116096
883.8883,-319.87643,5.011008,5.011008
882.8884,-319.88528,5.0104055,5.0104055
881.88855,-319.89374,5.0098157,5.0098157
880.8887,-319.90176,5.0092826,5.0092826
879.8888,-319.90942,5.00875,5.00875
878.8889,-319.9167,5.008217,5.008217
877.889,-319.92358,5.007684,5.007684
876.8891,-319.9301,5.007207,5.007207
875.8892,-319.93628,5.006747,5.006747
874.88934,-319.94208,5.006287,5.006287
873.8894,-319.94754,5.005827,5.005827
872.8895,-319.9527,5.0053763,5.0053763
871.88965,-319.9575,5.0049944,5.0049944
870.8897,-319.96198,5.0046124,5.0046124
869.88983,-319.96616,5.0042305,5.0042305
868.8899,-319.97003,5.003848,5.003848
867.89,-319.97363,5.0034804,5.0034804
866.8901,-319.97693,5.003183,5.003183
865.8902,-319.97998,5.0028853,5.0028853
864.8903,-319.98276,5.0025883,5.0025883
863.8904,-319.98526,5.0022907,5.0022907
862.89044,-319.98755,5.001993,5.001993
861.89056,-319.9896,5.00177,5.00177
860.8906,-319.99142,5.0015674,5.0015674
859.89075,-319.993,5.001365,5.001365
858.8908,-319.99442,5.001163,5.001163
857.8909,-319.99564,5.000961,5.000961
856.891,-319.99667,5.0007586,5.0007586
855.8911,-319.99753,5.0006356,5.0006356
854.8912,-319.99823,5.00056,5.00056
853.8913,-319.99878,5.0004845,5.0004845
852.89136,-319.9992,5.0004086,5.0004086
851.8914,-319.9995,5.000333,5.000333
850.89154,-319.99973,5.000257,5.000257
849.8916,-319.99988,5.000181,5.000181
848.8917,-319.99997,5.0001054,5.0001054
847.8918,-320,5.0000296,5.0000296
846.8919,-320,5,5
845.89197,-320,5,5
844.8921,-320,5,5
843.89215,-320,5,5
842.8922,-320,5,5
841.89233,-320,5,5
840.8924,-319.99997,5,5
839.8925,-319.99997,5,5
838.8926,-319.99994,5,5
837.8927,-319.99988,5,5
836.89276,-319.99985,5,5
835.8929,-319.99976,5,5
834.89294,-319.99966,5,5
833.893,-319.99954,5,5
832.8931,-319.9994,5,5
831.8932,-319.99918,5,5
830.8933,-319.99893,5,5
829.8934,-319.99863,5,5
828.8935,-319.9983,5,5
827.89355,-319.99786,5,5
826.8937,-319.99734,5,5
825.89374,-319.99673,5,5
824.8938,-319.99606,5,5
823.8939,-319.99524,5,5
822.894,-319.99432,5,5
821.8941,-319.99326,5,5
820.89417,-319.99207,5,5
819.8943,-319.9907,5,5
818.89435,-319.98914,5,5
817.8945,-319.9874,5,5
816.89453,-319.98544,5,5
815.89465,-319.98328,5,5
814.8947,-319.98083,5,5
813.89484,-319.97815,5,5
812.8949,-319.9752,5,5
811.895,-319.97192,5,5
810.8951,-319.96832,5,5
809.8952,-319.96436,5,5
808.89526,-319.96002,5,5
807.8954,-319.95532,5,5
806.8955,-319.95016,5,5
805.89557,-319.94458,5,5
804.8957,-319.9385,5,5
803.8958,-319.93195,5,5
802.89594,-319.92487,5,5
801.89606,-319.91724,5,5
800.8962,-319.909,5,5
799.8963,-319.90015,5,5
798.8964,-319.8907,5,5
797.89655,-319.88052,5,5
796.8967,-319.86963,5,5
795.89685,-319.85803,5,5
794.89703,-319.84564,5,5
793.8972,-319.83246,5,5
792.8974,-319.81845,5,5
791.8976,-319.80356,5,5
790.8978,-319.78778,5,5
789.898,-319.77103,5,5
788.89825,-319.75333,5,5
787.89856,-319.73465,5,5
786.8988,-319.7149,5,5
785.8991,-319.6941,5,5
784.8995,-319.67215,5,5
783.8998,-319.6491,5,5
782.9002,-319.62488,5,5
781.9006,-319.59946,5,5
780.90106,-319.57278,5,5
779.90155,-319.54486,5,5
778.90204,-319.51566,5,5
777.9026,-319.4851,5,5
776.9032,-319.4532,5,5
775.9038,-319.41992,5,5
774.90454,-319.38522,5,5
773.9053,-319.3491,5,5
772.90607,-319.31152,5,5
771.9069,-319.27246,5,5
770.90784,-319.2319,5,5
769.9088,-319.18982,5,5
768.90985,-319.1462,5,5
767.91095,-319.10104,5,5
766.9121,-319.05432,5,5
765.9134,-319.006,5,5
764.91473,-318.95612,5,5
763.91614,-318.90463,5,5
762.9176,-318.85156,5,5
761.9192,-318.79688,5,5
760.9209,-318.7406,5,5
759.92267,-318.6827,5,5
758.9245,-318.62326,5,5
757.92645,-318.56223,5,5
756.9285,-318.4996,5,5
755.93066,-318.43542,5,5
754.9329,-318.36975,5,5
753.93524,-318.30252,5,5
752.9377,-318.23383,5,5
751.94025,-318.16367,5,5
750.94293,-318.0921,5,5
749.9457,-318.01913,5,5
748.94855,-317.9448,5,5
747.9515,-317.86917,5,5
746.9545,-317.79227,5,5
745.95764,-317.71414,5,5
744.9609,-317.63486,5,5
743.96423,-317.55447,5,5
742.96765,-317.47305,5,5
741.9711,-317.39066,5,5
740.9747,-317.30734,5,5
739.97833,-317.2232,5,5
738.982,-317.1383,5,5
737.9858,-317.0527,5,5
736.98956,-316.96652,5,5
735.99347,-316.87982,5,5
734.9973,-316.7927,5,5
734.0013,-316.70526,5,5
733.0052,-316.61758,5,5
732.00916,-316.52975,5,5
731.0131,-316.4419,5,5
730.017,-316.35413,5,5
729.021,-316.26654,5,5
728.0249,-316.17923,5,5
727.02875,-316.09235,5,5
726.0326,-316.00598,5,5
725.0364,-315.92026,5,5
724.04004,-315.8353,5,5
723.0437,-315.7512,5,5
722.04724,-315.66812,5,5
721.05066,-315.58615,5,5
720.054,-315.50543,5,5
719.05725,-315.4261,5,5
718.0604,-315.34824,5,5
717.0634,-315.272,5,5
716.0663,-315.1975,5,5
715.069,-315.12488,5,5
714.0716,-315.05423,5,5
713.07404,-314.9857,5,5
712.0763,-314.91937,5,5
711.0784,-314.8554,5,5
710.08044,-314.79388,5,5
709.0823,-314.7349,5,5
708.0839,-314.6786,5,5
707.08545,-314.62503,5,5
706.08685,-314.5743,5,5
705.0881,-314.52655,5,5
704.0892,-314.4818,5,5
703.0901,-314.44016,5,5
702.09094,-314.4017,5,5
701.0917,-314.36646,5,5
700.0922,-314.33447,5,5
699.0928,-314.30585,5,5
698.09314,-314.28055,5,5
697.0935,-314.25867,5,5
696.09375,-314.24017,5,5
695.09393,-314.22507,5,5
694.0941,-314.21338,5,5
693.09424,-314.20508,5,5
692.0943,-314.2001,5,5
691.0944,-314.19846,5,5
690.0945,-314.20007,5,5
689.0946,-314.20486,5,5
688.0947,-314.21274,5,5
687.09485,-314.22363,5,5
686.09503,-314.23746,5,5
685.0953,-314.25403,5,5
684.0956,-314.27325,5,5
683.0959,-314.29498,5,5
682.09625,-314.31903,5,5
681.0967,-314.34525,5,5
680.09717,-314.3734,5,5
679.0977,-314.40335,5,5
678.0983,-314.43494,5,5
677.09894,-314.46817,5,5
676.0996,-314.50308,5,5
675.1004,-314.53967,5,5
674.1012,-314.5779,5,5
673.1021,-314.61783,5,5
672.103,-314.65945,5,5
671.10406,-314.70276,5,5
670.10516,-314.74774,5,5
669.1064,-314.79446,5,5
668.1076,-314.84286,5,5
667.10895,-314.89294,5,5
666.1104,-314.94476,5,5
665.11194,-314.99826,5,5
664.1135,-315.05347,5,5
663.11523,-315.11038,5,5
662.11707,-315.169,5,5
661.11896,-315.22934,5,5
660.121,-315.29135,5,5
659.1231,-315.35504,5,5
658.1253,-315.42044,5,5
657.1277,-315.4875,5,5
656.1301,-315.55624,5,5
655.1327,-315.62665,5,5
654.1354,-315.6987,5,5
653.1382,-315.7724,5,5
652.1411,-315.84775,5,5
651.14417,-315.9247,5,5
650.14734,-316.0033,5,5
649.15063,-316.08347,5,5
648.1541,-316.16525,5,5
647.15765,-316.24857,5,5
646.1614,-316.33347,5,5
645.16516,-316.4199,5,5
644.1691,-316.50784,5,5
643.1732,-316.5973,5,5
642.1775,-316.68823,5,5
641.1818,-316.78064,5,5
640.18634,-316.87445,5,5
639.191,-316.96973,5,5
638.19574,-317.06635,5,5
637.2006,-317.16437,5,5
636.2057,-317.2637,5,5
635.2109,-317.36438,5,5
634.2162,-317.46634,5,5
633.22156,-317.56955,5,5
632.2272,-317.67398,5,5
631.23285,-317.7796,5,5
630.23865,-317.8864,5,5
629.24457,-317.99435,5,5
628.2506,-318.1034,5,5
627.2568,-318.2135,5,5
626.26306,-318.32462,5,5
625.2695,-318.43674,5,5
624.27594,-318.5498,5,5
623.2826,-318.6638,5,5
622.2893,-318.77866,5,5
621.2961,-318.89438,5,5
620.303,-319.01086,5,5
619.30994,-319.1281,5,5
618.317,-319.24606,5,5
617.32416,-319.36465,5,5
616.3314,-319.4839,5,5
615.3387,-319.6037,5,5
614.34607,-319.724,5,5
613.35345,-319.84482,5,5
612.3609,-319.96603,5,5
611.3684,-320.08762,5,5
610.376,-320.20953,5,5
609.38354,-320.33173,5,5
608.3912,-320.45413,5,5
607.3988,-320.57672,5,5
606.40643,-320.6994,5,5
605.41406,-320.82214,5,5
604.42175,-320.9449,5,5
603.4294,-321.06757,5,5
602.437,-321.19012,5,5
601.44464,-321.3125,5,5
600.4522,-321.43466,5,5
599.4597,-321.55652,5,5
598.4672,-321.67804,5,5
597.4747,-321.79913,5,5
596.48206,-321.91974,5,5
595.4894,-322.03983,5,5
594.49664,-322.1593,5,5
593.50385,-322.2781,5,5
592.5109,-322.39618,5,5
591.5179,-322.51346,5,5
590.5248,-322.62988,5,5
589.53156,-322.74536,5,5
588.5382,-322.85986,5,5
587.5448,-322.9733,5,5
586.5512,-323.0856,5,5
585.5575,-323.1967,5,5
584.5636,-323.30655,5,5
583.5696,-323.41504,5,5
582.57544,-323.52216,5,5
581.5811,-323.6278,5,5
580.5867,-323.7319,5,5
579.592,-323.83438,5,5
578.59717,-323.9352,5,5
577.6022,-324.03427,5,5
576.607,-324.13153,5,5
575.6117,-324.2269,5,5
574.61615,-324.3203,5,5
573.6204,-324.4117,5,5
572.6245,-324.50104,5,5
571.62836,-324.5882,5,5
570.6321,-324.67313,5,5
569.6356,-324.75574,5,5
568.6389,-324.83603,5,5
567.642,-324.91388,5,5
566.64496,-324.98923,5,5
565.6477,-325.06204,5,5
564.65027,-325.13223,5,5
563.65265,-325.1997,5,5
562.65485,-325.26447,5,5
561.6568,-325.32642,5,5
560.6586,-325.38547,5,5
559.66034,-325.44162,5,5
558.6618,-325.49475,5,5
557.66315,-325.54486,5,5
556.66437,-325.59192,5,5
555.6654,-325.6357,5,5
554.6663,-325.67584,5,5
553.66705,-325.71167,5,5
552.6676,-325.7424,5,5
551.668,-325.76733,5,5
550.6683,-325.7859,5,5
549.6684,-325.79745,5,5
548.6685,-325.80154,5,5
547.66864,-325.7976,5,5
546.66876,-325.78528,5,5
545.6691,-325.76416,5,5
544.6696,-325.734,5,5
543.67053,-325.69458,5,5
542.6718,-325.6457,5,5
541.6736,-325.58734,5,5
540.676,-325.51944,5,5
539.6791,-325.44208,5,5
538.6829,-325.3554,5,5
537.6876,-325.25958,5,5
536.69324,-325.1549,5,5
535.69977,-325.0417,5,5
534.7072,-324.9203,5,5
533.7157,-324.79117,5,5
532.7251,-324.6548,5,5
531.73553,-324.5117,5,5
530.7468,-324.36243,5,5
529.759,-324.20764,5,5
528.77185,-324.0479,5,5
527.7855,-323.88397,5,5
526.79974,-323.71643,5,5
525.81445,-323.54602,5,5
524.8295,-323.37347,5,5
523.84485,-323.19946,5,5
522.86035,-323.02475,5,5
521.8758,-322.85007,5,5
520.8911,-322.67612,5,5
519.9062,-322.50363,5,5
518.9209,-322.33328,5,5
517.9351,-322.16577,5,5
516.9488,-322.00174,5,5
515.96173,-321.84186,5,5
514.97394,-321.6867,5,5
513.9853,-321.53683,5,5
512.99585,-321.3928,5,5
512.00543,-321.25507,5,5
511.01416,-321.12405,5,5
510.02197,-321.00015,5,5
509.02887,-320.88364,5,5
508.03488,-320.7748,5,5
507.0401,-320.6738,5,5
506.04453,-320.58075,5,5
505.04825,-320.49567,5,5
504.0513,-320.41858,5,5
503.0538,-320.3493,5,5
502.0558,-320.2877,5,5
501.05734,-320.23352,5,5
500.05856,-320.18646,5,5
499.05945,-320.14615,5,5
498.06012,-320.11212,5,5
497.0606,-320.08392,5,5
496.06097,-320.061,5,5
495.06122,-320.04285,5,5
494.0614,-320.02887,5,5
493.06155,-320.0185,5,5
492.06165,-320.01108,5,5
491.06177,-320.0061,5,5
490.06186,-320.003,5,5
489.06195,-320.00122,5,5
488.06204,-320.0004,5,5
487.0621,-320.00006,5,5
486.0622,-320,5,5
485.0623,-320,5,5
484.06238,-320,5,5
483.06247,-320,5,5
482.06256,-320,5,5
481.06265,-320,5,5
480.06274,-320,5,5
479.06284,-320,5,5
478.0629,-320,5,5
477.063,-320,5,5
476.06308,-320,5,5
475.06317,-320,5,5
474.06326,-320,5,5
473.06335,-320,5,5
472.06345,-320,5,5
471.06354,-320,5,5
470.06363,-320,5,5
469.0637,-320,5,5
468.06378,-320,5,5
467.06387,-320,5,5
466.06396,-320,5,5
465.06406,-320,5,5
464.06415,-320,5,5
463.06424,-320,5,5
462.06433,-320,5,5
461.06442,-320,5,5
460.06448,-320,5,5
459.06458,-320,5,5
458.06467,-320,5,5
457.06476,-320,5,5
456.06485,-320,5,5
455.06494,-320,5,5
454.06503,-320,5,5
453.06512,-320,5,5
452.0652,-320,5,5
451.06528,-320,5,5
450.06537,-320,5,5
449.06546,-320,5,5
448.06555,-320,5,5
447.06564,-320,5,5
446.06573,-320,5,5
445.06583,-320,5,5
444.06592,-320,5,5
443.06598,-320,5,5
442.06607,-320,5,5
441.06616,-320,5,5
440.06625,-320,5,5
439.06635,-320,5,5
438.06644,-320,5,5
437.06653,-320,5,5
436.06662,-320,5,5
435.0667,-320,5,5
434.06677,-320,5,5
433.06686,-320,5,5
432.06696,-320,5,5
431.06705,-320,5,5
430.06714,-320,5,5
429.06723,-320,5,5
428.06732,-320,5,5
427.0674,-320,5,5
426.06747,-320,5,5
425.06757,-320,5,5
424.06766,-320,5,5
423.06775,-320,5,5
422.06784,-320,5,5
421.06793,-320,5,5
420.06802,-320,5,5
419.0681,-320,5,5
418.0682,-320,5,5
417.06827,-320,5,5
416.06836,-320,5,5
415.06845,-320,5,5
414.06854,-320,5,5
413.06863,-320,5,5
412.06873,-320,5,5
411.06882,-320,5,5
410.0689,-320,5,5
409.069,-320,5,5
408.06906,-320,5,5
407.06915,-320,5,5
406.06924,-320,5,5
405.06934,-320,5,5
404.06943,-320,5,5
403.06952,-320,5,5
402.0696,-320,5,5
401.0697,-320,5,5
400.0698,-320,5,5
399.06985,-320,5,5
398.06995,-320,5,5
397.07004,-320,5,5
396.07013,-320,5,5
395.07022,-320,5,5
394.0703,-320,5,5
393.0704,-320,5,5
392.0705,-320,5,5
391.07056,-320,5,5
390.07065,-320,5,5
389.07074,-320,5,5
388.07083,-320,5,5
387.07092,-320,5,5
386.071,-320,5,5
385.0711,-320,5,5
384.0712,-320,5,5
383.0713,-320,5,5
382.07135,-320,5,5
381.07144,-320,5,5
380.07153,-320,5,5
379.07162,-320,5,5
378.07172,-320,5,5
377.0718,-320,5,5
376.0719,-320,5,5
375.072,-320,5,5
374.07208,-320,5,5
373.07214,-320,5,5
372.07224,-320,5,5
371.07233,-320,5,5
370.07242,-320,5,5
369.0725,-320,5,5
368.0726,-320,5,5
367.0727,-320,5,5
366.07278,-320,5,5
365.07288,-320,5,5
364.07294,-320,5,5
363.07303,-320,5,5
362.07312,-320,5,5
361.0732,-320,5,5
360.0733,-320,5,5
359.0734,-320,5,5
358.0735,-320,5,5
357.07358,-320,5,5
356.07364,-320,5,5
355.07373,-320,5,5
354.07382,-320,5,5
353.0739,-320,5,5
352.074,-320,5,5
351.0741,-320,5,5
350.0742,-320,5,5
349.07428,-320,5,5
348.07437,-320,5,5
347.07443,-320,5,5
346.07452,-320,5,5
345.07462,-320,5,5
344.0747,-320,5,5
343.0748,-320,5,5
342.0749,-320,5,5
341.07498,-320,5,5
340.07507,-320,5,5
339.07516,-320,5,5
338.07523,-320,5,5
337.07532,-320,5,5
336.0754,-320,5,5
335.0755,-320,5,5
334.0756,-320,5,5
333.07568,-320,5,5
332.07578,-320,5,5
331.07587,-320,5,5
330.07593,-320,5,5
329.07602,-320,5,5
328.0761,-320,5,5
327.0762,-320,5,5
326.0763,-320,5,5
325.0764,-320,5,5
324.07648,-320,5,5
323.07657,-320,5,5
322.07666,-320,5,5
321.07672,-320,5,5
320.0768,-320,5,5
319.0769,-320,5,5
318.077,-320,5,5
317.0771,-320,5,5
316.07718,-320,5,5
315.07727,-320,5,5
314.07736,-320,5,5
313.07745,-320,5,5
312.0775,-320,5,5
311.0776,-320,5,5
310.0777,-320,5,5
309.0778,-320,5,5
308.07788,-320,5,5
307.07797,-320,5,5
306.07806,-320,5,5
305.07816,-320,5,5
304.07825,-320,5,5
303.0783,-320.00003,5,5
302.0784,-320,5,5
301.0785,-319.99973,5,5
300.07858,-319.99847,5,5
299.07867,-319.99518,5,5
298.0788,-319.98846,5,5
297.07895,-319.97662,5,5
296.07922,-319.9579,5,5
295.07968,-319.9304,5,5
294.0805,-319.89227,5,5
293.08188,-319.8417,5,5
292.08408,-319.77707,5,5
291.08737,-319.6969,5,5
290.0922,-319.60004,5,5
289.09888,-319.48557,5,5
288.1078,-319.35303,5,5
287.11932,-319.2022,5,5
286.1338,-319.03336,5,5
285.1514,-318.84705,5,5
284.1723,-318.64417,5,5
283.1965,-318.426,5,5
282.22388,-318.19403,5,5
281.25418,-317.95004,5,5
280.28708,-317.696,5,5
279.32208,-317.43414,5,5
278.35858,-317.16672,5,5
277.39597,-316.89618,5,5
276.4335,-316.6251,5,5
275.47046,-316.35608,5,5
274.5061,-316.09183,5,5
273.5397,-315.83508,5,5
272.57065,-315.5886,5,5
271.59842,-315.35507,5,5
270.62253,-315.1372,5,5
269.64276,-314.93753,5,5
268.65906,-314.75845,5,5
267.67148,-314.602,5,5
266.68036,-314.46994,5,5
265.68616,-314.36353,5,5
264.68945,-314.28357,5,5
263.691,-314.23013,5,5
262.6915,-314.20285,5,5
261.69162,-314.20038,5,5
260.69193,-314.221,5,5
259.69287,-314.26227,5,5
258.6947,-314.32117,5,5
257.69748,-314.394,5,5
256.70108,-314.4779,5,5
255.70563,-314.57208,5,5
254.71117,-314.6763,5,5
253.71777,-314.79037,5,5
252.72556,-314.91415,5,5
251.73456,-315.04736,5,5
250.74484,-315.18976,5,5
249.75645,-315.34106,5,5
248.76942,-315.50104,5,5
247.78378,-315.6693,5,5
246.79955,-315.84564,5,5
245.81671,-316.02966,5,5
244.83528,-316.221,5,5
243.85524,-316.41937,5,5
242.87657,-316.62436,5,5
241.89923,-316.83563,5,5
240.92319,-317.05276,5,5
239.94836,-317.2754,5,5
238.97473,-317.5031,5,5
238.00221,-317.7355,5,5
237.03072,-317.9722,5,5
236.06017,-318.21274,5,5
235.09047,-318.45673,5,5
234.12155,-318.7037,5,5
233.15329,-318.95328,5,5
232.18558,-319.20502,5,5
231.21832,-319.45847,5,5
230.2514,-319.7132,5,5
229.28468,-319.96872,5,5
228.31808,-320.22464,5,5
227.35146,-320.4805,5,5
226.38469,-320.73584,5,5
225.41768,-320.99017,5,5
224.45027,-321.24307,5,5
223.48238,-321.49408,5,5
222.51387,-321.74268,5,5
221.54463,-321.98846,5,5
220.57457,-322.23096,5,5
219.60356,-322.46964,5,5
218.63152,-322.7041,5,5
217.65836,-322.9338,5,5
216.68398,-323.15833,5,5
215.70831,-323.3772,5,5
214.7313,-323.5899,5,5
213.75285,-323.79602,5,5
212.77296,-323.99506,5,5
211.79156,-324.18655,5,5
210.80864,-324.3701,5,5
209.82417,-324.54514,5,5
208.83817,-324.71133,5,5
207.85065,-324.86823,5,5
206.86163,-325.0154,5,5
205.87115,-325.15247,5,5
204.87929,-325.27902,5,5
203.8861,-325.39465,5,5
202.89165,-325.49905,5,5
201.89607,-325.592,5,5
200.89944,-325.67276,5,5
199.90163,-325.7374,5,5
198.90271,-325.78146,5,5
197.90302,-325.80093,5,5
196.90318,-325.79227,5,5
195.90407,-325.7532,5,5
194.90672,-325.68207,5,5
193.91225,-325.57846,5,5
192.92163,-325.4427,5,5
191.93571,-325.27615,5,5
190.9551,-325.08087,5,5
189.98001,-324.8596,5,5
189.0104,-324.61533,5,5
188.04591,-324.3516,5,5
187.0859,-324.072,5,5
186.1295,-323.7802,5,5
185.1757,-323.48007,5,5
184.22337,-323.1753,5,5
183.27136,-322.86954,5,5
182.3185,-322.56644,5,5
181.36368,-322.26953,5,5
180.40594,-321.98218,5,5
179.44449,-321.7076,5,5
178.47867,-321.44882,5,5
177.50809,-321.2084,5,5
176.53262,-320.98874,5,5
175.55238,-320.79156,5,5
174.56764,-320.6181,5,5
173.57895,-320.46896,5,5
172.5869,-320.34402,5,5
171.59218,-320.24243,5,5
170.59546,-320.16275,5,5
169.59737,-320.10284,5,5
168.59837,-320.06012,5,5
167.59886,-320.03168,5,5
166.5991,-320.0144,5,5
165.59924,-320.00525,5,5
164.59933,-320.00128,5,5
163.59943,-320.00012,5,5
162.59952,-319.99994,5,5
161.59961,-320.00003,5,5
160.59969,-320.00003,5,5
159.59978,-320,5,5
158.59987,-320,5,5
157.59996,-320,5,5
156.60004,-320,5,5
155.60013,-320,5,5
154.60022,-320,5,5
153.60031,-320,5,5
152.6004,-320,5,5
151.60048,-320,5,5
150.60057,-320,5,5
149.60066,-320,5,5
148.60075,-320,5,5
147.60083,-320,5,5
146.60092,-320,5,5
145.60101,-320,5,5
144.6011,-320,5,5
143.60118,-320,5,5
142.60127,-320,5,5
141.60136,-320,5,5
140.60146,-320,5,5
139.60155,-320,5,5
138.60162,-320,5,5
137.60172,-320,5,5
136.6018,-320,5,5
135.6019,-320,5,5
134.60197,-320,5,5
133.60207,-320,5,5
132.60216,-320,5,5
131.60225,-320,5,5
130.60233,-320,5,5
129.60242,-320,5,5
128.60251,-320,5,5
127.6026,-320,5,5
126.602684,-320,5,5
125.602776,-320,5,5
124.60286,-320,5,5
123.60295,-320,5,5
122.603035,-320,5,5
121.60313,-320,5,5
120.60321,-320,5,5
119.6033,-320,5,5
118.603386,-320,5,5
117.60348,-320,5,5
116.60357,-320,5,5
115.60365,-320,5,5
114.603745,-320,5,5
113.60383,-320,5,5
112.60392,-320,5,5
111.604004,-320,5,5
110.604095,-320,5,5
109.60418,-320,5,5
108.60427,-320,5,5
107.604355,-320,5,5
106.60445,-320,5,5
105.60454,-320,5,5
104.60462,-320,5,5
103.60471,-320,5,5
102.6048,-320,5,5
101.60489,-320,5,5
100.60497,-320,5,5
99.605064,-320,5,5
98.60515,-320,5,5
97.60524,-320,5,5
96.60532,-320,5,5
95.605415,-320,5,5
94.6055,-320,5,5
93.60559,-320,5,5
92.60568,-320,5,5
91.60577,-320,5,5
90.60586,-320,5,5
89.60594,-320,5,5
88.60603,-320,5,5
87.60612,-320,5,5
86.60621,-320,5,5
85.60629,-320,5,5
84.606384,-320,5,5
83.60647,-320,5,5
82.60656,-320,5,5
81.60665,-320,5,5
80.606735,-320,5,5
79.60683,-320,5,5
78.60691,-320,5,5
77.607,-320,5,5
76.607086,-320,5,5
75.60718,-320,5,5
74.60726,-320,5,5
73.60735,-320,5,5
72.60744,-320,5,5
71.60753,-320,5,5
70.60761,-320,5,5
69.607704,-320,5,5
68.607796,-320,5,5
67.60788,-320,5,5
66.60797,-320,5,5
65.608055,-320,5,5
64.60815,-320,5,5
63.608234,-320,5,5
62.608322,-320,5,5
61.60841,-320,5,5
60.608498,-320,5,5
59.608585,-320,5,5
58.608673,-320,5,5
57.60876,-320,5,5
56.60885,-320,5,5
55.608936,-320,5,5
54.609024,-320,5,5
53.60911,-320,5,5
52.6092,-320,5,5
51.60929,-320,5,5
50.60938,-320,5,5
49.609467,-320,5,5
48.609554,-320,5,5
47.609642,-320,5,5
46.60973,-320,5,5
45.609818,-319.99997,5,5
44.609905,-319.99997,5,5
43.609993,-320.00006,5,5
42.61008,-320.00006,5,5
41.61017,-319.9992,5,5
40.610268,-319.9954,5,5
39.610413,-319.9848,5,5
38.610744,-319.96304,5,5
37.611572,-319.92496,5,5
36.61344,-319.8657,5,5
35.61719,-319.78055,5,5
34.623928,-319.66577,5,5
33.634945,-319.51868,5,5
32.651577,-319.33777,5,5
31.675003,-319.1232,5,5
30.706121,-318.87622,5,5
29.745302,-318.5995,5,5
28.792463,-318.2964,5,5
27.846882,-317.9713,5,5
26.907412,-317.62897,5,5
25.9724,-317.2746,5,5
25.039925,-316.91364,5,5
24.107796,-316.55173,5,5
23.173758,-316.19482,5,5
22.23556,-315.849,5,5
21.291136,-315.5206,5,5
20.338772,-315.21603,5,5
19.377241,-314.94183,5,5
18.406082,-314.70404,5,5
17.42559,-314.50833,5,5
16.437012,-314.35883,5,5
15.442281,-314.25818,5,5
14.44379,-314.2066,5,5
13.443971,-314.20218,5,5
12.44483,-314.23993,5,5
11.447577,-314.3123,5,5
10.452672,-314.412,5,5
9.460026,-314.5322,5,5
8.469648,-314.66986,5,5
7.481891,-314.82523,5,5
6.4970236,-314.99796,5,5
5.51518,-315.18713,5,5
4.536466,-315.39188,5,5
3.5609722,-315.61145,5,5
2.5887408,-315.84506,5,5
1.6197591,-316.09183,5,5
0.65397567,-316.3508,5,5
-0.30869877,-316.62112,5,5
-1.2683886,-316.90186,5,5
-2.225255,-317.19208,5,5
-3.179488,-317.49084,5,5
-4.1313066,-317.7972,5,5
-5.0809536,-318.11023,5,5
-6.0286937,-318.42902,5,5
-6.97481,-318.75256,5,5
-7.919602,-319.07996,5,5
-8.863381,-319.41028,5,5
-9.806471,-319.74255,5,5
-10.749198,-320.07584,5,5
-11.691898,-320.4092,5,5
-12.634907,-320.74173,5,5
-13.578559,-321.0724,5,5
-14.523185,-321.40027,5,5
-15.4691105,-321.72437,5,5
-16.416649,-322.04373,5,5
-17.366104,-322.35736,5,5
-18.317759,-322.66425,5,5
-19.271881,-322.96335,5,5
-20.22871,-323.2537,5,5
-21.188461,-323.5342,5,5
-22.151314,-323.8039,5,5
-23.117414,-324.06168,5,5
-24.086872,-324.30655,5,5
-25.05975,-324.53745,5,5
-26.036047,-324.75345,5,5
-27.015728,-324.95352,5,5
-27.998734,-325.13654,5,5
-28.984926,-325.3015,5,5
-29.973988,-325.44833,5,5
-30.965664,-325.57626,5,5
-31.959986,-325.6816,5,5
-32.956863,-325.7589,5,5
-33.955917,-325.79852,5,5
-34.9557,-325.79083,5,5
-35.95369,-325.7308,5,5
-36.946823,-325.6156,5,5
-37.932205,-325.4464,5,5
-38.907444,-325.22614,5,5
-39.87135,-324.96048,5,5
-40.823776,-324.6562,5,5
-41.7657,-324.32074,5,5
-42.69893,-323.96173,5,5
-43.625824,-323.58667,5,5
-44.549137,-323.20285,5,5
-45.471733,-322.81732,5,5
-46.396442,-322.4369,5,5
-47.32588,-322.06818,5,5
-48.262287,-321.71756,5,5
-49.207386,-321.39114,5,5
-50.162193,-321.09436,5,5
-51.12701,-320.832,5,5
-52.101265,-320.60724,5,5
-53.08383,-320.42212,5,5
-54.072975,-320.27618,5,5
-55.066917,-320.16757,5,5
-56.06393,-320.09192,5,5
-57.062664,-320.0439,5,5
-58.062202,-320.01706,5,5
-59.06203,-320.00467,5,5
-60.061935,-320.0006,5,5
-61.061848,-319.9998,5,5
-62.06176,-320.00003,5,5
-63.06167,-320.00006,5,5
-64.061584,-320,5,5
-65.06149,-319.99997,5,5
-66.06141,-320,5,5
-67.06132,-320,5,5
-68.06123,-320,5,5
-69.06114,-320,5,5
-70.06105,-320,5,5
-71.06097,-320,5,5
-72.060875,-320,5,5
-73.06079,-320,5,5
-74.0607,-320,5,5
-75.060616,-320,5,5
-76.060524,-320,5,5
-77.06044,-320,5,5
-78.06035,-320,5,5
-79.060265,-320,5,5
-80.06017,-320,5,5
-81.06008,-320,5,5
-82.06,-320,5,5
-83.059906,-320,5,5
-84.05982,-320,5,5
-85.05973,-320,5,5
-86.05965,-320,5,5
-87.059555,-320,5,5
-88.05947,-320,5,5
-89.05938,-320,5,5
-90.059296,-320,5,5
-91.059204,-320,5,5
-92.05912,-320,5,5
-93.05903,-320,5,5
-94.05894,-320,5,5
-95.05885,-320,5,5
-96.05876,-320,5,5
-97.05868,-320,5,5
-98.058586,-320,5,5
-99.0585,-320,5,5
-100.05841,-320,5,5
-101.05833,-320,5,5
-102.058235,-320,5,5
-103.05815,-320,5,5
-104.05806,-320,5,5
-105.05797,-320,5,5
-106.057884,-320,5,5
-107.05779,-320,5,5
-108.05771,-320,5,5
-109.05762,-320,5,5
-110.05753,-320,5,5
-111.05744,-320,5,5
-112.05736,-320,5,5
-113.05727,-320,5,5
-114.05718,-320,5,5
-115.05709,-320,5,5
-116.05701,-320,5,5
-117.056915,-320,5,5
-118.05682,-320,5,5
-119.05674,-320,5,5
-120.05665,-320,5,5
-121.056564,-320,5,5
-122.05647,-320,5,5
-123.05639,-320,5,5
-124.0563,-320,5,5
-125.05621,-320,5,5
-126.05612,-320,5,5
-127.05604,-320,5,5
-128.05595,-320,5,5
-129.05586,-320,5,5
-130.05577,-320,5,5
-131.05568,-320,5,5
-132.05559,-320,5,5
-133.05551,-320,5,5
-134.05542,-320,5,5
-135.05533,-320,5,5
-136.05524,-320,5,5
-137.05516,-320,5,5
-138.05507,-320,5,5
-139.05498,-320,5,5
-140.05489,-320,5,5
-141.0548,-320,5,5
-142.05472,-320,5,5
-143.05463,-320,5,5
-144.05453,-320,5,5
-145.05444,-320,5,5
-146.05437,-320,5,5
-147.05428,-320,5,5
-148.05418,-320,5,5
-149.0541,-320,5,5
-150.05402,-320,5,5
-151.05392,-320,5,5
-152.05383,-320,5,5
-153.05374,-320.00003,5,5
-154.05365,-320,5,5
-155.05357,-319.9999,5,5
-156.05348,-320.00006,5,5
-157.05339,-320.00024,5,5
-158.0533,-319.9989,5,5
-159.05319,-319.9926,5,5
-160.05292,-319.97382,5,5
-161.05202,-319.93405,5,5
-162.04944,-319.86423,5,5
-163.04341,-319.75604,5,5
-164.03152,-319.60355,5,5
-165.01097,-319.40274,5,5
-165.97931,-319.1538,5,5
-166.9346,-318.8587,5,5
-167.87637,-318.52292,5,5
-168.8052,-318.1528,5,5
-169.72305,-317.7561,5,5
-170.63272,-317.34103,5,5
-171.53784,-316.91608,5,5
-172.44243,-316.49,5,5
-173.35075,-316.07196,5,5
-174.26698,-315.6716,5,5
-175.19489,-315.29913,5,5
-176.1374,-314.9655,5,5
-177.09602,-314.6816,5,5
-178.07031,-314.45746,5,5
-179.05775,-314.30124,5,5
-180.05383,-314.21616,5,5
-181.05345,-314.20142,5,5
-182.05217,-314.2478,5,5
-183.04738,-314.3439,5,5
-184.03845,-314.4763,5,5
-185.02571,-314.6347,5,5
-186.00864,-314.81805,5,5
-186.98665,-315.02612,5,5
-187.95944,-315.25726,5,5
-188.92693,-315.50983,5,5
-189.88899,-315.78223,5,5
-190.84567,-316.07303,5,5
-191.79709,-316.38065,5,5
-192.74345,-316.70343,5,5
-193.68506,-317.03986,5,5
-194.6223,-317.38828,5,5
-195.55556,-317.74722,5,5
-196.48534,-318.1151,5,5
-197.41212,-318.49045,5,5
-198.33647,-318.87177,5,5
-199.25896,-319.25757,5,5
-200.18016,-319.64642,5,5
-201.1007,-320.03683,5,5
-202.02118,-320.4274,5,5
-202.94223,-320.81662,5,5
-203.86446,-321.20303,5,5
-204.78847,-321.58517,5,5
-205.71484,-321.96152,5,5
-206.64417,-322.33054,5,5
-207.57698,-322.69064,5,5
-208.51378,-323.04025,5,5
-209.45503,-323.3777,5,5
-210.40112,-323.70126,5,5
-211.35239,-324.0093,5,5
-212.3091,-324.30005,5,5
-213.27136,-324.57175,5,5
-214.23924,-324.82275,5,5
-215.21266,-325.05127,5,5
-216.19153,-325.25522,5,5
-217.17542,-325.43332,5,5
-218.16364,-325.5856,5,5
-219.15611,-325.70685,5,5
-220.15305,-325.7826,5,5
-221.15266,-325.79877,5,5
-222.15082,-325.74362,5,5
-223.14163,-325.61084,5,5
-224.11954,-325.40326,5,5
-225.08041,-325.12723,5,5
-226.02312,-324.7942,5,5
-226.94864,-324.41595,5,5
-227.86003,-324.0047,5,5
-228.76154,-323.57214,5,5
-229.65787,-323.12897,5,5
-230.55403,-322.68542,5,5
-231.45476,-322.25128,5,5
-232.36441,-321.83618,5,5
-233.28644,-321.44943,5,5
-234.22327,-321.10013,5,5
-235.17572,-320.79605,5,5
-236.14297,-320.5431,5,5
-237.12282,-320.34433,5,5
-238.1119,-320.19827,5,5
-239.10695,-320.10056,5,5
-240.1051,-320.04224,5,5
-241.10457,-320.01324,5,5
-242.10442,-320.00223,5,5
-243.10432,-319.9997,5,5
-244.10423,-320.0001,5,5
-245.10416,-320.00012,5,5
-246.10406,-319.99997,5,5
-247.10397,-319.99997,5,5
-248.10388,-320,5,5
-249.1038,-320,5,5
-250.10371,-320,5,5
-251.10362,-320,5,5
-252.10353,-320,5,5
-253.10344,-320,5,5
-254.10336,-320,5,5
-255.10327,-320,5,5
-256.10318,-320,5,5
-257.1031,-320,5,5
-258.103,-320,5,5
-259.1029,-320,5,5
-260.10284,-320,5,5
-261.10275,-320,5,5
-262.10266,-320,5,5
-263.10257,-320,5,5
-264.10248,-320,5,5
-265.1024,-320,5,5
-266.1023,-320,5,5
-267.1022,-320,5,5
-268.1021,-320,5,5
-269.10205,-320,5,5
-270.10196,-320,5,5
-271.10187,-320,5,5
-272.10178,-320,5,5
-273.10168,-320,5,5
-274.1016,-320,5,5
-275.1015,-320,5,5
-276.1014,-320,5,5
-277.10132,-320,5,5
-278.10126,-320,5,5
-279.10117,-320,5,5
-280.10107,-320,5,5
-281.10098,-320,5,5
-282.1009,-320,5,5
-283.1008,-320,5,5
-284.1007,-320,5,5
-285.10062,-320,5,5
-286.10056,-320,5,5
-287.10046,-320,5,5
-288.10037,-320,5,5
-289.10028,-320,5,5
-290.1002,-320,5,5
-291.1001,-320,5,5
-292.1,-320,5,5
-293.0999,-320,5,5
-294.09982,-320,5,5
-295.09976,-320,5,5
-296.09967,-320,5,5
-297.09958,-320,5,5
-298.0995,-320,5,5
-299.0994,-320,5,5
-300.0993,-320,5,5
-301.0992,-320,5,5
-302.09912,-320,5,5
-303.09903,-320,5,5
-304.09897,-320,5,5
-305.09888,-320,5,5
-306.0988,-320,5,5
-307.0987,-320,5,5
-308.0986,-320,5,5
-309.0985,-320,5,5
-310.09842,-320,5,5
-311.09833,-320,5,5
-312.09824,-320,5,5
-313.09818,-320,5,5
-314.09808,-320,5,5
-315.098,-320,5,5
-316.0979,-320,5,5
-317.0978,-320,5,5
-318.09772,-320,5,5
-319.09763,-320,5,5
-320.09753,-320,5,5
-321.09747,-320,5,5
-322.09738,-320,5,5
-323.0973,-320,5,5
-324.0972,-320,5,5
-325.0971,-319.99997,5,5
-326.09702,-319.9999,5,5
-327.09692,-319.99634,5,5
-328.09668,-319.9797,5,5
-329.0957,-319.93835,5,5
-330.0923,-319.85806,5,5
-331.0834,-319.72665,5,5
-332.06482,-319.536,5,5
-333.03183,-319.28232,5,5
-333.9812,-318.96884,5,5
-334.91104,-318.60144,5,5
-335.82245,-318.1903,5,5
-336.71826,-317.74615,5,5
-337.60306,-317.2804,5,5
-338.48242,-316.80444,5,5
-339.36267,-316.3301,5,5
-340.25018,-315.86954,5,5
-341.15125,-315.43625,5,5
-342.07144,-315.0453,5,5
-343.0141,-314.71237,5,5
-343.97968,-314.45367,5,5
-344.9645,-314.28256,5,5
-345.96097,-314.20428,5,5
-346.96054,-314.21667,5,5
-347.95676,-314.30093,5,5
-348.94708,-314.4384,5,5
-349.93103,-314.61603,5,5
-350.90884,-314.8249,5,5
-351.8798,-315.06375,5,5
-352.84302,-315.33197,5,5
-353.79837,-315.627,5,5
-354.74603,-315.94598,5,5
-355.68613,-316.28653,5,5
-356.61902,-316.6464,5,5
-357.5452,-317.02325,5,5
-358.46524,-317.41483,5,5
-359.37985,-317.81888,5,5
-360.28983,-318.23334,5,5
-361.19595,-318.65613,5,5
-362.09912,-319.0852,5,5
-363.0002,-319.51862,5,5
-363.90018,-319.9544,5,5
-364.7999,-320.39066,5,5
-365.70035,-320.8254,5,5
-366.60248,-321.25668,5,5
-367.50717,-321.68256,5,5
-368.41534,-322.10092,5,5
-369.32788,-322.50967,5,5
-370.24557,-322.9067,5,5
-371.16922,-323.2897,5,5
-372.09952,-323.65625,5,5
-373.037,-324.004,5,5
-373.98206,-324.3305,5,5
-374.93506,-324.63315,5,5
-375.89615,-324.9089,5,5
-376.8652,-325.1552,5,5
-377.8415,-325.3711,5,5
-378.82446,-325.55405,5,5
-379.8142,-325.69565,5,5
-380.81012,-325.7835,5,5
-381.80963,-325.7949,5,5
-382.80554,-325.70993,5,5
-383.78827,-325.52734,5,5
-384.74933,-325.2525,5,5
-385.68527,-324.90118,5,5
-386.59702,-324.49094,5,5
-387.48874,-324.03864,5,5
-388.36685,-323.56046,5,5
-389.23846,-323.07043,5,5
-390.1107,-322.58148,5,5
-390.99036,-322.10617,5,5
-391.88367,-321.657,5,5
-392.79532,-321.2465,5,5
-393.728,-320.88647,5,5
-394.68207,-320.58777,5,5
-395.6544,-320.35522,5,5
-396.64044,-320.19055,5,5
-397.63477,-320.086,5,5
-398.63303,-320.0299,5,5
-399.63266,-320.00656,5,5
-400.63254,-319.9998,5,5
-401.63245,-319.99988,5,5
-402.63235,-320.0003,5,5
-403.63226,-320.00003,5,5
-404.63217,-319.9999,5,5
-405.63208,-320,5,5
-406.63202,-320.00003,5,5
-407.63193,-320,5,5
-408.63184,-320,5,5
-409.63174,-320,5,5
-410.63165,-320,5,5
-411.63156,-320,5,5
-412.63147,-320,5,5
-413.63138,-320,5,5
-414.6313,-320,5,5
-415.63123,-320,5,5
-416.63113,-320,5,5
-417.63104,-320,5,5
-418.63095,-320,5,5
-419.63086,-320,5,5
-420.63077,-320,5,5
-421.63068,-320,5,5
-422.63058,-320,5,5
-423.63052,-320,5,5
-424.63043,-320,5,5
-425.63034,-320,5,5
-426.63025,-320,5,5
-427.63016,-320,5,5
-428.63007,-320,5,5
-429.62997,-320,5,5
-430.62988,-320,5,5
-431.6298,-320,5,5
-432.62973,-320,5,5
-433.62964,-320,5,5
-434.62955,-320,5,5
-435.62946,-320,5,5
-436.62936,-320,5,5
-437.62927,-320,5,5
-438.62918,-320,5,5
-439.6291,-320,5,5
-440.629,-320,5,5
-441.62894,-320,5,5
-442.62885,-320,5,5
-443.62875,-320,5,5
-444.62866,-320,5,5
-445.62857,-320,5,5
-446.62848,-320,5,5
-447.6284,-320,5,5
-448.6283,-320,5,5
-449.6282,-320,5,5
-450.62814,-320,5,5
-451.62805,-320,5,5
-452.62796,-320,5,5
-453.62787,-320,5,5
-454.62778,-320,5,5
-455.6277,-320,5,5
-456.6276,-320,5,5
-457.6275,-320,5,5
-458.62744,-320,5,5
-459.62735,-320,5,5
-460.62726,-320,5,5
-461.62717,-320,5,5
-462.62708,-320,5,5
-463.62698,-320,5,5
-464.6269,-320,5,5
-465.6268,-320,5,5
-466.6267,-320,5,5
-467.62665,-320,5,5
-468.62656,-319.99997,5,5
-469.62646,-320,5,5
-470.62637,-320.0001,5,5
-471.62628,-320.00003,5,5
-472.6262,-319.9997,5,5
-473.6261,-319.9999,5,5
-474.626,-320.00076,5,5
-475.62592,-319.99637,5,5
-476.62564,-319.9773,5,5
-477.6241,-319.92563,5,5
-478.6185,-319.82184,5,5
-479.60364,-319.6519,5,5
-480.57254,-319.40585,5,5
-481.5197,-319.086,5,5
-482.44162,-318.6993,5,5
-483.33896,-318.2584,5,5
-484.21582,-317.77795,5,5
-485.07837,-317.27222,5,5
-485.93433,-316.7553,5,5
-486.79218,-316.2416,5,5
-487.66083,-315.74643,5,5
-488.54855,-315.28644,5,5
-489.46283,-314.88214,5,5
-490.4077,-314.556,5,5
-491.3807,-314.3276,5,5
-492.3736,-314.2144,5,5
-493.3731,-314.21182,5,5
-494.36877,-314.30084,5,5
-495.35596,-314.45908,5,5
-496.33484,-314.6629,5,5
-497.30542,-314.903,5,5
-498.26627,-315.17963,5,5
-499.21658,-315.49042,5,5
-500.15665,-315.83112,5,5
-501.08673,-316.1981,5,5
-502.0074,-316.58823,5,5
-502.91922,-316.9985,5,5
-503.82315,-317.42593,5,5
-504.72025,-317.8676,5,5
-505.61154,-318.3208,5,5
-506.49826,-318.78293,5,5
-507.38156,-319.2515,5,5
-508.26276,-319.72406,5,5
-509.1431,-320.19824,5,5
-510.02383,-320.67166,5,5
-510.90628,-321.1419,5,5
-511.7917,-321.6065,5,5
-512.68134,-322.06302,5,5
-513.57635,-322.50873,5,5
-514.478,-322.94098,5,5
-515.3874,-323.35678,5,5
-516.3054,-323.753,5,5
-517.2329,-324.12656,5,5
-518.17035,-324.47418,5,5
-519.11835,-324.79208,5,5
-520.0772,-325.07562,5,5
-521.04614,-325.32224,5,5
-522.02374,-325.532,5,5
-523.0101,-325.69543,5,5
-524.00543,-325.78763,5,5
-525.00494,-325.78473,5,5
-525.99713,-325.6663,5,5
-526.9676,-325.42737,5,5
-527.90753,-325.08743,5,5
-528.8149,-324.66785,5,5
-529.6944,-324.1923,5,5
-530.55457,-323.6825,5,5
-531.40436,-323.15564,5,5
-532.2535,-322.62753,5,5
-533.111,-322.11337,5,5
-533.9853,-321.62827,5,5
-534.88275,-321.18762,5,5
-535.80725,-320.80737,5,5
-536.75885,-320.5011,5,5
-537.7324,-320.27423,5,5
-538.7212,-320.12692,5,5
-539.7176,-320.0449,5,5
-540.71686,-320.00983,5,5
-541.71674,-320.00073,5,5
-542.7166,-319.99942,5,5
-543.71655,-320.00003,5,5
-544.71643,-320.00018,5,5
-545.7164,-320,5,5
-546.71625,-319.99994,5,5
-547.7162,-320,5,5
-548.71606,-320,5,5
-549.716,-320,5,5
-550.71594,-320,5,5
-551.7158,-320,5,5
-552.71576,-320,5,5
-553.71564,-320,5,5
-554.7156,-320,5,5
-555.71545,-320,5,5
-556.7154,-320,5,5
-557.7153,-320,5,5
-558.7152,-320,5,5
-559.71515,-320,5,5
-560.715,-320,5,5
-561.71497,-320,5,5
-562.71484,-320,5,5
-563.7148,-320,5,5
-564.71466,-320,5,5
-565.7146,-320,5,5
-566.7145,-320,5,5
-567.7144,-320,5,5
-568.71436,-320,5,5
-569.71423,-320,5,5
-570.7142,-320,5,5
-571.71405,-320,5,5
-572.714,-320,5,5
-573.71387,-320,5,5
-574.7138,-320,5,5
-575.7137,-320,5,5
-576.7136,-320,5,5
-577.71356,-320,5,5
-578.71344,-320,5,5
-579.7134,-320,5,5
-580.71326,-320,5,5
-581.7132,-320,5,5
-582.7131,-320,5,5
-583.713,-320,5,5
-584.7129,-320,5,5
-585.7128,-320,5,5
-586.71277,-320,5,5
-587.71265,-320,5,5
-588.7126,-320,5,5
-589.71246,-320,5,5
-590.7124,-320,5,5
-591.7123,-320,5,5
-592.7122,-320,5,5
-593.7121,-320,5,5
-594.71204,-320,5,5
-595.712,-320,5,5
-596.71185,-320,5,5
-597.7118,-320,5,5
-598.7117,-320,5,5
-599.7116,-320,5,5
-600.7115,-320,5,5
-601.7114,-320,5,5
-602.71136,-319.99997,5,5
-603.71124,-320,5,5
-604.7112,-320.00006,5,5
-605.71106,-320,5,5
-606.711,-319.99976,5,5
-607.7109,-320.00006,5,5
-608.7108,-320.00076,5,5
-609.7107,-319.99847,5,5
-610.7105,-319.98468,5,5
-611.70917,-319.93652,5,5
-612.7032,-319.82993,5,5
-613.6857,-319.64584,5,5
-614.64703,-319.37198,5,5
-615.5804,-319.01407,5,5
-616.4822,-318.58258,5,5
-617.355,-318.09488,5,5
-618.20557,-317.56937,5,5
-619.04297,-317.02292,5,5
-619.87726,-316.47174,5,5
-620.7195,-315.93286,5,5
-621.5812,-315.4258,5,5
-622.4721,-314.97226,5,5
-623.3999,-314.60068,5,5
-624.3652,-314.3422,5,5
-625.3559,-314.2124,5,5
-626.3551,-314.2173,5,5
-627.3482,-314.3315,5,5
-628.33105,-314.51462,5,5
-629.3031,-314.74863,5,5
-630.26324,-315.0276,5,5
-631.2108,-315.3466,5,5
-632.14557,-315.70157,5,5
-633.0676,-316.0883,5,5
-633.9777,-316.50232,5,5
-634.87695,-316.9396,5,5
-635.7664,-317.3964,5,5
-636.64746,-317.86917,5,5
-637.5216,-318.35468,5,5
-638.3903,-318.84976,5,5
-639.25525,-319.35147,5,5
-640.118,-319.857,5,5
-640.9801,-320.3635,5,5
-641.8433,-320.8682,5,5
-642.70917,-321.3683,5,5
-643.57935,-321.86084,5,5
-644.45544,-322.34283,5,5
-645.339,-322.81097,5,5
-646.23145,-323.26178,5,5
-647.1342,-323.69168,5,5
-648.04834,-324.0968,5,5
-648.9749,-324.47263,5,5
-649.9148,-324.81363,5,5
-650.86786,-325.1158,5,5
-651.83276,-325.3778,5,5
-652.8092,-325.59268,5,5
-653.7978,-325.74118,5,5
-654.7956,-325.79883,5,5
-655.7923,-325.73047,5,5
-656.7684,-325.5169,5,5
-657.70935,-325.18024,5,5
-658.61005,-324.74677,5,5
-659.47546,-324.2462,5,5
-660.317,-323.70624,5,5
-661.1461,-323.14737,5,5
-661.9745,-322.58728,5,5
-662.8135,-322.0434,5,5
-663.6736,-321.53366,5,5
-664.5627,-321.07657,5,5
-665.48486,-320.69086,5,5
-666.4394,-320.39423,5,5
-667.4177,-320.1893,5,5
-668.4104,-320.07098,5,5
-669.40875,-320.01746,5,5
-670.4085,-320.00034,5,5
-671.4084,-319.9996,5,5
-672.4083,-320.0006,5,5
-673.4082,-320.0001,5,5
-674.40814,-319.99985,5,5
-675.4081,-319.99997,5,5
-676.40796,-320.00003,5,5
-677.4079,-320,5,5
-678.4078,-320,5,5
-679.4077,-320,5,5
-680.4076,-320,5,5
-681.40753,-320,5,5
-682.4074,-320,5,5
-683.40735,-320,5,5
-684.4073,-320,5,5
-685.40717,-320,5,5
-686.4071,-320,5,5
-687.407,-320,5,5
-688.4069,-320,5,5
-689.4068,-320,5,5
-690.40674,-320,5,5
-691.4066,-320,5,5
-692.40656,-320,5,5
-693.4065,-320,5,5
-694.4064,-320,5,5
-695.4063,-320,5,5
-696.4062,-320,5,5
-697.4061,-320,5,5
-698.406,-320,5,5
-699.40594,-320,5,5
-700.4059,-320,5,5
-701.40576,-320,5,5
-702.4057,-320,5,5
-703.4056,-320,5,5
-704.4055,-320,5,5
-705.4054,-320,5,5
-706.40533,-320,5,5
-707.4052,-320,5,5
-708.40515,-320,5,5
-709.4051,-320,5,5
-710.40497,-320,5,5
-711.4049,-320,5,5
-712.4048,-320,5,5
-713.4047,-320,5,5
-714.4046,-320,5,5
-715.40454,-320,5,5
-716.4044,-320,5,5
-717.40436,-320,5,5
-718.4043,-320,5,5
-719.4042,-320,5,5
-720.4041,-320,5,5
-721.404,-320,5,5
-722.40393,-320,5,5
-723.4038,-320,5,5
-724.40375,-320,5,5
-725.4036,-320,5,5
-726.40356,-319.99997,5,5
-727.4035,-320,5,5
-728.4034,-320.0001,5,5
-729.4033,-320.00006,5,5
-730.4032,-319.9996,5,5
-731.40314,-319.99982,5,5
-732.403,-320.00125,5,5
-733.40295,-319.99866,5,5
-734.4027,-319.98172,5,5
-735.4007,-319.92294,5,5
-736.3915,-319.79025,5,5
-737.36536,-319.56534,5,5
-738.30975,-319.2382,5,5
-739.21783,-318.82028,5,5
-740.08984,-318.33136,5,5
-740.93146,-317.79166,5,5
-741.7532,-317.222,5,5
-742.56744,-316.6416,5,5
-743.38696,-316.06873,5,5
-744.2245,-315.52264,5,5
-745.0947,-315.03076,5,5
-746.00867,-314.62628,5,5
-746.9663,-314.34137,5,5
-747.95624,-314.20914,5,5
-748.9552,-314.23148,5,5
-749.9458,-314.36572,5,5
-750.9226,-314.57843,5,5
-751.88495,-314.84955,5,5
-752.8333,-315.16617,5,5
-753.76654,-315.5249,5,5
-754.6841,-315.92218,5,5
-755.58685,-316.35205,5,5
-756.4763,-316.80875,5,5
-757.354,-317.2878,5,5
-758.2215,-317.78503,5,5
-759.0806,-318.29666,5,5
-759.9332,-318.81897,5,5
-760.78143,-319.34854,5,5
-761.627,-319.88214,5,5
-762.4721,-320.41666,5,5
-763.3186,-320.94888,5,5
-764.1685,-321.47565,5,5
-765.0238,-321.9936,5,5
-765.8865,-322.49915,5,5
-766.7584,-322.98856,5,5
-767.6414,-323.4576,5,5
-768.53723,-323.9019,5,5
-769.44727,-324.31604,5,5
-770.3726,-324.69467,5,5
-771.3137,-325.03238,5,5
-772.2702,-325.32336,5,5
-773.2416,-325.56006,5,5
-774.2264,-325.7319,5,5
-775.2232,-325.80154,5,5
-776.2184,-325.71738,5,5
-777.1877,-325.4754,5,5
-778.11316,-325.09872,5,5
-778.9905,-324.61972,5,5
-779.8304,-324.07727,5,5
-780.6476,-323.50122,5,5
-781.4555,-322.91205,5,5
-782.26794,-322.32916,5,5
-783.0984,-321.7724,5,5
-783.95844,-321.26266,5,5
-784.85547,-320.82162,5,5
-785.79193,-320.47244,5,5
-786.7613,-320.229,5,5
-787.75024,-320.08395,5,5
-788.7479,-320.01987,5,5
-789.7477,-320.00125,5,5
-790.74756,-319.99857,5,5
-791.7475,-320.0003,5,5
-792.7474,-320.00043,5,5
-793.7473,-319.9999,5,5
-794.7472,-319.99988,5,5
-795.74713,-320.00003,5,5
-796.747,-320.00003,5,5
-797.74695,-320,5,5
-798.7469,-320,5,5
-799.74677,-320,5,5
-800.7467,-320,5,5
-801.7466,-320,5,5
-802.7465,-320,5,5
-803.7464,-320,5,5
-804.74634,-320,5,5
-805.7462,-320,5,5
-806.74615,-320,5,5
-807.7461,-320,5,5
-808.746,-320,5,5
-809.7459,-320,5,5
-810.7458,-320,5,5
-811.7457,-320,5,5
-812.7456,-320,5,5
-813.74554,-320,5,5
-814.7454,-320,5,5
-815.74536,-320,5,5
-816.7453,-320,5,5
-817.7452,-320,5,5
-818.7451,-320,5,5
-819.745,-320,5,5
-820.74493,-320,5,5
-821.7448,-320,5,5
-822.74475,-320,5,5
-823.7446,-320,5,5
-824.74457,-320,5,5
-825.7445,-320,5,5
-826.7444,-320,5,5
-827.7443,-320,5,5
-828.7442,-320,5,5
-829.74414,-320,5,5
-830.744,-320,5,5
-831.74396,-320,5,5
-832.7439,-320,5,5
-833.7438,-320,5,5
-834.7437,-320,5,5
-835.7436,-320,5,5
-836.7435,-320,5,5
-837.7434,-320,5,5
-838.74335,-320,5,5
-839.7432,-320,5,5
-840.74316,-320,5,5
-841.7431,-320,5,5
-842.743,-320,5,5
-843.7429,-320,5,5
-844.7428,-320,5,5
-845.74274,-320,5,5
-846.7426,-320,5,5
-847.74255,-320,5.0000186,5.0000186
-848.74243,-319.99997,5.000094,5.000094
-849.7424,-319.99988,5.0001698,5.0001698
-850.7423,-319.99976,5.0002456,5.0002456
-851.7422,-319.99954,5.0003214,5.0003214
-852.7421,-319.99924,5.000397,5.000397
-853.742,-319.99884,5.000473,5.000473
-854.74194,-319.99832,5.000549,5.000549
-855.7418,-319.99765,5.0006247,5.0006247
-856.74176,-319.9968,5.0007286,5.0007286
-857.74164,-319.99582,5.000931,5.000931
-858.7416,-319.99463,5.001133,5.001133
-859.7415,-319.99326,5.001335,5.001335
-860.7414,-319.99167,5.0015373,5.0015373
-861.74133,-319.98987,5.0017395,5.0017395
-862.7412,-319.98785,5.001949,5.001949
-863.74115,-319.98563,5.0022464,5.0022464
-864.741,-319.98315,5.002544,5.002544
-865.74097,-319.9804,5.002841,5.002841
-866.74084,-319.97742,5.0031385,5.0031385
-867.7408,-319.97415,5.003436,5.003436
-868.74066,-319.9706,5.0037913,5.0037913
-869.74054,-319.96677,5.0041733,5.0041733
-870.7405,-319.96262,5.004555,5.004555
-871.74036,-319.9582,5.004937,5.004937
-872.7403,-319.95343,5.005319,5.005319
-873.7402,-319.94833,5.0057583,5.0057583
-874.74005,-319.94293,5.0062184,5.0062184
-875.74,-319.93716,5.006678,5.006678
-876.73987,-319.93106,5.0071383,5.0071383
-877.73975,-319.9246,5.0076046,5.0076046
-878.7396,-319.91776,5.008137,5.008137
-879.7395,-319.91052,5.0086703,5.0086703
-880.7394,-319.90292,5.0092034,5.0092034
-881.73926,-319.89496,5.009736,5.009736
-882.73914,-319.88657,5.0103154,5.0103154
-883.739,-319.87778,5.0109177,5.0109177
-884.7389,-319.86856,5.01152,5.01152
-885.7388,-319.85895,5.012122,5.012122
-886.73865,-319.8489,5.012753,5.012753
-887.73846,-319.8384,5.013421,5.013421
-888.73834,-319.82745,5.0140896,5.0140896
-889.7382,-319.81607,5.0147576,5.0147576
-890.73804,-319.80423,5.0154486,5.0154486
-891.73785,-319.79193,5.01618,5.01618
-892.7377,-319.77914,5.016912,5.016912
-893.73755,-319.76587,5.017644,5.017644
-894.73737,-319.7521,5.0183997,5.0183997
-895.7371,-319.73785,5.0191927,5.0191927
-896.73694,-319.7231,5.0199857,5.0199857
-897.73676,-319.70786,5.0207787,5.0207787
-898.7365,-319.69208,5.021604,5.021604
-899.7363,-319.67578,5.022456,5.022456
-900.7361,-319.65897,5.0233088,5.0233088
-901.73584,-319.6416,5.0241613,5.0241613
-902.7356,-319.6237,5.0250587,5.0250587
-903.73535,-319.60522,5.0259686,5.0259686
-904.73505,-319.5862,5.0268784,5.0268784
-905.7348,-319.56665,5.027795,5.027795
-906.7345,-319.54648,5.028761,5.028761
-907.7342,-319.52576,5.029727,5.029727
-908.7339,-319.50446,5.0306926,5.0306926
-909.7336,-319.48257,5.0316873,5.0316873
-910.7332,-319.46008,5.032707,5.032707
-911.73285,-319.43698,5.0337276,5.0337276
-912.7325,-319.41327,5.034748,5.034748
-913.7321,-319.38895,5.0358214,5.0358214
-914.7317,-319.364,5.0368953,5.0368953
-915.73126,-319.33844,5.0379686,5.0379686
-916.73083,-319.31223,5.03907,5.03907
-917.7304,-319.28537,5.040196,5.040196
-918.7299,-319.25787,5.0413213,5.0413213
-919.72943,-319.22974,5.042454,5.042454
-920.72894,-319.2009,5.04363,5.04363
-921.72845,-319.17142,5.044806,5.044806
-922.7279,-319.14127,5.0459824,5.0459824
-923.72736,-319.11044,5.0471983,5.0471983
-924.72675,-319.07892,5.0484242,5.0484242
-925.72614,-319.04672,5.0496497,5.0496497
-926.7255,-319.01382,5.0509,5.0509
-927.72485,-318.9802,5.0521746,5.0521746
-928.7242,-318.94586,5.0534496,5.0534496
-929.72345,-318.91083,5.0547357,5.0547357
-930.7227,-318.87506,5.0560584,5.0560584
-931.722,-318.8386,5.0573807,5.0573807
-932.7212,-318.80136,5.0587053,5.0587053
-933.7204,-318.7634,5.0600743,5.0600743
-934.71954,-318.72467,5.061444,5.061444
-935.7187,-318.6852,5.0628133,5.0628133
-936.7178,-318.645,5.064223,5.064223
-937.71686,-318.604,5.065638,5.065638
-938.7159,-318.56223,5.067054,5.067054
-939.7149,-318.51968,5.068503,5.068503
-940.71387,-318.47638,5.0699635,5.0699635
-941.7128,-318.43225,5.0714245,5.0714245
-942.71173,-318.38736,5.072914,5.072914
-943.7106,-318.34164,5.0744195,5.0744195
-944.7094,-318.29514,5.0759244,5.0759244
-945.7082,-318.2478,5.077456,5.077456
-946.707,-318.19965,5.0790052,5.0790052
-947.7057,-318.1507,5.080554,5.080554
-948.70435,-318.1009,5.082128,5.082128
-949.703,-318.05023,5.0837197,5.0837197
-950.70154,-317.99875,5.085312,5.085312
-951.70013,-317.9464,5.086929,5.086929
-952.6986,-317.89322,5.0885634,5.0885634
-953.6971,-317.83917,5.090198,5.090198
-954.69543,-317.78427,5.0918584,5.0918584
-955.6938,-317.7285,5.093535,5.093535
-956.69214,-317.6718,5.095211,5.095211
-957.69037,-317.61426,5.0969157,5.0969157
-958.6886,-317.55582,5.0986333,5.0986333
-959.6867,-317.4965,5.100351,5.100351
-960.6848,-317.43625,5.1021,5.1021
-961.68286,-317.3751,5.103858,5.103858
-962.68085,-317.31302,5.105616,5.105616
-963.6788,-317.25006,5.1074104,5.1074104
-964.67664,-317.18616,5.1092086,5.1092086
-965.67444,-317.1213,5.1110086,5.1110086
-966.6722,-317.05554,5.1128464,5.1128464
-967.66986,-316.9888,5.1146836,5.1146836
-968.6675,-316.92114,5.11653,5.11653
-969.66504,-316.8525,5.1184063,5.1184063
-970.66254,-316.78293,5.1202826,5.1202826
-971.66,-316.71237,5.122175,5.122175
-972.6573,-316.64087,5.12409,5.12409
-973.6546,-316.56836,5.1260047,5.1260047
-974.6518,-316.49487,5.127944,5.127944
-975.6489,-316.42038,5.1298966,5.1298966
-976.646,-316.3449,5.1318493,5.1318493
-977.64294,-316.26843,5.133835,5.133835
-978.6399,-316.19095,5.1358247,5.1358247
-979.6367,-316.11246,5.13782,5.13782
-980.6334,-316.03296,5.139847,5.139847
-981.6301,-315.9524,5.141874,5.141874
-982.6267,-315.87082,5.143916,5.143916
-983.62317,-315.7882,5.14598,5.14598
-984.61957,-315.70456,5.148043,5.148043
-985.6159,-315.61987,5.1501327,5.1501327
-986.6121,-315.5341,5.152232,5.152232
-987.6083,-315.44727,5.154333,5.154333
-988.6043,-315.35938,5.1564684,5.1564684
-989.6003,-315.27042,5.1586037,5.1586037
-990.5961,-315.1804,5.160752,5.160752
-991.59186,-315.08926,5.162922,5.162922
-992.5875,-314.99704,5.1650925,5.1650925
-993.58307,-314.90372,5.1672883,5.1672883
-994.5785,-314.80933,5.169493,5.169493
-995.57385,-314.71378,5.171702,5.171702
-996.5691,-314.61716,5.1739416,5.1739416
-997.5642,-314.51938,5.176181,5.176181
-998.5592,-314.4205,5.178437,5.178437
-999.5541,-314.32047,5.180711,5.180711
-1000.5489,-314.21933,5.182984,5.182984
-1001.5435,-314.117,5.185288,5.185288
-1002.5381,-314.01355,5.187595,5.187595
-1003.53253,-313.90894,5.189913,5.189913
-1004.5268,-313.80316,5.192253,5.192253
-1005.521,-313.69623,5.194593,5.194593
-1006.515,-313.5881,5.1969585,5.1969585
-1007.509,-313.4788,5.1993318,5.1993318
-1008.50275,-313.36832,5.201712,5.201712
-1009.4964,-313.25662,5.204118,5.204118
-1010.4899,-313.14374,5.206523,5.206523
-1011.48334,-313.02966,5.208951,5.208951
-1012.47656,-312.91437,5.2113886,5.2113886
-1013.46967,-312.79785,5.2138324,5.2138324
-1014.4626,-312.6801,5.2163014,5.2163014
-1015.45544,-312.56113,5.2187705,5.2187705
-1016.44806,-312.44092,5.2212615,5.2212615
-1017.4406,-312.3195,5.223762,5.223762
-1018.4329,-312.19678,5.2262697,5.2262697
-1019.4251,-312.0728,5.2288013,5.2288013
-1020.4172,-311.9476,5.231333,5.231333
-1021.40906,-311.82114,5.2338877,5.2338877
-1022.40076,-311.69336,5.2364497,5.2364497
-1023.39233,-311.56433,5.2390213,5.2390213
-1024.3837,-311.43402,5.241614,5.241614
-1025.3749,-311.3024,5.244207,5.244207
-1026.366,-311.1695,5.246825,5.246825
-1027.3568,-311.03528,5.2494483,5.2494483
-1028.3475,-310.89975,5.252084,5.252084
-1029.338,-310.76288,5.2547364,5.2547364
-1030.3284,-310.62473,5.2573895,5.2573895
-1031.3185,-310.4852,5.2600713,5.2600713
-1032.3083,-310.34436,5.2627535,5.2627535
-1033.2982,-310.20218,5.2654533,5.2654533
-1034.2877,-310.05865,5.2681646,5.2681646
-1035.2771,-309.91376,5.2708826,5.2708826
-1036.2662,-309.76752,5.2736225,5.2736225
-1037.2551,-309.6199,5.2763624,5.2763624
-1038.2439,-309.4709,5.279127,5.279127
-1039.2324,-309.32053,5.2818956,5.2818956
-1040.2208,-309.16876,5.284678,5.284678
-1041.2089,-309.0156,5.287475,5.287475
-1042.1968,-308.86102,5.2902756,5.2902756
-1043.1844,-308.70505,5.293101,5.293101
-1044.1719,-308.54767,5.2959256,5.2959256
-1045.1592,-308.38885,5.298773,5.298773
-1046.1461,-308.22864,5.3016253,5.3016253
-1047.1329,-308.06696,5.304491,5.304491
-1048.1194,-307.90384,5.307371,5.307371
-1049.1057,-307.7393,5.310255,5.310255
-1050.0917,-307.57327,5.3131623,5.3131623
-1051.0775,-307.4058,5.3160696,5.3160696
-1052.063,-307.23685,5.319,5.319
-1053.0483,-307.06644,5.321934,5.321934
-1054.0333,-306.89453,5.324883,5.324883
-1055.0181,-306.72116,5.3278437,5.3278437
-1056.0026,-306.54626,5.3308115,5.3308115
-1056.9868,-306.36987,5.333799,5.333799
-1057.9708,-306.192,5.3367863,5.3367863
-1058.9545,-306.01257,5.3397994,5.3397994
-1059.9379,-305.83163,5.342813,5.342813
-1060.921,-305.64917,5.345845,5.345845
-1061.9038,-305.46518,5.3488846,5.3488846
-1062.8864,-305.27963,5.3519363,5.3519363
-1063.8687,-305.09256,5.3550014,5.3550014
-1064.8506,-304.9039,5.3580723,5.3580723
-1065.8323,-304.71368,5.3611627,5.3611627
-1066.8136,-304.5219,5.364253,5.364253
-1067.7947,-304.32855,5.3673687,5.3673687
-1068.7754,-304.1336,5.3704844,5.3704844
-1069.7557,-303.93707,5.373619,5.373619
-1070.7358,-303.73892,5.3767595,5.3767595
-1071.7156,-303.53918,5.3799143,5.3799143
-1072.6951,-303.33783,5.3830795,5.3830795
-1073.6742,-303.13486,5.3862534,5.3862534
-1074.653,-302.93024,5.3894434,5.3894434
-1075.6313,-302.724,5.3926373,5.3926373
-1076.6094,-302.5161,5.395851,5.395851
-1077.587,-302.30658,5.399065,5.399065
-1078.5645,-302.0954,5.4023027,5.4023027
-1079.5414,-301.88254,5.4055405,5.4055405
-1080.5181,-301.66803,5.4087977,5.4087977
-1081.4943,-301.4518,5.41206,5.41206
-1082.4702,-301.23392,5.4153366,5.4153366
-1083.4457,-301.01434,5.418622,5.418622
-1084.4208,-300.79306,5.421919,5.421919
-1085.3955,-300.57007,5.4252276,5.4252276
-1086.3699,-300.34537,5.428544,5.428544
-1087.3439,-300.11893,5.4318757,5.4318757
-1088.3174,-299.89078,5.4352126,5.4352126
-1089.2905,-299.66086,5.438567,5.438567
-1090.2632,-299.42923,5.4419236,5.4419236
-1091.2355,-299.19583,5.445301,5.445301
-1092.2074,-298.96066,5.448679,5.448679
-1093.1788,-298.72375,5.452078,5.452078
-1094.1498,-298.48505,5.4554777,5.4554777
-1095.1204,-298.24454,5.4588966,5.4588966
-1096.0905,-298.00226,5.462319,5.462319
-1097.0602,-297.7582,5.465758,5.465758
-1098.0293,-297.5123,5.469202,5.469202
-1098.998,-297.26462,5.472661,5.472661
-1099.9663,-297.0151,5.476127,5.476127
-1100.9342,-296.76373,5.4796057,5.4796057
-1101.9015,-296.51056,5.4830937,5.4830937
-1102.8683,-296.25552,5.4865923,5.4865923
-1103.8347,-295.99863,5.490102,5.490102
-1104.8005,-295.7399,5.4936204,5.4936204
-1105.7659,-295.47928,5.4971514,5.4971514
-1106.7307,-295.21677,5.5006895,5.5006895
-1107.6951,-294.9524,5.5042415,5.5042415
-1108.6588,-294.68613,5.5078,5.5078
-1109.6222,-294.41797,5.511373,5.511373
-1110.5848,-294.1479,5.514951,5.514951
-1111.5471,-293.8759,5.5185447,5.5185447
-1112.5088,-293.60196,5.5221434,5.5221434
-1113.4698,-293.3261,5.5257573,5.5257573
-1114.4304,-293.0483,5.5293756,5.5293756
-1115.3904,-292.76855,5.5330105,5.5330105
-1116.3499,-292.48685,5.5366483,5.5366483
-1117.3086,-292.2032,5.540303,5.540303
-1118.2668,-291.91754,5.543961,5.543961
-1119.2245,-291.6299,5.547636,5.547636
-1120.1816,-291.3403,5.551314,5.551314
-1121.1381,-291.04868,5.555009,5.555009
-1122.0939,-290.75507,5.5587063,5.5587063
-1123.0491,-290.45944,5.562421,5.562421
-1124.0037,-290.16177,5.5661383,5.5661383
-1124.9576,-289.8621,5.5698724,5.5698724
-1125.9109,-289.56036,5.57361,5.57361
-1126.8635,-289.2566,5.577363,5.577363
-1127.8156,-288.95074,5.58112,5.58112
-1128.7668,-288.64285,5.5848923,5.5848923
-1129.7175,-288.3329,5.5886693,5.5886693
-1130.6675,-288.02084,5.5924606,5.5924606
-1131.6168,-287.7067,5.596257,5.596257
-1132.5653,-287.39044,5.600067,5.600067
-1133.5132,-287.0721,5.6038833,5.6038833
-1134.4604,-286.75165,5.6077123,5.6077123
-1135.4069,-286.42905,5.611548,5.611548
-1136.3525,-286.10434,5.615395,5.615395
-1137.2976,-285.77747,5.6192503,5.6192503
-1138.2418,-285.44846,5.623116,5.623116
-1139.1853,-285.1173,5.626991,5.626991
-1140.1279,-284.78397,5.6308746,5.6308746
-1141.07,-284.44846,5.6347685,5.6347685
-1142.0111,-284.11075,5.6386704,5.6386704
-1142.9514,-283.77087,5.642584,5.642584
-1143.891,-283.4288,5.646504,5.646504
-1144.8298,-283.0845,5.6504364,5.6504364
-1145.7677,-282.73798,5.654374,5.654374
-1146.7048,-282.38922,5.6583257,5.6583257
-1147.6411,-282.03824,5.662281,5.662281
-1148.5767,-281.68503,5.666252,5.666252
-1149.5112,-281.32956,5.6702247,5.6702247
-1150.445,-280.9718,5.6742144,5.6742144
-1151.3778,-280.6118,5.6782064,5.6782064
-1152.3097,-280.2495,5.6822133,5.6822133
-1153.2408,-279.88492,5.6862245,5.6862245
-1154.171,-279.51804,5.6902485,5.6902485
-1155.1002,-279.14886,5.6942782,5.6942782
-1156.0286,-278.77737,5.698319,5.698319
-1156.956,-278.40356,5.7023683,5.7023683
-1157.8824,-278.0274,5.7064257,5.7064257
-1158.808,-277.6489,5.7104936,5.7104936
-1159.7325,-277.26807,5.714567,5.714567
-1160.6561,-276.88486,5.718654,5.718654
-1161.5786,-276.4993,5.7227445,5.7227445
-1162.5002,-276.11136,5.7268496,5.7268496
-1163.4209,-275.721,5.7309575,5.7309575
-1164.3405,-275.3283,5.7350802,5.7350802
-1165.2589,-274.93317,5.739207,5.739207
-1166.1764,-274.53564,5.7433453,5.7433453
-1167.0929,-274.13568,5.7474904,5.7474904
-1168.0082,-273.7333,5.751645,5.751645
-1168.9225,-273.32846,5.755809,5.755809
-1169.8357,-272.9212,5.759979,5.759979
-1170.7478,-272.51147,5.764161,5.764161
-1171.6588,-272.0993,5.768347,5.768347
-1172.5687,-271.68463,5.772547,5.772547
-1173.4775,-271.2675,5.77675,5.77675
-1174.3851,-270.84787,5.7809668,5.7809668
-1175.2915,-270.42572,5.785188,5.785188
-1176.1968,-270.0011,5.78942,5.78942
-1177.1008,-269.57394,5.7936597,5.7936597
-1178.0038,-269.14426,5.7979064,5.7979064
-1178.9054,-268.71207,5.802164,5.802164
-1179.8059,-268.2773,5.8064256,5.8064256
-1180.7051,-267.84,5.8107014,5.8107014
-1181.603,-267.40015,5.8149805,5.8149805
-1182.4998,-266.95773,5.8192716,5.8192716
-1183.3953,-266.51273,5.8235683,5.8235683
-1184.2893,-266.06512,5.8278737,5.8278737
-1185.1821,-265.61496,5.8321886,5.8321886
-1186.0737,-265.16217,5.8365083,5.8365083
-1186.9639,-264.7068,5.840841,5.840841
-1187.8528,-264.24878,5.845176,5.845176
-1188.7402,-263.78815,5.849525,5.849525
-1189.6263,-263.3249,5.853878,5.853878
-1190.5111,-262.85898,5.858241,5.858241
-1191.3944,-262.3904,5.862612,5.862612
-1192.2764,-261.9192,5.866988,5.866988
-1193.1569,-261.4453,5.8713765,5.8713765
-1194.0359,-260.96875,5.875768,5.875768
-1194.9135,-260.4895,5.8801723,5.8801723
-1195.7896,-260.00757,5.884581,5.884581
-1196.6642,-259.52292,5.888999,5.888999
-1197.5372,-259.03558,5.893425,5.893425
-1198.4088,-258.54553,5.897856,5.897856
-1199.2789,-258.05273,5.9022994,5.9022994
-1200.1475,-257.55725,5.9067464,5.9067464
-1201.0144,-257.059,5.9112043,5.9112043
-1201.8798,-256.558,5.915668,5.915668
-1202.7434,-256.05426,5.920139,5.920139
-1203.6056,-255.54774,5.9246197,5.9246197
-1204.4661,-255.03848,5.9291043,5.9291043
-1205.325,-254.52643,5.9336014,5.9336014
-1206.1821,-254.01161,5.9381022,5.9381022
-1207.0376,-253.49399,5.942612,5.942612
-1207.8915,-252.97357,5.94713,5.94713
-1208.7435,-252.45036,5.9516525,5.9516525
-1209.5939,-251.92433,5.956187,5.956187
-1210.4425,-251.3955,5.9607253,5.9607253
-1211.2894,-250.86382,5.965273,5.965273
-1212.1344,-250.32933,5.969827,5.969827
-1212.9777,-249.79199,5.9743876,5.9743876
-1213.8192,-249.25182,5.978958,5.978958
-1214.6588,-248.70879,5.983533,5.983533
-1215.4966,-248.1629,5.9881177,5.9881177
-1216.3324,-247.61417,5.9927087,5.9927087
-1217.1664,-247.06255,5.9973054,5.9973054
-1217.9985,-246.50806,6.001912,6.001912
-1218.8286,-245.9507,6.006523,6.006523
-1219.6569,-245.39044,6.0111437,6.0111437
-1220.4832,-244.8273,6.0157704,6.0157704
-1221.3074,-244.26126,6.020403,6.020403
-1222.1296,-243.69232,6.0250454,6.0250454
-1222.95,-243.12048,6.029692,6.029692
-1223.7682,-242.54572,6.0343475,6.0343475
-1224.5842,-241.96805,6.03901,6.03901
-1225.3983,-241.38745,6.0436773,6.0436773
-1226.2103,-240.80392,6.0483546,6.0483546
-1227.0203,-240.21747,6.0530367,6.0530367
-1227.828,-239.62808,6.0577264,6.0577264
-1228.6335,-239.03575,6.0624237,6.0624237
-1229.437,-238.44048,6.067125,6.067125
-1230.2382,-237.84225,6.0718374,6.0718374
-1231.0372,-237.24107,6.076554,6.076554
-1231.834,-236.63695,6.081277,6.081277
-1232.6285,-236.02986,6.0860085,6.0860085
-1233.4208,-235.41982,6.090744,6.090744
-1234.2107,-234.80681,6.0954895,6.0954895
-1234.9984,-234.19083,6.1002398,6.1002398
-1235.7837,-233.57187,6.1049957,6.1049957
-1236.5667,-232.94994,6.109761,6.109761
-1237.3472,-232.32504,6.1145306,6.1145306
-1238.1254,-231.69716,6.119308,6.119308
-1238.9012,-231.0663,6.124092,6.124092
-1239.6746,-230.43245,6.1288805,6.1288805
-1240.4454,-229.79562,6.133679,6.133679
-1241.2139,-229.1558,6.1384816,6.1384816
-1241.9797,-228.51302,6.14329,6.14329
-1242.7432,-227.86723,6.148107,6.148107
-1243.504,-227.21844,6.1529284,6.1529284
-1244.2623,-226.56668,6.1577573,6.1577573
-1245.0181,-225.91193,6.162593,6.162593
-1245.7712,-225.25418,6.1674323,6.1674323
-1246.5217,-224.59344,6.1722817,6.1722817
-1247.2695,-223.92972,6.1771355,6.1771355
-1248.0148,-223.263,6.1819944,6.1819944
-1248.7572,-222.5933,6.186862,6.186862
-1249.4971,-221.92061,6.191734,6.191734
-1250.2341,-221.24492,6.1966124,6.1966124
-1250.9684,-220.56625,6.201498,6.201498
-1251.7,-219.88461,6.2063875,6.2063875
-1252.4287,-219.19997,6.2112856,6.2112856
-1253.1547,-218.51236,6.2161884,6.2161884
-1253.8778,-217.82176,6.221096,6.221096
-1254.5981,-217.12819,6.2260127,6.2260127
-1255.3154,-216.43164,6.230933,6.230933
-1256.03,-215.73213,6.23586,6.23586
-1256.7416,-215.02965,6.2407937,6.2407937
-1257.4502,-214.3242,6.245732,6.245732
-1258.1559,-213.61578,6.2506766,6.2506766
-1258.8585,-212.90443,6.255628,6.255628
-1259.5582,-212.19011,6.260583,6.260583
-1260.2549,-211.47285,6.2655463,6.2655463
-1260.9486,-210.75264,6.2705145,6.2705145
-1261.6392,-210.0295,6.275487,6.275487
-1262.3267,-209.30342,6.280468,6.280468
-1263.011,-208.57442,6.285453,6.285453
-1263.6923,-207.8425,6.290443,6.290443
-1264.3704,-207.10765,6.2954407,6.2954407
-1265.0453,-206.3699,6.300442,6.300442
-1265.717,-205.62926,6.30545,6.30545
-1266.3856,-204.88571,6.310464,6.310464
-1267.0509,-204.13928,6.3154817,6.3154817
-1267.713,-203.38995,6.3205066,6.3205066
-1268.3718,-202.63777,6.325537,6.325537
-1269.0273,-201.88272,6.330571,6.330571
-1269.6796,-201.12482,6.3356133,6.3356133
-1270.3285,-200.36406,6.3406596,6.3406596
-1270.974,-199.60046,6.3457103,6.3457103
-1271.6162,-198.83403,6.3507686,6.3507686
-1272.255,-198.06479,6.3558307,6.3558307
-1272.8905,-197.29272,6.3608975,6.3608975
-1273.5225,-196.51787,6.3659716,6.3659716
-1274.151,-195.74022,6.3710494,6.3710494
-1274.7761,-194.95978,6.376133,6.376133
-1275.3977,-194.17657,6.3812227,6.3812227
-1276.0159,-193.39063,6.386316,6.386316
-1276.6305,-192.60191,6.391415,6.391415
-1277.2416,-191.81047,6.39652,6.39652
-1277.8491,-191.01631,6.4016285,6.4016285
-1278.4531,-190.21942,6.406744,6.406744
-1279.0536,-189.41985,6.4118633,6.4118633
-1279.6504,-188.61758,6.416987,6.416987
-1280.2437,-187.81265,6.4221177,6.4221177
-1280.8331,-187.00505,6.4272523,6.4272523
-1281.4191,-186.19481,6.432391,6.432391
-1282.0013,-185.38193,6.437537,6.437537
-1282.58,-184.56644,6.442686,6.442686
-1283.1549,-183.74834,6.44784,6.44784
-1283.7262,-182.92764,6.4530005,6.4530005
-1284.2936,-182.10437,6.4581637,6.4581637
-1284.8574,-181.27855,6.4633327,6.4633327
-1285.4175,-180.45016,6.4685073,6.4685073
-1285.9736,-179.61926,6.473685,6.473685
-1286.5261,-178.78584,6.4788685,6.4788685
-1287.0748,-177.94994,6.484057,6.484057
-1287.6198,-177.11153,6.4892488,6.4892488
-1288.1609,-176.27068,6.4944468,6.4944468
-1288.6981,-175.42735,6.499649,6.499649
-1289.2316,-174.58162,6.504854,6.504854
-1289.7611,-173.73346,6.510067,6.510067
-1290.2867,-172.8829,6.515282,6.515282
-1290.8086,-172.02997,6.520502,6.520502
-1291.3267,-171.17467,6.5257277,6.5257277
-1291.8407,-170.31702,6.5309567,6.5309567
-1292.3508,-169.45705,6.53619,6.53619
-1292.8572,-168.59477,6.541429,6.541429
-1293.3595,-167.73021,6.546671,6.546671
-1293.8579,-166.86337,6.5519185,6.5519185
-1294.3524,-165.9943,6.5571704,6.5571704
-1294.8429,-165.12297,6.562425,6.562425
-1295.3295,-164.24944,6.5676856,6.5676856
-1295.8121,-163.37372,6.5729504,6.5729504
-1296.2908,-162.49582,6.5782175,6.5782175
-1296.7655,-161.61575,6.583492,6.583492
-1297.2362,-160.73357,6.5887685,6.5887685
-1297.7029,-159.84926,6.5940495,6.5940495
-1298.1656,-158.96286,6.5993357,6.5993357
-1298.6244,-158.07439,6.6046247,6.6046247
-1299.0791,-157.18387,6.609918,6.609918
-1299.5298,-156.2913,6.6152163,6.6152163
-1299.9766,-155.39673,6.6205173,6.6205173
-1300.4193,-154.50017,6.625824,6.625824
-1300.8579,-153.60164,6.631134,6.631134
-1301.2926,-152.70116,6.6364465,6.6364465
-1301.7233,-151.79874,6.6417656,6.6417656
-1302.1499,-150.89442,6.647087,6.647087
-1302.5725,-149.9882,6.652412,6.652412
-1302.9912,-149.08014,6.6577425,6.6577425
-1303.4058,-148.17021,6.663075,6.663075
-1303.8163,-147.25848,6.6684127,6.6684127
-1304.2228,-146.34494,6.6737537,6.6737537
-1304.6254,-145.42961,6.6790977,6.6790977
-1305.0238,-144.51254,6.6844473,6.6844473
-1305.4183,-143.59372,6.6897993,6.6897993
-1305.8087,-142.6732,6.6951547,6.6951547
-1306.1952,-141.75098,6.7005153,6.7005153
-1306.5775,-140.82709,6.705878,6.705878
-1306.9559,-139.90154,6.711245,6.711245
-1307.3303,-138.97437,6.716616,6.716616
-1307.7008,-138.0456,6.721989,6.721989
-1308.0671,-137.11523,6.727368,6.727368
-1308.4296,-136.1833,6.732749,6.732749
-1308.788,-135.24983,6.738133,6.738133
-1309.1425,-134.31485,6.743522,6.743522
-1309.4929,-133.37837,6.748913,6.748913
-1309.8394,-132.44041,6.7543087,6.7543087
-1310.1819,-131.50099,6.759707,6.759707
-1310.5205,-130.56015,6.765108,6.765108
-1310.8551,-129.61789,6.7705145,6.7705145
-1311.1858,-128.67424,6.7759223,6.7759223
-1311.5126,-127.729225,6.7813344,6.7813344
-1311.8353,-126.78286,6.78675,6.78675
-1312.1543,-125.83517,6.792167,6.792167
-1312.4692,-124.88617,6.79759,6.79759
-1312.7804,-123.93589,6.8030143,6.8030143
-1313.0876,-122.984344,6.808442,6.808442
-1313.391,-122.03156,6.8138733,6.8138733
-1313.6904,-121.07755,6.819307,6.819307
-1313.9861,-120.122345,6.824745,6.824745
-1314.2778,-119.165955,6.830185,6.830185
-1314.5658,-118.208405,6.8356285,6.8356285
-1314.85,-117.24972,6.8410754,6.8410754
-1315.1304,-116.28991,6.846524,6.846524
-1315.4069,-115.32901,6.8519773,6.8519773
-1315.6797,-114.36702,6.8574324,6.8574324
-1315.9487,-113.40398,6.8628907,6.8628907
-1316.214,-112.439896,6.8683524,6.8683524
-1316.4755,-111.47479,6.8738155,6.8738155
-1316.7333,-110.50869,6.8792834,6.8792834
-1316.9874,-109.5416,6.8847523,6.8847523
-1317.2378,-108.573555,6.8902254,6.8902254
-1317.4846,-107.60457,6.8957005,6.8957005
-1317.7277,-106.63466,6.9011784,6.9011784
-1317.967,-105.66384,6.9066596,6.9066596
-1318.2029,-104.69213,6.9121423,6.9121423
-1318.4352,-103.71956,6.9176292,6.9176292
-1318.6638,-102.74614,6.9231176,6.9231176
-1318.8888,-101.77189,6.9286094,6.9286094
-1319.1104,-100.796814,6.934103,6.934103
-1319.3282,-99.82095,6.9395995,6.9395995
-1319.5427,-98.84431,6.945099,6.945099
-1319.7537,-97.866905,6.9506,6.9506
-1319.9612,-96.888756,6.9561048,6.9561048
-1320.1652,-95.909874,6.961611,6.961611
-1320.3657,-94.93029,6.96712,6.96712
-1320.563,-93.950005,6.9726315,6.9726315
-1320.7567,-92.96905,6.9781456,6.9781456
-1320.947,-91.98743,6.9836617,6.9836617
-1321.134,-91.00516,6.98918,6.98918
-1321.3177,-90.02226,6.994701,6.994701
-1321.4982,-89.03876,7.0002236,7.0002236
-1321.6752,-88.05465,7.0057497,7.0057497
-1321.849,-87.069954,7.0112762,7.0112762
-1322.0195,-86.084694,7.016807,7.016807
-1322.1869,-85.098885,7.0223384,7.0223384
-1322.351,-84.112526,7.027873,7.027873
-1322.512,-83.125656,7.033409,7.033409
-1322.6697,-82.13827,7.038948,7.038948
-1322.8243,-81.15038,7.0444884,7.0444884
-1322.9758,-80.16202,7.0500307,7.0500307
-1323.1243,-79.17319,7.0555754,7.0555754
-1323.2697,-78.18389,7.061122,7.061122
-1323.412,-77.19416,7.066671,7.066671
-1323.5513,-76.204,7.0722213,7.0722213
-1323.6875,-75.213425,7.077774,7.077774
-1323.8209,-74.22244,7.083328,7.083328
-1323.9513,-73.23107,7.0888844,7.0888844
-1324.0787,-72.23932,7.0944424,7.0944424
-1324.2034,-71.2472,7.100003,7.100003
-1324.3251,-70.25472,7.105564,7.105564
-1324.444,-69.2619,7.111128,7.111128
-1324.5599,-68.268745,7.116693,7.116693
-1324.6732,-67.275276,7.1222606,7.1222606
-1324.7838,-66.28149,7.1278286,7.1278286
-1324.8915,-65.2874,7.1333995,7.1333995
-1324.9966,-64.29302,7.1389713,7.1389713
-1325.099,-63.298367,7.1445456,7.1445456
-1325.1987,-62.30344,7.1501203,7.1501203
-1325.2958,-61.308254,7.155698,7.155698
-1325.3903,-60.312817,7.161276,7.161276
-1325.4822,-59.31714,7.166856,7.166856
-1325.5715,-58.32123,7.172437,7.172437
-1325.6584,-57.3251,7.1780205,7.1780205
-1325.7428,-56.328754,7.1836047,7.1836047
-1325.8247,-55.332203,7.1891904,7.1891904
-1325.9043,-54.335457,7.194778,7.194778
-1325.9813,-53.338524,7.2003665,7.2003665
-1326.056,-52.341408,7.205957,7.205957
-1326.1284,-51.344116,7.2115474,7.2115474
-1326.1985,-50.346664,7.2171407,7.2171407
-1326.2662,-49.349052,7.222734,7.222734
-1326.3318,-48.35129,7.2283297,7.2283297
-1326.3951,-47.353386,7.233926,7.233926
-1326.4563,-46.355343,7.2395234,7.2395234
-1326.5153,-45.35717,7.2451224,7.2451224
-1326.572,-44.358875,7.250722,7.250722
-1326.6268,-43.360462,7.2563233,7.2563233
-1326.6794,-42.36194,7.2619247,7.2619247
-1326.7301,-41.36331,7.2675285,7.2675285
-1326.7788,-40.364582,7.2731323,7.2731323
-1326.8254,-39.36576,7.2787375,7.2787375
-1326.8701,-38.36685,7.284344,7.284344
-1326.913,-37.36786,7.289951,7.289951
-1326.954,-36.368786,7.2955594,7.2955594
-1326.993,-35.36964,7.3011684,7.3011684
-1327.0304,-34.370422,7.3067784,7.3067784
-1327.0659,-33.371143,7.3123894,7.3123894
-1327.0997,-32.371803,7.318001,7.318001
-1327.132,-31.37241,7.3236136,7.3236136
-1327.1624,-30.372961,7.3292265,7.3292265
-1327.1912,-29.373466,7.334841,7.334841
-1327.2185,-28.373924,7.340456,7.340456
-1327.2441,-27.374344,7.346071,7.346071
-1327.2683,-26.374723,7.3516874,7.3516874
-1327.291,-25.375069,7.3573046,7.3573046
-1327.3123,-24.375383,7.3629217,7.3629217
-1327.3322,-23.375668,7.3685403,7.3685403
-1327.3506,-22.375927,7.374159,7.374159
-1327.3677,-21.376162,7.379778,7.379778
-1327.3835,-20.376377,7.385398,7.385398
-1327.3982,-19.376572,7.3910184,7.3910184
-1327.4116,-18.376749,7.396639,7.396639
-1327.4238,-17.376913,7.402261,7.402261
-1327.435,-16.377062,7.407882,7.407882
-1327.4451,-15.377201,7.413504,7.413504
-1327.4541,-14.37733,7.419127,7.419127
-1327.4622,-13.37745,7.4247503,7.4247503
-1327.4692,-12.377563,7.430373,7.430373
-1327.4753,-11.37767,7.435997,7.435997
-1327.4807,-10.377773,7.441621,7.441621
-1327.4854,-9.3778715,7.447245,7.447245
-1327.4891,-8.377967,7.452869,7.452869
-1327.4922,-7.37806,7.4584937,7.4584937
-1327.4946,-6.378151,7.464119,7.464119
-1327.4966,-5.3782406,7.4697437,7.4697437
-1327.4979,-4.3783298,7.4753685,7.4753685
-1327.499,-3.3784184,7.4809937,7.4809937
-1327.4999,-2.378507,7.486619,7.486619
-1327.5004,-1.3785951,7.4922442,7.4922442
-1327.5006,-0.37868315,7.4978695,7.4978695
-1327.5006,0.62122875,7.5034947,7.5034947
-1327.5002,1.6211407,7.5091205,7.5091205
-1327.4998,2.6210525,7.5147457,7.5147457
-1327.4988,3.620964,7.520371,7.520371
-1327.4977,4.6208754,7.5259957,7.5259957
-1327.4961,5.620786,7.531621,7.531621
-1327.4941,6.620696,7.5372458,7.5372458
-1327.4916,7.6206045,7.5428705,7.5428705
-1327.4883,8.620511,7.5484953,7.5484953
-1327.4843,9.620415,7.554119,7.554119
-1327.4795,10.620316,7.5597434,7.5597434
-1327.474,11.620213,7.565367,7.565367
-1327.4675,12.620104,7.570991,7.570991
-1327.4602,13.619988,7.576614,7.576614
-1327.452,14.619866,7.582237,7.582237
-1327.4427,15.619736,7.5878596,7.5878596
-1327.4324,16.619595,7.593481,7.593481
-1327.421,17.619442,7.599103,7.599103
-1327.4084,18.619274,7.6047244,7.6047244
-1327.3948,19.619093,7.610345,7.610345
-1327.3799,20.618893,7.6159654,7.6159654
-1327.3636,21.618673,7.6215854,7.6215854
-1327.3462,22.618433,7.627204,7.627204
-1327.3274,23.618168,7.6328225,7.6328225
-1327.3073,24.617876,7.638441,7.638441
-1327.2856,25.617556,7.644058,7.644058
-1327.2626,26.6172,7.649675,7.649675
-1327.238,27.616812,7.655291,7.655291
-1327.212,28.616385,7.6609063,7.6609063
-1327.1843,29.615915,7.666521,7.666521
-1327.1552,30.615398,7.672135,7.672135
-1327.1243,31.614834,7.6777477,7.6777477
-1327.0918,32.614216,7.6833606,7.6833606
-1327.0575,33.61354,7.6889715,7.6889715
-1327.0215,34.61281,7.6945825,7.6945825
-1326.9838,35.612003,7.7001925,7.7001925
-1326.9442,36.611134,7.705801,7.705801
-1326.9028,37.610188,7.7114096,7.7114096
-1326.8595,38.60916,7.7170157,7.7170157
-1326.8143,39.60805,7.7226224,7.7226224
-1326.7671,40.60685,7.728227,7.728227
-1326.718,41.605556,7.733831,7.733831
-1326.6669,42.60416,7.7394342,7.7394342
-1326.6138,43.602657,7.7450356,7.7450356
-1326.5585,44.60104,7.750637,7.750637
-1326.5011,45.599308,7.756236,7.756236
-1326.4417,46.597446,7.7618346,7.7618346
-1326.38,47.595455,7.7674317,7.7674317
-1326.3162,48.593327,7.773028,7.773028
-1326.25,49.591053,7.7786226,7.7786226
-1326.1818,50.588627,7.784216,7.784216
-1326.1111,51.58604,7.7898088,7.7898088
-1326.0382,52.58329,7.795399,7.795399
-1325.9629,53.580364,7.8009896,7.8009896
-1325.8851,54.57725,7.806577,7.806577
-1325.805,55.57395,7.812165,7.812165
-1325.7227,56.570454,7.8177495,7.8177495
-1325.6376,57.56675,7.823334,7.823334
-1325.5502,58.562828,7.8289165,7.8289165
-1325.4602,59.55868,7.834498,7.834498
-1325.3676,60.5543,7.8400774,7.8400774
-1325.2725,61.549675,7.8456554,7.8456554
-1325.1748,62.5448,7.851232,7.851232
-1325.0743,63.53966,7.8568068,7.8568068
-1324.9713,64.53425,7.86238,7.86238
-1324.8656,65.52856,7.867952,7.867952
-1324.7572,66.522575,7.873522,7.873522
-1324.646,67.51629,7.8790903,7.8790903
-1324.5321,68.50968,7.884657,7.884657
-1324.4154,69.50276,7.8902216,7.8902216
-1324.2958,70.4955,7.895785,7.895785
-1324.1733,71.487885,7.901346,7.901346
-1324.0481,72.47992,7.9069057,7.9069057
-1323.9199,73.47158,7.9124637,7.9124637
-1323.7888,74.46286,7.9180193,7.9180193
-1323.6548,75.45374,7.9235735,7.9235735
-1323.5177,76.44422,7.9291253,7.9291253
-1323.3777,77.43428,7.9346757,7.9346757
-1323.2346,78.423904,7.940223,7.940223
-1323.0885,79.413086,7.94577,7.94577
-1322.9393,80.40181,7.9513135,7.9513135
-1322.7871,81.39005,7.9568563,7.9568563
-1322.6317,82.37782,7.9623957,7.9623957
-1322.4731,83.36508,7.967934,7.967934
-1322.3115,84.35184,7.9734693,7.9734693
-1322.1466,85.33806,7.979004,7.979004
-1321.9785,86.32374,7.9845343,7.9845343
-1321.8071,87.30886,7.990064,7.990064
-1321.6326,88.29341,7.995591,7.995591
-1321.4547,89.277374,8.001116,8.001116
-1321.2736,90.26074,8.006639,8.006639
-1321.089,91.243484,8.012158,8.012158
-1320.9012,92.22559,8.017677,8.017677
-1320.71,93.207054,8.023192,8.023192
-1320.5154,94.18785,8.028707,8.028707
-1320.3174,95.16797,8.034216,8.034216
-1320.1161,96.147385,8.039725,8.039725
-1319.9111,97.12608,8.045231,8.045231
-1319.7029,98.10406,8.0507345,8.0507345
-1319.4911,99.08128,8.056235,8.056235
-1319.2758,100.05774,8.061733,8.061733
-1319.0569,101.03341,8.06723,8.06723
-1318.8346,102.008286,8.072722,8.072722
-1318.6086,102.98234,8.078215,8.078215
-1318.3792,103.95555,8.083702,8.083702
-1318.146,104.92792,8.089188,8.089188
-1317.9093,105.89941,8.09467,8.09467
-1317.6691,106.87001,8.10015,8.10015
-1317.425,107.8397,8.105628,8.105628
-1317.1774,108.808464,8.111102,8.111102
-1316.9261,109.776276,8.116575,8.116575
-1316.6711,110.743126,8.122043,8.122043
-1316.4124,111.708984,8.127509,8.127509
-1316.1499,112.67384,8.132973,8.132973
-1315.8838,113.63768,8.138433,8.138433
-1315.6139,114.600464,8.143891,8.143891
-1315.3402,115.56219,8.149345,8.149345
-1315.0626,116.522835,8.154798,8.154798
-1314.7814,117.48237,8.160246,8.160246
-1314.4963,118.44078,8.165691,8.165691
-1314.2074,119.39805,8.171135,8.171135
-1313.9147,120.35416,8.176574,8.176574
-1313.6182,121.309074,8.182012,8.182012
-1313.3177,122.26279,8.187445,8.187445
-1313.0134,123.21528,8.192875,8.192875
-1312.7053,124.16652,8.198302,8.198302
-1312.3932,125.116486,8.203726,8.203726
-1312.0773,126.06517,8.209147,8.209147
-1311.7574,127.01254,8.214564,8.214564
-1311.4336,127.95858,8.219978,8.219978
-1311.106,128.90327,8.22539,8.22539
-1310.7743,129.84659,8.230797,8.230797
-1310.4387,130.7885,8.236202,8.236202
-1310.0992,131.729,8.241603,8.241603
-1309.7557,132.66806,8.247001,8.247001
-1309.4082,133.60567,8.252396,8.252396
-1309.0569,134.5418,8.257786,8.257786
-1308.7014,135.47641,8.263173,8.263173
-1308.342,136.4095,8.268558,8.268558
-1307.9786,137.34105,8.273937,8.273937
-1307.6113,138.27103,8.279314,8.279314
-1307.24,139.19942,8.284687,8.284687
-1306.8645,140.12619,8.290057,8.290057
-1306.4852,141.05135,8.2954235,8.2954235
-1306.1018,141.97482,8.300785,8.300785
-1305.7144,142.89664,8.306145,8.306145
-1305.323,143.81676,8.3115,8.3115
-1304.9275,144.73515,8.316851,8.316851
-1304.5281,145.65181,8.322199,8.322199
-1304.1246,146.5667,8.327542,8.327542
-1303.717,147.4798,8.332882,8.332882
-1303.3055,148.3911,8.33822,8.33822
-1302.89,149.30057,8.343551,8.343551
-1302.4705,150.20819,8.34888,8.34888
-1302.0469,151.11395,8.354205,8.354205
-1301.6193,152.0178,8.359525,8.359525
-1301.1876,152.91975,8.364842,8.364842
-1300.752,153.81978,8.370155,8.370155
-1300.3123,154.71783,8.3754635,8.3754635
-1299.8685,155.6139,8.380769,8.380769
-1299.4209,156.508,8.386069,8.386069
-1298.9691,157.40007,8.391366,8.391366
-1298.5134,158.2901,8.39666,8.39666
-1298.0537,159.17807,8.401947,8.401947
-1297.5901,160.06396,8.407231,8.407231
-1297.1223,160.94775,8.412513,8.412513
-1296.6506,161.82942,8.417788,8.417788
-1296.175,162.70895,8.42306,8.42306
-1295.6954,163.58633,8.428328,8.428328
-1295.2118,164.46153,8.43359,8.43359
-1294.7242,165.33453,8.43885,8.43885
-1294.2328,166.2053,8.444104,8.444104
-1293.7373,167.07385,8.449354,8.449354
-1293.238,167.94014,8.454601,8.454601
-1292.7347,168.80415,8.459842,8.459842
-1292.2274,169.66586,8.465079,8.465079
-1291.7163,170.52527,8.470313,8.470313
-1291.2013,171.38235,8.47554,8.47554
-1290.6824,172.23708,8.480764,8.480764
-1290.1597,173.08943,8.485984,8.485984
-1289.6329,173.9394,8.491198,8.491198
-1289.1024,174.78699,8.496408,8.496408
-1288.5681,175.63214,8.501614,8.501614
-1288.0299,176.47485,8.506814,8.506814
-1287.4879,177.31512,8.512012,8.512012
-1286.9421,178.15292,8.517202,8.517202
-1286.3925,178.98824,8.522388,8.522388
-1285.8391,179.82104,8.527572,8.527572
-1285.282,180.65134,8.532748,8.532748
-1284.721,181.4791,8.537921,8.537921
-1284.1564,182.3043,8.54309,8.54309
-1283.5879,183.12695,8.548252,8.548252
-1283.0159,183.94702,8.55341,8.55341
-1282.44,184.76448,8.558564,8.558564
-1281.8605,185.57935,8.563711,8.563711
-1281.2773,186.39159,8.568855,8.568855
-1280.6906,187.20119,8.573994,8.573994
-1280.1,188.00815,8.579126,8.579126
-1279.506,188.81244,8.584256,8.584256
-1278.9082,189.61404,8.589379,8.589379
-1278.307,190.41298,8.594497,8.594497
-1277.7021,191.2092,8.599611,8.599611
-1277.0938,192.0027,8.604719,8.604719
-1276.4817,192.79349,8.609821,8.609821
-1275.8662,193.58153,8.614921,8.614921
-1275.2473,194.36682,8.620012,8.620012
-1274.6248,195.14934,8.6251,8.6251
-1273.9989,195.92911,8.630183,8.630183
-1273.3695,196.70607,8.63526,8.63526
-1272.7367,197.48026,8.640331,8.640331
-1272.1005,198.25163,8.645398,8.645398
-1271.4608,199.0202,8.650458,8.650458
-1270.8177,199.78593,8.655515,8.655515
-1270.1714,200.54884,8.660565,8.660565
-1269.5217,201.30891,8.665609,8.665609
-1268.8687,202.06613,8.6706505,8.6706505
-1268.2124,202.8205,8.675684,8.675684
-1267.5527,203.57199,8.680712,8.680712
-1266.8899,204.3206,8.685737,8.685737
-1266.2238,205.06633,8.690753,8.690753
-1265.5544,205.80917,8.695765,8.695765
-1264.8818,206.54913,8.700772,8.700772
-1264.2062,207.28616,8.705772,8.705772
-1263.5273,208.02031,8.710768,8.710768
-1262.8453,208.75153,8.715757,8.715757
-1262.1602,209.47981,8.72074,8.72074
-1261.4719,210.20518,8.725719,8.725719
-1260.7806,210.92761,8.730692,8.730692
-1260.0862,211.64711,8.735658,8.735658
-1259.3888,212.36365,8.74062,8.74062
-1258.6884,213.07726,8.745574,8.745574
-1257.985,213.7879,8.750523,8.750523
-1257.2786,214.49559,8.755467,8.755467
-1256.5692,215.20032,8.760404,8.760404
-1255.8569,215.90208,8.765335,8.765335
-1255.1417,216.60088,8.770262,8.770262
-1254.4237,217.29669,8.77518,8.77518
-1253.7026,217.98955,8.780094,8.780094
-1252.9789,218.67943,8.785002,8.785002
-1252.2522,219.36632,8.789903,8.789903
-1251.5228,220.05023,8.7948,8.7948
-1250.7905,220.73116,8.799688,8.799688
-1250.0555,221.4091,8.804571,8.804571
-1249.3179,222.08406,8.80945,8.80945
-1248.5774,222.75603,8.814319,8.814319
-1247.8342,223.425,8.819184,8.819184
-1247.0884,224.09099,8.824043,8.824043
-1246.3398,224.754,8.828895,8.828895
-1245.5887,225.414,8.833742,8.833742
-1244.835,226.07103,8.838581,8.838581
-1244.0786,226.72505,8.843414,8.843414
-1243.3197,227.3761,8.848243,8.848243
-1242.5582,228.02415,8.853062,8.853062
-1241.7942,228.6692,8.857877,8.857877
-1241.0277,229.31128,8.862685,8.862685
-1240.2587,229.95038,8.867485,8.867485
-1239.4872,230.58647,8.872281,8.872281
-1238.7133,231.21959,8.877069,8.877069
-1237.9369,231.84973,8.881851,8.881851
-1237.1581,232.4769,8.886628,8.886628
-1236.377,233.10107,8.891395,8.891395
-1235.5934,233.72227,8.896157,8.896157
-1234.8075,234.34052,8.900913,8.900913
-1234.0193,234.95576,8.905662,8.905662
-1233.2288,235.56807,8.910405,8.910405
-1232.436,236.1774,8.91514,8.91514
-1231.6409,236.78377,8.919868,8.919868
-1230.8436,237.38718,8.924592,8.924592
-1230.0441,237.98763,8.929306,8.929306
-1229.2423,238.58514,8.934015,8.934015
-1228.4384,239.1797,8.938717,8.938717
-1227.6322,239.77132,8.943411,8.943411
-1226.824,240.35999,8.948101,8.948101
-1226.0135,240.94574,8.95278,8.95278
-1225.201,241.52855,8.957455,8.957455
-1224.3865,242.10844,8.962122,8.962122
-1223.5698,242.68541,8.966782,8.966782
-1222.7511,243.25946,8.971437,8.971437
-1221.9304,243.8306,8.976081,8.976081
-1221.1077,244.39883,8.9807205,8.9807205
-1220.2828,244.96417,8.985353,8.985353
-1219.4562,245.52661,8.989977,8.989977
-1218.6274,246.08617,8.994597,8.994597
-1217.7969,246.64282,8.999206,8.999206
-1216.9642,247.19661,9.00381,9.00381
-1216.1299,247.74753,9.008407,9.008407
-1215.2935,248.29558,9.012995,9.012995
-1214.4553,248.84077,9.017578,9.017578
-1213.6152,249.3831,9.022151,9.022151
-1212.7733,249.92259,9.026719,9.026719
-1211.9297,250.45924,9.031279,9.031279
-1211.0841,250.99304,9.0358305,9.0358305
-1210.2368,251.52403,9.040378,9.040378
-1209.3878,252.05219,9.044913,9.044913
-1208.537,252.57753,9.049444,9.049444
-1207.6844,253.10007,9.0539665,9.0539665
-1206.8303,253.6198,9.058482,9.058482
-1205.9744,254.13675,9.062991,9.062991
-1205.1168,254.6509,9.06749,9.06749
-1204.2576,255.16226,9.071984,9.071984
-1203.3966,255.67087,9.0764675,9.0764675
-1202.534,256.1767,9.080946,9.080946
-1201.6699,256.67978,9.085417,9.085417
-1200.8042,257.1801,9.089877,9.089877
-1199.9369,257.67767,9.094335,9.094335
-1199.068,258.17252,9.098779,9.098779
-1198.1976,258.66464,9.103219,9.103219
-1197.3257,259.15405,9.10765,9.10765
-1196.4521,259.64072,9.112073,9.112073
-1195.5771,260.1247,9.11649,9.11649
-1194.7007,260.606,9.120896,9.120896
-1193.8228,261.0846,9.1252985,9.1252985
-1192.9434,261.5605,9.129688,9.129688
-1192.0625,262.03372,9.134073,9.134073
-1191.1803,262.5043,9.13845,9.13845
-1190.2966,262.97223,9.1428175,9.1428175
-1189.4115,263.4375,9.14718,9.14718
-1188.5251,263.90012,9.15153,9.15153
-1187.6373,264.3601,9.155876,9.155876
-1186.748,264.81747,9.160211,9.160211
-1185.8575,265.27225,9.164539,9.164539
-1184.9657,265.7244,9.1688595,9.1688595
-1184.0726,266.17395,9.17317,9.17317
-1183.1781,266.6209,9.177476,9.177476
-1182.2823,267.06528,9.181769,9.181769
-1181.3854,267.50708,9.186059,9.186059
-1180.487,267.94632,9.190336,9.190336
-1179.5875,268.383,9.194608,9.194608
-1178.6868,268.81714,9.19887,9.19887
-1177.7849,269.24872,9.203124,9.203124
-1176.8817,269.6778,9.207371,9.207371
-1175.9773,270.10434,9.211607,9.211607
-1175.0718,270.52835,9.215838,9.215838
-1174.165,270.9499,9.220056,9.220056
-1173.2572,271.3689,9.224271,9.224271
-1172.3481,271.78543,9.228472,9.228472
-1171.438,272.1995,9.232669,9.232669
-1170.5267,272.61108,9.236855,9.236855
-1169.6144,273.0202,9.241033,9.241033
-1168.7008,273.42688,9.245203,9.245203
-1167.7863,273.83112,9.249363,9.249363
-1166.8706,274.2329,9.253517,9.253517
-1165.954,274.6323,9.257658,9.257658
-1165.0363,275.02924,9.261797,9.261797
-1164.1174,275.42377,9.26592,9.26592
-1163.1976,275.81592,9.27004,9.27004
-1162.2769,276.20566,9.274146,9.274146
-1161.355,276.59305,9.278248,9.278248
-1160.4321,276.97803,9.282338,9.282338
-1159.5083,277.36066,9.286421,9.286421
-1158.5836,277.74094,9.290495,9.290495
-1157.6578,278.11887,9.294559,9.294559
-1156.7311,278.49445,9.298616,9.298616
-1155.8035,278.8677,9.302661,9.302661
-1154.8749,279.23862,9.306702,9.306702
-1153.9454,279.60724,9.310728,9.310728
-1153.015,279.97357,9.314752,9.314752
-1152.0837,280.3376,9.318759,9.318759
-1151.1516,280.69934,9.322763,9.322763
-1150.2185,281.05878,9.326754,9.326754
-1149.2845,281.416,9.330739,9.330739
-1148.3497,281.7709,9.334712,9.334712
-1147.4142,282.1236,9.338678,9.338678
-1146.4777,282.47403,9.342633,9.342633
-1145.5403,282.82224,9.346581,9.346581
-1144.6022,283.1682,9.350519,9.350519
-1143.6632,283.51196,9.354447,9.354447
-1142.7234,283.85352,9.358367,9.358367
-1141.7828,284.19287,9.362276,9.362276
-1140.8416,284.53003,9.366178,9.366178
-1139.8994,284.86502,9.370068,9.370068
-1138.9564,285.19785,9.373952,9.373952
-1138.0128,285.52847,9.377822,9.377822
-1137.0684,285.85696,9.381687,9.381687
-1136.1233,286.1833,9.385538,9.385538
-1135.1774,286.5075,9.389385,9.389385
-1134.2307,286.82956,9.393216,9.393216
-1133.2833,287.14954,9.397045,9.397045
-1132.3353,287.46735,9.400857,9.400857
-1131.3866,287.78308,9.404667,9.404667
-1130.4371,288.0967,9.408459,9.408459
-1129.4869,288.40826,9.4122505,9.4122505
-1128.5361,288.71774,9.416022,9.416022
-1127.5847,289.02512,9.419794,9.419794
-1126.6326,289.33047,9.423548,9.423548
-1125.6797,289.63373,9.4272995,9.4272995
-1124.7263,289.93497,9.431033,9.431033
-1123.7722,290.23416,9.434766,9.434766
-1122.8174,290.53134,9.43848,9.43848
-1121.862,290.82648,9.442193,9.442193
-1120.9061,291.1196,9.445888,9.445888
-1119.9495,291.41074,9.44958,9.44958
-1118.9923,291.69986,9.453256,9.453256
-1118.0345,291.987,9.456928,9.456928
-1117.0762,292.2722,9.460584,9.460584
-1116.1172,292.55536,9.464237,9.464237
-1115.1576,292.83658,9.467872,9.467872
-1114.1975,293.11588,9.471505,9.471505
-1113.2368,293.3932,9.47512,9.47512
-1112.2755,293.66858,9.478733,9.478733
-1111.3137,293.94202,9.4823265,9.4823265
-1110.3514,294.21356,9.485921,9.485921
-1109.3885,294.4832,9.489493,9.489493
-1108.4252,294.7509,9.493067,9.493067
-1107.4612,295.0167,9.49662,9.49662
-1106.4967,295.2806,9.500172,9.500172
-1105.5317,295.54266,9.503705,9.503705
-1104.5663,295.80283,9.5072365,9.5072365
-1103.6003,296.06113,9.51075,9.51075
-1102.6339,296.31757,9.514259,9.514259
-1101.6669,296.57214,9.517753,9.517753
-1100.6995,296.8249,9.52124,9.52124
-1099.7316,297.07578,9.5247135,9.5247135
-1098.7632,297.32486,9.52818,9.52818
-1097.7943,297.5721,9.531633,9.531633
-1096.825,297.81757,9.535078,9.535078
-1095.8552,298.06122,9.538511,9.538511
-1094.885,298.30304,9.541933,9.541933
-1093.9143,298.5431,9.545347,9.545347
-1092.9432,298.78137,9.548747,9.548747
-1091.9717,299.01788,9.55214,9.55214
-1090.9996,299.2526,9.555518,9.555518
-1090.0273,299.48557,9.558891,9.558891
-1089.0544,299.7168,9.562246,9.562246
-1088.0813,299.94626,9.5656,9.5656
-1087.1077,300.174,9.568933,9.568933
-1086.1335,300.40002,9.572264,9.572264
-1085.1592,300.62433,9.575575,9.575575
-1084.1843,300.8469,9.578884,9.578884
-1083.2091,301.06778,9.582175,9.582175
-1082.2335,301.28693,9.585461,9.585461
-1081.2576,301.50443,9.588732,9.588732
-1080.2813,301.7202,9.591993,9.591993
-1079.3044,301.93433,9.595244,9.595244
-1078.3274,302.1468,9.598483,9.598483
-1077.35,302.35757,9.601715,9.601715
-1076.3722,302.5667,9.604929,9.604929
-1075.394,302.77417,9.608141,9.608141
-1074.4155,302.98004,9.61133,9.61133
-1073.4366,303.18423,9.61452,9.61452
-1072.4575,303.3868,9.617688,9.617688
-1071.478,303.5878,9.620853,9.620853
-1070.4982,303.78714,9.624002,9.624002
-1069.518,303.9849,9.627143,9.627143
-1068.5375,304.18103,9.630272,9.630272
-1067.5568,304.3756,9.633388,9.633388
-1066.5756,304.56857,9.636497,9.636497
-1065.5942,304.75998,9.639587,9.639587
-1064.6124,304.9498,9.642677,9.642677
-1063.6304,305.1381,9.645742,9.645742
-1062.6481,305.3248,9.648808,9.648808
-1061.6655,305.50995,9.651853,9.651853
-1060.6826,305.69357,9.654892,9.654892
-1059.6993,305.87567,9.657918,9.657918
-1058.716,306.05624,9.660932,9.660932
-1057.7322,306.23526,9.6639385,9.6639385
-1056.7482,306.4128,9.666925,9.666925
-1055.7638,306.58884,9.669913,9.669913
-1054.7793,306.76334,9.672874,9.672874
-1053.7944,306.93637,9.675836,9.675836
-1052.8093,307.1079,9.678778,9.678778
-1051.824,307.27795,9.681712,9.681712
-1050.8384,307.44656,9.684635,9.684635
-1049.8525,307.61368,9.687543,9.687543
-1048.8665,307.77933,9.690448,9.690448
-1047.8801,307.94354,9.693328,9.693328
-1046.8936,308.1063,9.696208,9.696208
-1045.9067,308.26764,9.699066,9.699066
-1044.9197,308.42752,9.70192,9.70192
-1043.9324,308.58597,9.70476,9.70476
-1042.945,308.743,9.707584,9.707584
-1041.9572,308.89865,9.710406,9.710406
-1040.9692,309.0529,9.713203,9.713203
-1039.9811,309.2057,9.716001,9.716001
-1038.9927,309.35712,9.718776,9.718776
-1038.0042,309.50717,9.721544,9.721544
-1037.0153,309.65582,9.724302,9.724302
-1036.0264,309.80313,9.727042,9.727042
-1035.0371,309.94904,9.729782,9.729782
-1034.0477,310.0936,9.732493,9.732493
-1033.0581,310.23682,9.735204,9.735204
-1032.0682,310.37866,9.737897,9.737897
-1031.0782,310.51917,9.74058,9.74058
-1030.0881,310.65836,9.743255,9.743255
-1029.0978,310.7962,9.745907,9.745907
-1028.1072,310.93274,9.74856,9.74856
-1027.1165,311.06793,9.751188,9.751188
-1026.1256,311.20184,9.753811,9.753811
-1025.1345,311.33444,9.756422,9.756422
-1024.1432,311.46573,9.759015,9.759015
-1023.1518,311.59576,9.761607,9.761607
-1022.1602,311.7245,9.764172,9.764172
-1021.16846,311.85193,9.766734,9.766734
-1020.1766,311.9781,9.769281,9.769281
-1019.18445,312.103,9.771812,9.771812
-1018.19226,312.22665,9.7743435,9.7743435
-1017.1998,312.34906,9.776844,9.776844
-1016.2073,312.4702,9.779345,9.779345
-1015.2146,312.59012,9.781829,9.781829
-1014.22174,312.70877,9.784298,9.784298
-1013.22876,312.82623,9.786765,9.786765
-1012.23566,312.94244,9.789203,9.789203
-1011.2424,313.05743,9.79164,9.79164
-1010.24896,313.17123,9.794061,9.794061
-1009.2554,313.28384,9.796466,9.796466
-1008.2617,313.39523,9.798871,9.798871
-1007.2679,313.50543,9.801244,9.801244
-1006.2739,313.61444,9.803617,9.803617
-1005.27985,313.72226,9.805975,9.805975
-1004.28564,313.82892,9.808314,9.808314
-1003.2913,313.93442,9.810655,9.810655
-1002.2969,314.03876,9.812964,9.812964
-1001.3023,314.14194,9.815271,9.815271
-1000.3076,314.24396,9.817568,9.817568
-999.3128,314.34485,9.81984,9.81984
-998.3179,314.44458,9.822114,9.822114
-997.3228,314.5432,9.824363,9.824363
-996.3277,314.6407,9.826602,9.826602
-995.3324,314.73706,9.828836,9.828836
-994.33704,314.8323,9.831041,9.831041
-993.34155,314.92645,9.833246,9.833246
-992.346,315.0195,9.835434,9.835434
-991.35034,315.11145,9.8376045,9.8376045
-990.35455,315.20233,9.839775,9.839775
-989.3587,315.2921,9.841914,9.841914
-988.36273,315.3808,9.844049,9.844049
-987.36664,315.46844,9.846177,9.846177
-986.3705,315.555,9.848277,9.848277
-985.37427,315.6405,9.850377,9.850377
-984.3779,315.72495,9.852457,9.852457
-983.3815,315.80835,9.854521,9.854521
-982.38495,315.89072,9.856585,9.856585
-981.38837,315.97205,9.858618,9.858618
-980.39166,316.05234,9.860644,9.860644
-979.3949,316.1316,9.862668,9.862668
-978.3981,316.20984,9.864658,9.864658
-977.4011,316.28708,9.866648,9.866648
-976.4041,316.3633,9.868625,9.868625
-975.40704,316.43854,9.870577,9.870577
-974.4099,316.5128,9.87253,9.87253
-973.41266,316.58603,9.874459,9.874459
-972.4154,316.6583,9.876374,9.876374
-971.418,316.72958,9.878289,9.878289
-970.4206,316.7999,9.880173,9.880173
-969.4231,316.86926,9.882049,9.882049
-968.42554,316.93765,9.8839245,9.8839245
-967.42786,317.0051,9.885762,9.885762
-966.4302,317.07156,9.8876,9.8876
-965.43243,317.13712,9.889429,9.889429
-964.4346,317.20172,9.891228,9.891228
-963.4367,317.2654,9.893025,9.893025
-962.4388,317.32816,9.894811,9.894811
-961.4408,317.39,9.896568,9.896568
-960.44275,317.45093,9.898326,9.898326
-959.4446,317.51096,9.900065,9.900065
-958.4465,317.57007,9.901783,9.901783
-957.44824,317.6283,9.903501,9.903501
-956.44995,317.68564,9.905195,9.905195
-955.45166,317.7421,9.906872,9.906872
-954.4533,317.79767,9.908548,9.908548
-953.4549,317.8524,9.910198,9.910198
-952.4564,317.90622,9.911833,9.911833
-951.4579,317.9592,9.913467,9.913467
-950.45935,318.01132,9.915074,9.915074
-949.46075,318.0626,9.916666,9.916666
-948.4621,318.11304,9.918259,9.918259
-947.46344,318.16263,9.919822,9.919822
-946.4647,318.21143,9.9213705,9.9213705
-945.46594,318.25937,9.922919,9.922919
-944.46716,318.3065,9.92444,9.92444
-943.4683,318.3528,9.925946,9.925946
-942.4694,318.39832,9.927451,9.927451
-941.4705,318.44302,9.92893,9.92893
-940.47156,318.48697,9.93039,9.93039
-939.4726,318.5301,9.931851,9.931851
-938.4736,318.57245,9.93329,9.93329
-937.47455,318.614,9.934705,9.934705
-936.47546,318.65482,9.936121,9.936121
-935.4763,318.69485,9.937519,9.937519
-934.4772,318.73413,9.938889,9.938889
-933.478,318.77267,9.940258,9.940258
-932.4788,318.81046,9.941618,9.941618
-931.4796,318.8475,9.94294,9.94294
-930.48035,318.88382,9.9442625,9.9442625
-929.4811,318.9194,9.945585,9.945585
-928.48175,318.95425,9.946859,9.946859
-927.4824,318.9884,9.948134,9.948134
-926.4831,319.02185,9.9494095,9.9494095
-925.4837,319.0546,9.950647,9.950647
-924.4843,319.08664,9.951874,9.951874
-923.4849,319.11798,9.953099,9.953099
-922.4855,319.14865,9.954303,9.954303
-921.486,319.17865,9.955479,9.955479
-920.4865,319.20795,9.9566555,9.9566555
-919.487,319.2366,9.957827,9.957827
-918.4875,319.26462,9.958952,9.958952
-917.488,319.29193,9.960077,9.960077
-916.4884,319.31863,9.961203,9.961203
-915.48883,319.3447,9.962292,9.962292
-914.48926,319.37012,9.963366,9.963366
-913.4896,319.3949,9.964438,9.964438
-912.49,319.41907,9.9655,9.9655
-911.49036,319.44263,9.966519,9.966519
-910.4907,319.46558,9.96754,9.96754
-909.4911,319.48795,9.96856,9.96856
-908.4914,319.50967,9.969542,9.969542
-907.4917,319.53085,9.970508,9.970508
-906.492,319.55142,9.971474,9.971474
-905.4923,319.57144,9.972432,9.972432
-904.49255,319.59088,9.973342,9.973342
-903.49286,319.60977,9.974252,9.974252
-902.4931,319.62808,9.975162,9.975162
-901.49335,319.64584,9.976046,9.976046
-900.4936,319.6631,9.976898,9.976898
-899.4938,319.67978,9.977751,9.977751
-898.494,319.69595,9.978602,9.978602
-897.4942,319.7116,9.979413,9.979413
-896.49445,319.72675,9.9802065,9.9802065
-895.4946,319.74136,9.981,9.981
-894.4948,319.7555,9.981792,9.981792
-893.495,319.76913,9.982533,9.982533
-892.4952,319.7823,9.983266,9.983266
-891.49536,319.79495,9.983997,9.983997
-890.4955,319.80716,9.984729,9.984729
-889.49567,319.81888,9.985404,9.985404
-888.4958,319.83017,9.986073,9.986073
-887.496,319.841,9.986741,9.986741
-886.4961,319.85138,9.98741,9.98741
-885.4962,319.86133,9.988024,9.988024
-884.4964,319.87085,9.9886265,9.9886265
-883.4965,319.87994,9.989228,9.989228
-882.49664,319.88864,9.989831,9.989831
-881.49677,319.8969,9.990393,9.990393
-880.4969,319.90482,9.990926,9.990926
-879.497,319.91232,9.991459,9.991459
-878.4971,319.91943,9.991992,9.991992
-877.4972,319.92618,9.992514,9.992514
-876.4973,319.93256,9.992973,9.992973
-875.49744,319.9386,9.993433,9.993433
-874.49756,319.94427,9.993894,9.993894
-873.4976,319.94962,9.994353,9.994353
-872.49774,319.95462,9.994774,9.994774
-871.4978,319.9593,9.995155,9.995155
-870.4979,319.96365,9.995538,9.995538
-869.49805,319.9677,9.995919,9.995919
-868.4981,319.9715,9.996302,9.996302
-867.4982,319.97498,9.996636,9.996636
-866.4983,319.97815,9.996934,9.996934
-865.4984,319.9811,9.997231,9.997231
-864.4985,319.98376,9.997528,9.997528
-863.4986,319.9862,9.997826,9.997826
-862.49866,319.98837,9.998107,9.998107
-861.4988,319.99033,9.998309,9.998309
-860.49884,319.99207,9.998511,9.998511
-859.49896,319.9936,9.9987135,9.9987135
-858.499,319.99493,9.998916,9.998916
-857.49915,319.99606,9.999118,9.999118
-856.4992,319.997,9.999318,9.999318
-855.49927,319.9978,9.999393,9.999393
-854.4994,319.99844,9.99947,9.99947
-853.49945,319.99896,9.999545,9.999545
-852.4996,319.99933,9.999621,9.999621
-851.49963,319.9996,9.999697,9.999697
-850.49976,319.9998,9.999773,9.999773
-849.4998,319.9999,9.999848,9.999848
-848.49994,319.99997,9.999925,9.999925
