# x_m,y_m,w_tr_right_m,w_tr_left_m
-1.439216,-1.563132,5.989,6.117
-1.3936743,-0.56424016,5.9905996,6.118
-1.3481382,0.4346519,5.9921994,6.1189995
-1.302608,1.4335443,5.993799,6.1199994
-1.2570835,2.432437,5.995399,6.1209993
-1.2115647,3.4313297,5.996999,6.1219993
-1.1660514,4.430223,5.998598,6.122999
-1.1205437,5.4291162,6.000198,6.1239986
-1.0750415,6.42801,6.0017977,6.1249986
-1.0295447,7.4269037,6.0033975,6.1259985
-0.98405343,8.425797,6.0049973,6.1269984
-0.9385675,9.424692,6.006597,6.127998
-0.89308697,10.423587,6.008197,6.128998
-0.8476118,11.422482,6.009796,6.1299977
-0.8021419,12.421377,6.011396,6.1309977
-0.75667727,13.420272,6.0129957,6.1319976
-0.71121794,14.4191675,6.0145955,6.132997
-0.66576385,15.418063,6.0161953,6.133997
-0.6203149,16.41696,6.017795,6.134997
-0.574871,17.415855,6.019395,6.135997
-0.5294322,18.414753,6.020994,6.1369963
-0.48399836,19.413649,6.022594,6.137996
-0.4385695,20.412546,6.024194,6.138996
-0.3931455,21.411444,6.0257936,6.139996
-0.3477264,22.410341,6.0273933,6.140996
-0.30231217,23.409239,6.028993,6.1419954
-0.25690272,24.408136,6.030593,6.1429954
-0.21149805,25.407034,6.032192,6.1439953
-0.1660981,26.405931,6.033792,6.144995
-0.12070283,27.40483,6.035392,6.145995
-0.07531221,28.40373,6.0369916,6.1469946
-0.029926188,29.402628,6.0385914,6.1479945
0.015455276,30.401527,6.040191,6.1489944
0.060832225,31.400427,6.0417905,6.1499944
0.106204696,32.399326,6.0433903,6.150994
0.15157275,33.398228,6.04499,6.1519938
0.1969364,34.397125,6.04659,6.1529937
0.24229568,35.396027,6.0481896,6.1539936
0.28765061,36.394928,6.0497894,6.1549935
0.33300126,37.393826,6.051389,6.155993
0.3783476,38.392727,6.0529885,6.156993
0.42368966,39.39163,6.0545883,6.157993
0.46902752,40.39053,6.056188,6.158993
0.51436126,41.38943,6.057788,6.159992
0.5596909,42.388332,6.0593877,6.160992
0.60501647,43.387234,6.0609875,6.161992
0.6503381,44.386135,6.0625873,6.162992
0.69565576,45.385036,6.0641866,6.163992
0.74096954,46.38394,6.0657864,6.1649914
0.7862794,47.382843,6.067386,6.1659913
0.8315853,48.381744,6.068986,6.166991
0.8768874,49.38065,6.0705857,6.167991
0.9221856,50.37955,6.0721855,6.1689906
0.9674801,51.378452,6.073785,6.1699905
1.0127709,52.377357,6.0753846,6.1709905
1.058058,53.37626,6.0769844,6.1719904
1.1033417,54.375164,6.078584,6.1729903
1.1486217,55.37407,6.080184,6.17399
1.1938982,56.37297,6.081784,6.1749897
1.2391713,57.371876,6.083383,6.1759896
1.2844409,58.37078,6.084983,6.1769896
1.3297071,59.369682,6.0865827,6.177989
1.3749701,60.368587,6.0881824,6.178989
1.4202296,61.367493,6.089782,6.179989
1.4654858,62.366398,6.091382,6.180989
1.5107387,63.365303,6.092982,6.1819887
1.5559884,64.364204,6.094581,6.182988
1.6012349,65.36311,6.096181,6.183988
1.6464782,66.362015,6.0977807,6.184988
1.6917185,67.36092,6.0993805,6.185988
1.7369556,68.35983,6.1009803,6.1869874
1.7821897,69.358734,6.10258,6.1879873
1.827421,70.35764,6.1041794,6.1889873
1.8726493,71.356544,6.105779,6.189987
1.9178748,72.35545,6.107379,6.190987
1.9630975,73.35436,6.1089787,6.1919866
2.0083172,74.353264,6.110776,6.1929865
2.0535343,75.35217,6.1125755,6.1939864
2.0987487,76.35108,6.114375,6.1949863
2.1439605,77.34998,6.1161747,6.195986
2.1891694,78.34889,6.1179743,6.1969857
2.2343757,79.3478,6.119577,6.1979856
2.2795794,80.34671,6.1211767,6.1989856
2.3247805,81.34561,6.1227765,6.1999855
2.3699791,82.34452,6.1243763,6.200985
2.4151752,83.34343,6.125976,6.201985
2.4603689,84.34234,6.1275754,6.202985
2.5055602,85.34125,6.129175,6.2039847
2.5507493,86.34016,6.130775,6.204984
2.5959358,87.33906,6.132375,6.205984
2.6411202,88.33797,6.1339746,6.206984
2.6863024,89.336876,6.1355743,6.207984
2.7314825,90.335785,6.137174,6.208984
2.7766607,91.334694,6.1387734,6.2099833
2.8218365,92.3336,6.140373,6.2109833
2.8670104,93.33251,6.141973,6.211983
2.912182,94.33142,6.143573,6.212983
2.957352,95.33033,6.1451726,6.2139826
3.0025198,96.32924,6.1467724,6.2149825
3.0476856,97.32815,6.1483717,6.2159824
3.0928495,98.32706,6.1499715,6.2169824
3.1380112,99.325966,6.1515713,6.2179823
3.1831713,100.324875,6.153171,6.2189817
3.2283292,101.323784,6.154771,6.2199817
3.2734854,102.32269,6.1563706,6.2209816
3.3186398,103.3216,6.1579704,6.2219815
3.3637924,104.32051,6.1595697,6.2229815
3.4089432,105.31942,6.1611695,6.223981
3.4540925,106.31833,6.1627693,6.224981
3.49924,107.31724,6.164369,6.2259808
3.544386,108.31615,6.165969,6.2269807
3.5895302,109.315056,6.1675687,6.22798
3.6346729,110.31397,6.1691685,6.22898
3.6798139,111.31288,6.170768,6.22998
3.7249534,112.31179,6.1723676,6.23098
3.7700913,113.3107,6.1739674,6.23198
3.8152275,114.30961,6.175567,6.2329793
3.8603623,115.30852,6.177167,6.233979
3.9054954,116.30743,6.1787667,6.234979
3.9506273,117.30634,6.180366,6.235979
3.9957576,118.30525,6.181966,6.2369785
4.040887,119.30416,6.1835656,6.2379785
4.0860143,120.30307,6.1851654,6.2389784
4.1311407,121.30198,6.186765,6.2399783
4.176266,122.300896,6.188365,6.2409782
4.2213902,123.299805,6.189965,6.2419777
4.266513,124.29871,6.191564,6.2429776
4.3116345,125.29762,6.193164,6.2439775
4.356755,126.29654,6.1947637,6.2449775
4.4018736,127.29545,6.1963634,6.2459774
4.4469914,128.29436,6.197963,6.246977
4.4921083,129.29327,6.199563,6.247977
4.537224,130.29218,6.201163,6.2489767
4.5823383,131.29109,6.202762,6.2499766
4.627452,132.29001,6.204362,6.250976
4.672564,133.28891,6.2059617,6.251976
4.7176757,134.28783,6.2075615,6.252976
4.7627864,135.28674,6.2091613,6.253976
4.807896,136.28564,6.210761,6.254976
4.853005,137.28456,6.212361,6.2559752
4.898113,138.28348,6.21396,6.256975
4.9432197,139.28238,6.21556,6.257975
4.988326,140.2813,6.2171597,6.258975
5.0334315,141.28021,6.2187595,6.2599745
5.0785365,142.27911,6.2203593,6.2609744
5.1236405,143.27803,6.221959,6.2619743
5.1687436,144.27695,6.223559,6.2629743
5.213846,145.27585,6.225158,6.263974
5.2589483,146.27477,6.226758,6.2649736
5.3040495,147.27368,6.228358,6.2659736
5.34915,148.27258,6.2299576,6.2669735
5.39425,149.2715,6.2315574,6.2679734
5.4393497,150.27042,6.233157,6.2689734
5.4844484,151.26932,6.234757,6.269973
5.5295467,152.26823,6.2363563,6.2709727
5.5746446,153.26715,6.237956,6.2719727
5.619742,154.26607,6.239556,6.2729726
5.664839,155.26497,6.2411556,6.273972
5.7099357,156.26389,6.2427554,6.274972
5.7550316,157.2628,6.244355,6.275972
5.8001275,158.2617,6.245955,6.276972
5.845223,159.26062,6.2475543,6.2779717
5.8903184,160.25954,6.249154,6.278971
5.935414,161.25844,6.250754,6.279971
5.980509,162.25735,6.2523537,6.280971
6.0256033,163.25627,6.2539535,6.281971
6.070698,164.25519,6.2555532,6.282971
6.1157923,165.25409,6.257153,6.2839704
6.1608863,166.253,6.2587523,6.2849703
6.2059803,167.25192,6.260352,6.28597
6.2510743,168.25082,6.261952,6.28697
6.2961683,169.24974,6.2635517,6.28797
6.3412623,170.24866,6.2651515,6.2889695
6.3863564,171.24756,6.2667513,6.2899694
6.43145,172.24648,6.268351,6.2909694
6.476544,173.24539,6.2699504,6.2919693
6.521638,174.24431,6.27155,6.2929688
6.566732,175.24321,6.27315,6.2939687
6.611826,176.24213,6.2747498,6.2949686
6.6569204,177.24104,6.2763495,6.2959685
6.702015,178.23994,6.2779493,6.2969685
6.74711,179.23886,6.279549,6.297968
6.7922053,180.23778,6.281149,6.298968
6.837301,181.2367,6.282748,6.299968
6.8823967,182.2356,6.284348,6.3009677
6.927493,183.23451,6.285948,6.3019676
6.972589,184.23343,6.2875476,6.302967
7.017686,185.23233,6.2891474,6.303967
7.062783,186.23125,6.290747,6.304967
7.10788,187.23016,6.292347,6.305967
7.152978,188.22906,6.2939463,6.3069663
7.1980762,189.22798,6.295546,6.307966
7.2431755,190.2269,6.297146,6.308966
7.288275,191.2258,6.2987456,6.309966
7.333375,192.22472,6.3003454,6.310966
7.3784757,193.22363,6.301945,6.3119655
7.4235773,194.22255,6.303545,6.3129654
7.468679,195.22145,6.3051443,6.3139653
7.5137815,196.22037,6.306744,6.3149652
7.558885,197.21928,6.308344,6.315965
7.6039886,198.21819,6.3099437,6.3169646
7.6490936,199.2171,6.3115435,6.3179646
7.694199,200.21602,6.3131433,6.3189645
7.7393055,201.21492,6.314743,6.3199644
7.784413,202.21384,6.316343,6.3209643
7.8295207,203.21275,6.317942,6.321964
7.87463,204.21165,6.319542,6.3229637
7.9197397,205.21057,6.3211417,6.3239636
7.9648504,206.20949,6.3227415,6.3249636
8.009962,207.20839,6.3243413,6.3259635
8.055075,208.2073,6.325941,6.326963
8.100188,209.20622,6.327541,6.327963
8.145304,210.20512,6.32914,6.328963
8.190419,211.20404,6.33074,6.3299627
8.235536,212.20294,6.33234,6.330962
8.280654,213.20186,6.3339396,6.331962
8.325773,214.20078,6.3355393,6.332962
8.3708935,215.19968,6.337139,6.333962
8.416015,216.1986,6.338739,6.334962
8.461138,217.19751,6.3403387,6.3359613
8.506262,218.19641,6.341938,6.3369613
8.551388,219.19533,6.343538,6.337961
8.596514,220.19423,6.3451376,6.338961
8.641642,221.19315,6.3467374,6.339961
8.686771,222.19206,6.348337,6.3409605
8.731902,223.19096,6.349937,6.3419604
8.777034,224.18988,6.3515368,6.3429604
8.822167,225.18878,6.353136,6.3439603
8.867303,226.1877,6.354736,6.34496
8.912439,227.18661,6.3563356,6.3459597
8.957577,228.18552,6.3579354,6.3469596
9.002717,229.18443,6.359535,6.3479595
9.047858,230.18333,6.361135,6.3489594
9.093,231.18225,6.362735,6.3499594
9.138145,232.18115,6.3643346,6.350959
9.183291,233.18007,6.365934,6.3519588
9.228439,234.17897,6.3675337,6.3529587
9.273588,235.17789,6.3691335,6.3539586
9.31874,236.1768,6.3707333,6.3549585
9.363893,237.1757,6.372333,6.355958
9.409047,238.17462,6.373933,6.356958
9.454204,239.17352,6.3755326,6.357958
9.499363,240.17244,6.3771324,6.358958
9.544523,241.17134,6.3787317,6.359957
9.589685,242.17026,6.3803315,6.360957
9.63485,243.16916,6.3819313,6.361957
9.680016,244.16808,6.383531,6.362957
9.7251835,245.16698,6.385131,6.363957
9.770353,246.1659,6.3867307,6.3649564
9.815525,247.1648,6.3883305,6.3659563
9.8607,248.16371,6.38993,6.366956
9.905875,249.16261,6.3915296,6.367956
9.951054,250.16151,6.3931293,6.368956
9.996234,251.16043,6.394729,6.3699555
10.041417,252.15933,6.396329,6.3709555
10.086601,253.15825,6.3979287,6.3719554
10.131788,254.15715,6.3995285,6.3729553
10.176978,255.15607,6.4011283,6.3739552
10.22217,256.15497,6.4027276,6.3749547
10.267364,257.15387,6.4043274,6.3759546
10.312559,258.15277,6.405927,6.3769546
10.357758,259.1517,6.407527,6.3779545
10.402959,260.1506,6.4091268,6.3789544
10.448162,261.1495,6.4107265,6.379954
10.493367,262.1484,6.4123263,6.380954
10.538575,263.1473,6.413926,6.3819537
10.583786,264.14624,6.4155254,6.3829536
10.628999,265.14514,6.417125,6.3839536
10.674214,266.14404,6.418725,6.384953
10.719433,267.14294,6.420325,6.385953
10.764653,268.14185,6.4219246,6.386953
10.809877,269.14075,6.4235244,6.387953
10.8551035,270.13968,6.425124,6.3889527
10.900332,271.13858,6.426724,6.389952
10.945563,272.13748,6.4283233,6.390952
10.990798,273.13638,6.429923,6.391952
11.036035,274.13528,6.431523,6.392952
11.081274,275.1342,6.4331226,6.393952
11.126516,276.1331,6.4347224,6.3949513
11.1717615,277.13202,6.436322,6.3959513
11.21701,278.13092,6.437922,6.396951
11.26226,279.12982,6.439522,6.397951
11.307515,280.12872,6.441121,6.398951
11.352772,281.12762,6.442721,6.3999505
11.398031,282.12653,6.4443207,6.4009504
11.443295,283.12543,6.4459205,6.4019504
11.488561,284.12433,6.4475203,6.4029503
11.533829,285.12323,6.44912,6.4039497
11.579101,286.12216,6.45072,6.4049497
11.624375,287.12106,6.4523196,6.4059496
11.669654,288.11996,6.453919,6.4069495
11.714934,289.11887,6.4555187,6.4079494
11.76022,290.11777,6.4571185,6.408949
11.805507,291.11667,6.4587183,6.409949
11.850799,292.11557,6.460318,6.4109488
11.896092,293.11447,6.461918,6.4119487
11.94139,294.11337,6.4635177,6.4129486
11.9866905,295.11227,6.4651175,6.413948
12.031994,296.11118,6.466717,6.414948
12.077302,297.11008,6.4683166,6.415948
12.122612,298.10898,6.4699163,6.416948
12.167927,299.10788,6.471516,6.417948
12.213244,300.10678,6.473116,6.418947
12.258565,301.10568,6.4747157,6.419947
12.30389,302.10458,6.4763155,6.420947
12.349218,303.1035,6.4779153,6.421947
12.394549,304.1024,6.4795146,6.422947
12.439885,305.1013,6.4811144,6.4239464
12.485224,306.1002,6.482714,6.4249463
12.530566,307.0991,6.484314,6.425946
12.575912,308.098,6.4859138,6.426946
12.621263,309.0969,6.4875135,6.427946
12.666616,310.0958,6.4891133,6.4289455
12.711974,311.0947,6.490713,6.4299455
12.757335,312.0936,6.4923124,6.4309454
12.8027,313.0925,6.493912,6.4319453
12.848068,314.0914,6.495512,6.4329453
12.893441,315.0903,6.497112,6.4339447
12.938817,316.0892,6.4987116,6.4349446
12.984198,317.0881,6.5003114,6.4359446
13.029581,318.087,6.501911,6.4369445
13.074969,319.0859,6.503511,6.4379444
13.120361,320.0848,6.5051107,6.438944
13.165757,321.08368,6.50671,6.439944
13.211157,322.08258,6.50831,6.4409437
13.256561,323.08148,6.5099096,6.4419436
13.30197,324.08038,6.5115094,6.4429436
13.347382,325.07928,6.513109,6.443943
13.392798,326.0782,6.514709,6.444943
13.438219,327.0771,6.516309,6.445943
13.483644,328.076,6.5179086,6.446943
13.529073,329.07486,6.519508,6.4479427
13.574506,330.07376,6.5211077,6.448942
13.619944,331.07266,6.5227075,6.449942
13.665385,332.07156,6.5243073,6.450942
13.710832,333.07047,6.525907,6.451942
13.756282,334.06937,6.527507,6.452942
13.801737,335.06824,6.5291066,6.4539413
13.847196,336.06714,6.5307064,6.4549413
13.89266,337.06604,6.5323057,6.455941
13.9381275,338.06494,6.5339055,6.456941
13.983601,339.06384,6.5355053,6.457941
14.029078,340.0627,6.537105,6.4589405
14.074559,341.0616,6.538705,6.4599404
14.120046,342.06052,6.5403047,6.4609404
14.165537,343.05942,6.5419044,6.4619403
14.211032,344.05832,6.543504,6.46294
14.256532,345.0572,6.545104,6.4639397
14.302037,346.0561,6.5467033,6.4649396
14.347547,347.055,6.548303,6.4659395
14.393061,348.05386,6.549903,6.4669394
14.43858,349.05276,6.5516906,6.4679394
14.484103,350.05167,6.55349,6.468939
14.529632,351.05057,6.5552897,6.4699388
14.575165,352.04944,6.55709,6.4709387
14.620704,353.04834,6.5588894,6.4719386
14.666246,354.04724,6.5605016,6.4729385
14.711794,355.0461,6.562101,6.473938
14.757347,356.045,6.5637007,6.474938
14.802905,357.0439,6.5653005,6.475938
14.848468,358.0428,6.5669003,6.476938
14.894035,359.0417,6.5685,6.4779377
14.939609,360.0406,6.5701,6.478937
14.985187,361.03946,6.5716996,6.479937
15.030769,362.03836,6.5732994,6.480937
15.076358,363.03726,6.574899,6.481937
15.121951,364.03613,6.5764985,6.482937
15.16755,365.03503,6.5780983,6.4839363
15.213153,366.0339,6.579698,6.484936
15.258762,367.0328,6.581298,6.485936
15.304376,368.0317,6.5828977,6.486936
15.349996,369.03058,6.5844975,6.487936
15.39562,370.02948,6.5860972,6.4889355
15.44125,371.02835,6.587697,6.4899354
15.486885,372.02725,6.5892963,6.4909353
15.532526,373.02612,6.590896,6.4919353
15.578173,374.02502,6.592496,6.492935
15.623824,375.0239,6.5940957,6.4939346
15.669481,376.0228,6.5956955,6.4949346
15.715144,377.02167,6.5972953,6.4959345
15.760813,378.02057,6.598895,6.4969344
15.806486,379.01944,6.600495,6.4979343
15.852165,380.01834,6.6020947,6.498934
15.897851,381.0172,6.603694,6.4999337
15.943542,382.0161,6.6052938,6.5009336
15.989237,383.01498,6.6068935,6.5019336
16.034939,384.0139,6.6084933,6.5029335
16.080647,385.01276,6.610093,6.503933
16.12636,386.01166,6.611693,6.504933
16.17208,387.01053,6.6132927,6.505933
16.217804,388.0094,6.6148925,6.5069327
16.263535,389.0083,6.616492,6.5079327
16.30927,390.00717,6.6180916,6.508932
16.355013,391.00607,6.6196914,6.509932
16.40076,392.00494,6.621291,6.510932
16.446514,393.0038,6.622891,6.511932
16.492275,394.00272,6.6244907,6.512932
16.538042,395.0016,6.6260905,6.5139318
16.583813,396.00046,6.6276903,6.514931
16.629591,396.99936,6.62929,6.515931
16.675375,397.99823,6.6308894,6.516931
16.721167,398.9971,6.632489,6.517931
16.766962,399.996,6.634089,6.518931
16.812765,400.99487,6.635689,6.5199304
16.858574,401.99374,6.6372886,6.5209303
16.904388,402.99265,6.6388884,6.52193
16.950209,403.99152,6.640488,6.52293
16.996037,404.9904,6.642088,6.52393
17.04187,405.98926,6.6436877,6.5249295
17.08771,406.98816,6.645287,6.5259295
17.133556,407.98703,6.646887,6.5269294
17.179409,408.9859,6.6484866,6.5279293
17.225267,409.98477,6.6500864,6.528929
17.271133,410.98364,6.651686,6.5299287
17.317005,411.98254,6.653286,6.5309286
17.362883,412.9814,6.654886,6.5319285
17.408768,413.9803,6.6564856,6.5329285
17.454659,414.97916,6.658085,6.5339284
17.500555,415.97803,6.6596847,6.534928
17.546461,416.9769,6.6612844,6.535928
17.592371,417.9758,6.662884,6.5369277
17.638288,418.97467,6.664484,6.5379276
17.684212,419.97354,6.666084,6.5389276
17.730143,420.9724,6.6676836,6.539927
17.776081,421.97128,6.6692834,6.540927
17.822023,422.97015,6.670883,6.541927
17.867975,423.96902,6.6724825,6.542927
17.913933,424.9679,6.6740823,6.5439267
17.959896,425.96677,6.675682,6.544926
18.005869,426.96564,6.677282,6.545926
18.051846,427.9645,6.6788816,6.546926
18.097832,428.96338,6.6804814,6.547926
18.143824,429.96225,6.682081,6.548926
18.189821,430.96112,6.683681,6.5499253
18.235825,431.96,6.6852803,6.5509253
18.281832,432.95886,6.68688,6.551925
18.327845,433.95773,6.68848,6.552925
18.37386,434.9566,6.6900797,6.553925
18.419878,435.95547,6.6916795,6.5549245
18.4659,436.95435,6.6932793,6.5559244
18.511923,437.95322,6.694879,6.5569243
18.55795,438.9521,6.696479,6.5579243
18.603973,439.95096,6.6980786,6.558924
18.65,440.94983,6.699678,6.5599236
18.696024,441.9487,6.7012777,6.5609236
18.74205,442.94757,6.7028775,6.5619235
18.788073,443.94644,6.7044773,6.5629234
18.834093,444.9453,6.706077,6.5639234
18.880112,445.94418,6.707677,6.564923
18.926128,446.94305,6.7092767,6.5659227
18.97214,447.94193,6.7108765,6.5669227
19.018147,448.9408,6.7124763,6.5679226
19.064148,449.93967,6.7140756,6.5689225
19.110146,450.93854,6.7156754,6.569922
19.156136,451.9374,6.717275,6.570922
19.20212,452.93628,6.718875,6.571922
19.248096,453.93515,6.7204747,6.5729218
19.294064,454.93402,6.7220745,6.5739217
19.340025,455.9329,6.7236743,6.574921
19.385977,456.93176,6.725274,6.575921
19.43192,457.93063,6.7268734,6.576921
19.47785,458.9295,6.728473,6.577921
19.523771,459.92838,6.730073,6.578921
19.569681,460.92728,6.731673,6.5799203
19.615578,461.92615,6.7332726,6.58092
19.661463,462.92502,6.7348723,6.58192
19.707336,463.9239,6.736472,6.58292
19.753195,464.92276,6.738072,6.58392
19.79904,465.92163,6.7396717,6.5849195
19.84487,466.92053,6.741271,6.5859194
19.890684,467.9194,6.742871,6.5869193
19.936483,468.91827,6.7444706,6.588103
19.982265,469.91718,6.7460704,6.589303
20.02803,470.91605,6.74767,6.5905027
20.073778,471.91492,6.74927,6.5917025
20.119507,472.91382,6.7508698,6.592902
20.165216,473.9127,6.7524695,6.5939183
20.210909,474.9116,6.754069,6.5949183
20.25658,475.91046,6.7556686,6.595918
20.30223,476.90936,6.7572684,6.5969176
20.34786,477.90823,6.758868,6.5979176
20.393469,478.90714,6.760468,6.5989175
20.439054,479.906,6.762068,6.5999174
20.484617,480.9049,6.7636676,6.6009173
20.530157,481.9038,6.7652674,6.601917
20.575672,482.9027,6.766867,6.6029167
20.621164,483.90158,6.7684665,6.6039166
20.66663,484.90048,6.7700663,6.6049166
20.71207,485.89938,6.771666,6.6059165
20.757484,486.8983,6.773266,6.606916
20.802872,487.8972,6.7748656,6.607916
20.848232,488.8961,6.7764654,6.608916
20.893564,489.895,6.778065,6.6099157
20.938868,490.8939,6.779665,6.6109157
20.98414,491.8928,6.7812643,6.611915
21.029385,492.8917,6.782864,6.612915
21.0746,493.8906,6.784464,6.613915
21.119783,494.8895,6.7860637,6.614915
21.164936,495.88843,6.7876635,6.615915
21.210056,496.88733,6.7892632,6.6169143
21.255142,497.88623,6.790863,6.617914
21.300198,498.88516,6.792463,6.618914
21.345217,499.88406,6.794062,6.619914
21.390203,500.883,6.795662,6.620914
21.435154,501.8819,6.7972617,6.6219134
21.48007,502.88083,6.7988615,6.6229134
21.52495,503.87976,6.8004613,6.6239133
21.569792,504.87866,6.802061,6.624913
21.614597,505.8776,6.803661,6.625913
21.659367,506.87653,6.8052607,6.6269126
21.704096,507.87546,6.80686,6.6279125
21.748787,508.8744,6.8084598,6.6289124
21.793438,509.87332,6.8100595,6.6299124
21.838049,510.87225,6.8116593,6.6309123
21.88262,511.8712,6.813259,6.6319118
21.927149,512.8701,6.814859,6.6329117
21.971636,513.8691,6.8164587,6.6339116
22.01608,514.868,6.818058,6.6349115
22.060482,515.86694,6.819658,6.6359115
22.104841,516.8659,6.8212576,6.636911
22.149155,517.8648,6.8228574,6.637911
22.193424,518.8638,6.824457,6.638911
22.23765,519.86273,6.826057,6.6399107
22.281828,520.8617,6.8276567,6.64091
22.32596,521.86066,6.8292565,6.64191
22.370045,522.8596,6.830856,6.64291
22.414083,523.8586,6.8324556,6.64391
22.458073,524.85754,6.8340554,6.64491
22.502012,525.8565,6.835655,6.6459093
22.545904,526.85547,6.837255,6.646909
22.589746,527.85443,6.838855,6.647909
22.633537,528.8534,6.8404546,6.648909
22.677277,529.85236,6.842054,6.649909
22.720964,530.8513,6.8436537,6.6509085
22.7646,531.85034,6.8452535,6.6519084
22.808184,532.8493,6.8468533,6.6529083
22.851715,533.84827,6.848453,6.6539083
22.895191,534.8472,6.850053,6.6549077
22.938612,535.84625,6.8516526,6.6559076
22.98198,536.8452,6.853252,6.6569076
23.025291,537.84424,6.8548517,6.6579075
23.068546,538.8432,6.8564515,6.6589074
23.111744,539.8422,6.8580513,6.659907
23.154884,540.8412,6.859651,6.660907
23.197968,541.8402,6.861251,6.6619067
23.240992,542.83923,6.86285,6.6629066
23.283957,543.8382,6.86445,6.6639066
23.32686,544.8372,6.86605,6.664906
23.369707,545.83624,6.8676496,6.665906
23.41249,546.83527,6.8692493,6.666906
23.455214,547.8343,6.870849,6.667906
23.497873,548.8333,6.872449,6.6689053
23.540472,549.83234,6.874048,6.669905
23.583008,550.83136,6.875648,6.670905
23.625479,551.8304,6.877248,6.671905
23.667887,552.8294,6.8788476,6.6729045
23.71023,553.8284,6.8804474,6.6739044
23.752506,554.82745,6.882047,6.6749043
23.794718,555.8265,6.8836465,6.6759043
23.83686,556.82556,6.8852463,6.676904
23.878939,557.8246,6.886846,6.6779037
23.920948,558.8236,6.888446,6.6789036
23.962889,559.8227,6.8900456,6.6799035
24.00476,560.8217,6.8916454,6.6809034
24.046564,561.8208,6.8932447,6.681903
24.088297,562.8198,6.8948445,6.682903
24.12996,563.8189,6.8964443,6.6839027
24.171549,564.818,6.898044,6.6849027
24.213068,565.817,6.899644,6.685902
24.254515,566.8161,6.901243,6.686902
24.295889,567.8152,6.902843,6.687902
24.33719,568.8143,6.904443,6.688902
24.378416,569.81335,6.9060426,6.6899014
24.419567,570.81244,6.9076424,6.6909013
24.460644,571.8115,6.9092417,6.691901
24.501644,572.8106,6.9108415,6.692901
24.542568,573.8097,6.915684,6.699486
24.583416,574.8088,6.920883,6.7066846
24.624186,575.80786,6.926082,6.713883
24.664877,576.807,6.931281,6.7210817
24.705488,577.8061,6.93648,6.72828
24.746023,578.8052,6.9425793,6.7370987
24.786476,579.8043,6.9487777,6.746097
24.826849,580.8034,6.9549766,6.755095
24.867142,581.80255,6.9611754,6.7640934
24.907352,582.80164,6.9673743,6.773092
24.947481,583.8008,6.973573,6.7820897
24.987528,584.7999,6.9797716,6.791088
25.02749,585.799,6.9859705,6.800086
25.06737,586.79816,6.9921694,6.8090844
25.107162,587.7973,6.9983683,6.818083
25.146872,588.79645,7.0045667,6.8270807
25.186495,589.7956,7.0107656,6.836079
25.226032,590.79474,7.0169644,6.845077
25.265484,591.7939,7.023163,6.8540754
25.304848,592.793,7.0293617,6.8630733
25.344122,593.7922,7.0355606,6.872251
25.38331,594.7914,7.041759,6.881449
25.422407,595.7905,7.047958,6.8906474
25.461416,596.7897,7.054157,6.8998456
25.500334,597.7889,7.060355,6.9090433
25.53916,598.788,7.0667334,6.918062
25.577898,599.78723,7.073132,6.9270606
25.616547,600.7864,7.0795307,6.9360585
25.655113,601.7856,7.0859294,6.945057
25.693594,602.7848,7.092328,6.954055
25.731995,603.784,7.0985475,6.9630527
25.770315,604.78314,7.1047463,6.972051
25.80856,605.78235,7.110945,6.981049
25.84673,606.78156,7.1171436,6.9900475
25.884827,607.78076,7.1233425,6.9990454
25.922853,608.77997,7.129541,7.008222
25.960812,609.7792,7.13574,7.0174203
25.998703,610.7784,7.1419387,7.0266185
26.036531,611.7776,7.148137,7.0358167
26.074299,612.7768,7.154336,7.0450144
26.112005,613.77606,7.160535,7.054034
26.149654,614.77527,7.1667333,7.063032
26.187248,615.7745,7.172932,7.0720305
26.224789,616.7737,7.179131,7.0810285
26.26228,617.77295,7.1853294,7.090027
26.29972,618.77216,7.1915283,7.0990252
26.337114,619.77136,7.197727,7.108023
26.374464,620.7706,7.203926,7.1170216
26.411772,621.76984,7.210125,7.12602
26.44904,622.7691,7.2163234,7.135018
26.486267,623.7683,7.2225223,7.1440163
26.52346,624.7676,7.228721,7.1530147
26.56062,625.7668,7.23492,7.162013
26.597746,626.76605,7.241119,7.1710114
26.634844,627.76526,7.247318,7.18001
26.671913,628.7645,7.2535167,7.1891866
26.708958,629.7638,7.259716,7.198385
26.74598,630.763,7.265915,7.2075834
26.78298,631.76227,7.272114,7.2167816
26.819962,632.7615,7.2783127,7.2259803
26.856928,633.76074,7.284512,7.235001
26.893879,634.76,7.290711,7.244
26.930817,635.7592,7.29691,7.2529984
26.967745,636.7585,7.303109,7.261997
27.004665,637.75775,7.309308,7.2709956
27.04158,638.75696,7.3155074,7.2799945
27.078491,639.7562,7.321707,7.2889934
27.115398,640.7555,7.327906,7.297992
27.15231,641.75476,7.334105,7.3069916
27.18922,642.75397,7.3403044,7.3159904
27.226137,643.75323,7.3465037,7.3249893
27.263062,644.7525,7.352703,7.3339887
27.299994,645.7517,7.3589025,7.3429875
27.336939,646.751,7.365102,7.351987
27.373896,647.75024,7.371301,7.3609858
27.41087,648.74945,7.3776784,7.3701625
27.44786,649.7487,7.384078,7.379362
27.48487,650.7479,7.3904777,7.3885612
27.521904,651.7472,7.3968773,7.397761
27.558962,652.74646,7.4032764,7.40696
27.596045,653.74567,7.409499,7.4159822
27.633158,654.74493,7.415699,7.424982
27.6703,655.74414,7.4218984,7.433982
27.707476,656.7434,7.428098,7.4429817
27.744686,657.7426,7.434298,7.451981
27.781935,658.7419,7.4404984,7.4609814
27.819221,659.7411,7.446698,7.469981
27.856548,660.74036,7.452898,7.4789815
27.89392,661.73956,7.4590983,7.4879813
27.931337,662.7388,7.465298,7.496981
27.968803,663.73804,7.4714985,7.5059814
28.006317,664.73724,7.477699,7.514982
28.043884,665.73645,7.483899,7.5239825
28.081507,666.7357,7.4900994,7.532983
28.119184,667.7349,7.4962997,7.541983
28.156923,668.73413,7.5025,7.5511613
28.194723,669.73334,7.508701,7.5603623
28.232584,670.73254,7.514901,7.569563
28.27051,671.73175,7.521102,7.578764
28.308498,672.73096,7.5273023,7.5879645
28.346556,673.73016,7.533503,7.596988
28.384684,674.7294,7.539704,7.6059895
28.422886,675.7286,7.5459046,7.6149907
28.461172,676.7278,7.5521054,7.623992
28.499544,677.727,7.558306,7.632993
28.538008,678.72614,7.5645075,7.641995
28.576553,679.72534,7.5707088,7.6509967
28.615175,680.72455,7.57691,7.659998
28.65386,681.7237,7.583111,7.6689997
28.692598,682.7229,7.589312,7.6780014
28.73137,683.72205,7.5955133,7.6871805
28.770096,684.72125,7.601714,7.696382
28.808672,685.7204,7.607915,7.7055836
28.846996,686.7196,7.614116,7.714785
28.884966,687.7188,7.620317,7.7239866
28.922482,688.7181,7.6265163,7.7330074
28.959436,689.7173,7.632715,7.7420063
28.995731,690.71655,7.6389146,7.7510047
29.03126,691.7159,7.6451135,7.760003
29.06592,692.7152,7.6513124,7.769002
29.099613,693.71454,7.657508,7.777995
29.132263,694.7139,7.663703,7.786988
29.163807,695.7134,7.669898,7.795981
29.194178,696.7128,7.6760926,7.8049736
29.223309,697.71234,7.6822877,7.8139663
29.251116,698.7119,7.688477,7.822951
29.277424,699.7115,7.694666,7.8319345
29.302025,700.7111,7.700855,7.840918
29.324705,701.7108,7.707043,7.849901
29.345257,702.7105,7.713232,7.858885
29.363585,703.71027,7.7195888,7.868034
29.38024,704.7101,7.7259693,7.8772063
29.396015,705.70984,7.7323503,7.886379
29.411705,706.70966,7.7387314,7.895551
29.428099,707.7095,7.7451124,7.904724
29.446005,708.7092,7.7513285,7.913735
29.466312,709.709,7.757518,7.922719
29.489948,710.7086,7.7637067,7.9317036
29.51783,711.7081,7.769895,7.9406867
29.550879,712.7075,7.7760825,7.9496684
29.590076,713.70667,7.7822905,7.958679
29.636797,714.7055,7.7885013,7.967695
29.692572,715.7039,7.794713,7.976712
29.758938,716.7016,7.8009267,7.9857326
29.83744,717.6984,7.8071437,7.9947567
29.929365,718.69415,7.8057413,8.062201
30.034407,719.68854,7.8031216,8.138975
30.151642,720.6815,7.8005033,8.215712
30.280128,721.67316,7.797888,8.292372
30.418911,722.6634,7.7952757,8.36892
30.568796,723.65204,7.872827,8.460425
30.740301,724.63715,7.9598637,8.553721
30.947275,725.61536,8.047034,8.6471615
31.203468,726.5817,8.134329,8.740735
31.521938,727.52936,8.221545,8.834225
31.91257,728.4496,8.304022,8.89325
32.37701,729.33484,8.386019,8.950266
32.91513,730.17725,8.467971,9.00725
33.526794,730.96783,8.549986,9.064278
34.211243,731.6963,8.632055,9.121344
34.965237,732.3525,8.634966,9.188447
35.77996,732.9316,8.636952,9.255578
36.64603,733.43066,8.638937,9.322655
37.554844,733.8469,8.640922,9.389759
38.498314,734.1771,8.642911,9.456996
39.46824,734.4189,8.619482,9.407229
40.4556,734.57513,8.594854,9.351966
41.45238,734.6514,8.570254,9.296766
42.452114,734.6539,8.545686,9.241636
43.449734,734.58826,8.521118,9.186508
44.4412,734.45966,8.46666,9.151072
45.42297,734.2707,8.410696,9.116524
46.391766,734.0237,8.354683,9.081944
47.34462,733.7209,8.2986355,9.047345
48.27881,733.3647,8.242576,9.012863
49.192005,732.9576,8.188503,8.9954605
50.082993,732.50397,8.13444,8.978062
50.951283,732.0082,8.080403,8.96067
51.796852,731.4746,8.02638,8.943283
52.620045,730.90704,7.9816003,8.924604
53.421555,730.30927,7.979365,8.900014
54.20261,729.685,7.9771285,8.875413
54.96479,729.0378,7.974892,8.850812
55.70996,728.37103,7.972656,8.826211
56.440205,727.688,7.9704847,8.801712
57.157654,726.9915,7.9685006,8.777506
57.864388,726.2841,7.966516,8.753296
58.562584,725.5683,7.964532,8.729087
59.254505,724.84644,7.9625473,8.704879
59.94246,724.1208,7.960523,8.680752
60.628475,723.3933,7.9583554,8.656912
61.313885,722.6652,7.956188,8.633071
61.999943,721.9378,7.954021,8.609229
62.6879,721.21216,7.9518533,8.585385
63.37899,720.48944,7.9496837,8.561494
64.07404,719.7706,7.9475036,8.537312
64.77282,719.05536,7.9453235,8.513131
65.474945,718.34344,7.943143,8.488951
66.18002,717.6344,7.940963,8.464771
66.88767,716.9279,7.9387817,8.440599
67.59758,716.22375,7.93659,8.416492
68.309616,715.52167,7.9343987,8.3923855
69.023705,714.8217,7.932207,8.3682785
69.73974,714.1238,7.9300156,8.344171
70.457634,713.42773,7.927823,8.320056
71.17729,712.7335,7.9256234,8.295857
71.89855,712.04095,7.923424,8.27166
72.62123,711.34985,7.9212236,8.247461
73.345184,710.6601,7.919024,8.223264
74.07023,709.9715,7.916824,8.199045
74.7962,709.2839,7.9146185,8.174585
75.522964,708.5971,7.912413,8.150126
76.25037,707.911,7.9102077,8.125667
76.97825,707.2254,7.9080024,8.101208
77.706474,706.54016,7.9057965,8.076763
78.4349,705.8551,7.9035883,8.052471
79.16336,705.17017,7.90138,8.028178
79.891716,704.48505,7.8991714,8.003886
80.61981,703.7997,7.896963,7.9795938
81.347496,703.1139,7.894777,7.9552784
82.07462,702.4275,7.892769,7.930779
82.801025,701.7403,7.8907604,7.90628
83.52655,701.0522,7.8887525,7.8817806
84.25102,700.363,7.8867445,7.857281
84.97428,699.67255,7.8847103,7.832811
85.69618,698.98065,7.882503,7.808535
86.416595,698.2872,7.880296,7.7842593
87.13539,697.5921,7.8780894,7.759983
87.85246,696.8952,7.8758826,7.7357073
88.56768,696.19635,7.8736763,7.7114105
89.28088,695.49554,7.8714747,7.6869903
89.9918,694.79236,7.8692727,7.6625695
90.70014,694.08655,7.8670707,7.638149
91.40563,693.3779,7.864869,7.6137276
92.10797,692.6662,7.862668,7.5893497
92.80708,691.9513,7.860474,7.5652156
93.50346,691.2337,7.85828,7.541082
94.19769,690.5141,7.8560863,7.516948
94.89037,689.7929,7.8538923,7.492815
95.582085,689.07086,7.851699,7.468659
96.27358,688.3486,7.849508,7.4443607
96.965965,687.62714,7.847317,7.4200616
97.660416,686.9077,7.845126,7.395763
98.3581,686.1914,7.842935,7.371464
99.06016,685.4794,7.8407435,7.3471804
99.7677,684.7728,7.8385463,7.32301
100.48173,684.0728,7.836349,7.29884
101.203224,683.3805,7.8341517,7.2746696
101.93312,682.697,7.8319545,7.2505007
102.67232,682.0237,7.8297567,7.226325
103.42167,681.36163,7.827553,7.2020826
104.182014,680.7122,7.8253493,7.1778407
104.95414,680.0769,7.8231454,7.153598
105.73877,679.4571,7.820941,7.129353
106.53655,678.85425,7.81648,7.1057177
107.34799,678.26996,7.795348,7.08658
108.173386,677.7056,7.774218,7.067443
109.01293,677.1625,7.75309,7.048308
109.86674,676.6421,7.731966,7.0291767
110.734825,676.1459,7.711236,7.0106616
111.61744,675.676,7.693917,6.9975233
112.51558,675.2366,7.676597,6.984384
113.43008,674.83234,7.6592736,6.971242
114.361244,674.4682,7.641953,6.958102
115.30881,674.1492,7.628618,6.947309
116.271706,673.87994,7.662139,6.9640694
117.24794,673.66406,7.6956425,6.980821
118.23505,673.5053,7.729175,6.9975877
119.23004,673.4077,7.762764,7.014382
120.22927,673.37573,7.795283,7.03068
121.228455,673.4099,7.823018,7.044752
122.22401,673.5021,7.8507204,7.058807
123.21391,673.6428,7.8783727,7.072836
124.197464,673.82275,7.905995,7.08685
125.175,674.03314,7.9227195,7.096125
126.14726,674.26666,7.9108214,7.0929523
127.11495,674.51843,7.898908,7.0897756
128.07898,674.784,7.886987,7.0865965
129.04045,675.0586,7.8750644,7.083417
130.00066,675.33765,7.863095,7.08019
130.96045,675.6181,7.8509765,7.076813
131.91982,675.9,7.838861,7.0734367
132.87866,676.1837,7.826747,7.0700607
133.83685,676.46954,7.8146334,7.0666847
134.79431,676.7579,7.8025517,7.0633473
135.75095,677.04895,7.790595,7.0601587
136.7068,677.3425,7.7786374,7.05697
137.66196,677.63837,7.7666793,7.053781
138.61647,677.93634,7.754721,7.0505924
139.57042,678.2361,7.7427573,7.047402
140.52385,678.5374,7.730768,7.0442047
141.47679,678.84033,7.7187796,7.041008
142.42928,679.1447,7.7067914,7.037811
143.3813,679.4505,7.6948028,7.034614
144.3329,679.75757,7.6827736,7.0313797
145.28412,680.0659,7.670563,7.0279765
146.23497,680.37537,7.658353,7.024574
147.18549,680.6857,7.6461425,7.021171
148.13573,680.9971,7.633932,7.017768
149.08572,681.3091,7.6217566,7.014402
150.0355,681.62177,7.6097336,7.0111957
150.98512,681.935,7.5977106,7.0079894
151.93459,682.2486,7.585687,7.004783
152.88396,682.56256,7.573664,7.0015774
153.83325,682.8767,7.5616403,6.9983706
154.78253,683.1909,7.549613,6.9951634
155.73181,683.5051,7.5375853,6.991956
156.68114,683.8192,7.5255575,6.9887486
157.63054,684.13306,7.5135303,6.9855413
158.58006,684.4465,7.5015035,6.9822927
159.52975,684.75946,7.48948,6.978886
160.47963,685.0719,7.477456,6.975479
161.42972,685.3836,7.4654326,6.9720726
162.38008,685.6946,7.453409,6.968666
163.33073,686.0046,7.4413447,6.9653034
164.28171,686.3136,7.4291334,6.9621005
165.23305,686.6215,7.4169226,6.9588976
166.18481,686.92816,7.4047112,6.9556947
167.13702,687.23334,7.3925,6.9524918
168.08972,687.537,7.3803377,6.9492903
169.04294,687.83905,7.3683467,6.9460926
169.99661,688.13965,7.356355,6.942895
170.95071,688.43896,7.344364,6.9396973
171.90515,688.73706,7.332373,6.9364996
172.85992,689.03424,7.320385,6.933259
173.81494,689.3305,7.3084087,6.929866
174.77016,689.62616,7.296432,6.9264727
175.7255,689.92145,7.284456,6.923079
176.6809,690.21655,7.272479,6.919686
177.63629,690.51166,7.260462,6.916334
178.59161,690.80695,7.248289,6.9131413
179.5468,691.1027,7.236117,6.909949
180.50182,691.39905,7.223944,6.906756
181.45657,691.69617,7.211772,6.903563
182.41106,691.99426,7.1996374,6.90037
183.36516,692.29346,7.187657,6.8971753
184.31882,692.5941,7.175677,6.8939805
185.27196,692.8964,7.163697,6.8907857
186.22449,693.2006,7.151716,6.887591
187.17633,693.507,7.139733,6.8843575
188.12741,693.81573,7.1277356,6.8809586
189.07773,694.1268,7.115739,6.877559
190.0273,694.44006,7.1037416,6.8741603
190.97614,694.7556,7.0917444,6.870761
191.92424,695.07336,7.0797443,6.8673987
192.87167,695.3931,7.067732,6.8641953
193.81854,695.7145,7.055719,6.8609915
194.76505,696.037,7.043706,6.857788
195.71132,696.3601,7.0316935,6.8545847
196.65753,696.6835,7.019641,6.8513813
197.60382,697.00653,7.0074234,6.8481765
198.55034,697.329,6.9952064,6.844972
199.4972,697.65045,6.982989,6.841768
200.44453,697.9704,6.9707713,6.838563
201.39249,698.28864,6.9585958,6.835319
202.34119,698.6046,6.946587,6.8319163
203.29073,698.91797,6.9345784,6.828514
204.24127,699.22833,6.9225698,6.8251114
205.19292,699.53534,6.9105606,6.8217087
206.14578,699.8385,6.8985567,6.8183484
207.09998,700.13745,6.886572,6.8151526
208.05562,700.4317,6.874587,6.8119564
209.01282,700.7209,6.862602,6.8087606
209.97166,701.0046,6.8506174,6.805565
210.93227,701.2822,6.8318167,6.8089514
211.89471,701.55347,6.7853227,6.8390827
212.85909,701.8177,6.738828,6.869214
213.8255,702.0744,6.6923337,6.899346
214.794,702.32306,6.6458397,6.929477
215.7647,702.5632,6.5970907,6.9617815
216.7376,702.79407,6.538482,7.0035877
217.71274,703.01526,6.4798737,7.045394
218.69017,703.2262,6.421265,7.0872
219.66988,703.4262,6.3626566,7.1290064
220.65186,703.61487,6.3113217,7.1594343
221.63606,703.79144,6.291636,7.1403513
222.62245,703.9554,6.2719507,7.1212687
223.61095,704.1061,6.2522655,7.102186
224.60147,704.2429,6.2325807,7.0831037
225.59389,704.3652,6.2235546,7.047453
226.58804,704.47235,6.2549963,6.9488955
227.58377,704.5638,6.286438,6.850339
228.58087,704.6389,6.3178806,6.7517786
229.57909,704.69714,6.3493247,6.653213
230.57817,704.73785,6.3807673,6.5546527
231.57782,704.7609,6.4122,6.4561234
232.57773,704.7671,6.443631,6.357599
233.57759,704.7573,6.4750605,6.259079
234.57721,704.73236,6.5064893,6.1605616
235.57635,704.69305,6.52012,6.101612
236.57489,704.6403,6.488827,6.1425333
237.57268,704.575,6.457534,6.183456
238.56963,704.49786,6.42624,6.2243786
239.56566,704.4097,6.3949456,6.2653017
240.56075,704.31146,6.361967,6.310102
241.55487,704.2039,6.325034,6.364004
242.54802,704.08777,6.2881007,6.4179068
243.54025,703.9639,6.251168,6.471809
244.53159,703.8331,6.214235,6.525711
245.5221,703.69617,6.1835003,6.567519
246.51184,703.55383,6.167966,6.5796676
247.50092,703.40686,6.1524315,6.5918164
248.4894,703.256,6.136897,6.603965
249.47739,703.102,6.1213627,6.6161137
250.465,702.9455,6.111231,6.6177216
251.4523,702.7871,6.1158147,6.590616
252.4393,702.62683,6.120399,6.563511
253.42601,702.4648,6.124983,6.5364056
254.41243,702.30096,6.129567,6.5092998
255.39854,702.1354,6.1341524,6.4821863
256.3844,701.9681,6.1387415,6.455049
257.36993,701.79913,6.143331,6.4279118
258.35522,701.6286,6.1479206,6.4007745
259.34024,701.4565,6.1525097,6.373637
260.32498,701.2829,6.1571484,6.3465414
261.30945,701.10785,6.1619415,6.319578
262.2937,700.93134,6.166735,6.292615
263.27768,700.75354,6.1715283,6.265652
264.26144,700.5744,6.176322,6.238689
265.24496,700.39404,6.1894884,6.222837
266.22827,700.21246,6.2302623,6.243624
267.21136,700.02966,6.2710366,6.264411
268.1942,699.84576,6.311811,6.2851977
269.1769,699.6608,6.3525853,6.3059845
270.1594,699.47485,6.387351,6.324754
271.1417,699.2879,6.40195,6.3367534
272.1238,699.10004,6.4165487,6.348752
273.10577,698.9113,6.431147,6.360751
274.08755,698.72174,6.445746,6.3727503
275.0692,698.5314,6.4576874,6.382917
276.0507,698.34033,6.4606886,6.386918
277.03207,698.14856,6.4636893,6.390919
278.0133,697.9562,6.46669,6.3949203
278.99445,697.7632,6.4696913,6.3989215
279.97546,697.56964,6.472692,6.4029226
280.95642,697.3757,6.4756937,6.4069247
281.93726,697.1812,6.4786954,6.410927
282.91803,696.9864,6.4816966,6.414929
283.8987,696.79126,6.4846983,6.418931
284.87936,696.59576,6.4876533,6.4229336
285.85995,696.4001,6.490455,6.4269357
286.84048,696.20416,6.4932566,6.4309382
287.821,696.0081,6.4960585,6.434941
288.8015,695.812,6.49886,6.438943
289.782,695.61584,6.501709,6.4429927
290.7625,695.4197,6.5047107,6.447195
291.74304,695.2236,6.5077124,6.4513974
292.72354,695.02747,6.510714,6.4556
293.70407,694.8314,6.5137157,6.4598017
294.68463,694.6355,6.516717,6.4639564
295.6652,694.43964,6.5197186,6.467958
296.64575,694.2439,6.52272,6.4719596
297.62634,694.0482,6.525721,6.4759617
298.60696,693.8526,6.528723,6.4799633
299.5876,693.65704,6.531724,6.483965
300.5682,693.46155,6.5347247,6.4879665
301.54886,693.2661,6.537726,6.4919677
302.52954,693.0708,6.540727,6.4959693
303.5102,692.8755,6.543728,6.4999704
304.4909,692.6803,6.546729,6.503972
305.4716,692.4851,6.54973,6.507973
306.4523,692.29004,6.5527306,6.511974
307.43304,692.09503,6.5557313,6.515975
308.41376,691.9,6.558732,6.519976
309.39453,691.70514,6.561733,6.524026
310.37527,691.5103,6.564733,6.5282264
311.35605,691.3155,6.567734,6.5324273
312.33685,691.1208,6.5707345,6.5366282
313.31763,690.9261,6.5737348,6.5408287
314.29843,690.73145,6.5766864,6.5449805
315.27927,690.5369,6.5794864,6.5489807
316.2601,690.3424,6.582287,6.552981
317.24094,690.14795,6.585087,6.5569816
318.22177,689.9535,6.5878873,6.5609818
319.20264,689.75916,6.590737,6.5649824
320.1835,689.5649,6.5937366,6.568982
321.16437,689.3706,6.596737,6.5729823
322.14526,689.1764,6.5997367,6.5769825
323.12616,688.98224,6.602737,6.5809827
324.10706,688.7881,6.6057367,6.5849824
325.08798,688.594,6.608737,6.5889826
326.0689,688.39996,6.611737,6.5929823
327.04984,688.206,6.6147366,6.596982
328.0308,688.012,6.6177363,6.600982
329.01172,687.8181,6.620736,6.605031
329.99268,687.62427,6.623736,6.6092305
330.97363,687.4304,6.6267357,6.61343
331.95462,687.23663,6.6297355,6.6176295
332.9356,687.0429,6.6327353,6.621829
333.91656,686.8492,6.635735,6.62598
334.89758,686.6555,6.6387343,6.629979
335.87857,686.46185,6.641734,6.633979
336.8596,686.26825,6.6447334,6.637978
337.84058,686.07465,6.647733,6.6419773
338.8216,685.8811,6.650684,6.645977
339.80264,685.68756,6.6534834,6.6499763
340.78366,685.4941,6.656283,6.6539755
341.76468,685.3006,6.6590824,6.6579747
342.74573,685.1072,6.661882,6.661974
343.72678,684.91376,6.6647296,6.665973
344.70782,684.72034,6.6677294,6.6699724
345.68887,684.527,6.6707287,6.673971
346.66995,684.3336,6.673728,6.6779704
347.651,684.1403,6.6767273,6.6819696
348.63208,683.947,6.6797266,6.686017
349.61316,683.7537,6.682726,6.690216
350.5942,683.5605,6.6857247,6.694415
351.5753,683.36725,6.688724,6.6986136
352.5564,683.174,6.6917233,6.7028127
353.53748,682.98083,6.6947227,6.7069635
354.51855,682.7876,6.697722,6.7109623
355.49963,682.5944,6.7007213,6.7149615
356.48074,682.40125,6.70372,6.7189603
357.46185,682.2081,6.7067194,6.722959
358.44293,682.01495,6.7097187,6.7269583
359.42404,681.82184,6.7127175,6.730957
360.40515,681.6287,6.715717,6.734956
361.38626,681.4356,6.718716,6.7389545
362.36734,681.2425,6.721715,6.7429533
363.34845,681.0494,6.7246666,6.7469525
364.32956,680.8563,6.7274656,6.7509513
365.31067,680.6632,6.730265,6.75495
366.29178,680.47015,6.733064,6.758949
367.2729,680.27704,6.735863,6.7629476
368.254,680.084,6.73871,6.766994
369.2351,679.89087,6.7417088,6.7711926
370.21622,679.6978,6.744708,6.775391
371.19733,679.5047,6.7477074,6.77959
372.17847,679.31165,6.750706,6.7837887
373.15955,679.1185,6.7537055,6.7879405
374.14066,678.9255,6.756705,6.7919393
375.12177,678.73236,6.7597036,6.7959385
376.10287,678.53925,6.762703,6.7999372
377.08398,678.3461,6.765702,6.803936
378.0651,678.153,6.768701,6.8079348
379.0462,677.9599,6.7717004,6.8119335
380.0273,677.7668,6.774699,6.8159328
381.0084,677.57367,6.7776985,6.8199315
381.9895,677.38055,6.780698,6.8239303
382.9706,677.18744,6.783697,6.827929
383.9517,676.99426,6.786696,6.8319283
384.9328,676.80115,6.7896953,6.835927
385.9139,676.608,6.7926946,6.839926
386.895,676.4148,6.795694,6.843925
387.8761,676.2217,6.7986465,6.84797
388.85718,676.0285,6.801446,6.852169
389.8383,675.8353,6.804245,6.8563676
390.81937,675.64215,6.8070445,6.8605666
391.80048,675.449,6.8098435,6.8647656
392.78156,675.2558,6.812689,6.8689184
393.76266,675.0626,6.815688,6.8729177
394.74374,674.86945,6.8186874,6.8769164
395.72482,674.6763,6.8216867,6.880915
396.7059,674.48303,6.8246856,6.8849144
397.687,674.28986,6.827685,6.888913
398.6681,674.0966,6.830684,6.8929124
399.64917,673.90344,6.8336835,6.896911
400.63025,673.7102,6.836683,6.9009104
401.61136,673.517,6.839682,6.904909
402.59244,673.3238,6.8426814,6.9089084
403.57352,673.13055,6.8456807,6.912907
404.5546,672.9373,6.8486795,6.9169064
405.53568,672.7441,6.851679,6.9209056
406.51675,672.55084,6.854678,6.9249043
407.49783,672.3576,6.8576775,6.9289484
408.4789,672.16437,6.860677,6.9331474
409.46,671.9711,6.863676,6.9373465
410.44107,671.7779,6.8666754,6.9415455
411.42215,671.5846,6.8696747,6.9457445
412.40323,671.39136,6.872629,6.9498987
413.38428,671.19806,6.875428,6.953898
414.36536,671.0048,6.8782277,6.9578967
415.34644,670.8115,6.881027,6.961896
416.3275,670.6183,6.8838263,6.965895
417.3086,670.425,6.8866706,6.969894
418.28964,670.2317,6.88967,6.973893
419.27072,670.0384,6.892669,6.9778924
420.2518,669.8451,6.8956685,6.981891
421.23285,669.65186,6.898668,6.9858904
422.21393,669.45856,6.901667,6.9898896
423.195,669.2652,6.9046664,6.993889
424.17606,669.0719,6.9076657,6.9978876
425.15714,668.8786,6.910665,7.001887
426.13818,668.6853,6.9136643,7.005886
427.11926,668.492,6.9166636,7.0099297
428.1003,668.29865,6.9196634,7.0141287
429.0814,668.10535,6.9226627,7.0183277
430.06244,667.912,6.925662,7.0225267
431.04352,667.7187,6.9286613,7.026726
432.02457,667.5253,6.9316607,7.030881
433.00565,667.33203,6.93466,7.03488
433.9867,667.1387,6.9376593,7.0388794
434.96774,666.9453,6.9406586,7.0428786
435.94882,666.752,6.9436584,7.0468774
436.92987,666.55865,6.946614,7.0508766
437.91092,666.3653,6.9494133,7.054876
438.892,666.17194,6.952213,7.058875
439.87305,665.9786,6.955012,7.0628743
440.8541,665.7852,6.9578114,7.0668736
441.83514,665.59186,6.9606547,7.070873
442.81622,665.3985,6.963654,7.074872
443.79727,665.20514,6.9666533,7.0788713
444.77832,665.0117,6.9696527,7.0828705
445.75937,664.81836,6.972652,7.0868697
446.74042,664.625,6.9756517,7.0909123
447.72147,664.4316,6.978651,7.0951114
448.7025,664.2382,6.9816504,7.0993104
449.68356,664.0448,6.9846497,7.10351
450.6646,663.85144,6.9876494,7.107709
451.64566,663.658,6.9906487,7.111865
452.6267,663.46466,6.993648,7.1158643
453.60776,663.27124,6.9966474,7.1198635
454.5888,663.0778,6.999647,7.1238627
455.56985,662.88446,7.0026464,7.127862
456.5509,662.69104,7.0056458,7.131861
457.53195,662.4976,7.008645,7.1358604
458.513,662.3042,7.011645,7.1398597
459.49405,662.1108,7.014644,7.143859
460.4751,661.91736,7.0176435,7.147858
461.45615,661.72394,7.0206003,7.1518574
462.4372,661.5305,7.0234,7.1558566
463.4182,661.3371,7.0261993,7.159856
464.39926,661.1437,7.028999,7.163855
465.3803,660.95026,7.0317984,7.167855
466.36136,660.75684,7.0346403,7.171854
467.34238,660.56335,7.03764,7.1758533
468.32343,660.36993,7.0406394,7.1798525
469.30447,660.1765,7.0436387,7.1838517
470.28552,659.98303,7.0466385,7.187851
471.26654,659.7896,7.049638,7.191893
472.2476,659.5962,7.052637,7.196092
473.22864,659.4027,7.055637,7.2002916
474.20966,659.2093,7.058636,7.2044907
475.1907,659.0158,7.0616355,7.20869
476.17175,658.8224,7.0646353,7.2128468
477.15277,658.6289,7.0676346,7.2168465
478.13382,658.4354,7.0706344,7.2208457
479.11484,658.242,7.0736337,7.224845
480.0959,658.0485,7.076633,7.228844
481.0769,657.85504,7.0796328,7.2328434
482.05795,657.66156,7.082632,7.236843
483.039,657.4681,7.085632,7.2408423
484.02002,657.27466,7.088631,7.2448416
485.00107,657.0812,7.0916305,7.248841
485.9821,656.8877,7.0946302,7.25284
486.96313,656.6942,7.0976295,7.2568398
487.94415,656.50073,7.1006293,7.260839
488.92517,656.30725,7.1036286,7.264838
489.90622,656.1138,7.1066284,7.2688375
490.88724,655.9203,7.109586,7.272879
491.8683,655.7268,7.1123853,7.277078
492.8493,655.53326,7.1151853,7.2812777
493.83035,655.3398,7.117985,7.2854767
494.81137,655.1463,7.1207843,7.289676
495.7924,654.9528,7.1236253,7.2938337
496.77344,654.75934,7.126625,7.2978334
497.75446,654.5658,7.1296244,7.3018327
498.73547,654.3723,7.132624,7.305832
499.71652,654.17883,7.1356235,7.309831
500.69754,653.9853,7.138623,7.313831
501.67856,653.7918,7.1416225,7.31783
502.6596,653.5983,7.1446223,7.3218293
503.64063,653.4048,7.1476216,7.325829
504.62164,653.2113,7.1506214,7.3298283
505.60266,653.01776,7.1536207,7.3338275
506.5837,652.8243,7.1566205,7.337827
507.56473,652.63074,7.15962,7.3418264
508.54575,652.43726,7.1626196,7.3458257
509.52676,652.2437,7.165619,7.3498254
510.5078,652.05023,7.1686187,7.353866
511.48883,651.8567,7.171618,7.358065
512.46985,651.66315,7.174618,7.3622646
513.45087,651.46967,7.177617,7.366464
514.4319,651.2761,7.180617,7.3706636
515.4129,651.0826,7.183575,7.3748217
516.3939,650.8891,7.1863747,7.378821
517.375,650.69556,7.189174,7.3828206
518.356,650.502,7.191974,7.38682
519.33704,650.30853,7.1947737,7.3908195
520.31805,650.115,7.197614,7.394819
521.2991,649.92145,7.2006135,7.398818
522.2801,649.7279,7.2036133,7.4028177
523.2611,649.53436,7.2066126,7.406817
524.2421,649.3409,7.2096124,7.4108167
525.22314,649.14734,7.2126117,7.414816
526.20416,648.9538,7.2156115,7.418815
527.1852,648.76025,7.2186112,7.422815
528.1662,648.5667,7.2216105,7.426814
529.1472,648.37317,7.2246103,7.430814
530.12823,648.1796,7.2276096,7.4348536
531.10925,647.9861,7.2306094,7.439053
532.0903,647.79254,7.2336087,7.4432526
533.0713,647.599,7.2366085,7.447452
534.05237,647.40546,7.239608,7.451651
535.0334,647.2119,7.2426076,7.45581
536.0144,647.0184,7.2456074,7.45981
536.9954,646.8248,7.2486067,7.463809
537.97644,646.6313,7.2516065,7.4678082
538.95746,646.43774,7.254606,7.471808
539.9385,646.2442,7.257565,7.475807
540.9195,646.05066,7.2603645,7.479807
541.9005,645.8571,7.2631645,7.483806
542.88153,645.6636,7.265964,7.487806
543.86255,645.47003,7.2687635,7.491805
544.84357,645.2765,7.2716036,7.4958043
545.8246,645.08295,7.274603,7.499804
546.8056,644.8894,7.2776027,7.5038033
547.7866,644.69586,7.280602,7.507803
548.76764,644.5023,7.2836018,7.511802
549.74866,644.3088,7.286601,7.515842
550.7297,644.11523,7.289601,7.520041
551.7107,643.9217,7.2926006,7.5242405
552.6917,643.7281,7.2956,7.52844
553.6727,643.53455,7.2985997,7.5326395
554.65375,643.341,7.301599,7.536799
555.63477,643.14746,7.304599,7.540798
556.6158,642.9539,7.3075986,7.544798
557.5968,642.7604,7.310598,7.548797
558.5778,642.56683,7.3135977,7.552797
559.55884,642.3733,7.316597,7.556796
560.53986,642.17975,7.319597,7.560796
561.5209,641.98615,7.322596,7.564795
562.5019,641.7926,7.325596,7.5687943
563.4829,641.59906,7.3285956,7.572794
564.4639,641.4055,7.3315554,7.576793
565.44495,641.212,7.334355,7.580793
566.42596,641.01843,7.3371544,7.584792
567.407,640.8249,7.3399544,7.588792
568.388,640.63135,7.342754,7.592791
569.369,640.4378,7.345593,7.59683
570.35004,640.2442,7.3485923,7.6010294
571.33105,640.05066,7.351592,7.605229
572.3121,639.8571,7.354592,7.6094284
573.2931,639.6636,7.357591,7.613628
574.2741,639.47003,7.360591,7.617788
575.2551,639.2765,7.3635902,7.621787
576.23615,639.08295,7.36659,7.625787
577.21716,638.8894,7.36959,7.629786
578.1982,638.69586,7.372589,7.6337857
579.1792,638.5023,7.375589,7.637785
580.1602,638.3088,7.378588,7.641784
581.14124,638.11523,7.381588,7.645784
582.12225,637.9217,7.3845873,7.649783
583.1033,637.72815,7.387587,7.653783
584.0843,637.5346,7.3905864,7.657782
585.0653,637.34106,7.393586,7.661782
586.0463,637.1475,7.396586,7.665781
587.0274,636.954,7.3995852,7.6697803
588.0084,636.76044,7.402585,7.67378
588.98944,636.5669,7.4055457,7.6778183
589.97046,636.37335,7.408345,7.682018
590.9515,636.1798,7.4111447,7.686217
591.9325,635.98627,7.4139442,7.6904163
592.9135,635.7927,7.4167438,7.694616
593.89453,635.5992,7.4195824,7.6987762
594.87555,635.4057,7.4225817,7.702776
595.85657,635.21216,7.4255815,7.706775
596.8376,635.0186,7.428581,7.710775
597.8186,634.8251,7.4315805,7.714774
598.7996,634.63153,7.4345803,7.7187734
599.78064,634.438,7.4375796,7.722773
600.76166,634.2445,7.4405794,7.7267723
601.7427,634.05096,7.4435787,7.7307715
602.72375,633.8574,7.4465785,7.7347713
603.7048,633.66394,7.449578,7.7387705
604.6858,633.4704,7.4525776,7.74277
605.6668,633.27686,7.455577,7.7467694
606.6478,633.0834,7.4585767,7.7507687
607.62885,632.88983,7.461576,7.7547684
608.60986,632.6963,7.464576,7.758806
609.5909,632.5028,7.467575,7.7630053
610.5719,632.30927,7.470575,7.7672048
611.5529,632.1158,7.473574,7.7714043
612.534,631.92224,7.476574,7.7756033
613.515,631.7287,7.479535,7.7797647
614.49603,631.5352,7.4823346,7.783764
615.47705,631.34174,7.4851346,7.7877636
616.45807,631.1482,7.487934,7.791763
617.4391,630.9547,7.4907336,7.795762
618.4201,630.76117,7.4935713,7.799762
619.4012,630.5677,7.4965706,7.803761
620.3822,630.3742,7.4995704,7.8077602
621.3632,630.18066,7.5025697,7.8117595
622.34424,629.9872,7.5055695,7.815759
623.32526,629.7937,7.508569,7.8197584
624.3063,629.60016,7.5115685,7.8237576
625.28735,629.4067,7.514568,7.8277574
626.2684,629.2132,7.5175676,7.8317566
627.2494,629.0197,7.520567,7.835756
628.2304,628.82623,7.5235662,7.839793
629.2114,628.63275,7.526566,7.843992
630.1925,628.4393,7.5295653,7.8481917
631.1735,628.2458,7.532565,7.8523912
632.15454,628.0523,7.5355644,7.8565903
633.13556,627.8588,7.538564,7.860752
634.11664,627.66534,7.5415635,7.8647513
635.09766,627.47186,7.5445633,7.8687506
636.0787,627.2784,7.5475626,7.8727503
637.0597,627.0849,7.550562,7.8767495
638.0408,626.8914,7.553524,7.8807487
639.0218,626.69794,7.5563235,7.884748
640.0028,626.5045,7.559123,7.8887477
640.9838,626.31104,7.5619226,7.892747
641.9649,626.11755,7.564722,7.896746
642.9459,625.92413,7.5675592,7.9007454
643.92694,625.73065,7.5705585,7.9047446
644.908,625.5372,7.573558,7.908744
645.88904,625.34375,7.5765576,7.9127436
646.87006,625.15027,7.579557,7.916743
647.85114,624.95685,7.5825567,7.920779
648.83215,624.76337,7.585556,7.9249783
649.8132,624.56995,7.5885553,7.9291778
650.79425,624.3765,7.591555,7.933377
651.77527,624.18304,7.5945544,7.9375763
652.7563,623.9896,7.5975537,7.9417386
653.73737,623.7962,7.6005535,7.945738
654.7184,623.6028,7.603553,7.949737
655.69946,623.40936,7.606552,7.9537363
656.6805,623.2159,7.609552,7.9577355
657.6615,623.02246,7.612551,7.961735
658.6426,622.82904,7.6155505,7.965734
659.6236,622.6356,7.6185503,7.9697337
660.6047,622.4422,7.6215496,7.973733
661.5857,622.2488,7.624549,7.977732
662.5668,622.0554,7.6275487,7.9817314
663.5478,621.862,7.630548,7.9857306
664.5288,621.6686,7.6335473,7.98973
665.5099,621.47516,7.6365466,7.993729
666.4909,621.2818,7.6395464,7.9977283
667.472,621.0884,7.6425095,8.001727
668.453,620.89496,7.645309,8.005727
669.4341,620.7016,7.648108,8.009726
670.4151,620.5082,7.6509075,8.013725
671.3962,620.3148,7.653707,8.017724
672.37726,620.1214,7.656543,8.02176
673.3583,619.92804,7.659542,8.025959
674.33936,619.7347,7.6625414,8.030158
675.3204,619.54126,7.665541,8.034357
676.30145,619.3479,7.6685405,8.038557
677.2825,619.15454,7.67154,8.04272
678.26355,618.9612,7.674539,8.046719
679.2446,618.7678,7.6775384,8.050718
680.22565,618.57446,7.680538,8.054717
681.2067,618.3811,7.6835375,8.058717
682.18774,618.18774,7.686537,8.062716
683.1688,617.9944,7.689536,8.066715
684.1499,617.801,7.6925354,8.070714
685.1309,617.60767,7.6955347,8.074714
686.112,617.41437,7.6985345,8.078712
687.0931,617.221,7.701534,8.082711
688.07416,617.02765,7.704533,8.086711
689.0552,616.83435,7.7075324,8.09071
690.03625,616.641,7.7105317,8.094709
691.01733,616.4477,7.713531,8.098708
691.99835,616.2544,7.716495,8.102743
692.97943,616.06104,7.7192945,8.106942
693.9605,615.86774,7.722094,8.111141
694.9416,615.67444,7.724893,8.11534
695.92267,615.48114,7.7276926,8.119539
696.9037,615.2878,7.7305274,8.123703
697.88477,615.0945,7.7335267,8.127702
698.86584,614.9012,7.736526,8.131701
699.8469,614.70795,7.7395253,8.1357
700.828,614.51465,7.7425246,8.139699
701.809,614.32135,7.745524,8.143699
702.7901,614.12805,7.748523,8.147697
703.7712,613.93475,7.7515225,8.151696
704.75226,613.7415,7.754522,8.155696
705.73334,613.5482,7.757521,8.159695
706.7144,613.355,7.7605205,8.163693
707.6955,613.1617,7.76352,8.167693
708.6766,612.96844,7.766519,8.171692
709.65765,612.77515,7.7695184,8.175691
710.63873,612.5819,7.7725177,8.17969
711.6198,612.3887,7.775517,8.183723
712.6009,612.1954,7.7785163,8.1879225
713.582,612.00214,7.7815156,8.1921215
714.56305,611.8089,7.784515,8.196321
715.54407,611.6156,7.787514,8.20052
716.52515,611.42236,7.790479,8.204684
717.5062,611.2291,7.793278,8.208683
718.4873,611.0358,7.7960777,8.212683
719.4684,610.8426,7.7988772,8.2166815
720.44946,610.6493,7.8016763,8.22068
721.43054,610.45605,7.8045096,8.22468
722.4116,610.26276,7.807509,8.228679
723.3927,610.06946,7.8105083,8.232677
724.3738,609.87616,7.8135076,8.236677
725.3548,609.68286,7.816507,8.240676
726.3359,609.48956,7.819506,8.244675
727.31696,609.29626,7.8225055,8.248674
728.29803,609.10297,7.825505,8.252673
729.2791,608.90967,7.828504,8.256673
730.26013,608.7163,7.831504,8.260672
731.2412,608.52295,7.834503,8.264704
732.2223,608.32965,7.8375025,8.268904
733.2033,608.1363,7.840502,8.273103
734.1844,607.94293,7.843501,8.277302
735.1654,607.7495,7.8465004,8.281501
736.1465,607.55615,7.8494997,8.285666
737.1275,607.36273,7.852499,8.289665
738.1086,607.1693,7.855499,8.293665
739.0896,606.9759,7.858498,8.297664
740.0707,606.7825,7.8614974,8.301663
741.0517,606.589,7.864464,8.305662
742.0327,606.3955,7.8672633,8.309662
743.01373,606.202,7.870063,8.313661
743.9948,606.00854,7.8728623,8.31766
744.9758,605.81506,7.875662,8.321659
745.95685,605.6215,7.8784943,8.325659
746.93787,605.42804,7.8814936,8.3296585
747.9189,605.2345,7.8844934,8.333657
748.8999,605.0409,7.8874927,8.337657
749.8809,604.8473,7.8904924,8.341657
750.8619,604.65356,7.8934917,8.345689
751.84283,604.4597,7.8964915,8.349889
752.8238,604.2658,7.899492,8.354089
753.8047,604.07166,7.9024916,8.358288
754.7856,603.8773,7.9054914,8.362488
755.76636,603.68274,7.9084916,8.366655
756.74713,603.4878,7.9114923,8.370657
757.7278,603.29254,7.9144936,8.374658
758.70844,603.0969,7.9174943,8.378659
759.68896,602.90094,7.9204955,8.382661
760.6694,602.7046,7.9234967,8.3866625
761.6498,602.5079,7.9264984,8.390664
762.63025,602.31134,7.9295,8.394667
763.6108,602.1154,7.9325023,8.398669
764.59155,601.9206,7.935504,8.402672
765.57263,601.7273,7.938472,8.406674
766.5541,601.536,7.941272,8.410674
767.53595,601.3469,7.944072,8.414674
768.5183,601.16034,7.9468718,8.418674
769.50116,600.9764,7.949672,8.422674
770.48456,600.7953,7.952505,8.426707
771.4684,600.61633,7.955502,8.430903
772.45197,600.43646,7.958499,8.435099
773.43475,600.25214,7.9614964,8.439295
774.4161,600.05994,7.9644933,8.44349
775.3951,599.8565,7.967782,8.448695
776.3709,599.63855,7.972568,8.4590645
777.3428,599.4033,7.9773536,8.469433
778.30963,599.1482,7.9821396,8.479802
779.2702,598.8705,7.986925,8.490171
780.2231,598.5676,7.9975057,8.52217
781.16656,598.2365,8.041373,8.6784115
782.0978,597.8724,8.085239,8.834647
783.01324,597.4704,8.129105,8.990878
783.9089,597.02594,8.172936,9.146994
784.77997,596.5352,8.216975,9.303731
785.6212,595.9949,8.262573,9.465395
786.4265,595.40247,8.30816,9.62702
787.18854,594.7553,8.353838,9.78897
787.89844,594.0515,8.399648,9.951386
788.54614,593.2901,8.481317,10.099914
789.1259,592.47577,8.63271,10.220617
789.6409,591.61896,8.783707,10.341002
790.09644,590.72894,8.934289,10.461059
790.49817,589.81335,9.084709,10.580986
790.85205,588.87823,9.235251,10.697575
791.1627,587.92786,9.386063,10.810436
791.4341,586.9656,9.53711,10.923476
791.67053,585.994,9.688238,11.036576
791.87646,585.01556,9.839372,11.149679
792.05664,584.03204,9.991124,11.263324
792.21423,583.0446,10.143871,11.377834
792.3505,582.054,10.296617,11.492343
792.46655,581.06085,10.449353,11.606846
792.56354,580.0657,10.60209,11.721349
792.64264,579.0689,10.681236,11.735581
792.7049,578.0709,10.632639,11.575757
792.7515,577.0721,10.584039,11.415925
792.7837,576.0727,10.535439,11.256095
792.80255,575.07294,10.486839,11.096266
792.80927,574.073,10.425883,10.919949
792.80475,573.0731,10.349687,10.723293
792.7894,572.0733,10.273489,10.526634
792.7639,571.07367,10.197291,10.329975
792.7287,570.0744,10.121095,10.133319
792.68427,569.07544,10.032913,9.9770155
792.6309,568.07697,9.932748,9.861056
792.5686,567.079,9.832582,9.745095
792.4974,566.0816,9.732416,9.629134
792.4172,565.0849,9.632249,9.513172
792.32806,564.0889,9.520401,9.434963
792.2301,563.0938,9.396796,9.394756
792.12354,562.0996,9.273192,9.35455
792.0085,561.1063,9.1495905,9.314345
791.88513,560.114,9.02599,9.27414
791.7537,559.12274,8.909168,9.238718
791.6141,558.1326,8.799863,9.208599
791.46594,557.14374,8.690557,9.17848
791.3089,556.15625,8.581249,9.14836
791.1426,555.1702,8.471943,9.118241
790.9667,554.1859,8.434734,9.137884
790.7816,553.20325,8.481904,9.215765
790.58856,552.2221,8.529074,9.293645
790.3888,551.2424,8.576246,9.37153
790.1836,550.26373,8.6234255,9.449426
789.97394,549.286,8.670386,9.527057
789.75714,548.3099,8.71711,9.6044
789.52637,547.337,8.763833,9.68174
789.2746,546.36926,8.810528,9.759035
788.9951,545.40924,8.857146,9.836204
788.6816,544.4598,8.902783,9.911612
788.32764,543.52466,8.9472685,9.984941
787.9264,542.6089,8.991793,10.058334
787.4711,541.7188,9.036453,10.131953
786.955,540.8626,9.081279,10.205843
786.37305,540.04987,9.098232,10.22925
785.7306,539.2839,9.091247,10.209322
785.04114,538.5598,9.084286,10.189463
784.3167,537.87067,9.077348,10.169669
783.56775,537.2081,9.070418,10.149899
782.8031,536.56384,9.063597,10.130439
782.02795,535.93225,9.056823,10.111112
781.24554,535.30963,9.050035,10.091747
780.459,534.6922,9.043241,10.072363
779.6714,534.0761,9.036445,10.052975
778.8856,533.4577,9.029656,10.033735
778.1026,532.8358,9.022875,10.014587
777.32184,532.21106,9.016097,9.99545
776.54285,531.58417,9.00932,9.976317
775.765,530.9558,9.002545,9.957186
774.98785,530.3266,8.995639,9.937913
774.21124,529.6968,8.988652,9.918551
773.4351,529.0663,8.981666,9.899187
772.65955,528.4351,8.974678,9.879822
771.8846,527.8032,8.96769,9.8604555
771.1103,527.17053,8.960822,9.841081
770.3366,526.5371,8.954029,9.821699
769.56335,525.90314,8.947236,9.80232
768.7904,525.26874,8.940443,9.78294
768.01776,524.63403,8.93365,9.76356
767.2451,523.99927,8.926855,9.744297
766.47253,523.36444,8.920059,9.725108
765.69995,522.7297,8.913262,9.705918
764.92725,522.095,8.9064665,9.686729
764.1545,521.46045,8.899671,9.66754
763.3815,520.8262,8.892873,9.648226
762.6083,520.1921,8.886075,9.628832
761.83496,519.5582,8.879277,9.609438
761.0614,518.92456,8.872479,9.590045
760.2878,518.2911,8.865682,9.570651
759.514,517.6577,8.858762,9.551255
758.74005,517.0246,8.851763,9.5318575
757.96594,516.3916,8.844764,9.51246
757.1918,515.7587,8.837765,9.493063
756.4175,515.12604,8.830766,9.473665
755.643,514.4935,8.823887,9.454387
754.86847,513.86115,8.817087,9.435186
754.0938,513.2289,8.8102865,9.415986
753.31903,512.59674,8.803487,9.396786
752.5442,511.96472,8.796686,9.377585
751.7692,511.33282,8.7898855,9.358263
750.99414,510.70102,8.783085,9.33886
750.219,510.06937,8.776284,9.319457
749.4438,509.43777,8.769483,9.300055
748.6685,508.80627,8.762682,9.280652
747.8931,508.17487,8.75588,9.261248
747.11774,507.54355,8.749079,9.241843
746.3422,506.9123,8.742277,9.222439
745.56665,506.28113,8.735476,9.203034
744.7911,505.65002,8.728674,9.18363
744.01544,505.01895,8.721751,9.164346
743.23975,504.38794,8.714749,9.14514
742.464,503.757,8.7077465,9.125935
741.68823,503.12607,8.700745,9.106729
740.9125,502.49518,8.693743,9.087523
740.13666,501.86432,8.686862,9.068195
739.36084,501.2335,8.68006,9.048789
738.585,500.60266,8.673258,9.029383
737.80914,499.97183,8.666455,9.009976
737.0333,499.34103,8.659654,8.99057
736.2575,498.71024,8.652851,8.971164
735.4816,498.0794,8.646049,8.951757
734.7058,497.44858,8.639247,8.932351
733.93,496.81772,8.632444,8.912945
733.15424,496.18683,8.625642,8.893538
732.3785,495.5559,8.618718,8.874254
731.6027,494.92496,8.611715,8.855048
730.827,494.29398,8.604713,8.835843
730.0514,493.66293,8.597712,8.816637
729.27576,493.03183,8.59071,8.797431
728.5002,492.40067,8.58383,8.778104
727.7247,491.76944,8.577028,8.758698
726.9492,491.13812,8.570227,8.739294
726.1739,490.50674,8.563425,8.71989
725.39856,489.87527,8.556623,8.700485
724.6233,489.2437,8.549822,8.681081
723.84814,488.61206,8.543021,8.661678
723.0731,487.98032,8.536221,8.642275
722.2981,487.34845,8.529419,8.622872
721.5232,486.71646,8.522618,8.603469
720.7484,486.08435,8.515818,8.58419
719.97375,485.45212,8.509017,8.56499
719.19916,484.81976,8.502217,8.54579
718.4247,484.18726,8.495417,8.526588
717.6503,483.5546,8.488617,8.507388
716.8761,482.9218,8.481694,8.488067
716.10205,482.28885,8.474695,8.468669
715.32806,481.65573,8.467695,8.449271
714.55426,481.02243,8.460696,8.429873
713.7805,480.38898,8.453697,8.410476
713.007,479.75534,8.446822,8.39108
712.23364,479.12152,8.440024,8.371686
711.4604,478.4875,8.433226,8.352292
710.6873,477.85327,8.426428,8.332897
709.9144,477.21887,8.41963,8.313503
709.1417,476.58423,8.412833,8.294234
708.36914,475.9494,8.406036,8.275044
707.5968,475.31433,8.39924,8.255855
706.8246,474.67905,8.392444,8.236664
706.0526,474.04352,8.385647,8.217474
705.2808,473.40775,8.378852,8.198165
704.5092,472.77173,8.372057,8.17878
703.73785,472.13547,8.365262,8.159394
702.9667,471.49896,8.358467,8.140009
702.1957,470.8622,8.351672,8.120624
701.4249,470.2252,8.344757,8.101242
700.6544,469.58792,8.337765,8.081862
699.8841,468.95035,8.330772,8.062483
699.1141,468.31244,8.323779,8.043102
698.34436,467.67416,8.316787,8.023723
697.57495,467.0355,8.309915,8.004465
696.80597,466.3964,8.303123,7.9852886
696.03735,465.75677,8.296331,7.9661117
695.26917,465.11664,8.289539,7.946935
694.5015,464.4759,8.282748,7.927758
693.73444,463.83447,8.275956,7.9084625
692.9679,463.19235,8.269164,7.8890853
692.202,462.54947,8.262372,7.8697085
691.4368,461.90576,8.25558,7.8503313
690.67236,461.26123,8.248788,7.8309546
689.9087,460.61578,8.232926,7.8029766
689.14575,459.96936,8.210748,7.76901
688.3837,459.32193,8.188569,7.735043
687.62256,458.67346,8.16639,7.701076
686.86237,458.02386,8.144213,7.667109
686.1032,457.37314,8.116654,7.6277595
685.34503,456.7212,8.085273,7.5845857
684.58795,456.068,8.053892,7.541412
683.832,455.41348,8.022511,7.498238
683.07715,454.75763,7.99113,7.455064
682.3236,454.10034,7.959624,7.4119945
681.5713,453.44165,7.9280276,7.3689995
680.8203,452.78143,7.8964314,7.3260045
680.0707,452.1197,7.8648353,7.2830095
679.32245,451.45633,7.8332386,7.240015
678.57574,450.79132,7.8017488,7.19689
677.8305,450.12463,7.770335,7.1536713
677.0868,449.45624,7.7389216,7.1104527
676.3447,448.78604,7.707508,7.067234
675.60425,448.114,7.6760945,7.024015
674.86554,447.4401,7.6446705,6.980899
674.1286,446.76428,7.613239,6.9378557
673.39343,446.0865,7.5818076,6.894813
672.6601,445.40668,7.5503764,6.85177
671.9288,444.7248,7.5189447,6.8087273
671.19934,444.04083,7.487386,6.7656713
670.472,443.35468,7.4557385,6.722606
669.74664,442.66635,7.4240904,6.679541
669.02344,441.97583,7.3924427,6.636476
668.3024,441.28305,7.360795,6.593411
667.58356,440.588,7.3292603,6.550218
666.8668,439.89072,7.2978024,6.506938
666.1523,439.19125,7.266344,6.4636583
665.43976,438.48972,7.234886,6.4203787
664.72925,437.7861,7.2034283,6.377099
664.02075,437.08054,7.1718493,6.3339405
663.3141,436.37305,7.140191,6.290861
662.6093,435.66373,7.1085324,6.2477818
661.9063,434.95264,7.0768743,6.2047024
661.2051,434.23978,7.0452156,6.1616225
660.5056,433.52527,7.0136857,6.118551
659.80774,432.80914,6.982237,6.0754833
659.11145,432.09143,6.9507875,6.032416
658.41675,431.37225,6.919338,5.989349
657.7235,430.6516,6.8878894,5.9462814
657.03174,429.92963,6.8611817,5.9476824
656.3414,429.20627,6.837356,5.976113
655.6523,428.48166,6.813531,6.0045433
654.96454,427.75586,6.7897053,6.032974
654.27795,427.02887,6.7658796,6.0614038
653.5925,426.3008,6.7424407,6.0927095
652.90826,425.5717,6.7192307,6.1257234
652.22504,424.84158,6.696021,6.158737
651.5428,424.11053,6.6728115,6.191751
650.8615,423.37863,6.649602,6.224765
650.18115,422.64587,6.626403,6.257889
649.5016,421.91235,6.603211,6.2910776
648.82275,421.1781,6.580019,6.324266
648.1447,420.4432,6.5568266,6.357455
647.4673,419.7077,6.5336347,6.3906436
646.79047,418.97168,6.5115833,6.4224353
646.1142,418.2351,6.4902086,6.453399
645.4384,417.4981,6.4688334,6.4843626
644.76306,416.7607,6.4474587,6.515326
644.08813,416.02292,6.426084,6.54629
643.4136,415.28482,6.429914,6.5433555
642.73926,414.54645,6.4490747,6.519804
642.0651,413.80792,6.468235,6.496253
641.3911,413.0693,6.4873953,6.4727015
640.71704,412.3307,6.506556,6.44915
640.04297,411.59216,6.525829,6.425732
639.36884,410.85364,6.5451736,6.4023986
638.695,410.11484,6.5645185,6.379065
638.0217,409.37558,6.5838633,6.355732
637.3492,408.6356,6.603208,6.3323984
636.6777,407.89468,6.6225576,6.30894
636.0075,407.1526,6.641911,6.285397
635.33905,406.40894,6.6612644,6.2618537
634.67267,405.6634,6.6806173,6.238311
634.0087,404.9157,6.6999707,6.214768
633.3476,404.16553,6.719346,6.191198
632.68964,403.41257,6.738737,6.1676083
632.0352,402.65656,6.758128,6.144019
631.38464,401.8972,6.7775197,6.12043
630.7383,401.13425,6.796911,6.096841
630.09656,400.36743,6.816217,6.0732126
629.4598,399.5965,6.835462,6.049557
628.8284,398.82108,6.8547077,6.0259013
628.20294,398.04092,6.873953,6.0022454
627.5838,397.25574,6.8931985,5.9785895
626.97144,396.46527,6.9125934,5.955016
626.3662,395.6693,6.93209,5.9315
625.7683,394.86783,6.9515862,5.907984
625.17804,394.0607,6.9710827,5.884467
624.59564,393.24786,6.9905796,5.8609505
624.0214,392.4293,6.9881544,5.858356
623.45526,391.60507,6.972259,5.8686175
622.897,390.7755,6.9563637,5.878879
622.3465,389.94077,6.940469,5.8891406
621.80347,389.10114,6.924574,5.8994017
621.2677,388.25684,6.8992853,5.9189286
620.73914,387.40805,6.8689237,5.943459
620.2175,386.55496,6.838562,5.9679894
619.70276,385.69772,6.8082004,5.9925203
619.19464,384.8365,6.7778387,6.017051
618.6931,383.97147,6.7475114,6.041418
618.1979,383.10275,6.717201,6.0657063
617.70886,382.23056,6.686891,6.0899944
617.2258,381.35504,6.6565814,6.1142826
616.7486,380.47635,6.6262712,6.138571
616.277,379.59464,6.596005,6.1628237
615.81085,378.71002,6.565758,6.1870613
615.3499,377.82266,6.5355115,6.211299
614.89404,376.93268,6.5052648,6.235536
614.44305,376.04022,6.4750175,6.2597737
613.99677,375.14545,6.454635,6.2745767
613.55493,374.2484,6.438442,6.285372
613.11743,373.34927,6.42225,6.296167
612.6841,372.44812,6.406057,6.306962
612.2547,371.5451,6.3898644,6.317757
611.82904,370.6403,6.383883,6.3186264
611.4069,369.7338,6.3822865,6.3152337
610.9883,368.82574,6.38069,6.311841
610.5728,367.91623,6.379093,6.3084483
610.16034,367.0053,6.3774967,6.3050556
609.75073,366.09314,6.376039,6.3015285
609.34375,365.17975,6.3746433,6.2979403
608.9393,364.2653,6.373248,6.294352
608.53705,363.34982,6.3718524,6.290764
608.1369,362.43347,6.370457,6.2871757
607.7387,361.51624,6.369062,6.283722
607.34216,360.5983,6.367667,6.2803345
606.9472,359.6797,6.366272,6.2769465
606.5535,358.7605,6.364877,6.2735586
606.1611,357.84082,6.363482,6.270171
605.76953,356.92075,6.355954,6.2735667
605.3788,356.0003,6.345186,6.280546
604.98865,355.07965,6.3344183,6.287525
604.5989,354.1588,6.3236504,6.2945046
604.2093,353.23788,6.3128824,6.3014836
603.81976,352.31696,6.2916293,6.320221
603.43,351.3961,6.2644644,6.345588
603.0399,350.4754,6.2373,6.3709555
602.64935,349.5549,6.210135,6.3963223
602.25806,348.6347,6.18297,6.4216895
601.86584,347.7149,6.155632,6.4471
601.4726,346.79556,6.1281934,6.472536
601.078,345.87677,6.1007543,6.497972
600.68176,344.9587,6.0733156,6.5234084
600.2837,344.04144,6.0458765,6.5488443
599.8835,343.1251,6.018373,6.5743403
599.48114,342.2097,5.9908333,6.59987
599.0766,341.29523,5.963293,6.6253996
598.67,340.3817,5.9357533,6.6509295
598.2613,339.46912,5.908213,6.6764593
597.85046,338.5575,5.880723,6.7020674
597.4366,337.64722,5.8532577,6.727715
597.01825,336.739,5.8257923,6.753363
596.5939,335.83362,5.7983284,6.77901
596.162,334.93176,5.770867,6.8046536
595.72107,334.0343,5.7431564,6.830395
595.2687,333.14255,5.715346,6.856176
594.80194,332.25827,5.6875334,6.881958
594.31805,331.38324,5.659719,6.907742
593.8142,330.51956,5.6319094,6.933522
593.28796,329.6693,5.626,6.945367
592.738,328.83426,5.626,6.9534497
592.1633,328.01602,5.626,6.961533
591.5632,327.21628,5.626,6.9696183
590.93665,326.437,5.626,6.977706
590.28357,325.6799,5.6328206,6.9814954
589.6056,324.94492,5.6409383,6.984465
588.9054,324.2311,5.6490536,6.9874344
588.18536,323.53735,5.657167,6.9904027
587.44763,322.86237,5.66528,6.9933705
586.69434,322.20486,5.673363,6.996173
585.92664,321.56415,5.681441,6.998931
585.1456,320.93976,5.68952,7.00169
584.3523,320.33118,5.697599,7.0044484
583.5474,319.73785,5.705678,7.0072074
582.7319,319.15927,5.7138534,7.0101414
581.9061,318.5954,5.722068,7.013147
581.07025,318.04663,5.7302823,7.016152
580.2244,317.51334,5.738497,7.0191574
579.36884,316.9959,5.7467113,7.0221624
578.5036,316.49466,5.758951,7.015244
577.6291,316.00986,5.7727456,7.0044923
576.74554,315.54166,5.78654,6.993741
575.85333,315.09018,5.800334,6.98299
574.9528,314.6556,5.8141284,6.972238
574.04425,314.2381,5.82861,6.9598413
573.128,313.8377,5.8432727,6.9470115
572.2044,313.45456,5.857935,6.9341817
571.2738,313.0887,5.8725977,6.921352
570.33655,312.74023,5.8872604,6.908522
569.39307,312.4092,5.9018664,6.895563
568.4436,312.09555,5.9164653,6.8825865
567.48865,311.79913,5.9310637,6.86961
566.5285,311.51984,5.9456625,6.856633
565.5636,311.25757,5.9602613,6.8436565
564.59424,311.01215,5.9701505,6.845669
563.6209,310.7832,5.979789,6.84848
562.6439,310.57028,5.9894266,6.851291
561.66364,310.373,5.9990644,6.854102
560.6805,310.19083,6.0087028,6.856913
559.69464,310.02338,6.0161386,6.8676114
558.70654,309.8703,6.0235047,6.878561
557.7163,309.73123,6.030871,6.8895106
556.7243,309.60577,6.038237,6.9004602
555.7307,309.49362,6.0456033,6.9114103
554.7357,309.39438,6.052937,6.9221244
553.73956,309.30774,6.0602694,6.9328256
552.7424,309.23337,6.0676017,6.9435267
551.74445,309.17093,6.074934,6.954228
550.7458,309.1201,6.0822663,6.964929
549.74664,309.08057,6.089605,6.9758177
548.74713,309.0521,6.096944,6.9867277
547.7474,309.03442,6.1042833,6.9976373
546.74744,309.0273,6.111623,7.0085473
545.74756,309.03052,6.1189623,7.0194573
544.7477,309.0438,6.126173,7.0294023
543.74805,309.06677,6.1333632,7.039189
542.74866,309.099,6.140553,7.048975
541.7496,309.14008,6.147743,7.0587616
540.75085,309.18958,6.154933,7.0685477
539.75256,309.24704,6.1601057,7.054432
538.75476,309.31204,6.164927,7.036151
537.75745,309.384,6.169749,7.01787
536.76056,309.46243,6.17457,6.999589
535.7642,309.54678,6.1793914,6.981308
534.7683,309.63657,6.1840467,6.9628134
533.7729,309.73126,6.1886783,6.944287
532.7779,309.83038,6.19331,6.9257607
531.78326,309.9334,6.1979413,6.9072347
530.789,310.03983,6.202573,6.8887086
529.7951,310.14917,6.207387,6.870366
528.8014,310.26083,6.2122197,6.8520427
527.8079,310.37424,6.217052,6.833719
526.8146,310.48883,6.2218847,6.815395
525.82135,310.60403,6.2267175,6.7970715
524.82806,310.7193,6.2315416,6.77859
523.8348,310.8346,6.2363653,6.7600994
522.84155,310.94992,6.241189,6.741608
521.84827,311.06528,6.2460127,6.7231174
520.85504,311.18073,6.2508364,6.7046266
519.8618,311.29633,6.2556486,6.6863737
518.86865,311.41217,6.2604604,6.6681294
517.8755,311.52847,6.265272,6.6498857
516.88245,311.64542,6.2700834,6.6316414
515.88947,311.76312,6.274895,6.613397
514.8966,311.88177,6.2794986,6.5950055
513.9039,312.0015,6.284097,6.576611
512.91125,312.1224,6.288696,6.5582166
511.91882,312.2446,6.2932944,6.5398216
510.92654,312.36816,6.297893,6.521427
509.93448,312.49326,6.3026733,6.503281
508.94263,312.62003,6.3074574,6.485141
507.951,312.74872,6.3122416,6.467
506.95966,312.87955,6.317026,6.4488597
505.96866,313.01273,6.3218102,6.4307194
504.97797,313.14838,6.3265796,6.412445
503.9876,313.28635,6.3313484,6.394165
502.99753,313.42648,6.336117,6.375885
502.00775,313.5685,6.3408856,6.3576055
501.0182,313.71222,6.345654,6.3393254
500.02884,313.8573,6.356303,6.3028584
499.03958,314.003,6.367412,6.264969
498.0503,314.1484,6.378521,6.22708
497.06082,314.29266,6.38963,6.1891904
496.07104,314.43484,6.4007387,6.1513014
495.08087,314.5741,6.4136367,6.108035
494.09015,314.7096,6.426763,6.0640807
493.09885,314.8406,6.43989,6.020126
492.10687,314.96634,6.4530168,5.976171
491.1141,315.086,6.466143,5.932217
490.12057,315.19882,6.479511,5.8880324
489.1262,315.30392,6.4929175,5.8438096
488.13092,315.40033,6.5063243,5.7995863
487.13477,315.48706,6.5197315,5.755363
486.13776,315.5632,6.5331383,5.71114
485.13992,315.62784,6.5464573,5.666808
484.14136,315.68027,6.559762,5.62246
483.1422,315.7199,6.5730667,5.578111
482.14264,315.74615,6.5863714,5.533762
481.1428,315.75845,6.5996766,5.489412
480.14288,315.7563,6.6121306,5.446498
479.1431,315.73956,6.624491,5.4037437
478.14368,315.70834,6.6368513,5.3609905
477.14478,315.66278,6.649211,5.3182373
476.14667,315.60287,6.661571,5.2754846
475.14948,315.52875,6.642617,5.295536
474.15347,315.4404,6.6225376,5.3178473
473.15884,315.3378,6.602457,5.3401585
472.16574,315.22104,6.582377,5.36247
471.17444,315.0901,6.5622916,5.384779
470.18512,314.94495,6.5420737,5.407019
469.19794,314.78574,6.5218554,5.429259
468.21313,314.61252,6.5016375,5.451499
467.2309,314.42538,6.4814196,5.4737387
466.25137,314.22443,6.461232,5.495964
465.27478,314.00974,6.441362,5.518042
464.30127,313.78143,6.421492,5.54012
463.33102,313.53964,6.401622,5.562198
462.3642,313.2845,6.3817515,5.5842757
461.40097,313.01608,6.3626647,5.6053567
460.4415,312.73456,6.350139,5.618081
459.48596,312.43997,6.337613,5.6308055
458.53452,312.13232,6.3250875,5.64353
457.5874,311.8117,6.312562,5.6562543
456.64474,311.47815,6.3016853,5.6669497
455.7068,311.13168,6.3105907,5.6532946
454.77368,310.7723,6.319496,5.6396394
453.84564,310.39996,6.3284016,5.625984
452.92294,310.01468,6.337307,5.612329
452.00577,309.61636,6.3462176,5.598678
451.09436,309.20508,6.355334,5.585202
450.18896,308.78067,6.36445,5.571726
449.28986,308.34314,6.373566,5.55825
448.3973,307.8924,6.3826823,5.544774
447.51157,307.42838,6.3917985,5.531298
446.63297,306.951,6.4007792,5.5177336
445.76178,306.46017,6.409757,5.5041666
444.8984,305.9558,6.4187355,5.4905996
444.04315,305.43774,6.427714,5.4770327
443.19638,304.9059,6.436692,5.463465
442.35846,304.3603,6.4430285,5.4565825
441.52945,303.80118,6.449271,5.4499373
440.70938,303.22906,6.4555135,5.443292
439.89825,302.64435,6.4617558,5.436647
439.09607,302.0474,6.4679985,5.4300017
438.3028,301.43866,6.4619336,5.455277
437.51837,300.81857,6.4558654,5.4805613
436.74268,300.18756,6.449797,5.5058455
435.97565,299.54608,6.443729,5.53113
435.2171,298.89456,6.4376717,5.556403
434.46695,298.23343,6.4318075,5.5814786
433.72498,297.5631,6.425943,5.606554
432.99103,296.884,6.4200788,5.6316295
432.26492,296.19656,6.414214,5.656705
431.54642,295.50113,6.4083295,5.6817946
430.83533,294.79813,6.4022813,5.7069945
430.1314,294.08795,6.396233,5.7321944
429.43445,293.37097,6.3901854,5.757395
428.74414,292.64755,6.384137,5.7825947
428.06027,291.91803,6.378728,5.8065095
427.38254,291.18283,6.376921,5.823171
426.71072,290.4422,6.3751144,5.8398333
426.04453,289.69653,6.3733077,5.8564954
425.38367,288.9461,6.371501,5.8731575
424.72784,288.19128,6.370474,5.888184
424.0768,287.43234,6.3732724,5.8951817
423.43024,286.6696,6.3760715,5.902179
422.78784,285.90332,6.3788705,5.9091763
422.14932,285.1338,6.3816695,5.9161735
421.51437,284.36133,6.3844337,5.9232006
420.88272,283.58618,6.387025,5.9303765
420.25406,282.8086,6.389616,5.937552
419.62808,282.02884,6.392207,5.944728
419.00452,281.24716,6.3947983,5.9519033
418.38306,280.4638,6.397419,5.959078
417.76337,279.67905,6.400206,5.966244
417.14517,278.8931,6.402993,5.973411
416.5281,278.1063,6.4057803,5.9805775
415.91183,277.31885,6.408567,5.987744
415.296,276.53107,6.4113293,5.994911
414.6803,275.74316,6.413919,6.002083
414.06467,274.95523,6.4165087,6.0092545
413.44894,274.16736,6.4190984,6.016426
412.83304,273.3796,6.421688,6.0235977
412.21683,272.59213,6.4242997,6.030771
411.60025,271.8049,6.4270926,6.037953
410.98334,271.01797,6.429886,6.045135
410.36612,270.2313,6.4326787,6.052317
409.7486,269.4448,6.435472,6.0594993
409.13086,268.6585,6.4382463,6.0666633
408.5129,267.8724,6.440843,6.0736547
407.8947,267.08646,6.44344,6.080646
407.27634,266.30066,6.446037,6.0876374
406.65775,265.51505,6.4486337,6.094629
406.03897,264.72958,6.451248,6.1016383
405.41998,263.94424,6.4540477,6.1088367
404.80078,263.1591,6.4568467,6.1160345
404.18143,262.37408,6.459646,6.123233
403.56192,261.5892,6.4624453,6.130431
402.94223,260.80444,6.4652276,6.13763
402.3224,260.01978,6.4678288,6.1448336
401.70242,259.23523,6.47043,6.152037
401.08234,258.4508,6.4730315,6.1592407
400.46213,257.66647,6.4756327,6.1664443
399.8418,256.8822,6.478252,6.1736484
399.22137,256.09802,6.481055,6.1808558
398.60086,255.31393,6.4838576,6.188063
397.98026,254.5299,6.4866605,6.19527
397.35956,253.74594,6.4894633,6.2024775
396.7388,252.96202,6.4922476,6.209685
396.118,252.17815,6.4948506,6.216894
395.49716,251.3943,6.497454,6.2241035
394.87625,250.6105,6.500057,6.2313128
394.25534,249.82672,6.5026608,6.2385216
393.6344,249.04295,6.5052843,6.2457104
393.01346,248.25919,6.5080876,6.2527194
392.3925,247.47543,6.5108914,6.2597284
391.77155,246.69167,6.5136952,6.2667375
391.1506,245.9079,6.5164986,6.2737465
390.5297,245.1241,6.5192804,6.280777
389.90884,244.34027,6.5218835,6.287985
389.28802,243.55641,6.524486,6.2951922
388.66724,242.7725,6.5270886,6.3024
388.04654,241.98857,6.5296917,6.3096075
387.42587,241.20457,6.5323167,6.316815
386.8053,240.42052,6.5351186,6.32402
386.18478,239.63641,6.5379205,6.3312244
385.56433,238.85225,6.5407224,6.3384295
384.94394,238.06805,6.5435243,6.3456345
384.3236,237.2838,6.546303,6.352839
383.70334,236.4995,6.548904,6.360041
383.08313,235.71516,6.5515046,6.3672433
382.46295,234.93079,6.5541053,6.374446
381.84283,234.14638,6.5567064,6.381648
381.22275,233.36191,6.5593305,6.3888264
380.60272,232.57742,6.5621305,6.3958263
379.98276,231.7929,6.5649304,6.4028263
379.36282,231.00835,6.5677304,6.4098263
378.74292,230.22375,6.5705304,6.4168267
378.12305,229.43913,6.573307,6.42385
377.5032,228.65448,6.5759063,6.431048
376.88342,227.86981,6.5785055,6.4382463
376.26364,227.08511,6.5811048,6.4454446
375.64392,226.30038,6.5837045,6.4526424
375.0242,225.51566,6.586327,6.459841
374.40454,224.73088,6.5891256,6.467037
373.78488,223.9461,6.591924,6.474234
373.16522,223.16132,6.594723,6.4814305
372.5456,222.3765,6.597522,6.4886274
371.926,221.59167,6.6002975,6.495824
371.3064,220.80684,6.6028957,6.5030193
370.68683,220.022,6.605494,6.510215
370.06726,219.23715,6.608093,6.5174103
369.4477,218.45229,6.610691,6.5246058
368.82816,217.66742,6.613312,6.531801
368.2086,216.88255,6.6161094,6.5389957
367.58905,216.09769,6.6189075,6.5461907
366.96948,215.31282,6.6217055,6.5533853
366.34995,214.52795,6.624503,6.56058
365.73038,213.74309,6.6272798,6.5677533
365.1108,212.95824,6.6298776,6.5747476
364.49124,212.17339,6.6324754,6.581742
363.87167,211.38855,6.6350737,6.5887365
363.25208,210.60371,6.6376715,6.595731
362.63248,209.8189,6.6402903,6.602746
362.01285,209.03409,6.643088,6.60994
361.3932,208.2493,6.6458855,6.617134
360.77353,207.46452,6.648683,6.6243286
360.15384,206.67976,6.651481,6.6315227
359.53412,205.89502,6.6542587,6.6387167
358.91437,205.1103,6.656857,6.645911
358.29462,204.32562,6.659455,6.6531057
357.6748,203.54095,6.6620526,6.6603003
357.05496,202.7563,6.664651,6.6674943
356.4351,201.9717,6.667268,6.674689
355.8152,201.18712,6.670066,6.6818843
355.19522,200.40256,6.672864,6.6890793
354.57523,199.61804,6.675662,6.6962743
353.9552,198.83356,6.67846,6.7034693
353.3351,198.04912,6.681258,6.7106643
352.715,197.26471,6.6840568,6.7178607
352.09482,196.48035,6.6868553,6.7250566
351.47458,195.69601,6.689654,6.7322526
350.85428,194.91173,6.6924524,6.7394485
350.23395,194.12749,6.695233,6.746627
349.61353,193.34329,6.697832,6.7536244
348.99307,192.55916,6.700431,6.760622
348.37256,191.77505,6.70303,6.767619
347.75195,190.99101,6.705629,6.7746167
347.1313,190.20702,6.7082458,6.781632
346.51056,189.42308,6.7110453,6.788831
345.88977,188.6392,6.7138453,6.79603
345.2689,187.85538,6.716645,6.8032293
344.64795,187.07162,6.7194443,6.810428
344.02692,186.28792,6.7222266,6.8176274
343.40582,185.50429,6.724827,6.8248286
342.78464,184.72072,6.7274275,6.83203
342.16336,183.93721,6.7300277,6.839231
341.542,183.15376,6.7326283,6.846432
340.92056,182.3704,6.735246,6.8536334
340.299,181.5871,6.7380476,6.860837
339.6774,180.80388,6.740849,6.8680406
339.05566,180.02074,6.7436504,6.875244
338.43387,179.23766,6.746452,6.8824477
337.81195,178.45467,6.749235,6.8896513
337.1899,177.67175,6.7518377,6.8968577
336.5678,176.88893,6.75444,6.904064
335.9456,176.10617,6.757042,6.9112706
335.32324,175.32352,6.7596445,6.9184766
334.7008,174.54092,6.7622657,6.9256644
334.07828,173.75842,6.765069,6.9326725
333.45572,172.97594,6.7678723,6.939681
332.8332,172.19342,6.7706757,6.946689
332.21075,171.41084,6.773479,6.9536977
331.58847,170.62814,6.7762623,6.9607263
330.96643,169.84526,6.778865,6.967933
330.34467,169.06215,6.7814674,6.9751406
329.72327,168.27875,6.78407,6.9823475
329.1023,167.49501,6.7866726,6.989555
328.4818,166.71086,6.789296,6.9967613
327.8619,165.92628,6.7920966,7.0039625
327.2426,165.1412,6.794897,7.011164
326.624,164.35562,6.7976975,7.0183654
326.00604,163.56949,6.800498,7.0255666
325.3888,162.78279,6.803277,7.032767
324.77237,161.99547,6.805874,7.039958
324.1569,161.20741,6.8084702,7.0471487
323.5425,160.4185,6.811067,7.05434
322.92935,159.62862,6.813664,7.0615306
322.31763,158.83763,6.81628,7.0687003
321.70734,158.04555,6.819071,7.0756774
321.09808,157.25267,6.821862,7.082655
320.48938,156.45937,6.824653,7.0896325
319.88074,155.66602,6.827444,7.09661
319.27167,154.87297,6.8302183,7.103605
318.66168,154.08064,6.8328094,7.11078
318.0502,153.28947,6.8354006,7.117955
317.4366,152.49995,6.837991,7.1251297
316.8203,151.71254,6.840582,7.132304
316.20068,150.92772,6.843186,7.1394777
315.57703,150.1461,6.845981,7.146666
314.94818,149.36868,6.848777,7.1538544
314.31287,148.59651,6.8515725,7.1610436
313.66986,147.83075,6.8543696,7.168236
313.01797,147.07254,6.8565555,7.176813
312.35654,146.32263,6.8491354,7.2070966
311.68677,145.58018,6.8417153,7.2373776
311.01016,144.84395,6.8342996,7.267642
310.32822,144.11264,6.826891,7.297877
309.6424,143.38496,6.8185353,7.3303523
308.95163,142.66197,6.797203,7.393746
308.24673,141.9528,6.775861,7.457168
307.51736,141.26889,6.7544866,7.5206866
306.75427,140.62296,6.7330914,7.584266
305.9502,140.02898,6.716113,7.6401234
305.1024,139.4992,6.73596,7.631889
304.2148,139.0392,6.7557592,7.6236744
303.2922,138.65428,6.7755775,7.615452
302.3397,138.35104,6.795467,7.6071997
301.3633,138.13707,6.835806,7.562665
300.3717,138.01057,6.9105167,7.4569764
299.3735,137.95439,6.9850273,7.351571
298.37366,137.94931,7.059243,7.2465825
297.37408,137.97636,7.1332865,7.1418386
296.37497,138.01743,7.169331,7.099697
295.37613,138.06378,7.1505795,7.147859
294.37772,138.11844,7.131781,7.196141
293.38004,138.18518,7.1129513,7.244504
292.38354,138.26776,7.0941086,7.2928996
291.38885,138.36989,7.070001,7.3499975
290.39664,138.49373,7.036437,7.42272
289.4074,138.63942,7.0029016,7.49538
288.42163,138.80702,6.969385,7.5679994
287.43985,138.99655,6.9358773,7.6405993
286.46255,139.20807,6.9343266,7.656529
285.49014,139.44095,6.9928966,7.5658464
284.52264,139.69353,7.0514812,7.475141
283.56003,139.96408,7.11009,7.384399
282.60214,140.25095,7.1687365,7.2935977
281.64877,140.55249,7.2034383,7.2321014
280.7002,140.8687,7.202031,7.2148123
279.7573,141.2015,7.2006245,7.197529
278.82117,141.55292,7.1992197,7.1802726
277.89294,141.92468,7.197819,7.163067
276.9739,142.31859,7.1404133,7.2232337
276.0675,142.7408,7.0035667,7.393085
275.181,143.2032,6.866453,7.5632668
274.32394,143.71794,6.728666,7.7342854
273.5087,144.29642,6.5901628,7.9061923
272.7504,144.94757,6.505472,7.9848857
272.05716,145.66774,6.4811645,7.9593425
271.4262,146.44316,6.456988,7.9339366
270.8524,147.26186,6.4329247,7.9086494
270.32965,148.11417,6.4089055,7.883409
269.8521,148.9926,6.408973,7.816201
269.4173,149.89293,6.425985,7.719319
269.02533,150.81273,6.4430437,7.6221647
268.67606,151.74957,6.46013,7.5248556
268.3691,152.70114,6.477226,7.427494
268.10376,153.66516,6.491708,7.347825
267.87796,154.63919,6.5054398,7.2732215
267.68896,155.62105,6.5191603,7.198682
267.534,156.60886,6.5328727,7.124184
267.41028,157.60107,6.546586,7.049683
267.31525,158.59644,6.548,7.0609603
267.24673,159.594,6.548,7.0821114
267.20273,160.59293,6.548,7.103268
267.18118,161.5926,6.548,7.124427
267.18002,162.59253,6.548,7.145587
267.19724,163.5923,6.548,7.166297
267.23096,164.59164,6.548,7.1869493
267.27945,165.5904,6.548,7.2076
267.34097,166.58842,6.548,7.22825
267.41373,167.5857,6.548,7.248899
267.49612,168.58221,6.573039,7.219245
267.5873,169.57799,6.604285,7.1771226
267.68677,170.57295,6.6355324,7.134998
267.79407,171.56711,6.6667805,7.092872
267.90863,172.56044,6.6980286,7.0507464
268.03006,173.55298,6.731712,7.003736
268.15787,174.5447,6.766228,6.955054
268.29172,175.53563,6.8007445,6.9063716
268.43115,176.52579,6.835261,6.85769
268.57584,177.5152,6.8697767,6.809008
268.72534,178.50388,6.895606,6.771017
268.87927,179.4919,6.918268,6.736924
269.03714,180.47928,6.94093,6.702831
269.19858,181.4661,6.963592,6.668738
269.36307,182.4524,6.9862537,6.6346445
269.53024,183.43825,6.9894495,6.6242
269.69962,184.42374,6.9860325,6.621788
269.87067,185.40892,6.982616,6.6193757
270.0429,186.3939,6.979199,6.616964
270.21585,187.37877,6.9757824,6.614552
270.38904,188.36359,6.9725213,6.611986
270.56216,189.3484,6.9693065,6.609374
270.735,190.3333,6.9660916,6.606762
270.90726,191.31827,6.962877,6.60415
271.07877,192.30338,6.9596615,6.6015377
271.2493,193.28867,6.956291,6.599088
271.41885,194.27411,6.9528804,6.5966806
271.58746,195.25972,6.94947,6.5942726
271.75525,196.24547,6.946059,6.591865
271.92227,197.23135,6.9426484,6.5894575
272.0886,198.21736,6.9392414,6.587053
272.25424,199.20346,6.9358354,6.5846486
272.41925,200.1897,6.9324293,6.582244
272.5836,201.17603,6.929023,6.5798397
272.7473,202.16246,6.9256167,6.5774355
272.9104,203.149,6.9223776,6.574869
273.0729,204.13564,6.9191756,6.5722675
273.23483,205.12236,6.915973,6.569666
273.3962,206.10919,6.9127707,6.567064
273.55707,207.09608,6.909569,6.564462
273.71744,208.08308,6.906204,6.5620265
273.87735,209.07013,6.902805,6.559627
274.03683,210.05727,6.899406,6.5572276
274.1959,211.04446,6.8960066,6.554828
274.35455,212.03172,6.892607,6.5524287
274.51285,213.01904,6.8892097,6.55003
274.6708,214.00642,6.8858123,6.547632
274.82843,214.99385,6.8824153,6.545234
274.98575,215.98132,6.8790183,6.542836
275.1428,216.96884,6.8756213,6.5404387
275.2996,217.9564,6.8722253,6.538041
275.45618,218.944,6.8688297,6.5356445
275.61255,219.93163,6.865434,6.5332475
275.76877,220.91928,6.862038,6.5308504
275.9248,221.90695,6.8586426,6.528454
276.08072,222.89465,6.8554096,6.525895
276.2365,223.88237,6.852214,6.5232987
276.39224,224.8701,6.8490186,6.520703
276.5479,225.85783,6.8458233,6.5181065
276.70355,226.84558,6.842628,6.5155106
276.8592,227.83333,6.8392725,6.5130744
277.01483,228.82106,6.835877,6.510678
277.1705,229.8088,6.832482,6.508281
277.32623,230.79654,6.829087,6.5058846
277.48206,231.78424,6.8256917,6.503488
277.63797,232.77194,6.8222957,6.501091
277.79398,233.75963,6.8188996,6.498694
277.9501,234.7473,6.815504,6.496297
278.10635,235.73494,6.812108,6.4939
278.26266,236.72258,6.808712,6.491503
278.4191,237.71019,6.8054733,6.488947
278.57562,238.6978,6.802276,6.4863496
278.73224,239.6854,6.7990794,6.483752
278.88892,240.67296,6.795882,6.4811544
279.04572,241.66052,6.7926855,6.478557
279.2026,242.64807,6.789331,6.4761157
279.3596,243.6356,6.7859335,6.4737177
279.51663,244.62311,6.782536,6.471319
279.6738,245.61063,6.779138,6.468921
279.83102,246.59811,6.7757406,6.4665227
279.98834,247.58559,6.7723427,6.464124
280.14572,248.57306,6.7689447,6.4617257
280.3032,249.5605,6.7655463,6.4593267
280.46072,250.54794,6.762148,6.4569283
280.61835,251.53537,6.75875,6.4545293
280.77603,252.5228,6.755351,6.4521303
280.9338,253.5102,6.7519526,6.4497313
281.09164,254.49759,6.7485538,6.447332
281.24954,255.48497,6.745155,6.444933
281.40753,256.47235,6.741756,6.4425335
281.56555,257.45972,6.7385125,6.4399786
281.72366,258.44705,6.735313,6.4373794
281.88184,259.4344,6.732114,6.4347796
282.04007,260.42172,6.7289143,6.4321804
282.19833,261.40906,6.725715,6.4295807
282.3567,262.39636,6.72236,6.4271364
282.5151,263.38367,6.7189603,6.4247365
282.67355,264.37097,6.7155604,6.4223366
282.83206,265.35825,6.7121606,6.419937
282.99063,266.34552,6.7087607,6.417537
283.14923,267.3328,6.705361,6.4151373
283.3079,268.32007,6.7019606,6.412737
283.46658,269.3073,6.6985607,6.410337
283.62534,270.29456,6.6951604,6.407937
283.78415,271.2818,6.6917605,6.4055367
283.943,272.26904,6.688515,6.4029813
284.10187,273.25626,6.685315,6.400381
284.26077,274.24347,6.6821146,6.3977804
284.41974,275.23068,6.678914,6.39518
284.57874,276.2179,6.6757135,6.39258
284.73776,277.2051,6.6723576,6.390135
284.89682,278.1923,6.668957,6.3877344
285.0559,279.1795,6.6655564,6.385334
285.21503,280.1667,6.662156,6.3829336
285.37418,281.15387,6.6587553,6.380533
285.53336,282.14105,6.6553545,6.378133
285.69254,283.12823,6.6519537,6.375732
285.85178,284.1154,6.648553,6.3733315
286.01102,285.10257,6.645152,6.370931
286.17026,286.08972,6.6417513,6.3685303
286.32956,287.07687,6.6383505,6.365974
286.48886,288.06406,6.6349497,6.3633733
286.64816,289.0512,6.631549,6.3607726
286.8075,290.03836,6.628148,6.358172
286.96683,291.0255,6.6247473,6.3555713
287.1262,292.01266,6.6215024,6.353127
287.28555,292.99982,6.618302,6.350726
287.44492,293.98697,6.615101,6.3483257
287.60428,294.9741,6.6119003,6.3459253
287.76367,295.96124,6.6086993,6.3435245
287.92303,296.9484,6.6053424,6.341124
288.08243,297.93555,6.6019416,6.3387237
288.24182,298.9227,6.598541,6.3363233
288.40118,299.90982,6.5951405,6.3339224
288.56058,300.89697,6.5917397,6.331522
288.71994,301.88412,6.588339,6.3291216
288.8793,302.87128,6.5849385,6.326721
289.03867,303.85843,6.5815377,6.324321
289.198,304.84558,6.5781374,6.3219204
289.35733,305.83273,6.5747366,6.31952
289.51666,306.8199,6.5713363,6.316963
289.67596,307.80704,6.567936,6.314363
289.83527,308.7942,6.5645356,6.311763
289.99454,309.78137,6.5611353,6.309162
290.15378,310.76852,6.557735,6.306562
290.31302,311.7557,6.5544915,6.3041186
290.47223,312.74286,6.551292,6.3017187
290.6314,313.73004,6.548092,6.299319
290.79056,314.71722,6.544892,6.296919
290.9497,315.7044,6.541692,6.294519
291.1088,316.69162,6.5383353,6.292119
291.26788,317.6788,6.5349355,6.289719
291.42694,318.66602,6.531536,6.2873197
291.58597,319.6532,6.5281363,6.2849197
291.74496,320.6404,6.5247364,6.28252
291.90393,321.62762,6.521337,6.279964
292.0629,322.61484,6.5179377,6.2773643
292.22183,323.60205,6.514539,6.2747645
292.38074,324.58926,6.5111394,6.2721653
292.5396,325.5765,6.50774,6.2695656
292.69846,326.56372,6.504497,6.2671227
292.8573,327.55096,6.501298,6.2647233
293.0161,328.5382,6.498099,6.2623243
293.1749,329.52545,6.4948997,6.259925
293.33365,330.5127,6.4917006,6.2575254
293.4924,331.49994,6.4883456,6.2551265
293.65112,332.48718,6.4849467,6.252727
293.8098,333.47446,6.481548,6.250328
293.96848,334.4617,6.478149,6.2479286
294.12714,335.44897,6.47475,6.2455297
294.28577,336.43625,6.471351,6.24313
294.4444,337.4235,6.4679527,6.2407312
294.603,338.41077,6.464554,6.2383323
294.76157,339.39804,6.4611554,6.2359333
294.9201,340.38535,6.4577565,6.233534
295.07864,341.37262,6.454358,6.2309794
295.23715,342.3599,6.450959,6.2283807
295.39566,343.3472,6.447561,6.225782
295.55414,344.33447,6.4441624,6.2231827
295.7126,345.32178,6.4407635,6.220584
295.87103,346.30908,6.43752,6.21814
296.02948,347.29636,6.4343214,6.215741
296.18787,348.28366,6.431123,6.213342
296.34625,349.27097,6.427924,6.210943
296.50464,350.25827,6.4247255,6.2085443
296.663,351.2456,6.4213724,6.2061453
296.82135,352.2329,6.417974,6.2037463
296.97968,353.2202,6.4145756,6.2013474
297.13797,354.20755,6.411177,6.1989484
297.29626,355.19485,6.4077787,6.1965494
297.45456,356.1822,6.40438,6.1939964
297.61282,357.1695,6.4009814,6.1913977
297.7711,358.15683,6.397583,6.188799
297.92932,359.14417,6.3941846,6.1862
298.08752,360.1315,6.390786,6.183601
298.24576,361.11884,6.3875413,6.1811557
298.40393,362.10617,6.3843427,6.1787567
298.56213,363.0935,6.3811436,6.1763577
298.7203,364.08084,6.377945,6.173959
298.87845,365.06818,6.3747463,6.17156
299.03662,366.05554,6.371394,6.169161
299.19473,367.04288,6.3679957,6.166762
299.35287,368.0302,6.364597,6.1643624
299.511,369.01758,6.3611984,6.1619635
299.6691,370.0049,6.3577995,6.1595645
299.82718,370.99228,6.3544006,6.1570125
299.98526,371.97964,6.3510017,6.154413
300.14334,372.96698,6.347603,6.151814
300.3014,373.95435,6.344204,6.1492147
300.45944,374.9417,6.340805,6.1466155
300.6175,375.92908,6.337406,6.144169
300.77554,376.91644,6.334007,6.1417694
300.93356,377.90378,6.330608,6.1393704
301.09158,378.89114,6.3272085,6.136971
301.2496,379.8785,6.3238096,6.1345716
301.4076,380.86588,6.320563,6.132172
301.56558,381.85327,6.3173633,6.129772
301.72357,382.84064,6.3141637,6.1273727
301.88156,383.828,6.3109646,6.1249733
302.03955,384.81537,6.307765,6.122574
302.1975,385.80273,6.3044133,6.120174
302.35547,386.7901,6.3010135,6.117774
302.51343,387.7775,6.2976136,6.1153746
302.6714,388.76486,6.2942142,6.1129746
302.82935,389.75223,6.2908144,6.1105747
302.98727,390.73962,6.2874146,6.1080227
303.14523,391.727,6.284014,6.1054225
303.30316,392.7144,6.2806144,6.102823
303.4611,393.70175,6.277214,6.1002226
303.61902,394.68912,6.273814,6.0976224
303.77695,395.6765,6.270566,6.0951743
303.93488,396.66388,6.2673655,6.092774
304.0928,397.65128,6.264165,6.090374
304.2507,398.63864,6.2609644,6.0879736
304.40863,399.62604,6.2577643,6.085573
304.56653,400.6134,6.254411,6.0831723
304.7244,401.6008,6.2510104,6.080772
304.88226,402.5882,6.247609,6.0783715
305.04004,403.5756,6.2442083,6.0759706
305.19775,404.56302,6.2408075,6.0735703
305.35535,405.55045,6.2374067,6.071017
305.51282,406.5379,6.2340055,6.068416
305.67017,407.52536,6.2306046,6.0658154
305.82736,408.51285,6.2272034,6.0632143
305.9844,409.5004,6.2238026,6.0606136
306.14124,410.48795,6.220402,6.058166
306.29785,411.47552,6.2170005,6.055765
306.45422,412.46313,6.2135997,6.0533648
306.61038,413.4508,6.210199,6.050964
306.76627,414.4385,6.206798,6.0485635
306.92184,415.42627,6.2035503,6.046163
307.07715,416.41406,6.20035,6.0437627
307.2321,417.40192,6.1971498,6.0413623
307.38672,418.3898,6.193949,6.038962
307.541,419.37778,6.1907487,6.0365615
307.6949,420.36578,6.1881614,6.032323
307.84836,421.35388,6.1857615,6.0275235
308.00143,422.342,6.183362,6.0227237
308.15408,423.33023,6.180962,6.017924
308.30627,424.3185,6.178562,6.0131245
308.45798,425.30685,6.1806026,5.9969964
308.6092,426.2953,6.1840014,5.9774036
308.75992,427.28378,6.1874003,5.9578104
308.9101,428.27237,6.190799,5.9382176
309.05975,429.26105,6.1941977,5.9186244
309.20886,430.2498,6.197748,5.8990374
309.35742,431.23862,6.2013454,5.8794518
309.50534,432.22757,6.2049427,5.8598666
309.6526,433.21658,6.20854,5.840281
309.7992,434.20572,6.2121377,5.820696
309.94507,435.19495,6.2155814,5.8012695
310.09027,436.18427,6.2189775,5.7818933
310.2348,437.1737,6.2223735,5.762517
310.37872,438.1632,6.225769,5.743141
310.5221,439.1528,6.229165,5.723765
310.6649,440.1425,6.2327104,5.7042446
310.80685,441.1323,6.2363043,5.684677
310.94754,442.12228,6.239898,5.66511
311.08652,443.1125,6.243492,5.645543
311.22336,444.10303,6.247086,5.6259756
311.35757,445.0939,6.2505336,5.606543
311.48865,446.0852,6.2539315,5.5871563
311.6159,447.077,6.257329,5.5677695
311.73865,448.06937,6.260727,5.5483828
311.8563,449.06235,6.2641244,5.528996
311.9681,450.056,6.267529,5.509422
312.07355,451.05035,6.2709355,5.489782
312.172,452.04544,6.2743425,5.4701424
312.26282,453.04123,6.2777495,5.450503
312.34543,454.03772,6.2811565,5.4308634
312.41925,455.03494,6.283966,5.414355
312.48355,456.03278,6.286579,5.3988767
312.53763,457.03125,6.2891927,5.3833985
312.58075,458.03024,6.2918057,5.3679204
312.61218,459.02966,6.294419,5.352442
312.63126,460.02942,6.2939043,5.3515043
312.6375,461.02933,6.2924953,5.354725
312.63065,462.0292,6.2910867,5.3579454
312.61035,463.02893,6.2896776,5.3611655
312.57632,464.0283,6.2882686,5.3643866
312.5283,465.02704,6.286862,5.3676014
312.46674,466.02505,6.2854557,5.3708158
312.3923,467.02222,6.2840495,5.374029
312.30576,468.0184,6.282644,5.377243
312.2078,469.0135,6.2812376,5.380457
312.09906,470.0075,6.2798357,5.3834944
311.98016,471.00034,6.278435,5.386496
311.85156,471.99194,6.2770343,5.3894978
311.71384,472.98236,6.2756333,5.3925
311.5674,473.9715,6.2742324,5.3955016
311.4129,474.9594,6.2728357,5.3986616
311.2508,475.9461,6.271439,5.4018536
311.08176,476.93164,6.270043,5.405045
310.90637,477.91608,6.2686462,5.4082365
310.72525,478.89948,6.26725,5.4114285
310.53897,479.8819,6.2512965,5.4268856
310.34784,480.86337,6.232167,5.445019
310.1521,481.84396,6.213037,5.4631524
309.952,482.82367,6.1939073,5.481286
309.74777,483.80252,6.1747775,5.499419
309.53958,484.78052,6.139607,5.53119
309.32703,485.7576,6.1004887,5.5663166
309.1095,486.73358,6.06137,5.6014433
308.88635,487.7083,6.022251,5.6365705
308.657,488.68158,5.9831324,5.6716976
308.42084,489.6532,5.9440756,5.706753
308.17734,490.62302,5.905035,5.741789
307.92593,491.59085,5.865995,5.776825
307.66623,492.55646,5.826955,5.811861
307.39767,493.51962,5.7879148,5.846897
307.11978,494.48016,5.7891273,5.8485556
306.8321,495.4378,5.8005753,5.841727
306.53403,496.3923,5.8120236,5.8348985
306.22516,497.34332,5.8234715,5.8280697
305.90497,498.2906,5.8349195,5.821241
305.57294,499.23376,5.8827415,5.783966
305.22864,500.17255,5.938643,5.7399287
304.87155,501.10654,5.9945445,5.695891
304.5012,502.03534,6.050448,5.651852
304.11713,502.95856,6.1063523,5.6078124
303.71896,503.8758,6.162144,5.564031
303.3068,504.7868,6.217914,5.5202975
302.88083,505.69147,6.2736826,5.4765654
302.4414,506.58963,6.32945,5.432834
301.9887,507.48123,6.385218,5.3891025
301.523,508.3661,6.386288,5.3921213
301.0446,509.2441,6.378488,5.4027214
300.5537,510.11526,6.3706875,5.413322
300.0507,510.97946,6.3628874,5.4239225
299.5358,511.8366,6.355087,5.434523
299.00928,512.6867,6.309305,5.477772
298.47137,513.5296,6.2573752,5.526307
297.92236,514.3653,6.2054453,5.5748415
297.3624,515.1937,6.1535153,5.623376
296.79175,516.01483,6.101586,5.6719103
296.21066,516.82855,6.04978,5.7203174
295.61926,517.6349,5.9979954,5.768703
295.0178,518.43365,5.9462104,5.817089
294.4064,519.2249,5.8944254,5.865475
293.78525,520.0085,5.8426394,5.9138618
293.15457,520.7844,5.8456025,5.9175797
292.51462,521.5528,5.85804,5.9135675
291.86578,522.3136,5.870477,5.909556
291.2083,523.06696,5.8829145,5.905544
290.5426,523.81305,5.895352,5.9015317
289.86893,524.552,5.9292383,5.87974
289.18762,525.28394,5.9664016,5.8552327
288.49905,526.009,6.003565,5.830725
287.80353,526.72736,6.0407276,5.806217
287.10135,527.4393,6.077891,5.7817097
286.39288,528.1449,6.1150246,5.7574005
285.6784,528.8444,6.1521544,5.733115
284.95822,529.53815,6.1892843,5.7088304
284.23264,530.22614,6.226414,5.6845455
283.50192,530.90875,6.263544,5.66026
282.76642,531.5861,6.296973,5.6688995
282.02634,532.25854,6.3300223,5.6809173
281.282,532.9263,6.363072,5.6929355
280.53366,533.5895,6.3961215,5.704953
279.78162,534.2485,6.429171,5.7169714
279.02606,534.90344,6.4592304,5.754368
278.2673,535.5547,6.48901,5.794141
277.50558,536.2025,6.51879,5.833914
276.7411,536.84705,6.548569,5.8736863
275.97412,537.4886,6.578349,5.9134593
275.2049,538.12744,6.6082654,5.953354
274.43362,538.76385,6.638195,5.99326
273.66058,539.3981,6.668125,6.0331664
272.88602,540.03046,6.698055,6.073073
272.11014,540.66125,6.727985,6.11298
271.33322,541.2908,6.7577176,6.1526833
270.55542,541.9191,6.787428,6.1923637
269.77686,542.54663,6.8171387,6.232044
268.99774,543.1734,6.8468485,6.271724
268.2182,543.7996,6.8765583,6.3114033
267.43842,544.42554,6.9062815,6.351277
266.65878,545.0517,6.936006,6.3911757
265.87976,545.6785,6.965731,6.4310756
265.10178,546.3067,6.9954576,6.470977
264.32532,546.93677,7.0251856,6.51088
263.55066,547.56903,7.0549626,6.5506754
262.7772,548.20276,7.0847473,6.5904546
262.0039,548.83673,7.11453,6.630232
261.2298,549.46967,7.1443095,6.6700044
260.45386,550.10034,7.1740837,6.7097697
259.675,550.7274,7.203972,6.7498617
258.89093,551.348,7.2338777,6.790004
258.0992,551.95874,7.2637887,6.830153
257.29736,552.55615,7.2937064,6.870311
256.48322,553.1366,7.323625,6.91047
255.6548,553.6966,7.3935585,6.9699907
254.8111,554.23315,7.468563,7.03196
253.95143,554.74384,7.5435505,7.0939145
253.07536,555.22577,7.6185045,7.155842
252.18266,555.67615,7.69339,7.2177124
251.27313,556.09143,7.8463454,7.3540173
250.34547,556.4644,8.008136,7.4987454
249.39879,556.78595,8.170026,7.643563
248.43358,557.0464,8.3319,7.7883654
247.45206,557.236,8.493363,7.9328017
246.45848,557.3464,8.682062,8.0826845
245.45914,557.3717,8.872964,8.232828
244.4617,557.30597,9.064265,8.383285
243.4758,557.14166,9.256424,8.534416
242.51372,556.8711,9.435626,8.502655
241.58873,556.4927,9.519634,8.683262
240.70818,556.0197,9.603335,8.697644
239.87492,555.46747,9.686591,8.711951
239.08916,554.84937,9.769517,8.726201
238.34964,554.1765,9.837781,8.735871
237.6557,553.45685,9.776311,8.704943
237.00983,552.69366,9.714613,8.6739
236.41513,551.8901,9.652731,8.642764
235.87456,551.0491,9.590713,8.61156
235.391,550.174,9.528608,8.580313
234.96616,549.26904,9.464427,8.548117
234.59622,548.34015,9.400234,8.515919
234.27539,547.3932,9.336155,8.483778
233.99751,546.43274,9.27215,8.451674
233.75635,545.46234,9.2087345,8.419745
233.54573,544.4849,9.189404,8.40122
233.35947,543.5025,9.170045,8.3826685
233.19118,542.51685,9.150676,8.364105
233.03432,541.5293,9.131303,8.34554
232.88228,540.54095,9.112091,8.327036
232.72989,539.55273,9.095614,8.309554
232.57669,538.56464,9.07914,8.292075
232.42328,537.57654,9.062667,8.274597
232.27023,536.5884,9.046194,8.25712
232.11813,535.6001,9.029723,8.239646
231.9674,534.6116,9.01328,8.222199
231.818,533.62286,8.996836,8.204752
231.6697,532.634,8.980391,8.1873045
231.52235,531.64496,8.963945,8.169857
231.37578,530.6558,8.947503,8.152393
231.22986,529.6666,8.931083,8.134771
231.08461,528.6773,8.914662,8.117149
230.94002,527.68787,8.898242,8.099528
230.79616,526.69836,8.881822,8.081906
230.65303,525.70874,8.865403,8.064306
230.51067,524.719,8.849002,8.046905
230.36903,523.7291,8.832601,8.029503
230.22812,522.7392,8.816199,8.012101
230.08789,521.74915,8.799798,7.9947
229.94833,520.759,8.783398,7.9773
229.80943,519.76874,8.76701,7.959913
229.67116,518.77844,8.750622,7.942526
229.5335,517.788,8.734234,7.9251385
229.39645,516.79755,8.717846,7.9077516
229.26001,515.80695,8.701459,7.890365
229.12418,514.8163,8.68508,7.872987
228.9889,513.82556,8.6687,7.8556085
228.8542,512.8347,8.65232,7.83823
228.72005,511.84384,8.635941,7.8208513
228.58644,510.8529,8.619561,7.803456
228.45335,509.86185,8.603185,7.7858806
228.32077,508.87076,8.586807,7.768306
228.1887,507.87958,8.570431,7.7507305
228.05711,506.88837,8.554053,7.7331553
227.926,505.89706,8.537677,7.715596
227.79533,504.9057,8.521297,7.698218
227.66513,503.91428,8.504918,7.6808395
227.53535,502.92282,8.488538,7.663461
227.40602,501.93127,8.472158,7.646083
227.27708,500.9397,8.455779,7.628704
227.14856,499.94806,8.439392,7.611318
227.02042,498.9564,8.423005,7.5939317
226.89262,497.96466,8.406617,7.5765457
226.76515,496.97287,8.39023,7.5591593
226.63797,495.98108,8.373843,7.5417724
226.51106,494.98923,8.357448,7.524378
226.3844,493.99734,8.341053,7.506983
226.25793,493.00546,8.324657,7.4895883
226.13164,492.01352,8.308263,7.4721932
226.0055,491.0216,8.291867,7.4547844
225.87946,490.02963,8.275466,7.437183
225.7535,489.0377,8.259065,7.4195814
225.62758,488.04572,8.242663,7.4019804
225.50168,487.05374,8.226262,7.384379
225.37578,486.06177,8.209874,7.366791
225.24982,485.0698,8.193668,7.349385
225.1238,484.07785,8.177464,7.331979
224.99767,483.0859,8.161258,7.314573
224.87138,482.09396,8.145052,7.297167
224.74495,481.10208,8.128832,7.279761
224.61832,480.1102,8.112424,7.262352
224.49144,479.11835,8.096016,7.244943
224.3643,478.12653,8.079607,7.227535
224.23688,477.13477,8.063199,7.210126
224.10913,476.143,8.046791,7.192717
223.98103,475.15134,8.030382,7.1753078
223.85254,474.1597,8.013973,7.157898
223.72363,473.1681,7.997564,7.1404886
223.59427,472.17657,7.981155,7.1230793
223.46445,471.18512,7.9647465,7.1056547
223.33409,470.19373,7.9483385,7.088046
223.20322,469.2024,7.931931,7.070438
223.07175,468.21115,7.915523,7.0528297
222.9397,467.21997,7.8991156,7.0352216
222.80699,466.22888,7.882708,7.017629
222.67363,465.23788,7.866304,7.0002246
222.53958,464.24698,7.8498993,6.98282
222.4048,463.25616,7.833495,6.9654155
222.26926,462.26547,7.8170905,6.9480104
222.13293,461.27487,7.8006864,6.9306064
221.9958,460.2844,7.7842875,6.9132075
221.8578,459.29404,7.7678885,6.8958087
221.71893,458.3038,7.7514896,6.87841
221.57915,457.3137,7.7350907,6.861011
221.43842,456.32373,7.7186923,6.8436127
221.29672,455.33386,7.7023005,6.826221
221.15413,454.34418,7.6859083,6.80883
221.01071,453.35458,7.6695166,6.7914386
220.86655,452.36508,7.653125,6.774047
220.7217,451.3757,7.636733,6.756656
220.57626,450.3864,7.620347,6.7392707
220.4303,449.3972,7.603961,6.721885
220.2839,448.40805,7.587575,6.7045
220.13713,447.41895,7.5711884,6.6871147
219.99008,446.42987,7.554803,6.669715
219.84283,445.44086,7.5384197,6.6521335
219.69543,444.45184,7.522037,6.634552
219.548,443.46286,7.5056543,6.6169705
219.40059,442.47385,7.489271,6.5993886
219.25327,441.48483,7.4728885,6.581821
219.10612,440.4958,7.4565067,6.56444
218.95924,439.5067,7.4401245,6.547059
218.8127,438.51758,7.4237423,6.529678
218.66656,437.52838,7.40736,6.5122967
218.52092,436.53912,7.3909783,6.494916
218.37584,435.54977,7.374594,6.477533
218.2314,434.56033,7.3582106,6.4601502
218.08769,433.57077,7.341827,6.4427676
217.94478,432.58112,7.3254433,6.425385
217.80273,431.5913,7.309059,6.408002
217.66164,430.60138,7.2926717,6.390615
217.52159,429.61133,7.276284,6.373228
217.38264,428.6211,7.2598963,6.355841
217.24489,427.6307,7.243509,6.3384547
217.1084,426.64014,7.227121,6.321057
216.97327,425.64938,7.2107277,6.303464
216.83954,424.65842,7.194335,6.2858715
216.70732,423.66727,7.177942,6.2682786
216.57668,422.6759,7.1615486,6.250686
216.44768,421.68433,7.145155,6.2331033
216.3204,420.69254,7.128755,6.215704
216.19495,419.70053,7.1123557,6.198304
216.0714,418.70825,7.095956,6.1809044
215.94984,417.71573,7.079556,6.1635046
215.83038,416.72296,7.063156,6.1461043
215.71309,415.72995,7.0467496,6.1286974
215.59799,414.73666,7.030343,6.1112905
215.48508,413.74313,7.0139365,6.093884
215.37439,412.74933,6.99753,6.076477
215.2659,411.7553,6.981123,6.0590696
215.15964,410.76105,6.9647117,6.0416574
215.05556,409.76654,6.9483,6.0242453
214.95358,408.77182,6.9318886,6.0068326
214.85368,407.77692,6.915477,5.9894204
214.7558,406.78177,6.899065,5.971997
214.65988,405.78647,6.882651,5.954381
214.56589,404.79095,6.866236,5.9367657
214.47379,403.7953,6.849822,5.9191504
214.38353,402.79944,6.833408,5.901535
214.29507,401.80344,6.817153,5.8841777
214.20839,400.80725,6.8033404,5.870765
214.12343,399.81094,6.7895274,5.8573527
214.04015,398.81448,6.775715,5.8439407
213.9585,397.8179,6.7619023,5.8305283
213.87846,396.82117,6.748591,5.817881
213.79997,395.82434,6.7423854,5.8160796
213.72299,394.82736,6.73618,5.814278
213.64749,393.8303,6.7299747,5.8124766
213.57341,392.83313,6.723769,5.810675
213.5007,391.83585,6.71755,5.8088593
213.42935,390.83847,6.711145,5.8068576
213.3593,389.84097,6.7047396,5.8048563
213.2905,388.8434,6.6983347,5.8028545
213.22292,387.8458,6.69193,5.8008533
213.15651,386.84805,6.6855397,5.7988515
213.09123,385.85025,6.679336,5.79685
213.02704,384.8524,6.673132,5.794849
212.96388,383.85446,6.6669283,5.7928476
212.90175,382.85648,6.660724,5.7908463
212.84056,381.8584,6.654505,5.788845
212.78029,380.8603,6.648102,5.7868443
212.7209,379.86212,6.641699,5.7848434
212.66234,378.86392,6.635296,5.7828426
212.60457,377.86566,6.628893,5.780842
212.54755,376.86737,6.622506,5.7788568
212.49123,375.86902,6.6163044,5.777056
212.43556,374.87064,6.6101027,5.7752557
212.38052,373.87222,6.603901,5.773455
212.32607,372.87378,6.597699,5.7716546
212.27216,371.8753,6.591481,5.769838
212.21877,370.8768,6.5850806,5.7678375
212.16588,369.87827,6.57868,5.7658377
212.11346,368.87973,6.5722795,5.7638373
212.06154,367.88113,6.565879,5.761837
212.01007,366.88254,6.5594945,5.759837
211.95906,365.8839,6.5532947,5.757837
211.90848,364.88525,6.5470953,5.755837
211.85832,363.8866,6.5408955,5.753837
211.8086,362.8879,6.5346956,5.7518373
211.75925,361.8892,6.52848,5.7498536
211.71028,360.89044,6.522081,5.748054
211.66168,359.8917,6.515682,5.7462544
211.61343,358.89294,6.5092835,5.744455
211.56554,357.89417,6.5028844,5.742655
211.51796,356.89536,6.496502,5.7408395
211.4707,355.89655,6.4903035,5.73884
211.42375,354.89774,6.4841056,5.7368402
211.37708,353.8989,6.477907,5.734841
211.33067,352.90002,6.4717093,5.7328415
211.28453,351.90115,6.465495,5.730842
211.23865,350.90228,6.4590974,5.728843
211.19298,349.9034,6.4527,5.726844
211.14754,348.9045,6.4463024,5.7248445
211.1023,347.9056,6.4399047,5.722845
211.05725,346.90668,6.4335227,5.7208614
211.01237,345.90778,6.4273252,5.7190623
210.96768,344.90884,6.421128,5.7172627
210.92313,343.9099,6.4149303,5.7154636
210.87871,342.91095,6.4087334,5.7136645
210.83441,341.91202,6.4025207,5.71185
210.79022,340.91306,6.396124,5.7098513
210.74612,339.9141,6.3897266,5.707852
210.70212,338.91513,6.3833294,5.705853
210.65819,337.91617,6.3769326,5.703854
210.6143,336.9172,6.37055,5.7018547
210.57047,335.91824,6.3643527,5.699856
210.52664,334.91928,6.3581557,5.6978564
210.48285,333.92032,6.3519583,5.6958575
210.43904,332.92133,6.3457613,5.6938586
210.39523,331.92236,6.33955,5.6918736
210.35138,330.9234,6.333153,5.690074
210.3075,329.92444,6.3267555,5.688275
210.26358,328.92548,6.320358,5.6864758
210.21964,327.9265,6.3139606,5.6846766
210.17563,326.92755,6.307577,5.6828637
210.13159,325.9286,6.301379,5.6808643
210.08752,324.92963,6.2951818,5.678865
210.04341,323.93066,6.2889843,5.676866
209.99925,322.9317,6.2827864,5.6748667
209.95506,321.93277,6.2765756,5.6728673
209.91083,320.9338,6.270178,5.670868
209.86656,319.93488,6.26378,5.668869
209.82227,318.9359,6.2573824,5.6668696
209.77792,317.93698,6.2509847,5.6648703
209.73355,316.93802,6.2446,5.6628838
209.68915,315.9391,6.238402,5.661084
209.64471,314.94016,6.2322035,5.659285
209.60023,313.9412,6.2260056,5.6574855
209.55573,312.94226,6.2198076,5.655686
209.51118,311.94333,6.213597,5.653874
209.46661,310.9444,6.2071986,5.6518745
209.42201,309.94547,6.200801,5.649875
209.37738,308.94653,6.1944027,5.647876
209.3327,307.9476,6.1880045,5.6458764
209.28801,306.94867,6.181618,5.643877
209.24329,305.94974,6.17542,5.6418777
209.19853,304.9508,6.1692214,5.639878
209.15375,303.95187,6.163023,5.6378784
209.10893,302.95294,6.1568246,5.635879
209.06409,301.95404,6.150626,5.6338916
209.01923,300.9551,6.144428,5.632092
208.97432,299.95618,6.1382294,5.6302924
208.9294,298.95728,6.1320305,5.628493
208.88445,297.95834,6.125832,5.6266932
208.83948,296.95944,6.1196218,5.6248817
208.79448,295.9605,6.113223,5.6228824
208.74945,294.9616,6.1068244,5.6208825
208.7044,293.96268,6.1004257,5.618883
208.65933,292.96378,6.094027,5.6168833
208.61424,291.96487,6.08764,5.614884
208.56912,290.96594,6.081441,5.612884
208.52397,289.96704,6.075242,5.6108847
208.47882,288.96814,6.069043,5.608885
208.43362,287.96924,6.0628443,5.6068854
208.38843,286.9703,6.056634,5.6048856
208.3432,285.9714,6.050235,5.6028857
208.29796,284.9725,6.043836,5.6008863
208.25269,283.9736,6.037437,5.5988865
208.20741,282.9747,6.031038,5.5968866
208.16211,281.9758,6.02465,5.594898
208.11679,280.9769,6.018451,5.5930986
208.07144,279.978,6.012252,5.591299
208.0261,278.9791,6.006053,5.589499
207.98073,277.9802,5.9998536,5.5876994
207.93533,276.9813,5.9936433,5.5858884
207.88992,275.9824,5.987244,5.583889
207.84451,274.9835,5.980845,5.581889
207.79907,273.9846,5.974446,5.5798893
207.75363,272.98572,5.9680467,5.5778894
207.70818,271.98682,5.961658,5.5758896
207.66269,270.9879,5.9554586,5.5738897
207.6172,269.989,5.9492593,5.5718904
207.57172,268.9901,5.9430604,5.5698905
207.5262,267.99124,5.936861,5.5678906
207.48068,266.99234,5.9306507,5.5659018
207.43513,265.99344,5.924251,5.5641017
207.3896,264.99457,5.917852,5.562302
207.34404,263.99567,5.9114523,5.560502
207.29848,262.99677,5.9050527,5.5587025
207.25291,261.9979,5.8986645,5.556892
207.20732,260.999,5.8924646,5.554892
207.16174,260.0001,5.8862653,5.552892
207.11613,259.00122,5.880066,5.5508924
207.07054,258.00232,5.873866,5.5488925
207.02493,257.00345,5.8676558,5.5468926
206.97931,256.00455,5.8612566,5.544893
206.93369,255.00566,5.854857,5.542893
206.88806,254.00677,5.8484573,5.540893
206.84242,253.00789,5.8420577,5.538893
206.7968,252.009,5.8356686,5.536904
206.75116,251.01012,5.829469,5.535104
206.7055,250.01122,5.8232694,5.533304
206.65987,249.01233,5.81707,5.531504
206.61421,248.01344,5.81087,5.529704
206.56856,247.01456,5.80466,5.5278935
206.52292,246.01567,5.79826,5.5258937
206.47726,245.01678,5.7918606,5.523894
206.43161,244.0179,5.785461,5.521894
206.38596,243.01901,5.7790613,5.519894
206.3403,242.02013,5.772672,5.5178943
206.29465,241.02124,5.766473,5.5158944
206.249,240.02235,5.760273,5.5138946
206.20335,239.02347,5.754073,5.5118947
206.1577,238.02458,5.7478733,5.509895
206.11206,237.0257,5.7416635,5.5079055
206.06642,236.02681,5.7352633,5.5061054
206.02078,235.02792,5.7288637,5.5043054
205.97516,234.02904,5.722464,5.502506
205.92953,233.03014,5.7160645,5.5007057
205.88391,232.03125,5.7096753,5.498895
205.83829,231.03236,5.7034755,5.4968953
205.79268,230.03348,5.6972756,5.4948955
205.74709,229.03459,5.6910763,5.4928956
205.70148,228.0357,5.6848764,5.4908957
205.6559,227.0368,5.678666,5.488896
205.61032,226.03792,5.6722665,5.4868956
205.56474,225.03903,5.665867,5.4848957
205.51918,224.04013,5.659467,5.482896
205.47363,223.04124,5.6530676,5.480896
205.42809,222.04236,5.646678,5.4789066
205.38255,221.04346,5.6404786,5.4771066
205.33704,220.04457,5.634279,5.4753065
205.29152,219.04567,5.628079,5.473507
205.24603,218.04678,5.621879,5.471707
205.20055,217.04788,5.6156693,5.469897
205.15508,216.049,5.6092696,5.467897
205.1096,215.0501,5.60287,5.465897
205.06416,214.0512,5.5964704,5.4638968
205.01874,213.0523,5.5900707,5.461897
204.97331,212.0534,5.583784,5.4599385
204.92792,211.0545,5.579584,5.4587383
204.88254,210.0556,5.5753846,5.4575386
204.83716,209.05672,5.5711846,5.4563384
204.79181,208.05782,5.566985,5.4551387
204.74648,207.05891,5.563,5.4540205
204.70116,206.06001,5.563,5.4544206
204.65585,205.0611,5.563,5.45482
204.61058,204.0622,5.563,5.45522
204.5653,203.0633,5.563,5.4556203
204.52007,202.06439,5.563,5.4560204
204.47485,201.06548,5.563,5.4564204
204.42964,200.06657,5.563,5.45682
204.38446,199.06767,5.563,5.45722
204.33931,198.06876,5.563,5.45762
204.29417,197.06985,5.56301,5.45803
204.24905,196.07094,5.56321,5.45863
204.20396,195.07202,5.56341,5.45923
204.15889,194.0731,5.56361,5.45983
204.11385,193.0742,5.56381,5.46043
204.06883,192.07529,5.564,5.46102
204.02383,191.07637,5.564,5.46142
203.97887,190.07745,5.564,5.4618196
203.93391,189.07852,5.564,5.4622197
203.88899,188.0796,5.564,5.46262
203.8441,187.08069,5.564,5.46302
203.79924,186.08177,5.564,5.46342
203.75441,185.08284,5.564,5.4638195
203.7096,184.08392,5.564,5.4642196
203.66481,183.08499,5.564,5.4646196
203.62006,182.08606,5.5640097,5.4650197
203.57533,181.08713,5.56421,5.4654193
203.53065,180.08821,5.5644097,5.4658194
203.486,179.08928,5.5646095,5.4662194
203.44136,178.09033,5.56481,5.4666195
203.39676,177.0914,5.565,5.4670286
203.35219,176.09247,5.565,5.4676285
203.30765,175.09354,5.565,5.468229
203.26315,174.09459,5.565,5.4688287
203.21869,173.09566,5.565,5.4694285
203.17424,172.09671,5.565,5.470019
203.12985,171.09776,5.565,5.470419
203.08548,170.09882,5.565,5.4708185
203.04115,169.09988,5.565,5.4712186
202.99686,168.10094,5.565,5.4716187
202.95259,167.10197,5.565009,5.4720187
202.90837,166.10303,5.5652094,5.4724183
202.86418,165.10408,5.565409,5.4728184
202.82004,164.10512,5.565609,5.4732184
202.77592,163.10617,5.5658092,5.473618
202.73186,162.10721,5.566,5.474018
202.68782,161.10825,5.566,5.474418
202.64383,160.10928,5.566,5.4748178
202.59987,159.11032,5.566,5.475218
202.55595,158.11136,5.566,5.475618
202.51207,157.1124,5.566009,5.4760265
202.46822,156.11343,5.566209,5.4766264
202.42441,155.11446,5.5664086,5.4772263
202.38063,154.1155,5.5666084,5.477826
202.33688,153.11652,5.5668087,5.478426
202.29317,152.11754,5.567,5.4790173
202.2495,151.11856,5.567,5.479417
202.20586,150.11958,5.567,5.479817
202.16225,149.1206,5.567,5.480217
202.11867,148.12163,5.567,5.4806166
202.07512,147.12265,5.567,5.4810166
202.03162,146.12367,5.567,5.481416
201.98813,145.12468,5.567,5.4818163
201.94469,144.1257,5.567,5.4822164
201.90126,143.12671,5.567,5.482616
201.85786,142.12773,5.567008,5.483016
201.81451,141.12874,5.567208,5.4834156
201.77118,140.12975,5.567408,5.4838157
201.72787,139.13075,5.567608,5.4842157
201.6846,138.13176,5.5678077,5.4846153
201.64136,137.13277,5.568,5.485023
201.59814,136.13377,5.568,5.485623
201.55495,135.13478,5.568,5.4862227
201.51178,134.13577,5.568,5.4868226
201.46864,133.13678,5.568,5.4874225
201.42554,132.13779,5.568,5.4880147
201.38245,131.13878,5.568,5.488415
201.33939,130.13979,5.568,5.4888144
201.29634,129.14078,5.568,5.4892144
201.25333,128.14177,5.568,5.489614
201.21034,127.14277,5.568007,5.490014
201.16737,126.14376,5.568207,5.4904137
201.12442,125.14475,5.568407,5.4908137
201.0815,124.145744,5.568607,5.491214
201.0386,123.146736,5.5688066,5.4916134
200.99573,122.14773,5.569,5.4920135
200.95287,121.14872,5.569,5.492413
200.91003,120.149704,5.569,5.492813
200.86722,119.150696,5.569,5.493213
200.82442,118.15168,5.569,5.493613
200.78163,117.152664,5.569,5.494019
200.73888,116.153656,5.569,5.494619
200.69614,115.15464,5.569,5.4952188
200.65341,114.155624,5.569,5.495818
200.6107,113.1566,5.569,5.496418
200.56802,112.157585,5.569006,5.497012
200.52534,111.15857,5.5692058,5.4974117
200.4827,110.159546,5.569406,5.497812
200.44006,109.16053,5.569606,5.4982114
200.39743,108.16151,5.5698056,5.4986115
200.35483,107.16248,5.57,5.499011
200.31224,106.16347,5.57,5.499411
200.26965,105.164444,5.57,5.499811
200.2271,104.16542,5.57,5.500211
200.18454,103.1664,5.57,5.500611
200.142,102.16737,5.5700054,5.5010104
200.09947,101.16834,5.570205,5.5014105
200.05696,100.16932,5.570405,5.50181
200.01447,99.170296,5.5706053,5.50221
199.97197,98.17127,5.570805,5.50261
199.92949,97.17224,5.571,5.503015
199.88702,96.17322,5.571,5.5036144
199.84456,95.17419,5.571,5.5042143
199.80211,94.17516,5.571,5.504814
199.75967,93.17613,5.571,5.505414
199.71724,92.1771,5.571,5.506009
199.6748,91.17807,5.571,5.506409
199.6324,90.17905,5.571,5.5068088
199.58998,89.180016,5.571,5.507209
199.54758,88.180984,5.571,5.507609
199.50519,87.18195,5.5710044,5.5080085
199.4628,86.18292,5.571204,5.5084085
199.42041,85.18389,5.571404,5.508808
199.37804,84.18486,5.5716043,5.509208
199.33566,83.18583,5.571804,5.5096083
199.29329,82.1868,5.572,5.510012
199.25093,81.18777,5.572,5.5106115
199.20857,80.188736,5.572,5.5112114
199.16621,79.189705,5.572,5.5118113
199.12386,78.190674,5.572,5.512411
199.0815,77.19164,5.572,5.513007
199.03915,76.192604,5.572,5.513407
198.9968,75.19357,5.572,5.5138073
198.95445,74.19454,5.572,5.514207
198.91211,73.19551,5.572,5.514607
198.86975,72.19648,5.5720034,5.515007
198.82741,71.19745,5.572203,5.5154066
198.78506,70.19841,5.5724034,5.5158067
198.7427,69.19938,5.572603,5.5162067
198.70036,68.20035,5.572803,5.5166063
198.658,67.20132,5.573,5.5170064
198.61565,66.202286,5.573,5.517406
198.57329,65.203255,5.573,5.517806
198.53093,64.20422,5.573,5.518206
198.48857,63.20519,5.573,5.5186057
198.4462,62.206158,5.573003,5.5190086
198.40382,61.207127,5.573203,5.5196085
198.36143,60.208096,5.573403,5.5202084
198.31906,59.209064,5.5736027,5.520808
198.27667,58.210033,5.573803,5.521408
198.23427,57.211006,5.574,5.5220056
198.19186,56.211975,5.574,5.522405
198.14946,55.212944,5.574,5.522805
198.10704,54.213917,5.574,5.5232053
198.0646,53.214886,5.574,5.5236053
198.02219,52.21586,5.574,5.524005
197.97974,51.21683,5.574,5.524405
197.93729,50.2178,5.574,5.524805
197.89482,49.218773,5.574,5.5252047
197.85236,48.219746,5.574,5.5256047
197.80988,47.220722,5.5740023,5.526005
197.76738,46.221695,5.5742025,5.526405
197.72487,45.222668,5.5744023,5.5268044
197.68236,44.223644,5.574602,5.5272045
197.63983,43.22462,5.5748024,5.5276046
197.59729,42.225594,5.575,5.5280066
197.55473,41.22657,5.575,5.528607
197.51216,40.227547,5.575,5.5292068
197.46959,39.228527,5.575,5.5298066
197.42699,38.229504,5.575,5.5304065
197.38438,37.230484,5.575,5.5310044
197.34175,36.231464,5.575,5.5314045
197.2991,35.23244,5.575,5.531804
197.25645,34.233425,5.575,5.532204
197.21378,33.234406,5.575,5.532604
197.17108,32.235386,5.575002,5.5330043
197.12839,31.23637,5.575202,5.5334044
197.08565,30.237354,5.5754023,5.5338044
197.04291,29.238338,5.575602,5.5342045
197.00015,28.239325,5.5758023,5.534604
196.95737,27.24031,5.576,5.535004
196.91457,26.241297,5.576,5.535404
196.87175,25.242285,5.576,5.5358043
196.8289,24.243275,5.576,5.5362043
196.78604,23.244263,5.576,5.5366044
196.74316,22.245255,5.576,5.5370064
196.70026,21.246244,5.576,5.5376067
196.65733,20.247238,5.576,5.5382066
196.61438,19.248232,5.576,5.5388064
196.57141,18.249226,5.576,5.539407
196.52841,17.250221,5.576002,5.5400043
196.4854,16.251217,5.5762024,5.5404043
196.44235,15.252214,5.576402,5.5408044
196.39928,14.253213,5.5766025,5.5412045
196.35619,13.254212,5.5768023,5.5416045
196.31306,12.255213,5.577,5.5420046
196.26993,11.256215,5.577,5.5424047
196.22676,10.257217,5.577,5.5428047
196.18356,9.258222,5.577,5.543205
196.14034,8.259227,5.577,5.543605
196.09708,7.2602334,5.5770025,5.544005
196.0538,6.261241,5.577203,5.544405
196.0105,5.26225,5.5774026,5.5448055
195.96716,4.26326,5.577603,5.5452056
195.92378,3.2642715,5.5778027,5.5456057
195.88039,2.265284,5.578,5.5460086
195.83696,1.2662982,5.578,5.5466084
195.7935,0.26731342,5.578,5.547209
195.75002,-0.7316699,5.578,5.547809
195.7065,-1.7306519,5.578,5.548409
195.66295,-2.7296324,5.578,5.549006
195.61937,-3.7286117,5.578,5.5494065
195.57574,-4.727589,5.578,5.5498066
195.5321,-5.726566,5.578,5.5502067
195.48842,-6.7255406,5.578,5.5506067
195.4447,-7.724514,5.5780034,5.551007
195.40096,-8.723486,5.5782037,5.551407
195.35718,-9.722457,5.5784035,5.5518074
195.31337,-10.721426,5.5786037,5.5522075
195.26953,-11.720394,5.5788035,5.5526075
195.22566,-12.71936,5.579,5.5530076
195.18178,-13.718327,5.579,5.5534077
195.13786,-14.717292,5.579,5.553808
195.09393,-15.716255,5.579,5.5542083
195.04999,-16.715218,5.579,5.5546083
195.00601,-17.71418,5.579,5.5550127
194.96202,-18.713142,5.579,5.555613
194.91803,-19.712103,5.579,5.5562134
194.87401,-20.711063,5.579,5.5568137
194.82999,-21.710024,5.579,5.5574136
194.78595,-22.708982,5.579005,5.558009
194.7419,-23.707941,5.5792046,5.558409
194.69785,-24.7069,5.579405,5.5588098
194.6538,-25.705858,5.5796046,5.55921
194.60973,-26.704817,5.579805,5.55961
194.56566,-27.703773,5.58,5.56001
194.52159,-28.702732,5.58,5.56041
194.47752,-29.70169,5.58,5.56081
194.43346,-30.700647,5.58,5.56121
194.3894,-31.699606,5.58,5.56161
194.34534,-32.698566,5.58,5.5620103
194.3013,-33.697525,5.58,5.5624104
194.25725,-34.696484,5.58,5.5628104
194.21323,-35.695442,5.58,5.5632105
194.1692,-36.6944,5.58,5.5636106
194.1252,-37.693363,5.580005,5.564016
194.0812,-38.692326,5.5802054,5.564616
194.03723,-39.691288,5.580405,5.565216
193.99327,-40.69025,5.5806055,5.565816
193.94934,-41.689213,5.5808053,5.566416
193.90543,-42.68818,5.581,5.5670104
193.86153,-43.68714,5.581,5.5674105
193.81766,-44.68611,5.581,5.5678105
193.77382,-45.685078,5.581,5.56821
193.73,-46.684048,5.581,5.56861
193.6862,-47.683018,5.581005,5.5690103
193.64246,-48.681988,5.581205,5.56941
193.59872,-49.68096,5.5814047,5.56981
193.55504,-50.679935,5.581605,5.5702095
193.51137,-51.678913,5.5818048,5.5706096
193.46776,-52.67789,5.582,5.571014
193.42416,-53.67687,5.582,5.5716133
193.38063,-54.67585,5.582,5.5722127
193.33713,-55.67483,5.582,5.5728126
193.29367,-56.673817,5.582,5.573412
193.25024,-57.672802,5.582,5.5740075
193.20688,-58.67179,5.582,5.574407
193.16356,-59.67078,5.582,5.5748067
193.12029,-60.669773,5.582,5.5752063
193.07706,-61.66877,5.582,5.575606
193.03389,-62.667767,5.5820026,5.5760055
192.99077,-63.666767,5.5822024,5.576405
192.94771,-64.66577,5.582402,5.576804
192.90471,-65.66477,5.582602,5.5772038
192.86176,-66.66378,5.582802,5.5776033
192.81888,-67.66279,5.583,5.5780025
192.77605,-68.6618,5.583,5.578402
192.73329,-69.66081,5.583,5.578801
192.6906,-70.659836,5.583,5.5792007
192.64796,-71.65885,5.583,5.5796
192.6054,-72.657875,5.583,5.579999
192.5629,-73.6569,5.583,5.5805974
192.52048,-74.65593,5.583,5.581196
192.47812,-75.65496,5.583,5.5817947
192.43584,-76.654,5.583,5.582393
192.39363,-77.65304,5.583,5.582992
192.35152,-78.65208,5.5831966,5.5833936
192.30946,-79.65112,5.5833964,5.5837927
192.2675,-80.65017,5.5835958,5.5841913
192.22562,-81.64922,5.583795,5.5845904
192.1838,-82.64828,5.583995,5.5849895
192.14207,-83.64734,5.584,5.585388
192.10043,-84.6464,5.584,5.585787
192.05888,-85.64546,5.584,5.5861855
192.01743,-86.64453,5.584,5.586584
191.97607,-87.64361,5.584,5.586983
191.93481,-88.642685,5.584,5.5873814
191.89366,-89.64177,5.584,5.58778
191.85258,-90.640854,5.584,5.5881786
191.81157,-91.63994,5.584,5.5885773
191.7706,-92.63903,5.584,5.588976
191.72968,-93.63812,5.584187,5.5895615
191.68875,-94.637215,5.5843863,5.59016
191.6478,-95.63631,5.584586,5.590758
191.60677,-96.63539,5.5847855,5.591356
191.56561,-97.634476,5.584985,5.5919538
191.52432,-98.63355,5.585,5.592369
191.48283,-99.63262,5.585,5.5927687
191.44112,-100.631676,5.585,5.5931683
191.39915,-101.63073,5.585,5.5935683
191.35689,-102.62976,5.585,5.593968
191.3143,-103.628784,5.5851846,5.5943694
191.27133,-104.62779,5.585386,5.5947714
191.22798,-105.62678,5.5855865,5.595173
191.18417,-106.62575,5.5857873,5.595575
191.1399,-107.624695,5.585988,5.5959764
191.0951,-108.62363,5.586,5.5963807
191.04973,-109.62252,5.586,5.5967855
191.00377,-110.6214,5.586,5.59719
190.95717,-111.62024,5.586,5.5975943
190.9099,-112.61905,5.586,5.597999
190.86195,-113.61783,5.586,5.5986094
190.81346,-114.616585,5.586,5.5992208
190.76462,-115.61532,5.586,5.599832
190.71558,-116.614044,5.586,5.600443
190.66653,-117.61277,5.586018,5.601036
190.61765,-118.6115,5.586221,5.6014423
190.5691,-119.61025,5.5864244,5.601849
190.52107,-120.60903,5.5866275,5.6022553
190.47372,-121.60784,5.586831,5.6026616
190.42725,-122.60669,5.587,5.6030674
190.38177,-123.60558,5.587,5.603468
190.3375,-124.60453,5.587,5.6038685
190.29451,-125.60354,5.587,5.6042695
190.253,-126.6026,5.587,5.60467
190.21309,-127.60174,5.5894885,5.605899
190.17491,-128.60094,5.6035542,5.610978
190.13861,-129.6002,5.61762,5.6160574
190.10432,-130.59955,5.6316857,5.6211367
190.07219,-131.59895,5.6457515,5.626216
190.04233,-132.59845,5.662576,5.6321845
190.01529,-133.598,5.7241664,5.652588
189.99307,-134.59769,5.7857575,5.672991
189.97795,-135.5975,5.847349,5.693394
189.97217,-136.59741,5.9089375,5.7137966
189.97803,-137.5973,5.970516,5.7341957
189.99785,-138.59703,6.0235186,5.7619953
190.03444,-139.59628,6.0745525,5.7914906
190.09084,-140.5946,6.125591,5.820988
190.17007,-141.59137,6.1766357,5.850489
190.27515,-142.58572,6.227678,5.8799887
190.40915,-143.5766,6.269272,5.917933
190.57616,-144.56244,6.3060102,5.9602127
190.781,-145.54109,6.3427467,6.0024905
191.02838,-146.50984,6.3794675,6.04475
191.3227,-147.46536,6.416133,6.0869465
191.66791,-148.40369,6.4931965,6.038845
192.06836,-149.31978,6.581277,5.966092
192.52878,-150.2072,6.66949,5.89323
193.0537,-151.05797,6.7579303,5.8201804
193.64696,-151.8625,6.841851,5.752769
194.3075,-152.61282,6.901859,5.7148137
195.02536,-153.3086,6.9617233,5.6769485
195.79047,-153.95213,7.0214434,5.6391754
196.59425,-154.54674,7.0811186,5.6014304
197.42964,-155.0961,7.1078143,5.6046844
198.29028,-155.605,7.0911875,5.6618037
199.17009,-156.08006,7.07454,5.718991
200.06367,-156.52875,7.0578923,5.7761807
200.96631,-156.95897,7.041249,5.8333573
201.87381,-157.37885,7.0247197,5.8903546
202.78357,-157.79381,7.008426,5.9469943
203.6951,-158.2049,6.992129,6.0036473
204.60808,-158.61269,6.9758296,6.060307
205.52226,-159.01784,6.9595294,6.1169686
206.43732,-159.42096,6.9431267,6.1738706
207.3533,-159.82204,6.9262176,6.231958
208.27087,-160.21942,6.90931,6.290042
209.19084,-160.61122,6.8924017,6.348127
210.11395,-160.99557,6.875493,6.406213
211.04091,-161.37053,6.8585567,6.4643927
211.9722,-161.73459,6.8414555,6.5231404
212.90787,-162.08727,6.824355,6.581886
213.84784,-162.4283,6.807255,6.6406302
214.79205,-162.75737,6.7901545,6.699375
215.74046,-163.07417,6.7788486,6.7440395
216.69293,-163.37859,6.7953844,6.7210507
217.64922,-163.67073,6.81192,6.698062
218.6091,-163.95085,6.828456,6.6750736
219.57236,-164.2192,6.844991,6.6520853
220.53874,-164.47595,6.862773,6.6260448
221.50809,-164.72134,6.8851514,6.588748
222.48021,-164.9555,6.90753,6.5514507
223.45493,-165.1786,6.9299083,6.514153
224.4321,-165.39075,6.9522867,6.4768553
225.41154,-165.59209,6.9713945,6.4479303
226.39311,-165.78279,6.980852,6.443704
227.37666,-165.96301,6.99031,6.4394784
228.36203,-166.13297,6.9997683,6.4352527
229.3491,-166.29282,7.009226,6.4310265
230.33772,-166.44275,7.0169683,6.4310184
231.32777,-166.58296,7.02038,6.4416547
232.31912,-166.71362,7.0237913,6.452291
233.31166,-166.83493,7.027203,6.4629273
234.30528,-166.94705,7.030615,6.4735637
235.29988,-167.05017,7.034024,6.484191
236.29535,-167.14449,7.0374255,6.4947968
237.2916,-167.23015,7.0408273,6.5054026
238.28854,-167.30736,7.044229,6.516008
239.28609,-167.37631,7.047631,6.5266137
240.28416,-167.43716,7.0524845,6.5391507
241.28268,-167.49011,7.0606685,6.556118
242.28159,-167.53532,7.068853,6.5730853
243.2808,-167.57298,7.0770373,6.5900526
244.28027,-167.60327,7.0852213,6.6070204
245.27994,-167.62634,7.096273,6.627496
246.27974,-167.6424,7.1142116,6.6563964
247.27962,-167.65158,7.13215,6.6852975
248.27954,-167.65407,7.150089,6.7141986
249.27946,-167.65002,7.1680274,6.7430997
250.27934,-167.6396,7.1859655,6.772055
251.27913,-167.62297,7.2039022,6.8011527
252.2788,-167.60033,7.2218394,6.8302507
253.27832,-167.57181,7.239776,6.8593483
254.27766,-167.53761,7.2577133,6.888446
255.2768,-167.49791,7.2756567,6.9175544
256.27573,-167.4528,7.29362,6.9466944
257.27435,-167.4023,7.311583,6.975835
258.27274,-167.34637,7.3295465,7.0049753
259.27078,-167.28502,7.34751,7.034116
260.26846,-167.2182,7.358909,7.0582404
261.26578,-167.14589,7.350511,7.0672383
262.26266,-167.06807,7.342113,7.076236
263.25912,-166.98466,7.3337154,7.0852337
264.25507,-166.89565,7.3253174,7.094231
265.25052,-166.80095,7.3049607,7.0941043
266.2454,-166.70055,7.2482905,7.06627
267.23965,-166.59439,7.19162,7.038435
268.2333,-166.48245,7.134949,7.0106006
269.22626,-166.3647,7.0782785,6.9827657
270.21854,-166.24107,7.021592,6.954923
271.21002,-166.11154,6.964858,6.9270573
272.20074,-165.97609,6.908124,6.8991914
273.1906,-165.83466,6.85139,6.8713255
274.17963,-165.68721,6.794656,6.84346
275.1677,-165.5337,6.746176,6.8127637
276.15482,-165.37413,6.720498,6.7742476
277.1409,-165.20844,6.694821,6.7357316
278.12595,-165.03659,6.6691437,6.6972156
279.1099,-164.85855,6.643466,6.6586995
280.0927,-164.6743,6.630127,6.615957
281.0743,-164.4838,6.6483836,6.5623903
282.0547,-164.287,6.6666403,6.5088243
283.03378,-164.0839,6.684897,6.4552584
284.01154,-163.87445,6.7031536,6.401692
284.98788,-163.65863,6.7214074,6.348135
285.9628,-163.43642,6.7396536,6.294599
286.93625,-163.20776,6.7578998,6.2410636
287.90814,-162.97266,6.776146,6.1875277
288.87845,-162.73108,6.794392,6.1339917
289.8471,-162.48299,6.8088565,6.086542
290.8141,-162.22836,6.8148637,6.052701
291.7793,-161.9672,6.820871,6.01886
292.7427,-161.69946,6.8268785,5.9850187
293.70428,-161.42514,6.8328857,5.951177
294.6639,-161.14421,6.826296,5.937634
295.6216,-160.85666,6.7923265,5.9682064
296.57727,-160.56245,6.758357,5.9987783
297.53088,-160.2616,6.724388,6.0293508
298.48233,-159.95404,6.6904187,6.059923
299.43158,-159.63977,6.656531,6.090478
300.37857,-159.31876,6.6228228,6.120995
301.32327,-158.99098,6.5891147,6.1515117
302.26553,-158.65639,6.5554066,6.1820283
303.20538,-158.31494,6.5216985,6.212545
304.14267,-157.9666,6.487934,6.243
305.07736,-157.61134,6.4540358,6.273309
306.00937,-157.24911,6.4201374,6.303618
306.93863,-156.87987,6.3862395,6.333927
307.86502,-156.50356,6.352341,6.3642364
308.78854,-156.12016,6.3283377,6.387013
309.70905,-155.72963,6.3295355,6.3906064
310.62646,-155.33191,6.3307333,6.3942
311.54074,-154.92696,6.331931,6.3977933
312.45172,-154.51471,6.333129,6.4013867
313.35938,-154.09515,6.347157,6.3950467
314.26358,-153.66821,6.3953853,6.3622274
315.1642,-153.23384,6.4436135,6.329408
316.06122,-152.79199,6.4918423,6.296589
316.9545,-152.34262,6.540071,6.263769
317.8439,-151.88567,6.5883403,6.2309217
318.72934,-151.42108,6.636718,6.1980014
319.61075,-150.94885,6.6850953,6.1650805
320.48798,-150.46892,6.733473,6.1321597
321.36093,-149.98126,6.78185,6.099239
322.2295,-149.48587,6.8303194,6.066296
323.0936,-148.98267,6.8790092,6.0332994
323.9531,-148.47168,6.927699,6.000303
324.80786,-147.95285,6.9763894,5.9673066
325.65787,-147.42618,7.0250793,5.93431
326.50293,-146.89165,7.057348,5.9112825
327.34293,-146.34923,7.0553336,5.909067
328.1778,-145.79892,7.0533195,5.906852
329.00742,-145.24069,7.051306,5.9046364
329.83163,-144.67456,7.0492916,5.9024205
330.65036,-144.10052,7.0395517,5.904899
331.4635,-143.51855,7.0159993,5.9157696
332.2709,-142.92868,6.992447,5.92664
333.07248,-142.33092,6.9688945,5.9375105
333.86813,-141.72528,6.9453416,5.948381
334.6577,-141.11179,6.9218073,5.959243
335.44122,-140.49051,6.898301,5.970092
336.21863,-139.86162,6.874795,5.980941
336.98993,-139.22527,6.8512893,5.99179
337.75513,-138.5816,6.827783,6.0026383
338.51428,-137.9308,6.8042183,6.0134764
339.2674,-137.27301,6.780571,6.024298
340.01447,-136.60837,6.7569227,6.03512
340.7555,-135.93703,6.733275,6.045942
341.49054,-135.25912,6.709627,6.0567636
342.21964,-134.5748,6.686682,6.070539
342.94275,-133.88419,6.664692,6.088331
343.65994,-133.18742,6.642702,6.106123
344.37125,-132.48465,6.6207123,6.1239147
345.0767,-131.77597,6.598722,6.1417065
345.7763,-131.06155,6.578349,6.167554
346.4701,-130.34149,6.5601954,6.204459
347.15814,-129.61592,6.5420423,6.241365
347.84045,-128.88495,6.5238886,6.2782702
348.51706,-128.1487,6.5057354,6.3151755
349.188,-127.40729,6.487592,6.3520594
349.85333,-126.66083,6.469465,6.388912
350.51306,-125.909424,6.451337,6.4257655
351.16724,-125.15319,6.4332094,6.4626184
351.81592,-124.39222,6.4150815,6.499471
352.4591,-123.62662,6.3969574,6.536318
353.0969,-122.85648,6.378838,6.573154
353.72928,-122.081924,6.3607183,6.60999
354.3563,-121.303024,6.342599,6.6468263
354.97803,-120.519875,6.3244796,6.6836624
355.59448,-119.73258,6.3250484,6.68838
356.20572,-118.941216,6.3579273,6.637567
356.81174,-118.14587,6.390806,6.586754
357.41263,-117.34662,6.423685,6.535941
358.0084,-116.54356,6.456564,6.4851284
358.5991,-115.73675,6.490511,6.4325385
359.18475,-114.92628,6.526458,6.3766212
359.7654,-114.11222,6.5624046,6.3207035
360.34113,-113.29467,6.598352,6.2647862
360.912,-112.473694,6.634299,6.2088685
361.47797,-111.649376,6.670291,6.152881
362.03915,-110.82177,6.7063704,6.0967574
362.5955,-109.9909,6.7424498,6.0406337
363.14697,-109.15679,6.778529,5.98451
363.6935,-108.31946,6.8146086,5.928386
364.23517,-107.478935,6.8365855,5.89101
364.77185,-106.63524,6.832564,5.8881946
365.3035,-105.78836,6.8285418,5.8853793
365.83008,-104.93831,6.8245196,5.882564
366.3515,-104.08509,6.820498,5.8797483
366.8677,-103.228714,6.806476,5.8901343
367.37863,-102.36919,6.776066,5.922156
367.88428,-101.50652,6.7456555,5.954177
368.38458,-100.64075,6.7152457,5.9861984
368.8795,-99.77188,6.6848354,6.0182195
369.36896,-98.89995,6.654514,6.0502353
369.85294,-98.02496,6.6243186,6.0822425
370.33142,-97.146935,6.5941234,6.114249
370.8043,-96.265884,6.5639277,6.1462564
371.2715,-95.381836,6.5337324,6.1782637
371.73303,-94.49479,6.505091,6.2087145
372.18884,-93.60479,6.478382,6.2372313
372.63898,-92.71191,6.451673,6.2657475
373.08344,-91.81619,6.424964,6.294264
373.52228,-90.91771,6.398255,6.3227806
373.95554,-90.01652,6.3872657,6.335854
374.38336,-89.11274,6.3942695,6.3312516
374.80603,-88.20652,6.401273,6.326649
375.2238,-87.29804,6.4082766,6.3220468
375.6369,-86.38745,6.41528,6.3174443
376.0457,-85.4749,6.4223676,6.312755
376.4504,-84.56054,6.42955,6.3079667
376.8513,-83.644485,6.4367323,6.3031783
377.24857,-82.72686,6.443915,6.29839
377.6425,-81.8078,6.4510975,6.2936015
378.03333,-80.887405,6.4581833,6.288908
378.42126,-79.965805,6.4651546,6.284327
378.8066,-79.043106,6.4721255,6.279746
379.18958,-78.119415,6.479097,6.275165
379.5704,-77.19485,6.486068,6.270584
379.94934,-76.2695,6.4930387,6.266003
380.32663,-75.34349,6.500009,6.2614226
380.7026,-74.41693,6.506979,6.256842
381.07745,-73.48992,6.5139494,6.2522616
381.45145,-72.56257,6.52092,6.247681
381.8249,-71.634995,6.5279765,6.2430153
382.1979,-70.707245,6.5351563,6.2382293
382.57056,-69.77935,6.542336,6.233443
382.9428,-68.851295,6.5495157,6.2286563
383.31473,-67.9231,6.556695,6.22387
383.68628,-66.994774,6.5637994,6.2191606
384.05753,-66.06631,6.570791,6.214566
384.4284,-65.1377,6.577782,6.209972
384.7989,-64.20895,6.5847735,6.2053776
385.169,-63.280033,6.591765,6.2007833
385.53873,-62.35096,6.5947385,6.195319
385.908,-61.421715,6.5915384,6.1885185
386.27686,-60.492302,6.588338,6.1817183
386.64526,-59.562714,6.585138,6.174918
387.0132,-58.63295,6.581938,6.168118
387.3807,-57.703003,6.5679975,6.159183
387.74774,-56.77287,6.537568,6.1469717
388.11432,-55.842552,6.507139,6.13476
388.48038,-54.912037,6.47671,6.122548
388.84595,-53.981327,6.4462805,6.1103363
389.211,-53.050415,6.415924,6.0980415
389.5755,-52.119297,6.3856773,6.0856223
389.9395,-51.187973,6.3554306,6.073203
390.30295,-50.256435,6.325184,6.0607843
390.66586,-49.32468,6.294937,6.048365
391.0282,-48.392708,6.264606,6.036026
391.38995,-47.46051,6.2341523,6.0238047
391.75113,-46.528088,6.203698,6.011583
392.1117,-45.595432,6.173244,5.999361
392.47165,-44.66254,6.14279,5.987139
392.831,-43.729404,6.112337,5.9749184
393.18967,-42.79603,6.081887,5.962698
393.54773,-41.862408,6.0514364,5.9504776
393.90518,-40.928543,6.0209856,5.938257
394.26196,-39.99443,5.9905353,5.9260373
394.6181,-39.060078,5.9601755,5.9137344
394.9736,-38.125473,5.9299397,5.9013195
395.32837,-37.190598,5.899704,5.888905
395.6824,-36.255444,5.869468,5.87649
396.03568,-35.319992,5.839232,5.864075
396.3881,-34.384224,5.808921,5.851751
396.73972,-33.448162,5.778509,5.8395467
397.0907,-32.511856,5.748098,5.827342
397.4412,-31.575367,5.7176867,5.8151374
397.79135,-30.638746,5.687275,5.8029327
398.1413,-29.702053,5.656961,5.7907324
398.4913,-28.765379,5.626775,5.778538
398.8417,-27.828857,5.596588,5.7663436
399.1929,-26.892628,5.566402,5.754149
399.54523,-25.956825,5.5362153,5.741955
399.89905,-25.021593,5.50595,5.729677
400.25473,-24.08706,5.4755797,5.717289
400.61258,-23.15336,5.4452095,5.704901
400.97293,-22.220617,5.414839,5.6925135
401.3361,-21.288967,5.3844686,5.680125
401.7024,-20.358543,5.3576674,5.671643
402.0721,-19.429483,5.3356986,5.668447
402.44562,-18.50193,5.3137302,5.6652517
402.8232,-17.576029,5.2917614,5.662056
403.20517,-16.651926,5.2697926,5.6588607
403.59183,-15.729781,5.252499,5.660751
403.9835,-14.809756,5.241723,5.6697307
404.38052,-13.892032,5.2309475,5.6787105
404.78326,-12.976793,5.220172,5.6876903
405.19202,-12.064232,5.2093964,5.6966696
405.60718,-11.154553,5.1987023,5.7057304
406.02945,-10.248167,5.188126,5.714909
406.46014,-9.345762,5.1775503,5.724088
406.90063,-8.448082,5.1669745,5.733268
407.35217,-7.5559144,5.156399,5.7424464
407.816,-6.670091,5.145728,5.7516394
408.29337,-5.7914624,5.1349096,5.7608547
408.78525,-4.9208913,5.1240916,5.77007
409.29266,-4.0593,5.113272,5.779287
409.81665,-3.2076755,5.1024513,5.7885046
410.35812,-2.3670537,5.0963244,5.7918916
410.9168,-1.5377754,5.0971274,5.7866707
411.49103,-0.7191778,5.097931,5.7814503
412.07907,0.08955225,5.098734,5.776231
412.67926,0.88930297,5.099537,5.771012
413.29004,1.6810226,5.104407,5.760881
413.90988,2.4656405,5.114826,5.7440505
414.53754,3.244046,5.125246,5.727218
415.1717,4.0171604,5.135666,5.7103853
415.8111,4.7859383,5.146086,5.693553
416.45453,5.551343,5.156503,5.6767254
417.10135,6.3138843,5.1669164,5.6599045
417.7516,7.0735145,5.1773295,5.643083
418.40533,7.8301506,5.1877427,5.6262617
419.0626,8.58371,5.1981564,5.60944
419.72348,9.334108,5.2083936,5.592882
420.388,10.081286,5.218406,5.576662
421.05615,10.825212,5.2284184,5.560442
421.72794,11.565854,5.238431,5.544222
422.40335,12.303183,5.248443,5.528002
423.08243,13.037168,5.2527523,5.5224752
423.76514,13.767769,5.249949,5.5302854
424.45148,14.494943,5.247145,5.538095
425.14148,15.218639,5.244342,5.5459046
425.83517,15.938812,5.2415385,5.5537143
426.53256,16.655413,5.2387347,5.561524
427.23364,17.368395,5.2359314,5.5693336
427.93842,18.077713,5.233128,5.577143
428.64694,18.783323,5.2303247,5.584953
429.35913,19.48518,5.2275214,5.5927625
430.07507,20.183237,5.224718,5.6005716
430.79477,20.877447,5.221915,5.60838
431.51816,21.567764,5.219112,5.6161885
432.24533,22.254139,5.2163086,5.623997
432.97623,22.936523,5.2135057,5.6318054
433.71085,23.614868,5.210796,5.639613
434.44925,24.289127,5.208194,5.647419
435.1914,24.95925,5.2055917,5.6552253
435.93732,25.625189,5.2029896,5.6630316
436.68698,26.286896,5.2003875,5.6708374
437.4404,26.944319,5.199187,5.677241
438.1976,27.59741,5.199587,5.682042
438.95853,28.24612,5.199987,5.686843
439.72324,28.890392,5.200387,5.691644
440.4917,29.530178,5.200787,5.696445
441.26392,30.165424,5.20287,5.6998415
442.0399,30.796083,5.206867,5.70164
442.81958,31.42211,5.2108645,5.703439
443.60303,32.04346,5.214862,5.705238
444.3902,32.66009,5.2188587,5.7070365
445.18106,33.27196,5.2228537,5.708834
445.97565,33.878998,5.226846,5.710631
446.774,34.481106,5.2308383,5.712427
447.57605,35.078186,5.2348304,5.714224
448.38193,35.670143,5.238823,5.71602
449.19162,36.256878,5.2427235,5.7178164
450.00516,36.838272,5.2465143,5.719612
450.82257,37.4142,5.2503047,5.7214074
451.64392,37.984528,5.2540956,5.723203
452.46918,38.549118,5.2578864,5.724999
453.29846,39.107838,5.269009,5.735804
454.13174,39.660553,5.2893724,5.757964
454.9691,40.207123,5.309736,5.7801247
455.81046,40.747406,5.3300996,5.8022847
456.65594,41.28126,5.350463,5.824445
457.50555,41.808548,5.3889523,5.8688917
458.35928,42.329117,5.4511337,5.9424706
459.21716,42.84282,5.5133157,6.016049
460.07922,43.3495,5.5754976,6.0896273
460.94547,43.848995,5.6376796,6.1632056
461.8159,44.34116,5.699827,6.2368464
462.6905,44.825825,5.7619305,6.3105693
463.5693,45.302826,5.8240337,6.3842916
464.45233,45.772003,5.886137,6.4580145
465.33954,46.233185,5.9482403,6.531737
466.23096,46.686203,6.010398,6.605524
467.1266,47.130882,6.072624,6.679393
468.02637,47.56706,6.1348505,6.753261
468.9303,47.99455,6.197077,6.82713
469.83838,48.413177,6.259303,6.9009986
470.75055,48.82277,6.308208,6.955194
471.66684,49.22314,6.341378,6.986153
472.58716,49.614113,6.374549,7.0171123
473.51147,49.995506,6.407719,7.0480714
474.4398,50.367134,6.44089,7.0790305
475.372,50.728813,6.460337,7.089936
476.3081,51.08036,6.4651647,7.079477
477.248,51.421608,6.4699917,7.069018
478.19162,51.75238,6.4748187,7.058559
479.13892,52.072506,6.479646,7.0481
480.0898,52.381805,6.4845734,7.0376472
481.0442,52.680096,6.4895964,7.0271997
482.002,52.967186,6.494619,7.0167522
482.9632,53.24288,6.499642,7.0063047
483.9276,53.506985,6.504665,6.995857
484.89517,53.759308,6.502927,6.984247
485.86572,53.999897,6.495315,6.9716277
486.83902,54.22901,6.487704,6.9590087
487.8149,54.446922,6.480092,6.9463897
488.79318,54.653904,6.472481,6.9337707
489.77365,54.85023,6.4470115,6.9180346
490.75613,55.0362,6.4064956,6.899673
491.74045,55.21214,6.365979,6.881311
492.72647,55.378365,6.3254633,6.862949
493.71402,55.53521,6.284947,6.844587
494.70297,55.683,6.2443805,6.82625
495.69318,55.822037,6.203769,6.807935
496.68454,55.9526,6.1631584,6.7896204
497.67694,56.07497,6.122547,6.7713056
498.67032,56.18943,6.081936,6.7529907
499.66452,56.296265,6.0413346,6.7347817
500.6595,56.39579,6.000743,6.7166743
501.65512,56.488358,5.960151,6.6985674
502.65134,56.574318,5.91956,6.6804605
503.64807,56.654026,5.8789682,6.6623535
504.6453,56.72782,5.8383303,6.6441293
505.64288,56.79587,5.797642,6.6257796
506.64087,56.858154,5.7569537,6.60743
507.63922,56.91464,5.716265,6.5890803
508.63785,56.965282,5.6755767,6.5707307
509.63678,57.010048,5.6572924,6.566832
510.63596,57.04871,5.664302,6.579249
511.63538,57.080826,5.671311,6.5916653
512.635,57.105946,5.6783204,6.604082
513.63477,57.123627,5.68533,6.616499
514.63464,57.133415,5.720024,6.646651
515.6346,57.134922,5.785143,6.6962943
516.63446,57.127815,5.8502617,6.7459373
517.6343,57.11177,5.91538,6.79558
518.63385,57.086452,5.980498,6.845222
519.6332,57.051537,6.0456758,6.8949103
520.6321,57.00661,6.1109147,6.944645
521.6305,56.95121,6.176154,6.9943795
522.62823,56.88485,6.2413945,7.0441155
523.6251,56.807056,6.3066354,7.0938516
524.621,56.71737,6.371731,7.1436663
525.6157,56.615685,6.436698,7.193548
526.6092,56.50223,6.5016637,7.243429
527.60126,56.37724,6.56663,7.29331
528.59186,56.24094,6.6315966,7.343192
529.5809,56.09358,6.6965327,7.392851
530.5683,55.935757,6.761445,7.442336
531.5541,55.768368,6.8263564,7.491821
532.5384,55.59231,6.891267,7.541305
533.5213,55.408478,6.9561768,7.5907893
534.50287,55.21776,6.98913,7.61713
535.4832,55.020935,6.9981084,7.626108
536.46246,54.818703,7.0070868,7.635087
537.44073,54.611767,7.0160656,7.6440654
538.4182,54.40082,7.025044,7.653044
539.3949,54.186558,7.0332317,7.661566
540.37103,53.969715,7.040796,7.6697273
541.34674,53.751083,7.0483603,7.6778884
542.32227,53.53143,7.0559244,7.68605
543.2977,53.311543,7.0634885,7.6942115
544.2733,53.09219,7.0710535,7.7023735
545.24915,52.87401,7.07862,7.710537
546.22534,52.65752,7.086186,7.7187004
547.202,52.44323,7.0937524,7.7268643
548.1793,52.231655,7.101319,7.735028
549.1573,52.023228,7.108898,7.7431035
550.1357,51.816692,7.1164904,7.7510953
551.11383,51.609146,7.1240826,7.759087
552.0911,51.397633,7.1316743,7.767078
553.0669,51.1792,7.139265,7.7750683
554.0404,50.95092,7.146878,7.7831836
555.0109,50.710194,7.1545124,7.791421
555.97766,50.454685,7.1621475,7.7996593
556.9397,50.18211,7.1697845,7.807899
557.89606,49.89019,7.177423,7.8161407
558.8456,49.576824,7.1832457,7.823208
559.7879,49.242367,7.1874676,7.8292394
560.72345,48.889385,7.1916885,7.835269
561.65283,48.52047,7.1959085,7.8412976
562.5768,48.138157,7.200128,7.847326
563.4961,47.744915,7.199104,7.849889
564.4117,47.3429,7.1938987,7.8496885
565.32416,46.934002,7.1886926,7.8494883
566.2344,46.520096,7.1834865,7.849288
567.1432,46.10304,7.17828,7.8490877
568.0514,45.684635,7.173076,7.849
568.9593,45.265675,7.1678743,7.849
569.86694,44.84611,7.1626725,7.849
570.7743,44.425873,7.1574707,7.849
571.6813,44.00488,7.1522694,7.849
572.5879,43.583057,7.146955,7.8488874
573.4941,43.1604,7.1415534,7.848687
574.39996,42.736954,7.136152,7.848487
575.3054,42.31275,7.13075,7.848287
576.2106,41.88784,7.1253486,7.848087
577.1154,41.462265,7.1200604,7.847887
578.01996,41.036053,7.1148596,7.847687
578.92426,40.609207,7.1096582,7.847487
579.8282,40.181744,7.1044574,7.8472867
580.7319,39.753677,7.0992565,7.847087
581.63525,39.325016,7.093942,7.8468866
582.5383,38.895775,7.0885415,7.846687
583.4412,38.465977,7.0831413,7.8464866
584.3438,38.03564,7.0777407,7.846287
585.24615,37.604782,7.07234,7.8460865
586.14825,37.173424,7.067053,7.8458867
587.0501,36.74159,7.061853,7.8456864
587.9518,36.309284,7.056653,7.8454866
588.8532,35.876534,7.051453,7.845287
589.7544,35.443356,7.046253,7.8450866
590.65546,35.009766,7.0410533,7.844887
591.5563,34.575783,7.0358543,7.8446865
592.457,34.141422,7.030655,7.8444867
593.3574,33.706703,7.0254555,7.844287
594.25775,33.27164,7.020256,7.8440866
595.15796,32.836258,7.0149436,7.843887
596.0579,32.40057,7.0095453,7.843687
596.9578,31.964596,7.0041466,7.843487
597.8576,31.528353,6.998748,7.843287
598.7572,31.091856,6.993349,7.843087
599.65674,30.655127,6.988064,7.843
600.55615,30.218182,6.982866,7.843
601.45544,29.781038,6.9776673,7.843
602.3547,29.343712,6.9724693,7.843
603.25385,28.90622,6.9672713,7.843
604.1529,28.46858,6.9619613,7.8428874
605.0519,28.030813,6.956564,7.8426876
605.95087,27.59294,6.9511666,7.842488
606.8498,27.154984,6.9457693,7.8422875
607.74866,26.716967,6.940372,7.8420877
608.6475,26.278913,6.9350867,7.841888
609.5464,25.840847,6.9298897,7.841688
610.44525,25.402792,6.9246926,7.8414884
611.3442,24.964771,6.9194956,7.841288
612.24304,24.526814,6.9142985,7.8410883
613.142,24.088942,6.9089904,7.8408885
614.041,23.65118,6.9035935,7.8406887
614.9401,23.213554,6.8981967,7.840489
615.8393,22.776089,6.8928,7.840289
616.7385,22.338806,6.887403,7.840089
617.6379,21.901731,6.882117,7.839889
618.53735,21.46489,6.8769193,7.8396893
619.4369,21.028305,6.871722,7.8394895
620.3366,20.592001,6.866525,7.839289
621.2365,20.156006,6.8613276,7.8390894
622.13654,19.72034,6.85613,7.8388896
623.03674,19.285032,6.850932,7.83869
623.93713,18.850103,6.8457346,7.83849
624.8377,18.415577,6.8405366,7.8382897
625.7385,17.981482,6.8353386,7.83809
626.6395,17.547838,6.8300304,7.838
627.5407,17.114674,6.8246317,7.838
628.4422,16.682013,6.819233,7.838
629.34393,16.249884,6.813834,7.838
630.246,15.818311,6.8084354,7.838
631.14825,15.387321,6.803146,7.83789
632.0508,14.956938,6.7979455,7.8376904
632.9537,14.52718,6.7927456,7.83749
633.8568,14.098065,6.7875457,7.8372903
634.7603,13.669614,6.782346,7.83709
635.6641,13.241846,6.7770348,7.83689
636.5683,12.814795,6.7716336,7.83669
637.4728,12.388508,6.766232,7.83649
638.3777,11.963032,6.7608304,7.83629
639.28296,11.538415,6.755429,7.83609
640.1887,11.114701,6.7501364,7.83589
641.09485,10.691875,6.744933,7.8356895
642.00134,10.269874,6.73973,7.8354897
642.9082,9.848628,6.7345266,7.8352895
643.8154,9.42807,6.729324,7.835089
644.7229,9.008126,6.7241197,7.8348894
645.63055,8.588576,6.7189155,7.834689
646.5382,8.169081,6.713711,7.834489
647.44574,7.749291,6.7085066,7.8342886
648.353,7.328863,6.703302,7.8340883
649.25977,6.907452,6.6979856,7.8338885
650.16595,6.4847383,6.692581,7.8336883
651.0714,6.060424,6.6871767,7.833488
651.97595,5.634212,6.681772,7.8332877
652.87946,5.2058067,6.6763678,7.833088
653.7818,4.7749133,6.6710773,7.8328876
654.6828,4.3412275,6.665875,7.8326874
655.5823,3.904439,6.660673,7.8324876
656.4801,3.464239,6.6554713,7.8322873
657.3761,3.0203195,6.6502695,7.8320875
658.2701,2.5723767,6.6449585,7.832
659.16187,2.1201296,6.639563,7.832
660.05133,1.6633168,6.634168,7.832
660.93835,1.2016798,6.628773,7.832
661.82263,0.7349624,6.623378,7.832
662.70416,0.26289743,6.6180987,7.831888
663.58246,-0.21501736,6.612911,7.831689
664.4572,-0.69948214,6.607723,7.8314896
665.3279,-1.1911951,6.6025357,7.83129
666.19403,-1.6908439,6.5973477,7.8310905
667.0551,-2.199107,6.5982876,7.82837
667.91064,-2.7167008,6.6042933,7.823565
668.76,-3.2443736,6.6102996,7.8187604
669.60254,-3.7828593,6.6163054,7.813956
670.4376,-4.332872,6.622311,7.809151
671.2645,-4.8951025,6.6385837,7.800097
672.08246,-5.4702253,6.6631775,7.787598
672.89075,-6.0588965,6.687771,7.7750998
673.6885,-6.6617455,6.712364,7.762602
674.47485,-7.279369,6.7369556,7.7501044
675.24896,-7.912326,6.761741,7.7375693
676.00977,-8.561166,6.7866607,7.7250085
676.7562,-9.226425,6.811581,7.7124467
677.4873,-9.908605,6.836505,7.699884
678.2018,-10.608155,6.8614316,7.6873193
678.89844,-11.325387,6.886178,7.6747785
679.5773,-12.059592,6.9108276,7.6622515
680.2387,-12.809451,6.935474,7.6497264
680.8835,-13.573704,6.960118,7.6372023
681.51227,-14.351156,6.984762,7.624678
682.12585,-15.140682,6.97477,7.5859756
682.7251,-15.941156,6.950374,7.5363836
683.311,-16.751476,6.925977,7.4867897
683.88446,-17.570591,6.9015803,7.437196
684.44666,-18.397505,6.877183,7.387602
684.9986,-19.231276,6.8505654,7.3363676
685.5413,-20.071089,6.82302,7.2844477
686.0758,-20.916206,6.7954745,7.2325277
686.6029,-21.76592,6.7679296,7.180608
687.12366,-22.619549,6.740384,7.128688
687.63904,-23.476427,6.712747,7.076971
688.15015,-24.335852,6.6850624,7.025359
688.6582,-25.197098,6.6573772,6.9737463
689.16437,-26.059448,6.6296926,6.922134
689.66986,-26.922201,6.602008,6.8705215
690.17584,-27.78467,6.575523,6.834043
690.6829,-28.646484,6.5498304,6.807554
691.19135,-29.50751,6.524138,6.7810645
691.7013,-30.367615,6.498445,6.7545753
692.2131,-31.22667,6.472752,6.7280855
692.72675,-32.08456,6.4480867,6.7180524
693.24207,-32.94148,6.424161,6.719862
693.75824,-33.79787,6.400235,6.721671
694.27454,-34.654186,6.37631,6.7234807
694.7902,-35.510887,6.352384,6.7252903
695.30457,-36.368416,6.328515,6.7271047
695.81683,-37.22715,6.3046827,6.7289224
696.3265,-38.08743,6.28085,6.73074
696.833,-38.94957,6.257017,6.7325583
697.3358,-39.81389,6.2331843,6.734376
697.83435,-40.680702,6.2092376,6.736192
698.3279,-41.550316,6.185231,6.7380075
698.816,-42.423046,6.1612244,6.7398233
699.29785,-43.299183,6.1372175,6.741639
699.773,-44.179024,6.1132107,6.7434545
700.2407,-45.062824,6.089473,6.7451205
700.7004,-45.950813,6.0658503,6.746722
701.15155,-46.843174,6.0422277,6.7483234
701.5936,-47.74008,6.018605,6.749925
702.026,-48.641685,5.9949827,6.7515264
702.4481,-49.54813,5.975113,6.7196426
702.85944,-50.45954,5.956818,6.673706
703.25934,-51.376034,5.9385233,6.62777
703.6471,-52.2977,5.920228,6.581834
704.02216,-53.224606,5.901933,6.5358977
704.3839,-54.156807,5.8852453,6.4747543
704.73157,-55.094337,5.8693285,6.406312
705.06445,-56.037216,5.8534117,6.337869
705.38184,-56.985428,5.8374944,6.2694263
705.6829,-57.938934,5.8215775,6.2009845
705.96704,-58.89765,5.805745,6.1323466
706.2332,-59.86148,5.7899585,6.0636034
706.4807,-60.83028,5.7741714,5.99486
706.7086,-61.803875,5.758384,5.9261165
706.9161,-62.782032,5.7425976,5.8573747
707.1021,-63.764477,5.7175875,5.8601775
707.26605,-64.750854,5.6875114,5.902284
707.4071,-65.74077,5.657435,5.9443913
707.5244,-66.733765,5.627357,5.9865
707.6173,-67.72935,5.597279,6.0286098
707.68506,-68.72695,5.5658746,6.0819497
707.72723,-69.72597,5.5337834,6.1411176
707.7437,-70.72574,5.5016937,6.2002835
707.73456,-71.7256,5.4696045,6.2594476
707.69946,-72.724884,5.437516,6.3186107
707.6385,-73.72293,5.4154997,6.3542356
707.5514,-74.719025,5.398393,6.378386
707.43787,-75.71247,5.3812866,6.402537
707.2978,-76.70251,5.364179,6.426688
707.13086,-77.68837,5.347072,6.450839
706.9368,-78.66926,5.339863,6.451446
706.7154,-79.64434,5.336825,6.44213
706.4663,-80.61272,5.3337874,6.432814
706.1893,-81.57347,5.3307495,6.423498
705.884,-82.52561,5.3277116,6.4141827
705.55023,-83.46815,5.324661,6.4048266
705.18787,-84.40007,5.321606,6.395458
704.79694,-85.32038,5.318551,6.3860893
704.37744,-86.228035,5.3154955,6.37672
703.9295,-87.12195,5.31244,6.3673487
703.4532,-88.00112,5.3302836,6.345975
702.94995,-88.86515,5.35164,6.3225846
702.4216,-89.71401,5.3729935,6.299197
701.8696,-90.54779,5.3943453,6.275812
701.29584,-91.36665,5.415698,6.252426
700.7016,-92.17085,5.4422855,6.226092
700.08844,-92.960686,5.4692163,6.199563
699.45764,-93.736534,5.496148,6.173033
698.8106,-94.49885,5.52308,6.1465034
698.1485,-95.24813,5.5500126,6.1199727
697.4725,-95.98495,5.5764174,6.093774
696.78375,-96.709816,5.602803,6.0675864
696.0832,-97.423294,5.629189,6.041399
695.37177,-98.125984,5.6555743,6.015212
694.6505,-98.81852,5.6819606,5.989024
693.9202,-99.50156,5.6854553,5.980451
693.18176,-100.17577,5.6870327,5.9733534
692.43604,-100.84186,5.68861,5.9662557
691.68365,-101.50053,5.690187,5.959158
690.92554,-102.15251,5.6917644,5.95206
690.1623,-102.79852,5.68223,5.9535265
689.3943,-103.438835,5.6707444,5.956497
688.6217,-104.0736,5.6592584,5.9594674
687.84467,-104.702965,5.647773,5.962438
687.0634,-105.32707,5.6362867,5.965409
686.27814,-105.94607,5.6248937,5.9683967
685.48883,-106.55996,5.6135235,5.9713883
684.69556,-107.16872,5.6021533,5.9743805
683.8984,-107.77231,5.5907836,5.9773726
683.0972,-108.3707,5.5794134,5.980365
682.29224,-108.96385,5.5697355,5.9843163
681.4834,-109.55178,5.5605135,5.9885263
680.67084,-110.13452,5.5512915,5.9927363
679.8546,-110.7121,5.54207,5.9969463
679.0347,-111.28454,5.532848,6.0011563
678.21136,-111.85188,5.5308394,6.0089126
677.38446,-112.414154,5.530638,6.017557
676.5542,-112.97137,5.530437,6.0262017
675.7206,-113.52355,5.5302362,6.034847
674.8836,-114.070724,5.530035,6.0434914
674.04346,-114.612915,5.529834,6.052141
673.20013,-115.15018,5.5296326,6.0607924
672.3537,-115.68258,5.5294313,6.0694437
671.50433,-116.21019,5.52923,6.078095
670.652,-116.733086,5.5290294,6.0867457
669.7969,-117.251335,5.528828,6.0952196
668.93896,-117.76506,5.528627,6.103664
668.0785,-118.274414,5.528426,6.1121078
667.2155,-118.779526,5.528225,6.1205516
666.35016,-119.28054,5.5280237,6.1289954
665.48254,-119.77761,5.5377297,6.1308846
664.61273,-120.27087,5.5487733,6.1318884
663.74084,-120.76044,5.559817,6.1328926
662.867,-121.246475,5.5708604,6.1338964
661.9913,-121.7291,5.581904,6.1349006
661.1137,-122.208466,5.6014214,6.1301236
660.2345,-122.68471,5.6218724,6.12471
659.35364,-123.15797,5.6423235,6.1192966
658.4713,-123.62838,5.6627746,6.113883
657.5875,-124.09611,5.6832256,6.10847
656.70233,-124.56128,5.7036495,6.103063
655.816,-125.02404,5.7240715,6.0976577
654.9284,-125.484535,5.744493,6.092252
654.0397,-125.94292,5.764915,6.086846
653.15,-126.399315,5.785337,6.0814404
652.2594,-126.85389,5.805919,6.0760407
651.36786,-127.30677,5.8265157,6.0706415
650.4756,-127.75812,5.8471127,6.0652423
649.58264,-128.20807,5.867709,6.059843
648.689,-128.65675,5.8883057,6.0544443
647.79486,-129.10434,5.9087024,6.0490494
646.9002,-129.55096,5.9290805,6.043655
646.0052,-129.99678,5.949459,6.038261
645.1098,-130.44193,5.969837,6.0328665
644.2142,-130.88654,5.990216,6.0274725
643.3183,-131.33078,6.010585,6.0220804
642.42236,-131.77478,6.030953,6.016689
641.52637,-132.2187,6.0513215,6.011297
640.63043,-132.66267,6.0716896,6.0059056
639.73456,-133.10684,6.0920577,6.000514
638.83887,-133.55135,6.112425,5.995123
637.9434,-133.99634,6.1327915,5.989732
637.0483,-134.44199,6.1531587,5.98434
636.15356,-134.88841,6.1735253,5.978949
635.2593,-135.33578,6.193892,5.973558
634.36554,-135.78423,6.214443,5.9681654
633.47235,-136.23376,6.2350154,5.962773
632.5797,-136.68439,6.255587,5.95738
631.6876,-137.1361,6.2761593,5.9519873
630.7961,-137.58887,6.2967315,5.9465947
629.9051,-138.04271,6.3171315,5.9412007
629.0146,-138.4976,6.33751,5.9358063
628.1247,-138.9535,6.3578887,5.930412
627.2352,-139.41045,6.378267,5.9250174
626.3463,-139.86838,6.3986454,5.9196234
625.45795,-140.32727,6.4156704,5.9152884
624.57,-140.78716,6.432257,5.911092
623.6826,-141.24797,6.448844,5.906895
622.7957,-141.70973,6.4654303,5.9026985
621.90924,-142.17242,6.482017,5.898502
621.02325,-142.63602,6.4838243,5.898704
620.13776,-143.10051,6.483624,5.899503
619.25275,-143.56587,6.483424,5.900303
618.36816,-144.0321,6.4832244,5.9011025
617.484,-144.49918,6.4830246,5.901902
616.60034,-144.96709,6.482825,5.9025264
615.71704,-145.43582,6.4826245,5.903126
614.8342,-145.90535,6.4824247,5.9037256
613.95184,-146.37569,6.482225,5.9043255
613.0698,-146.84679,6.482025,5.9049253
612.18823,-147.31865,6.481825,5.9057
611.307,-147.79126,6.481625,5.9065
610.4262,-148.2646,6.4814253,5.9072995
609.54584,-148.73866,6.481225,5.908099
608.6658,-149.21341,6.481025,5.908899
607.78613,-149.68886,6.4806504,5.909699
606.9068,-150.16498,6.480251,5.9104986
606.0279,-150.64175,6.479851,5.9112983
605.1493,-151.11919,6.4794507,5.9120984
604.27106,-151.59723,6.479051,5.912898
603.3931,-152.0759,6.4788256,5.913698
602.5155,-152.55518,6.4786253,5.914498
601.63824,-153.03502,6.4784255,5.915298
600.7613,-153.51544,6.4782257,5.9160976
599.88464,-153.99643,6.4780254,5.916898
599.0083,-154.47795,6.4778256,5.9176974
598.13226,-154.96,6.477626,5.9184976
597.2565,-155.44257,6.4774256,5.919297
596.381,-155.92563,6.477226,5.9200974
595.50574,-156.40918,6.4770255,5.9208975
594.63074,-156.8932,6.4768257,5.921697
593.75604,-157.37769,6.476626,5.9224973
592.88153,-157.8626,6.4764256,5.9232974
592.0073,-158.34795,6.476226,5.924097
591.1333,-158.8337,6.4760256,5.924897
590.2595,-159.31985,6.475826,5.9256973
589.3859,-159.8064,6.4756255,5.926497
588.5126,-160.2933,6.4754257,5.927297
587.63934,-160.78056,6.475226,5.9280972
586.7664,-161.26817,6.4750257,5.928897
585.8936,-161.7561,6.474826,5.929697
585.02094,-162.24435,6.4746256,5.930497
584.1485,-162.7329,6.474426,5.9312973
583.2762,-163.22171,6.4742255,5.932097
582.40405,-163.71082,6.4740257,5.932897
581.53204,-164.20016,6.473826,5.933697
580.66016,-164.68976,6.4736257,5.9344974
579.78845,-165.17958,6.473426,5.935297
578.9168,-165.66962,6.4732256,5.936097
578.0453,-166.15984,6.473026,5.9368973
577.1739,-166.65025,6.4726515,5.937523
576.30255,-167.14084,6.4722514,5.9381227
575.43134,-167.63158,6.4718513,5.938723
574.5602,-168.12247,6.4714513,5.939323
573.68915,-168.61348,6.471051,5.939923
572.8181,-169.1046,6.4708257,5.940697
571.94714,-169.59581,6.470626,5.9414973
571.0763,-170.08711,6.4704256,5.9422975
570.2054,-170.57849,6.470226,5.943097
569.33453,-171.06993,6.4700255,5.9438972
568.46375,-171.5614,6.4698257,5.9446974
567.59296,-172.0529,6.4696255,5.945497
566.72217,-172.54442,6.4694257,5.946297
565.8514,-173.03593,6.469226,5.9470973
564.9806,-173.52744,6.4690256,5.9478974
564.10974,-174.01889,6.468826,5.948697
563.23895,-174.51031,6.4686255,5.949497
562.36804,-175.00168,6.4684258,5.9502974
561.49713,-175.49298,6.4682255,5.951097
560.62616,-175.9842,6.4680257,5.951897
559.7552,-176.47533,6.467826,5.9526973
558.8841,-176.96635,6.4676256,5.9534974
558.013,-177.4573,6.467426,5.954297
557.14185,-177.94815,6.4672256,5.955097
556.2706,-178.43892,6.4670258,5.9558973
555.39935,-178.9296,6.466826,5.956697
554.5281,-179.42018,6.4666257,5.957497
553.65674,-179.91069,6.466426,5.9582973
552.7853,-180.40111,6.4662256,5.959097
551.9139,-180.89145,6.466026,5.959897
551.04236,-181.38171,6.4658256,5.9606967
550.17084,-181.87189,6.465626,5.961497
549.2992,-182.36197,6.465426,5.962297
548.4276,-182.85199,6.4652257,5.9630966
547.5559,-183.34192,6.465026,5.9638968
546.6842,-183.83177,6.4648256,5.964697
545.81244,-184.32155,6.464626,5.9654965
544.9406,-184.81123,6.464426,5.9662967
544.0687,-185.30086,6.464226,5.9670963
543.19684,-185.7904,6.464026,5.9678965
542.3249,-186.27986,6.4636517,5.9686966
541.45294,-186.76926,6.4632516,5.9694963
540.5809,-187.25858,6.462852,5.9702964
539.70886,-187.74782,6.462452,5.971096
538.83673,-188.237,6.462052,5.971896
537.9646,-188.72609,6.461826,5.9725223
537.0924,-189.21513,6.461626,5.973122
536.22015,-189.70409,6.461426,5.973722
535.3479,-190.19298,6.461226,5.974322
534.4756,-190.6818,6.461026,5.9749217
533.6033,-191.17055,6.460826,5.9756956
532.7309,-191.65924,6.460626,5.9764957
531.85846,-192.14786,6.4604263,5.9772954
530.986,-192.63641,6.460226,5.9780955
530.1135,-193.12491,6.4600263,5.978895
529.241,-193.61334,6.459826,5.9796953
528.36847,-194.1017,6.459626,5.980495
527.49585,-194.59,6.4594264,5.981295
526.6232,-195.07825,6.459226,5.9820952
525.75055,-195.56642,6.4590263,5.982895
524.87787,-196.05453,6.458826,5.983695
524.0051,-196.5426,6.4586263,5.9844947
523.1324,-197.03061,6.4584265,5.985295
522.2596,-197.51854,6.458226,5.9860945
521.3868,-198.00644,6.4580264,5.9868946
520.5139,-198.49426,6.4578266,5.9876943
519.641,-198.98204,6.4576263,5.9884944
518.76807,-199.46976,6.4574265,5.989294
517.89514,-199.95743,6.4572263,5.990094
517.02216,-200.44504,6.4570265,5.990894
516.1492,-200.93259,6.4568267,5.9916935
515.2761,-201.4201,6.4566264,5.9924936
514.403,-201.90756,6.4564266,5.9932933
513.52997,-202.39496,6.456227,5.9940934
512.65686,-202.88232,6.4560266,5.994893
511.7837,-203.36963,6.4558268,5.995693
510.9105,-203.85689,6.455627,5.996493
510.0373,-204.3441,6.4554267,5.997293
509.16406,-204.83127,6.455227,5.9980927
508.29083,-205.3184,6.4550266,5.998893
507.41754,-205.80548,6.4546537,5.9996924
506.54425,-206.29251,6.4542537,6.0004926
505.67093,-206.7795,6.453854,6.001292
504.79758,-207.26645,6.453454,6.002092
503.9242,-207.75336,6.453054,6.002892
503.05078,-208.24022,6.452827,6.0036917
502.17737,-208.72704,6.452627,6.004492
501.30392,-209.21382,6.452427,6.0052915
500.43048,-209.70058,6.452227,6.0060916
499.55698,-210.18729,6.4520273,6.0068913
498.68347,-210.67395,6.451827,6.007691
497.80997,-211.1606,6.4516273,6.008491
496.93643,-211.64719,6.4514275,6.0092907
496.06287,-212.13376,6.451227,6.010091
495.18927,-212.62029,6.4510274,6.0108905
494.31567,-213.10678,6.4508276,6.0115175
493.44205,-213.59325,6.4506273,6.012118
492.56842,-214.07968,6.4504275,6.0127177
491.69476,-214.56609,6.4502277,6.0133176
490.8211,-215.05246,6.4500275,6.0139174
489.94742,-215.5388,6.4498277,6.0146894
489.0737,-216.02512,6.449628,6.0154896
488.19998,-216.5114,6.4494276,6.016289
487.32626,-216.99767,6.449228,6.017089
486.4525,-217.4839,6.4490275,6.017889
485.57874,-217.97011,6.4488277,6.0186887
484.70496,-218.45628,6.448628,6.019489
483.83118,-218.94244,6.4484277,6.0202885
482.95737,-219.42859,6.448228,6.021088
482.08356,-219.9147,6.448028,6.0218883
481.20972,-220.40079,6.447828,6.022688
480.33588,-220.88686,6.447628,6.0234876
479.46204,-221.37291,6.447428,6.0242877
478.58817,-221.85893,6.447228,6.0250874
477.7143,-222.34496,6.447028,6.025887
476.84042,-222.83095,6.4468284,6.026687
475.96652,-223.31693,6.446628,6.027487
475.09262,-223.80289,6.4464283,6.028287
474.21872,-224.28883,6.4462285,6.0290866
473.34482,-224.77477,6.446028,6.0298862
472.4709,-225.26068,6.445657,6.0306864
471.59695,-225.74658,6.445257,6.031486
470.72302,-226.23247,6.444857,6.0322857
469.84906,-226.71835,6.444457,6.033086
468.97513,-227.20421,6.4440575,6.0338855
468.10117,-227.69008,6.4438286,6.034685
467.2272,-228.17592,6.443629,6.0354853
466.35324,-228.66176,6.443429,6.036285
465.47925,-229.1476,6.4432287,6.0370846
464.6053,-229.63342,6.443029,6.0378847
463.7313,-230.11923,6.4428287,6.0386844
462.85733,-230.60504,6.442629,6.0394845
461.98334,-231.09085,6.442429,6.040284
461.10934,-231.57666,6.442229,6.041084
460.23535,-232.06245,6.442029,6.041884
459.36136,-232.54826,6.441829,6.0426836
458.48737,-233.03406,6.441629,6.0434833
457.61337,-233.51985,6.441429,6.0442834
456.73938,-234.00565,6.4412293,6.045083
455.8654,-234.49144,6.441029,6.0458827
454.9914,-234.97723,6.4408293,6.046512
454.11743,-235.46304,6.4406295,6.047112
453.24344,-235.94884,6.440429,6.047712
452.36945,-236.43465,6.4402294,6.0483117
451.49545,-236.92046,6.4400296,6.0489116
450.6215,-237.40627,6.4398293,6.0496817
449.7475,-237.89209,6.4396296,6.0504813
448.87354,-238.37791,6.4394298,6.0512815
447.99957,-238.86375,6.4392295,6.052081
447.12558,-239.3496,6.4390297,6.052881
446.25165,-239.83545,6.43883,6.053681
445.3777,-240.32132,6.4386296,6.0544806
444.50372,-240.80719,6.43843,6.0552807
443.6298,-241.29308,6.43823,6.0560803
442.75586,-241.77896,6.43803,6.05688
441.88193,-242.26488,6.43766,6.05768
441.008,-242.7508,6.43726,6.05848
440.1341,-243.23674,6.43686,6.0592794
439.2602,-243.72269,6.4364605,6.0600796
438.3863,-244.20866,6.4360604,6.060879
437.51242,-244.69464,6.43583,6.061679
436.63852,-245.18065,6.4356303,6.062479
435.76465,-245.66667,6.4354305,6.0632787
434.8908,-246.15271,6.4352303,6.0640783
434.01697,-246.63876,6.4350305,6.0648785
433.14313,-247.12485,6.4348307,6.065678
432.26932,-247.61095,6.4346304,6.066478
431.3955,-248.09708,6.4344306,6.067278
430.5217,-248.58322,6.434231,6.0680776
429.64792,-249.0694,6.4340305,6.068877
428.77414,-249.55559,6.4338307,6.0696774
427.9004,-250.04181,6.433631,6.070477
427.02664,-250.52806,6.4334307,6.0712767
426.15292,-251.01433,6.433231,6.072077
425.2792,-251.50063,6.433031,6.0728765
424.40552,-251.98695,6.432831,6.073676
423.53183,-252.47331,6.432631,6.0744762
422.65817,-252.9597,6.432431,6.075276
421.78455,-253.44612,6.432231,6.076076
420.91092,-253.93257,6.432031,6.0768757
420.0373,-254.41905,6.4318314,6.0776753
419.1637,-254.90556,6.431631,6.0784755
418.29013,-255.3921,6.4314313,6.079275
417.41656,-255.8787,6.431231,6.080075
416.54303,-256.36533,6.431031,6.080875
415.66953,-256.85196,6.4308314,6.081506
414.79602,-257.33865,6.430631,6.0821056
413.92255,-257.82538,6.4304314,6.0827055
413.0491,-258.31216,6.4302316,6.083306
412.1757,-258.79895,6.4300313,6.0839057
411.30228,-259.2858,6.4298315,6.084674
410.42886,-259.77267,6.4296317,6.0854735
409.5555,-260.25958,6.4294314,6.0862737
408.68216,-260.74652,6.4292316,6.0870733
407.8088,-261.2335,6.429032,6.087873
406.93552,-261.72052,6.4286637,6.088673
406.0622,-262.20755,6.4282637,6.089473
405.18893,-262.69464,6.4278636,6.090273
404.31567,-263.18173,6.4274635,6.0910726
403.4424,-263.66888,6.427064,6.091872
402.5692,-264.15604,6.4268317,6.0926723
401.69598,-264.64325,6.426632,6.093472
400.8228,-265.1305,6.426432,6.094272
399.94962,-265.61774,6.426232,6.095072
399.07648,-266.10504,6.426032,6.0958714
398.20334,-266.59235,6.4258323,6.0966716
397.3302,-267.0797,6.425632,6.097471
396.4571,-267.56708,6.425432,6.0982714
395.58398,-268.05447,6.4252324,6.099071
394.7109,-268.5419,6.425032,6.0998707
393.83783,-269.02936,6.4248323,6.100671
392.96478,-269.51685,6.4246325,6.1014705
392.09174,-270.00436,6.4244323,6.1022706
391.21872,-270.49188,6.4242325,6.1030703
390.3457,-270.97943,6.4240327,6.10387
389.47272,-271.467,6.4238324,6.10467
388.59973,-271.95462,6.4236326,6.1054697
387.72675,-272.44223,6.4234324,6.10627
386.8538,-272.92987,6.4232326,6.1070695
385.98083,-273.41754,6.4230328,6.1078696
385.10788,-273.9052,6.4228325,6.1086693
384.23495,-274.3929,6.4226327,6.109469
383.36203,-274.88065,6.422433,6.110269
382.48914,-275.36838,6.4222326,6.1110687
381.61624,-275.85614,6.422033,6.111869
380.74335,-276.34393,6.421833,6.1126685
379.87048,-276.83173,6.421633,6.1134686
378.99762,-277.31952,6.421433,6.1142683
378.12476,-277.80737,6.421233,6.115068
377.2519,-278.2952,6.421033,6.115868
376.37906,-278.78305,6.420833,6.116501
375.50623,-279.27094,6.420633,6.1171007
374.6334,-279.75882,6.420433,6.1177006
373.7606,-280.24673,6.4202332,6.1183004
372.8878,-280.73465,6.420033,6.1189003
372.01498,-281.22256,6.4196663,6.119667
371.14218,-281.7105,6.419266,6.120467
370.26938,-282.19846,6.4188666,6.121267
369.3966,-282.68643,6.4184666,6.122067
368.52383,-283.1744,6.4180665,6.1228666
367.65106,-283.66238,6.4178333,6.123667
366.7783,-284.1504,6.4176335,6.1244664
365.90552,-284.6384,6.4174333,6.1252666
365.03278,-285.1264,6.4172335,6.126066
364.16003,-285.6144,6.4170337,6.126866
363.28726,-286.10245,6.4168334,6.127666
362.41452,-286.59048,6.4166336,6.1284657
361.54178,-287.07852,6.416434,6.129266
360.66904,-287.56656,6.4162335,6.1300654
359.79633,-288.05463,6.4160337,6.1308656
358.92358,-288.54266,6.4158335,6.131665
358.05087,-289.03073,6.4156337,6.1324654
357.17813,-289.5188,6.415434,6.133265
356.30542,-290.00687,6.4152336,6.134065
355.43268,-290.49493,6.415034,6.134865
354.55997,-290.983,6.414834,6.1356645
353.68723,-291.4711,6.4146338,6.1364646
352.8145,-291.95917,6.414434,6.1372643
351.9418,-292.44724,6.4142337,6.1380644
351.0691,-292.9353,6.414034,6.138864
350.19635,-293.4234,6.413834,6.139664
349.32364,-293.91147,6.413634,6.140464
348.45093,-294.39954,6.413434,6.141264
347.5782,-294.8876,6.413234,6.1420636
346.70547,-295.37567,6.413034,6.1428638
345.83273,-295.86374,6.412834,6.1436634
344.96002,-296.3518,6.4126344,6.1444635
344.08728,-296.83987,6.412434,6.145263
343.21454,-297.3279,6.4122343,6.1460633
342.34183,-297.81598,6.412034,6.146863
341.4691,-298.30402,6.4118342,6.1476626
340.59634,-298.79205,6.4116344,6.148463
339.7236,-299.2801,6.411434,6.1492624
338.85083,-299.7681,6.4112344,6.1500626
337.9781,-300.25613,6.4110346,6.150862
337.10532,-300.74414,6.410669,6.151497
336.23257,-301.23212,6.410269,6.1520967
335.3598,-301.72012,6.409869,6.1526966
334.48703,-302.2081,6.409469,6.1532965
333.61423,-302.69608,6.409069,6.1538963
332.74146,-303.18402,6.4088345,6.1546617
331.86865,-303.67197,6.4086347,6.155462
330.99585,-304.1599,6.408435,6.1562614
330.12305,-304.64783,6.4082346,6.1570616
329.25024,-305.13574,6.408035,6.157861
328.3774,-305.62363,6.4078345,6.1586614
327.50458,-306.1115,6.4076347,6.159461
326.63174,-306.59937,6.407435,6.1602607
325.7589,-307.08722,6.4072347,6.161061
324.88605,-307.57507,6.407035,6.1618605
324.01318,-308.06287,6.406835,6.1626606
323.14032,-308.5507,6.406635,6.1634603
322.26743,-309.03848,6.406435,6.1642604
321.39453,-309.52625,6.4062347,6.16506
320.52164,-310.01398,6.406035,6.16586
319.6487,-310.5017,6.405835,6.16666
318.7758,-310.98944,6.405635,6.16746
317.90286,-311.4771,6.405435,6.1682596
317.0299,-311.96478,6.4052353,6.1690598
316.15695,-312.45245,6.405035,6.1698594
315.284,-312.94006,6.404835,6.1706595
314.411,-313.42767,6.404635,6.171459
313.53802,-313.91528,6.404435,6.1722593
312.665,-314.40283,6.4042354,6.173059
311.792,-314.89038,6.404035,6.173859
310.91895,-315.3779,6.4038353,6.174659
310.0459,-315.8654,6.4036355,6.175459
309.17285,-316.35284,6.403435,6.1762586
308.29977,-316.84027,6.4032354,6.1770587
307.42667,-317.3277,6.403035,6.1778584
306.5536,-317.8151,6.402671,6.1786585
305.68045,-318.30243,6.402271,6.179458
304.8073,-318.78976,6.4018707,6.1802583
303.93417,-319.27707,6.401471,6.181058
303.061,-319.76434,6.401071,6.181858
302.1878,-320.2516,6.4008355,6.1826577
301.3146,-320.73883,6.4006357,6.183458
300.4414,-321.226,6.4004354,6.1842575
299.56818,-321.71317,6.4002357,6.1850576
298.69492,-322.2003,6.400036,6.1858573
297.82166,-322.68738,6.3998356,6.186493
296.94836,-323.17444,6.399636,6.187093
296.07504,-323.66147,6.3994355,6.1876926
295.20172,-324.14844,6.3992357,6.1882925
294.32837,-324.6354,6.399036,6.1888924
293.45502,-325.12234,6.3988357,6.1896567
292.58163,-325.60922,6.398636,6.1904564
291.70822,-326.09607,6.398436,6.1912565
290.8348,-326.5829,6.398236,6.192056
289.96136,-327.06967,6.398036,6.1928563
289.0879,-327.55643,6.397836,6.193656
288.21442,-328.04312,6.397636,6.194456
287.3409,-328.5298,6.397436,6.1952558
286.46738,-329.01642,6.397236,6.196056
285.59384,-329.50302,6.397036,6.1968555
284.72025,-329.98956,6.3968363,6.1976557
283.84668,-330.47607,6.396636,6.1984553
282.97305,-330.96255,6.396436,6.1992555
282.0994,-331.44897,6.3962364,6.200055
281.22574,-331.93536,6.396036,6.2008553
280.35205,-332.4217,6.3958364,6.201655
279.47833,-332.90802,6.395636,6.202455
278.6046,-333.39426,6.3954363,6.2032547
277.73087,-333.88046,6.3952365,6.204055
276.85706,-334.36664,6.395036,6.2048545
275.98325,-334.85278,6.3948364,6.205654
275.10944,-335.33884,6.3946366,6.2064543
274.23557,-335.8249,6.3944364,6.207254
273.36166,-336.31085,6.3942366,6.208054
272.48776,-336.7968,6.3940363,6.2088537
271.61383,-337.28268,6.393673,6.209654
270.73987,-337.76855,6.3932734,6.2104535
269.86588,-338.25433,6.3928733,6.2112536
268.99185,-338.74008,6.392473,6.2120533
268.1178,-339.22577,6.392073,6.2128534
267.2437,-339.71143,6.3918366,6.213653
266.36963,-340.19702,6.391637,6.214453
265.49548,-340.68256,6.3914366,6.215253
264.62134,-341.16806,6.391237,6.216053
263.74716,-341.6535,6.391037,6.2168527
262.87292,-342.13892,6.3908367,6.217653
261.99872,-342.62427,6.390637,6.2184525
261.12445,-343.1096,6.390437,6.2192526
260.25018,-343.59488,6.390237,6.2200522
259.37592,-344.08017,6.390037,6.2208524
258.5016,-344.5654,6.389837,6.221652
257.6273,-345.0506,6.389637,6.2224517
256.75296,-345.5358,6.389437,6.223252
255.87863,-346.021,6.389237,6.2240515
255.00429,-346.50616,6.389037,6.2248516
254.12994,-346.9913,6.3888373,6.2254887
253.25558,-347.47644,6.388637,6.2260885
252.38123,-347.96158,6.3884373,6.2266884
251.50687,-348.44675,6.3882375,6.2272882
250.63252,-348.9319,6.388037,6.227888
249.75816,-349.41702,6.3878374,6.2286506
248.88382,-349.9022,6.387637,6.2294507
248.00948,-350.38733,6.3874373,6.2302504
247.13515,-350.87253,6.3872375,6.2310505
246.26082,-351.35773,6.3870373,6.23185
245.38652,-351.84296,6.3868375,6.2326503
244.51222,-352.3282,6.3866377,6.23345
243.63794,-352.81348,6.3864374,6.23425
242.76367,-353.29877,6.3862376,6.2350497
241.88942,-353.78412,6.386038,6.2358494
241.0152,-354.26947,6.3858376,6.2366495
240.14099,-354.75488,6.3856378,6.237449
239.26682,-355.24036,6.3854375,6.2382493
238.39267,-355.72586,6.3852377,6.239049
237.51854,-356.21143,6.385038,6.239849
236.64444,-356.69702,6.3846755,6.2406487
235.77037,-357.18268,6.384276,6.2414484
234.89635,-357.66843,6.383876,6.2422485
234.02235,-358.1542,6.383476,6.243048
233.14839,-358.64005,6.3830757,6.2438483
232.27448,-359.12598,6.382838,6.244648
231.40059,-359.61197,6.382638,6.245448
230.52675,-360.09805,6.382438,6.246248
229.65295,-360.5842,6.382238,6.2470474
228.7792,-361.0704,6.382038,6.2478476
227.9055,-361.55673,6.3818383,6.248647
227.03185,-362.04312,6.381638,6.2494473
226.15823,-362.52963,6.3814383,6.250247
225.28468,-363.0162,6.3812385,6.251047
224.4112,-363.5029,6.381038,6.251847
223.53775,-363.9897,6.3808384,6.2526464
222.66437,-364.4766,6.3806386,6.2534466
221.79105,-364.9636,6.3804383,6.254246
220.91779,-365.45068,6.3802385,6.2550464
220.0446,-365.93793,6.3800387,6.255846
219.17146,-366.42526,6.3798385,6.2566457
218.2984,-366.91272,6.3796387,6.257446
217.4254,-367.4003,6.3794384,6.2582455
216.55247,-367.888,6.3792386,6.259045
215.67963,-368.37585,6.379039,6.2598453
214.80685,-368.86383,6.3788385,6.2604837
213.93414,-369.35193,6.3786387,6.2610836
213.06152,-369.84018,6.378439,6.2616835
212.18898,-370.32855,6.3782387,6.2622833
211.31651,-370.8171,6.378039,6.262883
210.44414,-371.3058,6.377839,6.263644
209.57184,-371.79462,6.377639,6.264444
208.69963,-372.2836,6.377439,6.265244
207.8275,-372.77277,6.377239,6.2660437
206.95547,-373.26205,6.377039,6.2668433
206.08354,-373.75153,6.3766785,6.2676435
205.2117,-374.24118,6.3762784,6.268443
204.33995,-374.731,6.3758783,6.269243
203.4683,-375.22098,6.3754787,6.270043
202.59676,-375.71115,6.3750787,6.2708426
201.7253,-376.20148,6.3748393,6.271642
200.85396,-376.69202,6.3746395,6.2724423
199.98271,-377.18274,6.3744397,6.273242
199.11159,-377.6736,6.3742394,6.2740417
198.24055,-378.16473,6.3740396,6.2748413
197.36964,-378.656,6.37384,6.2756414
196.49884,-379.1475,6.3736396,6.276441
195.62816,-379.6392,6.37344,6.2772408
194.75758,-380.1311,6.37324,6.278041
193.88713,-380.6232,6.3730397,6.2788405
193.0168,-381.11554,6.37284,6.27964
192.14659,-381.60806,6.37264,6.28044
191.2765,-382.1008,6.37244,6.28124
190.40651,-382.59375,6.37224,6.2820396
189.53664,-383.08688,6.3720403,6.2828393
188.66687,-383.5802,6.3745565,6.290829
187.7972,-384.07367,6.3777556,6.3006263
186.92761,-384.56732,6.3809547,6.3104234
186.0581,-385.0611,6.384154,6.3202205
185.18869,-385.55505,6.387353,6.330018
184.31935,-386.0491,6.3905516,6.3399744
183.45009,-386.5433,6.3937507,6.3499713
182.58087,-387.03763,6.39695,6.359968
181.71173,-387.53204,6.400149,6.369965
180.84264,-388.02655,6.403348,6.3799624
179.9736,-388.52112,6.406547,6.3901186
179.1046,-389.0158,6.409746,6.4003153
178.23564,-389.51053,6.412945,6.4105124
177.3667,-390.00534,6.416144,6.420709
176.4978,-390.50018,6.419343,6.4309063
175.62892,-390.99506,6.422542,6.441103
174.76006,-391.48996,6.425741,6.4513
173.8912,-391.9849,6.4289403,6.461497
173.02237,-392.47983,6.4321394,6.471694
172.15352,-392.97476,6.4353385,6.481891
171.28467,-393.4697,6.4385376,6.4920883
170.4158,-393.96463,6.4417367,6.5022855
169.54694,-394.4595,6.444936,6.5124826
168.67804,-394.95438,6.448135,6.52268
167.80911,-395.44916,6.451334,6.532877
166.94016,-395.9439,6.454533,6.542916
166.07117,-396.4386,6.457732,6.552913
165.20213,-396.93323,6.4609313,6.5629106
164.33305,-397.42773,6.464131,6.5729084
163.46391,-397.92218,6.46733,6.582906
162.59473,-398.4165,6.4706874,6.5930614
161.72546,-398.91074,6.4740863,6.603259
160.85614,-399.40482,6.4774857,6.613457
159.98674,-399.89877,6.480885,6.623655
159.11726,-400.3926,6.484284,6.6338525
158.2477,-400.8863,6.4875255,6.6440506
157.37804,-401.3798,6.490725,6.6542487
156.50829,-401.87314,6.4939246,6.664447
155.63844,-402.36633,6.4971237,6.674645
154.76848,-402.8593,6.5003233,6.684843
153.8984,-403.35208,6.503523,6.694884
153.02823,-403.84467,6.5067225,6.7048826
152.15791,-404.33704,6.509922,6.714881
151.28748,-404.82916,6.5131216,6.7248797
150.4169,-405.32108,6.516321,6.7348785
149.5462,-405.8127,6.5195208,6.745035
148.67534,-406.3041,6.5227203,6.7552342
147.80435,-406.79526,6.5259204,6.7654333
146.9332,-407.28613,6.52912,6.7756324
146.06187,-407.7767,6.5323195,6.7858315
145.1904,-408.267,6.5355196,6.796031
144.31876,-408.757,6.5387197,6.8062305
143.44693,-409.24667,6.541919,6.8164306
142.57494,-409.73602,6.5451193,6.82663
141.70274,-410.22507,6.5483193,6.8368297
140.83037,-410.71375,6.5515194,6.8468723
139.9578,-411.2021,6.5547194,6.856873
139.08502,-411.69006,6.5579195,6.8668733
138.21204,-412.17767,6.5611196,6.8768735
137.33885,-412.66492,6.5643196,6.8868737
136.46544,-413.15176,6.5676775,6.897032
135.59181,-413.6382,6.571078,6.9072328
134.71796,-414.12424,6.574478,6.9174337
133.84387,-414.60986,6.577878,6.9276347
132.96954,-415.09506,6.5812783,6.9378357
132.09499,-415.57983,6.5845213,6.948037
131.22017,-416.06415,6.587722,6.9582386
130.34511,-416.548,6.5909224,6.96844
129.46979,-417.0314,6.594123,6.9786415
128.59421,-417.51434,6.5973234,6.988843
127.71836,-417.99677,6.600524,6.998887
126.84224,-418.47873,6.6037245,7.008889
125.96584,-418.96017,6.6069255,7.0188913
125.089165,-419.4411,6.610126,7.0288935
124.212204,-419.9215,6.6133265,7.0388956
123.334946,-420.4014,6.6165276,7.049056
122.45739,-420.8807,6.619728,7.0592585
121.57954,-421.3595,6.622929,7.0694613
120.70138,-421.83774,6.62613,7.0796638
119.822914,-422.31537,6.6293306,7.0898666
118.94412,-422.79245,6.641392,7.094057
118.065025,-423.26895,6.6557965,7.0966578
117.18562,-423.74487,6.670201,7.0992584
116.30592,-424.22025,6.684605,7.101859
115.42593,-424.69507,6.6990094,7.1044602
114.54564,-425.16937,6.7134137,7.107061
113.66507,-425.64313,6.7278175,7.1096616
112.78422,-426.1164,6.7422214,7.1122622
111.90311,-426.58914,6.7566257,7.114863
111.02172,-427.0614,6.7710295,7.1174636
110.140076,-427.53314,6.785433,7.1200643
109.25819,-428.00446,6.7998357,7.122665
108.37604,-428.47528,6.8142385,7.125265
107.49365,-428.94565,6.8286414,7.127866
106.61103,-429.4156,6.8430443,7.1304665
105.72817,-429.88507,6.8574457,7.1332254
104.84509,-430.35416,6.8718467,7.136026
103.96179,-430.8228,6.8862476,7.138826
103.078285,-431.29108,6.9006486,7.141626
102.19456,-431.75894,6.9150496,7.1444263
101.31064,-432.2264,6.929448,7.147067
100.42651,-432.6935,6.943846,7.149667
99.5422,-433.16025,6.9582443,7.1522665
98.6577,-433.62665,6.9726424,7.154866
97.773026,-434.0927,6.987041,7.1574655
96.88817,-434.5584,7.001436,7.1600647
96.00314,-435.0238,7.0158305,7.162664
95.11796,-435.4889,7.0302253,7.1652627
94.23261,-435.95367,7.04462,7.167862
93.347115,-436.41815,7.0590143,7.170461
92.46147,-436.8824,7.0734057,7.1730595
91.57568,-437.3463,7.0877957,7.1756577
90.68976,-437.81,7.102186,7.178256
89.80371,-438.27344,7.1165767,7.180854
88.91753,-438.73663,7.1309667,7.183452
88.03123,-439.1996,7.145353,7.18605
87.14481,-439.66232,7.159738,7.1886473
86.258286,-440.12485,7.1741233,7.1912446
85.371666,-440.5872,7.1885085,7.193842
84.48495,-441.04935,7.2028937,7.1964393
83.59814,-441.51132,7.2172747,7.1990356
82.71124,-441.97314,7.231654,7.201632
81.82426,-442.43478,7.246033,7.2042284
80.937195,-442.8963,7.2604127,7.206825
80.05005,-443.35764,7.274792,7.2094207
79.16282,-443.8188,7.2891693,7.2120166
78.2755,-444.2798,7.3035455,7.2146125
77.38806,-444.74057,7.317922,7.217208
76.50049,-445.20108,7.3322983,7.219804
75.61276,-445.66132,7.3466744,7.2223997
74.72487,-446.12122,7.3610563,7.224996
73.83679,-446.58075,7.375439,7.2275934
72.9485,-447.03986,7.3898225,7.2301903
72.05998,-447.49857,7.404206,7.232787
71.17123,-447.9568,7.418589,7.235384
70.2822,-448.4145,7.432986,7.2379837
69.39291,-448.87167,7.4473867,7.240584
68.50333,-449.32828,7.4617877,7.243184
67.61344,-449.78433,7.4761887,7.2457843
66.72324,-450.23975,7.4905896,7.248384
65.83272,-450.69452,7.5050125,7.2509885
64.94184,-451.14862,7.519442,7.2535934
64.05057,-451.60193,7.5338717,7.256199
63.158867,-452.05438,7.548301,7.2588043
62.266705,-452.50595,7.562731,7.2614098
61.374054,-452.95654,7.5771866,7.26402
60.481033,-453.4064,7.59165,7.266631
59.587814,-453.85587,7.606113,7.269243
58.694565,-454.30527,7.6205764,7.271854
57.801464,-454.75497,7.63504,7.2744656
56.908688,-455.20532,7.6495004,7.2770762
56.016453,-455.65674,7.66396,7.2796874
55.124996,-456.10968,7.67842,7.282298
54.23456,-456.56464,7.69288,7.284909
53.345383,-457.02203,7.7073402,7.28752
52.457703,-457.48236,7.721751,7.2901216
51.571712,-457.9459,7.7361507,7.2927217
50.68758,-458.413,7.75055,7.2953215
49.805485,-458.8839,7.764949,7.297921
48.925606,-459.35895,7.7793465,7.300521
48.048138,-459.83844,7.7936416,7.3032637
47.173428,-460.32294,7.8079133,7.306039
46.301888,-460.8131,7.8221855,7.308814
45.433945,-461.30963,7.836459,7.3115892
44.570045,-461.81314,7.850735,7.314365
43.710453,-462.32397,7.823994,7.321971
42.853943,-462.83997,7.7850914,7.331009
41.998493,-463.35773,7.7461934,7.340046
41.14207,-463.87384,7.707305,7.3490806
40.282654,-464.38498,7.6684318,7.358112
39.418205,-464.88757,7.5501366,7.377234
38.54583,-465.37622,7.394485,7.4011035
37.662304,-465.8444,7.2387815,7.4249806
36.764824,-466.2852,7.08303,7.4488654
35.851215,-466.6914,6.927342,7.47274
34.920204,-467.05597,6.842818,7.466545
33.972214,-467.37375,6.7894173,7.447221
33.00864,-467.6405,6.736012,7.4278955
32.031395,-467.85162,6.682561,7.408553
31.043045,-468.0023,6.6290593,7.3891926
30.047014,-468.0885,6.704709,7.4016237
29.04751,-468.11227,6.7967873,7.4181027
28.0483,-468.0777,6.8887696,7.434565
27.052425,-467.98892,6.9806895,7.451016
26.062302,-467.84988,7.0748057,7.4713936
25.079912,-467.66388,7.2425447,7.6247435
24.107077,-467.43304,7.410422,7.77822
23.145424,-467.1593,7.5783224,7.9317174
22.196354,-466.8447,7.7461643,8.085162
21.261068,-466.49118,7.9138994,8.238508
20.340872,-466.10007,8.061042,8.462699
19.438442,-465.6696,8.207288,8.69004
18.557255,-465.19714,8.353605,8.917495
17.701292,-464.68048,8.49998,9.145037
16.875029,-464.11755,8.646305,9.372502
16.083134,-463.50723,8.797966,9.608502
15.32916,-462.85065,8.950716,9.846249
14.616291,-462.14963,9.103483,10.084022
13.948,-461.40604,9.256412,10.322046
13.328087,-460.62164,9.409612,10.560493
12.759485,-459.79932,9.40743,10.561546
12.238167,-458.94617,9.386642,10.534173
11.756724,-458.06985,9.365885,10.506838
11.307007,-457.1768,9.345153,10.479538
10.880482,-456.2724,9.324186,10.451872
10.469449,-455.36087,9.294997,10.411409
10.069819,-454.44427,9.265772,10.370897
9.678266,-453.5242,9.236525,10.330356
9.291389,-452.60214,9.207269,10.289801
8.905758,-451.6796,9.178033,10.249259
8.518757,-450.75757,9.149051,10.208884
8.130484,-449.83612,9.120076,10.16852
7.7415814,-448.91492,9.091107,10.128163
7.352693,-447.9937,9.06214,10.08781
6.9644613,-447.0722,9.033169,10.04748
6.577375,-446.15024,9.004127,10.007496
6.191411,-445.2278,8.975081,9.967509
5.8064423,-444.30496,8.946034,9.927521
5.422338,-443.38174,8.916987,9.887531
5.0389705,-442.45822,8.887949,9.847535
4.656249,-441.53442,8.859113,9.8073635
4.2742243,-440.61035,8.8302765,9.767193
3.8929772,-439.68597,8.801441,9.727022
3.512591,-438.7612,8.772607,9.6868515
3.133147,-437.83606,8.743771,9.646682
2.7547174,-436.91052,8.714833,9.606569
2.3773344,-435.98453,8.685896,9.566456
2.0010207,-435.05814,8.656959,9.526342
1.6257987,-434.13126,8.62802,9.486229
1.2516909,-433.20395,8.599083,9.446115
0.8786745,-432.2762,8.569973,9.405562
0.50654304,-431.3481,8.540863,9.365009
0.13504355,-430.41974,8.511753,9.324456
-0.23607722,-429.49124,8.482643,9.283902
-0.6070726,-428.56268,8.453528,9.24335
-0.97819537,-427.63416,8.424132,9.202881
-1.3496965,-426.7058,8.394736,9.162411
-1.7218263,-425.7777,8.365339,9.121941
-2.094835,-424.84995,8.335943,9.0814705
-2.4689722,-423.92267,8.30656,9.040993
-2.8444893,-422.9959,8.277406,9.000379
-3.2216423,-422.06985,8.248252,8.9597645
-3.6006877,-421.14453,8.219098,8.91915
-3.9818819,-420.22012,8.189944,8.878536
-4.36548,-419.2967,8.160804,8.83794
-4.751722,-418.3744,8.13182,8.797563
-5.140799,-417.45325,8.102837,8.757186
-5.5328937,-416.53342,8.073853,8.716808
-5.9281864,-415.61493,8.044868,8.676431
-6.326857,-414.6979,8.015886,8.63609
-6.7288346,-413.78235,7.986937,8.596235
-7.1332393,-412.86783,7.9579873,8.556379
-7.5390344,-411.95395,7.929038,8.516525
-7.9451833,-411.04022,7.900089,8.47667
-8.350652,-410.1262,7.871148,8.436813
-8.754408,-409.2114,7.842452,8.396837
-9.155438,-408.2954,7.8137565,8.356861
-9.552729,-407.3778,7.7850604,8.316884
-9.945259,-406.45813,7.756364,8.276907
-10.332004,-405.53604,7.727668,8.236931
-10.711927,-404.61108,7.698826,8.196944
-11.08398,-403.68295,7.6699805,8.156959
-11.447099,-402.75128,7.641135,8.116974
-11.800208,-401.8158,7.612291,8.076989
-12.142224,-400.8762,7.583449,8.037008
-12.471999,-399.9322,7.5619817,8.014981
-12.788129,-398.98358,7.540905,7.993905
-13.089116,-398.03003,7.519828,7.9728274
-13.373435,-397.07138,7.4987483,7.9517484
-13.639542,-396.10754,7.4776692,7.930669
-13.8861265,-395.1385,7.4728885,7.9484043
-14.112998,-394.16467,7.468642,7.96741
-14.3202715,-393.18646,7.4643965,7.986415
-14.508061,-392.20435,7.4601507,8.00542
-14.676481,-391.21872,7.4559,8.024421
-14.825818,-390.23,7.451455,8.043212
-14.957043,-389.23874,7.44701,8.062003
-15.0713,-388.2454,7.442565,8.080793
-15.169738,-387.2503,7.43812,8.099584
-15.253515,-386.2539,7.433471,8.117118
-15.323737,-385.25647,7.426238,8.118725
-15.381351,-384.25818,7.4190044,8.120333
-15.427277,-383.2593,7.4117703,8.12194
-15.462438,-382.26,7.4045367,8.123548
-15.487757,-381.2604,7.3970757,8.123806
-15.504173,-380.26062,7.387484,8.111417
-15.512672,-379.26074,7.3778925,8.099028
-15.514247,-378.2608,7.3683004,8.086638
-15.509892,-377.2609,7.358709,8.074249
-15.500603,-376.261,7.349101,8.061881
-15.487312,-375.26117,7.339333,8.049721
-15.470769,-374.26135,7.3295646,8.03756
-15.451691,-373.26163,7.3197966,8.0254
-15.43079,-372.2619,7.310028,8.013239
-15.408783,-371.2622,7.300275,8.001079
-15.386225,-370.26254,7.2907,7.98891
-15.363157,-369.26288,7.281125,7.9767423
-15.339521,-368.26324,7.2715507,7.9645743
-15.315257,-367.26358,7.261976,7.9524064
-15.290305,-366.26398,7.2524004,7.9402256
-15.264628,-365.26437,7.242818,7.927848
-15.238258,-364.2648,7.233235,7.91547
-15.211245,-363.26523,7.2236524,7.903093
-15.183636,-362.2657,7.21407,7.890715
-15.1554785,-361.26614,7.204476,7.878348
-15.126817,-360.26663,7.194687,7.8661613
-15.097674,-359.26712,7.184898,7.853975
-15.068069,-358.26764,7.175109,7.841789
-15.038022,-357.26816,7.16532,7.8296022
-15.007552,-356.2687,7.15554,7.8174057
-14.97668,-355.26923,7.1459455,7.8050127
-14.945433,-354.2698,7.1363506,7.7926197
-14.913837,-353.27036,7.126756,7.7802267
-14.881922,-352.27094,7.1171613,7.7678337
-14.849712,-351.27155,7.107567,7.7554493
-14.817236,-350.27213,7.097968,7.743251
-14.78452,-349.27274,7.0883694,7.7310524
-14.751588,-348.27335,7.07877,7.718854
-14.718466,-347.274,7.0691714,7.7066555
-14.68518,-346.2746,7.0595636,7.694457
-14.651754,-345.27524,7.0497622,7.682255
-14.618216,-344.27585,7.0399604,7.670053
-14.58459,-343.2765,7.0301585,7.6578507
-14.550903,-342.27713,7.020357,7.6456485
-14.517182,-341.27777,7.0105643,7.633437
-14.483454,-340.2784,7.000961,7.6210327
-14.449741,-339.27905,6.9913573,7.6086283
-14.416071,-338.2797,6.9817543,7.5962243
-14.382468,-337.28033,6.972151,7.58382
-14.348958,-336.28094,6.962538,7.571425
-14.315567,-335.2816,6.952734,7.55922
-14.282322,-334.2822,6.9429297,7.5470147
-14.249251,-333.28284,6.933126,7.53481
-14.216383,-332.28345,6.923322,7.522605
-14.183746,-331.28403,6.913528,7.5104
-14.151362,-330.28464,6.9039245,7.4981956
-14.119234,-329.28522,6.894321,7.4859915
-14.087359,-328.2858,6.884718,7.4737873
-14.055736,-327.28638,6.8751144,7.461583
-14.024362,-326.28693,6.865511,7.4493685
-13.993235,-325.2875,6.855909,7.4369655
-13.962348,-324.28802,6.8463063,7.424562
-13.931695,-323.28857,6.836704,7.412159
-13.90127,-322.28912,6.827101,7.3997555
-13.871066,-321.28964,6.817488,7.387363
-13.841077,-320.29016,6.8076863,7.3751607
-13.811296,-319.29068,6.7978845,7.3629584
-13.78172,-318.29117,6.788083,7.350756
-13.752342,-317.2917,6.778281,7.338554
-13.723158,-316.29218,6.76849,7.326341
-13.69416,-315.29266,6.758889,7.31394
-13.665345,-314.29315,6.749288,7.3015385
-13.636706,-313.29364,6.739687,7.2891374
-13.608238,-312.29413,6.730086,7.2767363
-13.579935,-311.2946,6.720485,7.2643456
-13.551791,-310.29504,6.7108846,7.2521453
-13.523801,-309.2955,6.7012844,7.239945
-13.495958,-308.29596,6.6916842,7.227744
-13.468259,-307.29642,6.6820836,7.2155437
-13.440696,-306.29688,6.6724725,7.2033434
-13.413265,-305.29733,6.662673,7.191144
-13.38596,-304.29776,6.652873,7.178944
-13.358774,-303.29822,6.6430736,7.1667447
-13.331703,-302.29865,6.6332736,7.154545
-13.304742,-301.29907,6.6234846,7.1423345
-13.277883,-300.2995,6.613886,7.1299357
-13.251122,-299.29993,6.6042867,7.1175365
-13.224453,-298.30035,6.5946875,7.105138
-13.19787,-297.30078,6.5850883,7.0927386
-13.171369,-296.3012,6.575489,7.0803504
-13.144943,-295.30164,6.5658903,7.0681524
-13.118587,-294.30206,6.5562916,7.055954
-13.092294,-293.30246,6.546693,7.0437555
-13.06606,-292.3029,6.537094,7.031557
-13.039879,-291.30328,6.527485,7.019359
-13.013745,-290.3037,6.517687,7.007161
-12.987654,-289.3041,6.5078883,6.994963
-12.961598,-288.30453,6.4980903,6.9827657
-12.935573,-287.30493,6.488292,6.9705677
-12.909573,-286.30536,6.478504,6.9583597
-12.883592,-285.30576,6.4689064,6.9459624
-12.857624,-284.30615,6.459308,6.9335647
-12.831664,-283.30658,6.4497104,6.9211674
-12.805708,-282.30698,6.4401126,6.90877
-12.779748,-281.30737,6.4305043,6.896383
-12.753778,-280.3078,6.4207067,6.884186
-12.727796,-279.3082,6.410909,6.871989
-12.701793,-278.3086,6.4011116,6.8597918
-12.675764,-277.30902,6.391314,6.8475947
-12.649705,-276.30942,6.3815265,6.8353977
-12.623609,-275.30984,6.3719287,6.823201
-12.59747,-274.31024,6.3623314,6.8110046
-12.571284,-273.31067,6.352734,6.7988076
-12.545044,-272.31107,6.3431363,6.786611
-12.518745,-271.3115,6.333539,6.7744045
-12.492382,-270.31192,6.3239417,6.762008
-12.465948,-269.31235,6.3143444,6.7496114
-12.439439,-268.31274,6.304747,6.737215
-12.4128475,-267.31317,6.29515,6.7248187
-12.386169,-266.3136,6.2855434,6.7124314
-12.359398,-265.31403,6.275746,6.700235
-12.332529,-264.31445,6.265949,6.6880383
-12.305556,-263.3149,6.2561517,6.675842
-12.278474,-262.31534,6.2463546,6.6636453
-12.251277,-261.31577,6.2365665,6.65144
-12.223959,-260.31622,6.2269692,6.6390433
-12.196514,-259.31668,6.217372,6.626647
-12.168939,-258.3171,6.2077746,6.6142507
-12.141225,-257.31757,6.198178,6.6018543
-12.113369,-256.31802,6.1885805,6.5894666
-12.085364,-255.3185,6.178983,6.57727
-12.057205,-254.31897,6.169386,6.5650735
-12.028886,-253.31944,6.1597886,6.552877
-12.0004015,-252.31992,6.1501913,6.540681
-11.9717455,-251.32039,6.1405854,6.5284843
-11.942913,-250.32088,6.1307883,6.5162873
-11.9138975,-249.32137,6.1209908,6.504091
-11.884695,-248.32187,6.1111937,6.4918942
-11.8553,-247.32237,6.1013966,6.4796977
-11.8257065,-246.32288,6.091607,6.4674926
-11.795912,-245.3234,6.08201,6.455096
-11.765914,-244.32391,6.072412,6.442699
-11.735717,-243.32445,6.0628147,6.430302
-11.705321,-242.32498,6.053217,6.4179053
-11.674727,-241.32552,6.0436196,6.4055166
-11.643939,-240.32607,6.034022,6.3933196
-11.612955,-239.32661,6.0244246,6.3811226
-11.581779,-238.32716,6.014827,6.3689256
-11.550409,-237.32773,6.005229,6.3567286
-11.518849,-236.3283,5.9956236,6.3445315
-11.487099,-235.32887,5.985826,6.3323345
-11.45516,-234.32945,5.976028,6.320137
-11.423034,-233.33003,5.9662304,6.30794
-11.390722,-232.33063,5.956433,6.2957425
-11.358225,-231.33124,5.9466424,6.283538
-11.325544,-230.33183,5.9370446,6.2711406
-11.292682,-229.33244,5.9274464,6.2587433
-11.259638,-228.33307,5.9178486,6.246346
-11.226414,-227.33368,5.908251,6.2339487
-11.193012,-226.33432,5.898653,6.221559
-11.159432,-225.33495,5.889055,6.2093616
-11.125676,-224.33559,5.879457,6.197164
-11.091745,-223.33624,5.8698587,6.1849666
-11.057642,-222.33688,5.860261,6.172769
-11.023365,-221.33754,5.8506556,6.1605716
-10.988917,-220.33821,5.8408575,6.148374
-10.954299,-219.33888,5.8310595,6.136176
-10.919513,-218.33955,5.8212614,6.1239786
-10.884559,-217.34024,5.8114634,6.111781
-10.849439,-216.34093,5.8016725,6.0995765
-10.814155,-215.34161,5.792074,6.087179
-10.778706,-214.34232,5.782476,6.0747814
-10.743095,-213.34302,5.7728777,6.0623837
-10.707323,-212.34373,5.7632794,6.049986
-10.6713915,-211.34445,5.7536745,6.037595
-10.635301,-210.34517,5.7438765,6.0253973
-10.599053,-209.3459,5.7340784,6.0131993
-10.562649,-208.34663,5.72428,6.001002
-10.52609,-207.34737,5.714482,5.988804
-10.489377,-206.34811,5.7047095,5.9766254
-10.452512,-205.34886,5.695711,5.9650273
-10.415495,-204.34962,5.6867127,5.9534297
-10.378328,-203.35039,5.677714,5.9418316
-10.341013,-202.35115,5.6687155,5.9302335
-10.303551,-201.35193,5.660069,5.919025
-10.265942,-200.3527,5.6622686,5.919825
-10.228188,-199.35349,5.6644683,5.9206247
-10.1902895,-198.35428,5.666668,5.921425
-10.152249,-197.35507,5.6688676,5.9222245
-10.114068,-196.35587,5.671067,5.9230247
-10.075747,-195.35667,5.673267,5.9238243
-10.037287,-194.35748,5.6754665,5.924624
-9.998689,-193.3583,5.677666,5.925424
-9.959954,-192.35912,5.679866,5.9262238
-9.921085,-191.35994,5.6820655,5.9270296
-9.882082,-190.36078,5.684265,5.9280295
-9.842947,-189.36162,5.686465,5.9290295
-9.803679,-188.36246,5.6886644,5.9300294
-9.764283,-187.36331,5.690864,5.9310293
-9.724757,-186.36415,5.6930466,5.932029
-9.685104,-185.36502,5.694646,5.9330287
-9.645325,-184.36588,5.6962457,5.9340286
-9.60542,-183.36674,5.6978455,5.9350286
-9.5653925,-182.36761,5.6994452,5.9360285
-9.525242,-181.36848,5.701045,5.9370284
-9.484969,-180.36937,5.702645,5.938028
-9.444577,-179.37025,5.7042446,5.939028
-9.404065,-178.37115,5.7058444,5.9400277
-9.363437,-177.37206,5.707444,5.9410276
-9.322691,-176.37296,5.709044,5.9420276
-9.281831,-175.37386,5.710644,5.9430275
-9.240856,-174.37477,5.7122436,5.944027
-9.199769,-173.37569,5.7138433,5.945027
-9.158571,-172.3766,5.715443,5.946027
-9.117263,-171.37752,5.7170424,5.9470267
-9.075846,-170.37845,5.718642,5.9480267
-9.034321,-169.37938,5.720242,5.9490266
-8.992689,-168.38033,5.721842,5.950026
-8.9509535,-167.38127,5.7234416,5.951026
-8.909113,-166.38222,5.7250414,5.952026
-8.867169,-165.38316,5.726641,5.953026
-8.825125,-164.38411,5.728241,5.9540257
-8.78298,-163.38507,5.7298408,5.9550257
-8.740736,-162.38603,5.7314405,5.956025
-8.698395,-161.38701,5.7330403,5.957025
-8.655957,-160.38799,5.73464,5.958025
-8.613424,-159.38895,5.73624,5.959025
-8.570797,-158.38994,5.7378397,5.960025
-8.528077,-157.39091,5.7394395,5.9610248
-8.485267,-156.3919,5.7410393,5.9620247
-8.442365,-155.3929,5.742639,5.963024
-8.399375,-154.39389,5.744239,5.964024
-8.356297,-153.39488,5.7458386,5.965024
-8.313132,-152.39589,5.7474384,5.966024
-8.269882,-151.3969,5.749038,5.967024
-8.226548,-150.3979,5.7506375,5.968024
-8.183132,-149.39893,5.7522373,5.969023
-8.139634,-148.39993,5.753837,5.970023
-8.096056,-147.40096,5.755437,5.971023
-8.052399,-146.40198,5.7570367,5.972023
-8.008663,-145.40302,5.7586365,5.973023
-7.964851,-144.40404,5.7602363,5.974023
-7.920964,-143.40508,5.761836,5.975023
-7.8770027,-142.40611,5.763436,5.9760222
-7.8329687,-141.40715,5.7650356,5.977022
-7.788863,-140.4082,5.7666354,5.978022
-7.7446876,-139.40924,5.768235,5.979022
-7.700443,-138.4103,5.769835,5.980022
-7.6561303,-137.41135,5.771435,5.981022
-7.611751,-136.4124,5.7730346,5.9820213
-7.5673065,-135.41347,5.7746344,5.9830213
-7.522798,-134.41452,5.776234,5.984021
-7.4782267,-133.41559,5.777834,5.985021
-7.4335933,-132.41666,5.7794337,5.986021
-7.3889,-131.41772,5.7810335,5.987021
-7.344147,-130.4188,5.7826333,5.988021
-7.299337,-129.41988,5.784233,5.9890203
-7.25447,-128.42094,5.7858324,5.9900203
-7.2095475,-127.42203,5.787432,5.99102
-7.164571,-126.42311,5.789032,5.99202
-7.119541,-125.4242,5.790632,5.99302
-7.07446,-124.425285,5.7922316,5.99402
-7.0293283,-123.42638,5.7938313,5.9950194
-6.9841475,-122.42747,5.795431,5.9960194
-6.938919,-121.42856,5.797031,5.9970193
-6.893644,-120.42966,5.7986307,5.998019
-6.8483233,-119.430756,5.8002305,5.999019
-6.8029585,-118.431854,5.8018303,6.000019
-6.7575507,-117.43296,5.80343,6.001019
-6.7121015,-116.43406,5.80503,6.0020185
-6.6666117,-115.435165,5.8066297,6.0030184
-6.6210823,-114.43627,5.8082294,6.0040183
-6.5755153,-113.437386,5.809829,6.005018
-6.5299115,-112.43849,5.811429,6.006018
-6.484272,-111.439606,5.813029,6.007018
-6.438598,-110.44072,5.8146286,6.0080175
-6.3928914,-109.44184,5.816228,6.0090175
-6.347153,-108.442955,5.8178277,6.0100174
-6.3013844,-107.44408,5.8194275,6.0110173
-6.2555866,-106.44519,5.8210273,6.0120173
-6.2097607,-105.44631,5.822627,6.013017
-6.163908,-104.44743,5.824227,6.0140166
-6.11803,-103.44856,5.8258266,6.0150166
-6.0721273,-102.449684,5.8274264,6.0160165
-6.026202,-101.45081,5.829026,6.0170164
-5.9802547,-100.451935,5.830626,6.0180163
-5.9342866,-99.453064,5.832226,6.0190163
-5.888299,-98.45419,5.8338256,6.0200157
-5.8422937,-97.45532,5.8354254,6.0210156
-5.7962713,-96.45645,5.837025,6.0220156
-5.7502337,-95.45758,5.838625,6.0230155
-5.704182,-94.45872,5.8402247,6.0240154
-5.6581173,-93.45985,5.841824,6.0250154
-5.6120405,-92.46098,5.843424,6.026015
-5.565953,-91.46211,5.8450236,6.0270147
-5.519856,-90.46325,5.8466234,6.0280147
-5.4737506,-89.46438,5.848223,6.0290146
-5.4276385,-88.465515,5.849823,6.0300145
-5.381521,-87.46665,5.851423,6.0310144
-5.335399,-86.46779,5.8530226,6.032014
-5.2892737,-85.46892,5.8546224,6.033014
-5.243147,-84.470055,5.856222,6.0340137
-5.1970196,-83.47119,5.857822,6.0350137
-5.1508927,-82.47233,5.8594217,6.0360136
-5.104768,-81.47346,5.8610215,6.0370135
-5.058646,-80.474594,5.862621,6.038013
-5.012529,-79.47573,5.8642206,6.039013
-4.9664173,-78.47687,5.8658204,6.040013
-4.920312,-77.478,5.86742,6.041013
-4.8742146,-76.47913,5.86902,6.0420127
-4.8281264,-75.48026,5.87062,6.043012
-4.782047,-74.4814,5.8722196,6.044012
-4.735976,-73.48253,5.8738194,6.045012
-4.689914,-72.483665,5.875419,6.046012
-4.643861,-71.484795,5.877019,6.047012
-4.597816,-70.48592,5.8786187,6.048012
-4.5517797,-69.48705,5.880218,6.049011
-4.5057516,-68.48819,5.881818,6.050011
-4.459732,-67.48932,5.8834176,6.051011
-4.413721,-66.49045,5.8850174,6.052011
-4.3677187,-65.49158,5.886617,6.053011
-4.3217244,-64.49271,5.888217,6.0540104
-4.2757387,-63.49383,5.8898168,6.0550103
-4.229761,-62.49496,5.8914165,6.0560102
-4.1837916,-61.49609,5.8930163,6.05701
-4.1378307,-60.497215,5.894616,6.05801
-4.091878,-59.498344,5.8962154,6.05901
-4.0459332,-58.49947,5.897815,6.0600095
-3.9999964,-57.500595,5.899415,6.0610094
-3.9540677,-56.50172,5.901015,6.0620093
-3.9081469,-55.50285,5.9026146,6.0630093
-3.862234,-54.50397,5.9042144,6.064009
-3.8163295,-53.505096,5.905814,6.0650086
-3.7704325,-52.50622,5.907414,6.0660086
-3.7245436,-51.507347,5.9090137,6.0670085
-3.6786625,-50.50847,5.9106135,6.0680084
-3.6327894,-49.509594,5.912213,6.0690084
-3.5869238,-48.510715,5.9138126,6.070008
-3.5410662,-47.51184,5.9154124,6.0710077
-3.495216,-46.512962,5.917012,6.0720077
-3.4493732,-45.514084,5.918612,6.0730076
-3.403538,-44.515205,5.920212,6.0740075
-3.3577104,-43.516327,5.9218116,6.075007
-3.31189,-42.51745,5.9234114,6.076007
-3.2660773,-41.518566,5.925011,6.077007
-3.2202718,-40.519688,5.9266105,6.0780067
-3.1744738,-39.52081,5.9282103,6.0790067
-3.1286833,-38.521927,5.92981,6.080006
-3.0828998,-37.52305,5.93141,6.081006
-3.037124,-36.524166,5.9330096,6.082006
-2.991355,-35.525284,5.9346094,6.083006
-2.945593,-34.5264,5.936209,6.084006
-2.8998384,-33.52752,5.937809,6.0850053
-2.854091,-32.528637,5.9394083,6.086005
-2.8083506,-31.529755,5.941008,6.087005
-2.762617,-30.530872,5.942608,6.088005
-2.7168906,-29.531988,5.9442077,6.089005
-2.671171,-28.533104,5.9458075,6.0900044
-2.6254582,-27.534222,5.9474072,6.0910044
-2.5797524,-26.535336,5.949007,6.0920043
-2.5340533,-25.536451,5.950607,6.093004
-2.4883611,-24.537567,5.952206,6.094004
-2.4426756,-23.538681,5.953806,6.0950036
-2.3969967,-22.539797,5.9554057,6.0960035
-2.3513246,-21.54091,5.9570055,6.0970035
-2.305659,-20.542025,5.9586053,6.0980034
-2.2600002,-19.543139,5.960205,6.0990033
-2.214348,-18.54425,5.961805,6.100003
-2.1687021,-17.545364,5.9634047,6.1010027
-2.1230626,-16.546476,5.965004,6.1020026
-2.0774295,-15.547588,5.9666038,6.1030025
-2.0318027,-14.548701,5.9682035,6.1040025
-1.9861822,-13.549812,5.9698033,6.105002
-1.940568,-12.550924,5.971403,6.106002
-1.89496,-11.552035,5.973003,6.107002
-1.8493584,-10.553146,5.9746027,6.1080017
-1.803763,-9.554256,5.976202,6.109001
-1.7581738,-8.555367,5.977802,6.110001
-1.7125907,-7.556477,5.9794016,6.111001
-1.6670134,-6.557587,5.9810014,6.112001
-1.6214422,-5.5586967,5.982601,6.113001
-1.5758768,-4.559806,5.984201,6.1140003
-1.5303173,-3.5609148,5.9858007,6.1150002
-1.4847637,-2.5620236,5.9874,6.116
