# x_m,y_m,w_tr_right_m,w_tr_left_m
-0.518788,-0.519763,7.241,7.513
-0.26307464,-1.4863135,7.2239947,7.4757886
-0.0077619995,-2.4529698,7.20699,7.438577
0.24714321,-3.4197338,7.1899843,7.401366
0.5016343,-4.3866067,7.1729794,7.364155
0.7557045,-5.3535905,7.155974,7.3269424
1.009347,-6.3206863,7.1387677,7.288929
1.2625546,-7.287896,7.121562,7.2509155
1.5153201,-8.255222,7.104356,7.2129025
1.7676361,-9.222665,7.0871496,7.174889
2.0194952,-10.190227,7.069944,7.1368766
2.2708907,-11.157909,7.0527368,7.0990615
2.5218167,-12.125713,7.03553,7.0612464
2.772268,-13.093641,7.0183234,7.023432
3.0222394,-14.061692,7.0011168,6.9856167
3.271726,-15.029869,6.9839096,6.9478016
3.5207205,-15.998172,6.966702,6.909985
3.7692115,-16.966604,6.949495,6.8721685
4.017186,-17.93517,6.932287,6.834352
4.2646317,-18.90387,6.9150796,6.7965355
4.5115347,-19.872707,6.897872,6.7587185
4.7578897,-20.841686,6.880664,6.7209005
5.0037184,-21.810797,6.8634553,6.6830826
5.2490487,-22.780035,6.846247,6.645264
5.4939094,-23.749392,6.829039,6.607446
5.73833,-24.718859,6.8118305,6.5696297
5.982342,-25.68843,6.794622,6.532011
6.2259955,-26.65809,6.7774134,6.494392
6.4693456,-27.627829,6.7602043,6.456773
6.7124457,-28.597628,6.7429957,6.4191537
6.9553494,-29.567476,6.7263317,6.382332
7.1981106,-30.537361,6.7531457,6.409146
7.440778,-31.507269,6.7799597,6.43596
7.683399,-32.47719,6.8067737,6.4627733
7.926023,-33.44711,6.8335876,6.4895873
8.168697,-34.417015,6.8602967,6.5163026
8.41147,-35.386894,6.880107,6.536513
8.654392,-36.35674,6.899917,6.5567236
8.897512,-37.326534,6.9197273,6.576934
9.14088,-38.29627,6.9395375,6.5971446
9.384543,-39.265926,6.958951,6.6169615
9.628554,-40.235497,6.9561496,6.6147604
9.872962,-41.204967,6.953348,6.6125593
10.117816,-42.174328,6.9505467,6.610358
10.363166,-43.14356,6.9477453,6.6081567
10.609061,-44.112656,6.944944,6.60596
10.855551,-45.081596,6.9421425,6.603959
11.102684,-46.050377,6.939341,6.601958
11.350506,-47.018982,6.9365396,6.599957
11.599065,-47.987396,6.9337387,6.597956
11.848408,-48.95561,6.9309416,6.5959554
12.098583,-49.923607,6.9283404,6.5939546
12.3496475,-50.891376,6.92574,6.5919538
12.601656,-51.8589,6.9231386,6.589953
12.854665,-52.82616,6.9205375,6.587952
13.108732,-53.793144,6.9179316,6.5859513
13.363899,-54.759842,6.9151306,6.5839505
13.62015,-55.72625,6.91233,6.58195
13.877454,-56.69238,6.909529,6.5799494
14.135785,-57.65823,6.9067283,6.577949
14.395113,-58.623817,6.903928,6.575948
14.655407,-59.589146,6.9011273,6.573948
14.916622,-60.554222,6.898327,6.5719476
15.178713,-61.519066,6.8955264,6.5699472
15.441632,-62.48368,6.892726,6.567947
15.705334,-63.448082,6.8899307,6.5659466
15.969771,-64.41228,6.8873305,6.5639467
16.234905,-65.37629,6.8847303,6.5619464
16.50069,-66.34012,6.88213,6.5599465
16.767086,-67.30378,6.87953,6.557946
17.034052,-68.26728,6.8769245,6.5559464
17.301544,-69.230644,6.8741245,6.553946
17.569523,-70.19386,6.871325,6.551946
17.837942,-71.15696,6.868525,6.5499463
18.106762,-72.11995,6.865725,6.5479465
18.375938,-73.08284,6.862925,6.545941
18.645428,-74.04564,6.860125,6.543741
18.91519,-75.00836,6.8573256,6.5415416
19.185179,-75.97102,6.8545256,6.5393414
19.455357,-76.93363,6.8517256,6.537142
19.725677,-77.896194,6.848926,6.534947
19.996101,-78.858734,6.846126,6.532947
20.266584,-79.82126,6.843326,6.530947
20.537086,-80.783775,6.840526,6.5289474
20.80756,-81.7463,6.8377266,6.5269475
21.077969,-82.70884,6.834932,6.5249476
21.348265,-83.67142,6.8323317,6.522948
21.61841,-84.63403,6.829732,6.5209475
21.88836,-85.5967,6.8271317,6.5189476
22.158072,-86.55944,6.824532,6.5169477
22.427505,-87.522255,6.8219266,6.5149474
22.696627,-88.48516,6.8191266,6.5129476
22.965435,-89.44815,6.816326,6.510947
23.233936,-90.411224,6.8135257,6.508947
23.502138,-91.37439,6.8107257,6.506947
23.770046,-92.33763,6.807925,6.5049467
24.037668,-93.30095,6.8051248,6.5029464
24.305012,-94.26435,6.8023243,6.500946
24.57208,-95.22782,6.799524,6.4989457
24.838882,-96.19137,6.7967234,6.4969454
25.105423,-97.15499,6.7939286,6.494945
25.37171,-98.11868,6.791328,6.4929447
25.637749,-99.08244,6.7887273,6.490944
25.903545,-100.04627,6.7861266,6.4889436
26.169107,-101.01016,6.783526,6.4869432
26.434443,-101.97411,6.7809196,6.4849424
26.699556,-102.938126,6.7781186,6.482942
26.964453,-103.9022,6.775318,6.4809413
27.229143,-104.86633,6.772517,6.478941
27.49363,-105.83052,6.7697163,6.47694
27.757921,-106.79476,6.7669153,6.4749336
28.022022,-107.759056,6.7641144,6.472733
28.285942,-108.7234,6.7613134,6.470532
28.549686,-109.68778,6.7585125,6.4683313
28.813261,-110.65222,6.7557116,6.4661307
29.076672,-111.6167,6.7529173,6.4639363
29.339926,-112.58122,6.750316,6.4619355
29.603031,-113.54579,6.7477155,6.4599347
29.865992,-114.51039,6.7451143,6.457934
30.128817,-115.47504,6.742513,6.4559336
30.39151,-116.43971,6.739906,6.453933
30.654081,-117.40443,6.7371044,6.451932
30.916533,-118.36916,6.7343035,6.449931
31.178875,-119.33394,6.7315025,6.4479303
31.441113,-120.29874,6.7287016,6.4459295
31.703253,-121.263565,6.7259,6.4439287
31.965303,-122.22842,6.723099,6.441928
32.22727,-123.19329,6.7202983,6.439927
32.489155,-124.15819,6.717497,6.4379263
32.75097,-125.12311,6.714696,6.4359255
33.01272,-126.088036,6.711895,6.4339247
33.27441,-127.052986,6.7090936,6.4319243
33.53605,-128.01794,6.7062926,6.4299235
33.79764,-128.98293,6.7034917,6.4279227
34.0592,-129.9479,6.7006907,6.425922
34.32072,-130.9129,6.6978974,6.423921
34.58222,-131.87791,6.6952963,6.4219203
34.843697,-132.84291,6.6926956,6.4199195
35.105164,-133.80792,6.6900945,6.4179187
35.366623,-134.77293,6.687494,6.4159184
35.628082,-135.73795,6.6848845,6.4139175
35.88955,-136.70296,6.6820836,6.4119167
36.151028,-137.66797,6.6792827,6.409916
36.41253,-138.63297,6.6764817,6.4079156
36.674057,-139.59796,6.673681,6.405915
36.935616,-140.56294,6.67088,6.4039054
37.197216,-141.52792,6.668079,6.401705
37.458862,-142.49287,6.665278,6.399504
37.72056,-143.45782,6.662477,6.3973036
37.98232,-144.42276,6.6596766,6.395103
38.24414,-145.38766,6.656884,6.392911
38.506035,-146.35257,6.6542835,6.3909106
38.76801,-147.31744,6.6516833,6.3889103
39.030067,-148.28229,6.6490827,6.3869095
39.29222,-149.24712,6.646482,6.384909
39.554474,-150.21191,6.6438723,6.382909
39.816833,-151.17668,6.6410713,6.380908
40.0793,-152.14142,6.638271,6.3789077
40.341873,-153.10612,6.6354704,6.3769073
40.604553,-154.0708,6.63267,6.374907
40.867332,-155.03546,6.6298695,6.3729067
41.13022,-156.00008,6.627069,6.3709064
41.393204,-156.96468,6.6242685,6.368906
41.656284,-157.92924,6.6214685,6.366906
41.91946,-158.8938,6.618668,6.364906
42.18273,-159.85832,6.6158676,6.3629055
42.44609,-160.82281,6.613067,6.360905
42.709534,-161.78728,6.610267,6.358905
42.97307,-162.75172,6.6074667,6.356905
43.23668,-163.71616,6.6046667,6.3549047
43.500374,-164.68056,6.601876,6.3529043
43.76415,-165.64494,6.5992756,6.3509045
44.027996,-166.6093,6.5966754,6.348904
44.29192,-167.57364,6.594075,6.3469043
44.555912,-168.53796,6.591475,6.344904
44.819973,-169.50227,6.5888653,6.3429036
45.084103,-170.46655,6.5860653,6.3409038
45.348297,-171.43082,6.583265,6.3389034
45.612553,-172.39507,6.580465,6.3369036
45.876865,-173.3593,6.577665,6.3349032
46.14124,-174.32352,6.5748644,6.3328934
46.405666,-175.28772,6.5720644,6.3306932
46.670147,-176.2519,6.569264,6.328493
46.934677,-177.2161,6.566464,6.326293
47.199253,-178.18025,6.563664,6.324093
47.463875,-179.1444,6.5608735,6.3219028
47.728542,-180.10854,6.5582733,6.3199024
47.99325,-181.07266,6.555673,6.317902
48.257996,-182.03677,6.553073,6.315902
48.52278,-183.00089,6.5504723,6.313902
48.787598,-183.96498,6.5478625,6.3119016
49.052444,-184.92906,6.545062,6.3099017
49.31732,-185.89314,6.5422616,6.3079014
49.58223,-186.85722,6.5394616,6.305901
49.847157,-187.82129,6.536661,6.3039007
50.11211,-188.78534,6.5338607,6.3019004
50.377083,-189.74939,6.53106,6.2999
50.64207,-190.71344,6.5282598,6.2978997
50.907074,-191.67749,6.5254593,6.2958994
51.172092,-192.64153,6.522659,6.293899
51.437122,-193.60558,6.5198684,6.2918987
51.70216,-194.56961,6.517268,6.2898984
51.9672,-195.53363,6.5146675,6.287898
52.23225,-196.49767,6.512067,6.2858977
52.4973,-197.4617,6.509466,6.283897
52.762344,-198.42574,6.5068555,6.2818966
53.02739,-199.38977,6.5040545,6.2798963
53.292427,-200.3538,6.5012536,6.2778955
53.55746,-201.31784,6.4984527,6.2758946
53.82248,-202.28188,6.4956517,6.2738943
54.08749,-203.24593,6.492851,6.2718935
54.35248,-204.20998,6.49005,6.2698927
54.61746,-205.17403,6.487249,6.267892
54.882416,-206.13808,6.4844475,6.265891
55.14735,-207.10214,6.4816465,6.2638903
55.412262,-208.06622,6.4788456,6.2618785
55.677143,-209.03029,6.476044,6.2596774
55.941998,-209.99438,6.4732428,6.2574763
56.20682,-210.95848,6.4704413,6.2552752
56.471615,-211.92258,6.46764,6.253074
56.73637,-212.88669,6.46485,6.2508845
57.001087,-213.85081,6.4622483,6.2488832
57.265762,-214.81494,6.4596467,6.246882
57.5304,-215.7791,6.457045,6.2448807
57.794983,-216.74326,6.4544435,6.2428794
58.05952,-217.70743,6.4518294,6.240878
58.324005,-218.67162,6.4490275,6.238877
58.58843,-219.63582,6.4462256,6.2368755
58.852783,-220.60004,6.4434233,6.234874
59.11706,-221.56429,6.4406214,6.2328725
59.38126,-222.52855,6.4378195,6.2308707
59.645363,-223.49284,6.435017,6.2288694
59.909374,-224.45715,6.432215,6.226868
60.17328,-225.42151,6.4294133,6.2248664
60.437073,-226.38588,6.426611,6.222865
60.70075,-227.3503,6.423823,6.220864
60.964302,-228.31473,6.4212213,6.2188625
61.227722,-229.2792,6.4186196,6.2168612
61.491,-230.24373,6.416018,6.21486
61.75414,-231.20828,6.4134164,6.2128587
62.017124,-232.17288,6.4108005,6.2108574
62.279953,-233.13753,6.407999,6.2088566
62.542614,-234.1022,6.405198,6.206856
62.8051,-235.06694,6.4023967,6.204855
63.0674,-236.03172,6.3995957,6.202854
63.329514,-236.99655,6.396795,6.2008533
63.591423,-237.96144,6.3939943,6.198853
63.853134,-238.92639,6.3911943,6.196853
64.11464,-239.89139,6.388394,6.194853
64.375946,-240.85645,6.3855934,6.1928525
64.63705,-241.82155,6.382808,6.1908526
64.897934,-242.78673,6.380209,6.1888533
65.158585,-243.75195,6.37761,6.186854
65.41897,-244.71725,6.375011,6.1848545
65.67907,-245.68263,6.3724117,6.182855
65.93884,-246.6481,6.369798,6.1808414
66.198296,-247.61365,6.367001,6.1786437
66.4575,-248.57927,6.3642035,6.1764455
66.71653,-249.54494,6.361406,6.1742473
66.97549,-250.51064,6.3586082,6.1720495
67.23445,-251.47632,6.3558106,6.1698647
67.493546,-252.44196,6.353014,6.167867
67.75301,-253.40752,6.3502173,6.1658697
68.01311,-254.3729,6.3474207,6.163872
68.27411,-255.33803,6.344624,6.1618743
68.53627,-256.30286,6.3418274,6.159877
68.79984,-257.26727,6.33903,6.1578784
69.06507,-258.23126,6.336232,6.15588
69.33218,-259.19473,6.3334346,6.1538815
69.601395,-260.1576,6.330637,6.1518836
69.872955,-261.1198,6.327851,6.149885
70.14709,-262.08133,6.3252506,6.1478853
70.42403,-263.042,6.322651,6.1458855
70.70402,-264.0018,6.3200507,6.143885
70.98729,-264.96063,6.317451,6.1418853
71.274086,-265.91843,6.3114905,6.137121
71.564644,-266.87506,6.250224,6.086867
71.85919,-267.8305,6.188958,6.0366125
72.15797,-268.7846,6.1276917,5.986358
72.46121,-269.73734,6.0664253,5.936104
72.76914,-270.68854,6.0039115,5.884804
73.082,-271.63812,5.922741,5.817863
73.40002,-272.586,5.841571,5.7509227
73.72342,-273.53204,5.7604003,5.683982
74.05244,-274.47617,5.6792297,5.617041
74.38728,-275.41824,5.598042,5.550113
74.728195,-276.35812,5.516635,5.483343
75.0754,-277.2957,5.4352274,5.4165735
75.4291,-278.23083,5.3538203,5.3498034
75.78953,-279.16342,5.2724133,5.2830334
76.1569,-280.0933,5.1992235,5.21066
76.53161,-281.0202,5.213467,5.078658
76.91463,-281.94373,5.2277102,4.9466553
77.307,-282.8633,5.241954,4.814654
77.70978,-283.7784,5.2561965,4.6826596
78.12399,-284.68835,5.261041,4.569644
78.550674,-285.59253,5.1821766,4.6255736
78.990944,-286.49017,5.103314,4.681502
79.44591,-287.38046,5.0244417,4.737437
79.91666,-288.26248,4.9455543,4.7933826
80.40424,-289.1353,4.8754425,4.8432937
80.90867,-289.99854,4.8635664,4.8531566
81.42714,-290.8534,4.851692,4.8630185
81.95647,-291.70157,4.8398204,4.872878
82.49354,-292.54486,4.82795,4.882736
83.0353,-293.38516,4.8200994,4.888997
83.57923,-294.22406,4.83308,4.876616
84.124054,-295.06238,4.846062,4.864233
84.66867,-295.90085,4.8590455,4.8518486
85.21198,-296.74014,4.87203,4.839464
85.75291,-297.58096,4.8837695,4.8314624
86.29104,-298.4236,4.888731,4.847339
86.82775,-299.26712,4.893692,4.8632145
87.36471,-300.1105,4.898653,4.87909
87.90356,-300.9527,4.903614,4.8949647
88.445946,-301.79257,4.908069,4.9127517
88.993416,-302.62918,4.908665,4.9451313
89.547195,-303.4616,4.9092607,4.977511
90.10845,-304.289,4.909857,5.0098915
90.67834,-305.11047,4.910453,5.042271
91.25797,-305.9251,4.9159856,5.073716
91.848434,-306.7319,4.9769235,5.094695
92.45076,-307.5299,5.037859,5.1156726
93.06595,-308.31802,5.098797,5.1366515
93.69498,-309.09515,5.1597376,5.157631
94.33874,-309.86008,5.222776,5.1782193
94.99792,-310.6118,5.3110394,5.194103
95.6726,-311.3496,5.399296,5.209985
96.36271,-312.07303,5.487549,5.2258663
97.0682,-312.78143,5.575801,5.241748
97.78899,-313.4743,5.668996,5.256623
98.52499,-314.15094,5.8054523,5.2626967
99.27615,-314.81073,5.94191,5.2687707
100.04242,-315.45294,6.078368,5.274844
100.823685,-316.07678,6.214824,5.280918
101.619835,-316.68152,6.3333507,5.308683
102.43073,-317.26633,6.360004,5.4476457
103.25625,-317.83032,6.3866568,5.5866065
104.09623,-318.37253,6.413311,5.7255745
104.95047,-318.89197,6.439967,5.864553
105.81872,-319.38763,6.4573236,6.009954
106.70046,-319.8589,6.446553,6.1747575
107.59477,-320.30582,6.4357843,6.3395486
108.50072,-320.7287,6.4250154,6.5043306
109.417404,-321.12775,6.4142466,6.669115
110.34399,-321.50327,6.424148,6.791169
111.27957,-321.85574,6.4765673,6.825312
112.22316,-322.18622,6.528988,6.8594556
113.17383,-322.49573,6.5814066,6.893598
114.13072,-322.78546,6.633825,6.92774
115.09308,-323.05646,6.6926827,6.951513
116.06021,-323.3099,6.7636013,6.9558587
117.03149,-323.547,6.8345227,6.9602046
118.00635,-323.7689,6.9054427,6.964551
118.98428,-323.97684,6.9763618,6.968897
119.964836,-324.17206,7.041933,6.9707184
120.9477,-324.35532,7.09415,6.966237
121.93272,-324.52658,7.1463695,6.9617558
122.91976,-324.68576,7.1985874,6.9572744
123.9087,-324.83273,7.2508006,6.952793
124.89938,-324.96744,7.292149,6.951911
125.89175,-325.08914,7.27356,6.9708915
126.88585,-325.19565,7.25497,6.9898725
127.88168,-325.2845,7.2363787,7.008856
128.8791,-325.35312,7.217785,7.0278406
129.87784,-325.3991,7.1999474,7.042637
130.8774,-325.41983,7.1987367,6.965139
131.87714,-325.41248,7.197526,6.887651
132.87616,-325.3741,7.1963153,6.81017
133.87329,-325.3018,7.195105,6.7327147
134.86707,-325.1927,7.1896715,6.653001
135.85568,-325.0439,7.139544,6.5487766
136.83679,-324.85184,7.0894203,6.4445615
137.80745,-324.61267,7.039258,6.3402653
138.76413,-324.32257,6.9890437,6.2358623
139.70255,-323.97806,6.917304,6.1539845
140.619,-323.57877,6.796042,6.1241937
141.51201,-323.1294,6.674898,6.094432
142.38083,-322.63486,6.5538573,6.064695
143.2252,-322.0996,6.432833,6.0349627
144.04527,-321.5278,6.3454022,6.036834
144.84177,-320.92355,6.2877016,6.066693
145.6162,-320.2913,6.2299814,6.096562
146.37051,-319.63513,6.172264,6.1264296
147.10701,-318.959,6.1145477,6.1562967
147.82817,-318.26654,6.093706,6.169
148.53627,-317.56073,6.100156,6.169
149.23332,-316.844,6.1066065,6.169
149.9215,-316.1187,6.1130567,6.169
150.60298,-315.38715,6.119507,6.169
151.28004,-314.6515,6.1260414,6.1690893
151.9543,-313.91327,6.132676,6.169285
152.62654,-313.1732,6.139312,6.16948
153.29758,-312.43204,6.145947,6.169675
153.9682,-311.6905,6.1525826,6.16987
154.63919,-310.9493,6.1592464,6.17
155.311,-310.20886,6.1659675,6.17
155.9836,-309.4691,6.172688,6.17
156.65681,-308.72992,6.1794086,6.17
157.33058,-307.99124,6.186129,6.17
158.00478,-307.25296,6.192868,6.170055
158.67935,-306.515,6.199657,6.1702547
159.35442,-305.77753,6.206446,6.1704545
160.03008,-305.04056,6.213235,6.170654
160.70642,-304.30423,6.2200236,6.1708536
161.38356,-303.56866,6.2267714,6.171
162.0616,-302.8339,6.2334065,6.171
162.74059,-302.1,6.2400413,6.171
163.42055,-301.36703,6.2466764,6.171
164.10156,-300.63504,6.253311,6.171
164.78366,-299.90405,6.260012,6.171059
165.4669,-299.1741,6.266873,6.171261
166.15135,-298.4453,6.2737336,6.1714625
166.83704,-297.71768,6.2805943,6.1716647
167.52402,-296.99127,6.287455,6.1718664
168.21237,-296.26617,6.287776,6.174112
168.90213,-295.54242,6.2752624,6.180369
169.5934,-294.82007,6.2627487,6.1866255
170.28622,-294.09924,6.250235,6.1928825
170.98068,-293.37997,6.2377214,6.199139
171.67685,-292.66238,6.220369,6.206775
172.37477,-291.94647,6.1952205,6.216634
173.07437,-291.2322,6.1700716,6.226492
173.77565,-290.51962,6.144923,6.23635
174.47856,-289.8086,6.119775,6.246208
175.18307,-289.09918,6.096994,6.2584376
175.88954,-288.39172,6.0775857,6.2740445
176.59879,-287.68704,6.058177,6.289652
177.31166,-286.98602,6.038768,6.3052588
178.02902,-286.2896,6.0193596,6.3208656
178.75165,-285.59866,6.0226,6.3596983
179.48044,-284.9142,6.057806,6.43131
180.21634,-284.23743,6.093012,6.5029216
180.96027,-283.56946,6.128218,6.5745344
181.7131,-282.91156,6.1634235,6.6461453
182.47568,-282.26498,6.1987696,6.7179565
183.24881,-281.63104,6.2343163,6.790054
184.0333,-281.01123,6.2698627,6.86215
184.82988,-280.40707,6.30541,6.934249
185.63922,-279.8201,6.340956,7.0063457
186.46191,-279.25198,6.3764057,7.0326447
187.29822,-278.70413,6.4117317,6.9997272
188.14815,-278.17767,6.4470563,6.966811
189.01167,-277.6738,6.4823837,6.9338923
189.88869,-277.1938,6.517716,6.900969
190.77896,-276.73886,6.551817,6.8675504
191.68182,-276.30948,6.5844345,6.833541
192.59616,-275.9051,6.617048,6.7995353
193.52092,-275.5251,6.6496572,6.7655344
194.45506,-275.16882,6.6822643,6.7315354
195.3977,-274.83566,6.701421,6.6972766
196.34804,-274.52515,6.7024097,6.662665
197.30539,-274.23694,6.7033987,6.6280503
198.2691,-273.97083,6.7043877,6.593434
199.23859,-273.72656,6.7053766,6.558816
200.21324,-273.50378,6.6810637,6.5305266
201.19252,-273.30234,6.613638,6.513024
202.1759,-273.122,6.5462136,6.4955215
203.1629,-272.9626,6.4787955,6.4780207
204.15303,-272.82388,6.411387,6.460522
205.14581,-272.70575,6.3025455,6.453426
206.14093,-272.60934,6.1137676,6.466389
207.13817,-272.53806,5.9249654,6.4793544
208.13702,-272.4954,5.7361493,6.49232
209.13672,-272.48495,5.547386,6.5052824
210.13615,-272.51016,5.4308414,6.4958663
211.13385,-272.57413,5.420559,6.4535027
212.128,-272.6796,5.410276,6.4111376
213.11644,-272.82938,5.399986,6.3687415
214.09654,-273.0264,5.389685,6.3263025
215.06529,-273.27322,5.4273953,6.2699175
216.02068,-273.5676,5.5050983,6.2019534
216.9624,-273.90323,5.582729,6.134052
217.89093,-274.27383,5.660286,6.0662146
218.80737,-274.67346,5.73782,5.998398
219.71324,-275.09653,5.77883,5.9740686
220.60971,-275.53912,5.7965713,5.9774575
221.49773,-275.99847,5.8143234,5.9808483
222.37834,-276.4719,5.832079,5.98424
223.25276,-276.95663,5.8498354,5.9876313
224.12227,-277.45016,5.867605,5.991026
224.98761,-277.95096,5.8853836,5.9944215
225.84909,-278.45834,5.9031606,5.997817
226.70708,-278.97165,5.920937,6.0012126
227.56189,-279.4902,5.938713,6.004608
228.4139,-280.01337,5.9566145,6.008005
229.2636,-280.54025,5.974602,6.0114026
230.11165,-281.0698,5.992591,6.0148005
230.9587,-281.60095,6.0105796,6.0181985
231.8054,-282.13263,6.0285683,6.0215964
232.65242,-282.66385,6.046439,6.025111
233.50029,-283.19366,6.064228,6.028709
234.34949,-283.72137,6.0820165,6.0323067
235.20044,-284.24625,6.0998054,6.0359044
236.0536,-284.76752,6.1175942,6.039502
236.90938,-285.28445,6.135497,6.0429826
237.76794,-285.7968,6.153481,6.0463796
238.62921,-286.30453,6.171465,6.0497766
239.49315,-286.80777,6.1894484,6.0531735
240.35968,-287.3065,6.207432,6.0565705
241.22874,-287.8008,6.225299,6.059967
242.10033,-288.29065,6.243081,6.0633636
242.97441,-288.77603,6.2608633,6.0667605
243.85101,-289.25684,6.2786455,6.070157
244.73012,-289.73303,6.296428,6.0735536
245.61172,-290.2046,6.308819,6.0738525
246.49585,-290.67145,6.3172116,6.071854
247.38243,-291.13358,6.3256044,6.069856
248.27148,-291.59097,6.3339972,6.0678577
249.16296,-292.04358,6.34239,6.06586
250.05688,-292.49136,6.348278,6.0622663
250.9532,-292.93433,6.352276,6.057469
251.85193,-293.3724,6.3562737,6.052672
252.75302,-293.80557,6.3602715,6.0478745
253.65648,-294.2338,6.3642693,6.043077
254.56229,-294.65704,6.368268,6.0382786
255.47041,-295.07526,6.3722672,6.033479
256.38086,-295.4884,6.376267,6.02868
257.2936,-295.89645,6.380266,6.0238805
258.20862,-296.29938,6.384266,6.019081
259.12592,-296.6971,6.3882666,6.014167
260.0454,-297.08966,6.3922677,6.0091653
260.96716,-297.47696,6.3962693,6.0041633
261.89108,-297.859,6.400271,5.9991612
262.81723,-298.23572,6.4042726,5.994159
263.74548,-298.60706,6.4112334,5.9913173
264.6759,-298.97302,6.4204416,5.990116
265.60846,-299.33353,6.4296503,5.988915
266.5431,-299.6886,6.4388585,5.9877143
267.4798,-300.03815,6.448067,5.986513
268.41858,-300.3821,6.4609504,5.9876065
269.35934,-300.72052,6.4765725,5.9904103
270.30215,-301.0533,6.4921947,5.9932146
271.24695,-301.3804,6.5078173,5.9960184
272.19366,-301.7018,6.5234394,5.9988227
273.14233,-302.0175,6.5389495,6.001627
274.0929,-302.32733,6.5543776,6.004432
275.04535,-302.63138,6.569806,6.0072374
275.99966,-302.92957,6.5852346,6.0100427
276.95578,-303.22183,6.600663,6.012848
277.91373,-303.50818,6.5948358,6.044234
278.8734,-303.7885,6.5741925,6.0955415
279.83484,-304.06284,6.5535493,6.1468487
280.79797,-304.33112,6.5329056,6.1981564
281.76282,-304.59326,6.5122623,6.249464
282.72928,-304.84927,6.488734,6.304499
283.69736,-305.0991,6.4632797,6.3620214
284.66702,-305.3427,6.4378257,6.4195437
285.63824,-305.58008,6.4123716,6.477066
286.611,-305.81113,6.3869176,6.5345883
287.5852,-306.03583,6.3667264,6.576813
288.56088,-306.25415,6.349895,6.6092734
289.53796,-306.4661,6.3330636,6.641734
290.51642,-306.67154,6.3162327,6.6741943
291.49625,-306.8705,6.2994013,6.706655
292.47736,-307.06296,6.2952337,6.702372
293.45972,-307.24884,6.298838,6.675539
294.4433,-307.42813,6.3024426,6.6487064
295.4281,-307.60077,6.306047,6.6218734
296.41403,-307.76672,6.3096514,6.595041
297.40106,-307.926,6.3132534,6.568098
298.38916,-308.07852,6.3168545,6.54109
299.3783,-308.22427,6.3204556,6.5140815
300.36838,-308.36328,6.324057,6.4870734
301.3594,-308.4955,6.327658,6.4600654
302.3513,-308.62094,6.343047,6.429431
303.34406,-308.73956,6.365439,6.396643
304.3376,-308.85135,6.3878307,6.363855
305.33185,-308.9563,6.4102225,6.331067
306.32684,-309.05435,6.4326143,6.298279
307.32248,-309.1455,6.463128,6.2628717
308.31873,-309.22977,6.498504,6.225897
309.31552,-309.3071,6.53388,6.188922
310.31287,-309.3775,6.5692563,6.151947
311.31064,-309.4409,6.6046324,6.114972
312.30884,-309.4973,6.628942,6.085706
313.30743,-309.54672,6.64653,6.061123
314.30634,-309.58908,6.664118,6.0365396
315.3055,-309.6244,6.681706,6.011956
316.30493,-309.65262,6.699294,5.987373
317.3045,-309.67374,6.690415,5.980845
318.3042,-309.68774,6.6652255,5.985443
319.304,-309.6946,6.640036,5.9900413
320.30377,-309.69427,6.6148467,5.994639
321.30356,-309.68674,6.5896573,5.999237
322.30325,-309.672,6.5643373,6.003713
323.30283,-309.65002,6.538936,6.0081134
324.3022,-309.62076,6.513535,6.0125136
325.30133,-309.5842,6.4881344,6.016914
326.30017,-309.5403,6.4627333,6.021314
327.29865,-309.4891,6.447198,6.0260863
328.29672,-309.4305,6.4377923,6.0310893
329.29437,-309.36453,6.428386,6.0360928
330.29147,-309.2911,6.41898,6.0410957
331.288,-309.21027,6.409574,6.046099
332.28387,-309.12195,6.4053793,6.0511045
333.27908,-309.02612,6.404378,6.056111
334.27353,-308.92276,6.4033766,6.0611176
335.26715,-308.8119,6.402375,6.066124
336.25992,-308.69342,6.401374,6.0711308
337.25174,-308.56735,6.400498,6.0761395
338.24255,-308.43365,6.3996964,6.081149
339.23233,-308.29233,6.3988943,6.086159
340.22098,-308.1433,6.3980927,6.091169
341.2084,-307.9866,6.397291,6.096179
342.1946,-307.82217,6.3869176,6.1105075
343.17947,-307.65,6.371077,6.1301575
344.16293,-307.47006,6.355237,6.1498075
345.14496,-307.28232,6.339397,6.1694574
346.12546,-307.08676,6.3235564,6.189107
347.10434,-306.88336,6.300811,6.2156634
348.08157,-306.67212,6.274334,6.2459517
349.05707,-306.45297,6.247857,6.2762394
350.03073,-306.22595,6.2213798,6.3065276
351.00253,-305.99097,6.194903,6.3368154
351.97238,-305.74808,6.1684246,6.367238
352.94022,-305.4972,6.141946,6.397729
353.9059,-305.23834,6.115467,6.42822
354.86945,-304.9715,6.0889883,6.45871
355.83072,-304.69662,6.0625095,6.489201
356.78967,-304.41373,6.087885,6.4604883
357.74622,-304.1228,6.1378164,6.4037385
358.70026,-303.8238,6.187748,6.346989
359.65173,-303.5167,6.23768,6.2902393
360.60056,-303.2015,6.2876115,6.23349
361.54663,-302.87823,6.3384843,6.1756644
362.4899,-302.5468,6.3897758,6.11736
363.4303,-302.2073,6.4410677,6.059056
364.36774,-301.85968,6.492359,6.000752
365.30212,-301.50397,6.543651,5.9424477
366.23337,-301.1402,6.594909,5.8841815
367.16147,-300.76834,6.646153,5.8259315
368.08627,-300.38846,6.697397,5.7676816
369.00778,-300.00055,6.748641,5.7094316
369.92587,-299.6047,6.799885,5.6511817
370.84048,-299.20087,6.7963786,5.643593
371.75156,-298.78915,6.769967,5.657199
372.65906,-298.3695,6.743555,5.670805
373.56284,-297.94202,6.7171435,5.684411
374.4629,-297.50668,6.6907315,5.698017
375.3591,-297.0635,6.6368604,5.736817
376.25143,-296.61252,6.571624,5.7860446
377.13974,-296.15375,6.506387,5.8352723
378.02402,-295.6872,6.44115,5.8845
378.9041,-295.21283,6.375913,5.933728
379.77997,-294.73068,6.3106537,5.983115
380.65158,-294.24088,6.2453856,6.0325665
381.51895,-293.7436,6.180118,6.082018
382.38205,-293.23898,6.1148505,6.1314692
383.24094,-292.72717,6.0495825,6.1809206
384.0956,-292.20837,6.017682,6.2055974
384.94608,-291.68277,5.9990625,6.2204127
385.79242,-291.15048,5.980443,6.235228
386.63464,-290.61172,5.961824,6.2500434
387.47284,-290.06668,5.9432044,6.2648587
388.30698,-289.51553,5.9640985,6.2502556
389.1372,-288.95847,6.0003214,6.224239
389.96356,-288.39563,6.0365443,6.198222
390.78607,-287.82727,6.0727673,6.172206
391.6049,-287.25354,6.10899,6.1461897
392.42004,-286.67462,6.1452036,6.1203246
393.23154,-286.0906,6.1814137,6.094517
394.03937,-285.50153,6.217624,6.06871
394.8435,-284.9074,6.2538342,6.0429025
395.64392,-284.3083,6.2900443,6.0170956
396.44058,-283.7042,6.308414,5.998975
397.23343,-283.0951,6.3200183,5.9837694
398.02234,-282.48093,6.3316226,5.9685636
398.80728,-281.86166,6.343227,5.9533577
399.5881,-281.2372,6.354831,5.938152
400.36475,-280.60757,6.358,5.926724
401.1371,-279.9727,6.358,5.916715
401.90506,-279.33252,6.358,5.9067063
402.66858,-278.68707,6.358,5.896697
403.42758,-278.03625,6.358,5.886688
404.18192,-277.38007,6.3578534,5.8766737
404.93155,-276.7185,6.357653,5.8666573
405.67636,-276.0515,6.357453,5.856641
406.41623,-275.3791,6.3572526,5.8466244
407.1511,-274.70117,6.3570523,5.836608
407.88086,-274.01773,6.3578897,5.8390417
408.60538,-273.3288,6.3590927,5.845858
409.3246,-272.63428,6.3602953,5.8526745
410.03836,-271.93417,6.3614984,5.859491
410.7466,-271.2285,6.3627014,5.8663073
411.44922,-270.51718,6.3642063,5.8759913
412.14606,-269.80026,6.365811,5.886623
412.83707,-269.07767,6.367416,5.897254
413.52213,-268.34946,6.3690205,5.907885
414.2011,-267.61557,6.370625,5.9185166
414.8739,-266.876,6.372076,5.9289947
415.54044,-266.1308,6.3734803,5.9394255
416.2005,-265.37985,6.3748846,5.9498568
416.85403,-264.62323,6.376289,5.960288
417.5009,-263.86087,6.377693,5.9707193
418.14093,-263.09277,6.376434,5.983651
418.77417,-262.3191,6.3744287,5.997283
419.40067,-261.53992,6.372424,6.0109143
420.02048,-260.75543,6.3704195,6.0245457
420.6337,-259.96576,6.368415,6.0381775
421.2404,-259.17108,6.3616505,6.0557623
421.84067,-258.37152,6.3536434,6.0743794
422.4346,-257.56726,6.345636,6.0929966
423.02234,-256.75845,6.3376284,6.1116138
423.604,-255.94528,6.329621,6.1302314
424.17972,-255.12785,6.321624,6.148665
424.7496,-254.30637,6.3136296,6.1670523
425.31372,-253.48091,6.305635,6.1854396
425.87225,-252.65167,6.297641,6.203827
426.4253,-251.81874,6.289646,6.2222137
426.97293,-250.98228,6.284989,6.23646
427.51535,-250.1424,6.2811966,6.249633
428.05264,-249.29924,6.2774043,6.2628055
428.58493,-248.4529,6.2736125,6.275978
429.11234,-247.60353,6.26982,6.2891507
429.635,-246.75122,6.281973,6.2807465
430.15308,-245.8961,6.298527,6.2663865
430.66663,-245.03828,6.31508,6.252027
431.17584,-244.17786,6.3316336,6.237667
431.6808,-243.31496,6.348187,6.2233076
432.18167,-242.44966,6.3647437,6.2087917
432.67856,-241.58208,6.381302,6.1942286
433.17163,-240.7123,6.3978596,6.1796656
433.66098,-239.84044,6.4144177,6.1651025
434.14676,-238.96658,6.4309754,6.1505394
434.6291,-238.09082,6.4477043,6.136111
435.10812,-237.21326,6.464488,6.1217246
435.58398,-236.33395,6.4812717,6.107339
436.05676,-235.453,6.498055,6.0929527
436.5266,-234.57048,6.514838,6.078567
436.99362,-233.68645,6.5226164,6.079219
437.45752,-232.80077,6.527425,6.084829
437.9178,-231.91321,6.5322337,6.0904393
438.37402,-231.02356,6.537042,6.0960493
438.82568,-230.1316,6.541851,6.1016593
439.27237,-229.23714,6.545599,6.1091156
439.71356,-228.33994,6.5490146,6.1171517
440.14886,-227.43988,6.5524297,6.125188
440.57782,-226.53676,6.5558453,6.1332235
440.99997,-225.63045,6.5592604,6.141259
441.41483,-224.7208,6.5628366,6.1493034
441.8219,-223.8076,6.5664573,6.1573496
442.22052,-222.89072,6.5700784,6.165396
442.6101,-221.96994,6.573699,6.173443
442.99008,-221.04515,6.57732,6.181489
443.35983,-220.11624,6.5548334,6.1799
443.7192,-219.18327,6.5263124,6.176084
444.0683,-218.24638,6.4977913,6.172268
444.40704,-217.30573,6.46927,6.168452
444.73557,-216.36143,6.440748,6.164635
445.05392,-215.41368,6.403485,6.157497
445.36276,-214.46277,6.3644753,6.149695
445.663,-213.50912,6.325466,6.1418934
445.95554,-212.55307,6.2864575,6.1340914
446.24124,-211.59496,6.247449,6.12629
446.521,-210.63509,6.2085443,6.118509
446.79565,-209.67375,6.169659,6.1107316
447.06595,-208.71118,6.1307735,6.102955
447.3326,-207.74759,6.091888,6.0951777
447.59647,-206.78323,6.0530024,6.0874004
447.85822,-205.8183,6.004161,6.049391
448.1186,-204.853,5.953133,6.0047417
448.37817,-203.88747,5.9021053,5.960092
448.6376,-202.92192,5.8510776,5.915443
448.89755,-201.9565,5.8000493,5.8707933
449.15857,-200.99136,5.7431736,5.8092403
449.42078,-200.02655,5.684864,5.743542
449.68417,-199.06207,5.6265545,5.677844
449.94867,-198.09789,5.568245,5.612146
450.21426,-197.134,5.5099354,5.5464478
450.48087,-196.17041,5.45171,5.480825
450.74854,-195.20709,5.393507,5.415221
451.0173,-194.2441,5.335304,5.349617
451.28723,-193.2814,5.2771,5.2840133
451.5583,-192.31906,5.218897,5.2184095
451.8306,-191.35706,5.1652637,5.1572104
452.10416,-190.3954,5.1128044,5.097142
452.37897,-189.4341,5.060345,5.0370746
452.6551,-188.47318,5.007886,4.977007
452.9325,-187.51263,4.9554267,4.9169393
453.2112,-186.55246,4.939543,4.8919983
453.49127,-185.59268,4.932731,4.8757715
453.7727,-184.6333,4.92592,4.859545
454.0555,-183.67433,4.919109,4.8433185
454.33978,-182.71579,4.9122977,4.8270917
454.6255,-181.75768,4.9054866,4.8108654
454.91266,-180.8,4.898676,4.794639
455.2013,-179.84277,4.891865,4.7784133
455.49142,-178.88599,4.885054,4.7621875
455.78305,-177.92966,4.878243,4.745961
456.07617,-176.97379,4.8714356,4.72958
456.37085,-176.01839,4.864629,4.713164
456.66714,-175.0635,4.857822,4.6967473
456.96515,-174.10915,4.8510156,4.680331
457.26492,-173.15533,4.8442087,4.663915
457.5665,-172.2021,4.8374085,4.6476793
457.86975,-171.24939,4.83061,4.6314826
458.17447,-170.29716,4.8238115,4.615286
458.4805,-169.34535,4.817013,4.599089
458.78766,-168.39389,4.810214,4.5828924
459.09567,-167.44272,4.803421,4.566709
459.40414,-166.49168,4.7966294,4.5505285
459.7125,-165.54062,4.7898374,4.5343475
460.02026,-164.58936,4.7830453,4.518167
460.32687,-163.63774,4.7762537,4.5019865
460.6318,-162.68556,4.769461,4.485641
460.93457,-161.7327,4.762668,4.469259
461.2346,-160.77898,4.7558756,4.452876
461.5314,-159.82423,4.7490826,4.436494
461.82443,-158.86835,4.74229,4.4201117
462.1132,-157.91115,4.735492,4.4038787
462.3973,-156.95258,4.7286935,4.387681
462.67645,-155.99252,4.7218943,4.3714833
462.95026,-155.03094,4.715095,4.3552856
463.2184,-154.06776,4.7082963,4.339088
463.48062,-153.10297,4.701493,4.32288
463.73715,-152.13663,4.6946883,4.3066697
463.9885,-151.16893,4.6878843,4.290459
464.23517,-150.20004,4.68108,4.2742496
464.47766,-149.23009,4.674276,4.2580395
464.71646,-148.25922,4.688611,4.2758145
464.952,-147.28755,4.7078247,4.3014326
465.18463,-146.3152,4.7270384,4.327051
465.4148,-145.34224,4.746252,4.3526697
465.6429,-144.3688,4.765466,4.378288
465.86932,-143.39499,4.8060727,4.4388537
466.0945,-142.42087,4.8515005,4.507296
466.31885,-141.44655,4.896929,4.5757384
466.54276,-140.47214,4.942357,4.644181
466.76666,-139.49774,4.987785,4.712623
466.99097,-138.52342,5.0332117,4.7809
467.21576,-137.54921,5.0786386,4.8491397
467.44104,-136.57512,5.124065,4.91738
467.66678,-135.60114,5.169492,4.9856195
467.89297,-134.62724,5.214918,5.0538597
468.11963,-133.65347,5.260344,5.1220984
468.3467,-132.6798,5.30577,5.190337
468.57422,-131.70622,5.351196,5.258576
468.8022,-130.73276,5.3966217,5.3268147
469.03058,-129.75938,5.442047,5.3950534
469.2594,-128.78612,5.487472,5.463291
469.48865,-127.81295,5.532897,5.531528
469.71832,-126.83989,5.578322,5.5997653
469.94843,-125.86692,5.623747,5.6680026
470.17892,-124.89405,5.6691713,5.73624
470.40985,-123.92128,5.71443,5.804476
470.64117,-122.9486,5.759653,5.872711
470.8729,-121.97602,5.804877,5.940947
471.10504,-121.00354,5.8501005,6.0091825
471.33755,-120.03114,5.8953238,6.077418
471.57047,-119.058846,5.9407125,6.145652
471.80374,-118.08664,5.986135,6.213886
472.0374,-117.114525,6.0315576,6.2821193
472.27148,-116.14251,6.07698,6.3503532
472.50592,-115.17057,6.122402,6.4185867
472.7407,-114.19873,6.149495,6.460159
472.97586,-113.226974,6.172906,6.4963756
473.2114,-112.25531,6.1963167,6.532593
473.44727,-111.28372,6.2197275,6.5688095
473.6835,-110.31223,6.2431383,6.6050262
473.92007,-109.34082,6.22979,6.5876083
474.157,-108.36949,6.2091813,6.559596
474.3943,-107.398254,6.1885724,6.531584
474.6319,-106.42709,6.1679635,6.503572
474.8698,-105.45601,6.1473546,6.4755597
475.1081,-104.485016,6.126579,6.4473805
475.34668,-103.5141,6.10577,6.4191694
475.5856,-102.54326,6.084962,6.390958
475.82483,-101.572495,6.0641537,6.3627467
476.06436,-100.60181,6.043345,6.334535
476.30423,-99.6312,6.022705,6.3064923
476.54437,-98.66067,6.0020976,6.278482
476.78485,-97.69021,5.9814897,6.2504716
477.0256,-96.719826,5.960882,6.222461
477.26663,-95.74951,5.9402742,6.194451
477.50797,-94.779274,5.919499,6.1662726
477.7496,-93.809105,5.898692,6.138063
477.9915,-92.839005,5.877885,6.1098537
478.23367,-91.86897,5.8570776,6.081644
478.4761,-90.89901,5.836271,6.0534344
478.71884,-89.929115,5.815633,6.025394
478.96182,-88.95928,5.7950263,5.997385
479.20505,-87.98952,5.77442,5.9693766
479.44855,-87.01982,5.7538133,5.9413676
479.69232,-86.050186,5.733207,5.913359
479.9363,-85.08061,5.7124324,5.8851824
480.18054,-84.1111,5.6916265,5.856974
480.42502,-83.14165,5.6708207,5.8287663
480.66974,-82.17226,5.6500144,5.800558
480.9147,-81.20292,5.6292086,5.7723503
481.15988,-80.23364,5.6085725,5.7443123
481.40527,-79.26442,5.5879674,5.7163053
481.6509,-78.29526,5.567362,5.6882977
481.89673,-77.32615,5.5467567,5.6602907
482.1428,-76.35709,5.5261517,5.6322837
482.38904,-75.38809,5.5053773,5.604108
482.63553,-74.41914,5.4845724,5.575901
482.88217,-73.45024,5.4637675,5.5476947
483.12903,-72.48139,5.442963,5.5194883
483.3761,-71.51259,5.4221582,5.491282
483.62332,-70.54384,5.4015236,5.4632454
483.87076,-69.575134,5.3809195,5.43524
484.11835,-68.606476,5.360315,5.407234
484.36612,-67.637856,5.3397107,5.379228
484.61407,-66.66929,5.3191066,5.3512225
484.86218,-65.70076,5.2983327,5.323047
485.11047,-64.73227,5.277529,5.294842
485.35892,-63.763824,5.256725,5.266637
485.6075,-62.79542,5.235921,5.2384315
485.85626,-61.827053,5.2151175,5.210226
486.10516,-60.858727,5.1944838,5.1821914
486.3542,-59.890434,5.17388,5.1541867
486.6034,-58.92218,5.153277,5.126182
486.8527,-57.95396,5.1326733,5.0981774
487.10214,-56.98577,5.11207,5.070173
487.3517,-56.01762,5.098446,5.053063
487.6014,-55.0495,5.086044,5.0378604
487.85123,-54.081406,5.0736423,5.022658
488.10117,-53.113346,5.06124,5.007456
488.35123,-52.145313,5.048838,4.9922533
488.60138,-51.17731,5.0424,4.986081
488.85162,-50.20933,5.036999,4.9814806
489.102,-49.241383,5.031598,4.97688
489.35245,-48.273453,5.0261974,4.9722795
489.603,-47.30555,5.020797,4.9676785
489.8536,-46.33767,5.015396,4.9629073
490.10434,-45.369812,5.009995,4.958107
490.35513,-44.401974,5.0045943,4.953306
490.606,-43.434155,4.9991937,4.9485054
490.85693,-42.466354,4.993793,4.943705
491.10794,-41.498573,4.9883924,4.939075
491.35904,-40.530807,4.9829917,4.9344745
491.61017,-39.563057,4.977591,4.929874
491.86136,-38.59532,4.9721904,4.925273
492.1126,-37.627598,4.9667897,4.9206724
492.3639,-36.65989,4.9613886,4.915901
492.61523,-35.692192,4.955988,4.9111004
492.8666,-34.724503,4.9505873,4.9063
493.118,-33.756824,4.9451866,4.9014993
493.36945,-32.789154,4.939786,4.8966985
493.6209,-31.82149,4.9343853,4.892069
493.8724,-30.853832,4.9289846,4.8874683
494.12393,-29.886179,4.923584,4.882868
494.37546,-28.918531,4.918183,4.8782673
494.62698,-27.950886,4.912782,4.8736663
494.87854,-26.983244,4.9073815,4.8690658
495.1301,-26.015602,4.901981,4.864465
495.38162,-25.04796,4.89658,4.8598647
495.63318,-24.080317,4.891179,4.8552637
495.88474,-23.11267,4.8857784,4.850663
496.13626,-22.145023,4.880378,4.8458915
496.38776,-21.17737,4.874977,4.8410907
496.63925,-20.209713,4.869576,4.83629
496.89072,-19.242048,4.8641753,4.831489
497.14215,-18.274376,4.858774,4.8266883
497.39355,-17.306696,4.8533735,4.822059
497.64493,-16.339006,4.8479724,4.817458
497.89627,-15.371307,4.8425717,4.8128576
498.14755,-14.403596,4.8371706,4.8082566
498.39877,-13.435873,4.83177,4.8036556
498.64996,-12.468136,4.826369,4.799055
498.9011,-11.500384,4.820968,4.794454
499.15216,-10.532617,4.815567,4.789853
499.40317,-9.564833,4.810166,4.7852526
499.6541,-8.597031,4.8047647,4.7806516
499.90497,-7.6292095,4.7993636,4.775879
500.15576,-6.6613693,4.7939625,4.771078
500.40646,-5.6935096,4.7885613,4.766277
500.6571,-4.7256308,4.78316,4.761476
500.90765,-3.757733,4.777759,4.756675
501.15817,-2.7898164,4.772358,4.7520456
501.40857,-1.8218806,4.766957,4.7474446
501.65894,-0.8539263,4.7615557,4.7428436
501.9092,0.1140464,4.7561545,4.7382426
502.1594,1.0820372,4.750753,4.7336416
502.40955,2.0500457,4.745352,4.7290406
502.6596,3.018072,4.7399507,4.724439
502.9096,3.9861155,4.734549,4.719838
503.15955,4.9541764,4.729148,4.715237
503.40942,5.922254,4.7237463,4.7106357
503.6592,6.890349,4.718345,4.705862
503.90897,7.85846,4.7129436,4.701061
504.15863,8.826588,4.707542,4.6962595
504.40826,9.794731,4.702141,4.691458
504.6578,10.762891,4.696739,4.686657
504.9073,11.731067,4.6913376,4.6820283
505.15674,12.699257,4.685936,4.6774273
505.4061,13.667463,4.680535,4.672826
505.6554,14.635685,4.675133,4.6682243
505.90466,15.603921,4.6697316,4.6636233
506.15387,16.572172,4.66433,4.659022
506.403,17.540436,4.6589284,4.6544204
506.6521,18.508717,4.653527,4.649819
506.90112,19.477009,4.648125,4.645218
507.15012,20.445316,4.6427236,4.6406164
507.39902,21.413637,4.637322,4.635842
507.6479,22.381971,4.6319203,4.63104
507.89673,23.350319,4.6265187,4.626239
508.1455,24.31868,4.621117,4.621437
508.39423,25.287052,4.615715,4.616636
508.64288,26.255438,4.6103134,4.6120076
508.8915,27.223835,4.604912,4.607406
509.1401,28.192245,4.59951,4.6028047
509.3886,29.160667,4.594108,4.598203
509.63712,30.1291,4.5887065,4.5936017
509.88556,31.097548,4.586783,4.5924783
510.13394,32.066,4.5853825,4.591878
510.3823,33.03447,4.583982,4.591278
510.6306,34.00295,4.5825815,4.5906777
510.87888,34.97144,4.581181,4.5900774
511.1271,35.939938,4.580303,4.590174
511.3753,36.908447,4.579503,4.5903745
511.62347,37.876965,4.5787024,4.5905743
511.87158,38.845497,4.5779023,4.5907745
512.1196,39.814034,4.577102,4.5909743
512.3677,40.78258,4.5763016,4.5911746
512.61566,41.75114,4.5755014,4.5913744
512.86365,42.719707,4.5747013,4.5915747
513.1116,43.688282,4.5739007,4.591775
513.3595,44.656864,4.5731006,4.5919747
513.60736,45.625458,4.5724754,4.592175
513.8552,46.59406,4.571875,4.592375
514.103,47.562664,4.5712748,4.592575
514.35077,48.53128,4.570675,4.5927753
514.5985,49.499905,4.5700746,4.592975
514.84625,50.468536,4.569299,4.5931754
515.09393,51.437172,4.5684986,4.593375
515.3416,52.40582,4.5676985,4.5935755
515.58923,53.37447,4.5668983,4.5937753
515.83685,54.343124,4.5660977,4.5939755
516.0844,55.31179,4.565473,4.594176
516.332,56.28046,4.564873,4.5943756
516.5795,57.249134,4.564273,4.594576
516.8271,58.217815,4.5636725,4.5947757
517.0746,59.186504,4.563072,4.594976
517.322,60.155193,4.5622964,4.5951757
517.5695,61.12389,4.561496,4.595376
517.81696,62.092594,4.5606956,4.5955763
518.06433,63.0613,4.5598955,4.595776
518.31177,64.03001,4.559095,4.5959764
518.55914,64.998726,4.558471,4.596176
518.8065,65.967445,4.557871,4.5963764
519.0539,66.936165,4.5572705,4.596576
519.3012,67.90489,4.5566707,4.5967765
519.5486,68.87362,4.5560703,4.5969768
519.7959,69.842354,4.5552936,4.5971766
520.0432,70.81109,4.5544934,4.597377
520.29047,71.77982,4.553693,4.5975766
520.5378,72.748566,4.5528927,4.597777
520.78503,73.71731,4.5520926,4.5979767
521.03235,74.68605,4.5514693,4.598
521.2796,75.6548,4.550869,4.598
521.52686,76.62355,4.5502687,4.598
521.7741,77.5923,4.5496683,4.598
522.02136,78.56105,4.5490685,4.598
522.26855,79.5298,4.5482907,4.5981774
522.5158,80.49855,4.5474906,4.598377
522.76306,81.46731,4.5466905,4.5985775
523.0103,82.43606,4.54589,4.5987773
523.2575,83.404816,4.5450897,4.5989776
523.50476,84.373566,4.544467,4.599178
523.752,85.34232,4.543867,4.5993776
523.99927,86.31107,4.543267,4.599578
524.24646,87.27982,4.5426664,4.5997777
524.4937,88.24858,4.5420666,4.599978
524.74097,89.21733,4.5412884,4.600178
524.9882,90.18608,4.5404882,4.600378
525.2355,91.15482,4.5396876,4.600578
525.4827,92.12357,4.5388875,4.600778
525.73004,93.092316,4.5380874,4.6009784
525.9773,94.06106,4.537287,4.601178
526.2246,95.0298,4.536487,4.6013784
526.47186,95.998535,4.5356865,4.601578
526.7192,96.96727,4.5348864,4.6017785
526.9665,97.936005,4.534086,4.6019783
527.21387,98.90473,4.5334644,4.6021786
527.4612,99.87346,4.5328646,4.6023784
527.70856,100.84218,4.532264,4.6025786
527.95593,101.8109,4.531664,4.6027784
528.2033,102.77961,4.531064,4.6029787
528.45074,103.74832,4.530285,4.603179
528.6982,104.717026,4.5294847,4.603379
528.9456,105.68573,4.5286846,4.603579
529.19305,106.65443,4.5278845,4.603779
529.44055,107.623116,4.5270844,4.603979
529.68805,108.591805,4.526463,4.604179
529.93555,109.56048,4.5258627,4.604379
530.1831,110.52916,4.525263,4.604579
530.43066,111.497826,4.5246625,4.6047792
530.6783,112.46649,4.524062,4.604979
530.9259,113.43514,4.523283,4.6051793
531.1735,114.40379,4.522483,4.605379
531.4212,115.37244,4.5216827,4.6055794
531.6689,116.34108,4.5208826,4.605779
531.91656,117.30971,4.5200825,4.6059794
532.16437,118.27833,4.5194616,4.606179
532.4121,119.24694,4.5188613,4.6063795
532.6599,120.21555,4.5182614,4.6065793
532.9078,121.18415,4.517661,4.6067796
533.15564,122.15274,4.517061,4.60698
533.40356,123.12132,4.5162816,4.6071796
533.6515,124.0899,4.5154815,4.60738
533.8995,125.058464,4.5146813,4.6075797
534.14746,126.02702,4.513881,4.60778
534.3955,126.99557,4.513081,4.60798
534.64355,127.96411,4.5124607,4.60818
534.89166,128.93265,4.5118604,4.60838
535.1398,129.90117,4.5112605,4.60858
535.38794,130.86969,4.51066,4.60878
535.63617,131.8382,4.5100603,4.6089797
535.8844,132.80669,4.50928,4.60918
536.1326,133.77518,4.50848,4.60938
536.3809,134.74367,4.50768,4.60958
536.6293,135.71214,4.50688,4.60978
536.8776,136.6806,4.5060797,4.60998
537.12604,137.64906,4.50546,4.61018
537.37445,138.61752,4.5048594,4.61038
537.62286,139.58595,4.5042596,4.61058
537.8714,140.5544,4.5036597,4.6107802
538.1199,141.52281,4.5030594,4.61098
538.36847,142.49124,4.5022793,4.6111803
538.617,143.45964,4.501479,4.61138
538.86566,144.42804,4.500679,4.6115804
539.11426,145.39644,4.499879,4.61178
539.363,146.36482,4.4990788,4.6119804
539.6117,147.3332,4.4982786,4.61218
539.8604,148.30156,4.4974785,4.6123805
540.1092,149.26993,4.496679,4.6125803
540.358,150.23828,4.4958787,4.6127806
540.6068,151.20662,4.4950786,4.6129804
540.8557,152.17496,4.4944587,4.61318
541.1046,153.14328,4.493859,4.6133804
541.3535,154.1116,4.4932585,4.61358
541.6025,155.07991,4.4926586,4.6137805
541.8515,156.04822,4.4920588,4.6139803
542.1005,157.01651,4.491278,4.6141806
542.34955,157.9848,4.490478,4.6143804
542.59863,158.95308,4.489678,4.6145806
542.8478,159.92136,4.488878,4.6147804
543.0969,160.88962,4.4880776,4.6149807
543.3461,161.85786,4.487458,4.615
543.59534,162.82611,4.4868584,4.615
543.84454,163.79436,4.486258,4.615
544.0938,164.76259,4.485658,4.615
544.34314,165.7308,4.4850583,4.615
544.59247,166.69902,4.4842772,4.6151805
544.84186,167.66724,4.4834776,4.615381
545.09125,168.63542,4.4826775,4.6155806
545.3407,169.60362,4.4818773,4.615781
545.59015,170.57181,4.481077,4.6159806
545.83966,171.53998,4.480458,4.616181
546.0892,172.50815,4.479858,4.6163807
546.33875,173.4763,4.4792576,4.616581
546.5883,174.44446,4.4786577,4.6167808
546.8379,175.4126,4.478058,4.6169806
547.0876,176.38074,4.477277,4.617181
547.3372,177.34886,4.4764767,4.6173806
547.587,178.31697,4.4756765,4.617581
547.8367,179.2851,4.4748764,4.6177807
548.0865,180.25319,4.4740763,4.617981
548.33624,181.22128,4.4734573,4.6181808
548.5861,182.18938,4.4728575,4.618381
548.83594,183.15746,4.472257,4.618581
549.0859,184.12553,4.4716573,4.618781
549.33575,185.0936,4.471057,4.618981
549.5857,186.06165,4.470276,4.619181
549.8357,187.0297,4.4694757,4.619381
550.0857,187.99774,4.468676,4.619581
550.33575,188.96577,4.467876,4.619781
550.5858,189.93379,4.467076,4.6199813
550.83594,190.90181,4.466457,4.620181
551.08606,191.86981,4.4658566,4.6203814
551.33624,192.83781,4.4652567,4.620581
551.5864,193.80582,4.4646564,4.620781
551.8367,194.7738,4.4640565,4.620981
552.0869,195.74178,4.463275,4.621181
552.3372,196.70975,4.462475,4.6213813
552.5875,197.6777,4.4616747,4.621581
552.8379,198.64566,4.4608746,4.6217813
553.08826,199.61362,4.4600744,4.621981
553.3386,200.58156,4.4641714,4.624902
553.58905,201.54948,4.4687724,4.6281023
553.83954,202.51741,4.473373,4.631303
554.09,203.48532,4.477974,4.6345034
554.3406,204.45323,4.4825745,4.637704
554.5911,205.42113,4.4909873,4.6432643
554.8417,206.38902,4.499789,4.6490655
555.09235,207.3569,4.5085907,4.6548667
555.34296,208.32478,4.517392,4.6606674
555.5936,209.29266,4.5261936,4.6664686
555.84436,210.26051,4.535177,4.672088
556.0951,211.22838,4.544179,4.677689
556.3458,212.19623,4.553181,4.6832905
556.5966,213.16406,4.562183,4.6888914
556.8475,214.1319,4.5711846,4.694493
557.09827,215.09972,4.5800047,4.700276
557.3492,216.06754,4.588807,4.706077
557.6001,217.03534,4.597609,4.711879
557.851,218.00314,4.606411,4.71768
558.102,218.97093,4.615213,4.723481
558.35297,219.93872,4.6240153,4.7291007
558.604,220.9065,4.6328177,4.734702
558.85504,221.87427,4.64162,4.7403035
559.10614,222.84204,4.650422,4.745905
559.35724,223.80978,4.6592245,4.7515063
559.6084,224.77754,4.6680274,4.757291
559.85956,225.74529,4.67683,4.7630925
560.1108,226.71301,4.685632,4.768894
560.362,227.68074,4.694435,4.774696
560.6133,228.64845,4.7032375,4.7804976
560.86456,229.61617,4.712223,4.7861166
561.1159,230.58386,4.721226,4.7917185
561.36725,231.55156,4.7302294,4.7973204
561.6186,232.51926,4.739232,4.8029222
561.87,233.48694,4.748235,4.808524
562.12146,234.4546,4.7570553,4.814309
562.37286,235.42227,4.7658587,4.8201113
562.6244,236.38992,4.774662,4.8259134
562.8759,237.35757,4.783465,4.8317156
563.12744,238.32523,4.7922683,4.8375177
563.379,239.29286,4.801072,4.843137
563.6306,240.26048,4.8098755,4.848739
563.88226,241.2281,4.8186793,4.8543415
564.1339,242.19572,4.8274827,4.8599434
564.3856,243.16333,4.8362865,4.8655457
564.6373,244.13092,4.8450904,4.871332
564.8891,245.09851,4.853894,4.877135
565.14087,246.0661,4.8626986,4.8829374
565.39264,247.03368,4.8715024,4.88874
565.6445,248.00125,4.8803062,4.8945427
565.89636,248.96881,4.8891106,4.9001613
566.14825,249.93637,4.8979154,4.905764
566.40015,250.90392,4.9067197,4.911367
566.6521,251.87144,4.915524,4.91697
566.90405,252.83899,4.9243283,4.9225726
567.15607,253.8065,4.933318,4.9283605
567.4081,254.77403,4.9423227,4.9341636
567.66016,255.74155,4.951328,4.9399667
567.91223,256.70905,4.960333,4.94577
568.1643,257.67654,4.9693375,4.951573
568.41644,258.64404,4.9781575,4.957191
568.6686,259.61154,4.9869623,4.9627943
568.9207,260.579,4.9957676,4.9683976
569.1729,261.54648,5.004573,4.974001
569.4251,262.51398,5.0133777,4.9796042
569.6773,263.48145,5.0221834,4.9853935
569.92957,264.4489,5.0309887,4.991197
570.18176,265.41635,5.039794,4.9970007
570.434,266.38382,5.0485992,5.002804
570.68634,267.3513,5.0574045,5.0086074
570.9386,268.31873,5.06621,5.0142245
571.1909,269.28616,5.0750155,5.019828
571.4432,270.25363,5.083821,5.0254316
571.6955,271.22107,5.0926266,5.031035
571.9478,272.1885,5.101432,5.0366383
572.20013,273.15594,5.110237,5.042429
572.45245,274.12338,5.119043,5.0482326
572.7048,275.09082,5.127848,5.0540366
572.95715,276.05826,5.136654,5.05984
573.2095,277.0257,5.145459,5.065644
573.4618,277.99313,5.154453,5.0712595
573.7142,278.96057,5.1634583,5.076863
573.9665,279.928,5.172464,5.082466
574.2188,280.89545,5.1814694,5.08807
574.4712,281.86288,5.190475,5.093673
574.7235,282.83032,5.1992917,5.099465
574.9758,283.79776,5.208097,5.1052685
575.22815,284.7652,5.2169023,5.111072
575.48047,285.73267,5.2257075,5.1168756
575.7327,286.7001,5.234513,5.1226788
575.98505,287.66754,5.2427506,5.128104
576.2373,288.635,5.2509556,5.1335073
576.4896,289.60245,5.25916,5.1389103
576.7419,290.56992,5.267365,5.1443133
576.9941,291.53738,5.2755694,5.1497164
577.24634,292.50485,5.277517,5.152844
577.49854,293.47232,5.2791176,5.1558456
577.75073,294.4398,5.2807183,5.1588473
578.0029,295.40726,5.2823195,5.161849
578.2551,296.37476,5.2839203,5.16485
578.50726,297.34222,5.2857113,5.1676617
578.75934,298.30972,5.287512,5.170463
579.0115,299.27722,5.289313,5.1732645
579.26355,300.24472,5.291114,5.176066
579.5156,301.21225,5.2929144,5.1788673
579.76764,302.17975,5.2945247,5.181859
580.01965,303.14728,5.2961254,5.18486
580.2716,304.1148,5.297726,5.1878614
580.52356,305.08234,5.299327,5.1908627
580.7755,306.0499,5.3009276,5.193864
581.02734,307.01746,5.302528,5.196865
581.27924,307.98502,5.3041286,5.1998663
581.53107,308.95258,5.3057294,5.202867
581.78284,309.92017,5.3073297,5.2058682
582.0346,310.88776,5.3089304,5.2088695
582.2863,311.85535,5.310722,5.21187
582.538,312.82297,5.3125224,5.214871
582.7897,313.79056,5.314323,5.2178717
583.04126,314.7582,5.3161235,5.2208724
583.29285,315.72583,5.317924,5.223873
583.5444,316.69348,5.319533,5.226874
583.7959,317.66113,5.321133,5.229874
584.0473,318.6288,5.3227334,5.232875
584.2987,319.5965,5.3243337,5.2358756
584.5501,320.56418,5.325934,5.238876
584.8014,321.5319,5.327726,5.2416844
585.0527,322.4996,5.329526,5.2444844
585.3039,323.46732,5.331326,5.247285
585.55505,324.43506,5.333126,5.250085
585.8062,325.40283,5.334926,5.2528853
586.05725,326.37057,5.3365345,5.255877
586.3083,327.33838,5.3381343,5.258877
586.55927,328.30615,5.339734,5.2618766
586.8102,329.27396,5.3413343,5.2648764
587.06104,330.2418,5.342934,5.267876
587.3118,331.20963,5.344534,5.270876
587.56256,332.1775,5.3461337,5.273875
587.81323,333.14536,5.3477335,5.276875
588.06384,334.11322,5.349333,5.2798743
588.31445,335.08112,5.3509326,5.282874
588.56494,336.04904,5.3527236,5.285873
588.81537,337.01697,5.354523,5.2888722
589.06573,337.98492,5.356323,5.291871
589.3161,338.95288,5.3581223,5.2948704
589.56635,339.92087,5.3599215,5.297869
589.8165,340.88885,5.36153,5.300868
590.06665,341.85687,5.3631287,5.303867
590.31665,342.8249,5.364728,5.306865
590.56665,343.79294,5.3663273,5.309864
590.8166,344.76102,5.3679266,5.3128624
591.0664,345.7291,5.369526,5.31567
591.31616,346.6972,5.3711247,5.3184686
591.56586,347.66534,5.372724,5.3212667
591.8155,348.63348,5.374323,5.324065
592.065,349.60162,5.3759217,5.3268633
592.31445,350.56982,5.377711,5.329851
592.56384,351.53802,5.3795094,5.332849
592.8132,352.50626,5.381308,5.3358464
593.0624,353.4745,5.3831067,5.3388443
593.3115,354.44275,5.3849053,5.341842
593.5606,355.41104,5.386514,5.344839
593.8096,356.37933,5.3881125,5.347836
594.0585,357.34766,5.389711,5.3508334
594.3073,358.316,5.3913097,5.3538303
594.556,359.2844,5.392908,5.3568277
594.8047,360.25278,5.3946943,5.359824
595.0532,361.2212,5.3964925,5.3628206
595.3017,362.18964,5.3982906,5.3658175
595.55005,363.1581,5.4000883,5.368814
595.79834,364.1266,5.4018865,5.3718104
596.0465,365.0951,5.4034967,5.3748064
596.2946,366.06363,5.4050946,5.3778024
596.5426,367.0322,5.4066925,5.3807983
596.7905,368.00076,5.4082904,5.3837943
597.0383,368.9694,5.4098883,5.3867903
597.28613,369.938,5.4114857,5.3896003
597.53375,370.90665,5.413083,5.3923955
597.7813,371.8753,5.414681,5.395191
598.0287,372.84402,5.4162784,5.397987
598.27594,373.81277,5.417876,5.4007826
598.523,374.7816,5.419657,5.402841
598.76996,375.75043,5.421454,5.4048376
599.01685,376.71924,5.4232507,5.406834
599.2638,377.68808,5.4250474,5.4088306
599.5109,378.65686,5.426844,5.410827
599.7582,379.6256,5.428276,5.4013376
600.0053,380.5944,5.4296737,5.390758
600.25195,381.5633,5.431071,5.380179
600.4977,382.5324,5.432468,5.3696
600.7422,383.5019,5.433865,5.3590207
600.98486,384.47177,5.435265,5.3484235
601.22485,385.44235,5.4366646,5.3378243
601.4609,386.4139,5.4380646,5.327225
601.6919,387.38666,5.4394646,5.316626
601.9166,388.36087,5.4408646,5.3060265
602.13403,389.33673,5.4449964,5.2977343
602.34296,390.31448,5.449421,5.289689
602.5424,391.29416,5.4538455,5.2816443
602.7313,392.27597,5.45827,5.2735996
602.9086,393.25992,5.462694,5.265556
603.0733,394.24606,5.5133157,5.2949634
603.22394,395.23444,5.567364,5.3271494
603.35925,396.22504,5.6214156,5.3593373
603.47784,397.21777,5.675471,5.3915277
603.57837,398.2125,5.7295284,5.423719
603.6597,399.20895,5.7718387,5.446931
603.72205,400.20682,5.8140416,5.4700613
603.7658,401.20566,5.856242,5.4931903
603.7914,402.2051,5.8984413,5.516319
603.79926,403.20486,5.9398055,5.5388207
603.7899,404.20462,5.9686413,5.5519276
603.76416,405.2041,5.997478,5.5650353
603.72284,406.20303,6.0263147,5.578143
603.6667,407.20126,6.055152,5.591251
603.5967,408.19858,6.0835423,5.610131
603.51355,409.19492,6.1080623,5.678907
603.4183,410.1902,6.132583,5.747684
603.3118,411.1843,6.157103,5.81646
603.19525,412.17728,6.181623,5.885235
603.0694,413.16913,6.206614,5.954948
602.935,414.15985,6.236534,6.0344725
602.79175,415.14932,6.266455,6.114
602.63916,416.13742,6.2963767,6.193528
602.47675,417.12393,6.3262978,6.273055
602.3041,418.10873,6.3562794,6.352551
602.1205,419.09152,6.3947797,6.42857
601.9247,420.07196,6.4332795,6.504587
601.7152,421.04956,6.4717803,6.5806074
601.49054,422.02377,6.5102825,6.6566296
601.2492,422.99402,6.548783,6.7326474
600.9899,423.9596,6.5833187,6.854807
600.7111,424.91974,6.6174912,6.9811654
600.4114,425.87354,6.6516633,7.107523
600.08936,426.82,6.685834,7.233875
599.7435,427.7581,6.7199984,7.360203
599.37274,428.68655,6.8250694,7.33265
598.97565,429.60406,6.939538,7.2846866
598.55084,430.50912,7.054021,7.2367167
598.09717,431.40002,7.168531,7.188735
597.6134,432.27493,7.2830596,7.140746
597.09875,433.13205,7.383114,7.100405
596.5544,433.97058,7.481922,7.06072
595.98175,434.79013,7.5807085,7.0210433
595.3824,435.5903,7.6794825,6.981372
594.75775,436.3709,7.7782636,6.9416976
594.1091,437.13168,7.801985,6.965361
593.4378,437.8726,7.824366,6.9901624
592.7452,438.59354,7.846749,7.014965
592.0324,439.29465,7.8691316,7.0397673
591.3007,439.97595,7.890255,7.063912
590.5512,440.6376,7.857858,7.0600886
589.78485,441.2797,7.8254595,7.0562654
589.00256,441.90225,7.7930617,7.052442
588.20526,442.50543,7.760664,7.048619
587.3937,443.08936,7.722386,7.0432777
586.5687,443.65417,7.580186,7.011116
585.73114,444.20007,7.437981,6.978953
584.88165,444.7273,7.295776,6.9467897
584.021,445.236,7.1535697,6.9146266
583.1498,445.72644,7.0143476,6.8794956
582.2687,446.19894,6.8993096,6.8203564
581.3784,446.6539,6.78427,6.761216
580.4796,447.0918,6.6692314,6.7020764
579.5729,447.5131,6.5541935,6.6429377
578.6589,447.91827,6.4448204,6.5782914
577.73816,448.3079,6.3626304,6.4872375
576.81116,448.68246,6.2804384,6.3961816
575.8785,449.04257,6.198247,6.3051267
574.94055,449.38876,6.1160555,6.2140713
573.99774,449.72165,6.039706,6.1274557
573.0506,450.0418,5.9855394,6.0576982
572.0995,450.34985,5.9313717,5.98794
571.14465,450.64633,5.877204,5.9181814
570.18646,450.93185,5.8230367,5.8484235
569.2253,451.20706,5.7896667,5.794224
568.26135,451.4725,5.836708,5.800178
567.295,451.7288,5.88375,5.806133
566.32635,451.9765,5.9307914,5.8120875
565.3557,452.2162,5.977833,5.8180423
564.38324,452.44843,6.024845,5.823993
563.4092,452.67386,6.0717087,5.829925
562.4337,452.89297,6.1185727,5.8358574
561.4569,453.10638,6.1654367,5.8417892
560.47906,453.3146,6.2123003,5.8477216
559.5002,453.51822,6.2572722,5.8533707
558.5205,453.71777,6.2869625,5.8567357
557.5401,453.91385,6.3166537,5.8601007
556.55914,454.10696,6.3463445,5.863466
555.5777,454.2977,6.376035,5.866831
554.5959,454.48657,6.4038033,5.8698845
553.61383,454.67407,6.4004197,5.867894
552.63153,454.86023,6.3970366,5.865904
551.6489,455.04507,6.393653,5.8639135
550.66614,455.22858,6.3902693,5.861923
549.68304,455.41077,6.3868923,5.8599257
548.69977,455.59167,6.3836913,5.857725
547.7162,455.77124,6.3804903,5.8555245
546.7324,455.9495,6.3772893,5.853324
545.7484,456.12646,6.3740883,5.851123
544.76416,456.30215,6.3708797,5.848929
543.77966,456.47653,6.367466,5.846921
542.795,456.64963,6.3640523,5.844913
541.81006,456.82147,6.3606386,5.842905
540.8249,456.99203,6.357225,5.840897
539.83954,457.16135,6.353822,5.8388886
538.85394,457.32938,6.350602,5.8368764
537.86816,457.4962,6.3473825,5.834864
536.88214,457.66174,6.344163,5.832852
535.89594,457.82608,6.340943,5.8308396
534.90955,457.9892,6.3377233,5.828827
533.9229,458.1511,6.3345013,5.826813
532.93616,458.3118,6.3312798,5.8248
531.94916,458.47128,6.3280582,5.8227863
530.9619,458.6296,6.3248363,5.8207726
529.97455,458.78677,6.321591,5.8187594
528.987,458.94275,6.318171,5.8167477
527.99927,459.09756,6.314751,5.814736
527.01135,459.25128,6.3113313,5.812724
526.02325,459.40387,6.3079114,5.8107123
525.035,459.55533,6.3045225,5.8087015
524.0466,459.70575,6.3013115,5.806695
523.058,459.85504,6.298101,5.804688
522.0692,460.00323,6.29489,5.8026814
521.08026,460.15033,6.2916794,5.8006744
520.0912,460.2963,6.288437,5.798669
519.1019,460.4411,6.285036,5.7966685
518.1125,460.58463,6.2816353,5.7946677
517.1228,460.72675,6.278235,5.7926674
516.13293,460.86734,6.274834,5.790667
515.1428,461.0063,6.2714677,5.788667
514.1525,461.14346,6.2682743,5.786671
513.16187,461.27872,6.2650805,5.784675
512.171,461.41202,6.2618866,5.782679
511.17984,461.54315,6.258693,5.780683
510.1884,461.6721,6.2554374,5.7775936
509.19662,461.79868,6.251848,5.768621
508.20456,461.92282,6.248259,5.7596483
507.21216,462.04437,6.24467,5.750675
506.21945,462.16324,6.241081,5.7417026
505.2264,462.27927,6.237492,5.732673
504.23303,462.3924,6.233903,5.723302
503.2393,462.50247,6.230314,5.7139306
502.24524,462.60934,6.226725,5.7045593
501.2508,462.71295,6.223136,5.695188
500.25604,462.81314,6.2195463,5.685816
499.26093,462.90982,6.2159543,5.6764364
498.26544,463.0028,6.2123623,5.6670566
497.26962,463.09204,6.20877,5.657677
496.27347,463.17737,6.205178,5.648298
495.27698,463.2587,6.2015853,5.6388936
494.28015,463.33588,6.197987,5.629299
493.28302,463.40875,6.1943893,5.6197047
492.28555,463.47723,6.1907916,5.6101103
491.2878,463.54117,6.1871934,5.600516
490.28976,463.6004,6.1835947,5.590942
489.29144,463.65485,6.179989,5.581527
488.29285,463.70435,6.1763835,5.5721126
487.29404,463.74887,6.172778,5.562698
486.295,463.7883,6.1691723,5.553283
485.2958,463.82257,6.1655903,5.543794
484.29642,463.8516,6.162179,5.5337615
483.2969,463.87537,6.1587677,5.5237284
482.29727,463.8939,6.1553564,5.5136957
481.29755,463.9072,6.1519456,5.503663
480.2978,463.91525,6.148781,5.492972
479.29797,463.9181,6.147175,5.478119
478.2982,463.91568,6.1455693,5.4632664
477.2984,463.908,6.143964,5.4484134
476.2987,463.89496,6.142358,5.4335604
475.29907,463.8766,6.1407833,5.4186797
474.29953,463.85287,6.13938,5.4036446
473.30014,463.82385,6.1379766,5.3886094
472.30093,463.78967,6.136574,5.3735747
471.3019,463.75037,6.1351705,5.3585396
470.3031,463.70602,6.133734,5.343544
469.3045,463.65652,6.132134,5.3287416
468.30624,463.6012,6.1305337,5.3139386
467.30835,463.53925,6.1289334,5.299136
466.31094,463.46997,6.127333,5.284333
465.31415,463.3926,6.125733,5.2694945
464.31808,463.30637,6.1241307,5.2544756
463.3229,463.2104,6.1225286,5.239457
462.3288,463.10376,6.120927,5.224439
461.336,462.9857,6.119325,5.209421
460.34476,462.85526,6.117479,5.195368
459.35532,462.71152,6.114465,5.185924
458.36813,462.55338,6.111451,5.176481
457.38354,462.37964,6.108437,5.1670365
456.40207,462.18915,6.105423,5.157592
455.42422,461.98077,6.1003942,5.155488
454.4505,461.75394,6.0871124,5.18346
453.48117,461.5091,6.0738316,5.2114305
452.51636,461.24692,6.060551,5.2393994
451.55624,460.96808,6.047271,5.267369
450.6009,460.67322,6.0340466,5.2953153
449.65036,460.3633,6.0210166,5.3231797
448.7043,460.03992,6.007986,5.351045
447.76236,459.7047,5.994956,5.3789096
446.8241,459.35944,5.9819264,5.406773
445.88898,459.00565,5.9688616,5.4345627
444.9565,458.64487,5.955685,5.4621134
444.02628,458.2785,5.942508,5.489665
443.09775,457.90778,5.929331,5.5172167
442.1704,457.53403,5.9161544,5.5447683
441.2438,457.15854,5.9030237,5.572365
440.31738,456.7826,5.8900476,5.6001134
439.39056,456.40753,5.877072,5.627862
438.4629,456.03473,5.864095,5.6556115
437.53375,455.66553,5.851119,5.6833615
436.60266,455.30124,5.838133,5.703809
435.66937,454.9427,5.825114,5.698401
434.73398,454.5896,5.812095,5.6929936
433.79675,454.2415,5.799077,5.687586
432.85785,453.89783,5.7860584,5.682178
431.9175,453.55823,5.7730374,5.67604
430.9759,453.22214,5.7600074,5.6674204
430.03317,452.88907,5.746977,5.6588
429.0896,452.55856,5.7339463,5.65018
428.1453,452.23007,5.7209153,5.6415596
427.20047,451.90308,5.707939,5.632896
426.25528,451.57715,5.6951365,5.624094
425.3099,451.2518,5.682334,5.615292
424.36444,450.9266,5.6695313,5.60649
423.41913,450.6011,5.6567287,5.5976887
422.47403,450.2749,5.643891,5.5888953
421.52942,449.94733,5.6309404,5.580129
420.58557,449.61755,5.61799,5.5713625
419.64282,449.28458,5.6050396,5.5625963
418.70154,448.9475,5.592089,5.5538297
417.7621,448.60544,5.5816917,5.547969
416.82483,448.25735,5.5802965,5.5523534
415.8902,447.90234,5.578902,5.556738
414.9586,447.53946,5.5775065,5.5611224
414.03046,447.1677,5.5761113,5.5655065
413.10632,446.78616,5.586067,5.5767717
412.1867,446.39383,5.6405435,5.615025
411.27234,445.98944,5.6950197,5.6532784
410.36398,445.57178,5.749499,5.691534
409.4624,445.13962,5.803982,5.7297926
408.5685,444.6918,5.8578014,5.756484
407.68298,444.22766,5.9091277,5.739778
406.80603,443.74753,5.960449,5.7230735
405.9377,443.25192,6.0117693,5.7063694
405.07816,442.7413,6.06309,5.689665
404.2274,442.21616,6.1006875,5.679042
403.38525,441.67725,6.0952597,5.6874847
402.55124,441.1259,6.0898323,5.6959276
401.7246,440.56348,6.084405,5.70437
400.9047,439.99136,6.0789776,5.7128124
400.0907,439.41083,6.065805,5.72472
399.28183,438.82318,6.0313826,5.7461343
398.4773,438.2296,5.996959,5.7675486
397.67627,437.6313,5.9625354,5.7889633
396.87793,437.02942,5.928112,5.810378
396.0814,436.42514,5.8947973,5.831073
395.286,435.81937,5.864473,5.849826
394.49146,435.2125,5.8341484,5.8685794
393.69745,434.60492,5.803824,5.8873324
392.90372,433.99695,5.7734995,5.906086
392.11,433.38904,5.758411,5.9147506
391.31625,432.78107,5.78713,5.894408
390.52316,432.17227,5.815849,5.8740654
389.7314,431.56177,5.844568,5.8537226
388.94168,430.94864,5.873287,5.8333797
388.15463,430.33206,5.9020224,5.812977
387.37097,429.7112,5.9308085,5.792387
386.5912,429.08545,5.959594,5.771797
385.81583,428.45422,5.9883795,5.751208
385.04547,427.81696,6.0171638,5.730619
384.28064,427.17303,6.035031,5.7075458
383.52197,426.52185,6.0185866,5.6766624
382.77023,425.8627,6.002142,5.645779
382.0262,425.19482,5.985697,5.6148944
381.29077,424.51755,5.969251,5.584008
380.56476,423.83014,5.949521,5.552343
379.84872,423.1324,5.920202,5.5184045
379.1425,422.42468,5.890884,5.4844685
378.44586,421.70755,5.861567,5.4505334
377.75864,420.98138,5.832251,5.416599
377.0805,420.2467,5.8029485,5.38268
376.41116,419.50403,5.7736835,5.348805
375.75012,418.75394,5.744418,5.314929
375.09686,417.99707,5.7151527,5.281053
374.4508,417.23404,5.685887,5.2471776
373.81143,416.4654,5.660018,5.220366
373.17816,415.69174,5.6426167,5.2111654
372.5504,414.91357,5.6252155,5.2019644
371.9276,414.13144,5.6078143,5.192764
371.30914,413.3459,5.590413,5.183563
370.69446,412.55737,5.573931,5.1763697
370.08304,411.7663,5.5597367,5.1741705
369.4746,410.97293,5.5455422,5.1719713
368.86893,410.17746,5.5313478,5.169772
368.26578,409.3801,5.5171533,5.167573
367.66486,408.58102,5.5029564,5.1653733
367.06604,407.7804,5.4887547,5.163173
366.46924,406.97824,5.4745526,5.160973
365.87448,406.17456,5.460351,5.1587725
365.28177,405.36942,5.4461493,5.1565723
364.69104,404.56277,5.4319463,5.1543717
364.1023,403.7547,5.41774,5.152171
363.51547,402.94522,5.403534,5.14997
362.93048,402.13443,5.389328,5.147769
362.34723,401.3224,5.3751216,5.1455684
361.7657,400.50912,5.362929,5.144633
361.18576,399.69467,5.355725,5.146834
360.6074,398.87915,5.3485208,5.1490355
360.03052,398.06253,5.3413167,5.1512365
359.4551,397.24493,5.3341126,5.1534376
358.88107,396.42633,5.3294067,5.1572657
358.30838,395.6068,5.3308077,5.16507
357.73694,394.7864,5.332208,5.172875
357.1667,393.96518,5.333609,5.1806793
356.59756,393.14316,5.33501,5.1884837
356.0295,392.32037,5.336469,5.1962295
355.4625,391.49695,5.3380704,5.2038336
354.8964,390.67282,5.339671,5.211437
354.33118,389.84814,5.341272,5.2190413
353.76675,389.02286,5.3428726,5.2266455
353.20313,388.19708,5.344414,5.2343082
352.64017,387.37085,5.345815,5.242112
352.07782,386.54416,5.3472157,5.2499156
351.51602,385.71713,5.348616,5.257719
350.9547,384.88974,5.350017,5.2655225
350.39383,384.0621,5.3514175,5.273326
349.8333,383.2342,5.352818,5.2811284
349.2731,382.40607,5.3542185,5.2889314
348.71323,381.57773,5.355619,5.2967343
348.1537,380.74918,5.3570194,5.3045373
347.5944,379.92044,5.35842,5.3122797
347.03537,379.09152,5.3598204,5.319882
346.47662,378.26242,5.361221,5.327484
345.91812,377.43317,5.3626213,5.3350863
345.35986,376.60373,5.364022,5.3426886
344.80182,375.77414,5.3654823,5.350351
344.24405,374.9444,5.3670826,5.358153
343.68646,374.1145,5.368683,5.3659544
343.1291,373.2845,5.370283,5.373756
342.57193,372.4543,5.371884,5.381558
342.01495,371.62402,5.3734236,5.3893595
341.45813,370.7936,5.3748236,5.3971605
340.9015,369.9631,5.376224,5.404962
340.345,369.13248,5.377624,5.412763
339.78867,368.30176,5.3790245,5.4205647
339.23245,367.47095,5.3804245,5.428305
338.6764,366.64005,5.381825,5.435906
338.12042,365.80908,5.383225,5.4435067
337.56458,364.97803,5.384625,5.4511075
337.00882,364.1469,5.3860254,5.4587083
336.45313,363.31577,5.3870606,5.4650936
335.89755,362.48453,5.387261,5.468694
335.342,361.6533,5.3874607,5.4722943
334.78653,360.822,5.387661,5.475895
334.2311,359.99066,5.387861,5.479495
333.67572,359.1593,5.387939,5.4827304
333.12036,358.3279,5.387739,5.4851303
332.565,357.49652,5.387539,5.48753
332.00967,356.66516,5.387339,5.4899306
331.4543,355.83377,5.3871393,5.4923306
330.899,355.00238,5.386939,5.494731
330.3436,354.17102,5.3867393,5.497131
329.78818,353.3397,5.386539,5.499531
329.23273,352.50836,5.386339,5.501931
328.67722,351.6771,5.386139,5.504331
328.1216,350.8459,5.385939,5.5067315
327.56598,350.01468,5.385739,5.5091314
327.01025,349.18356,5.385539,5.5115314
326.4544,348.3525,5.3853393,5.5139318
325.8985,347.5215,5.385139,5.5163317
325.34244,346.69058,5.384939,5.518732
324.78625,345.85977,5.384739,5.521132
324.22998,345.02902,5.384539,5.523532
323.67352,344.19836,5.384339,5.5259323
323.1169,343.36783,5.384139,5.528332
322.56015,342.53738,5.383939,5.5306716
322.0032,341.70706,5.383739,5.5328717
321.4461,340.87686,5.3835387,5.535072
320.8888,340.0468,5.383339,5.537272
320.33127,339.2169,5.383139,5.539472
319.77353,338.3871,5.382939,5.5417333
319.21558,337.55746,5.382739,5.5441337
318.65738,336.728,5.382539,5.546534
318.09894,335.89868,5.382339,5.5489345
317.54025,335.06952,5.3821387,5.5513344
316.98132,334.24057,5.381939,5.553735
316.4221,333.41177,5.3817387,5.556135
315.86258,332.5832,5.381539,5.5585356
315.3028,331.7548,5.3813386,5.560936
314.74268,330.9266,5.381139,5.5633364
314.18225,330.09863,5.3809385,5.565737
313.62152,329.27087,5.3807387,5.568137
313.06042,328.44336,5.3805385,5.5705376
312.49902,327.61606,5.3803387,5.572938
311.9373,326.78897,5.3801384,5.5753384
311.3752,325.96213,5.3799386,5.5777392
310.8128,325.1355,5.3797383,5.5801396
310.25006,324.3091,5.3795385,5.5825405
309.68698,323.48294,5.3793383,5.584941
309.1236,322.65698,5.379138,5.5873413
308.55988,321.83124,5.378876,5.589742
307.99585,321.00574,5.378476,5.5921426
307.4315,320.18045,5.378076,5.5945435
306.86682,319.35538,5.377676,5.5969443
306.30185,318.5305,5.377276,5.5993447
305.73654,317.70584,5.376938,5.6017456
305.17093,316.8814,5.3767376,5.6041465
304.60504,316.05716,5.376538,5.606547
304.03882,315.23315,5.3763375,5.6089478
303.4723,314.40933,5.3761377,5.6113486
302.9055,313.58572,5.3759375,5.6137495
302.33838,312.76233,5.3757377,5.6161504
301.77097,311.93912,5.3755374,5.6185513
301.20328,311.11612,5.375337,5.620952
300.63528,310.29333,5.3751373,5.6233525
300.06702,309.4707,5.374937,5.6257534
299.49847,308.64832,5.3747373,5.6281543
298.92963,307.8261,5.374537,5.6305556
298.3605,307.0041,5.374337,5.6329565
297.7911,306.18228,5.374137,5.6353574
297.2214,305.36063,5.3739367,5.6377583
296.65146,304.53918,5.373737,5.640159
296.08124,303.71796,5.3735366,5.64256
295.51074,302.89688,5.373337,5.644961
294.94,302.076,5.3731365,5.6473618
294.36896,301.2553,5.373572,5.649445
293.7977,300.43478,5.375373,5.6508455
293.22614,299.61444,5.3771734,5.652246
292.65433,298.7943,5.378974,5.6536465
292.08228,297.97433,5.380775,5.655047
291.50998,297.15454,5.3828955,5.656192
290.9374,296.3349,5.3856964,5.656792
290.3646,295.51544,5.388498,5.6573925
289.79156,294.69617,5.391299,5.657993
289.21826,293.87708,5.3941,5.6585927
288.6447,293.05814,5.3968368,5.6592574
288.07092,292.23935,5.399438,5.660058
287.49692,291.42075,5.402039,5.660858
286.92267,290.6023,5.4046397,5.6616583
286.34818,289.78403,5.407241,5.662459
285.77347,288.9659,5.409907,5.663259
285.19852,288.14795,5.412708,5.6640596
284.62335,287.33017,5.415509,5.66486
284.04797,286.5125,5.41831,5.66566
283.47235,285.69504,5.4211116,5.6664605
282.89655,284.87772,5.4239125,5.6672606
282.3205,284.06052,5.4267135,5.6680613
281.74423,283.2435,5.429515,5.6688614
281.16776,282.4266,5.432316,5.6696615
280.59106,281.6099,5.4351172,5.670462
280.0142,280.7933,5.437918,5.671197
279.4371,279.97687,5.440719,5.671797
278.8598,279.16058,5.4435205,5.672397
278.28232,278.34442,5.4463215,5.6729975
277.70462,277.5284,5.4491224,5.673598
277.12674,276.71252,5.4518576,5.674264
276.54865,275.8968,5.4544587,5.675064
275.97037,275.08118,5.45706,5.6758647
275.3919,274.26572,5.4596605,5.676665
274.81326,273.45038,5.4622617,5.677465
274.2344,272.63516,5.464929,5.6782656
273.6554,271.8201,5.46773,5.6790657
273.0762,271.00516,5.470531,5.679866
272.49683,270.19034,5.473332,5.6806664
271.9173,269.37564,5.476133,5.6814666
271.33755,268.56107,5.4789343,5.6822667
270.75766,267.7466,5.481735,5.6830673
270.1776,266.93228,5.484536,5.6838675
269.59738,266.11804,5.487337,5.6846676
269.017,265.30396,5.490138,5.685468
268.43643,264.49,5.492939,5.686201
267.8557,263.67612,5.49574,5.6868014
267.27484,262.86237,5.498541,5.687402
266.69382,262.0487,5.501342,5.6880016
266.11264,261.23517,5.5041428,5.688602
265.5313,260.42175,5.5066066,5.689539
264.94983,259.60843,5.508407,5.6911397
264.3682,258.7952,5.5102077,5.69274
263.78644,257.9821,5.512008,5.6943407
263.20453,257.1691,5.5138087,5.695941
262.62247,256.35617,5.514932,5.6980157
262.04028,255.54335,5.5147324,5.7010164
261.45798,254.73064,5.514532,5.704017
260.87552,253.91801,5.5143323,5.707018
260.29294,253.10548,5.514132,5.710019
259.7102,252.29305,5.513932,5.71302
259.12738,251.4807,5.513732,5.7160206
258.5444,250.66844,5.5135317,5.7190213
257.96133,249.85628,5.513332,5.722022
257.3781,249.04419,5.5131316,5.725023
256.7948,248.23218,5.512932,5.7280235
256.21136,247.42026,5.5127316,5.7310243
255.62782,246.60843,5.5125318,5.734025
255.04416,245.79666,5.5123315,5.7370257
254.4604,244.98499,5.5121317,5.7400265
253.87653,244.17339,5.5119314,5.7430267
253.29256,243.36185,5.5117316,5.7460275
252.70848,242.55038,5.5115314,5.749028
252.1243,241.739,5.5113316,5.7520285
251.54002,240.92769,5.5111313,5.755029
250.95566,240.11644,5.5109315,5.75803
250.3712,239.30525,5.510731,5.76103
249.78665,238.49414,5.5105314,5.764031
249.20201,237.68309,5.510331,5.767031
248.6173,236.8721,5.5101314,5.770032
248.03249,236.06116,5.5098624,5.7731013
247.4476,235.25029,5.5094624,5.7763014
246.86264,234.43947,5.5090623,5.779502
246.27759,233.62871,5.508662,5.7827024
245.69247,232.81801,5.508262,5.785903
245.10728,232.00735,5.507931,5.7890344
244.52202,231.19675,5.507731,5.7920346
243.93669,230.38618,5.507531,5.795035
243.3513,229.57568,5.507331,5.798035
242.76584,228.76521,5.507131,5.8010354
242.18033,227.9548,5.506931,5.8040357
241.59474,227.14442,5.506731,5.807036
241.00911,226.33409,5.506531,5.810036
240.42343,225.52379,5.506331,5.8130364
239.83769,224.71353,5.5061307,5.816036
239.25189,223.90332,5.505931,5.8190365
238.66606,223.09312,5.505731,5.8220367
238.08017,222.28297,5.505531,5.8250365
237.49425,221.47285,5.505331,5.828037
236.90828,220.66277,5.505131,5.831037
236.32227,219.85269,5.504931,5.834037
235.73622,219.04266,5.5047307,5.837037
235.15015,218.23265,5.504531,5.840037
234.56403,217.42267,5.504331,5.8430367
233.97786,216.61272,5.504131,5.846037
233.39166,215.80278,5.503931,5.8490367
232.80542,214.99289,5.503731,5.8520365
232.21913,214.18303,5.503531,5.8550367
231.6328,213.37321,5.5033307,5.8580365
231.0464,212.56342,5.503131,5.8610363
230.45996,211.75366,5.502931,5.864105
229.87347,210.94395,5.502731,5.8673053
229.28693,210.13428,5.502531,5.870505
228.70032,209.32465,5.502331,5.873705
228.11366,208.51506,5.502131,5.876905
227.52693,207.7055,5.501931,5.880036
226.94016,206.89601,5.501731,5.8830357
226.3533,206.08656,5.501531,5.8860354
225.76637,205.27715,5.501331,5.8890357
225.17938,204.4678,5.501131,5.8920355
224.59233,203.6585,5.500931,5.8950353
224.0052,202.84924,5.500731,5.8980355
223.41798,202.04005,5.500531,5.9010353
222.8307,201.23091,5.500331,5.9040356
222.24335,200.42183,5.500131,5.9070354
221.6559,199.61281,5.4998617,5.9100356
221.06837,198.80383,5.499462,5.913036
220.48077,197.99493,5.499062,5.916036
219.89308,197.1861,5.498662,5.9190364
219.3053,196.37732,5.498262,5.922036
218.71742,195.5686,5.497931,5.9250364
218.12946,194.75996,5.4977307,5.928037
217.5414,193.95139,5.497531,5.9310374
216.95323,193.14288,5.4973307,5.9340377
216.36499,192.33444,5.497131,5.9370384
215.77663,191.52608,5.4969306,5.9400387
215.18817,190.71779,5.496731,5.9430394
214.59961,189.90958,5.4965305,5.94604
214.01096,189.10144,5.4963307,5.949041
213.42218,188.2934,5.4961305,5.9520416
212.8333,187.48541,5.4959307,5.9550424
212.2443,186.67752,5.4957304,5.958043
211.6552,185.8697,5.4955306,5.9610443
211.06596,185.06198,5.4953303,5.964045
210.47662,184.25433,5.49513,5.9670463
209.88718,183.44678,5.4949303,5.970117
209.29759,182.63931,5.49473,5.9733186
208.70789,181.83192,5.49453,5.97652
208.11806,181.02464,5.49433,5.9797215
207.5281,180.21745,5.4941297,5.982923
206.93802,179.41035,5.49393,5.9860544
206.34781,178.60335,5.4937296,5.989056
205.75745,177.79645,5.4935293,5.992058
205.16696,176.98964,5.4933295,5.99506
204.57635,176.18292,5.4931293,5.9980617
203.9856,175.37631,5.492929,6.001064
203.3947,174.56981,5.4927287,6.004066
202.80367,173.76341,5.492529,6.007068
202.21248,172.95712,5.4923286,6.0100703
201.62114,172.15094,5.4921284,6.013073
201.02965,171.34486,5.491928,6.016075
200.438,170.53891,5.4917283,6.0190783
199.8462,169.73306,5.491528,6.022081
199.25426,168.92734,5.491328,6.025084
198.66219,168.12169,5.4911275,6.0280867
198.06998,167.31615,5.490927,6.03109
197.47763,166.51071,5.490727,6.034093
196.88512,165.7054,5.4905267,6.0370965
196.29239,164.90024,5.490327,6.0401
195.6994,164.09526,5.4901266,6.043103
195.10614,163.2905,5.4899263,6.0461073
194.51247,162.48602,5.489726,6.0491114
193.91817,161.68204,5.489526,6.052116
193.32298,160.87868,5.4893255,6.05512
192.72668,160.07617,5.4891253,6.058124
192.12903,159.27466,5.4888496,6.061129
191.52979,158.47433,5.4884486,6.0641346
190.92876,157.67535,5.488048,6.06714
190.3257,156.8779,5.487647,6.0701456
189.72043,156.08212,5.4872465,6.073151
189.11272,155.28821,5.4907794,6.0629673
188.50237,154.49634,5.500602,6.0316973
187.88914,153.70667,5.5104237,6.0004272
187.27286,152.91939,5.5202456,5.969157
186.65329,152.1347,5.5300674,5.937887
186.03023,151.35278,5.541398,5.901298
185.40347,150.5738,5.555029,5.856596
184.77283,149.79799,5.5686603,5.811894
184.13809,149.02551,5.582291,5.767192
183.49907,148.25658,5.5959225,5.72249
182.85558,147.4914,5.609549,5.6777205
182.20741,146.73015,5.6231694,5.6328535
181.55441,145.97307,5.63679,5.587986
180.89638,145.22032,5.65041,5.543119
180.23317,144.47217,5.6640306,5.498252
179.56459,143.72879,5.6652837,5.4692636
178.89049,142.9904,5.6490955,5.4626684
178.21072,142.25726,5.6329074,5.4560733
177.5251,141.52956,5.6167192,5.449478
176.83351,140.80756,5.600531,5.442883
176.13579,140.09146,5.5930457,5.448329
175.43181,139.38152,5.5980206,5.471014
174.72151,138.6779,5.6029954,5.4936996
174.00479,137.98082,5.60797,5.5163846
173.28159,137.29048,5.612945,5.53907
172.55183,136.60706,5.6208224,5.5599656
171.81549,135.93074,5.633317,5.5780134
171.07257,135.26166,5.6458116,5.596061
170.3231,134.59991,5.658306,5.6141086
169.56711,133.94565,5.6708,5.632156
168.80461,133.29897,5.678112,5.6293163
168.03557,132.6601,5.675529,5.5865946
167.25986,132.02931,5.672946,5.5438724
166.47734,131.407,5.6703625,5.501149
165.68793,130.79346,5.667779,5.4584236
164.89151,130.18906,5.6595187,5.428439
164.0881,129.59396,5.6387024,5.4266376
163.278,129.00801,5.6178865,5.424836
162.46152,128.431,5.5970726,5.423035
161.63892,127.862724,5.5762606,5.421234
160.81047,127.30302,5.539421,5.4643927
159.97543,126.75319,5.4676805,5.605442
159.13153,126.21709,5.395932,5.746506
158.2765,125.69893,5.3241816,5.887575
157.40837,125.20305,5.252455,6.028596
156.52551,124.733925,5.217209,6.1147513
155.62694,124.29562,5.241445,6.111465
154.71237,123.891846,5.2656817,6.1081786
153.78178,123.52651,5.2899394,6.1048894
152.83559,123.20382,5.314226,6.1015964
151.8747,122.92795,5.33322,6.080329
150.9019,122.69743,5.3472185,6.0421867
149.92084,122.505035,5.3612027,6.004085
148.93427,122.34306,5.3751707,5.9660273
147.94421,122.203766,5.3891325,5.927987
146.95215,122.07961,5.402866,5.890369
145.9588,121.966255,5.416442,5.8530345
144.96446,121.86192,5.4300275,5.8156743
143.96938,121.76489,5.4436183,5.7783
142.97377,121.673416,5.45721,5.7409225
141.97781,121.58581,5.467355,5.70506
140.98157,121.50153,5.4749403,5.6703253
139.98502,121.42102,5.482525,5.635596
138.98813,121.34472,5.490109,5.6008697
137.99089,121.27306,5.4976926,5.566144
136.9933,121.206505,5.5037007,5.531981
135.99538,121.14522,5.508491,5.498252
134.99715,121.08917,5.513281,5.4645214
133.99864,121.03832,5.518071,5.430791
132.99988,120.99264,5.5228615,5.3970594
132.0009,120.952065,5.5371556,5.400123
131.00172,120.91664,5.5591154,5.432863
130.00238,120.88646,5.581075,5.4656034
129.00288,120.86161,5.603035,5.498343
128.00327,120.84219,5.6249948,5.5310826
127.00356,120.828285,5.650003,5.5760064
126.00379,120.81997,5.6775637,5.6311274
125.00399,120.81731,5.7051244,5.686249
124.004196,120.82034,5.732685,5.7413697
123.00443,120.82915,5.7602453,5.796491
122.00473,120.843765,5.774181,5.829728
121.00514,120.86427,5.7763786,5.844114
120.005684,120.89073,5.7785764,5.8584995
119.00641,120.92321,5.780774,5.872885
118.007355,120.96178,5.782972,5.887271
117.00855,121.0065,5.778149,5.8904896
116.01005,121.05745,5.7671566,5.883894
115.01188,121.11468,5.7561636,5.8772984
114.0141,121.17823,5.745171,5.8707027
113.01675,121.24818,5.7341785,5.864107
112.01987,121.32456,5.726991,5.8587794
111.023506,121.407486,5.7231927,5.8545814
110.02773,121.4971,5.7193947,5.8503833
109.03259,121.59353,5.715596,5.846185
108.03815,121.696915,5.711798,5.8419876
107.044464,121.8074,5.722959,5.8424234
106.05162,121.92514,5.7475686,5.847025
105.059685,122.05029,5.772178,5.851627
104.06873,122.183014,5.7967877,5.8562284
103.07884,122.32348,5.821397,5.8608303
102.09011,122.47185,5.8223033,5.8820634
101.10262,122.62827,5.8020644,5.918133
100.11647,122.79292,5.781825,5.9542027
99.13176,122.96596,5.761586,5.990272
98.14858,123.14753,5.7413473,6.026342
97.16705,123.33781,5.7083416,6.0711956
96.18728,123.536934,5.6643796,6.1235886
95.20939,123.74508,5.620418,6.175981
94.23349,123.9624,5.5764565,6.2283735
93.25972,124.18906,5.532495,6.280766
92.28821,124.4252,5.5347033,6.2853174
91.319084,124.67098,5.5737004,6.2517476
90.3525,124.92655,5.612697,6.2181783
89.3886,125.192055,5.6516943,6.1846085
88.427536,125.46764,5.690691,6.151039
87.46946,125.75346,5.738705,6.1082196
86.51454,126.04965,5.793201,6.058751
85.562935,126.35633,5.847697,6.0092826
84.61482,126.67364,5.902192,5.9598145
83.67038,127.00169,5.956687,5.9103465
82.72978,127.34063,5.988149,5.8762045
81.79322,127.69055,6.004817,5.8519053
80.86087,128.05156,6.021485,5.827606
79.93294,128.42377,6.038153,5.803307
79.00962,128.80728,6.054822,5.779007
78.091095,129.20213,6.033542,5.7798243
77.17737,129.60796,5.989914,5.7954345
76.26824,130.02402,5.946287,5.811044
75.36354,130.44958,5.902661,5.8266535
74.46302,130.88394,5.859035,5.8422627
73.56646,131.32642,5.8208137,5.854177
72.67361,131.77632,5.7857327,5.8639436
71.78422,132.23303,5.7506514,5.8737106
70.898026,132.69594,5.71557,5.8834777
70.014755,133.16438,5.680488,5.8932447
69.134125,133.63777,5.6496167,5.9000607
68.2558,134.11542,5.621375,5.9050326
67.37943,134.59665,5.5931334,5.9100046
66.50465,135.08076,5.5648923,5.9149766
65.63109,135.56708,5.5366507,5.919949
64.75838,136.05492,5.540202,5.9112415
63.886284,136.54385,5.56608,5.8929276
63.014698,137.0337,5.591958,5.8746142
62.1435,137.52423,5.6178365,5.8563004
61.27257,138.01524,5.6437144,5.837987
60.401806,138.50655,5.683153,5.8140087
59.531326,138.99835,5.73308,5.7856507
58.661434,139.4912,5.7830067,5.7572923
57.792446,139.98564,5.8329334,5.728934
56.924675,140.48221,5.88286,5.7005754
56.058437,140.98145,5.9214,5.7014995
55.194023,141.48384,5.9508677,5.7257547
54.331684,141.98978,5.9803348,5.7500105
53.47168,142.49968,6.009802,5.774266
52.614277,143.01395,6.0392694,5.798521
51.759743,143.53296,6.055885,5.8557315
50.908382,144.05716,6.0627246,5.9380093
50.060505,144.58699,6.0695643,6.0202875
49.216442,145.12286,6.076404,6.1025662
48.37653,145.66522,6.083244,6.184844
47.541115,146.21448,6.086,6.253755
46.710564,146.77107,6.086,6.3136435
45.885265,147.3354,6.086,6.373532
45.06561,147.90791,6.086,6.4334207
44.252014,148.48901,6.086,6.493309
43.444904,149.07907,6.079185,6.5299163
42.644707,149.67847,6.0684996,6.553303
41.851868,150.28757,6.057814,6.5766897
41.06684,150.90671,6.047129,6.600076
40.290096,151.5362,6.0364437,6.6234627
39.522125,152.17636,6.036263,6.6180844
38.76339,152.82745,6.0410776,6.599026
38.014347,153.48967,6.0458922,6.5799685
37.27547,154.1632,6.050707,6.56091
36.547245,154.84824,6.0555215,6.5418515
35.83016,155.54492,6.0738025,6.4862814
35.124485,156.25317,6.098049,6.4145346
34.43037,156.97276,6.122296,6.342789
33.747963,157.70345,6.1465416,6.2710447
33.077396,158.44502,6.170788,6.1993
32.41882,159.19725,6.165119,6.1309996
31.77241,159.95998,6.1441283,6.064463
31.138376,160.73302,6.1231375,5.9979258
30.516924,161.5162,6.1021466,5.9313893
29.908264,162.30937,6.0811563,5.8648543
29.312609,163.11237,5.9941845,5.8056736
28.730286,163.92506,5.865277,5.7511663
28.161705,164.74744,5.736367,5.696658
27.607294,165.57944,5.6074533,5.6421485
27.067482,166.42097,5.478534,5.5876365
26.54269,167.27196,5.354334,5.53537
26.032902,168.13202,5.2334876,5.484699
25.537748,169.0006,5.112645,5.434029
25.056831,169.87712,4.991806,5.3833613
24.589743,170.76111,4.870965,5.3326926
24.13605,171.65202,4.8064547,5.308923
23.695126,172.54935,4.777755,5.302253
23.2662,173.45247,4.7490544,5.2955832
22.848467,174.36081,4.7203546,5.2889132
22.441118,175.27386,4.6916547,5.2822437
22.043327,176.19113,4.698329,5.282409
21.654238,177.1121,4.7229357,5.28604
21.272966,178.03636,4.7475424,5.28967
20.898624,178.96344,4.772149,5.2933006
20.530308,179.89293,4.796756,5.2969313
20.16713,180.82443,4.8535156,5.3067713
19.808344,181.75764,4.9236913,5.3192024
19.453299,182.69228,4.993867,5.3316336
19.101334,183.62808,5.064042,5.3440647
18.751787,184.5648,5.134217,5.3564954
18.404072,185.50218,5.161727,5.3685856
18.058296,186.44029,5.1724877,5.380542
17.714966,187.3793,5.1832485,5.3924985
17.374594,188.31938,5.1940093,5.4044547
17.037693,189.26071,5.20477,5.4164114
16.704773,190.20346,5.205495,5.42835
16.376263,191.14775,5.2019157,5.440281
16.052551,192.0937,5.198336,5.4522123
15.734029,193.04141,5.194757,5.4641433
15.421084,193.99098,5.191178,5.476074
15.114115,194.94249,5.187461,5.488019
14.813558,195.89604,5.183676,5.4999704
14.519875,196.85175,5.179891,5.5119224
14.233535,197.80966,5.1761065,5.5238743
13.955008,198.76988,5.172322,5.5358267
13.684732,199.73247,5.1686573,5.547678
13.422723,200.69733,5.165058,5.559476
13.168703,201.66432,5.161459,5.5712733
12.92239,202.6333,5.15786,5.5830708
12.683499,203.60414,5.1542606,5.594868
12.451744,204.57672,5.1505256,5.606814
12.226826,205.55089,5.1467175,5.6188393
12.008435,206.52655,5.1429095,5.6308646
11.796262,207.50359,5.1391015,5.64289
11.589993,208.48187,5.1352935,5.654916
11.389314,209.46133,5.13506,5.65145
11.193911,210.44185,5.1366644,5.6400175
11.00346,211.42336,5.138269,5.628585
10.817642,212.40573,5.1398735,5.617152
10.636135,213.38893,5.141478,5.6057196
10.458615,214.37285,5.1430826,5.5938816
10.284756,215.35742,5.1446867,5.581849
10.114231,216.34258,5.1462913,5.569816
9.946711,217.32825,5.1478953,5.5577836
9.781867,218.31436,5.1495,5.5457506
9.6193695,219.30087,5.1511035,5.5338607
9.458894,220.28772,5.152707,5.522035
9.300118,221.27483,5.1543107,5.510209
9.142718,222.26216,5.1559143,5.4983835
8.986372,223.24968,5.1575174,5.486558
8.830753,224.23729,5.15912,5.4745975
8.675526,225.22498,5.1607227,5.4625797
8.52034,226.21266,5.162325,5.4505615
8.364849,227.2003,5.1639276,5.4385433
8.208707,228.18784,5.1655297,5.426525
8.051572,229.17522,5.167273,5.4145136
7.893161,230.16238,5.1690745,5.402504
7.733225,231.14932,5.170876,5.3904943
7.571515,232.13596,5.172677,5.378485
7.4077845,233.12227,5.1744785,5.3664756
7.241811,234.1082,5.176137,5.3546147
7.07364,235.09377,5.177737,5.342814
6.903469,236.07898,5.179337,5.3310137
6.731498,237.06387,5.1809373,5.3192134
6.5579247,238.04851,5.182537,5.307413
6.382946,239.03287,5.1841364,5.295476
6.2067256,240.01703,5.1857357,5.2834826
6.029409,241.00098,5.1873345,5.271489
5.8511424,241.98477,5.188934,5.259496
5.672071,242.9684,5.190533,5.247503
5.4923415,243.95192,5.1921315,5.2355127
5.312108,244.93535,5.1937304,5.223523
5.131529,245.9187,5.1953287,5.211534
4.9507637,246.90204,5.1969275,5.199545
4.7699704,247.88536,5.198526,5.187556
4.5893087,248.8687,5.200265,5.1757073
4.408934,249.8521,5.202063,5.1639185
4.2290025,250.83559,5.2038617,5.152129
4.0496683,251.81917,5.20566,5.1403403
3.8710873,252.8029,5.2074585,5.128551
3.6934144,253.78679,5.2091174,5.1166205
3.5168064,254.77087,5.2107162,5.1046286
3.3414197,255.75517,5.212315,5.0926366
3.1674118,256.73972,5.213914,5.0806446
2.9949398,257.72455,5.2155128,5.0686526
2.8241608,258.70966,5.2171125,5.0566564
2.6552327,259.69507,5.2187123,5.0446587
2.4883134,260.68085,5.220312,5.032661
2.3235612,261.667,5.2219114,5.020663
2.1611342,262.6535,5.223511,5.008665
2.0011916,263.64044,5.2251115,4.996801
1.843892,264.62778,5.226712,4.984996
1.6893954,265.61557,5.228313,4.973191
1.5378618,266.60385,5.2299137,4.9613853
1.3894515,267.59256,5.2315145,4.94958
1.2443246,268.5818,5.2096815,4.9483714
1.102642,269.5715,5.1776485,4.951775
0.9645653,270.5617,5.145615,4.9551783
0.83025557,271.55246,5.113582,4.958582
0.69987476,272.54373,5.0815487,4.9619856
0.5735848,273.53552,5.03798,4.970591
0.45154712,274.52786,4.989512,4.981406
0.33392328,275.52072,4.9410443,4.9922214
0.220875,276.5141,4.892576,5.0030365
0.11256427,277.50803,4.844108,5.0138516
0.00915317,278.50247,4.7956443,5.024808
-0.08919697,279.4974,4.747182,5.0358224
-0.1823251,280.49286,4.698719,5.0468364
-0.27006984,281.48883,4.6502566,5.057851
-0.35226962,282.48523,4.601794,5.068865
-0.42876315,283.48212,4.596874,5.084166
-0.4993939,284.4794,4.609279,5.1011734
-0.5640078,285.47714,4.6216846,5.1181803
-0.62245065,286.47522,4.6340895,5.135187
-0.6745682,287.47366,4.6464944,5.152194
-0.72020584,288.4724,4.6640387,5.169606
-0.75920725,289.47147,4.683607,5.1871777
-0.79141456,290.47076,4.7031755,5.2047496
-0.8166696,291.47025,4.7227445,5.2223215
-0.83481383,292.46988,4.742314,5.239894
-0.84569186,293.4696,4.77327,5.2574234
-0.8491825,294.46942,4.808891,5.2749352
-0.8451843,295.4692,4.844511,5.2924466
-0.83359736,296.46893,4.8801293,5.3099575
-0.8143222,297.46857,4.9157453,5.327467
-0.7871377,298.468,4.9645424,5.3476906
-0.7504813,299.46713,5.019431,5.3691688
-0.7019625,300.46573,5.0743237,5.3906484
-0.63917965,301.46356,5.1292195,5.4121294
-0.55973935,302.4602,5.184114,5.43361
-0.46124667,303.4551,5.2498875,5.470089
-0.34107795,304.44766,5.3213644,5.514433
-0.19645254,305.43692,5.3928385,5.5587754
-0.024613308,306.4218,5.4643054,5.603113
0.17713508,307.401,5.5357423,5.6474323
0.41144067,308.37292,5.579574,5.7652674
0.6814368,309.3355,5.612477,5.9121914
0.9905728,310.28625,5.6453896,6.0591607
1.3422327,311.22208,5.67832,6.206208
1.739612,312.1394,5.7112565,6.3532844
2.1849768,313.0344,5.804893,6.4020915
2.676992,313.90463,5.9062476,6.438275
3.213243,314.74835,6.0075626,6.4744444
3.7914784,315.56387,6.1088877,6.5106173
4.40962,316.34958,6.2110796,6.5437765
5.0651464,317.10437,6.3477235,6.4451222
5.7535024,317.82938,6.4843936,6.3464494
6.469911,318.52667,6.621003,6.2478204
7.2099676,319.19888,6.7575445,6.14924
7.969656,319.84882,6.894079,6.050665
8.745762,320.4791,6.7335453,6.1801157
9.537045,321.09018,6.5709033,6.3111887
10.342748,321.68213,6.408203,6.4423084
11.162132,322.255,6.2454715,6.573453
11.994474,322.80887,6.082731,6.704605
12.839061,323.34387,6.153529,6.801715
13.695137,323.86032,6.22683,6.8984475
14.561966,324.3585,6.3001204,6.9951673
15.438847,324.83878,6.373402,7.091875
16.325115,325.30148,6.446679,7.1885767
17.220247,325.74683,6.5448027,7.165189
18.12415,326.17407,6.643044,7.141271
19.036802,326.58228,6.7412953,7.1173506
19.958134,326.9705,6.8395524,7.093429
20.888021,327.33774,6.9378066,7.069508
21.826288,327.68304,7.0089493,6.9985967
22.772722,328.00525,7.0782633,6.9245305
23.72705,328.30325,7.147574,6.8504667
24.68893,328.5759,7.2168803,6.776408
25.65794,328.82202,7.286174,6.702363
26.63359,329.0403,7.2418957,6.7283216
27.61537,329.2291,7.1831594,6.767011
28.602665,329.3865,7.124416,6.8057055
29.594694,329.5106,7.065661,6.8444076
30.590496,329.59933,7.0069036,6.8831115
31.588905,329.65112,6.9027205,6.9028635
32.58855,329.6657,6.7934866,6.9204946
33.588055,329.64346,6.684266,6.938124
34.58608,329.5847,6.5750437,6.955754
35.5813,329.4896,6.4658003,6.973387
36.572453,329.35873,6.365246,6.944935
37.5585,329.1937,6.264999,6.91482
38.538605,328.99643,6.1647625,6.884709
39.51212,328.7688,6.0645347,6.8546
40.478535,328.5127,5.964626,6.82398
41.43746,328.22986,5.8835998,6.7638116
42.38855,327.92163,5.8025603,6.7036343
43.331516,327.58942,5.7215185,6.6434546
44.266174,327.23447,5.6404767,6.583275
45.19241,326.8581,5.5635705,6.521337
46.110172,326.46152,5.613133,6.405759
47.01942,326.04578,5.6626973,6.290175
47.920174,325.61194,5.7122617,6.174592
48.812496,325.16098,5.7618256,6.0590105
49.696495,324.69394,5.808893,5.9468412
50.572334,324.21176,5.806676,5.9020915
51.44022,323.71542,5.804458,5.85734
52.300415,323.20584,5.802241,5.8125887
53.15321,322.684,5.8000236,5.7678375
53.998936,322.15076,5.7950764,5.726824
54.83796,321.60703,5.7616553,5.7248106
55.6707,321.05374,5.728234,5.7227974
56.497612,320.49176,5.6948123,5.7207837
57.31917,319.92197,5.661391,5.7187705
58.135883,319.34528,5.627984,5.7167583
58.948265,318.76248,5.594684,5.714752
59.756844,318.17444,5.5613837,5.712746
60.562157,317.5819,5.5280833,5.71074
61.364758,316.98572,5.494783,5.708734
62.16521,316.38666,5.4614973,5.706729
62.964085,315.7855,5.4283066,5.7047296
63.76195,315.18298,5.395116,5.7027297
64.55938,314.5799,5.361925,5.7007303
65.35696,313.977,5.328734,5.698731
66.15524,313.37503,5.2955256,5.696732
66.95481,312.77478,5.2622004,5.6947365
67.7562,312.17697,5.228875,5.692741
68.559975,311.58237,5.19555,5.6907454
69.366646,310.9917,5.1622252,5.68875
70.17675,310.40576,5.140574,5.6820974
70.99079,309.8253,5.202151,5.6422424
71.8093,309.25116,5.2637267,5.6023874
72.63282,308.6842,5.3253036,5.5625315
73.46182,308.1253,5.3868814,5.5226755
74.29679,307.57538,5.4485655,5.482998
75.13811,307.03522,5.511172,5.444838
75.985954,306.50534,5.5737762,5.406679
76.84048,305.98633,5.63638,5.3685207
77.70178,305.47864,5.6989846,5.330362
78.56998,304.98282,5.7558064,5.2950583
79.44513,304.4994,5.7395215,5.2958527
80.3272,304.02872,5.723237,5.296647
81.21613,303.5711,5.7069526,5.2974415
82.111855,303.12695,5.690668,5.298236
83.01429,302.6966,5.674736,5.299701
83.92335,302.28046,5.6677585,5.318242
84.83898,301.87894,5.660781,5.3367825
85.7611,301.49255,5.6538033,5.355323
86.68963,301.12186,5.646826,5.373863
87.62444,300.7673,5.6401005,5.3928866
88.56541,300.4294,5.644716,5.4336224
89.51238,300.10876,5.649331,5.474357
90.465195,299.8059,5.6539464,5.515092
91.423645,299.52136,5.6585617,5.555827
92.387505,299.25574,5.663534,5.5954337
93.35652,299.0096,5.677471,5.606745
94.330414,298.78354,5.6914077,5.618056
95.308876,298.57816,5.7053447,5.629367
96.29156,298.39398,5.7192817,5.640678
97.278076,298.2317,5.734178,5.648928
98.268036,298.09186,5.7591033,5.625219
99.26096,297.975,5.7840276,5.6015105
100.256386,297.88174,5.808952,5.5778017
101.25378,297.81262,5.833877,5.554093
102.25256,297.76816,5.860388,5.5264883
103.25216,297.7489,5.895713,5.477235
104.25192,297.75516,5.931037,5.427983
105.25119,297.78714,5.966361,5.3787313
106.24928,297.84518,6.0016847,5.329479
107.24549,297.9295,6.0249147,5.297628
108.239105,298.04037,5.999284,5.3360744
109.22938,298.1779,5.9736533,5.37452
110.215576,298.3421,5.948023,5.4129653
111.19694,298.53308,5.922393,5.451411
112.17268,298.75095,5.884491,5.5087547
113.14201,298.99582,5.7988048,5.6396866
114.10405,299.26788,5.7131186,5.7706175
115.0579,299.5674,5.6274333,5.9015484
116.00262,299.8946,5.541752,6.032472
116.93722,300.24966,5.496776,6.108719
117.86064,300.63284,5.60566,5.9783
118.771675,301.0446,5.714543,5.8478823
119.669014,301.48538,5.8234367,5.717451
120.55128,301.95566,5.932341,5.587007
121.41696,302.45575,6.0180707,5.4856606
122.264786,302.98557,6.0308094,5.4759545
123.09393,303.54416,6.043547,5.46625
123.90369,304.13052,6.056284,5.456546
124.69335,304.74368,6.069021,5.4468412
125.462265,305.38266,6.0633864,5.4554453
126.21004,306.04626,6.0138707,5.5077786
126.93675,306.73285,5.9643545,5.560113
127.64267,307.44083,5.914842,5.6124434
128.32811,308.16867,5.8653307,5.6647725
128.99347,308.9149,5.8083763,5.7142916
129.63914,309.67822,5.7360945,5.75802
130.26547,310.4575,5.663808,5.8017516
130.87285,311.25162,5.5915213,5.8454833
131.46173,312.05957,5.519235,5.889214
132.03258,312.88037,5.4885545,5.9071813
132.58577,313.71317,5.5467386,5.8701186
133.1215,314.5573,5.6049247,5.833055
133.64,315.41214,5.6631103,5.7959914
134.14143,316.2771,5.721295,5.758929
134.62605,317.15158,5.7795954,5.722611
135.09396,318.03513,5.8381677,5.6880274
135.54501,318.92737,5.896741,5.6534433
135.97906,319.82803,5.955315,5.6188583
136.39595,320.73676,6.0138903,5.5842733
136.79552,321.65323,6.0490866,5.5659137
137.17764,322.57712,6.0292535,5.5857463
137.54228,323.50806,6.009421,5.605579
137.88939,324.44565,5.9895883,5.6254115
138.21892,325.38956,5.969756,5.645244
138.53082,326.33948,5.962083,5.661642
138.82506,327.29498,5.981937,5.6702657
139.10158,328.25577,6.0017905,5.678889
139.36034,329.2215,6.0216446,5.6875124
139.60126,330.19183,6.0414987,5.6961355
139.82431,331.1664,6.0610986,5.7038617
140.02943,332.14493,6.080159,5.70968
140.21661,333.12704,6.0992193,5.7154984
140.38579,334.11243,6.11828,5.721317
140.53693,335.10074,6.1373405,5.7271357
140.66998,336.09164,6.1384096,5.7351103
140.78494,337.08478,6.1038966,5.7473507
140.88176,338.0799,6.069383,5.7595906
140.9604,339.07657,6.03487,5.771831
141.02086,340.07452,6.000357,5.784071
141.0631,341.07343,5.9643626,5.7919292
141.08705,342.07294,5.9256434,5.7917285
141.09271,343.07272,5.8869243,5.791528
141.08,344.07242,5.848205,5.7913275
141.04889,345.07175,5.8094854,5.7911267
140.99931,346.07028,5.7679005,5.7826715
140.93127,347.06778,5.721387,5.760016
140.8449,348.0638,5.6748734,5.7373605
140.74026,349.05814,5.62836,5.7147055
140.61748,350.05035,5.581846,5.69205
140.47664,351.04016,5.557259,5.652521
140.31789,352.02728,5.5684724,5.585443
140.14142,353.01138,5.579685,5.5183644
139.9474,353.99216,5.5908985,5.4512863
139.73605,354.96936,5.6021113,5.384208
139.50754,355.9427,5.6070724,5.327269
139.26204,356.91187,5.6020737,5.286481
138.99973,357.87665,5.597075,5.2456927
138.72075,358.83673,5.5920763,5.2049046
138.42526,359.79184,5.587078,5.164116
138.11345,360.74176,5.567193,5.1460605
137.78545,361.68622,5.523451,5.164436
137.4414,362.62497,5.479709,5.1828117
137.08148,363.55774,5.4359674,5.201187
136.70584,364.48425,5.392226,5.2195625
136.3146,365.40433,5.362964,5.2337894
135.90796,366.3177,5.357573,5.241178
135.486,367.2241,5.3521814,5.248566
135.04886,368.12323,5.34679,5.2559547
134.59666,369.01492,5.3413982,5.263343
134.12958,369.8989,5.3395514,5.2648234
133.64769,370.7749,5.343748,5.25623
133.15115,371.6427,5.3479447,5.247637
132.64014,372.502,5.3521414,5.2390437
132.11476,373.35263,5.356338,5.230451
131.57518,374.19434,5.3649287,5.214607
131.02148,375.0268,5.3811436,5.1861806
130.45374,375.84976,5.3973584,5.157755
129.87195,376.66284,5.4135737,5.129328
129.27618,377.46573,5.4297895,5.1008997
128.66649,378.25812,5.444532,5.07349
128.04324,379.0399,5.4567685,5.047814
127.40729,379.81134,5.469004,5.0221386
126.75945,380.57285,5.48124,4.9964643
126.10055,381.3248,5.493475,4.97079
125.43136,382.06763,5.4922833,4.9543056
124.75272,382.80182,5.469642,4.9525023
124.06552,383.528,5.4470005,4.9506993
123.37062,384.24686,5.4243584,4.948896
122.66888,384.95898,5.4017167,4.9470925
121.96112,385.66516,5.3790135,4.9452906
121.24814,386.3661,5.356216,4.943491
120.53073,387.06244,5.3334184,4.941691
119.80965,387.755,5.310621,4.9398913
119.08565,388.44452,5.287823,4.9380913
118.35948,389.13174,5.265103,4.936291
117.631805,389.81738,5.242501,4.934491
116.9032,390.50204,5.219899,4.932691
116.17422,391.18628,5.1972966,4.930891
115.44544,391.87076,5.1746945,4.9290905
114.717415,392.55603,5.151995,4.927289
113.990425,393.2424,5.1291466,4.925485
113.26437,393.92975,5.106298,4.9236813
112.53914,394.61795,5.0834494,4.9218774
111.814606,395.30692,5.0606008,4.920074
111.09065,395.9965,5.0378246,4.918269
110.367195,396.68658,5.0151553,4.916464
109.6442,397.37714,4.9924855,4.914658
108.92162,398.06815,4.9698157,4.912853
108.19944,398.75955,4.947146,4.911047
107.47761,399.45135,4.9262505,4.9094944
106.75609,400.14346,4.907803,4.9082913
106.03481,400.83582,4.889356,4.9070883
105.313736,401.5284,4.8709087,4.905885
104.592804,402.22113,4.8524613,4.904682
103.87195,402.91394,4.8380136,4.904
103.15118,403.6068,4.828805,4.904
102.43054,404.29984,4.8195963,4.904
101.71011,404.9931,4.8103876,4.904
100.98997,405.68665,4.801179,4.904
100.27015,406.38052,4.791976,4.904
99.550735,407.07483,4.78278,4.904
98.831795,407.7696,4.773585,4.904
98.11337,408.46494,4.764389,4.904
97.39554,409.16086,4.755193,4.904
96.67835,409.85748,4.745914,4.903913
95.96188,410.5548,4.736527,4.903713
95.24619,411.25296,4.72714,4.9035134
94.53135,411.95193,4.7177525,4.903314
93.817406,412.6519,4.7083654,4.9031143
93.10443,413.35278,4.699065,4.903
92.392494,414.05475,4.689882,4.903
91.68165,414.7578,4.6806984,4.903
90.97198,415.46207,4.6715145,4.903
90.263535,416.16757,4.662331,4.903
89.55638,416.87436,4.6531477,4.9029164
88.85059,417.5825,4.643964,4.9027166
88.14623,418.29205,4.6347804,4.902517
87.443375,419.0031,4.6255965,4.9023175
86.74207,419.7157,4.616413,4.9021177
86.04241,420.4299,4.621578,4.90979
85.344444,421.14578,4.6473413,4.928763
84.648254,421.86334,4.673105,4.9477363
83.9539,422.5827,4.6988683,4.966709
83.26147,423.30392,4.724632,4.9856825
82.57101,424.02704,4.753466,5.006192
81.88261,424.75208,4.7868404,5.0289745
81.196335,425.47916,4.8202143,5.0517573
80.51226,426.2083,4.8535886,5.0745397
79.83047,426.93958,4.886963,5.097322
79.15102,427.67303,4.9203477,5.1201916
78.474,428.40872,4.9537497,5.143193
77.79948,429.14673,4.9871516,5.1661944
77.12754,429.88705,5.0205536,5.1891956
76.45825,430.62982,5.053955,5.212197
75.7917,431.375,5.087369,5.235206
75.12797,432.1227,5.120801,5.2582283
74.46713,432.873,5.154233,5.2812505
73.809265,433.62585,5.187665,5.304272
73.15446,434.3814,5.221097,5.3272943
72.50279,435.13965,5.2526755,5.3424597
71.85434,435.90063,5.2815275,5.346066
71.209206,436.66446,5.3103795,5.3496723
70.56745,437.43112,5.339231,5.353279
69.929184,438.20065,5.368083,5.3568854
69.29448,438.97318,5.3966107,5.358917
68.66343,439.74866,5.4246793,5.3587165
68.03611,440.52716,5.452748,5.358516
67.41262,441.30875,5.4808164,5.3583155
66.793045,442.09344,5.5088844,5.358115
66.17747,442.88126,5.5261955,5.366882
65.56598,443.67227,5.529003,5.387738
64.95869,444.4665,5.5318108,5.4085946
64.35568,445.26398,5.5346184,5.4294515
63.757057,446.06476,5.537426,5.450308
63.16292,446.8689,5.5350356,5.4756546
62.573357,447.67636,5.526014,5.50673
61.988434,448.4872,5.5169916,5.537806
61.408226,449.30145,5.50797,5.5688815
60.832798,450.11905,5.498948,5.5999575
60.26223,450.94006,5.487307,5.6404257
59.69665,451.76453,5.472485,5.6923018
59.136257,452.5925,5.4576635,5.7441773
58.581253,453.42413,5.442842,5.796053
58.031845,454.25943,5.4280205,5.8479285
57.48824,455.09854,5.417061,5.882154
56.95075,455.9416,5.4106555,5.8955646
56.41979,456.78873,5.4042506,5.9089756
55.89579,457.64023,5.3978453,5.9223866
55.37919,458.49622,5.39144,5.935797
54.870426,459.3569,5.3916154,5.919638
54.36992,460.2224,5.3994255,5.8691745
53.878067,461.09283,5.407235,5.818711
53.39527,461.96835,5.4150453,5.7682476
52.921936,462.849,5.422855,5.717785
52.45848,463.7349,5.4265304,5.675401
52.005367,464.62613,5.425529,5.642156
51.56313,465.5228,5.4245276,5.608911
51.132298,466.42502,5.423526,5.5756645
50.71343,467.33282,5.4225245,5.5424175
50.307056,468.2463,5.4201913,5.511768
49.91328,469.1653,5.416393,5.4839773
49.531727,470.08945,5.412594,5.4561877
49.161976,471.01834,5.4087954,5.4283986
48.803616,471.95172,5.404997,5.4006095
48.456215,472.88922,5.39118,5.3696413
48.119274,473.83054,5.366258,5.3351493
47.792187,474.77533,5.341336,5.3006563
47.474354,475.72327,5.316413,5.266164
47.165154,476.67404,5.2914906,5.231671
46.863968,477.6274,5.2563457,5.193813
46.57018,478.58307,5.209138,5.151983
46.28318,479.5408,5.16193,5.110153
46.002354,480.50034,5.1147223,5.068323
45.72709,481.46152,5.0675144,5.0264935
45.456768,482.42407,5.031284,4.999236
45.190887,483.38788,5.009119,4.9906497
44.929104,484.35278,4.9869537,4.9820633
44.671062,485.31873,4.9647884,4.973477
44.416416,486.28555,4.9426236,4.96489
44.16482,487.2532,4.9367275,4.9777675
43.915997,488.22153,4.9523554,5.0190406
43.66976,489.19055,4.967983,5.0603137
43.425926,490.16016,4.9836106,5.1015873
43.184315,491.13034,4.9992385,5.1428604
42.944736,492.101,5.014173,5.17182
42.706993,493.07214,5.0282235,5.185068
42.470856,494.04364,5.042274,5.1983156
42.23609,495.0155,5.0563245,5.211563
42.002476,495.98764,5.070375,5.2248106
41.76978,496.96,5.0842443,5.2341123
41.537773,497.9325,5.0978985,5.2387304
41.30623,498.90512,5.111553,5.2433486
41.07492,499.8778,5.1252074,5.2479672
40.84362,500.85046,5.1388617,5.2525854
40.612106,501.82312,5.1525097,5.2572017
40.380157,502.79562,5.166151,5.261816
40.147575,503.768,5.1797924,5.26643
39.914154,504.74017,5.1934333,5.271044
39.6797,505.71213,5.2070746,5.2756577
39.444004,506.68375,5.2208967,5.280463
39.20682,507.655,5.234906,5.2854667
38.96786,508.62582,5.2489157,5.2904696
38.726826,509.59613,5.2629247,5.295473
38.48342,510.56586,5.276934,5.3004766
38.23737,511.5349,5.2979326,5.314067
37.988564,512.5033,5.326043,5.336396
37.737103,513.47095,5.354154,5.358725
37.48308,514.4379,5.3822646,5.381054
37.226597,515.4043,5.410375,5.4033833
36.967777,516.37,5.4385357,5.425676
36.707462,517.3353,5.4667497,5.4479294
36.44723,518.30066,5.4949636,5.4701824
36.18871,519.2665,5.5231776,5.492436
35.933517,520.23315,5.5513906,5.5146885
35.68328,521.2011,5.5724196,5.54006
35.43956,522.1708,5.584551,5.569295
35.203846,523.1424,5.5966825,5.5985293
34.977634,524.1163,5.608814,5.6277647
34.762432,525.09265,5.6209455,5.656999
34.559757,526.07166,5.619909,5.6919346
34.37114,527.0535,5.6005726,5.734793
34.198147,528.0382,5.5812364,5.777651
34.042355,529.0258,5.5619,5.8205094
33.905365,530.0162,5.542565,5.8633666
33.78877,531.00916,5.5233254,5.9062676
33.69416,532.00446,5.504228,5.9492364
33.62313,533.0017,5.4851313,5.992204
33.57728,534.0004,5.4660335,6.0351744
33.558228,535,5.4469357,6.0781446
33.56759,535.99976,5.4330325,6.130426
33.607265,536.9987,5.427786,6.198229
33.679577,537.99585,5.422539,6.266029
33.786877,538.9898,5.4172935,6.3338227
33.931458,539.97906,5.41205,6.4015903
34.115536,540.96173,5.4376855,6.4723015
34.341957,541.9355,5.5062757,6.547146
34.614513,542.8973,5.5748816,6.622008
34.937035,543.8435,5.643534,6.6969204
35.31315,544.7697,5.7122116,6.77186
35.74583,545.6709,5.8621206,6.771947
36.23454,546.5429,6.0607467,6.727055
36.776596,547.3829,6.259274,6.682185
37.369473,548.18774,6.4578424,6.637306
38.010826,548.9545,6.6566033,6.592384
38.697845,549.6807,6.7251005,6.5889196
39.424747,550.367,6.7795124,6.5899386
40.185158,551.016,6.8338842,6.5909567
40.973343,551.63104,6.888217,6.5919743
41.784252,552.21576,6.942554,6.592992
42.613743,552.77386,6.9128156,6.6354885
43.45917,553.30756,6.8823557,6.678365
44.318367,553.8188,6.8518844,6.7212586
45.18933,554.3097,6.8214083,6.764158
46.070217,554.7826,6.7909293,6.8070617
46.959354,555.23975,6.783914,6.852188
47.855236,555.6836,6.781426,6.8977447
48.756474,556.11646,6.7789373,6.943297
49.661777,556.5408,6.7764497,6.988844
50.569916,556.959,6.773962,7.034386
51.479782,557.3734,6.786913,7.0805516
52.391262,557.78424,6.809602,7.1271133
53.304935,558.19025,6.8322935,7.1736803
54.221382,558.5899,6.8549876,7.220253
55.14116,558.9818,6.8776846,7.266831
56.064793,559.36456,6.931829,7.2349896
56.992905,559.7363,7.0121713,7.137818
57.92619,560.0949,7.0925045,7.0406566
58.865242,560.43805,7.172814,6.9435244
59.810547,560.7636,7.253074,6.8464513
60.762512,561.0691,7.234263,6.819399
61.722046,561.3499,7.135141,6.8490953
62.69026,561.59906,7.035975,6.878805
63.667633,561.80927,6.9367375,6.908536
64.65381,561.97314,6.8374863,6.938271
65.64739,562.0833,6.714851,6.973065
66.64572,562.13513,6.574786,7.0116243
67.64533,562.12573,6.4347844,7.0501666
68.64226,562.0522,6.294763,7.088714
69.63191,561.91144,6.154725,7.1272664
70.60912,561.70105,5.9943795,6.964072
71.56897,561.4219,5.828159,6.7418833
72.50698,561.0764,5.661955,6.519717
73.41877,560.6667,5.4956617,6.2974315
74.299934,560.19464,5.3314695,6.074748
75.146706,559.6634,5.265013,5.846663
75.95851,559.0801,5.198566,5.61861
76.736626,558.45245,5.1321816,5.390771
77.483246,557.7876,5.065836,5.1630664
78.201195,557.09186,5.010668,4.966926
78.89399,556.37103,5.022272,4.9594517
79.56628,555.63104,5.033888,4.9519706
80.223335,554.8775,5.0455055,4.944488
80.8708,554.11566,5.057122,4.937006
81.51449,553.3506,5.0691967,4.9312716
82.15907,552.5863,5.0880346,4.951287
82.8051,551.82324,5.1068735,4.971303
83.45227,551.06116,5.125713,4.9913197
84.10029,550.2998,5.1445527,5.0113373
84.74886,549.53894,5.163392,5.0313544
85.39776,548.7783,5.1823535,5.051501
86.047,548.018,5.2013187,5.071651
86.6967,547.25806,5.2202835,5.091801
87.34696,546.4986,5.2392483,5.111951
87.997894,545.7397,5.258213,5.132101
88.64958,544.9815,5.252976,5.131839
89.302055,544.22394,5.245221,5.1294527
89.955315,543.46704,5.237467,5.1270666
90.609375,542.7109,5.229712,5.1246805
91.26422,541.9554,5.221957,5.1222944
91.91986,541.20056,5.199954,5.1077943
92.57628,540.4464,5.1759458,5.091588
93.23344,539.69293,5.151937,5.075382
93.8913,538.94006,5.1279283,5.0591764
94.549835,538.18774,5.1039195,5.0429707
95.209015,537.43604,5.079808,5.0266953
95.86878,536.6848,5.0556827,5.010411
96.5291,535.9341,5.031557,4.994126
97.189896,535.1838,5.0074315,4.9778414
97.85113,534.43384,4.983306,4.9615564
98.51274,533.68427,4.9592943,4.945408
99.17468,532.935,4.9352956,4.929274
99.83691,532.1859,4.9112964,4.9131403
100.49937,531.4371,4.887297,4.8970065
101.162,530.6884,4.863298,4.8808727
101.824776,529.9399,4.839077,4.8645267
102.48763,529.1914,4.8148427,4.848169
103.15052,528.44293,4.790609,4.831811
103.813385,527.69446,4.766375,4.815453
104.47618,526.9459,4.7421412,4.799095
105.138855,526.19727,4.718117,4.7827435
105.80136,525.4485,4.694094,4.7663918
106.46364,524.69946,4.6700716,4.75004
107.12565,523.95026,4.6460485,4.7336884
107.78734,523.2007,4.62202,4.717338
108.44865,522.45087,4.5978465,4.7010217
109.109535,521.7006,4.5736732,4.684705
109.76995,520.95,4.5495005,4.668388
110.42984,520.1989,4.525327,4.652071
111.08915,519.44727,4.503613,4.635958
111.74783,518.6951,4.5116396,4.622313
112.40585,517.9424,4.5196657,4.608668
113.06315,517.189,4.5276923,4.595023
113.71969,516.435,4.535719,4.581378
114.375435,515.68024,4.5440936,4.5677767
115.030365,514.9248,4.5558734,4.5545993
115.68461,514.1688,4.567653,4.541422
116.3383,513.4123,4.579433,4.5282445
116.99159,512.65546,4.5912127,4.5150676
117.644615,511.89838,4.6029882,4.501878
118.29751,511.14117,4.6147213,4.4885535
118.95041,510.38397,4.626455,4.4752297
119.60345,509.62692,4.638188,4.4619055
120.25675,508.8701,4.649921,4.448581
120.91046,508.1136,4.6616526,4.435259
121.564705,507.35757,4.6733575,4.421967
122.21962,506.6021,4.6850624,4.4086747
122.87533,505.84738,4.6967673,4.395383
123.53197,505.0934,4.7084727,4.3820906
124.189674,504.3404,4.720177,4.3687987
124.848564,503.58844,4.7318716,4.3555183
125.50877,502.83762,4.743566,4.3422384
126.17043,502.08807,4.7552605,4.3289585
126.83368,501.33994,4.766955,4.315678
127.49863,500.5933,4.7786493,4.302398
128.1654,499.8483,4.790157,4.2894964
128.83415,499.10507,4.8016586,4.2766066
129.50499,498.36374,4.8131604,4.2637167
130.17805,497.62442,4.824662,4.250827
130.85345,496.88724,4.836164,4.237937
131.53131,496.1523,4.8316584,4.285261
132.21178,495.4198,4.8258977,4.3373055
132.89496,494.68982,4.820137,4.3893504
133.581,493.96252,4.8143764,4.441395
134.26999,493.238,4.8086157,4.493439
134.96208,492.51648,4.8028407,4.5454316
135.65738,491.79803,4.797065,4.5974174
136.356,491.08282,4.7912884,4.6494036
137.05809,490.371,4.7855124,4.7013893
137.76375,489.66275,4.779736,4.753375
138.4731,488.95816,4.7737684,4.8055153
139.18626,488.25745,4.7677727,4.857678
139.90335,487.56073,4.761777,4.909841
140.62447,486.8682,4.755781,4.9620037
141.34973,486.18002,4.7497854,5.0141664
142.07925,485.49634,4.779158,5.046277
142.81314,484.81738,4.813863,5.0753646
143.55151,484.14325,4.8485675,5.1044526
144.29445,483.4742,4.883272,5.13354
145.04207,482.81036,4.9179764,5.1626277
145.79446,482.15195,4.955641,5.190207
146.55173,481.49915,4.9936924,5.2175884
147.31396,480.85214,5.0317445,5.2449694
148.08124,480.21115,5.0697966,5.272351
148.85365,479.57635,5.107848,5.299732
149.63129,478.94794,5.1095185,5.3062596
150.41422,478.32614,5.107903,5.3109045
151.2025,477.71115,5.1062875,5.315549
151.99623,477.1032,5.104672,5.3201933
152.79544,476.5025,5.1030564,5.324838
153.60022,475.90927,5.0885525,5.321876
154.4106,475.3237,5.073583,5.3186398
155.22662,474.746,5.058614,5.315403
156.04831,474.17642,5.0436444,5.312166
156.8757,473.61517,5.031201,5.3075504
157.70883,473.06244,5.132531,5.2408056
158.5477,472.5185,5.233861,5.1740613
159.39236,471.98355,5.3351912,5.107317
160.24283,471.4579,5.436522,5.0405726
161.09909,470.94174,5.534486,4.9767804
161.96115,470.43533,5.5923734,4.948139
162.82892,469.93878,5.6502604,4.9194984
163.7023,469.45215,5.7081475,4.890857
164.5812,468.9756,5.7660346,4.8622165
165.46553,468.50912,5.813278,4.842787
166.35513,468.05283,5.782154,4.89118
167.24986,467.60666,5.75103,4.939573
168.14949,467.1705,5.719906,4.9879656
169.05386,466.7442,5.688782,5.036358
169.96278,466.3277,5.659462,5.0828533
170.87608,465.9209,5.641266,5.1176453
171.7936,465.5237,5.6230702,5.1524377
172.7152,465.13608,5.604874,5.1872296
173.64073,464.75793,5.586678,5.222022
174.57005,464.38922,5.570614,5.254537
175.50304,464.02985,5.5678244,5.27287
176.43953,463.67972,5.5650344,5.291203
177.37941,463.3388,5.5622444,5.309536
178.32256,463.00705,5.559455,5.3278694
179.26884,462.68433,5.5577884,5.3478694
180.21814,462.37057,5.5643497,5.3800793
181.17033,462.06573,5.570911,5.4122896
182.1253,461.76974,5.577472,5.4445
183.08298,461.4825,5.5840335,5.4767103
184.0432,461.204,5.5913873,5.5100894
185.00589,460.93417,5.606686,5.5551915
185.97096,460.6729,5.621985,5.6002936
186.9383,460.42017,5.637284,5.6453958
187.9078,460.17593,5.652583,5.690498
188.8794,459.94012,5.6679974,5.734743
189.85298,459.71265,5.6853027,5.764977
190.82846,459.4935,5.7026076,5.795211
191.80577,459.28262,5.7199125,5.825445
192.78482,459.07996,5.7372174,5.855679
193.76552,458.88544,5.7545905,5.885476
194.74779,458.69907,5.7741427,5.9012375
195.73157,458.52075,5.793695,5.916999
196.71678,458.35056,5.813247,5.9327607
197.70335,458.18845,5.8327994,5.948522
198.69122,458.03442,5.852267,5.9639206
199.68031,457.88852,5.867079,5.959517
200.67056,457.75067,5.8818913,5.9551134
201.66193,457.62097,5.8967032,5.95071
202.6543,457.49936,5.911515,5.946306
203.64764,457.3859,5.926226,5.9414496
204.64188,457.28055,5.936457,5.9165745
205.63695,457.18335,5.946688,5.8916993
206.63277,457.0943,5.956919,5.866824
207.62929,457.01337,5.96715,5.841949
208.62643,456.94058,5.977494,5.8181195
209.62415,456.87592,5.990749,5.821333
210.62236,456.8194,6.004004,5.8245463
211.62099,456.77097,6.017259,5.8277597
212.61996,456.73068,6.0305142,5.830973
213.61925,456.69846,6.0439095,5.835598
214.61876,456.67438,6.059577,5.863116
215.61844,456.65836,6.075244,5.890634
216.61821,456.6504,6.0909114,5.918152
217.61801,456.6505,6.1065784,5.94567
218.61778,456.65863,6.122181,5.9712396
219.61745,456.6748,6.137032,5.97425
220.61696,456.69897,6.1518826,5.97726
221.61624,456.73114,6.1667337,5.9802704
222.61525,456.77127,6.181585,5.9832807
223.61389,456.81937,6.196356,5.985012
224.61212,456.87537,6.2103786,5.9747953
225.60988,456.93927,6.2244015,5.9645786
226.6071,457.01105,6.238425,5.954362
227.60373,457.09067,6.2524476,5.944145
228.5997,457.17807,6.2634487,5.936258
229.59496,457.27325,6.2486567,5.9482512
230.58946,457.37613,6.233865,5.960245
231.58313,457.48663,6.2190723,5.9722385
232.57594,457.60468,6.2042804,5.984232
233.56783,457.73022,6.187532,5.9976926
234.55875,457.86322,6.153598,6.0240417
235.54866,458.00357,6.1196632,6.0503907
236.53748,458.15128,6.085729,6.07674
237.52519,458.3063,6.0517945,6.103089
238.51173,458.46866,6.020132,6.124969
239.49704,458.6382,6.0107536,6.1030188
240.48111,458.8149,6.001375,6.081069
241.4639,458.9986,5.9919963,6.0591197
242.44536,459.1892,5.982618,6.03717
243.42549,459.38657,5.9734983,6.0146847
244.40424,459.5907,5.967307,5.986127
245.38147,459.8019,5.9611163,5.957568
246.35706,460.0206,5.954925,5.92901
247.33086,460.2472,5.9487343,5.900451
248.30267,460.48203,5.943842,5.871179
249.27235,460.72562,5.9552546,5.8329363
250.23964,460.97852,5.966667,5.7946935
251.20425,461.24142,5.9780803,5.7564507
252.16591,461.51498,5.989493,5.7182083
253.12427,461.7998,6.000478,5.6811204
254.07901,462.09656,6.0065026,5.6574235
255.02975,462.40588,6.012527,5.6337266
255.97607,462.7285,6.018552,5.61003
256.91754,463.06494,6.024576,5.586333
257.8537,463.41595,6.0275145,5.570993
258.7841,463.782,6.0026007,5.6310673
259.70828,464.16333,5.977688,5.6911397
260.626,464.56006,5.952775,5.751212
261.53687,464.9723,5.9278617,5.8112855
262.44046,465.40018,5.9069085,5.866652
263.3365,465.84372,5.9143243,5.8882976
264.2248,466.30255,5.9217396,5.909943
265.10526,466.77618,5.9291553,5.9315877
265.97787,467.2642,5.93657,5.9532323
266.84253,467.76617,5.950815,5.966896
267.69916,468.28168,6.0096073,5.928501
268.54767,468.81046,6.068401,5.8901057
269.38797,469.3522,6.1271944,5.85171
270.21997,469.90662,6.185988,5.813314
271.04358,470.47345,6.2376084,5.7785187
271.8587,471.05237,6.2422056,5.767326
272.66528,471.64316,6.246803,5.7561326
273.4632,472.24554,6.2513995,5.74494
274.25244,472.8593,6.2559967,5.733747
275.0329,473.4842,6.2558875,5.7249312
275.80457,474.1199,6.2240567,5.732138
276.56747,474.7661,6.1922255,5.739345
277.32172,475.4224,6.1603947,5.746552
278.0674,476.08838,6.128564,5.7537594
278.80466,476.7637,6.0967565,5.760967
279.53357,477.44803,6.0651016,5.7681794
280.2543,478.14093,6.0334473,5.7753916
280.96704,478.84207,6.0017924,5.782604
281.672,479.55106,5.9701376,5.789817
282.36932,480.26752,5.941085,5.791741
283.05927,480.99112,5.927664,5.7618937
283.742,481.7215,5.9142423,5.7320466
284.41782,482.4583,5.900821,5.7021995
285.08688,483.20123,5.8874,5.672353
285.7495,483.94992,5.875487,5.639487
286.40588,484.7041,5.872081,5.589594
287.05615,485.46353,5.8686743,5.5397005
287.70053,486.228,5.8652678,5.489807
288.3391,486.99728,5.8618617,5.4399137
288.9721,487.77118,5.852654,5.3931923
289.59967,488.5495,5.812975,5.3631325
290.22192,489.33206,5.773296,5.3330727
290.83896,490.11874,5.733617,5.303013
291.45093,490.9094,5.693938,5.272953
292.05792,491.70383,5.6496696,5.245448
292.66013,492.50195,5.582979,5.2304277
293.25763,493.30356,5.5162888,5.2154074
293.8506,494.10855,5.4495983,5.200387
294.43918,494.91675,5.382908,5.1853666
295.02353,495.728,5.3161936,5.1703134
295.6038,496.54218,5.249367,5.1551075
296.18015,497.35916,5.182541,5.1399016
296.7527,498.17877,5.1157146,5.124696
297.32162,499.00095,5.048888,5.1094894
297.88705,499.82547,4.9943213,5.0966787
298.4492,500.65228,4.9961205,5.0948796
299.00818,501.48123,4.9979196,5.0930805
299.56415,502.3122,4.9997187,5.0912814
300.11725,503.14508,5.001518,5.0894823
300.6677,503.9797,5.0061655,5.0882816
301.21564,504.816,5.0241466,5.0898795
301.7612,505.65384,5.042127,5.091478
302.30457,506.4931,5.060108,5.093076
302.8459,507.33368,5.0780888,5.0946746
303.3853,508.17548,5.09607,5.0962386
303.92303,509.01837,5.114051,5.097637
304.45923,509.86224,5.1320324,5.0990357
304.99402,510.70697,5.150014,5.1004343
305.52765,511.5525,5.167995,5.101833
306.06024,512.3986,5.1859784,5.103265
306.59195,513.2453,5.203972,5.104864
307.12286,514.0925,5.2219653,5.1064634
307.65298,514.9402,5.2399583,5.1080627
308.18237,515.7883,5.2579517,5.1096625
308.7111,516.6369,5.275489,5.1111636
309.2391,517.4859,5.290694,5.112164
309.7665,518.33527,5.3058996,5.1131644
310.2933,519.18506,5.3211045,5.114165
310.8195,520.0352,5.33631,5.115165
311.3451,520.8857,5.348967,5.115834
311.87015,521.7366,5.348767,5.1148334
312.39465,522.5877,5.3485665,5.113833
312.91867,523.4392,5.3483663,5.112832
313.44217,524.291,5.348166,5.111831
313.9652,525.14307,5.347966,5.110796
314.48782,525.9954,5.347766,5.109595
315.01,526.848,5.3475657,5.108393
315.53183,527.70087,5.3473654,5.107192
316.05328,528.5539,5.347165,5.1059904
316.57437,529.40717,5.346965,5.1048245
317.09515,530.2606,5.3467646,5.103823
317.61563,531.11426,5.3465643,5.102822
318.13583,531.9681,5.346364,5.1018205
318.65582,532.822,5.3461637,5.100819
319.17557,533.67615,5.3459635,5.0997815
319.6951,534.53033,5.345763,5.0985804
320.21448,535.38464,5.345563,5.0973787
320.73367,536.2391,5.345363,5.0961776
321.25278,537.09357,5.345163,5.094976
321.77176,537.9481,5.3449626,5.093775
322.29068,538.80273,5.3447623,5.0925736
322.80954,539.65735,5.344562,5.0913725
323.32837,540.512,5.344362,5.090172
323.8472,541.36664,5.344162,5.0889707
324.36603,542.2213,5.3439617,5.087808
324.8849,543.0759,5.3437614,5.0868077
325.40378,543.93054,5.3435616,5.085807
325.92273,544.78516,5.3433614,5.0848064
326.44168,545.6397,5.343161,5.083806
326.96063,546.49426,5.342922,5.082767
327.4796,547.3488,5.342522,5.081567
327.99863,548.20337,5.342122,5.0803666
328.51764,549.0579,5.341722,5.079167
329.03668,549.9124,5.3413224,5.0779667
329.5557,550.76697,5.340961,5.0768056
330.07474,551.62146,5.340761,5.0758057
330.59375,552.476,5.3405614,5.074806
331.1128,553.33057,5.340361,5.0738063
331.6318,554.18506,5.3401613,5.0728064
332.15082,555.0396,5.3399615,5.0717683
332.66983,555.89417,5.3397613,5.0705686
333.1888,556.7487,5.3395615,5.0693693
333.70776,557.6033,5.3393617,5.0681696
334.2267,558.4578,5.339162,5.0669703
334.74564,559.31244,5.3389616,5.0658092
335.26453,560.16705,5.338762,5.06481
335.78342,561.02167,5.338562,5.0638103
336.30225,561.87634,5.338362,5.062811
336.821,562.731,5.3381624,5.0618114
337.33978,563.5857,5.337962,5.0607743
337.8585,564.4404,5.3377624,5.059575
338.37717,565.29517,5.3375626,5.058376
338.89578,566.14996,5.337363,5.0571766
339.41437,567.00476,5.337163,5.0559773
339.93286,567.85956,5.336963,5.054815
340.45132,568.7145,5.336763,5.0538154
340.96973,569.5694,5.336563,5.0528164
341.48807,570.4243,5.3363633,5.051817
342.00632,571.2793,5.3361635,5.0508175
342.52454,572.13434,5.3359637,5.0497813
343.04266,572.98944,5.3357635,5.048582
343.5607,573.84454,5.3355637,5.0473824
344.07867,574.6997,5.335364,5.046183
344.59656,575.55493,5.335164,5.044984
345.11438,576.4102,5.334964,5.0438204
345.6321,577.2655,5.334764,5.0428205
346.14972,578.1209,5.334564,5.0418205
346.66727,578.9763,5.3343644,5.040821
347.18472,579.8318,5.334164,5.039821
347.70206,580.6874,5.3339643,5.0387855
348.2193,581.54297,5.333764,5.0375857
348.73642,582.3987,5.3335643,5.0363855
349.25345,583.2544,5.333364,5.0351853
349.77036,584.1102,5.333164,5.0339856
350.28717,584.96606,5.3329644,5.032821
350.80383,585.822,5.332764,5.031821
351.3204,586.67804,5.332564,5.0308204
351.83685,587.5341,5.332364,5.02982
352.35315,588.3903,5.332164,5.0288196
352.86935,589.2466,5.3319273,5.0277824
353.3854,590.1029,5.331527,5.026582
353.9013,590.9593,5.3311267,5.0253806
354.41708,591.8158,5.3307266,5.0241795
354.9327,592.67236,5.330326,5.0229783
355.4482,593.52905,5.3299627,5.021777
355.96353,594.3858,5.3297625,5.0205755
356.47873,595.2427,5.329562,5.019374
356.99374,596.0996,5.329362,5.018172
357.50864,596.95667,5.3291616,5.01697
358.02335,597.8138,5.3289614,5.015807
358.5379,598.671,5.328761,5.014805
359.0523,599.5283,5.3285604,5.013803
359.56653,600.38574,5.32836,5.0128007
360.08054,601.2433,5.32816,5.011799
360.5944,602.10095,5.3279595,5.010756
361.108,602.95874,5.327759,5.009553
361.6214,603.8167,5.3275585,5.00835
362.13455,604.67474,5.327358,5.007147
362.64743,605.533,5.3271575,5.005944
363.16003,606.3914,5.3269567,5.004784
363.6723,607.25,5.3267565,5.003782
364.1843,608.10876,5.3265557,5.0027795
364.69592,608.9677,5.3263555,5.001777
365.20718,609.8269,5.3261547,5.000775
365.71808,610.68634,5.3259544,4.999727
366.2286,611.54596,5.325754,4.9985247
366.7387,612.4059,5.325554,4.9973226
367.24838,613.266,5.3253536,4.996121
367.7576,614.1264,5.325153,4.994919
368.26636,614.98706,5.3248587,4.9940944
368.77463,615.8481,5.3242583,4.9944944
369.2824,616.7093,5.323658,4.994895
369.7897,617.57086,5.3230577,4.995295
370.29645,618.43274,5.3224573,4.995695
370.80267,619.2949,5.3217144,4.9968095
371.30832,620.1574,5.3205156,5.000205
371.81342,621.02026,5.3193173,5.003601
372.31787,621.8835,5.3181186,5.0069966
372.82166,622.7471,5.3169203,5.0103927
373.32477,623.6111,5.315676,5.0137863
373.82718,624.47546,5.314281,5.0171742
374.32892,625.3403,5.312886,5.020562
374.83008,626.2054,5.311491,5.02395
375.33066,627.07086,5.3100963,5.027338
375.83075,627.9366,5.3087444,5.0306816
376.33023,628.80273,5.307552,5.0338616
376.82877,629.6694,5.3063593,5.0370417
377.32587,630.5368,5.3051667,5.040222
377.8212,631.40533,5.303974,5.043402
378.31424,632.2751,5.302745,5.046619
378.80457,633.1464,5.3013535,5.049999
379.2914,634.01965,5.2999616,5.053379
379.77414,634.8952,5.2985697,5.056759
380.25198,635.77344,5.297178,5.060139
380.7242,636.65466,5.295816,5.0635214
381.1901,637.5393,5.294617,5.066918
381.6489,638.4276,5.2934184,5.070314
382.0999,639.3199,5.29222,5.07371
382.54242,640.21643,5.2910213,5.0771065
382.97562,641.11755,5.297979,5.081191
383.39877,642.0234,5.35191,5.0892406
383.81104,642.9342,5.405841,5.0972896
384.21158,643.8503,5.459772,5.105339
384.59955,644.7717,5.513704,5.1133885
384.97403,645.6987,5.572039,5.129263
385.3342,646.6314,5.650632,5.181118
385.6791,647.5698,5.7292233,5.232972
386.00787,648.514,5.807815,5.2848263
386.31958,649.464,5.8864064,5.3366804
386.61328,650.4196,5.963597,5.408203
386.88806,651.3809,6.036399,5.5414376
387.14304,652.34766,6.1091995,5.674669
387.37732,653.3196,6.1820016,5.807903
387.58994,654.2965,6.2548046,5.9411383
387.78003,655.2781,6.328384,6.0683565
387.9468,656.26385,6.403689,6.1822176
388.08972,657.25336,6.4789906,6.296074
388.20825,658.2461,6.554292,6.40993
388.30194,659.24146,6.6295934,6.5237856
388.37018,660.2389,6.685888,6.609421
388.41257,661.2378,6.703698,6.637917
388.42868,662.2374,6.721508,6.666413
388.41818,663.2372,6.739318,6.6949086
388.3807,664.2362,6.7571273,6.723404
388.31583,665.2339,6.759195,6.728478
388.2231,666.2294,6.720212,6.6724772
388.10187,667.22174,6.681229,6.6164765
387.9513,668.21014,6.6422462,6.560476
387.77075,669.1934,6.603266,6.504478
387.55948,670.17065,6.593727,6.4546123
387.31677,671.1405,6.686477,6.4260273
387.04163,672.1016,6.7792253,6.3974433
386.733,673.05255,6.871985,6.368856
386.38998,673.99164,6.964755,6.3402653
386.01166,674.91705,7.0253835,6.3407865
385.59753,675.82697,6.9728813,6.4437714
385.14786,676.71985,6.920387,6.5467415
384.663,677.5942,6.8678966,6.649703
384.14334,678.44824,6.8154097,6.752658
383.5893,679.2804,6.7612743,6.8344755
383.0015,680.0891,6.702628,6.8586235
382.38107,680.87305,6.6439815,6.8827724
381.72903,681.63086,6.5853243,6.906925
381.04645,682.3613,6.526647,6.9310865
380.33438,683.06305,6.519575,6.863656
379.5949,683.7359,6.6120076,6.619674
378.8315,684.3814,6.70442,6.375746
378.04752,685.00183,6.7967978,6.1319094
377.246,685.5994,6.8891597,5.8881154
376.4297,686.17664,6.896243,5.746927
375.60074,686.7356,6.7841234,5.749149
374.76065,687.27765,6.671973,5.751372
373.91086,687.8044,6.559814,5.753595
373.05267,688.3173,6.447656,5.7558174
372.18732,688.81805,6.3965955,5.7948775
371.31552,689.3075,6.414959,5.8757963
370.43756,689.7859,6.433322,5.956716
369.5537,690.25323,6.4516854,6.0376363
368.6642,690.7097,6.4700494,6.118558
367.7693,691.15546,6.489614,6.2000446
366.86926,691.5908,6.510321,6.2820673
365.96448,692.01624,6.531028,6.36409
365.0553,692.4321,6.551734,6.4461107
364.1421,692.8391,6.57244,6.528132
363.22513,693.2377,6.5788765,6.573324
362.30475,693.6282,6.573074,6.58693
361.3812,694.0111,6.5672717,6.600536
360.45468,694.38684,6.561469,6.614142
359.52545,694.75586,6.5556664,6.6277475
358.59375,695.1185,6.544168,6.626353
357.65976,695.4753,6.5278273,6.612204
356.7237,695.82654,6.511486,6.598055
355.78577,696.1728,6.4951453,6.583906
354.84616,696.51447,6.478804,6.5697575
353.9051,696.85205,6.462378,6.5556245
352.96268,697.1859,6.4458737,6.5415063
352.0191,697.51654,6.4293694,6.527388
351.07455,697.84424,6.412865,6.5132704
350.12915,698.16956,6.396361,6.499152
349.18304,698.49286,6.3799515,6.485031
348.23642,698.8146,6.3636394,6.470907
347.2894,699.1352,6.3473268,6.4567833
346.3422,699.4552,6.3310146,6.4426594
345.39496,699.7751,6.3147025,6.428535
344.44785,700.0954,6.2983665,6.4143906
343.50095,700.4163,6.282003,6.400222
342.55435,700.7381,6.2656393,6.3860536
341.60806,701.06085,6.2492757,6.371885
340.66217,701.3847,6.232912,6.3577166
339.7167,701.70984,6.2165217,6.343525
338.77167,702.0362,6.2001,6.329306
337.8271,702.36383,6.1836786,6.3150873
336.8829,702.6927,6.167257,6.300869
335.93912,703.0227,6.1508355,6.28665
334.99576,703.3538,6.1343966,6.2724166
334.05273,703.68604,6.1179376,6.2581654
333.11014,704.0193,6.1014786,6.243914
332.16788,704.35364,6.0850196,6.2296634
331.226,704.6891,6.0685606,6.215412
330.28455,705.0255,6.0519977,6.2011547
329.3434,705.36304,6.0353217,6.1868896
328.40268,705.7016,6.018646,6.1726246
327.4623,706.0412,6.00197,6.15836
326.5223,706.3818,5.985294,6.144095
325.58264,706.7233,5.968722,6.1298323
324.64334,707.0658,5.9522524,6.115572
323.70438,707.40924,5.935783,6.1013117
322.76575,707.75366,5.919313,6.087052
321.82748,708.09894,5.9028435,6.0727916
320.88953,708.4452,5.886388,6.058543
319.9519,708.7923,5.869945,6.0443063
319.01462,709.14026,5.8535023,6.030069
318.07764,709.4891,5.837059,6.0158315
317.14096,709.8387,5.8206162,6.0015945
316.20456,710.1891,5.8041987,5.9873796
315.26846,710.5403,5.7878036,5.9731836
314.33267,710.8923,5.771408,5.958987
313.3972,711.24506,5.7550125,5.9447913
312.462,711.5987,5.7386174,5.9305954
311.52713,711.9531,5.7222548,5.9164276
310.5925,712.3082,5.70592,5.9022846
309.658,712.6636,5.689586,5.8881416
308.72342,713.01886,5.673252,5.8739986
307.7887,713.37366,5.656918,5.8598557
306.85367,713.7277,5.641112,5.8450093
305.91818,714.0805,5.625803,5.8295016
304.9821,714.4317,5.6104937,5.813994
304.04523,714.7808,5.595185,5.7984858
303.10745,715.1275,5.5798755,5.782978
302.1686,715.47125,5.570551,5.760701
301.22855,715.8117,5.567566,5.731252
300.28714,716.1484,5.5645814,5.7018037
299.34424,716.4809,5.561597,5.6723547
298.39975,716.8088,5.5586123,5.642906
297.45352,717.1317,5.5556235,5.6135097
296.50543,717.44916,5.55263,5.5841737
295.55542,717.7607,5.5496364,5.5548377
294.60333,718.0658,5.5466433,5.5255017
293.64905,718.36414,5.5436497,5.4961658
292.69254,718.65515,5.5406504,5.466775
291.7337,718.9384,5.5376444,5.437317
290.77246,719.2134,5.534639,5.4078593
289.80878,719.47974,5.531633,5.3784013
288.84262,719.7369,5.528627,5.348943
287.87393,719.9843,5.5380764,5.309371
286.9027,720.2216,5.5622196,5.257865
285.92892,720.4482,5.586363,5.206359
284.95258,720.6635,5.6105065,5.1548524
283.9737,720.86694,5.63465,5.103346
282.9923,721.058,5.6613793,5.05809
282.00854,721.2362,5.6908154,5.0193796
281.02246,721.40137,5.7202516,4.9806695
280.03427,721.55316,5.749687,4.9419594
279.04407,721.69135,5.7791233,4.9032483
278.05203,721.8157,5.761147,4.926121
277.05835,721.9261,5.7008877,5.0039144
276.06323,722.02264,5.640629,5.081707
275.06686,722.10565,5.5803704,5.1594987
274.0695,722.17505,5.520112,5.2372904
273.07126,722.2311,5.49229,5.2801204
272.0724,722.2738,5.489272,5.296215
271.07303,722.30334,5.486254,5.3123097
270.07336,722.31976,5.483237,5.3284044
269.07355,722.3231,5.480219,5.344499
268.0738,722.31354,5.4867744,5.361884
267.07425,722.291,5.499817,5.3801436
266.07507,722.25574,5.5128593,5.398403
265.07645,722.2076,5.525902,5.4166627
264.0785,722.1467,5.5389447,5.4349227
263.08142,722.07324,5.5604143,5.4732366
262.0853,721.9874,5.587217,5.5242414
261.09027,721.89,5.614019,5.5752454
260.09634,721.7817,5.6408205,5.6262484
259.1036,721.663,5.667622,5.6772513
258.11206,721.5348,5.691682,5.714957
257.12173,721.3976,5.714009,5.7442617
256.13254,721.2522,5.736336,5.7735662
255.1445,721.0993,5.7586637,5.802871
254.15753,720.93964,5.780991,5.8321757
253.17155,720.7739,5.800686,5.8486304
252.18651,720.60284,5.8185997,5.8563933
251.20227,720.4271,5.836514,5.864156
250.21872,720.2475,5.854428,5.8719187
249.23576,720.06476,5.8723416,5.8796816
248.25325,719.8796,5.8903856,5.8873367
247.27112,719.6925,5.908527,5.8949122
246.28929,719.5037,5.926668,5.9024878
245.30772,719.3136,5.9448094,5.9100633
244.32637,719.12244,5.9629507,5.917639
243.34515,718.93054,5.981118,5.9253364
242.36406,718.738,5.9993067,5.933131
241.38309,718.5449,6.017495,5.9409266
240.40219,718.3514,6.0356836,5.9487214
239.42139,718.1574,6.053872,5.9565167
238.44064,717.9631,6.0720797,5.9643197
237.45996,717.76843,6.0903025,5.9721293
236.47931,717.57367,6.1085253,5.9799395
235.49867,717.37885,6.126748,5.987749
234.51802,717.18414,6.144971,5.9955587
233.53732,716.98956,6.163093,6.0032616
232.55656,716.79535,6.181136,6.01088
231.57573,716.6015,6.1991796,6.018498
230.5948,716.4082,6.2172227,6.0261164
229.61374,716.21545,6.2352657,6.0337343
228.63255,716.02344,6.249188,6.050063
227.6512,715.8322,6.260018,6.0729265
226.66968,715.64197,6.270848,6.09579
225.68794,715.4527,6.2816777,6.1186533
224.706,715.2646,6.2925076,6.1415167
223.72382,715.0777,6.3031006,6.1649613
222.74138,714.89215,6.313525,6.1888175
221.75867,714.70807,6.3239503,6.212674
220.77567,714.5255,6.334375,6.236531
219.79236,714.3446,6.3447995,6.260387
218.80875,714.16547,6.355097,6.2841063
217.82478,713.9881,6.3653083,6.307733
216.84048,713.8128,6.3755198,6.3313594
215.8558,713.6396,6.385731,6.354986
214.87073,713.46857,6.3959427,6.3786125
213.88524,713.2999,6.4062624,6.4023314
212.89937,713.1336,6.4166536,6.4261117
211.91315,712.96936,6.427045,6.449891
210.92664,712.8069,6.437436,6.473671
209.93985,712.646,6.4478273,6.497451
208.95285,712.4865,6.460955,6.5213284
207.96568,712.3281,6.4759197,6.5452714
206.97838,712.1705,6.490884,6.5692143
205.991,712.0134,6.505848,6.593157
205.00357,711.8565,6.5208125,6.6171
204.01616,711.6996,6.5460644,6.641737
203.02881,711.5423,6.5785694,6.6668634
202.04155,711.3844,6.611074,6.69199
201.05443,711.22565,6.6435785,6.717116
200.0675,711.0657,6.6760836,6.7422423
199.08081,710.9043,6.708596,6.767375
198.0944,710.74115,6.7411146,6.792512
197.10832,710.57605,6.7736335,6.8176494
196.12263,710.4087,6.8061523,6.8427863
195.13737,710.2388,6.8386707,6.8679233
194.1526,710.06604,6.871212,6.893078
193.16838,709.8902,6.9037704,6.918246
192.18478,709.71094,6.9363294,6.943414
191.20184,709.5281,6.968888,6.968582
190.21965,709.34125,7.0014467,6.99375
189.23827,709.1502,7.0340366,7.0189424
188.25777,708.95465,7.0666513,7.0441537
187.27824,708.75433,7.099266,7.069365
186.29976,708.54895,7.1318808,7.094577
185.32242,708.33826,7.1644955,7.119788
184.3463,708.1219,7.2033744,7.139904
183.3715,707.89966,7.2472696,7.1559386
182.39815,707.67126,7.2911654,7.1719737
181.4263,707.43646,7.3350616,7.188009
180.45612,707.19495,7.3789577,7.204044
179.48767,706.94653,7.431402,7.212704
178.52103,706.69116,7.490396,7.215714
177.5562,706.429,7.5493894,7.218724
176.59315,706.1604,7.608382,7.2217336
175.63191,705.88544,7.667375,7.224744
174.67244,705.6043,7.7263713,7.2278705
173.71472,705.3173,7.785369,7.2310815
172.75874,705.02454,7.8443675,7.234292
171.80447,704.7262,7.9033656,7.237503
170.8519,704.42255,7.9623637,7.2407136
169.901,704.1137,7.9915295,7.2525783
168.95172,703.7999,8.000755,7.270227
168.00403,703.4813,8.00998,7.2878757
167.0579,703.15814,8.019206,7.3055243
166.1133,702.8305,8.028431,7.323173
165.17017,702.4987,8.023399,7.3449893
164.22845,702.16284,8.009374,7.369435
163.28813,701.8231,7.9953475,7.39388
162.34914,701.4798,7.9813213,7.4183254
161.4114,701.13293,7.9672956,7.442771
160.47491,700.78284,7.953277,7.4672027
159.53958,700.4296,7.939264,7.4916263
158.60536,700.0735,7.92525,7.51605
157.67221,699.7146,7.911237,7.540473
156.74004,699.3531,7.897223,7.5648966
155.8088,698.9892,7.88309,7.58931
154.87845,698.62305,7.8688855,7.613718
153.9489,698.2549,7.8546805,7.638126
153.02007,697.88495,7.840476,7.6625338
152.09189,697.5133,7.8262715,7.6869416
151.16428,697.1403,7.812824,7.707195
150.23721,696.7659,7.799823,7.724996
149.31065,696.39026,7.786822,7.742798
148.38463,696.01337,7.773821,7.760599
147.45908,695.63525,7.76082,7.778401
146.53401,695.2559,7.7527275,7.767253
145.60944,694.8754,7.747527,7.7390504
144.68538,694.4937,7.7423267,7.7108483
143.76183,694.1108,7.7371264,7.6826463
142.83884,693.72644,7.731926,7.6544437
141.91641,693.34076,7.726599,7.6262403
140.99457,692.95374,7.7211986,7.598037
140.07332,692.56525,7.715798,7.569833
139.1527,692.1753,7.710397,7.541629
138.23268,691.78394,7.704996,7.513425
137.3133,691.39105,7.699595,7.485219
136.39456,690.99664,7.694194,7.4570127
135.4765,690.6007,7.6887927,7.428806
134.55911,690.2032,7.683391,7.400599
133.64243,689.8041,7.67799,7.3723927
132.72646,689.4033,7.6725883,7.344184
131.81122,689.0009,7.6671863,7.3159738
130.89671,688.5968,7.6617846,7.2877636
129.98297,688.191,7.6563826,7.259554
129.07,687.78345,7.650981,7.2313437
128.15784,687.37415,7.6455784,7.2032585
127.246475,686.963,7.640176,7.175246
126.33594,686.55005,7.6347733,7.1472325
125.42624,686.13525,7.6293707,7.1192193
124.5174,685.71857,7.623968,7.091206
123.60944,685.2999,7.618693,7.0630646
122.70238,684.87946,7.6134896,7.0348487
121.79623,684.457,7.608287,7.006633
120.89101,684.0325,7.603084,6.9784174
119.98673,683.60596,7.5978813,6.9502015
119.08343,683.1774,7.5925503,6.921985
118.18111,682.7468,7.587147,6.8937683
117.27977,682.31415,7.5817437,6.865551
116.37943,681.8794,7.5763407,6.837334
115.4801,681.44257,7.570937,6.8091173
114.58179,681.00366,7.5656624,6.796304
113.6845,680.5627,7.560459,6.792102
112.78824,680.11957,7.555256,6.787899
111.89301,679.67444,7.5500526,6.7836967
110.998825,679.2272,7.5448494,6.779494
110.1057,678.7778,7.5397754,6.7840624
109.213615,678.32635,7.534772,6.7934685
108.32261,677.8728,7.529769,6.802874
107.43267,677.4171,7.524766,6.81228
106.54381,676.9594,7.519763,6.821686
105.65604,676.4995,7.5146303,6.831221
104.769356,676.0376,7.509427,6.840827
103.88378,675.5735,7.504224,6.850433
102.99931,675.1073,7.4990206,6.8600388
102.11597,674.63904,7.4938173,6.8696446
101.23374,674.1686,7.4887447,6.87912
100.352646,673.6961,7.483742,6.888525
99.472694,673.22144,7.4787393,6.89793
98.59389,672.7446,7.4737363,6.9073353
97.71623,672.26575,7.468734,6.916741
96.839745,671.7847,7.4637313,6.9261456
95.96443,671.30164,7.458729,6.9355497
95.09029,670.81635,7.4537263,6.9449544
94.21734,670.3289,7.448724,6.954359
93.34557,669.8394,7.443722,6.963763
92.47501,669.3477,7.438588,6.9732985
91.60567,668.85394,7.4333863,6.982902
90.73753,668.358,7.4281845,6.9925056
89.87063,667.8599,7.4229827,7.002109
89.00496,667.3597,7.417781,7.0117126
88.140526,666.8573,7.4127107,7.0211835
87.27737,666.3528,7.4077096,7.030586
86.41549,665.84607,7.4027085,7.0399885
85.55493,665.3371,7.397707,7.049391
84.69571,664.82587,7.392706,7.058793
83.83786,664.3123,7.3877044,7.068196
82.981415,663.7965,7.382703,7.0775986
82.12639,663.27826,7.3777018,7.0870013
81.27281,662.7577,7.3727,7.096404
80.42072,662.2347,7.3676987,7.105807
79.57014,661.7092,7.3447256,7.1430917
78.72109,661.1813,7.3125105,7.194716
77.87362,660.6508,7.2802954,7.2463408
77.02773,660.1178,7.24808,7.297965
76.18348,659.5822,7.2158647,7.34959
75.34088,659.044,7.2287445,7.357184
74.49997,658.50323,7.2645717,7.3423724
73.66078,657.9597,7.3003993,7.3275614
72.82334,657.4136,7.3362265,7.31275
71.98768,656.8647,7.3720536,7.297939
71.15383,656.31305,7.413895,7.277118
70.32183,655.7586,7.4587445,7.253292
69.491714,655.20135,7.503594,7.2294655
68.663506,654.6413,7.5484433,7.2056394
67.83724,654.07837,7.5932927,7.1818132
67.012955,653.5126,7.617692,7.179384
66.19069,652.9438,7.632113,7.187396
65.37047,652.3721,7.646534,7.195408
64.55233,651.7974,7.6609545,7.203419
63.73631,651.2197,7.6753755,7.211431
62.922443,650.63904,7.689935,7.219308
62.11077,650.05524,7.7045608,7.2271214
61.301323,649.4684,7.7191863,7.2349353
60.49414,648.8784,7.733812,7.2427487
59.689262,648.2853,7.748437,7.250562
58.88672,647.689,7.7629266,7.2583766
58.086555,647.0896,7.7773542,7.266192
57.288807,646.48694,7.791782,7.274007
56.49351,645.881,7.8062096,7.2818217
55.70071,645.27185,7.820637,7.2896366
54.910442,644.6594,7.8300323,7.29857
54.122746,644.04364,7.8372464,7.307988
53.337658,643.4246,7.8444605,7.3174067
52.555225,642.8022,7.851674,7.3268247
51.775486,642.1764,7.858888,7.3362427
50.998478,641.5472,7.858308,7.347218
50.224247,640.9146,7.8545012,7.3588376
49.452835,640.27856,7.850695,7.370457
48.68428,639.6391,7.8468885,7.382077
47.91863,638.99615,7.843082,7.393697
47.155922,638.34973,7.8394203,7.405455
46.3962,637.69977,7.8358164,7.4172688
45.639507,637.0463,7.832212,7.4290824
44.885883,636.3893,7.828608,7.440896
44.13537,635.72876,7.8250036,7.4527097
43.388012,635.06464,7.8212576,7.464371
42.643856,634.3969,7.8174567,7.475974
41.902946,633.7256,7.813656,7.4875765
41.16534,633.05066,7.809855,7.4991794
40.431084,632.3721,7.806054,7.5107822
39.700222,631.6898,7.8024015,7.522373
38.972797,631.0039,7.798805,7.5339603
38.24882,630.3144,7.7952094,7.545547
37.528328,629.6212,7.7916136,7.5571337
36.81133,628.92444,7.7880177,7.568721
36.097866,628.224,7.7852845,7.5684257
35.388035,627.5199,7.7828913,7.563441
34.68198,626.812,7.7804985,7.5584555
33.979855,626.1003,7.7781057,7.5534706
33.281807,625.38446,7.775713,7.5484853
32.587997,624.6646,7.77472,7.5234947
31.8987,623.94037,7.7743216,7.4900146
31.214262,623.2116,7.773923,7.456534
30.53503,622.4779,7.7735243,7.4230533
29.861364,621.73914,7.7731256,7.3895726
29.193623,620.99506,7.7727265,7.3559036
28.53215,620.2453,7.7723274,7.3221483
27.877285,619.48987,7.771928,7.2883935
27.229368,618.7284,7.7715282,7.2546387
26.58875,617.9608,7.7711287,7.220885
25.955793,617.1869,7.770864,7.187176
25.33093,616.4064,7.7706637,7.153489
24.71465,615.61914,7.770463,7.119802
24.107443,614.8248,7.7702627,7.086114
23.509823,614.0233,7.770062,7.052425
22.922262,613.21436,7.7491503,7.0542316
22.344734,612.39825,7.718959,7.071944
21.776892,611.5753,7.6887674,7.0896564
21.218384,610.7461,7.6585774,7.107368
20.668842,609.9109,7.6283865,7.1250796
20.127884,609.07007,7.59121,7.154719
19.595016,608.22406,7.5513453,7.188946
19.069693,607.3734,7.511481,7.223173
18.551344,606.5185,7.471616,7.2574005
18.0394,605.65967,7.431751,7.291628
17.533276,604.7975,7.4059157,7.3101664
17.032345,603.9322,7.3846235,7.3236246
16.535957,603.06433,7.3633313,7.337083
16.043459,602.1942,7.3420396,7.350541
15.554189,601.3223,7.3207474,7.3639994
15.067526,600.449,7.3217564,7.352687
14.583192,599.5743,7.3291645,7.334267
14.101074,598.6984,7.336572,7.315847
13.621063,597.82135,7.3439803,7.297427
13.143045,596.94324,7.3513885,7.279007
12.666933,596.0641,7.358938,7.260467
12.192834,595.18384,7.366527,7.2418942
11.720945,594.3024,7.374116,7.223321
11.25147,593.4197,7.3817053,7.204748
10.784607,592.5356,7.389294,7.186175
10.320554,591.64996,7.3940926,7.1793714
9.859464,590.7629,7.398082,7.1759806
9.401466,589.87415,7.4020715,7.1725893
8.946696,588.9837,7.4060607,7.1691985
8.495284,588.0916,7.41005,7.1658077
8.047367,587.19775,7.411304,7.173661
7.603094,586.3021,7.4117026,7.18503
7.1626225,585.40454,7.4121017,7.1963987
6.7261114,584.50507,7.412501,7.207768
6.29372,583.60364,7.4128995,7.2191367
5.865608,582.7001,7.413448,7.2306614
5.4419384,581.7945,7.414047,7.2422395
5.022874,580.8868,7.4146457,7.253817
4.608578,579.9768,7.4152446,7.2653947
4.1992173,579.0647,7.4158435,7.2769723
3.7949572,578.15027,7.427367,7.2760143
3.3959613,577.2335,7.4427595,7.270617
3.0023932,576.31445,7.458152,7.2652197
2.6144178,575.39294,7.473544,7.2598224
2.2322006,574.4691,7.488936,7.254425
1.8559108,573.54285,7.5052314,7.2484317
1.4857432,572.6141,7.5218506,7.2422247
1.1219064,571.6828,7.53847,7.236017
0.7646111,570.749,7.5550895,7.22981
0.41406977,569.8127,7.5717087,7.223603
0.07047086,568.8738,7.5881968,7.2172403
-0.26622242,567.9324,7.6046395,7.2108235
-0.59616685,566.9886,7.621082,7.204407
-0.9195217,566.04254,7.637524,7.1979904
-1.2364473,565.0943,7.6539664,7.191574
-1.5471103,564.144,7.670413,7.185156
-1.8517231,563.1917,7.6868615,7.178737
-2.1505225,562.2376,7.70331,7.172318
-2.4437466,561.28174,7.719758,7.1658993
-2.7316353,560.3243,7.7362065,7.1594806
-3.0144286,559.3653,7.7367606,7.149362
-3.2923572,558.4049,7.7325506,7.1381345
-3.5656488,557.4432,7.72834,7.1269073
-3.8345313,556.4802,7.72413,7.11568
-4.099234,555.5161,7.7199197,7.1044526
-4.3599873,554.5509,7.6889424,7.0869713
-4.617025,553.5847,7.650483,7.0677414
-4.870582,552.6176,7.612024,7.048512
-5.120896,551.6496,7.573564,7.029282
-5.368202,550.6809,7.5351048,7.010052
-5.6127396,549.7114,7.496673,6.9908366
-5.854743,548.7414,7.4582486,6.9716244
-6.094447,547.77075,7.419824,6.952412
-6.332088,546.79956,7.3813996,6.9332
-6.567901,545.828,7.342975,6.9139876
-6.8021226,544.856,7.3047295,6.894944
-7.03499,543.88367,7.266531,6.8759446
-7.266741,542.91113,7.228332,6.856945
-7.4976134,541.93835,7.190133,6.837946
-7.727845,540.9654,7.1519346,6.8189464
-7.9576735,539.9924,7.113586,6.799793
-8.187332,539.0193,7.075198,6.780599
-8.417048,538.04626,7.03681,6.761405
-8.647055,537.07324,6.998422,6.742211
-8.87758,536.1004,6.9600344,6.723017
-9.1088295,535.1277,6.9216447,6.703822
-9.340835,534.1552,6.8832545,6.684627
-9.573544,533.18286,6.8448644,6.665432
-9.806906,532.21063,6.806474,6.646237
-10.040868,531.2386,6.768084,6.627042
-10.275381,530.26666,6.7296906,6.6078453
-10.510398,529.2949,6.691296,6.5886483
-10.745873,528.32324,6.652902,6.569451
-10.981765,527.3516,6.6145077,6.550254
-11.218025,526.3801,6.576113,6.531057
-11.454613,525.40875,6.5377164,6.511858
-11.69148,524.4374,6.499318,6.492659
-11.928581,523.4661,6.4609203,6.47346
-12.16587,522.4949,6.422522,6.4542613
-12.4033,521.5237,6.3841243,6.435062
-12.640827,520.5525,6.3457236,6.4158616
-12.878403,519.58136,6.307322,6.396661
-13.115981,518.61017,6.2689204,6.37746
-13.353517,517.639,6.230519,6.358259
-13.590963,516.6678,6.192117,6.3390584
-13.828274,515.69653,6.1538706,6.3198566
-14.065405,514.7253,6.115666,6.300654
-14.302311,513.75397,6.077461,6.2814517
-14.538949,512.78253,6.0392556,6.262249
-14.775273,511.81107,6.001051,6.2430463
-15.011239,510.8395,5.969317,6.2254214
-15.246798,509.86786,5.9393106,6.208218
-15.481895,508.8961,5.9093037,6.1910143
-15.716481,507.9242,5.8792973,6.1738105
-15.950503,506.95218,5.849291,6.1566067
-16.183912,505.97998,5.8558073,6.148257
-16.416687,505.00766,5.8720117,6.142255
-16.648817,504.0352,5.8882165,6.1362534
-16.880295,503.06253,5.9044213,6.1302514
-17.111109,502.08975,5.9206257,6.12425
-17.341251,501.1168,5.93699,6.118089
-17.570732,500.14368,5.9533954,6.111887
-17.799562,499.1704,5.969801,6.105685
-18.027758,498.197,5.9862065,6.099483
-18.255331,497.22342,6.002612,6.093281
-18.4823,496.24973,6.0188594,6.0870786
-18.70867,495.27588,6.0350657,6.0808764
-18.934452,494.3019,6.051272,6.0746737
-19.159655,493.3278,6.0674777,6.0684714
-19.384287,492.35355,6.083684,6.062269
-19.608358,491.37918,6.1000495,6.0560665
-19.831877,490.4047,6.1164565,6.049864
-20.054853,489.43005,6.132863,6.0436616
-20.277298,488.45532,6.1492696,6.037459
-20.49922,487.48044,6.1656766,6.0312567
-20.720633,486.50546,6.181924,6.025054
-20.941542,485.53036,6.1981306,6.0188513
-21.16196,484.55518,6.2143373,6.0126486
-21.381895,483.57986,6.230544,6.006446
-21.60136,482.60443,6.2467513,6.000243
-21.820362,481.6289,6.257519,6.0034795
-22.03891,480.6533,6.266923,6.009082
-22.257017,479.67755,6.276327,6.014684
-22.474691,478.70175,6.285731,6.0202866
-22.691942,477.72583,6.295135,6.025889
-22.908781,476.74982,6.3019724,6.0359826
-23.125216,475.7737,6.308175,6.0471873
-23.341259,474.79755,6.314378,6.058392
-23.55692,473.82126,6.3205805,6.0695972
-23.772205,472.8449,6.326783,6.080802
-23.98713,471.8685,6.3328247,6.0920067
-24.2017,470.89197,6.3388276,6.1032114
-24.415926,469.9154,6.34483,6.114416
-24.62982,468.93875,6.3508325,6.125621
-24.843391,467.962,6.356835,6.1368256
-25.056648,466.98523,6.362999,6.1481915
-25.269602,466.00836,6.369201,6.159596
-25.482264,465.03143,6.375404,6.1710005
-25.69464,464.05444,6.3816066,6.1824055
-25.906742,463.0774,6.387809,6.19381
-26.118582,462.10028,6.39385,6.205053
-26.330168,461.12314,6.3998523,6.216257
-26.54151,460.1459,6.405854,6.227462
-26.752617,459.16864,6.4118567,6.238666
-26.963501,458.19135,6.417859,6.2498703
-27.174171,457.214,6.4238615,6.261075
-27.384638,456.23657,6.429864,6.2722793
-27.59491,455.25916,6.435866,6.2834835
-27.804998,454.28165,6.4418683,6.2946877
-28.014914,453.30414,6.4478707,6.305892
-28.224663,452.3266,6.4540353,6.3170958
-28.43426,451.349,6.4602375,6.3283
-28.643711,450.37137,6.4664397,6.339504
-28.85303,449.39374,6.472642,6.350708
-29.062223,448.41605,6.478844,6.3619123
-29.271303,447.43835,6.484884,6.3732786
-29.480278,446.46063,6.4908857,6.3846827
-29.68916,445.48288,6.4968877,6.3960867
-29.897957,444.50513,6.5028896,6.4074907
-30.10668,443.52737,6.508892,6.4188943
-30.315338,442.54956,6.511305,6.4296455
-30.523941,441.57178,6.5129056,6.4402494
-30.7325,440.59396,6.514506,6.450853
-30.941025,439.61615,6.5161066,6.4614563
-31.149525,438.63834,6.5177073,6.4720597
-31.358011,437.6605,6.5148945,6.4821725
-31.566492,436.68268,6.511093,6.4921756
-31.774979,435.70483,6.5072923,6.5021787
-31.98348,434.72702,6.503491,6.5121818
-32.19201,433.7492,6.4996896,6.522185
-32.400574,432.7714,6.4958887,6.532188
-32.60918,431.7936,6.4920874,6.542191
-32.817844,430.8158,6.4882865,6.5521936
-33.026573,429.83804,6.484485,6.5621967
-33.23538,428.8603,6.4806843,6.5721993
-33.444267,427.88254,6.476719,6.5822024
-33.65325,426.90482,6.472718,6.592205
-33.862343,425.92712,6.468717,6.6022077
-34.071545,424.94946,6.464716,6.6122108
-34.280876,423.9718,6.460715,6.6222134
-34.49034,422.9942,6.456878,6.632216
-34.69995,422.0166,6.453077,6.6422186
-34.909718,421.03906,6.449276,6.652221
-35.119644,420.06152,6.445475,6.6622233
-35.32975,419.08405,6.441674,6.672226
-35.54004,418.10663,6.4414935,6.6776204
-35.750526,417.1292,6.442094,6.6820216
-35.961212,416.15186,6.442694,6.686423
-36.17212,415.17456,6.443294,6.6908236
-36.383247,414.1973,6.4438944,6.695225
-36.59461,413.2201,6.444659,6.699461
-36.806217,412.24295,6.4454594,6.703662
-37.018078,411.26584,6.4462595,6.707863
-37.230206,410.2888,6.4470596,6.712064
-37.442608,409.31183,6.44786,6.7162647
-37.655293,408.3349,6.448495,6.720465
-37.868275,407.35803,6.4490952,6.724666
-38.08156,406.38126,6.449695,6.728867
-38.295155,405.40454,6.4502954,6.733068
-38.50908,404.4279,6.4508953,6.737269
-38.723335,403.4513,6.4514956,6.741635
-38.937935,402.4748,6.4520955,6.7460356
-39.15289,401.49838,6.452696,6.7504363
-39.368206,400.52203,6.4532957,6.754837
-39.583897,399.54578,6.453896,6.759238
-39.799973,398.56958,6.4546614,6.763473
-40.01644,397.5935,6.4554615,6.7676735
-40.23331,396.6175,6.4562616,6.771874
-40.450596,395.6416,6.457062,6.7760744
-40.668304,394.66577,6.457862,6.7802753
-40.886448,393.69006,6.4584966,6.7846413
-41.10503,392.71445,6.4590964,6.7890415
-41.32407,391.73892,6.459697,6.7934422
-41.543568,390.76352,6.4602966,6.7978425
-41.763542,389.7882,6.460897,6.8022428
-41.983997,388.81302,6.461497,6.8064775
-42.20494,387.83792,6.4620967,6.810678
-42.42639,386.86295,6.462697,6.814878
-42.648354,385.8881,6.463297,6.8190784
-42.87084,384.91336,6.4638968,6.8232784
-43.093857,383.93875,6.4646626,6.8276443
-43.31742,382.96426,6.4654627,6.832044
-43.54153,381.9899,6.466263,6.8364444
-43.7662,381.01566,6.4670625,6.840844
-43.991436,380.04156,6.4678626,6.8452444
-44.217243,379.0676,6.468497,6.8494782
-44.44364,378.09375,6.4690967,6.853678
-44.670647,377.12006,6.469697,6.8578777
-44.898277,376.1465,6.470297,6.8620777
-45.126545,375.17313,6.4708967,6.866277
-45.355465,374.1999,6.471662,6.8704767
-45.58503,373.22678,6.472462,6.874676
-45.81521,372.25385,6.473262,6.8788753
-46.045982,371.28104,6.474062,6.8830748
-46.27733,370.30835,6.4748616,6.8872743
-46.509212,369.33582,6.4754963,6.8916388
-46.74158,368.3634,6.476096,6.896038
-46.974346,367.39105,6.476696,6.9004374
-47.207436,366.4188,6.477296,6.904836
-47.440765,365.4466,6.4778957,6.9092355
-47.674263,364.47446,6.4784956,6.91347
-47.907856,363.50232,6.4790955,6.9176693
-48.14147,362.53018,6.479696,6.921869
-48.37505,361.55804,6.4802957,6.9260683
-48.60852,360.58588,6.4808955,6.9302683
-48.841816,359.61368,6.481661,6.9346337
-49.07486,358.64142,6.4824605,6.939034
-49.30759,357.66907,6.4832606,6.9434342
-49.539932,356.69666,6.484061,6.947835
-49.771816,355.7241,6.484861,6.952235
-50.003174,354.75143,6.485496,6.9564714
-50.23393,353.77863,6.4860964,6.9606733
-50.464012,352.80566,6.4866962,6.964875
-50.693356,351.83252,6.4872966,6.969077
-50.92189,350.85916,6.487897,6.973279
-51.14954,349.88562,6.488663,6.9774823
-51.376236,348.91187,6.489464,6.9816856
-51.601913,347.93787,6.4902644,6.9858894
-51.826496,346.96362,6.4910655,6.9900928
-52.049915,345.98907,6.491866,6.9942966
-52.272102,345.01428,6.5148463,6.962815
-52.492985,344.03918,6.542284,6.9241614
-52.712482,343.06378,6.569722,6.8855085
-52.930523,342.08804,6.59716,6.846855
-53.147034,341.11194,6.6245975,6.8082023
-53.361942,340.13553,6.6796384,6.7252855
-53.575184,339.15872,6.739955,6.633909
-53.786716,338.18155,6.800271,6.542533
-53.99648,337.204,6.8605876,6.4511566
-54.204426,336.22604,6.920904,6.35978
-54.410503,335.2477,6.9557076,6.3306775
-54.61467,334.26898,6.9859805,6.312634
-54.816887,333.28986,7.0162535,6.294591
-55.01712,332.3103,7.046526,6.2765474
-55.215324,331.33032,7.076799,6.258504
-55.41147,330.34995,7.073573,6.322668
-55.605507,329.36917,7.06495,6.4000783
-55.797398,328.38794,7.0563264,6.4774885
-55.987103,327.4063,7.047703,6.5548987
-56.174576,326.42422,7.0390797,6.632309
-56.35978,325.44174,7.04186,6.7049894
-56.542667,324.4588,7.0462728,6.776993
-56.72321,323.47543,7.050685,6.848996
-56.901352,322.49164,7.0550976,6.921
-57.077065,321.5074,7.0595098,6.9930034
-57.2503,320.5227,7.1152635,7.0423584
-57.421024,319.53757,7.1774316,7.0888844
-57.58919,318.55203,7.239599,7.13541
-57.75476,317.566,7.3017673,7.181936
-57.917694,316.5796,7.3639355,7.2284613
-58.07795,315.5927,7.4249954,7.275332
-58.235485,314.60538,7.4859357,7.32224
-58.390266,313.61765,7.546876,7.3691483
-58.54225,312.62946,7.607816,7.416056
-58.6914,311.64084,7.668757,7.462964
-58.83767,310.6518,7.70311,7.516433
-58.981026,309.66232,7.734961,7.570519
-59.12142,308.67242,7.766812,7.6246047
-59.25882,307.6821,7.7986627,7.678691
-59.393173,306.69138,7.830513,7.732777
-59.52445,305.70023,7.8623343,7.7868133
-59.652626,304.70865,7.894153,7.8408446
-59.777683,303.7167,7.9259715,7.8948765
-59.89961,302.72437,7.9577904,7.9489083
-60.018387,301.73166,7.9896092,8.00294
-60.134,300.73856,8.019366,8.043427
-60.24643,299.7451,8.048957,8.082814
-60.355675,298.75128,8.0785475,8.122201
-60.461716,297.7571,8.108137,8.161588
-60.564545,296.7626,8.137728,8.200975
-60.66415,295.76776,8.167115,8.238493
-60.760513,294.7726,8.1964855,8.275855
-60.853622,293.77716,8.225856,8.313218
-60.943462,292.7814,8.255226,8.35058
-61.030025,291.78534,8.284596,8.387942
-61.11329,290.78903,8.309004,8.412271
-61.193245,289.79242,8.33297,8.435437
-61.26988,288.79556,8.356935,8.458603
-61.343174,287.79843,8.380899,8.48177
-61.413116,286.8011,8.404864,8.504936
-61.479694,285.8035,8.426642,8.522641
-61.54289,284.8057,8.448206,8.539812
-61.602688,283.80768,8.4697695,8.556983
-61.65908,282.80948,8.491333,8.574154
-61.712044,281.81107,8.512897,8.591325
-61.76157,280.8125,8.53482,8.605613
-61.80764,279.81375,8.556782,8.619588
-61.850235,278.81485,8.578744,8.633564
-61.88935,277.81583,8.600705,8.64754
-61.92496,276.81665,8.622667,8.661515
-61.957054,275.81735,8.644811,8.674244
-61.985615,274.81796,8.666975,8.686824
-62.010628,273.81848,8.689139,8.699404
-62.032078,272.8189,8.711304,8.711984
-62.049946,271.81924,8.733469,8.724564
-62.064217,270.81955,8.7567005,8.7415695
-62.07488,269.8198,8.780069,8.759147
-62.08191,268.82004,8.803439,8.776723
-62.085297,267.82022,8.826808,8.7943
-62.085022,266.82043,8.850177,8.811877
-62.08107,265.82062,8.874083,8.83192
-62.073425,264.82086,8.898061,8.852302
-62.06207,263.8211,8.922039,8.872684
-62.04698,262.8214,8.946017,8.893065
-62.028156,261.8218,8.969996,8.913446
-62.005566,260.82224,8.972475,8.910054
-61.9792,259.82278,8.971875,8.903256
-61.949036,258.82346,8.971275,8.896459
-61.915062,257.82422,8.970676,8.889662
-61.87726,256.82513,8.970077,8.882864
-61.83561,255.82619,8.959348,8.865062
-61.790096,254.82742,8.947145,8.845657
-61.740704,253.82884,8.934942,8.826252
-61.687412,252.83046,8.922739,8.806848
-61.630207,251.83229,8.910536,8.787442
-61.56906,250.83435,8.893951,8.780625
-61.503967,249.83667,8.876735,8.77562
-61.43491,248.83926,8.859519,8.770616
-61.36187,247.84213,8.842303,8.765612
-61.284836,246.84529,8.825087,8.760607
-61.20379,245.84879,8.801522,8.774436
-61.118702,244.8526,8.777082,8.790863
-61.02956,243.85678,8.752642,8.80729
-60.936325,242.86133,8.728202,8.823717
-60.838978,241.86629,8.703761,8.840144
-60.7375,240.87164,8.70509,8.831153
-60.631905,239.87743,8.709701,8.818924
-60.52223,238.88365,8.714312,8.806695
-60.40851,237.89035,8.718923,8.794466
-60.290775,236.89749,8.723534,8.782237
-60.169067,235.90512,8.753204,8.745306
-60.043446,234.91325,8.785696,8.705593
-59.91398,233.92186,8.818188,8.665881
-59.780735,232.93097,8.850679,8.626169
-59.643784,231.9406,8.883171,8.586457
-59.503197,230.95073,8.9085245,8.548206
-59.35903,229.96136,8.933196,8.510095
-59.211357,228.97253,8.957869,8.471983
-59.06023,227.98422,8.982541,8.433872
-58.90571,226.99643,9.007213,8.395761
-58.747864,226.00916,8.967516,8.369002
-58.58675,225.02242,8.922793,8.343132
-58.422436,224.03621,8.878071,8.317261
-58.254986,223.05052,8.833347,8.291389
-58.08446,222.06537,8.788625,8.265518
-57.910927,221.08075,8.740521,8.242487
-57.734444,220.09663,8.692206,8.219633
-57.55508,219.11305,8.643892,8.196779
-57.372894,218.12999,8.595578,8.173924
-57.18795,217.14745,8.547263,8.151071
-57.000313,216.1654,8.454855,8.162032
-56.81004,215.18387,8.360279,8.174656
-56.6172,214.20284,8.265704,8.187279
-56.421852,213.2223,8.171128,8.199903
-56.22406,212.24226,8.076552,8.212525
-56.023888,211.2627,7.9974484,8.216276
-55.821396,210.28362,7.918948,8.219681
-55.616646,209.30501,7.840448,8.223085
-55.409702,208.32684,7.7619476,8.226489
-55.200623,207.34915,7.6834474,8.229894
-54.989475,206.3719,7.6968994,8.179975
-54.776318,205.39508,7.7133107,8.128339
-54.56121,204.41869,7.729722,8.076703
-54.344215,203.44272,7.7461333,8.025068
-54.125397,202.46715,7.7625446,7.9734325
-53.904816,201.49199,7.7791414,7.921631
-53.68253,200.5172,7.7957435,7.869824
-53.4586,199.5428,7.812346,7.8180175
-53.23309,198.56876,7.828948,7.7662106
-53.006058,197.59508,7.84555,7.7144036
-52.77757,196.62172,7.83608,7.6951046
-52.547676,195.64871,7.8258834,7.676711
-52.316444,194.67601,7.815687,7.6583176
-52.083935,193.70361,7.8054905,7.639924
-51.850204,192.73152,7.795294,7.6215305
-51.615314,191.7597,7.782384,7.606637
-51.379326,190.78815,7.769393,7.5918474
-51.142296,189.81685,7.7564025,7.5770583
-50.904285,188.84578,7.7434115,7.5622687
-50.665356,187.87494,7.730421,7.547479
-50.425568,186.90433,7.717433,7.532693
-50.184975,185.9339,7.7044454,7.517907
-49.943638,184.96365,7.6914573,7.503121
-49.70162,183.99359,7.6784697,7.4883347
-49.458977,183.02367,7.665482,7.4735484
-49.215767,182.0539,7.6523023,7.4587636
-48.972054,181.08426,7.639116,7.4439783
-48.727894,180.11472,7.625929,7.429193
-48.48335,179.14528,7.6127424,7.4144077
-48.238472,178.17593,7.5995555,7.399623
-47.99333,177.20665,7.586559,7.384836
-47.747974,176.23741,7.5735703,7.3700495
-47.50247,175.26822,7.560582,7.3552628
-47.25687,174.29906,7.5475936,7.340476
-47.011234,173.3299,7.5346055,7.3256893
-46.76561,172.36073,7.521614,7.310899
-46.520008,171.39156,7.508622,7.2961087
-46.274414,170.4224,7.4956307,7.281318
-46.028828,169.45322,7.4826393,7.2665277
-45.78324,168.48404,7.4696474,7.251737
-45.53765,167.51486,7.456463,7.2369432
-45.292046,166.5457,7.443268,7.222149
-45.04642,165.57654,7.430073,7.2073545
-44.800774,164.60738,7.416878,7.19256
-44.555096,163.63823,7.403683,7.177766
-44.309383,162.66908,7.390675,7.1629686
-44.06363,161.69995,7.377677,7.148171
-43.81783,160.73083,7.364679,7.1333733
-43.57198,159.76173,7.351681,7.1185756
-43.32607,158.79265,7.338683,7.1037774
-43.080093,157.82356,7.3256826,7.088977
-42.83405,156.8545,7.3126817,7.0741763
-42.587933,155.88547,7.299681,7.0593753
-42.341732,154.91646,7.28668,7.0445747
-42.095444,153.94746,7.2736797,7.0297737
-41.849064,152.97849,7.260487,7.014971
-41.602585,152.00954,7.247284,7.000167
-41.356003,151.04062,7.2340813,6.9853635
-41.109314,150.07173,7.220878,6.97056
-40.862503,149.10286,7.207675,6.9557567
-40.615574,148.13403,7.1946597,6.940951
-40.36852,147.16524,7.1816545,6.926145
-40.12133,146.19647,7.168649,6.9113393
-39.874,145.22774,7.1556444,6.8965335
-39.62653,144.25905,7.142639,6.8817277
-39.378906,143.29039,7.1296325,6.86692
-39.131126,142.32178,7.116626,6.8521123
-38.883186,141.3532,7.103619,6.8373046
-38.63508,140.38467,7.090612,6.822497
-38.386795,139.41618,7.0776052,6.807689
-38.138336,138.44774,7.064597,6.79288
-37.88969,137.47935,7.051589,6.778071
-37.640854,136.511,7.038581,6.7632613
-37.391823,135.54271,7.025573,6.748452
-37.142586,134.57448,7.0125647,6.733643
-36.893147,133.6063,6.999364,6.7188325
-36.64349,132.63815,6.986155,6.704022
-36.393612,131.67007,6.9729457,6.689212
-36.143513,130.70206,6.9597363,6.6744013
-35.89318,129.7341,6.946527,6.6595907
-35.642612,128.7662,6.9335093,6.6447797
-35.391804,127.79837,6.9204993,6.6299686
-35.140747,126.8306,6.90749,6.615157
-34.889435,125.86289,6.8944798,6.600346
-34.637863,124.895256,6.8814697,6.585535
-34.38603,123.92769,6.8684597,6.5707235
-34.13392,122.96019,6.8554497,6.555912
-33.881535,121.99277,6.8424397,6.5411005
-33.62887,121.02541,6.8294296,6.526289
-33.37591,120.05814,6.8164196,6.5114775
-33.12266,119.09094,6.809995,6.5061574
-32.869114,118.123825,6.8037906,6.5011535
-32.61526,117.156784,6.7975855,6.4961495
-32.361095,116.18982,6.791381,6.491146
-32.106613,115.222946,6.7851763,6.486142
-31.851812,114.25616,6.788695,6.4941673
-31.596682,113.28945,6.7924976,6.502574
-31.341217,112.32284,6.7963004,6.51098
-31.085411,111.35631,6.800103,6.5193863
-30.829256,110.38988,6.803906,6.5277925
-30.572746,109.42354,6.8077087,6.536393
-30.31588,108.45729,6.811511,6.544999
-30.058659,107.49114,6.815314,6.5536046
-29.801079,106.525085,6.819116,6.5622106
-29.54314,105.55913,6.822919,6.570816
-29.284845,104.59326,6.826721,6.5794215
-29.0262,103.627495,6.8305235,6.5880265
-28.767212,102.66181,6.834326,6.5966315
-28.507889,101.69623,6.8381276,6.6052365
-28.24824,100.73073,6.84193,6.6138415
-27.988272,99.76531,6.845732,6.622446
-27.727995,98.79998,6.849534,6.6310506
-27.467411,97.83473,6.853336,6.639655
-27.206528,96.86956,6.8571377,6.648259
-26.945354,95.90447,6.86094,6.6568637
-26.683895,94.93946,6.8647413,6.6654677
-26.422157,93.974525,6.868543,6.6740713
-26.160147,93.00967,6.872345,6.682675
-25.897873,92.04487,6.8761463,6.691279
-25.63534,91.080154,6.879948,6.6998825
-25.372557,90.1155,6.8837495,6.7082887
-25.109528,89.15092,6.887551,6.7166915
-24.846264,88.18639,6.891352,6.725095
-24.582767,87.22193,6.8951535,6.7334976
-24.319048,86.25754,6.8989553,6.741901
-24.055109,85.2932,6.902756,6.750501
-23.790962,84.32892,6.9065576,6.759104
-23.526611,83.3647,6.9103584,6.7677064
-23.262064,82.40053,6.91416,6.776309
-22.997326,81.43641,6.917961,6.7849116
-22.732405,80.47234,6.921762,6.793514
-22.467308,79.50832,6.925563,6.802116
-22.202042,78.54435,6.9293637,6.810718
-21.936613,77.58042,6.9331646,6.81932
-21.671028,76.61654,6.9369655,6.8279223
-21.405294,75.652695,6.9407663,6.836524
-21.139418,74.68889,6.944567,6.8451257
-20.873405,73.72512,6.948368,6.8537273
-20.607264,72.76139,6.9521685,6.862329
-20.341,71.79769,6.9559693,6.8709307
-20.074621,70.83403,6.9597697,6.879532
-19.808134,69.87039,6.9635706,6.888133
-19.541546,68.906784,6.967371,6.8967347
-19.274862,67.94321,6.971172,6.905336
-19.008091,66.979645,6.9749722,6.913937
-18.741238,66.01611,6.9787726,6.9225383
-18.47431,65.0526,6.982573,6.931139
-18.207314,64.0891,6.9863734,6.93974
-17.940256,63.125626,6.990174,6.948341
-17.673145,62.162163,6.993974,6.956942
-17.405987,61.198715,6.9977746,6.965344
-17.138788,60.235275,7.001575,6.973745
-16.871555,59.271847,7.0053754,6.9821453
-16.604294,58.308426,7.009176,6.990546
-16.337013,57.34501,7.012976,6.9989467
-16.069717,56.381596,7.016776,7.007546
-15.802417,55.418186,7.0205765,7.0161467
-15.535114,54.454777,7.024377,7.024747
-15.267819,53.491364,7.028177,7.0333476
-15.000537,52.52795,7.031977,7.0419483
-14.733275,51.56453,7.035777,7.0505486
-14.46604,50.6011,7.0395775,7.059149
-14.198838,49.63766,7.0433774,7.0677495
-13.931677,48.674213,7.047178,7.0763497
-13.664563,47.71075,7.050978,7.08495
-13.397503,46.747272,7.054778,7.0935507
-13.130504,45.78378,7.058578,7.102151
-12.863572,44.820267,7.0623784,7.110751
-12.596715,43.856735,7.0661783,7.1193514
-12.329939,42.893177,7.0699787,7.1279516
-12.063251,41.9296,7.0737786,7.1365523
-11.796657,40.965992,7.077579,7.1451526
-11.530163,40.002357,7.081379,7.153753
-11.263779,39.038692,7.0851793,7.162353
-10.997508,38.074997,7.0889792,7.1709533
-10.73136,37.111267,7.0927796,7.179554
-10.465341,36.147503,7.0965796,7.188154
-10.199455,35.1837,7.10038,7.1967545
-9.933713,34.21986,7.1041803,7.205355
-9.6681185,33.255978,7.1079803,7.2139554
-9.40268,32.292053,7.1117806,7.222357
-9.137404,31.328083,7.1155806,7.230757
-8.872297,30.364067,7.119381,7.239158
-8.607366,29.400003,7.1231813,7.2475586
-8.342617,28.435888,7.1269813,7.255959
-8.078058,27.471722,7.1307817,7.264559
-7.813695,26.507502,7.134582,7.2731595
-7.5495353,25.543224,7.1383824,7.28176
-7.285585,24.57889,7.142183,7.290361
-7.0218515,23.614498,7.1459827,7.2989616
-6.758341,22.650043,7.1497836,7.3075624
-6.4950604,21.685528,7.153584,7.3161635
-6.232017,20.720945,7.1573844,7.3247643
-5.9692173,19.756298,7.161185,7.333365
-5.7066684,18.791582,7.164985,7.341966
-5.4443765,17.826796,7.1687856,7.3505673
-5.1823487,16.861938,7.172586,7.3591685
-4.9205923,15.897006,7.1763864,7.3677697
-4.6591134,14.932,7.180187,7.376371
-4.397919,13.966916,7.1839876,7.384972
-4.1370163,13.001754,7.1877885,7.3935738
-3.8764114,12.03651,7.191589,7.402175
-3.6161118,11.071185,7.1953897,7.4107766
-3.356124,10.105776,7.19919,7.4193783
-3.0964546,9.14028,7.202991,7.4279795
-2.8371108,8.174698,7.206792,7.4365816
-2.5780993,7.2090254,7.2105927,7.4451833
-2.3194268,6.243263,7.2143936,7.453785
-2.0611005,5.2774076,7.2181945,7.462387
-1.8031266,4.311458,7.221995,7.4709888
-1.5455123,3.3454123,7.225796,7.479391
-1.2882644,2.3792691,7.229597,7.4877934
-1.0313897,1.4130267,7.233398,7.496196
-0.7748953,0.44668317,7.237199,7.5045977
