# x_m,y_m,w_tr_right_m,w_tr_left_m
1.223807,-3.456935,7.128,7.143
0.22753993,-3.5415342,7.1297994,7.1441994
-0.76872885,-3.626113,7.1315985,7.1453986
-1.7649994,-3.7106717,7.1333976,7.1465983
-2.7612715,-3.7952106,7.1351967,7.1477976
-3.7575455,-3.8797295,7.136996,7.1489973
-4.753821,-3.9642286,7.1381965,7.150795
-5.750098,-4.0487084,7.139396,7.152594
-6.746377,-4.133168,7.1405954,7.154393
-7.7426577,-4.217609,7.1417947,7.1561923
-8.738939,-4.3020306,7.1429944,7.1579914
-9.735224,-4.3864326,7.1441936,7.1597905
-10.731509,-4.470816,7.145393,7.1615896
-11.727796,-4.55518,7.1465926,7.1633887
-12.724085,-4.6395254,7.147792,7.165188
-13.720375,-4.723852,7.148991,7.166987
-14.716666,-4.8081603,7.150389,7.168786
-15.712959,-4.89245,7.1517887,7.170585
-16.709255,-4.9767213,7.1531878,7.1723843
-17.705551,-5.060974,7.1545873,7.1741834
-18.701849,-5.1452093,7.1559863,7.1759825
-19.698149,-5.2294264,7.157188,7.1777816
-20.694448,-5.313626,7.158387,7.179581
-21.690752,-5.3978076,7.159587,7.1813803
-22.687056,-5.4819717,7.160786,7.1831794
-23.683361,-5.5661182,7.1619854,7.1849785
-24.679668,-5.650247,7.1633825,7.18658
-25.675976,-5.7343583,7.164782,7.188179
-26.672285,-5.818453,7.166181,7.1897783
-27.668598,-5.90253,7.1675806,7.1913776
-28.66491,-5.9865904,7.1689796,7.192977
-29.661224,-6.070634,7.170182,7.194773
-30.65754,-6.1546607,7.1713815,7.1965723
-31.653856,-6.238671,7.172581,7.1983714
-32.650173,-6.3226647,7.1737804,7.2001705
-33.646496,-6.406642,7.1749797,7.2019696
-34.642815,-6.4906034,7.1761794,7.2037687
-35.639137,-6.5745482,7.1773787,7.205568
-36.63546,-6.6584773,7.178578,7.207367
-37.631786,-6.74239,7.1797776,7.209166
-38.628113,-6.8262877,7.180977,7.2109656
-39.62444,-6.910169,7.1823726,7.2127647
-40.62077,-6.9940352,7.1837716,7.214564
-41.6171,-7.077886,7.185171,7.216363
-42.61343,-7.161721,7.1865706,7.218162
-43.609764,-7.2455416,7.1879697,7.219961
-44.6061,-7.329346,7.1891737,7.2217603
-45.602436,-7.4131365,7.190373,7.2235594
-46.59877,-7.4969115,7.191572,7.2253585
-47.595108,-7.580672,7.192772,7.2271576
-48.59145,-7.6644177,7.193971,7.2289567
-49.587788,-7.748149,7.195366,7.230756
-50.58413,-7.831866,7.196765,7.232555
-51.580475,-7.915569,7.1981645,7.234354
-52.576817,-7.999257,7.1995635,7.2361536
-53.573162,-8.0829315,7.200963,7.2379527
-54.569508,-8.166593,7.202168,7.239752
-55.565857,-8.250239,7.203367,7.241551
-56.562206,-8.333873,7.2045665,7.24335
-57.558556,-8.417492,7.205766,7.245149
-58.554905,-8.501099,7.2069654,7.2469482
-59.551258,-8.584691,7.2083592,7.2487473
-60.54761,-8.66827,7.2097583,7.2505465
-61.543964,-8.751837,7.211158,7.2523456
-62.54032,-8.83539,7.212557,7.2541447
-63.536674,-8.91893,7.2139564,7.255944
-64.533035,-9.002458,7.2151623,7.257743
-65.529396,-9.085973,7.2163615,7.2595425
-66.52575,-9.169476,7.217561,7.2613416
-67.52211,-9.252966,7.2187605,7.2631407
-68.51847,-9.336444,7.2199597,7.26494
-69.51484,-9.4199095,7.221159,7.266739
-70.5112,-9.503363,7.2223587,7.268538
-71.50757,-9.586804,7.223558,7.270337
-72.50393,-9.670235,7.2247577,7.272136
-73.5003,-9.753653,7.225957,7.2739353
-74.496666,-9.837059,7.2273493,7.2757344
-75.493034,-9.920454,7.2287483,7.2775335
-76.4894,-10.003838,7.230148,7.2793326
-77.48577,-10.087211,7.231547,7.2811317
-78.48215,-10.170572,7.2329464,7.2829313
-79.478516,-10.253922,7.2341537,7.2847304
-80.47489,-10.337262,7.235353,7.2865295
-81.47127,-10.42059,7.2365522,7.2883286
-82.467636,-10.503908,7.237752,7.2901278
-83.46401,-10.587215,7.238951,7.291927
-84.460396,-10.670513,7.2403426,7.2935343
-85.45677,-10.753799,7.2417417,7.2951336
-86.45315,-10.837075,7.243141,7.296733
-87.44953,-10.9203415,7.2445407,7.2983317
-88.44591,-11.003598,7.2459397,7.299931
-89.44229,-11.086844,7.247148,7.3017216
-90.43867,-11.170082,7.2483473,7.303521
-91.43505,-11.253309,7.2495465,7.3053203
-92.431435,-11.336527,7.2507463,7.3071194
-93.42782,-11.419735,7.2519455,7.3089185
-94.42421,-11.502934,7.253336,7.3107176
-95.42059,-11.586124,7.254735,7.3125167
-96.41698,-11.669306,7.2561345,7.314316
-97.41337,-11.752478,7.257534,7.316115
-98.40975,-11.835641,7.258933,7.317914
-99.40614,-11.918795,7.2601423,7.319713
-100.402534,-12.001941,7.2613416,7.321512
-101.39892,-12.085078,7.2625413,7.323312
-102.39531,-12.168206,7.2637405,7.325111
-103.3917,-12.2513275,7.26494,7.32691
-104.3881,-12.33444,7.2661395,7.328709
-105.38449,-12.417545,7.2673388,7.330508
-106.38088,-12.500642,7.2685385,7.3323073
-107.37727,-12.583731,7.2697377,7.3341064
-108.37367,-12.666813,7.270937,7.3359056
-109.37006,-12.7498865,7.272326,7.3377047
-110.36646,-12.832953,7.2737255,7.3395042
-111.36286,-12.916013,7.2751245,7.3413033
-112.35926,-12.999064,7.276524,7.3431025
-113.35565,-13.082109,7.2779236,7.3449016
-114.35205,-13.165148,7.279134,7.3467007
-115.34845,-13.2481785,7.280333,7.3485
-116.34485,-13.331203,7.281533,7.350299
-117.341255,-13.414222,7.282732,7.352098
-118.337654,-13.497232,7.2839317,7.353897
-119.33405,-13.580238,7.2853193,7.3556967
-120.33045,-13.663237,7.286719,7.357496
-121.32686,-13.74623,7.2881184,7.359295
-122.32326,-13.829217,7.2895174,7.361094
-123.319664,-13.912197,7.290917,7.362893
-124.31606,-13.9951725,7.292128,7.364692
-125.31247,-14.078142,7.293328,7.3664913
-126.308876,-14.161106,7.294527,7.3682904
-127.30528,-14.244064,7.2957263,7.37009
-128.30168,-14.327018,7.296926,7.371889
-129.2981,-14.4099655,7.298313,7.373688
-130.2945,-14.4929085,7.299712,7.3754873
-131.29091,-14.575846,7.3011117,7.3772864
-132.28731,-14.658779,7.302511,7.3790855
-133.28372,-14.741707,7.3039103,7.3808846
-134.28012,-14.824631,7.305123,7.3826838
-135.27654,-14.907551,7.306322,7.3844833
-136.27295,-14.990465,7.3075213,7.3862824
-137.26935,-15.073376,7.308721,7.3880816
-138.26576,-15.156282,7.3099203,7.3898807
-139.26218,-15.239184,7.31112,7.39168
-140.25858,-15.322083,7.3123193,7.393479
-141.25499,-15.404978,7.3135185,7.395278
-142.2514,-15.487868,7.3147182,7.397077
-143.24782,-15.570756,7.3159175,7.3988767
-144.24423,-15.65364,7.317303,7.4004893
-145.24063,-15.73652,7.3187027,7.4020886
-146.23705,-15.819398,7.320102,7.403688
-147.23346,-15.902272,7.3215013,7.4052873
-148.22987,-15.985143,7.322901,7.4068866
-149.22629,-16.068012,7.3241143,7.4086714
-150.2227,-16.150877,7.325314,7.4104705
-151.21912,-16.23374,7.3265133,7.41227
-152.21553,-16.3166,7.3277125,7.414069
-153.21194,-16.399458,7.3289123,7.4158683
-154.20836,-16.482315,7.330297,7.4176674
-155.20477,-16.565168,7.331696,7.4194665
-156.20117,-16.64802,7.3330956,7.4212656
-157.19759,-16.73087,7.334495,7.423065
-158.194,-16.813717,7.335894,7.4248643
-159.19043,-16.896563,7.337109,7.4266634
-160.18684,-16.979408,7.3383083,7.4284625
-161.18326,-17.06225,7.3395076,7.4302616
-162.17967,-17.145092,7.3407073,7.4320607
-163.17609,-17.227932,7.3419065,7.43386
-164.1725,-17.310772,7.3432903,7.4356594
-165.16891,-17.39361,7.34469,7.4374585
-166.16533,-17.476448,7.3460894,7.4392576
-167.16174,-17.559284,7.3474884,7.4410567
-168.15816,-17.64212,7.348888,7.442856
-169.15457,-17.724957,7.3501034,7.444655
-170.15099,-17.80779,7.351303,7.4464545
-171.1474,-17.890625,7.3525023,7.4482536
-172.14381,-17.973461,7.3537016,7.4500527
-173.14023,-18.056295,7.3549013,7.451852
-174.13664,-18.13913,7.3561006,7.453651
-175.13306,-18.221964,7.3573003,7.4554505
-176.12949,-18.304798,7.3584995,7.4572496
-177.1259,-18.387634,7.3596992,7.4590487
-178.12231,-18.47047,7.3608985,7.460848
-179.11873,-18.553307,7.362281,7.462647
-180.11514,-18.636143,7.3636804,7.464446
-181.11156,-18.71898,7.36508,7.4662457
-182.10797,-18.801819,7.3664794,7.4680448
-183.10439,-18.884659,7.3678784,7.469844
-184.1008,-18.9675,7.3690953,7.471643
-185.09721,-19.050343,7.370295,7.473442
-186.09363,-19.133188,7.3714943,7.4752417
-187.09004,-19.216034,7.3726935,7.477041
-188.08646,-19.29888,7.3738933,7.47884
-189.08287,-19.38173,7.3752747,7.480639
-190.07928,-19.46458,7.376674,7.482438
-191.0757,-19.547434,7.3780737,7.4842377
-192.07211,-19.630287,7.3794727,7.486037
-193.06853,-19.713146,7.3808722,7.487836
-194.06494,-19.796005,7.38209,7.489635
-195.06136,-19.878868,7.3832893,7.491434
-196.05777,-19.961733,7.384489,7.4932337
-197.05418,-20.0446,7.3856883,7.495033
-198.05058,-20.12747,7.386888,7.496832
-199.047,-20.210342,7.3880873,7.498631
-200.04341,-20.293219,7.389287,7.50043
-201.03983,-20.376099,7.3904862,7.5022297
-202.03624,-20.458982,7.391686,7.504029
-203.03265,-20.541868,7.392885,7.505828
-204.02905,-20.624758,7.3942657,7.5074463
-205.02547,-20.707651,7.3956647,7.5090456
-206.02188,-20.790548,7.397064,7.510645
-207.0183,-20.87345,7.3984637,7.512244
-208.0147,-20.956354,7.3998632,7.5138435
-209.01111,-21.039263,7.401082,7.515623
-210.00752,-21.122177,7.4022818,7.517422
-211.00392,-21.205093,7.403481,7.519222
-212.00034,-21.288017,7.4046807,7.521021
-212.99673,-21.370943,7.40588,7.52282
-213.99315,-21.453875,7.4072595,7.524619
-214.98955,-21.53681,7.408659,7.5264187
-215.98596,-21.619753,7.410058,7.528218
-216.98236,-21.702698,7.4114575,7.530017
-217.97878,-21.78565,7.412857,7.531816
-218.97517,-21.868607,7.414077,7.533615
-219.97159,-21.951569,7.4152765,7.5354147
-220.96799,-22.034534,7.416476,7.537214
-221.96439,-22.117508,7.4176755,7.539013
-222.9608,-22.200487,7.4188747,7.540812
-223.9572,-22.283472,7.4202533,7.5426116
-224.9536,-22.366463,7.421653,7.5444107
-225.95,-22.449461,7.4230523,7.54621
-226.9464,-22.532463,7.4244514,7.548009
-227.94281,-22.615473,7.425851,7.5498085
-228.93921,-22.698488,7.4270716,7.5516076
-229.93561,-22.78151,7.4282713,7.5534067
-230.932,-22.864538,7.4294705,7.555206
-231.9284,-22.94757,7.4306703,7.5570054
-232.9248,-23.030611,7.4318695,7.5588045
-233.9212,-23.113657,7.433069,7.5606036
-234.9176,-23.19671,7.4342685,7.562403
-235.91399,-23.279768,7.435468,7.5642023
-236.91039,-23.362833,7.4366674,7.5660014
-237.90678,-23.445904,7.437867,7.5678005
-238.90318,-23.52898,7.4392443,7.5696
-239.89957,-23.612062,7.440644,7.571399
-240.89597,-23.69515,7.4420433,7.5731983
-241.89236,-23.778244,7.443443,7.5749974
-242.88875,-23.861343,7.444842,7.576797
-243.88515,-23.944448,7.446064,7.578596
-244.88155,-24.02756,7.4472637,7.580395
-245.87793,-24.110678,7.448463,7.582195
-246.87433,-24.1938,7.4496627,7.583994
-247.87071,-24.276928,7.450862,7.585793
-248.86711,-24.360062,7.4522386,7.587592
-249.8635,-24.443203,7.453638,7.5893917
-250.85988,-24.526348,7.455037,7.591191
-251.85628,-24.609499,7.4564366,7.59299
-252.85266,-24.692656,7.457836,7.594789
-253.84904,-24.775816,7.4590592,7.5965886
-254.84544,-24.858984,7.4602585,7.5983877
-255.84183,-24.942156,7.461458,7.600187
-256.8382,-25.025333,7.4626575,7.6019864
-257.8346,-25.108517,7.463857,7.6037855
-258.831,-25.191706,7.4652324,7.6055846
-259.82736,-25.2749,7.466632,7.607384
-260.82376,-25.358099,7.4680314,7.6091833
-261.82013,-25.441303,7.469431,7.6109824
-262.81653,-25.524513,7.4708304,7.6127815
-263.8129,-25.607727,7.472054,7.614405
-264.8093,-25.690948,7.4732533,7.6160045
-265.80566,-25.774172,7.474453,7.617604
-266.80206,-25.857403,7.4756527,7.619203
-267.79843,-25.940638,7.476852,7.6208024
-268.79483,-26.023878,7.4780517,7.622577
-269.7912,-26.107122,7.479251,7.6243763
-270.78757,-26.190372,7.4804506,7.626176
-271.78397,-26.273628,7.48165,7.627975
-272.78033,-26.356888,7.4828496,7.629774
-273.77673,-26.440153,7.484224,7.631573
-274.7731,-26.523422,7.4856234,7.633373
-275.76947,-26.606697,7.4870224,7.635172
-276.76587,-26.689976,7.488422,7.636971
-277.76224,-26.77326,7.4898214,7.6387706
-278.7586,-26.85655,7.4910464,7.6405697
-279.75497,-26.939842,7.492246,7.642369
-280.75137,-27.02314,7.4934454,7.6441684
-281.74774,-27.106443,7.494645,7.6459675
-282.7441,-27.18975,7.4958444,7.6477666
-283.74048,-27.273062,7.497218,7.6495657
-284.73688,-27.356379,7.498617,7.6513653
-285.73325,-27.4397,7.5000167,7.6531644
-286.7296,-27.523024,7.501416,7.6549635
-287.72598,-27.606354,7.5028157,7.656763
-288.72235,-27.689688,7.5040417,7.658562
-289.71875,-27.773026,7.505241,7.6603613
-290.71512,-27.856369,7.5064406,7.662161
-291.7115,-27.939716,7.50764,7.66396
-292.70786,-28.023067,7.5088396,7.665759
-293.70422,-28.106424,7.510212,7.667558
-294.7006,-28.189783,7.5116115,7.669358
-295.69696,-28.273148,7.513011,7.671157
-296.69333,-28.356516,7.5144105,7.672956
-297.6897,-28.439888,7.5158095,7.6747556
-298.6861,-28.523264,7.5170364,7.6765547
-299.68246,-28.606644,7.5182357,7.678354
-300.67883,-28.69003,7.5194354,7.680153
-301.6752,-28.773417,7.520635,7.6819525
-302.67157,-28.85681,7.5218344,7.6837516
-303.66794,-28.940207,7.523034,7.6855507
-304.6643,-29.023605,7.5242333,7.6873503
-305.66068,-29.10701,7.525433,7.6891494
-306.65704,-29.190418,7.5266323,7.6909485
-307.6534,-29.27383,7.527832,7.692748
-308.64975,-29.357246,7.5292034,7.694547
-309.64612,-29.440664,7.530603,7.6963463
-310.6425,-29.524088,7.532002,7.6981454
-311.63885,-29.607515,7.5334015,7.699945
-312.63522,-29.690945,7.534801,7.701744
-313.6316,-29.77438,7.536029,7.703543
-314.62796,-29.857817,7.5372286,7.705343
-315.62433,-29.94126,7.538428,7.707142
-316.6207,-30.024704,7.5396276,7.708941
-317.61707,-30.108152,7.540827,7.71074
-318.6134,-30.191603,7.542197,7.7125397
-319.60977,-30.275059,7.5435967,7.714339
-320.60614,-30.358517,7.5449963,7.716138
-321.6025,-30.441978,7.546396,7.7179375
-322.59888,-30.525444,7.547795,7.7197366
-323.59525,-30.608913,7.5490236,7.721365
-324.59158,-30.692385,7.5502234,7.7229643
-325.58795,-30.77586,7.5514226,7.7245636
-326.58432,-30.859339,7.5526223,7.726163
-327.5807,-30.94282,7.5538216,7.727762
-328.57703,-31.026306,7.5550213,7.729532
-329.5734,-31.109793,7.5562205,7.7313313
-330.56976,-31.193285,7.5574203,7.7331305
-331.56613,-31.276777,7.5586195,7.7349296
-332.56247,-31.360275,7.559819,7.7367287
-333.55884,-31.443775,7.5611887,7.7385283
-334.5552,-31.527279,7.5625877,7.7403274
-335.55154,-31.610785,7.5639873,7.7421265
-336.5479,-31.694294,7.565387,7.7439256
-337.54428,-31.777805,7.5667863,7.745725
-338.54065,-31.86132,7.568016,7.7475243
-339.537,-31.944838,7.569216,7.7493234
-340.53336,-32.02836,7.570415,7.7511225
-341.52972,-32.11188,7.5716147,7.752922
-342.52606,-32.195408,7.572814,7.754721
-343.52243,-32.278934,7.5741825,7.7565203
-344.51877,-32.36247,7.575582,7.7583194
-345.51514,-32.446003,7.576981,7.760119
-346.5115,-32.529537,7.5783806,7.761918
-347.50784,-32.61308,7.57978,7.763717
-348.5042,-32.696617,7.581011,7.7655163
-349.50058,-32.780163,7.5822105,7.767316
-350.49692,-32.86371,7.58341,7.769115
-351.4933,-32.947258,7.5846095,7.770914
-352.48962,-33.03081,7.5858088,7.772713
-353.486,-33.114365,7.5871763,7.774513
-354.48233,-33.19792,7.588576,7.776312
-355.4787,-33.28148,7.5899754,7.778111
-356.47504,-33.36504,7.5913744,7.77991
-357.4714,-33.448605,7.592774,7.781709
-358.46777,-33.53217,7.5940056,7.783509
-359.4641,-33.615738,7.5952053,7.785308
-360.46048,-33.699306,7.5964046,7.787107
-361.45682,-33.78288,7.5976043,7.788906
-362.4532,-33.86645,7.5988035,7.790705
-363.44952,-33.950027,7.6000032,7.792505
-364.4459,-34.033607,7.6012025,7.794304
-365.44223,-34.117188,7.602402,7.796103
-366.4386,-34.20077,7.6036015,7.797902
-367.43494,-34.284355,7.604801,7.799701
-368.4313,-34.367943,7.6061673,7.801501
-369.42764,-34.45153,7.6075664,7.8033
-370.424,-34.53512,7.608966,7.805099
-371.42035,-34.61871,7.6103654,7.806898
-372.41672,-34.702305,7.6117644,7.808697
-373.41306,-34.7859,7.6129975,7.810497
-374.4094,-34.8695,7.6141973,7.812296
-375.40576,-34.9531,7.6153965,7.814095
-376.4021,-35.036697,7.616596,7.815894
-377.39847,-35.1203,7.6177955,7.817693
-378.3948,-35.203903,7.6191607,7.8194923
-379.39117,-35.28751,7.62056,7.821292
-380.3875,-35.371117,7.6219597,7.823091
-381.38385,-35.454723,7.623359,7.82489
-382.38022,-35.538334,7.6247582,7.8266892
-383.37656,-35.62195,7.6259923,7.828323
-384.37292,-35.70556,7.6271915,7.829922
-385.36926,-35.789173,7.6283913,7.8315215
-386.3656,-35.87279,7.6295905,7.833121
-387.36197,-35.956406,7.63079,7.83472
-388.3583,-36.040024,7.6321545,7.8364844
-389.35468,-36.123646,7.633554,7.8382835
-390.351,-36.207268,7.634953,7.8400826
-391.34735,-36.29089,7.6363525,7.8418818
-392.34372,-36.37451,7.637752,7.843681
-393.34006,-36.458138,7.6389866,7.8454804
-394.33643,-36.541763,7.6401863,7.8472795
-395.33276,-36.62539,7.6413856,7.8490787
-396.3291,-36.70902,7.6425853,7.850878
-397.32547,-36.79265,7.6437845,7.852677
-398.3218,-36.876278,7.6449842,7.854476
-399.31815,-36.959908,7.6461835,7.856275
-400.3145,-37.04354,7.6473827,7.858074
-401.31085,-37.12717,7.6485825,7.8598733
-402.3072,-37.210804,7.6497817,7.861673
-403.30356,-37.29444,7.6511445,7.863472
-404.2999,-37.378075,7.652544,7.865271
-405.29623,-37.46171,7.6539435,7.86707
-406.2926,-37.54535,7.6553426,7.8688693
-407.28894,-37.628986,7.656742,7.8706684
-408.28528,-37.712624,7.6579785,7.8724675
-409.28165,-37.796265,7.659178,7.8742666
-410.27798,-37.879906,7.660377,7.8760657
-411.27432,-37.963543,7.6615767,7.877865
-412.2707,-38.047188,7.662776,7.879664
-413.26703,-38.13083,7.664138,7.881463
-414.26337,-38.21447,7.6655374,7.883262
-415.25974,-38.29811,7.666937,7.8850613
-416.25607,-38.381756,7.668336,7.886861
-417.2524,-38.465397,7.6697354,7.88866
-418.24878,-38.54904,7.6709723,7.890459
-419.24512,-38.632687,7.672172,7.892258
-420.24146,-38.71633,7.6733713,7.8940573
-421.23782,-38.799976,7.674571,7.8958564
-422.23416,-38.88362,7.6757703,7.8976555
-423.2305,-38.967266,7.677131,7.8994546
-424.22687,-39.05091,7.6785307,7.9012537
-425.2232,-39.134556,7.6799297,7.903053
-426.21954,-39.2182,7.6813293,7.904852
-427.2159,-39.30185,7.6827283,7.906651
-428.21225,-39.385494,7.6839666,7.90845
-429.2086,-39.46914,7.685166,7.910249
-430.20496,-39.552788,7.6863656,7.9120483
-431.2013,-39.636433,7.687565,7.9138474
-432.19763,-39.720078,7.688764,7.9156466
-433.194,-39.803726,7.689964,7.9174457
-434.19034,-39.88737,7.691163,7.919245
-435.18668,-39.971016,7.6923623,7.921044
-436.183,-40.054665,7.693562,7.922843
-437.17938,-40.13831,7.6947613,7.924642
-438.17572,-40.221954,7.6961207,7.926281
-439.17206,-40.3056,7.6975203,7.92788
-440.16843,-40.389244,7.6989193,7.929479
-441.16476,-40.47289,7.700319,7.9310784
-442.1611,-40.55653,7.701718,7.9326777
-443.15747,-40.640175,7.7029576,7.9344363
-444.1538,-40.72382,7.704157,7.9362354
-445.15015,-40.80746,7.705356,7.9380345
-446.1465,-40.8911,7.706556,7.9398336
-447.14285,-40.974747,7.707755,7.9416327
-448.1392,-41.058388,7.7091136,7.943432
-449.13556,-41.14203,7.7105126,7.945231
-450.1319,-41.225666,7.711912,7.94703
-451.12823,-41.309307,7.713311,7.9488287
-452.1246,-41.39295,7.7147107,7.950628
-453.12094,-41.476585,7.7159514,7.952427
-454.11728,-41.560223,7.7171507,7.954226
-455.11365,-41.64386,7.71835,7.956025
-456.11,-41.727493,7.7195497,7.957824
-457.10632,-41.81113,7.720749,7.9596233
-458.1027,-41.894764,7.721948,7.9614224
-459.09903,-41.978397,7.7231474,7.963221
-460.09537,-42.06203,7.7243466,7.96502
-461.09174,-42.14566,7.7255464,7.9668193
-462.08807,-42.229294,7.7267456,7.9686184
-463.08444,-42.312923,7.728102,7.9704175
-464.08078,-42.396553,7.7295017,7.9722166
-465.07712,-42.48018,7.730901,7.974015
-466.0735,-42.563805,7.7323003,7.9758143
-467.06982,-42.64743,7.7336993,7.9776134
-468.06616,-42.731056,7.7349415,7.9794126
-469.06253,-42.81468,7.736141,7.9812117
-470.05887,-42.8983,7.7373405,7.983011
-471.05524,-42.981922,7.7385397,7.9848094
-472.05157,-43.06554,7.739739,7.9866085
-473.0479,-43.14916,7.7410946,7.9884076
-474.04428,-43.232777,7.742494,7.9902067
-475.04062,-43.31639,7.743893,7.9920053
-476.03696,-43.400005,7.7452927,7.9938045
-477.03333,-43.48362,7.7466917,7.9956036
-478.02966,-43.56723,7.747935,7.9974027
-479.02603,-43.65084,7.7491345,7.9992013
-480.02237,-43.734447,7.750334,8.001
-481.01874,-43.818054,7.751533,8.002799
-482.01508,-43.90166,7.7527323,8.004599
-483.0114,-43.985264,7.754087,8.006397
-484.00778,-44.068863,7.755486,8.008197
-485.00412,-44.152466,7.7568855,8.009995
-486.0005,-44.23606,7.7582846,8.011794
-486.99683,-44.31966,7.7596836,8.013594
-487.9932,-44.403255,7.760928,8.015392
-488.98953,-44.486847,7.7621274,8.017191
-489.9859,-44.57044,7.7633266,8.0189905
-490.98224,-44.65403,7.764526,8.020789
-491.9786,-44.737617,7.7657256,8.022588
-492.97495,-44.8212,7.766925,8.024387
-493.9713,-44.904785,7.768124,8.026186
-494.96765,-44.98837,7.7693233,8.027985
-495.96402,-45.07195,7.7705226,8.029784
-496.96036,-45.155525,7.771722,8.031583
-497.95673,-45.2391,7.7730746,8.033228
-498.95306,-45.322674,7.7744737,8.034827
-499.94943,-45.406246,7.775873,8.036427
-500.94577,-45.489815,7.777272,8.038026
-501.94214,-45.573383,7.7786713,8.039624
-502.93848,-45.656948,7.7799177,8.041376
-503.93484,-45.74051,7.781117,8.043176
-504.93118,-45.82407,7.782316,8.044974
-505.92755,-45.907627,7.7835155,8.046773
-506.9239,-45.991184,7.7847147,8.048573
-507.92026,-46.074738,7.7860665,8.050371
-508.91663,-46.158287,7.7874656,8.05217
-509.91296,-46.241837,7.7888646,8.053968
-510.90933,-46.325382,7.7902637,8.055768
-511.90567,-46.408928,7.7916627,8.057567
-512.90204,-46.492466,7.79291,8.059365
-513.8984,-46.576004,7.7941093,8.061164
-514.8948,-46.659542,7.7953086,8.0629635
-515.8911,-46.743076,7.7965083,8.064762
-516.88745,-46.826607,7.7977076,8.066561
-517.88385,-46.910133,7.7990575,8.06836
-518.8802,-46.99366,7.800457,8.070159
-519.8765,-47.077183,7.801856,8.071958
-520.8729,-47.1607,7.803255,8.073756
-521.86926,-47.244217,7.804654,8.075556
-522.8656,-47.327732,7.805903,8.077354
-523.862,-47.411243,7.807102,8.079153
-524.85834,-47.49475,7.8083014,8.080952
-525.8547,-47.578255,7.8095007,8.08275
-526.8511,-47.66176,7.8107,8.08455
-527.8474,-47.74526,7.811899,8.086349
-528.84375,-47.828754,7.813098,8.088147
-529.84015,-47.912247,7.814297,8.089946
-530.8365,-47.99574,7.8154964,8.091745
-531.8328,-48.079224,7.8166957,8.093544
-532.8292,-48.16271,7.818044,8.095343
-533.82556,-48.24619,7.819443,8.097141
-534.82196,-48.329666,7.8208423,8.09894
-535.8183,-48.413143,7.8222413,8.1007395
-536.81464,-48.496613,7.8236403,8.102538
-537.81104,-48.580082,7.824891,8.104337
-538.8074,-48.663548,7.8260903,8.106135
-539.8038,-48.747005,7.8272896,8.107934
-540.8001,-48.830463,7.828489,8.109733
-541.79645,-48.913918,7.829688,8.111532
-542.79285,-48.99737,7.831035,8.113331
-543.7892,-49.08082,7.832434,8.115129
-544.7856,-49.16426,7.833833,8.116928
-545.7819,-49.247704,7.8352323,8.118727
-546.7783,-49.33114,7.8366313,8.120525
-547.77466,-49.41457,7.837883,8.122325
-548.77106,-49.498,7.8390822,8.124124
-549.7674,-49.58143,7.8402815,8.125922
-550.76373,-49.66485,7.8414807,8.127721
-551.76013,-49.74827,7.84268,8.129519
-552.7565,-49.83168,7.8440256,8.131318
-553.75287,-49.915092,7.8454247,8.133117
-554.7492,-49.998497,7.846823,8.134916
-555.7456,-50.0819,7.8482223,8.136715
-556.74194,-50.165302,7.8496213,8.138514
-557.73834,-50.2487,7.850875,8.140166
-558.7347,-50.332092,7.8520737,8.141766
-559.7311,-50.41548,7.853273,8.143364
-560.7274,-50.498863,7.854472,8.144963
-561.7238,-50.58224,7.8556714,8.146562
-562.72015,-50.665607,7.8568707,8.148306
-563.71655,-50.74897,7.8580694,8.1501045
-564.71295,-50.832333,7.8592687,8.151903
-565.7093,-50.9157,7.860468,8.153702
-566.7057,-50.99907,7.861667,8.1555
-567.702,-51.08245,7.8630104,8.157299
-568.6984,-51.165833,7.8644094,8.159098
-569.69476,-51.2492,7.8658085,8.160896
-570.69116,-51.332535,7.8672075,8.162695
-571.6875,-51.41582,7.8686066,8.164494
-572.6839,-51.49904,7.869862,8.166293
-573.6803,-51.582047,7.8710613,8.168092
-574.67676,-51.664654,7.87226,8.16989
-575.6732,-51.746662,7.8734593,8.171689
-576.6698,-51.827877,7.8746586,8.173488
-577.6664,-51.908108,7.8760014,8.175287
-578.66315,-51.987167,7.877401,8.177087
-579.66,-52.06487,7.878801,8.178886
-580.6569,-52.141033,7.8802004,8.180686
-581.654,-52.215477,7.8816,8.182486
-582.6512,-52.28802,7.8828573,8.184286
-583.64856,-52.35848,7.884058,8.186087
-584.6461,-52.42666,7.8852587,8.187888
-585.6438,-52.492374,7.8864594,8.189689
-586.64166,-52.55544,7.8876595,8.191489
-587.6397,-52.61566,7.8869953,8.1924305
-588.6379,-52.67286,7.8855934,8.193031
-589.6363,-52.72684,7.8841915,8.193632
-590.6349,-52.777428,7.8827896,8.194233
-591.6336,-52.824425,7.8813877,8.194834
-592.6325,-52.867645,7.87781,8.19442
-593.6316,-52.906902,7.8734,8.193618
-594.63086,-52.941998,7.868991,8.192817
-595.63025,-52.972733,7.864581,8.192015
-596.6297,-52.998917,7.8601713,8.191213
-597.62933,-53.02035,7.855907,8.190411
-598.6291,-53.036865,7.8516955,8.189609
-599.62885,-53.04829,7.847484,8.188807
-600.62866,-53.054462,7.8432727,8.1880045
-601.62854,-53.05521,7.839061,8.187202
-602.62836,-53.050365,7.8346996,8.1864
-603.6282,-53.039692,7.830288,8.185597
-604.62787,-53.02292,7.825876,8.184795
-605.62744,-52.999775,7.8214645,8.183993
-606.6269,-52.969994,7.817053,8.183191
-607.62604,-52.933334,7.8192024,8.158752
-608.62494,-52.889812,7.823409,8.126903
-609.62354,-52.83956,7.8276153,8.095054
-610.62177,-52.782722,7.831822,8.063206
-611.6196,-52.719433,7.836028,8.031358
-612.617,-52.64971,7.8260894,8.022771
-613.6139,-52.572556,7.8119006,8.021172
-614.61005,-52.486454,7.797712,8.019573
-615.6052,-52.389915,7.783523,8.017975
-616.5992,-52.281437,7.769336,8.016376
-617.5915,-52.15913,7.7096777,8.0898075
-618.58124,-52.01765,7.636034,8.186313
-619.5669,-51.850006,7.562387,8.282823
-620.5464,-51.649303,7.4887743,8.379288
-621.5168,-51.40892,7.4152884,8.475586
-622.4748,-51.122864,7.4486637,8.425953
-623.4162,-50.78633,7.505594,8.344154
-624.336,-50.394695,7.562603,8.262242
-625.2279,-49.943222,7.6197834,8.180084
-626.08417,-49.427456,7.6771507,8.097657
-626.89746,-48.846313,7.7393627,7.9996505
-627.6689,-48.21049,7.801617,7.901312
-628.40393,-47.532795,7.8636603,7.803307
-629.1096,-46.82452,7.9255295,7.7055774
-629.7939,-46.095516,7.9873595,7.6079097
-630.4639,-45.353386,7.916922,7.6428776
-631.1198,-44.59875,7.833016,7.69127
-631.7593,-43.83016,7.748952,7.7397532
-632.37994,-43.04631,7.6647964,7.7882895
-632.9794,-42.246113,7.580632,7.8368306
-633.55524,-41.428787,7.52589,7.835899
-634.10626,-40.594517,7.47898,7.821866
-634.6316,-39.743855,7.4320974,7.8078413
-635.13043,-38.877377,7.385225,7.7938194
-635.60187,-37.99566,7.3383465,7.779796
-636.0449,-37.099396,7.311388,7.75858
-636.4601,-36.189854,7.289388,7.735571
-636.84827,-35.268456,7.2673874,7.712561
-637.21045,-34.33653,7.2453876,7.689552
-637.54767,-33.395287,7.2233872,7.6665425
-637.86096,-32.445816,7.239042,7.641918
-638.1512,-31.489042,7.2615504,7.6169977
-638.4191,-30.525776,7.2840595,7.592077
-638.6655,-29.556778,7.306569,7.567156
-638.8912,-28.58274,7.3290796,7.542233
-639.0969,-27.604305,7.3061004,7.490851
-639.2838,-26.622084,7.2763386,7.435522
-639.4528,-25.636633,7.2465777,7.3801947
-639.6051,-24.648453,7.2168183,7.32487
-639.7417,-23.657984,7.187059,7.2695456
-639.8636,-22.665598,7.144918,7.2165084
-639.97107,-21.671549,7.1008196,7.16383
-640.0641,-20.676043,7.0567203,7.11115
-640.14276,-19.679295,7.0126204,7.05847
-640.2069,-18.681513,6.968523,7.005792
-640.2566,-17.682905,6.962,7.0427637
-640.29114,-16.683657,6.962,7.095298
-640.3096,-15.683986,6.962,7.147834
-640.31116,-14.684147,6.962,7.2003703
-640.29486,-13.684441,6.962,7.2529063
-640.2599,-12.685214,6.9635696,7.297675
-640.20544,-11.686857,6.9653845,7.34123
-640.131,-10.689801,6.9671993,7.384784
-640.03564,-9.69452,6.969014,7.428339
-639.9188,-8.701533,6.970829,7.4718914
-639.77985,-7.7114053,6.9827037,7.4695997
-639.6181,-6.724749,6.9956255,7.462533
-639.43286,-5.7422256,7.008548,7.455466
-639.2236,-4.7645483,7.0214705,7.448399
-638.9896,-3.7924848,7.034393,7.4413323
-638.7304,-2.826839,7.046254,7.4234514
-638.4458,-1.8683852,7.0580626,7.4050384
-638.13556,-0.91790456,7.069871,7.3866253
-637.7996,0.023791978,7.0816793,7.3682117
-637.4378,0.9558629,7.093488,7.349798
-637.0502,1.8774577,7.1038074,7.3150506
-636.6367,2.787802,7.1140594,7.279564
-636.1978,3.6861408,7.1243105,7.244078
-635.7337,4.5717134,7.1345615,7.2085943
-635.2446,5.443751,7.144812,7.1731124
-634.73083,6.3014464,7.153839,7.206454
-634.19226,7.1437984,7.162706,7.2488174
-633.6287,7.969695,7.171573,7.291183
-633.0402,8.77797,7.180441,7.333551
-632.4267,9.567404,7.189308,7.3759174
-631.78815,10.336713,7.2092557,7.363806
-631.12445,11.084459,7.231814,7.3388515
-630.43555,11.809075,7.254372,7.313898
-629.72156,12.508912,7.276929,7.2889457
-628.9825,13.182242,7.2994804,7.2639995
-628.21857,13.827254,7.277063,7.2867484
-627.43,14.441848,7.2433767,7.3214493
-626.61694,15.023668,7.209685,7.356156
-625.7798,15.570203,7.1759825,7.3908734
-624.919,16.078793,7.142273,7.4255986
-624.0357,16.547,7.053263,7.5336466
-623.1318,16.974234,6.956253,7.6523056
-622.2097,17.360636,6.8592696,7.7709312
-621.2716,17.706398,6.762297,7.889544
-620.3196,18.011724,6.665308,8.008177
-619.35565,18.276937,6.768038,7.8891797
-618.3817,18.502995,6.8756557,7.7643676
-617.3998,18.691097,6.9832706,7.6395583
-616.4115,18.842508,7.0908794,7.514756
-615.41846,18.958508,7.195782,7.3929963
-614.422,19.040373,7.219849,7.36211
-613.4234,19.089388,7.243919,7.3312206
-612.42377,19.106865,7.2679896,7.3003297
-611.424,19.094124,7.2920613,7.269438
-610.42505,19.05248,7.3130383,7.2420278
-609.4276,18.983467,7.2715263,7.2849364
-608.4322,18.889462,7.230012,7.3278484
-607.43915,18.773037,7.188501,7.370756
-606.44867,18.63675,7.1469946,7.4136596
-605.4607,18.483137,7.108465,7.456226
-604.47516,18.314503,7.1486278,7.489827
-603.49207,18.13242,7.1887965,7.5234337
-602.5112,17.9383,7.228967,7.557042
-601.5326,17.733545,7.269138,7.59065
-600.5559,17.519556,7.3093104,7.6242585
-599.581,17.297497,7.349759,7.6579328
-598.6079,17.067661,7.3902087,7.6916075
-597.6367,16.830128,7.430659,7.7252827
-596.66736,16.584976,7.4711094,7.758958
-595.69995,16.332287,7.5115604,7.792634
-594.73456,16.072182,7.5497065,7.817677
-593.77106,15.8049555,7.5878267,7.842625
-592.8095,15.5309515,7.625947,7.867573
-591.8498,15.250508,7.6640673,7.8925204
-590.8919,14.963964,7.702187,7.917468
-589.9357,14.671627,7.733314,7.9135017
-588.98126,14.373685,7.7642894,7.9089055
-588.02856,14.070297,7.7952647,7.9043093
-587.0776,13.761618,7.82624,7.8997126
-586.12823,13.447804,7.857216,7.8951163
-585.18054,13.129088,7.8882394,7.890513
-584.2343,12.806044,7.9192643,7.885909
-583.28937,12.479328,7.9502892,7.8813057
-582.34546,12.149599,7.9813137,7.876702
-581.40234,11.817513,8.012339,7.872098
-580.4598,11.483866,8.043448,7.867678
-579.51733,11.150057,8.074561,7.863262
-578.57434,10.817647,8.105674,7.858846
-577.6303,10.488202,8.136786,7.85443
-576.68475,10.163289,8.167898,7.850014
-575.73706,9.844464,8.199147,7.8453784
-574.7869,9.5332155,8.230395,7.840741
-573.8338,9.23102,8.261644,7.8361044
-572.87744,8.93937,8.292893,7.8314676
-571.9175,8.659773,8.322948,7.8268523
-570.9537,8.393753,8.321534,7.8228106
-569.98584,8.142884,8.320119,7.8187695
-569.0138,7.908767,8.318705,7.814728
-568.03754,7.693027,8.31729,7.810686
-567.057,7.497302,8.311051,7.8067183
-566.07245,7.3231516,8.254699,7.8035097
-565.08417,7.1718845,8.198351,7.800301
-564.0924,7.044784,8.142001,7.7970924
-563.0978,6.9431524,8.085647,7.793884
-562.10077,6.868301,8.0329485,7.789207
-561.10205,6.8212857,8.012691,7.771507
-560.1024,6.802409,7.992436,7.753808
-559.1026,6.811838,7.9721823,7.7361107
-558.1035,6.849741,7.9519305,7.7184153
-557.1059,6.916285,7.9322696,7.70048
-556.11066,7.011744,7.9493327,7.6675296
-555.1187,7.1368127,7.966397,7.6345787
-554.13104,7.2922854,7.983462,7.601625
-553.1488,7.4789467,8.000528,7.5686703
-552.1732,7.6975574,8.017592,7.5357175
-551.2055,7.948892,8.025958,7.4793515
-550.2472,8.233966,8.033541,7.4208856
-549.3,8.553857,8.041123,7.36242
-548.3656,8.909595,8.048705,7.30396
-547.4461,9.30212,8.056284,7.24552
-546.5436,9.732326,8.062176,7.1815825
-545.6607,10.201361,8.067892,7.1170797
-544.80023,10.710434,8.073608,7.0525594
-543.9655,11.260637,8.079328,6.9880157
-543.16003,11.852844,8.084804,6.924377
-542.38727,12.487146,8.061137,6.9698586
-541.6493,13.161598,8.03748,7.01532
-540.94775,13.873868,8.01383,7.06077
-540.28424,14.621716,7.9901786,7.106222
-539.66046,15.40298,7.963864,7.1658516
-539.0776,16.215237,7.9221435,7.30762
-538.53564,17.055359,7.880421,7.449394
-538.03424,17.920286,7.8387074,7.5911403
-537.5727,18.807178,7.797,7.7328644
-537.1505,19.71344,7.7863827,7.8431697
-536.7671,20.636784,7.8935795,7.8344026
-536.4224,21.575268,8.000799,7.8256335
-536.11633,22.52705,8.108025,7.816864
-535.8487,23.490358,8.21525,7.808095
-535.61945,24.463503,8.314598,7.8021765
-535.42847,25.444883,8.380576,7.8083367
-535.2761,26.433002,8.446556,7.8144975
-535.16284,27.426355,8.512534,7.820658
-535.089,28.423416,8.578507,7.8268185
-535.055,29.422626,8.633904,7.836798
-535.0613,30.422398,8.6333,7.867026
-535.1082,31.421082,8.632695,7.8972535
-535.1964,32.41697,8.632091,7.927487
-535.3264,33.408264,8.631485,7.9577293
-535.4987,34.39308,8.614394,7.993232
-535.713,35.369633,8.530399,8.050046
-535.96674,36.336693,8.446421,8.106849
-536.2572,37.293358,8.362467,8.163635
-536.58185,38.239,8.2785225,8.220415
-536.93805,39.173203,8.206839,8.26551
-537.3234,40.095753,8.163387,8.283698
-537.7356,41.00668,8.119926,8.301891
-538.17206,41.906197,8.076467,8.320084
-538.63055,42.7947,8.033006,8.338277
-539.1089,43.672718,8.023309,8.32448
-539.6048,44.540874,8.07479,8.252725
-540.1165,45.399857,8.126274,8.180965
-540.642,46.25045,8.177756,8.109209
-541.17957,47.093513,8.229237,8.037454
-541.7273,47.929993,8.274765,7.969329
-542.2836,48.760773,8.307914,7.9087524
-542.8473,49.58661,8.341065,7.8481727
-543.41693,50.408287,8.374216,7.7875924
-543.99146,51.226612,8.407368,7.727013
-544.5695,52.04241,8.418256,7.6796584
-545.1503,52.85627,8.364764,7.670545
-545.7337,53.668297,8.311273,7.661432
-546.3195,54.47855,8.25778,7.652318
-546.9077,55.28708,8.204288,7.6432047
-547.4982,56.09394,8.1507015,7.634124
-548.0909,56.89923,8.096764,7.6251674
-548.6854,57.703094,8.042825,7.616211
-549.2817,58.505703,7.9888873,7.6072545
-549.8794,59.307224,7.934949,7.5982976
-550.47833,60.107822,7.880973,7.589298
-551.0783,60.907665,7.8268294,7.5801077
-551.6791,61.706894,7.772686,7.570917
-552.2805,62.50566,7.7185426,7.5617266
-552.8823,63.304115,7.6643987,7.5525365
-553.4844,64.1024,7.610261,7.5433407
-554.0864,64.90067,7.556149,7.5341215
-554.6883,65.69908,7.502037,7.524903
-555.28973,66.497795,7.4479256,7.5156837
-555.8906,67.29697,7.3938136,7.5064645
-556.49066,68.09675,7.3396387,7.4972796
-557.08966,68.89731,7.285195,7.488239
-557.68744,69.69879,7.2307515,7.4791985
-558.28375,70.50136,7.1763077,7.470158
-558.87836,71.30517,7.121864,7.4611177
-559.4711,72.11036,7.0748057,7.4522023
-560.0618,72.91709,7.055086,7.4437513
-560.65015,73.72552,7.0353665,7.4353
-561.23596,74.53578,7.015647,7.426849
-561.81903,75.34803,6.9959273,7.4183974
-562.3991,76.162415,6.9799237,7.409994
-562.97595,76.97907,6.9754944,7.4017396
-563.5494,77.79814,6.971065,7.393485
-564.1192,78.61974,6.9666357,7.3852305
-564.6851,79.44402,6.962207,7.376976
-565.24695,80.27109,6.9577785,7.368779
-565.80444,81.101074,6.9533534,7.3607335
-566.3574,81.93411,6.9489284,7.352688
-566.9055,82.770325,6.944503,7.3446417
-567.4486,83.60984,6.940078,7.336596
-567.9864,84.45277,6.939626,7.329962
-568.5186,85.299194,6.9482512,7.326552
-569.0451,86.14917,6.9568763,7.323142
-569.56586,87.00273,6.9655013,7.319732
-570.08057,87.8599,6.9741263,7.316322
-570.5892,88.720726,6.986695,7.3143826
-571.09155,89.58519,7.0076795,7.315582
-571.58777,90.45325,7.0286646,7.316781
-572.0777,91.32484,7.0496492,7.31798
-572.5614,92.1999,7.070634,7.319179
-573.0388,93.07838,7.091664,7.3203773
-573.5101,93.96023,7.1127906,7.3215733
-573.975,94.845406,7.133918,7.322769
-574.4336,95.73387,7.155045,7.3239646
-574.88586,96.62559,7.1761723,7.3251605
-575.3317,97.520515,7.194026,7.3261185
-575.7712,98.41862,7.204173,7.3265166
-576.20416,99.319855,7.2143207,7.3269143
-576.6307,100.22418,7.224468,7.3273125
-577.0506,101.13156,7.234616,7.3277106
-577.46405,102.04195,7.243516,7.328054
-577.87085,102.9553,7.249083,7.328253
-578.271,103.87158,7.2546496,7.3284516
-578.6645,104.79075,7.2602167,7.3286505
-579.0512,105.71277,7.265784,7.3288493
-579.4312,106.63759,7.2713027,7.329048
-579.80444,107.56518,7.2766714,7.329247
-580.1708,108.4955,7.28204,7.329446
-580.5302,109.428505,7.287409,7.3296447
-580.88275,110.36416,7.292778,7.3298435
-581.2282,111.302414,7.29479,7.3293624
-581.5667,112.24323,7.28444,7.326377
-581.8981,113.18657,7.2740903,7.3233914
-582.2223,114.13239,7.2637405,7.320406
-582.53937,115.08064,7.253391,7.3174205
-582.8491,116.031296,7.240773,7.3140187
-583.1516,116.98429,7.2184434,7.308835
-583.4467,117.93959,7.196114,7.3036513
-583.73444,118.897156,7.1737843,7.2984676
-584.01465,119.85693,7.151455,7.293284
-584.28735,120.81888,7.1290817,7.2880983
-584.5524,121.78294,7.1064997,7.2829027
-584.8099,122.749084,7.083918,7.2777066
-585.05963,123.717255,7.0613365,7.272511
-585.3015,124.68739,7.0387545,7.2673154
-585.53564,125.659454,7.0177927,7.263679
-585.76184,126.633385,7.00477,7.2676864
-585.9802,127.60909,6.991747,7.271693
-586.19086,128.5865,6.9787245,7.2757
-586.3938,129.56554,6.9657016,7.2797074
-586.5891,130.54613,6.95593,7.2868633
-586.7769,131.52818,6.961148,7.3085365
-586.9573,132.51163,6.9663653,7.3302093
-587.13025,133.4964,6.971583,7.3518825
-587.2959,134.48244,6.9768004,7.373555
-587.45435,135.46965,6.9820185,7.3952312
-587.6057,136.45798,6.9872394,7.4169173
-587.74994,137.44737,6.9924603,7.438604
-587.88727,138.43774,6.997681,7.4602904
-588.0177,139.42906,7.0029016,7.4819765
-588.1413,140.42123,7.005014,7.499518
-588.25824,141.41422,6.9957786,7.5019274
-588.3685,142.40797,6.986543,7.504337
-588.47235,143.40242,6.9773073,7.506746
-588.5697,144.39752,6.968072,7.5091553
-588.6607,145.39322,6.9562993,7.5081325
-588.7455,146.38947,6.936235,7.4958935
-588.82416,147.38622,6.9161706,7.483654
-588.89667,148.38344,6.8961062,7.471415
-588.96326,149.38107,6.876042,7.4591756
-589.024,150.37907,6.8559823,7.4469395
-589.0789,151.37741,6.835937,7.4347115
-589.1282,152.37605,6.8158913,7.4224834
-589.1719,153.37495,6.7958455,7.410256
-589.21,154.37407,6.7758,7.398028
-589.2428,155.37338,6.7557597,7.3858037
-589.27026,156.37286,6.735735,7.373588
-589.2925,157.37247,6.7157097,7.361373
-589.3096,158.37218,6.6956844,7.349158
-589.32166,159.37195,6.6756597,7.336942
-589.32886,160.37178,6.6656637,7.3237114
-589.3312,161.37163,6.683069,7.3077064
-589.32874,162.37148,6.700475,7.291701
-589.32166,163.37129,6.7178807,7.275696
-589.31,164.37108,6.7352867,7.2596908
-589.2939,165.3708,6.7563543,7.243311
-589.2734,166.37045,6.787344,7.225917
-589.2486,167.37,6.8183336,7.2085223
-589.21967,168.36943,6.8493233,7.1911283
-589.1866,169.36873,6.880313,7.173734
-589.1495,170.36789,6.9112453,7.156342
-589.10846,171.3669,6.9420214,7.138955
-589.0636,172.36575,6.972798,7.1215687
-589.015,173.36441,7.003574,7.1041822
-588.9627,174.3629,7.0343504,7.086796
-588.90686,175.36119,7.0651755,7.0694113
-588.84753,176.35928,7.0961366,7.052033
-588.7848,177.35716,7.1270976,7.0346546
-588.7187,178.35483,7.158059,7.017277
-588.6494,179.35228,7.18902,6.9998984
-588.57697,180.3495,7.212412,6.988338
-588.5014,181.3465,7.214009,6.9935293
-588.4229,182.34326,7.215606,6.99872
-588.34155,183.3398,7.2172036,7.0039115
-588.2574,184.3361,7.2188005,7.0091023
-588.1705,185.33217,7.216369,7.0174265
-588.081,186.328,7.2017994,7.03519
-587.9889,187.32361,7.187229,7.0529532
-587.89435,188.31898,7.1726594,7.070717
-587.7975,189.31413,7.158089,7.0884805
-587.69824,190.30905,7.14352,7.106243
-587.59686,191.30374,7.1289515,7.124004
-587.49335,192.29822,7.1143837,7.141765
-587.38776,193.29248,7.099816,7.159526
-587.2802,194.28654,7.085248,7.1772866
-587.17084,195.2804,7.0706797,7.1950483
-587.0597,196.27405,7.0561094,7.2128115
-586.9468,197.2675,7.0415397,7.230575
-586.8323,198.26077,7.0269694,7.248338
-586.71625,199.25388,7.0123997,7.266102
-586.5988,200.24681,6.9978285,7.283867
-586.48,201.23958,6.9832516,7.3016386
-586.35986,202.23218,6.9686747,7.3194103
-586.2385,203.22464,6.954098,7.337182
-586.1161,204.21696,6.9395213,7.354954
-585.9925,205.20917,6.9249,7.3727283
-585.868,206.20123,6.910111,7.3905153
-585.74255,207.19319,6.895322,7.408302
-585.61646,208.18504,6.880533,7.426089
-585.48975,209.17683,6.865744,7.4438753
-585.36255,210.16856,6.8509927,7.4616666
-585.2349,211.16025,6.8363853,7.4794755
-585.1068,212.15186,6.821778,7.497285
-584.97797,213.14337,6.8071704,7.515094
-584.8484,214.1348,6.792563,7.5329027
-584.71783,215.12608,6.785135,7.545204
-584.58606,216.11722,6.8049746,7.5365868
-584.45264,217.10812,6.8248143,7.5279694
-584.317,218.09874,6.844654,7.5193524
-584.1787,219.08897,6.864494,7.510735
-584.0372,220.07877,6.8847337,7.501852
-583.89197,221.06801,6.906406,7.4920197
-583.74255,222.05664,6.928078,7.482187
-583.58856,223.04456,6.94975,7.472354
-583.4295,224.03168,6.971422,7.4625216
-583.265,225.01791,6.993097,7.4526877
-583.0946,226.00313,7.0147805,7.4428496
-582.91785,226.98723,7.0364637,7.433012
-582.73425,227.97008,7.0581474,7.423174
-582.54333,228.95154,7.0798306,7.4133363
-582.3447,229.93146,7.100181,7.4039097
-582.13794,230.9097,7.116623,7.3956885
-581.9226,231.88608,7.1330647,7.3874674
-581.6983,232.86044,7.149507,7.379246
-581.46466,233.83261,7.1659493,7.371025
-581.2212,234.80237,7.175118,7.3648934
-580.9679,235.76959,7.1643286,7.364494
-580.7049,236.73424,7.153539,7.3640943
-580.4326,237.6963,7.1427503,7.3636947
-580.1513,238.65576,7.1319613,7.363295
-579.8613,239.61264,7.121129,7.3628955
-579.563,240.56693,7.1101756,7.3624973
-579.25653,241.51865,7.0992217,7.362099
-578.9422,242.4678,7.0882683,7.3617005
-578.6203,243.41443,7.0773144,7.3613024
-578.29114,244.35855,7.0664124,7.360904
-577.95496,245.30019,7.0556736,7.3605065
-577.612,246.23938,7.0449347,7.360109
-577.2625,247.17616,7.034196,7.359711
-576.90674,248.11058,7.023457,7.359313
-576.545,249.04268,7.0135617,7.3595076
-576.17737,249.9725,7.006793,7.3618965
-575.8043,250.90015,7.0000243,7.3642855
-575.4259,251.82564,6.993256,7.3666744
-575.04254,252.74905,6.9864874,7.3690634
-574.65436,253.67049,6.9810376,7.372438
-574.26166,254.59,6.981238,7.3800325
-573.8645,255.50757,6.9814377,7.387627
-573.4629,256.42325,6.9816375,7.3952217
-573.05707,257.337,6.9818373,7.4028163
-572.647,258.24887,6.9820747,7.410416
-572.23267,259.15887,6.9824758,7.4180408
-571.8142,260.06696,6.9828773,7.425665
-571.39154,260.97308,6.9832783,7.433289
-570.9647,261.87723,6.98368,7.4409137
-570.5337,262.77942,6.9840407,7.4485407
-570.09845,263.67957,6.9842415,7.456177
-569.65906,264.5777,6.9844427,7.4638143
-569.21545,265.47375,6.9846435,7.4714513
-568.76776,266.36777,6.984844,7.4790883
-568.3159,267.2597,6.985726,7.485771
-567.86005,268.14957,6.9889393,7.489186
-567.4,269.03732,6.9921527,7.4926
-566.936,269.92297,6.9953666,7.496014
-566.46796,270.80652,6.99858,7.4994287
-565.9959,271.68793,7.003867,7.499726
-565.51996,272.5672,7.0154824,7.490514
-565.04,273.44434,7.027097,7.4813023
-564.55615,274.3193,7.0387125,7.4720902
-564.06836,275.1921,7.0503273,7.462878
-563.5766,276.06268,7.0619817,7.4536753
-563.08093,276.93103,7.073753,7.4444976
-562.58124,277.79706,7.085524,7.43532
-562.07745,278.6607,7.0972953,7.4261427
-561.56946,279.52188,7.1090665,7.416965
-561.0571,280.38052,7.1207843,7.40784
-560.54047,281.23654,7.132335,7.398878
-560.01935,282.08984,7.1438856,7.3899164
-559.4937,282.94037,7.155436,7.3809547
-558.96344,283.788,7.1669865,7.371993
-558.42847,284.63272,7.1785374,7.3629875
-557.88873,285.47437,7.1900907,7.3538246
-557.3441,286.3129,7.2016435,7.344662
-556.7946,287.1482,7.2131963,7.3355
-556.2401,287.9802,7.224749,7.326337
-555.6805,288.80875,7.229427,7.3235335
-555.11566,289.6338,7.2064743,7.3462863
-554.5456,290.4552,7.183522,7.3690386
-553.97015,291.27286,7.16057,7.3917913
-553.3892,292.08664,7.137618,7.414544
-552.8028,292.89648,7.114048,7.437876
-552.21075,293.70218,7.0878243,7.4637
-551.613,294.50366,7.0616007,7.489523
-551.0094,295.30078,7.0353775,7.515346
-550.3999,296.09335,7.009154,7.541169
-549.78436,296.8813,6.982956,7.5669665
-549.1627,297.6644,6.956865,7.592656
-548.53485,298.44254,6.9307737,7.6183457
-547.90076,299.21558,6.904683,7.6440353
-547.26025,299.98334,6.878592,7.669725
-546.61334,300.7457,6.854441,7.693771
-545.95984,301.50247,6.8375545,7.711663
-545.2998,302.25348,6.8206677,7.729554
-544.6331,302.9986,6.8037815,7.7474456
-543.9597,303.73767,6.7868953,7.7653375
-543.27954,304.47052,6.7813663,7.7736297
-542.5925,305.197,6.8125315,7.7509093
-541.8987,305.91687,6.8436966,7.728189
-541.1978,306.62997,6.874862,7.705468
-540.49,307.33612,6.906028,7.6827474
-539.775,308.0351,6.93718,7.6600366
-539.0531,308.7268,6.968295,7.6373525
-538.3243,309.41135,6.99941,7.614669
-537.5889,310.0888,7.0305243,7.591985
-536.8472,310.75928,7.061639,7.569302
-536.09937,311.42288,7.0927305,7.546635
-535.3455,312.07977,7.1237636,7.524011
-534.5861,312.7301,7.1547966,7.501387
-533.8212,313.37405,7.185829,7.478763
-533.0512,314.0118,7.216862,7.456139
-532.2762,314.64355,7.243007,7.4363365
-531.4965,315.26947,7.2569866,7.423555
-530.7123,315.88974,7.2709665,7.4107738
-529.92377,316.50452,7.284946,7.397992
-529.13116,317.11398,7.2989254,7.385211
-528.33466,317.71835,7.3028736,7.3781166
-527.5344,318.31775,7.280942,7.3856926
-526.73065,318.91245,7.2590103,7.393269
-525.9235,319.50262,7.2370787,7.4008455
-525.1133,320.08847,7.2151475,7.408422
-524.3001,320.67026,7.193217,7.415998
-523.4842,321.2481,7.17129,7.4235725
-522.6655,321.82217,7.149363,7.4311476
-521.84436,322.39255,7.1274357,7.438722
-521.0206,322.9593,7.105509,7.446297
-520.1945,323.52252,7.0835285,7.453873
-519.366,324.08234,7.0613847,7.461454
-518.5353,324.6386,7.039241,7.4690347
-517.7021,325.19138,7.017097,7.4766154
-516.8666,325.74054,6.994953,7.484196
-516.0286,326.28607,6.9728518,7.4917784
-515.18835,326.8279,6.9508886,7.499366
-514.34564,327.36606,6.9289255,7.5069532
-513.5006,327.90048,6.9069624,7.51454
-512.6532,328.43112,6.8849993,7.5221276
-511.80344,328.958,6.8673677,7.5270967
-510.95132,329.4811,6.86457,7.5231
-510.0969,330.0004,6.8617725,7.5191035
-509.24014,330.5158,6.8589745,7.5151067
-508.38104,331.02734,6.856177,7.51111
-507.51965,331.53497,6.857993,7.5043173
-506.65594,332.03867,6.875993,7.4877176
-505.78992,332.5384,6.8939924,7.4711185
-504.9216,333.0341,6.9119916,7.454519
-504.051,333.5258,6.9299912,7.437919
-503.17813,334.01343,6.9480376,7.4213614
-502.30298,334.49698,6.9662504,7.40495
-501.42557,334.9764,6.984463,7.388539
-500.54593,335.45172,7.0026755,7.3721275
-499.66403,335.92285,7.0208883,7.355716
-498.7799,336.38977,7.039058,7.3392572
-497.89355,336.85248,7.0570817,7.3226357
-497.00497,337.3109,7.075105,7.306014
-496.11423,337.76505,7.0931287,7.2893925
-495.22128,338.21487,7.111152,7.272771
-494.32614,338.66034,7.1228647,7.259536
-493.42883,339.10144,7.1136484,7.257532
-492.5294,339.53812,7.1044326,7.255529
-491.6278,339.9704,7.0952163,7.2535253
-490.7241,340.39816,7.086,7.2515216
-489.81827,340.82147,7.0746145,7.2506266
-488.91037,341.24026,7.0563774,7.253232
-488.00037,341.6545,7.0381403,7.255837
-487.08826,342.06415,7.019903,7.2584424
-486.1741,342.46912,7.0016656,7.261048
-485.25787,342.86942,6.9834785,7.2636533
-484.3396,343.265,6.965441,7.2662587
-483.41937,343.65594,6.947404,7.2688637
-482.49716,344.0423,6.9293666,7.271469
-481.5731,344.42413,6.9113293,7.2740746
-480.6472,344.8015,6.893241,7.27668
-479.7195,345.1745,6.87501,7.2792845
-478.79016,345.54324,6.8567786,7.281889
-477.85913,345.90784,6.8385477,7.284493
-476.92657,346.2684,6.8203163,7.2870975
-475.9925,346.62506,6.8067303,7.2886224
-475.05698,346.97797,6.8057294,7.287221
-474.1201,347.32718,6.804728,7.2858195
-473.1819,347.67282,6.803727,7.284418
-472.24243,348.01505,6.8027263,7.2830167
-471.30176,348.3539,6.804197,7.2811213
-470.35992,348.68958,6.8121977,7.2779207
-469.417,349.02213,6.8201985,7.2747207
-468.47302,349.35165,6.8281994,7.27152
-467.52805,349.67834,6.8362007,7.2683196
-466.5821,350.00226,6.8441443,7.265065
-465.63528,350.32352,6.8519387,7.2616677
-464.6876,350.64227,6.8597326,7.2582703
-463.7391,350.95862,6.867527,7.254873
-462.78986,351.27267,6.875321,7.2514753
-461.83987,351.58453,6.8831677,7.2481327
-460.88922,351.89435,6.8911557,7.244938
-459.93796,352.2022,6.8991437,7.2417426
-458.98608,352.50824,6.9071317,7.2385473
-458.0337,352.81256,6.9151196,7.235352
-457.08075,353.1153,6.9231067,7.232105
-456.12738,353.41656,6.9310904,7.2287116
-455.17355,353.71646,6.9390745,7.2253184
-454.21936,354.0151,6.947058,7.2219253
-453.2648,354.31265,6.9550424,7.218532
-452.30994,354.6092,6.962975,7.21519
-451.3548,354.90482,6.970758,7.211997
-450.3994,355.1997,6.9785404,7.208804
-449.44382,355.4939,6.9863234,7.205611
-448.48807,355.78757,6.994106,7.202418
-447.53217,356.0808,7.0019374,7.199177
-446.5762,356.37375,7.009921,7.1957836
-445.62015,356.6665,7.0179043,7.1923904
-444.6641,356.95917,7.025888,7.1889977
-443.70807,357.25192,7.033871,7.1856046
-442.7521,357.5449,7.041809,7.1822577
-441.7962,357.8381,7.049597,7.179063
-440.84042,358.13165,7.0573845,7.175868
-439.88474,358.42554,7.0651717,7.172673
-438.92914,358.71976,7.0729594,7.1694784
-437.9737,359.01434,7.0807924,7.166283
-437.01834,359.30933,7.0887837,7.1630864
-436.0631,359.6047,7.096775,7.1598897
-435.108,359.90045,7.1047664,7.1566935
-434.153,360.19662,7.1127577,7.1534967
-433.19815,360.49316,7.12075,7.150256
-432.2434,360.79013,7.1287446,7.1468587
-431.28882,361.08752,7.1367393,7.1434608
-430.33435,361.3853,7.144734,7.1400633
-429.38,361.68353,7.1527286,7.1366653
-428.42578,361.9822,7.160681,7.1333103
-427.4717,362.2813,7.1684785,7.130111
-426.5178,362.58084,7.1762757,7.1269126
-425.56403,362.88086,7.1840734,7.1237135
-424.61038,363.18134,7.191871,7.1205144
-423.6569,363.48227,7.199712,7.1172724
-422.70355,363.7837,7.2077117,7.1138725
-421.75037,364.0856,7.215711,7.1104727
-420.79733,364.38797,7.223711,7.107073
-419.84445,364.69086,7.2317104,7.103673
-418.89175,364.99426,7.239668,7.1003156
-417.9392,365.29816,7.247469,7.0971155
-416.98682,365.60257,7.25527,7.093915
-416.0346,365.9075,7.2630715,7.0907145
-415.08255,366.21295,7.2708726,7.087514
-414.13068,366.51895,7.2787166,7.0842705
-413.179,366.8255,7.286719,7.0808697
-412.22745,367.1326,7.2947206,7.077469
-411.2761,367.44025,7.302723,7.0740676
-410.32495,367.74847,7.3107247,7.070667
-409.37396,368.05725,7.3186836,7.0673094
-408.4232,368.3666,7.326486,7.0641084
-407.47256,368.67654,7.334288,7.0609074
-406.52216,368.9871,7.34209,7.0577064
-405.57196,369.29822,7.349892,7.054506
-404.62195,369.60995,7.357738,7.0512614
-403.67212,369.9223,7.3657393,7.0478606
-402.7225,370.23526,7.373741,7.04446
-401.7731,370.54883,7.381743,7.041059
-400.8239,370.863,7.3897448,7.0376587
-399.8749,371.17783,7.397746,7.0343013
-398.92612,371.49326,7.405747,7.031101
-397.97754,371.80933,7.413748,7.0279007
-397.02914,372.126,7.4217486,7.0247006
-396.08096,372.44327,7.4297495,7.0215
-395.133,372.76117,7.4377065,7.018256
-394.18524,373.07965,7.4455066,7.0148563
-393.23767,373.39874,7.4533067,7.011456
-392.29028,373.7184,7.461107,7.008056
-391.3431,374.0387,7.4689064,7.0046563
-390.39615,374.35956,7.475875,7.0015626
-389.4494,374.68103,7.4798746,6.9995627
-388.5028,375.00308,7.4838743,6.997563
-387.55646,375.32568,7.487874,6.995563
-386.6103,375.6489,7.4918737,6.993563
-385.6643,375.9727,7.4948254,6.991913
-384.71854,376.29706,7.4940257,6.991513
-383.77295,376.62198,7.4932256,6.9911127
-382.82755,376.94748,7.492426,6.990713
-381.88235,377.27356,7.491626,6.990313
-380.93738,377.6002,7.490826,6.989913
-379.99258,377.92737,7.4900265,6.9895134
-379.04797,378.25513,7.489227,6.9891133
-378.10355,378.58344,7.4884267,6.9887133
-377.15933,378.9123,7.487627,6.9883137
-376.2153,379.2417,7.486784,6.9879136
-375.27145,379.57162,7.4857845,6.9875135
-374.3278,379.90213,7.4847846,6.987114
-373.38434,380.23315,7.483785,6.986714
-372.44104,380.56473,7.4827857,6.9863143
-371.49796,380.89682,7.4818287,6.985914
-370.55505,381.22946,7.481029,6.9855146
-369.61237,381.56262,7.4802294,6.9851146
-368.66983,381.8963,7.4794297,6.984715
-367.72748,382.23053,7.47863,6.984315
-366.78534,382.56525,7.4778304,6.9839153
-365.84335,382.9005,7.4770308,6.9835153
-364.90155,383.23627,7.476231,6.9831157
-363.95996,383.57254,7.4754314,6.9827156
-363.01852,383.90933,7.474632,6.982316
-362.0773,384.2466,7.473832,6.981916
-361.13623,384.5844,7.473033,6.9815164
-360.19534,384.9227,7.4722333,6.981117
-359.25464,385.2615,7.4714336,6.9807167
-358.31412,385.60077,7.470634,6.980317
-357.37375,385.94055,7.4698343,6.979876
-356.4336,386.28082,7.469035,6.979276
-355.4936,386.62158,7.4682355,6.978677
-354.55377,386.9628,7.467436,6.978077
-353.61414,387.30453,7.466636,6.977477
-352.67465,387.64673,7.465796,6.976918
-351.73535,387.98938,7.4647965,6.9765186
-350.79623,388.33252,7.463797,6.976119
-349.85727,388.67615,7.462798,6.975719
-348.9185,389.02023,7.4617987,6.9753194
-347.97986,389.36475,7.4608393,6.97492
-347.0414,389.70978,7.4600396,6.9745197
-346.10315,390.05524,7.4592404,6.97412
-345.16504,390.40115,7.458441,6.9737206
-344.2271,390.7475,7.457641,6.9733205
-343.28934,391.09433,7.456842,6.972921
-342.3517,391.4416,7.4560423,6.9725213
-341.41428,391.7893,7.455243,6.9721212
-340.477,392.13745,7.4544435,6.9717216
-339.5399,392.48605,7.453644,6.971322
-338.60294,392.83508,7.4528446,6.970922
-337.66614,393.18454,7.452045,6.9705224
-336.7295,393.53442,7.4512453,6.970123
-335.79303,393.88477,7.450446,6.969723
-334.85672,394.2355,7.4496465,6.969323
-333.92056,394.58667,7.448847,6.9689236
-332.98456,394.93826,7.4480476,6.968524
-332.0487,395.29025,7.447248,6.968124
-331.11304,395.64267,7.4464483,6.9677243
-330.1775,395.9955,7.445649,6.9673247
-329.24213,396.34872,7.4448495,6.9669247
-328.30692,396.7024,7.44405,6.966525
-327.37183,397.05643,7.4432507,6.9661255
-326.43692,397.4109,7.442451,6.9657254
-325.50214,397.76572,7.4416513,6.965326
-324.56754,398.12097,7.440815,6.964926
-323.63306,398.4766,7.4398155,6.964526
-322.69873,398.8326,7.438816,6.9641266
-321.76456,399.18903,7.4378166,6.9637265
-320.83054,399.5458,7.436817,6.963327
-319.89667,399.90298,7.435854,6.9628906
-318.96292,400.26053,7.435055,6.962291
-318.02933,400.61847,7.434255,6.9616914
-317.0959,400.97678,7.4334555,6.9610915
-316.16257,401.33542,7.432656,6.9604917
-315.2294,401.69446,7.432108,6.960108
-314.2964,402.05383,7.432708,6.9607077
-313.3635,402.41357,7.433307,6.961307
-312.43073,402.77368,7.433907,6.961907
-311.4981,403.13412,7.434507,6.962507
-310.5656,403.4949,7.435142,6.963071
-309.63324,403.85602,7.4359417,6.963471
-308.70102,404.2175,7.4367414,6.9638705
-307.76892,404.57928,7.437541,6.9642706
-306.83694,404.9414,7.4383407,6.96467
-305.9051,405.30383,7.439105,6.965105
-304.9734,405.6666,7.439705,6.965705
-304.04178,406.0297,7.4403048,6.966305
-303.1103,406.39307,7.4409046,6.9669046
-302.17892,406.75677,7.4415045,6.9675045
-301.24768,407.12076,7.442104,6.9680696
-300.31656,407.48508,7.4427037,6.968469
-299.38556,407.84967,7.4433036,6.968869
-298.45468,408.21454,7.4439034,6.969269
-297.5239,408.5797,7.4445033,6.969669
-296.59323,408.9452,7.445103,6.9700685
-295.66266,409.3109,7.4457026,6.9704685
-294.7322,409.67694,7.4463024,6.9708686
-293.80188,410.0432,7.4469023,6.971268
-292.8716,410.40976,7.447502,6.9716682
-291.9415,410.77658,7.448102,6.972102
-291.01147,411.14368,7.448702,6.9727015
-290.08154,411.51102,7.4493017,6.9733014
-289.1517,411.8786,7.4499016,6.9739013
-288.22195,412.24643,7.450501,6.974501
-287.29233,412.6145,7.4511347,6.975067
-286.3628,412.98282,7.4519343,6.975467
-285.43335,413.35138,7.452734,6.9758673
-284.504,413.72015,7.4535336,6.976267
-283.57474,414.08917,7.454334,6.976667
-282.64554,414.45844,7.4551,6.9771
-281.71646,414.82788,7.4557,6.9776998
-280.78748,415.19757,7.4563,6.9782996
-279.85855,415.56744,7.4568996,6.9788995
-278.92972,415.93756,7.457499,6.9794993
-278.00095,416.30786,7.458099,6.980066
-277.0723,416.67838,7.4586987,6.980466
-276.1437,417.04907,7.4592986,6.980866
-275.21518,417.41995,7.4598985,6.9812655
-274.28674,417.79105,7.4604983,6.9816656
-273.35837,418.16232,7.461098,6.982065
-272.43008,418.53378,7.461698,6.9824653
-271.50186,418.9054,7.462298,6.9828653
-270.5737,419.2772,7.4628973,6.983265
-269.64563,419.64917,7.463497,6.983665
-268.7176,420.0213,7.464097,6.984097
-267.78964,420.39362,7.464697,6.984697
-266.86176,420.76605,7.4652967,6.9852967
-265.93393,421.13867,7.4658966,6.9858966
-265.00616,421.5114,7.4664965,6.9864964
-264.07843,421.88434,7.4671283,6.987064
-263.1508,422.2574,7.467928,6.987464
-262.2232,422.63055,7.4687276,6.987864
-261.29565,423.00388,7.4695272,6.9882636
-260.36816,423.37732,7.470327,6.9886637
-259.4407,423.75092,7.471095,6.989095
-258.51334,424.1246,7.471695,6.9896946
-257.58597,424.4984,7.472295,6.9902945
-256.6587,424.87234,7.472894,6.9908943
-255.73143,425.24637,7.473494,6.991494
-254.80421,425.6205,7.474094,6.9920626
-253.87704,425.99478,7.474694,6.9924626
-252.94992,426.3691,7.4752936,6.992862
-252.02283,426.74356,7.475893,6.9932623
-251.09576,427.1181,7.476493,6.993662
-250.16875,427.4927,7.4770927,6.994062
-249.24176,427.86743,7.4776926,6.9944615
-248.3148,428.24222,7.4782925,6.9948616
-247.3879,428.61707,7.478892,6.995261
-246.461,428.99197,7.4794917,6.9956613
-245.53412,429.36697,7.4800916,6.9960914
-244.60728,429.74203,7.4806914,6.996691
-243.68047,430.11716,7.481291,6.997291
-242.75368,430.49234,7.4818907,6.997891
-241.8269,430.86755,7.4824905,6.9984903
-240.90015,431.24283,7.4831204,6.99906
-239.9734,431.61813,7.48392,6.9994597
-239.04668,431.9935,7.4847193,6.99986
-238.11998,432.3689,7.485519,7.0002594
-237.1933,432.74435,7.4863186,7.0006595
-236.26663,433.11987,7.4870887,7.001059
-235.34,433.49545,7.4876885,7.001459
-234.4134,433.8711,7.4882884,7.0018587
-233.48683,434.24683,7.488888,7.002259
-232.56029,434.62265,7.4894876,7.0026584
-231.6338,434.99857,7.490087,7.003087
-230.70735,435.37457,7.490687,7.003687
-229.78094,435.7507,7.4912868,7.004287
-228.85458,436.12695,7.491886,7.004886
-227.92827,436.50333,7.492486,7.005486
-227.00203,436.87985,7.493086,7.0060573
-226.07584,437.25653,7.4936852,7.006457
-225.1497,437.63333,7.494285,7.006857
-224.22363,438.0103,7.494885,7.0072565
-223.29764,438.38745,7.4954844,7.007656
-222.37172,438.76477,7.496084,7.0080843
-221.44588,439.14227,7.496684,7.0086837
-220.5201,439.51996,7.4972835,7.0092835
-219.5944,439.89786,7.4978833,7.0098834
-218.66881,440.27594,7.4984827,7.010483
-217.74329,440.65427,7.49911,7.011055
-216.81786,441.0328,7.49991,7.011455
-215.89252,441.41156,7.5007095,7.0118546
-214.96729,441.79056,7.5015087,7.012254
-214.04214,442.16983,7.5023084,7.0126543
-213.11713,442.54932,7.503081,7.013054
-212.1922,442.9291,7.5036807,7.013454
-211.26738,443.3091,7.5042806,7.0138535
-210.34268,443.68945,7.5048804,7.0142536
-209.4181,444.07004,7.50548,7.014653
-208.49365,444.45093,7.5060797,7.0150795
-207.5693,444.83212,7.5066795,7.0156794
-206.6451,445.21362,7.507279,7.016279
-205.72102,445.59543,7.507879,7.0168786
-204.79707,445.97757,7.5084786,7.0174785
-203.87328,446.36005,7.509026,7.018
-202.9496,446.74286,7.509226,7.018
-202.02608,447.126,7.509426,7.018
-201.1027,447.50952,7.509626,7.018
-200.17947,447.8934,7.5098257,7.018
-199.25641,448.27765,7.509462,7.017513
-198.3335,448.6623,7.5052633,7.0137143
-197.41075,449.0473,7.5010653,7.009916
-196.48816,449.4327,7.4968667,7.0061173
-195.56573,449.8185,7.4926686,7.002319
-194.6435,450.20474,7.48847,6.998495
-193.72142,450.59137,7.4842715,6.994497
-192.79953,450.97842,7.480073,6.990498
-191.87782,451.36594,7.475875,6.9865
-190.95628,451.75388,7.4716763,6.982501
-190.03496,452.14224,7.467478,6.9785275
-189.1138,452.5311,7.4632792,6.9747286
-188.19286,452.9204,7.4590807,6.97093
-187.27211,453.31018,7.4548817,6.967131
-186.35156,453.70044,7.450683,6.9633327
-185.43123,454.09116,7.4464846,6.959509
-184.5111,454.4824,7.442286,6.95551
-183.59117,454.87415,7.438087,6.9515114
-182.67148,455.2664,7.4338884,6.9475126
-181.752,455.65915,7.4296894,6.943514
-180.83275,456.05246,7.425491,6.939539
-179.91373,456.4463,7.421292,6.93574
-178.99493,456.84064,7.417093,6.931941
-178.07637,457.23557,7.412894,6.928142
-177.15805,457.63104,7.4086947,6.924343
-176.23997,458.02707,7.4044957,6.92052
-175.32216,458.42368,7.4002967,6.9165206
-174.40457,458.82086,7.3960977,6.912522
-173.48726,459.21863,7.3918986,6.9085226
-172.57019,459.617,7.3876996,6.9045234
-171.65338,460.016,7.3835006,6.900548
-170.73685,460.41556,7.379301,6.8967485
-169.82059,460.81577,7.375102,6.8929496
-168.90459,461.21658,7.370903,6.88915
-167.98888,461.61804,7.3667035,6.8853507
-167.07343,462.02014,7.3624806,6.881528
-166.15828,462.42288,7.358082,6.8775287
-165.24341,462.82626,7.3536825,6.8735294
-164.32884,463.23032,7.349283,6.86953
-163.41457,463.63507,7.344884,6.865531
-162.5006,464.04047,7.340508,6.861555
-161.58693,464.4466,7.3363085,6.8577557
-160.67358,464.8534,7.3321095,6.853956
-159.76053,465.26086,7.32791,6.850157
-158.8478,465.66904,7.323711,6.8463573
-157.93535,466.0779,7.3195114,6.8425345
-157.02322,466.48746,7.315313,6.838536
-156.1114,466.89767,7.311114,6.834537
-155.19986,467.30853,7.306915,6.830538
-154.28864,467.72006,7.302716,6.826539
-153.37767,468.1322,7.298517,6.822563
-152.46701,468.54498,7.2943196,6.818765
-151.55661,468.95837,7.290122,6.8149676
-150.64648,469.37238,7.2859244,6.8111696
-149.73663,469.78693,7.281727,6.8073716
-148.82704,470.2021,7.2775292,6.8035517
-147.91771,470.6178,7.2733335,6.799556
-147.00862,471.03406,7.2691383,6.7955604
-146.0998,471.45087,7.2649426,6.7915645
-145.19122,471.86823,7.260747,6.7875686
-144.2829,472.28613,7.2565517,6.7835946
-143.3748,472.7046,7.2523594,6.7798014
-142.46695,473.1235,7.2481666,6.776008
-141.55933,473.5429,7.243974,6.772215
-140.65189,473.96277,7.2397814,6.7684216
-139.74463,474.383,7.235589,6.764609
-138.83752,474.80353,7.231399,6.760618
-137.93037,475.224,7.2272086,6.7566276
-137.023,475.64395,7.2230186,6.752637
-136.1152,476.06305,7.218828,6.7486463
-135.20682,476.4808,7.212087,6.7474995
-134.29764,476.89688,7.178349,6.7764463
-133.38753,477.31085,7.144611,6.805393
-132.47629,477.72238,7.1108727,6.83434
-131.5638,478.13113,7.0771346,6.863287
-130.64989,478.53668,7.042899,6.8928075
-129.7344,478.93866,7.0027137,6.929195
-128.81715,479.33658,6.9625278,6.965582
-127.897934,479.72998,6.9223423,7.001969
-126.976585,480.11832,6.8821564,7.038356
-126.05292,480.50113,6.8419657,7.0747476
-125.1268,480.878,6.8017073,7.1112003
-124.19822,481.24872,6.7614493,7.147653
-123.26718,481.61322,6.721191,7.184106
-122.333694,481.9714,6.6809316,7.2205596
-121.39776,482.32315,6.6413083,7.255977
-120.45918,482.6678,6.608756,7.279889
-119.51714,483.00284,6.576203,7.3038015
-118.57076,483.3254,6.5436525,7.327712
-117.61929,483.6326,6.511112,7.351615
-116.66211,483.9215,6.4847827,7.368655
-115.69857,484.18848,6.51133,7.3272
-114.72777,484.42758,6.537878,7.285744
-113.74916,484.63232,6.5644403,7.2442665
-112.76289,484.79605,6.591012,7.2027736
-111.76989,484.91196,6.637122,7.142379
-110.77215,484.97528,6.7567644,7.0108337
-109.77246,484.98508,6.8763156,6.879389
-108.7737,484.94077,6.995887,6.747922
-107.7789,484.84155,7.1155734,6.6163282
-106.79126,484.68655,7.1662216,6.5508
-105.813416,484.4785,7.08085,6.615469
-104.846146,484.22562,6.9955287,6.6801004
-103.88899,483.93668,6.910308,6.744656
-102.940605,483.6201,6.8251567,6.8091583
-101.99897,483.2839,6.7547774,6.8689876
-101.06225,482.93427,6.7268023,6.915418
-100.129585,482.57394,6.6988025,6.96189
-99.20016,482.20535,6.670785,7.0083914
-98.27308,481.83087,6.6427565,7.054911
-97.34742,481.4529,6.6314425,7.085483
-96.42281,481.0724,6.746386,6.9955525
-95.500565,480.6862,6.861308,6.9056396
-94.582344,480.2905,6.976169,6.8157744
-93.66995,479.88156,7.090913,6.726001
-92.7653,479.45584,7.1906953,6.647317
-91.871124,479.00848,7.105543,6.7056212
-90.992874,478.5307,7.0203724,6.763938
-90.13755,478.0131,6.9350715,6.822344
-89.31363,477.44696,6.849665,6.880822
-88.53116,476.8249,6.765573,6.942113
-87.79973,476.14355,6.6941595,7.032265
-87.12448,475.40646,6.6229067,7.1222143
-86.51011,474.61795,6.551638,7.2121825
-85.96207,473.782,6.4801984,7.302367
-85.48659,472.90277,6.447119,7.359601
-85.084305,471.98767,6.5105796,7.3336864
-84.74311,471.04797,6.5739446,7.3078103
-84.44798,470.09274,6.6371245,7.28201
-84.18326,469.12857,6.700186,7.2562585
-83.933334,468.16043,6.7897625,7.247542
-83.68945,467.1908,6.9249125,7.2680254
-83.45257,466.21942,7.0603223,7.288548
-83.22437,465.24597,7.1958995,7.3090963
-83.006546,464.27014,7.3315454,7.3296547
-82.80074,463.29172,7.4375453,7.344798
-82.6073,462.31076,7.4989667,7.351801
-82.42488,461.32767,7.5603523,7.358799
-82.252045,460.3429,7.6217136,7.3657947
-82.08736,459.3567,7.683066,7.3727894
-81.9294,458.3694,7.717704,7.3743873
-81.77709,457.3812,7.711934,7.367821
-81.629845,456.39227,7.706163,7.3612547
-81.48708,455.40265,7.700392,7.3546867
-81.34824,454.41248,7.6946197,7.3481193
-81.21274,453.42184,7.6889253,7.3416286
-81.07989,452.43088,7.68336,7.335269
-80.94888,451.43964,7.6777954,7.328909
-80.81889,450.44827,7.672231,7.32255
-80.68909,449.45688,7.6666665,7.3161902
-80.55864,448.46558,7.6610975,7.309826
-80.42703,447.47443,7.65552,7.3034515
-80.294174,446.48343,7.6499424,7.297077
-80.16003,445.4926,7.644365,7.2907023
-80.024536,444.50198,7.638787,7.284328
-79.887665,443.51157,7.6332045,7.277884
-79.74938,442.5213,7.627612,7.271293
-79.60969,441.53125,7.6220202,7.2647023
-79.4686,440.5414,7.616428,7.2581115
-79.326096,439.55176,7.6108356,7.2515206
-79.1822,438.56232,7.6051774,7.244989
-79.0369,437.5731,7.5993752,7.2385864
-78.8902,436.58405,7.593573,7.2321844
-78.74209,435.59525,7.587771,7.225782
-78.59255,434.60663,7.581969,7.2193794
-78.44159,433.61823,7.5762286,7.2129755
-78.28919,432.63007,7.5706215,7.206568
-78.13535,431.64212,7.565015,7.2001595
-77.98007,430.6544,7.5594077,7.193752
-77.823326,429.6669,7.553801,7.187344
-77.66512,428.67966,7.548194,7.180936
-77.505455,427.69263,7.5425873,7.174528
-77.34434,426.70584,7.53698,7.1681204
-77.181786,425.7193,7.531373,7.161712
-77.017815,424.73297,7.5257664,7.1553044
-76.85243,423.7469,7.5200944,7.1488314
-76.68567,422.76105,7.51429,7.142226
-76.51755,421.77545,7.508485,7.1356206
-76.34811,420.79004,7.5026803,7.1290154
-76.177376,419.80487,7.4968753,7.12241
-76.005394,418.81992,7.491138,7.115872
-75.83219,417.8352,7.4855356,7.1094694
-75.6578,416.85068,7.4799333,7.1030664
-75.48225,415.86633,7.474331,7.096664
-75.30556,414.88223,7.4687285,7.0902615
-75.12777,413.89832,7.463863,7.084729
-74.948906,412.91458,7.4604626,7.080929
-74.769,411.93106,7.4570627,7.077129
-74.58807,410.9477,7.4536624,7.0733285
-74.40617,409.96454,7.450262,7.0695286
-74.22331,408.98154,7.4482675,7.067602
-74.039536,407.99872,7.4490676,7.0694017
-73.85486,407.01608,7.4498672,7.0712013
-73.66932,406.0336,7.450667,7.073001
-73.48295,405.05127,7.4514666,7.0748
-73.29577,404.0691,7.452333,7.0765996
-73.10782,403.08707,7.4533324,7.0783987
-72.91912,402.10516,7.454332,7.080198
-72.72971,401.12344,7.4553313,7.081997
-72.53961,400.1418,7.456331,7.0837955
-72.34886,399.16034,7.45733,7.0855947
-72.15748,398.17896,7.4583297,7.0873933
-71.9655,397.19772,7.459329,7.089192
-71.77296,396.21658,7.460328,7.090991
-71.57987,395.23553,7.4613276,7.0927896
-71.386284,394.2546,7.462261,7.094523
-71.192215,393.27377,7.463061,7.0961213
-70.99769,392.29303,7.46386,7.09772
-70.80275,391.31235,7.464659,7.099319
-70.607414,390.3318,7.465459,7.1009173
-70.41172,389.35126,7.4663224,7.1025805
-70.21569,388.37082,7.467322,7.104379
-70.019356,387.3904,7.468321,7.106178
-69.82275,386.4101,7.4693203,7.107976
-69.62591,385.4298,7.4703193,7.1097746
-69.428856,384.44955,7.471255,7.111573
-69.23163,383.46936,7.472054,7.113372
-69.034225,382.4892,7.4728537,7.1151705
-68.83666,381.50903,7.473653,7.116969
-68.63895,380.52893,7.474452,7.1187673
-68.44109,379.54886,7.4753146,7.1205034
-68.2431,378.56882,7.4763136,7.1221023
-68.04498,377.58878,7.477313,7.123701
-67.84674,376.60876,7.4783125,7.1253
-67.64837,375.62878,7.479312,7.126899
-67.449875,374.64883,7.480249,7.12856
-67.25126,373.6689,7.481048,7.1303587
-67.05253,372.68903,7.481848,7.132158
-66.85368,371.70914,7.4826474,7.1339564
-66.65473,370.72928,7.4834466,7.1357555
-66.45568,369.74945,7.484308,7.137554
-66.25653,368.76962,7.485307,7.1393533
-66.05728,367.78983,7.4863067,7.1411524
-65.85794,366.81003,7.487306,7.1429515
-65.658516,365.8303,7.4883056,7.14475
-65.45901,364.85052,7.489305,7.146488
-65.259415,363.8708,7.4903045,7.1480875
-65.059746,362.89108,7.4913044,7.149687
-64.86001,361.91138,7.492304,7.1512856
-64.660194,360.9317,7.4933033,7.152885
-64.46033,359.95203,7.494242,7.154545
-64.26039,358.97238,7.495042,7.156344
-64.0604,357.99274,7.4958415,7.158143
-63.860355,357.0131,7.496641,7.1599426
-63.660263,356.03348,7.497441,7.1617417
-63.460125,355.05386,7.4983006,7.163541
-63.259945,354.07425,7.4993,7.16534
-63.05973,353.09464,7.5002995,7.1671395
-62.859478,352.11505,7.5012994,7.1689386
-62.6592,351.13547,7.502299,7.1707377
-62.458893,350.15588,7.5032387,7.1724777
-62.258564,349.1763,7.5040383,7.174077
-62.05822,348.19672,7.504838,7.1756763
-61.857857,347.21716,7.5056376,7.1772757
-61.657486,346.23758,7.506438,7.178875
-61.457108,345.25803,7.5072966,7.180534
-61.25673,344.27844,7.508296,7.182333
-61.05635,343.2989,7.509296,7.1841326
-60.855976,342.3193,7.5102954,7.185932
-60.65561,341.33972,7.5112953,7.1877313
-60.455257,340.36017,7.512295,7.189531
-60.254925,339.38058,7.5132947,7.19133
-60.054607,338.401,7.514294,7.1931295
-59.85432,337.42142,7.515294,7.194929
-59.654057,336.44183,7.5162935,7.196728
-59.453827,335.46222,7.5172343,7.198469
-59.25363,334.48264,7.5180345,7.2000685
-59.05348,333.50302,7.518834,7.2016683
-58.85337,332.52338,7.519634,7.2032676
-58.653305,331.54376,7.5204334,7.204867
-58.453297,330.56412,7.5212917,7.206525
-58.25334,329.58444,7.522291,7.2083244
-58.053448,328.6048,7.523291,7.2101235
-57.853615,327.62512,7.5242906,7.211923
-57.65385,326.64542,7.5252905,7.2137227
-57.454155,325.6657,7.526232,7.215522
-57.254536,324.68597,7.527032,7.2173214
-57.054993,323.70624,7.5278316,7.2191205
-56.855537,322.7265,7.528631,7.22092
-56.656166,321.7467,7.529431,7.2227197
-56.456882,320.76694,7.530288,7.224461
-56.257694,319.7871,7.531288,7.226061
-56.058605,318.80728,7.5322876,7.22766
-55.85962,317.82742,7.533287,7.2292595
-55.66074,316.84756,7.534287,7.230859
-55.461967,315.86768,7.535229,7.232516
-55.26331,314.88776,7.536029,7.234315
-55.064766,313.9078,7.5368285,7.2361145
-54.86635,312.92783,7.537628,7.2379136
-54.668056,311.94785,7.538428,7.239713
-54.46989,310.96783,7.5392847,7.2415123
-54.271862,309.9878,7.540284,7.2433114
-54.07397,309.0077,7.5412836,7.245111
-53.876217,308.02762,7.5422835,7.24691
-53.678604,307.0475,7.543283,7.248709
-53.48114,306.06732,7.5442824,7.250509
-53.283825,305.08713,7.5452824,7.252308
-53.086662,304.1069,7.546282,7.254107
-52.88967,303.12665,7.5472813,7.255906
-52.69285,302.14636,7.5482807,7.257705
-52.496204,301.16605,7.5492244,7.2594485
-52.299744,300.18567,7.550024,7.261048
-52.103447,299.2053,7.550823,7.2626467
-51.9073,298.22485,7.551623,7.264246
-51.71129,297.24442,7.5524225,7.2658453
-51.5154,296.26392,7.553278,7.2675
-51.31961,295.28345,7.5542774,7.269299
-51.123886,294.30292,7.555277,7.271098
-50.92819,293.32242,7.5562763,7.272897
-50.732487,292.3419,7.557276,7.274696
-50.536747,291.3614,7.55822,7.276495
-50.340927,290.3809,7.5590196,7.278294
-50.145004,289.40042,7.559819,7.2800927
-49.948944,288.41998,7.5606184,7.281892
-49.752712,287.43958,7.561418,7.283691
-49.556282,286.45923,7.562272,7.285435
-49.359623,285.47888,7.5632715,7.2870345
-49.1627,284.49863,7.564271,7.2886333
-48.965485,283.51843,7.5652704,7.2902327
-48.76794,282.53827,7.56627,7.2918315
-48.570038,281.5582,7.5672154,7.293484
-48.371742,280.57822,7.5680146,7.2952833
-48.173027,279.5983,7.5688143,7.2970824
-47.973858,278.6185,7.569614,7.298881
-47.7742,277.63876,7.5704136,7.30068
-47.574024,276.65918,7.571266,7.3024793
-47.373302,275.67966,7.5722656,7.304278
-47.171997,274.7003,7.573265,7.306077
-46.970078,273.72104,7.5742645,7.307876
-46.76751,272.7419,7.575264,7.309675
-46.564266,271.76294,7.5762634,7.3114214
-46.36031,270.78412,7.577263,7.3130207
-46.155613,269.80545,7.5782623,7.3146195
-45.950146,268.82693,7.579262,7.316219
-45.743885,267.84857,7.580261,7.3178177
-45.536797,266.87042,7.5812087,7.319469
-45.328846,265.89243,7.582008,7.321268
-45.119995,264.9146,7.5828075,7.323067
-44.910202,263.93704,7.583607,7.3248663
-44.699425,262.95966,7.584407,7.3266654
-44.487617,261.98248,7.585516,7.3285675
-44.274754,261.00555,7.587515,7.330766
-44.060844,260.02884,7.589514,7.3329654
-43.845894,259.05237,7.5915127,7.335164
-43.62991,258.07614,7.5935116,7.337363
-43.412903,257.1001,7.5969405,7.3403277
-43.194767,256.12436,7.604537,7.3455253
-42.975197,255.1489,7.6121335,7.350723
-42.75386,254.17386,7.6197295,7.3559203
-42.530422,253.19928,7.627326,7.361118
-42.304554,252.22528,7.6348724,7.366316
-42.075886,251.25192,7.642273,7.371516
-41.84397,250.27934,7.6496735,7.3767166
-41.608356,249.30765,7.657074,7.381917
-41.36859,248.33698,7.6644745,7.3871174
-41.124226,247.36745,7.6719275,7.392268
-40.874825,246.3992,7.6795354,7.397273
-40.61998,245.43237,7.6871433,7.4022784
-40.35928,244.4671,7.694751,7.4072833
-40.092323,243.50354,7.7023587,7.4122887
-39.81871,242.54187,7.7099156,7.41688
-39.538025,241.58221,7.717327,7.420285
-39.24982,240.6248,7.724738,7.423691
-38.953655,239.66983,7.7321496,7.427096
-38.649086,238.7175,7.739561,7.430501
-38.335674,237.76804,7.746917,7.4328403
-38.013065,236.82167,7.7541203,7.43224
-37.681023,235.87856,7.7613235,7.4316397
-37.339333,234.9389,7.7685266,7.4310393
-36.98779,234.0029,7.7757297,7.430439
-36.62618,233.07074,7.7829285,7.429893
-36.25443,232.14256,7.790115,7.4294934
-35.872704,231.21846,7.797302,7.4290943
-35.481186,230.29845,7.804488,7.428695
-35.080067,229.38258,7.8116746,7.4282956
-34.669525,228.47092,7.8161736,7.4311504
-34.249718,227.56346,7.812983,7.4433146
-33.82076,226.66031,7.8097925,7.4554787
-33.382744,225.7615,7.806602,7.4676433
-32.93578,224.86713,7.803411,7.4798074
-32.47997,223.97722,7.79788,7.4948983
-32.01541,223.09184,7.785109,7.5190434
-31.542196,222.21107,7.7723384,7.5431886
-31.060411,221.33496,7.7595673,7.5673337
-30.57015,220.46356,7.746796,7.591479
-30.071499,219.59692,7.734903,7.6146603
-29.564558,218.73512,7.7258997,7.6346674
-29.04945,217.87817,7.716896,7.654675
-28.5263,217.02611,7.707893,7.6746826
-27.995232,216.17896,7.6988897,7.6946898
-27.456367,215.33675,7.6990194,7.7053833
-26.909866,214.49947,7.728916,7.6857195
-26.355968,213.66707,7.7588134,7.6660557
-25.794922,212.83946,7.78871,7.646392
-25.226967,212.01659,7.818607,7.6267285
-24.652346,211.19835,7.8485074,7.6071124
-24.071291,210.38466,7.87842,7.5876393
-23.484034,209.57545,7.9083323,7.5681663
-22.890795,208.77061,7.9382443,7.548693
-22.291801,207.97005,7.968157,7.52922
-21.687271,207.17365,7.996219,7.5111604
-21.07742,206.38132,8.019273,7.4969273
-20.462465,205.59294,8.042326,7.482694
-19.842623,204.80841,8.06538,7.468461
-19.218102,204.02759,8.088433,7.454228
-18.589113,203.25037,8.096168,7.4526634
-17.95587,202.47661,8.064782,7.48345
-17.318596,201.70616,8.033396,7.5142365
-16.677513,200.93889,8.002009,7.5450225
-16.032845,200.17462,7.9706235,7.575809
-15.384807,199.41321,7.9392085,7.6065135
-14.733444,198.65463,7.9077177,7.6370077
-14.078506,197.89914,7.876227,7.667502
-13.419711,197.14702,7.8447356,7.6979966
-12.756783,196.39853,7.813245,7.728491
-12.089447,195.65398,7.782852,7.757261
-11.417422,194.91365,7.755556,7.78117
-10.740406,194.17789,7.7282605,7.8050785
-10.058095,193.44702,7.7009645,7.828987
-9.370196,192.72144,7.6736684,7.852896
-8.676422,192.00145,7.658624,7.8577633
-7.976498,191.28745,7.681789,7.8032465
-7.2701654,190.57977,7.7049537,7.74873
-6.557176,189.87881,7.728118,7.6942134
-5.8372903,189.18494,7.751282,7.6396976
-5.110276,188.49854,7.774465,7.5850906
-4.375888,187.82004,7.79771,7.5301847
-3.6338346,187.14992,7.820955,7.4752793
-2.8838322,186.48871,7.8441997,7.4203734
-2.1256127,185.83694,7.867445,7.365466
-1.358925,185.19518,7.889821,7.3126855
-0.58364934,184.5638,7.9095144,7.2664657
0.20010075,183.94296,7.929208,7.220247
0.99218583,183.33281,7.948901,7.174028
1.7924665,182.73344,7.9685946,7.1278086
2.6008027,182.14499,7.9805713,7.101016
3.4169574,181.56741,7.9715266,7.127145
4.240523,181.00047,7.9624825,7.153273
5.071087,180.44382,7.953438,7.1794014
5.9082513,179.89714,7.9443936,7.205529
6.7516346,179.36012,7.9354134,7.2316422
7.6008883,178.83243,7.9265876,7.2577186
8.4557085,178.3138,7.9177613,7.283796
9.315805,177.80396,7.9089355,7.3098726
10.180899,177.30264,7.9001093,7.33595
11.050716,176.80959,7.891228,7.3620687
11.924991,176.32446,7.882224,7.3882804
12.803451,175.84695,7.87322,7.4144926
13.685831,175.37674,7.864216,7.440705
14.571878,174.91347,7.8552117,7.4669166
15.461348,174.4568,7.84931,7.4858055
16.35402,174.00642,7.8503084,7.4884024
17.24971,173.56207,7.8513074,7.490999
18.148243,173.1235,7.8523064,7.493596
19.049448,172.69046,7.853305,7.496193
19.953161,172.26268,7.8570976,7.4924726
20.859318,171.84009,7.867285,7.4742956
21.768007,171.42296,7.877472,7.4561186
22.679325,171.01163,7.887659,7.4379416
23.59337,170.60638,7.8978467,7.419764
24.510227,170.20753,7.907978,7.4015803
25.42997,169.8154,7.9179773,7.3833814
26.352655,169.43024,7.9279766,7.3651824
27.278332,169.05232,7.937976,7.3469834
28.20704,168.68192,7.947975,7.328785
29.138819,168.31929,7.9579797,7.3106365
30.073702,167.96477,7.9679956,7.2926083
31.011726,167.61864,7.9780116,7.2745795
31.952923,167.28122,7.9880276,7.256551
32.897312,166.95285,7.998043,7.238522
33.844906,166.63385,8.006226,7.2234273
34.795704,166.32452,8.010237,7.215004
35.74967,166.0251,8.014248,7.20658
36.70676,165.73586,8.018259,7.198157
37.666935,165.457,8.02227,7.189733
38.630142,165.18881,8.022886,7.186754
39.596264,164.9313,8.016269,7.1953764
40.5651,164.68423,8.009652,7.203999
41.536465,164.44727,8.003035,7.212621
42.510166,164.2201,7.9964175,7.221244
43.48603,164.00241,7.989804,7.229928
44.463898,163.79391,7.9831967,7.238738
45.443623,163.59431,7.976589,7.2475476
46.425068,163.40335,7.969982,7.256357
47.4081,163.22073,7.9633746,7.265167
48.392593,163.04619,7.956839,7.273904
49.37844,162.87943,7.9504437,7.282498
50.36553,162.72018,7.944048,7.2910914
51.353756,162.56819,7.9376526,7.2996855
52.343033,162.42316,7.9312572,7.3082795
53.333267,162.2848,7.9247975,7.3168697
54.32437,162.15285,7.9182105,7.3254533
55.316265,162.02695,7.911623,7.3340364
56.308865,161.90675,7.905036,7.34262
57.302105,161.79195,7.898449,7.351203
58.29591,161.68217,7.894,7.3549266
59.29025,161.5773,7.894,7.348539
60.2851,161.47745,7.894,7.3421507
61.28046,161.38281,7.894,7.335763
62.276318,161.29353,7.894,7.3293753
63.27266,161.2098,7.8949447,7.320718
64.26946,161.13182,7.897943,7.3071246
65.26673,161.05994,7.9009414,7.293532
66.264435,160.9945,7.90394,7.2799387
67.262566,160.93584,7.9069386,7.2663455
68.261086,160.8843,7.9100018,7.252681
69.259964,160.84016,7.913207,7.2388577
70.25915,160.80377,7.9164124,7.2250347
71.2586,160.7754,7.9196177,7.2112117
72.25825,160.75534,7.922823,7.197389
73.258026,160.74388,7.92603,7.1835566
74.25787,160.74133,7.9292426,7.1697044
75.2577,160.74806,7.9324546,7.155852
76.257416,160.76443,7.9356666,7.1419997
77.25691,160.7908,7.938879,7.128147
78.25609,160.82753,7.9367676,7.119819
79.254814,160.8749,7.924307,7.122231
80.252975,160.93298,7.911846,7.124643
81.25044,161.00189,7.899386,7.127054
82.2471,161.08173,7.886925,7.129466
83.24281,161.17258,7.8677435,7.138894
84.237465,161.27434,7.836819,7.1605816
85.23099,161.38663,7.805895,7.1822686
86.22331,161.50905,7.774971,7.2039557
87.21439,161.6412,7.744047,7.225642
88.20418,161.7827,7.713074,7.2473097
89.19264,161.93317,7.682022,7.2689457
90.17975,162.0923,7.65097,7.290582
91.16547,162.2598,7.619918,7.3122187
92.14979,162.43532,7.5888653,7.333855
93.132706,162.61856,7.557847,7.3555465
94.114204,162.80923,7.5268807,7.3773227
95.09431,163.00699,7.4959145,7.399099
96.07301,163.21153,7.4649487,7.420875
97.05034,163.42255,7.4339824,7.4426513
98.02633,163.63971,7.418394,7.450986
99.00099,163.8627,7.427164,7.4380302
99.97438,164.0912,7.435934,7.4250746
100.94653,164.32492,7.444704,7.412119
101.9175,164.56352,7.453474,7.3991632
102.88733,164.8067,7.473583,7.376343
103.85602,165.05438,7.5130076,7.3367195
104.82347,165.30685,7.552432,7.297096
105.78957,165.5644,7.591857,7.257472
106.754234,165.82735,7.6312814,7.2178483
107.71733,166.09596,7.670721,7.17821
108.67873,166.37057,7.710189,7.1385427
109.638306,166.6515,7.749656,7.098876
110.5959,166.93909,7.789124,7.059209
111.55138,167.23366,7.8285913,7.0195417
112.50456,167.53554,7.851098,6.9971004
113.4553,167.84505,7.8393054,7.0094924
114.40342,168.16249,7.8275127,7.021885
115.34873,168.48819,7.81572,7.034277
116.29105,168.82245,7.8039274,7.0466695
117.230194,169.16556,7.78601,7.065253
118.165924,169.51784,7.7555285,7.0965366
119.09801,169.87967,7.725047,7.12782
120.02617,170.25142,7.6945653,7.159104
120.95015,170.63347,7.6640835,7.190388
121.86965,171.02615,7.6335745,7.2217
122.78445,171.4297,7.603013,7.2530656
123.694374,171.8441,7.5724525,7.2844305
124.5993,172.26932,7.541892,7.315795
125.49906,172.70534,7.511331,7.3471603
126.39354,173.15211,7.490078,7.3667784
127.28262,173.60951,7.484848,7.3661747
128.16634,174.07721,7.479618,7.3655715
129.0447,174.5549,7.474388,7.364968
129.91772,175.04227,7.469158,7.3643646
130.78546,175.53897,7.473559,7.351588
131.64795,176.04477,7.49264,7.320254
132.50519,176.55939,7.5117216,7.28892
133.35722,177.08257,7.530803,7.257586
134.20409,177.61409,7.549885,7.226252
135.04582,178.15372,7.56903,7.1948676
135.88248,178.70117,7.5882635,7.1634126
136.7141,179.25624,7.607497,7.1319575
137.54077,179.81865,7.626731,7.1005025
138.36256,180.38818,7.6459646,7.0690475
139.17955,180.96457,7.66509,7.037715
139.9918,181.5476,7.684071,7.006547
140.79942,182.13707,7.7030516,6.9753785
141.6025,182.73271,7.722032,6.9442105
142.40108,183.33434,7.7410126,6.9130425
143.1953,183.94173,7.737142,6.9072556
143.98523,184.55467,7.7018604,6.936358
144.771,185.17296,7.666579,6.9654603
145.55267,185.7964,7.631297,6.994563
146.33038,186.42477,7.5960155,7.0236654
147.10423,187.05792,7.5602694,7.0532355
147.87431,187.69563,7.523839,7.0834947
148.64076,188.3377,7.4874086,7.113754
149.40367,188.98398,7.4509783,7.144013
150.16316,189.63426,7.4145474,7.174272
150.91937,190.28838,7.37819,7.2046094
151.6724,190.94615,7.341951,7.235074
152.42235,191.60742,7.3057117,7.2655387
153.16934,192.27203,7.2694726,7.296004
153.91348,192.93982,7.2332335,7.3264685
154.6549,193.61063,7.209284,7.3424196
155.39374,194.2843,7.2072883,7.3324423
156.13013,194.96065,7.205293,7.3224654
156.86423,195.63948,7.2032976,7.3124886
157.59619,196.3206,7.2013025,7.3025117
158.32617,197.00385,7.2052884,7.2856317
159.05424,197.68915,7.2205143,7.2557817
159.78027,198.37659,7.2357397,7.225931
160.50414,199.06631,7.2509656,7.1960807
161.22574,199.7584,7.2661915,7.16623
161.94493,200.453,7.2814336,7.1363473
162.66154,201.15025,7.296706,7.106405
163.37538,201.85036,7.311979,7.0764623
164.08621,202.55351,7.327252,7.0465198
164.7938,203.25993,7.3425245,7.016577
165.49791,203.96982,7.3468866,7.006013
166.19835,204.68332,7.3334165,7.0271235
166.89497,205.40054,7.3199463,7.0482335
167.58763,206.12161,7.306476,7.0693436
168.27615,206.84662,7.293006,7.090453
168.9604,207.57567,7.2788186,7.112922
169.64012,208.30894,7.2635803,7.137384
170.31493,209.04672,7.248342,7.161845
170.98444,209.78932,7.2331033,7.1863074
171.64827,210.537,7.2178645,7.2107706
172.30605,211.29002,7.202664,7.235171
172.95778,212.04828,7.1875186,7.2594833
173.60408,212.81116,7.172374,7.283795
174.24557,213.5781,7.157229,7.3081064
174.88293,214.34846,7.1420846,7.332417
175.51683,215.1217,7.1268797,7.3566976
176.14894,215.89638,7.1115828,7.380934
176.78226,216.67009,7.096286,7.4051704
177.41982,217.44029,7.080988,7.4294086
178.06465,218.2044,7.0656915,7.4536448
178.71968,218.9598,7.050429,7.477943
179.38701,219.70436,7.0352244,7.5023503
180.06766,220.43675,7.0200205,7.526757
180.7625,221.15569,7.004815,7.5511656
181.4724,221.85976,6.9896064,7.5755796
182.1981,222.54752,6.980222,7.5915923
182.93918,223.21869,6.9808245,7.593199
183.6937,223.87473,6.981427,7.5948052
184.45969,224.51732,6.9820294,7.5964117
185.23532,225.14827,6.9826317,7.5980177
186.01884,225.76938,6.9909353,7.5888863
186.80898,226.38208,7.0113673,7.562845
187.60498,226.98712,7.031802,7.5368013
188.40617,227.58527,7.052238,7.5107555
189.21191,228.17728,7.072674,7.4847097
190.02158,228.76393,7.093016,7.4586024
190.83484,229.34557,7.113217,7.432402
191.65184,229.92194,7.133417,7.406202
192.47273,230.49277,7.1536174,7.3800015
193.29765,231.05774,7.1738176,7.3538013
194.12675,231.61658,7.188063,7.3370476
194.9601,232.16907,7.193262,7.334648
195.79771,232.71506,7.1984606,7.332249
196.63959,233.25446,7.203659,7.3298497
197.48573,233.78711,7.2088575,7.3274503
198.33617,234.31291,7.206856,7.336368
199.19089,234.83173,7.1938505,7.3625784
200.04993,235.34334,7.180845,7.388789
200.9133,235.84758,7.1678395,7.415
201.78107,236.34427,7.1548343,7.4412107
202.65321,236.8332,7.141823,7.4673543
203.52975,237.31421,7.1288023,7.4933953
204.4107,237.7871,7.115782,7.519436
205.29607,238.25166,7.1027613,7.545477
206.18584,238.70775,7.089741,7.571518
207.08,239.15515,7.0776906,7.5954566
207.97856,239.59367,7.067062,7.616312
208.88148,240.02312,7.0564337,7.637168
209.78876,240.4433,7.045805,7.658024
210.70036,240.85399,7.0351768,7.6788797
211.61626,241.25502,7.0295043,7.6872187
212.53642,241.64616,7.030708,7.67819
213.46082,242.02724,7.031912,7.6691623
214.38936,242.39803,7.0331154,7.660134
215.32204,242.75833,7.0343194,7.651106
216.25876,243.10796,7.0356097,7.642168
217.19948,243.44669,7.0370126,7.6333485
218.14412,243.77434,7.038416,7.624529
219.09259,244.0907,7.0398192,7.615709
220.04483,244.39557,7.041222,7.6068892
221.00072,244.68877,7.042178,7.598615
221.96017,244.97006,7.0425777,7.5910206
222.92308,245.23933,7.042978,7.583426
223.88933,245.49638,7.0433774,7.575831
224.85878,245.74104,7.043777,7.5682364
225.83131,245.97314,7.0375814,7.572529
226.8068,246.19249,7.0230675,7.5918145
227.78511,246.3989,7.008553,7.6111007
228.7661,246.59213,6.994039,7.630387
229.74963,246.772,6.9795246,7.6496725
230.73555,246.9383,6.9650116,7.6690392
231.72371,247.09071,6.9505,7.6885204
232.71397,247.22882,6.9359884,7.708002
233.70618,247.3522,6.921477,7.7274833
234.70015,247.4604,6.9069653,7.7469645
235.6957,247.55301,6.8923984,7.7664437
236.6926,247.6296,6.877741,7.7859197
237.69061,247.68982,6.863084,7.8053956
238.68951,247.7333,6.8484263,7.824872
239.68901,247.75969,6.8337674,7.84435
240.68881,247.76863,6.823531,7.859754
241.68861,247.7604,6.819876,7.869095
242.68817,247.73615,6.816221,7.878435
243.68724,247.69699,6.8125663,7.8877745
244.68568,247.6441,6.808912,7.8971143
245.6834,247.57866,6.8258066,7.886955
246.68027,247.50171,6.865244,7.855405
247.67628,247.41417,6.904682,7.823854
248.6714,247.31702,6.944121,7.7923036
249.66563,247.21115,6.9835587,7.760753
250.659,247.0975,7.0228467,7.729514
251.65149,246.97644,7.0620036,7.6985483
252.64304,246.84784,7.101161,7.667582
253.63356,246.71156,7.140319,7.6366153
254.62297,246.56744,7.1794767,7.6056485
255.61119,246.41537,7.218384,7.574693
256.5981,246.25523,7.2570653,7.543748
257.5837,246.08696,7.2957463,7.512803
258.56787,245.91049,7.3344274,7.4818583
259.5505,245.72577,7.373108,7.4509134
260.53156,245.53273,7.3949256,7.437215
261.5109,245.33125,7.3988905,7.441774
262.48843,245.12122,7.402855,7.4463334
263.46405,244.90247,7.40682,7.4508924
264.43765,244.67484,7.4107842,7.455452
265.4091,244.4382,7.4002523,7.4747033
266.37827,244.19243,7.3713555,7.5125685
267.34503,243.9374,7.3424587,7.550433
268.3093,243.67297,7.313562,7.5882983
269.27087,243.39906,7.2846646,7.6261635
270.22968,243.11552,7.255669,7.664158
271.1856,242.82242,7.2265396,7.7023273
272.1386,242.51994,7.1974106,7.7404966
273.08865,242.20831,7.168281,7.778666
274.0357,241.88773,7.139152,7.816835
274.97977,241.55843,7.1100597,7.855074
275.92084,241.2206,7.081013,7.8933992
276.85886,240.87447,7.051966,7.931725
277.79385,240.52026,7.022919,7.970051
278.72586,240.1582,6.9938726,8.008376
279.65485,239.78848,6.990219,8.011466
280.5808,239.41133,7.0132103,7.977585
281.50385,239.02696,7.0362015,7.943703
282.42392,238.63562,7.059192,7.9098215
283.3411,238.23753,7.0821834,7.87594
284.25543,237.8329,7.1054473,7.8418074
285.16693,237.42198,7.128954,7.807452
286.0757,237.00505,7.15246,7.773097
286.98184,236.5824,7.1759663,7.738742
287.8854,236.15428,7.1994724,7.7043867
288.78647,235.72098,7.222787,7.6701503
289.68506,235.28253,7.245947,7.636009
290.58105,234.8388,7.269107,7.601868
291.47437,234.38965,7.292267,7.567727
292.36484,233.93495,7.315427,7.533586
293.25238,233.47456,7.3339977,7.5055714
294.13684,233.00829,7.3487134,7.4827023
295.01807,232.53587,7.363429,7.459833
295.89584,232.05711,7.3781447,7.436964
296.76996,231.57173,7.392861,7.414095
297.64026,231.07953,7.3867955,7.418456
298.50653,230.58025,7.361149,7.448477
299.3686,230.07372,7.335502,7.4784975
300.2262,229.55972,7.3098555,7.508518
301.07916,229.03806,7.284209,7.5385385
301.9273,228.50854,7.2586265,7.568597
302.77032,227.97093,7.233113,7.5986953
303.60794,227.42497,7.2075987,7.6287937
304.43988,226.87038,7.182084,7.6588926
305.26584,226.3069,7.15657,7.6889915
306.08545,225.73427,7.13091,7.719152
306.89853,225.15239,7.1050844,7.749382
307.70493,224.56123,7.079259,7.7796116
308.50443,223.96085,7.0534334,7.8098416
309.29694,223.35124,7.0276074,7.8400717
310.08228,222.73242,7.0073476,7.864648
310.86047,222.10463,6.993287,7.882927
311.63168,221.46829,6.9792266,7.9012055
312.39615,220.82385,6.9651666,7.9194837
313.15405,220.17174,6.951106,7.937762
313.90567,219.51236,6.9575186,7.9354696
314.65118,218.84612,6.9848514,7.9121566
315.39084,218.17332,7.012184,7.888843
316.12476,217.49432,7.039517,7.8655295
316.85324,216.80948,7.06685,7.842216
317.57645,216.11906,7.094065,7.8189144
318.29465,215.42345,7.12117,7.7956243
319.0081,214.72293,7.1482754,7.7723336
319.717,214.01787,7.17538,7.7490435
320.4217,213.30855,7.2024856,7.7257533
321.1224,212.5953,7.2296777,7.702373
321.81943,211.87845,7.2569447,7.678915
322.51297,211.15826,7.284212,7.6554575
323.2034,210.43506,7.311479,7.6319995
323.89093,209.7091,7.338746,7.608542
324.57584,208.9807,7.364011,7.589951
325.25836,208.25003,7.387641,7.575332
325.9386,207.51724,7.411271,7.560714
326.6167,206.78246,7.434901,7.546095
327.29272,206.04579,7.458532,7.531476
327.96686,205.30739,7.4776917,7.527674
328.63922,204.56735,7.493296,7.532476
329.3099,203.82582,7.5089006,7.537277
329.9791,203.08292,7.524505,7.5420785
330.64685,202.33873,7.5401096,7.54688
331.31332,201.59341,7.5555964,7.5516796
331.97867,200.84708,7.5709896,7.556477
332.643,200.09982,7.5863824,7.561275
333.30643,199.35179,7.6017756,7.566073
333.9691,198.60307,7.617169,7.570871
334.63113,197.85379,7.63267,7.575668
335.29266,197.10408,7.648257,7.580464
335.95383,196.35403,7.663844,7.58526
336.61475,195.60378,7.679431,7.590056
337.27557,194.85342,7.6950183,7.594852
337.9364,194.10307,7.6990213,7.595235
338.5973,193.35278,7.693626,7.5920377
339.25824,192.60257,7.6882305,7.5888405
339.91928,191.85242,7.6828356,7.5856433
340.5804,191.10233,7.67744,7.582446
341.24158,190.3523,7.6720448,7.579139
341.90283,189.60233,7.6666493,7.5757422
342.56415,188.85242,7.661254,7.5723453
343.22552,188.10255,7.6558585,7.568948
343.88696,187.35277,7.650463,7.565551
344.5485,186.60301,7.6450677,7.562154
345.21005,185.85333,7.639672,7.5587564
345.87167,185.1037,7.6342764,7.5553594
346.53336,184.35411,7.628881,7.551962
347.1951,183.60458,7.623485,7.548565
347.8569,182.8551,7.6180897,7.545275
348.51877,182.10568,7.612694,7.542078
349.1807,181.3563,7.607298,7.5388803
349.84265,180.60695,7.6019025,7.5356827
350.50467,179.85767,7.5965066,7.5324855
351.16675,179.10841,7.5911107,7.529181
351.82886,178.3592,7.5857153,7.5257835
352.49103,177.61005,7.5803194,7.522386
353.15323,176.86093,7.5749235,7.5189886
353.8155,176.11185,7.5695276,7.5155916
354.47778,175.36281,7.5641317,7.512194
355.14014,174.6138,7.558736,7.5087967
355.80252,173.86484,7.5533395,7.505399
356.46494,173.1159,7.5479436,7.502002
357.1274,172.367,7.5425477,7.4986043
357.78992,171.61815,7.537152,7.495312
358.45245,170.86931,7.5317554,7.4921145
359.11502,170.12051,7.5263596,7.488917
359.77762,169.37175,7.520963,7.485719
360.44028,168.623,7.5155673,7.4825215
361.10294,167.87428,7.510171,7.479219
361.76563,167.1256,7.504775,7.475821
362.42838,166.37694,7.4993787,7.4724236
363.09113,165.6283,7.4939823,7.469026
363.7539,164.87968,7.4885864,7.465628
364.41672,164.13109,7.48319,7.4622307
365.07953,163.3825,7.4777937,7.4588327
365.7424,162.63396,7.4723973,7.4554353
366.40527,161.88542,7.467001,7.4520373
367.06815,161.1369,7.4616046,7.44864
367.73105,160.3884,7.456208,7.4453454
368.39398,159.63992,7.4508114,7.4421477
369.05695,158.89145,7.445415,7.4389496
369.71988,158.14299,7.4400187,7.435752
370.38287,157.39453,7.4346223,7.432554
371.04584,156.6461,7.4292254,7.429253
371.70883,155.89767,7.423829,7.425855
372.37186,155.14926,7.418432,7.422457
373.03485,154.40085,7.413036,7.4190598
373.69788,153.65244,7.407639,7.415662
374.3609,152.90404,7.4022427,7.412264
375.02393,152.15564,7.396846,7.408866
375.68698,151.40726,7.391449,7.405468
376.35,150.65886,7.386052,7.40207
377.01303,149.91046,7.3806553,7.398672
377.6761,149.16208,7.375259,7.3953757
378.3391,148.41368,7.3698616,7.3921776
379.00214,147.66528,7.3644648,7.3889794
379.66516,146.91689,7.359068,7.3857813
380.3282,146.16847,7.353671,7.382583
380.99118,145.42006,7.348274,7.379284
381.6542,144.67165,7.3428774,7.375886
382.3172,143.92322,7.3374805,7.3724875
382.98016,143.17477,7.332083,7.3690896
383.64313,142.42633,7.3266864,7.3656917
384.3061,141.67787,7.3212895,7.3622932
384.96906,140.9294,7.315892,7.3588953
385.63196,140.18091,7.310495,7.355497
386.2949,139.4324,7.305098,7.352099
386.95776,138.6839,7.2997007,7.3487005
387.62064,137.93535,7.294304,7.3454022
388.28348,137.1868,7.2889066,7.342204
388.94632,136.43823,7.2835093,7.3390055
389.60913,135.68964,7.278112,7.3358073
390.2719,134.94101,7.2727146,7.3326087
390.93466,134.19237,7.2673173,7.329311
391.59738,133.44371,7.26192,7.3259125
392.26007,132.695,7.2565227,7.3225145
392.92273,131.9463,7.2511253,7.319116
393.5854,131.19756,7.245728,7.3157177
394.248,130.44878,7.2403307,7.3123193
394.91055,129.69998,7.2349334,7.308921
395.5731,128.95114,7.2295356,7.3055224
396.2356,128.20227,7.2241383,7.302124
396.89804,127.45338,7.218741,7.2987256
397.56046,126.70444,7.213343,7.295426
398.22284,125.95547,7.207946,7.2922273
398.8852,125.20646,7.202548,7.2890286
399.5475,124.45741,7.1971507,7.28583
400.20975,123.708336,7.191753,7.2826314
400.87195,122.959206,7.186355,7.279335
401.53412,122.210045,7.180958,7.275936
402.19623,121.46084,7.17556,7.2725377
402.85828,120.711586,7.170162,7.2691393
403.5203,119.96229,7.1647644,7.2657404
404.18225,119.21295,7.1593666,7.262342
404.84418,118.46356,7.153969,7.2589436
405.506,117.71413,7.148571,7.2555447
406.16782,116.964645,7.143173,7.2521462
406.82956,116.21511,7.1377754,7.2487473
407.49124,115.46552,7.1323776,7.2454457
408.15286,114.71588,7.12698,7.242247
408.81442,113.96619,7.1215816,7.2390485
409.47592,113.216446,7.1161838,7.23585
410.13736,112.46664,7.110786,7.2326508
410.79874,111.71678,7.1053877,7.2293553
411.46005,110.966866,7.09999,7.2259564
412.1213,110.21689,7.0945916,7.2225575
412.78247,109.46685,7.089194,7.219159
413.44357,108.71675,7.0837955,7.21576
414.1046,107.96659,7.0783973,7.2123613
414.76556,107.21636,7.0729995,7.2089624
415.42645,106.46608,7.067601,7.2055635
416.08725,105.71572,7.062203,7.2021646
416.748,104.9653,7.0568047,7.198766
417.40866,104.214806,7.051407,7.195463
418.06924,103.46425,7.0460086,7.192264
418.72974,102.713615,7.0406103,7.1890655
419.39017,101.96292,7.035212,7.1858664
420.05048,101.21214,7.029814,7.1826673
420.71075,100.461296,7.026713,7.1808085
421.3709,99.71037,7.026113,7.1804085
422.03098,98.95937,7.025513,7.180009
422.69098,98.2083,7.0249133,7.179609
423.3509,97.457146,7.0243134,7.179209
424.0107,96.70591,7.023618,7.1789045
424.6704,95.9546,7.0228186,7.1787047
425.33005,95.20321,7.022019,7.1785045
425.9896,94.45173,7.021219,7.1783047
426.64902,93.700165,7.020419,7.178105
427.30838,92.948524,7.0197144,7.177905
427.96762,92.19679,7.0191145,7.177705
428.62677,91.44497,7.018515,7.177505
429.2858,90.69306,7.0179152,7.177305
429.94476,89.94107,7.0173154,7.177105
430.6036,89.18898,7.0166206,7.176905
431.26233,88.436806,7.0158205,7.1767054
431.92096,87.68453,7.015021,7.176505
432.57947,86.93217,7.014221,7.1763053
433.23788,86.17971,7.013421,7.1761055
433.8962,85.427155,7.0127163,7.175811
434.55438,84.6745,7.0121164,7.1754107
435.21246,83.92175,7.0115166,7.1750107
435.87045,83.1689,7.0109167,7.174611
436.5283,82.41595,7.010317,7.174211
437.18604,81.6629,7.0096226,7.1739054
437.84366,80.909744,7.0088224,7.1737056
438.50116,80.15649,7.008023,7.173506
439.15854,79.40312,7.007223,7.1733055
439.8158,78.64966,7.006423,7.1731057
440.47293,77.89608,7.0057173,7.172906
441.12994,77.142395,7.0051174,7.1727057
441.78683,76.3886,7.0045176,7.172506
442.4436,75.634705,7.0039177,7.172306
443.10025,74.88069,7.003318,7.172106
443.75674,74.126564,7.002718,7.171906
444.41312,73.37232,7.002118,7.171706
445.06937,72.617966,7.0015182,7.171506
445.72546,71.863495,7.0009184,7.171306
446.38144,71.10891,7.0003185,7.1711063
447.0373,70.3542,6.9996247,7.170906
447.693,69.59938,6.998825,7.1707063
448.34854,68.84444,6.998025,7.1705065
449.00397,68.08937,6.9972253,7.170306
449.65924,67.33418,6.996425,7.1701064
450.3144,66.57887,6.995719,7.1699066
450.9694,65.82343,6.995119,7.1697063
451.62424,65.06787,6.994519,7.1695065
452.27893,64.31218,6.9939194,7.1693063
452.9335,63.55637,6.9933195,7.1691065
453.58792,62.800434,6.992626,7.168813
454.24222,62.044376,6.9918265,7.168413
454.89636,61.288208,6.9910264,7.168013
455.55038,60.531937,6.9902267,7.1676135
456.2043,59.775562,6.9894266,7.1672134
456.85812,59.0191,6.9887204,7.166907
457.51184,58.262554,6.9881206,7.1667066
458.16547,57.50593,6.9875207,7.166507
458.819,56.74924,6.986921,7.166307
459.47247,55.99248,6.986321,7.1661067
460.1259,55.23567,6.985628,7.165907
460.77924,54.478806,6.9848285,7.165707
461.43253,53.721897,6.984029,7.1655073
462.0858,52.96495,6.983229,7.165307
462.73898,52.207973,6.9824295,7.1651073
463.39218,51.450974,6.9817224,7.1649075
464.04535,50.69396,6.9811225,7.1647077
464.69852,49.93693,6.980523,7.164508
465.35165,49.1799,6.9799232,7.1643076
466.00482,48.422874,6.979324,7.164108
466.658,47.665855,6.978632,7.163908
467.3112,46.908855,6.977833,7.163708
467.9644,46.15188,6.9770336,7.1635084
468.61765,45.39493,6.9762344,7.1633086
469.27094,44.63802,6.975435,7.163109
469.9243,43.881153,6.9747267,7.162909
470.5777,43.124336,6.974128,7.162709
471.23114,42.367577,6.9735284,7.1625094
471.8847,41.610878,6.972929,7.1623096
472.5383,40.85425,6.9723296,7.16211
473.19202,40.097702,6.9717307,7.1618204
473.84583,39.341232,6.9711313,7.161421
474.49973,38.584858,6.9705324,7.1610217
475.15375,37.828575,6.9699335,7.160622
475.8079,37.0724,6.9693346,7.160223
476.46216,36.316334,6.9686475,7.1599116
477.11658,35.560387,6.9678493,7.1597123
477.77112,34.80456,6.9670506,7.1595125
478.4258,34.048862,6.9662523,7.159313
479.0807,33.293304,6.965454,7.1591134
479.7357,32.537888,6.9647417,7.158914
480.3909,31.782621,6.9641433,7.1587143
481.04626,31.027512,6.963545,7.158515
481.7018,30.272568,6.9629464,7.1583157
482.3576,29.517796,6.962348,7.158116
483.01355,28.763205,6.9616666,7.1579165
483.66974,28.0088,6.9608684,7.157717
484.32617,27.254597,6.9600706,7.1575174
484.98282,26.5006,6.959273,7.157318
485.6397,25.746822,6.958475,7.157119
486.29688,24.99327,6.9577575,7.156919
486.9543,24.239956,6.9571586,7.1567197
487.61203,23.486887,6.9565597,7.15652
488.27005,22.734074,6.9559608,7.15632
488.92838,21.981525,6.9553614,7.1561203
489.58698,21.229248,6.954683,7.1559205
490.24594,20.477257,6.953882,7.1557207
490.9052,19.72556,6.9530816,7.1555204
491.56485,18.974169,6.9522815,7.15532
492.22485,18.223095,6.951481,7.1551204
492.88522,17.472351,6.95076,7.15484
493.54596,16.721947,6.950157,7.1544385
494.20712,15.971885,6.949555,7.1540365
494.86865,15.222172,6.9489527,7.153635
495.5306,14.472813,6.9483504,7.1532335
496.19293,13.723808,6.947747,7.152916
496.8555,12.97498,6.947143,7.1527143
497.51776,12.225931,6.9465384,7.152513
498.17935,11.47625,6.9459343,7.1523113
498.83975,10.725527,6.9453297,7.15211
499.49847,9.973354,6.944634,7.1519084
500.15512,9.219338,6.9438276,7.151707
500.80917,8.463096,6.943022,7.1515055
501.46024,7.7042522,6.942216,7.151304
502.1078,6.9424353,6.94141,7.1511025
502.7514,6.177281,6.9406056,7.150803
503.3906,5.4084287,6.9398036,7.1504016
504.0249,4.6355233,6.939001,7.1500006
504.65378,3.8582172,6.938199,7.1495996
505.27676,3.0761738,6.937397,7.1491985
505.89334,2.2890694,6.9343915,7.1378646
506.50308,1.496665,6.929231,7.1158333
507.10568,0.6988017,6.924071,7.0938025
507.70078,-0.10466902,6.9189105,7.0717716
508.28802,-0.91388744,6.91375,7.0497413
508.86707,-1.7289932,6.91392,7.0363574
509.43726,-2.5503232,6.9201717,7.0328407
509.99756,-3.378419,6.926424,7.029324
510.54694,-4.2137985,6.932676,7.0258074
511.08435,-5.056941,6.9389277,7.0222907
511.60864,-5.908287,6.955705,7.0354376
512.1184,-6.768427,6.9921637,7.0797367
512.6116,-7.6381745,7.0286226,7.1240363
513.086,-8.518268,7.065085,7.1683397
513.53955,-9.409317,7.1015477,7.212644
513.96985,-10.31179,7.121904,7.2568936
514.3745,-11.226069,7.09318,7.300991
514.7505,-12.1525,7.064458,7.3450856
515.0946,-13.091205,7.035737,7.3891783
515.40375,-14.042014,7.0070252,7.433257
515.6745,-15.004433,6.978137,7.4722934
515.90326,-15.977693,6.9488077,7.4997373
516.08527,-16.960737,6.9194756,7.5271835
516.21564,-17.951935,6.890125,7.5546474
516.2891,-18.948938,6.86076,7.582124
516.30084,-19.948557,6.845108,7.594666
516.2494,-20.946932,6.84155,7.594038
516.1365,-21.94025,6.837994,7.5934105
515.96387,-22.924946,6.8344374,7.592783
515.7329,-23.897614,6.8308773,7.592155
515.4454,-24.855104,6.8346148,7.586343
515.1077,-25.796103,6.840739,7.578836
514.7286,-26.721222,6.8468585,7.571335
514.3165,-27.632177,6.852972,7.563841
513.8796,-28.531483,6.859083,7.5563493
513.42523,-29.42215,6.8649383,7.549011
512.95935,-30.306812,6.8706803,7.5417385
512.48663,-31.187864,6.876426,7.53446
512.0119,-32.06781,6.882174,7.5271792
511.53983,-32.949196,6.8879232,7.5198975
511.0751,-33.834484,6.8938546,7.512501
510.62012,-34.724815,6.8999953,7.5049734
510.1747,-35.61997,6.906135,7.4974475
509.73853,-36.51966,6.9122734,7.489923
509.31128,-37.42363,6.9184117,7.4823985
508.89264,-38.331615,6.9246206,7.4747877
508.4814,-39.242985,6.9309278,7.4670568
508.07535,-40.15667,6.9372354,7.459325
507.67215,-41.071613,6.943543,7.451593
507.2694,-41.986774,6.9498506,7.4438605
506.8649,-42.901142,6.956042,7.4362483
506.45746,-43.81421,6.9621167,7.4287558
506.04712,-44.72598,6.968192,7.421263
505.63397,-45.636482,6.974267,7.4137707
505.2181,-46.545746,6.9803424,7.406278
504.7996,-47.4538,6.9864936,7.3987174
504.37866,-48.36073,6.992705,7.391104
503.9556,-49.266666,6.9989157,7.3834906
503.5307,-50.171745,7.0051265,7.375877
503.10428,-51.076096,7.0113378,7.3682637
502.67657,-51.979862,7.017412,7.3606777
502.2479,-52.883156,7.0233846,7.353113
501.81842,-53.78607,7.029357,7.345548
501.38837,-54.688713,7.0353293,7.337983
500.95795,-55.59118,7.0413013,7.330418
500.52737,-56.49356,7.0473757,7.3228617
500.09686,-57.395985,7.0535345,7.3153124
499.6667,-58.298576,7.0596933,7.307763
499.23718,-59.201466,7.0658517,7.300214
498.80853,-60.104782,7.0720105,7.2926645
498.3811,-61.00866,7.078176,7.2851067
497.95496,-61.91316,7.084348,7.2775407
497.53018,-62.8183,7.0905204,7.269975
497.1068,-63.72409,7.0966926,7.262409
496.68488,-64.630554,7.1028647,7.254843
496.2644,-65.53769,7.10895,7.2472634
495.84525,-66.44544,7.1149464,7.239668
495.42712,-67.353676,7.1209426,7.232073
495.00974,-68.26224,7.1269383,7.224478
494.59277,-69.171,7.1329346,7.2168827
494.17593,-70.07981,7.1390367,7.2093754
493.75897,-70.98858,7.1452494,7.20196
493.34167,-71.89719,7.1514626,7.194545
492.9239,-72.805565,7.1576753,7.1871295
492.50537,-73.713615,7.163888,7.179714
492.08594,-74.62124,7.170005,7.1721935
491.6653,-75.528305,7.176026,7.1645675
491.24307,-76.43464,7.1820464,7.1569414
490.81888,-77.34004,7.188067,7.149315
490.3923,-78.24433,7.194088,7.141689
489.96298,-79.147316,7.200212,7.134063
489.53098,-80.04902,7.2064323,7.1264377
489.09665,-80.94961,7.212653,7.1188126
488.66043,-81.84929,7.2188735,7.111187
488.22275,-82.74825,7.2250943,7.103562
487.78403,-83.64672,7.2311983,7.0959487
487.3453,-84.545166,7.2372,7.088347
486.908,-85.44432,7.2432013,7.0807447
486.47363,-86.3449,7.2492027,7.073143
486.04376,-87.24761,7.2552037,7.0655417
485.6198,-88.153145,7.2612834,7.0579753
485.20306,-89.062004,7.267432,7.050438
484.7945,-89.97456,7.273581,7.0429006
484.39505,-90.89115,7.279731,7.0353622
484.0057,-91.81208,7.285882,7.027822
483.62738,-92.73758,7.2677794,7.039769
483.25745,-93.66648,7.2247562,7.071741
482.88986,-94.59631,7.1817384,7.1037083
482.5183,-95.52457,7.138735,7.135665
482.1366,-96.44867,7.0957584,7.1676016
481.73862,-97.36588,7.036894,7.212308
481.31808,-98.27297,6.9563794,7.274413
480.86853,-99.166,6.875837,7.33654
480.38364,-100.04032,6.7952247,7.398721
479.8575,-100.89043,6.7145767,7.4609294
479.2851,-101.71006,6.697746,7.4891086
478.6654,-102.49453,6.748791,7.481081
478.0008,-103.24136,6.799797,7.47306
477.29364,-103.94804,6.8508162,7.465037
476.54614,-104.61187,6.9019003,7.4570036
475.76068,-105.230286,6.955849,7.430977
474.94324,-105.80587,7.0114846,7.3942213
474.10178,-106.34581,7.067073,7.357497
473.24326,-106.85827,7.122596,7.320816
472.37375,-107.35186,7.178092,7.284152
471.4984,-107.8351,7.2132673,7.2413483
470.61954,-108.31185,7.2370925,7.195076
469.73755,-108.782776,7.2609353,7.14877
468.85275,-109.24845,7.2847857,7.1024494
467.96555,-109.70949,7.3086333,7.0561337
467.07617,-110.16636,7.280102,7.067908
466.18356,-110.61684,7.2112923,7.1243515
465.28552,-111.0564,7.142484,7.1807942
464.38,-111.48034,7.0736623,7.237248
463.46524,-111.88385,7.004831,7.2937098
462.53973,-112.262115,6.9268847,7.3598332
461.6034,-112.61271,6.841563,7.433779
460.65704,-112.935326,6.7562623,7.5077057
459.70157,-113.229706,6.6709666,7.581629
458.73773,-113.495575,6.58566,7.6555614
457.76645,-113.73272,6.553616,7.6838956
456.78882,-113.94218,6.553006,7.6853194
455.80603,-114.12592,6.552396,7.6867433
454.8191,-114.28599,6.5517855,7.688167
453.8289,-114.42444,6.5511756,7.689591
452.83612,-114.5433,6.557456,7.685122
451.8414,-114.64431,6.5665174,7.678276
450.84515,-114.729065,6.5755787,7.671429
449.84778,-114.79914,6.5846405,7.6645827
448.84955,-114.856155,6.5937023,7.657736
447.85074,-114.90171,6.602698,7.6509395
446.85153,-114.93746,6.611671,7.64416
445.85205,-114.96511,6.6206436,7.63738
444.85245,-114.98636,6.6296167,7.630601
443.85272,-115.0029,6.6385894,7.6238213
442.85297,-115.01639,6.6475425,7.6172023
441.85318,-115.02816,6.656489,7.6106415
440.8534,-115.03937,6.6654353,7.6040807
439.8536,-115.05114,6.6743817,7.59752
438.85385,-115.06462,6.683328,7.590959
437.85413,-115.08089,6.6921515,7.584246
436.85446,-115.10014,6.7009225,7.577469
435.85486,-115.12214,6.7096934,7.5706916
434.8553,-115.14659,6.7184644,7.563914
433.8558,-115.17323,6.7272353,7.5571365
432.85635,-115.20179,6.7361565,7.5503483
431.85696,-115.23212,6.7451477,7.5435553
430.85764,-115.26415,6.7541385,7.5367618
429.85834,-115.29781,6.7631297,7.5299687
428.8591,-115.33303,6.7721205,7.5231757
427.85992,-115.36973,6.78112,7.516376
426.8608,-115.4078,6.7901235,7.5095735
425.86172,-115.44711,6.7991266,7.502771
424.86267,-115.48755,6.8081303,7.4959683
423.86368,-115.52897,6.8171334,7.489166
422.86475,-115.57126,6.82614,7.4824977
421.8658,-115.61429,6.8351474,7.475892
420.8669,-115.657936,6.8441553,7.469286
419.86804,-115.70208,6.8531632,7.4626803
418.86917,-115.7466,6.8621707,7.4560747
417.87033,-115.791374,6.871177,7.4493327
416.8715,-115.83634,6.8801827,7.4425287
415.87265,-115.88147,6.889188,7.4357247
414.8738,-115.92672,6.8981934,7.4289203
413.875,-115.972046,6.907199,7.4221163
412.87616,-116.017426,6.9160643,7.415314
411.87735,-116.06282,6.9248657,7.4085126
410.87854,-116.10821,6.9336677,7.4017115
409.8797,-116.15357,6.9424696,7.39491
408.8809,-116.19889,6.951271,7.3881087
407.88205,-116.244125,6.960209,7.381309
406.8832,-116.28926,6.969208,7.37451
405.88437,-116.334274,6.978206,7.3677106
404.88553,-116.379135,6.987205,7.360912
403.8867,-116.423805,6.996204,7.3541126
402.88782,-116.46828,7.005201,7.3474526
401.88895,-116.51251,7.014197,7.3408556
400.89005,-116.55649,7.023193,7.3342586
399.89114,-116.60018,7.0321894,7.327661
398.89224,-116.64356,7.0411854,7.321064
397.8933,-116.68661,7.05018,7.3143306
396.89438,-116.72929,7.0591745,7.307535
395.89542,-116.77158,7.0681686,7.3007393
394.89645,-116.81346,7.0771627,7.293944
393.89746,-116.8549,7.086157,7.287148
392.89844,-116.89587,7.095013,7.2803535
391.8994,-116.93634,7.103806,7.273559
390.90036,-116.9763,7.112599,7.266764
389.90128,-117.01572,7.121392,7.2599697
388.9022,-117.05456,7.1301847,7.2531753
387.90305,-117.0928,7.139113,7.2463813
386.9039,-117.13042,7.148104,7.239588
385.90475,-117.16739,7.157096,7.2327943
384.90555,-117.20369,7.1660876,7.2260003
383.90634,-117.23929,7.1750793,7.219207
382.9071,-117.27416,7.1840706,7.2125483
381.9078,-117.30828,7.193062,7.2059546
380.90854,-117.34162,7.2020526,7.1993613
379.9092,-117.37415,7.211044,7.1927676
378.90985,-117.405846,7.220035,7.1861744
377.91046,-117.43666,7.229026,7.179447
376.91107,-117.4666,7.2380166,7.172654
375.91165,-117.49563,7.2470074,7.165861
374.91217,-117.52375,7.255998,7.159068
373.9127,-117.550934,7.264989,7.152275
372.91318,-117.57718,7.273847,7.1454816
371.91367,-117.60262,7.2826385,7.1386886
370.91412,-117.62745,7.2914295,7.1318955
369.91455,-117.65187,7.300221,7.125102
368.915,-117.676094,7.309012,7.118309
367.91544,-117.700325,7.317936,7.111515
366.9159,-117.724754,7.3269286,7.1047206
365.91635,-117.74959,7.3359213,7.097926
364.9168,-117.775024,7.3449135,7.0911317
363.9173,-117.80125,7.353906,7.0843377
362.91782,-117.82847,7.3629003,7.077673
361.91837,-117.856865,7.371896,7.0710764
360.91898,-117.886635,7.380891,7.06448
359.91962,-117.91796,7.3898864,7.0578833
358.9203,-117.951035,7.3988814,7.0512867
357.92105,-117.986046,7.407879,7.044558
356.9219,-118.02321,7.4168773,7.0377593
355.92282,-118.06276,7.425876,7.0309606
354.92386,-118.10492,7.4348745,7.0241613
353.92502,-118.14993,7.4438734,7.0173626
352.92633,-118.19801,7.452743,7.0105624
351.9278,-118.24922,7.461544,7.0037613
350.9294,-118.303535,7.470345,6.9969606
349.9312,-118.360916,7.4791465,6.9901595
348.9332,-118.42131,7.4879475,6.983359
347.93533,-118.484695,7.4968796,6.9766884
346.93768,-118.55094,7.5058813,6.970087
345.94022,-118.619896,7.514883,6.9634857
344.94293,-118.6914,7.523885,6.9568844
343.9458,-118.76528,7.5328865,6.9502835
342.94885,-118.841385,7.5418878,6.9435515
341.95206,-118.91958,7.5508885,6.936751
340.95544,-118.99973,7.55989,6.92995
339.95895,-119.08171,7.5688906,6.923149
338.96262,-119.1654,7.577892,6.9163485
337.9664,-119.25066,7.581131,6.9134765
336.9703,-119.33736,7.581331,6.9126763
335.97433,-119.42534,7.581531,6.911876
334.97845,-119.51444,7.581731,6.911076
333.98267,-119.60453,7.581931,6.9102764
332.98697,-119.69546,7.5793815,6.91144
331.99133,-119.787125,7.5753818,6.91364
330.99576,-119.87949,7.571382,6.9158397
330.00024,-119.97253,7.5673823,6.91804
329.00476,-120.06617,7.5633826,6.9202394
328.00937,-120.16039,7.5593834,6.922439
327.014,-120.25517,7.5553837,6.9246387
326.0187,-120.35052,7.5513844,6.926839
325.02347,-120.44643,7.5473847,6.9290385
324.0283,-120.5429,7.5433855,6.931238
323.03317,-120.63995,7.539255,6.933438
322.0381,-120.737564,7.535056,6.9356375
321.04306,-120.83574,7.5308566,6.937837
320.0481,-120.93447,7.5266576,6.940037
319.0532,-121.03374,7.522458,6.942236
318.05832,-121.133545,7.5183897,6.9444356
317.0635,-121.23388,7.5143905,6.9466352
316.06876,-121.33473,7.510391,6.948835
315.07407,-121.43611,7.5063925,6.951034
314.0794,-121.538,7.5023932,6.9532337
313.08484,-121.640396,7.4983945,6.955433
312.09027,-121.7433,7.4943953,6.9576325
311.0958,-121.846695,7.4903965,6.9598317
310.10135,-121.950584,7.4863977,6.9620314
309.10696,-122.054955,7.482399,6.9642305
308.1126,-122.159805,7.4784,6.96643
307.11832,-122.26513,7.4744015,6.9686294
306.12408,-122.370926,7.4704027,6.9708285
305.1299,-122.47718,7.466404,6.9730277
304.13577,-122.583885,7.462405,6.975227
303.14166,-122.69105,7.458277,6.977426
302.1476,-122.79865,7.4540787,6.979625
301.15363,-122.9067,7.4498806,6.9818244
300.15967,-123.015175,7.445682,6.9840236
299.16577,-123.12408,7.4414835,6.9862227
298.1719,-123.233406,7.4374146,6.988422
297.1781,-123.34315,7.4334164,6.990621
296.18433,-123.45329,7.429418,6.9928203
295.1906,-123.56385,7.42542,6.995019
294.19693,-123.674805,7.4214215,6.997218
293.2033,-123.786156,7.4174232,6.999546
292.20972,-123.89789,7.413425,7.001945
291.21616,-124.01,7.4094267,7.004344
290.22266,-124.12249,7.405429,7.006743
289.2292,-124.23535,7.4014306,7.0091414
288.23578,-124.34858,7.3974323,7.011412
287.2424,-124.462166,7.3934345,7.013611
286.24905,-124.5761,7.3894367,7.01581
285.25577,-124.690384,7.3854384,7.0180087
284.26248,-124.80501,7.3814406,7.020208
283.2693,-124.91997,7.377443,7.0224066
282.2761,-125.035255,7.3734446,7.0246053
281.28296,-125.15087,7.3694468,7.026804
280.28983,-125.26681,7.365449,7.029003
279.29675,-125.38305,7.361451,7.031202
278.30374,-125.4996,7.357326,7.0334005
277.31073,-125.616455,7.3531284,7.035599
276.31775,-125.733604,7.348931,7.0377984
275.32483,-125.85104,7.344733,7.039997
274.33194,-125.968765,7.340535,7.042196
273.33908,-126.08677,7.3364644,7.0443945
272.34622,-126.20504,7.3324666,7.046593
271.35342,-126.323586,7.3284693,7.048792
270.36066,-126.44238,7.3244715,7.0509906
269.36792,-126.56144,7.3204737,7.0531893
268.3752,-126.68075,7.316476,7.0553885
267.38254,-126.8003,7.312478,7.057587
266.3899,-126.92009,7.3084807,7.059786
265.39728,-127.040115,7.304483,7.0619845
264.40466,-127.16036,7.300485,7.064183
263.4121,-127.28084,7.2964873,7.066382
262.41956,-127.40152,7.29249,7.0685806
261.42703,-127.522415,7.288492,7.0707793
260.43454,-127.64352,7.2844944,7.072978
259.44208,-127.76482,7.280497,7.0751767
258.44965,-127.88631,7.2774997,7.075875
257.4572,-128.00798,7.2751007,7.075675
256.4648,-128.12985,7.272702,7.075475
255.47244,-128.25188,7.2703037,7.0752754
254.48009,-128.37408,7.2679048,7.0750756
253.48775,-128.49646,7.266004,7.074253
252.49544,-128.61899,7.2644053,7.073054
251.50314,-128.74167,7.262806,7.0718546
250.51086,-128.8645,7.261207,7.0706553
249.5186,-128.98747,7.259608,7.0694556
248.52635,-129.11058,7.2578845,7.0682564
247.53412,-129.23381,7.256086,7.067057
246.5419,-129.35716,7.254287,7.065858
245.54971,-129.48065,7.2524877,7.064658
244.55753,-129.60425,7.2506886,7.063459
243.56535,-129.72797,7.249013,7.062136
242.5732,-129.85179,7.2474136,7.0607367
241.58105,-129.97572,7.2458143,7.0593376
240.58893,-130.09978,7.244215,7.057938
239.59682,-130.22394,7.242616,7.056539
238.60472,-130.34819,7.241017,7.0552626
237.61263,-130.47255,7.2394176,7.0540633
236.62056,-130.59702,7.2378182,7.0528636
235.6285,-130.72159,7.236219,7.0516644
234.63644,-130.84625,7.2346196,7.0504646
233.64441,-130.97101,7.2330203,7.0492654
232.65237,-131.09587,7.231421,7.0480657
231.66035,-131.22081,7.2298217,7.0468664
230.66837,-131.34586,7.228223,7.045667
229.67636,-131.47098,7.2266235,7.0444674
228.68439,-131.59619,7.225024,7.043268
227.69241,-131.7215,7.223425,7.0420685
226.70045,-131.84688,7.2218256,7.040869
225.70851,-131.97234,7.2202263,7.0396695
224.71657,-132.09789,7.218627,7.0384703
223.72464,-132.22351,7.217027,7.0372705
222.73271,-132.3492,7.215428,7.036071
221.7408,-132.47498,7.2138286,7.0348716
220.7489,-132.60081,7.2122293,7.033672
219.757,-132.72673,7.21063,7.0324726
218.76512,-132.8527,7.2090306,7.031152
217.77325,-132.97876,7.2074313,7.0297523
216.78139,-133.10487,7.205832,7.0283527
215.78952,-133.23105,7.2042327,7.0269537
214.79767,-133.35728,7.2026334,7.025554
213.80583,-133.48357,7.201034,7.0242753
212.814,-133.60992,7.1994343,7.023076
211.82216,-133.73633,7.197835,7.0218763
210.83034,-133.86278,7.1962357,7.0206766
209.83852,-133.98929,7.1946363,7.0194774
208.84671,-134.11586,7.1929164,7.0182776
207.8549,-134.24246,7.1911173,7.0170784
206.86311,-134.36911,7.1893177,7.0158787
205.87132,-134.4958,7.1875186,7.014679
204.87953,-134.62254,7.1857195,7.0134797
203.88774,-134.74933,7.18404,7.01228
202.89597,-134.87614,7.1824408,7.0110803
201.90419,-135.00299,7.180841,7.009881
200.91243,-135.12987,7.1792417,7.0086813
199.92065,-135.25679,7.1776423,7.0074816
198.9289,-135.38374,7.176043,7.0062823
197.93715,-135.51073,7.1744437,7.0050826
196.94539,-135.63773,7.1728444,7.0038834
195.95364,-135.76476,7.1712446,7.0026836
194.9619,-135.8918,7.1696453,7.001484
193.97015,-136.01888,7.168046,7.0001655
192.97841,-136.14597,7.1664467,6.998766
191.98666,-136.27309,7.1648474,6.9973664
190.99493,-136.4002,7.163248,6.995967
190.00319,-136.52734,7.1616483,6.9945674
189.01146,-136.6545,7.160049,6.9932866
188.01973,-136.78166,7.1584496,6.9920874
187.02798,-136.90883,7.1568503,6.9908876
186.03625,-137.036,7.155251,6.9896884
185.04453,-137.16318,7.1536517,6.9884887
184.0528,-137.29036,7.1520524,6.987289
183.06107,-137.41754,7.1504526,6.9860897
182.06934,-137.54472,7.1488533,6.98489
181.0776,-137.6719,7.147254,6.9836907
180.08588,-137.79907,7.1456547,6.982491
179.09415,-137.92624,7.1440554,6.981292
178.1024,-138.05339,7.142456,6.980092
177.11067,-138.18054,7.1408567,6.9788923
176.11893,-138.30768,7.1392574,6.977693
175.1272,-138.43478,7.137658,6.9764934
174.13545,-138.56189,7.136059,6.975294
173.1437,-138.68898,7.1344595,6.9740944
172.15196,-138.81604,7.13286,6.972895
171.16022,-138.94307,7.131261,6.9716954
170.16846,-139.0701,7.1296616,6.970496
169.17671,-139.19708,7.127945,6.969179
168.18495,-139.32405,7.126146,6.96778
167.19319,-139.45099,7.1243467,6.9663806
166.20142,-139.57788,7.122547,6.964981
165.20966,-139.70476,7.120748,6.963582
164.21788,-139.83159,7.1190658,6.9622993
163.22609,-139.95837,7.1174664,6.9610996
162.23431,-140.08513,7.115867,6.9599004
161.24252,-140.21185,7.114268,6.958701
160.25072,-140.33853,7.1126685,6.9575014
159.25893,-140.46516,7.1110697,6.956302
158.26712,-140.59175,7.1094704,6.955103
157.2753,-140.7183,7.107871,6.953903
156.2835,-140.84483,7.1062717,6.952704
155.29167,-140.97131,7.1046724,6.9515047
154.29985,-141.09776,7.1030736,6.950305
153.30801,-141.22418,7.1014743,6.9491057
152.31618,-141.35057,7.099875,6.9479065
151.32434,-141.47693,7.098276,6.946707
150.3325,-141.60326,7.096677,6.9455075
149.34067,-141.72957,7.0950775,6.944193
148.34882,-141.85585,7.093478,6.9427934
147.35696,-141.9821,7.0918794,6.9413943
146.36513,-142.10834,7.09028,6.9399953
145.37326,-142.23456,7.0886807,6.938596
144.38141,-142.36076,7.087082,6.937311
143.38956,-142.48694,7.0854826,6.936112
142.39769,-142.61311,7.0838833,6.9349127
141.40582,-142.73927,7.0822845,6.9337134
140.41397,-142.86542,7.080685,6.9325137
139.4221,-142.99155,7.0790863,6.9313145
138.43024,-143.11766,7.077487,6.930115
137.43837,-143.24377,7.0758877,6.928916
136.4465,-143.36989,7.074289,6.9277167
135.45464,-143.496,7.0726895,6.926517
134.46277,-143.6221,7.0709767,6.925318
133.4709,-143.7482,7.0691776,6.9241185
132.47902,-143.8743,7.0673785,6.9229193
131.48715,-144.0004,7.06558,6.92172
130.49529,-144.12651,7.063781,6.9205203
129.50342,-144.25261,7.0620947,6.919321
128.51155,-144.37874,7.060496,6.918122
127.51969,-144.50485,7.0588965,6.9169226
126.527824,-144.631,7.057297,6.9157233
125.535965,-144.75714,7.0556984,6.9145236
124.5441,-144.88329,7.054099,6.913212
123.55224,-145.00946,7.0525002,6.911813
122.56038,-145.13565,7.050901,6.9104133
121.56853,-145.26186,7.0493016,6.909014
120.576675,-145.38808,7.047703,6.9076147
119.58482,-145.51431,7.0461035,6.9063277
118.59297,-145.64058,7.044504,6.9051285
117.60113,-145.76686,7.0429053,6.9039288
116.60928,-145.89317,7.041306,6.9027295
115.61745,-146.0195,7.0397067,6.9015303
114.62561,-146.14587,7.038108,6.900331
113.63378,-146.27226,7.0365086,6.8991313
112.64195,-146.39868,7.0349092,6.897932
111.65013,-146.52515,7.0333104,6.896733
110.65831,-146.65163,7.031711,6.895533
109.6665,-146.77815,7.030112,6.894334
108.67468,-146.90471,7.0285125,6.8931346
107.68288,-147.03131,7.0269136,6.891935
106.69108,-147.15796,7.0253143,6.8907356
105.69929,-147.28464,7.023715,6.8895364
104.7075,-147.41136,7.0221157,6.8883367
103.71571,-147.53813,7.0205164,6.8871374
102.72393,-147.66493,7.018917,6.885938
101.73216,-147.7918,7.0173182,6.8847384
100.740395,-147.91872,7.015719,6.883539
99.748634,-148.04567,7.0141196,6.88223
98.75688,-148.17268,7.0125203,6.8808303
97.76514,-148.29974,7.010921,6.879431
96.7734,-148.42686,7.0093217,6.8780313
95.78167,-148.55405,7.0077224,6.876632
94.78995,-148.68127,7.0060134,6.8753424
93.798225,-148.80858,7.0042143,6.8741426
92.80652,-148.93593,7.002415,6.8729434
91.81482,-149.06335,7.0006156,6.8717437
90.82313,-149.19084,6.9988165,6.8705444
89.83144,-149.31839,6.9971266,6.8693447
88.83977,-149.446,6.995527,6.8681455
87.84811,-149.57368,6.9939275,6.8669457
86.856445,-149.70145,6.992328,6.865746
85.8648,-149.82927,6.990729,6.864547
84.87316,-149.95717,6.9891295,6.863347
83.88153,-150.08514,6.9875298,6.8621473
82.889915,-150.2132,6.9859304,6.860948
81.8983,-150.34132,6.984331,6.8597484
80.90671,-150.46953,6.9827313,6.8585486
79.915115,-150.59782,6.981132,6.857349
78.92354,-150.7262,6.9795327,6.856149
77.93197,-150.85464,6.977933,6.85495
76.940414,-150.98318,6.9763336,6.85375
75.948875,-151.11182,6.974734,6.8525505
74.957344,-151.24055,6.9731345,6.8512425
73.96582,-151.36937,6.9715347,6.849843
72.97431,-151.49826,6.9699354,6.8484435
71.98281,-151.62723,6.9683356,6.8470435
70.99132,-151.75624,6.966736,6.845644
69.99983,-151.8853,6.9651365,6.8443522
69.00835,-152.01437,6.9635367,6.8431525
68.01686,-152.14346,6.961937,6.841953
67.025375,-152.27254,6.9603376,6.840753
66.03388,-152.40158,6.958738,6.8395534
65.04238,-152.53056,6.957138,6.8383536
64.05088,-152.65948,6.9555387,6.837154
63.05936,-152.78831,6.953939,6.835954
62.06783,-152.91704,6.9523396,6.8347545
61.076283,-153.04564,6.95074,6.8335547
60.084717,-153.17412,6.94914,6.832355
59.093132,-153.30243,6.9475408,6.831156
58.101524,-153.43056,6.9459414,6.829956
57.10989,-153.5585,6.9443417,6.8287563
56.118233,-153.68625,6.9427423,6.8275566
55.126545,-153.81375,6.9410357,6.826357
54.134823,-153.94101,6.939236,6.8251576
53.14307,-154.06802,6.937437,6.823958
52.15128,-154.19475,6.935638,6.8227587
51.15945,-154.32117,6.9338384,6.821559
50.167583,-154.44727,6.932146,6.820253
49.175674,-154.57304,6.9305468,6.8188534
48.18372,-154.69847,6.928948,6.8174543
47.19172,-154.82353,6.9273486,6.816055
46.19967,-154.94821,6.9257493,6.814656
45.20757,-155.07248,6.9241505,6.8133626
44.21542,-155.19633,6.9225516,6.812164
43.223213,-155.31975,6.920953,6.8109646
42.23095,-155.4427,6.919354,6.8097653
41.238625,-155.56517,6.917755,6.808566
40.24624,-155.68715,6.9161563,6.8073673
39.25379,-155.80861,6.914558,6.8061686
38.261284,-155.92955,6.912959,6.8049693
37.268707,-156.04996,6.9113607,6.8037705
36.276066,-156.16983,6.9097624,6.802572
35.283356,-156.28914,6.908164,6.801373
34.29058,-156.40788,6.9065657,6.800174
33.297726,-156.52599,6.904968,6.798976
32.304794,-156.6434,6.90337,6.797777
31.311775,-156.76012,6.9017715,6.796579
30.318668,-156.87605,6.9001737,6.795277
29.325493,-156.99142,6.8985763,6.793879
28.332294,-157.10658,6.8969784,6.792481
27.339119,-157.22192,6.895381,6.7910833
26.34601,-157.33786,6.893783,6.7896852
25.353014,-157.45476,6.892185,6.7883887
24.36017,-157.57295,6.8905873,6.7871904
23.367512,-157.69266,6.8889894,6.785992
22.375065,-157.81413,6.887391,6.7847934
21.382868,-157.93762,6.885793,6.783595
20.390955,-158.06337,6.884195,6.7823963
19.399406,-158.19197,6.882596,6.781197
18.408354,-158.32431,6.8809967,6.779998
17.417934,-158.46132,6.879398,6.7787986
16.428305,-158.60393,6.877799,6.7775993
15.439625,-158.75298,6.8815002,6.7738
14.45188,-158.9081,6.890497,6.767402
13.46485,-159.06772,6.8994946,6.761004
12.478289,-159.2302,6.9084935,6.7546043
11.491929,-159.3939,6.9174957,6.7482033
10.505543,-159.55745,6.976579,6.718112
9.5198145,-159.72488,7.085809,6.6643
8.536468,-159.90573,7.195026,6.6104946
7.557654,-160.1096,7.3041306,6.5567446
6.586158,-160.34578,7.412951,6.5031343
5.6255927,-160.62299,7.4423337,6.4866576
4.68088,-160.9501,7.396085,6.5055304
3.7590778,-161.33693,7.349751,6.524438
2.8698838,-161.79353,7.303199,6.5434346
2.0261521,-162.32925,7.2564316,6.562519
1.2428814,-162.94997,7.1676555,6.611267
0.5263049,-163.64673,7.0623817,6.6717215
-0.12539509,-164.40465,6.9576435,6.731868
-0.71600085,-165.2112,6.853283,6.791798
-1.25002,-166.05635,6.7489085,6.8517356
-1.7317692,-166.93231,6.7738647,6.85906
-2.1648417,-167.83337,6.8140426,6.8602476
-2.5533433,-168.75456,6.8542843,6.861437
-2.9020877,-169.69156,6.8945417,6.862627
-3.2163334,-170.6407,6.9347982,6.8638167
-3.5010428,-171.59914,6.996291,6.883392
-3.7578619,-172.5654,7.061655,6.9063168
-3.9871325,-173.53857,7.127011,6.9292383
-4.189225,-174.51776,7.192348,6.9521537
-4.364533,-175.5021,7.257659,6.97506
-4.5132556,-176.4908,7.275378,7.0025206
-4.631908,-177.48355,7.2566075,7.0334826
-4.713804,-178.47998,7.2378297,7.064456
-4.7520747,-179.479,7.219051,7.0954313
-4.7399445,-180.47865,7.2002945,7.12637
-4.671034,-181.47598,7.1854715,7.1331024
-4.5397935,-182.46704,7.176586,7.1031394
-4.3407593,-183.44669,7.167697,7.073164
-4.067879,-184.40831,7.158782,7.0431013
-3.714937,-185.34348,7.1498337,7.0129285
-3.276945,-186.24187,7.2090254,6.960384
-2.7598915,-187.0973,7.3189745,6.891273
-2.1777442,-187.90997,7.4285364,6.822406
-1.543269,-188.68256,7.5377555,6.7537537
-0.8673898,-189.41925,7.6469154,6.685139
-0.15907791,-190.12485,7.6532617,6.672334
0.5755688,-190.80301,7.63045,6.6753354
1.3316339,-191.45723,7.607601,6.678342
2.1044734,-192.09155,7.5847406,6.6813498
2.8897388,-192.71046,7.561881,6.6843576
3.6836405,-193.31825,7.547582,6.6871977
4.4848175,-193.91643,7.5356097,6.689991
5.292997,-194.5051,7.523639,6.6927843
6.1079206,-195.08441,7.5116696,6.695577
6.92934,-195.65446,7.4996996,6.69837
7.7569866,-196.21544,7.4878755,6.701165
8.590369,-196.76787,7.4760933,6.703961
9.4289055,-197.31244,7.4643106,6.7067566
10.272031,-197.84987,7.452528,6.709553
11.119201,-198.38092,7.440745,6.7123485
11.969896,-198.9063,7.4288144,6.715143
12.823679,-199.42664,7.416839,6.7179375
13.680154,-199.94254,7.404864,6.7207317
14.538935,-200.45459,7.392888,6.723526
15.399645,-200.9634,7.380913,6.7263203
16.261908,-201.46956,7.36909,6.729114
17.125309,-201.97379,7.357316,6.731908
17.989414,-202.4768,7.345542,6.7347016
18.85379,-202.97935,7.3337684,6.737496
19.71801,-203.48218,7.3219943,6.7402897
20.581667,-203.98596,7.310063,6.743234
21.444584,-204.49103,7.298078,6.7462306
22.3067,-204.99744,7.2860937,6.7492266
23.167952,-205.50533,7.274109,6.752223
24.028282,-206.01477,7.262124,6.755219
24.887636,-206.52586,7.2501297,6.7580695
25.74603,-207.03857,7.238132,6.760869
26.603525,-207.55278,7.226135,6.7636685
27.460173,-208.06839,7.214137,6.766468
28.31603,-208.58533,7.20214,6.7692676
29.171156,-209.10345,7.1902843,6.772068
30.025587,-209.62274,7.178479,6.7748694
30.87935,-210.14311,7.1666737,6.7776704
31.73248,-210.66454,7.1548686,6.780472
32.585,-211.18695,7.1430635,6.783273
33.43694,-211.7103,7.131108,6.7860746
34.28834,-212.23454,7.1190996,6.788877
35.139233,-212.7596,7.107091,6.791679
35.989662,-213.2854,7.0950828,6.794481
36.839664,-213.8119,7.0830746,6.7972827
37.689274,-214.33904,7.0712156,6.8002334
38.538536,-214.86673,7.0594087,6.803235
39.387478,-215.39493,7.0476017,6.8062367
40.23614,-215.92358,7.0357943,6.809239
41.08456,-216.45264,7.0239873,6.8122406
41.93277,-216.98201,7.0120344,6.815092
42.78081,-217.51167,7.0000324,6.8178926
43.628727,-218.04152,6.9880304,6.820693
44.476555,-218.57152,6.9760284,6.8234935
45.324333,-219.1016,6.9640265,6.826294
46.172104,-219.63167,6.9521804,6.8290925
47.019897,-220.16171,6.9403877,6.831891
47.867744,-220.69168,6.9285946,6.8346896
48.715668,-221.22153,6.9168015,6.8374877
49.5637,-221.75119,6.9050083,6.8402863
50.411865,-222.28064,6.893076,6.8430824
51.260227,-222.80978,6.8810964,6.8458776
52.10886,-223.33849,6.8691163,6.848673
52.957836,-223.86664,6.8571362,6.851468
53.807228,-224.39412,6.845156,6.8542633
54.657097,-224.92084,6.8333354,6.857056
55.50739,-225.44687,6.8215714,6.8598475
56.357975,-225.97243,6.809808,6.862639
57.208736,-226.4977,6.7980437,6.8654304
58.059547,-227.02289,6.7862797,6.8682218
58.910267,-227.54822,6.7712097,6.879065
59.760513,-228.07433,6.7548614,6.8930206
60.609776,-228.60202,6.738513,6.9069767
61.457535,-229.13213,6.7221646,6.920933
62.303272,-229.66544,6.7058167,6.9348884
63.146458,-230.20279,6.687033,6.955083
63.986576,-230.74492,6.667233,6.9778833
64.82313,-231.29254,6.647433,7.0006833
65.65559,-231.84634,6.627632,7.023484
66.48342,-232.40706,6.607832,7.046284
67.306076,-232.97534,6.587961,7.069024
68.12295,-233.5519,6.568061,7.091738
68.93341,-234.1374,6.548161,7.114453
69.73682,-234.73259,6.528261,7.1371665
70.53247,-235.33809,6.508362,7.1598797
71.31967,-235.95453,6.5349813,7.1741056
72.097664,-236.58255,6.578758,7.185201
72.86567,-237.22275,6.622535,7.196297
73.622856,-237.8757,6.6663156,7.207393
74.36836,-238.54196,6.7100983,7.21849
75.10137,-239.22194,6.7669225,7.227236
75.821724,-239.91531,6.8275557,7.235293
76.52961,-240.62143,6.888185,7.24335
77.22522,-241.33961,6.9488115,7.2514067
77.9088,-242.06927,7.0094395,7.259464
78.5806,-242.8098,7.048554,7.2704005
79.24091,-243.56058,7.082601,7.2820168
79.8901,-244.32101,7.1166487,7.293633
80.52853,-245.09048,7.1506963,7.305249
81.156586,-245.86845,7.184744,7.3168654
81.77466,-246.65439,7.1755652,7.3347597
82.383125,-247.44777,7.156656,7.354067
82.98232,-248.24818,7.137747,7.3733745
83.57264,-249.05516,7.1188374,7.392682
84.15444,-249.86832,7.0999274,7.4119897
84.72813,-250.6872,7.081075,7.431082
85.29416,-251.5114,7.0622373,7.450118
85.85305,-252.34045,7.0434,7.469154
86.40532,-253.17395,7.0245624,7.4881897
86.95148,-254.01144,7.0057254,7.507225
87.49203,-254.85258,6.986881,7.526268
88.02703,-255.69725,6.9680333,7.5453134
88.55637,-256.5455,6.9491863,7.564359
89.07991,-257.3973,6.930339,7.583405
89.59752,-258.25278,6.911492,7.6024504
90.10902,-259.11188,6.900349,7.610543
90.6139,-259.97488,6.8923745,7.6141315
91.111465,-260.84213,6.8843994,7.61772
91.60099,-261.71396,6.876425,7.621309
92.08174,-262.59064,6.86845,7.6248975
92.55299,-263.47247,6.8700347,7.614592
93.01404,-264.35968,6.8758583,7.598125
93.46423,-265.25244,6.881682,7.5816584
93.902885,-266.1509,6.8875055,7.5651917
94.329315,-267.05527,6.893329,7.548725
94.74282,-267.96558,6.899181,7.5320344
95.142624,-268.88202,6.905044,7.515253
95.527885,-269.80466,6.9109073,7.4984717
95.89777,-270.73355,6.916771,7.4816904
96.25141,-271.66876,6.922634,7.4649096
96.58796,-272.61026,6.927576,7.446073
96.90678,-273.55792,6.9322386,7.426613
97.20729,-274.51154,6.936901,7.407152
97.48893,-275.4709,6.9415636,7.387691
97.75113,-276.43573,6.9462266,7.3682275
97.99344,-277.40576,6.9501987,7.3468194
98.21645,-278.3804,6.9540324,7.325025
98.42121,-279.35904,6.9578667,7.3032327
98.60876,-280.34113,6.9617,7.281441
98.78014,-281.32617,6.9655337,7.2596493
98.9364,-282.31375,6.9698663,7.2415347
99.07846,-283.30344,6.974268,7.223928
99.20718,-284.29498,6.9786696,7.206321
99.32344,-285.28802,6.983072,7.1887136
99.42815,-286.28238,6.9874735,7.171106
99.52217,-287.2778,6.9946456,7.1707487
99.60642,-288.2741,7.0021944,7.172735
99.68179,-289.2711,7.009743,7.1747217
99.74918,-290.26868,7.017292,7.176708
99.80951,-291.2667,7.024841,7.1786947
99.86365,-292.26508,7.0322065,7.1806774
99.91237,-293.26376,7.03954,7.182659
99.95638,-294.26263,7.0468726,7.1846414
99.99641,-295.2617,7.054206,7.186623
100.03315,-296.26086,7.0615387,7.1886053
100.06726,-297.26013,7.0690455,7.190591
100.098854,-298.2595,7.076596,7.192578
100.12779,-299.2589,7.0841455,7.194565
100.15395,-300.25842,7.091696,7.1965513
100.1772,-301.25803,7.099246,7.1985383
100.19741,-302.25766,7.0974813,7.2008357
100.214516,-303.25735,7.0928984,7.203227
100.22846,-304.2571,7.088315,7.2056184
100.23921,-305.25693,7.0837317,7.2080097
100.24672,-306.25674,7.0791483,7.210401
100.25093,-307.2566,7.0735083,7.2127967
100.251785,-308.25644,7.0675144,7.215194
100.24922,-309.2563,7.061521,7.217592
100.243164,-310.2561,7.055527,7.219989
100.23355,-311.25592,7.049534,7.2223864
100.2203,-312.25568,7.043531,7.2247877
100.20336,-313.2554,7.037524,7.22719
100.18267,-314.25504,7.031518,7.229593
100.158165,-315.25458,7.0255117,7.231995
100.12978,-316.25403,7.0195055,7.234398
100.09746,-317.25336,7.011839,7.236803
100.06113,-318.25256,7.0036173,7.2392097
100.02074,-319.2516,6.995395,7.241616
99.97622,-320.25046,6.9871736,7.2440224
99.92751,-321.2491,6.978952,7.246429
99.874565,-322.24756,6.966897,7.248837
99.8173,-323.2458,6.953649,7.2512455
99.75567,-324.2437,6.940401,7.2536545
99.6896,-325.2414,6.927153,7.256063
99.61905,-326.23874,6.913905,7.258472
99.543945,-327.23578,6.9008117,7.260881
99.46423,-328.23245,6.887761,7.2632904
99.37987,-329.22873,6.8747106,7.2656994
99.29078,-330.2246,6.8616605,7.268109
99.19692,-331.22003,6.84861,7.2705183
99.098236,-332.21503,6.841184,7.271
98.99467,-333.20947,6.835164,7.271
98.886154,-334.20343,6.8291445,7.271
98.772644,-335.1968,6.823125,7.271
98.654076,-336.1896,6.817105,7.271
98.530396,-337.1818,6.835467,7.2620025
98.401566,-338.1733,6.85931,7.2509828
98.26757,-339.16412,6.883153,7.239963
98.12837,-340.15427,6.9069963,7.228943
97.983955,-341.14362,6.9308395,7.217923
97.8343,-342.1322,6.9544797,7.2069206
97.6794,-343.12,6.978078,7.1959214
97.5193,-344.10693,7.0016756,7.1849227
97.35401,-345.09302,7.0252733,7.1739235
97.18356,-346.07825,7.048871,7.162925
97.00797,-347.06256,7.0696387,7.152763
96.82726,-348.04596,7.089807,7.142779
96.64143,-349.02838,7.109975,7.132795
96.450516,-350.00983,7.1301427,7.1228104
96.2545,-350.9903,7.1503105,7.1128263
96.05341,-351.9697,7.1621494,7.104317
95.84727,-352.94806,7.1721234,7.0961385
95.63607,-353.92535,7.1820974,7.08796
95.41984,-354.90155,7.1920714,7.079781
95.19858,-355.87662,7.202046,7.0716023
94.972305,-356.85052,7.212176,7.0635877
94.741035,-357.82327,7.2223444,7.0556126
94.50477,-358.7948,7.2325125,7.0476375
94.26353,-359.7651,7.242681,7.039662
94.0173,-360.73416,7.252849,7.031687
93.76612,-361.70197,7.2359786,7.03786
93.50999,-362.66846,7.211854,7.047829
93.24891,-363.6336,7.1877294,7.057798
92.98289,-364.5974,7.1636047,7.0677667
92.711945,-365.55988,7.1394806,7.0777354
92.43607,-366.5209,7.1036305,7.0940285
92.15529,-367.48053,7.064334,7.1121807
91.8696,-368.4387,7.0250373,7.130333
91.578995,-369.3954,6.9857407,7.148485
91.28349,-370.35056,6.946444,7.1666374
90.9831,-371.30423,6.9072695,7.1848035
90.67782,-372.25632,6.868133,7.202974
90.36765,-373.20685,6.8289967,7.2211447
90.05261,-374.15576,6.7898602,7.239315
89.73271,-375.10306,6.750724,7.2574854
89.40794,-376.0487,6.7328844,7.2708673
89.07831,-376.99265,6.7220855,7.2826657
88.743805,-377.9349,6.7112865,7.2944646
88.40441,-378.8754,6.700488,7.3062634
88.06013,-379.8141,6.689689,7.318062
87.71094,-380.75098,6.7186,7.3211503
87.356895,-381.68607,6.7606773,7.321351
86.99806,-382.6193,6.8027554,7.3215513
86.6345,-383.55072,6.844833,7.3217516
86.26628,-384.4803,6.8869104,7.321952
85.89348,-385.40805,6.92888,7.3221526
85.5162,-386.33398,6.9708157,7.3223534
85.13456,-387.25812,7.012751,7.3225536
84.7487,-388.1805,7.054686,7.3227544
84.35876,-389.1012,7.0966215,7.322955
83.964836,-390.02017,7.1260967,7.3234673
83.56706,-390.9375,7.151983,7.3240695
83.16556,-391.8532,7.177869,7.3246713
82.76042,-392.7673,7.203755,7.3252735
82.351776,-393.67984,7.2296414,7.3258753
81.93973,-394.59082,7.2197394,7.3279076
81.52441,-395.50034,7.2004952,7.330313
81.105934,-396.40842,7.181251,7.3327184
80.68444,-397.31506,7.1620073,7.335124
80.26005,-398.2204,7.142763,7.3375297
79.832886,-399.1244,7.1235495,7.3399315
79.40304,-400.02713,7.1043434,7.342332
78.9706,-400.92865,7.0851374,7.3447328
78.53564,-401.82892,7.0659313,7.3471336
78.09824,-402.72803,7.0467257,7.3495345
77.658485,-403.62598,7.027714,7.351931
77.21626,-404.5227,7.008749,7.3543262
76.77144,-405.41818,6.9897842,7.356722
76.32386,-406.31226,6.9708195,7.3591175
75.8734,-407.2049,6.9518547,7.361513
75.41988,-408.09598,6.9327426,7.3639073
74.96321,-408.98544,6.9135933,7.366301
74.503235,-409.8732,6.894444,7.3686943
74.03984,-410.7592,6.8752947,7.371088
73.5729,-411.6433,6.8561454,7.3734818
73.10229,-412.52548,6.8369865,7.3758764
72.627884,-413.4056,6.8178253,7.3782716
72.149574,-414.28363,6.798664,7.380667
71.66723,-415.15945,6.779503,7.3830624
71.180725,-416.03296,6.7603416,7.385457
70.68995,-416.90408,6.756,7.3878555
70.194756,-417.77267,6.756,7.390255
69.69498,-418.63867,6.756,7.3926544
69.19046,-419.5019,6.756,7.395054
68.681046,-420.36224,6.756,7.397454
68.16661,-421.2196,6.7570834,7.3998575
67.6472,-422.07394,6.7584867,7.4022627
67.122955,-422.92535,6.7598896,7.4046683
66.59401,-423.77383,6.761293,7.4070735
66.0605,-424.61945,6.762696,7.4094787
65.52257,-425.46225,6.7641,7.411886
64.98041,-426.30237,6.765505,7.4142942
64.43426,-427.13986,6.7669096,7.416702
63.884335,-427.9749,6.768314,7.41911
63.330864,-428.8076,6.7697186,7.421518
62.77407,-429.63806,6.7711225,7.423924
62.214127,-430.46643,6.7725253,7.4263296
61.65121,-431.29276,6.7739286,7.4287353
61.085484,-432.11716,6.775332,7.4311404
60.517113,-432.93976,6.7767353,7.433546
59.946274,-433.76065,6.778136,7.435947
59.37323,-434.58,6.7795353,7.438346
58.79827,-435.39798,6.780935,7.4407454
58.221695,-436.21484,6.7823343,7.443145
57.643795,-437.0308,6.783734,7.4455442
57.064816,-437.84595,6.785129,7.4479356
56.484653,-438.66025,6.7865233,7.4503255
55.903057,-439.47354,6.7879176,7.4527154
55.319775,-440.28564,6.7893114,7.4551053
54.73456,-441.09634,6.7907057,7.457495
54.14708,-441.9054,6.791157,7.471497
53.556446,-442.71216,6.791356,7.4886074
52.96151,-443.51575,6.791555,7.5057178
52.36113,-444.31528,6.791754,7.5228286
51.75418,-445.1098,6.7919526,7.5399384
51.139572,-445.89847,6.791237,7.5665917
50.516235,-446.6802,6.790236,7.5962152
49.883137,-447.4541,6.789235,7.6258388
49.239273,-448.21902,6.788234,7.655463
48.583683,-448.97394,6.7872334,7.6850867
47.915466,-449.71768,6.786381,7.715062
47.23387,-450.4492,6.7855735,7.7451434
46.538254,-451.1674,6.7847657,7.775224
45.828014,-451.8711,6.7839584,7.805305
45.102604,-452.55917,6.7831507,7.835383
44.36146,-453.2303,6.7823415,7.8655295
43.603565,-453.8824,6.781532,7.8956904
42.827774,-454.5131,6.780722,7.925853
42.033127,-455.11984,6.7799125,7.9560113
41.218853,-455.69998,6.7791033,7.986156
40.384422,-456.25073,6.786746,7.95303
39.52949,-456.76907,6.7956223,7.9106665
38.653927,-457.25174,6.804501,7.8682895
37.757862,-457.69513,6.8133855,7.825887
36.84179,-458.09555,6.822274,7.783465
35.90689,-458.44977,6.83148,7.7379684
34.955948,-458.75836,6.8407097,7.692222
33.99191,-459.0233,6.8499336,7.646504
33.017357,-459.2465,6.859154,7.600801
32.034542,-459.43,6.868377,7.5550876
31.04544,-459.57584,6.895977,7.536342
30.051792,-459.6866,6.9249215,7.519542
29.055069,-459.7652,6.9538693,7.50274
28.056461,-459.81445,6.982818,7.4859376
27.056896,-459.83737,7.0117717,7.4691324
26.057062,-459.83694,7.048883,7.4652324
25.05743,-459.81656,7.0860643,7.4614344
24.058266,-459.77975,7.123244,7.4576364
23.059652,-459.73004,7.16042,7.453839
22.06155,-459.67096,7.1975965,7.4500413
21.063883,-459.60492,7.186349,7.4243674
20.066843,-459.53003,7.1745677,7.3984494
19.070774,-459.44324,7.162787,7.372531
18.076126,-459.3415,7.1510086,7.3466187
17.083483,-459.2218,7.1392374,7.3207216
16.093615,-459.08096,7.0986757,7.2818785
15.107769,-458.91437,7.0547385,7.24152
14.127662,-458.71686,7.010782,7.2011433
13.1555195,-458.48337,6.9667964,7.1607404
12.194169,-458.2089,6.9228005,7.120328
11.246805,-457.88947,6.877768,7.111289
10.315557,-457.52573,6.8326116,7.1070175
9.4019165,-457.11975,6.787476,7.102748
8.507239,-456.67352,6.7423387,7.098478
7.632784,-456.18887,6.6971674,7.094205
6.779296,-455.66815,6.6673694,7.092273
5.945071,-455.1171,6.638338,7.090459
5.127158,-454.54205,6.6093173,7.088645
4.322082,-453.94913,6.5803084,7.0868316
3.5260093,-453.34418,6.5513015,7.0850186
2.7353938,-452.73212,6.5525794,7.085
1.9487209,-452.115,6.5541763,7.085
1.1649926,-451.49414,6.5557733,7.085
0.38318712,-450.87085,6.5573707,7.085
-0.39773098,-450.24646,6.558968,7.085
-1.1786076,-449.622,6.5605655,7.0851955
-1.9594636,-448.99753,6.562163,7.0853953
-2.7401009,-448.37277,6.56376,7.085595
-3.5203207,-447.7475,6.5653567,7.0857944
-4.299924,-447.12146,6.5669537,7.0859942
-5.078753,-446.49448,6.5685515,7.086194
-5.8568354,-445.86655,6.570149,7.086394
-6.634248,-445.2378,6.571747,7.086593
-7.4110684,-444.6083,6.573344,7.086793
-8.187376,-443.97818,6.574942,7.0869927
-8.963237,-443.3475,6.5763474,7.0871925
-9.738669,-442.7163,6.577746,7.0873923
-10.513677,-442.0846,6.579144,7.087592
-11.288263,-441.45236,6.5805426,7.087792
-12.062432,-440.8196,6.5819407,7.0879917
-12.83619,-440.18637,6.583531,7.088
-13.609559,-439.55264,6.5851293,7.088
-14.382561,-438.91846,6.5867276,7.088
-15.15522,-438.28387,6.588326,7.088
-15.927562,-437.6489,6.5899243,7.088
-16.699608,-437.01358,6.591523,7.0881906
-17.47138,-436.3779,6.593122,7.0883904
-18.242897,-435.7419,6.5947204,7.08859
-19.014177,-435.10565,6.596319,7.08879
-19.78524,-434.46912,6.597918,7.0889897
-20.556103,-433.83237,6.599517,7.0891895
-21.326788,-433.19537,6.6011157,7.0893893
-22.097315,-432.5582,6.602715,7.0895896
-22.867704,-431.92087,6.604314,7.0897894
-23.637976,-431.28336,6.6059127,7.089989
-24.408148,-430.64575,6.607323,7.090189
-25.178246,-430.00806,6.608722,7.090389
-25.948288,-429.3703,6.6101213,7.0905886
-26.718296,-428.7325,6.611521,7.090789
-27.488289,-428.0947,6.61292,7.0909886
-28.258291,-427.45688,6.6145077,7.091
-29.028318,-426.8191,6.616107,7.091
-29.798388,-426.18137,6.6177063,7.091
-30.568514,-425.5437,6.6193056,7.091
-31.338717,-424.90613,6.620905,7.091
-32.10901,-424.26868,6.6225047,7.091188
-32.87939,-423.63132,6.624104,7.091388
-33.64986,-422.99408,6.6257033,7.091588
-34.42041,-422.35693,6.6273026,7.091788
-35.191044,-421.71988,6.6289024,7.0919876
-35.96175,-421.08292,6.6305017,7.092188
-36.732533,-420.44608,6.632101,7.0923877
-37.50339,-419.8093,6.633701,7.0925875
-38.27432,-419.1726,6.6353,7.0927877
-39.045322,-418.53598,6.6369,7.0929875
-39.816395,-417.89948,6.6384993,7.0931873
-40.587536,-417.26306,6.640099,7.0933876
-41.358746,-416.6267,6.641699,7.0935874
-42.13002,-415.99042,6.643298,7.093787
-42.90136,-415.35425,6.644898,7.093987
-43.67276,-414.7181,6.6463103,7.094
-44.444225,-414.08206,6.64771,7.094
-45.215748,-413.4461,6.64911,7.094
-45.98733,-412.8102,6.6505094,7.094
-46.75897,-412.17438,6.651909,7.094
-47.53066,-411.5386,6.653496,7.094187
-48.302406,-410.90292,6.6550956,7.094387
-49.074203,-410.26727,6.6566954,7.094587
-49.846054,-409.6317,6.658295,7.0947866
-50.61795,-408.9962,6.6598945,7.094987
-51.389896,-408.36075,6.6614943,7.0951867
-52.16189,-407.72534,6.663094,7.095387
-52.93392,-407.09,6.664694,7.095587
-53.706,-406.45468,6.6662936,7.0957866
-54.478123,-405.81946,6.6678934,7.095987
-55.250282,-405.18423,6.669493,7.0961866
-56.022476,-404.5491,6.671093,7.0963864
-56.794712,-403.914,6.672693,7.0965867
-57.566982,-403.27893,6.674292,7.0967865
-58.339283,-402.64392,6.675892,7.0969863
-59.111618,-402.0089,6.6774917,7.0971866
-59.883984,-401.37396,6.6790915,7.0973864
-60.65638,-400.73907,6.6806912,7.0975866
-61.428802,-400.1042,6.682291,7.0977864
-62.201252,-399.46933,6.683891,7.097986
-62.973724,-398.83453,6.685304,7.098
-63.74622,-398.19974,6.6867037,7.098
-64.51874,-397.56497,6.6881037,7.098
-65.291275,-396.93024,6.689503,7.098
-66.06383,-396.29553,6.690903,7.098
-66.8364,-395.66083,6.692489,7.098186
-67.608986,-395.02615,6.6940885,7.0983863
-68.38159,-394.3915,6.6956882,7.098586
-69.154205,-393.75687,6.697288,7.098786
-69.92683,-393.12222,6.698888,7.098986
-70.69946,-392.4876,6.700487,7.099186
-71.4721,-391.853,6.702087,7.0993857
-72.24475,-391.21838,6.7036867,7.099586
-73.0174,-390.5838,6.705286,7.099786
-73.790054,-389.9492,6.706886,7.0999856
-74.56271,-389.3146,6.708485,7.100186
-75.335365,-388.68002,6.710085,7.1003857
-76.108025,-388.0454,6.711684,7.1005855
-76.88068,-387.41083,6.713284,7.1007853
-77.65332,-386.7762,6.7148833,7.1009855
-78.425964,-386.1416,6.7162976,7.101
-79.1986,-385.507,6.717697,7.101
-79.97122,-384.87234,6.7190967,7.101
-80.743835,-384.2377,6.720496,7.101
-81.51644,-383.60306,6.7218957,7.101
-82.289024,-382.96838,6.72348,7.101185
-83.0616,-382.33368,6.7250795,7.101385
-83.83415,-381.69897,6.726679,7.101585
-84.6067,-381.06424,6.728278,7.1017847
-85.37921,-380.42947,6.7298775,7.1019845
-86.15171,-379.79468,6.731477,7.102185
-86.92418,-379.15988,6.733076,7.1023846
-87.69663,-378.52502,6.734675,7.1025844
-88.469055,-377.89017,6.7362742,7.102784
-89.241455,-377.25525,6.7378736,7.1029844
-90.01382,-376.6203,6.7394724,7.103184
-90.786156,-375.98532,6.7410717,7.103384
-91.558464,-375.3503,6.7426705,7.103584
-92.330734,-374.71524,6.74427,7.1037836
-93.10297,-374.08014,6.745869,7.1039834
-93.87517,-373.44498,6.747468,7.104
-94.64733,-372.80978,6.749067,7.104
-95.41946,-372.17456,6.7506657,7.104
-96.191536,-371.53928,6.7522645,7.104
-96.96357,-370.90393,6.7538633,7.104
-97.735565,-370.26852,6.7552795,7.1041827
-98.507515,-369.63306,6.7566786,7.1043825
-99.27943,-368.99756,6.758077,7.1045823
-100.0513,-368.36203,6.759476,7.104782
-100.82313,-367.72644,6.760875,7.1049824
-101.594925,-367.0908,6.762456,7.105182
-102.366684,-366.4551,6.764055,7.105382
-103.138405,-365.81937,6.765653,7.1055818
-103.910095,-365.1836,6.767252,7.1057816
-104.68175,-364.5478,6.7688503,7.1059813
-105.45338,-363.91196,6.770449,7.106181
-106.224976,-363.2761,6.7720475,7.106381
-106.996544,-362.64017,6.773646,7.1065807
-107.76809,-362.0042,6.7752447,7.1067805
-108.53961,-361.36826,6.776843,7.1069803
-109.311104,-360.73224,6.7784414,7.107
-110.08258,-360.09622,6.78004,7.107
-110.854034,-359.46017,6.7816386,7.107
-111.625465,-358.8241,6.783237,7.107
-112.39688,-358.188,6.7848353,7.107
-113.16828,-357.55188,6.7862544,7.107179
-113.93967,-356.91574,6.7876534,7.107379
-114.71104,-356.27957,6.789052,7.1075788
-115.48239,-355.6434,6.7904506,7.1077785
-116.25374,-355.00723,6.791849,7.1079783
-117.02508,-354.37103,6.793426,7.108178
-117.79641,-353.73483,6.7950244,7.108378
-118.56773,-353.0986,6.7966228,7.1085777
-119.33905,-352.4624,6.7982216,7.1087775
-120.11036,-351.82617,6.79982,7.1089773
-120.88167,-351.18994,6.8014183,7.109177
-121.65298,-350.5537,6.8030167,7.109377
-122.424286,-349.91748,6.8046155,7.1095767
-123.1956,-349.28125,6.806214,7.109777
-123.96691,-348.64502,6.807812,7.109977
-124.73823,-348.00882,6.809411,7.11
-125.50955,-347.3726,6.81101,7.11
-126.28088,-346.7364,6.8126082,7.11
-127.05222,-346.1002,6.814207,7.11
-127.82357,-345.46402,6.8158054,7.11
-128.59494,-344.82785,6.8174043,7.1101756
-129.3663,-344.1917,6.819003,7.1103754
-130.1377,-343.55557,6.820602,7.110575
-130.9091,-342.91946,6.8222003,7.110775
-131.68051,-342.28336,6.823799,7.110975
-132.45195,-341.64728,6.8252234,7.1111746
-133.2234,-341.01123,6.8266225,7.111375
-133.99489,-340.3752,6.8280215,7.1115746
-134.76639,-339.73923,6.8294206,7.1117744
-135.53792,-339.10324,6.8308196,7.1119742
-136.30946,-338.46732,6.832393,7.112174
-137.08104,-337.8314,6.833992,7.112374
-137.85265,-337.19553,6.8355913,7.112574
-138.62428,-336.5597,6.83719,7.112774
-139.39594,-335.9239,6.8387895,7.1129737
-140.16763,-335.28815,6.840389,7.113
-140.93938,-334.65244,6.841988,7.113
-141.71114,-334.01675,6.8435874,7.113
-142.48294,-333.3811,6.845187,7.113
-143.25478,-332.74554,6.8467865,7.113
-144.02666,-332.11,6.848386,7.1131735
-144.79857,-331.47452,6.8499856,7.1133733
-145.57054,-330.83905,6.8515854,7.113573
-146.34254,-330.20367,6.853185,7.1137733
-147.1146,-329.56836,6.8547845,7.113973
-147.88669,-328.93307,6.8563848,7.114173
-148.65883,-328.29785,6.8579845,7.114373
-149.43102,-327.6627,6.859585,7.114573
-150.20326,-327.0276,6.8611846,7.1147733
-150.97556,-326.39258,6.862785,7.114973
-151.7479,-325.7576,6.864212,7.1151733
-152.5203,-325.1227,6.865612,7.115373
-153.29276,-324.48785,6.8670125,7.1155734
-154.06528,-323.8531,6.868413,7.115773
-154.83784,-323.2184,6.869813,7.1159735
-155.61047,-322.58377,6.871387,7.116
-156.38318,-321.94925,6.872988,7.116
-157.15593,-321.31476,6.874589,7.116
-157.92876,-320.6804,6.8761897,7.116
-158.70164,-320.04608,6.8777905,7.116
-159.4746,-319.41183,6.8793917,7.1161737
-160.24762,-318.77768,6.880993,7.116374
-161.0207,-318.14362,6.882594,7.1165743
-161.79387,-317.50964,6.8841953,7.1167746
-162.56711,-316.87576,6.8857965,7.1169744
-163.34042,-316.242,6.8873982,7.1171746
-164.11383,-315.6083,6.889,7.117375
-164.88728,-314.9747,6.8906016,7.117575
-165.66083,-314.34116,6.8922033,7.1177754
-166.43442,-313.70773,6.893805,7.1179757
-167.20807,-313.07434,6.895231,7.118176
-167.98178,-312.44104,6.8966327,7.1183763
-168.75551,-311.80777,6.8980346,7.1185765
-169.52927,-311.1745,6.899436,7.118777
-170.30304,-310.54126,6.900838,7.118977
-171.0768,-309.90802,6.9024167,7.119177
-171.85054,-309.27475,6.9040184,7.119377
-172.62424,-308.64145,6.90562,7.1195774
-173.39792,-308.0081,6.907222,7.1197777
-174.17152,-307.37466,6.908824,7.119978
-174.94508,-306.74115,6.910425,7.12
-175.71855,-306.10757,6.9120264,7.12
-176.49193,-305.47385,6.913627,7.12
-177.26521,-304.84003,6.9152284,7.12
-178.03839,-304.20605,6.9168296,7.12
-178.81143,-303.57196,6.91843,7.1201787
-179.58434,-302.93765,6.9200296,7.1203785
-180.3571,-302.3032,6.92163,7.120579
-181.1297,-301.66852,6.9232297,7.1207786
-181.90213,-301.03366,6.92483,7.120979
-182.67436,-300.39856,6.9264283,7.1211786
-183.4464,-299.7632,6.9280267,7.1213784
-184.21823,-299.12762,6.9296255,7.121578
-184.98985,-298.49176,6.931224,7.121778
-185.76123,-297.85562,6.932822,7.121978
-186.53238,-297.2192,6.9342413,7.122177
-187.30327,-296.58246,6.935638,7.122377
-188.07388,-295.9454,6.937035,7.122576
-188.84422,-295.30798,6.9384317,7.122776
-189.61424,-294.6702,6.9398284,7.1229753
-190.38394,-294.03204,6.941398,7.123
-191.15334,-293.3935,6.9429917,7.123
-191.92241,-292.75455,6.9445853,7.123
-192.69118,-292.11526,6.946179,7.123
-193.45964,-291.4756,6.947773,7.123
-194.2278,-290.83557,6.9493637,7.1231704
-194.99559,-290.1951,6.9509544,7.123369
-195.76295,-289.5541,6.952545,7.123568
-196.5298,-288.9125,6.954136,7.123767
-197.29608,-288.27023,6.9557266,7.1239657
-198.06174,-287.6272,6.9573145,7.124164
-198.82701,-286.98373,6.9589024,7.124363
-199.59227,-286.34024,6.9604897,7.1245613
-200.35788,-285.69714,6.962077,7.1247597
-201.12418,-285.0549,6.9636645,7.124958
-201.89154,-284.4139,6.973715,7.1196723
-202.66052,-283.77487,6.986032,7.112918
-203.43173,-283.13852,6.998349,7.1061635
-204.20576,-282.5056,7.0106664,7.0994086
-204.98323,-281.87695,7.0229836,7.092654
-205.76472,-281.25327,7.062819,7.0682144
-206.55077,-280.6353,7.11158,7.0380387
-207.34187,-280.0239,7.160341,7.007863
-208.13855,-279.41974,7.2091017,6.977687
-208.94128,-278.82367,7.2578616,6.947512
-209.75052,-278.23645,7.306935,6.917143
-210.56677,-277.659,7.356111,6.88671
-211.39053,-277.09235,7.4052873,6.856277
-212.22226,-276.53745,7.4544644,6.825844
-213.0624,-275.99536,7.5036397,6.7954116
-213.9113,-275.4671,7.5530925,6.7648077
-214.76918,-274.95355,7.6026173,6.734159
-215.63615,-274.45554,7.6521425,6.70351
-216.51233,-273.97388,7.701671,6.672859
-217.39775,-273.50943,7.7512016,6.642207
-218.29236,-273.06296,7.7620325,6.650273
-219.1957,-272.6344,7.7667065,6.6644974
-220.10715,-272.2234,7.77138,6.6787214
-221.02615,-271.82956,7.7760534,6.6929445
-221.95218,-271.45255,7.7807264,6.707168
-222.88472,-271.0919,7.782333,6.724184
-223.82332,-270.74734,7.7837486,6.7413745
-224.76756,-270.41858,7.7851644,6.758565
-225.71704,-270.10526,7.78658,6.775756
-226.67139,-269.8071,7.787996,6.792947
-227.63025,-269.5237,7.7894,6.8100023
-228.59323,-269.25476,7.790805,6.8270574
-229.56001,-268.99976,7.792209,6.8441124
-230.53026,-268.7583,7.793614,6.8611674
-231.5037,-268.52997,7.7948833,6.8784094
-232.48001,-268.31433,7.7859325,6.909837
-233.45898,-268.11115,7.7769814,6.941265
-234.44041,-267.92014,7.7680306,6.972693
-235.42409,-267.74106,7.7590795,7.0041203
-236.40982,-267.57364,7.7501287,7.0355473
-237.39745,-267.41776,7.7223263,7.092322
-238.38686,-267.27365,7.694248,7.1494665
-239.37796,-267.14175,7.6661696,7.2066126
-240.37065,-267.02237,7.6380906,7.263759
-241.36482,-266.91595,7.610012,7.3209047
-242.36032,-266.82288,7.581925,7.378252
-243.35703,-266.74353,7.5538373,7.435614
-244.35474,-266.67825,7.5257497,7.4929757
-245.35329,-266.62747,7.497662,7.5503383
-246.35248,-266.59158,7.4695745,7.6077
-247.35211,-266.57095,7.475892,7.5809846
-248.35194,-266.56604,7.487227,7.542009
-249.35173,-266.5773,7.498562,7.5030336
-250.35118,-266.6051,7.5098963,7.4640584
-251.35,-266.64996,7.52123,7.425085
-252.3479,-266.7123,7.5424514,7.3621683
-253.34451,-266.7927,7.565501,7.294822
-254.33943,-266.8917,7.588552,7.2274747
-255.33226,-267.00992,7.6116033,7.160124
-256.3225,-267.14792,7.634656,7.09277
-257.30975,-267.3062,7.6578507,7.025002
-258.29355,-267.48453,7.6810684,6.9571657
-259.27362,-267.6823,7.7042847,6.889333
-260.2497,-267.8991,7.727501,6.8215013
-261.22147,-268.13434,7.750718,6.753668
-262.18872,-268.38748,7.764846,6.76486
-263.15134,-268.65784,7.7779837,6.7846675
-264.10916,-268.94458,7.7911215,6.8044753
-265.06216,-269.24698,7.804259,6.8242826
-266.01035,-269.56427,7.8173966,6.8440905
-266.95367,-269.89563,7.8274183,6.8905535
-267.89218,-270.24045,7.83729,6.9383006
-268.82593,-270.598,7.847162,6.9860477
-269.75494,-270.96756,7.8570337,7.033795
-270.67938,-271.34854,7.8669057,7.081543
-271.5993,-271.74023,7.875148,7.1263175
-272.5149,-272.142,7.883375,7.171064
-273.4263,-272.5531,7.891602,7.215811
-274.33374,-272.97293,7.899829,7.260557
-275.2374,-273.40085,7.907894,7.305046
-276.13748,-273.8362,7.8922763,7.311854
-277.03418,-274.27853,7.8766584,7.3186617
-277.9276,-274.72742,7.86104,7.3254695
-278.81793,-275.18237,7.8454223,7.3322773
-279.70538,-275.64297,7.829802,7.3390827
-280.59006,-276.10886,7.8139944,7.345686
-281.47208,-276.57974,7.798187,7.352289
-282.35153,-277.05542,7.782379,7.3588924
-283.2285,-277.53568,7.7665715,7.365495
-284.10306,-278.0203,7.750767,7.3721013
-284.9753,-278.50903,7.7351756,7.3788977
-285.84537,-279.0017,7.7195845,7.385694
-286.71335,-279.498,7.703993,7.3924904
-287.57938,-279.99768,7.6884017,7.3992863
-288.4436,-280.50052,7.672808,7.4060826
-289.3061,-281.00626,7.6570334,7.412872
-290.16705,-281.51468,7.641259,7.4196606
-291.02652,-282.02554,7.6254845,7.42645
-291.8847,-282.5386,7.60971,7.4332385
-292.74167,-283.05368,7.5939364,7.4400268
-293.5976,-283.5705,7.578374,7.446611
-294.45258,-284.08887,7.562811,7.453195
-295.3068,-284.60855,7.5472484,7.4597797
-296.1603,-285.12927,7.5316854,7.466364
-297.01334,-285.65088,7.516123,7.472948
-297.86597,-286.17313,7.500564,7.479728
-298.71832,-286.69577,7.4850054,7.4865103
-299.5706,-287.21863,7.4694467,7.4932923
-300.42288,-287.74142,7.4538884,7.5000744
-301.2753,-288.26395,7.4383297,7.5068564
-302.12805,-288.78604,7.422571,7.513445
-302.9812,-289.30737,7.406808,7.5200295
-303.83493,-289.82782,7.391045,7.526614
-304.6894,-290.34708,7.3752823,7.533199
-305.54468,-290.86496,7.359519,7.539783
-306.4009,-291.38123,7.3439364,7.546566
-307.25827,-291.89566,7.32836,7.5533557
-308.11688,-292.40802,7.312784,7.5601454
-308.9768,-292.91812,7.297208,7.566935
-309.83823,-293.42575,7.2816315,7.5737247
-310.70123,-293.93063,7.266038,7.5803304
-311.56598,-294.43253,7.2504435,7.586928
-312.43265,-294.93118,7.234849,7.5935254
-313.3013,-295.42624,7.2192545,7.600123
-314.17215,-295.9175,7.20366,7.606721
-315.0453,-296.40466,7.1878567,7.6135173
-315.92072,-296.88773,7.1720443,7.6203227
-316.79837,-297.3667,7.1562314,7.627128
-317.67822,-297.84164,7.140419,7.6339335
-318.56024,-298.31253,7.1246066,7.640739
-319.4444,-298.77945,7.1089773,7.647548
-320.33054,-299.24255,7.093356,7.654358
-321.21854,-299.70206,7.0777345,7.661167
-322.1083,-300.15814,7.062113,7.6679764
-322.9997,-300.61105,7.046491,7.674786
-323.8926,-301.06094,7.0475516,7.6718965
-324.78696,-301.508,7.049154,7.668692
-325.68262,-301.9524,7.0507565,7.665488
-326.57953,-302.3943,7.0523586,7.662283
-327.47757,-302.83383,7.053961,7.6590786
-328.37668,-303.2712,7.0686464,7.6484547
-329.27676,-303.7066,7.0836616,7.637644
-330.1777,-304.1402,7.0986767,7.6268325
-331.0794,-304.57224,7.1136923,7.6160216
-331.98178,-305.00287,7.1287074,7.605211
-332.8847,-305.4323,7.1435184,7.594405
-333.78815,-305.86066,7.1583257,7.5836
-334.69205,-306.28806,7.173133,7.572795
-335.59634,-306.7146,7.18794,7.56199
-336.501,-307.1404,7.2027473,7.5511847
-337.40598,-307.56555,7.217743,7.540385
-338.3113,-307.98987,7.2327423,7.529586
-339.2171,-308.4132,7.247741,7.5187864
-340.12344,-308.83542,7.26274,7.507987
-341.03043,-309.2563,7.2777395,7.4971876
-341.93808,-309.67566,7.292732,7.486393
-342.8465,-310.09335,7.307724,7.475599
-343.7557,-310.5093,7.322716,7.464804
-344.66583,-310.9233,7.3377085,7.45401
-345.57687,-311.3353,7.3527007,7.4432154
-346.4889,-311.74506,7.367686,7.432426
-347.40198,-312.15247,7.3826714,7.4216366
-348.31616,-312.5574,7.3976564,7.410847
-349.23154,-312.95966,7.412642,7.400058
-350.14813,-313.3591,7.4276276,7.3892684
-351.066,-313.75555,7.4318943,7.3866634
-351.98523,-314.14893,7.4358883,7.3842673
-352.90582,-314.53906,7.439882,7.3818707
-353.82785,-314.92584,7.4438753,7.3794746
-354.7513,-315.30914,7.4478693,7.3770785
-355.67627,-315.68878,7.400127,7.4138703
-356.6029,-316.0644,7.350632,7.451989
-357.5313,-316.43555,7.3011374,7.490108
-358.46167,-316.8018,7.251642,7.528227
-359.3941,-317.16266,7.202148,7.5663457
-360.3288,-317.51776,7.1527724,7.60452
-361.26584,-317.86655,7.1034026,7.642697
-362.20538,-318.2085,7.054033,7.6808734
-363.14758,-318.5431,7.0046625,7.7190504
-364.09256,-318.86978,6.9552927,7.757227
-365.0404,-319.18805,6.933875,7.7746825
-365.9912,-319.49738,6.913819,7.7911286
-366.94504,-319.7972,6.8937626,7.8075747
-367.90195,-320.0871,6.8737063,7.824021
-368.86197,-320.3665,6.853651,7.840466
-369.82513,-320.6348,6.8847427,7.8187995
-370.7915,-320.89142,6.91755,7.7958546
-371.76105,-321.1356,6.950358,7.772909
-372.73383,-321.36667,6.983166,7.7499633
-373.7098,-321.58392,7.0159745,7.727018
-374.68884,-321.7867,7.0490313,7.704241
-375.6708,-321.97498,7.082087,7.681464
-376.65546,-322.1487,7.1151423,7.6586885
-377.64255,-322.30792,7.1481986,7.635912
-378.63184,-322.45264,7.1812525,7.613129
-379.62317,-322.583,7.2142215,7.590212
-380.61615,-322.6998,7.247191,7.567294
-381.61057,-322.804,7.280159,7.5443773
-382.6061,-322.89645,7.3131266,7.5214605
-383.60263,-322.97818,7.3437076,7.4994917
-384.59988,-323.05,7.3391066,7.4914894
-385.59778,-323.11267,7.334505,7.4834867
-386.59616,-323.1669,7.3299036,7.4754844
-387.59494,-323.21338,7.325302,7.4674816
-388.594,-323.25287,7.3204813,7.459546
-389.5933,-323.2861,7.3125114,7.452573
-390.59277,-323.31387,7.304542,7.445599
-391.59235,-323.33704,7.296572,7.438626
-392.592,-323.35645,7.288603,7.4316525
-393.59174,-323.37292,7.280643,7.4246798
-394.59146,-323.38727,7.2728863,7.4177184
-395.59125,-323.39978,7.2651296,7.410757
-396.59103,-323.41086,7.2573724,7.4037957
-397.59085,-323.42078,7.2496157,7.3968344
-398.59067,-323.42987,7.241841,7.3898807
-399.59048,-323.43832,7.2330866,7.383315
-400.5903,-323.44595,7.224333,7.3767495
-401.59012,-323.45242,7.215579,7.3701844
-402.58997,-323.4575,7.2068253,7.363619
-403.5898,-323.46085,7.198071,7.3570533
-404.58966,-323.4622,7.1748857,7.356605
-405.5895,-323.46133,7.1515822,7.3562064
-406.58936,-323.4581,7.1282787,7.3558083
-407.5892,-323.4523,7.104975,7.3554096
-408.58902,-323.44382,7.0816717,7.3550115
-409.5888,-323.4324,7.058135,7.3546124
-410.58856,-323.41788,7.034591,7.354213
-411.58823,-323.40002,7.011048,7.3538146
-412.58786,-323.37863,6.987504,7.3534155
-413.5874,-323.3535,6.9639606,7.3530164
-414.58682,-323.32437,6.9405603,7.3526163
-415.58612,-323.29108,6.917166,7.3522167
-416.58527,-323.25342,6.893772,7.3518167
-417.58423,-323.21118,6.870378,7.3514166
-418.58298,-323.16415,6.846984,7.351017
-419.58148,-323.1121,6.832946,7.358103
-420.57968,-323.05487,6.8193192,7.3655176
-421.57758,-322.9922,6.805692,7.3729324
-422.57507,-322.9239,6.792065,7.380347
-423.57217,-322.84976,6.778438,7.3877616
-424.56882,-322.76956,6.775668,7.403935
-425.5649,-322.6831,6.7732587,7.420399
-426.56042,-322.59018,6.770849,7.436864
-427.5553,-322.49054,6.76844,7.453328
-428.54947,-322.38403,6.7660303,7.4697924
-429.54285,-322.27042,6.763618,7.4860773
-430.53537,-322.14948,6.7612057,7.5023603
-431.52692,-322.02106,6.758794,7.518643
-432.51746,-321.88498,6.7563815,7.5349255
-433.5069,-321.74097,6.753967,7.5512104
-434.49512,-321.58893,6.7513537,7.5676913
-435.48203,-321.42856,6.748741,7.5841722
-436.4675,-321.25967,6.746128,7.600653
-437.45145,-321.08206,6.7435155,7.617134
-438.43375,-320.89548,6.74091,7.6336064
-439.41425,-320.69974,6.738503,7.6498547
-440.39288,-320.4949,6.736096,7.6661024
-441.3696,-320.281,6.733689,7.6823506
-442.34427,-320.05814,6.7312818,7.6985984
-443.3169,-319.82635,6.729031,7.7145004
-444.28735,-319.58575,6.7296314,7.7241035
-445.25565,-319.33652,6.730232,7.7337065
-446.2217,-319.0788,6.7308316,7.7433095
-447.18552,-318.8128,6.731432,7.7529125
-448.1471,-318.53873,6.732364,7.7617536
-449.10635,-318.25677,6.739153,7.757161
-450.0633,-317.96704,6.7459416,7.752569
-451.0179,-317.6697,6.75273,7.747977
-451.97018,-317.3649,6.7595186,7.7433844
-452.92004,-317.05273,6.766316,7.7388015
-453.86755,-316.73343,6.773298,7.7344127
-454.81262,-316.40707,6.7802796,7.7300243
-455.7553,-316.07382,6.7872615,7.7256355
-456.6956,-315.73386,6.7942433,7.721247
-457.63348,-315.38733,6.801219,7.7168517
-458.56894,-315.03436,6.808005,7.712261
-459.502,-314.67505,6.8147907,7.7076707
-460.43262,-314.30945,6.8215766,7.70308
-461.36078,-313.93765,6.828363,7.69849
-462.28644,-313.5597,6.835149,7.6939034
-463.20956,-313.17563,6.8419466,7.689505
-464.13013,-312.78537,6.848744,7.6851068
-465.0479,-312.38873,6.8555417,7.6807084
-465.9629,-311.98557,6.8623395,7.6763096
-466.8749,-311.5758,6.869141,7.671907
-467.78387,-311.15924,6.8761516,7.6673007
-468.68964,-310.7358,6.8831615,7.662694
-469.5921,-310.3054,6.8901715,7.6580873
-470.49112,-309.86786,6.897182,7.6534805
-471.38663,-309.42316,6.904088,7.6491594
-472.27847,-308.97113,6.907297,7.654976
-473.16653,-308.51172,6.910506,7.660792
-474.05066,-308.0448,6.913715,7.6666083
-474.93073,-307.57028,6.916924,7.672425
-475.80664,-307.0881,6.920133,7.678258
-476.6782,-306.5981,6.9233437,7.6844788
-477.5453,-306.10028,6.9265547,7.690699
-478.40775,-305.59442,6.929765,7.69692
-479.26538,-305.0805,6.932976,7.7031407
-480.11807,-304.55835,6.936175,7.709373
-480.96567,-304.02798,6.9391828,7.7157893
-481.80817,-303.4896,6.94219,7.722206
-482.64563,-302.94336,6.945198,7.728623
-483.4781,-302.38953,6.948206,7.735039
-484.30557,-301.8283,6.9512134,7.741455
-485.12817,-301.25995,6.9542165,7.747862
-485.94592,-300.68466,6.9572196,7.754269
-486.759,-300.10275,6.960223,7.760676
-487.5674,-299.5144,6.9632263,7.7670827
-488.3713,-298.9199,6.9666114,7.7729387
-489.1708,-298.31946,6.9746084,7.772139
-489.96597,-297.71332,6.9826055,7.7713394
-490.75693,-297.10168,6.9906025,7.7705398
-491.54373,-296.48474,6.9985995,7.76974
-492.32654,-295.8627,7.00755,7.76748
-493.10544,-295.23578,7.0283275,7.7471023
-493.88058,-294.60422,7.0491047,7.726724
-494.6521,-293.96826,7.0698824,7.706346
-495.42014,-293.3281,7.0906596,7.6859684
-496.18484,-292.68396,7.111452,7.66559
-496.94638,-292.03604,7.13244,7.645201
-497.70474,-291.38446,7.1534286,7.6248126
-498.45993,-290.7292,7.1744165,7.604424
-499.21198,-290.07028,7.195405,7.5840354
-499.96088,-289.4078,7.216395,7.5636454
-500.7066,-288.7418,7.2374063,7.543234
-501.449,-288.07205,7.2584176,7.522823
-502.18793,-287.3985,7.279429,7.502412
-502.92322,-286.72095,7.300441,7.4820004
-503.6547,-286.0393,7.321439,7.461589
-504.38217,-285.3534,7.34226,7.4411683
-505.10553,-284.66315,7.363081,7.4207478
-505.82465,-283.96844,7.3839016,7.400327
-506.5393,-283.26923,7.4047227,7.3799067
-507.24945,-282.56537,7.421701,7.36318
-507.95486,-281.85678,7.390689,7.392592
-508.65546,-281.1434,7.359677,7.4220033
-509.35104,-280.42517,7.328665,7.4514146
-510.0415,-279.702,7.2976527,7.4808264
-510.72665,-278.97382,7.266615,7.5102634
-511.40634,-278.2405,7.235269,7.5400124
-512.0804,-277.50204,7.2039227,7.5697613
-512.74866,-276.7583,7.172577,7.5995097
-513.4108,-276.0092,7.141231,7.6292586
-514.06683,-275.25458,7.1105204,7.658251
-514.71625,-274.4944,7.0885906,7.6767917
-515.3585,-273.72812,7.0666604,7.6953325
-515.993,-272.95532,7.04473,7.7138734
-516.61884,-272.1756,7.022801,7.732414
-517.2354,-271.3885,7.001794,7.7498455
-517.84186,-270.59357,6.997784,7.746838
-518.43713,-269.79022,6.993774,7.7438307
-519.0201,-268.9779,6.989764,7.7408233
-519.5895,-268.15604,6.9857535,7.7378154
-520.14417,-267.3242,6.981741,7.7348056
-520.6832,-266.48212,6.9776926,7.7317696
-521.2069,-265.63037,6.9736447,7.7287335
-521.71564,-264.76962,6.9695973,7.725698
-522.20996,-263.9005,6.96555,7.7226624
-522.69037,-263.02365,6.961528,7.7196026
-523.1577,-262.13977,6.957692,7.716372
-523.6138,-261.25,6.953856,7.713142
-524.06055,-260.35553,6.95002,7.7099113
-524.5001,-259.45746,6.946184,7.7066813
-524.9344,-258.55685,6.9410405,7.7008243
-525.36487,-257.65442,6.9295087,7.682135
-525.79144,-256.75012,6.9179764,7.663445
-526.2137,-255.84381,6.906444,7.644754
-526.6312,-254.93533,6.894912,7.6260633
-527.04376,-254.02454,6.883144,7.6067586
-527.4506,-253.1112,6.869935,7.5836926
-527.8506,-252.19485,6.8567266,7.560627
-528.2424,-251.27496,6.8435173,7.5375605
-528.62463,-250.35107,6.8303084,7.514494
-528.99603,-249.42274,6.817081,7.491432
-529.35516,-248.48962,6.8035975,7.468431
-529.70074,-247.55142,6.790115,7.445431
-530.03156,-246.6079,6.7766323,7.4224315
-530.34625,-245.65887,6.76315,7.3994327
-530.64355,-244.70424,6.7497396,7.3765874
-530.92194,-243.74394,6.7390885,7.359706
-531.1797,-242.77791,6.728438,7.342826
-531.4148,-241.8061,6.717786,7.325944
-531.6253,-240.8287,6.707133,7.3090596
-531.80927,-239.84595,6.697099,7.2936153
-531.9649,-238.85832,6.699132,7.3062177
-532.092,-237.86661,6.7011642,7.3188176
-532.19037,-236.87164,6.703196,7.3314166
-532.25995,-235.87424,6.7052283,7.344016
-532.30066,-234.87524,6.7072864,7.356615
-532.31256,-233.8755,6.7095203,7.3692055
-532.29663,-232.87581,6.711754,7.381796
-532.2538,-231.87689,6.713988,7.3943853
-532.1851,-230.87944,6.7162213,7.406975
-532.09155,-229.88399,6.727999,7.418598
-531.9741,-228.89108,6.7770896,7.4264445
-531.8335,-227.90118,6.8261833,7.434292
-531.6706,-226.91472,6.8752775,7.4421387
-531.4861,-225.93205,6.9243727,7.449986
-531.2808,-224.9535,6.9733863,7.4578123
-531.05554,-223.97939,7.022128,7.4655714
-530.8112,-223.00986,7.07087,7.4733305
-530.5487,-222.04509,7.1196103,7.481089
-530.26904,-221.08517,7.1683497,7.4888477
-529.97296,-220.13017,7.208797,7.4906306
-529.6612,-219.18018,7.217477,7.4695225
-529.33386,-218.23544,7.226157,7.4484134
-528.9909,-217.29625,7.2348375,7.4273043
-528.6324,-216.3629,7.2435174,7.406196
-528.25836,-215.43567,7.2499905,7.3861995
-527.8682,-214.51506,7.2426686,7.3731384
-527.4602,-213.60228,7.2353463,7.360077
-527.0321,-212.69873,7.2280235,7.347015
-526.58203,-211.80595,7.2207017,7.333954
-526.108,-210.92566,7.2097774,7.326511
-525.6081,-210.05974,7.1597466,7.379957
-525.0807,-209.21039,7.1097236,7.433396
-524.5238,-208.38004,7.0596867,7.486849
-523.9358,-207.57141,7.0096307,7.5403223
-523.31525,-206.78752,6.9598985,7.593168
-522.6617,-206.03098,6.912906,7.6407676
-521.97675,-205.30267,6.8659325,7.688349
-521.2625,-204.60307,6.8189745,7.7359138
-520.5209,-203.93254,6.772024,7.7834716
-519.7537,-203.29143,6.7357,7.8105593
-518.9627,-202.67995,6.751686,7.7369013
-518.1496,-202.09813,6.767676,7.6632285
-517.3162,-201.54584,6.783666,7.589551
-516.46405,-201.02292,6.7996573,7.5158696
-515.59467,-200.52911,6.8179393,7.4470754
-514.70966,-200.06403,6.8439593,7.394831
-513.8105,-199.62679,6.8699803,7.3425865
-512.8988,-199.21643,6.8959994,7.290345
-511.97583,-198.83197,6.922018,7.238104
-511.04294,-198.47232,6.950922,7.192326
-510.10126,-198.13628,6.986275,7.161013
-509.15198,-197.82236,7.021631,7.1296988
-508.19617,-197.52899,7.0569844,7.098385
-507.2347,-197.25458,7.092338,7.067072
-506.2685,-196.99748,7.1151433,7.047573
-505.29822,-196.75616,7.1155424,7.0491695
-504.32446,-196.52916,7.1159415,7.0507665
-503.34784,-196.31503,7.1163406,7.052363
-502.36874,-196.1123,7.1167397,7.0539594
-501.38766,-195.91948,7.116931,7.0557585
-500.40497,-195.73506,7.116733,7.0579357
-499.42102,-195.55748,7.116535,7.060113
-498.43613,-195.38515,7.1163373,7.0622907
-497.4506,-195.21648,7.1161394,7.064468
-496.46472,-195.0499,7.1158824,7.0666456
-495.4787,-194.88414,7.1154866,7.068825
-494.49268,-194.71846,7.1150904,7.0710034
-493.50674,-194.55222,7.114694,7.0731826
-492.52103,-194.38474,7.114298,7.0753613
-491.5356,-194.21535,7.113901,7.0775924
-490.55063,-194.04369,7.113503,7.0799813
-489.56598,-193.8699,7.113105,7.0823708
-488.58167,-193.69426,7.1127067,7.0847597
-487.59766,-193.51698,7.1123085,7.0871487
-486.61392,-193.3383,7.111955,7.0894947
-485.63037,-193.15843,7.1117554,7.0916924
-484.64703,-192.9774,7.1115556,7.0938907
-483.6639,-192.79529,7.111356,7.0960884
-482.68097,-192.6121,7.111156,7.0982866
-481.69824,-192.42793,7.110912,7.100486
-480.71567,-192.24283,7.1105113,7.102688
-479.73328,-192.05688,7.1101108,7.1048903
-478.75098,-191.87022,7.10971,7.107093
-477.76883,-191.68297,7.10931,7.1092954
-476.78677,-191.49522,7.108955,7.1114984
-475.80478,-191.30708,7.1087546,7.113702
-474.82285,-191.11859,7.108554,7.1159053
-473.84097,-190.9298,7.1083536,7.1181087
-472.85916,-190.74077,7.1081533,7.120312
-471.87738,-190.55151,7.1079063,7.1225624
-470.89563,-190.3621,7.107506,7.124965
-469.9139,-190.17253,7.1071053,7.1273685
-468.93222,-189.9828,7.1067047,7.129771
-467.95056,-189.7929,7.106304,7.1321745
-466.96896,-189.60281,7.1059036,7.134529
-465.98737,-189.41258,7.1055036,7.136731
-465.0058,-189.22218,7.105103,7.138933
-464.0243,-189.03166,7.1047025,7.141135
-463.0428,-188.84099,7.1043024,7.1433372
-462.06128,-188.65019,7.103951,7.1455393
-461.07983,-188.45929,7.1037507,7.1477404
-460.0984,-188.26826,7.103551,7.149942
-459.11697,-188.07715,7.1033506,7.1521435
-458.1356,-187.88594,7.1031504,7.1543446
-457.1542,-187.69464,7.1029005,7.156546
-456.17282,-187.50327,7.1025004,7.1587467
-455.19147,-187.31183,7.1021004,7.1609473
-454.21014,-187.12032,7.1017003,7.1631484
-453.22882,-186.92874,7.1013002,7.165349
-452.2475,-186.73712,7.1009502,7.1675997
-451.26617,-186.54547,7.10075,7.17
-450.28488,-186.35379,7.10055,7.1724005
-449.3036,-186.16208,7.10035,7.1748004
-448.32227,-185.97035,7.10015,7.177201
-447.34097,-185.77861,7.0999,7.179551
-446.35968,-185.58687,7.0994997,7.181751
-445.3784,-185.39513,7.0991,7.1839504
-444.3971,-185.20341,7.0987,7.18615
-443.41577,-185.01172,7.0983,7.18835
-442.43448,-184.82004,7.0979,7.19055
-441.45316,-184.62842,7.0975003,7.192749
-440.47183,-184.43683,7.0971003,7.1949487
-439.4905,-184.24529,7.0967,7.197148
-438.50916,-184.0538,7.0963006,7.199347
-437.5278,-183.8624,7.09595,7.2015467
-436.54642,-183.67107,7.0957503,7.2037454
-435.56503,-183.47981,7.0955505,7.2059445
-434.58362,-183.28865,7.0953507,7.208143
-433.6022,-183.09758,7.0951505,7.2103424
-432.62076,-182.90663,7.0949016,7.2125907
-431.63928,-182.71579,7.094502,7.214989
-430.65778,-182.52505,7.094102,7.2173877
-429.67627,-182.33447,7.0937023,7.219786
-428.6947,-182.14401,7.0933027,7.222185
-427.71313,-181.95369,7.0929513,7.224535
-426.73154,-181.76353,7.0927515,7.226733
-425.7499,-181.57353,7.0925517,7.228932
-424.76825,-181.3837,7.092352,7.23113
-423.78653,-181.19403,7.092152,7.233329
-422.8048,-181.00456,7.091904,7.235527
-421.82303,-180.81528,7.0915046,7.2377257
-420.84122,-180.62617,7.091105,7.239924
-419.85938,-180.4373,7.090705,7.242122
-418.87747,-180.24863,7.0903053,7.2443204
-417.89557,-180.06018,7.0899057,7.2465186
-416.91357,-179.87195,7.089506,7.248717
-415.93155,-179.68396,7.0891066,7.250915
-414.9495,-179.49623,7.0887065,7.2531133
-413.96738,-179.30873,7.088307,7.2553115
-412.9852,-179.1215,7.0879536,7.257556
-412.003,-178.93454,7.087754,7.259954
-411.02072,-178.74785,7.087554,7.262352
-410.0384,-178.56145,7.087354,7.26475
-409.05603,-178.37532,7.0871544,7.267148
-408.07358,-178.18951,7.086909,7.2695003
-407.0911,-178.004,7.086509,7.2716985
-406.10855,-177.81879,7.0861096,7.2738967
-405.12595,-177.63391,7.08571,7.276095
-404.14325,-177.44936,7.0853105,7.2782927
-403.16052,-177.26515,7.084955,7.280491
-402.17773,-177.08128,7.0847554,7.282689
-401.19485,-176.89777,7.0845556,7.2848873
-400.2119,-176.7146,7.084356,7.2870855
-399.2289,-176.5318,7.084156,7.2892838
-398.24585,-176.34938,7.0839124,7.291482
-397.2627,-176.16736,7.083513,7.29368
-396.2795,-175.9857,7.083113,7.2958784
-395.2962,-175.80446,7.082713,7.2980766
-394.31284,-175.62361,7.0823135,7.300275
-393.3294,-175.44319,7.081957,7.302516
-392.3459,-175.2632,7.081757,7.3049145
-391.3623,-175.08362,7.0815573,7.3073125
-390.37863,-174.90448,7.0813575,7.309711
-389.39487,-174.72578,7.0811577,7.312109
-388.41104,-174.54752,7.0809155,7.314465
-387.42712,-174.36969,7.080516,7.3166637
-386.44315,-174.19229,7.080116,7.3188624
-385.45908,-174.01534,7.079716,7.321061
-384.4749,-173.83878,7.0793166,7.3232594
-383.49072,-173.66263,7.0793333,7.3252916
-382.5064,-173.4869,7.080932,7.3266907
-381.52206,-173.31155,7.0825315,7.3280897
-380.53763,-173.13658,7.0841303,7.329489
-379.55313,-172.96202,7.0857296,7.3308883
-378.56857,-172.78781,7.087534,7.3321643
-377.58395,-172.61398,7.0901327,7.332964
-376.59927,-172.44052,7.092731,7.3337636
-375.6145,-172.26743,7.0953298,7.334563
-374.6297,-172.09467,7.0979285,7.3353624
-373.64484,-171.92226,7.100568,7.3362026
-372.65988,-171.75018,7.1033664,7.337202
-371.6749,-171.57843,7.106165,7.3382015
-370.68985,-171.40701,7.1089635,7.3392015
-369.70474,-171.23592,7.111762,7.340201
-368.71957,-171.06512,7.114521,7.3411603
-367.73438,-170.89465,7.11712,7.34196
-366.7491,-170.72447,7.1197186,7.3427596
-365.7638,-170.55458,7.1223173,7.3435593
-364.77844,-170.38496,7.1249166,7.344359
-363.79303,-170.21564,7.1275153,7.345198
-362.80756,-170.04659,7.130114,7.3461976
-361.82205,-169.8778,7.1327133,7.3471975
-360.83652,-169.70927,7.135312,7.348197
-359.85092,-169.541,7.137911,7.3491964
-358.8653,-169.37297,7.14051,7.3501964
-357.8796,-169.20518,7.143109,7.351196
-356.89392,-169.03763,7.145708,7.3521953
-355.90817,-168.8703,7.148307,7.353195
-354.92236,-168.70319,7.150906,7.3541946
-353.93655,-168.5363,7.153544,7.3551555
-352.95068,-168.36961,7.156343,7.355955
-351.96478,-168.20313,7.159142,7.356755
-350.97885,-168.03683,7.161941,7.3575544
-349.9929,-167.87073,7.16474,7.358354
-349.00693,-167.70482,7.1675005,7.3591924
-348.0209,-167.53906,7.1700997,7.3601923
-347.03485,-167.37349,7.1726985,7.3611917
-346.04877,-167.20807,7.1752977,7.3621917
-345.06268,-167.04282,7.177897,7.363191
-344.07654,-166.8777,7.180496,7.3641524
-343.0904,-166.71272,7.1830955,7.3649526
-342.10422,-166.5479,7.185694,7.365752
-341.11804,-166.3832,7.1882935,7.366552
-340.1318,-166.21861,7.1908927,7.3673515
-339.1456,-166.05414,7.193492,7.3681893
-338.15933,-165.88979,7.196091,7.369189
-337.17307,-165.72552,7.19869,7.3701887
-336.18677,-165.56137,7.201289,7.371188
-335.20047,-165.39731,7.2038884,7.372188
-334.21417,-165.23332,7.2065253,7.37315
-333.22784,-165.06941,7.2093244,7.37395
-332.24152,-164.90558,7.2121234,7.3747497
-331.25516,-164.7418,7.2149224,7.3755493
-330.2688,-164.57808,7.2177215,7.376349
-329.28244,-164.41441,7.220484,7.377186
-328.29605,-164.2508,7.2230825,7.3781857
-327.3097,-164.0872,7.225682,7.379185
-326.3233,-163.92366,7.228281,7.380185
-325.3369,-163.76013,7.2308803,7.3811846
-324.35052,-163.59662,7.2334795,7.3821473
-323.3641,-163.43312,7.2360787,7.3829474
-322.37772,-163.26962,7.238678,7.383747
-321.39133,-163.10612,7.241277,7.3845468
-320.40494,-162.94263,7.243876,7.3853464
-319.41855,-162.7791,7.246475,7.386183
-318.43216,-162.61555,7.2490745,7.3871827
-317.44577,-162.452,7.2516737,7.388182
-316.4594,-162.28839,7.254273,7.389182
-315.47302,-162.12474,7.256872,7.3901815
-314.48666,-161.96104,7.259507,7.391181
-313.5003,-161.7973,7.262306,7.392181
-312.51398,-161.6335,7.2651057,7.3931804
-311.52765,-161.46962,7.2679048,7.3941803
-310.54132,-161.30568,7.270704,7.3951797
-309.55502,-161.14165,7.2734666,7.3961434
-308.56873,-160.97754,7.276066,7.3969436
-307.58246,-160.81334,7.278665,7.397743
-306.5962,-160.64903,7.281264,7.398543
-305.60995,-160.48462,7.283863,7.3993425
-304.62372,-160.32008,7.2864623,7.400178
-303.6375,-160.15543,7.289061,7.4011774
-302.65134,-159.99066,7.2916603,7.402177
-301.66516,-159.82576,7.294259,7.403177
-300.67905,-159.66075,7.2968583,7.404176
-299.6929,-159.4956,7.2994576,7.405141
-298.70682,-159.33035,7.3020563,7.4059405
-297.72073,-159.16498,7.3046556,7.40674
-296.73468,-158.9995,7.3072543,7.40754
-295.74863,-158.83391,7.3098536,7.4083395
-294.7626,-158.6682,7.312487,7.409174
-293.77658,-158.5024,7.315286,7.4101734
-292.7906,-158.33649,7.3180847,7.4111733
-291.80463,-158.17047,7.3208838,7.412173
-290.81866,-158.00436,7.323683,7.4131722
-289.83273,-157.83817,7.326447,7.4141374
-288.8468,-157.67188,7.329046,7.414937
-287.86087,-157.5055,7.331645,7.4157367
-286.875,-157.33902,7.334244,7.4165363
-285.8891,-157.17245,7.3368425,7.417336
-284.90323,-157.00583,7.3394413,7.41817
-283.9174,-156.83911,7.3420405,7.4191694
-282.93155,-156.67232,7.3446393,7.420169
-281.9457,-156.50545,7.347238,7.4211683
-280.9599,-156.3385,7.349837,7.4221683
-279.9741,-156.1715,7.3524356,7.4231677
-278.98828,-156.00443,7.355035,7.424167
-278.0025,-155.83728,7.3576336,7.4251666
-277.01672,-155.67007,7.3602324,7.426166
-276.03098,-155.50282,7.362831,7.427166
-275.04523,-155.33551,7.365463,7.428132
-274.05948,-155.16814,7.368262,7.4289317
-273.07373,-155.00072,7.3710604,7.4297314
-272.088,-154.83324,7.373859,7.430531
-271.1023,-154.66573,7.376658,7.4313307
-270.11658,-154.49817,7.3794236,7.4321632
-269.13086,-154.33057,7.3820224,7.4331627
-268.14517,-154.16292,7.384621,7.434162
-267.1595,-153.99525,7.38722,7.4351616
-266.1738,-153.82755,7.3898187,7.436161
-265.1881,-153.6598,7.3924174,7.4371285
-264.20242,-153.49203,7.395016,7.437928
-263.21677,-153.32423,7.397615,7.438728
-262.23108,-153.15642,7.4002137,7.4395275
-261.24542,-152.98859,7.4028125,7.440327
-260.25977,-152.82072,7.4054112,7.4411583
-259.2741,-152.65285,7.40801,7.4421577
-258.28845,-152.48497,7.410609,7.443157
-257.3028,-152.31708,7.4132075,7.4441566
-256.31714,-152.14917,7.4158063,7.445156
-255.33148,-151.98126,7.418405,7.4461246
-254.34584,-151.81335,7.4210033,7.446924
-253.36018,-151.64543,7.423602,7.447724
-252.37453,-151.47752,7.426201,7.4485235
-251.38887,-151.30962,7.4287996,7.449323
-250.40323,-151.14172,7.431429,7.4501534
-249.41757,-150.97383,7.4342275,7.451153
-248.4319,-150.80595,7.437026,7.4521523
-247.44624,-150.63809,7.4398246,7.4531517
-246.46059,-150.47026,7.442623,7.454151
-245.47491,-150.30243,7.4453917,7.4551206
-244.48924,-150.13463,7.4479904,7.45592
-243.50357,-149.96686,7.450589,7.45672
-242.51788,-149.79912,7.4531875,7.457519
-241.5322,-149.6314,7.455786,7.4583187
-240.54651,-149.46371,7.458385,7.459148
-239.5608,-149.29607,7.4609838,7.4601474
-238.5751,-149.12845,7.4635825,7.461147
-237.5894,-148.96088,7.466181,7.4621468
-236.60368,-148.79335,7.4687796,7.463146
-235.61795,-148.62587,7.4713783,7.4641457
-234.63222,-148.45844,7.473977,7.465145
-233.64648,-148.29106,7.476576,7.4661446
-232.66072,-148.12373,7.479174,7.467144
-231.67496,-147.95645,7.481773,7.4681435
-230.6892,-147.78925,7.4844003,7.4691143
-229.70341,-147.62209,7.487199,7.469914
-228.71762,-147.455,7.4899974,7.4707136
-227.73181,-147.28798,7.492796,7.4715133
-226.746,-147.12102,7.4955945,7.472313
-225.76018,-146.95413,7.498365,7.4731402
-224.77434,-146.78732,7.5009637,7.4741397
-223.78848,-146.62059,7.5035625,7.475139
-222.80261,-146.45393,7.5061607,7.4761386
-221.81674,-146.28735,7.5087595,7.4771385
-220.83084,-146.12086,7.5113583,7.4781103
-219.84494,-145.95447,7.513957,7.47891
-218.85901,-145.78816,7.516556,7.4797096
-217.87308,-145.62193,7.5191545,7.480509
-216.88712,-145.4558,7.521753,7.4813085
-215.90115,-145.28975,7.5243516,7.4821353
-214.91518,-145.1238,7.5269504,7.4831347
-213.92917,-144.95793,7.529549,7.484134
-212.94316,-144.79214,7.532148,7.4851336
-211.95712,-144.62645,7.5347466,7.486133
-210.97108,-144.46083,7.5373716,7.4871063
-209.98503,-144.2953,7.54017,7.487906
-208.99896,-144.12985,7.5429688,7.488705
-208.01288,-143.96448,7.5457673,7.489505
-207.0268,-143.79918,7.548566,7.4903045
-206.04068,-143.63396,7.5513387,7.4911304
-205.05457,-143.46881,7.5539374,7.49213
-204.06844,-143.30374,7.556536,7.4931293
-203.08229,-143.13873,7.5591345,7.4941287
-202.09613,-142.9738,7.5617332,7.495128
-201.10997,-142.80894,7.564332,7.4961276
-200.1238,-142.64415,7.566931,7.497127
-199.1376,-142.47942,7.5695295,7.4981265
-198.1514,-142.31476,7.5721283,7.4991264
-197.16519,-142.15016,7.574727,7.500126
-196.17897,-141.98563,7.577326,7.5011
-195.19273,-141.82115,7.5799246,7.5018997
-194.2065,-141.65674,7.582523,7.5026994
-193.22025,-141.49237,7.5851216,7.503499
-192.23398,-141.32808,7.5877204,7.5042987
-191.24771,-141.16383,7.590344,7.5051227
-190.26143,-140.99963,7.5931425,7.506122
-189.27515,-140.8355,7.595941,7.507122
-188.28885,-140.67142,7.5987396,7.5081215
-187.30254,-140.50739,7.601538,7.509121
-186.31622,-140.34338,7.604313,7.510096
-185.32991,-140.17944,7.6069117,7.5108957
-184.34358,-140.01555,7.6095104,7.5116954
-183.35724,-139.8517,7.612109,7.512495
-182.3709,-139.6879,7.614708,7.5132947
-181.38455,-139.52412,7.6173067,7.5141177
-180.3982,-139.36041,7.6199055,7.5151176
-179.41183,-139.19672,7.622504,7.516117
-178.42546,-139.03307,7.625103,7.5171165
-177.43909,-138.86946,7.6277018,7.518116
-176.45271,-138.70589,7.6303,7.5190926
-175.46632,-138.54234,7.632899,7.519892
-174.47993,-138.37883,7.6354976,7.5206914
-173.49353,-138.21535,7.6380963,7.521491
-172.50713,-138.0519,7.640695,7.5222907
-171.52072,-137.88847,7.6433167,7.5231133
-170.53432,-137.72508,7.6461153,7.5241127
-169.5479,-137.5617,7.648914,7.525112
-168.56148,-137.39836,7.6517124,7.5261116
-167.57506,-137.23503,7.6545115,7.527111
-166.58862,-137.07173,7.6572876,7.5280886
-165.6022,-136.90845,7.6598864,7.528888
-164.61577,-136.74518,7.662485,7.529688
-163.62933,-136.58194,7.665084,7.5304875
-162.64288,-136.4187,7.6676826,7.531287
-161.65645,-136.25548,7.6702814,7.5321083
-160.67001,-136.09229,7.67288,7.5331078
-159.68356,-135.9291,7.675479,7.534107
-158.69711,-135.7659,7.678078,7.535107
-157.71066,-135.60272,7.680677,7.5361066
-156.72421,-135.43956,7.6832757,7.537106
-155.73776,-135.2764,7.6858745,7.5381055
-154.75131,-135.11325,7.688473,7.539105
-153.76486,-134.95009,7.691072,7.5401044
-152.77841,-134.78694,7.6936707,7.541104
-151.79196,-134.6238,7.69629,7.542083
-150.80551,-134.46065,7.6990886,7.5428824
-149.81906,-134.2975,7.7018876,7.543682
-148.83261,-134.13434,7.704686,7.5444818
-147.84616,-133.97118,7.7074847,7.5452814
-146.85971,-133.80801,7.7102633,7.546101
-145.87326,-133.64484,7.712862,7.547101
-144.88681,-133.48166,7.715461,7.5481005
-143.90038,-133.31847,7.7180595,7.5491
-142.91393,-133.15526,7.7206583,7.5500994
-141.92749,-132.99203,7.723257,7.5510793
-140.94106,-132.82881,7.7258563,7.551879
-139.95462,-132.66556,7.728455,7.5526786
-138.96819,-132.50229,7.731054,7.5534782
-137.98175,-132.339,7.7336526,7.554278
-136.99533,-132.1757,7.7362514,7.5550966
-136.0089,-132.01237,7.73885,7.556096
-135.02248,-131.84903,7.741449,7.5570955
-134.03607,-131.68565,7.7440476,7.5580955
-133.04965,-131.52226,7.7466464,7.559095
-132.06325,-131.35884,7.7492642,7.5600753
-131.07684,-131.19539,7.752063,7.560875
-130.09045,-131.0319,7.754862,7.5616746
-129.10406,-130.8684,7.7576604,7.5624743
-128.11768,-130.70485,7.760459,7.563274
-127.131294,-130.54128,7.7632394,7.564092
-126.14492,-130.37766,7.765838,7.5650916
-125.15855,-130.214,7.768437,7.566091
-124.17219,-130.05032,7.7710357,7.5670905
-123.18583,-129.8866,7.773635,7.5680904
-122.19948,-129.72282,7.7762337,7.56909
-121.213135,-129.55902,7.7788324,7.5700893
-120.2268,-129.39517,7.781431,7.571089
-119.24047,-129.23128,7.78403,7.5720882
-118.25415,-129.06732,7.7866287,7.573088
-117.26784,-128.90334,7.7892275,7.57407
-116.28153,-128.7393,7.7918267,7.5748696
-115.29524,-128.57521,7.7944255,7.5756693
-114.30895,-128.41107,7.7970243,7.576469
-113.32267,-128.24689,7.799623,7.5772686
-112.3364,-128.08264,7.802222,7.5780854
-111.35014,-127.918335,7.8048205,7.579085
-110.36389,-127.753975,7.8074193,7.5800843
-109.37765,-127.589554,7.8100185,7.581084
-108.39142,-127.42508,7.8126173,7.5820837
-107.4052,-127.260544,7.8152328,7.5830665
-106.41898,-127.09594,7.8180313,7.583866
-105.432785,-126.93128,7.8208303,7.584666
-104.446594,-126.76655,7.823629,7.5854654
-103.46042,-126.60175,7.826428,7.586265
-102.47425,-126.43689,7.8292103,7.587081
-101.4881,-126.27196,7.831809,7.5880804
-100.50195,-126.10696,7.834408,7.58908
-99.51582,-125.94188,7.837007,7.59008
-98.5297,-125.77673,7.839606,7.591079
-97.543594,-125.61151,7.8422046,7.592063
-96.5575,-125.44621,7.8448033,7.5928626
-95.57142,-125.28083,7.8474026,7.5936623
-94.58535,-125.11538,7.8500013,7.594462
-93.5993,-124.949844,7.8526,7.5952616
-92.61326,-124.784225,7.855199,7.5960765
-91.62723,-124.61852,7.8577976,7.597076
-90.64122,-124.45274,7.860397,7.598076
-89.65522,-124.28687,7.8629956,7.5990753
-88.669235,-124.12091,7.8655944,7.600075
-87.683266,-123.95487,7.868208,7.601074
-86.69731,-123.788734,7.871007,7.6020737
-85.71138,-123.622505,7.8738055,7.6030736
-84.72546,-123.45619,7.8766046,7.604073
-83.73955,-123.28978,7.879403,7.6050725
-82.753654,-123.12327,7.882188,7.6060576
-81.767784,-122.956665,7.8847866,7.6068573
-80.78193,-122.78996,7.8873854,7.607657
-79.79608,-122.62316,7.889984,7.6084566
-78.81026,-122.45625,7.8925834,7.6092563
-77.824455,-122.28925,7.895182,7.61007
-76.83867,-122.12215,7.897781,7.6110697
-75.8529,-121.95493,7.9003797,7.612069
-74.86714,-121.78761,7.902979,7.6130686
-73.88141,-121.620186,7.9055777,7.6140685
-72.89569,-121.45265,7.9081764,7.615054
-71.90999,-121.285,7.910775,7.615854
-70.92432,-121.11725,7.9133744,7.6166534
-69.93865,-120.94938,7.915973,7.617453
-68.95301,-120.781395,7.918572,7.6182528
-67.96739,-120.61329,7.921184,7.6190658
-66.9818,-120.445076,7.9239826,7.620065
-65.996216,-120.27673,7.9267817,7.6210647
-65.01065,-120.108284,7.92958,7.6220646
-64.025116,-119.939705,7.9323792,7.623064
-63.039597,-119.771,7.9351654,7.624051
-62.0541,-119.60218,7.937764,7.6248507
-61.068626,-119.43323,7.940363,7.6256504
-60.08317,-119.26415,7.9429617,7.62645
-59.09774,-119.09495,7.945561,7.6272497
-58.11233,-118.92562,7.9481597,7.6280613
-57.126945,-118.75616,7.9507585,7.629061
-56.14158,-118.586555,7.953357,7.6300607
-55.15624,-118.41683,7.9559565,7.63106
-54.17092,-118.24696,7.958555,7.6320596
-53.185627,-118.076965,7.961154,7.6330476
-52.200356,-117.90682,7.9637527,7.633847
-51.21511,-117.73655,7.966352,7.634647
-50.22989,-117.56613,7.9689507,7.6354465
-49.24469,-117.39557,7.9715495,7.636246
-48.259518,-117.22487,7.9741597,7.6370573
-47.27437,-117.05402,7.9769588,7.6380568
-46.289246,-116.88303,7.9797573,7.639056
-45.304146,-116.711914,7.9825563,7.6400557
-44.31907,-116.54064,7.985355,7.6410556
-43.33402,-116.36924,7.988143,7.642055
-42.34899,-116.1977,7.9907417,7.6430545
-41.363987,-116.026024,7.9933405,7.644054
-40.379005,-115.85422,7.9959393,7.645054
-39.39405,-115.682274,7.9985385,7.6460533
-38.409115,-115.5102,8.001137,7.6470423
-37.424202,-115.338,8.0037365,7.647842
-36.439316,-115.165665,8.006335,7.6486416
-35.45445,-114.9932,8.008934,7.6494412
-34.469604,-114.82061,8.011533,7.650241
-33.484783,-114.647896,8.014132,7.6510506
-32.49998,-114.47505,8.01673,7.65205
-31.515203,-114.302086,8.019329,7.6530495
-30.530447,-114.129005,8.021928,7.6540494
-29.545712,-113.955795,8.024527,7.655049
-28.560997,-113.78246,8.027135,7.6560388
-27.576303,-113.60902,8.029934,7.6568384
-26.59163,-113.435455,8.032733,7.657638
-25.60698,-113.26177,8.035532,7.6584377
-24.622347,-113.087975,8.03833,7.6592374
-23.637735,-112.91406,8.041,7.6600094
-22.653143,-112.74004,8.041,7.660209
-21.668571,-112.5659,8.041,7.660409
-20.68402,-112.391655,8.041,7.660609
-19.699488,-112.2173,8.041,7.660809
-18.714973,-112.04284,8.040719,7.660912
-17.730478,-111.86826,8.034322,7.658913
-16.746002,-111.69359,8.027925,7.656914
-15.761546,-111.51881,8.021528,7.654915
-14.777107,-111.34392,8.015131,7.652916
-13.792686,-111.16893,8.008734,7.6509166
-12.808284,-110.993835,8.0023365,7.6489177
-11.823899,-110.81865,7.9959393,7.646919
-10.839532,-110.64336,7.9895425,7.6449194
-9.855183,-110.46797,7.983145,7.6429205
-8.87085,-110.29248,7.976756,7.640929
-7.886534,-110.116905,7.9705586,7.63913
-6.902236,-109.94123,7.9643617,7.637331
-5.917954,-109.765465,7.9581647,7.6355314
-4.933688,-109.58961,7.9519672,7.6337323
-3.949439,-109.41365,7.9457626,7.631926
-2.9652057,-109.23762,7.939366,7.6299267
-1.9809883,-109.061485,7.9329686,7.627928
-0.9967864,-108.88527,7.9265714,7.6259284
-0.012599972,-108.70897,7.9201746,7.6239295
0.97157127,-108.532585,7.9137845,7.6219306
1.9557275,-108.35612,7.907587,7.619931
2.939869,-108.17956,7.90139,7.6179323
3.9239955,-108.00293,7.895193,7.6159334
4.9081078,-107.82621,7.8889956,7.613934
5.892206,-107.64942,7.8827925,7.611935
6.8762903,-107.47255,7.876395,7.609936
7.8603606,-107.2956,7.869998,7.607937
8.844418,-107.118576,7.863601,7.605938
9.828461,-106.941475,7.857204,7.6039386
10.812491,-106.764305,7.850807,7.601946
11.796508,-106.58707,7.84441,7.600147
12.780513,-106.40975,7.838013,7.5983477
13.764504,-106.23237,7.831616,7.596548
14.748484,-106.05492,7.825219,7.594749
15.732451,-105.877396,7.8188276,7.5929446
16.716408,-105.69981,7.8126307,7.5909452
17.700352,-105.522156,7.806433,7.5889463
18.684282,-105.344444,7.800236,7.586947
19.668203,-105.166664,7.7940392,7.584948
20.652113,-104.98882,7.787837,7.582949
21.636013,-104.81093,7.7814403,7.58095
22.6199,-104.632965,7.775043,7.578951
23.603779,-104.45495,7.7686462,7.576952
24.587646,-104.27688,7.762249,7.5749526
25.571503,-104.09875,7.755852,7.5729585
26.555351,-103.92056,7.749455,7.5711594
27.539188,-103.74233,7.743058,7.5693603
28.523016,-103.56404,7.736661,7.567561
29.506836,-103.385704,7.730264,7.5657616
30.490646,-103.20731,7.723871,7.5639586
31.474447,-103.02888,7.7176743,7.5619593
32.45824,-102.85039,7.7114773,7.5599604
33.442024,-102.67186,7.70528,7.5579615
34.4258,-102.49328,7.699083,7.555962
35.40957,-102.31466,7.692882,7.553963
36.39333,-102.135994,7.6864853,7.5519643
37.377083,-101.95729,7.680088,7.549965
38.36083,-101.77854,7.6736913,7.547966
39.344566,-101.59976,7.6672945,7.545967
40.328297,-101.42094,7.6609006,7.5439677
41.31202,-101.24207,7.6547036,7.541969
42.29574,-101.06318,7.648506,7.53997
43.27945,-100.884254,7.642309,7.5379705
44.263157,-100.705284,7.636112,7.5359716
45.246857,-100.52629,7.6299124,7.533975
46.230553,-100.34727,7.6235156,7.532176
47.21424,-100.168205,7.6171184,7.530377
48.19792,-99.98912,7.6107216,7.528578
49.181602,-99.81001,7.6043243,7.5267787
50.165276,-99.63087,7.5979276,7.524977
51.148945,-99.451706,7.5915303,7.5229783
52.13261,-99.272514,7.5851336,7.5209794
53.116272,-99.09331,7.5787363,7.51898
54.099926,-98.91407,7.5723395,7.516981
55.08358,-98.73482,7.565944,7.514982
56.06723,-98.55554,7.559747,7.512983
57.050877,-98.37625,7.5535502,7.510984
58.03452,-98.196945,7.5473533,7.508985
59.018158,-98.01762,7.541156,7.5069857
60.001797,-97.83828,7.5349574,7.504988
60.98543,-97.65893,7.5285606,7.503189
61.969063,-97.47956,7.5221634,7.5013895
62.952694,-97.300186,7.5157666,7.4995904
63.936325,-97.120804,7.5093694,7.4977913
64.91995,-96.94141,7.5029736,7.495991
65.90358,-96.762,7.496776,7.4939923
66.8872,-96.582596,7.490579,7.4919934
67.87083,-96.40318,7.484382,7.489994
68.85445,-96.22376,7.4781847,7.487995
69.83807,-96.04434,7.4719872,7.4859962
70.82169,-95.86492,7.4655905,7.483997
71.80531,-95.68549,7.459193,7.481998
72.78894,-95.50607,7.452796,7.4799986
73.77256,-95.32665,7.446399,7.4779997
74.75618,-95.14723,7.440002,7.476001
75.73981,-94.96782,7.433605,7.4740014
76.72343,-94.78841,7.427208,7.4720025
77.707054,-94.609,7.4208107,7.4700036
78.69068,-94.4296,7.414414,7.468004
79.67431,-94.25022,7.4080167,7.4660053
80.65794,-94.07085,7.401819,7.4642057
81.64157,-93.89148,7.395622,7.462406
82.625206,-93.71212,7.389425,7.460607
83.60885,-93.53278,7.3832273,7.458808
84.59248,-93.353455,7.3770304,7.457009
85.576126,-93.17415,7.370634,7.455011
86.55978,-92.99486,7.3642373,7.4530115
87.54343,-92.81558,7.35784,7.4510126
88.52708,-92.63632,7.351443,7.449013
89.510735,-92.45709,7.3450456,7.4470143
90.49439,-92.27788,7.338649,7.445015
91.47806,-92.09869,7.3322515,7.443016
92.46172,-91.91952,7.3258543,7.441017
93.4454,-91.74037,7.319457,7.439018
94.42908,-91.56126,7.31306,7.437019
95.41276,-91.38217,7.306861,7.435218
96.39645,-91.20311,7.3006635,7.4334183
97.38014,-91.02408,7.2944665,7.431619
98.363846,-90.845085,7.288269,7.42982
99.34755,-90.666115,7.2820716,7.428021
100.33126,-90.48718,7.2756767,7.426024
101.31498,-90.30828,7.2692795,7.424025
102.2987,-90.12942,7.262882,7.4220257
103.28243,-89.95059,7.2564855,7.420027
104.26617,-89.771805,7.250088,7.4180274
105.249916,-89.593056,7.243888,7.4160285
106.233665,-89.414345,7.2376904,7.414029
107.21742,-89.23568,7.2314935,7.41203
108.201195,-89.05705,7.225296,7.410031
109.18497,-88.87847,7.2190986,7.408032
110.168755,-88.699936,7.2127047,7.4062295
111.15254,-88.52145,7.206307,7.40443
112.136345,-88.343,7.1999097,7.402631
113.120155,-88.16461,7.1935124,7.4008317
114.10397,-87.98627,7.187115,7.3990326
115.0878,-87.807976,7.180718,7.397037
116.07163,-87.62973,7.1743207,7.3950377
117.05548,-87.451546,7.1679235,7.3930387
118.03934,-87.27341,7.1615257,7.3910394
119.02321,-87.09533,7.1551285,7.38904
120.00708,-86.917305,7.148927,7.387041
120.99097,-86.73934,7.1427298,7.3850417
121.97487,-86.56143,7.1365323,7.383043
122.95878,-86.38359,7.130335,7.3810434
123.942696,-86.20582,7.1241374,7.379044
124.92663,-86.02811,7.1177444,7.377045
125.910576,-85.85048,7.1113467,7.375046
126.89454,-85.67293,7.1049495,7.373047
127.87852,-85.49547,7.0985518,7.3710475
128.86252,-85.3181,7.0921545,7.369048
129.84653,-85.14083,7.085757,7.3672442
130.83055,-84.96367,7.0793595,7.3654447
131.8146,-84.78662,7.0729623,7.3636456
132.79868,-84.60969,7.0665646,7.3618464
133.78278,-84.432884,7.0601673,7.360047
134.76689,-84.2562,7.053964,7.358053
135.75104,-84.07966,7.0477667,7.356054
136.73521,-83.90325,7.041569,7.3540545
137.7194,-83.72699,7.0353713,7.3520555
138.70363,-83.55089,7.029174,7.350056
139.68787,-83.37494,7.022782,7.348057
140.67215,-83.19915,7.0163846,7.3460574
141.65646,-83.02354,7.009987,7.3440585
142.6408,-82.8481,7.003589,7.342059
143.62517,-82.672844,6.997192,7.3400598
144.60957,-82.49777,6.9909883,7.3382545
145.59402,-82.32289,6.9847903,7.3364553
146.57849,-82.14822,6.978593,7.334656
147.563,-81.97374,6.972395,7.3328567
148.54756,-81.79948,6.9661975,7.3310575
149.53215,-81.62543,6.959806,7.3290644
150.51677,-81.4516,6.9534087,7.327065
151.50143,-81.278,6.947011,7.325066
152.48615,-81.10464,6.9406133,7.3230667
153.4709,-80.93151,6.9342155,7.3210673
154.45569,-80.75863,6.930523,7.320034
155.44052,-80.586,6.926924,7.3190346
156.4254,-80.41363,6.9233255,7.3180346
157.41034,-80.241516,6.919727,7.317035
158.39531,-80.06968,6.916128,7.3160357
159.38034,-79.89811,6.926219,7.320242
160.3654,-79.72682,6.9368153,7.3246403
161.35052,-79.555824,6.947411,7.3290386
162.3357,-79.38512,6.9580073,7.333437
163.32092,-79.21471,6.968603,7.3378353
164.3062,-79.04459,6.9791994,7.342041
165.29152,-78.874794,6.989795,7.3462396
166.27692,-78.705315,7.000391,7.350438
167.26234,-78.536156,7.0109873,7.354636
168.24785,-78.36732,7.021583,7.3588347
169.2334,-78.198814,7.032371,7.3632255
170.21901,-78.03065,7.043167,7.367624
171.20467,-77.86283,7.0539627,7.3720217
172.1904,-77.69536,7.064759,7.37642
173.1762,-77.52825,7.0755544,7.3808184
174.16203,-77.361496,7.0861583,7.385025
175.14795,-77.195114,7.096754,7.3892236
176.13393,-77.0291,7.10735,7.3934216
177.11996,-76.86347,7.1179457,7.39762
178.10606,-76.69823,7.1285415,7.4018183
179.09224,-76.53337,7.1391373,7.406208
180.07846,-76.36891,7.1497326,7.410606
181.06477,-76.20486,7.1603284,7.4150043
182.05113,-76.04121,7.1709237,7.4194026
183.03758,-75.877975,7.1815195,7.4238005
184.02408,-75.715164,7.192115,7.4280076
185.01067,-75.55278,7.20271,7.4322057
185.99731,-75.39082,7.2133055,7.436404
186.98402,-75.22931,7.223901,7.4406023
187.97083,-75.06823,7.234496,7.4448004
188.95769,-74.90761,7.245281,7.4491887
189.94463,-74.74744,7.2560763,7.4535866
190.93164,-74.58773,7.2668715,7.4579844
191.91873,-74.42849,7.277666,7.4623823
192.9059,-74.26972,7.288461,7.46678
193.89314,-74.111435,7.2990656,7.4709883
194.88046,-73.953636,7.30966,7.475186
195.86787,-73.79632,7.320255,7.479384
196.85535,-73.6395,7.330849,7.4835815
197.8429,-73.483185,7.3414435,7.4877796
198.83054,-73.32737,7.352038,7.4921665
199.81825,-73.17207,7.362632,7.4965644
200.80606,-73.017296,7.3732257,7.500962
201.79395,-72.86305,7.38382,7.505359
202.7819,-72.70934,7.394414,7.5097566
203.76996,-72.556175,7.4050074,7.513965
204.7581,-72.40356,7.415601,7.5181627
205.7463,-72.25148,7.426194,7.52236
206.73462,-72.09993,7.4367876,7.5265574
207.72299,-71.94892,7.447381,7.5307546
208.71146,-71.79843,7.457974,7.53514
209.7,-71.64841,7.4685664,7.539537
210.68858,-71.49878,7.4791594,7.543934
211.67723,-71.34948,7.4897523,7.5483313
212.66591,-71.20044,7.500345,7.552728
213.65462,-71.0516,7.511125,7.5569377
214.64336,-70.90288,7.521918,7.561135
215.6321,-70.754234,7.53271,7.565332
216.62083,-70.60559,7.543503,7.569529
217.60957,-70.456894,7.554295,7.5737257
218.59828,-70.30808,7.5649014,7.5781097
219.58698,-70.159096,7.5754943,7.582507
220.57564,-70.009865,7.586087,7.586904
221.56424,-69.86033,7.5966806,7.5913014
222.5528,-69.71043,7.6072736,7.5956984
223.54128,-69.56009,7.6178675,7.59991
224.52968,-69.409256,7.6284614,7.6041074
225.518,-69.257866,7.6390553,7.608305
226.50624,-69.10586,7.649649,7.6125026
227.49437,-68.95316,7.660243,7.6167
228.48238,-68.79973,7.6708384,7.6210837
229.47026,-68.645485,7.6814337,7.625482
230.45801,-68.490364,7.692029,7.62988
231.4456,-68.33431,7.7026243,7.634278
232.43304,-68.17726,7.7132196,7.638676
233.42032,-68.01916,7.7240014,7.6428895
234.40741,-67.85993,7.7347984,7.647088
235.39432,-67.69952,7.745595,7.651287
236.38101,-67.53785,7.756392,7.6554856
237.3675,-67.37487,7.7671885,7.6596847
238.35374,-67.21051,7.7778015,7.6640687
239.33975,-67.04472,7.7884,7.668468
240.3255,-66.87743,7.7989984,7.6728673
241.311,-66.70859,7.8095965,7.6772666
242.29622,-66.53813,7.8201947,7.681666
243.28114,-66.366005,7.8221087,7.675717
244.26576,-66.19212,7.8233085,7.668917
245.25005,-66.016426,7.8245087,7.662118
246.23401,-65.83883,7.8257084,7.6553183
247.2176,-65.65926,7.8269086,7.6485186
248.20082,-65.47765,7.8273697,7.640795
249.18365,-65.29399,7.8277693,7.6329956
250.1661,-65.10826,7.8281693,7.625196
251.14816,-64.92047,7.8285694,7.6173964
252.12982,-64.7306,7.8289695,7.6095967
253.11108,-64.538666,7.8293695,7.6017976
254.09195,-64.34475,7.829769,7.5939984
255.07245,-64.14898,7.830169,7.5861998
256.0526,-63.951454,7.8305693,7.5784006
257.0324,-63.752296,7.8309693,7.5706015
258.01193,-63.551613,7.831369,7.5628037
258.99112,-63.3495,7.831769,7.5550065
259.97006,-63.146046,7.8321686,7.547209
260.94873,-62.941345,7.8325686,7.539411
261.9272,-62.73549,7.8329687,7.5316133
262.9054,-62.528572,7.8333683,7.523817
263.8834,-62.320683,7.8337684,7.516021
264.8612,-62.111923,7.834168,7.508225
265.83884,-61.902386,7.8345675,7.5004287
266.81635,-61.69217,7.8349676,7.4926324
267.79373,-61.481373,7.835367,7.4848375
268.771,-61.27009,7.8357673,7.4770427
269.7482,-61.05841,7.836167,7.469248
270.7253,-60.846436,7.8365664,7.461453
271.7024,-60.634254,7.836966,7.453658
272.67944,-60.421967,7.837366,7.445681
273.6565,-60.209667,7.8377657,7.437688
274.63358,-59.997448,7.8381653,7.429694
275.6107,-59.785404,7.838565,7.4217005
276.58786,-59.57363,7.8389645,7.413707
277.5651,-59.362225,7.8393645,7.4058957
278.54245,-59.15128,7.839764,7.3981028
279.51993,-58.94089,7.8401637,7.39031
280.49753,-58.73116,7.8405633,7.3825164
281.47528,-58.522167,7.840963,7.3747234
282.45325,-58.314022,7.8411813,7.3669305
283.4314,-58.106815,7.841381,7.359138
284.40976,-57.900635,7.841581,7.3513455
285.38834,-57.695583,7.8417807,7.3435526
286.36722,-57.49175,7.8419805,7.33576
287.34634,-57.28923,7.8423605,7.3279676
288.32574,-57.088127,7.84276,7.3201756
289.30548,-56.88853,7.8431597,7.312383
290.28552,-56.69055,7.8435593,7.304591
291.26593,-56.49428,7.843959,7.2967987
292.24667,-56.299786,7.8443584,7.289007
293.22775,-56.10695,7.844758,7.2812157
294.20914,-55.915577,7.8451576,7.273424
295.19077,-55.725483,7.845557,7.2656326
296.17258,-55.536488,7.845957,7.257841
297.15457,-55.348396,7.8463564,7.25005
298.13672,-55.161026,7.846756,7.2422585
299.11896,-54.97419,7.8471556,7.2344675
300.10126,-54.78771,7.847555,7.226676
301.08362,-54.601387,7.8479548,7.218885
302.06595,-54.415047,7.8483543,7.211093
303.04825,-54.228477,7.848754,7.203301
304.03046,-54.04147,7.8491535,7.195509
305.01254,-53.85382,7.849553,7.1877165
305.99445,-53.665318,7.8499527,7.1799245
306.97617,-53.475765,7.8503523,7.172131
307.95767,-53.285023,7.850752,7.164337
308.9389,-53.092968,7.8511515,7.1565437
309.91986,-52.899494,7.8515515,7.14875
310.9005,-52.704475,7.851951,7.140956
311.8808,-52.507748,7.8523507,7.1331596
312.86066,-52.308823,7.852751,7.1253624
313.83997,-52.107113,7.8531504,7.1175656
314.81854,-51.902023,7.8535504,7.109769
315.7963,-51.69297,7.85395,7.101972
316.77307,-51.479317,7.8543506,7.09416
317.74863,-51.260204,7.8547516,7.086346
318.7227,-51.034695,7.855152,7.078532
319.69507,-50.801838,7.855553,7.070718
320.6654,-50.560707,7.8559537,7.062904
321.6334,-50.310383,7.8563557,7.055062
322.59875,-50.049988,7.856758,7.047216
323.56107,-49.77867,7.8571606,7.0393705
324.52002,-49.495594,7.857563,7.0315247
325.47513,-49.199917,7.857965,7.0236793
326.426,-48.890812,7.843076,7.0357127
327.3721,-48.56743,7.826738,7.0496306
328.3129,-48.22891,7.8103995,7.0635486
329.24777,-47.874413,7.7940607,7.0774665
330.17612,-47.50312,7.777723,7.091384
331.09726,-47.11429,7.7608624,7.1060243
332.01056,-46.707424,7.743978,7.1206975
332.91544,-46.282116,7.7270937,7.1353707
333.81122,-45.83797,7.710209,7.1500444
334.69717,-45.3746,7.6933236,7.164719
335.57272,-44.891777,7.670151,7.1808186
336.43744,-44.38985,7.6468573,7.196945
337.29108,-43.8693,7.6235642,7.213071
338.13336,-43.330605,7.6002717,7.2291965
338.9641,-42.77423,7.5769796,7.2453218
339.78302,-42.200603,7.546966,7.2634583
340.58978,-41.610023,7.5166564,7.281684
341.3841,-41.002747,7.4863462,7.2999096
342.16553,-40.37904,7.456036,7.3181353
342.93378,-39.739162,7.425726,7.336361
343.6885,-39.083374,7.4080124,7.3390837
344.4293,-38.411865,7.3915434,7.340274
345.15567,-37.72482,7.3750744,7.3414645
345.86725,-37.022427,7.3586054,7.342655
346.5635,-36.30488,7.342136,7.3438454
347.24402,-35.57238,7.3899536,7.2665462
347.9084,-34.825176,7.4473505,7.1775503
348.5561,-34.063522,7.504747,7.0885563
349.18677,-33.287674,7.5621414,6.9995646
349.7999,-32.49791,7.6195326,6.9105783
350.3949,-31.694403,7.6663065,6.836074
350.9703,-30.876736,7.7114935,6.7637343
351.52417,-30.044348,7.756682,6.6913924
352.05457,-29.196804,7.801866,6.6190577
352.55942,-28.333815,7.8470325,6.5467505
353.0365,-27.45518,7.7930694,6.6106234
353.48288,-26.560555,7.732144,6.6840625
353.89517,-25.649723,7.671201,6.757522
354.26978,-24.722778,7.6102357,6.831009
354.60303,-23.780184,7.5495133,6.903686
354.89197,-22.823086,7.492597,6.963855
355.13675,-21.853739,7.435708,7.0239944
355.338,-20.874426,7.378832,7.0841203
355.49643,-19.887274,7.321946,7.1442566
355.61264,-18.894264,7.2702994,7.187155
355.68826,-17.897343,7.2510185,7.1239996
355.72797,-16.898325,7.2317357,7.060838
355.73694,-15.898542,7.21246,6.9977016
355.7205,-14.898845,7.193192,6.9345875
355.6838,-13.899674,7.1746273,6.8726993
355.6313,-12.901212,7.1679635,6.8315387
355.5645,-11.9036,7.1612964,6.79036
355.4845,-10.906961,7.154628,6.7491717
355.39227,-9.911377,7.1479588,6.707982
355.28888,-8.91689,7.1412907,6.666796
355.17484,-7.9235687,7.152529,6.656738
355.0482,-6.931776,7.164583,6.648099
354.90637,-5.942042,7.1766376,6.6394596
354.74683,-4.9550176,7.188692,6.6308208
354.567,-3.9714918,7.200744,6.6221833
354.3645,-2.9923773,7.2131386,6.6134434
354.13773,-2.0186057,7.2255383,6.6047025
353.8852,-1.0512009,7.23794,6.5959606
353.6054,-0.09132488,7.2503443,6.5872164
353.29697,0.8597161,7.2617807,6.580109
352.9592,1.8007557,7.2581596,6.598415
352.5942,2.731574,7.2545395,6.616717
352.2045,3.6523283,7.2509203,6.6350145
351.79257,4.563351,7.2473016,6.653309
351.36072,5.4651265,7.2434072,6.67204
350.91122,6.3582187,7.2366514,6.6952877
350.44592,7.2431865,7.229894,6.7185407
349.9666,8.120657,7.223137,6.741794
349.47507,8.991342,7.2163796,6.7650466
348.97305,9.856022,7.2100444,6.7878127
348.46143,10.715049,7.2108426,6.8023796
347.9383,11.567113,7.211641,6.8169475
347.4012,12.41046,7.212439,6.831516
346.84787,13.2432165,7.2132373,6.8460827
346.27603,14.063369,7.215194,6.859305
345.6835,14.868699,7.242229,6.8435683
345.06787,15.656501,7.269259,6.827834
344.4268,16.423723,7.2962976,6.8120956
343.75812,17.167002,7.3233466,6.7963505
343.06,17.88267,7.348764,6.782231
342.33157,18.567476,7.3573813,6.7848363
341.57422,19.22014,7.3659945,6.7874403
340.7896,19.839804,7.374605,6.7900434
339.97943,20.425611,7.383215,6.7926464
339.14523,20.976704,7.388572,6.7985654
338.2887,21.492369,7.3632503,6.8357577
337.41174,21.972456,7.3379245,6.8729544
336.5162,22.416992,7.3125997,6.910151
335.60394,22.826067,7.2872753,6.9473457
334.6766,23.199806,7.263408,6.9824085
333.73587,23.53836,7.27326,6.9681334
332.78326,23.841902,7.2831125,6.9538574
331.82028,24.110638,7.292966,6.93958
330.84827,24.344784,7.30282,6.925301
329.86862,24.544569,7.3138156,6.909388
328.8827,24.710567,7.340265,6.871342
327.8919,24.844542,7.366714,6.833296
326.8975,24.948551,7.3931594,6.795255
325.90057,25.02468,7.4196024,6.757218
324.902,25.075012,7.440579,6.7319207
323.90256,25.101583,7.431294,6.7771335
322.9027,25.106348,7.422008,6.8223534
321.90298,25.091267,7.4127216,6.8675737
320.9037,25.05831,7.403435,6.9127946
319.90506,25.00944,7.3940496,6.958195
318.90717,24.946602,7.3842673,7.004311
317.91013,24.871733,7.374485,7.0504284
316.9139,24.786766,7.3647027,7.096545
315.9184,24.693628,7.3549204,7.142661
314.9235,24.594244,7.345147,7.188698
313.92905,24.490385,7.33541,7.234401
312.93494,24.38348,7.325673,7.280106
311.941,24.274914,7.3159356,7.325812
310.94708,24.166063,7.3061986,7.3715177
309.95306,24.058313,7.297465,7.4109445
308.9588,23.952621,7.2940793,7.4169183
307.96436,23.848906,7.290694,7.4228926
306.96973,23.746912,7.2873087,7.428867
305.9749,23.646393,7.2839236,7.434841
304.98,23.547098,7.2807007,7.439728
303.98502,23.44883,7.2785053,7.437732
302.9899,23.351526,7.27631,7.435736
301.9947,23.255148,7.2741146,7.4337406
300.99942,23.159658,7.2719193,7.431745
300.00406,23.065018,7.269724,7.429749
299.0086,22.971172,7.267525,7.4277506
298.01312,22.878027,7.265327,7.425752
297.01755,22.78548,7.2631288,7.4237537
296.02194,22.693432,7.2609305,7.421755
295.0263,22.601778,7.2587323,7.4197564
294.03064,22.510424,7.2565327,7.417757
293.03494,22.4193,7.254333,7.415757
292.03925,22.328342,7.2521334,7.413758
291.04352,22.237482,7.2499337,7.411758
290.0478,22.146652,7.2477584,7.4097586
289.0521,22.055805,7.245759,7.4077587
288.05637,21.964941,7.243759,7.4057593
287.06067,21.874065,7.2417593,7.4037595
286.06494,21.783184,7.23976,7.4017596
285.0692,21.692308,7.237736,7.3997602
284.07352,21.601442,7.2355366,7.3977604
283.0778,21.510582,7.233337,7.395761
282.0821,21.419731,7.2311373,7.393761
281.08636,21.328884,7.2289376,7.391762
280.09064,21.238039,7.226738,7.389762
279.09494,21.147196,7.224539,7.3877625
278.0992,21.056356,7.222339,7.3857627
277.1035,20.965519,7.2201395,7.3837633
276.1078,20.874685,7.21794,7.3817635
275.11206,20.783857,7.21574,7.379764
274.11633,20.693033,7.213541,7.377764
273.1206,20.602213,7.2113414,7.375765
272.1249,20.5114,7.2091417,7.3737655
271.12918,20.420591,7.206942,7.3717656
270.13345,20.329788,7.2047663,7.369766
269.13773,20.23899,7.2027664,7.367767
268.14203,20.148197,7.200767,7.365767
267.1463,20.057411,7.1987677,7.3637676
266.15057,19.96663,7.196768,7.3617682
265.15485,19.875856,7.1947455,7.3597684
264.15912,19.785088,7.192546,7.357769
263.1634,19.694326,7.1903462,7.3557696
262.16766,19.60357,7.188147,7.35377
261.17194,19.512823,7.1859474,7.3517704
260.1762,19.422083,7.1837482,7.349771
259.18048,19.331348,7.1815486,7.3477716
258.18475,19.240623,7.1793494,7.3457723
257.18903,19.149904,7.17715,7.3437724
256.1933,19.059195,7.1749506,7.341773
255.19757,18.968493,7.172751,7.3397737
254.20184,18.877798,7.170552,7.3377743
253.20612,18.787113,7.168352,7.335775
252.21039,18.696436,7.166153,7.3337755
251.21465,18.605768,7.1639533,7.331776
250.21892,18.51511,7.1617765,7.3297763
249.22318,18.42446,7.159777,7.327777
248.22745,18.333818,7.157778,7.3257775
247.2317,18.243187,7.1557784,7.323778
246.23598,18.152565,7.153779,7.321779
245.24023,18.061954,7.1517572,7.3197794
244.24449,17.971354,7.149558,7.31778
243.24875,17.880762,7.147359,7.3157806
242.253,17.790182,7.1451592,7.3137813
241.25728,17.699614,7.14296,7.311782
240.26154,17.609055,7.140761,7.3097825
239.26578,17.518507,7.1385612,7.307783
238.27003,17.427969,7.136362,7.3057837
237.27429,17.337444,7.134163,7.3037844
236.27855,17.246931,7.1319637,7.301785
235.28279,17.15643,7.1297646,7.2997856
234.28705,17.065939,7.127565,7.297786
233.2913,16.975462,7.1253657,7.295787
232.29555,16.884996,7.1231666,7.293788
231.29979,16.794544,7.1209674,7.2917886
230.30405,16.704103,7.118789,7.289789
229.30829,16.613676,7.11679,7.28779
228.31253,16.523262,7.1147904,7.2857904
227.31677,16.432861,7.112791,7.283791
226.32101,16.342474,7.1107917,7.2817917
225.32526,16.252102,7.108772,7.279793
224.3295,16.161741,7.1065726,7.2777934
223.33372,16.071396,7.1043735,7.275794
222.33797,15.981065,7.1021743,7.2737947
221.3422,15.890748,7.099975,7.2717953
220.34644,15.800446,7.097776,7.2697964
219.35066,15.710158,7.095577,7.267797
218.3549,15.619885,7.0933776,7.2657976
217.35913,15.529628,7.0911784,7.263798
216.36336,15.439385,7.0889792,7.2617993
215.36758,15.349158,7.08678,7.2598
214.37181,15.258947,7.084581,7.2578006
213.37604,15.168753,7.0823817,7.255801
212.38025,15.078574,7.0801826,7.2538023
211.38448,14.988412,7.0779834,7.251803
210.38869,14.898266,7.075784,7.2498035
209.39291,14.808136,7.073585,7.2478046
208.39713,14.718023,7.071386,7.2458053
207.40134,14.627928,7.0691867,7.243806
206.40556,14.537849,7.0669875,7.241807
205.40977,14.447788,7.0648074,7.2398076
204.41399,14.357745,7.0628085,7.237808
203.41818,14.267719,7.060809,7.2358093
202.4224,14.1777115,7.05881,7.23381
201.4266,14.087722,7.056811,7.231811
200.4308,13.99775,7.054793,7.2298117
199.43501,13.907798,7.0525937,7.2278123
198.43921,13.817863,7.0503945,7.2258134
197.4434,13.727948,7.0481954,7.223814
196.4476,13.638052,7.045996,7.221815
195.4518,13.548176,7.0437975,7.2198157
194.456,13.458318,7.0415983,7.2178164
193.46019,13.368481,7.039399,7.2158175
192.46437,13.278663,7.0372,7.213818
191.46857,13.188865,7.035001,7.211819
190.47275,13.099087,7.032802,7.20982
189.47693,13.009329,7.030603,7.207821
188.48111,12.919592,7.0284038,7.2058215
187.48529,12.829876,7.0262046,7.2038226
186.48947,12.740181,7.024006,7.201823
185.49365,12.650507,7.0218244,7.1998243
184.49782,12.560854,7.019825,7.197825
183.502,12.471223,7.017826,7.195826
182.50616,12.381614,7.0158267,7.1938267
181.51035,12.2920265,7.013828,7.191828
180.51451,12.202461,7.0118113,7.1898284
179.51868,12.112918,7.0096126,7.1878295
178.52283,12.0233965,7.0074134,7.18583
177.527,11.933898,7.005214,7.183831
176.53116,11.844423,7.003015,7.181832
175.53531,11.754971,7.0008163,7.179833
174.53946,11.665542,6.998617,7.177834
173.54362,11.576136,6.996418,7.1758347
172.54778,11.486753,6.9942193,7.1738358
171.55191,11.397395,6.99202,7.1718364
170.55606,11.30806,6.989821,7.1698375
169.56021,11.218749,6.9876223,7.167838
168.56435,11.129463,6.985423,7.165839
167.5685,11.040201,6.983224,7.1638403
166.57263,10.950964,6.981025,7.161841
165.57677,10.861752,6.978842,7.159842
164.5809,10.772565,6.976843,7.1578426
163.58502,10.683403,6.974844,7.1558437
162.58916,10.594267,6.9728446,7.153845
161.59328,10.505156,6.9708457,7.1518455
160.59741,10.416071,6.968831,7.1498313
159.60153,10.327012,6.9666324,7.147632
158.60565,10.237979,6.964433,7.145433
157.60977,10.1489725,6.962234,7.1432343
156.61388,10.059992,6.9600353,7.141035
155.618,9.971039,6.957836,7.138851
154.6221,9.8821125,6.9556375,7.1368523
153.6262,9.793213,6.9534383,7.134853
152.63031,9.704341,6.951239,7.132854
151.63441,9.615496,6.9490404,7.1308546
150.63852,9.526679,6.9468412,7.1288557
149.64261,9.43789,6.9446425,7.126857
148.64671,9.349129,6.9424434,7.1248574
147.6508,9.260396,6.9402447,7.1228585
146.65489,9.171692,6.9380455,7.1208596
145.65898,9.083015,6.9358463,7.1188602
144.66307,8.994369,6.9336476,7.1168613
143.66714,8.905751,6.9314485,7.1148624
142.67122,8.8171625,6.92925,7.1128635
141.67531,8.728602,6.9270506,7.110864
140.67938,8.640073,6.9248652,7.1088653
139.68346,8.551572,6.9228663,7.1068664
138.68752,8.463101,6.920867,7.104867
137.69159,8.3746605,6.918868,7.102868
136.69565,8.286251,6.916869,7.100869
135.6997,8.197871,6.914857,7.09887
134.70377,8.109522,6.912658,7.096871
133.70782,8.021204,6.910459,7.094872
132.71188,7.9329166,6.9082603,7.0928726
131.71593,7.844661,6.906061,7.0908737
130.71997,7.756437,6.903862,7.088875
129.72401,7.668244,6.9016633,7.086876
128.72806,7.580083,6.899464,7.0848765
127.7321,7.491954,6.8972654,7.0828776
126.73614,7.4038568,6.8950663,7.0808787
125.74017,7.315792,6.8928676,7.0788794
124.7442,7.2277594,6.8906684,7.0768805
123.74823,7.1397595,6.8884697,7.0748816
122.75225,7.051793,6.8862705,7.0728827
121.75627,6.963859,6.884072,7.0708833
120.76029,6.875959,6.882035,7.0689883
119.76431,6.7880926,6.8826346,7.0687885
118.76832,6.700259,6.883234,7.0685887
117.77233,6.61246,6.883834,7.068389
116.77634,6.5246944,6.8844337,7.0681887
115.78034,6.4369626,6.885122,7.068033
114.78434,6.3492646,6.887321,7.068633
113.78834,6.2616,6.8895197,7.0692325
112.792336,6.173969,6.891719,7.0698323
111.796326,6.086371,6.8939176,7.070432
110.800316,5.9988065,6.8961062,7.071032
109.804306,5.9112754,6.898105,7.0716314
108.80829,5.823777,6.900104,7.0722313
107.81227,5.736312,6.902103,7.072831
106.816246,5.6488795,6.9041023,7.0734305
105.82022,5.5614796,6.9061112,7.0740304
104.824196,5.474112,6.9083104,7.0746303
103.82816,5.386777,6.910509,7.0752296
102.83213,5.2994742,6.9127083,7.0758295
101.83609,5.2122035,6.914907,7.0764294
100.84005,5.1249647,6.9170966,7.077039
99.84401,5.0377584,6.9190955,7.0778384
98.84796,4.9505835,6.9210944,7.0786376
97.85191,4.8634405,6.9230933,7.0794373
96.855865,4.776329,6.9250927,7.080237
95.85981,4.689249,6.9271007,7.0810275
94.863754,4.6022005,6.9293,7.0816274
93.8677,4.5151825,6.9314985,7.0822268
92.871635,4.4281964,6.9336977,7.0828266
91.87557,4.341241,6.9358964,7.0834265
90.87951,4.2543163,6.938087,7.084026
89.88344,4.1674232,6.940086,7.0846257
88.88736,4.08056,6.942085,7.0852256
87.89129,3.9937284,6.9440837,7.085825
86.89521,3.9069266,6.946083,7.086425
85.89913,3.8201551,6.94809,7.087033
84.903046,3.7334137,6.9502892,7.0878325
83.90696,3.6467023,6.952488,7.088632
82.91087,3.5600207,6.954687,7.089432
81.91479,3.473369,6.956886,7.0902314
80.91869,3.3867471,6.959085,7.091023
79.92259,3.300155,6.9612837,7.091623
78.9265,3.2135925,6.963483,7.0922227
77.9304,3.1270597,6.9656816,7.092822
76.93429,3.040556,6.9678807,7.093422
75.93819,2.9540813,6.9700723,7.094022
74.94208,2.8676357,6.972071,7.094621
73.94597,2.7812188,6.9740705,7.095221
72.94985,2.694831,6.9760695,7.095821
71.953735,2.6084714,6.9780684,7.096421
70.95762,2.5221407,6.9800744,7.09702
69.961494,2.4358382,6.982273,7.09762
68.96537,2.3495643,6.9844723,7.09822
67.969246,2.2633185,6.986671,7.0988193
66.97312,2.177101,6.98887,7.099419
65.97699,2.0909114,6.9910626,7.100025
64.98086,2.0047495,6.9930615,7.100825
63.98472,1.9186157,6.995061,7.1016245
62.988583,1.8325094,6.99706,7.102424
61.992443,1.7464306,6.9990587,7.1032233
60.9963,1.6603792,7.001064,7.1040173
60.000153,1.5743551,7.0032625,7.104617
59.004005,1.4883581,7.0054617,7.105217
58.00786,1.4023883,7.0076604,7.1058164
57.011703,1.3164455,7.0098596,7.106416
56.01555,1.2305294,7.012053,7.107016
55.019394,1.1446402,7.014052,7.1076155
54.023235,1.0587776,7.0160513,7.1082153
53.027073,0.9729414,7.01805,7.108815
52.03091,0.8871316,7.020049,7.1094146
51.034744,0.8013479,7.0220532,7.110019
50.038578,0.7155903,7.024252,7.110819
49.042404,0.6298587,7.026451,7.1116185
48.046234,0.5441529,7.02865,7.112418
47.05006,0.45847297,7.030849,7.113218
46.053883,0.3728188,7.0330434,7.114013
45.0577,0.2871903,7.0350423,7.1146126
44.06152,0.20158729,7.0370417,7.1152124
43.06534,0.11600967,7.0390406,7.1158123
42.069153,0.030457254,7.0410395,7.1164117
41.072964,-0.05507011,7.0430427,7.1170115
40.076775,-0.14057258,7.0452414,7.1176114
39.08058,-0.22605026,7.0474405,7.118211
38.08439,-0.31150326,7.049639,7.1188107
37.088192,-0.39693168,7.0518384,7.1194105
36.091995,-0.48233566,7.054037,7.12001
35.095795,-0.5677152,7.0562363,7.1206098
34.09959,-0.65307057,7.058435,7.1212096
33.103386,-0.7384017,7.060634,7.1218095
32.107178,-0.8237088,7.062833,7.122409
31.11097,-0.9089918,7.065029,7.1230116
30.11476,-0.99425095,7.067028,7.1238112
29.118547,-1.0794864,7.069027,7.124611
28.122332,-1.1646981,7.071026,7.1254106
27.126116,-1.2498865,7.073025,7.12621
26.129896,-1.3350517,7.0750265,7.127007
25.133675,-1.4201937,7.0772257,7.127607
24.137453,-1.5053127,7.0794244,7.1282067
23.141228,-1.5904087,7.0816236,7.1288066
22.145,-1.6754818,7.0838223,7.129406
21.148773,-1.760532,7.086019,7.130006
20.152542,-1.8455595,7.0880184,7.1306057
19.15631,-1.9305644,7.0900173,7.131205
18.160074,-2.0155468,7.092016,7.131805
17.16384,-2.100507,7.0940156,7.132405
16.1676,-2.185445,7.096016,7.133004
15.17136,-2.2703612,7.0982146,7.133604
14.175118,-2.3552556,7.100414,7.134204
13.178874,-2.440128,7.1026125,7.1348033
12.182629,-2.5249789,7.1048117,7.135403
11.186381,-2.6098077,7.1070094,7.136004
10.190132,-2.6946154,7.109009,7.1368036
9.193881,-2.7794013,7.1110077,7.1376033
8.197628,-2.864166,7.1130066,7.1384025
7.2013726,-2.9489095,7.115006,7.139202
6.2051163,-3.033632,7.1170053,7.1400013
5.208858,-3.118334,7.119204,7.140601
4.212598,-3.203015,7.121403,7.141201
3.216336,-3.2876756,7.123602,7.1418004
2.2200723,-3.3723154,7.125801,7.1424003
