# x_m,y_m,w_tr_right_m,w_tr_left_m
0.057223,-0.024722,6.915,6.766
-0.92120636,-0.23076105,6.913,6.751001
-1.8996321,-0.43681723,6.9110003,6.7360015
-2.8780534,-0.6428944,6.9090004,6.7210026
-3.8564696,-0.84899646,6.9070005,6.706003
-4.8348794,-1.0551274,6.9050007,6.6910043
-5.8132825,-1.261291,6.9028006,6.676205
-6.791678,-1.4674913,6.900601,6.661406
-7.770065,-1.6737322,6.898401,6.646607
-8.748443,-1.8800175,6.896201,6.631808
-9.7268095,-2.0863512,6.8940015,6.6170087
-10.705166,-2.2927372,6.892001,6.6022096
-11.68351,-2.4991796,6.8900013,6.5874104
-12.661841,-2.705682,6.8880014,6.5726113
-13.64016,-2.9122486,6.8860016,6.557812
-14.6184635,-3.118883,6.8840017,6.5430136
-15.596752,-3.3255892,6.8824015,6.5338087
-16.575026,-3.532371,6.8808017,6.5246096
-17.55328,-3.7392328,6.879202,6.51541
-18.531519,-3.946178,6.8776016,6.506211
-19.509739,-4.1532106,6.876002,6.497011
-20.487938,-4.360335,6.8758,6.498997
-21.466118,-4.567554,6.8756003,6.500997
-22.444279,-4.774873,6.8754,6.5029974
-23.422415,-4.9822946,6.8752003,6.5049973
-24.40053,-5.189823,6.8750005,6.506997
-25.37862,-5.397463,6.8748,6.508797
-26.356688,-5.6052175,6.8746004,6.510597
-27.334728,-5.8130903,6.8744,6.512397
-28.312744,-6.021086,6.8742003,6.514197
-29.290731,-6.229209,6.8740005,6.5159965
-30.268692,-6.437462,6.8738003,6.5179963
-31.246624,-6.645849,6.8736005,6.519996
-32.224525,-6.8543754,6.8734,6.521996
-33.2024,-7.063043,6.8732004,6.523996
-34.18024,-7.2718573,6.8730006,6.5259957
-35.158047,-7.480821,6.8728004,6.5279956
-36.135826,-7.6899385,6.8726006,6.5299954
-37.113567,-7.8992143,6.8724003,6.5319953
-38.091274,-8.108651,6.8722005,6.533995
-39.068947,-8.318254,6.8720007,6.5359955
-40.04658,-8.528027,6.8718004,6.5377955
-41.02418,-8.737966,6.8716006,6.5395956
-42.001747,-8.948071,6.8714004,6.5413957
-42.979275,-9.1583395,6.8712006,6.5431952
-43.956768,-9.368771,6.8710003,6.5449953
-44.93423,-9.579362,6.870601,6.5469947
-45.911655,-9.790111,6.870201,6.5489945
-46.889046,-10.001016,6.869801,6.550995
-47.866405,-10.212074,6.869401,6.5529947
-48.84373,-10.4232855,6.869001,6.5549946
-49.821026,-10.634647,6.8688006,6.556795
-50.798286,-10.846157,6.8686004,6.558595
-51.775517,-11.057814,6.8684006,6.560395
-52.752716,-11.269614,6.868201,6.562195
-53.72988,-11.481557,6.8680005,6.563995
-54.70702,-11.693641,6.8678007,6.5659943
-55.684124,-11.905862,6.8676004,6.567994
-56.6612,-12.11822,6.8674006,6.569994
-57.638252,-12.330713,6.8672004,6.571994
-58.61527,-12.543339,6.8670006,6.573994
-59.592262,-12.756095,6.866801,6.575994
-60.569225,-12.96898,6.8666005,6.577994
-61.546158,-13.181992,6.8664007,6.5799937
-62.523067,-13.395127,6.8662004,6.581994
-63.499947,-13.608387,6.8660007,6.583994
-64.4768,-13.821768,6.865801,6.5857944
-65.45363,-14.035268,6.8656006,6.5875945
-66.430435,-14.248884,6.865401,6.5893946
-67.40721,-14.462616,6.8652005,6.591194
-68.383965,-14.676461,6.8650007,6.592994
-69.360695,-14.890417,6.864601,6.5949936
-70.337395,-15.104482,6.864201,6.5969934
-71.31408,-15.318654,6.8638015,6.598994
-72.29074,-15.532932,6.8634014,6.6009936
-73.26737,-15.7473135,6.8630013,6.6029935
-74.24399,-15.961797,6.8628006,6.604794
-75.22057,-16.176378,6.862601,6.606594
-76.19714,-16.39106,6.8624005,6.608394
-77.1737,-16.605835,6.8622007,6.610194
-78.15022,-16.820704,6.8620005,6.6119943
-79.12673,-17.035666,6.8618007,6.6139936
-80.10322,-17.250717,6.861601,6.6159935
-81.07969,-17.465855,6.8614006,6.6179934
-82.05614,-17.68108,6.861201,6.619993
-83.03257,-17.896389,6.8610005,6.6219935
-84.00898,-18.11178,6.8608007,6.623794
-84.98538,-18.327251,6.8606005,6.625594
-85.961754,-18.542799,6.8604007,6.627394
-86.93812,-18.758425,6.860201,6.629194
-87.91447,-18.974123,6.8600006,6.630994
-88.89079,-19.189896,6.859801,6.632993
-89.8671,-19.405737,6.8596005,6.634993
-90.84341,-19.621647,6.8594007,6.6369934
-91.81969,-19.837624,6.8592005,6.6389933
-92.79596,-20.053665,6.8590007,6.640993
-93.77222,-20.26977,6.8586016,6.6429935
-94.74846,-20.485933,6.8582015,6.6449933
-95.724686,-20.702156,6.8578014,6.646993
-96.700905,-20.918436,6.8574014,6.648993
-97.67711,-21.134771,6.8570013,6.6509933
-98.6533,-21.351158,6.8568006,6.652794
-99.629486,-21.567596,6.8566008,6.654594
-100.60565,-21.784084,6.8564005,6.656394
-101.58181,-22.000618,6.8562007,6.658194
-102.55796,-22.217197,6.856001,6.6599936
-103.5341,-22.43382,6.8558006,6.661993
-104.51024,-22.650484,6.855601,6.6639934
-105.48636,-22.867186,6.8554006,6.665993
-106.46247,-23.083925,6.855201,6.667993
-107.43858,-23.300701,6.8550005,6.669993
-108.41468,-23.51751,6.8548007,6.671794
-109.39077,-23.73435,6.854601,6.673594
-110.36686,-23.95122,6.8544006,6.675394
-111.34294,-24.168118,6.854201,6.6771936
-112.319016,-24.38504,6.8540006,6.6789937
-113.29508,-24.601986,6.853801,6.680993
-114.27115,-24.818954,6.8536005,6.682993
-115.24721,-25.035944,6.8534007,6.6849933
-116.22326,-25.252949,6.853201,6.686993
-117.19931,-25.46997,6.8530006,6.688993
-118.17536,-25.687006,6.8526015,6.690794
-119.151405,-25.904055,6.8522015,6.6925936
-120.12745,-26.121113,6.8518014,6.6943936
-121.10349,-26.338179,6.8514013,6.6961937
-122.07954,-26.55525,6.8510013,6.6979938
-123.05557,-26.772326,6.8508005,6.699993
-124.03162,-26.989405,6.8506007,6.701993
-125.00765,-27.206484,6.850401,6.7039933
-125.983696,-27.423561,6.8502007,6.705993
-126.95973,-27.640635,6.850001,6.707993
-127.935776,-27.857704,6.8498006,6.709993
-128.91182,-28.074764,6.849601,6.711993
-129.88786,-28.291817,6.8494005,6.713993
-130.8639,-28.508856,6.8492007,6.715993
-131.83997,-28.725883,6.8490005,6.7179933
-132.81602,-28.942894,6.8488007,6.719794
-133.79207,-29.15989,6.848601,6.721594
-134.76814,-29.376863,6.8484006,6.723394
-135.7442,-29.593819,6.848201,6.725194
-136.72028,-29.81075,6.8480005,6.726994
-137.69635,-30.027657,6.8478007,6.728993
-138.67244,-30.244535,6.8476005,6.7309933
-139.64853,-30.461388,6.8474007,6.732993
-140.62462,-30.678207,6.847201,6.734993
-141.60072,-30.894995,6.8470006,6.7369933
-142.57684,-31.111748,6.846801,6.738794
-143.55296,-31.328463,6.8466005,6.740594
-144.52908,-31.545141,6.8464007,6.742394
-145.50523,-31.761778,6.8462005,6.744194
-146.48137,-31.978373,6.8460007,6.7459936
-147.45753,-32.194923,6.8456016,6.747993
-148.4337,-32.411427,6.8452015,6.7499933
-149.40988,-32.627884,6.8448014,6.751993
-150.38606,-32.844288,6.8444014,6.753993
-151.36226,-33.060642,6.8440013,6.7559934
-152.33849,-33.27694,6.8438005,6.757794
-153.3147,-33.493183,6.8436007,6.759594
-154.29094,-33.70937,6.8434005,6.761394
-155.2672,-33.92549,6.8432007,6.763194
-156.24345,-34.141556,6.843001,6.7649937
-157.21974,-34.357555,6.8428006,6.766993
-158.19603,-34.57349,6.842601,6.7689934
-159.17233,-34.789356,6.8424006,6.770993
-160.14867,-35.005154,6.8422008,6.772993
-161.125,-35.22088,6.8420005,6.7749934
-162.10135,-35.436527,6.8418007,6.7769933
-163.07773,-35.652103,6.841601,6.778993
-164.05412,-35.867603,6.8414006,6.780993
-165.03052,-36.08302,6.841201,6.7829933
-166.00694,-36.29836,6.8410006,6.784993
-166.9834,-36.513615,6.840801,6.7867937
-167.95985,-36.728783,6.8406005,6.788594
-168.93634,-36.943863,6.8404007,6.790394
-169.91284,-37.158855,6.840201,6.792194
-170.88936,-37.37376,6.8400006,6.793994
-171.8659,-37.588566,6.8396015,6.7959933
-172.84247,-37.80328,6.8392015,6.797993
-173.81905,-38.0179,6.8388014,6.799993
-174.79565,-38.232414,6.8384013,6.8019934
-175.77228,-38.446835,6.8380013,6.803993
-176.74893,-38.661148,6.8378005,6.805794
-177.7256,-38.87536,6.8376007,6.807594
-178.7023,-39.08946,6.837401,6.809394
-179.67902,-39.303455,6.8372006,6.811194
-180.65576,-39.517338,6.837001,6.812994
-181.63254,-39.73111,6.8344088,6.812203
-182.60933,-39.944767,6.831809,6.811403
-183.58615,-40.158306,6.829209,6.8106027
-184.56299,-40.37173,6.826609,6.8098025
-185.53987,-40.585033,6.824009,6.809003
-186.51677,-40.79821,6.8208113,6.8074055
-187.49368,-41.01127,6.817611,6.8058057
-188.47064,-41.224197,6.814411,6.8042054
-189.44762,-41.436996,6.811211,6.8026056
-190.42464,-41.64967,6.808011,6.8010054
-191.40167,-41.86221,6.804811,6.7994056
-192.37874,-42.074615,6.8016114,6.797806
-193.35583,-42.286884,6.7984114,6.7962055
-194.33296,-42.499016,6.7952113,6.7946057
-195.31012,-42.711006,6.7920113,6.7930055
-196.28731,-42.92286,6.788612,6.7914057
-197.26453,-43.134563,6.785212,6.789806
-198.24178,-43.346127,6.781812,6.7882056
-199.21906,-43.557537,6.7784123,6.786606
-200.19637,-43.768803,6.7750125,6.7850056
-201.17372,-43.979916,6.7718115,6.783406
-202.1511,-44.190872,6.768612,6.781806
-203.12851,-44.401676,6.765412,6.7802057
-204.10596,-44.612324,6.762212,6.778606
-205.08344,-44.82281,6.7590117,6.777006
-206.06096,-45.03314,6.755613,6.775406
-207.03851,-45.24331,6.752213,6.773806
-208.0161,-45.453327,6.748813,6.7722063
-208.9937,-45.663197,6.745413,6.770606
-209.97134,-45.872925,6.742013,6.7690063
-210.94902,-46.082516,6.7388124,6.767406
-211.92673,-46.291973,6.7356124,6.765806
-212.90446,-46.501305,6.732413,6.7642064
-213.88222,-46.71051,6.7292128,6.762606
-214.86,-46.919594,6.7260127,6.7610064
-215.8378,-47.128567,6.722813,6.7592072
-216.81564,-47.33743,6.719613,6.757407
-217.79349,-47.54619,6.716413,6.7556076
-218.77136,-47.754845,6.7132134,6.7538075
-219.74925,-47.96341,6.7100134,6.7520075
-220.72717,-48.17188,6.7066145,6.7504067
-221.70511,-48.380264,6.7032146,6.748807
-222.68306,-48.58857,6.699815,6.7472067
-223.66103,-48.7968,6.696415,6.745607
-224.639,-49.00495,6.693015,6.744007
-225.61699,-49.21304,6.689814,6.7424073
-226.595,-49.421066,6.6866145,6.740807
-227.57303,-49.629036,6.6834145,6.7392073
-228.55106,-49.836952,6.680215,6.7376075
-229.5291,-50.04482,6.677015,6.736007
-230.50716,-50.25264,6.673616,6.7344074
-231.48521,-50.460426,6.670216,6.7328076
-232.46329,-50.66818,6.666816,6.731208
-233.44136,-50.875896,6.6634164,6.7296076
-234.41943,-51.083595,6.6600165,6.728008
-235.39752,-51.29127,6.6568155,6.726408
-236.37561,-51.49893,6.653616,6.7248077
-237.3537,-51.70658,6.650416,6.723208
-238.33179,-51.914227,6.6472163,6.721608
-239.30988,-52.12187,6.6440163,6.7200084
-240.28796,-52.329517,6.640816,6.718408
-241.26605,-52.53717,6.6376166,6.7168083
-242.24414,-52.74484,6.6344166,6.7152085
-243.22221,-52.952526,6.631217,6.7136083
-244.20029,-53.160233,6.628017,6.7120085
-245.17836,-53.367966,6.624618,6.7104087
-246.15643,-53.575733,6.621218,6.7088084
-247.13448,-53.78354,6.6178184,6.7072086
-248.11253,-53.991383,6.6144185,6.705609
-249.09056,-54.199272,6.6110187,6.704009
-250.06859,-54.407215,6.6078176,6.702409
-251.04662,-54.61521,6.604618,6.700809
-252.02461,-54.82327,6.601418,6.699209
-253.0026,-55.03139,6.5982184,6.697609
-253.98058,-55.239582,6.5950184,6.696009
-254.95853,-55.447845,6.5916195,6.6942105
-255.93648,-55.656193,6.5882196,6.6924105
-256.9144,-55.86462,6.58482,6.6906104
-257.8923,-56.073135,6.58142,6.688811
-258.87018,-56.281746,6.57802,6.687011
-259.84805,-56.49045,6.574819,6.6854095
-260.8259,-56.699265,6.571619,6.6838098
-261.8037,-56.90818,6.5684195,6.6822095
-262.7815,-57.11721,6.5652194,6.6806097
-263.75928,-57.326355,6.5620193,6.67901
-264.73703,-57.53562,6.5588193,6.6774096
-265.71472,-57.745014,6.5556197,6.67581
-266.6924,-57.95454,6.5524197,6.67421
-267.67007,-58.1642,6.5492196,6.67261
-268.6477,-58.373997,6.54602,6.67101
-269.6253,-58.583942,6.542621,6.6694098
-270.60287,-58.794037,6.5392213,6.66781
-271.5804,-59.004284,6.5358214,6.66621
-272.55792,-59.21469,6.532421,6.66461
-273.53537,-59.425262,6.5290213,6.66301
-274.51282,-59.636,6.5258203,6.66141
-275.4902,-59.846912,6.52262,6.65981
-276.46756,-60.058002,6.51942,6.6582103
-277.44485,-60.269276,6.51622,6.65661
-278.42212,-60.48074,6.5130205,6.65501
-279.39935,-60.69239,6.5096216,6.65341
-280.37656,-60.90424,6.506222,6.65181
-281.3537,-61.11629,6.5028214,6.6502104
-282.33078,-61.32855,6.4994216,6.64861
-283.30786,-61.54101,6.4960217,6.6470103
-284.28485,-61.75369,6.4928203,6.64541
-285.2618,-61.966587,6.48962,6.6438103
-286.23874,-62.17971,6.48642,6.64221
-287.21558,-62.39307,6.48322,6.64061
-288.19238,-62.606674,6.4800205,6.63901
-289.16913,-62.820522,6.4768205,6.63741
-290.14584,-63.034595,6.4736204,6.63581
-291.1225,-63.248875,6.4704204,6.63421
-292.09912,-63.463337,6.4672203,6.63261
-293.0757,-63.67795,6.4640203,6.63101
-294.05225,-63.892704,6.4606214,6.6292114
-295.02878,-64.10756,6.4572215,6.6274114
-296.0053,-64.32249,6.453821,6.6256113
-296.9818,-64.53746,6.4504213,6.6238112
-297.9583,-64.75245,6.447021,6.622011
-298.9348,-64.96742,6.44382,6.62041
-299.91135,-65.18235,6.44062,6.6188097
-300.88788,-65.3972,6.43742,6.61721
-301.8644,-65.61195,6.4342194,6.6156096
-302.841,-65.82657,6.4310193,6.61401
-303.81763,-66.04103,6.4276204,6.6124096
-304.79428,-66.25531,6.4242206,6.61081
-305.771,-66.46937,6.42082,6.6092095
-306.74774,-66.683174,6.4174204,6.6076097
-307.72458,-66.89671,6.41402,6.6060095
-308.70145,-67.10995,6.410819,6.604409
-309.6784,-67.32285,6.4076185,6.6028094
-310.65546,-67.53539,6.4044185,6.601209
-311.63257,-67.74755,6.4012184,6.5996094
-312.60977,-67.95928,6.3980184,6.598009
-313.5871,-68.17057,6.3948183,6.5964093
-314.5645,-68.381386,6.3916183,6.594809
-315.54202,-68.59169,6.3884177,6.593209
-316.51965,-68.80146,6.3852177,6.591609
-317.4974,-69.010666,6.3820176,6.5900087
-318.4753,-69.219284,6.3786187,6.588409
-319.4533,-69.42728,6.3752184,6.5868087
-320.43146,-69.63462,6.3718185,6.5852084
-321.40976,-69.84129,6.368418,6.5836086
-322.3882,-70.04726,6.365018,6.5820084
-323.36682,-70.252495,6.361817,6.5804086
-324.34558,-70.45697,6.358617,6.5788083
-325.3245,-70.66064,6.355417,6.5772085
-326.3036,-70.86348,6.3522167,6.5756083
-327.28287,-71.065445,6.3490167,6.5740085
-328.26233,-71.2665,6.345618,6.5722094
-329.24197,-71.46666,6.342218,6.5704093
-330.2218,-71.66592,6.338818,6.5686097
-331.20184,-71.86426,6.335418,6.5668097
-332.18204,-72.06169,6.3320184,6.5650096
-333.1624,-72.258224,6.3288174,6.563409
-334.14297,-72.4539,6.325618,6.561809
-335.1237,-72.64878,6.322418,6.560209
-336.10455,-72.84292,6.319218,6.558609
-337.08554,-73.03636,6.3160186,6.557009
-338.06668,-73.22916,6.3239527,6.552626
-339.0479,-73.42137,6.3319516,6.548227
-340.02927,-73.61303,6.3399506,6.543827
-341.0107,-73.80418,6.3479495,6.5394278
-341.99225,-73.99487,6.3559484,6.5350285
-342.97385,-74.18514,6.365934,6.530232
-343.95554,-74.375046,6.375932,6.5254326
-344.9373,-74.56463,6.3859305,6.520633
-345.9191,-74.75393,6.3959293,6.515834
-346.90094,-74.943,6.4059277,6.511035
-347.88284,-75.13188,6.4157276,6.5062356
-348.86475,-75.32063,6.425526,6.501436
-349.84668,-75.50929,6.4353247,6.496637
-350.8286,-75.69791,6.445123,6.4918375
-351.81055,-75.88652,6.4549217,6.487038
-352.79248,-76.07518,6.464919,6.482239
-353.77438,-76.26394,6.4749184,6.4774394
-354.7563,-76.45283,6.484917,6.4726396
-355.73813,-76.64191,6.4949164,6.46784
-356.7199,-76.83122,6.504915,6.463041
-357.70166,-77.02081,6.5147166,6.458241
-358.68335,-77.210724,6.5245166,6.4534407
-359.66498,-77.40101,6.534316,6.448641
-360.6465,-77.59171,6.544116,6.443841
-361.62796,-77.78288,6.553916,6.439041
-362.60928,-77.974556,6.563717,6.434241
-363.59055,-78.16679,6.573518,6.4294405
-364.57166,-78.35962,6.5833187,6.4246397
-365.55264,-78.5531,6.5931196,6.4198394
-366.53348,-78.74728,6.6029205,6.415039
-367.5142,-78.94219,6.6129208,6.410238
-368.49475,-79.1379,6.622923,6.405437
-369.47513,-79.334435,6.6329255,6.4006357
-370.45532,-79.53185,6.6429276,6.395835
-371.43536,-79.730194,6.65293,6.3910336
-372.41516,-79.9295,6.6520066,6.3900065
-373.3948,-80.129745,6.651006,6.389006
-374.37424,-80.330925,6.650006,6.388006
-375.35352,-80.533,6.6490054,6.387006
-376.33258,-80.735954,6.6480055,6.3860054
-377.31146,-80.93976,6.647005,6.385204
-378.2902,-81.144394,6.6460047,6.3844037
-379.26874,-81.34984,6.645004,6.383603
-380.24713,-81.55607,6.6440034,6.382803
-381.22537,-81.763054,6.643003,6.3820024
-382.20343,-81.97077,6.6420026,6.381202
-383.18137,-82.17921,6.641002,6.380402
-384.15915,-82.38833,6.640002,6.3796015
-385.13678,-82.598114,6.6390014,6.3788013
-386.11426,-82.80854,6.638001,6.3780007
-387.09164,-83.019585,6.6370006,6.377001
-388.06888,-83.231224,6.636,6.3760004
-389.04596,-83.44343,6.6349998,6.375
-390.02298,-83.65618,6.6339993,6.3739996
-390.99985,-83.86946,6.632999,6.372999
-391.97662,-84.08324,6.631999,6.372199
-392.95328,-84.297485,6.6309986,6.371399
-393.92984,-84.51219,6.629998,6.3705983
-394.9063,-84.727325,6.628998,6.369798
-395.8827,-84.94286,6.627997,6.3689976
-396.85898,-85.15878,6.6267967,6.3679976
-397.8352,-85.37506,6.6255965,6.3669972
-398.81134,-85.59167,6.6243963,6.3659973
-399.7874,-85.80859,6.623196,6.364997
-400.76343,-86.025795,6.621997,6.3639975
-401.73938,-86.24327,6.620997,6.3631973
-402.71527,-86.46098,6.619997,6.3623977
-403.69113,-86.67892,6.6189966,6.3615975
-404.66693,-86.89703,6.6179967,6.3607974
-405.6427,-87.115326,6.616997,6.3599973
-406.61844,-87.33377,6.6159973,6.3591976
-407.59415,-87.55233,6.6149974,6.358398
-408.56982,-87.770996,6.6139975,6.357598
-409.5455,-87.98973,6.612998,6.356798
-410.52118,-88.20852,6.611998,6.355998
-411.49683,-88.42733,6.6109986,6.3549986
-412.47247,-88.64615,6.609999,6.353999
-413.44812,-88.86495,6.6089993,6.352999
-414.4238,-89.08372,6.608,6.3519998
-415.39944,-89.30243,6.6070004,6.3510003
-416.37515,-89.521065,6.606001,6.350201
-417.35086,-89.73962,6.605002,6.3494015
-418.3266,-89.95808,6.6040025,6.348602
-419.30234,-90.176445,6.6030035,6.3478026
-420.2781,-90.394714,6.602004,6.347003
-421.2539,-90.61288,6.6010046,6.346204
-422.22974,-90.83092,6.6000056,6.3454046
-423.2056,-91.04884,6.5990067,6.344605
-424.18146,-91.26663,6.598007,6.343806
-425.15738,-91.48429,6.597008,6.3430066
-426.13333,-91.7018,6.596009,6.342009
-427.1093,-91.91916,6.59501,6.3410096
-428.08533,-92.13635,6.5940104,6.3400106
-429.06137,-92.353386,6.5930114,6.339011
-430.03745,-92.570244,6.592012,6.338012
-431.01358,-92.78692,6.5910125,6.33721
-431.98975,-93.00341,6.590013,6.3364105
-432.96597,-93.219696,6.589014,6.335611
-433.94223,-93.43578,6.5880146,6.3348117
-434.91855,-93.651665,6.587015,6.334012
-435.8949,-93.86732,6.586015,6.3330154
-436.8713,-94.08275,6.585016,6.3320155
-437.84775,-94.29795,6.584016,6.331016
-438.82425,-94.51291,6.5830164,6.330016
-439.8008,-94.72762,6.5820165,6.3290167
-440.77744,-94.942085,6.5810165,6.328213
-441.75412,-95.15628,6.580016,6.327413
-442.73083,-95.3702,6.579016,6.326613
-443.70764,-95.58385,6.578016,6.325813
-444.6845,-95.79721,6.577016,6.3250127
-445.66144,-96.01027,6.576015,6.324212
-446.63843,-96.22304,6.575014,6.3234115
-447.61548,-96.43549,6.5740137,6.322611
-448.5926,-96.647644,6.573013,6.3218102
-449.5698,-96.85948,6.572012,6.3210096
-450.54706,-97.071,6.5710106,6.3200107
-451.52438,-97.28217,6.570009,6.319009
-452.5018,-97.493004,6.5690074,6.3180075
-453.47928,-97.70345,6.568006,6.317006
-454.45685,-97.913506,6.5670047,6.3160043
-455.4345,-98.12318,6.5660024,6.3152018
-456.41223,-98.33253,6.565,6.3144
-457.39,-98.54167,6.5639977,6.313598
-458.3678,-98.75071,6.5629954,6.312796
-459.34558,-98.95974,6.5619917,6.3119946
-460.32336,-99.16887,6.560789,6.3111925
-461.3011,-99.37822,6.559586,6.310391
-462.27875,-99.58794,6.5583835,6.309589
-463.2563,-99.79815,6.5571804,6.308787
-464.23367,-100.008995,6.5559816,6.3079815
-465.21094,-100.220604,6.5549803,6.30698
-466.188,-100.433075,6.553979,6.305979
-467.16483,-100.64651,6.5529776,6.3049774
-468.14142,-100.861015,6.551976,6.3039765
-469.1178,-101.07668,6.5509753,6.30298
-470.09384,-101.29363,6.549976,6.302181
-471.06958,-101.512054,6.548977,6.3013816
-472.04495,-101.732124,6.5479774,6.300582
-473.0199,-101.954056,6.5469785,6.2997828
-473.9944,-102.178024,6.5459795,6.2989836
-474.96838,-102.40417,6.5449834,6.298187
-475.9419,-102.63232,6.5439873,6.29739
-476.91498,-102.86225,6.5429916,6.296593
-477.8877,-103.09376,6.5419955,6.2957964
-478.86008,-103.32661,6.541,6.2949996
-479.83224,-103.56048,6.540006,6.294006
-480.80432,-103.79464,6.5390124,6.293012
-481.77655,-104.028244,6.5380187,6.2920184
-482.74908,-104.26045,6.537025,6.2910247
-483.72217,-104.490425,6.5360312,6.2900314
-484.69598,-104.71734,6.5381203,6.3052287
-485.67065,-104.94044,6.5403094,6.320951
-486.64636,-105.158966,6.542499,6.3366733
-487.62326,-105.37219,6.544688,6.352396
-488.60144,-105.57936,6.5468774,6.3681183
-489.58105,-105.779724,6.557188,6.42579
-490.56216,-105.972466,6.5679817,6.4859533
-491.54492,-106.15676,6.5787754,6.5461173
-492.5294,-106.331795,6.5895686,6.6062803
-493.51556,-106.49672,6.600362,6.6664414
-494.5035,-106.65071,6.600433,6.7081823
-495.49323,-106.79292,6.59983,6.748764
-496.48468,-106.92249,6.5992274,6.7893467
-497.4778,-107.038574,6.5986247,6.829931
-498.4725,-107.1403,6.598022,6.8705163
-499.4686,-107.226974,6.5706296,6.8640413
-500.4659,-107.2988,6.5422225,6.855781
-501.46414,-107.356186,6.513816,6.847521
-502.46307,-107.399536,6.48541,6.839261
-503.46252,-107.429276,6.457004,6.8310013
-504.46225,-107.44583,6.4286256,6.822749
-505.46213,-107.44963,6.4002466,6.814497
-506.46198,-107.44115,6.371867,6.806245
-507.46167,-107.42082,6.3434877,6.7979927
-508.46103,-107.389114,6.315451,6.789931
-509.46002,-107.34648,6.297994,6.7877235
-510.4585,-107.29334,6.2805367,6.7855163
-511.45636,-107.23014,6.263079,6.783309
-512.4536,-107.15731,6.2456217,6.7811017
-513.45013,-107.075264,6.2294693,6.777793
-514.44586,-106.98445,6.2392693,6.752594
-515.44086,-106.88537,6.2490687,6.7273946
-516.435,-106.77849,6.2588687,6.702195
-517.42834,-106.66433,6.268668,6.6769958
-518.4209,-106.543365,6.2804103,6.649951
-519.4126,-106.416016,6.3308935,6.586099
-520.40356,-106.28238,6.381377,6.5222464
-521.3936,-106.14252,6.431861,6.4583936
-522.38275,-105.99647,6.4823446,6.3945403
-523.371,-105.844284,6.531339,6.332227
-524.3583,-105.68596,6.5407114,6.310891
-525.3445,-105.52131,6.550083,6.289555
-526.32965,-105.3501,6.5594554,6.2682185
-527.31354,-105.172104,6.5688276,6.2468824
-528.29614,-104.98709,6.577584,6.2261868
-529.2774,-104.794846,6.5580316,6.2349653
-530.25714,-104.5952,6.53848,6.243744
-531.2353,-104.38799,6.5189276,6.252522
-532.21185,-104.17305,6.499376,6.2613006
-533.1866,-103.950226,6.4796925,6.2701097
-534.1594,-103.71935,6.445535,6.2822943
-535.1303,-103.480225,6.4113784,6.294479
-536.09906,-103.232635,6.377221,6.306664
-537.06555,-102.97639,6.3430634,6.3188486
-538.02966,-102.71127,6.3089404,6.330996
-538.9912,-102.437126,6.2873397,6.329596
-539.95013,-102.15386,6.265739,6.328196
-540.9063,-101.86145,6.2441382,6.326796
-541.8596,-101.55984,6.2225375,6.325396
-542.80994,-101.248985,6.2009854,6.323944
-543.7572,-100.92886,6.19598,6.3047237
-544.7013,-100.5995,6.190975,6.285504
-545.6421,-100.26097,6.18597,6.266284
-546.5796,-99.9133,6.1809645,6.247064
-547.5137,-99.55655,6.17576,6.2281785
-548.4443,-99.190765,6.1461067,6.250218
-549.3713,-98.81599,6.1164536,6.2722573
-550.29456,-98.43224,6.0868006,6.2942967
-551.2141,-98.03956,6.0571475,6.3163366
-552.1298,-97.63797,6.027467,6.3384204
-553.04156,-97.227516,5.9961944,6.363077
-553.9493,-96.80823,5.9649224,6.3877344
-554.8529,-96.38014,5.9336505,6.412391
-555.7523,-95.9433,5.902378,6.437048
-556.6474,-95.497734,5.872487,6.4604955
-557.5382,-95.0435,5.889531,6.44285
-558.4245,-94.58062,5.906575,6.4252043
-559.3062,-94.109146,5.9236193,6.407559
-560.18335,-93.629105,5.9406633,6.389913
-561.0557,-93.14054,5.9578075,6.3721094
-561.92334,-92.6435,5.977258,6.350653
-562.786,-92.138016,5.9967093,6.329197
-563.64374,-91.62414,6.0161605,6.3077407
-564.4964,-91.1019,6.035611,6.2862844
-565.34393,-90.57134,6.055007,6.263646
-566.1862,-90.03252,6.073451,6.2205434
-567.0232,-89.48546,6.091895,6.1774406
-567.85474,-88.930214,6.110339,6.1343384
-568.6808,-88.36684,6.1287827,6.0912356
-569.5013,-87.79537,6.1472263,6.048135
-570.3161,-87.21585,6.16566,6.005056
-571.1251,-86.628334,6.1840935,5.961977
-571.92834,-86.03285,6.2025275,5.918898
-572.72565,-85.42946,6.220961,5.875819
-573.51697,-84.81819,6.2325463,5.8417263
-574.3021,-84.199104,6.1604795,5.9173965
-575.0811,-83.57225,6.088413,5.9930663
-575.8538,-82.937706,6.0163465,6.068736
-576.62024,-82.29553,5.94428,6.144406
-577.38025,-81.6458,5.877599,6.2158785
-578.1338,-80.98854,5.8725996,6.2392745
-578.8806,-80.323685,5.8676004,6.2626705
-579.6205,-79.65114,5.8626013,6.2860665
-580.3533,-78.97083,5.857602,6.3094625
-581.0787,-78.282684,5.859277,6.3273454
-581.79645,-77.58661,5.938282,6.281342
-582.5064,-76.88251,6.017287,6.2353396
-583.2082,-76.170265,6.0962915,6.189337
-583.9015,-75.44978,6.175297,6.1433334
-584.586,-74.72097,6.2484155,6.101527
-585.2615,-73.983734,6.253623,6.1081367
-585.92755,-73.23802,6.2588305,6.1147466
-586.584,-72.48377,6.264038,6.121356
-587.23035,-71.720924,6.2692456,6.1279655
-587.86646,-70.94945,6.2677875,6.1393924
-588.4918,-70.169304,6.1963906,6.201363
-589.1062,-69.380424,6.1249948,6.2633333
-589.7091,-68.58278,6.0535984,6.3253036
-590.30023,-67.77632,5.982201,6.3872747
-590.879,-66.96103,5.9169693,6.44399
-591.44525,-66.136925,5.906743,6.4538155
-591.99866,-65.30415,5.896517,6.4636407
-592.53906,-64.462875,5.886291,6.4734654
-593.0662,-63.613262,5.876065,6.4832907
-593.58,-62.755478,5.8713193,6.4884534
-594.08026,-61.889744,5.909345,6.4572325
-594.56714,-61.0164,5.947371,6.426011
-595.0407,-60.135796,5.9853964,6.39479
-595.5012,-59.248272,6.0234213,6.3635697
-595.9488,-58.354156,6.0602703,6.333477
-596.3836,-57.45376,6.0882387,6.3119016
-596.8057,-56.54735,6.116207,6.290326
-597.2153,-55.63519,6.144176,6.26875
-597.6123,-54.717533,6.1721444,6.2471743
-597.997,-53.79463,6.1950216,6.230423
-598.3695,-52.866707,6.17725,6.252188
-598.72986,-51.934013,6.159478,6.273954
-599.0782,-50.996765,6.1417065,6.295719
-599.4146,-50.05519,6.1239347,6.317485
-599.7393,-49.109497,6.106511,6.3391094
-600.05237,-48.159893,6.0921082,6.3595133
-600.3539,-47.20655,6.0777054,6.3799176
-600.6439,-46.249653,6.063302,6.400322
-600.9225,-45.289364,6.048899,6.4207263
-601.1897,-44.32585,6.0379477,6.439775
-601.4457,-43.35928,6.056601,6.447196
-601.6903,-42.389793,6.075255,6.4546175
-601.92377,-41.417538,6.093909,6.462039
-602.14594,-40.442657,6.112562,6.4694605
-602.35693,-39.46529,6.131219,6.476859
-602.55676,-38.48558,6.149897,6.484089
-602.7455,-37.503666,6.168575,6.491319
-602.92316,-36.51969,6.187253,6.4985495
-603.0897,-35.533787,6.2059307,6.5057797
-603.2454,-34.546097,6.2218876,6.510429
-603.39014,-33.556744,6.2210846,6.4991813
-603.52405,-32.56587,6.220281,6.4879336
-603.64716,-31.57359,6.2194777,6.476686
-603.7595,-30.58004,6.218674,6.4654384
-603.8612,-29.58534,6.2174835,6.453837
-603.9523,-28.589613,6.2142725,6.4403915
-604.0328,-27.592978,6.2110615,6.4269457
-604.10284,-26.59555,6.207851,6.4135003
-604.1625,-25.597446,6.20464,6.400055
-604.2118,-24.598778,6.203817,6.387789
-604.2508,-23.599655,6.214036,6.3809757
-604.2796,-22.600187,6.2242556,6.374163
-604.2983,-21.600477,6.2344747,6.36735
-604.3069,-20.60063,6.2446938,6.3605375
-604.30554,-19.600746,6.255883,6.3542137
-604.29425,-18.600925,6.271283,6.3500137
-604.27313,-17.601265,6.286683,6.3458138
-604.2422,-16.601858,6.302083,6.341614
-604.2016,-15.602799,6.3174834,6.337414
-604.15137,-14.604177,6.330411,6.3348594
-604.09155,-13.606082,6.332607,6.3394504
-604.02234,-12.608599,6.334802,6.344041
-603.94366,-11.6118145,6.3369975,6.3486314
-603.85565,-10.615811,6.3391933,6.3532224
-603.75836,-9.62067,6.3382835,6.359893
-603.65186,-8.626471,6.322944,6.3762283
-603.53625,-7.633291,6.3076053,6.3925633
-603.4116,-6.641207,6.292266,6.4088984
-603.27795,-5.6502953,6.276927,6.4252334
-603.1354,-4.660628,6.2619042,6.441565
-602.9839,-3.6722846,6.248575,6.457878
-602.8234,-2.6853654,6.2352457,6.4741917
-602.65375,-1.699977,6.2219167,6.4905047
-602.47485,-0.71623,6.2085876,6.5068183
-602.2865,0.2657613,6.1973643,6.5231066
-602.0887,1.2458776,6.200151,6.5392294
-601.88116,2.2239933,6.2029376,6.555352
-601.6639,3.199978,6.2057242,6.5714746
-601.43665,4.1736965,6.208511,6.5875974
-601.19934,5.1450086,6.211298,6.6037025
-600.9518,6.113769,6.214091,6.6196604
-600.6939,7.0798235,6.216883,6.6356187
-600.42554,8.043013,6.219676,6.651577
-600.1465,9.003172,6.222469,6.667535
-599.8566,9.96013,6.224925,6.6799216
-599.5559,10.91371,6.2241244,6.657709
-599.2441,11.863725,6.2233243,6.635497
-598.921,12.809982,6.2225237,6.6132846
-598.5866,13.752284,6.2217236,6.591072
-598.24066,14.690423,6.2211933,6.568524
-597.8831,15.624187,6.2232013,6.5428214
-597.5138,16.553354,6.225209,6.5171194
-597.1325,17.477695,6.227217,6.491417
-596.73926,18.396975,6.229225,6.465715
-596.33374,19.31095,6.2358913,6.4392323
-595.91595,20.219366,6.277976,6.4068127
-595.4858,21.12197,6.3200607,6.3743935
-595.043,22.018497,6.362146,6.341974
-594.5877,22.908676,6.4042306,6.3095546
-594.1196,23.792229,6.441755,6.2795496
-593.63873,24.668867,6.453448,6.26322
-593.14496,25.538303,6.4651403,6.24689
-592.6382,26.400242,6.4768333,6.2305603
-592.11835,27.254377,6.4885263,6.21423
-591.58545,28.100399,6.480157,6.208718
-591.03937,28.937994,6.3861504,6.2493806
-590.48016,29.766869,6.2921443,6.2900424
-589.9078,30.58672,6.1981387,6.3307047
-589.32227,31.397242,6.1041327,6.3713665
-588.72363,32.198124,6.017123,6.40856
-588.11194,32.989033,5.954624,6.433599
-587.48706,33.76962,5.8921256,6.4586387
-586.84906,34.53951,5.829627,6.4836783
-586.198,35.298325,5.767129,6.5087175
-585.53375,36.04568,5.7345204,6.5188622
-584.8564,36.781155,5.80203,6.4791155
-584.1658,37.504253,5.8695393,6.4393687
-583.462,38.214455,5.937049,6.399622
-582.7449,38.911224,6.004559,6.359875
-582.0144,39.594013,6.0586076,6.326544
-581.2706,40.26225,6.06581,6.31554
-580.51355,40.915337,6.073013,6.3045363
-579.7431,41.552643,6.0802155,6.2935324
-578.95935,42.173534,6.0874176,6.2825284
-578.1624,42.777344,6.0892525,6.2740903
-577.3523,43.36338,6.0725927,6.274492
-576.52905,43.93088,6.055933,6.2748933
-575.6929,44.479057,6.039273,6.275295
-574.8438,45.0071,6.0226126,6.2756963
-573.98206,45.51417,6.005266,6.276537
-573.1079,45.999516,5.9857802,6.2787466
-572.2217,46.46255,5.966295,6.2809563
-571.3239,46.90271,5.9468083,6.283166
-570.41504,47.319397,5.9273214,6.285376
-569.4955,47.712013,5.914167,6.284242
-568.5659,48.080276,5.918568,6.2738395
-567.6272,48.4245,5.922969,6.263437
-566.6801,48.745087,5.9273696,6.2530355
-565.72546,49.042458,5.9317703,6.2426343
-564.76404,49.317047,5.9472256,6.2262673
-563.7965,49.56923,5.9931784,6.1934443
-562.8235,49.79931,6.039133,6.1606193
-561.8455,50.00758,6.0850887,6.127794
-560.8633,50.194347,6.1310444,6.0949683
-559.8772,50.35992,6.1643853,6.071425
-558.8879,50.504604,6.1576395,6.077377
-557.8957,50.628666,6.1508937,6.083329
-556.90125,50.732388,6.144148,6.089281
-555.90485,50.816048,6.137402,6.0952334
-554.90704,50.87993,6.123875,6.106262
-553.90814,50.924267,6.083079,6.1377053
-552.90857,50.949226,6.042282,6.1691484
-551.9087,50.954964,6.001485,6.200592
-550.90894,50.941628,5.9606876,6.232036
-549.9096,50.90937,5.927875,6.25842
-548.911,50.858345,5.9328966,6.2608304
-547.9136,50.788704,5.9379187,6.263241
-546.9176,50.70059,5.94294,6.265651
-545.9234,50.59415,5.9479623,6.2680616
-544.93134,50.46954,5.9514456,6.271307
-543.94165,50.32694,5.9486156,6.2779775
-542.9547,50.16661,5.9457855,6.2846484
-541.97076,49.988842,5.9429555,6.291319
-540.99005,49.793903,5.9401255,6.29799
-540.0129,49.58207,5.9308534,6.308385
-539.0395,49.353622,5.902144,6.330018
-538.07,49.10887,5.8734345,6.3516517
-537.10474,48.848118,5.8447247,6.373285
-536.14386,48.571663,5.816015,6.3949184
-535.1875,48.2798,5.7893553,6.4140234
-534.2359,47.972885,5.7674155,6.427308
-533.2891,47.651344,5.745476,6.440593
-532.3473,47.31562,5.723536,6.4538774
-531.41046,46.96614,5.7015967,6.4671617
-530.47876,46.603325,5.7063894,6.4500585
-529.5522,46.22743,5.7643247,6.3725452
-528.6311,45.838432,5.8222604,6.295031
-527.71564,45.436295,5.880196,6.2175174
-526.8061,45.020996,5.93813,6.1400056
-525.9027,44.59249,5.9917235,6.074716
-525.0058,44.150505,6.0364704,6.0343447
-524.116,43.69436,6.081218,5.9939723
-523.2341,43.223362,6.1259665,5.953599
-522.36053,42.736843,6.170716,5.913225
-521.4962,42.234158,6.2108126,5.8860793
-520.64185,41.71471,6.240101,5.8896656
-519.7982,41.177986,6.2693887,5.8932514
-518.9662,40.623478,6.298676,5.8968377
-518.14667,40.050724,6.327963,5.900424
-517.34045,39.459293,6.334209,5.9209967
-516.54865,38.84877,6.281693,5.9848943
-515.7722,38.21873,6.2291775,6.0487914
-515.01245,37.568794,6.1766596,6.1126914
-514.27045,36.898617,6.1241403,6.176594
-513.5475,36.207928,6.078655,6.2324677
-512.8447,35.496693,6.0518255,6.2670474
-512.163,34.765236,6.024998,6.301625
-511.5033,34.013943,5.998171,6.3362017
-510.8664,33.243202,5.971344,6.370779
-510.2532,32.453453,5.9530077,6.3956137
-509.6646,31.645216,5.9613137,6.3898783
-509.1013,30.819149,5.96962,6.3841434
-508.564,29.975943,5.9779263,6.378408
-508.05338,29.116302,5.986232,6.372673
-507.5702,28.240955,5.9930367,6.365378
-507.1153,27.350592,5.9932365,6.351209
-506.6898,26.445803,5.993436,6.3370404
-506.29495,25.527225,5.9936357,6.3228707
-505.93204,24.595575,5.993835,6.308701
-505.60236,23.651659,5.9911675,6.3012133
-505.30728,22.696356,5.9749055,6.3254027
-505.04846,21.730606,5.9586444,6.3495913
-504.82758,20.75548,5.9423833,6.3737803
-504.64645,19.772203,5.9261236,6.397966
-504.50677,18.782192,5.92786,6.4057627
-504.4102,17.787056,5.982387,6.3654866
-504.35806,16.788607,6.0369134,6.3252115
-504.35187,15.788821,6.091459,6.2849226
-504.39316,14.789878,6.1460342,6.2446113
-504.4834,13.794171,6.1731367,6.2169046
-504.62173,12.803986,6.1614056,6.207026
-504.8043,11.820977,6.14968,6.1971517
-505.02713,10.846298,6.137961,6.1872826
-505.2864,9.880658,6.1262426,6.177415
-505.57846,8.924415,6.1048813,6.198503
-505.89993,7.977656,6.0757074,6.244662
-506.24768,7.040221,6.0465255,6.290833
-506.61862,6.111698,6.017343,6.337005
-507.00964,5.191456,5.98816,6.383178
-507.41782,4.2786913,5.984851,6.3784094
-507.8406,3.3725927,6.002793,6.331799
-508.27573,2.4723563,6.0207353,6.2851872
-508.721,1.5770942,6.038677,6.2385774
-509.17426,0.6858449,6.0566187,6.191969
-509.6334,-0.20240702,6.0744553,6.1453376
-510.09628,-1.0886855,6.0921483,6.0986743
-510.56104,-1.9740018,6.109843,6.0520086
-511.02567,-2.8593764,6.1275373,6.0053415
-511.48825,-3.745829,6.1452317,5.9586744
-511.9468,-4.634364,6.152652,5.920093
-512.3998,-5.525776,6.133442,5.9024677
-512.8461,-6.4205008,6.1142325,5.8848424
-513.285,-7.3189216,6.0950236,5.8672175
-513.71545,-8.2214,6.0758142,5.8495927
-514.1366,-9.128272,6.047748,5.843203
-514.5474,-10.039857,5.9898205,5.87469
-514.9469,-10.956471,5.9318933,5.9061766
-515.3339,-11.878396,5.8739653,5.9376636
-515.7075,-12.805872,5.816037,5.9691505
-516.06647,-13.739097,5.7723203,6.004037
-516.4097,-14.678207,5.766197,6.0479207
-516.7362,-15.6232815,5.760074,6.0918036
-517.0448,-16.57434,5.7539506,6.135687
-517.3344,-17.531353,5.7478275,6.17957
-517.6039,-18.494223,5.785746,6.186394
-517.85223,-19.462757,5.8970895,6.131435
-518.0786,-20.436659,6.00843,6.076477
-518.28217,-21.41558,6.1197734,6.0215178
-518.4621,-22.399126,6.231118,5.966558
-518.6175,-23.386843,6.3059325,5.9249253
-518.7477,-24.378193,6.338239,5.8988004
-518.8522,-25.372576,6.3705444,5.872677
-518.93054,-26.36936,6.4028487,5.8465543
-518.9823,-27.367878,6.4351506,5.8204336
-519.00696,-28.367434,6.450618,5.8131466
-519.00385,-29.367285,6.445293,5.8291206
-518.9718,-30.366627,6.439968,5.845095
-518.90985,-31.364557,6.4346433,5.861071
-518.8169,-32.360073,6.429318,5.8770466
-518.6919,-33.352077,6.4109592,5.912645
-518.53375,-34.33933,6.3710556,5.98068
-518.3409,-35.320393,6.3311543,6.0487123
-518.11194,-36.293663,6.291254,6.1167417
-517.8456,-37.25735,6.2513638,6.184755
-517.54047,-38.20948,6.2381134,6.22283
-517.19525,-39.14781,6.271393,6.2086253
-516.8083,-40.0697,6.304674,6.1944194
-516.378,-40.972134,6.337971,6.1802073
-515.9027,-41.85174,6.371283,6.165989
-515.38135,-42.70481,6.4031634,6.1481276
-514.8147,-43.52847,6.4331927,6.1256056
-514.2055,-44.321217,6.4632063,6.103095
-513.5566,-45.081814,6.4932103,6.080592
-512.8706,-45.809135,6.523216,6.058088
-512.14996,-46.50216,6.5437546,6.0408416
-511.3974,-47.160393,6.5550976,6.0287027
-510.61594,-47.784058,6.5664415,6.0165625
-509.80844,-48.37361,6.577784,6.004424
-508.97754,-48.929703,6.589125,5.992287
-508.12564,-49.45308,6.567595,6.014742
-507.25482,-49.94437,6.5107284,6.0743823
-506.3669,-50.404057,6.4538527,6.1340327
-505.46362,-50.832687,6.3969674,6.1936927
-504.54648,-51.23087,6.3400655,6.2533703
-503.61697,-51.599277,6.2986555,6.284642
-502.67703,-51.940197,6.277254,6.2792416
-501.72897,-52.25791,6.255855,6.273842
-500.77487,-52.556976,6.234463,6.268444
-499.8165,-52.842007,6.2130747,6.2630467
-498.85535,-53.117653,6.196106,6.249513
-497.89255,-53.387493,6.184866,6.225427
-496.9288,-53.653843,6.173623,6.2013354
-495.9647,-53.91895,6.162379,6.17724
-495.00085,-54.185066,6.1511335,6.153143
-494.03793,-54.454338,6.1742287,6.1434927
-493.0756,-54.725807,6.2385235,6.1511755
-492.11264,-54.995026,6.3028135,6.1588583
-491.14777,-55.257362,6.367098,6.16654
-490.17984,-55.508152,6.4313664,6.17422
-489.2079,-55.742733,6.451304,6.1339855
-488.23123,-55.956917,6.428268,6.047298
-487.24957,-56.146927,6.4052296,5.9606013
-486.26294,-56.30891,6.3821836,5.873874
-485.2716,-56.438946,6.359131,5.7871237
-484.2762,-56.533207,6.2855706,5.8349795
-483.27798,-56.589867,6.1724467,5.988321
-482.27835,-56.608807,6.059366,6.1416035
-481.2787,-56.589962,5.946324,6.2948346
-480.28046,-56.53325,5.8333154,6.4480195
-479.28513,-56.43856,5.8028626,6.4834824
-478.29425,-56.305164,5.851574,6.4060593
-477.30957,-56.131702,5.9002976,6.3286166
-476.33313,-55.91678,5.9490395,6.2511444
-475.36713,-55.659046,5.997795,6.1736507
-474.41394,-55.35729,6.087848,6.094614
-473.47577,-55.011673,6.225852,6.0138063
-472.5543,-54.62378,6.3638144,5.933023
-471.65097,-54.19519,6.5017586,5.8522506
-470.76733,-53.727413,6.6397214,5.7714667
-469.90472,-53.221905,6.6746593,5.7931547
-469.06393,-52.680878,6.624823,5.8991594
-468.2451,-52.10717,6.5749874,6.005162
-467.44803,-51.50353,6.525159,6.1111503
-466.67242,-50.872555,6.475329,6.21714
-465.9178,-50.216667,6.462589,6.255442
-465.18353,-49.538006,6.469625,6.2576537
-464.46906,-48.838554,6.4766617,6.2598653
-463.7736,-48.12018,6.4836984,6.262077
-463.09628,-47.38466,6.4907355,6.2642884
-462.4362,-46.633656,6.4952855,6.2660756
-461.79233,-45.868675,6.4986553,6.267661
-461.16373,-45.091118,6.502025,6.269247
-460.5493,-44.30232,6.505395,6.270833
-459.94785,-43.503532,6.5087643,6.2724185
-459.3583,-42.69594,6.5038457,6.272121
-458.77994,-41.880325,6.494128,6.2707324
-458.21222,-41.05725,6.48441,6.2693443
-457.6547,-40.22723,6.474692,6.267956
-457.10687,-39.390774,6.464974,6.2665677
-456.56827,-38.548347,6.4553213,6.264462
-456.03876,-37.70018,6.4457135,6.26186
-455.51846,-36.84632,6.4361057,6.259258
-455.00757,-35.986824,6.4264975,6.2566557
-454.50616,-35.121735,6.4168897,6.2540536
-454.01447,-34.251118,6.408449,6.2428203
-453.53247,-33.37508,6.4008026,6.225716
-453.06015,-32.493782,6.393156,6.208612
-452.59747,-31.607376,6.3855095,6.191508
-452.14444,-30.716017,6.377863,6.174404
-451.701,-29.819853,6.370716,6.157164
-451.26706,-28.91903,6.363868,6.139843
-450.84265,-28.01369,6.3570204,6.1225214
-450.42767,-27.103985,6.350172,6.1052003
-450.0221,-26.190046,6.343324,6.087879
-449.6259,-25.272013,6.3386126,6.0701942
-449.239,-24.350014,6.334998,6.052323
-448.86142,-23.424166,6.3313837,6.0344515
-448.4931,-22.494587,6.3277693,6.01658
-448.13403,-21.561398,6.324155,5.998709
-447.7842,-20.624708,6.3144264,5.9936805
-447.44363,-19.684612,6.3018284,5.9946804
-447.1124,-18.741192,6.2892303,5.9956803
-446.79053,-17.79453,6.2766323,5.99668
-446.4781,-16.844713,6.2640343,5.9976797
-446.17517,-15.891822,6.241969,6.0182
-445.88177,-14.9359455,6.215443,6.047917
-445.59802,-13.977171,6.1889176,6.077634
-445.32394,-13.015586,6.1623917,6.1073503
-445.05957,-12.051281,6.135866,6.1370673
-444.80502,-11.084345,6.126204,6.150183
-444.5603,-10.114868,6.125009,6.1549644
-444.32553,-9.142938,6.1238136,6.1597457
-444.10077,-8.168645,6.122618,6.164527
-443.88608,-7.192082,6.121423,6.169308
-443.68155,-6.213341,6.1385093,6.155679
-443.48724,-5.2325172,6.1656084,6.1319675
-443.30325,-4.249705,6.1927075,6.108256
-443.1297,-3.2650018,6.2198067,6.084544
-442.9666,-2.2785072,6.246906,6.0608325
-442.81412,-1.2903222,6.26639,6.0422344
-442.67227,-0.30054966,6.2813535,6.0266724
-442.5412,0.6907056,6.2963176,6.01111
-442.421,1.6833364,6.311281,5.9955473
-442.31174,2.6772327,6.3262453,5.979985
-442.21353,3.672282,6.3247404,5.975107
-442.1265,4.668369,6.312944,5.976907
-442.0507,5.665375,6.301147,5.9787064
-441.98627,6.6631804,6.2893505,5.980506
-441.93332,7.6616592,6.277554,5.9823055
-441.8919,8.660685,6.2658615,5.9841075
-441.86218,9.660126,6.254235,5.985912
-441.84427,10.659847,6.2426076,5.987716
-441.83823,11.659712,6.2309804,5.98952
-441.84424,12.659575,6.2193537,5.9913244
-441.86237,13.659294,6.2265687,5.9996705
-441.8927,14.658715,6.245062,6.0119324
-441.9354,15.657685,6.263555,6.024194
-441.9905,16.656048,6.282048,6.0364556
-442.05814,17.65364,6.3005414,6.048718
-442.13837,18.6503,6.3398914,6.067939
-442.23108,19.645872,6.390434,6.090894
-442.33606,20.640226,6.4409757,6.1138496
-442.4531,21.633234,6.4915175,6.1368046
-442.582,22.624777,6.5420594,6.15976
-442.72247,23.61474,6.5428557,6.149378
-442.87436,24.603022,6.520735,6.1236367
-443.03735,25.58953,6.4986134,6.0978956
-443.2112,26.57418,6.4764924,6.0721545
-443.39572,27.556896,6.4543715,6.046414
-443.5906,28.537603,6.431029,6.01989
-443.79565,29.516233,6.4071927,5.993049
-444.0107,30.492718,6.3833566,5.966208
-444.23553,31.466995,6.35952,5.9393673
-444.47,32.439003,6.3356833,5.912526
-444.71384,33.4087,6.293602,5.9360986
-444.96674,34.376072,6.244412,5.979314
-445.22824,35.341156,6.1952224,6.0225296
-445.49792,36.30399,6.1460323,6.065745
-445.77533,37.264618,6.096842,6.1089606
-446.06018,38.22308,6.047986,6.1553226
-446.353,39.17912,5.999274,6.203045
-446.65503,40.132298,5.9505615,6.250767
-446.9674,41.082134,5.901853,6.2984853
-447.29126,42.02811,5.853154,6.3461947
-447.6278,42.96965,5.8739996,6.344451
-447.97916,43.90577,5.932665,6.3158145
-448.34796,44.835133,5.991338,6.287174
-448.73694,45.75624,6.050026,6.2585263
-449.14862,46.66741,6.108725,6.229873
-449.5854,47.566826,6.1661987,6.202025
-450.04733,48.45358,6.22291,6.1746745
-450.53302,49.32754,6.279607,6.147331
-451.0411,50.188698,6.3362975,6.1199913
-451.57022,51.03709,6.3929954,6.0926476
-452.11902,51.872887,6.4487886,6.065952
-452.68506,52.69711,6.5040927,6.039607
-453.26523,53.51145,6.5593963,6.0132623
-453.8565,54.31779,6.6146946,5.98692
-454.45587,55.11811,6.66999,5.9605794
-455.0606,55.9144,6.673259,5.9666057
-455.66925,56.70771,6.6513953,5.988269
-456.28113,57.4985,6.6295304,6.009933
-456.8957,58.287235,6.6076646,6.0315986
-457.5123,59.074364,6.5857987,6.0532637
-458.13037,59.860336,6.5639462,6.0747776
-458.7498,60.645275,6.5421,6.096223
-459.37054,61.429123,6.520254,6.1176677
-459.99277,62.211823,6.498409,6.1391125
-460.61652,62.993305,6.4765635,6.1605573
-461.24185,63.77352,6.45473,6.18213
-461.8687,64.55249,6.4329014,6.2037582
-462.49707,65.33028,6.411073,6.225386
-463.1268,66.10695,6.389245,6.2470145
-463.75784,66.88257,6.3674164,6.2686424
-464.39005,67.6572,6.345599,6.29026
-465.02344,68.4309,6.3237863,6.311872
-465.65793,69.2037,6.301974,6.3334846
-466.29346,69.97562,6.280161,6.3550973
-466.93002,70.746704,6.2583485,6.37671
-467.56754,71.51698,6.2461867,6.38853
-468.206,72.28649,6.2379866,6.39633
-468.84534,73.05528,6.229787,6.4041295
-469.48547,73.823395,6.221587,6.4119296
-470.12637,74.59087,6.213387,6.419729
-470.76797,75.35776,6.21185,6.4207244
-471.41025,76.12409,6.21305,6.4189253
-472.05313,76.889915,6.214249,6.417126
-472.69656,77.65527,6.2154484,6.415327
-473.34048,78.420204,6.216648,6.413528
-473.9849,79.18475,6.2179885,6.4117293
-474.6297,79.94895,6.2193875,6.4099307
-475.27484,80.71285,6.2207866,6.4081316
-475.92032,81.476494,6.222185,6.406333
-476.56604,82.23992,6.223584,6.4045343
-477.21198,83.003174,6.2248425,6.4025955
-477.85806,83.7663,6.226042,6.400597
-478.50424,84.52933,6.2272406,6.3985987
-479.15048,85.292305,6.22844,6.3966007
-479.79675,86.05528,6.2296386,6.3946023
-480.44296,86.81829,6.230838,6.3927436
-481.08908,87.581375,6.232037,6.3909445
-481.73508,88.34458,6.233236,6.389146
-482.38086,89.107956,6.234435,6.387347
-483.02637,89.871544,6.2356343,6.3855486
-483.6716,90.63539,6.2369723,6.3837495
-484.3165,91.399506,6.238372,6.3819504
-484.9611,92.16389,6.2397714,6.3801513
-485.60538,92.92853,6.2411704,6.378352
-486.24933,93.693436,6.24257,6.376553
-486.893,94.4586,6.243831,6.3747535
-487.53638,95.224014,6.245031,6.372954
-488.17944,95.98968,6.2462306,6.3711543
-488.82224,96.75557,6.2474303,6.3693547
-489.46475,97.52168,6.24863,6.367555
-490.10703,98.28802,6.249968,6.365755
-490.74905,99.05456,6.251368,6.363955
-491.39084,99.8213,6.252768,6.3621554
-492.03238,100.588234,6.254168,6.3603554
-492.6737,101.35536,6.255568,6.3585553
-493.31482,102.122665,6.25683,6.3566165
-493.95572,102.890144,6.2580304,6.354616
-494.59644,103.65778,6.2592306,6.352616
-495.23694,104.42558,6.260431,6.3506155
-495.8773,105.193535,6.2616305,6.348615
-496.51743,105.961624,6.262831,6.3467536
-497.15744,106.72985,6.2640314,6.344953
-497.7973,107.49821,6.2652316,6.3431525
-498.43698,108.26668,6.266432,6.341352
-499.07657,109.03527,6.2676325,6.3395514
-499.716,109.80396,6.2689714,6.337751
-500.35532,110.572754,6.270372,6.3359504
-500.99454,111.34164,6.2717724,6.33415
-501.63367,112.1106,6.273173,6.332349
-502.27267,112.87965,6.2745733,6.3305483
-502.91162,113.64875,6.2758346,6.3287477
-503.5505,114.41792,6.277035,6.326947
-504.1893,115.18715,6.2782354,6.3251467
-504.82803,115.95641,6.279436,6.323346
-505.46674,116.72572,6.2806363,6.321545
-506.1054,117.49507,6.281837,6.3197446
-506.74405,118.264435,6.283037,6.317944
-507.38266,119.03381,6.2842374,6.3161435
-508.02127,119.80321,6.285438,6.314343
-508.65985,120.57259,6.2866383,6.3125424
-509.2985,121.34198,6.2879786,6.310602
-509.9371,122.11135,6.2893786,6.308602
-510.57574,122.8807,6.290779,6.306601
-511.21445,123.65003,6.2921796,6.3046007
-511.85315,124.419334,6.2935796,6.3026004
-512.4919,125.18861,6.29484,6.30074
-513.1307,125.95785,6.29604,6.2989397
-513.7695,126.72705,6.2972403,6.2971396
-514.4084,127.49622,6.2984405,6.295339
-515.0473,128.26537,6.2996407,6.293539
-515.6862,129.03447,6.300841,6.291739
-516.3252,129.80353,6.3020406,6.289939
-516.96423,130.57256,6.303241,6.288139
-517.60333,131.34155,6.304441,6.286339
-518.2425,132.1105,6.305641,6.2845387
-518.88165,132.87941,6.306981,6.2827387
-519.5209,133.64827,6.308381,6.2809386
-520.1602,134.41708,6.309781,6.2791386
-520.79956,135.18587,6.311181,6.2773385
-521.4389,135.95459,6.312581,6.275539
-522.07837,136.72327,6.313841,6.273739
-522.7179,137.49191,6.3150406,6.271939
-523.3575,138.26048,6.3162403,6.270139
-523.99713,139.02902,6.3174405,6.268339
-524.63684,139.7975,6.31864,6.2665396
-525.2766,140.56592,6.31998,6.2646
-525.91644,141.33429,6.32138,6.2626
-526.55634,142.1026,6.3227797,6.2606
-527.1963,142.87086,6.3241796,6.2586007
-527.8363,143.63905,6.325579,6.256601
-528.47644,144.4072,6.3268394,6.254741
-529.11664,145.17526,6.328039,6.2529416
-529.7569,145.94328,6.329239,6.2511415
-530.3972,146.71123,6.3304386,6.249342
-531.0376,147.47913,6.3316383,6.2475424
-531.6781,148.24693,6.332838,6.245743
-532.31866,149.0147,6.334038,6.243943
-532.95935,149.78238,6.3352375,6.2421436
-533.6001,150.54999,6.336437,6.240344
-534.2409,151.31754,6.337637,6.2385445
-534.88184,152.085,6.3389764,6.236745
-535.5228,152.8524,6.340376,6.2349453
-536.1639,153.61972,6.341776,6.2331457
-536.80505,154.38698,6.3431754,6.231346
-537.44635,155.15414,6.344575,6.229546
-538.0877,155.92123,6.3458357,6.2277465
-538.7291,156.68825,6.3470354,6.225947
-539.3707,157.45518,6.348235,6.2241473
-540.0123,158.22203,6.349435,6.2223477
-540.6541,158.9888,6.3506346,6.220548
-541.29596,159.7555,6.3518343,6.21861
-541.9379,160.52208,6.353034,6.2166104
-542.57996,161.28859,6.3542337,6.2146106
-543.2221,162.05502,6.3554335,6.212611
-543.8644,162.82135,6.356633,6.2106113
-544.5068,163.5876,6.3579717,6.2087507
-545.14923,164.35374,6.359371,6.206951
-545.7919,165.11981,6.360771,6.2051516
-546.4346,165.88577,6.3621707,6.203352
-547.0774,166.65164,6.3635707,6.2015524
-547.72034,167.41742,6.3648314,6.199753
-548.3634,168.18309,6.366031,6.1979527
-549.00653,168.94867,6.3672314,6.196153
-549.64984,169.71414,6.368431,6.1943536
-550.2933,170.4795,6.369631,6.192554
-550.93677,171.24478,6.3708305,6.190754
-551.58044,172.00995,6.3720303,6.1889544
-552.22424,172.77501,6.3732305,6.187155
-552.86816,173.53996,6.37443,6.1853547
-553.5122,174.30481,6.37563,6.183555
-554.1564,175.06955,6.3769684,6.181755
-554.80066,175.83418,6.378368,6.1799555
-555.44507,176.5987,6.379768,6.1781554
-556.08966,177.3631,6.381168,6.176356
-556.7344,178.12738,6.382568,6.174556
-557.3792,178.89156,6.3838296,6.1726174
-558.0242,179.65561,6.3850293,6.1706176
-558.66925,180.41956,6.3862295,6.1686177
-559.3145,181.18336,6.387429,6.166618
-559.9599,181.94707,6.3886294,6.1646175
-560.60547,182.71065,6.389829,6.162756
-561.25116,183.4741,6.3910294,6.160956
-561.897,184.23743,6.3922296,6.159156
-562.54297,185.00064,6.3934298,6.157356
-563.1891,185.76372,6.3946295,6.1555552
-563.8354,186.52667,6.395415,6.1551385
-564.4818,187.28949,6.396015,6.1553383
-565.1284,188.05219,6.396615,6.1555386
-565.77515,188.81474,6.3972154,6.1557384
-566.42206,189.57716,6.397815,6.1559386
-567.0691,190.33946,6.398277,6.1561384
-567.7163,191.10162,6.398677,6.1563387
-568.3637,191.86366,6.399077,6.1565385
-569.0112,192.62555,6.399477,6.1567388
-569.6589,193.38733,6.399877,6.1569386
-570.30676,194.14896,6.400416,6.1572776
-570.9547,194.91046,6.401016,6.1576777
-571.60284,195.67184,6.4016166,6.1580777
-572.25116,196.43309,6.4022164,6.158478
-572.8996,197.19421,6.402817,6.158878
-573.54816,197.95522,6.403278,6.159139
-574.1969,198.71606,6.403678,6.159339
-574.84576,199.4768,6.4040785,6.159539
-575.4948,200.23741,6.4044785,6.159739
-576.14404,200.9979,6.4048786,6.1599393
-576.79333,201.75826,6.4052787,6.1601396
-577.4428,202.51848,6.4056787,6.1603394
-578.09247,203.27858,6.406079,6.1605396
-578.74225,204.03856,6.406479,6.1607394
-579.39215,204.79842,6.4068794,6.1609397
-580.04224,205.55815,6.4072795,6.161279
-580.69244,206.31775,6.4076796,6.1616797
-581.3428,207.07724,6.4080796,6.16208
-581.9933,207.8366,6.4084797,6.16248
-582.6439,208.59583,6.4088798,6.16288
-583.29474,209.35493,6.40942,6.16314
-583.9457,210.11394,6.4100204,6.16334
-584.59674,210.8728,6.4106207,6.1635404
-585.2479,211.63155,6.4112206,6.16374
-585.8993,212.39018,6.411821,6.1639404
-586.5508,213.14868,6.4122806,6.16414
-587.2024,213.90707,6.4126806,6.1643405
-587.8542,214.66534,6.413081,6.1645403
-588.5061,215.4235,6.413481,6.1647406
-589.15814,216.18152,6.4138813,6.1649404
-589.8103,216.93944,6.4142814,6.1652813
-590.46265,217.69722,6.4146814,6.1656814
-591.1151,218.45491,6.4150815,6.1660814
-591.7677,219.21246,6.4154816,6.1664815
-592.4204,219.96991,6.4158816,6.1668816
-593.0733,220.72723,6.4162817,6.167141
-593.7263,221.48445,6.416682,6.1673408
-594.37946,222.24155,6.417082,6.167541
-595.0327,222.99852,6.417482,6.167741
-595.6861,223.75539,6.417882,6.167941
-596.3396,224.51215,6.4184227,6.168141
-596.9933,225.26878,6.419023,6.168341
-597.6471,226.0253,6.419623,6.168541
-598.301,226.78172,6.4202228,6.1687407
-598.9551,227.53802,6.4208226,6.168941
-599.60925,228.2942,6.421282,6.169282
-600.26355,229.0503,6.421682,6.1696815
-600.91797,229.80626,6.422082,6.1700816
-601.5726,230.5621,6.4224815,6.1704817
-602.22723,231.31786,6.4228816,6.1708817
-602.8821,232.07349,6.4232817,6.1711407
-603.53705,232.82901,6.4236813,6.1713405
-604.1921,233.58443,6.4240813,6.1715407
-604.8473,234.33974,6.424481,6.1717405
-605.5026,235.09494,6.424881,6.1719403
-606.1581,235.85004,6.425281,6.172281
-606.8136,236.60503,6.4256806,6.172681
-607.4693,237.35991,6.4260807,6.1730804
-608.1251,238.11467,6.4264803,6.1734805
-608.78107,238.86934,6.42688,6.17388
-609.43713,239.6239,6.4274197,6.17414
-610.0933,240.37836,6.4280195,6.17434
-610.74963,241.13272,6.428619,6.1745396
-611.406,241.88696,6.429219,6.1747394
-612.06256,242.64111,6.429818,6.174939
-612.71924,243.39514,6.4302783,6.1751394
-613.376,244.14908,6.430678,6.175339
-614.0329,244.90292,6.4310775,6.175539
-614.6899,245.65665,6.4314775,6.175739
-615.34705,246.4103,6.431877,6.1759386
-616.0043,247.16383,6.4322767,6.1762767
-616.6616,247.91727,6.432676,6.1766763
-617.3191,248.67061,6.4330754,6.1770754
-617.9767,249.42383,6.433475,6.177475
-618.6344,250.17696,6.4338746,6.1778746
-619.29224,250.92996,6.434411,6.1781373
-619.9502,251.68286,6.4350104,6.1783366
-620.6082,252.43567,6.4356093,6.1785364
-621.26636,253.18842,6.4362087,6.178736
-621.92456,253.9411,6.4368076,6.178936
-622.5828,254.69377,6.437,6.179136
-623.24084,255.44661,6.437,6.179335
-623.8984,256.1999,6.437,6.179535
-624.5551,256.9539,6.437,6.1797347
-625.21063,257.7089,6.437,6.1799345
-625.86475,258.46518,6.420217,6.1801343
-626.51697,259.22302,6.3952336,6.180334
-627.1671,259.9827,6.37025,6.180534
-627.8148,260.74442,6.3452673,6.1807337
-628.4598,261.5085,6.320284,6.180934
-629.1016,262.27518,6.2952757,6.1811337
-629.7401,263.04468,6.270255,6.181334
-630.3748,263.8173,6.245234,6.1815343
-631.00543,264.59323,6.2202134,6.181734
-631.63165,265.37274,6.195193,6.1819344
-632.2531,266.15604,6.1701465,6.1860447
-632.86945,266.9434,6.1450872,6.192059
-633.4802,267.73505,6.120028,6.1980734
-634.0851,268.53122,6.0949683,6.2040877
-634.68365,269.33215,6.069909,6.2101016
-635.2756,270.13803,6.0446997,6.2338314
-635.8604,270.949,6.0194206,6.265731
-636.4381,271.7651,5.994142,6.2976303
-637.00836,272.58643,5.9688635,6.3295293
-637.57104,273.413,5.943585,6.3614283
-638.1258,274.24487,5.932769,6.401625
-638.67255,275.08203,5.9281526,6.4453793
-639.2111,275.92447,5.9235363,6.4891334
-639.7414,276.77216,5.91892,6.5328875
-640.2631,277.62512,5.914304,6.5766416
-640.77625,278.4833,5.9222207,6.5970683
-641.2806,279.34668,5.9350715,6.6083126
-641.776,280.2152,5.9479218,6.619557
-642.26227,281.0889,5.9607725,6.6308007
-642.73926,281.96765,5.973623,6.642045
-643.20685,282.85144,6.0020127,6.603411
-643.66486,283.7403,6.0359426,6.546995
-644.1129,284.6342,6.0698724,6.4905787
-644.55084,285.53305,6.103803,6.4341617
-644.97833,286.43692,6.137734,6.3777437
-645.3953,287.34573,6.1716356,6.321375
-645.8018,288.25925,6.205528,6.265022
-646.1982,289.17722,6.239419,6.20867
-646.5847,290.09937,6.27331,6.1523185
-646.96185,291.0254,6.3072014,6.095967
-647.32983,291.9551,6.3028345,6.0742226
-647.6893,292.88815,6.287033,6.0628214
-648.0407,293.82422,6.271231,6.05142
-648.3848,294.76303,6.2554297,6.040019
-648.7222,295.70428,6.2396283,6.028618
-649.05347,296.6477,6.222016,6.019085
-649.37915,297.59308,6.203863,6.010108
-649.69977,298.54013,6.185711,6.0011315
-650.016,299.4887,6.167558,5.992155
-650.32825,300.4386,6.1494055,5.9831786
-650.63715,301.3896,6.138815,5.9790387
-650.94324,302.34146,6.130647,5.976449
-651.2472,303.29404,6.12248,5.9738593
-651.54956,304.2471,6.114312,5.9712696
-651.85095,305.20047,6.106145,5.96868
-652.15204,306.15396,6.102236,5.968588
-652.45325,307.10742,6.0998435,5.9693856
-652.75494,308.0607,6.097451,5.970183
-653.0576,309.01367,6.0950594,5.97098
-653.3616,309.96622,6.092667,5.971778
-653.6673,310.91824,6.090127,5.972432
-653.97473,311.8697,6.08753,5.9730315
-654.2837,312.82065,6.0849333,5.973631
-654.5941,313.77112,6.082337,5.97423
-654.90576,314.7212,6.07974,5.974829
-655.2185,315.67093,6.0771403,5.975572
-655.5323,316.6203,6.0745397,5.9763722
-655.847,317.56937,6.071939,5.9771724
-656.1626,318.51816,6.069339,5.9779725
-656.47894,319.46667,6.066738,5.978773
-656.79596,320.41498,6.064279,5.9795737
-657.11365,321.36304,6.061877,5.9803743
-657.4319,322.31094,6.0594745,5.9811754
-657.7505,323.2587,6.0570717,5.981976
-658.06946,324.20636,6.0546694,5.982777
-658.3886,325.15396,6.052122,5.9835777
-658.7079,326.1015,6.049519,5.984379
-659.0273,327.049,6.046916,5.98518
-659.3466,327.99652,6.044313,5.9859805
-659.66595,328.94406,6.04171,5.9867816
-659.9851,329.89163,6.0392528,5.987582
-660.30414,330.83923,6.0368505,5.9883833
-660.62305,331.78693,6.034448,5.989184
-660.94183,332.73462,6.032046,5.9899845
-661.26056,333.68237,6.0296435,5.9907856
-661.5791,334.63016,6.0270953,5.991586
-661.8976,335.57794,6.0244937,5.9923863
-662.216,336.5258,6.021892,5.993187
-662.53424,337.47366,6.01929,5.9939876
-662.8524,338.4216,6.0166883,5.994788
-663.17053,339.36954,6.014087,5.9954414
-663.4885,340.3175,6.011486,5.996042
-663.8064,341.26553,6.008885,5.996642
-664.12415,342.21356,6.0062838,5.9972425
-664.44183,343.16165,6.0036826,5.9978423
-664.75946,344.10974,6.0012293,5.99859
-665.07697,345.0579,5.998829,5.9993906
-665.39435,346.00607,5.996428,6.0001907
-665.7117,346.95425,5.9940276,6.000991
-666.02893,347.9025,5.991627,6.001791
-666.34607,348.85077,5.989079,6.002591
-666.6631,349.79904,5.986479,6.0033913
-666.9801,350.74738,5.9838786,6.0041914
-667.297,351.6957,5.9812784,6.004991
-667.6138,352.64407,5.978678,6.005791
-667.9305,353.5925,5.9762263,6.0065913
-668.24713,354.54092,5.9738264,6.007391
-668.56366,355.48938,5.971427,6.008191
-668.8802,356.43784,5.969027,6.0089912
-669.19653,357.38635,5.966627,6.009791
-669.5129,358.3349,5.96408,6.010591
-669.82916,359.28345,5.9614806,6.0113907
-670.1453,360.23203,5.958881,6.0121903
-670.4614,361.18063,5.9562817,6.0129905
-670.77747,362.12927,5.953682,6.01379
-671.09344,363.0779,5.9510827,6.01459
-671.4093,364.0266,5.9484835,6.01539
-671.72516,364.97528,5.945884,6.0161896
-672.0409,365.924,5.943285,6.016989
-672.35657,366.87277,5.9406857,6.017789
-672.67224,367.82153,5.938234,6.0184417
-672.9878,368.77032,5.9358344,6.0190415
-673.3033,369.71912,5.9334354,6.019641
-673.6187,370.66794,5.9310365,6.020241
-673.9341,371.6168,5.928637,6.0208406
-674.24945,372.56564,5.926091,6.0215874
-674.5647,373.51453,5.9234924,6.022387
-674.87994,374.46344,5.920893,6.0231867
-675.19507,375.41235,5.9182944,6.0239863
-675.5102,376.3613,5.915695,6.024786
-675.82526,377.31027,5.913243,6.0255857
-676.14026,378.25925,5.9108434,6.0263853
-676.4552,379.20822,5.9084444,6.027185
-676.7701,380.15723,5.9060454,6.027985
-677.08496,381.10626,5.9036465,6.0287848
-677.3997,382.0553,5.901101,6.0295844
-677.7145,383.00433,5.898502,6.030384
-678.02924,383.9534,5.895903,6.0311837
-678.3439,384.9025,5.893304,6.0319834
-678.6585,385.8516,5.8907046,6.032783
-678.97314,386.8007,5.8881054,6.0335827
-679.28766,387.74982,5.885506,6.034383
-679.6022,388.69894,5.882907,6.0351825
-679.9167,389.6481,5.8803077,6.035982
-680.23114,390.59726,5.8777084,6.036782
-680.54553,391.54642,5.8752546,6.0374365
-680.8599,392.4956,5.872855,6.0380363
-681.17426,393.4448,5.8704557,6.038636
-681.4885,394.394,5.8680563,6.039236
-681.80286,395.3432,5.865657,6.039836
-682.11707,396.29245,5.863112,6.040581
-682.43134,397.24167,5.860512,6.041381
-682.7455,398.19092,5.857912,6.042181
-683.0597,399.14014,5.8553123,6.0429807
-683.37384,400.08942,5.8527126,6.043781
-683.688,401.03867,5.850258,6.044581
-684.0021,401.98795,5.8478575,6.0453806
-684.31616,402.93723,5.8454576,6.0461807
-684.63025,403.8865,5.8430576,6.046981
-684.9443,404.8358,5.840657,6.047781
-685.2583,405.7851,5.8381114,6.048581
-685.5723,406.73438,5.835511,6.0493813
-685.88635,407.6837,5.8329105,6.0501814
-686.2003,408.633,5.83031,6.0509815
-686.5143,409.5823,5.827709,6.0517817
-686.82825,410.53162,5.8251085,6.0525823
-687.1422,411.48093,5.8225074,6.0533824
-687.4562,412.43024,5.819906,6.0541825
-687.7702,413.37955,5.817305,6.054983
-688.0842,414.32886,5.814704,6.0557833
-688.39825,415.27817,5.8122487,6.056584
-688.7123,416.22745,5.8098474,6.057384
-689.0264,417.1767,5.807446,6.0581846
-689.3406,418.12595,5.805045,6.058985
-689.65485,419.0752,5.802644,6.0597854
-689.9691,420.02438,5.800096,6.0604396
-690.2835,420.97357,5.7974944,6.06104
-690.59796,421.92273,5.7948933,6.0616403
-690.9125,422.87186,5.7922916,6.0622406
-691.2271,423.82095,5.78969,6.062841
-691.5419,424.77,5.787089,6.063588
-691.85675,425.71902,5.7844877,6.0643883
-692.17175,426.668,5.781886,6.065189
-692.4868,427.61694,5.779285,6.065989
-692.80206,428.56583,5.776684,6.0667896
-693.1175,429.51468,5.77423,6.0675898
-693.43304,430.46347,5.771829,6.0683904
-693.7487,431.4122,5.7694283,6.0691905
-694.06464,432.36087,5.7670274,6.0699906
-694.3807,433.3095,5.7646265,6.0707912
-694.6969,434.25806,5.7620783,6.0715914
-695.0133,435.20657,5.759478,6.0723915
-695.32996,436.155,5.7568774,6.0731916
-695.6468,437.10336,5.754277,6.073992
-695.9638,438.05167,5.7516766,6.074792
-696.28107,438.99988,5.749225,6.0755916
-696.5986,439.94803,5.746825,6.0763917
-696.91626,440.8961,5.744426,6.0771914
-697.23425,441.8441,5.742026,6.0779915
-697.5525,442.79196,5.7396264,6.078791
-697.8709,443.73978,5.7370796,6.079591
-698.1897,444.68753,5.7344813,6.0803905
-698.50867,445.63516,5.7318826,6.08119
-698.828,446.58267,5.7292843,6.0819893
-699.1476,447.53012,5.7266855,6.082789
-699.4675,448.47745,5.7240877,6.0834413
-699.7878,449.42465,5.7214904,6.0840406
-700.1082,450.3718,5.718893,6.08464
-700.42896,451.31885,5.7162957,6.0852394
-700.7498,452.26587,5.713698,6.085839
-701.0708,453.21283,5.7112474,6.086584
-701.39185,454.15976,5.7088504,6.0873833
-701.7129,455.10672,5.7064533,6.0881824
-702.0339,456.05368,5.7040563,6.088981
-702.35474,457.00067,5.701659,6.0897803
-702.6754,457.94775,5.699117,6.0905795
-702.99585,458.89493,5.6965203,6.091378
-703.3159,459.8422,5.6939235,6.0921774
-703.6356,460.78958,5.6913266,6.0929766
-703.95483,461.73715,5.68873,6.0937757
-704.2736,462.68488,5.6862755,6.094575
-704.59174,463.63278,5.6838775,6.095374
-704.9093,464.5809,5.681479,6.096174
-705.2262,465.52927,5.679081,6.096973
-705.5423,466.47784,5.6766825,6.0977726
-705.85767,467.4267,5.67414,6.0985723
-706.1722,468.37585,5.6715403,6.0993724
-706.4857,469.32532,5.66894,6.1001725
-706.79816,470.27512,5.66634,6.100972
-707.1095,471.2253,5.66374,6.1017723
-707.41956,472.1759,5.6611385,6.102573
-707.7284,473.1269,5.658536,6.1033735
-708.0361,474.07828,5.655933,6.1041746
-708.3426,475.03003,5.6533303,6.104975
-708.6481,475.98212,5.6507273,6.1057763
-708.9525,476.9345,5.648266,6.1064334
-709.25555,477.8874,5.6458597,6.107035
-709.55676,478.84082,5.6434536,6.1076365
-709.8555,479.79504,5.641048,6.108238
-710.15137,480.75015,5.6386433,6.108839
-710.444,481.70627,5.63609,6.1095877
-710.73413,482.66312,5.6334815,6.11039
-711.02356,483.6202,5.630873,6.1111927
-711.31384,484.57703,5.6282625,6.111996
-711.6066,485.53308,5.6256485,6.1128006
-711.903,486.48804,5.632897,6.1271234
-712.19867,487.44324,5.6433983,6.1459045
-712.4867,488.4007,5.653887,6.164663
-712.7603,489.36243,5.6643424,6.1833625
-713.01263,490.3299,5.6747427,6.201963
-713.2366,491.30435,5.7036853,6.2229958
-713.4188,492.28745,5.7377768,6.244709
-713.5416,493.2796,5.772044,6.2665343
-713.5852,494.27823,5.8066163,6.288553
-713.52795,495.2759,5.8414664,6.3107495
-713.3539,496.25995,5.888978,6.3225374
-713.07605,497.2201,5.9375854,6.333079
-712.7168,498.15298,5.9857407,6.343522
-712.29596,499.05988,6.0335484,6.35389
-711.8305,499.94476,6.0812693,6.364239
-711.3342,500.81274,6.0822697,6.372572
-710.81195,501.66534,6.066194,6.380208
-710.26434,502.50192,6.050042,6.38788
-709.69244,503.32205,6.0338473,6.3955727
-709.0973,504.1255,6.017642,6.40327
-708.48035,504.9123,6.0151153,6.4043627
-707.8447,505.68414,6.0165515,6.403542
-707.1944,506.44363,6.017986,6.4027224
-706.53296,507.19345,6.019419,6.401903
-705.8638,507.9364,6.0208526,6.4010844
-705.1895,508.67474,6.063378,6.3822427
-704.50885,509.4072,6.110648,6.3613195
-703.8192,510.13123,6.1579328,6.34039
-703.11816,510.84412,6.205205,6.3194666
-702.4033,511.5432,6.2524295,6.298564
-701.67236,512.2254,6.2624235,6.308028
-700.921,512.8851,6.2589135,6.328506
-700.14435,513.5147,6.2554007,6.348997
-699.33813,514.10596,6.2518845,6.3695083
-698.49915,514.64966,6.2483683,6.390019
-697.62604,515.1365,6.2172256,6.430413
-696.72064,515.5603,6.168532,6.483421
-695.78687,515.9174,6.1198626,6.5364027
-694.829,516.2033,6.0711427,6.58944
-693.8516,516.413,6.022329,6.6425786
-692.86035,516.54205,5.9474516,6.7104235
-691.862,516.59326,5.863837,6.7831764
-690.8625,516.57416,5.780367,6.855803
-689.866,516.4923,5.697035,6.9283104
-688.87573,516.35504,5.613723,7.0008
-687.89343,516.16876,5.719523,6.9271297
-686.9209,515.93677,5.856493,6.829381
-685.9597,515.66156,5.993599,6.7315354
-685.01117,515.3456,6.1307697,6.6336436
-684.07623,514.9913,6.267972,6.5357294
-683.15564,514.6012,6.3482704,6.517348
-682.2497,514.1782,6.4250197,6.5039115
-681.35834,513.72516,6.501745,6.4904795
-680.4814,513.2449,6.5784554,6.4770503
-679.6184,512.74,6.653244,6.4661226
-678.7687,512.21295,6.6618505,6.5409775
-677.9316,511.66617,6.6704593,6.6158533
-677.10614,511.10184,6.6790686,6.6907344
-676.29144,510.52222,6.687678,6.7656155
-675.48627,509.92938,6.697041,6.8395686
-674.68945,509.32538,6.7282186,6.886532
-673.89984,508.71194,6.759398,6.9334984
-673.1163,508.09085,6.7905774,6.9804645
-672.33746,507.46378,6.8217554,7.027429
-671.56213,506.83237,6.852933,7.074393
-670.78906,506.1982,6.8983603,7.1037965
-670.0171,505.56274,6.9442945,7.1325793
-669.24506,504.92737,6.99023,7.161363
-668.47174,504.29346,7.0361667,7.1901474
-667.69617,503.6624,7.082104,7.218932
-666.91736,503.03537,7.103381,7.229122
-666.13525,502.41232,7.121716,7.237094
-665.35046,501.79282,7.1400504,7.2450657
-664.5632,501.1764,7.158385,7.253037
-663.77386,500.56253,7.1767187,7.2610083
-662.983,499.9508,7.1851573,7.261472
-662.1907,499.34085,7.192189,7.2608695
-661.39734,498.73224,7.1992216,7.260267
-660.6032,498.12463,7.206254,7.259664
-659.80865,497.5177,7.213286,7.2590613
-659.01385,496.91098,7.2201576,7.2582755
-658.2192,496.30414,7.227011,7.257469
-657.4249,495.6967,7.2338643,7.256663
-656.6315,495.08826,7.240718,7.2558565
-655.8391,494.4784,7.247571,7.2550507
-655.0482,493.8667,7.254602,7.254434
-654.259,493.25278,7.261645,7.2538304
-653.47174,492.63626,7.2686877,7.2532268
-652.6868,492.0168,7.2757306,7.252623
-651.90454,491.39407,7.2827735,7.2520194
-651.1252,490.76776,7.2758303,7.2539377
-650.34875,490.1377,7.268422,7.25594
-649.57544,489.50385,7.2610145,7.257942
-648.8053,488.86612,7.2536063,7.259944
-648.03845,488.2245,7.2461987,7.261946
-647.27496,487.57886,7.1958933,7.2717104
-646.51495,486.9291,7.1444054,7.2816887
-645.75854,486.2752,7.0929174,7.291667
-645.00586,485.617,7.0414295,7.3016453
-644.25696,484.95444,6.989942,7.3116236
-643.5121,484.2874,6.942138,7.3191
-642.7713,483.61588,6.8944793,7.326478
-642.0347,482.9397,6.84682,7.333856
-641.3024,482.25885,6.799161,7.3412347
-640.5746,481.57324,6.7515025,7.348613
-639.8514,480.8828,6.773784,7.3041615
-639.1329,480.18744,6.7999415,7.2568383
-638.4194,479.487,6.8260994,7.209515
-637.71094,478.7813,6.8522573,7.162191
-637.00793,478.07034,6.8784156,7.1148667
-636.31036,477.35394,6.904643,7.067417
-635.6182,476.63232,6.930875,7.0199594
-634.9314,475.90573,6.957106,6.972502
-634.2496,475.17435,6.983338,6.9250455
-633.57263,474.43842,7.0095696,6.877588
-632.90045,473.6982,7.0041733,6.8598294
-632.23267,472.95404,6.9969525,6.843784
-631.56885,472.20627,6.9897323,6.8277383
-630.9088,471.4552,6.982512,6.8116927
-630.252,470.70126,6.9752913,6.795647
-629.59827,469.94473,6.9438267,6.803274
-628.94714,469.18588,6.911343,6.811897
-628.29834,468.42508,6.8788595,6.820519
-627.6516,467.6625,6.8463755,6.829141
-627.00653,466.8985,6.813892,6.8377633
-626.3629,466.13336,6.781261,6.846178
-625.7202,465.36737,6.748626,6.854587
-625.07806,464.60092,6.715991,6.862996
-624.4361,463.83435,6.6833563,6.871405
-623.7938,463.06802,6.650721,6.879814
-623.1509,462.30222,6.618159,6.8882046
-622.5075,461.53687,6.5855985,6.896594
-621.8637,460.7718,6.553038,6.904984
-621.2198,460.00684,6.520478,6.913374
-620.57587,459.24188,6.4879174,6.9217634
-619.9322,458.4767,6.4776945,6.906879
-619.2892,457.71103,6.4681196,6.8913193
-618.64716,456.94452,6.4585443,6.8757596
-618.00653,456.1768,6.4489694,6.8602
-617.3678,455.40753,6.439394,6.8446407
-616.73126,454.6364,6.447801,6.810518
-616.09735,453.86313,6.45698,6.7755976
-615.46643,453.08746,6.466159,6.7406774
-614.83875,452.3091,6.475338,6.7057576
-614.2148,451.5278,6.484517,6.670838
-613.59485,450.7433,6.4938984,6.6356792
-612.9794,449.95526,6.5032907,6.6005073
-612.3689,449.16342,6.5126834,6.5653353
-611.76373,448.36743,6.5220757,6.5301633
-611.1645,447.56702,6.5314684,6.4949913
-610.57153,446.7619,6.5406876,6.4599504
-609.98517,445.952,6.549896,6.4249177
-609.40564,445.13724,6.5591044,6.389885
-608.83307,444.3175,6.568313,6.3548517
-608.2677,443.4928,6.5775223,6.319818
-607.7097,442.66306,6.5354586,6.322368
-607.1588,441.82864,6.4905887,6.3269753
-606.61456,440.98987,6.4457192,6.3315825
-606.0764,440.14713,6.400851,6.3361893
-605.54407,439.30075,6.3559813,6.3407965
-605.017,438.45105,6.305399,6.3496103
-604.49493,437.5983,6.254552,6.3586187
-603.9774,436.74277,6.2037044,6.367627
-603.4641,435.88467,6.152857,6.3766356
-602.9547,435.0243,6.102009,6.385644
-602.4488,434.1618,6.073104,6.3906107
-601.946,433.29755,6.0451016,6.395411
-601.4459,432.4317,6.0170994,6.4002113
-600.94806,431.56458,5.989097,6.405012
-600.452,430.6964,5.961095,6.4098125
-599.9574,429.82742,5.9717193,6.4075027
-599.46387,428.9578,5.983916,6.4049034
-598.9712,428.08774,5.996112,6.402304
-598.47906,427.21735,6.008308,6.399705
-597.98724,426.3468,6.0205045,6.3971057
-597.49536,425.47623,6.0327015,6.394698
-597.00354,424.60565,6.0448985,6.3922987
-596.5118,423.73508,6.0570955,6.3898993
-596.0201,422.8644,6.0692925,6.3875
-595.52856,421.9937,6.08149,6.3851004
-595.0372,421.1229,6.0938797,6.3823175
-594.5459,420.25198,6.106278,6.379518
-594.0549,419.381,6.1186767,6.376718
-593.5639,418.50995,6.131075,6.3739185
-593.07306,417.63882,6.143473,6.371119
-592.58234,416.76764,6.1558723,6.368319
-592.09174,415.8964,6.168272,6.365519
-591.60126,415.02505,6.180671,6.3627195
-591.11084,414.1537,6.193071,6.3599195
-590.62054,413.28226,6.20547,6.3571196
-590.13043,412.41074,6.217679,6.3543196
-589.6404,411.53918,6.2298794,6.3515196
-589.15045,410.66754,6.2420797,6.3487196
-588.6606,409.79587,6.25428,6.345919
-588.1709,408.9241,6.2664804,6.343119
-587.6813,408.0523,6.278873,6.340319
-587.1917,407.18045,6.291274,6.3375187
-586.7023,406.30853,6.303675,6.3347187
-586.21295,405.43655,6.3160763,6.3319182
-585.72375,404.56454,6.3284774,6.329118
-585.2346,403.69244,6.340879,6.326509
-584.74554,402.8203,6.353281,6.323909
-584.2566,401.94812,6.3656826,6.3213086
-583.76776,401.0759,6.3780847,6.318708
-583.279,400.2036,6.3904862,6.3161077
-582.7903,399.33127,6.4028883,6.3133154
-582.3017,398.4589,6.415291,6.310515
-581.8132,397.5865,6.427693,6.3077145
-581.32477,396.714,6.440095,6.304914
-580.8364,395.8415,6.4524975,6.3021135
-580.34814,394.96893,6.4624047,6.299313
-579.8599,394.0963,6.4722066,6.2965126
-579.3718,393.22366,6.4820085,6.2937117
-578.8837,392.35098,6.491811,6.290911
-578.39575,391.47827,6.5016127,6.2881107
-577.9079,390.6055,6.5008473,6.284926
-577.42004,389.7327,6.499647,6.281725
-576.93225,388.85986,6.4984465,6.2785244
-576.4445,387.98697,6.4972463,6.275324
-575.9569,387.11404,6.496046,6.272123
-575.4693,386.24112,6.495038,6.2689223
-574.9818,385.36813,6.494038,6.265722
-574.4943,384.49512,6.4930377,6.262521
-574.0069,383.62207,6.492038,6.2593203
-573.5196,382.749,6.4910374,6.2561197
-573.0323,381.8759,6.489845,6.2531114
-572.54504,381.00275,6.488644,6.2501106
-572.0578,380.12958,6.487444,6.2471104
-571.5707,379.2564,6.4862437,6.2441096
-571.08356,378.38318,6.4850435,6.241109
-570.5965,377.50995,6.4838433,6.2379155
-570.1095,376.6367,6.482643,6.234715
-569.6225,375.7634,6.481443,6.2315145
-569.13556,374.89008,6.4802427,6.228314
-568.6487,374.01675,6.4790425,6.2251134
-568.1618,373.1434,6.4780354,6.221913
-567.675,372.27002,6.477035,6.2187123
-567.18823,371.39664,6.476035,6.2155123
-566.7015,370.52322,6.4750347,6.2123117
-566.2147,369.64978,6.474035,6.209111
-565.728,368.77634,6.4728417,6.206104
-565.24133,367.9029,6.4716415,6.2031035
-564.7547,367.02942,6.4704413,6.2001033
-564.26807,366.15594,6.469241,6.197103
-563.7815,365.28244,6.468041,6.194103
-563.2949,364.40894,6.466841,6.1909094
-562.80835,363.53543,6.465641,6.1877093
-562.3218,362.6619,6.464441,6.1845093
-561.83527,361.78836,6.463241,6.181309
-561.34875,360.91483,6.462041,6.178109
-560.86224,360.04126,6.4610343,6.174909
-560.37573,359.16772,6.4600344,6.1717095
-559.8892,358.29416,6.4590344,6.1685095
-559.4028,357.4206,6.4580345,6.16531
-558.91626,356.54703,6.457034,6.16211
-558.4298,355.67346,6.4558415,6.1591034
-557.94336,354.7999,6.4546413,6.1561036
-557.45685,353.92633,6.4534416,6.1531043
-556.9704,353.05276,6.452242,6.1501045
-556.4839,352.1792,6.451042,6.1471047
-555.99744,351.30563,6.4498425,6.143913
-555.5109,350.43207,6.4486423,6.140713
-555.0244,349.55853,6.4474425,6.137514
-554.5379,348.685,6.446243,6.1343145
-554.05133,347.81146,6.445043,6.1311154
-553.56476,346.93796,6.4440365,6.1279163
-553.0782,346.06445,6.4430366,6.124717
-552.59155,345.19098,6.442037,6.121518
-552.10486,344.31754,6.441037,6.118319
-551.61816,343.4441,6.4400377,6.11512
-551.1314,342.5707,6.4388456,6.1119213
-550.6446,341.69733,6.437646,6.108722
-550.1577,340.82397,6.436446,6.105523
-549.6708,339.95065,6.4352465,6.1023245
-549.1838,339.07736,6.434047,6.0991254
-548.6967,338.20413,6.4330397,6.096119
-548.2096,337.33093,6.4320397,6.0931196
-547.7224,336.45776,6.4310403,6.090121
-547.23517,335.58463,6.430041,6.087122
-546.7478,334.71155,6.429041,6.084123
-546.2604,333.83853,6.42785,6.0809326
-545.7728,332.96555,6.42665,6.0777335
-545.2852,332.09262,6.425451,6.074535
-544.79755,331.21973,6.424251,6.0713363
-544.3097,330.34692,6.4230514,6.068137
-543.8218,329.47415,6.421852,6.0649385
-543.33374,328.60144,6.4206524,6.0617394
-542.84564,327.72882,6.4194527,6.058541
-542.35736,326.85623,6.418253,6.0553417
-541.86896,325.98373,6.4170537,6.0521426
-541.3805,325.1113,6.416045,6.0491347
-540.89185,324.23895,6.4150453,6.046136
-540.4031,323.36667,6.414046,6.0431366
-539.9142,322.49445,6.413046,6.040138
-539.4252,321.6223,6.4120464,6.0371385
-538.936,320.75024,6.410856,6.0339484
-538.44666,319.8783,6.409656,6.0307493
-537.95715,319.0064,6.4084563,6.02755
-537.4675,318.13458,6.4072566,6.024351
-536.9777,317.26288,6.406057,6.021152
-536.4878,316.39127,6.404857,6.0179524
-535.9977,315.51974,6.4036574,6.014753
-535.5073,314.64832,6.4024577,6.0115533
-535.0169,313.777,6.4012575,6.008354
-534.52625,312.90576,6.400058,6.0051546
-534.0354,312.03464,6.3990483,6.0021453
-533.5444,311.16364,6.3980484,5.999145
-533.05316,310.29272,6.3970485,5.9961452
-532.56177,309.4219,6.3960485,5.9931455
-532.0701,308.55124,6.3950486,5.9901457
-531.5783,307.68066,6.3938584,5.986955
-531.0863,306.81018,6.392658,5.983755
-530.5941,305.93985,6.391458,5.980555
-530.1016,305.06964,6.390258,5.9773545
-529.609,304.19955,6.389058,5.9741545
-529.1161,303.3296,6.387858,5.970954
-528.623,302.45975,6.386657,5.9677534
-528.12964,301.59003,6.385457,5.9645524
-527.6361,300.72046,6.384257,5.961352
-527.1423,299.851,6.3830566,5.9581513
-526.64825,298.98172,6.3820467,5.9551406
-526.15393,298.11255,6.3810463,5.9521394
-525.65936,297.24353,6.380046,5.949138
-525.16455,296.37463,6.379046,5.9461374
-524.6695,295.50592,6.3780456,5.943136
-524.1742,294.63733,6.376854,5.9399433
-523.6786,293.7689,6.3756533,5.936742
-523.18274,292.90063,6.3744526,5.93354
-522.68665,292.0325,6.373252,5.930338
-522.19025,291.16455,6.3720512,5.9271364
-521.69354,290.29675,6.37085,5.923934
-521.1966,289.4291,6.3696494,5.9207315
-520.6993,288.56165,6.3684483,5.917529
-520.2018,287.69434,6.3672476,5.9143267
-519.7039,286.82718,6.3660464,5.911124
-519.20575,285.96024,6.365038,5.9081135
-518.70734,285.09344,6.3640366,5.9051104
-518.20856,284.22684,6.3630357,5.9021072
-517.7095,283.36038,6.362035,5.8991046
-517.2101,282.49417,6.361034,5.8961015
-516.7103,281.6281,6.359839,5.8929043
-516.21027,280.76227,6.358638,5.8897004
-515.7099,279.89658,6.357436,5.8864965
-515.20917,279.03107,6.3562346,5.8832927
-514.70825,278.16574,6.3550334,5.880089
-514.2069,277.3006,6.3298745,5.932977
-513.705,276.43582,6.3040347,5.9874616
-513.202,275.57166,6.278195,6.041946
-512.6977,274.70828,6.252355,6.09643
-512.1916,273.84595,6.226515,6.150914
-511.68332,272.98486,6.2128386,6.1910906
-511.17252,272.1253,6.19941,6.2309766
-510.65878,271.2675,6.185981,6.2708626
-510.1417,270.41168,6.172552,6.310748
-509.62085,269.55817,6.1591234,6.3506336
-509.09586,268.70718,6.208676,6.29278
-508.56638,267.85898,6.258812,6.2340207
-508.03204,267.01385,6.3089476,6.1752615
-507.49243,266.17206,6.3590837,6.1165023
-506.94724,265.3339,6.4090805,6.057938
-506.3961,264.49963,6.4275246,6.043704
-505.8386,263.6696,6.445968,6.02947
-505.27438,262.84412,6.464412,6.015236
-504.70306,262.02353,6.4828563,6.0010023
-504.12427,261.2082,6.500114,5.988434
-503.5377,260.39844,6.4457073,6.0764437
-502.94318,259.59448,6.391302,6.1644526
-502.3406,258.79657,6.3368964,6.2524614
-501.7299,258.00485,6.282491,6.3404703
-501.11093,257.2196,6.2284565,6.427986
-500.4836,256.44098,6.1961365,6.4866414
-499.84802,255.66908,6.163816,6.5452967
-499.20425,254.90402,6.131496,6.603952
-498.5524,254.14584,6.099176,6.6626067
-497.8925,253.39465,6.067264,6.720727
-497.22464,252.65051,6.1264863,6.6595106
-496.54886,251.91356,6.1857085,6.5982943
-495.86523,251.1839,6.244931,6.537078
-495.17374,250.46165,6.304154,6.475861
-494.47446,249.74698,6.363376,6.4146447
-493.76743,249.03998,6.4220905,6.3535385
-493.0526,248.3408,6.480799,6.2924337
-492.3301,247.64961,6.5395074,6.231329
-491.5999,246.96654,6.598216,6.170224
-490.86206,246.29175,6.656924,6.10912
-490.1166,245.6254,6.641285,6.1017075
-489.36356,244.96759,6.624258,6.095297
-488.60306,244.31844,6.6072307,6.0888867
-487.83517,243.67804,6.5902033,6.0824766
-487.05997,243.04651,6.573175,6.076066
-486.27762,242.42386,6.5562925,6.0696354
-485.4886,241.80971,6.539412,6.0632043
-484.6934,241.20354,6.5225315,6.0567737
-483.89258,240.60481,6.505651,6.050343
-483.08664,240.01302,6.4886446,6.0442815
-482.27603,239.4276,6.46252,6.0649805
-481.46127,238.848,6.436394,6.08568
-480.64276,238.27371,6.410269,6.1063795
-479.82098,237.70412,6.384143,6.127079
-478.9963,237.13869,6.357921,6.148079
-478.1692,236.57686,6.3292394,6.1767607
-477.34003,236.01808,6.300557,6.205443
-476.50912,235.46185,6.2718754,6.2341247
-475.67688,234.90764,6.2431936,6.2628064
-474.84366,234.35493,6.2156367,6.2904983
-474.0098,233.80313,6.2086368,6.3000984
-473.17584,233.2515,6.2016363,6.309699
-472.3423,232.69925,6.194636,6.319299
-471.50967,232.14563,6.1876354,6.3289003
-470.67847,231.58986,6.181229,6.337969
-469.849,231.0315,6.1856165,6.3373704
-469.02075,230.47133,6.1900043,6.336772
-468.19302,229.91042,6.1943917,6.336174
-467.3651,229.34975,6.198779,6.3355756
-466.53632,228.79037,6.2038927,6.334493
-465.70587,228.23352,6.22744,6.321123
-464.87247,227.68103,6.2509875,6.3077526
-464.03488,227.13495,6.2745366,6.2943816
-463.19183,226.5973,6.2980876,6.2810097
-462.34216,226.07024,6.322531,6.2670608
-461.485,225.55548,6.3790092,6.232413
-460.62027,225.05344,6.435481,6.1977687
-459.74823,224.56422,6.4919505,6.163126
-458.8691,224.08789,6.5484195,6.128484
-457.98306,223.62456,6.60394,6.0945635
-457.09036,223.17416,6.632015,6.0815287
-456.19153,222.73616,6.6600904,6.068494
-455.28708,222.30984,6.6881657,6.0554585
-454.37753,221.89452,6.7162404,6.042424
-453.46338,221.48947,6.7398705,6.032829
-452.54498,221.09406,6.6730456,6.0932317
-451.62262,220.70804,6.6062193,6.153637
-450.69644,220.33125,6.5393915,6.2140427
-449.76663,219.96353,6.4725637,6.2744484
-448.83337,219.60468,6.4059787,6.3345733
-447.8968,219.25453,6.342958,6.390569
-446.95706,218.91298,6.2799377,6.446565
-446.01428,218.57994,6.2169175,6.5025606
-445.06854,218.25531,6.1538973,6.558556
-444.12003,217.93898,6.099472,6.6046042
-443.1688,217.63084,6.1421833,6.538232
-442.215,217.33076,6.184894,6.471859
-441.25876,217.03862,6.2276053,6.4054866
-440.30014,216.75427,6.2703166,6.3391137
-439.3393,216.4776,6.3113227,6.2765074
-438.3763,216.20845,6.335952,6.2500763
-437.41132,215.9467,6.360581,6.2236447
-436.44434,215.69221,6.38521,6.1972136
-435.47552,215.44487,6.409839,6.170782
-434.50497,215.20453,6.4321804,6.1493044
-433.5327,214.97105,6.43398,6.1722975
-432.5589,214.74431,6.435779,6.19529
-431.58353,214.52417,6.4375787,6.218283
-430.60675,214.31049,6.4393783,6.241276
-429.6286,214.10312,6.440527,6.262394
-428.64917,213.90195,6.4357343,6.266388
-427.6685,213.70683,6.4309416,6.270382
-426.68668,213.51764,6.426149,6.274376
-425.70374,213.33423,6.421356,6.27837
-424.7198,213.15645,6.4160724,6.2809815
-423.73486,212.98418,6.4058933,6.2698045
-422.749,212.81729,6.3957143,6.2586274
-421.76227,212.65567,6.385535,6.24745
-420.7747,212.49916,6.3753557,6.236273
-419.78635,212.34767,6.3649826,6.225047
-418.79727,212.20105,6.352403,6.2132664
-417.8075,212.05914,6.3398237,6.2014856
-416.8171,211.9218,6.3272443,6.1897054
-415.82608,211.78883,6.3146653,6.1779246
-414.83453,211.66013,6.301954,6.1665206
-413.84244,211.53552,6.2875543,6.1599207
-412.84982,211.415,6.2731547,6.153321
-411.85675,211.29855,6.2587557,6.1467214
-410.8632,211.18619,6.244356,6.1401215
-409.8692,211.07788,6.2294316,6.135786
-408.87476,210.97371,6.2077827,6.160442
-407.87985,210.87395,6.186134,6.1850977
-406.8845,210.77893,6.164485,6.2097535
-405.88864,210.68898,6.1428356,6.2344093
-404.89233,210.60443,6.121184,6.259052
-403.89557,210.52559,6.099497,6.2835503
-402.89835,210.45276,6.07781,6.3080482
-401.90067,210.38618,6.056123,6.3325467
-400.9026,210.32617,6.0344357,6.3570447
-399.9041,210.27298,6.021882,6.3734317
-398.9053,210.22688,6.088183,6.3197885
-397.90616,210.18816,6.1544833,6.266145
-396.90677,210.1571,6.2207837,6.212502
-395.90714,210.13397,6.287084,6.1588593
-394.90738,210.11906,6.352129,6.1062155
-393.9075,210.11266,6.4085035,6.060474
-392.90762,210.115,6.4648776,6.014733
-391.9078,210.1264,6.521252,5.9689913
-390.90814,210.14711,6.5776267,5.9232492
-389.9087,210.1774,6.620325,5.8887105
-388.90964,210.21744,6.580343,5.9218955
-387.91098,210.26723,6.540361,5.9550805
-386.91287,210.32666,6.500379,5.9882655
-385.91537,210.39569,6.4603977,6.02145
-384.91858,210.47423,6.4205713,6.0546217
-383.92258,210.5622,6.3816996,6.087712
-382.92743,210.65955,6.3428283,6.120803
-381.93326,210.76617,6.3039565,6.1538935
-380.9401,210.882,6.2650847,6.186984
-379.94806,211.00699,6.226267,6.220071
-378.95718,211.14102,6.1878324,6.2531285
-377.9676,211.28407,6.1493974,6.2861867
-376.97934,211.43608,6.110963,6.3192444
-375.99246,211.59698,6.072528,6.352302
-375.0071,211.76672,6.0392156,6.380845
-374.0233,211.94524,6.0511765,6.369482
-373.04108,212.1325,6.0631375,6.3581195
-372.0606,212.32849,6.0750985,6.3467565
-371.08188,212.53313,6.087059,6.335394
-370.105,212.7464,6.1007447,6.3225107
-369.13004,212.96825,6.1329284,6.293326
-368.15707,213.19864,6.165112,6.2641406
-367.18613,213.43756,6.1972957,6.234956
-366.21735,213.68495,6.229479,6.2057705
-365.25073,213.94081,6.258884,6.1779723
-364.2864,214.20508,6.257481,6.165548
-363.32443,214.47774,6.2560782,6.1531234
-362.36484,214.75871,6.254676,6.1406994
-361.4077,215.048,6.253273,6.128275
-360.45313,215.34555,6.251573,6.1159973
-359.50113,215.6513,6.2469563,6.105159
-358.55182,215.96523,6.24234,6.0943203
-357.6052,216.2873,6.2377234,6.0834813
-356.6614,216.61743,6.233107,6.072643
-355.72043,216.95561,6.2339425,6.0604954
-354.78238,217.30179,6.2787395,6.0377955
-353.84732,217.6559,6.323537,6.0150957
-352.91525,218.01791,6.368334,5.992396
-351.9863,218.38777,6.413131,5.969696
-351.0605,218.76544,6.459179,5.9467564
-350.13785,219.15085,6.5134254,5.922245
-349.2185,219.54396,6.5676723,5.897733
-348.30243,219.94472,6.6219187,5.873222
-347.38974,220.35307,6.6761656,5.8487105
-346.48044,220.76897,6.716706,5.8348203
-345.57465,221.19237,6.6825666,5.8788
-344.67233,221.6232,6.648427,5.9227796
-343.7736,222.06142,6.6142874,5.9667587
-342.87845,222.50697,6.580148,6.0107384
-341.987,222.9598,6.5441136,6.0562243
-341.09924,223.41986,6.499175,6.108786
-340.2152,223.88708,6.4542365,6.1613483
-339.33502,224.36143,6.409298,6.2139106
-338.45865,224.84283,6.3643594,6.2664723
-337.58618,225.33125,6.3222632,6.314813
-336.71762,225.82663,6.292215,6.345262
-335.85303,226.32889,6.262166,6.3757114
-334.99246,226.838,6.2321177,6.406161
-334.13596,227.3539,6.202069,6.43661
-333.2835,227.87651,6.1801887,6.4552307
-332.4352,228.4058,6.191186,6.4262376
-331.59106,228.94171,6.2021832,6.3972445
-330.75113,229.4842,6.2131805,6.368252
-329.91547,230.0332,6.224178,6.339259
-329.08405,230.58867,6.235171,6.310277
-328.257,231.15057,6.2461476,6.281338
-327.43433,231.71889,6.2571244,6.2523994
-326.61612,232.29361,6.268101,6.2234607
-325.80243,232.87474,6.279078,6.1945224
-324.99338,233.46225,6.291545,6.1668577
-324.18896,234.05614,6.3104854,6.144727
-323.3893,234.6564,6.329426,6.1225967
-322.59445,235.26303,6.3483663,6.1004667
-321.8045,235.87602,6.367307,6.0783362
-321.01953,236.49535,6.38758,6.0573683
-320.23956,237.121,6.414293,6.0420184
-319.46475,237.75298,6.441005,6.0266685
-318.6951,238.39128,6.467718,6.0113187
-317.93076,239.0359,6.4944305,5.995969
-317.17175,239.68681,6.521115,5.9805865
-316.41818,240.34402,6.547645,5.965028
-315.67017,241.00752,6.5741754,5.9494686
-314.92776,241.6773,6.6007056,5.9339094
-314.19107,242.35335,6.627236,5.91835
-313.46014,243.03566,6.649291,5.905142
-312.73514,243.72423,6.644298,5.9061403
-312.0161,244.41904,6.6393046,5.907139
-311.30316,245.12009,6.6343117,5.908138
-310.59637,245.82735,6.6293187,5.9091363
-309.89584,246.54082,6.616999,5.9140277
-309.2017,247.2605,6.557779,5.9438376
-308.51404,247.98636,6.498559,5.9736476
-307.83295,248.7184,6.439339,6.0034575
-307.15854,249.4566,6.3801193,6.033268
-306.4909,250.20096,6.3208556,6.063086
-305.8302,250.95145,6.261318,6.0929546
-305.17648,251.70804,6.2017813,6.1228237
-304.5299,252.47072,6.1422443,6.1526923
-303.89053,253.23947,6.0827074,6.182561
-303.25848,254.01424,6.026727,6.210711
-302.63385,254.79503,5.9911747,6.2289896
-302.0168,255.58182,5.9556217,6.247268
-301.40753,256.3746,5.9200687,6.265547
-300.8061,257.17337,5.8845153,6.2838254
-300.21268,257.97815,5.8684635,6.2925415
-299.62735,258.78882,5.947738,6.2545137
-299.0501,259.60522,6.0270123,6.2164865
-298.4808,260.42722,6.106286,6.178459
-297.91937,261.2546,6.18556,6.140432
-297.36572,262.0872,6.26142,6.1042123
-296.8197,262.92484,6.3236,6.075235
-296.28116,263.7673,6.38578,6.046258
-295.7499,264.61438,6.44796,6.017281
-295.22574,265.46585,6.5101395,5.9883037
-294.70844,266.32153,6.5561028,5.9678974
-294.19778,267.18118,6.547864,5.976136
-293.69363,268.04468,6.539625,5.984375
-293.19574,268.91177,6.5313864,5.992614
-292.70395,269.78235,6.5231476,6.0008526
-292.21802,270.65622,6.514913,6.009036
-291.7378,271.53323,6.5066924,6.017056
-291.263,272.4132,6.4984717,6.025076
-290.7935,273.29602,6.4902515,6.0330963
-290.32898,274.18146,6.482031,6.041116
-289.86932,275.06943,6.473176,6.0482254
-289.41425,275.95975,6.4625745,6.0528264
-288.96353,276.8523,6.451973,6.057427
-288.517,277.74692,6.4413714,6.0620275
-288.0744,278.64352,6.43077,6.066628
-287.63553,279.54196,6.420068,6.0709596
-287.20016,280.44208,6.4090886,6.074553
-286.7681,281.34378,6.3981094,6.078146
-286.33905,282.24695,6.3871307,6.081739
-285.91287,283.15146,6.3761516,6.0853324
-285.4893,284.0572,6.365125,6.0889754
-285.06808,284.96405,6.3539615,6.092763
-284.64905,285.8719,6.342798,6.0965505
-284.23196,286.78064,6.3316345,6.1003385
-283.81662,287.6902,6.3204713,6.104126
-283.4028,288.6004,6.3093567,6.107865
-282.99023,289.51123,6.298397,6.111452
-282.57874,290.42252,6.2874374,6.115039
-282.16806,291.33417,6.2764773,6.1186256
-281.75793,292.24606,6.2655177,6.1222124
-281.34818,293.15814,6.254512,6.125844
-280.9385,294.07025,6.2433457,6.129633
-280.5288,294.98236,6.232179,6.1334214
-280.1189,295.89435,6.2210126,6.13721
-279.70862,296.80618,6.209846,6.140999
-279.29782,297.7178,6.198718,6.144747
-278.8864,298.62912,6.187737,6.1483407
-278.47433,299.54016,6.176756,6.1519346
-278.06165,300.4509,6.1657743,6.1555285
-277.64835,301.36136,6.1547933,6.159122
-277.2344,302.27155,6.1437697,6.162717
-276.8199,303.18146,6.132576,6.166315
-276.40475,304.0911,6.1213818,6.169913
-275.98895,305.00043,6.110188,6.173511
-275.5725,305.9095,6.0989943,6.177109
-275.15536,306.8182,6.0878377,6.180747
-274.73755,307.7266,6.0768332,6.1845484
-274.319,308.63467,6.065829,6.18835
-273.89975,309.54242,6.0548244,6.1921515
-273.47977,310.44983,6.04382,6.1959534
-273.05905,311.3569,6.032973,6.199517
-272.63754,312.2636,6.022761,6.20212
-272.2153,313.16995,6.012549,6.204723
-271.79227,314.07596,6.002337,6.207326
-271.36844,314.98157,5.9921255,6.209929
-270.94382,315.8868,5.9835086,6.2109766
-270.51837,316.79166,5.981105,6.205968
-270.0921,317.69614,5.9787006,6.2009597
-269.66498,318.60022,5.9762964,6.195951
-269.23697,319.50388,5.973892,6.190943
-268.80814,320.40714,5.9714456,6.185891
-268.3784,321.30997,5.96884,6.1806808
-267.94778,322.21237,5.966235,6.17547
-267.51624,323.11432,5.9636297,6.1702595
-267.0838,324.01587,5.9610243,6.165049
-266.65042,324.91696,5.9584193,6.159883
-266.2161,325.8176,5.9558134,6.1548724
-265.78082,326.71777,5.953208,6.149862
-265.34457,327.61746,5.9506025,6.1448507
-264.90735,328.5167,5.947997,6.13984
-264.46915,329.41544,5.9453917,6.1348295
-264.0299,330.3137,5.942786,6.12982
-263.58966,331.21143,5.940181,6.1248097
-263.1484,332.1087,5.937576,6.1197996
-262.70612,333.00546,5.9349704,6.1147895
-262.26282,333.9017,5.9323654,6.109731
-261.81842,334.7974,5.929761,6.104522
-261.37265,335.6924,5.9271564,6.0993133
-260.9253,336.58664,5.924552,6.094104
-260.47604,337.47992,5.9219475,6.088895
-260.02466,338.37213,5.919343,6.083737
-259.57086,339.26312,5.916739,6.078729
-259.1144,340.15274,5.914135,6.0737214
-258.655,341.04083,5.911531,6.068713
-258.19235,341.92725,5.908927,6.0637054
-257.72623,342.81183,5.9041357,6.0665092
-257.25632,343.69443,5.8931212,6.0915422
-256.78238,344.57486,5.882107,6.116575
-256.3042,345.453,5.871093,6.1416078
-255.82146,346.32864,5.8600783,6.1666408
-255.33395,347.20163,5.846879,6.199296
-254.84142,348.07178,5.827669,6.2529235
-254.34357,348.9389,5.8084593,6.306551
-253.84018,349.80283,5.7892494,6.360178
-253.33098,350.66336,5.7700396,6.4138055
-252.8157,351.52026,5.761859,6.450689
-252.29416,352.37335,5.783629,6.4421005
-251.76619,353.22247,5.8053985,6.4335127
-251.23164,354.06747,5.8271685,6.4249244
-250.6904,354.9082,5.848938,6.4163365
-250.14232,355.74448,5.877233,6.3978715
-249.5873,356.57617,5.9238915,6.3516116
-249.02524,357.40314,5.97055,6.305352
-248.45613,358.22528,6.017208,6.259093
-247.87988,359.0424,6.063866,6.2128334
-247.29645,359.85443,6.109736,6.167658
-246.70576,360.6612,6.1532025,6.125787
-246.10776,361.46252,6.1966686,6.0839157
-245.50237,362.2583,6.240135,6.042044
-244.88951,363.04837,6.2836013,6.000173
-244.26913,363.83252,6.318526,5.969988
-243.64114,364.6106,6.325113,5.9785714
-243.00551,365.38242,6.3317003,5.987155
-242.36212,366.14783,6.3382874,5.9957385
-241.71095,366.90662,6.344875,6.0043216
-241.05194,367.65857,6.3514647,6.0129085
-240.38501,368.40353,6.358063,6.021507
-239.71014,369.14133,6.364662,6.0301056
-239.0273,369.87173,6.371261,6.038704
-238.33646,370.59457,6.37786,6.0473022
-237.63757,371.30963,6.371264,6.0664444
-236.93066,372.01678,6.3181815,6.1227317
-236.21584,372.7159,6.2650995,6.179019
-235.4932,373.40698,6.2120175,6.235306
-234.76286,374.0899,6.158936,6.2915926
-234.02493,374.7646,6.104233,6.3491344
-233.2795,375.431,6.0440655,6.410906
-232.52669,376.08905,5.983898,6.4726777
-231.76657,376.73868,5.923731,6.5344496
-230.99927,377.37976,5.8635635,6.5962214
-230.22485,378.01227,5.8147845,6.646069
-229.44345,378.6361,5.8015375,6.6587143
-228.65517,379.25122,5.7882905,6.671359
-227.86008,379.8575,5.7750435,6.684004
-227.0583,380.45496,5.7617965,6.6966486
-226.24994,381.04346,5.7599497,6.6972136
-225.4351,381.62292,5.7904687,6.663482
-224.61388,382.19333,5.8209877,6.6297507
-223.78638,382.75458,5.8515067,6.5960193
-222.95271,383.30664,5.8820257,6.5622873
-222.11296,383.84943,5.9117575,6.529006
-221.26726,384.38284,5.939464,6.496882
-220.4157,384.90686,5.967171,6.464758
-219.55838,385.42142,5.9948783,6.432634
-218.69542,385.92645,6.022585,6.40051
-217.8269,386.42188,6.044102,6.371934
-216.95294,386.90765,6.0511265,6.351664
-216.07367,387.38373,6.0581503,6.3313947
-215.18916,387.85,6.0651746,6.311125
-214.29953,388.30643,6.072199,6.2908554
-213.4049,388.753,6.079221,6.270591
-212.50537,389.18958,6.0862393,6.250338
-211.60104,389.61615,6.093258,6.230085
-210.69203,390.03262,6.100276,6.209832
-209.77844,390.439,6.1072946,6.189579
-208.8604,390.83514,6.1178074,6.174218
-207.93797,391.22104,6.135432,6.168811
-207.01132,391.59665,6.1530557,6.1634035
-206.08055,391.9619,6.1706796,6.157996
-205.14577,392.3168,6.1883035,6.152589
-204.20709,392.66125,6.207734,6.1497397
-203.26462,392.9952,6.2307286,6.1519394
-202.31845,393.31854,6.2537236,6.1541386
-201.36867,393.63107,6.2767186,6.156338
-200.41536,393.93268,6.2997136,6.158538
-199.45862,394.22324,6.314464,6.16777
-198.49855,394.50253,6.3128657,6.1909485
-197.53523,394.77045,6.311267,6.214127
-196.56876,395.02676,6.3096685,6.2373056
-195.59923,395.27124,6.30807,6.260484
-194.62675,395.50375,6.281229,6.304877
-193.65144,395.72406,6.203275,6.392225
-192.67342,395.932,6.1253214,6.4795732
-191.69281,396.12738,6.047368,6.566921
-190.70975,396.30997,5.969414,6.654269
-189.72435,396.4796,5.925649,6.70553
-188.7368,396.63608,5.95205,6.6827292
-187.74721,396.77917,5.978451,6.659929
-186.75574,396.90866,6.004852,6.637128
-185.76257,397.0243,6.031253,6.6143274
-184.76787,397.12585,6.0684066,6.5803146
-183.7718,397.21317,6.127613,6.5233088
-182.77458,397.2861,6.186819,6.4663024
-181.77643,397.3446,6.2460256,6.4092965
-180.77751,397.38852,6.305232,6.35229
-179.77806,397.4178,6.3458533,6.3117685
-178.77827,397.43234,6.348452,6.3049717
-177.7784,397.43234,6.351051,6.2981753
-176.77863,397.4179,6.353649,6.2913785
-175.77916,397.38916,6.356248,6.284582
-174.7802,397.34625,6.353833,6.282344
-173.78195,397.28925,6.341043,6.2895384
-172.78459,397.21823,6.3282533,6.2967324
-171.78833,397.13333,6.315463,6.303927
-170.79333,397.03458,6.3026733,6.3111215
-169.7998,396.9221,6.2822866,6.3256536
-168.8079,396.7959,6.245896,6.355646
-167.81786,396.65613,6.209505,6.3856387
-166.82979,396.50284,6.173114,6.4156313
-165.84392,396.3361,6.136723,6.445624
-164.86038,396.15594,6.1073766,6.4727426
-163.8794,395.96252,6.092956,6.4937725
-162.90111,395.75586,6.0785356,6.5148025
-161.92569,395.53604,6.064115,6.5358324
-160.95331,395.30316,6.0496945,6.5568624
-159.98413,395.05725,6.0491414,6.572118
-159.01833,394.79843,6.077035,6.5755296
-158.05606,394.5268,6.1049285,6.578941
-157.09746,394.24246,6.132822,6.582352
-156.14267,393.94556,6.1607156,6.585764
-155.19186,393.63617,6.188617,6.589176
-154.24516,393.31442,6.216534,6.5925903
-153.30272,392.9804,6.244451,6.596005
-152.36465,392.63428,6.272368,6.599419
-151.4311,392.27615,6.300285,6.6028333
-150.50223,391.9061,6.3193946,6.606835
-149.57813,391.52426,6.3232102,6.6118555
-148.65892,391.1308,6.327026,6.616876
-147.74475,390.72574,6.3308415,6.6218967
-146.83572,390.3093,6.334657,6.6269174
-145.93196,389.88153,6.3298736,6.6324015
-145.03358,389.44257,6.311411,6.6386223
-144.14072,388.99252,6.2929482,6.6448436
-143.25343,388.53156,6.274485,6.651065
-142.37187,388.05972,6.2560225,6.657286
-141.49612,387.57718,6.2375674,6.663585
-140.62631,387.08405,6.219125,6.67
-139.76251,386.58044,6.200682,6.676415
-138.90485,386.06647,6.182239,6.68283
-138.05342,385.54224,6.1637964,6.6892447
-137.2083,385.00787,6.14694,6.692419
-136.36961,384.46347,6.1323247,6.6910176
-135.53743,383.90918,6.1177087,6.6896157
-134.71187,383.3451,6.103093,6.6882143
-133.893,382.7713,6.0884776,6.686813
-133.08093,382.18793,6.0748773,6.6832285
-132.27574,381.59512,6.0626793,6.6766295
-131.47754,380.99292,6.0504813,6.670031
-130.68639,380.3815,6.0382833,6.663432
-129.90239,379.76093,6.0260854,6.656833
-129.12563,379.13132,6.013893,6.650237
-128.35619,378.49277,6.0017085,6.643646
-127.59416,377.8454,5.989524,6.637054
-126.83964,377.18933,5.9773393,6.630462
-126.0927,376.5246,5.965155,6.623871
-125.353424,375.85138,5.9757137,6.599897
-124.62191,375.1697,6.018627,6.551195
-123.898254,374.47974,6.061541,6.502493
-123.18257,373.78146,6.1044545,6.453791
-122.474945,373.07504,6.147368,6.4050894
-121.77549,372.36053,6.1943054,6.3532476
-121.08431,371.638,6.247211,6.2967486
-120.40152,370.90756,6.300116,6.2402496
-119.72724,370.16925,6.3530216,6.18375
-119.06159,369.42313,6.405927,6.127251
-118.40468,368.6693,6.4437466,6.0872536
-117.75663,367.90787,6.458339,6.072661
-117.11755,367.1389,6.472932,6.058068
-116.487564,366.36243,6.487525,6.043475
-115.86677,365.5786,6.5021176,6.0288825
-115.25528,364.7875,6.4822288,6.051829
-114.65324,363.9892,6.408704,6.133167
-114.06084,363.1837,6.335179,6.214505
-113.478264,362.37106,6.261653,6.295844
-112.90571,361.55133,6.1881266,6.377184
-112.34337,360.72458,6.114518,6.458615
-111.79129,359.89093,6.0407863,6.540182
-111.24936,359.05063,5.9670553,6.621748
-110.71743,358.20398,5.893325,6.703314
-110.19536,357.35123,5.8195934,6.78488
-109.68299,356.49258,5.7721586,6.833614
-109.180046,355.62842,5.7606945,6.8374352
-108.686066,354.75906,5.7492304,6.8412566
-108.20058,353.88495,5.7377667,6.845078
-107.7231,353.00644,5.7263026,6.848899
-107.25314,352.1239,5.7200904,6.846116
-106.79025,351.2376,5.720291,6.8352685
-106.33397,350.3479,5.7204924,6.8244205
-105.883865,349.45505,5.720693,6.813573
-105.43948,348.55933,5.720894,6.802725
-105.00037,347.66104,5.7210946,6.791887
-104.56604,346.7604,5.7212954,6.7810597
-104.13602,345.8577,5.7214956,6.770232
-103.70981,344.95322,5.7216964,6.759405
-103.28691,344.04715,5.7218966,6.7485776
-102.86682,343.1398,5.722097,6.737758
-102.44908,342.23135,5.722297,6.7269473
-102.03326,341.32202,5.7224975,6.716136
-101.618935,340.41202,5.7226977,6.7053246
-101.20568,339.50153,5.722898,6.6945133
-100.79308,338.59073,5.723098,6.6837063
-100.38091,337.67975,5.723298,6.6729035
-99.96916,336.7686,5.7234983,6.6621003
-99.55783,335.8572,5.723698,6.6512976
-99.14691,334.94568,5.7238984,6.6404943
-98.736404,334.03394,5.724098,6.629694
-98.32629,333.12204,5.724298,6.6188965
-97.91651,332.20996,5.7244983,6.608099
-97.507034,331.29776,5.724698,6.5973015
-97.09781,330.38547,5.724898,6.586504
-96.6888,329.47305,5.725098,6.5757084
-96.27995,328.56058,5.725298,6.5649147
-95.87125,327.648,5.7254977,6.554121
-95.46265,326.73544,5.7256975,6.5433273
-95.054115,325.8228,5.7258973,6.5325336
-94.64562,324.91016,5.7260976,6.521838
-94.23714,323.99753,5.7262974,6.511246
-93.82861,323.0849,5.726497,6.5006547
-93.42001,322.1723,5.726697,6.4900627
-93.011314,321.25977,5.726897,6.4794707
-92.60246,320.3473,5.7270966,6.4687824
-92.19344,319.43488,5.7272964,6.4579906
-91.7842,318.52258,5.727496,6.4471993
-91.37471,317.61038,5.727696,6.4364076
-90.96494,316.69833,5.727896,6.4256163
-90.554855,315.7864,5.728096,6.414824
-90.14441,314.87463,5.728296,6.404031
-89.733574,313.96304,5.7284956,6.3932376
-89.3223,313.05167,5.7286954,6.382445
-88.91056,312.14047,5.728895,6.3716516
-88.49831,311.22952,5.7290955,6.360857
-88.08552,310.31885,5.7292953,6.3500605
-87.67216,309.4084,5.729495,6.3392644
-87.25821,308.4982,5.729695,6.328468
-86.84365,307.58832,5.729895,6.317672
-86.42845,306.6787,5.730095,6.306873
-86.01257,305.7694,5.730295,6.296072
-85.59592,304.86047,5.730495,6.2852707
-85.17841,303.9519,5.730695,6.27447
-84.75999,303.0438,5.730895,6.2636685
-84.34056,302.1361,5.7310953,6.2528644
-83.92032,301.22882,5.731295,6.242058
-83.49971,300.32172,5.7314954,6.2312512
-83.0792,299.41455,5.7316957,6.220445
-82.65925,298.50714,5.7318954,6.209639
-82.24033,297.5992,5.7320957,6.1988363
-81.823265,296.69046,5.7322955,6.188037
-81.4092,295.78033,5.732496,6.1772375
-80.99933,294.86832,5.7326956,6.166437
-80.594826,293.95392,5.732896,6.155636
-80.19686,293.03665,5.7330956,6.1448464
-79.80553,292.11652,5.733295,6.134071
-79.41979,291.19403,5.7334948,6.123296
-79.03855,290.26968,5.733694,6.112522
-78.660706,289.34393,5.7338934,6.10175
-78.285034,288.4173,5.7950025,6.0728545
-77.90743,287.49146,5.9258714,6.023201
-77.520706,286.5694,6.0567646,5.973538
-77.117546,285.6544,6.1876836,5.923865
-76.69084,284.75018,6.318574,5.874203
-76.2339,283.86087,6.408015,5.8612137
-75.74241,282.99017,6.454744,5.8860135
-75.21419,282.1413,6.501468,5.91081
-74.64724,281.31778,6.548221,5.9356217
-74.03977,280.5237,6.595014,5.960455
-73.390564,279.76343,6.5642548,6.032994
-72.70206,279.03848,6.485125,6.1352534
-71.979034,278.34793,6.406063,6.2374263
-71.22592,277.69034,6.327062,6.3395195
-70.44667,277.06387,6.2480755,6.441595
-69.644775,276.46667,6.239037,6.444351
-68.82277,275.8975,6.2625456,6.4008904
-67.98267,275.35532,6.2860646,6.35741
-67.12637,274.83914,6.3095875,6.3139224
-66.255615,274.34772,6.3331122,6.270431
-65.37201,273.87976,6.3776903,6.268617
-64.47697,273.43408,6.435051,6.2921095
-63.57175,273.00946,6.492408,6.3156004
-62.65751,272.6046,6.5497584,6.339089
-61.735306,272.21823,6.6071067,6.362576
-60.806103,271.849,6.64828,6.3790445
-59.870544,271.4962,6.6741385,6.3888664
-58.929024,271.15958,6.6999993,6.3986897
-57.981926,270.83902,6.7258606,6.408513
-57.029602,270.53433,6.751721,6.418336
-56.072403,270.24533,6.7668195,6.419747
-55.110508,269.97235,6.7721877,6.4135528
-54.143986,269.71625,6.7775564,6.407358
-53.172943,269.47787,6.782925,6.401163
-52.19752,269.25812,6.7882943,6.394968
-51.217926,269.05777,6.762365,6.380426
-50.234547,268.87692,6.721865,6.3619986
-49.247845,268.71515,6.6813684,6.3435726
-48.258266,268.57205,6.6408734,6.325147
-47.266212,268.4472,6.600378,6.306722
-46.27206,268.34036,6.547249,6.2853584
-45.276016,268.253,6.4897614,6.262981
-44.278313,268.18726,6.432274,6.2406034
-43.279324,268.1455,6.3748007,6.218231
-42.27959,268.12994,6.3173637,6.1958733
-41.279816,268.14282,6.293198,6.179028
-40.28098,268.1878,6.295345,6.166539
-39.284527,268.26987,6.297492,6.1540456
-38.29247,268.39413,6.2996416,6.141541
-37.307518,268.5657,6.301792,6.129027
-36.33308,268.7893,6.309664,6.1027293
-35.37246,269.06635,6.3248496,6.0588136
-34.42805,269.39447,6.340022,6.0149355
-33.501972,269.7712,6.3551884,5.9710774
-32.596153,270.1944,6.3703566,5.927212
-31.712385,270.6619,6.3875265,5.8754954
-30.85161,271.1705,6.4062567,5.817658
-30.013765,271.71606,6.4249883,5.759816
-29.198324,272.29462,6.443717,5.701984
-28.404404,272.90237,6.462446,5.6441503
-27.630869,273.5359,6.4619126,5.690137
-26.876562,274.1922,6.4532576,5.779909
-26.140226,274.86862,6.4446015,5.86969
-25.42042,275.5626,6.435946,5.9594665
-24.715548,276.27176,6.42729,6.0492463
-24.023912,276.99384,6.42398,6.0683374
-23.343914,277.72687,6.422593,6.061997
-22.67396,278.46912,6.421206,6.0556564
-22.012388,279.21884,6.4198194,6.049316
-21.357487,279.9744,6.418432,6.042976
-20.707577,280.73428,6.416906,6.0366244
-20.061836,281.49768,6.415317,6.0302677
-19.41995,282.26434,6.4137278,6.023911
-18.781622,283.03394,6.4121385,6.0175543
-18.146538,283.80624,6.410549,6.0111976
-17.514389,284.58093,6.4090853,6.004818
-16.884851,285.35776,6.407687,5.9984274
-16.2576,286.13644,6.406289,5.9920363
-15.632306,286.9167,6.404891,5.985646
-15.0086355,287.69824,6.4034934,5.9792547
-14.386256,288.4808,6.4019628,5.9728503
-13.764841,289.26413,6.4003596,5.9664383
-13.144065,290.048,6.3987565,5.960026
-12.5236025,290.8321,6.3971534,5.9536138
-11.90313,291.61618,6.3955503,5.9472017
-11.282315,292.4,6.3939457,5.940783
-10.660782,293.18323,6.39234,5.934361
-10.038118,293.96558,6.3907347,5.9279385
-9.413914,294.7467,6.389129,5.9215164
-8.787761,295.52625,6.3875237,5.9150944
-8.159277,296.30392,6.3860536,5.908674
-7.5283365,297.07962,6.3846493,5.9022536
-6.894976,297.85333,6.383245,5.8958335
-6.2592363,298.6251,6.38184,5.8894134
-5.6211553,299.3949,6.380436,5.882993
-4.980789,300.16284,6.378895,5.8765798
-4.338371,300.92905,6.377292,5.870169
-3.6942382,301.69382,6.37569,5.863759
-3.0487301,302.4574,6.3740873,5.8573484
-2.4021838,303.22015,6.3724847,5.8509383
-1.7549307,303.98227,6.3710237,5.844397
-1.1072643,304.74405,6.369624,5.837799
-0.45945442,305.5057,6.3682246,5.8312006
0.18822949,306.26746,6.3668246,5.8246026
0.83551776,307.02957,6.365425,5.818004
1.4821413,307.79224,6.3638887,5.811555
2.127838,308.55566,6.362293,5.80517
2.7723496,309.32013,6.3606963,5.7987857
3.415417,310.0858,6.3591003,5.792401
4.05678,310.85287,6.357504,5.786016
4.6961713,311.6216,6.355911,5.779642
5.3332644,312.39224,6.354318,5.7732735
5.9676943,313.16507,6.352726,5.7669044
6.599092,313.9404,6.351134,5.7605352
7.227086,314.71848,6.3495417,5.7541666
7.8512716,315.4996,6.348081,5.747799
8.47089,316.28436,6.3466883,5.7414317
9.084944,317.0735,6.3452954,5.735065
9.692411,317.86768,6.3439026,5.728698
10.292255,318.66766,6.3425097,5.7223306
10.883417,319.47406,6.337301,5.736638
11.464795,320.28754,6.3298883,5.762882
12.035245,321.10873,6.3224754,5.789127
12.593592,321.9382,6.315063,5.815372
13.138628,322.77646,6.30765,5.8416166
13.669115,323.624,6.295769,5.8889627
14.183749,324.48126,6.2814016,5.948052
14.681159,325.34863,6.2670345,6.00714
15.159933,326.22644,6.252667,6.066228
15.618616,327.11487,6.2383013,6.12531
16.055723,328.01413,6.2341423,6.121638
16.469725,328.92426,6.234346,6.091147
16.85903,329.8452,6.234549,6.060655
17.221985,330.77686,6.234752,6.0301585
17.556887,331.71896,6.234956,5.999659
17.862158,332.67105,6.229491,5.97128
18.137506,333.63226,6.222445,5.9434977
18.383265,334.60144,6.2153997,5.9157195
18.599775,335.57758,6.208355,5.887943
18.787382,336.55966,6.20131,5.8601656
18.946451,337.54678,6.1494594,5.912161
19.077518,338.53802,6.087368,5.9823856
19.181211,339.53247,6.0252757,6.0526114
19.258173,340.52936,5.9631844,6.1228366
19.30905,341.52795,5.9010916,6.1930623
19.334469,342.52747,5.8544354,6.137784
19.334871,343.52734,5.812309,6.045657
19.310617,344.52692,5.7701826,5.95353
19.262074,345.5256,5.728057,5.8614044
19.189602,346.52283,5.685932,5.7692814
19.093548,347.51807,5.696809,5.7767134
18.974058,348.51077,5.731166,5.8282485
18.831161,349.50037,5.7655234,5.879785
18.664885,350.48633,5.7998824,5.931324
18.475254,351.46805,5.8342433,5.9828644
18.262327,352.44498,5.876707,5.9834957
18.026571,353.41666,5.9239554,5.954066
17.768734,354.3827,5.9712024,5.924637
17.489567,355.3428,6.0184484,5.895208
17.189802,356.2967,6.065696,5.8657784
16.870176,357.24408,6.121493,5.864847
16.531672,358.18494,6.182232,5.880385
16.175438,359.11917,6.242971,5.8959227
15.802613,360.04697,6.3037086,5.9114604
15.414314,360.96835,6.3644466,5.926998
15.011632,361.88358,6.4211855,5.951413
14.595618,362.7928,6.4760265,5.9800434
14.167296,363.6963,6.530869,6.008674
13.727675,364.59433,6.5857105,6.037305
13.277749,365.48727,6.640553,6.0659356
12.818497,366.37546,6.6525373,6.07602
12.350931,367.25928,6.6477165,6.078832
11.876081,368.13922,6.642896,6.081644
11.394962,369.01575,6.6380754,6.084456
10.908578,369.88934,6.633255,6.087268
10.417898,370.76056,6.628593,6.090074
9.923642,371.62976,6.6239867,6.0928774
9.426401,372.49722,6.619381,6.095681
8.926763,373.36334,6.6147747,6.098485
8.425308,374.2284,6.6101685,6.101289
7.92258,375.0927,6.6054177,6.1040897
7.418756,375.9564,6.600618,6.1068897
6.9138293,376.81943,6.595818,6.109689
6.40779,377.6818,6.591018,6.112489
5.900629,378.54352,6.5862184,6.115289
5.3923445,379.40457,6.5815706,6.1182365
4.882998,380.265,6.5769744,6.121234
4.3726864,381.12488,6.5723786,6.1242313
3.8615055,381.98422,6.5677824,6.1272287
3.3495505,382.84308,6.5631866,6.130226
2.8369162,383.70157,6.5584435,6.1330743
2.3236825,384.5597,6.55365,6.135871
1.8099223,385.41748,6.548856,6.1386676
1.2957083,386.27502,6.544062,6.1414638
0.781113,387.13232,6.539268,6.1442604
0.26620775,387.98944,6.534474,6.147057
-0.24894902,388.8464,6.52968,6.1498537
-0.76430553,389.70325,6.524885,6.1526504
-1.2798101,390.56,6.520091,6.155447
-1.795411,391.41672,6.515297,6.1582437
-2.31106,392.27338,6.5106473,6.161041
-2.8267374,393.13004,6.506051,6.1638384
-3.3424401,393.98666,6.5014553,6.166636
-3.8581648,394.8433,6.496859,6.1694336
-4.3739085,395.6999,6.492263,6.172231
-4.889667,396.55652,6.487521,6.1750293
-5.4054313,397.41312,6.4827237,6.177828
-5.921189,398.2697,6.4779263,6.1806264
-6.4369273,399.1263,6.4731293,6.1834245
-6.952634,399.98297,6.468332,6.186223
-7.4682965,400.83963,6.463678,6.1891665
-7.983904,401.69632,6.4590793,6.1921654
-8.499447,402.55304,6.4544806,6.1951647
-9.014915,403.40982,6.449882,6.198164
-9.530299,404.26666,6.4452834,6.201163
-10.0455885,405.12354,6.4405403,6.204018
-10.560772,405.9805,6.4357405,6.206818
-11.075841,406.8375,6.430941,6.2096176
-11.590782,407.6946,6.4261413,6.2124176
-12.105587,408.5518,6.421342,6.215217
-12.620244,409.40906,6.4165416,6.218017
-13.134743,410.26642,6.4117413,6.2208176
-13.649073,411.12387,6.406941,6.2236176
-14.163222,411.98145,6.4021406,6.226418
-14.677183,412.8391,6.3973403,6.229218
-15.190944,413.69693,6.392684,6.2320185
-15.704493,414.55484,6.388083,6.234819
-16.217821,415.4129,6.3834825,6.2376194
-16.730917,416.27112,6.3788815,6.24042
-17.243769,417.12946,6.3742805,6.2432203
-17.756369,417.98795,6.369535,6.2460213
-18.268705,418.84662,6.3647337,6.2488217
-18.780767,419.70544,6.359933,6.2516227
-19.292545,420.56442,6.3551316,6.254423
-19.804026,421.42358,6.3503304,6.257224
-20.3152,422.28293,6.345529,6.2601695
-20.82606,423.14246,6.340728,6.2631702
-21.336592,424.0022,6.3359265,6.266171
-21.846785,424.86212,6.3311253,6.2691717
-22.356628,425.72226,6.326324,6.2721725
-22.866116,426.5826,6.3216677,6.275028
-23.375244,427.44318,6.3170667,6.277829
-23.884022,428.30392,6.3124657,6.2806296
-24.39246,429.16492,6.3078647,6.28343
-24.90056,430.02606,6.3032637,6.286231
-25.408335,430.88742,6.298517,6.2890315
-25.915789,431.749,6.2937164,6.291832
-26.422932,432.61072,6.2889156,6.2946324
-26.929768,433.47263,6.2841144,6.2974334
-27.436308,434.33472,6.2793136,6.300234
-27.942558,435.19696,6.274658,6.3030343
-28.448524,436.0594,6.2700577,6.305835
-28.954218,436.92197,6.2654567,6.308635
-29.459644,437.78473,6.260856,6.311435
-29.964811,438.6476,6.256255,6.3142357
-30.469727,439.51065,6.252527,6.315582
-30.974396,440.37384,6.249127,6.316382
-31.478828,441.23715,6.2457266,6.317182
-31.983034,442.10062,6.2423263,6.317982
-32.487015,442.9642,6.238926,6.3187823
-32.990784,443.8279,6.238,6.3165255
-33.494347,444.69174,6.238,6.313125
-33.99771,445.55566,6.238,6.3097253
-34.500885,446.41974,6.238,6.306325
-35.003872,447.2839,6.238,6.3029246
-35.506687,448.14816,6.238,6.2995243
-36.00933,449.0125,6.238,6.296124
-36.511814,449.87698,6.238,6.292724
-37.014145,450.74152,6.238,6.289324
-37.516327,451.60617,6.238,6.285924
-38.018375,452.47086,6.238,6.282378
-38.52029,453.33566,6.238,6.278778
-39.022087,454.2005,6.238,6.275178
-39.523766,455.06543,6.238,6.271578
-40.025333,455.93042,6.238,6.2679777
-40.526806,456.79547,6.2378545,6.2645235
-41.028187,457.66055,6.237654,6.2611237
-41.52948,458.52573,6.2374544,6.257724
-42.030697,459.3909,6.237254,6.2543235
-42.531845,460.25613,6.2370543,6.2509236
-43.03293,461.1214,6.237,6.247524
-43.533962,461.9867,6.237,6.244124
-44.034946,462.85202,6.237,6.240724
-44.535892,463.71738,6.237,6.237324
-45.036808,464.58276,6.237,6.2339244
-45.5377,465.44812,6.237,6.2303786
-46.038574,466.3135,6.237,6.226779
-46.539444,467.17892,6.237,6.2231793
-47.04031,468.0443,6.237,6.219579
-47.541183,468.9097,6.237,6.2159796
-48.042072,469.7751,6.2368546,6.2125254
-48.54298,470.64044,6.2366543,6.2091255
-49.04392,471.5058,6.2364545,6.2057257
-49.544895,472.37112,6.2362547,6.202326
-50.045918,473.23645,6.2360544,6.1989264
-50.546993,474.1017,6.236,6.1955266
-51.048126,474.96695,6.236,6.1921268
-51.54933,475.83215,6.236,6.188727
-52.05061,476.69733,6.236,6.185327
-52.55197,477.56244,6.236,6.1819277
-53.05342,478.4275,6.236,6.1783824
-53.554974,479.29248,6.236,6.1747828
-54.05663,480.1574,6.236,6.171183
-54.5584,481.02228,6.236,6.167583
-55.060287,481.8871,6.236,6.1639833
-55.56231,482.75183,6.2358546,6.160529
-56.064465,483.61646,6.235655,6.1571293
-56.566765,484.48102,6.2354546,6.1537294
-57.069218,485.3455,6.235255,6.15033
-57.571827,486.2099,6.2350545,6.14693
-58.074608,487.0742,6.235,6.1435304
-58.57756,487.93835,6.235,6.1401305
-59.080692,488.80243,6.235,6.1367307
-59.58402,489.6664,6.235,6.1333313
-60.08754,490.53024,6.235,6.1299314
-60.591267,491.39398,6.235,6.126386
-61.095203,492.2576,6.235,6.1227865
-61.59936,493.1211,6.235,6.119187
-62.10375,493.98444,6.235,6.115587
-62.608368,494.84766,6.235,6.111987
-63.11323,495.71072,6.2348547,6.108533
-63.618343,496.57364,6.234655,6.105133
-64.12371,497.4364,6.234455,6.101733
-64.62935,498.29904,6.234255,6.0983334
-65.13526,499.16147,6.234055,6.0949335
-65.641464,500.02377,6.234,6.0915337
-66.14794,500.8859,6.234,6.088134
-66.65471,501.74783,6.234,6.084734
-67.16175,502.60965,6.234,6.081334
-67.66907,503.47125,6.234,6.0779343
-68.17666,504.33273,6.234,6.0743895
-68.68451,505.19406,6.234,6.0707893
-69.19263,506.0552,6.234,6.0671897
-69.701004,506.9162,6.234,6.0635896
-70.20962,507.77707,6.234,6.05999
-70.71848,508.6378,6.22501,6.0533447
-71.227585,509.49838,6.2126102,6.045545
-71.736916,510.3588,6.2002106,6.0377455
-72.246475,511.21912,6.187811,6.029946
-72.756256,512.0793,6.175411,6.0221457
-73.26626,512.93933,6.161852,6.0139112
-73.77647,513.79926,6.1478524,6.0055113
-74.28688,514.65906,6.133853,5.997112
-74.79749,515.51874,6.119853,5.988712
-75.308304,516.3783,6.1058536,5.9803123
-75.8193,517.23773,6.091854,5.9719124
-76.33048,518.0971,6.077854,5.9635124
-76.84184,518.9563,6.0638547,5.955113
-77.35337,519.8154,6.0498548,5.946713
-77.865074,520.6745,6.0358553,5.938313
-78.37694,521.53345,6.0218554,5.9299135
-78.888954,522.3923,6.007856,5.9215136
-79.40112,523.25104,5.9938564,5.9131136
-79.913445,524.1097,5.9798565,5.904714
-80.4259,524.96826,5.965857,5.896314
-80.93849,525.8268,5.951712,5.887914
-81.45122,526.6852,5.9375124,5.879514
-81.964066,527.5436,5.9233127,5.8711147
-82.47703,528.40186,5.909113,5.862715
-82.99011,529.26,5.894913,5.854315
-83.5033,530.11816,5.8808584,5.845915
-84.016594,530.97626,5.8668585,5.8375154
-84.52998,531.8343,5.852859,5.8291154
-85.043465,532.69226,5.838859,5.8207154
-85.55704,533.5502,5.8248596,5.8123155
-86.07069,534.408,5.8108597,5.8040605
-86.58441,535.26587,5.7968597,5.795861
-87.098206,536.12366,5.7828603,5.787661
-87.612076,536.9814,5.7688603,5.779461
-88.126,537.8391,5.7548604,5.771261
-88.63998,538.6968,5.7408605,5.7629166
-89.154,539.55444,5.726861,5.7545166
-89.668076,540.41205,5.712861,5.7461166
-90.18218,541.26965,5.698861,5.7377167
-90.69633,542.1272,5.684861,5.7293167
-91.2105,542.98474,5.6708612,5.7209167
-91.72469,543.8423,5.6568613,5.712517
-92.23891,544.6998,5.642862,5.704117
-92.75313,545.5574,5.628862,5.695717
-93.26736,546.41486,5.614862,5.687317
-93.78159,547.2724,5.660387,5.725842
-94.295815,548.12994,5.7285867,5.782242
-94.810036,548.9874,5.796787,5.8386416
-95.324234,549.845,5.8649864,5.8950415
-95.83842,550.7025,5.9331865,5.9514413
-96.35258,551.5601,5.955476,5.973807
-96.8667,552.41766,5.960276,5.9832067
-97.38079,553.27527,5.965076,5.992607
-97.89484,554.13293,5.969876,6.002007
-98.40884,554.9906,5.974676,6.011407
-98.92279,555.84827,5.979476,6.0208073
-99.436676,556.706,5.984276,6.030207
-99.95051,557.5638,5.989076,6.0396075
-100.464264,558.4216,5.993876,6.0490074
-100.97795,559.2794,5.9986763,6.0584073
-101.491554,560.1373,6.003331,6.0678077
-102.00507,560.99524,6.0079317,6.077208
-102.51851,561.8533,6.0125318,6.086608
-103.031845,562.7113,6.017132,6.0960083
-103.545074,563.56946,6.021732,6.105408
-104.058205,564.4276,6.026477,6.1148086
-104.57122,565.2859,6.0312767,6.124209
-105.08412,566.14417,6.036077,6.133609
-105.5969,567.00256,6.040877,6.143009
-106.10955,567.861,6.045677,6.1524096
-106.62207,568.7196,6.0504775,6.16181
-107.134445,569.57825,6.0552773,6.1712103
-107.64668,570.43695,6.0600777,6.1806107
-108.15877,571.2957,6.064878,6.1900105
-108.6707,572.1546,6.069678,6.199411
-109.18247,573.0136,6.074333,6.2088113
-109.694084,573.8727,6.0789332,6.2182117
-110.205536,574.7319,6.083534,6.227612
-110.71682,575.5912,6.088134,6.2370124
-111.22794,576.45056,6.092734,6.2464128
-111.73891,577.31,6.0974793,6.2556686
-112.24971,578.1696,6.102279,6.2648687
-112.76035,579.02924,6.1070795,6.2740693
-113.27083,579.88904,6.11188,6.28327
-113.78114,580.74884,6.11668,6.29247
-114.2913,581.6088,6.1214805,6.3018155
-114.80129,582.4689,6.126281,6.311216
-115.31112,583.32904,6.1310806,6.3206167
-115.82079,584.1893,6.135881,6.330017
-116.33029,585.0496,6.1406813,6.3394175
-116.83964,585.91003,6.1454816,6.348818
-117.348816,586.77057,6.150282,6.3582187
-117.857834,587.63116,6.155082,6.367619
-118.36669,588.4919,6.1598825,6.3770194
-118.87539,589.3527,6.1646824,6.3864202
-119.38392,590.2136,6.1693377,6.3958206
-119.89229,591.07465,6.173938,6.405221
-120.40049,591.9357,6.1785383,6.414622
-120.90853,592.79694,6.1831384,6.424022
-121.41641,593.65826,6.187739,6.4334226
-121.92413,594.51965,6.1924844,6.4428234
-122.43169,595.38116,6.1972847,6.452224
-122.93907,596.24274,6.2020845,6.461624
-123.446304,597.10443,6.206885,6.471025
-123.95337,597.9662,6.211685,6.4804254
-124.46027,598.82806,6.2164855,6.4898257
-124.96701,599.69,6.221286,6.4992266
-125.47359,600.55206,6.226086,6.508627
-125.98,601.41425,6.2308865,6.5180273
-126.48625,602.2765,6.235687,6.5274277
-126.99233,603.13885,6.2403417,6.5368285
-127.49826,604.0013,6.2449417,6.546229
-128.00401,604.86383,6.249542,6.5556293
-128.50961,605.7265,6.2541423,6.5650296
-129.01505,606.58923,6.2587423,6.5744305
-129.52031,607.4521,6.2634883,6.583831
-130.02542,608.315,6.268288,6.593231
-130.53036,609.17804,6.2730885,6.6026316
-131.03514,610.04114,6.277889,6.612032
-131.53975,610.90436,6.282689,6.6214323
-132.0442,611.76764,6.287489,6.630833
-132.5485,612.63104,6.2922893,6.6402335
-133.05261,613.49457,6.2970896,6.649634
-133.55658,614.35815,6.30189,6.6590343
-134.06036,615.22186,6.3066897,6.6684346
-134.564,616.08563,6.31149,6.6778345
-135.06747,616.9495,6.3162904,6.687235
-135.57077,617.81354,6.32109,6.6966352
-136.07391,618.6776,6.3258905,6.7060356
-136.57689,619.54175,6.330691,6.715436
-137.0797,620.406,6.3334546,6.714509
-137.58234,621.2704,6.3354545,6.709709
-138.08482,622.1348,6.337455,6.704909
-138.58714,622.9994,6.3394547,6.700109
-139.0893,623.8641,6.3414545,6.6953087
-139.59128,624.7288,6.3421454,6.683235
-140.0931,625.5936,6.342345,6.668435
-140.59476,626.45856,6.3425455,6.6536345
-141.09625,627.3236,6.3427453,6.6388345
-141.59758,628.1887,6.3429456,6.6240344
-142.09874,629.05396,6.343291,6.609089
-142.59975,629.9193,6.343691,6.594089
-143.10059,630.78467,6.344091,6.5790887
-143.60124,631.6502,6.344491,6.564089
-144.10175,632.5158,6.344891,6.549089
-144.6021,633.38153,6.3451457,6.534089
-145.10226,634.2473,6.3453455,6.519089
-145.60228,635.1132,6.3455453,6.5040894
-146.10213,635.9792,6.3457456,6.48909
-146.6018,636.8453,6.3459454,6.47409
-147.10132,637.7114,6.3461456,6.45909
-147.60066,638.5777,6.3463454,6.444091
-148.09985,639.4441,6.346545,6.4290915
-148.59886,640.31055,6.3467455,6.4140916
-149.09772,641.1771,6.3469453,6.399092
-149.5964,642.04376,6.3471456,6.3842382
-150.09492,642.9105,6.3473454,6.369439
-150.59328,643.77734,6.3475456,6.35464
-151.09148,644.6443,6.3477454,6.3398404
-151.5895,645.5113,6.347945,6.3250413
-152.08736,646.3784,6.3481455,6.3100967
-152.58504,647.24567,6.3483453,6.295098
-153.08258,648.113,6.3485456,6.280099
-153.57996,648.9804,6.3487453,6.2651
-154.0772,649.8479,6.348945,6.2501006
-154.57431,650.71545,6.3491454,6.235102
-155.07129,651.58307,6.349345,6.2201033
-155.56815,652.45074,6.3495455,6.2051044
-156.0649,653.31854,6.3497453,6.1901054
-156.56154,654.18634,6.349945,6.175107
-157.0581,655.05426,6.3501453,6.160108
-157.55457,655.9222,6.350345,6.1451097
-158.05096,656.7901,6.3505454,6.1301107
-158.5473,657.65814,6.350745,6.1151123
-159.04356,658.5262,6.350945,6.1001134
-159.5398,659.3942,6.35129,6.08526
-160.03596,660.2623,6.3516903,6.0704613
-160.5321,661.13043,6.3520904,6.0556626
-161.02823,661.99854,6.35249,6.040864
-161.52434,662.8667,6.35289,6.0260653
-162.02042,663.73486,6.3569164,6.0296874
-162.51651,664.60297,6.3623157,6.0402865
-163.01262,665.4711,6.3677154,6.0508857
-163.50874,666.33923,6.3731146,6.061485
-164.00488,667.20734,6.3785143,6.0720835
-164.50105,668.07544,6.384204,6.0841327
-164.99728,668.94354,6.390003,6.0967317
-165.49355,669.8115,6.395803,6.1093307
-165.98988,670.67957,6.4016027,6.1219296
-166.48627,671.54755,6.407402,6.1345286
-166.98274,672.41547,6.413202,6.147273
-167.47931,673.2833,6.4190016,6.1600723
-167.97595,674.1511,6.4248013,6.1728716
-168.4727,675.0189,6.4306006,6.185671
-168.96956,675.8866,6.4364004,6.19847
-169.46654,676.7543,6.4422,6.21127
-169.96364,677.6218,6.448,6.224069
-170.46088,678.4893,6.4537997,6.236869
-170.95827,679.3567,6.4596,6.2496686
-171.4558,680.224,6.4653997,6.2624683
-171.95349,681.09125,6.4711995,6.275268
-172.45135,681.9584,6.4769998,6.2880683
-172.94939,682.8254,6.4827995,6.300868
-173.4476,683.6923,6.4886,6.3136683
-173.94603,684.55914,6.4943995,6.326468
-174.44464,685.42584,6.5002,6.3391237
-174.94347,686.29236,6.506,6.351724
-175.44252,687.1588,6.5118003,6.3643246
-175.94179,688.02515,6.5176005,6.376925
-176.4413,688.8913,6.523401,6.3895254
-176.94106,689.7574,6.529346,6.4022713
-177.44106,690.6232,6.5353465,6.4150724
-177.94133,691.489,6.541347,6.4278736
-178.44186,692.35455,6.5473475,6.4406743
-178.94267,693.22003,6.553348,6.4534755
-179.44377,694.08527,6.5592036,6.4662766
-179.94516,694.9504,6.5650043,6.4790783
-180.44685,695.8153,6.570805,6.49188
-180.94887,696.68,6.576606,6.5046816
-181.45119,697.54456,6.5824065,6.517483
-181.95384,698.40894,6.5882072,6.5302854
-182.45683,699.2731,6.5940084,6.5430875
-182.96016,700.137,6.599809,6.5558896
-183.46385,701.0008,6.6056104,6.5686917
-183.9679,701.8644,6.6114116,6.581494
-184.4723,702.72766,6.6172123,6.5942965
-184.9771,703.5908,6.623014,6.6070995
-185.48227,704.4537,6.628815,6.619902
-185.98784,705.31635,6.6346164,6.632705
-186.4938,706.1788,6.6404176,6.645508
-187.0002,707.04095,6.6462193,6.6581655
-187.50699,707.9029,6.6520205,6.6707687
-188.01422,708.7646,6.657822,6.683372
-188.52188,709.626,6.663624,6.6959753
-189.03,710.4871,6.669425,6.708579
-189.53854,711.348,6.6753726,6.7213283
-190.04756,712.2087,6.6813745,6.7341323
-190.55705,713.06903,6.6873765,6.7469363
-191.06702,713.9291,6.6933784,6.7597404
-191.57747,714.7889,6.69938,6.7725444
-192.08841,715.6484,6.705236,6.7853484
-192.59985,716.5075,6.711038,6.798153
-193.1118,717.3664,6.7168403,6.8109574
-193.62427,718.225,6.722642,6.823762
-194.13727,719.08325,6.728444,6.8365664
-194.65077,719.9412,6.7342463,6.8493705
-195.16466,720.79895,6.740048,6.862175
-195.67871,721.65656,6.74585,6.874979
-196.19273,722.5142,6.751652,6.887783
-196.70653,723.372,6.7574534,6.9005876
-197.21986,724.23004,6.763254,6.9133887
-197.73254,725.0885,6.7690544,6.926189
-198.2443,725.9475,6.7748547,6.938989
-198.75491,726.8072,6.780655,6.95179
-199.26413,727.66766,6.7864547,6.96459
-199.77174,728.5292,6.792252,6.9772377
-200.27756,729.39166,6.7980485,6.989829
-200.78148,730.25525,6.8038445,7.002421
-201.28337,731.12006,6.809641,7.0150127
-201.7831,731.98615,6.815437,7.0276036
-202.28053,732.8535,6.821227,7.040329
-202.77524,733.7224,6.8270154,7.0531034
-203.26666,734.5932,6.832804,7.065878
-203.75426,735.4662,6.838593,7.0786533
-204.23744,736.34155,6.8443823,7.0914297
-204.71582,737.2196,6.850308,7.1041903
-205.19034,738.09973,6.8562865,7.116945
-205.66277,738.98096,6.8622646,7.1296983
-206.13489,739.86237,6.8682423,7.1424503
-206.60847,740.743,6.874219,7.1552005
-207.08542,741.62177,6.8800626,7.1679654
-207.56863,742.49713,6.88585,7.1807375
-208.0617,743.367,6.891638,7.1935115
-208.5681,744.2291,6.8974276,7.2062883
-209.09123,745.08124,6.903218,7.2190666
-209.63431,745.9208,6.9883223,7.1979895
-210.19966,746.7454,7.1086755,7.161864
-210.78906,747.5531,7.229,7.1257463
-211.40414,748.3414,7.3492684,7.089646
-212.04634,749.10767,7.4694233,7.0535793
-212.71707,749.8492,7.5266204,6.999967
-213.42003,750.5601,7.554052,6.9380445
-214.15996,751.2324,7.581504,6.876076
-214.94066,751.8569,7.6089697,6.8140764
-215.76443,752.42316,7.6363945,6.752168
-216.63121,752.9211,7.5439434,6.764177
-217.53741,753.34296,7.405662,6.8045
-218.47792,753.68146,7.2672257,6.8448687
-219.44669,753.9273,7.1282535,6.885393
-220.43587,754.06995,6.9886484,6.9258285
-221.43477,754.10223,6.8550696,6.860663
-222.43195,754.0336,6.721867,6.7956815
-223.41956,753.87897,6.5893207,6.7310195
-224.39323,753.6523,6.457259,6.6665945
-225.35124,753.3662,6.333312,6.601945
-226.29295,753.0305,6.38588,6.532487
-227.21722,752.6493,6.4386454,6.462768
-228.12297,752.22595,6.4915223,6.392902
-229.00964,751.7639,6.544445,6.3229747
-229.87708,751.2667,6.597369,6.253047
-230.72542,750.7376,6.6010427,6.2464314
-231.55435,750.1785,6.59234,6.255728
-232.36336,749.591,6.5836406,6.2650204
-233.15195,748.9763,6.574942,6.274312
-233.91972,748.3358,6.5662417,6.283605
-234.66637,747.67084,6.5474577,6.271886
-235.39253,746.9835,6.525171,6.2528706
-236.09947,746.2765,6.5028834,6.233855
-236.78867,745.55206,6.480599,6.2148414
-237.46172,744.8126,6.4583135,6.195827
-238.12025,744.06024,6.4434195,6.198531
-238.7655,743.29645,6.429815,6.205029
-239.3986,742.5225,6.4162087,6.211527
-240.02072,741.73975,6.402603,6.218025
-240.63309,740.94934,6.388997,6.2245235
-241.2369,740.15234,6.38355,6.2548513
-241.83319,739.34973,6.378748,6.2870655
-242.42294,738.5423,6.373946,6.319279
-243.00716,737.73083,6.369144,6.3514924
-243.58685,736.91614,6.3643417,6.383706
-244.16306,736.099,6.3492737,6.3779006
-244.73679,735.2801,6.3334184,6.36918
-245.30905,734.46014,6.3175626,6.3604593
-245.88087,733.6399,6.3017073,6.351739
-246.45326,732.82007,6.285852,6.3430185
-247.02724,732.0013,6.2649636,6.3156285
-247.60384,731.1844,6.24341,6.28577
-248.18404,730.37006,6.221856,6.255911
-248.76888,729.5591,6.2003026,6.226052
-249.35931,728.75214,6.178749,6.1961937
-249.95631,727.95,6.1572814,6.166063
-250.56075,727.1535,6.1358323,6.135875
-251.17339,726.3633,6.1143837,6.105688
-251.79503,725.58014,6.0929346,6.0755005
-252.42642,724.8049,6.071486,6.045314
-253.06828,724.0382,6.018421,6.046144
-253.72137,723.28107,5.956996,6.055177
-254.38643,722.5344,5.89557,6.0642104
-255.06416,721.7993,5.834142,6.0732436
-255.75523,721.07666,5.7727175,6.082277
-256.46024,720.3677,5.7573795,6.1266246
-257.17978,719.6734,5.7529054,6.179295
-257.91443,718.9951,5.7484317,6.231965
-258.6646,718.3341,5.7439575,6.284635
-259.43076,717.69165,5.7394843,6.3373
-260.21323,717.0692,5.775156,6.356148
-261.0123,716.4682,5.8156977,6.37089
-261.82813,715.89014,5.856241,6.385633
-262.66086,715.33673,5.8967886,6.4003778
-263.5105,714.80963,5.9373126,6.414644
-264.37674,714.31036,5.975047,6.3716345
-265.25882,713.8396,6.012777,6.328631
-266.15576,713.39777,6.050504,6.2856297
-267.06656,712.9853,6.0882325,6.242627
-267.99033,712.6027,6.1236553,6.2042174
-268.92596,712.25024,6.1319966,6.2197084
-269.87228,711.9274,6.140338,6.2351995
-270.82797,711.6335,6.148679,6.250689
-271.79187,711.36786,6.1570187,6.2661777
-272.76297,711.12976,6.165354,6.278987
-273.74026,710.9185,6.173574,6.2322106
-274.72293,710.73395,6.1817946,6.1854296
-275.7102,710.5757,6.1900163,6.1386466
-276.7013,710.4436,6.1982374,6.0918636
-277.6955,710.3374,6.2064586,6.0450797
-278.6921,710.25684,6.2766795,5.996033
-279.69046,710.20197,6.35127,5.946827
-280.68988,710.17255,6.42586,5.897621
-281.68976,710.1687,6.5004473,5.848417
-282.68936,710.1903,6.5750327,5.799214
-283.68814,710.23737,6.5104985,5.824836
-284.68533,710.31006,6.4139085,5.867699
-285.68033,710.40875,6.317314,5.910564
-286.67236,710.5337,6.2207155,5.953431
-287.66068,710.6852,6.1241136,5.9962993
-288.6445,710.86346,6.0237117,6.054075
-289.62314,711.0684,5.9220486,6.116807
-290.59586,711.2998,5.820389,6.179538
-291.56198,711.5574,5.7187295,6.242268
-292.5208,711.84076,5.6170683,6.305
-293.47177,712.14966,5.5526175,6.349727
-294.41418,712.4837,5.4978943,6.389749
-295.34756,712.8422,5.4431705,6.429771
-296.27136,713.22473,5.388447,6.4697924
-297.18512,713.6306,5.333722,6.509815
-298.08838,714.0594,5.357132,6.4920135
-298.98074,714.51044,5.389666,6.4674597
-299.86188,714.983,5.4221997,6.442906
-300.7315,715.47644,5.4547334,6.418352
-301.5893,715.9902,5.487268,6.393792
-302.435,716.52356,5.5198507,6.368541
-303.26846,717.0759,5.552434,6.343289
-304.08945,717.64667,5.585017,6.3180366
-304.89783,718.2351,5.6176004,6.2927847
-305.69348,718.84064,5.651796,6.264829
-306.4763,719.4627,5.700868,6.2119203
-307.2463,720.1005,5.749941,6.1590104
-308.00354,720.7535,5.799013,6.106101
-308.74808,721.42084,5.848085,6.053192
-309.48004,722.102,5.896214,6.0016403
-310.19955,722.79626,5.938814,5.9580398
-310.9068,723.5031,5.9814157,5.9144382
-311.602,724.22174,6.0240164,5.8708377
-312.28534,724.95166,6.066617,5.8272367
-312.9571,725.69226,6.1042743,5.7910714
-313.61752,726.443,6.113003,5.7984114
-314.26685,727.20337,6.121732,5.805752
-314.90527,727.9729,6.130461,5.813092
-315.53308,728.7511,6.13919,5.8204327
-316.15048,729.5376,6.146417,5.8294973
-316.75772,730.332,6.140884,5.853212
-317.35513,731.1338,6.13535,5.876927
-317.94293,731.9426,6.129817,5.900642
-318.52142,732.7582,6.1242833,5.9243565
-319.0909,733.58,6.1179442,5.948968
-319.65167,734.4079,6.0945754,5.992537
-320.2037,735.2416,6.071206,6.036107
-320.74707,736.08093,6.047837,6.079677
-321.2818,736.9258,6.0244675,6.123247
-321.8079,737.7761,6.001098,6.1668167
-322.32538,738.63165,5.991688,6.1923614
-322.83414,739.49243,5.982336,6.2178297
-323.3341,740.35834,5.9729843,6.243298
-323.82516,741.2293,5.9636326,6.268767
-324.3072,742.10535,5.954281,6.294235
-324.78006,742.9863,5.958457,6.301395
-325.2437,743.87225,5.9630523,6.3079877
-325.6981,744.76294,5.967647,6.3145804
-326.14307,745.6583,5.972242,6.321173
-326.5786,746.55835,5.976837,6.3277664
-327.00467,747.46295,5.96366,6.343854
-327.42108,748.37195,5.9498286,6.3602905
-327.82785,749.2854,5.935998,6.376727
-328.22482,750.20306,5.9221673,6.3931637
-328.61197,751.125,5.9083366,6.4096003
-328.9892,752.05096,5.8917274,6.425096
-329.35645,752.98096,5.8750496,6.4405684
-329.7136,753.9149,5.8583713,6.456041
-330.0606,754.8526,5.8416934,6.4715133
-330.3974,755.79407,5.825015,6.4869857
-330.7239,756.73914,5.820778,6.448396
-331.04004,757.68774,5.8165517,6.4097576
-331.34576,758.6398,5.8123255,6.3711185
-331.641,759.59503,5.8080993,6.3324795
-331.92563,760.5536,5.803873,6.293834
-332.19965,761.51514,5.799645,6.2549767
-332.46298,762.47974,5.7954173,6.2161193
-332.71555,763.4472,5.791189,6.1772623
-332.9573,764.4174,5.786961,6.138405
-333.1882,765.39026,5.7827334,6.099562
-333.40814,766.36566,5.7785087,6.060935
-333.61713,767.3435,5.774284,6.022308
-333.81506,768.32355,5.7700586,5.9836807
-334.00192,769.30585,5.765834,5.9450536
-334.17764,770.29016,5.7618327,5.9105573
-334.3422,771.2764,5.760026,5.91658
-334.4955,772.26447,5.758219,5.9226036
-334.63757,773.2542,5.756412,5.9286265
-334.76834,774.2455,5.7546053,5.9346495
-334.8878,775.2382,5.752888,5.9425254
-334.99588,776.23224,5.751888,5.9651403
-335.09256,777.2274,5.750887,5.987755
-335.17786,778.2237,5.7498865,6.0103693
-335.2517,779.2208,5.7488856,6.032984
-335.31415,780.21875,5.747885,6.0555687
-335.36514,781.21735,5.746887,6.0779266
-335.40466,782.21643,5.745889,6.1002846
-335.43265,783.21594,5.744891,6.122642
-335.44913,784.2157,5.7438927,6.145
-335.454,785.2156,5.7434416,6.1660304
-335.44733,786.2154,5.7476287,6.1758
-335.42902,787.21515,5.751816,6.18557
-335.39902,788.2146,5.7560024,6.1953397
-335.35733,789.21356,5.7601895,6.205109
-335.3039,790.21204,5.7647176,6.2138386
-335.23868,791.2098,5.772692,6.2120442
-335.16162,792.2067,5.780667,6.21025
-335.07266,793.20264,5.7886415,6.2084556
-334.9718,794.1974,5.796616,6.206661
-334.85895,795.1909,5.8053455,6.2025156
-334.73404,796.1829,5.8235035,6.168994
-334.59708,797.1734,5.841661,6.1354723
-334.44797,798.1621,5.8598185,6.10195
-334.28668,799.14886,5.8779764,6.0684285
-334.11316,800.1336,5.897146,6.0351157
-333.9273,801.116,5.9315157,6.004943
-333.72913,802.09607,5.965885,5.9747696
-333.5185,803.07355,6.0002546,5.9445963
-333.2954,804.0482,6.034624,5.914423
-333.05978,805.01996,6.0675106,5.885814
-332.81158,805.9885,6.076318,5.8826118
-332.55075,806.9538,6.085125,5.8794093
-332.27722,807.9155,6.093932,5.8762064
-331.99097,808.87354,6.102739,5.873004
-331.69193,809.8277,6.109944,5.871404
-331.38007,810.77765,6.092905,5.894056
-331.05533,811.7233,6.075866,5.9167075
-330.7176,812.6645,6.0588274,5.939359
-330.36685,813.6008,6.041788,5.962011
-330.003,814.53217,6.0240707,5.9871674
-329.62598,815.4582,5.9977903,6.0439415
-329.23593,816.3789,5.97151,6.100715
-328.83292,817.29395,5.9452295,6.157489
-328.41705,818.20325,5.918949,6.2142625
-327.98843,819.1066,5.8924913,6.2716575
-327.54724,820.00385,5.8642173,6.3354244
-327.09372,820.895,5.835943,6.399192
-326.6282,821.7799,5.807669,6.4629583
-326.151,822.65857,5.7793956,6.526725
-325.6624,823.53094,5.7583838,6.584958
-325.1627,824.397,5.8014426,6.5943713
-324.65213,825.2567,5.844502,6.603784
-324.13098,826.11,5.887562,6.6131973
-323.59946,826.9569,5.930621,6.62261
-323.05783,827.7974,5.9789824,6.627977
-322.50635,828.6314,6.0708094,6.6001687
-321.9452,829.45905,6.1626368,6.5723605
-321.37466,830.28015,6.2544637,6.5445523
-320.79498,831.09485,6.346291,6.516744
-320.20636,831.9031,6.4376774,6.489289
-319.609,832.70496,6.525497,6.464683
-319.00317,833.50037,6.613317,6.4400773
-318.389,834.2894,6.7011366,6.415472
-317.76675,835.0721,6.788956,6.3908663
-317.13654,835.8484,6.862942,6.3768034
-316.49857,836.6183,6.826488,6.446908
-315.8528,837.38165,6.7900333,6.5170126
-315.19925,838.13837,6.7535787,6.587118
-314.53787,838.8883,6.717124,6.657223
-313.86868,839.6312,6.6806626,6.7273655
-313.19162,840.367,6.644152,6.797778
-312.50674,841.09546,6.6076417,6.868191
-311.81403,841.8165,6.5711317,6.9386034
-311.1135,842.52997,6.5346212,7.009016
-310.4051,843.23566,6.5013328,7.0713177
-309.6889,843.93335,6.488881,7.0811586
-308.96487,844.623,6.476429,7.0909996
-308.23306,845.3043,6.4639773,7.1008406
-307.4935,845.9772,6.4515257,7.1106815
-306.74612,846.6414,6.4395084,7.119373
-305.99106,847.2969,6.4298654,7.1217837
-305.22827,847.94336,6.4202223,7.1241946
-304.45782,848.5807,6.410579,7.126605
-303.67978,849.20874,6.400936,7.129016
-302.89417,849.8273,6.3912945,7.131462
-302.10107,850.43616,6.381659,7.1340714
-301.30066,851.0354,6.372024,7.136681
-300.49313,851.625,6.3623886,7.1392903
-299.67862,852.205,6.3527536,7.1419
-298.85736,852.7753,6.35228,7.140673
-298.02945,853.336,6.38956,7.1236362
-297.1951,853.887,6.4268403,7.1066
-296.35446,854.42834,6.464121,7.089563
-295.5077,854.9601,6.501401,7.0725265
-294.65494,855.4822,6.5392866,7.0552073
-293.79636,855.9946,6.579503,7.0367994
-292.9321,856.4975,6.61972,7.018392
-292.06235,856.9907,6.6599364,6.9999843
-291.1872,857.47437,6.7001534,6.9815764
-290.30685,857.9484,6.740356,6.9631753
-289.4214,858.4129,6.7805066,6.944798
-288.531,858.86786,6.8206573,6.9264207
-287.6358,859.31323,6.860808,6.9080434
-286.7359,859.7491,6.9009585,6.8896656
-285.83148,860.1755,6.9309855,6.878586
-284.92264,860.5923,6.92101,6.896342
-284.00952,860.9997,6.911035,6.914098
-283.09222,861.39764,6.90106,6.9318533
-282.1709,861.78613,6.8910847,6.9496093
-281.24567,862.16516,6.878428,6.96929
-280.3166,862.5348,6.854303,6.997203
-279.38385,862.895,6.8301783,7.0251164
-278.44757,863.2459,6.806053,7.0530295
-277.50778,863.58734,6.781928,7.0809426
-276.56467,863.9195,6.7578025,7.1088567
-275.61832,864.24225,6.7336717,7.1367764
-274.66882,864.55566,6.7095413,7.164696
-273.7163,864.85974,6.685411,7.1926155
-272.76086,865.15454,6.66128,7.2205353
-271.80258,865.43994,6.639917,7.244924
-270.84158,865.7161,6.6331277,7.250715
-269.87796,865.983,6.626339,7.256505
-268.9118,866.2405,6.6195498,7.2622957
-267.94324,866.4887,6.612761,7.2680864
-266.9723,866.7276,6.608667,7.270484
-265.99915,866.9572,6.6196747,7.2538724
-265.02383,867.17755,6.6306825,7.237261
-264.04648,867.38855,6.6416903,7.2206492
-263.06714,867.5903,6.652698,7.2040377
-262.08594,867.7827,6.663709,7.187452
-261.10297,867.9658,6.6747413,7.1710043
-260.11832,868.1397,6.685773,7.1545568
-259.13208,868.30426,6.6968045,7.1381097
-258.14435,868.45966,6.707836,7.121662
-257.15518,868.6058,6.7193127,7.105347
-256.16473,868.7427,6.7329698,7.089682
-255.17303,868.8704,6.7466264,7.0740166
-254.18019,868.98895,6.7602835,7.0583515
-253.18631,869.0984,6.7739406,7.042686
-252.19147,869.19867,6.790312,7.0281277
-251.19576,869.28986,6.818242,7.0182815
-250.19925,869.37195,6.8461723,7.0084357
-249.20203,869.445,6.874102,6.99859
-248.2042,869.50903,6.9020324,6.988744
-247.20583,869.5641,6.9224987,6.9831443
-246.20702,869.61017,6.9154673,6.9931893
-245.20781,869.6473,6.908436,7.0032344
-244.20833,869.67554,6.9014044,7.0132794
-243.20863,869.6949,6.894373,7.0233245
-242.2088,869.70544,6.886064,7.0336046
-241.20892,869.70715,6.8736176,7.044646
-240.20906,869.70013,6.8611712,7.055687
-239.20929,869.6843,6.848725,7.066728
-238.20972,869.65985,6.836278,7.0777693
-237.21037,869.6267,6.8213854,7.088909
-236.21136,869.58496,6.7993298,7.100338
-235.21274,869.5346,6.777274,7.1117673
-234.2146,869.4757,6.7552185,7.123196
-233.21698,869.4083,6.7331624,7.134625
-232.21999,869.33246,6.7110624,7.146049
-231.22366,869.2481,6.6888413,7.1574597
-230.22807,869.1554,6.6666203,7.168871
-229.23332,869.0544,6.6443987,7.1802816
-228.23943,868.945,6.6221776,7.1916924
-227.24649,868.82733,6.602522,7.201576
-226.25456,868.7014,6.589733,7.2073708
-225.26372,868.5673,6.5769444,7.2131658
-224.274,868.42505,6.564156,7.218961
-223.28548,868.2747,6.5513673,7.2247553
-222.29822,868.11633,6.5516047,7.222597
-221.31229,867.9499,6.5875053,7.1986628
-220.32774,867.7754,6.6234064,7.174729
-219.34468,867.5928,6.659308,7.150795
-218.36317,867.4019,6.695209,7.1268606
-217.3833,867.2029,6.7311025,7.102881
-216.40515,866.9955,6.766975,7.078767
-215.42882,866.7798,6.8028474,7.0546527
-214.45438,866.55566,6.83872,7.030538
-213.48193,866.323,6.8745923,7.006424
-212.5116,866.0817,6.9104214,6.982354
-211.54344,865.83185,6.9461107,6.958429
-210.57758,865.57324,6.9817996,6.934503
-209.61412,865.3058,7.017489,6.9105773
-208.65317,865.0295,7.053178,6.8866515
-207.69484,864.74426,7.0747943,6.8745136
-206.73924,864.44995,7.046643,6.9040627
-205.7865,864.1466,7.0184913,6.933612
-204.83672,863.83405,6.9903398,6.963161
-203.89003,863.5122,6.9621882,6.99271
-202.94658,863.1811,6.932287,7.023755
-202.00648,862.8405,6.8958783,7.0603642
-201.06987,862.4905,6.8594694,7.096973
-200.13689,862.13086,6.8230605,7.133582
-199.20767,861.76166,6.7866516,7.1701913
-198.28236,861.3827,6.750226,7.2067738
-197.36113,860.994,6.713739,7.243261
-196.44412,860.59546,6.6772523,7.279748
-195.53148,860.18695,6.640765,7.316235
-194.62338,859.7685,6.604278,7.352722
-193.72,859.3399,6.5792084,7.3821297
-192.82149,858.90125,6.593469,7.3871512
-191.92801,858.4524,6.6077294,7.3921723
-191.03975,857.9933,6.62199,7.397194
-190.15686,857.524,6.6362505,7.402215
-189.27951,857.0444,6.6545744,7.4047127
-188.40791,856.5544,6.6853375,7.399485
-187.54227,856.05396,6.7161007,7.3942575
-186.6828,855.54297,6.7468643,7.3890295
-185.82977,855.02136,6.7776284,7.383802
-184.98341,854.489,6.80839,7.3785195
-184.14388,853.94586,6.8391457,7.373092
-183.3112,853.39233,6.8699007,7.367665
-182.48537,852.8286,6.9006557,7.3622375
-181.66638,852.255,6.9314113,7.3568096
-180.85423,851.6718,6.9576626,7.3511467
-180.04875,851.07935,6.973306,7.3449297
-179.24963,850.4784,6.9889493,7.338712
-178.4565,849.8695,7.0045924,7.332495
-177.66895,849.2535,7.0202355,7.326278
-176.88657,848.63086,7.0336185,7.320005
-176.10898,848.00226,7.0420146,7.3136077
-175.33582,847.3682,7.050411,7.3072104
-174.56673,846.72925,7.0588074,7.300813
-173.80132,846.0859,7.067204,7.294416
-173.03922,845.4386,7.075595,7.2879615
-172.28001,844.7879,7.0839725,7.2813787
-171.5233,844.13434,7.0923505,7.274796
-170.76865,843.4784,7.1007285,7.2682133
-170.0156,842.8206,7.109106,7.261631
-169.26373,842.16144,7.1148224,7.2572365
-168.51263,841.5014,7.1142244,7.258034
-167.76193,840.84094,7.113626,7.258832
-167.01128,840.1804,7.1130276,7.2596297
-166.26028,839.52026,7.112429,7.260428
-165.50862,838.8609,7.1083255,7.264222
-164.75653,838.202,7.0953307,7.275618
-164.00528,837.5422,7.0823355,7.2870135
-163.25632,836.87976,7.0693407,7.298409
-162.51103,836.21313,7.056347,7.3098035
-161.7709,835.5409,7.0432863,7.321207
-161.03734,834.8614,7.030052,7.332637
-160.31172,834.1735,7.016818,7.344066
-159.59543,833.4759,7.0035825,7.355497
-158.88995,832.76733,6.9903455,7.366929
-158.19678,832.0467,6.9814124,7.3764734
-157.51663,831.3138,6.9828153,7.3814836
-156.84871,830.5697,6.984218,7.386493
-156.192,829.81573,6.9856205,7.3915024
-155.54547,829.053,6.987023,7.396511
-154.90804,828.28265,6.9952784,7.3984838
-154.27866,827.5057,7.0192647,7.3934865
-153.65637,826.7231,7.0432525,7.3884892
-153.04018,825.9356,7.067241,7.3834915
-152.42908,825.1442,7.09123,7.378494
-151.82208,824.3497,7.1152205,7.3734355
-151.21849,823.5525,7.139216,7.3682365
-150.6182,822.75287,7.163211,7.3630376
-150.02118,821.95074,7.1872063,7.3578386
-149.42737,821.1463,7.2112017,7.3526397
-148.83673,820.3395,7.2266197,7.344199
-148.2492,819.53046,7.222018,7.3281927
-147.6647,818.7192,7.2174163,7.3121862
-147.08313,817.9058,7.2128143,7.2961802
-146.50441,817.09045,7.2082124,7.280174
-145.92844,816.27313,7.2021604,7.263562
-145.35513,815.4539,7.1927547,7.2455516
-144.78442,814.6329,7.183349,7.2275405
-144.2162,813.8101,7.173943,7.2095294
-143.65042,812.9857,7.1645374,7.191519
-143.08698,812.1597,7.155132,7.173508
-142.52577,811.33215,7.1457267,7.155498
-141.96674,810.5032,7.136321,7.1374874
-141.40979,809.6727,7.126916,7.1194773
-140.85483,808.841,7.117511,7.101467
-140.30176,808.008,7.109584,7.086783
-139.7505,807.1738,7.104982,7.0795803
-139.20097,806.33844,7.10038,7.072377
-138.65309,805.502,7.095778,7.0651746
-138.10674,804.6646,7.0911765,7.0579715
-137.56184,803.82623,7.0875044,7.053062
-137.01831,802.987,7.085904,7.053262
-136.47606,802.1469,7.084304,7.053462
-135.93498,801.3061,7.0827036,7.0536623
-135.395,800.46454,7.0811033,7.053862
-134.85602,799.6224,7.079565,7.054
-134.31793,798.7796,7.078165,7.054
-133.78067,797.9363,7.076765,7.054
-133.24414,797.0925,7.075365,7.054
-132.70825,796.2484,7.073965,7.054
-132.1729,795.4039,7.072565,7.054
-131.63802,794.5591,7.071165,7.054
-131.10349,793.7141,7.0697656,7.054
-130.5692,792.8689,7.0683656,7.054
-130.03508,792.0236,7.0669656,7.054
-129.50099,791.17834,7.065504,7.054062
-128.96689,790.33307,7.0639043,7.054262
-128.43271,789.4878,7.0623045,7.054462
-127.89846,788.64264,7.0607047,7.0546618
-127.36409,787.7975,7.059105,7.054862
-126.829575,786.9525,7.057567,7.055
-126.2949,786.10754,7.056167,7.055
-125.76008,785.26276,7.054767,7.055
-125.225105,784.41797,7.0533676,7.055
-124.69,783.5733,7.0519676,7.055
-124.15478,782.72876,7.0505676,7.055
-123.61942,781.8843,7.049168,7.055
-123.083954,781.03986,7.047768,7.055
-122.54836,780.1955,7.046368,7.055
-122.01265,779.35126,7.0449686,7.055
-121.47681,778.507,7.0435686,7.055062
-120.94085,777.6629,7.0421686,7.0552616
-120.40477,776.8189,7.040769,7.0554614
-119.868576,775.9749,7.039369,7.0556617
-119.33226,775.13104,7.037969,7.0558615
-118.79584,774.28723,7.036508,7.056
-118.2593,773.4435,7.0349083,7.056
-117.72265,772.5998,7.033308,7.056
-117.18589,771.7562,7.0317082,7.056
-116.649025,770.91266,7.0301085,7.056
-116.112045,770.0692,7.02857,7.0560613
-115.57497,769.2258,7.02717,7.0562615
-115.03779,768.3825,7.02577,7.0564613
-114.500496,767.5392,7.0243707,7.056661
-113.96311,766.696,7.0229707,7.0568614
-113.42563,765.85284,7.0215707,7.057
-112.88805,765.00977,7.0201707,7.057
-112.350365,764.16675,7.018771,7.057
-111.81259,763.3238,7.017371,7.057
-111.27472,762.4809,7.015971,7.057
-110.73676,761.63806,7.01451,7.057
-110.198715,760.7953,7.0129104,7.057
-109.660576,759.9526,7.0113106,7.057
-109.122345,759.1099,7.0097103,7.057
-108.58403,758.26733,7.0081105,7.057
-108.04564,757.42474,7.006572,7.057061
-107.50716,756.5822,7.0051723,7.057261
-106.96859,755.7398,7.0037723,7.0574613
-106.429955,754.8974,7.0023723,7.057661
-105.89123,754.05505,7.0009723,7.0578613
-105.35243,753.2127,6.9995723,7.058
-104.81356,752.3705,6.9981723,7.058
-104.27461,751.52826,6.996773,7.058
-103.73559,750.6861,6.995373,7.058
-103.1965,749.844,6.993973,7.058
-102.65734,749.00195,6.992573,7.058
-102.11811,748.1599,6.991173,7.058
-101.57881,747.31793,6.989773,7.058
-101.03945,746.47595,6.9883733,7.058
-100.50002,745.6341,6.9869733,7.058
-99.96054,744.79224,6.9855123,7.058061
-99.42099,743.9504,6.9839125,7.058261
-98.88138,743.10864,6.9823127,7.0584607
-98.34171,742.26685,6.9807124,7.058661
-97.801994,741.4252,6.9791126,7.058861
-97.262215,740.5835,6.977574,7.059
-96.72238,739.7418,6.976174,7.059
-96.1825,738.9002,6.974774,7.059
-95.64257,738.05865,6.973374,7.059
-95.102585,737.2171,6.971974,7.059
-94.56255,736.3756,6.970574,7.059
-94.02248,735.5341,6.969174,7.059
-93.48235,734.6927,6.967774,7.059
-92.94219,733.85126,6.9663744,7.059
-92.401985,733.0098,6.9649744,7.059
-91.86174,732.16846,6.9635744,7.059061
-91.32145,731.32715,6.9621744,7.059261
-90.78113,730.4858,6.9607744,7.0594606
-90.24077,729.6445,6.9593744,7.059661
-89.70038,728.8032,6.9579744,7.0598607
-89.15995,727.962,6.956514,7.06
-88.61949,727.1207,6.9549136,7.06
-88.07901,726.2795,6.953314,7.06
-87.53849,725.4383,6.951714,7.06
-86.99795,724.5971,6.950114,7.06
-86.45738,723.7559,6.948575,7.060061
-85.91679,722.9148,6.947175,7.060261
-85.376175,722.07367,6.945775,7.0604606
-84.83554,721.23254,6.944375,7.060661
-84.29488,720.3914,6.942975,7.0608606
-83.7542,719.55035,6.941575,7.061
-83.21352,718.7092,6.940175,7.061
-82.67281,717.86816,6.938775,7.061
-82.13209,717.0271,6.937375,7.061
-81.59136,716.18604,6.935975,7.061
-81.05061,715.345,6.9345145,7.061
-80.509865,714.5039,6.9329147,7.061
-79.9691,713.6629,6.9313145,7.061
-79.42834,712.82184,6.9297147,7.061
-78.887566,711.9808,6.9281144,7.061
-78.34679,711.1398,6.926575,7.0610604
-77.806015,710.2987,6.925175,7.0612607
-77.265236,709.4577,6.923775,7.0614605
-76.72446,708.6167,6.922375,7.061661
-76.183685,707.77563,6.920975,7.0618606
-75.642914,706.9346,6.9195757,7.062
-75.10215,706.09357,6.9181757,7.062
-74.56139,705.2525,6.9167757,7.062
-74.02064,704.41144,6.9153757,7.062
-73.4799,703.57043,6.9139757,7.062
-72.93917,702.7294,6.9125757,7.062
-72.39845,701.88824,6.9111757,7.062
-71.85775,701.0472,6.9097757,7.062
-71.31706,700.2061,6.9083757,7.062
-70.7764,699.365,6.9069757,7.062
-70.23574,698.52386,6.905515,7.062061
-69.695114,697.68274,6.903915,7.0622606
-69.1545,696.8416,6.902315,7.0624604
-68.613914,696.0005,6.900715,7.0626607
-68.07336,695.1593,6.899115,7.0628605
-67.53282,694.3181,6.897576,7.063
-66.99231,693.47687,6.896176,7.063
-66.45183,692.6357,6.894776,7.063
-65.911385,691.79443,6.893376,7.063
-65.370964,690.9532,6.891976,7.063
-64.83058,690.1119,6.890576,7.0630608
-64.29023,689.27057,6.889176,7.0632606
-63.749916,688.42926,6.887776,7.063461
-63.20964,687.5879,6.886376,7.0636606
-62.669403,686.7465,6.884976,7.0638604
-62.129208,685.9051,6.883576,7.064
-61.589054,685.06366,6.882176,7.064
-61.048946,684.2222,6.880776,7.064
-60.50888,683.38074,6.879376,7.064
-59.96886,682.5392,6.877976,7.064
-59.42889,681.69763,6.876515,7.064
-58.88897,680.8561,6.874915,7.064
-58.349102,680.01447,6.873315,7.064
-57.809284,679.1728,6.871715,7.064
-57.26952,678.3311,6.8701153,7.064
-56.729813,677.4894,6.8685756,7.0640607
-56.19016,676.64764,6.8671756,7.0642605
-55.650566,675.80585,6.8657756,7.0644608
-55.111034,674.964,6.8643756,7.0646605
-54.57156,674.12213,6.8629756,7.064861
-54.032154,673.2802,6.8615756,7.065
-53.492805,672.4383,6.8601756,7.065
-52.95353,671.5963,6.8587756,7.065
-52.414314,670.7543,6.8573756,7.065
-51.87517,669.9122,6.8559756,7.065
-51.336098,669.07007,6.854515,7.065
-50.797096,668.22784,6.852915,7.065
-50.258167,667.3857,6.851315,7.065
-49.719315,666.5434,6.8497148,7.065
-49.18054,665.70105,6.848115,7.065
-48.641838,664.8587,6.8465753,7.0650606
-48.103214,664.0163,6.8451753,7.0652604
-47.564674,663.1738,6.8437753,7.0654607
-47.026215,662.3313,6.8423753,7.0656605
-46.48784,661.4887,6.8409753,7.0658607
-45.94955,660.6461,6.8395753,7.066
-45.411346,659.8034,6.8381753,7.066
-44.87323,658.9607,6.8367753,7.066
-44.3352,658.1179,6.8353753,7.066
-43.797264,657.275,6.8339753,7.066
-43.259422,656.4321,6.8325753,7.0660605
-42.721672,655.5892,6.8311753,7.066261
-42.184017,654.74615,6.8297753,7.0664606
-41.646458,653.903,6.8283753,7.066661
-41.108997,653.0599,6.8269753,7.0668607
-40.57164,652.2167,6.8255143,7.067
-40.034378,651.37335,6.8239145,7.067
-39.497223,650.53,6.8223147,7.067
-38.96017,649.6866,6.8207145,7.067
-38.423225,648.84314,6.8191147,7.067
-37.886387,647.9996,6.817575,7.067
-37.34966,647.15594,6.816175,7.067
-36.813038,646.31226,6.814775,7.067
-36.276527,645.4685,6.813375,7.067
-35.740124,644.62463,6.811975,7.067
-35.203827,643.78076,6.810575,7.0670605
-34.667637,642.9368,6.809175,7.0672607
-34.131554,642.0928,6.807775,7.0674605
-33.595573,641.24866,6.806375,7.067661
-33.059696,640.4045,6.804975,7.0678606
-32.52392,639.5603,6.803575,7.068
-31.988241,638.716,6.802175,7.068
-31.452662,637.87164,6.800775,7.068
-30.91718,637.0272,6.799375,7.068
-30.381794,636.18274,6.797975,7.068
-29.8465,635.3382,6.796514,7.068
-29.311302,634.49365,6.7949142,7.068
-28.776196,633.649,6.793314,7.068
-28.241179,632.80426,6.791714,7.068
-27.706251,631.9595,6.7901144,7.068
-27.171413,631.1147,6.7885747,7.068061
-26.636662,630.2698,6.7871747,7.0682607
-26.101995,629.42487,6.7857747,7.068461
-25.567411,628.5799,6.7843747,7.0686607
-25.032913,627.73486,6.7829747,7.0688605
-24.498495,626.8898,6.7815747,7.069
-23.964157,626.0446,6.7801747,7.069
-23.4299,625.1994,6.7787747,7.069
-22.895718,624.3542,6.7773747,7.069
-22.361614,623.5089,6.7759748,7.069
-21.827585,622.6636,6.774514,7.069
-21.29363,621.8182,6.772914,7.069
-20.759748,620.9728,6.771314,7.069
-20.225939,620.1273,6.7697144,7.069
-19.692198,619.2818,6.768114,7.069
-19.158525,618.4362,6.766575,7.069061
-18.62492,617.59064,6.765175,7.0692606
-18.091381,616.745,6.763775,7.069461
-17.557909,615.8993,6.762375,7.0696607
-17.024498,615.0536,6.760975,7.069861
-16.49115,614.2078,6.759575,7.07
-15.957864,613.362,6.758175,7.07
-15.424638,612.5162,6.756775,7.07
-14.891469,611.6703,6.755375,7.07
-14.358357,610.82434,6.753975,7.07
-13.825303,609.9784,6.752575,7.0700607
-13.292302,609.13245,6.751175,7.0702605
-12.759355,608.28644,6.749775,7.070461
-12.2264595,607.44037,6.748375,7.0706606
-11.693614,606.5943,6.746975,7.070861
-11.160819,605.74817,6.746182,7.070332
-10.628072,604.90204,6.7467823,7.068132
-10.095372,604.05585,6.747382,7.0659323
-9.562717,603.20966,6.747982,7.063732
-9.030107,602.36346,6.7485824,7.061532
-8.497539,601.5172,6.7496676,7.0589075
-7.965013,600.6709,6.751868,7.0553074
-7.432527,599.8246,6.754068,7.0517073
-6.9000807,598.9783,6.7562675,7.0481076
-6.367672,598.1319,6.7584677,7.0445075
-5.8353,597.2855,6.760668,7.040847
-5.3029633,596.43915,6.7628675,7.037047
-4.7706604,595.5927,6.7650676,7.033247
-4.23839,594.7463,6.7672677,7.029447
-3.706151,593.8998,6.7694674,7.025647
-3.1739423,593.05334,6.771728,7.021908
-2.6417623,592.20685,6.774128,7.0183077
-2.1096096,591.3603,6.776528,7.014708
-1.577483,590.5138,6.7789283,7.011108
-1.0453813,589.66724,6.781328,7.007508
-0.51330316,588.8207,6.783667,7.003847
0.018752737,587.97406,6.785867,7.000047
0.5507877,587.1275,6.7880673,6.9962473
1.0828029,586.2809,6.790267,6.9924474
1.6147997,585.43427,6.792467,6.9886475
2.1467795,584.58765,6.7946672,6.984908
2.6787434,583.741,6.796867,6.9813085
3.2106926,582.89435,6.799067,6.9777083
3.7426288,582.0477,6.801267,6.9741087
4.274553,581.20105,6.803467,6.9705086
4.8064666,580.3544,6.805667,6.966848
5.338371,579.50775,6.807867,6.963048
5.870267,578.6611,6.8100667,6.959248
6.4021564,577.8144,6.812267,6.955448
6.93404,576.9677,6.814467,6.951648
7.4659195,576.121,6.8166666,6.947909
7.9977965,575.2743,6.8188667,6.944309
8.529672,574.4276,6.821067,6.940709
9.061546,573.58093,6.8232665,6.937109
9.593422,572.73425,6.8254666,6.9335093
10.1253,571.8876,6.8277273,6.9298487
10.657182,571.04083,6.8301272,6.9260488
11.189069,570.19415,6.832527,6.922249
11.720962,569.3475,6.834927,6.918449
12.252862,568.5008,6.837327,6.914649
12.784771,567.6542,6.8396664,6.9109097
13.31669,566.8075,6.8418665,6.9073095
13.84862,565.9608,6.844066,6.90371
14.380564,565.1142,6.8462663,6.90011
14.91252,564.2675,6.8484664,6.8965096
15.444493,563.4209,6.850666,6.8928494
15.976481,562.5743,6.852866,6.8890495
16.50849,561.72766,6.8550663,6.8852496
17.040514,560.8811,6.857266,6.8814497
17.572561,560.0345,6.859466,6.87765
18.10463,559.1879,6.8616657,6.8739104
18.636719,558.3414,6.863866,6.8703103
19.168835,557.4949,6.866066,6.86671
19.700975,556.6483,6.8682656,6.8631105
20.233143,555.8018,6.8704658,6.8595104
20.765339,554.9553,6.872666,6.85585
21.297564,554.1089,6.8748655,6.8520503
21.82982,553.2624,6.8770657,6.8482504
22.362108,552.41595,6.879266,6.84445
22.89443,551.5696,6.8814654,6.84065
23.426785,550.7232,6.883726,6.8369107
23.959177,549.87683,6.886126,6.833311
24.491606,549.03046,6.888526,6.829711
25.024073,548.18414,6.890926,6.826111
25.55658,547.3378,6.893326,6.822511
26.089128,546.4916,6.8956656,6.8188505
26.62172,545.6453,6.8978653,6.8150506
27.154354,544.79913,6.9000654,6.8112507
27.687033,543.95294,6.9022655,6.807451
28.219759,543.1068,6.904465,6.803651
28.752533,542.2607,6.9066653,6.7999115
29.285355,541.41455,6.9088655,6.7963114
29.818228,540.5685,6.911065,6.7927113
30.35115,539.7225,6.913265,6.7891116
30.884127,538.87646,6.9154654,6.7855115
31.417156,538.0305,6.917665,6.7818513
31.950243,537.1846,6.919865,6.7780514
32.483383,536.3387,6.9220653,6.7742515
33.016586,535.49286,6.924265,6.770451
33.549843,534.64703,6.926465,6.766651
34.083164,533.8012,6.9287252,6.762912
34.616547,532.9555,6.9311256,6.7593117
35.14999,532.1098,6.9335256,6.755712
35.6835,531.26416,6.9359255,6.752112
36.21707,530.4185,6.9383254,6.748512
36.750713,529.57294,6.940665,6.7448516
37.284424,528.7274,6.942865,6.7410517
37.818203,527.8819,6.945065,6.7372518
38.35205,527.03644,6.9472647,6.733452
38.885975,526.19104,6.949465,6.7296515
39.419968,525.3457,6.951665,6.725912
39.954037,524.50037,6.9538646,6.722312
40.488182,523.65515,6.9560647,6.7187123
41.022408,522.80994,6.958265,6.715112
41.55671,521.9648,6.960465,6.711512
42.091087,521.1196,6.9626646,6.707852
42.62555,520.2746,6.9648647,6.704052
43.160095,519.42957,6.967065,6.700252
43.694725,518.5846,6.9692645,6.6964517
44.229435,517.73975,6.9714646,6.6926517
44.764236,516.8949,6.9736648,6.6889124
45.29912,516.0501,6.975865,6.6853123
45.8341,515.2053,6.9780645,6.681712
46.369164,514.36066,6.9802647,6.6781125
46.90432,513.51605,6.982465,6.6745124
47.439568,512.6715,6.984725,6.6708517
47.97491,511.827,6.987125,6.667052
48.510353,510.98254,6.9895253,6.663252
49.045887,510.13815,6.9919252,6.659452
49.58152,509.29385,6.994325,6.655652
50.117252,508.4496,6.9960604,6.6524563
50.653084,507.6054,6.9962606,6.650656
51.18902,506.76126,6.9964604,6.648856
51.72505,505.9172,6.99666,6.647056
52.261196,505.0732,6.9968605,6.645256
52.797443,504.22928,6.995731,6.6447854
53.333797,503.38544,6.991531,6.6473856
53.87026,502.54163,6.987331,6.6499853
54.40683,501.6979,6.983131,6.6525855
54.94351,500.85425,6.978931,6.6551857
55.480297,500.01068,6.974731,6.6577253
56.017193,499.16714,6.970531,6.6601253
56.554195,498.3237,6.966331,6.662525
57.091305,497.48032,6.962131,6.664925
57.628513,496.63702,6.957931,6.667325
58.16582,495.79376,6.9536705,6.669725
58.703224,494.95056,6.9492707,6.6721253
59.240723,494.10742,6.9448705,6.6745253
59.778313,493.26437,6.9404707,6.676925
60.315994,492.42136,6.9360704,6.679325
60.853764,491.5784,6.931731,6.6817856
61.391617,490.73547,6.927531,6.684386
61.929558,489.89264,6.923331,6.6869855
62.46758,489.04984,6.919131,6.6895857
63.00568,488.2071,6.914931,6.6921854
63.543858,487.36438,6.910731,6.694725
64.082115,486.52173,6.906531,6.697125
64.62044,485.67914,6.902331,6.6995254
65.15884,484.83658,6.898131,6.7019253
65.6973,483.99405,6.893931,6.704325
66.23584,483.15158,6.889731,6.706725
66.77444,482.30917,6.885531,6.709125
67.313095,481.46677,6.881331,6.711525
67.851814,480.62442,6.877131,6.7139254
68.390594,479.7821,6.872931,6.7163253
68.929436,478.93982,6.868731,6.718725
69.46832,478.0976,6.864531,6.721125
70.00726,477.25537,6.860331,6.723525
70.54626,476.4132,6.856131,6.7259254
71.0853,475.57104,6.8519306,6.7283254
71.624374,474.72894,6.8477306,6.730786
72.163506,473.88684,6.8435307,6.7333856
72.702675,473.04477,6.8393307,6.7359858
73.24188,472.20273,6.8351307,6.7385855
73.78113,471.36072,6.8309307,6.7411857
74.320404,470.51874,6.8267307,6.7437253
74.85972,469.67676,6.8225307,6.746125
75.399055,468.8348,6.818331,6.748525
75.93843,467.99286,6.814131,6.750925
76.47782,467.15094,6.809931,6.7533255
77.01724,466.30905,6.8056703,6.7557254
77.55669,465.46713,6.80127,6.7581253
78.096146,464.62527,6.79687,6.760525
78.63563,463.78342,6.79247,6.762925
79.175125,462.94156,6.78807,6.7653255
79.71463,462.0997,6.7837305,6.767786
80.25415,461.25787,6.7795305,6.7703857
80.79368,460.41602,6.7753305,6.772986
81.33321,459.5742,6.7711306,6.7755857
81.87276,458.73236,6.7669306,6.778186
82.4123,457.89053,6.7627306,6.7807255
82.95184,457.04874,6.7585306,6.7831254
83.49139,456.2069,6.7543306,6.7855253
84.03092,455.36508,6.7501307,6.7879252
84.57046,454.52322,6.74593,6.7903256
85.109985,453.6814,6.74173,6.7927256
85.6495,452.83957,6.73753,6.7951255
86.188995,451.9977,6.7333302,6.7975254
86.728485,451.15585,6.7291303,6.7999253
87.26796,450.31396,6.7249303,6.8023257
87.80741,449.47208,6.7207303,6.804786
88.34684,448.6302,6.7165303,6.807386
88.88625,447.78827,6.7123303,6.809986
89.42564,446.94635,6.7081304,6.8125863
89.96499,446.1044,6.70393,6.815186
90.50432,445.26245,6.69973,6.8177257
91.04361,444.42047,6.69553,6.8201256
91.58287,443.57846,6.69133,6.8225255
92.1221,442.73642,6.68713,6.824926
92.661285,441.89438,6.68293,6.827326
93.20043,441.0523,6.67873,6.8297257
93.73954,440.2102,6.6745296,6.8321257
94.2786,439.36807,6.6703296,6.834526
94.81762,438.5259,6.6661296,6.836926
95.35658,437.68372,6.6619296,6.839326
95.8955,436.8415,6.657669,6.8417864
96.434364,435.9992,6.653269,6.8443866
96.97317,435.15692,6.648869,6.846987
97.51192,434.31458,6.644469,6.8495865
98.05061,433.47223,6.640069,6.8521867
98.58924,432.62982,6.6357293,6.8547263
99.12781,431.78735,6.6315293,6.857126
99.666306,430.94485,6.627329,6.859526
100.20474,430.10233,6.623129,6.861926
100.7431,429.25974,6.618929,6.8643265
101.281395,428.4171,6.615637,6.865637
101.81961,427.57443,6.6144366,6.8644366
102.35775,426.73172,6.613237,6.863237
102.89581,425.88895,6.6120367,6.8620367
103.4338,425.04614,6.6108365,6.8608365
103.9717,424.20325,6.6107874,6.8583045
104.50952,423.36032,6.613387,6.8527045
105.047264,422.51736,6.6159873,6.8471045
105.584915,421.67432,6.6185875,6.841504
106.12248,420.83124,6.621187,6.835904
106.65996,419.9881,6.623727,6.830304
107.19734,419.14487,6.626127,6.8247037
107.734634,418.3016,6.628527,6.8191037
108.271835,417.45828,6.630927,6.8135037
108.80894,416.6149,6.633327,6.8079033
109.34595,415.77145,6.635727,6.8023033
109.88286,414.92795,6.6381273,6.7967033
110.41967,414.08438,6.6405272,6.791103
110.956375,413.24075,6.642927,6.785503
111.49298,412.39706,6.6453276,6.779903
112.02948,411.55328,6.647788,6.7743025
112.565865,410.70944,6.6503882,6.7687025
113.10215,409.86554,6.652988,6.7631025
113.63832,409.02158,6.655588,6.757502
114.174385,408.17752,6.6581883,6.751902
114.710335,407.3334,6.6607275,6.7462416
115.24616,406.4892,6.663128,6.7404413
115.78188,405.64496,6.665528,6.734641
116.31748,404.8006,6.6679277,6.728841
116.85296,403.95618,6.670328,6.723041
117.38831,403.1117,6.672728,6.7173014
117.923546,402.26712,6.675128,6.7117014
118.45865,401.42245,6.677528,6.706101
118.99363,400.57773,6.6799283,6.700501
119.52848,399.7329,6.682328,6.694901
120.06321,398.88803,6.684728,6.689301
120.59779,398.04306,6.687128,6.6837006
121.132256,397.198,6.6895285,6.6781006
121.66658,396.35284,6.6919284,6.6725006
122.20076,395.5076,6.6943283,6.6669
122.73481,394.6623,6.698428,6.664032
123.26872,393.81686,6.7064285,6.667432
123.80248,392.97137,6.7144284,6.670832
124.336105,392.1258,6.7224283,6.674232
124.86959,391.2801,6.7304287,6.6776323
125.402916,390.43433,6.740554,6.684554
125.936104,389.58847,6.755554,6.699554
126.46914,388.7425,6.770554,6.7145543
127.00202,387.89645,6.7855544,6.729554
127.534744,387.0503,6.8005543,6.7445545
128.06732,386.20404,6.815615,6.759494
128.59975,385.3577,6.8308153,6.774294
129.132,384.51123,6.8460155,6.789094
129.6641,383.6647,6.8612156,6.803894
130.19604,382.81805,6.8764157,6.818694
130.72781,381.97128,6.891555,6.8335547
131.25943,381.12442,6.9065547,6.8485546
131.79086,380.27747,6.9215546,6.8635545
132.32214,379.4304,6.9365544,6.8785543
132.85326,378.58322,6.9515543,6.8935547
133.38419,377.73596,6.966554,6.9085546
133.91495,376.88855,6.981554,6.923554
134.44554,376.04105,6.996554,6.938554
134.97595,375.19345,7.011554,6.9535537
135.50618,374.34573,7.0265536,6.9685535
136.03622,373.4979,7.041553,6.9834924
136.5661,372.64996,7.056553,6.998292
137.0958,371.80188,7.0715523,7.0130916
137.62529,370.9537,7.086552,7.027891
138.15462,370.10544,7.1015515,7.0426908
138.68373,369.25702,7.116612,7.0575514
139.21268,368.40848,7.131811,7.072551
139.74142,367.55984,7.147011,7.08755
140.26997,366.71106,7.16221,7.1025496
140.79834,365.86218,7.1774096,7.117549
141.3265,365.01318,7.1925483,7.1325483
141.85446,364.16403,7.207547,7.1475472
142.38223,363.3148,7.2225466,7.1625466
142.9098,362.4654,7.237546,7.1775455
143.43716,361.61588,7.252545,7.192545
143.96431,360.76624,7.2675443,7.2074833
144.49126,359.91647,7.282543,7.2222824
145.01799,359.0666,7.297542,7.2370815
145.54453,358.21655,7.312541,7.25188
146.07085,357.3664,7.32754,7.2666793
146.59697,356.5161,7.3425384,7.2815385
147.12288,355.6657,7.3575373,7.2965374
147.6486,354.8152,7.3725357,7.311536
148.17415,353.96457,7.3875346,7.3265343
148.69951,353.1138,7.402533,7.341533
149.2247,352.26297,7.417592,7.3565316
149.74974,351.41202,7.4327903,7.37153
150.27464,350.56097,7.447989,7.3865285
150.7994,349.70987,7.463187,7.401527
151.324,348.85864,7.4783854,7.4165254
151.8485,348.00735,7.4935236,7.4314632
152.37286,347.156,7.508522,7.4462614
152.89713,346.30457,7.52352,7.46106
153.42128,345.4531,7.5385184,7.475858
153.94534,344.60153,7.5535164,7.4906564
154.46931,343.74994,7.568515,7.5055146
154.99323,342.8983,7.583513,7.520513
155.51706,342.0466,7.598511,7.535511
156.04083,341.1949,7.613509,7.550509
156.56454,340.3431,7.628507,7.5655074
157.08821,339.49133,7.6435056,7.5805054
157.61185,338.63953,7.6585035,7.5955033
158.13547,337.7877,7.6735015,7.6105013
158.65904,336.93585,7.6884995,7.6254997
159.18262,336.08398,7.7034974,7.6404977
159.70619,335.23215,7.7185555,7.6554356
160.22977,334.3803,7.7337537,7.6702337
160.75336,333.52847,7.748952,7.685032
161.27696,332.67664,7.7641497,7.69983
161.8006,331.82483,7.779348,7.714628
162.32426,330.97302,7.794486,7.7294865
162.84798,330.12128,7.8094845,7.7444844
163.37175,329.26953,7.8244824,7.759483
163.89557,328.41785,7.839481,7.774481
164.41946,327.5662,7.854479,7.7894793
164.94345,326.7146,7.8694773,7.804477
165.4675,325.86304,7.8844757,7.8194757
165.99165,325.01154,7.899474,7.834474
166.5159,324.16013,7.9144726,7.8494725
167.04027,323.30875,7.9294705,7.864471
167.56474,322.45746,7.944469,7.87941
168.08936,321.60623,7.959468,7.8942084
168.61409,320.7551,7.9744663,7.909007
169.13898,319.90405,7.9894648,7.923805
169.664,319.0531,8.004463,7.938604
170.1892,318.20227,8.019522,7.953462
170.71454,317.3515,8.03472,7.968461
171.24007,316.50085,8.049919,7.98346
171.76578,315.65033,8.065119,7.998459
172.29167,314.79993,8.0803175,8.013458
172.81778,313.94962,8.095457,8.028457
173.34409,313.09946,8.110456,8.043456
173.8706,312.24942,8.125455,8.058455
174.39734,311.39954,8.140454,8.073455
174.92432,310.54977,8.155454,8.088453
175.45152,309.70016,8.170453,8.103394
175.97899,308.85074,8.185452,8.118194
176.5067,308.00143,8.200452,8.132993
177.03467,307.1523,8.215452,8.147793
177.56291,306.30334,8.230452,8.162592
178.09145,305.45456,8.245451,8.177451
178.62025,304.60596,8.260451,8.1924515
179.14935,303.75754,8.275451,8.207451
179.67877,302.9093,8.290451,8.222451
180.2085,302.06125,8.305451,8.237451
180.73853,301.2134,8.32051,8.252451
181.2689,300.36578,8.335711,8.267451
181.7996,299.51837,8.350911,8.282452
182.33064,298.67114,8.366112,8.297452
182.86205,297.82416,8.381311,8.312452
183.3938,296.9774,8.396453,8.327394
183.92592,296.13086,8.411453,8.342195
184.45842,295.28455,8.426455,8.356995
184.9913,294.4385,8.441455,8.371796
185.52457,293.59268,8.456456,8.386597
186.05824,292.74713,8.471457,8.401457
186.59232,291.90182,8.486458,8.416457
187.12682,291.0568,8.501459,8.431458
187.66173,290.212,8.516459,8.44646
188.19707,289.36752,8.531461,8.461461
188.73286,288.5233,8.546462,8.476461
189.26909,287.67935,8.561463,8.491463
189.80579,286.8357,8.576465,8.506464
190.34293,285.99234,8.591466,8.521465
190.88054,285.1493,8.606467,8.536467
191.41864,284.30655,8.621528,8.551409
191.95721,283.46408,8.636729,8.56621
192.49625,282.62195,8.651931,8.581012
193.03575,281.7801,8.667132,8.595813
193.5757,280.93854,8.682334,8.610615
194.1161,280.09726,8.692582,8.616525
194.65695,279.25626,8.691182,8.601523
195.19823,278.41556,8.689782,8.586521
195.73991,277.5751,8.688382,8.57152
196.28203,276.73492,8.686982,8.556519
196.82455,275.89502,8.68355,8.537871
197.36748,275.0554,8.675348,8.510669
197.91078,274.21597,8.667148,8.483466
198.4545,273.37683,8.658947,8.456264
198.99858,272.53793,8.650746,8.429061
199.54303,271.69928,8.642606,8.401858
200.08786,270.86087,8.634604,8.374657
200.63304,270.02267,8.626604,8.347454
201.17856,269.18472,8.618604,8.320251
201.72444,268.347,8.610602,8.29305
202.27065,267.50946,8.602542,8.265847
202.81718,266.67218,8.594341,8.238646
203.36404,265.83508,8.586141,8.211443
203.91121,264.9982,8.57794,8.184241
204.45868,264.1615,8.569739,8.15704
205.00647,263.325,8.558238,8.134398
205.55453,262.4887,8.539037,8.122398
206.10289,261.6526,8.519835,8.110397
206.6515,260.81668,8.500635,8.098396
207.20041,259.98093,8.481434,8.086396
207.74957,259.14532,8.461872,8.074756
208.299,258.3099,8.441471,8.063955
208.84866,257.47467,8.42107,8.053155
209.39856,256.6396,8.400669,8.042355
209.9487,255.80464,8.380268,8.031554
210.49907,254.96985,8.359928,8.020754
211.04965,254.13521,8.339727,8.0099535
211.60045,253.30069,8.319527,7.9991527
212.15144,252.46632,8.299326,7.9883523
212.70265,251.63208,8.279125,7.9775524
213.25403,250.79797,8.258864,7.966752
213.8056,249.96397,8.238464,7.9559517
214.35735,249.1301,8.218064,7.945152
214.90927,248.29634,8.197664,7.9343514
215.46135,247.46268,8.177263,7.923551
216.01357,246.62912,8.156923,7.912691
216.56595,245.79565,8.1367235,7.901691
217.11847,244.96228,8.116524,7.890691
217.67111,244.12901,8.096323,7.8796906
218.22388,243.2958,8.076123,7.868691
218.77678,242.46269,8.055863,7.857751
219.32977,241.62964,8.035463,7.846951
219.88287,240.79666,8.015063,7.836151
220.43608,239.96375,7.9946632,7.825351
220.98936,239.13089,7.9742637,7.8145514
221.54274,238.2981,7.9539237,7.8037515
222.09618,237.46535,7.933724,7.7929516
222.64969,236.63263,7.913524,7.7821517
223.20326,235.79997,7.8933244,7.771352
223.7569,234.96733,7.873125,7.760552
224.31056,234.13474,7.8529253,7.749752
224.86427,233.30215,7.8327255,7.738952
225.41801,232.4696,7.8125257,7.7281523
225.97177,231.63707,7.792326,7.7173524
226.52556,230.80453,7.7721267,7.706553
227.07935,229.97202,7.751867,7.695753
227.63315,229.1395,7.7314672,7.684953
228.18694,228.30698,7.7110677,7.6741533
228.7407,227.47444,7.6906676,7.6633534
229.29446,226.6419,7.670268,7.6525536
229.8482,225.80934,7.6499286,7.641754
230.4019,224.97676,7.629729,7.6309543
230.95557,224.14415,7.6095295,7.6201544
231.50917,223.31151,7.5893297,7.6093545
232.06273,222.47884,7.56913,7.5985546
232.61621,221.64612,7.54887,7.5877547
233.16965,220.81335,7.5284705,7.576955
233.72299,219.98053,7.5080705,7.566155
234.27626,219.14766,7.487671,7.555355
234.82942,218.31473,7.467271,7.544555
235.38249,217.48174,7.4469314,7.5337553
235.93546,216.64865,7.426731,7.5229554
236.48831,215.81552,7.4065313,7.5121555
237.04105,214.98228,7.386331,7.501355
237.59366,214.14899,7.3661313,7.4905553
238.14615,213.3156,7.345871,7.4797554
238.69849,212.48212,7.325471,7.468955
239.2507,211.64854,7.305071,7.458155
239.8028,210.8149,7.284671,7.4473553
240.35474,209.98116,7.2642703,7.436555
240.90656,209.14732,7.2439303,7.425755
241.45824,208.3134,7.22373,7.4149547
242.00977,207.47939,7.20353,7.4041543
242.56117,206.64528,7.183329,7.3933544
243.11244,205.81108,7.163129,7.382554
243.66357,204.97679,7.1429286,7.3717537
244.21455,204.14241,7.122728,7.360954
244.7654,203.30794,7.1025276,7.3501534
245.3161,202.47337,7.082327,7.339353
245.86667,201.63872,7.062126,7.3285527
246.41708,200.80396,7.041866,7.3177524
246.96736,199.9691,7.021465,7.306952
247.51749,199.13416,7.0010643,7.2961516
248.06746,198.29912,6.9806633,7.2853513
248.6173,197.46397,6.960263,7.274551
249.16698,196.62874,6.9399223,7.2637506
249.7165,195.7934,6.919721,7.25295
250.2659,194.95796,6.8995204,7.2421494
250.81512,194.12242,6.8793197,7.231349
251.36421,193.28679,6.859119,7.2205486
251.91313,192.45107,6.8388577,7.2097483
252.46191,191.61522,6.8184566,7.1989474
253.01053,190.77928,6.7980556,7.188147
253.55899,189.94324,6.7776546,7.1773467
254.1073,189.1071,6.7572536,7.166546
254.65546,188.27086,6.7369127,7.1557455
255.20345,187.43451,6.716712,7.144945
255.75128,186.59805,6.696511,7.1341443
256.29895,185.76149,6.6763096,7.123344
256.84647,184.92482,6.6561084,7.112543
257.3938,184.08806,6.635847,7.1017427
257.94098,183.25117,6.6154456,7.090942
258.488,182.41418,6.5950446,7.080141
259.03485,181.57709,6.5746436,7.0693407
259.58154,180.7399,6.554242,7.05854
260.12808,179.90259,6.533901,7.0477395
260.67444,179.06517,6.5137,7.0369387
261.2206,178.22763,6.493499,7.026138
261.76663,177.39,6.4732976,7.0153375
262.3125,176.55225,6.4530964,7.0045366
262.85815,175.71439,6.437368,6.9953074
263.40366,174.8764,6.4319677,6.989707
263.949,174.03831,6.426567,6.9841065
264.49414,173.20012,6.421167,6.9785066
265.03912,172.3618,6.4157667,6.972906
265.58392,171.52338,6.4129076,6.9682736
266.12857,170.68483,6.415908,6.9658737
266.673,169.84616,6.418908,6.9634733
267.2173,169.00739,6.4219084,6.9610734
267.76138,168.1685,6.4249086,6.958673
268.3053,167.32948,6.427909,6.956273
268.84903,166.49036,6.4309087,6.9538727
269.39258,165.65112,6.433909,6.9514728
269.9359,164.81175,6.436909,6.9490724
270.4791,163.97227,6.4399095,6.9466724
271.0221,163.13266,6.442849,6.944272
271.5649,162.29294,6.445649,6.941872
272.10754,161.4531,6.4484496,6.9394717
272.64996,160.61313,6.4512496,6.937072
273.1922,159.77304,6.4540496,6.9346714
273.73425,158.93283,6.4569106,6.932211
274.27612,158.0925,6.459911,6.9296107
274.8178,157.25204,6.462911,6.9270105
275.35928,156.41147,6.4659114,6.9244103
275.90057,155.57076,6.4689116,6.92181
276.44165,154.72992,6.4719114,6.9192705
276.98254,153.88896,6.4749117,6.9168706
277.52325,153.04788,6.477912,6.91447
278.06375,152.20668,6.480912,6.9120703
278.60403,151.36534,6.4839125,6.9096704
279.14417,150.52386,6.4869127,6.90727
279.68405,149.68228,6.4899125,6.90487
280.22375,148.84056,6.492913,6.9024696
280.76324,147.9987,6.495913,6.9000697
281.30255,147.15672,6.4989133,6.8976693
281.84164,146.3146,6.5019135,6.8952694
282.38052,145.47237,6.5049133,6.8928695
282.91922,144.62999,6.5079136,6.890469
283.4577,143.78748,6.510914,6.888069
283.99597,142.94484,6.5139136,6.8856688
284.53403,142.10207,6.516853,6.883269
285.07187,141.25916,6.5196533,6.880869
285.60953,140.41612,6.5224533,6.8784685
286.14697,139.57297,6.5252533,6.8760686
286.68423,138.72969,6.5280533,6.8736687
287.2213,137.88628,6.5309143,6.871207
287.7582,137.04276,6.5339146,6.8686075
288.2949,136.19911,6.536915,6.8660073
288.83142,135.35536,6.5399146,6.863407
289.3678,134.5115,6.542915,6.860807
289.90396,133.66754,6.545915,6.8582683
290.43997,132.82346,6.548915,6.855868
290.97583,131.97928,6.551915,6.853468
291.51154,131.13501,6.554915,6.851068
292.0471,130.29063,6.557915,6.848668
292.5825,129.44617,6.560915,6.8462677
293.11774,128.60161,6.5639153,6.843868
293.65283,127.75696,6.566915,6.841468
294.1878,126.91222,6.5699153,6.839068
294.72266,126.0674,6.572915,6.836668
295.2574,125.222496,6.5759153,6.8342676
295.79196,124.37752,6.578915,6.8318677
296.32642,123.53246,6.5819154,6.829468
296.86078,122.68733,6.584915,6.827068
297.39502,121.84213,6.587915,6.824668
297.92914,120.996864,6.590854,6.822207
298.46317,120.15153,6.593654,6.819607
298.9971,119.30613,6.596454,6.817007
299.53094,118.46067,6.599254,6.814407
300.06467,117.61516,6.602054,6.811807
300.59833,116.769585,6.604915,6.809268
301.1319,115.923965,6.607915,6.806868
301.6654,115.078285,6.6109147,6.804468
302.19882,114.23257,6.613915,6.802068
302.73215,113.3868,6.6169147,6.7996683
303.26544,112.54099,6.6199145,6.7972684
303.79865,111.695145,6.6229143,6.7948685
304.3318,110.84926,6.6259146,6.7924685
304.8649,110.00334,6.6289144,6.7900686
305.39795,109.15739,6.631914,6.7876687
305.93097,108.31141,6.6349144,6.785269
306.46393,107.4654,6.637914,6.782869
306.99683,106.61937,6.640914,6.780469
307.52972,105.773315,6.6439137,6.778069
308.0626,104.927246,6.646914,6.775669
308.59543,104.08116,6.6498528,6.773269
309.12823,103.23506,6.6526527,6.7708693
309.66104,102.38895,6.6554527,6.7684693
310.19382,101.54282,6.6582522,6.7660694
310.7266,100.6967,6.661052,6.7636695
311.25934,99.85057,6.6639132,6.7612085
311.7921,99.00444,6.666913,6.758609
312.3249,98.15831,6.669913,6.756009
312.85767,97.31219,6.6729126,6.753409
313.39044,96.466064,6.6759124,6.750809
313.92325,95.61996,6.6789126,6.74827
314.45605,94.773865,6.6819124,6.74587
314.98892,93.92778,6.684912,6.74347
315.5218,93.08172,6.687912,6.7410703
316.0547,92.23567,6.690912,6.7386703
316.58762,91.389656,6.693912,6.7362704
317.1206,90.543655,6.696912,6.7338705
317.65363,89.69769,6.6999116,6.7314706
318.1867,88.85175,6.7029114,6.7290707
318.71982,88.00585,6.705911,6.7266707
319.25302,87.15998,6.708911,6.7242713
319.78625,86.31415,6.711911,6.7218714
320.31955,85.46836,6.714911,6.7194715
320.85294,84.62261,6.717911,6.7170715
321.38638,83.77692,6.7209105,6.7146716
321.9199,82.93126,6.72385,6.7122717
322.45352,82.08566,6.7266498,6.709872
322.9872,81.24011,6.7294497,6.707472
323.521,80.39462,6.7322493,6.705072
324.05487,79.549194,6.7350492,6.702672
324.58884,78.70382,6.73791,6.7002115
325.1229,77.85851,6.7409096,6.6976113
325.65707,77.013275,6.74391,6.6950116
326.19138,76.168106,6.7469096,6.692412
326.72577,75.323006,6.7499094,6.6898117
327.26028,74.47798,6.752909,6.6872725
327.79492,73.63304,6.7559094,6.6848726
328.3297,72.78818,6.758909,6.6824727
328.8646,71.94339,6.761909,6.680073
329.39963,71.098694,6.764909,6.677673
329.9348,70.25408,6.767727,6.675394
330.4701,69.409546,6.770127,6.673394
331.00552,68.5651,6.7725267,6.6713943
331.5411,67.72074,6.7749267,6.6693945
332.0768,66.876465,6.7773266,6.667394
332.6126,66.03227,6.778818,6.6660604
333.1486,65.188156,6.7782183,6.6662607
333.68466,64.34412,6.7776184,6.6664605
334.22086,63.50016,6.7770185,6.6666603
334.75717,62.656284,6.776418,6.6668606
335.29364,61.812485,6.775879,6.6670604
335.8302,60.96876,6.775479,6.6672606
336.36688,60.125114,6.775079,6.6674604
336.90372,59.281544,6.774679,6.6676607
337.44064,58.438046,6.774279,6.6678605
337.97766,57.594624,6.7738185,6.6680603
338.51483,56.751278,6.7732186,6.6682606
339.0521,55.908,6.7726183,6.6684604
339.58948,55.064796,6.7720184,6.6686606
340.12698,54.22166,6.7714186,6.6688604
340.66458,53.378597,6.770879,6.669
341.2023,52.535606,6.770479,6.669
341.7401,51.69268,6.770079,6.669
342.27805,50.849823,6.769679,6.669
342.8161,50.00703,6.769279,6.669
343.35422,49.164307,6.7688184,6.6690607
343.89246,48.32165,6.7682185,6.6692605
344.43082,47.479057,6.7676187,6.6694603
344.96927,46.636528,6.767019,6.6696606
345.5078,45.794064,6.7664185,6.6698604
346.04645,44.95166,6.7658186,6.6700606
346.58517,44.109318,6.7652187,6.6702604
347.124,43.267036,6.764619,6.67046
347.66293,42.424816,6.7640185,6.6706605
348.20193,41.582657,6.7634187,6.6708603
348.74106,40.74055,6.762879,6.6710606
349.28027,39.89851,6.7624793,6.6712604
349.81955,39.056522,6.7620792,6.6714606
350.35892,38.21459,6.761679,6.6716604
350.89838,37.372715,6.761279,6.67186
351.43793,36.530895,6.760819,6.672
351.97757,35.68913,6.7602186,6.672
352.5173,34.847412,6.7596188,6.672
353.0571,34.005753,6.759019,6.672
353.597,33.164143,6.7584186,6.672
354.13693,32.322586,6.7578793,6.6720605
354.67697,31.481077,6.757479,6.6722603
355.21707,30.639618,6.757079,6.6724606
355.75726,29.798206,6.756679,6.6726604
356.29755,28.956844,6.756279,6.6728606
356.83786,28.115528,6.755819,6.6730604
357.37827,27.27426,6.755219,6.67326
357.91876,26.433035,6.7546186,6.6734605
358.45932,25.591856,6.754019,6.6736603
358.99994,24.750721,6.753419,6.6738605
359.54062,23.909628,6.752879,6.6740603
360.08136,23.068579,6.752479,6.67426
360.62216,22.22757,6.7520795,6.6744604
361.16306,21.386602,6.7516794,6.67466
361.70398,20.545675,6.7512794,6.6748605
362.245,19.704786,6.7508187,6.6750603
362.78607,18.863935,6.750219,6.6752605
363.32718,18.023123,6.749619,6.6754603
363.86835,17.182346,6.749019,6.67566
364.40958,16.341608,6.748419,6.6758604
364.95087,15.500903,6.7478795,6.676
365.49222,14.6602335,6.7474794,6.676
366.0336,13.819597,6.7470794,6.676
366.57504,12.978993,6.7466793,6.676
367.11655,12.138422,6.7462792,6.676
367.65808,11.297883,6.745819,6.67606
368.19968,10.457374,6.745219,6.6762605
368.7413,9.616894,6.744619,6.6764603
369.283,8.7764435,6.744019,6.6766605
369.82474,7.9360213,6.743419,6.6768603
370.3665,7.0956264,6.7428794,6.67706
370.9083,6.255258,6.7424793,6.6772604
371.45016,5.414916,6.7420793,6.67746
371.99203,4.574599,6.741679,6.6776605
372.53397,3.7343056,6.7412796,6.6778603
373.07593,2.8940358,6.740819,6.67806
373.61792,2.053789,6.740219,6.6782603
374.15994,1.2135639,6.7396193,6.67846
374.70203,0.37336004,6.7390194,6.6786604
375.2441,-0.46682352,6.738419,6.67886
375.78625,-1.3069875,6.737819,6.6790605
376.3284,-2.1471326,6.7372193,6.6792603
376.87057,-2.9872599,6.736619,6.67946
377.41278,-3.82737,6.736019,6.6796603
377.95502,-4.6674633,6.7354193,6.67986
378.49728,-5.5075417,6.7348795,6.68
379.03958,-6.3476048,6.7344794,6.68
379.58188,-7.187654,6.7340794,6.68
380.1242,-8.02769,6.7336793,6.68
380.66653,-8.867713,6.7332797,6.68
381.2089,-9.707725,6.732819,6.6800604
381.75128,-10.547726,6.732219,6.68026
382.29367,-11.387716,6.7316194,6.6804605
382.8361,-12.227698,6.7310195,6.6806602
383.3785,-13.067671,6.730419,6.68086
383.92093,-13.907637,6.7298794,6.6810603
384.46338,-14.747595,6.72948,6.68126
385.00583,-15.587546,6.7290797,6.6814604
385.5483,-16.427494,6.7286797,6.68166
386.09076,-17.267435,6.7282796,6.68186
386.63324,-18.107374,6.7278194,6.6820602
387.17572,-18.94731,6.7272196,6.68226
387.7182,-19.787243,6.7266192,6.6824603
388.26068,-20.627174,6.7260194,6.68266
388.8032,-21.467106,6.7254195,6.6828604
389.34567,-22.307037,6.7248797,6.68306
389.88815,-23.14697,6.7244797,6.68326
390.43063,-23.986904,6.7240796,6.68346
390.9731,-24.826841,6.7236795,6.68366
391.5156,-25.66678,6.7232795,6.6838603
392.05804,-26.506725,6.7228193,6.684
392.6005,-27.346674,6.7222195,6.684
393.14294,-28.186628,6.7216196,6.684
393.6854,-29.02659,6.7210197,6.684
394.2278,-29.866558,6.7204194,6.684
394.77023,-30.706535,6.7198796,6.68406
395.31265,-31.54652,6.7194796,6.6842604
395.85504,-32.386517,6.7190795,6.68446
396.3974,-33.22652,6.71868,6.68466
396.93976,-34.066536,6.71828,6.68486
397.4821,-34.906567,6.7178197,6.68506
398.0244,-35.74661,6.7172194,6.6852603
398.5667,-36.586662,6.7166195,6.68546
399.10898,-37.42673,6.7160196,6.6856604
399.6512,-38.266815,6.71542,6.68586
400.19345,-39.10692,6.7148795,6.68606
400.73566,-39.947033,6.71448,6.68626
401.27783,-40.78717,6.71408,6.68646
401.81998,-41.627323,6.71368,6.6866603
402.3621,-42.467495,6.7132797,6.68686
402.90417,-43.307686,6.7128196,6.687
403.4462,-44.1479,6.7122197,6.687
403.98822,-44.988132,6.71162,6.687
404.5302,-45.82839,6.7110195,6.687
405.07214,-46.66867,6.7104197,6.687
405.61407,-47.508972,6.70982,6.68706
406.15594,-48.3493,6.7092195,6.68726
406.69778,-49.18965,6.7086196,6.68746
407.23956,-50.030033,6.7080197,6.68766
407.7813,-50.870438,6.70742,6.68786
408.32303,-51.710873,6.7068796,6.6880603
408.8647,-52.551334,6.70648,6.68826
409.4063,-53.391827,6.70608,6.68846
409.94788,-54.23235,6.70568,6.68866
410.48938,-55.072903,6.70528,6.68886
411.03085,-55.91349,6.7048197,6.68906
411.5723,-56.754105,6.70422,6.68926
412.11365,-57.594757,6.7036195,6.6894603
412.65497,-58.43544,6.7030196,6.68966
413.19626,-59.27616,6.7024198,6.68986
413.73746,-60.116917,6.70188,6.69006
414.2786,-60.957706,6.70148,6.69026
414.8197,-61.798534,6.70108,6.69046
415.36075,-62.6394,6.70068,6.69066
415.9017,-63.480305,6.7002797,6.6908603
416.44263,-64.32125,6.6998196,6.691
416.9835,-65.16224,6.6992197,6.691
417.52426,-66.003265,6.69862,6.691
418.065,-66.84433,6.6980195,6.691
418.60565,-67.68544,6.6974196,6.691
419.14624,-68.526596,6.69688,6.69106
419.68677,-69.36779,6.69648,6.6912603
420.2272,-70.20904,6.6960797,6.69146
420.76758,-71.05032,6.6956797,6.69166
421.3079,-71.89166,6.6952796,6.69186
421.8481,-72.73305,6.69482,6.69206
422.38828,-73.57448,6.6942196,6.6922603
422.92834,-74.415955,6.6936197,6.69246
423.46838,-75.25748,6.69302,6.6926603
424.0083,-76.099045,6.6924195,6.69286
424.5482,-76.94066,6.6918797,6.69306
425.088,-77.78231,6.6914797,6.69326
425.62775,-78.624,6.6910796,6.69346
426.16745,-79.46573,6.6906796,6.6936603
426.7071,-80.307495,6.69028,6.69386
427.24667,-81.14929,6.68982,6.6940603
427.7862,-81.99113,6.6892195,6.69426
428.32568,-82.83299,6.6886196,6.69446
428.8651,-83.67488,6.6880198,6.69466
429.4045,-84.51681,6.6874194,6.69486
429.94385,-85.35876,6.6868796,6.695
430.48315,-86.20073,6.6864796,6.695
431.02243,-87.04273,6.68608,6.695
431.56168,-87.88475,6.68568,6.695
432.1009,-88.72679,6.68528,6.695
432.64005,-89.56885,6.6848197,6.6950603
433.1792,-90.41093,6.68422,6.69526
433.71832,-91.25302,6.6836195,6.6954603
434.25745,-92.09513,6.6830196,6.69566
434.7965,-92.93725,6.68242,6.69586
435.33557,-93.77938,6.6818194,6.69606
435.87463,-94.62152,6.6812196,6.69626
436.41367,-95.46367,6.6806197,6.6964602
436.9527,-96.305824,6.68002,6.69666
437.4917,-97.14799,6.6794195,6.6968603
438.03073,-97.99015,6.6788797,6.69706
438.56973,-98.83231,6.6784797,6.69726
439.10876,-99.674484,6.6780796,6.69746
439.64777,-100.51665,6.6776795,6.69766
440.18677,-101.35881,6.67728,6.6978602
440.7258,-102.200966,6.67682,6.69806
441.26483,-103.04311,6.6762195,6.6982603
441.8039,-103.88526,6.6756196,6.69846
442.34296,-104.727394,6.6750197,6.69866
442.88202,-105.56952,6.67442,6.69886
443.4211,-106.41163,6.6738796,6.699
443.96024,-107.25372,6.67348,6.699
444.4994,-108.0958,6.67308,6.699
445.03854,-108.93787,6.67268,6.699
445.57776,-109.779915,6.67228,6.699
446.11697,-110.62194,6.6718197,6.69906
446.65625,-111.46394,6.67122,6.69926
447.19556,-112.30592,6.67062,6.69946
447.7349,-113.14788,6.6700196,6.6996603
448.27426,-113.98981,6.66942,6.69986
448.8137,-114.83171,6.66888,6.70006
449.35318,-115.67358,6.66848,6.70026
449.8927,-116.51542,6.66808,6.70046
450.43225,-117.35722,6.66768,6.70066
450.9719,-118.199,6.6672797,6.70086
451.51157,-119.04073,6.66682,6.70106
452.0513,-119.88244,6.6662197,6.70126
452.5911,-120.7241,6.66562,6.70146
453.13095,-121.56572,6.66502,6.70166
453.6709,-122.407295,6.66442,6.70186
454.21088,-123.248825,6.66388,6.702
454.75095,-124.09032,6.66348,6.702
455.2911,-124.931755,6.66308,6.702
455.8313,-125.773155,6.66268,6.702
456.3716,-126.614494,6.66228,6.702
456.912,-127.45579,6.66182,6.7020597
457.45245,-128.29703,6.66122,6.70226
457.99298,-129.13821,6.66062,6.70246
458.5336,-129.97934,6.6600204,6.70266
459.07434,-130.8204,6.6594205,6.70286
459.61514,-131.6614,6.65882,6.7030597
460.15607,-132.50237,6.6582203,6.70326
460.69705,-133.34325,6.6576204,6.7034597
461.23816,-134.18407,6.6570206,6.70366
461.7794,-135.02483,6.6564207,6.70386
462.32068,-135.86551,6.6558805,6.7040596
462.86212,-136.70613,6.6554804,6.70426
463.40363,-137.54668,6.6550803,6.7044597
463.94528,-138.38716,6.6546803,6.70466
464.48703,-139.22755,6.6542807,6.7048597
465.0289,-140.06789,6.653821,6.7050595
465.5709,-140.90814,6.6532207,6.70526
466.113,-141.7483,6.652621,6.7054596
466.65524,-142.58841,6.652021,6.70566
467.1976,-143.4284,6.651421,6.7058597
467.7401,-144.26833,6.650881,6.706
468.28275,-145.10817,6.6504807,6.706
468.82553,-145.94792,6.6500807,6.706
469.3684,-146.7876,6.649681,6.706
469.91138,-147.62721,6.649281,6.706
470.45447,-148.46675,6.6488214,6.7060595
470.99762,-149.30624,6.6482215,6.7062597
471.54086,-150.1457,6.6476216,6.7064595
472.08414,-150.98512,6.647022,6.7066593
472.62744,-151.82451,6.646422,6.7068596
473.17078,-152.6639,6.645881,6.7070594
473.7141,-153.50328,6.645481,6.707259
474.25745,-154.34267,6.645081,6.7074594
474.80075,-155.18207,6.6446815,6.7076592
475.34402,-156.0215,6.6442814,6.7078595
475.8872,-156.86096,6.643822,6.7080593
476.43036,-157.70047,6.6432223,6.708259
476.97342,-158.54004,6.642622,6.7084594
477.51636,-159.37967,6.642022,6.708659
478.05917,-160.21938,6.6414223,6.7088594
478.6019,-161.05917,6.6408815,6.7090592
479.14444,-161.89906,6.6404815,6.709259
479.68686,-162.73904,6.6400814,6.7094593
480.22906,-163.57915,6.6396813,6.709659
480.7711,-164.41937,6.6392813,6.7098594
481.31293,-165.25974,6.638822,6.71
481.85452,-166.10023,6.638222,6.71
482.3959,-166.94089,6.6376224,6.71
482.937,-167.7817,6.637022,6.71
483.47787,-168.62268,6.636422,6.71
484.01846,-169.46384,6.6358814,6.710059
484.55875,-170.30519,6.6354814,6.7102594
485.0987,-171.14674,6.6350813,6.710459
485.63834,-171.98851,6.634681,6.7106595
486.17764,-172.83049,6.634281,6.7108593
486.71655,-173.67271,6.6338215,6.7110596
487.2551,-174.51518,6.633221,6.7112594
487.79324,-175.3579,6.6326213,6.7114596
488.33102,-176.20085,6.632021,6.7116594
488.8684,-177.04405,6.631421,6.7118597
489.40543,-177.8875,6.6308208,6.71206
489.94202,-178.7312,6.6302204,6.71226
490.47812,-179.57523,6.62962,6.71246
491.01367,-180.41959,6.62902,6.71266
491.54858,-181.26437,6.62842,6.71286
492.0828,-182.1096,6.6239696,6.7113156
492.61612,-182.95537,6.610562,6.7057123
493.14835,-183.80183,6.5971546,6.7001095
493.67923,-184.64915,6.583747,6.694506
494.20847,-185.49748,6.5703397,6.6889033
494.73587,-186.34698,6.5524397,6.681418
495.26108,-187.19781,6.52422,6.66961
495.78384,-188.05016,6.496001,6.6578016
496.30383,-188.9042,6.4677806,6.645993
496.8207,-189.76013,6.439559,6.6341844
497.3342,-190.61809,6.4113975,6.622436
497.84406,-191.47823,6.383374,6.6108265
498.35025,-192.34052,6.355352,6.5992174
498.85275,-193.20494,6.3273325,6.5876093
499.35156,-194.07153,6.299317,6.5760026
499.84665,-194.94025,6.280248,6.5798492
500.3376,-195.81131,6.281048,6.618027
500.82324,-196.68535,6.2818475,6.6562076
501.3024,-197.56294,6.282647,6.6944003
501.77386,-198.44469,6.2834473,6.7326136
502.23642,-199.33115,6.29364,6.787055
502.6902,-200.22214,6.3247547,6.877606
503.13766,-201.1163,6.355861,6.9681344
503.58157,-202.01225,6.386937,7.0585732
504.02466,-202.9086,6.41796,7.148858
504.4696,-203.80405,6.448919,7.2387905
504.91074,-204.70135,6.479853,7.3282447
505.32788,-205.61003,6.5108294,7.4178185
505.69818,-206.53864,6.5418854,7.507624
505.99722,-207.49239,6.5729456,7.5974407
506.2006,-208.47089,6.590997,7.664922
506.29123,-209.46616,6.410857,7.655577
506.2614,-210.46504,6.1610265,7.646263
506.10034,-211.45111,5.9112387,7.6369042
505.79462,-212.40205,5.6615205,7.6274753
505.3333,-213.2877,5.5349274,7.612208
504.7264,-214.081,5.7846303,7.589086
504.00214,-214.76904,6.0343833,7.566157
503.18484,-215.34377,6.2841625,7.5433464
502.2945,-215.79713,6.297861,7.5205164
501.34857,-216.11858,6.2673945,7.507709
500.3667,-216.30347,6.2461767,7.507066
499.369,-216.35953,6.2249346,7.506422
498.3715,-216.29759,6.2036953,7.505779
497.38647,-216.12819,6.1824026,7.5051336
496.42337,-215.8609,6.261348,7.499241
495.48715,-215.51053,6.3665624,7.4919705
494.5777,-215.09535,6.4716167,7.4847116
493.6912,-214.63301,6.5764055,7.477471
492.82153,-214.13965,6.6811085,7.4702363
491.96182,-213.6291,6.7828274,7.4632077
491.10907,-213.10696,6.884142,7.4562073
490.26205,-212.57565,6.9856243,7.449195
489.41934,-212.03752,7.087195,7.4421763
488.57944,-211.49498,7.1887794,7.4351573
487.74097,-210.95026,7.2875037,7.4605527
486.90326,-210.40434,7.3849196,7.500314
486.06622,-209.8574,7.4822936,7.5400586
485.22974,-209.30963,7.5796437,7.5797935
484.39368,-208.76118,7.676989,7.6195264
483.55795,-208.21223,7.771079,7.691556
482.72232,-207.66312,7.863508,7.7801676
481.88657,-207.11424,7.955948,7.868789
481.05038,-206.566,8.048394,7.957417
480.2135,-206.0188,8.1408415,8.046046
479.3757,-205.47305,8.233542,8.134918
478.53683,-204.92894,8.326358,8.223899
477.69684,-204.38652,8.419169,8.312878
476.8557,-203.84587,8.51198,8.4018545
476.01343,-203.30705,8.60479,8.49083
475.16992,-202.77016,8.680459,8.563252
474.32513,-202.23526,8.749736,8.629499
473.47897,-201.70255,8.819015,8.695748
472.63138,-201.17215,8.888292,8.761997
471.78223,-200.6442,8.957571,8.828246
470.93146,-200.11884,8.936023,8.807433
470.07904,-199.59622,8.888451,8.761675
469.22482,-199.07649,8.8408785,8.715917
468.3688,-198.55978,8.793306,8.670159
467.5109,-198.04622,8.745734,8.624401
466.651,-197.53596,8.698361,8.5788355
465.78912,-197.02905,8.651034,8.533312
464.92526,-196.52557,8.603706,8.487789
464.05936,-196.02554,8.556378,8.442266
463.19147,-195.52902,8.509049,8.396743
462.32156,-195.03604,8.46199,8.351478
461.44983,-194.54628,8.414987,8.306267
460.57654,-194.05934,8.367982,8.261055
459.70187,-193.57484,8.320979,8.215844
458.82608,-193.09235,8.273975,8.170632
457.94943,-192.61147,8.22715,8.125593
457.07208,-192.13184,8.180367,8.080595
456.19427,-191.65309,8.133584,8.035596
455.31613,-191.1749,8.086801,7.990597
454.4379,-190.6969,8.040018,7.9455976
453.55975,-190.21875,7.9932985,7.90066
452.6819,-189.7401,7.9465985,7.855741
451.80447,-189.26059,7.8998985,7.810822
450.92773,-188.77986,7.853199,7.765903
450.05185,-188.29755,7.806499,7.720984
449.17706,-187.81331,7.759763,7.676171
448.30353,-187.32677,7.7130117,7.631401
447.43146,-186.83759,7.6662602,7.586631
446.5611,-186.3454,7.619509,7.5418606
445.69266,-185.84985,7.572758,7.4970903
444.82632,-185.3506,7.525895,7.452081
443.96234,-184.84729,7.478975,7.4069505
443.10098,-184.33955,7.4320545,7.3618197
442.24243,-183.82704,7.385134,7.3166885
441.38696,-183.3094,7.3382144,7.271558
440.53482,-182.78627,7.273794,7.2399397
439.6863,-182.25732,7.1992326,7.2161517
438.8417,-181.72217,7.124671,7.192364
438.00128,-181.18045,7.050109,7.1685762
437.16534,-180.63182,6.975547,7.1447883
436.33423,-180.07594,6.883062,7.1348586
435.5082,-179.51248,6.780076,7.133048
434.68768,-178.9411,6.67709,7.131238
433.87292,-178.3615,6.574105,7.1294274
433.0643,-177.77335,6.4711213,7.1276174
432.2622,-177.17635,6.4353337,7.116338
431.46704,-176.57014,6.4343224,7.1001577
430.67926,-175.9544,6.433311,7.0839777
429.8993,-175.32878,6.4322996,7.067797
429.12766,-174.6929,6.4312887,7.051616
428.36478,-174.04651,6.4369445,7.034386
427.6109,-173.3897,6.4452615,7.0167375
426.866,-172.7227,6.4535785,6.9990892
426.13007,-172.04584,6.4618955,6.9814415
425.40308,-171.35936,6.4702125,6.9637933
424.68503,-170.66353,6.4648404,6.9432945
423.97577,-169.95876,6.4557204,6.9220147
423.2751,-169.24542,6.446601,6.900735
422.58282,-168.52396,6.437481,6.879455
421.8987,-167.79472,6.428361,6.8581753
421.22256,-167.05814,6.4165215,6.836276
420.5541,-166.31453,6.404205,6.8142676
419.8932,-165.56424,6.391888,6.792259
419.23953,-164.80757,6.3795714,6.770251
418.59296,-164.04488,6.3672547,6.7482424
417.95322,-163.27646,6.3622108,6.739144
417.32,-162.50261,6.357992,6.7315097
416.69315,-161.72363,6.353773,6.7238755
416.07236,-160.9398,6.3495545,6.7162414
415.45734,-160.15144,6.3453355,6.708607
414.84784,-159.3588,6.342976,6.7046885
414.2436,-158.56215,6.3407774,6.701091
413.64432,-157.76172,6.338579,6.697493
413.04977,-156.9578,6.3363805,6.6938953
412.4597,-156.1506,6.334182,6.6902976
411.87378,-155.34038,6.3321743,6.686531
411.29172,-154.52736,6.330184,6.6827497
410.71332,-153.71176,6.328194,6.6789684
410.1382,-152.8938,6.326204,6.675187
409.5662,-152.0737,6.3242135,6.671406
408.99695,-151.25168,6.3222284,6.6676335
408.43018,-150.42793,6.3202434,6.6638627
407.86566,-149.60265,6.318259,6.660092
407.3031,-148.77603,6.316274,6.656321
406.74222,-147.94827,6.3142896,6.65255
406.18274,-147.11955,6.3123064,6.648782
405.6244,-146.29008,6.310323,6.645014
405.06686,-145.46007,6.30834,6.6412463
404.50983,-144.62971,6.306357,6.6374784
403.953,-143.79922,6.304374,6.6337104
403.3961,-142.9688,6.3023887,6.6301
402.83887,-142.13857,6.300403,6.626526
402.28116,-141.30865,6.2984176,6.622952
401.7228,-140.47917,6.296432,6.6193776
401.16367,-139.65025,6.2944465,6.6158037
400.60352,-138.82199,6.292457,6.6120687
400.0424,-137.99438,6.290467,6.608287
399.48035,-137.16743,6.2884765,6.604505
398.91742,-136.34105,6.286486,6.6007233
398.35367,-135.51524,6.2844954,6.5969415
397.78915,-134.68994,6.2825017,6.5931535
397.22394,-133.86516,6.280507,6.5893636
396.658,-133.04085,6.2785125,6.5855737
396.0913,-132.21703,6.276518,6.581784
395.524,-131.39368,6.2745233,6.577994
394.956,-130.57079,6.2723784,6.574199
394.38733,-129.74835,6.27018,6.5704026
393.81805,-128.92633,6.2679825,6.566606
393.2482,-128.10474,6.2657843,6.5628095
392.67776,-127.283516,6.2635865,6.559013
392.1068,-126.46268,6.261533,6.555359
391.53534,-125.64219,6.259532,6.5517573
390.96338,-124.822044,6.2575307,6.5481553
390.39096,-124.00222,6.25553,6.5445538
389.8181,-123.1827,6.253529,6.5409517
389.24484,-122.36347,6.2515264,6.5372
388.67117,-121.54452,6.249523,6.5333943
388.09714,-120.725815,6.24752,6.529588
387.52277,-119.90735,6.2455173,6.5257826
386.94812,-119.08911,6.243514,6.521977
386.37314,-118.271065,6.24151,6.518169
385.7979,-117.45321,6.239506,6.5143604
385.22244,-116.63551,6.237501,6.5105524
384.6468,-115.81797,6.235497,6.506744
384.07092,-115.00056,6.2334924,6.5029354
383.4949,-114.18326,6.2314873,6.4991264
382.91876,-113.36606,6.2294827,6.4953165
382.34247,-112.548935,6.2274776,6.491507
381.76614,-111.731865,6.2254725,6.4876976
381.18973,-110.91485,6.2234674,6.4838877
380.61328,-110.09785,6.2214622,6.480078
380.0368,-109.28086,6.219457,6.476269
379.4604,-108.46386,6.2174525,6.4724593
378.88397,-107.64683,6.2154474,6.46865
378.30765,-106.82974,6.2134423,6.4648404
377.7314,-106.0126,6.211282,6.4611883
377.15527,-105.19539,6.209077,6.4575806
376.57922,-104.378105,6.2068725,6.453973
376.00327,-103.56076,6.2046676,6.450365
375.42743,-102.74334,6.2024627,6.4467573
374.85165,-101.92586,6.200417,6.442992
374.276,-101.10831,6.1984134,6.4391856
373.70044,-100.290695,6.1964097,6.4353786
373.12494,-99.473015,6.1944065,6.431572
372.54956,-98.65527,6.192403,6.4277654
371.97424,-97.83746,6.1903996,6.4239597
371.39905,-97.0196,6.188397,6.420154
370.8239,-96.20167,6.186394,6.4163485
370.24887,-95.38368,6.184391,6.4125433
369.67392,-94.565636,6.1823883,6.4087377
369.09903,-93.74753,6.180386,6.4049335
368.52426,-92.92937,6.178384,6.4011292
367.94955,-92.11115,6.1763816,6.397325
367.3749,-91.29288,6.1743793,6.393521
366.80035,-90.47455,6.172377,6.3897166
366.2259,-89.65616,6.1703753,6.3860755
365.6515,-88.83772,6.1683736,6.382473
365.07715,-88.01923,6.1663723,6.37887
364.5029,-87.20069,6.1643705,6.375267
363.9287,-86.382095,6.162369,6.371664
363.3546,-85.56345,6.160368,6.367899
362.78058,-84.74477,6.1583667,6.3640966
362.2066,-83.926025,6.1563654,6.360295
361.6327,-83.10724,6.1543646,6.3564925
361.05887,-82.2884,6.1523633,6.3526907
360.4851,-81.46952,6.150363,6.3488894
359.9114,-80.6506,6.148362,6.3450885
359.33774,-79.83163,6.146362,6.341287
358.76416,-79.01261,6.144361,6.3374863
358.19064,-78.19356,6.1423607,6.333685
357.6172,-77.37446,6.1401963,6.3298845
357.0438,-76.55532,6.137996,6.3260846
356.47046,-75.736145,6.135796,6.322284
355.89716,-74.91692,6.133596,6.3184843
355.32394,-74.09767,6.131396,6.314684
354.75076,-73.27837,6.12936,6.3110485
354.17764,-72.459045,6.1273603,6.307449
353.60455,-71.63968,6.125361,6.303849
353.03152,-70.820274,6.123361,6.30025
352.45856,-70.00084,6.1213613,6.2966504
351.88562,-69.181366,6.119362,6.2928877
351.31274,-68.36186,6.1173625,6.2890887
350.73993,-67.54233,6.115363,6.2852902
350.16714,-66.72276,6.1133637,6.2814913
349.5944,-65.90317,6.1113644,6.2776923
349.02167,-65.08354,6.1093655,6.2738943
348.449,-64.263885,6.107366,6.270096
347.8764,-63.4442,6.105367,6.266298
347.3038,-62.62449,6.1033683,6.2625
346.73126,-61.804752,6.1013694,6.2587013
346.15875,-60.984993,6.0993705,6.254904
345.58627,-60.165207,6.0973716,6.251106
345.01385,-59.345394,6.0953727,6.2473083
344.44144,-58.525562,6.093374,6.2435102
343.86908,-57.705704,6.091375,6.2397127
343.29672,-56.885826,6.0893764,6.236078
342.7244,-56.06593,6.087378,6.23248
342.15213,-55.24601,6.085379,6.228883
341.57986,-54.426075,6.0833807,6.225285
341.00763,-53.606117,6.0813823,6.221688
340.43542,-52.786148,6.0793834,6.217929
339.86325,-51.966156,6.077385,6.214132
339.29108,-51.146152,6.0753865,6.210335
338.71893,-50.326134,6.073388,6.2065377
338.14682,-49.5061,6.0713897,6.2027407
337.57474,-48.68605,6.0692306,6.1989436
337.00266,-47.86599,6.0670323,6.195147
336.43057,-47.045918,6.064834,6.19135
335.85852,-46.225834,6.062636,6.1875534
335.2865,-45.405743,6.060438,6.1837564
334.71448,-44.58564,6.0583997,6.17996
334.14246,-43.765526,6.0564017,6.1761627
333.57047,-42.945408,6.0544033,6.172366
332.99847,-42.125282,6.052405,6.1685696
332.4265,-41.30515,6.0504065,6.1647725
331.85452,-40.485012,6.0484085,6.161135
331.28256,-39.66487,6.04641,6.1575384
330.7106,-38.844727,6.0444117,6.153941
330.13864,-38.02458,6.0424137,6.1503444
329.5667,-37.204426,6.0404153,6.1467476
328.99475,-36.384274,6.038417,6.142992
328.4228,-35.56412,6.0364184,6.1391954
327.85086,-34.74397,6.0344205,6.1353984
327.2789,-33.923817,6.032422,6.131602
326.70694,-33.10367,6.0304236,6.1278048
326.13498,-32.28352,6.028425,6.124008
325.56302,-31.463377,6.026427,6.120211
324.99106,-30.643238,6.0244284,6.116414
324.4191,-29.823103,6.02243,6.112617
323.8471,-29.002975,6.0204315,6.10882
323.27512,-28.182854,6.018433,6.105023
322.7031,-27.36274,6.0164347,6.1012254
322.1311,-26.542635,6.014436,6.0974283
321.55905,-25.722538,6.0124373,6.0936313
320.98703,-24.90245,6.010439,6.0898337
320.41495,-24.082375,6.00844,6.086192
319.8429,-23.26231,6.0064416,6.0825944
319.27078,-22.442259,6.0044427,6.0789967
318.69867,-21.622221,6.002444,6.075399
318.12656,-20.802195,6.000445,6.071801
317.55438,-19.982185,5.998291,6.0680475
316.9822,-19.16219,5.996092,6.0642495
316.41,-18.342213,5.993893,6.0604515
315.8378,-17.522251,5.991694,6.0566535
315.26553,-16.702309,5.9894953,6.0528555
314.69327,-15.882384,5.987451,6.049057
314.12097,-15.062479,5.9854517,6.045258
313.5486,-14.242595,5.9834523,6.0414596
312.97626,-13.422732,5.981453,6.037661
312.40387,-12.602891,5.979454,6.033862
311.83145,-11.783072,5.977454,6.030063
311.25897,-10.963279,5.975455,6.0262637
310.6865,-10.143508,5.973455,6.0224643
310.11395,-9.323763,5.9714556,6.0186653
309.54138,-8.504045,5.9694557,6.014866
308.96878,-7.684353,5.967456,6.0112205
308.39612,-6.8646884,5.965456,6.0076203
307.82343,-6.045053,5.9634557,6.00402
307.2507,-5.2254467,5.961456,6.00042
306.67792,-4.4058704,5.9594555,5.9968204
306.1051,-3.5863252,5.957455,5.9930654
305.53223,-2.7668116,5.955455,5.9892645
304.95932,-1.9473306,5.9534545,5.9854636
304.38635,-1.1278831,5.951454,5.9816628
303.81335,-0.30846986,5.9494534,5.977862
303.2403,0.51090837,5.9474525,5.97406
302.6672,1.3302507,5.9454517,5.970258
302.09402,2.1495564,5.943451,5.9664564
301.5208,2.9688246,5.9414496,5.9626546
300.94754,3.7880545,5.939449,5.958853
300.3742,4.6072454,5.9374475,5.95505
299.80084,5.4263964,5.935446,5.951247
299.2274,6.2455063,5.9334445,5.9474444
298.6539,7.0645747,5.9314427,5.9436417
298.08032,7.883601,5.9294415,5.939839
297.5067,8.702584,5.9272833,5.936191
296.933,9.5215225,5.9250813,5.932587
296.35928,10.340417,5.9228787,5.9289837
295.78546,11.159265,5.9206767,5.9253798
295.21158,11.978066,5.918474,5.9217763
294.63763,12.796821,5.9164286,5.9180145
294.0636,13.615526,5.914426,5.9142094
293.48953,14.434184,5.912423,5.9104037
292.91537,15.252791,5.9104204,5.9065986
292.34113,16.071348,5.9084177,5.9027934
291.7668,16.889853,5.9064145,5.8989873
291.19244,17.708305,5.904411,5.8951807
290.618,18.526705,5.9024076,5.8913746
290.04346,19.34505,5.900404,5.887568
289.46884,20.163342,5.898401,5.8837614
288.89417,20.981575,5.889022,5.8740215
288.3194,21.799753,5.8777986,5.862798
287.74454,22.617874,5.8665752,5.8515754
287.16962,23.435938,5.855352,5.840352
286.5946,24.253942,5.8441286,5.8291287
286.0195,25.071886,5.8294897,5.81514
285.4443,25.88977,5.8140516,5.8005037
284.86902,26.707594,5.7986135,5.7858677
284.29367,27.525352,5.7831755,5.7712317
283.7182,28.343048,5.7677374,5.7565956
283.14264,29.160677,5.752459,5.7421193
282.56702,29.978241,5.7372155,5.727678
281.99127,30.79574,5.7219715,5.713236
281.41544,31.613176,5.7067275,5.6987944
280.83954,32.43055,5.6914835,5.684353
280.26352,33.247856,5.676073,5.6699123
279.68744,34.065098,5.66063,5.6554723
279.11124,34.88227,5.645188,5.6410327
278.53494,35.69937,5.629745,5.6265926
277.95853,36.5164,5.6143026,5.612153
277.38202,37.333347,5.599071,5.5975814
276.80542,38.150238,5.583876,5.5829864
276.22876,38.96709,5.5686812,5.568391
275.65207,39.783924,5.5534854,5.5537953
275.0754,40.600765,5.5382895,5.5391994
274.49875,41.41762,5.5230093,5.5248528
273.92206,42.23445,5.507714,5.5105505
273.34525,43.051178,5.4924192,5.496249
272.7682,43.867737,5.477126,5.4819493
272.19077,44.684055,5.4618354,5.4676514
271.61298,45.500095,5.446833,5.4533134
271.035,46.31603,5.431896,5.4389663
270.4573,47.13213,5.416957,5.424617
269.8802,47.948666,5.402013,5.410262
269.30408,48.765907,5.38706,5.3959
268.7292,49.58398,5.3379216,5.331564
268.15378,50.401722,5.2760386,5.2485976
267.57523,51.217224,5.214185,5.1656713
266.99088,52.028576,5.1524096,5.082849
266.39816,52.833824,5.0907636,5.0002007
265.79416,53.63067,5.153961,4.948028
265.16953,54.411407,5.3011336,4.916285
264.51038,55.16311,5.4486065,4.884477
263.804,55.87045,5.5964394,4.8525915
263.04044,56.515495,5.744131,4.8207364
262.21548,57.079697,5.736568,4.885613
261.33508,57.552753,5.6793904,4.981207
260.4082,57.92651,5.6221523,5.076902
259.44415,58.189724,5.5645504,5.1732044
258.45465,58.32829,5.5114183,5.261167
257.4554,58.3398,5.4696383,5.3281345
256.46017,58.24717,5.428092,5.394728
255.47499,58.077145,5.3868895,5.4607706
254.5002,57.85469,5.3459044,5.526464
253.53268,57.6024,5.329288,5.577221
252.56877,57.3366,5.3875327,5.582197
251.60683,57.063713,5.4460964,5.587201
250.64537,56.78921,5.5048776,5.5922236
249.68279,56.518696,5.5637727,5.5972557
248.71754,56.257816,5.6226735,5.6022887
247.7485,56.011387,5.6419983,5.611764
246.77596,55.779186,5.654787,5.6219554
245.80058,55.559124,5.6675587,5.632133
244.823,55.349117,5.680321,5.642303
243.84373,55.147106,5.6930833,5.6524725
242.86328,54.950947,5.7064333,5.6629705
241.88222,54.757847,5.719894,5.673532
240.90115,54.564743,5.73336,5.684098
239.9207,54.36857,5.746829,5.694666
238.9415,54.16626,5.760288,5.7052293
237.96408,53.95548,5.773269,5.715574
236.98846,53.736526,5.7862477,5.7259164
236.0145,53.510326,5.799225,5.736257
235.04202,53.27778,5.8122005,5.7465973
234.07088,53.0398,5.82515,5.7569165
233.1008,52.797436,5.8378325,5.7670226
232.13144,52.552258,5.8505154,5.7771297
231.16237,52.305904,5.863199,5.787237
230.19319,52.060028,5.875883,5.7973447
229.22346,51.816277,5.888576,5.8074517
228.25288,51.57598,5.9014525,5.817555
227.28139,51.33937,5.9143286,5.8276577
226.30902,51.10643,5.927204,5.8377604
225.33577,50.877144,5.94008,5.8478627
224.36168,50.651493,5.952956,5.8579655
223.38676,50.429417,5.965701,5.868121
222.41112,50.21063,5.978446,5.8782773
221.4348,49.9948,5.9911904,5.888433
220.4579,49.781597,6.0039353,5.898589
219.48051,49.570683,6.01668,5.908745
218.5027,49.361732,6.029662,5.918935
217.52452,49.15448,6.0426507,5.929126
216.54605,48.948666,6.0556393,5.9393167
215.56732,48.744026,6.068628,5.9495077
214.58841,48.54031,6.081616,5.9596987
213.60936,48.33725,6.094433,5.9699073
212.63023,48.134533,6.1072445,5.9801164
211.65111,47.931843,6.1200557,5.990326
210.67204,47.728867,6.1328673,6.000535
209.6931,47.525288,6.145679,6.010744
208.71434,47.320824,6.1584945,6.0209565
207.73578,47.1154,6.1713104,6.031169
206.75743,46.908978,6.184126,6.041382
205.7793,46.701523,6.196942,6.0515943
204.80139,46.493008,6.209758,6.0618067
203.82372,46.2834,6.222768,6.072018
202.84628,46.07273,6.235782,6.082229
201.86906,45.861023,6.2487965,6.09244
200.89206,45.648315,6.2618103,6.102651
199.91527,45.43463,6.2748246,6.112862
198.93869,45.22001,6.287639,6.1230717
197.96231,45.004463,6.300451,6.133281
196.98613,44.788006,6.313263,6.143491
196.01015,44.570656,6.3260746,6.1537
195.03438,44.352425,6.3388863,6.1639094
194.05878,44.13333,6.3518944,6.174117
193.08339,43.91339,6.3649044,6.1843247
192.10817,43.69263,6.377914,6.1945324
191.13315,43.47106,6.390924,6.20474
190.1583,43.248707,6.4039335,6.2149477
189.18361,43.025585,6.4167423,6.225353
188.2091,42.801712,6.4295497,6.2357593
187.23477,42.577114,6.442357,6.2461653
186.2606,42.3518,6.4551644,6.2565713
185.28659,42.125793,6.467972,6.2669773
184.31274,41.89911,6.4807773,6.2771816
183.33904,41.67177,6.4935827,6.287386
182.3655,41.44379,6.5063877,6.2975903
181.39207,41.21519,6.519193,6.3077946
180.41882,40.98599,6.5319986,6.317999
179.4457,40.756203,6.545002,6.3282013
178.4727,40.525852,6.5580053,6.338404
177.49983,40.294956,6.5710087,6.3486066
176.5271,40.06353,6.584012,6.3588095
175.55449,39.831593,6.597015,6.369012
174.58199,39.599163,6.6098166,6.379213
173.6096,39.36626,6.6226177,6.3894143
172.63733,39.1329,6.6354194,6.3996153
171.66515,38.899105,6.6482205,6.4098163
170.69308,38.66489,6.661022,6.4200177
169.72112,38.430275,6.673822,6.4302173
168.74924,38.19528,6.6866217,6.4404173
167.77744,37.959915,6.6994214,6.4506173
166.80573,37.724205,6.712221,6.460817
165.8341,37.48817,6.7250032,6.471013
164.86255,37.251823,6.727003,6.479012
163.89107,37.015186,6.729003,6.487011
162.91965,36.778275,6.7310023,6.4950104
161.94829,36.541107,6.733002,6.5030093
160.977,36.303703,6.734996,6.511007
160.00575,36.066082,6.7309966,6.5178056
159.03456,35.82826,6.7269974,6.5246043
158.06342,35.590252,6.7229986,6.5314026
157.0923,35.352085,6.7189994,6.5382013
156.12123,35.113766,6.715,6.5449996
155.15019,34.875324,6.711201,6.551998
154.17918,34.63677,6.707402,6.558996
153.20819,34.39812,6.7036033,6.5659943
152.23721,34.1594,6.6998043,6.5729923
151.26625,33.920628,6.6960053,6.5799904
150.2953,33.681812,6.6920066,6.5867887
149.32436,33.44298,6.688008,6.5935864
148.35341,33.204147,6.684009,6.600384
147.38246,32.965332,6.6800103,6.607182
146.4115,32.72655,6.6760116,6.61398
145.44054,32.48782,6.6722126,6.6207776
144.46954,32.249165,6.6684136,6.6275754
143.49854,32.010597,6.6646147,6.634373
142.5275,31.772137,6.660816,6.641171
141.55643,31.533802,6.657017,6.647969
140.58533,31.29561,6.6530194,6.654966
139.61418,31.05758,6.6490207,6.6619635
138.643,30.819733,6.645022,6.6689615
137.67177,30.58208,6.641023,6.675959
136.70047,30.344646,6.6370244,6.682957
135.72913,30.107447,6.6330256,6.6897564
134.75772,29.8705,6.629027,6.6965547
133.78625,29.633823,6.625028,6.7033525
132.81471,29.397436,6.621029,6.7101507
131.8431,29.161354,6.61703,6.7169485
130.87138,28.925598,6.6132293,6.7239456
129.89961,28.690187,6.6094303,6.730944
128.92773,28.455135,6.6056314,6.7379427
127.95578,28.220467,6.601832,6.7449408
126.98373,27.986195,6.598033,6.7519393
126.01157,27.752335,6.594035,6.75874
125.039314,27.51889,6.590036,6.765539
124.06696,27.285856,6.5860367,6.772338
123.09451,27.053232,6.582037,6.779137
122.12196,26.821012,6.5780377,6.785936
121.149315,26.589195,6.574236,6.792735
120.176575,26.357779,6.5704365,6.799535
119.20374,26.126759,6.5666366,6.806334
118.23082,25.896132,6.562837,6.8131337
117.2578,25.665895,6.5590377,6.819933
116.28468,25.436049,6.5550394,6.826931
115.311485,25.206585,6.5510397,6.8339305
114.33819,24.977503,6.54704,6.8409305
113.36481,24.7488,6.54304,6.84793
112.39134,24.520473,6.53904,6.85493
111.417786,24.292519,6.53504,6.861732
110.44414,24.064934,6.5310397,6.868532
109.47041,23.837717,6.5270395,6.8753324
108.4966,23.610863,6.52304,6.8821325
107.5227,23.38437,6.5190396,6.8889327
106.54872,23.158237,6.5152373,6.8959312
105.57465,22.932457,6.511437,6.9029317
104.60051,22.707031,6.507637,6.909932
103.62628,22.481953,6.5038366,6.9169326
102.65198,22.25722,6.5000362,6.923933
101.67759,22.032831,6.496038,6.9307356
100.70313,21.80878,6.4920373,6.9375362
99.72859,21.585068,6.488037,6.944337
98.753975,21.36169,6.484037,6.9511375
97.77928,21.138643,6.4800363,6.957938
96.80451,20.915924,6.476234,6.9647393
95.82967,20.69353,6.4724336,6.97154
94.85475,20.471457,6.468633,6.9783406
93.87977,20.249704,6.464833,6.9851418
92.90471,20.028267,6.461032,6.9919424
91.92957,19.807144,6.4659586,6.9927936
90.95438,19.58633,6.470959,6.9935937
89.9791,19.365822,6.47596,6.994394
89.00376,19.14562,6.480961,6.9951935
88.02836,18.925718,6.4859614,6.9959936
87.05289,18.706114,6.491955,6.9958014
86.07734,18.486805,6.497956,6.9956017
85.10174,18.267788,6.503957,6.9954014
84.12607,18.04906,6.509958,6.9952016
83.15033,17.830618,6.515959,6.9950013
82.17453,17.61246,6.5221586,6.9948015
81.19867,17.39458,6.5283594,6.9946012
80.22275,17.17698,6.5345607,6.9944015
79.246765,16.959652,6.5407615,6.994201
78.27072,16.742594,6.5469627,6.9940014
77.29462,16.525805,6.552965,6.993801
76.31845,16.30928,6.558966,6.9936013
75.34223,16.093018,6.564967,6.993401
74.36595,15.877014,6.570968,6.9932013
73.38962,15.661266,6.576969,6.993001
72.41323,15.445771,6.5831695,6.993
71.43678,15.230526,6.5893707,6.993
70.46028,15.015528,6.5955715,6.993
69.483734,14.800773,6.601773,6.993
68.507126,14.586259,6.607974,6.993
67.530464,14.371983,6.613976,6.9928007
66.55376,14.157941,6.619977,6.992601
65.576996,13.944131,6.625978,6.9924006
64.60019,13.730549,6.631979,6.992201
63.623325,13.517193,6.63798,6.9920006
62.646416,13.30406,6.6441803,6.991801
61.66946,13.091146,6.6503816,6.9916005
60.692455,12.8784485,6.6565824,6.9914007
59.71541,12.665965,6.6627836,6.9912004
58.73831,12.4536915,6.6689844,6.9910007
57.76117,12.241626,6.675185,6.991
56.783985,12.029764,6.6813865,6.991
55.806755,11.818104,6.6875873,6.991
54.829483,11.606642,6.693788,6.991
53.85217,11.395375,6.6999893,6.991
52.874817,11.184301,6.7059903,6.9908004
51.89742,10.973416,6.7119913,6.9906
50.919983,10.762717,6.717992,6.9904003
49.942505,10.552201,6.723993,6.9902
48.964993,10.341866,6.729994,6.9900002
47.98744,10.131707,6.736194,6.9898
47.00985,9.921722,6.742395,6.9896
46.032223,9.711908,6.7485957,6.9894
45.054558,9.502263,6.754796,6.9892
44.076862,9.292783,6.760997,6.9890003
43.09913,9.083465,6.7669973,6.9888
42.12136,8.874305,6.7729983,6.9886003
41.143562,8.6653,6.778999,6.9884
40.16573,8.456447,6.7849994,6.9882
39.187866,8.24774,6.791,6.988
38.20997,8.039176,6.7972,6.988
37.232044,7.8307524,6.8034005,6.988
36.254093,7.622464,6.809601,6.988
35.27611,7.4143076,6.815801,6.988
34.298103,7.2062783,6.822002,6.988
33.32007,6.9983726,6.8282022,6.9878
32.34201,6.790587,6.834402,6.9876
31.363924,6.582917,6.8406024,6.9874
30.385817,6.375359,6.8468027,6.9872
29.407686,6.1679096,6.853003,6.987
28.429533,5.9605637,6.859003,6.9867997
27.451357,5.753319,6.865003,6.9866
26.473162,5.5461698,6.8710036,6.9863997
25.494947,5.339113,6.8770037,6.9862
24.516714,5.1321454,6.8830037,6.986
23.538464,4.925262,6.889204,6.9858
22.560196,4.718459,6.895404,6.9856
21.581911,4.511733,6.9016037,6.9853997
20.603611,4.3050804,6.907804,6.9852
19.625296,4.0984964,6.914004,6.985
18.646969,3.8919773,6.920004,6.985
17.668627,3.6855195,6.9260035,6.985
16.690273,3.479119,6.9320035,6.985
15.711909,3.2727718,6.9380035,6.985
14.733535,3.0664742,6.9439993,6.984992
13.755151,2.8602219,6.942399,6.9707923
12.776757,2.6540112,6.940799,6.9565926
11.798356,2.4478383,6.9391994,6.942393
10.819947,2.2416992,6.937599,6.9281936
9.841533,2.03559,6.935999,6.9139934
8.863113,1.8295064,6.933999,6.8991942
7.8846884,1.623445,6.931999,6.8843946
6.90626,1.4174017,6.9299994,6.869595
5.927829,1.2113726,6.9279995,6.854796
4.9493947,1.0053539,6.9259996,6.8399963
3.97096,0.79934156,6.9237995,6.825197
2.9925244,0.5933317,6.9216,6.8103976
2.014089,0.38732046,6.9193997,6.7955985
1.0356551,0.18130386,6.9172,6.7807994
