# x_m,y_m,w_tr_right_m,w_tr_left_m
3.439354,-0.495322,6.556,6.536
4.0255394,0.31472236,6.5564,6.5362
4.6117167,1.1247725,6.5568,6.5364
5.197886,1.9348285,6.5572,6.5366
5.7840476,2.7448902,6.5575995,6.5368
6.370201,3.5549576,6.5579996,6.5369997
6.956347,4.3650303,6.5583997,6.5372
7.5424857,5.175109,6.5587993,6.5374
8.128616,5.985193,6.5591993,6.5375996
8.71474,6.795282,6.5595994,6.5378
9.300857,7.6053762,6.5599995,6.5379996
9.886965,8.415476,6.560399,6.5381994
10.473067,9.225581,6.560799,6.5383997
11.059162,10.03569,6.561199,6.5385995
11.645249,10.845806,6.561599,6.5387993
12.231331,11.655926,6.561999,6.5389996
12.817405,12.46605,6.562399,6.5391994
13.403472,13.27618,6.562799,6.5393996
13.989533,14.086314,6.5631986,6.5395994
14.575588,14.896454,6.5635986,6.539799
15.161636,15.706597,6.5639987,6.5399995
15.747678,16.516745,6.564399,6.5401993
16.333714,17.326899,6.5647984,6.540399
16.919743,18.137054,6.5651984,6.5405993
17.505768,18.947216,6.5655985,6.540799
18.091785,19.757381,6.5659986,6.5409994
18.677797,20.567553,6.5663986,6.5413985
19.263802,21.377726,6.566798,6.5417986
19.849802,22.187904,6.5671983,6.542198
20.435797,22.998087,6.5675983,6.5425982
21.021788,23.808273,6.5679984,6.5429983
21.60777,24.618464,6.5685973,6.543199
22.19375,25.428658,6.569197,6.543399
22.779724,26.238855,6.569797,6.543599
23.365692,27.049055,6.570397,6.543799
23.951656,27.85926,6.570997,6.543999
24.537615,28.66947,6.5713983,6.544199
25.123568,29.479681,6.571798,6.544399
25.709517,30.289896,6.572198,6.544599
26.295462,31.100115,6.572598,6.544799
26.881401,31.910337,6.572998,6.544999
27.467337,32.720562,6.5733976,6.545199
28.053268,33.53079,6.5737977,6.5453987
28.639194,34.341022,6.574198,6.545599
29.225119,35.151257,6.574598,6.545799
29.811037,35.961494,6.574998,6.545999
30.396952,36.771732,6.5753975,6.546199
30.982862,37.581978,6.5757976,6.5463986
31.56877,38.392223,6.5761976,6.546599
32.15467,39.202473,6.5765977,6.5467987
32.74057,40.012722,6.5769978,6.546999
33.32647,40.822975,6.5773973,6.547199
33.91236,41.633232,6.5777974,6.5473986
34.49825,42.44349,6.5781975,6.547599
35.084137,43.25375,6.5785975,6.5477986
35.67002,44.064014,6.5789976,6.547999
36.2559,44.87428,6.579397,6.5481987
36.841778,45.684547,6.5797973,6.5483985
37.42765,46.494816,6.5801973,6.548599
38.013523,47.305088,6.5805974,6.5487986
38.599392,48.11536,6.5809975,6.548999
39.185257,48.925636,6.581397,6.5491986
39.771122,49.735912,6.581797,6.5493984
40.356983,50.546192,6.582197,6.5495987
40.94284,51.356472,6.5825973,6.5497985
41.528698,52.16675,6.5829973,6.5499988
42.114555,52.977036,6.583397,6.5501986
42.700405,53.787323,6.583797,6.5503983
43.28626,54.59761,6.584197,6.5505986
43.872105,55.407898,6.584597,6.5507984
44.457954,56.218185,6.5849967,6.5509987
45.043797,57.028477,6.585397,6.5511985
45.62964,57.838768,6.585797,6.5513983
46.21548,58.649063,6.586197,6.5515985
46.80132,59.45936,6.586597,6.5517983
47.387157,60.269653,6.5869966,6.551998
47.972992,61.079952,6.5873966,6.5521984
48.558826,61.89025,6.5877967,6.552398
49.14466,62.70055,6.5881968,6.5525985
49.73049,63.51085,6.5885963,6.5527983
50.31632,64.32115,6.5889964,6.552998
50.902145,65.131454,6.5893965,6.553396
51.487972,65.94176,6.5897965,6.5537963
52.0738,66.75207,6.590196,6.5541964
52.659622,67.56237,6.590596,6.5545964
53.24544,68.37268,6.5909963,6.5549965
53.83126,69.18299,6.591594,6.555198
54.41708,69.99329,6.592194,6.555398
55.0029,70.803604,6.5927944,6.5555983
55.588715,71.61392,6.5933943,6.555798
56.17453,72.42423,6.593994,6.555998
56.760345,73.23454,6.594396,6.556198
57.346157,74.04486,6.5947957,6.556398
57.93197,74.85517,6.595196,6.5565977
58.51778,75.66549,6.595596,6.556798
59.103592,76.4758,6.595996,6.556998
59.6894,77.28612,6.596396,6.557198
60.275208,78.096436,6.5967956,6.557398
60.86101,78.90675,6.5971956,6.5575976
61.44682,79.71707,6.5975957,6.557798
62.032623,80.5274,6.5979958,6.5579977
62.618427,81.337715,6.5983953,6.5581975
63.20423,82.14803,6.5987954,6.558398
63.790035,82.95836,6.5991955,6.5585976
64.37584,83.76868,6.599595,6.558798
64.96164,84.579,6.599995,6.5589976
65.54744,85.38932,6.600395,6.5591974
66.13324,86.199646,6.6007953,6.5593977
66.71904,87.00997,6.601195,6.5595975
67.30484,87.82029,6.601595,6.5597973
67.89064,88.630615,6.601995,6.5599976
68.47643,89.44094,6.602395,6.5601974
69.06223,90.25127,6.6027946,6.5603976
69.64803,91.06159,6.6031947,6.5605974
70.233826,91.87192,6.603595,6.560797
70.819626,92.68224,6.603995,6.5609975
71.40542,93.49257,6.6043944,6.5611973
71.99122,94.302895,6.6047945,6.561397
72.57701,95.11322,6.6051946,6.5615973
73.16281,95.923546,6.6055946,6.561797
73.748604,96.73387,6.605994,6.5619974
74.334404,97.5442,6.6063943,6.562197
74.9202,98.35452,6.6067944,6.562397
75.506,99.16485,6.6071944,6.5625973
76.09179,99.975174,6.607594,6.562797
76.67759,100.7855,6.607994,6.562997
77.26338,101.595825,6.608394,6.563197
77.84918,102.40615,6.6087937,6.563397
78.434975,103.21648,6.609194,6.5635967
79.020775,104.0268,6.609594,6.563797
79.60657,104.83713,6.609994,6.563997
80.19237,105.64745,6.6103935,6.564197
80.77817,106.45778,6.6107936,6.564397
81.36396,107.268105,6.6111937,6.5645967
81.94976,108.07842,6.6115937,6.564797
82.53556,108.88875,6.6119933,6.5649967
83.12136,109.69907,6.6123934,6.5653934
83.70716,110.5094,6.6127934,6.5657935
84.29296,111.31972,6.613193,6.566193
84.87876,112.13004,6.613593,6.566593
85.46456,112.94036,6.613993,6.566993
86.05037,113.75069,6.614393,6.5671964
86.63617,114.561005,6.614793,6.5673966
87.22198,115.37132,6.615193,6.5675964
87.80778,116.18164,6.615593,6.567796
88.393585,116.99197,6.615993,6.5679965
88.97939,117.802284,6.616589,6.5681963
89.5652,118.6126,6.617189,6.568396
90.15101,119.42291,6.617789,6.5685964
90.73682,120.23323,6.6183887,6.568796
91.32263,121.04355,6.6189885,6.5689964
91.90844,121.85386,6.6193924,6.569196
92.494255,122.66418,6.6197925,6.569396
93.08007,123.47449,6.620192,6.5695963
93.665886,124.2848,6.620592,6.569796
94.2517,125.095116,6.620992,6.569996
94.83752,125.905426,6.6213923,6.570196
95.42333,126.71573,6.621792,6.570396
96.009155,127.52604,6.622192,6.5705957
96.59498,128.33635,6.622592,6.570796
97.1808,129.14665,6.6229916,6.570996
97.766624,129.95695,6.6233916,6.571196
98.35245,130.76727,6.6237917,6.571396
98.93828,131.57758,6.6241918,6.5715957
99.52411,132.38788,6.6245914,6.571796
100.10994,133.19817,6.6249914,6.5719957
100.69577,134.00847,6.6253915,6.5721955
101.2816,134.81877,6.6257915,6.572396
101.86744,135.62907,6.626191,6.5725956
102.45328,136.43936,6.626591,6.5727954
103.039116,137.24966,6.6269913,6.5729957
103.624954,138.05995,6.627391,6.5731955
104.21079,138.87024,6.627791,6.5733957
104.79664,139.68054,6.628191,6.5735955
105.382484,140.49083,6.628591,6.5737953
105.96834,141.30112,6.6289907,6.5739956
106.554184,142.1114,6.6293907,6.5741954
107.14004,142.92169,6.629791,6.574395
107.72589,143.73196,6.6301904,6.5745955
108.31175,144.54225,6.6305904,6.5747952
108.897606,145.35254,6.6309905,6.574995
109.48347,146.16281,6.6313906,6.5751953
110.06933,146.97308,6.63179,6.575395
110.6552,147.78337,6.63219,6.575595
111.241066,148.59364,6.6325903,6.575795
111.826935,149.40392,6.6329904,6.575995
112.4128,150.21419,6.63339,6.5761952
112.99868,151.02446,6.63379,6.576395
113.58456,151.83472,6.63419,6.576595
114.17044,152.64499,6.6345897,6.576795
114.75632,153.45525,6.6349897,6.576995
115.3422,154.26552,6.63539,6.5773897
115.92809,155.07578,6.63579,6.57779
116.513985,155.88603,6.6361895,6.5781894
117.09988,156.69629,6.6365895,6.5785894
117.68577,157.50655,6.6369896,6.5789895
118.27167,158.31679,6.637389,6.5791945
118.85757,159.12704,6.6377892,6.579395
119.443474,159.93729,6.6381893,6.5795946
120.02938,160.74754,6.6385894,6.5797944
120.61529,161.55779,6.638989,6.5799947
121.2012,162.36803,6.6395836,6.5801945
121.78712,163.17827,6.6401834,6.5803947
122.37303,163.9885,6.6407833,6.5805945
122.958954,164.79874,6.641383,6.5807943
123.54488,165.60896,6.6419835,6.5809946
124.130806,166.4192,6.642389,6.5811944
124.71674,167.22943,6.642789,6.581394
125.30267,168.03966,6.6431885,6.5815945
125.88861,168.84988,6.6435885,6.5817943
126.47455,169.6601,6.6439886,6.581994
127.06049,170.47032,6.6443887,6.5821943
127.64644,171.28053,6.6447883,6.582394
128.23239,172.09074,6.6451883,6.5825944
128.81834,172.90096,6.6455884,6.582794
129.4043,173.71117,6.6459885,6.582994
129.99026,174.52138,6.646388,6.5831943
130.57623,175.33159,6.646788,6.583394
131.1622,176.14178,6.647188,6.583594
131.74817,176.95198,6.6475883,6.583794
132.33414,177.76218,6.647988,6.583994
132.92012,178.57237,6.648388,6.584194
133.5061,179.38257,6.648788,6.584394
134.09209,180.19275,6.6491876,6.584594
134.67809,181.00294,6.6495876,6.584794
135.26407,181.81313,6.6499877,6.584994
135.85007,182.6233,6.650388,6.5851936
136.43608,183.43347,6.6507874,6.585394
137.02208,184.24365,6.6511874,6.5855937
137.6081,185.05382,6.6515875,6.585794
138.1941,185.864,6.6519876,6.585994
138.78012,186.67416,6.652387,6.5861936
139.36613,187.48433,6.652787,6.586394
139.95216,188.29448,6.6531873,6.5865936
140.5382,189.10464,6.6535873,6.5867934
141.12424,189.9148,6.653987,6.5869937
141.71027,190.72495,6.654387,6.5871935
142.29631,191.5351,6.654787,6.5873938
142.88235,192.34523,6.655187,6.5875936
143.46841,193.15538,6.655587,6.5877934
144.05447,193.96552,6.655987,6.5879936
144.64053,194.77565,6.656387,6.5881934
145.2266,195.58578,6.656787,6.588393
145.81267,196.3959,6.657187,6.5885935
146.39874,197.20604,6.6575866,6.5887933
146.98482,198.01616,6.6579866,6.5889935
147.57089,198.82628,6.6583867,6.5891933
148.15698,199.63638,6.658787,6.589393
148.74307,200.4465,6.6591864,6.5895934
149.32918,201.2566,6.6595864,6.589793
149.91528,202.06671,6.6599865,6.589993
150.50137,202.87682,6.6603866,6.5903864
151.08748,203.68692,6.660786,6.5907865
151.67358,204.49702,6.661186,6.5911865
152.25969,205.30713,6.6615863,6.591586
152.84578,206.11725,6.6619864,6.591986
153.43187,206.92735,6.6623864,6.592193
154.01794,207.73747,6.662786,6.592393
154.604,208.5476,6.663186,6.592593
155.19006,209.35776,6.663586,6.592793
155.7761,210.16791,6.663986,6.592993
156.36212,210.97807,6.664579,6.593193
156.94812,211.78825,6.665179,6.593393
157.53409,212.59845,6.665779,6.593593
158.12004,213.40866,6.666379,6.593793
158.70598,214.21889,6.666979,6.5939927
159.29187,215.02914,6.6673856,6.594193
159.87775,215.83942,6.6677856,6.594393
160.46358,216.6497,6.6681857,6.594593
161.04938,217.46002,6.668586,6.594793
161.63515,218.27037,6.668986,6.5949926
162.22089,219.08075,6.6693854,6.595193
162.80656,219.89116,6.6697855,6.5953927
163.39221,220.70158,6.6701856,6.595593
163.97783,221.51205,6.6705856,6.595793
164.56339,222.32256,6.670985,6.5959926
165.1489,223.13309,6.6713853,6.596193
165.73434,223.94365,6.6717854,6.5963926
166.31975,224.75426,6.6721854,6.596593
166.9051,225.56491,6.6725855,6.5967927
167.4904,226.3756,6.672985,6.5969925
168.07564,227.18633,6.673385,6.597193
168.66081,227.9971,6.673785,6.5973926
169.24593,228.8079,6.6741853,6.5975924
169.83098,229.61877,6.674585,6.5977926
170.41597,230.42969,6.674985,6.5979924
171.00089,231.24065,6.675385,6.5981927
171.58572,232.05167,6.675785,6.5983925
172.1705,232.86273,6.676185,6.5985923
172.75519,233.67386,6.6765847,6.5987926
173.33981,234.48503,6.676985,6.5989923
173.92435,235.29626,6.677385,6.5991926
174.50882,236.10754,6.677785,6.5993924
175.09319,236.9189,6.6781845,6.599592
175.67749,237.7303,6.6785846,6.5997925
176.26169,238.54178,6.6789846,6.5999923
176.84581,239.35332,6.6793847,6.600192
177.42984,240.16492,6.6797843,6.6003923
178.01376,240.9766,6.6801844,6.600592
178.59761,241.78833,6.6805844,6.6007924
179.18135,242.60013,6.6809845,6.600992
179.76498,243.41202,6.6815763,6.6015763
180.34853,244.22397,6.682176,6.602176
180.93196,245.036,6.682776,6.602776
181.51529,245.8481,6.6833763,6.603376
182.09853,246.66028,6.683976,6.603976
182.68164,247.47253,6.685152,6.6068797
183.26463,248.28487,6.686352,6.609879
183.84753,249.09729,6.6875515,6.612879
184.4303,249.90979,6.688751,6.615878
185.01295,250.72238,6.689951,6.6188774
185.5955,251.53505,6.691343,6.621877
186.17792,252.34781,6.6927423,6.6248765
186.76021,253.16066,6.694142,6.627876
187.34238,253.97359,6.695542,6.6308756
187.92441,254.78662,6.6969414,6.633875
188.50632,255.59975,6.6983414,6.636874
189.08809,256.41296,6.699741,6.6398735
189.66974,257.22626,6.701141,6.642873
190.25124,258.03967,6.7025404,6.6458726
190.83261,258.85318,6.70394,6.648872
191.41383,259.6668,6.70534,6.651871
191.99492,260.4805,6.7067394,6.6548705
192.57587,261.2943,6.7081394,6.65787
193.15666,262.10825,6.709539,6.660869
193.7373,262.92227,6.7109385,6.6638684
194.31781,263.7364,6.712338,6.6668677
194.89815,264.55063,6.713738,6.6698666
195.47833,265.365,6.7151375,6.672866
196.05836,266.17944,6.716537,6.675865
196.63824,266.99402,6.7179365,6.6788645
197.21796,267.80872,6.7193365,6.681864
197.7975,268.6235,6.720736,6.6848626
198.37689,269.43845,6.7221355,6.687862
198.9561,270.25348,6.723535,6.6908607
199.53516,271.06863,6.7249346,6.69386
200.11404,271.8839,6.726144,6.6968594
200.69276,272.6993,6.727343,6.699858
201.2713,273.51483,6.728543,6.702857
201.84964,274.3305,6.7297425,6.7058563
202.4278,275.1463,6.7309422,6.708855
203.00577,275.96222,6.7323318,6.711854
203.58357,276.77826,6.7337313,6.7148533
204.16127,277.5944,6.735131,6.717852
204.7389,278.41055,6.7365303,6.720851
205.31653,279.2267,6.73793,6.7238503
205.89417,280.04288,6.73933,6.7270393
206.4719,280.85898,6.7407293,6.7302384
207.04976,281.675,6.742129,6.7334375
207.62782,282.49084,6.743529,6.736637
208.20613,283.30652,6.7449284,6.739836
208.78476,284.12198,6.7463284,6.7428465
209.36374,284.9372,6.7477283,6.7458467
209.94313,285.7521,6.7491283,6.7488465
210.52298,286.5667,6.7505283,6.751847
211.10335,287.38092,6.751929,6.754847
211.68428,288.19473,6.7533293,6.7578483
212.26584,289.00812,6.7547297,6.76085
212.84808,289.821,6.7561307,6.763851
213.43108,290.63333,6.757531,6.7668524
214.01488,291.4451,6.758932,6.769854
214.59955,292.25626,6.741667,6.770571
215.18512,293.06674,6.723448,6.771172
215.7716,293.87656,6.7052283,6.771773
216.35904,294.6857,6.687009,6.772373
216.94745,295.49414,6.6687894,6.772974
217.53677,296.3019,6.6505666,6.7737665
218.12672,297.1092,6.6323433,6.774567
218.71689,297.91635,6.6141205,6.775368
219.30688,298.72363,6.5958977,6.7761693
219.8963,299.5313,6.5776753,6.7769704
220.48473,300.33975,6.559492,6.7775774
221.07141,301.1494,6.54131,6.778177
221.65561,301.9609,6.523127,6.778776
222.23651,302.77475,6.504944,6.7793756
222.81334,303.59146,6.486759,6.779975
223.38564,304.4114,6.468653,6.7807627
223.95444,305.23373,6.4505515,6.781558
224.52127,306.05743,6.432451,6.782354
225.08763,306.88147,6.4143515,6.7831492
225.65503,307.70477,6.396255,6.7839446
226.22525,308.52612,6.378118,6.7845564
226.80127,309.34344,6.3599772,6.785155
227.38646,310.15417,6.3418336,6.785753
227.98409,310.9558,6.3236876,6.7863507
228.59729,311.74557,6.305543,6.786949
229.22878,312.52078,6.334562,6.7978625
229.87961,313.27985,6.367956,6.8097315
230.55028,314.02142,6.4013476,6.8215995
231.24127,314.74408,6.4347405,6.833468
231.95296,315.44638,6.468135,6.845337
232.6855,316.1269,6.5584297,6.8498197
233.43845,316.78476,6.6520853,6.8538656
234.21106,317.4194,6.745736,6.8579106
235.00269,318.03018,6.8393836,6.861956
235.8126,318.61646,6.932991,6.8660254
236.6401,319.17767,6.90361,6.9486966
237.48427,319.7135,6.8742294,7.0313683
238.34413,320.22375,6.8448467,7.1140447
239.21883,320.70813,6.8154607,7.196732
240.10745,321.16647,6.7934833,7.269298
241.00891,321.599,6.876887,7.1977806
241.92148,322.0076,6.9602876,7.1262655
242.84341,322.39462,7.0436745,7.0547624
243.77318,322.76245,7.127051,6.983268
244.7094,323.11356,7.1984925,6.9145856
245.65083,323.45035,7.163814,6.8709383
246.59648,323.7752,7.1291294,6.8272834
247.5454,324.0904,7.094443,6.783626
248.49669,324.39835,7.0597563,6.7399693
249.44955,324.7014,7.026943,6.70458
250.40337,325.0014,7.014429,6.7588067
251.35805,325.2987,7.001915,6.813034
252.31357,325.59326,6.989401,6.8672624
253.26993,325.88504,6.9768867,6.92149
254.22714,326.17407,6.96509,6.9718537
255.18523,326.4602,6.96688,6.9489827
256.1443,326.74304,6.9686694,6.926112
257.10446,327.02203,6.9704595,6.903241
258.0659,327.29672,6.9722495,6.88037
259.02866,327.5666,6.973751,6.8580875
259.99292,327.83115,6.9623804,6.862077
260.9587,328.09003,6.9510098,6.866067
261.92612,328.3428,6.939639,6.8700566
262.8952,328.58914,6.9282684,6.8740463
263.866,328.8286,6.9166827,6.8784723
264.83853,329.06085,6.8814306,6.9309497
265.8129,329.28534,6.8461785,6.9834275
266.78912,329.50156,6.8109264,7.0359054
267.76727,329.70898,6.775674,7.0883837
268.7473,329.90714,6.7408614,7.1405315
269.7293,330.09552,6.732416,7.172904
270.71317,330.27393,6.7239714,7.2052765
271.6988,330.44214,6.7155266,7.2376485
272.68613,330.60007,6.7070813,7.270021
273.67508,330.74753,6.699772,7.300332
274.66556,330.8844,6.7177014,7.28482
275.6574,331.011,6.7356305,7.2693086
276.65045,331.12766,6.7535596,7.2537966
277.6446,331.2347,6.771488,7.238285
278.63968,331.33258,6.790579,7.2225833
279.63562,331.4215,6.8231974,7.2046633
280.63226,331.50186,6.8558164,7.186743
281.62958,331.57385,6.888436,7.1688223
282.6274,331.6378,6.921055,7.150902
283.62573,331.6939,6.9574475,7.1291823
284.62445,331.74252,7.0235624,7.077536
285.62347,331.7839,7.089678,7.02589
286.62277,331.81836,7.1557927,6.974244
287.62228,331.84622,7.2219076,6.922598
288.62192,331.86777,7.2790546,6.8799696
289.6217,331.8833,7.2794557,6.8944006
290.62155,331.89313,7.279856,6.9088316
291.62143,331.8975,7.280257,6.923263
292.6213,331.89676,7.2806582,6.937694
293.6212,331.89117,7.278763,6.953503
294.62103,331.88104,7.26357,6.977292
295.62082,331.86664,7.248377,7.0010815
296.62054,331.84827,7.233184,7.0248704
297.62018,331.8262,7.2179904,7.0486593
298.61975,331.80078,7.206099,7.0646625
299.61923,331.77222,7.2136793,7.03474
300.61865,331.74084,7.2212596,7.0048175
301.61795,331.7069,7.22884,6.974895
302.6172,331.67075,7.23642,6.9449725
303.61636,331.6326,7.2416587,6.9180007
304.61545,331.59274,7.2314987,6.9104304
305.6145,331.5515,7.2213383,6.9028597
306.6135,331.5091,7.211178,6.8952894
307.61246,331.46585,7.2010174,6.887719
308.6114,331.42197,7.1868258,6.885256
309.6103,331.3778,7.1408195,6.9230967
310.60922,331.33362,7.0948133,6.960937
311.60815,331.28967,7.048807,6.998778
312.6071,331.24634,7.002801,7.036618
313.60608,331.20383,6.9597063,7.072057
314.60513,331.1625,6.9455557,7.0836163
315.60422,331.12253,6.931405,7.095176
316.60336,331.0841,6.9172544,7.1067357
317.6026,331.0475,6.903104,7.1182957
318.60187,331.0128,6.8901625,7.128867
319.60126,330.98022,6.892358,7.127071
320.60068,330.94965,6.894553,7.1252747
321.60016,330.92093,6.896748,7.123479
322.59967,330.8939,6.8989434,7.1216826
323.59924,330.8684,6.90148,7.119621
324.59885,330.84433,6.9090724,7.113627
325.59848,330.8215,6.916665,7.1076326
326.59814,330.7999,6.9242578,7.101639
327.5978,330.77936,6.93185,7.0956445
328.5975,330.75977,6.939956,7.0892305
329.59723,330.74106,6.956356,7.0760307
330.59695,330.72308,6.972756,7.062831
331.5967,330.70572,6.989156,7.049631
332.59647,330.68887,7.005555,7.036431
333.59622,330.67242,7.021968,7.0232306
334.59598,330.65622,7.0385814,7.01002
335.59573,330.6402,7.055195,6.996809
336.59552,330.62418,7.0718083,6.983598
337.59528,330.60806,7.088422,6.9703875
338.59503,330.59177,7.1032634,6.958225
339.5948,330.57516,7.091446,6.96183
340.59454,330.5581,7.079628,6.9654355
341.59427,330.5405,7.0678105,6.969041
342.594,330.52222,7.0559926,6.972646
343.5937,330.50314,7.042678,6.977147
344.59338,330.48315,7.009411,6.9935803
345.59308,330.46216,6.9761434,7.0100136
346.5927,330.44,6.942876,7.026447
347.59235,330.4166,6.909609,7.04288
348.59192,330.39178,6.8763404,7.0593295
349.59146,330.36548,6.8430624,7.0759687
350.59097,330.3376,6.809784,7.092608
351.59042,330.30792,6.7765055,7.109247
352.5898,330.27643,6.743227,7.1258864
353.58914,330.24298,6.7110147,7.1419005
354.5884,330.20743,6.689362,7.151725
355.5876,330.16965,6.6677094,7.1615486
356.58667,330.12958,6.646057,7.1713724
357.58566,330.08704,6.6244044,7.181196
358.58453,330.04196,6.605853,7.1893134
359.58328,329.99417,6.614071,7.182699
360.5819,329.9436,6.6222887,7.176085
361.58035,329.89014,6.630506,7.169471
362.57867,329.83368,6.638724,7.1628566
363.57678,329.77408,6.6469407,7.15622
364.5747,329.71127,6.6551533,7.14941
365.57242,329.64542,6.6633654,7.1425996
366.56995,329.57663,6.6715775,7.1357894
367.56726,329.50504,6.6797895,7.1289797
368.5644,329.43076,6.6880007,7.12217
369.56134,329.35394,6.696206,7.1153655
370.55807,329.27472,6.7044115,7.108561
371.55466,329.19318,6.712617,7.1017566
372.55103,329.1095,6.7208223,7.094952
373.54724,329.02377,6.729027,7.0881486
374.54327,328.93616,6.7372255,7.0813494
375.53918,328.84674,6.7454243,7.0745506
376.5349,328.75568,6.753623,7.0677514
377.53052,328.6631,6.7618217,7.0609527
378.52597,328.5691,6.769995,7.054179
379.5213,328.47382,6.777988,7.047585
380.51654,328.37738,6.785981,7.0409904
381.5117,328.27994,6.7939744,7.034396
382.5067,328.18158,6.8019676,7.027802
383.50168,328.08246,6.809984,7.021184
384.49658,327.9827,6.8181725,7.0143933
385.49142,327.8824,6.826361,7.007603
386.48624,327.7817,6.8345494,7.0008125
387.48102,327.68073,6.842738,6.994022
388.4758,327.57962,6.8509264,6.9872317
389.47055,327.4785,6.859112,6.980444
390.46533,327.37744,6.8672976,6.9736557
391.46014,327.27664,6.875483,6.9668674
392.45496,327.17618,6.883669,6.9600797
393.44986,327.0762,6.8918543,6.9533124
394.4448,326.97684,6.9000387,6.946725
395.43982,326.87817,6.908223,6.9401374
396.4349,326.78036,6.9164076,6.93355
397.43008,326.68353,6.924592,6.9269624
398.42538,326.5878,6.9312425,6.9197497
399.4208,326.4933,6.9232574,6.9065747
400.41635,326.40012,6.915272,6.8933997
401.41202,326.3084,6.9072876,6.880224
402.40787,326.21835,6.8993025,6.867049
403.40384,326.13,6.8910613,6.8563824
404.4,326.04352,6.8800807,6.872554
405.3963,325.95898,6.8691,6.8887258
406.3928,325.87656,6.858119,6.904897
407.38947,325.79636,6.8471384,6.921069
408.38632,325.71844,6.8361115,6.9394927
409.38336,325.64304,6.8245287,6.985025
410.38058,325.57028,6.812946,7.030557
411.37805,325.50046,6.801363,7.0760894
412.37573,325.4338,6.7897806,7.1216216
413.3736,325.37057,6.7768955,7.164817
414.37173,325.311,6.7465124,7.1766105
415.37006,325.25534,6.7161293,7.1884036
416.36862,325.20386,6.685746,7.200197
417.3674,325.15683,6.6553636,7.2119904
418.36642,325.11453,6.628836,7.219487
419.3656,325.0772,6.6564636,7.166635
420.365,325.04514,6.6840906,7.113783
421.36453,325.01862,6.711718,7.0609307
422.3642,324.99786,6.739345,7.0080786
423.36398,324.98315,6.767706,6.9567666
424.36383,324.97476,6.8056064,6.925483
425.36374,324.97296,6.8435073,6.8942003
426.36362,324.97803,6.8814077,6.8629174
427.36343,324.99023,6.9193087,6.831634
428.36313,325.00986,6.9587593,6.7996855
429.36264,325.03717,7.0149746,6.7605357
430.3619,325.0724,7.071189,6.721386
431.36084,325.1158,7.127404,6.682236
432.3594,325.1677,7.18362,6.643086
433.35745,325.22824,7.232041,6.6099176
434.35492,325.2976,7.2131686,6.628388
435.35178,325.37546,7.1942973,6.646858
436.34796,325.4615,7.1754255,6.665328
437.34344,325.5553,7.156554,6.683798
438.3382,325.6565,7.134535,6.706056
439.3322,325.76477,7.090025,6.755378
440.32547,325.87976,7.045515,6.8046994
441.31796,326.00107,7.0010047,6.8540215
442.30972,326.1284,6.956495,6.9033437
443.30075,326.26135,6.916864,6.949246
444.29102,326.3996,6.9084587,6.9732614
445.2806,326.54282,6.900053,6.997277
446.2695,326.69067,6.8916473,7.0212927
447.25775,326.84283,6.883242,7.045308
448.24536,326.99902,6.8798165,7.0638704
449.23242,327.15884,6.9073896,7.0484853
450.2189,327.3219,6.934963,7.0331
451.20496,327.4878,6.9625363,7.0177155
452.19058,327.6561,6.9901094,7.0023303
453.17587,327.82635,7.010907,6.9874535
454.16086,327.99835,6.987751,6.9758754
455.14554,328.17215,6.964595,6.9642973
456.12985,328.34793,6.9414387,6.952719
457.11377,328.52588,6.9182825,6.941141
458.0973,328.70615,6.895051,6.9312973
459.08032,328.889,6.8712864,6.933694
460.06277,329.07486,6.847522,6.9360905
461.0446,329.26425,6.823757,6.9384866
462.02557,329.45767,6.7999926,6.940883
463.0057,329.65555,6.7790465,6.941973
463.9848,329.85843,6.7794466,6.9331717
464.96277,330.06668,6.7798467,6.92437
465.93945,330.28076,6.7802467,6.9155684
466.91476,330.5011,6.780647,6.906767
467.88855,330.7281,6.7871513,6.8942156
468.86066,330.96216,6.8394723,6.8535213
469.83093,331.2037,6.8917933,6.8128276
470.7992,331.4532,6.9441137,6.772134
471.7653,331.711,6.996434,6.73144
472.729,331.97757,7.044928,6.696907
473.69012,332.2533,7.0676103,6.7039323
474.6484,332.53864,7.090293,6.710958
475.60367,332.83408,7.1129756,6.7179837
476.55557,333.14005,7.1356587,6.7250094
477.5039,333.457,7.15234,6.7326846
478.4484,333.78522,7.134287,6.744118
479.38895,334.12448,7.1162343,6.7555513
480.32556,334.47458,7.098182,6.7669845
481.25812,334.83527,7.0801296,6.7784176
482.18665,335.20627,7.060723,6.7932167
483.11105,335.5873,7.034304,6.82544
484.03143,335.9781,7.007885,6.857663
484.94778,336.3782,6.981466,6.8898864
485.8601,336.78735,6.9550467,6.9221096
486.76852,337.20517,6.927183,6.9583206
487.67303,337.63135,6.8920345,7.0146384
488.57373,338.06558,6.8568854,7.070956
489.47064,338.50754,6.821737,7.127274
490.36383,338.957,6.7865877,7.1835923
491.25336,339.41364,6.7637224,7.2234883
492.1393,339.87717,6.8062124,7.1760116
493.02176,340.34732,6.848702,7.128535
493.90082,340.82382,6.891192,7.081058
494.77658,341.30634,6.9336815,7.0335813
495.64914,341.7946,6.973943,6.989144
496.51862,342.28836,7.0010915,6.9625945
497.38507,342.78745,7.0282397,6.936045
498.24854,343.2916,7.055388,6.9094954
499.1091,343.80072,7.082536,6.882946
499.96686,344.31454,7.104399,6.863582
500.82187,344.83298,7.0926027,6.8899736
501.6741,345.35593,7.0808067,6.916365
502.52362,345.88327,7.0690103,6.9427567
503.37045,346.41495,7.0572143,6.969148
504.21457,346.95087,7.0469465,6.9927516
505.05603,347.491,7.046546,6.998355
505.89487,348.0352,7.046146,7.0039587
506.7311,348.58334,7.0457454,7.009562
507.56482,349.13538,7.0453453,7.015166
508.39597,349.6912,7.0457973,7.01912
509.22467,350.2507,7.0516033,7.012714
510.05093,350.8138,7.0574093,7.006307
510.8748,351.3804,7.0632153,6.9999003
511.69632,351.9504,7.069021,6.993494
512.5155,352.5237,7.073686,6.9881997
513.33246,353.10028,7.071484,6.989601
514.14716,353.67996,7.0692816,6.9910026
514.95966,354.2627,7.067079,6.992404
515.7701,354.84836,7.064877,6.9938054
516.5784,355.43692,7.060515,6.9973073
517.3847,356.02826,7.0437007,7.0129204
518.189,356.62228,7.0268865,7.028534
518.9914,357.2189,7.010072,7.044147
519.79193,357.81805,6.993258,7.05976
520.5906,358.41962,6.9764752,7.0753727
521.3875,359.02353,6.9598665,7.090981
522.18274,359.6297,6.943258,7.1065893
522.97626,360.23807,6.9266486,7.1221976
523.7682,360.84848,6.91004,7.137806
524.55853,361.46094,6.902157,7.1440697
525.3474,362.07532,6.9419656,7.09926
526.1349,362.69153,6.9817743,7.05445
526.92096,363.3095,7.021583,7.00964
527.7057,363.92914,7.0613914,6.964831
528.48914,364.5504,7.1021957,6.9189324
529.2714,365.1732,7.1483955,6.867132
530.05255,365.7974,7.194596,6.815332
530.8326,366.42294,7.2407956,6.763532
531.6116,367.04977,7.286996,6.711732
532.38965,367.6778,7.3270903,6.6681867
533.1668,368.30692,7.3340898,6.669387
533.9431,368.93707,7.3410897,6.6705866
534.7187,369.56824,7.348089,6.671787
535.49347,370.2003,7.355089,6.6729865
536.2675,370.8332,7.361529,6.6749954
537.04095,371.4669,7.364929,6.6813955
537.8138,372.10138,7.368329,6.687796
538.58594,372.73666,7.3717294,6.694196
539.3574,373.37268,7.375129,6.7005963
540.12836,374.00946,7.3784986,6.706997
540.8986,374.647,7.3816986,6.7133975
541.6683,375.28528,7.384899,6.7197986
542.4374,375.92426,7.3880997,6.726199
543.2059,376.56393,7.3912997,6.7325997
543.9738,377.20428,7.3945003,6.7390003
544.7412,377.84534,7.397701,6.7454014
545.50806,378.487,7.4009013,6.7518024
546.2743,379.12933,7.404102,6.7582035
547.0401,379.77228,7.4073024,6.7646046
547.80536,380.41583,7.410534,6.771005
548.5701,381.06,7.4139347,6.777406
549.33435,381.7047,7.417335,6.7838073
550.09814,382.35004,7.420736,6.7902083
550.86145,382.99588,7.424136,6.7966094
551.6243,383.64227,7.427505,6.8030105
552.3867,384.2892,7.4307055,6.8094115
553.14874,384.93665,7.433906,6.8158126
553.9103,385.58456,7.4371066,6.822213
554.67145,386.233,7.440307,6.828614
555.4322,386.88187,7.4435077,6.8350153
556.1925,387.53122,7.446708,6.841416
556.9525,388.181,7.4499083,6.847817
557.71216,388.8312,7.453109,6.8542175
558.4714,389.4818,7.4563093,6.8606186
559.23035,390.1328,7.4595413,6.866987
559.9889,390.7842,7.4629416,6.873188
560.7472,391.436,7.466342,6.8793883
561.5052,392.0881,7.4697423,6.885589
562.2628,392.74057,7.4731426,6.8917894
563.0202,393.39337,7.476511,6.898022
563.77734,394.04648,7.479711,6.9044223
564.53424,394.6999,7.4829116,6.910823
565.29083,395.35358,7.4861116,6.917223
566.04724,396.00757,7.4893117,6.923623
566.80334,396.66177,7.4925117,6.9300237
567.5593,397.31625,7.495712,6.9364233
568.31506,397.97095,7.498912,6.9428234
569.0706,398.62585,7.502112,6.9492235
569.826,399.28098,7.5053115,6.955623
570.58124,399.9363,7.5085435,6.9620233
571.3363,400.5918,7.5119433,6.968423
572.0912,401.24744,7.515343,6.9748225
572.846,401.90323,7.518743,6.981222
573.6007,402.55914,7.522143,6.987622
574.3553,403.2152,7.525511,6.9940214
575.10974,403.87137,7.5287104,7.0004206
575.86414,404.52762,7.53191,7.0068197
576.61847,405.18393,7.5351095,7.0132194
577.37274,405.84033,7.538309,7.0196185
578.127,406.49677,7.5415087,7.0260177
578.88116,407.15326,7.5447083,7.032417
579.6354,407.80975,7.547908,7.0388155
580.3895,408.46628,7.5511074,7.0452147
581.14374,409.1228,7.5543065,7.0516133
581.8979,409.7793,7.5575376,7.058012
582.6521,410.43576,7.560937,7.0644107
583.4064,411.09216,7.5643363,7.0708094
584.1607,411.74854,7.5677357,7.077208
584.91504,412.40482,7.5711346,7.0836067
585.6695,413.061,7.5745025,7.090005
586.424,413.7171,7.5777016,7.096403
587.17865,414.3731,7.5809007,7.1028013
587.9334,415.02896,7.5841,7.1091995
588.68823,415.6847,7.587299,7.1155977
589.44324,416.34024,7.590498,7.121996
590.1984,416.99564,7.593697,7.1283937
590.9537,417.65085,7.5968957,7.134792
591.70917,418.30588,7.600095,7.1411896
592.46484,418.96066,7.603294,7.1475873
593.2207,419.61526,7.6065235,7.1539545
593.97675,420.2696,7.609922,7.160152
594.73303,420.9237,7.613321,7.1663494
595.4895,421.5775,7.6167192,7.172547
596.2463,422.23108,7.620118,7.1787443
597.00323,422.8843,7.623486,7.1849723
597.7605,423.53726,7.6266847,7.1913695
598.51807,424.18988,7.6298833,7.1977663
599.2759,424.8422,7.633082,7.2041636
600.034,425.49414,7.63628,7.210561
600.7924,426.14572,7.6394787,7.2169576
601.5512,426.7969,7.642677,7.2233543
602.3103,427.44775,7.6458755,7.2297506
603.0697,428.09814,7.6490736,7.2361474
603.8295,428.74814,7.6522717,7.2425437
604.5897,429.39767,7.6554995,7.2489405
605.3503,430.04675,7.6588974,7.2553363
606.1112,430.69543,7.6622953,7.2617326
606.8725,431.3437,7.6656933,7.268129
607.6341,431.9916,7.669091,7.2745247
608.39594,432.63916,7.6724606,7.280921
609.1581,433.2864,7.675658,7.287317
609.9204,433.9334,7.6788564,7.2937126
610.683,434.58017,7.6820545,7.3001084
611.44574,435.2267,7.685252,7.3065047
612.20856,435.8731,7.6884503,7.3129005
612.97156,436.5194,7.6916485,7.319297
613.73456,437.1656,7.6948466,7.325693
614.4977,437.81174,7.698045,7.3320894
615.26074,438.45786,7.701243,7.3384852
616.0238,439.10397,7.7044683,7.344882
616.78687,439.75018,7.7078667,7.351279
617.5498,440.39645,7.7112656,7.357676
618.3127,441.04285,7.714664,7.364073
619.0754,441.68942,7.7180624,7.37047
619.83795,442.33618,7.7214336,7.3768673
620.60034,442.98315,7.7246327,7.3832655
621.3624,443.6304,7.727832,7.3896637
622.1243,444.27795,7.731031,7.3960624
622.8859,444.92587,7.7342305,7.4024606
623.6472,445.57413,7.7374296,7.4088593
624.40814,446.2228,7.7406297,7.4152594
625.16864,446.87192,7.7438297,7.4216595
625.92883,447.5215,7.74703,7.4280596
626.68854,448.1716,7.75023,7.4344597
627.44775,448.82227,7.753457,7.440833
628.2065,449.47348,7.756858,7.4470353
628.9647,450.12534,7.760259,7.4532375
629.72235,450.77786,7.7636604,7.4594398
630.4794,451.43106,7.7670617,7.465642
631.2358,452.085,7.770436,7.471872
631.9915,452.73972,7.7736382,7.4782763
632.7466,453.3952,7.7768407,7.484681
633.5009,454.05154,7.780043,7.491086
634.2545,454.70868,7.7832456,7.497491
635.0074,455.36667,7.786448,7.5038958
635.7595,456.02554,7.7896514,7.510303
636.51074,456.6854,7.7928553,7.5167108
637.26105,457.3463,7.796059,7.523118
638.0104,458.0084,7.7992625,7.5295253
638.75854,458.67172,7.802496,7.5359335
639.5057,459.33627,7.805901,7.5423436
640.2519,460.00177,7.8093066,7.5487537
640.9976,460.66788,7.8127117,7.5551634
641.74304,461.3343,7.8161173,7.5615735
642.4885,462.00067,7.819492,7.567984
643.2344,462.6666,7.8226976,7.5743957
643.98114,463.33157,7.825904,7.580807
644.7292,463.99506,7.8291097,7.587219
645.47906,464.65646,7.8323154,7.593631
646.2312,465.31528,7.835521,7.6000423
646.98615,465.9709,7.838726,7.606452
647.7443,466.62283,7.841931,7.612862
648.50604,467.27057,7.8451357,7.6192718
649.2717,467.91357,7.848341,7.6256814
650.0418,468.55136,7.8393917,7.6380806
650.81665,469.18332,7.7712135,7.6796675
651.5967,469.8089,7.7030354,7.721254
652.3822,470.42758,7.634857,7.7628407
653.1736,471.0387,7.566678,7.804428
653.9712,471.64172,7.5177164,7.8365173
654.77527,472.23602,7.5634623,7.8217993
655.5861,472.8211,7.609207,7.807081
656.4039,473.39645,7.654952,7.792363
657.22876,473.96152,7.7006965,7.7776456
658.061,474.5158,7.7378883,7.767334
658.9007,475.0586,7.722887,7.783914
659.7484,475.5888,7.7078857,7.8004947
660.6046,476.1053,7.6928844,7.8170753
661.4696,476.60687,7.677883,7.8336554
662.34375,477.09225,7.6653624,7.846497
663.22736,477.56018,7.6836677,7.8128715
664.1209,478.00885,7.7019715,7.7792478
665.0247,478.4365,7.720277,7.745622
665.939,478.84116,7.7385826,7.711995
666.86395,479.22092,7.7546716,7.6816635
667.7995,479.5737,7.727224,7.716024
668.74554,479.89728,7.6997786,7.7503805
669.70184,480.1892,7.6723337,7.784738
670.66785,480.44705,7.6448917,7.8190913
671.64294,480.66824,7.6154833,7.851558
672.62604,480.8503,7.572743,7.87138
673.61597,480.99048,7.5300074,7.8911996
674.6112,481.08594,7.4872575,7.9110255
675.60986,481.1337,7.4444914,7.930859
676.6097,481.13083,7.431629,7.932858
677.6079,481.07596,7.4930177,7.8905773
678.6022,480.97043,7.554377,7.848316
679.5899,480.81586,7.61572,7.806067
680.5691,480.61374,7.6770678,7.7638144
681.5376,480.36545,7.7160716,7.7271976
682.4937,480.0731,7.716267,7.7003813
683.43634,479.73987,7.716463,7.6735644
684.36487,479.36896,7.7166586,7.646754
685.2788,478.96353,7.7168546,7.619949
686.1781,478.52655,7.714963,7.602683
687.06256,478.06024,7.7069974,7.613174
687.93146,477.56558,7.6990294,7.623668
688.78424,477.04355,7.6910605,7.634164
689.6201,476.49493,7.6830916,7.6446595
690.4386,475.92065,7.6722593,7.6571026
691.23895,475.32138,7.6382575,7.685304
692.0201,474.6972,7.604256,7.7135053
692.7806,474.0481,7.5702534,7.7417073
693.51917,473.37415,7.536252,7.769909
694.2344,472.6755,7.50764,7.794933
694.92487,471.9524,7.5225244,7.794321
695.5893,471.2052,7.5374084,7.7937093
696.22614,470.43445,7.552294,7.7930975
696.834,469.6406,7.5671835,7.7924857
697.4113,468.82428,7.584327,7.794433
697.9573,467.98666,7.610119,7.8062115
698.47296,467.13007,7.6359053,7.8179884
698.9599,466.2568,7.661686,7.829762
699.4196,465.36887,7.687465,7.8415356
699.85376,464.4682,7.713007,7.841031
700.2644,463.55655,7.737931,7.8091283
700.6544,462.63586,7.762859,7.7772207
701.0268,461.70792,7.7877855,7.7453146
701.3846,460.77423,7.8127103,7.713411
701.731,459.83627,7.8276772,7.6884704
702.0688,458.89517,7.8151956,7.682725
702.3999,457.9517,7.8027124,7.6769786
702.7263,457.00656,7.790229,7.671232
703.04987,456.0605,7.7777452,7.665486
703.3725,455.11407,7.7610393,7.6638017
703.69556,454.16782,7.7293057,7.676575
704.019,453.22168,7.6975727,7.689348
704.3425,452.27557,7.66584,7.702121
704.66595,451.32944,7.6341076,7.714894
704.989,450.38318,7.6079545,7.7248325
705.31165,449.43677,7.6029468,7.7240314
705.63385,448.4902,7.597939,7.7232304
705.9557,447.54352,7.5929317,7.7224293
706.2773,446.59677,7.587924,7.7216277
706.5987,445.64993,7.58413,7.7201767
706.9199,444.70303,7.5847306,7.7163715
707.24097,443.7561,7.5853314,7.712567
707.5619,442.80908,7.5859323,7.7087617
707.88257,441.86203,7.586533,7.7049565
708.20306,440.9149,7.587089,7.7011523
708.5233,439.96765,7.5874896,7.697349
708.8433,439.02036,7.5878897,7.6935463
709.16315,438.073,7.58829,7.689743
709.4828,437.12555,7.5886908,7.6859403
709.8021,436.17807,7.589136,7.6821375
710.12134,435.23047,7.5897365,7.678336
710.44037,434.28284,7.590337,7.674535
710.75916,433.3351,7.5909367,7.6707335
711.0777,432.38733,7.591537,7.666932
711.3961,431.43948,7.5921373,7.6631765
711.71423,430.49158,7.592737,7.659577
712.0322,429.54358,7.593337,7.655977
712.35,428.59552,7.5939374,7.6523767
712.66754,427.6474,7.5945373,7.6487765
712.9849,426.69922,7.595137,7.645131
713.30206,425.75095,7.595737,7.641332
713.6191,424.80264,7.596337,7.637533
713.9358,423.85425,7.5969367,7.633734
714.2524,422.9058,7.5975366,7.6299353
714.5687,421.95724,7.598091,7.6261363
714.8849,421.00867,7.5984907,7.622338
715.20087,420.06,7.598891,7.61854
715.51666,419.1113,7.5992904,7.6147413
715.8322,418.1625,7.5996904,7.610943
716.14764,417.21365,7.600135,7.607145
716.4628,416.26474,7.6007347,7.603347
716.7778,415.31577,7.6013346,7.599549
717.0926,414.3667,7.601934,7.595751
717.4072,413.4176,7.602534,7.591953
717.7216,412.4684,7.603133,7.5881553
718.0358,411.5192,7.603733,7.5843573
718.34985,410.5699,7.604333,7.5805593
718.6637,409.6205,7.6049323,7.5767612
718.97736,408.6711,7.605532,7.5729637
719.2908,407.72162,7.6061316,7.5692096
719.60406,406.77206,7.6067314,7.5656114
719.9171,405.82245,7.6073313,7.562013
720.23,404.87277,7.6079307,7.558415
720.5427,403.92303,7.6085305,7.5548167
720.8552,402.97324,7.6091304,7.5511746
721.1676,402.02338,7.6097302,7.547376
721.4799,401.07352,7.61033,7.543577
721.79224,400.12363,7.6109295,7.5397787
722.1046,399.1738,7.6115294,7.53598
722.4172,398.22403,7.6120863,7.5321813
722.73,397.27432,7.6124864,7.528382
723.04315,396.3247,7.612886,7.5245824
723.3566,395.37524,7.613286,7.520783
723.67065,394.42593,7.613686,7.5169835
723.98517,393.4768,7.614129,7.5131836
724.30035,392.52786,7.614729,7.5093837
724.6162,391.5792,7.615329,7.5055833
724.93286,390.63077,7.615929,7.501783
725.2504,389.68265,7.616529,7.4979825
725.569,388.73486,7.6171293,7.494182
725.8887,387.78745,7.617729,7.490381
726.2094,386.8404,7.6183295,7.48658
726.5312,385.89368,7.61893,7.4827785
726.8541,384.9474,7.6195297,7.478977
727.1781,384.00143,7.62013,7.475176
727.50336,383.0559,7.6207304,7.471374
727.83014,382.11093,7.6213307,7.4675717
728.1588,381.1666,7.621931,7.4637694
728.48987,380.22308,7.6225314,7.4599676
728.82355,379.28052,7.6254635,7.455416
729.16064,378.33917,7.6366878,7.4482007
729.5026,377.3996,7.647912,7.440985
729.851,376.46234,7.659137,7.433769
730.2073,375.52808,7.670361,7.4265537
730.57294,374.59744,7.667369,7.405847
730.94946,373.67117,7.61687,7.340058
731.33813,372.74994,7.5663724,7.27427
731.74036,371.8345,7.515874,7.2084813
732.1573,370.92572,7.465376,7.142693
732.5903,370.02444,7.3994613,7.099645
733.0405,369.13165,7.2896156,7.1213727
733.50916,368.2484,7.1797733,7.1431
733.99725,367.37576,7.069928,7.1648273
734.506,366.51498,6.960085,7.1865544
735.03625,365.66733,6.885268,7.1716685
735.5889,364.83408,6.896574,7.0667415
736.1642,364.0163,6.9078794,6.961821
736.76245,363.21518,6.9191856,6.8568935
737.3839,362.4319,6.930493,6.7519517
738.02875,361.66776,6.9324293,6.682544
738.6972,360.92426,6.905906,6.721071
739.39,360.20328,6.8793845,6.759595
740.1075,359.50693,6.852872,6.7981057
740.85,358.83737,6.8263803,6.8365865
741.6176,358.19675,6.810649,6.8709188
742.411,357.58832,6.9208245,6.8571467
743.23267,357.0187,7.0310154,6.8433733
744.0849,356.49603,7.141341,6.829582
744.969,356.02927,7.251773,6.8157783
745.8845,355.62793,7.3508897,6.806032
746.8289,355.30014,7.308673,6.8471885
747.7966,355.04938,7.266523,6.8882794
748.78156,354.87885,7.2243557,6.9293866
749.7774,354.79245,7.182111,6.97057
750.777,354.79443,7.167973,6.9637046
751.7726,354.8838,7.2040596,6.8710895
752.7581,355.0512,7.2400904,6.7786174
753.7298,355.2865,7.2760425,6.686347
754.6855,355.5801,7.3119607,6.5941644
755.62445,355.9235,7.287394,6.6146245
756.54614,356.3109,7.2139435,6.7260942
757.4499,356.73856,7.140396,6.8377104
758.33545,357.2027,7.06681,6.949386
759.20306,357.69968,6.9932127,7.061078
760.05316,358.226,6.9572034,7.1513677
760.8863,358.7788,6.9538455,7.2230606
761.70294,359.3557,6.9504886,7.294743
762.5037,359.95447,6.947132,7.3664136
763.2893,360.573,6.9437757,7.4380846
764.0606,361.20923,6.966583,7.4567976
764.8188,361.86115,7.018779,7.4160256
765.5651,362.5265,7.07098,7.3752494
766.3012,363.20322,7.12318,7.3344746
767.0286,363.88925,7.1753774,7.293701
767.749,364.5827,7.229719,7.240405
768.46313,365.28253,7.287359,7.167858
769.1707,365.98904,7.3450027,7.095307
769.8712,366.7025,7.402646,7.0227556
770.5643,367.42325,7.4602847,6.9502106
771.2493,368.15158,7.4758463,6.9080257
771.9254,368.8882,7.417563,6.919118
772.59076,369.63464,7.3592777,6.93021
773.2433,370.3922,7.3009844,6.941304
773.8811,371.16226,7.242685,6.9523993
774.502,371.94598,7.19846,6.956286
775.1048,372.7437,7.1749105,6.9495864
775.68933,373.55493,7.151364,6.9428883
776.2556,374.379,7.1278195,6.93619
776.8036,375.21533,7.1042743,6.929492
777.33325,376.0634,7.084361,6.935766
777.8451,376.92233,7.0684037,6.956167
778.33984,377.79123,7.0524464,6.976568
778.8186,378.66904,7.03649,6.9969687
779.2822,379.55493,7.020533,7.0173693
779.7318,380.44806,7.0136337,7.046335
780.16815,381.3477,7.014835,7.0829616
780.5922,382.2532,7.0160356,7.1195893
781.0047,383.16403,7.0172367,7.156217
781.4065,384.07965,7.0184374,7.192845
781.7985,384.99948,7.0250196,7.207677
782.1816,385.9231,7.036342,7.2033067
782.5565,386.85004,7.047665,7.1989365
782.92413,387.77988,7.058988,7.1945662
783.2854,388.71222,7.0703106,7.190196
783.6412,389.64667,7.0837903,7.169362
783.9923,390.5829,7.0994487,7.1319013
784.33966,391.5205,7.115107,7.0944395
784.68427,392.45914,7.130766,7.056978
785.0269,393.3985,7.1464243,7.019517
785.3686,394.3382,7.1487894,7.0012503
785.7097,395.2781,7.135059,7.006225
786.05035,396.2182,7.1213284,7.0112
786.3904,397.15848,7.107598,7.016175
786.7298,398.099,7.093867,7.0211496
787.0686,399.03973,7.0828414,7.025878
787.4067,399.98074,7.075445,7.030276
787.7439,400.92206,7.068049,7.0346737
788.08014,401.8637,7.0606527,7.0390716
788.4152,402.8058,7.0532565,7.0434694
788.74896,403.74835,7.0479784,7.047617
789.08136,404.69138,7.0455728,7.0514264
789.4122,405.63495,7.043167,7.0552354
789.74133,406.57913,7.040761,7.059045
790.06866,407.5239,7.0383554,7.062854
790.39417,408.46933,7.036562,7.0513277
790.7177,409.41544,7.035558,7.020014
791.03906,410.3623,7.0345545,6.9887
791.3581,411.3099,7.0335507,6.957386
791.67474,412.25833,7.032547,6.926072
791.9889,413.2076,7.031635,6.893032
792.30035,414.15775,7.030833,6.857923
792.6091,415.1088,7.0300303,6.8228145
792.91504,416.06073,7.0292277,6.7877054
793.21814,417.01355,7.028425,6.752597
793.5184,417.96732,7.0220637,6.7355075
793.8156,418.922,7.009442,6.7387133
794.1099,419.8776,6.99682,6.7419186
794.40137,420.83408,6.984198,6.7451243
794.6899,421.79144,6.9715757,6.74833
794.97546,422.7497,6.957619,6.7557516
795.2581,423.7088,6.9422097,6.7677584
795.5379,424.66876,6.9268007,6.7797656
795.8147,425.62955,6.9113917,6.791773
796.0886,426.5912,6.8959827,6.8037796
796.3596,427.55368,6.8835673,6.8157816
796.6276,428.51697,6.87437,6.8277783
796.8927,429.4811,6.865173,6.8397746
797.1548,430.446,6.8559756,6.851771
797.41394,431.41174,6.8467784,6.863767
797.6701,432.37827,6.8396,6.87576
797.9233,433.34558,6.8346047,6.8877487
798.1735,434.31366,6.8296094,6.899738
798.4208,435.2825,6.824614,6.9117265
798.66504,436.2521,6.8196187,6.923715
798.90625,437.22244,6.8159547,6.934181
799.14453,438.19354,6.8137574,6.94297
799.37976,439.16537,6.8115606,6.9517584
799.612,440.1379,6.8093634,6.9605465
799.8412,441.11118,6.807166,6.969335
800.0673,442.08517,6.812653,6.9690337
800.29047,443.05984,6.8268323,6.9584494
800.5105,444.03522,6.8410115,6.9478645
800.72754,445.01126,6.8551908,6.93728
800.9415,445.988,6.86937,6.9266953
801.1524,446.9654,6.883642,6.9161105
801.3602,447.94345,6.8980227,6.9055247
801.56494,448.92218,6.912403,6.8949394
801.7666,449.90152,6.9267836,6.8843536
801.96515,450.8815,6.941164,6.873768
802.1606,451.86212,6.946545,6.863817
802.35284,452.84332,6.9411507,6.8546267
802.54205,453.82516,6.935756,6.8454366
802.7281,454.8076,6.9303617,6.836246
802.911,455.79062,6.9249673,6.8270555
803.09076,456.77423,6.9193015,6.8178625
803.26733,457.7584,6.913305,6.808667
803.4408,458.74313,6.9073076,6.7994714
803.611,459.72842,6.9013104,6.790276
803.7781,460.71426,6.8953133,6.7810802
803.94196,461.70062,6.8965654,6.773225
804.10266,462.68753,6.906767,6.767024
804.2602,463.67493,6.9169683,6.7608232
804.4145,464.66284,6.92717,6.7546225
804.5657,465.65125,6.9373713,6.748421
804.7137,466.6401,6.954123,6.7433853
804.8586,467.62946,6.978938,6.7397833
805.00024,468.61926,7.003753,6.736181
805.13885,469.6095,7.0285683,6.7325788
805.2743,470.6002,7.053383,6.7289767
805.4066,471.59128,7.069258,6.7269096
805.53577,472.5828,7.0742626,6.7267094
805.66187,473.5747,7.079267,6.726509
805.7848,474.56702,7.0842714,6.7263093
805.90466,475.5597,7.089276,6.726109
806.0214,476.55273,7.086253,6.7271857
806.1351,477.54614,7.0736403,6.7297883
806.24567,478.53992,7.061028,6.732391
806.35315,479.53403,7.0484157,6.7349935
806.4576,480.52844,7.0358033,6.737596
806.55896,481.5232,7.0231915,6.7401986
806.6572,482.51822,7.0105796,6.742801
806.7525,483.51358,6.9979677,6.7454033
806.8447,484.50922,6.9853563,6.748006
806.9339,485.5051,6.9727445,6.7506084
807.0201,486.50128,6.960134,6.7532105
807.1032,487.4977,6.9475255,6.755812
807.1833,488.4944,6.9349165,6.7584143
807.26044,489.4913,6.9223075,6.761016
807.33453,490.48843,6.9096985,6.763618
807.4057,491.4858,6.8970914,6.766219
807.4738,492.48337,6.884487,6.7688203
807.539,493.48114,6.871883,6.771421
807.6012,494.4791,6.859278,6.774022
807.66046,495.47723,6.846674,6.776623
807.7168,496.47552,6.840094,6.7740483
807.77014,497.474,6.840294,6.7656493
807.82056,498.47263,6.840494,6.757251
807.86804,499.47137,6.840694,6.748852
807.91266,500.47028,6.8408937,6.7404532
807.9544,501.4693,6.844286,6.7312117
807.9932,502.46844,6.8512807,6.7210197
808.0292,503.46768,6.8582754,6.7108274
808.0622,504.46704,6.86527,6.7006354
808.0923,505.46646,6.8722644,6.690443
808.1194,506.466,6.8774896,6.6915164
808.1433,507.4656,6.880686,6.705501
808.1635,508.4653,6.8838825,6.719486
808.1796,509.46506,6.8870792,6.7334714
808.1911,510.46487,6.890276,6.747456
808.19745,511.46475,6.8847227,6.756842
808.1983,512.46466,6.8689227,6.7608423
808.1932,513.46454,6.8531227,6.7648425
808.1815,514.46436,6.837322,6.768842
808.163,515.46405,6.821522,6.7728424
808.1372,516.4636,6.803035,6.7720475
808.1035,517.46295,6.781399,6.765637
808.06165,518.462,6.7597632,6.7592263
808.011,519.4606,6.7381277,6.7528157
807.9511,520.4587,6.7164917,6.746405
807.88153,521.4561,6.708847,6.724703
807.802,522.4528,6.717052,6.685679
807.7121,523.44867,6.725257,6.646655
807.61163,524.4435,6.733462,6.6076317
807.50037,525.4372,6.741667,6.5686088
807.3779,526.42957,6.7339892,6.5586033
807.2439,527.4204,6.7085357,6.5810738
807.0975,528.4095,6.683082,6.6035447
806.9379,529.3966,6.6576285,6.6260157
806.76447,530.3813,6.632175,6.648486
806.57635,531.36334,6.6216073,6.6646075
806.3721,532.34216,6.6297493,6.672749
806.14935,533.3169,6.637891,6.680891
805.9058,534.2866,6.6460323,6.689032
805.63916,535.2503,6.6541715,6.697171
805.3472,536.2066,6.6657867,6.6934147
805.02765,537.154,6.6824784,6.6722984
804.67786,538.0907,6.6991715,6.6511803
804.2952,539.0144,6.7158737,6.6300516
803.8772,539.92267,6.7325854,6.60891
803.42163,540.8126,6.7688026,6.579751
802.9291,541.68274,6.830145,6.540273
802.4032,542.5331,6.891452,6.5008183
801.84766,543.3644,6.952728,6.4613833
801.2659,544.1776,7.013998,6.421952
800.6612,544.9739,7.029674,6.4351244
800.0368,545.7548,6.998647,6.502182
799.3962,546.5225,6.967612,6.569258
798.7428,547.27936,6.936577,6.636334
798.0798,548.0279,6.9055433,6.703406
797.41034,548.77057,6.8800316,6.7676024
796.736,549.50885,6.8600593,6.8289175
796.0572,550.243,6.840086,6.890237
795.37415,550.9732,6.8201118,6.9515576
794.6871,551.69965,6.800137,7.012879
793.9963,552.42255,6.77414,7.0404534
793.3019,553.14197,6.7419367,7.033253
792.60394,553.85803,6.709734,7.0260525
791.9026,554.5707,6.6775317,7.0188518
791.1979,555.28,6.645329,7.011651
790.48987,555.9861,6.6443906,6.980869
789.7787,556.6889,6.6756144,6.925827
789.0644,557.3886,6.7068386,6.8707848
788.3471,558.08527,6.7380624,6.8157425
787.627,558.77893,6.769286,6.7607007
786.9041,559.4698,6.80449,6.709134
786.17865,560.15784,6.8437266,6.6610894
785.45056,560.8432,6.882963,6.6130447
784.7201,561.526,6.9221997,6.5650005
783.9873,562.20624,6.9614363,6.516956
783.2522,562.8841,6.983509,6.4963117
782.515,563.5596,6.988513,6.502917
781.7757,564.23285,6.9935164,6.509522
781.0345,564.90393,6.9985204,6.516127
780.2914,565.57294,7.0035243,6.5227323
779.5466,566.24,7.008426,6.5292354
778.80005,566.9052,7.013229,6.5356383
778.05194,567.5686,7.018031,6.5420413
777.3023,568.23035,7.0228333,6.5484443
776.55133,568.8905,7.0276356,6.5548472
775.7991,569.5492,7.0325384,6.5613503
775.04553,570.2065,7.037539,6.567951
774.2909,570.8625,7.0425396,6.574552
773.5353,571.5173,7.04754,6.581153
772.7786,572.17096,7.052541,6.587754
772.0212,572.82367,7.0575404,6.5943537
771.26294,573.47546,7.06254,6.6009526
770.504,574.12646,7.067539,6.6075516
769.7445,574.7768,7.0725384,6.6141505
768.98444,575.4265,7.0775375,6.6207495
768.224,576.07574,7.0824347,6.627348
767.46313,576.7245,7.0872335,6.633946
766.7021,577.37305,7.092032,6.640544
765.94086,578.02136,7.0968304,6.647142
765.17957,578.6696,7.101629,6.65374
764.41833,579.3179,7.1065288,6.660338
763.65717,579.9663,7.111527,6.6669354
762.8961,580.61487,7.1165257,6.6735334
762.13525,581.26355,7.121524,6.6801314
761.37445,581.9124,7.126522,6.6867294
760.6139,582.56146,7.1315207,6.6933274
759.8535,583.21075,7.1365194,6.699926
759.09326,583.8602,7.141518,6.706524
758.3332,584.50995,7.146517,6.7131224
757.57324,585.1598,7.1515155,6.7197204
756.8135,585.80975,7.1564136,6.726319
756.0538,586.4599,7.1612124,6.7329173
755.29425,587.1102,7.1660113,6.739516
754.53485,587.7607,7.17081,6.7461143
753.7756,588.41125,7.175609,6.7527127
753.0164,589.062,7.1805086,6.759211
752.2574,589.7129,7.185508,6.7656097
751.4985,590.3639,7.1905065,6.7720084
750.7396,591.015,7.1955056,6.778407
749.9809,591.6663,7.200505,6.784806
749.2223,592.3177,7.2054033,6.791305
748.46375,592.9691,7.2102027,6.7979035
747.7053,593.6207,7.215002,6.8045025
746.94696,594.2724,7.219801,6.8111014
746.1887,594.9242,7.2246003,6.8177004
745.43054,595.57605,7.2294993,6.8242993
744.6724,596.228,7.2344985,6.8308983
743.91437,596.88,7.239498,6.837497
743.1564,597.53217,7.2444973,6.844096
742.39844,598.1843,7.2494965,6.850695
741.64056,598.83655,7.2544956,6.8572946
740.88275,599.48883,7.2594953,6.8638935
740.125,600.14124,7.2644944,6.8704925
739.36725,600.79364,7.2694936,6.877092
738.60956,601.44604,7.274493,6.883691
737.8519,602.0986,7.2793927,6.8902903
737.0943,602.7511,7.284192,6.896889
736.3367,603.4036,7.2889915,6.9034886
735.5791,604.0562,7.293791,6.9100876
734.82153,604.7088,7.2985907,6.916687
734.06396,605.3614,7.303489,6.923286
733.30646,606.01404,7.308489,6.9298854
732.5489,606.6667,7.3134885,6.9364843
731.7914,607.3193,7.3184876,6.943084
731.0338,607.9719,7.3234873,6.949683
730.27625,608.6245,7.3283873,6.956282
729.5187,609.2771,7.3331866,6.9628816
728.7611,609.9297,7.337986,6.9694805
728.0035,610.5822,7.3427854,6.97608
727.24585,611.23474,7.3475847,6.9826794
726.4882,611.88727,7.3524837,6.989179
725.7306,612.53973,7.357483,6.9955783
724.9729,613.1922,7.3624825,7.0019774
724.21515,613.8446,7.3674817,7.0083766
723.4574,614.497,7.3724813,7.014776
722.69965,615.14935,7.3774805,7.0212746
721.9419,615.8017,7.38248,7.0278735
721.1841,616.45404,7.3874793,7.034473
720.4263,617.1064,7.392479,7.041072
719.66846,617.75867,7.397478,7.0476713
718.9106,618.4109,7.4023786,7.0542707
718.1527,619.0631,7.407178,7.0608697
717.39484,619.71533,7.4119773,7.067469
716.6369,620.36755,7.4167767,7.074068
715.87897,621.0197,7.421576,7.0806675
715.12103,621.6719,7.4264746,7.0872664
714.3631,622.324,7.431474,7.093866
713.6051,622.97614,7.4364734,7.100465
712.8471,623.6282,7.441473,7.1070642
712.08905,624.2803,7.446472,7.113663
711.33105,624.9323,7.4513726,7.1202626
710.573,625.58435,7.456172,7.1268616
709.81494,626.2363,7.4609714,7.133461
709.0568,626.8883,7.4657707,7.14006
708.2987,627.5403,7.47057,7.1466594
707.5406,628.19226,7.4754686,7.1532583
706.7825,628.8442,7.480468,7.1598573
706.0243,629.4961,7.485467,7.1664567
705.2661,630.14795,7.4904666,7.1730556
704.50793,630.79987,7.4954658,7.179655
703.74976,631.4517,7.5004654,7.1861553
702.9915,632.1036,7.5054646,7.1925545
702.2333,632.7554,7.510464,7.198954
701.47504,633.40717,7.5154634,7.2053533
700.7168,634.05896,7.5204625,7.2117524
699.9585,634.71075,7.5253634,7.21825
699.20026,635.3625,7.530163,7.224849
698.44196,636.0142,7.534962,7.231448
697.6836,636.66595,7.5397615,7.238047
696.9253,637.3176,7.544561,7.2446465
696.16693,637.96936,7.549459,7.2512455
695.40857,638.62103,7.554458,7.257845
694.6502,639.2727,7.5594573,7.264444
693.89185,639.9243,7.564457,7.271043
693.1334,640.576,7.569456,7.2776423
692.37506,641.2276,7.5743575,7.284241
691.61664,641.87915,7.579157,7.29084
690.8582,642.53076,7.583956,7.2974396
690.09973,643.1824,7.588755,7.3040385
689.3413,643.8339,7.5935545,7.310638
688.5828,644.4855,7.598452,7.317237
687.82434,645.13696,7.6034517,7.323836
687.06586,645.7885,7.608451,7.3304353
686.3074,646.44,7.61345,7.337034
685.5488,647.09155,7.6184497,7.343633
684.79034,647.74304,7.623449,7.3502326
684.0318,648.3945,7.628448,7.3568316
683.27325,649.04596,7.6334476,7.3634305
682.5147,649.6974,7.638447,7.37003
681.75616,650.3489,7.643446,7.376629
680.9976,651.0003,7.6483474,7.383228
680.239,651.6517,7.6531467,7.3898273
679.48047,652.3031,7.657946,7.396426
678.72186,652.9545,7.6627455,7.403025
677.96326,653.6059,7.667545,7.4096246
677.20465,654.25726,7.672442,7.416126
676.44604,654.9086,7.677441,7.422525
675.6874,655.56,7.6824408,7.428924
674.9288,656.21136,7.68744,7.435323
674.1701,656.86273,7.692439,7.4417224
673.4115,657.51404,7.697341,7.448219
672.65283,658.1654,7.7021403,7.454818
671.89417,658.8167,7.7069397,7.461417
671.1355,659.468,7.711739,7.468016
670.37683,660.1193,7.7165384,7.474615
669.61816,660.7706,7.721435,7.4812145
668.85944,661.42194,7.726434,7.4878135
668.10077,662.0732,7.731434,7.4944124
667.3421,662.7245,7.736433,7.5010114
666.5834,663.37573,7.741432,7.507611
665.82465,664.02704,7.7464314,7.5142097
665.066,664.6783,7.751431,7.5208087
664.30725,665.3295,7.75643,7.5274076
663.5485,665.9808,7.7614293,7.534007
662.7898,666.632,7.766429,7.540606
662.03107,667.28326,7.771331,7.547205
661.27234,667.9345,7.77613,7.553804
660.5136,668.58575,7.7809296,7.5604033
659.7549,669.237,7.785729,7.5670023
658.9961,669.8882,7.7905283,7.5736012
658.23737,670.5394,7.7954245,7.5802
657.47864,671.1907,7.8004236,7.586799
656.71985,671.84186,7.8054233,7.5933986
655.9611,672.4931,7.8104224,7.5999975
655.2024,673.1443,7.8154216,7.6065965
654.4436,673.7955,7.8204207,7.6131954
653.6849,674.4467,7.8254204,7.619795
652.9261,675.0979,7.8304195,7.626394
652.1673,675.7491,7.8354187,7.6329927
651.40857,676.4003,7.840418,7.6395917
650.6498,677.0515,7.8453207,7.6460943
649.89105,677.7027,7.85012,7.6524935
649.13226,678.3539,7.8549194,7.658892
648.3735,679.0051,7.8597183,7.6652913
647.61475,679.6563,7.8645177,7.6716905
646.85596,680.3075,7.869414,7.678186
646.09717,680.9587,7.874413,7.6847854
645.33844,681.6099,7.879412,7.6913843
644.57965,682.2611,7.8844113,7.6979833
643.8209,682.9123,7.889411,7.704582
643.06213,683.5635,7.894314,7.711181
642.3034,684.2147,7.899113,7.7177806
641.5446,684.8659,7.903912,7.7243795
640.7859,685.51715,7.9087114,7.7309785
640.0271,686.16833,7.913511,7.7375774
639.2684,686.8195,7.9184065,7.7441764
638.5096,687.47076,7.9234056,7.7507753
637.75085,688.122,7.928405,7.757375
636.9921,688.7732,7.9334044,7.7639737
636.23334,689.42444,7.9384036,7.7705727
635.4746,690.0757,7.943403,7.7771716
634.7159,690.72687,7.948402,7.7837706
633.95715,691.3781,7.9534016,7.79037
633.1984,692.02936,7.9584007,7.796969
632.4397,692.6806,7.9634,7.803568
631.68097,693.33185,7.968303,7.810167
630.92224,693.9831,7.9731026,7.816766
630.1636,694.6344,7.977902,7.8233647
629.40485,695.28564,7.9827013,7.829964
628.6461,695.9369,7.9875,7.836563
627.88745,696.5882,7.9923954,7.843162
627.1287,697.2395,7.9973946,7.849761
626.37006,697.89075,8.002394,7.85636
625.6114,698.54205,8.007393,7.862959
624.8527,699.19336,8.012393,7.8695583
624.09406,699.84467,8.017296,7.8760614
623.3354,700.49603,8.022096,7.8824606
622.5767,701.14734,8.026895,7.8888597
621.81805,701.7987,8.031694,7.895259
621.05945,702.45,8.036493,7.9016576
620.3008,703.1014,8.0413885,7.908152
619.5422,703.75275,8.046388,7.9147515
618.78357,704.4041,8.051387,7.9213505
618.02496,705.0555,8.056386,7.9279494
617.26636,705.7069,8.061385,7.9345484
616.50775,706.3583,8.066384,7.9411473
615.7492,707.0097,8.071383,7.9477468
614.9906,707.66113,8.076383,7.9543457
614.23206,708.31256,8.081382,7.9609447
613.47345,708.964,8.086382,7.9675436
612.7149,709.6154,8.091286,7.9741426
611.95636,710.2669,8.096085,7.9807415
611.1979,710.9184,8.100884,7.987341
610.43933,711.5698,8.105683,7.99394
609.68085,712.2214,8.110483,8.000539
608.9223,712.87286,8.115377,8.007138
608.1638,713.5244,8.120377,8.013737
607.4054,714.1759,8.125376,8.020336
606.6469,714.82745,8.130375,8.026935
605.8884,715.479,8.135374,8.033534
605.13,716.1306,8.140279,8.0401325
604.3716,716.78217,8.145078,8.046732
603.61316,717.4338,8.149878,8.053331
602.85474,718.0854,8.154676,8.05993
602.0964,718.73706,8.159475,8.066529
601.33795,719.3887,8.16437,8.073128
600.5796,720.04034,8.169369,8.079727
599.8212,720.692,8.174368,8.086327
599.06287,721.3437,8.179368,8.092925
598.30457,721.9954,8.184367,8.0995245
597.54626,722.6471,8.189366,8.106029
596.78796,723.2989,8.1943655,8.112428
596.02966,723.9506,8.199365,8.118827
595.27136,724.60236,8.204364,8.125226
594.5131,725.25415,8.209363,8.131625
593.7549,725.90594,8.214268,8.138119
592.99664,726.5578,8.219068,8.144717
592.2384,727.20966,8.223866,8.151317
591.4802,727.8615,8.228666,8.157915
590.72205,728.51337,8.233465,8.164515
589.96387,729.1652,8.2383585,8.171114
589.2057,729.81714,8.243358,8.177712
588.4476,730.46906,8.248358,8.184312
587.68945,731.12103,8.253357,8.19091
586.93134,731.773,8.258356,8.19751
586.1732,732.425,8.263261,8.204109
585.41516,733.07697,8.268061,8.210708
584.6571,733.729,8.27286,8.217307
583.89905,734.38104,8.277658,8.223906
583.141,735.0331,8.282458,8.230505
582.383,735.6851,8.287352,8.237104
581.625,736.3372,8.292351,8.243703
580.867,736.9893,8.29735,8.250302
580.109,737.6414,8.302349,8.256901
579.351,738.2935,8.307348,8.2635
578.5931,738.9457,8.312348,8.2701
577.83514,739.59784,8.317348,8.276698
577.0772,740.25,8.322347,8.283298
576.3193,740.9022,8.327346,8.289896
575.56134,741.5544,8.332345,8.296495
574.80347,742.2066,8.337251,8.303095
574.0456,742.8588,8.34205,8.309693
573.2877,743.51105,8.346849,8.316293
572.52985,744.16327,8.351648,8.322891
571.772,744.81555,8.356448,8.329491
571.01416,745.46783,8.3613405,8.335997
570.2563,746.1201,8.36634,8.342395
569.4985,746.7724,8.371339,8.348794
568.74066,747.4247,8.376339,8.355193
567.98285,748.077,8.381338,8.361592
567.22504,748.7293,8.386244,8.368085
566.4673,749.38165,8.391043,8.374684
565.7095,750.034,8.395843,8.381283
564.9517,750.68634,8.400641,8.387882
564.1939,751.3387,8.405441,8.394482
563.43616,751.9911,8.410334,8.40108
562.6784,752.64343,8.415333,8.40768
561.92065,753.29584,8.420332,8.414278
561.1629,753.94824,8.425331,8.420877
560.4052,754.60065,8.43033,8.427477
559.64746,755.25305,8.43533,8.434075
558.8897,755.90546,8.44033,8.440675
558.132,756.55786,8.445329,8.447274
557.37427,757.21027,8.450328,8.453873
556.6166,757.8627,8.455327,8.460472
555.8589,758.51514,8.460234,8.467071
555.1012,759.16754,8.465033,8.47367
554.3435,759.82,8.469832,8.480269
553.5858,760.4725,8.474631,8.486868
552.8281,761.12494,8.479431,8.493467
552.07043,761.77734,8.484323,8.500067
551.31274,762.4298,8.489323,8.506665
550.55505,763.0823,8.494322,8.513265
549.79736,763.73474,8.499321,8.519863
549.0397,764.3872,8.50432,8.526463
548.28204,765.0397,8.509319,8.5329685
547.52435,765.69214,8.514318,8.539368
546.76666,766.3446,8.519318,8.545767
546.00903,766.9971,8.524318,8.552166
545.25134,767.6496,8.529317,8.558565
544.49365,768.30206,8.534224,8.565057
543.736,768.9545,8.539022,8.571656
542.97833,769.607,8.543822,8.578255
542.22064,770.25946,8.548621,8.584854
541.463,770.9119,8.553421,8.591454
540.7053,771.5644,8.558312,8.598052
539.94763,772.21686,8.563312,8.604651
539.19,772.8693,8.568311,8.611251
538.4323,773.5218,8.57331,8.617849
537.6746,774.17426,8.57831,8.624449
536.91693,774.8267,8.583217,8.631047
536.15924,775.4792,8.588016,8.637647
535.40155,776.13165,8.592815,8.644246
534.6439,776.7841,8.597614,8.650845
533.8862,777.4366,8.602414,8.657444
533.1285,778.089,8.607306,8.664043
532.3708,778.74146,8.612305,8.670642
531.6131,779.3939,8.617304,8.677241
530.8554,780.0463,8.622303,8.683841
530.0977,780.6987,8.627302,8.690439
529.33997,781.3512,8.632302,8.697039
528.5823,782.0036,8.637301,8.703638
527.8245,782.656,8.642301,8.710237
527.0668,783.3084,8.6473,8.716836
526.3091,783.9608,8.652299,8.723434
525.55133,784.61316,8.657207,8.730034
524.7936,785.26556,8.662005,8.736633
524.0358,785.9179,8.666805,8.743232
523.2781,786.5703,8.671604,8.749831
522.52026,787.22266,8.676404,8.756431
521.7625,787.875,8.681295,8.762938
521.0047,788.52734,8.686295,8.769337
520.2469,789.1797,8.691294,8.775736
519.48914,789.832,8.696293,8.782135
518.7313,790.4843,8.701292,8.788534
517.9735,791.1366,8.7062,8.795025
517.21564,791.7889,8.7109995,8.801624
516.4578,792.44116,8.715798,8.808223
515.69995,793.09344,8.720598,8.814822
514.94214,793.74567,8.725397,8.821422
514.18427,794.39795,8.7302885,8.82802
513.4264,795.0502,8.735288,8.8346195
512.66846,795.7024,8.740287,8.841219
511.91058,796.35455,8.745286,8.847817
511.15265,797.0068,8.750285,8.854417
510.39474,797.65894,8.755284,8.861016
509.6368,798.3111,8.760284,8.867615
508.87885,798.96326,8.765284,8.874214
508.1209,799.6154,8.770283,8.880814
507.3629,800.2675,8.775282,8.887412
506.60495,800.9196,8.78019,8.8940115
505.84695,801.5717,8.784989,8.90061
505.08893,802.2238,8.789789,8.907209
504.3309,802.87585,8.794588,8.913809
503.57288,803.5279,8.799388,8.920407
502.81482,804.17993,8.804278,8.927007
502.05676,804.832,8.809278,8.933606
501.29868,805.48395,8.814277,8.940205
500.54056,806.1359,8.819276,8.946804
499.78247,806.7879,8.824275,8.953403
499.02432,807.4398,8.829184,8.960002
498.26617,808.09174,8.833982,8.966601
497.50803,808.74365,8.838782,8.973201
496.74985,809.3955,8.843581,8.979799
495.99167,810.0474,8.848381,8.986399
495.23346,810.6992,8.843278,8.980461
494.47522,811.3511,8.826281,8.959464
493.71698,812.00287,8.809282,8.938467
492.9587,812.65466,8.792285,8.91747
492.20044,813.30646,8.775287,8.896472
491.44214,813.9582,8.750579,8.865951
490.68384,814.6099,8.716583,8.823956
489.92548,815.2616,8.682588,8.781961
489.16714,815.91327,8.648593,8.739967
488.40875,816.56494,8.614597,8.697973
487.65036,817.21655,8.580602,8.656069
486.89197,817.86816,8.546606,8.614275
486.1335,818.5198,8.51261,8.57248
485.37506,819.1713,8.478615,8.530685
484.6166,819.8229,8.44462,8.488892
483.8581,820.47437,8.4106245,8.447006
483.09958,821.12585,8.376629,8.405012
482.34106,821.77734,8.342633,8.363018
481.5825,822.4288,8.308638,8.321023
480.8239,823.0802,8.274642,8.279029
480.0653,823.73157,8.240557,8.237035
479.3067,824.38293,8.206361,8.19504
478.54803,825.0343,8.172166,8.153046
477.78937,825.6856,8.13797,8.111052
477.03067,826.33685,8.103775,8.0690565
476.27197,826.98816,8.06967,8.027152
475.5132,827.63934,8.035674,7.985358
474.75446,828.2906,8.001678,7.9435635
473.99567,828.9417,7.967683,7.901769
473.23685,829.5929,7.9336877,7.859975
472.47803,830.244,7.899692,7.81809
471.71915,830.8951,7.8656964,7.776096
470.96027,831.54614,7.831701,7.7341013
470.20135,832.19714,7.7977057,7.6921067
469.4424,832.84814,7.76371,7.650112
468.68344,833.49915,7.7297144,7.608118
467.92444,834.15,7.695719,7.5661235
467.16544,834.80096,7.6617236,7.524129
466.40637,835.45184,7.627728,7.4821343
465.6473,836.10266,7.5937324,7.4401402
464.8882,836.7535,7.5597367,7.3981457
464.1291,837.40424,7.5257416,7.356151
463.36993,838.055,7.491746,7.3141565
462.61075,838.7057,7.4577503,7.2721624
461.85153,839.3564,7.4237547,7.230168
461.0923,840.007,7.3897595,7.188263
460.333,840.65765,7.355764,7.1464686
459.5737,841.3082,7.3217683,7.104674
458.8144,841.95874,7.2877727,7.0628796
458.05502,842.60925,7.2537775,7.0210853
457.29562,843.2597,7.2207665,6.9809017
456.5362,843.91016,7.1889706,6.942707
455.77676,844.56055,7.157175,6.904512
455.01727,845.21094,7.125379,6.866317
454.25775,845.86127,7.093583,6.828122
453.49823,846.51154,7.071441,6.806106
452.73865,847.1618,7.0612426,6.804106
451.97903,847.812,7.051044,6.802107
451.2194,848.46216,7.0408454,6.800107
450.45972,849.1123,7.030647,6.798107
449.7,849.7624,7.0205374,6.7961073
448.94028,850.4125,7.0105386,6.794108
448.1805,851.0625,7.00054,6.792108
447.4207,851.71246,6.990541,6.790108
446.66086,852.3624,6.9805427,6.7881083
445.90097,853.0123,6.9747324,6.7867327
445.14105,853.6622,6.9741325,6.786133
444.38113,854.312,6.9735327,6.785533
443.62115,854.9618,6.972933,6.784933
442.8611,855.6115,6.972333,6.7843328
442.10107,856.2612,6.972178,6.783822
441.34097,856.9109,6.972578,6.783422
440.58087,857.5605,6.9729776,6.783022
439.8207,858.2101,6.9733777,6.7826223
439.0605,858.8596,6.973778,6.7822223
438.30026,859.5091,6.974178,6.781822
437.53998,860.1585,6.9745774,6.781422
436.77966,860.8079,6.9749775,6.7810225
436.01932,861.4572,6.9753776,6.7806225
435.2589,862.1065,6.9757776,6.7802224
434.49847,862.7558,6.976177,6.7797337
433.738,863.40497,6.9765773,6.779134
432.97748,864.05414,6.9769773,6.778534
432.21695,864.70325,6.9773774,6.777934
431.45633,865.3523,6.977777,6.777334
430.6957,866.00134,6.978177,6.776823
429.93503,866.65027,6.978577,6.776423
429.17432,867.2992,6.978977,6.776023
428.41354,867.94806,6.979377,6.775623
427.65274,868.59686,6.979777,6.7752233
426.89188,869.2456,6.980177,6.774823
426.13098,869.89435,6.980577,6.774423
425.37006,870.543,6.9809766,6.774023
424.60907,871.1916,6.9813766,6.7736235
423.84805,871.84015,6.9817767,6.7732234
423.08698,872.48865,6.982177,6.772735
422.32584,873.1371,6.9825764,6.7721353
421.5647,873.7855,6.9829764,6.7715354
420.80347,874.43384,6.9833765,6.770935
420.04224,875.08215,6.9837766,6.770335
419.2809,875.73035,6.984176,6.7698236
418.51956,876.37854,6.984576,6.7694235
417.75818,877.0267,6.9849763,6.769024
416.99673,877.67474,6.9853764,6.768624
416.23523,878.32275,6.985776,6.768224
415.4737,878.9707,6.986176,6.7678237
414.7121,879.6186,6.986576,6.767424
413.95047,880.2664,6.986976,6.767024
413.18878,880.9142,6.9873757,6.766624
412.42703,881.5619,6.987776,6.766224
411.66525,882.2096,6.988176,6.765736
410.9034,882.8572,6.988576,6.7651362
410.1415,883.5047,6.9889755,6.7645364
409.37958,884.1522,6.9893756,6.7639365
408.61758,884.7996,6.9897757,6.7633367
407.85553,885.44696,6.9901757,6.7628245
407.09344,886.0943,6.9905753,6.7624245
406.3313,886.7415,6.9909754,6.7620244
405.5691,887.3887,6.9913754,6.761625
404.80682,888.03577,6.9917755,6.7612247
404.04453,888.68286,6.992263,6.7608247
403.28217,889.32983,6.9928627,6.7604246
402.51974,889.97675,6.9934626,6.760025
401.75726,890.6236,6.994063,6.759625
400.99475,891.2704,6.994663,6.759225
400.23215,891.9171,6.995175,6.758825
399.4695,892.5638,6.995575,6.758425
398.70682,893.2103,6.995975,6.758025
397.94406,893.8569,6.996375,6.757625
397.18127,894.50336,6.9967747,6.757225
396.4184,895.1497,6.9971747,6.7567377
395.6555,895.796,6.997575,6.756138
394.8925,896.4423,6.9979744,6.755538
394.12946,897.0885,6.9983745,6.754938
393.36636,897.7346,6.9987745,6.7543383
392.60318,898.3806,6.9991746,6.7538257
391.83997,899.0266,6.999574,6.7534256
391.0767,899.67255,6.9999743,6.7530255
390.31335,900.31836,7.0003743,6.752626
389.54996,900.9641,7.0007744,6.752226
388.7865,901.6098,7.001174,6.751826
388.02298,902.25543,7.001574,6.7514257
387.2594,902.901,7.001974,6.751026
386.49576,903.54645,7.002374,6.750626
385.73206,904.19183,7.002774,6.750226
384.9683,904.83716,7.003174,6.749739
384.20447,905.4824,7.003574,6.7491393
383.44058,906.1276,7.003974,6.7485394
382.67664,906.7727,7.0043736,6.7479396
381.9126,907.4177,7.0047736,6.7473397
381.14853,908.0627,7.0051737,6.7468266
380.38437,908.7076,7.0055733,6.7464266
379.62015,909.35236,7.0059733,6.7460265
378.8559,909.9971,7.0063734,6.7456264
378.09155,910.6417,7.0067735,6.745227
377.32718,911.2863,7.007173,6.744827
376.56274,911.9309,7.007573,6.7444267
375.79828,912.5754,7.007973,6.7440267
375.03378,913.21985,7.0083733,6.743627
374.26926,913.86426,7.008773,6.743227
373.50473,914.5087,7.009173,6.7427406
372.7402,915.15314,7.009573,6.742141
371.97565,915.7975,7.009973,6.741541
371.21112,916.44196,7.0103726,6.740941
370.4466,917.08636,7.0107727,6.7403407
369.68207,917.73083,7.011173,6.739827
368.9176,918.3753,7.0115724,6.7394276
368.15317,919.01984,7.0119724,6.7390275
367.38876,919.66437,7.0123725,6.7386274
366.6244,920.309,7.0127726,6.7382274
365.8601,920.95374,7.013172,6.737828
365.09586,921.59845,7.013572,6.7374277
364.3317,922.24335,7.0139723,6.7370276
363.5676,922.88824,7.0143723,6.736628
362.8036,923.5333,7.014772,6.736228
362.03967,924.17847,7.015172,6.735742
361.27585,924.8237,7.015572,6.735142
360.51215,925.4691,7.015972,6.734542
359.74854,926.1146,7.0163717,6.733942
358.98505,926.76025,7.016772,6.733342
358.22168,927.40607,7.017172,6.732828
357.45844,928.052,7.0175714,6.7324286
356.69534,928.6982,7.0179715,6.7320285
355.9324,929.3445,7.0183716,6.7316284
355.16962,929.99097,7.0187716,6.7312284
354.407,930.63763,7.019171,6.730829
353.64456,931.2845,7.0195713,6.7304287
352.88226,931.9316,7.0199714,6.7300286
352.12018,932.57886,7.0203714,6.7296286
351.35825,933.2264,7.020771,6.729229
350.59653,933.87415,7.021171,6.728829
349.83502,934.5221,7.021571,6.728429
349.07373,935.17035,7.021971,6.728029
348.31265,935.81885,7.022371,6.727629
347.5518,936.4676,7.022771,6.727229
346.7912,937.11664,7.0232563,6.7267437
346.03082,937.766,7.023856,6.726144
345.27072,938.4156,7.024456,6.725544
344.51083,939.0655,7.025056,6.724944
343.7512,939.7157,7.0256557,6.7243443
342.99176,940.3661,7.0261707,6.7238293
342.23254,941.0168,7.0265703,6.7234297
341.47348,941.6676,7.0269704,6.7230296
340.71454,942.3186,7.0273705,6.7226295
339.95566,942.96967,7.0277705,6.7222295
339.19684,943.6208,7.02817,6.72183
338.43802,944.272,7.02857,6.72143
337.67914,944.92303,7.0289702,6.7210298
336.9202,945.57404,7.0293703,6.7206297
336.16116,946.2249,7.02977,6.72023
335.40198,946.8756,7.03017,6.719745
334.6426,947.5261,7.03057,6.7191453
333.883,948.17633,7.03097,6.718545
333.12317,948.8263,7.0313697,6.717945
332.36304,949.4759,7.0317698,6.717345
331.60257,950.1251,7.03217,6.7168303
330.84174,950.77386,7.03257,6.71643
330.0805,951.4222,7.0329695,6.71603
329.31885,952.07,7.0333695,6.7156305
328.5567,952.7173,7.0337696,6.7152305
327.79407,953.3639,7.0341697,6.7148304
327.03088,954.0099,7.0345693,6.7144303
326.2671,954.6552,7.0349693,6.7140307
325.50272,955.2998,7.0353694,6.7136307
324.73764,955.9436,7.0357695,6.7132306
323.97192,956.5866,7.0361695,6.712746
323.20544,957.2287,7.036569,6.712146
322.4382,957.86993,7.036969,6.711546
321.6702,958.5102,7.0373693,6.710946
320.90134,959.1494,7.0377693,6.710346
320.13165,959.78766,7.0381694,6.7098308
319.36105,960.4248,7.038569,6.7094307
318.5895,961.06085,7.038969,6.709031
317.81702,961.6957,7.039369,6.708631
317.04346,962.3293,7.039769,6.708231
316.26886,962.96155,7.040169,6.707831
315.49316,963.59247,7.040569,6.7074313
314.71637,964.22205,7.040969,6.7070313
313.9385,964.8503,7.0413685,6.706631
313.15955,965.47723,7.0417686,6.7062316
312.3795,966.1027,7.037622,6.7030535
311.59827,966.7268,7.027227,6.696057
310.81573,967.34924,7.0168324,6.68906
310.0317,967.96985,7.0064373,6.6820636
309.2461,968.5884,6.9960423,6.675067
308.45865,969.2046,6.9568076,6.700169
307.6688,969.8177,6.8775373,6.769831
306.8753,970.4261,6.798266,6.8394938
306.07693,971.0281,6.718996,6.909155
305.27255,971.622,6.6397347,6.978809
304.46103,972.2061,6.6344886,6.981744
303.64117,972.7785,6.7302203,6.8936543
302.81183,973.33704,6.825956,6.8055615
301.97186,973.8794,6.921707,6.7174544
301.12027,974.4034,7.0174727,6.629334
300.25623,974.9065,7.046653,6.606255
299.3798,975.38776,6.9949512,6.6621814
298.49194,975.8476,6.9432592,6.718097
297.59357,976.28656,6.8915725,6.7740073
296.68558,976.70526,6.8398843,6.829919
295.76874,977.10425,6.821818,6.8571787
294.84412,977.48474,6.840193,6.853384
293.91278,977.84863,6.8585677,6.8495893
292.97586,978.1978,6.876942,6.8457947
292.0343,978.53436,6.895316,6.842
291.08896,978.8601,6.895015,6.840565
290.14047,979.1766,6.873901,6.84176
289.18927,979.48474,6.852786,6.8429556
288.23566,979.7854,6.8316708,6.8441505
287.27997,980.07947,6.810556,6.845346
286.32257,980.36786,6.7946568,6.840119
285.36353,980.6507,6.7850633,6.827127
284.40265,980.9273,6.7754693,6.8141356
283.43985,981.197,6.7658753,6.8011436
282.4749,981.45917,6.7562814,6.7881517
281.50778,981.713,6.743889,6.7609267
280.53836,981.95795,6.7280693,6.716272
279.5666,982.1935,6.71225,6.6716175
278.5925,982.4191,6.6964307,6.626963
277.6161,982.63446,6.680611,6.582308
276.63736,982.83905,6.674734,6.5601873
275.65637,983.0326,6.680735,6.564988
274.6733,983.2152,6.6867356,6.5697885
273.6883,983.387,6.6927366,6.5745893
272.70148,983.54816,6.698737,6.5793896
271.71298,983.6986,6.7200527,6.607256
270.72293,983.8386,6.7596197,6.662609
269.73148,983.9683,6.799186,6.7179623
268.73877,984.0878,6.8387527,6.7733154
267.7449,984.1973,6.878319,6.828668
266.75,984.29706,6.9031634,6.865417
265.75415,984.3869,6.9101615,6.8796134
264.75745,984.46674,6.91716,6.8938103
263.75998,984.53644,6.924158,6.9080067
262.76187,984.59576,6.9311566,6.922203
261.76318,984.6446,6.923538,6.9246755
260.764,984.6827,6.8981137,6.9128637
259.7645,984.70984,6.872689,6.9010525
258.76474,984.72595,6.847264,6.8892407
257.76486,984.7308,6.8218393,6.877429
256.76498,984.7241,6.8038,6.8623257
255.76527,984.70575,6.794583,6.8432903
254.76584,984.67554,6.7853656,6.824255
253.76685,984.63324,6.7761483,6.8052197
252.76845,984.5788,6.766931,6.786184
251.7708,984.51184,6.766192,6.761096
250.77408,984.4324,6.775206,6.729044
249.77846,984.3401,6.7842207,6.6969924
248.78412,984.2349,6.7932353,6.664941
247.79126,984.11664,6.80225,6.632889
246.80006,983.9851,6.8130517,6.6058826
245.81073,983.8402,6.8258433,6.584496
244.82349,983.68176,6.838635,6.56311
243.83853,983.5096,6.851427,6.5417237
242.85611,983.32355,6.8642187,6.5203376
241.87643,983.1235,6.857139,6.521737
240.8998,982.9092,6.827638,6.5488462
239.92648,982.6802,6.798137,6.575955
238.95685,982.4361,6.7686357,6.6030645
237.99124,982.1766,6.739135,6.630173
237.03003,981.9012,6.707798,6.6577587
236.07362,981.60956,6.674245,6.6859193
235.12245,981.3013,6.6406918,6.71408
234.177,980.9759,6.6071386,6.742241
233.23775,980.633,6.5735855,6.7704015
232.30524,980.2722,6.5357533,6.782061
231.38,979.8931,6.492607,6.7732315
230.46266,979.49536,6.449462,6.7644014
229.55382,979.0785,6.4063168,6.755572
228.65413,978.6423,6.363172,6.7467422
227.7643,978.1863,6.37151,6.6979046
226.88504,977.71014,6.4395804,6.602646
226.01718,977.2136,6.5076513,6.507387
225.16153,976.69635,6.5757256,6.4121237
224.31898,976.15796,6.643802,6.316857
223.49046,975.5982,6.6759987,6.260194
222.67667,975.01733,6.671977,6.242499
221.87807,974.41565,6.667956,6.2248054
221.09511,973.7938,6.6639347,6.207112
220.32825,973.1522,6.659913,6.1894183
219.57793,972.49133,6.6444583,6.223619
218.8445,971.81177,6.618626,6.3049207
218.12823,971.11414,6.592794,6.3862224
217.42938,970.39905,6.566962,6.467523
216.7482,969.6671,6.54113,6.5488234
216.0849,968.91895,6.528576,6.5896497
215.43974,968.155,6.5277767,6.5946445
214.81303,967.3759,6.5269775,6.5996394
214.2051,966.58215,6.5261784,6.604635
213.61618,965.7741,6.525379,6.6096296
213.04663,964.9523,6.519326,6.625974
212.4967,964.11725,6.5085287,6.6525683
211.96675,963.26935,6.497731,6.6791625
211.45708,962.4091,6.4869337,6.705756
210.968,961.53705,6.4761367,6.732349
210.49983,960.65356,6.4786825,6.726899
210.05295,959.7591,6.493336,6.6923723
209.6278,958.8541,6.5079904,6.657845
209.22487,957.939,6.522645,6.6233153
208.84457,957.01434,6.537301,6.5887833
208.48741,956.08044,6.57751,6.559859
208.15317,955.13806,6.639227,6.535656
207.8411,954.1882,6.7009397,6.511455
207.55043,953.23145,6.762649,6.487255
207.28035,952.26874,6.824359,6.463055
207.03001,951.3007,6.8591676,6.464283
206.7985,950.328,6.874852,6.4835873
206.58475,949.35126,6.8905377,6.5028925
206.3877,948.371,6.906223,6.5221972
206.20627,947.3877,6.921908,6.541502
206.03938,946.4018,6.925312,6.5610957
205.886,945.41376,6.920917,6.580873
205.74512,944.4239,6.916522,6.6006503
205.61572,943.4324,6.912127,6.6204276
205.49681,942.4396,6.907732,6.6402054
205.38736,941.4457,6.9052773,6.649566
205.28632,940.4509,6.9040837,6.6521516
205.19258,939.45544,6.9028907,6.654737
205.10509,938.4594,6.9016976,6.657322
205.02272,937.4629,6.9005046,6.6599073
204.94441,936.46606,6.8993106,6.662493
204.8694,935.469,6.8981166,6.6650805
204.7972,934.47174,6.8969226,6.6676674
204.7273,933.47424,6.8957286,6.6702547
204.65921,932.4767,6.8945346,6.672842
204.59247,931.47906,6.893338,6.6755443
204.52682,930.4813,6.8921404,6.6783395
204.46227,929.4835,6.890942,6.681135
204.39879,928.4856,6.889744,6.683931
204.33638,927.4877,6.888546,6.6867266
204.27504,926.4897,6.887346,6.689417
204.2147,925.4916,6.8861446,6.69202
204.15524,924.49347,6.8849435,6.6946225
204.09653,923.4953,6.8837423,6.697225
204.03847,922.49713,6.882541,6.6998277
203.98094,921.49884,6.8813386,6.702433
203.92383,920.5006,6.880135,6.7050405
203.86705,919.5023,6.878932,6.7076473
203.8105,918.504,6.8777285,6.7102547
203.75412,917.50574,6.8765254,6.712862
203.69778,916.50745,6.8753214,6.7154703
203.64142,915.50916,6.874117,6.71808
203.58492,914.5108,6.8729124,6.7206893
203.52818,913.5126,6.8717084,6.723299
203.47112,912.5143,6.870504,6.7259083
203.41362,911.51605,6.8692994,6.7285175
203.35559,910.5178,6.868095,6.7311273
203.29694,909.51965,6.866891,6.7337365
203.23756,908.52155,6.8656864,6.7363462
203.17738,907.52344,6.864482,6.7389555
203.11627,906.52545,6.8632784,6.7415633
203.05415,905.52747,6.8620753,6.7441707
202.99094,904.5296,6.860872,6.7467775
202.92653,903.5318,6.8596687,6.7493844
202.86081,902.53406,6.858465,6.7519917
202.79372,901.5364,6.8572636,6.7545958
202.72514,900.5389,6.8560624,6.757198
202.65497,899.54144,6.8548613,6.7598004
202.58313,898.5441,6.8536606,6.7624025
202.5095,897.54694,6.8524594,6.7650046
202.43399,896.5499,6.8513837,6.7676024
202.35654,895.55304,6.8503857,6.7701974
202.27704,894.5563,6.8493876,6.7727923
202.19545,893.55975,6.8483896,6.7753873
202.1117,892.56335,6.8473916,6.777982
202.02573,891.5672,6.8520765,6.7869773
201.93738,890.57117,6.8604283,6.8001018
201.8465,889.57544,6.8687806,6.8132267
201.75285,888.57996,6.8771324,6.826351
201.6563,887.5847,6.885484,6.8394756
201.55663,886.5898,6.88544,6.853039
201.45349,885.5953,6.879292,6.866921
201.34647,884.6011,6.873144,6.8808036
201.2351,883.6074,6.8669963,6.894686
201.11897,882.6143,6.8608484,6.9085684
200.99763,881.6218,6.839243,6.9176645
200.87065,880.63,6.804295,6.9226284
200.7376,879.63904,6.769347,6.9275928
200.59807,878.6489,6.7343993,6.932557
200.45166,877.6598,6.6994514,6.937521
200.29794,876.67175,6.669915,6.939201
200.1365,875.685,6.6457777,6.937605
199.96687,874.69965,6.6216397,6.9360094
199.7886,873.71576,6.5975018,6.9344134
199.60126,872.7336,6.573364,6.9328175
199.40439,871.75323,6.5494404,6.930237
199.19754,870.77496,6.5257416,6.9266214
198.98026,869.799,6.5020432,6.9230065
198.75208,868.8255,6.4783444,6.9193916
198.51251,867.85474,6.4546456,6.9157763
198.26114,866.88696,6.461313,6.896922
197.9975,865.9224,6.497319,6.863343
197.72112,864.96155,6.5333257,6.8297634
197.43155,864.0045,6.5693326,6.796184
197.12834,863.0517,6.605339,6.762605
196.81105,862.10345,6.602382,6.773858
196.47926,861.1602,6.5694337,6.81962
196.13255,860.2224,6.5364847,6.865382
195.77052,859.29034,6.5035357,6.9111447
195.39278,858.36456,6.4705873,6.956907
194.99892,857.44556,6.5009737,6.9063435
194.58865,856.5337,6.5657153,6.8035307
194.1617,855.6296,6.6304564,6.7007184
193.71779,854.73364,6.695198,6.5979056
193.25667,853.84644,6.7599382,6.495095
192.77812,852.9685,6.768807,6.4980903
192.28197,852.1004,6.7576823,6.538948
191.76807,851.24274,6.7465577,6.5798054
191.23628,850.396,6.735433,6.6206636
190.68652,849.5608,6.7243085,6.6615214
190.1187,848.7378,6.7639184,6.645574
189.53307,847.92737,6.8168116,6.614753
188.92995,847.1299,6.8697047,6.5839314
188.30971,846.34564,6.922599,6.5531096
187.67268,845.57495,6.975497,6.522286
187.01926,844.8181,6.9838347,6.516339
186.35037,844.07495,6.9783797,6.518092
185.66714,843.3449,6.972925,6.5198455
184.97072,842.62744,6.967471,6.5215983
184.26213,841.922,6.962017,6.5233517
183.54239,841.2279,6.894454,6.589054
182.81233,840.5447,6.790443,6.6922846
182.07266,839.8719,6.686428,6.795519
181.32407,839.20905,6.5824146,6.8987517
180.56721,838.5556,6.4784045,7.0019813
179.80272,837.9112,6.457485,7.0417204
179.03072,837.27576,6.517761,7.0194182
178.25082,836.64996,6.578039,6.9971156
177.46274,836.0346,6.6383185,6.974812
176.6661,835.43036,6.698596,6.9525094
175.86064,834.8379,6.7163506,6.9554744
175.04599,834.2582,6.6962113,6.980957
174.22171,833.6922,6.6760716,7.00644
173.3874,833.14105,6.655931,7.0319242
172.54279,832.60596,6.63579,7.0574083
171.68756,832.08795,6.658749,7.027597
170.82184,831.58765,6.7036257,6.969665
169.94594,831.1054,6.748501,6.911735
169.06018,830.64154,6.7933755,6.853806
168.16487,830.19635,6.838251,6.7958755
167.26038,829.7702,6.849758,6.7692633
166.34717,829.36304,6.850755,6.7525144
165.42577,828.97473,6.851752,6.7357664
164.49667,828.60516,6.852749,6.7190185
163.5604,828.2543,6.853746,6.702271
162.61739,827.9219,6.8396096,6.717236
161.66801,827.6081,6.8202925,6.7430577
160.71266,827.31305,6.800975,6.7688804
159.75166,827.037,6.781657,6.794703
158.78535,826.78,6.7623396,6.820525
157.81413,826.5424,6.768998,6.819848
156.83832,826.3244,6.788346,6.806226
155.85826,826.1263,6.8076935,6.7926035
154.87431,825.9485,6.827041,6.778981
153.88687,825.7913,6.846388,6.7653594
152.89632,825.6551,6.881547,6.7704363
151.90305,825.54034,6.926964,6.787643
150.90747,825.44775,6.9723816,6.8048496
149.91005,825.3779,7.0178013,6.822057
148.91125,825.3315,7.063222,6.839265
147.91164,825.3091,7.02703,6.899722
146.91177,825.3111,6.9383526,6.987992
145.91225,825.33746,6.8496776,7.0762587
144.91367,825.3883,6.761003,7.1645255
143.91666,825.46375,6.672327,7.2527943
142.9218,825.5637,6.63509,7.2422504
141.92969,825.68805,6.619573,7.1899834
140.94086,825.83624,6.604057,7.1377172
139.95584,826.00793,6.58854,7.0854506
138.97511,826.2027,6.573023,7.0331826
137.99915,826.42,6.6054783,6.981555
137.0283,826.6592,6.649541,6.930082
136.06287,826.9193,6.6936026,6.8786097
135.10309,827.19965,6.737663,6.8271394
134.14915,827.49927,6.781724,6.7756677
133.20123,827.8174,6.8896384,6.7323084
132.25948,828.1533,7.012325,6.6908226
131.32399,828.50635,7.135012,6.6493373
130.3949,828.87585,7.2576985,6.607852
129.47224,829.2612,7.3803844,6.5663667
128.55609,829.66174,7.364422,6.6031494
127.646576,830.0771,7.296131,6.6694717
126.74384,830.507,7.22784,6.735795
125.84807,830.9513,7.159549,6.802118
124.959404,831.4096,7.091259,6.86844
124.07801,831.8817,7.0351553,6.8822017
123.20414,832.3677,6.9857655,6.867005
122.33814,832.86743,6.9363747,6.8518076
121.480354,833.3812,6.886983,6.8366103
120.63115,833.90906,6.8375916,6.8214126
119.79089,834.45105,6.7817893,6.871556
118.95993,835.00714,6.7224407,6.957844
118.13857,835.5774,6.6630926,7.0441313
117.32716,836.1616,6.6037445,7.130419
116.526024,836.75995,6.544397,7.2167063
115.735504,837.37213,6.531034,7.233932
114.95591,837.9982,6.536741,7.222519
114.18754,838.63806,6.542447,7.2111053
113.4307,839.2915,6.548154,7.199692
112.68571,839.9584,6.5538607,7.1882787
111.95284,840.6386,6.6387486,7.094919
111.23239,841.3319,6.7433863,6.981121
110.52458,842.03815,6.8480234,6.867323
109.82966,842.7571,6.952661,6.7535243
109.14787,843.48846,7.0572996,6.6397247
108.47945,844.23206,7.00533,6.6786532
107.8245,844.9876,6.933645,6.7368093
107.18313,845.75464,6.86196,6.794965
106.5554,846.53296,6.7902756,6.85312
105.94138,847.3221,6.718591,6.9112754
105.34115,848.12177,6.7314196,6.865738
104.75476,848.93164,6.7500315,6.8131046
104.18229,849.7514,6.7686434,6.7604713
103.62379,850.58075,6.787255,6.707838
103.07931,851.41943,6.8058667,6.655205
102.54891,852.267,6.7597556,6.691028
102.03269,853.12335,6.7094474,6.732587
101.530716,853.9881,6.6591396,6.7741456
101.04308,854.861,6.608832,6.815704
100.56987,855.7418,6.5585246,6.8572626
100.111176,856.63025,6.5839314,6.812857
99.66709,857.5261,6.616821,6.759957
99.23775,858.42914,6.6497107,6.707056
98.82325,859.33905,6.6826,6.6541557
98.42372,860.2557,6.7154894,6.6012554
98.03926,861.17865,6.750065,6.5618854
97.67003,862.10785,6.784909,6.524666
97.31616,863.043,6.819752,6.4874463
96.97782,863.98395,6.854596,6.450227
96.65515,864.93036,6.88944,6.4130073
96.34831,865.88196,6.86702,6.4351406
96.05748,866.8386,6.8313193,6.4710402
95.78283,867.80005,6.795618,6.5069394
95.52456,868.766,6.759917,6.542839
95.28285,869.7362,6.724216,6.578738
95.0579,870.71045,6.728724,6.5753493
94.84992,871.6885,6.7452517,6.5602155
94.65914,872.67,6.7617793,6.5450816
94.4858,873.6547,6.778307,6.5299478
94.33012,874.6424,6.7948346,6.514814
94.19234,875.63275,6.7909136,6.522381
94.07268,876.6254,6.7801027,6.537596
93.97137,877.6202,6.7692914,6.5528116
93.88863,878.61664,6.7584805,6.568027
93.8247,879.61444,6.74767,6.583242
93.77979,880.61334,6.7225614,6.590032
93.75424,881.61285,6.692763,6.594059
93.74839,882.61273,6.6629634,6.598086
93.7626,883.6125,6.6331635,6.6021132
93.79725,884.6118,6.603363,6.60614
93.852615,885.6101,6.610044,6.647087
93.92859,886.6071,6.6266294,6.698056
94.02484,887.60236,6.643214,6.7490244
94.14105,888.59546,6.659799,6.799992
94.27691,889.58606,6.6763844,6.8509617
94.43203,890.57385,6.6495433,6.9092293
94.60571,891.55853,6.614571,6.9688644
94.79709,892.5399,6.5795994,7.028498
95.0053,893.5179,6.544628,7.088131
95.229515,894.4923,6.5096564,7.1477647
95.46891,895.4631,6.521849,7.125003
95.722725,896.43024,6.5395503,7.0926185
95.990234,897.3937,6.557251,7.060234
96.27073,898.3534,6.5749516,7.0278497
96.56349,899.30945,6.592653,6.995465
96.86782,900.2619,6.591967,7.001131
97.18304,901.2108,6.589767,7.0099316
97.50847,902.15625,6.587567,7.0187325
97.843445,903.0984,6.5853667,7.0275335
98.18731,904.0373,6.5831666,7.036334
98.53942,904.9731,6.6194882,6.995905
98.899124,905.90607,6.658963,6.9514456
99.26579,906.8363,6.6984377,6.9069867
99.63879,907.764,6.737912,6.862528
100.017494,908.6894,6.777387,6.818069
100.40132,909.6127,6.826126,6.8078384
100.789894,910.534,6.8757987,6.8010554
101.18293,911.45337,6.925472,6.794273
101.58012,912.37103,6.9751453,6.7874904
101.981155,913.287,7.0248184,6.7807074
102.385765,914.20135,7.0380526,6.7592425
102.7937,915.1142,7.047043,6.736068
103.20474,916.0257,7.056033,6.7128925
103.61867,916.9359,7.0650234,6.689718
104.035255,917.8449,7.0740137,6.6665425
104.454285,918.75275,7.063964,6.6590157
104.87552,919.6596,7.0515676,6.6534176
105.29872,920.5655,7.0391707,6.647819
105.72367,921.4706,7.0267744,6.642221
106.15012,922.375,7.014378,6.6366224
106.57786,923.27875,6.9897113,6.6408
107.006615,924.18207,6.96351,6.6462
107.43615,925.085,6.9373083,6.6516004
107.8662,925.9877,6.911107,6.657001
108.29653,926.89026,6.884906,6.662401
108.72689,927.7928,6.8750644,6.6596212
109.15711,928.6954,6.867264,6.655821
109.58706,929.59814,6.8594627,6.6520205
110.01657,930.50104,6.851662,6.64822
110.44552,931.4043,6.8438616,6.6444197
110.87377,932.3078,6.8387303,6.6391964
111.30132,933.2117,6.83393,6.6337967
111.72821,934.11584,6.82913,6.6283965
112.15448,935.0203,6.8243303,6.622997
112.58016,935.9251,6.8195305,6.617597
113.005295,936.83014,6.8145533,6.6123753
113.42989,937.73535,6.809554,6.6071763
113.85396,938.64087,6.8045545,6.601977
114.27749,939.54663,6.7995553,6.5967774
114.7005,940.45264,6.794556,6.5915785
115.122986,941.3589,6.789557,6.5862017
115.54497,942.2654,6.7845583,6.580803
115.96646,943.1721,6.779559,6.575404
116.387474,944.07904,6.7745605,6.5700054
116.808014,944.9862,6.7695613,6.5646067
117.22811,945.89355,6.764563,6.5593853
117.64776,946.80115,6.7595644,6.554187
118.06698,947.7089,6.7545657,6.5489883
118.48578,948.6169,6.749567,6.54379
118.904175,949.525,6.7445683,6.5385914
119.322174,950.43335,6.739747,6.5332155
119.73979,951.34186,6.7349486,6.5278172
120.157036,952.2505,6.73015,6.522419
120.57392,953.15936,6.725352,6.5170207
120.990456,954.06836,6.720553,6.5116224
121.40665,954.97754,6.7155776,6.5062237
121.822525,955.88684,6.710579,6.5008254
122.23808,956.79626,6.7055807,6.495427
122.65334,957.7059,6.700582,6.490029
123.06831,958.61554,6.695584,6.4846306
123.483,959.5254,6.690585,6.4794083
123.89743,960.43536,6.6855865,6.47421
124.3116,961.34546,6.680588,6.4690113
124.72553,962.2557,6.675589,6.4638124
125.13923,963.16595,6.6705904,6.458614
125.55271,964.07635,6.6655912,6.4532385
125.96599,964.9868,6.660592,6.4478397
126.37907,965.8974,6.6555934,6.4424405
126.79196,966.80804,6.650594,6.4370418
127.20469,967.7188,6.645595,6.431643
127.61725,968.62964,6.640596,6.4262433
128.02966,969.54047,6.6355963,6.4208436
128.44196,970.4514,6.6305966,6.4154444
128.85411,971.3624,6.625597,6.4100447
129.26616,972.27344,6.6205974,6.404645
129.6781,973.1846,6.615773,6.399421
130.08997,974.0957,6.6109734,6.394221
130.50177,975.00684,6.606173,6.389021
130.9135,975.918,6.6013727,6.3838205
131.3252,976.8292,6.5965724,6.37862
131.73685,977.7405,6.5915956,6.3732433
132.1485,978.6517,6.586595,6.3678427
132.56015,979.5629,6.5815945,6.3624425
132.9718,980.4741,6.576594,6.357042
133.38348,981.3853,6.5715933,6.351641
133.79521,982.2965,6.5665927,6.3464165
134.20699,983.2077,6.561592,6.3412156
134.61882,984.11884,6.5565915,6.3360147
135.03075,985.0299,6.5515904,6.3308144
135.44276,985.941,6.54659,6.3256135
135.85489,986.852,6.5415893,6.320236
136.26714,987.76294,6.5365887,6.3148355
136.67953,988.6738,6.531588,6.309435
137.09206,989.58466,6.5265875,6.304034
137.50476,990.4954,6.521587,6.2986336
137.91763,991.40607,6.516763,6.2932334
138.3307,992.31665,6.511963,6.287833
138.74397,993.2272,6.5071626,6.282433
139.15747,994.1376,6.5023623,6.277033
139.5712,995.04785,6.497562,6.271632
139.98517,995.958,6.492586,6.2664094
140.3994,996.86804,6.4875865,6.26121
140.8139,997.778,6.482587,6.25601
141.2287,998.6878,6.477587,6.2508106
141.64378,999.5975,6.4725876,6.245611
142.05919,1000.50696,6.467589,6.240236
142.47493,1001.4163,6.46259,6.2348375
142.891,1002.32556,6.4575915,6.229439
143.30745,1003.23456,6.452593,6.22404
143.72424,1004.1435,6.447594,6.2186418
144.14143,1005.0522,6.4425964,6.2132444
144.55902,1005.9607,6.437599,6.207847
144.97702,1006.869,6.4326015,6.20245
145.39543,1007.77716,6.427604,6.1970525
145.81429,1008.6851,6.422607,6.191655
146.2336,1009.59283,6.3989997,6.199779
146.65338,1010.5003,6.372821,6.2097707
147.07362,1011.4076,6.346642,6.219763
147.49437,1012.3147,6.320463,6.2297544
147.9156,1013.2215,6.2942843,6.2397466
148.33737,1014.1281,6.260074,6.2555017
148.7598,1015.03436,6.224712,6.272084
149.183,1015.9403,6.1893497,6.2886667
149.60715,1016.84576,6.1539874,6.3052487
150.0324,1017.75073,6.118625,6.321831
150.45886,1018.6551,6.0832567,6.3384166
150.88673,1019.55884,6.047887,6.355002
151.31613,1020.46185,6.0125175,6.3715878
151.74722,1021.364,5.977148,6.3881736
152.18015,1022.2653,5.941778,6.4047594
152.61505,1023.1657,5.9503174,6.4185877
153.0521,1024.0651,5.965715,6.431986
153.49141,1024.9633,5.9811125,6.4453835
153.93317,1025.8602,5.99651,6.4587817
154.37749,1026.756,6.0119076,6.4721794
154.82454,1027.6504,6.049461,6.4842057
155.27446,1028.5433,6.090498,6.4960165
155.7274,1029.4347,6.1315346,6.5078273
156.18352,1030.3246,6.1725717,6.5196376
156.64293,1031.2126,6.2136087,6.5314484
157.10579,1032.099,6.2548637,6.5432715
157.57225,1032.9834,6.2961516,6.5550966
158.04247,1033.8658,6.337439,6.5669217
158.51656,1034.7461,6.378727,6.5787473
158.99467,1035.6243,6.420015,6.5905724
159.47696,1036.5002,6.4288816,6.6272855
159.96355,1037.3737,6.4332957,6.6674166
160.45459,1038.2448,6.4377103,6.707548
160.95021,1039.1132,6.442125,6.747679
161.45055,1039.9789,6.446539,6.7878103
161.95573,1040.8417,6.4487987,6.8200555
162.4659,1041.7017,6.4508066,6.8513813
162.98119,1042.5586,6.4528146,6.8827076
163.50172,1043.4122,6.4548225,6.914034
164.02763,1044.2627,6.456831,6.9453597
164.55905,1045.1096,6.4838476,6.936783
165.09608,1045.9531,6.5131664,6.9245334
165.63884,1046.7928,6.5424848,6.912284
166.18742,1047.6288,6.5718036,6.900034
166.74194,1048.4608,6.601122,6.8877845
167.3025,1049.2888,6.7132,6.788815
167.86923,1050.1127,6.830942,6.68391
168.44226,1050.932,6.948685,6.579005
169.02174,1051.7468,7.066429,6.474098
169.6078,1052.557,7.184174,6.3691907
170.20052,1053.3623,7.1717434,6.3822565
170.7997,1054.1627,7.152537,6.4014635
171.40508,1054.9586,7.1333303,6.42067
172.0164,1055.7498,7.114124,6.4398766
172.63342,1056.5366,7.094917,6.459083
173.25589,1057.3191,7.0565786,6.4717774
173.88348,1058.0975,7.017281,6.484145
174.51587,1058.8721,6.9779835,6.496513
175.15276,1059.6428,6.9386864,6.5088806
175.79381,1060.4102,6.899389,6.5212483
176.43872,1061.1743,6.8410983,6.527048
177.08722,1061.9354,6.781579,6.5324225
177.73903,1062.6936,6.7220592,6.5377975
178.39388,1063.4492,6.6625395,6.543172
179.0515,1064.2025,6.60302,6.548547
179.71161,1064.9535,6.5888915,6.5907164
180.37398,1065.7025,6.578944,6.6362753
181.03831,1066.4498,6.568997,6.681834
181.70438,1067.1956,6.5590496,6.7273927
182.3719,1067.94,6.5491023,6.7729516
183.04063,1068.6833,6.5520744,6.8290176
183.71031,1069.4259,6.5566564,6.886393
184.38068,1070.1677,6.5612383,6.9437685
185.05147,1070.9093,6.5658207,7.001144
185.72244,1071.6506,6.5704026,7.058519
186.39339,1072.392,6.5968924,7.069823
187.06436,1073.1333,6.6266665,7.074219
187.73555,1073.8744,6.6564407,7.078615
188.40715,1074.6152,6.686215,7.0830116
189.07933,1075.3555,6.715989,7.0874076
189.75226,1076.095,6.7458324,7.0912943
190.42615,1076.8337,6.775687,7.095101
191.10117,1077.5713,6.8055415,7.098908
191.7775,1078.3077,6.8353963,7.102715
192.45535,1079.0428,6.8652506,7.106522
193.13489,1079.7764,6.895325,7.1103344
193.8163,1080.508,6.9254313,7.114148
194.49974,1081.2379,6.9555373,7.1179614
195.18538,1081.9657,6.9856434,7.1217747
195.87338,1082.6913,7.015749,7.1255884
196.5639,1083.4144,7.028314,7.1225967
197.25716,1084.135,7.0387564,7.1187816
197.95338,1084.8527,7.049198,7.114966
198.65277,1085.5673,7.05964,7.1111507
199.35556,1086.2786,7.070082,7.1073356
200.06192,1086.9862,7.078136,7.1026087
200.77177,1087.6904,7.0859594,7.097794
201.48497,1088.3912,7.093783,7.09298
202.2014,1089.0887,7.101607,7.0881653
202.9209,1089.7831,7.1094303,7.0833507
203.6433,1090.4744,7.11724,7.0785446
204.3683,1091.163,7.125048,7.0737395
205.09557,1091.8491,7.132857,7.0689344
205.8247,1092.5333,7.140665,7.0641294
206.55539,1093.216,7.1484733,7.0593243
207.2873,1093.8972,7.144714,7.058441
208.02008,1094.5775,7.1401176,7.0578413
208.75348,1095.2571,7.1355214,7.057242
209.48718,1095.9364,7.130925,7.0566425
210.2209,1096.6157,7.1263294,7.056043
210.95435,1097.2953,7.1158123,7.0578523
211.68723,1097.9756,7.104839,7.0598474
212.41928,1098.6566,7.0938654,7.0618424
213.15024,1099.3389,7.082892,7.063838
213.87982,1100.0226,7.071919,7.065833
214.60771,1100.7081,7.060959,7.067643
215.33357,1101.3959,7.05,7.0694366
216.05699,1102.086,7.0390415,7.0712295
216.77754,1102.7793,7.0280824,7.073023
217.49483,1103.476,7.017123,7.074816
218.20856,1104.1763,7.006175,7.0767865
218.91911,1104.8798,6.9952283,7.078777
219.62712,1105.5858,6.9842815,7.080767
220.33324,1106.2937,6.9733353,7.0827575
221.03809,1107.0029,6.9623885,7.0847473
221.74236,1107.7126,6.9935465,7.0411406
222.4469,1108.4222,7.0308223,6.990908
223.15262,1109.1305,7.068098,6.9406753
223.86046,1109.8368,7.1053743,6.890442
224.5713,1110.5399,7.14265,6.8402095
225.28604,1111.2391,7.161558,6.808973
226.00552,1111.9336,7.1773877,6.7809205
226.73048,1112.6222,7.1932173,6.7528677
227.4617,1113.3042,7.209047,6.7248154
228.1999,1113.9785,7.2248755,6.6967654
228.94583,1114.6444,7.143213,6.7699795
229.70036,1115.3005,7.046437,6.8588924
230.46436,1115.9456,6.9496574,6.9478087
231.23866,1116.5782,6.852873,7.0367293
232.02408,1117.197,6.75609,7.1256485
232.82117,1117.8007,6.7038035,7.173536
233.62991,1118.3885,6.6561337,7.217166
234.45004,1118.9606,6.6084647,7.260795
235.28131,1119.5162,6.560793,7.3044267
236.12346,1120.0552,6.513116,7.3480635
236.97606,1120.5775,6.6173577,7.275319
237.83795,1121.0844,6.7286544,7.1971707
238.70782,1121.5774,6.839942,7.119028
239.58449,1122.0583,6.9512215,7.0408916
240.46678,1122.5288,7.062504,6.962753
241.35368,1122.9905,7.076532,6.969404
242.24435,1123.445,7.0883293,6.9780025
243.13805,1123.8933,7.1001267,6.986601
244.03403,1124.3372,7.1119246,6.995199
244.9316,1124.7778,7.1237226,7.003798
245.83015,1125.2164,7.118333,7.0108395
246.72968,1125.6531,7.1125293,7.0178437
247.63019,1126.0876,7.106726,7.024848
248.53178,1126.5199,7.1009226,7.0318522
249.43454,1126.9498,7.095119,7.0388565
250.3385,1127.3772,7.095392,7.028799
251.24376,1127.8018,7.095793,7.0183845
252.1504,1128.2235,7.0961933,7.00797
253.05852,1128.642,7.096594,6.9975557
253.96817,1129.057,7.0969944,6.987141
254.87943,1129.4686,7.0762777,7.001407
255.79234,1129.8765,7.0552707,7.0160117
256.70694,1130.2806,7.0342636,7.0306168
257.62326,1130.6808,7.0132565,7.045222
258.54135,1131.0769,6.9922495,7.0598264
259.46124,1131.4688,6.96199,7.089023
260.38293,1131.8564,6.931618,7.1183953
261.30643,1132.2397,6.901247,7.1477675
262.23178,1132.6185,6.870876,7.1771398
263.15897,1132.9929,6.8405046,7.206512
264.08798,1133.3627,6.9056125,7.1631927
265.0189,1133.7277,6.9723334,7.1186457
265.95166,1134.0878,7.0390544,7.074098
266.8863,1134.443,7.105776,7.029551
267.82285,1134.7933,7.172497,6.985004
268.7613,1135.1384,7.1648164,6.999241
269.70163,1135.4783,7.1554213,7.0148325
270.64392,1135.8129,7.146026,7.0304246
271.5881,1136.1418,7.136631,7.0460167
272.5342,1136.4655,7.127236,7.0616083
273.48227,1136.7832,7.0497236,7.130885
274.43222,1137.0952,6.970457,7.201545
275.38406,1137.4014,6.89119,7.2722044
276.33783,1137.7017,6.8119226,7.3428645
277.29346,1137.9958,6.7326555,7.4135246
278.25092,1138.284,6.7726097,7.392429
279.21014,1138.5663,6.8151064,7.369376
280.17108,1138.8427,6.8576035,7.3463235
281.13364,1139.1133,6.9001,7.3232713
282.09772,1139.3784,6.942597,7.3002186
283.0633,1139.6382,6.988497,7.271788
284.03027,1139.8926,7.034429,7.243306
284.99863,1140.1418,7.0803614,7.2148237
285.96823,1140.386,7.126294,7.186342
286.9391,1140.6252,7.1719794,7.1580176
287.9111,1140.8596,7.1677675,7.161628
288.88428,1141.0894,7.1635556,7.165238
289.8585,1141.3145,7.1593437,7.168848
290.83374,1141.5352,7.1551323,7.172458
291.80994,1141.7515,7.150924,7.1760645
292.78705,1141.9636,7.1469154,7.179472
293.76505,1142.1718,7.142906,7.1828794
294.74387,1142.376,7.1388974,7.1862874
295.72348,1142.5763,7.134888,7.189695
296.70383,1142.7731,7.1308794,7.1931024
297.68488,1142.9662,7.1268735,7.1965075
298.6666,1143.156,7.1228676,7.1999125
299.64896,1143.3425,7.1188617,7.2033176
300.63187,1143.5259,7.114856,7.2067227
301.6154,1143.7062,7.1108575,7.210135
302.5994,1143.8837,7.107055,7.2137375
303.58392,1144.0583,7.1032524,7.2173395
304.56888,1144.2303,7.09945,7.220942
305.5543,1144.4,7.095648,7.224544
306.5401,1144.5673,7.0920734,7.228122
307.52628,1144.7322,7.093873,7.2311215
308.51282,1144.8951,7.095673,7.2341213
309.49966,1145.056,7.0974727,7.237121
310.48682,1145.2152,7.0992727,7.240121
311.47424,1145.3726,7.1010723,7.2431207
312.4619,1145.5284,7.1028714,7.2461185
313.44983,1145.6829,7.10467,7.249117
314.43793,1145.8359,7.106469,7.252115
315.4262,1145.9878,7.108268,7.255113
316.41467,1146.1387,7.110067,7.258111
317.40323,1146.2886,7.111865,7.2611084
318.39194,1146.4377,7.1136637,7.264106
319.38074,1146.5863,7.115462,7.267103
320.36963,1146.7343,7.1172605,7.2701006
321.35858,1146.8818,7.1185946,7.2726665
322.34756,1147.0292,7.106205,7.262475
323.33658,1147.1763,7.0938153,7.2522836
324.32562,1147.323,7.081426,7.242092
325.31473,1147.4696,7.0690365,7.2319007
326.30386,1147.6158,7.056647,7.2217035
327.29303,1147.7618,7.044256,7.211312
328.28226,1147.9076,7.0318656,7.2009196
329.2715,1148.0531,7.019475,7.1905274
330.2608,1148.1984,7.0070844,7.1801353
331.25012,1148.3433,6.9946938,7.1697483
332.23947,1148.488,6.982302,7.159555
333.22888,1148.6326,6.9699106,7.149362
334.21832,1148.7767,6.957519,7.139169
335.2078,1148.9208,6.9451275,7.128976
336.1973,1149.0645,6.932736,7.1187787
337.18683,1149.2079,6.9203434,7.108385
338.17642,1149.3512,6.9079514,7.0979915
339.16605,1149.4941,6.895559,7.087598
340.15567,1149.637,6.8831663,7.0772038
341.14536,1149.7794,6.870774,7.06681
342.1351,1149.9218,6.8583803,7.056416
343.12485,1150.0637,6.8459873,7.0460215
344.11462,1150.2056,6.833594,7.0356274
345.10446,1150.347,6.8212004,7.025233
346.0943,1150.4884,6.80881,7.0148416
347.0842,1150.6295,6.796616,7.0046463
348.07413,1150.7704,6.784422,6.994451
349.0641,1150.911,6.772228,6.9842563
350.05405,1151.0514,6.7600336,6.974061
351.04407,1151.1915,6.7478366,6.9638634
352.03412,1151.3314,6.735442,6.9534674
353.02423,1151.4712,6.7230473,6.943072
354.01434,1151.6106,6.7106524,6.9326763
355.0045,1151.7499,6.6982574,6.9222803
355.99466,1151.8889,6.6858625,6.911885
356.98486,1152.0277,6.673467,6.901489
357.97513,1152.1663,6.661072,6.8910923
358.9654,1152.3047,6.648676,6.8806963
359.9557,1152.4429,6.6362805,6.8703
360.946,1152.5808,6.623885,6.8599057
361.9364,1152.7185,6.611489,6.8497086
362.9268,1152.856,6.599093,6.839512
363.9172,1152.9933,6.5866966,6.829315
364.90765,1153.1304,6.5743003,6.819118
365.89813,1153.2672,6.5619044,6.80892
366.88864,1153.4039,6.5495076,6.7985225
367.87918,1153.5403,6.537111,6.788125
368.86975,1153.6765,6.524714,6.777728
369.86035,1153.8126,6.512317,6.7673306
370.85098,1153.9484,6.499921,6.7569337
371.8416,1154.084,6.4875236,6.746536
372.8323,1154.2195,6.4751263,6.736138
373.823,1154.3547,6.462729,6.7257404
374.81375,1154.4897,6.4503317,6.7153425
375.8045,1154.6245,6.4379344,6.704946
376.7953,1154.7592,6.4255366,6.694748
377.7861,1154.8936,6.413139,6.68455
378.77695,1155.0278,6.400741,6.6743517
379.76782,1155.1619,6.3883433,6.664153
380.7587,1155.2957,6.3759456,6.6539545
381.74963,1155.4293,6.3635473,6.6435556
382.74057,1155.5629,6.351149,6.6331573
383.73154,1155.696,6.338751,6.622759
384.72253,1155.8292,6.3263526,6.6123605
385.71356,1155.962,6.3139544,6.6019626
386.70462,1156.0948,6.3015556,6.5917635
387.69568,1156.2273,6.2891574,6.581565
388.68677,1156.3597,6.2767587,6.571366
389.6779,1156.4918,6.26436,6.5611672
390.66904,1156.6239,6.2519655,6.5509715
391.6602,1156.7556,6.240967,6.541772
392.6514,1156.8873,6.2299676,6.5325727
393.6426,1157.0188,6.2189684,6.5233736
394.63385,1157.15,6.207969,6.5141745
395.6251,1157.2811,6.1969867,6.5049887
396.6164,1157.4121,6.1919866,6.5007887
397.6077,1157.5428,6.186987,6.496589
398.59903,1157.6735,6.1819873,6.492389
399.59036,1157.8038,6.1769876,6.4881897
400.58173,1157.9341,6.1719875,6.4839897
401.57312,1158.0642,6.1667876,6.47979
402.56454,1158.1941,6.1615877,6.47559
403.556,1158.3239,6.156388,6.4713902
404.54745,1158.4535,6.1511884,6.4671903
405.5389,1158.5829,6.145989,6.4629908
406.53043,1158.7122,6.140989,6.458791
407.52194,1158.8413,6.135989,6.454591
408.5135,1158.9703,6.130989,6.450391
409.50504,1159.0991,6.1259894,6.446191
410.49664,1159.2278,6.1209893,6.441991
411.48822,1159.3562,6.115989,6.437791
412.47986,1159.4846,6.110989,6.433591
413.4715,1159.6128,6.1059895,6.429391
414.46317,1159.7408,6.1009893,6.425191
415.45483,1159.8687,6.0959888,6.4209905
416.44653,1159.9965,6.090789,6.4165907
417.43826,1160.124,6.085589,6.4121904
418.43,1160.2515,6.0803885,6.4077907
419.42175,1160.3788,6.0751886,6.4033904
420.4135,1160.506,6.069989,6.3989906
421.4053,1160.6329,6.064989,6.3947906
422.39713,1160.7599,6.059989,6.3905907
423.38895,1160.8866,6.054989,6.3863907
424.3808,1161.0132,6.0499887,6.3821907
425.37265,1161.1396,6.0449886,6.3779902
426.36453,1161.266,6.0399885,6.3737903
427.3564,1161.3922,6.0349884,6.3695903
428.34833,1161.5183,6.0299883,6.3653903
429.34027,1161.6442,6.024988,6.36119
430.3322,1161.77,6.0199876,6.35699
431.3242,1161.8958,6.014787,6.35279
432.31616,1162.0212,6.0095873,6.3485894
433.30817,1162.1466,6.004387,6.3443894
434.30017,1162.272,5.999187,6.3401895
435.2922,1162.3971,5.993987,6.335989
436.28424,1162.5222,5.988987,6.331789
437.2763,1162.6471,5.983987,6.327589
438.26837,1162.7719,5.9789867,6.323389
439.26047,1162.8966,5.9739866,6.3191886
440.25256,1163.0211,5.968986,6.3149886
441.2447,1163.1456,5.9637856,6.3107886
442.23682,1163.2699,5.9585857,6.306588
443.22894,1163.3942,5.9533854,6.302388
444.2211,1163.5183,5.9481854,6.298188
445.2133,1163.6423,5.9429855,6.293988
446.20547,1163.7661,5.9379854,6.289788
447.1977,1163.8899,5.9329853,6.285588
448.18988,1164.0137,5.927985,6.281388
449.18213,1164.1372,5.922985,6.277188
450.17438,1164.2606,5.917985,6.2729874
451.16663,1164.384,5.9129853,6.2687874
452.15887,1164.5072,5.907985,6.2645874
453.15115,1164.6304,5.902985,6.2603874
454.14346,1164.7534,5.897985,6.2561874
455.13577,1164.8763,5.8929844,6.2519875
456.12808,1164.9993,5.887784,6.247787
457.1204,1165.1221,5.882584,6.243587
458.11273,1165.2446,5.877384,6.239387
459.1051,1165.3672,5.8721843,6.235187
460.09747,1165.4897,5.866985,6.230987
461.08984,1165.612,5.8619847,6.226787
462.0822,1165.7344,5.8569846,6.222587
463.07462,1165.8566,5.851985,6.218387
464.06702,1165.9788,5.846985,6.214187
465.05945,1166.1007,5.8419847,6.209987
466.05188,1166.2227,5.836985,6.2057877
467.0443,1166.3445,5.831985,6.2015877
468.03677,1166.4663,5.8269854,6.1973877
469.02924,1166.588,5.8219852,6.1931877
470.0217,1166.7096,5.816985,6.1889877
471.01416,1166.8312,5.811785,6.184788
472.00665,1166.9526,5.8065853,6.1805882
472.99915,1167.074,5.8013854,6.1763883
473.99167,1167.1953,5.796186,6.1721888
474.9842,1167.3165,5.7909865,6.167989
475.9767,1167.4376,5.785987,6.163789
476.96924,1167.5587,5.7809873,6.1595893
477.9618,1167.6798,5.7759876,6.1553893
478.95435,1167.8008,5.770988,6.15119
479.9469,1167.9216,5.765988,6.14699
480.93945,1168.0425,5.760788,6.1427903
481.93204,1168.1632,5.7555885,6.138591
482.92462,1168.2838,5.750389,6.1343913
483.9172,1168.4044,5.7451897,6.1301913
484.90982,1168.525,5.73999,6.125992
485.9024,1168.6455,5.734991,6.1217923
486.89502,1168.766,5.7299914,6.117593
487.88763,1168.8864,5.724992,6.1133933
488.88028,1169.0067,5.7199926,6.109194
489.8729,1169.127,5.714993,6.1049943
490.86554,1169.2472,5.709994,6.100795
491.8582,1169.3673,5.7049947,6.0965953
492.85083,1169.4874,5.699995,6.092396
493.8435,1169.6075,5.694996,6.0881963
494.83615,1169.7275,5.6899962,6.0839972
495.82883,1169.8474,5.6847973,6.0797977
496.8215,1169.9674,5.6795983,6.0755987
497.81418,1170.0873,5.674399,6.071399
498.8069,1170.207,5.6692,6.0671997
499.79956,1170.3269,5.664001,6.0630007
500.79227,1170.4467,5.659002,6.0588017
501.78497,1170.5663,5.6540027,6.054602
502.77768,1170.6859,5.649004,6.050403
503.7704,1170.8055,5.644005,6.046204
504.7631,1170.9252,5.6390057,6.042005
505.75583,1171.0447,5.634007,6.037806
506.74854,1171.1643,5.6290083,6.033607
507.74127,1171.2837,5.624009,6.029408
508.734,1171.4032,5.6190104,6.025209
509.72675,1171.5226,5.614012,6.02101
510.71948,1171.642,5.608814,6.016811
511.71225,1171.7612,5.603615,6.012612
512.705,1171.8805,5.5984163,6.0084133
513.69775,1171.9996,5.593218,6.0042143
514.69055,1172.1188,5.588019,6.0000153
515.6833,1172.2378,5.5830197,5.9956174
516.6761,1172.3568,5.578021,5.9912186
517.6689,1172.4757,5.573023,5.9868197
518.6617,1172.5946,5.568024,5.9824214
519.65454,1172.7134,5.5630255,5.9780226
520.64734,1172.832,5.557828,5.9738226
521.6402,1172.9507,5.55263,5.969624
522.633,1173.0692,5.5474315,5.9654255
523.62585,1173.1876,5.542233,5.9612265
524.6187,1173.3059,5.5370345,5.957028
525.61163,1173.4242,5.532035,5.9528294
526.6045,1173.5422,5.527036,5.9486303
527.5974,1173.6603,5.522038,5.944432
528.59033,1173.7782,5.5170393,5.940233
529.58325,1173.8961,5.512041,5.9360347
530.5762,1174.0138,5.5070424,5.9318357
531.56915,1174.1313,5.502044,5.927637
532.56213,1174.2488,5.497046,5.9234385
533.5551,1174.3661,5.4920473,5.91924
534.5481,1174.4834,5.487049,5.915041
535.5411,1174.6005,5.4818525,5.9108424
536.5341,1174.7174,5.476654,5.906644
537.52716,1174.8342,5.471456,5.9024453
538.52026,1174.9508,5.4662576,5.8982463
539.5133,1175.0674,5.461059,5.8940477
540.5064,1175.1837,5.4560585,5.889849
541.4995,1175.2999,5.45106,5.88565
542.4927,1175.416,5.4460616,5.8814516
543.48584,1175.532,5.441063,5.877253
544.479,1175.6477,5.4360647,5.873054
545.47217,1175.7633,5.4318557,5.8692503
546.4654,1175.8787,5.4276567,5.8654513
547.4586,1175.994,5.423458,5.8616524
548.45184,1176.109,5.419259,5.8578534
549.4451,1176.224,5.4150605,5.8540545
550.4384,1176.3386,5.4187446,5.853212
551.43176,1176.4532,5.4225435,5.8524117
552.42505,1176.5675,5.4263425,5.851612
553.4184,1176.6816,5.4301414,5.8508124
554.4118,1176.7957,5.4339404,5.850013
555.4052,1176.9094,5.4377394,5.8494096
556.3986,1177.023,5.4415383,5.8488097
557.3921,1177.1364,5.4453373,5.84821
558.38556,1177.2495,5.4491367,5.84761
559.379,1177.3624,5.4529357,5.84701
560.37256,1177.4752,5.4569316,5.846214
561.3661,1177.5876,5.4609303,5.8454137
562.3597,1177.7,5.4649296,5.844614
563.3533,1177.812,5.468929,5.8438144
564.34686,1177.9238,5.472928,5.8430142
565.3405,1178.0355,5.476731,5.8422146
566.33417,1178.1469,5.4805303,5.8414145
567.3279,1178.258,5.4843297,5.840615
568.3216,1178.3689,5.488129,5.839815
569.31537,1178.4795,5.491928,5.839015
570.30914,1178.59,5.495924,5.8384113
571.3029,1178.7001,5.499923,5.8378115
572.29675,1178.81,5.503923,5.8372116
573.29065,1178.9197,5.507922,5.8366117
574.28455,1179.029,5.511922,5.836012
575.27844,1179.1382,5.515725,5.8352156
576.2724,1179.247,5.519525,5.834416
577.26636,1179.3556,5.5233245,5.833616
578.2604,1179.4639,5.5271244,5.832816
579.25446,1179.5719,5.530924,5.832016
580.2485,1179.6797,5.5349197,5.831412
581.2426,1179.7871,5.5389194,5.830812
582.23676,1179.8943,5.5429196,5.830212
583.2309,1180.0012,5.5469193,5.8296123
584.2251,1180.1078,5.550919,5.829012
585.2193,1180.214,5.5547233,5.828216
586.21356,1180.3201,5.558523,5.827416
587.2079,1180.4258,5.5623236,5.8266163
588.2022,1180.5311,5.5661235,5.825816
589.19653,1180.6361,5.5699234,5.825016
590.1909,1180.741,5.573724,5.824216
591.18536,1180.8453,5.577524,5.823416
592.1798,1180.9495,5.581324,5.822616
593.1743,1181.0532,5.5851245,5.821816
594.1688,1181.1567,5.588925,5.821016
595.1634,1181.2599,5.5929213,5.8204117
596.158,1181.3627,5.596922,5.819812
597.15265,1181.4651,5.600922,5.8192115
598.1473,1181.5673,5.604923,5.8186116
599.14197,1181.6691,5.6089234,5.8180113
600.1367,1181.7705,5.612728,5.817215
601.1315,1181.8716,5.6165285,5.816415
602.1263,1181.9725,5.6203294,5.8156147
603.1211,1182.0731,5.62413,5.8148146
604.11597,1182.1733,5.6279306,5.8140144
605.11084,1182.2734,5.631928,5.8134108
606.1057,1182.3732,5.6359286,5.812811
607.10065,1182.4727,5.6399293,5.8122106
608.0956,1182.572,5.6439304,5.81161
609.0906,1182.671,5.647931,5.8110104
610.0856,1182.7699,5.6517353,5.8102136
611.08057,1182.8685,5.655536,5.8094134
612.0756,1182.967,5.659337,5.8086133
613.0707,1183.0653,5.663138,5.807813
614.06573,1183.1633,5.666939,5.807013
615.06085,1183.2614,5.6707397,5.806213
616.0559,1183.3591,5.6745405,5.8054123
617.051,1183.4568,5.6783414,5.804612
618.04614,1183.5543,5.6821423,5.803812
619.0413,1183.6517,5.685943,5.803012
620.03644,1183.749,5.689941,5.8024087
621.0316,1183.8462,5.6939416,5.801809
622.0268,1183.9432,5.6979423,5.8012085
623.0219,1184.0403,5.701943,5.8006086
624.01715,1184.1373,5.7059436,5.8000083
625.0123,1184.2343,5.7097473,5.799211
626.0075,1184.331,5.7135477,5.798411
627.0027,1184.4279,5.717348,5.7976108
627.99786,1184.5248,5.721149,5.7968106
628.9931,1184.6215,5.7249494,5.7960105
629.9883,1184.7183,5.728947,5.795408
630.98346,1184.8151,5.7329473,5.794808
631.97864,1184.912,5.7369475,5.794208
632.9739,1185.0088,5.740948,5.7936077
633.96906,1185.1057,5.7449484,5.793008
634.96423,1185.2026,5.748751,5.79221
635.9594,1185.2997,5.752551,5.7914104
636.9546,1185.3967,5.756351,5.7906103
637.9497,1185.4939,5.760151,5.78981
638.9449,1185.5912,5.763951,5.7890105
639.94,1185.6885,5.767948,5.7882104
640.9352,1185.786,5.771948,5.7874103
641.9303,1185.8835,5.775947,5.7866106
642.92535,1185.9813,5.779947,5.7858105
643.9205,1186.0791,5.7839465,5.785011
644.9155,1186.1772,5.7877483,5.784408
645.9106,1186.2754,5.791548,5.783808
646.90564,1186.3738,5.7953467,5.7832084
647.90063,1186.4723,5.799146,5.7826085
648.8957,1186.571,5.802945,5.7820086
649.8906,1186.67,5.806744,5.781212
650.8856,1186.7693,5.8105426,5.780412
651.88055,1186.8687,5.8143415,5.7796125
652.8755,1186.9684,5.81814,5.7788124
653.87036,1187.0682,5.821939,5.7780128
654.86523,1187.1685,5.8259335,5.77741
655.86005,1187.2689,5.8299317,5.77681
656.85486,1187.3696,5.8339295,5.776211
657.8496,1187.4707,5.837928,5.775611
658.84436,1187.572,5.8419256,5.775011
659.8391,1187.6736,5.845727,5.774215
660.83374,1187.7756,5.849524,5.773416
661.8284,1187.8779,5.8533216,5.7726164
662.823,1187.9806,5.857119,5.771817
663.81757,1188.0836,5.8609166,5.7710176
664.81213,1188.1869,5.8649087,5.7702184
665.80664,1188.2906,5.868905,5.769419
666.8011,1188.3949,5.872902,5.7686195
667.7955,1188.4994,5.8768983,5.7678204
668.78986,1188.6044,5.8808947,5.767021
669.7842,1188.7097,5.884696,5.7664165
670.77844,1188.8156,5.8884916,5.765817
671.7727,1188.9218,5.8922877,5.765218
672.76685,1189.0284,5.8960834,5.7646184
673.761,1189.1356,5.8998795,5.764019
674.75507,1189.2432,5.903674,5.7632265
675.74915,1189.3513,5.9074693,5.7624273
676.7431,1189.46,5.911264,5.7616286
677.737,1189.569,5.915059,5.7608294
678.7309,1189.6786,5.9188538,5.7600307
679.7247,1189.7888,5.92284,5.759424
680.71844,1189.8994,5.9268336,5.758825
681.71216,1190.0106,5.930827,5.758226
682.70575,1190.1224,5.9348207,5.757627
683.69934,1190.2347,5.938814,5.757028
684.6928,1190.3477,5.942616,5.7562385
685.6862,1190.4612,5.9464087,5.75544
686.6796,1190.5753,5.9502015,5.7546415
687.6729,1190.6901,5.9539943,5.7538433
688.66614,1190.8053,5.957787,5.7530446
689.6593,1190.9211,5.954797,5.7803226
690.65247,1191.0369,5.9514027,5.8092694
691.6457,1191.152,5.948009,5.838217
692.6391,1191.2657,5.9446154,5.8671637
693.6327,1191.3776,5.9412217,5.89611
694.62665,1191.4867,5.9331474,5.9438057
695.6209,1191.5925,5.924747,5.9928102
696.6156,1191.6945,5.916346,6.041815
697.6108,1191.7916,5.907945,6.09082
698.6064,1191.8835,5.8995442,6.1398244
699.6026,1191.9695,5.891116,6.188989
700.59937,1192.0487,5.882686,6.2381644
701.5967,1192.1206,5.874256,6.28734
702.5945,1192.1846,5.8658257,6.336516
703.59283,1192.2399,5.857396,6.38569
704.5917,1192.2856,5.849129,6.4350314
705.59094,1192.3214,5.840871,6.4843802
706.5905,1192.3463,5.8326125,6.5337296
707.59033,1192.3595,5.824354,6.5830784
708.5902,1192.3602,5.816096,6.6324263
709.59,1192.3479,5.8407154,6.6533303
710.58954,1192.322,5.8657207,6.673899
711.5886,1192.282,5.8907266,6.6944685
712.58704,1192.2275,5.9157333,6.715039
713.58453,1192.1582,5.941304,6.735113
714.5808,1192.0737,5.9853396,6.7389336
715.5758,1191.9747,6.029374,6.742754
716.56934,1191.8619,6.0734067,6.746574
717.5613,1191.7362,6.1174383,6.7503943
718.5516,1191.5981,6.16147,6.7542243
719.5402,1191.4486,6.205494,6.758227
720.52716,1191.2882,6.2495193,6.762229
721.5123,1191.1174,6.2935452,6.7662315
722.4958,1190.937,6.3375716,6.7702336
723.47754,1190.7473,6.3831644,6.773447
724.45764,1190.5492,6.453737,6.764077
725.43604,1190.343,6.5243096,6.7547073
726.41284,1190.1294,6.594882,6.7453375
727.3881,1189.9089,6.6654544,6.735968
728.362,1189.6823,6.7368364,6.726325
729.3345,1189.4498,6.8262606,6.7105913
730.3057,1189.2123,6.9156857,6.694857
731.2759,1188.9701,7.0051107,6.679123
732.245,1188.7241,7.0945354,6.663389
733.2133,1188.4747,7.181545,6.64979
734.18085,1188.2224,7.1607785,6.731458
735.14764,1187.9674,7.140012,6.813127
736.1137,1187.7094,7.119245,6.894796
737.079,1187.4485,7.0984783,6.976465
738.0434,1187.1847,7.077636,7.0574203
739.007,1186.9177,7.051397,7.0876646
739.9697,1186.6476,7.0251584,7.117909
740.9315,1186.3741,6.9989195,7.148154
741.8922,1186.097,6.972681,7.178398
742.85187,1185.8162,6.9464245,7.208486
743.81036,1185.5314,6.9193325,7.231364
744.76764,1185.2426,6.8922405,7.2542415
745.7236,1184.9496,6.8651485,7.277119
746.6782,1184.6521,6.8380566,7.299997
747.6315,1184.3502,6.812008,7.322077
748.5832,1184.0437,6.8122087,7.3240848
749.5334,1183.7324,6.8124094,7.3260922
750.482,1183.4161,6.81261,7.3281
751.42883,1183.0948,6.812811,7.330108
752.3739,1182.7684,6.8163505,7.3295536
753.31714,1182.4365,6.8743105,7.2872367
754.2584,1182.0992,6.9322705,7.2449203
755.1977,1181.7563,6.9902306,7.2026033
756.1348,1181.4077,7.0481906,7.1602864
757.0698,1181.0533,7.1061263,7.1179914
758.0025,1180.6929,7.1637425,7.075979
758.93286,1180.3265,7.221359,7.0339675
759.8608,1179.9541,7.278975,6.9919558
760.78625,1179.5756,7.3365912,6.949944
761.7092,1179.1909,7.3867617,6.91399
762.6296,1178.8002,7.3424172,6.954939
763.5473,1178.4032,7.298073,6.9958878
764.4622,1177.9999,7.2537284,7.036836
765.3744,1177.5903,7.209384,7.077785
766.2837,1177.1744,7.1646934,7.1190267
767.19,1176.7522,7.1151648,7.1643615
768.0933,1176.3234,7.065636,7.2096963
768.9935,1175.8882,7.016107,7.255031
769.8905,1175.4463,6.9665785,7.300366
770.78424,1174.9979,6.918345,7.344405
771.67456,1174.543,6.8905582,7.367994
772.56146,1174.0812,6.8627715,7.3915825
773.4448,1173.6127,6.834985,7.415171
774.3245,1173.1373,6.807198,7.43876
775.20044,1172.6552,6.783187,7.4585958
776.0726,1172.1661,6.8214374,7.4165397
776.94073,1171.67,6.8596883,7.374484
777.8049,1171.1671,6.8979387,7.332429
778.6649,1170.6571,6.936189,7.2903733
779.52075,1170.14,6.974456,7.248327
780.3723,1169.616,7.0129604,7.206413
781.2195,1169.0848,7.0514646,7.1644993
782.0622,1168.5468,7.089969,7.122586
782.9004,1168.0015,7.1284733,7.0806723
783.73395,1167.4493,7.1632867,7.043241
784.5628,1166.89,7.154061,7.0592856
785.38684,1166.3237,7.144835,7.0753307
786.206,1165.7504,7.135609,7.0913754
787.02026,1165.17,7.1263833,7.10742
787.82947,1164.5826,7.1163726,7.124469
788.6336,1163.9884,7.0985475,7.151507
789.4325,1163.3871,7.0807223,7.1785445
790.2261,1162.7788,7.062897,7.2055826
791.0143,1162.1636,7.045072,7.232621
791.797,1161.5414,7.027016,7.2563324
792.57416,1160.9122,7.0068474,7.2495427
793.3457,1160.2762,6.9866786,7.242753
794.11163,1159.6335,6.96651,7.235964
794.87195,1158.9841,6.9463415,7.229174
795.62665,1158.3282,6.9281983,7.219593
796.3755,1157.6656,6.9303875,7.1819754
797.11774,1156.9957,6.932577,7.1443577
797.85254,1156.3175,6.9347663,7.10674
798.5789,1155.6304,6.936956,7.0691233
799.2959,1154.9335,6.940335,7.029996
800.0024,1154.226,6.9605093,6.9694724
800.6969,1153.5066,6.980683,6.9089513
801.37756,1152.7742,7.0008583,6.848425
802.04266,1152.0276,7.0210357,6.787894
802.69025,1151.2657,7.033892,6.730698
803.31866,1150.4882,6.932198,6.7256737
803.9273,1149.6948,6.8305197,6.72065
804.51575,1148.8865,6.7288427,6.7156267
805.0835,1148.0634,6.627154,6.7106023
805.6302,1147.2262,6.5343714,6.7151628
806.1559,1146.3757,6.538784,6.824075
806.66254,1145.5137,6.5431967,6.932986
807.15265,1144.6422,6.5476084,7.041878
807.6287,1143.763,6.5520196,7.1507564
808.0934,1142.8776,6.557445,7.2479453
808.5488,1141.9874,6.572238,7.2371507
808.9964,1141.0933,6.5870333,7.226354
809.4372,1140.1958,6.60183,7.2155566
809.8723,1139.2955,6.6166267,7.204759
810.3029,1138.3931,6.6314435,7.1939607
810.72986,1137.489,6.6464505,7.1831555
811.1532,1136.5831,6.661457,7.172351
811.57275,1135.6755,6.6764636,7.161546
811.9885,1134.7661,6.69147,7.1507416
812.4003,1133.855,6.7064576,7.1399364
812.80804,1132.942,6.7212715,7.129126
813.2119,1132.0273,6.736086,7.1183157
813.61194,1131.111,6.7509,7.1075053
814.0083,1130.193,6.765714,7.0966954
814.4011,1129.2734,6.780549,7.0858846
814.79047,1128.3524,6.795565,7.0750732
815.1765,1127.43,6.810581,7.064262
815.5592,1126.5063,6.825597,7.05345
815.9387,1125.5813,6.840613,7.042639
816.315,1124.6549,6.85476,7.03224
816.68823,1123.7273,6.8617663,7.0252333
817.0585,1122.7985,6.868773,7.018227
817.4257,1121.8684,6.875779,7.011221
817.79016,1120.9374,6.882786,7.0042143
818.15186,1120.0051,6.888864,6.9976606
818.51086,1119.0719,6.8876634,6.994659
818.86725,1118.1377,6.8864627,6.9916573
819.2212,1117.2025,6.885262,6.988655
819.57263,1116.2665,6.8840613,6.9856534
819.92175,1115.3295,6.8832088,6.982629
820.2686,1114.3917,6.8850093,6.979428
820.6133,1113.4531,6.88681,6.9762273
820.9559,1112.5137,6.88861,6.9730268
821.29645,1111.5736,6.8904104,6.9698257
821.6351,1110.6328,6.8932414,6.9665318
821.9719,1109.6914,6.90384,6.962532
822.30695,1108.7493,6.9144387,6.958533
822.6403,1107.8065,6.925037,6.954533
822.97205,1106.8633,6.9356356,6.950534
823.3023,1105.9196,6.946257,6.946534
823.6311,1104.9752,6.9570527,6.942536
823.9586,1104.0305,6.9678483,6.9385376
824.28485,1103.0853,6.9786444,6.9345393
824.6099,1102.1398,6.98944,6.9305406
824.93396,1101.1938,6.999732,6.9274573
825.25696,1100.2476,7.006129,6.9314556
825.57904,1099.3009,7.012525,6.9354534
825.90027,1098.3541,7.018922,6.939451
826.22076,1097.407,7.0253186,6.943449
826.5405,1096.4596,7.0315585,6.9477153
826.8596,1095.512,7.0365562,6.9541116
827.17804,1094.5641,7.0415535,6.9605083
827.4958,1093.6161,7.0465508,6.966905
827.8128,1092.6677,7.051548,6.9733014
828.12915,1091.7192,7.0559344,6.979611
828.44476,1090.7704,7.055335,6.985208
828.75964,1089.8214,7.054735,6.990805
829.07385,1088.8722,7.0541353,6.9964023
829.38727,1087.9227,7.053536,7.0019994
829.7,1086.9729,7.051722,7.0073833
830.012,1086.023,7.0397277,7.0109816
830.32324,1085.0728,7.027734,7.01458
830.6338,1084.1223,7.0157394,7.018178
830.94354,1083.1716,7.0037456,7.021776
831.25256,1082.2207,6.99173,7.025354
831.56085,1081.2695,6.9795356,7.0287523
831.86835,1080.318,6.9673414,7.0321507
832.1751,1079.3663,6.955147,7.035549
832.4811,1078.4144,6.942952,7.0389476
832.7863,1077.4623,6.930778,7.0423665
833.0907,1076.5099,6.918783,7.045965
833.39435,1075.5571,6.906788,7.049564
833.6972,1074.6042,6.8947926,7.053162
833.99927,1073.6511,6.8827977,7.056761
834.3006,1072.6976,6.8708024,7.0603595
834.6011,1071.744,6.8588066,7.063958
834.9007,1070.79,6.846811,7.067557
835.1996,1069.8358,6.834815,7.0711555
835.4976,1068.8815,6.822819,7.074754
835.79486,1067.9268,6.8114705,7.0784116
836.0913,1066.9718,6.806072,7.0826106
836.38684,1066.0166,6.800674,7.086809
836.68164,1065.0612,6.7952757,7.0910077
836.9755,1064.1053,6.789877,7.0952067
837.2686,1063.1494,6.7865057,7.099618
837.56085,1062.1932,6.802102,7.106016
837.85223,1061.2367,6.8176985,7.112415
838.14276,1060.2799,6.8332944,7.118813
838.43243,1059.3229,6.848891,7.1252117
838.72125,1058.3657,6.864487,7.13161
839.0092,1057.4081,6.880084,7.138009
839.29626,1056.4503,6.8956814,7.1444077
839.58246,1055.4923,6.9112782,7.1508064
839.8678,1054.5339,6.9268756,7.1572056
840.1522,1053.5753,6.942454,7.163585
840.4357,1052.6165,6.957852,7.1697845
840.7184,1051.6573,6.9732504,7.175984
841.0001,1050.698,6.9886484,7.1821833
841.28094,1049.7384,7.0040464,7.188382
841.5609,1048.7784,7.0194635,7.1946
841.8399,1047.8182,7.0350623,7.2009997
842.118,1046.8579,7.050661,7.2073994
842.39514,1045.8971,7.0662603,7.213799
842.6714,1044.9362,7.081859,7.2201986
842.9467,1043.975,7.0968413,7.226056
843.2211,1043.0134,7.105841,7.226656
843.49457,1042.0516,7.114841,7.2272563
843.767,1041.0896,7.1238413,7.227856
844.0386,1040.1273,7.132841,7.228456
844.30914,1039.1647,7.1401215,7.2275424
844.5788,1038.2018,7.130721,7.2119417
844.8475,1037.2388,7.1213207,7.196341
845.1151,1036.2753,7.1119204,7.1807404
845.38184,1035.3116,7.10252,7.1651397
845.6476,1034.3478,7.093101,7.1495204
845.91235,1033.3835,7.0835004,7.133719
846.17615,1032.4191,7.0738993,7.1179175
846.4389,1031.4543,7.0642986,7.1021166
846.7007,1030.4893,7.0546975,7.086315
846.9615,1029.524,7.0451155,7.0705323
847.22125,1028.5585,7.0357146,7.0549307
847.48,1027.5927,7.0263133,7.0393286
847.73773,1026.6265,7.0169125,7.023727
847.99445,1025.6602,7.007511,7.008125
848.2502,1024.6935,6.998091,6.992523
848.5048,1023.72656,6.9884896,6.9769206
848.7585,1022.7594,6.978888,6.9613185
849.01105,1021.79193,6.969287,6.945716
849.26263,1020.82416,6.9596853,6.930114
849.5131,1019.8562,6.9501033,6.9144926
849.7626,1018.8879,6.9407015,6.8986897
850.0109,1017.9194,6.9313,6.8828874
850.2583,1016.95056,6.9218984,6.867085
850.5045,1015.98145,6.912497,6.851282
850.74976,1015.0121,6.903076,6.835499
850.99384,1014.0424,6.8934746,6.819896
851.2369,1013.0725,6.883873,6.804294
851.4788,1012.10236,6.8742714,6.7886915
851.71967,1011.1319,6.8646703,6.773089
851.9594,1010.1612,6.8554955,6.7598343
852.19806,1009.1902,6.8502946,6.768436
852.43567,1008.21893,6.8450937,6.777037
852.6721,1007.2474,6.8398933,6.7856383
852.9074,1006.2756,6.8346925,6.7942395
853.14166,1005.3035,6.8294916,6.8028603
853.3748,1004.3312,6.8242908,6.8116617
853.6068,1003.3586,6.8190904,6.8204627
853.83777,1002.38574,6.8138895,6.8292637
854.06757,1001.4126,6.808689,6.8380647
854.29626,1000.4392,6.8034883,6.846846
854.52386,999.4656,6.798288,6.8554473
854.75037,998.49164,6.793087,6.864048
854.9757,997.5175,6.7878866,6.872649
855.2,996.5431,6.782686,6.88125
855.42316,995.5684,6.777406,6.890167
855.6452,994.5935,6.771406,6.901968
855.8661,993.6183,6.7654057,6.9137692
856.08594,992.6429,6.759405,6.92557
856.3046,991.6672,6.7534046,6.937371
856.5222,990.6913,6.7473845,6.94941
856.73865,989.7151,6.741184,6.9636106
856.95404,988.73865,6.734984,6.9778113
857.1683,987.76196,6.7287836,6.992012
857.3814,986.7851,6.7225833,7.0062127
857.5934,985.8079,6.716363,7.0203934
857.8043,984.8305,6.709963,7.0343933
858.0141,983.85284,6.7035627,7.0483937
858.2227,982.875,6.6971626,7.0623937
858.43024,981.89685,6.690763,7.076394
858.63666,980.9185,6.684363,7.090414
858.842,979.93994,6.677963,7.1046133
859.04614,978.9611,6.671563,7.118813
859.2492,977.98206,6.6651635,7.133013
859.4511,977.00275,6.6587634,7.147212
859.6519,976.02325,6.652364,7.1613917
859.8516,975.04346,6.645964,7.1753907
860.0502,974.0635,6.6395645,7.1893897
860.2476,973.0833,6.6331654,7.2033887
860.444,972.10284,6.6267657,7.2173877
860.6391,971.1222,6.62207,7.228455
860.8332,970.14136,6.6328683,7.212857
861.0261,969.1602,6.643667,7.197259
861.21796,968.1789,6.6544657,7.1816607
861.4086,967.1974,6.6652646,7.1660624
861.59814,966.2156,6.676358,7.149933
861.7866,965.23364,6.690156,7.128937
861.9739,964.2514,6.7039537,7.10794
862.16003,963.26904,6.717751,7.086944
862.3451,962.2864,6.731549,7.0659475
862.529,961.3036,6.7453465,7.044971
862.7118,960.3205,6.7591434,7.024175
862.89343,959.3373,6.77294,7.00338
863.0739,958.3538,6.7867374,6.9825845
863.25323,957.3701,6.8005342,6.961789
863.43146,956.3862,6.814331,6.940994
863.6086,955.40216,6.828128,6.920199
863.7845,954.41785,6.841924,6.899404
863.9593,953.43335,6.855721,6.878609
864.13293,952.44867,6.8695173,6.8578143
864.3055,951.46375,6.883314,6.8370194
864.4768,950.4787,6.89711,6.816225
864.64703,949.49335,6.9109063,6.7954307
864.8161,948.5079,6.9247026,6.7746363
864.984,947.52216,6.938499,6.753842
865.15076,946.5363,6.9510937,6.735075
865.31635,945.55023,6.9520936,6.7358747
865.48083,944.5639,6.9530935,6.736675
865.6441,943.57745,6.954093,6.7374744
865.8062,942.5908,6.955093,6.738274
865.9672,941.60394,6.9560556,6.7391295
866.127,940.61694,6.9566555,6.740529
866.2857,939.6297,6.9572554,6.7419286
866.4432,938.6423,6.957855,6.7433286
866.5995,937.65466,6.958455,6.744728
866.75464,936.66693,6.9590545,6.7461457
866.9086,935.67896,6.9596543,6.7477455
867.06146,934.6908,6.960254,6.749345
867.21313,933.70245,6.960854,6.7509446
867.3636,932.714,6.961454,6.7525444
867.51294,931.7253,6.962054,6.7541437
867.6611,930.73645,6.9626536,6.7557435
867.808,929.7474,6.9632535,6.7573433
867.9538,928.7582,6.9638534,6.7589426
868.0984,927.7688,6.964453,6.7605424
868.2418,926.77924,6.9650354,6.762142
868.38403,925.78955,6.9654355,6.763742
868.52515,924.7996,6.9658356,6.7653418
868.665,923.8096,6.966235,6.766941
868.8037,922.81934,6.966635,6.768541
868.94116,921.829,6.9668417,6.7704043
869.0775,920.8384,6.965042,6.775004
869.2126,919.84766,6.963242,6.779603
869.34656,918.8568,6.9614425,6.7842026
869.4793,917.8657,6.959643,6.788802
869.61084,916.8746,6.957494,6.793855
869.7413,915.8832,6.9516945,6.803654
869.8705,914.8917,6.9458947,6.8134537
869.9986,913.9,6.9400954,6.8232527
870.12555,912.90826,6.9342957,6.8330517
870.2514,911.9163,6.9284964,6.8428335
870.3761,910.9242,6.9226966,6.8524327
870.49976,909.932,6.9168973,6.8620324
870.6223,908.93964,6.9110975,6.8716316
870.7438,907.94714,6.9052978,6.881231
870.86414,906.9545,6.8994985,6.8908997
870.9835,905.9618,6.8936987,6.9012985
871.1018,904.96893,6.8878994,6.911698
871.21906,903.97595,6.8820996,6.922097
871.3353,902.9828,6.8763,6.9324965
871.45056,901.98956,6.870535,6.9430337
871.56476,900.9962,6.865135,6.955033
871.67804,900.0028,6.859736,6.9670315
871.7903,899.0092,6.8543363,6.9790306
871.9016,898.0155,6.8489366,6.9910297
872.01196,897.0217,6.8435373,7.003011
872.12134,896.02783,6.8381376,7.01481
872.2298,895.0339,6.8327384,7.026609
872.3374,894.0398,6.827339,7.0384073
872.44403,893.0456,6.8219395,7.050206
872.5498,892.05133,6.816523,7.0620217
872.65466,891.05695,6.810924,7.0740204
872.7586,890.06244,6.8053246,7.0860186
872.86176,889.0679,6.7997255,7.0980167
872.96405,888.07324,6.7941265,7.110015
873.0654,887.0785,6.7886114,7.121946
873.1661,886.0837,6.7840123,7.133144
873.26587,885.0888,6.779413,7.1443415
873.3648,884.0938,6.774814,7.1555395
873.463,883.09875,6.770215,7.1667376
873.5604,882.10364,6.766568,7.177117
873.65704,881.1084,6.7733665,7.178517
873.75287,880.1131,6.780165,7.1799164
873.848,879.11774,6.786964,7.181316
873.9424,878.1223,6.793762,7.182716
874.036,877.12683,6.800561,7.1841154
874.12897,876.1313,6.807359,7.185515
874.2212,875.1356,6.8141575,7.186915
874.3127,874.13995,6.8209558,7.1883144
874.40356,873.14417,6.827754,7.189714
874.4937,872.1484,6.834536,7.19113
874.58325,871.15247,6.8411345,7.1927295
874.6721,870.15656,6.8477325,7.1943293
874.7603,869.1606,6.854331,7.1959286
874.84796,868.1645,6.860929,7.1975284
874.93494,867.1684,6.867543,7.199112
875.0213,866.17224,6.8743415,7.2005115
875.1071,865.176,6.8811393,7.201911
875.1923,864.1798,6.8879375,7.2033105
875.277,863.1835,6.894736,7.2047105
875.3611,862.18713,6.9015336,7.2061257
875.4446,861.19073,6.908332,7.207725
875.5276,860.1943,6.91513,7.209325
875.6101,859.1978,6.921928,7.210924
875.6921,858.2013,6.928726,7.212524
875.77356,857.2047,6.935046,7.2133217
875.85455,856.2081,6.935646,7.204524
875.935,855.2115,6.936246,7.1957264
876.0151,854.2148,6.936846,7.1869287
876.09467,853.2181,6.9374456,7.178131
876.17377,852.2213,6.937576,7.1685457
876.2525,851.2245,6.9319773,7.14935
876.33075,850.2277,6.9263787,7.130155
876.4086,849.23083,6.9207797,7.1109595
876.48615,848.23395,6.915181,7.091764
876.56323,847.23706,6.9095826,7.0725684
876.6399,846.2401,6.9039836,7.0533724
876.71625,845.2431,6.8983846,7.034176
876.79224,844.2461,6.8927855,7.0149794
876.8679,843.2491,6.8871865,6.995783
876.94324,842.252,6.8815875,6.9765863
877.01825,841.25494,6.8759885,6.957389
877.0929,840.2579,6.870389,6.938191
877.1673,839.26074,6.8647895,6.918993
877.24146,838.2636,6.8591905,6.8997955
877.31525,837.2664,6.853591,6.8805976
877.38885,836.2692,6.847991,6.861398
877.46216,835.27203,6.842391,6.8421984
877.5352,834.27484,6.8367915,6.822999
877.6081,833.2776,6.8311915,6.8037996
877.6807,832.28033,6.8255916,6.7846146
877.7532,831.2831,6.819991,6.7656126
877.82544,830.2858,6.8143907,6.7466106
877.89746,829.2885,6.80879,6.727609
877.96936,828.2912,6.8031898,6.708607
878.0411,827.2939,6.7977505,6.6903543
878.1127,826.2966,6.7943497,6.6815524
878.1841,825.2992,6.790949,6.67275
878.2554,824.3019,6.787548,6.663948
878.3265,823.3045,6.7841473,6.655146
878.39746,822.3071,6.7809553,6.647194
878.4683,821.30975,6.780355,6.6497946
878.539,820.3124,6.779755,6.6523952
878.60956,819.315,6.779155,6.6549964
878.68,818.31757,6.7785544,6.657597
878.7503,817.3201,6.777939,6.660198
878.8205,816.3227,6.7771387,6.662799
878.8905,815.32526,6.7763386,6.6654
878.96045,814.3278,6.775538,6.668001
879.0302,813.3304,6.774738,6.6706023
879.0999,812.33295,6.773937,6.6732035
879.16943,811.33545,6.773137,6.6758046
879.2389,810.33795,6.7723365,6.678406
879.30817,809.3405,6.7715364,6.681007
879.3774,808.343,6.770736,6.683608
879.4465,807.34546,6.769952,6.686209
879.51544,806.34796,6.7693515,6.6888103
879.5843,805.35046,6.768751,6.6914115
879.6531,804.3529,6.768151,6.694013
879.7217,803.3554,6.7675505,6.6966143
879.7902,802.35785,6.766934,6.6992154
879.8587,801.3603,6.7661333,6.7018166
879.92706,800.36273,6.765333,6.7044177
879.9953,799.3652,6.7645326,6.707019
880.0635,798.3676,6.7637324,6.7096205
880.13153,797.37006,6.762932,6.7122216
880.1995,796.3725,6.7621317,6.714823
880.2674,795.3749,6.761331,6.717424
880.3352,794.3773,6.760531,6.720025
880.40295,793.3797,6.7597303,6.7226257
880.4706,792.3821,6.7589474,6.725227
880.53815,791.3845,6.7583475,6.727828
880.60565,790.3869,6.757747,6.730429
880.67303,789.3893,6.757147,6.73303
880.7404,788.39166,6.7565465,6.735631
880.8077,787.39404,6.7559285,6.7382317
880.8749,786.39636,6.7551284,6.7408323
880.94196,785.39874,6.7543283,6.743433
881.00903,784.4011,6.753528,6.7460337
881.07605,783.40344,6.752728,6.7486343
881.143,782.4058,6.751928,6.751235
881.20984,781.40814,6.7511277,6.7538357
881.2767,780.4105,6.7503276,6.756436
881.34344,779.41284,6.7495275,6.759036
881.41016,778.41516,6.7487273,6.7616367
881.47687,777.4175,6.7479453,6.764237
881.54346,776.41986,6.7473454,6.766837
881.61005,775.4222,6.746745,6.769437
881.6766,774.4245,6.7461452,6.772037
881.74304,773.4268,6.7455454,6.7746367
881.8095,772.42914,6.744927,6.777237
881.8759,771.43146,6.7441273,6.779836
881.94226,770.4338,6.7433276,6.782436
882.0086,769.43604,6.7425275,6.785035
882.0749,768.43835,6.741728,6.787635
882.1412,767.4407,6.7409277,6.790234
882.2074,766.443,6.740128,6.7928333
882.2736,765.4453,6.7393284,6.795432
882.33984,764.4476,6.7385287,6.798031
882.406,763.4499,6.737729,6.80063
882.47217,762.4522,6.736947,6.803229
882.5383,761.45447,6.7363477,6.805827
882.60443,760.4568,6.735748,6.8084254
882.67053,759.45905,6.7351484,6.8110237
882.73663,758.46136,6.7345486,6.813622
882.80273,757.4637,6.733932,6.8162203
882.8688,756.46594,6.733133,6.818818
882.9349,755.46826,6.7323337,6.821416
883.001,754.4705,6.7315345,6.824013
883.067,753.47284,6.7307353,6.826611
883.1331,752.4751,6.7299356,6.8292084
883.19916,751.4774,6.729137,6.831805
883.26526,750.47974,6.728338,6.834402
883.33136,749.482,6.7275386,6.836999
883.39746,748.4843,6.72674,6.839596
883.46356,747.4866,6.7259555,6.8421926
883.52966,746.4889,6.7253566,6.844789
883.59576,745.4912,6.724757,6.847385
883.6619,744.49347,6.7241583,6.849981
883.7281,743.4958,6.7235594,6.8525767
883.7943,742.4981,6.7229466,6.8551726
883.86053,741.50037,6.7221484,6.857768
883.9268,740.5027,6.7213497,6.860363
883.9931,739.505,6.7205515,6.862958
884.0594,738.5073,6.719753,6.8655534
884.1257,737.50964,6.718977,6.8681483
884.19196,736.5119,6.718578,6.8707423
884.25824,735.5142,6.7181787,6.873337
884.32477,734.51654,6.71778,6.875931
884.39154,733.5189,6.717381,6.878525
884.45874,732.52124,6.717119,6.8810825
884.52637,731.5237,6.719713,6.8828783
884.59467,730.5261,6.722307,6.884674
884.66376,729.5286,6.724901,6.8864703
884.73376,728.5312,6.727495,6.888266
884.80493,727.5338,6.7300963,6.8900685
884.8773,726.53656,6.732891,6.892065
884.9512,725.53937,6.735686,6.8940616
885.02655,724.5423,6.7384806,6.8960576
885.10364,723.5454,6.7412753,6.898054
885.1826,722.54865,6.7440653,6.90005
885.26355,721.552,6.7466626,6.902048
885.3466,720.5556,6.7492604,6.9040465
885.432,719.5593,6.7518578,6.9060445
885.51984,718.56335,6.754455,6.9080424
885.6103,717.5675,6.756992,6.9098134
885.7035,716.57196,6.756592,6.900612
885.79956,715.5767,6.7561917,6.89141
885.8987,714.5818,6.7557917,6.882208
886.001,713.5871,6.7553916,6.873006
886.1066,712.59283,6.75497,6.86374
886.2158,711.5989,6.753568,6.851521
886.3286,710.6054,6.752166,6.839302
886.4452,709.6123,6.7507634,6.827083
886.56573,708.61975,6.7493615,6.814864
886.6904,707.6276,6.7484016,6.802185
886.81934,706.6361,6.7622414,6.774105
886.95264,705.64514,6.7760806,6.7460246
887.09045,704.6548,6.7899203,6.7179446
887.23303,703.6651,6.8037596,6.6898646
887.38043,702.67615,6.818304,6.6610527
887.5329,701.6879,6.848421,6.616078
887.6905,700.70056,6.8785377,6.5711036
887.85333,699.714,6.9086547,6.526129
888.02167,698.7284,6.9387717,6.4811544
888.1955,697.7437,6.9684987,6.4368463
888.3751,696.7601,6.9924026,6.4024973
888.5606,695.7775,7.0163064,6.368148
888.75214,694.7962,7.0402102,6.333799
888.9499,693.81604,7.064114,6.29945
889.15405,692.8372,7.0845256,6.2712374
889.3647,691.85974,7.0670567,6.309588
889.58185,690.8837,7.049588,6.347938
889.80566,689.90924,7.0321198,6.3862886
890.0361,688.9362,7.0146513,6.424639
890.27325,687.9649,6.997143,6.4629436
890.5171,686.9952,6.9792933,6.5008492
890.7675,686.02716,6.9614434,6.538755
891.0245,685.06085,6.9435935,6.5766606
891.28784,684.09625,6.925744,6.6145663
891.55756,683.1334,6.906479,6.651308
891.83344,682.17236,6.876635,6.6793494
892.1155,681.2131,6.8467913,6.707391
892.4036,680.2556,6.8169475,6.7354317
892.6978,679.2999,6.7871037,6.763473
892.99786,678.3461,6.75729,6.791485
893.30383,677.3942,6.7276855,6.8192887
893.61554,676.44415,6.698081,6.8470926
893.93304,675.49603,6.6684766,6.874897
894.25616,674.54974,6.6388726,6.902701
894.58484,673.60547,6.6149898,6.9258666
894.919,672.663,6.630773,6.916876
895.2586,671.7226,6.646557,6.907885
895.6035,670.78406,6.6623406,6.898895
895.9538,669.84753,6.6781244,6.889904
896.30927,668.91296,6.697767,6.8777776
896.66986,667.98035,6.745474,6.8428454
897.0355,667.04974,6.793181,6.8079133
897.40625,666.1211,6.840888,6.7729816
897.7819,665.19446,6.888595,6.7380495
898.1624,664.26984,6.930889,6.708264
898.5478,663.34717,6.9298916,6.719636
898.9379,662.4265,6.928894,6.731008
899.3327,661.5079,6.9278965,6.74238
899.7321,660.59125,6.926899,6.753752
900.1361,659.6766,6.9247575,6.7662883
900.5446,658.7639,6.912188,6.7894316
900.9575,657.8533,6.899619,6.8125744
901.3749,656.94464,6.8870497,6.8357177
901.7965,656.038,6.8744807,6.858861
902.2225,655.13336,6.8665094,6.8776836
902.6526,654.2307,6.907035,6.8509326
903.08685,653.3301,6.947561,6.8241816
903.52527,652.4314,6.988086,6.797431
903.9677,651.5347,7.0286117,6.77068
904.41406,650.64,7.063292,6.747238
904.8644,649.74725,7.02831,6.76323
905.31854,648.85645,6.9933276,6.7792215
905.7766,647.96765,6.9583454,6.7952137
906.23846,647.0808,6.923363,6.8112054
906.7041,646.196,6.886848,6.8282633
907.1736,645.3132,6.8313828,6.8584986
907.64685,644.4324,6.775918,6.8887343
908.124,643.55365,6.7204533,6.9189696
908.60516,642.6771,6.664988,6.949205
909.0903,641.8028,6.6170907,6.976191
909.57947,640.9308,6.6553802,6.9661674
910.07275,640.06104,6.6936703,6.956144
910.5702,639.19366,6.7319603,6.9461203
911.0719,638.32874,6.77025,6.9360967
911.5778,637.4663,6.807188,6.9248676
912.088,636.6064,6.830855,6.9018025
912.6026,635.749,6.8545218,6.8787374
913.12146,634.89435,6.8781886,6.8556724
913.6448,634.0423,6.9018555,6.8326073
914.17236,633.19293,6.924645,6.810953
914.70447,632.3464,6.940083,6.801129
915.241,631.5026,6.955521,6.7913046
915.7823,630.6619,6.970959,6.7814803
916.32825,629.8243,6.9863973,6.771656
916.87915,628.9898,7.0008335,6.7645717
917.43494,628.1586,7.007842,6.7777877
917.9953,627.3305,7.01485,6.7910037
918.5599,626.50525,7.0218587,6.8042192
919.1283,625.6826,7.0288672,6.8174353
919.7002,624.8624,7.035225,6.832874
920.2751,624.0444,7.037025,6.863874
920.8521,623.2278,7.038825,6.894874
921.4304,622.41205,7.040625,6.925874
922.0089,621.5965,7.042425,6.9568744
922.58685,620.7806,7.042525,6.9894514
923.16327,619.9635,7.0307198,7.0330696
923.7373,619.14484,7.0189147,7.0766883
924.30817,618.3239,7.0071096,7.120307
924.8751,617.5003,6.9953046,7.163925
925.43726,616.6734,6.9826574,7.2037315
925.9937,615.84265,6.9642224,7.217357
926.54364,615.00757,6.945788,7.230983
927.0861,614.1676,6.9273534,7.2446084
927.6202,613.3223,6.908919,7.258234
928.1449,612.4712,6.889829,7.2663918
928.6593,611.6138,6.866588,7.239945
929.16254,610.74976,6.8433475,7.2134986
929.6536,609.8788,6.820106,7.187052
930.1317,609.00055,6.796864,7.1606035
930.5957,608.11487,6.785039,7.129932
931.045,607.2216,6.840344,7.0744276
931.4793,606.321,6.895646,7.0189257
931.89856,605.41327,6.950947,6.9634256
932.3027,604.49866,7.006246,6.907926
932.6916,603.5775,7.0547338,6.861495
933.06525,602.6501,7.060113,6.8724523
933.4234,601.71655,7.0654917,6.883409
933.7659,600.77716,7.070871,6.8943667
934.09265,599.83215,7.07625,6.905324
934.4034,598.88184,7.077714,6.916631
934.698,597.92633,7.0496116,6.930583
934.9763,596.96594,7.021509,6.9445343
935.23816,596.001,6.9934072,6.958486
935.4833,595.0316,6.965305,6.9724374
935.7116,594.0581,6.937733,6.9856563
935.9228,593.0808,6.914958,6.992249
936.11676,592.0999,6.892183,6.998842
936.29315,591.1157,6.869407,7.0054345
936.45166,590.1285,6.846632,7.0120277
936.59216,589.13855,6.8267546,7.018717
936.7143,588.1461,6.834774,7.0263352
936.81805,587.1517,6.8427935,7.033954
936.90326,586.1554,6.850813,7.0415726
936.96985,585.1578,6.858833,7.049191
937.01764,584.159,6.865103,7.0551243
937.04675,583.15955,6.8566647,7.046887
937.05756,582.1597,6.848226,7.038649
937.0506,581.15985,6.839788,7.030412
937.02637,580.1603,6.83135,7.022175
936.9853,579.16125,6.8233533,7.015854
936.928,578.163,6.8183374,7.022475
936.8548,577.16583,6.8133216,7.0290956
936.76624,576.16986,6.8083053,7.035717
936.6628,575.17535,6.8032894,7.042338
936.5448,574.18243,6.802189,7.0375056
936.4128,573.1913,6.824201,6.965065
936.2672,572.2021,6.846214,6.892624
936.1085,571.21484,6.868226,6.8201833
935.9372,570.2298,6.8902383,6.7477427
935.7536,569.2469,6.9045153,6.693081
935.5583,568.26624,6.8741484,6.741029
935.3516,567.28796,6.8437815,6.7889767
935.13403,566.312,6.813414,6.836925
934.9058,565.33856,6.7830467,6.8848734
934.6675,564.3675,6.7602987,6.928332
934.4194,563.39886,6.783485,6.944722
934.1621,562.4326,6.8066716,6.9611125
933.8962,561.46875,6.829858,6.977503
933.6222,560.50714,6.8530436,6.993893
933.34064,559.5477,6.877706,7.0068026
933.0521,558.59033,6.911488,6.998207
932.75714,557.63495,6.9452705,6.9896116
932.4564,556.68134,6.979053,6.981016
932.1504,555.72943,7.0128355,6.9724207
931.83966,554.77905,7.0453324,6.9634705
931.5248,553.83,7.0697093,6.952281
931.20636,552.8822,7.0940866,6.9410915
930.8849,551.9354,7.118464,6.929902
930.5609,550.98944,7.142841,6.918712
930.235,550.0442,7.163657,6.9092636
929.9077,549.09937,7.1610594,6.911262
929.5795,548.15485,7.1584616,6.9132605
929.25116,547.21045,7.155864,6.915259
928.923,546.2659,7.153266,6.917257
928.59564,545.3211,7.1506424,6.9192553
928.2697,544.37585,7.1478424,6.9212556
927.9457,543.42993,7.1450424,6.9232554
927.624,542.48315,7.1422424,6.9252553
927.3053,541.53546,7.139442,6.9272556
926.99,540.58655,7.1366673,6.92923
926.67847,539.6364,7.134064,6.9310327
926.3704,538.6852,7.131461,6.9328346
926.0655,537.7329,7.128858,6.934637
925.76337,536.7797,7.1262546,6.936439
925.4637,535.8258,7.1236515,6.938268
925.1661,534.8713,7.1210475,6.9402714
924.87024,533.91614,7.118443,6.9422746
924.57574,532.9606,7.115839,6.944278
924.2824,532.0047,7.113235,6.946281
923.98975,531.0486,7.1106024,6.9482555
923.6976,530.09235,7.107799,6.950058
923.40546,529.13605,7.1049957,6.95186
923.11316,528.1799,7.1021924,6.9536624
922.8203,527.2238,7.0993886,6.9554644
922.5266,526.268,7.0966153,6.957296
922.23175,525.3126,7.094015,6.959296
921.9353,524.35767,7.0914145,6.9612966
921.63684,523.4033,7.0888143,6.963297
921.33606,522.44977,7.0862136,6.965297
921.03253,521.4971,7.083614,6.9672675
920.72595,520.54535,7.081018,6.969064
920.4164,519.59454,7.0784225,6.9708614
920.10394,518.6447,7.0758266,6.9726586
919.78876,517.6958,7.0732307,6.9744554
919.4709,516.7478,7.069123,6.977793
919.15045,515.80066,7.0557647,6.990553
918.8278,514.85425,7.042407,7.0033126
918.5033,513.90845,7.029049,7.0160728
918.17725,512.96326,7.0156913,7.0288324
917.8499,512.01843,7.0011644,7.0427856
917.5216,511.07397,6.9784417,7.0651097
917.1927,510.12973,6.955719,7.087434
916.8634,509.1856,6.9329963,7.109758
916.534,508.24155,6.9102736,7.132082
916.2047,507.29742,6.8883224,7.153764
915.8759,506.35315,6.8727574,7.1701264
915.5478,505.40863,6.857193,7.1864896
915.2206,504.46378,6.841628,7.2028522
914.8947,503.51846,6.8260636,7.2192154
914.5704,502.57266,6.818174,7.229543
914.24786,501.6262,6.882187,7.183334
913.9274,500.67902,6.9462,7.137124
913.6095,499.73105,7.0102134,7.0909147
913.2943,498.78214,7.0742264,7.0447054
912.9822,497.83218,7.132372,7.0023937
912.67334,496.8812,7.136185,6.9961715
912.3679,495.92908,7.1399984,6.9899497
912.06604,494.97586,7.1438117,6.983728
911.7677,494.0215,7.1476254,6.977506
911.473,493.06604,7.151301,6.9713755
911.18207,492.1094,7.1539154,6.965945
910.89484,491.15164,7.1565304,6.960514
910.61145,490.19278,7.159145,6.9550834
910.33185,489.23276,7.16176,6.949653
910.05615,488.27164,7.1634526,6.944827
909.78436,487.3094,7.159631,6.94362
909.5165,486.34604,7.1558084,6.9424133
909.2527,485.3816,7.151986,6.941206
908.99286,484.41605,7.148164,6.939999
908.7371,483.4494,7.145242,6.939657
908.48553,482.48166,7.1466475,6.9434724
908.2381,481.51288,7.148053,6.9472876
907.9949,480.54303,7.149459,6.9511027
907.7558,479.57214,7.1508646,6.954918
907.52094,478.60022,7.155997,6.962035
907.29034,477.6273,7.1768003,6.9830384
907.064,476.65332,7.1976037,7.004042
906.84216,475.67838,7.218407,7.0250454
906.62476,474.7024,7.2392106,7.046049
906.41187,473.72543,7.2594986,7.0667295
906.2037,472.74747,7.2776313,7.0860577
906.00024,471.7685,7.295764,7.105386
905.8017,470.78848,7.3138967,7.124714
905.6083,469.8075,7.3320293,7.144042
905.42004,468.82547,7.3441563,7.159861
905.23724,467.84244,7.327849,7.1590657
905.05994,466.8584,7.3115416,7.1582704
904.88824,465.87335,7.295234,7.157475
904.72235,464.8873,7.278927,7.156679
904.56244,463.9003,7.262591,7.155913
904.4086,462.9123,7.246088,7.1553164
904.26105,461.92337,7.2295856,7.15472
904.1199,460.9335,7.2130833,7.1541233
903.9852,459.94272,7.1965804,7.153527
903.8573,458.95105,7.180609,7.1519103
903.73627,457.9585,7.168666,7.1425548
903.62225,456.96512,7.1567225,7.133199
903.51544,455.97095,7.144779,7.1238437
903.41595,454.97604,7.132836,7.114488
903.32404,453.98038,7.1211863,7.1045384
903.2398,452.98404,7.1124086,7.0887794
903.1634,451.98706,7.1036315,7.0730205
903.0951,450.98953,7.0948544,7.0572615
903.035,449.99142,7.086077,7.0415025
902.9832,448.9929,7.0780478,7.026346
902.94006,447.99393,7.078648,7.0181456
902.9056,446.99463,7.079248,7.009945
902.88007,445.99506,7.079848,7.0017447
902.86365,444.99533,7.080448,6.993544
902.8565,443.99545,7.0825253,6.9865136
902.8588,442.99557,7.101577,6.9929314
902.8708,441.99576,7.120629,6.9993486
902.8925,440.9961,7.1396804,7.005766
902.92426,439.9967,7.1587324,7.0121837
902.9661,438.9977,7.177788,7.0186024
903.0184,437.99918,7.196879,7.025033
903.0812,437.00125,7.21597,7.0314636
903.1546,436.0041,7.235061,7.0378942
903.239,435.00775,7.2541523,7.044325
903.3345,434.01245,7.2738595,7.0486054
903.44116,433.01825,7.298195,7.03674
903.55927,432.02536,7.3225303,7.0248737
903.6888,431.0339,7.3468657,7.0130076
903.8299,430.04404,7.371201,7.0011415
903.98267,429.05588,7.395856,6.988254
904.14716,428.0696,7.422387,6.969361
904.32324,427.08536,7.4489183,6.950467
904.5108,426.1032,7.4754496,6.931574
904.7097,425.12332,7.5019803,6.9126806
904.9199,424.14578,7.5261164,6.8954296
905.1413,423.1707,7.538563,6.8861957
905.37366,422.19818,7.5510087,6.876961
905.61707,421.22836,7.563455,6.867727
905.8713,420.26135,7.5759015,6.8584924
906.13635,419.29724,7.5814247,6.8541384
906.4121,418.33612,7.5571704,6.8707757
906.6984,417.3781,7.5329165,6.8874125
906.9953,416.4233,7.508662,6.90405
907.3026,415.4718,7.4844084,6.9206867
907.62024,414.5237,7.4601617,6.9372787
907.9481,413.5791,7.4359446,6.9536905
908.28613,412.6381,7.411728,6.970102
908.63416,411.70074,7.387511,6.9865136
908.99225,410.76715,7.3632936,7.002925
909.36017,409.83743,7.3421717,7.0203476
909.7379,408.91162,7.3331776,7.0417333
910.12537,407.98987,7.3241835,7.0631194
910.52246,407.0722,7.3151894,7.084505
910.9291,406.15872,7.3061957,7.1058908
911.3452,405.24954,7.297842,7.1274714
911.7707,404.3447,7.2920523,7.149833
912.2055,403.4443,7.286262,7.172195
912.64954,402.54843,7.280472,7.1945567
913.1027,401.65714,7.2746816,7.2169185
913.565,400.7705,7.268816,7.238972
914.03625,399.88867,7.26263,7.2597246
914.5165,399.01163,7.2564445,7.280477
915.00555,398.13953,7.2502584,7.301229
915.5034,397.27237,7.244073,7.3219814
916.00995,396.4103,7.236738,7.335446
916.52515,395.55338,7.2241673,7.3156915
917.04895,394.70166,7.2115965,7.2959375
917.58124,393.85522,7.1990256,7.276183
918.122,393.0142,7.186455,7.256429
918.6712,392.17862,7.173883,7.236673
919.2287,391.34857,7.1613045,7.216907
919.7945,390.52414,7.148726,7.1971407
920.3684,389.70538,7.1361475,7.177375
920.95044,388.89236,7.123569,7.1576085
921.5405,388.08514,7.1145325,7.1374884
922.13837,387.2837,7.124123,7.1155095
922.74365,386.48782,7.1337137,7.0935307
923.3559,385.69727,7.1433043,7.0715523
923.97455,384.91174,7.152895,7.049574
924.59924,384.131,7.1662903,7.0272565
925.22943,383.35474,7.200445,7.0030885
925.8648,382.58264,7.2346005,6.97892
926.5049,381.81448,7.2687554,6.954752
927.14923,381.0499,7.302911,6.9305835
927.7975,380.2886,7.33659,6.906713
928.4492,379.5303,7.367533,6.8845534
929.10406,378.7747,7.3984766,6.862394
929.7616,378.0214,7.4294205,6.8402348
930.4214,377.2701,7.460364,6.818075
931.0831,376.5205,7.47919,6.803364
931.74634,375.77225,7.42308,6.834713
932.41077,375.025,7.3669705,6.8660626
933.07587,374.2784,7.3108606,6.8974123
933.7414,373.53217,7.2547507,6.928762
934.4069,372.78592,7.198605,6.9600906
935.072,372.03934,7.14222,6.9912825
935.7364,371.29208,7.0858345,7.022475
936.3996,370.5438,7.029449,7.0536666
937.0613,369.79413,6.9730635,7.0848584
937.721,369.0428,6.921892,7.1113234
938.3784,368.2894,6.9056573,7.106112
939.03314,367.53366,6.8894224,7.100901
939.6847,366.7752,6.873188,7.09569
940.3327,366.01373,6.856953,7.090479
940.9768,365.2489,6.84574,7.080633
941.6165,364.48044,6.865237,7.0424423
942.2514,363.70798,6.8847346,7.0042515
942.88104,362.93124,6.904232,6.9660606
943.505,362.14993,6.92373,6.92787
944.1228,361.36374,6.940467,6.8935995
944.734,360.57242,6.9432874,6.879094
945.33813,359.77567,6.9461074,6.864589
945.93475,358.97324,6.948928,6.8500843
946.52325,358.16492,6.9517484,6.83558
947.10333,357.35046,6.9614344,6.809822
947.6743,356.52966,6.9983006,6.739514
948.23584,355.7023,7.0351667,6.669206
948.78723,354.86823,7.072034,6.5988975
949.32806,354.02722,7.108901,6.528588
949.8577,353.17914,7.1082077,6.5024076
950.37585,352.32397,6.98715,6.617643
950.88226,351.46182,6.866095,6.7328763
951.3769,350.59286,6.7450414,6.848108
951.85974,349.7173,6.6239886,6.9633393
952.3306,348.8352,6.5335894,7.0515656
952.7896,347.94687,6.5319896,7.0615644
953.2365,347.05243,6.53039,7.0715632
953.6714,346.15207,6.52879,7.081562
954.0941,345.24594,6.52719,7.091561
954.5048,344.3343,6.5254383,7.0973153
954.9033,343.41727,6.5232444,7.090734
955.2897,342.49503,6.521051,7.084152
955.66376,341.56775,6.518857,7.077571
956.02545,340.6356,6.516663,7.0709896
956.3749,339.69873,6.520683,7.061184
956.7118,338.75732,6.544182,7.04127
957.03625,337.81155,6.567681,7.021355
957.34814,336.86154,6.59118,7.001441
957.64746,335.9075,6.614679,6.9815264
957.934,334.9496,6.643002,6.958937
958.2079,333.9879,6.688395,6.9268837
958.4689,333.0227,6.733788,6.8948298
958.717,332.05408,6.779181,6.862776
958.9521,331.08224,6.824574,6.830722
959.17413,330.10733,6.8649364,6.798112
959.38306,329.1295,6.884862,6.763242
959.57874,328.14896,6.9047875,6.7283716
959.76105,327.16583,6.924713,6.693502
959.93,326.1803,6.944639,6.658632
960.0854,325.19257,6.957572,6.637713
960.2272,324.2028,6.9384108,6.6808257
960.3553,323.21115,6.9192495,6.7239385
960.4696,322.21783,6.9000883,6.767051
960.57,321.223,6.880927,6.810164
960.6564,320.22684,6.868579,6.8493767
960.72864,319.22958,6.8897843,6.8693814
960.7867,318.23138,6.9109898,6.8893867
960.8304,317.23245,6.932195,6.909392
960.8597,316.233,6.9534006,6.9293966
960.87445,315.23322,6.968306,6.932497
960.87463,314.23334,6.952464,6.8530846
960.86,313.23355,6.9366217,6.7736726
960.83044,312.2341,6.920779,6.6942596
960.7859,311.23523,6.904937,6.6148467
960.72614,310.23712,6.8897886,6.5574455
960.6512,309.24005,6.8777313,6.5980372
960.561,308.24426,6.8656745,6.6386285
960.4556,307.24994,6.853618,6.6792197
960.3352,306.25732,6.8415613,6.7198105
960.1997,305.26666,6.8303766,6.7547474
960.0493,304.27817,6.822534,6.768019
959.8841,303.29202,6.8146915,6.7812915
959.7042,302.30844,6.806849,6.7945633
959.5099,301.32764,6.7990065,6.8078356
959.3012,300.34976,6.7887177,6.824306
959.07837,299.37503,6.770429,6.8512363
958.8415,298.4036,6.75214,6.878167
958.59076,297.43567,6.7338514,6.905098
958.32623,296.4714,6.7155623,6.932029
958.04816,295.511,6.6911077,6.9694796
957.7566,294.55453,6.6489606,7.037116
957.4517,293.60226,6.606813,7.1047525
957.13367,292.6543,6.5646653,7.172389
956.8026,291.71082,6.522518,7.240026
956.45874,290.77194,6.4998503,7.2867885
956.1021,289.8378,6.528302,7.2787743
955.7329,288.90857,6.556754,7.2707596
955.35126,287.9844,6.5852056,7.262745
954.95734,287.06537,6.6136575,7.25473
954.5513,286.15167,6.6436925,7.243242
954.1331,285.2434,6.677699,7.2230377
953.7031,284.3407,6.7117057,7.2028337
953.2614,283.44366,6.7457128,7.1826296
952.80804,282.55246,6.7797194,7.1624255
952.34326,281.6672,6.8061714,7.1418858
951.86707,280.78796,6.813763,7.120508
951.37964,279.91495,6.8213553,7.0991306
950.8811,279.0482,6.8289475,7.077753
950.3716,278.18787,6.8365397,7.0563755
949.8512,277.33408,6.8482785,7.031526
949.32,276.48694,6.870641,6.997782
948.77826,275.64655,6.893004,6.964039
948.22595,274.81305,6.915366,6.9302955
947.66327,273.9865,6.937729,6.896552
947.09033,273.16705,6.958732,6.866887
946.5072,272.35483,6.9761057,6.8481154
945.914,271.54993,6.9934793,6.8293443
945.3107,270.7525,7.0108533,6.8105726
944.6976,269.96268,7.028227,6.791801
944.0745,269.18063,7.027608,6.7956266
943.4418,268.40643,6.9770346,6.8621917
942.7995,267.6401,6.9264607,6.928757
942.14795,266.88168,6.8758874,6.9953218
941.48724,266.13116,6.825314,7.0618873
940.8177,265.38855,6.7952886,7.0984674
940.1395,264.65378,6.823088,7.0506687
939.4531,263.92673,6.8508873,7.0028696
938.7588,263.20724,6.8786864,6.9550714
938.0569,262.49512,6.9064856,6.907273
937.3478,261.7902,6.9363756,6.859377
936.6318,261.09225,6.972153,6.811207
935.9092,260.40115,7.007931,6.7630367
935.18024,259.7167,7.0437093,6.7148666
934.4453,259.03873,7.0794873,6.666696
933.70465,258.367,7.114226,6.6246886
932.9585,257.7014,7.1459894,6.600316
932.20715,257.04166,7.1777534,6.575944
931.45087,256.38757,7.2095175,6.5515714
930.6899,255.739,7.2412815,6.5271993
929.92444,255.09564,7.2465706,6.543226
929.1548,254.45734,7.1738105,6.6783524
928.3812,253.82382,7.10105,6.813479
927.60394,253.19485,7.0282893,6.9486055
926.8232,252.57019,6.9555287,7.083732
926.0392,251.94958,6.8948755,7.1949396
925.2522,251.33282,6.870433,7.234609
924.4622,250.7198,6.84599,7.274278
923.6695,250.1104,6.8215475,7.3139477
922.8741,249.50453,6.797105,7.3536167
922.07605,248.90205,6.7965975,7.373056
921.2756,248.3029,6.8644624,7.3347063
920.47266,247.70702,6.9323277,7.296356
919.66736,247.11433,7.0001926,7.2580066
918.85974,246.52481,7.068058,7.2196565
918.04987,245.93839,7.1037207,7.2073526
917.2378,245.355,7.0560966,7.2624116
916.4236,244.77458,7.008472,7.317471
915.60736,244.19707,6.960848,7.3725305
914.7891,243.62236,6.9132237,7.4275894
913.969,243.0504,6.8801823,7.4654536
913.147,242.48111,6.880785,7.4636455
912.3232,241.9144,6.881387,7.461838
911.4977,241.3502,6.88199,7.46003
910.67053,240.78844,6.8825927,7.4582224
909.8418,240.229,6.899034,7.438499
909.0115,239.67184,6.948568,7.381345
908.17975,239.1169,6.998101,7.3241906
907.34656,238.56409,7.047635,7.2670364
906.512,238.01337,7.0971684,7.2098823
905.6761,237.46466,7.1467357,7.152835
904.8389,236.91795,7.1963687,7.0959973
904.0004,236.37321,7.2460017,7.0391593
903.16064,235.83047,7.2956347,6.9823217
902.31964,235.28972,7.345268,6.9254837
901.4773,234.75095,7.382423,6.8829646
900.6337,234.21416,7.3954124,6.868177
899.7889,233.67935,7.4084015,6.853389
898.94275,233.14651,7.421391,6.838601
898.0954,232.61566,7.4343805,6.823813
897.2468,232.08678,7.4305735,6.8283744
896.3971,231.55986,7.393635,6.871104
895.5461,231.03488,7.3566957,6.913833
894.6939,230.51186,7.3197565,6.9565625
893.8405,229.99075,7.282818,6.999292
892.986,229.47156,7.2458806,7.0420847
892.1303,228.95428,7.208948,7.085006
891.27344,228.43895,7.1720157,7.127928
890.4154,227.9256,7.1350827,7.17085
889.55615,227.41425,7.09815,7.213772
888.6957,226.90492,7.062677,7.2540874
887.83405,226.39758,7.03032,7.2888417
886.9714,225.89209,6.997963,7.3235955
886.10767,225.38829,6.965606,7.3583493
885.2431,224.88602,6.933249,7.393103
884.3777,224.38512,6.9091887,7.4127526
883.51166,223.88538,6.9033904,7.3991566
882.64514,223.38644,6.897592,7.3855605
881.7783,222.88799,6.8917937,7.3719645
880.9115,222.38963,6.8859954,7.3583684
880.0448,221.89104,6.880194,7.3447657
879.1784,221.39186,6.8743873,7.331149
878.31256,220.8918,6.86858,7.317532
877.4474,220.39052,6.8627725,7.303915
876.58307,219.88771,6.8569655,7.290298
875.7199,219.38307,6.8697996,7.2647734
874.858,218.87628,6.922768,7.21361
873.9975,218.36702,6.9757366,7.1624475
873.1386,217.85498,7.028705,7.1112847
872.2816,217.33986,7.0816736,7.060122
871.4267,216.82133,7.1460605,7.0022297
870.57404,216.2991,7.2333126,6.9308596
869.7239,215.7728,7.3205647,6.8594894
868.87646,215.24208,7.407818,6.788119
868.03204,214.70657,7.495072,6.7167473
867.1909,214.16595,7.518907,6.691239
866.3533,213.61989,7.4295187,6.7476096
865.5194,213.06812,7.3401313,6.8039804
864.6895,212.51036,7.2507463,6.860349
863.8639,211.94637,7.161365,6.9167156
863.0427,211.37585,7.1171637,6.9467454
862.2265,210.79834,7.143109,6.935885
861.41583,210.21301,7.1690545,6.9250236
860.61145,209.61906,7.195002,6.9141617
859.81415,209.0157,7.2209525,6.903299
859.0246,208.40219,7.2181563,6.918884
858.24255,207.77917,7.175691,6.9709635
857.46625,207.14902,7.1332297,7.023039
856.6938,206.51405,7.0907717,7.0751104
855.9234,205.87666,7.0483146,7.12718
855.15314,205.23909,6.9962277,7.1799164
854.382,204.60263,6.931234,7.2335463
853.6099,203.96725,6.866237,7.2871785
852.83704,203.33292,6.801241,7.3408103
852.0633,202.69954,6.736248,7.3944397
851.2889,202.06702,6.718366,7.4110537
850.5148,201.43419,6.7678614,7.3747306
849.7429,200.79852,6.8173585,7.3384066
848.9756,200.15747,6.8668604,7.3020782
848.21497,199.50845,6.9163675,7.2657466
847.4633,198.84908,6.983297,7.2193503
846.72186,198.17822,7.07619,7.1579566
845.9904,197.49648,7.169071,7.096571
845.2687,196.80447,7.2619424,7.0351915
844.5563,196.10286,7.3548093,6.973815
843.8529,195.39223,7.4256706,6.9241776
843.1583,194.67296,7.4657,6.8909874
842.4727,193.94518,7.505732,6.857795
841.79614,193.20894,7.545766,6.824601
841.1287,192.46437,7.5858006,6.7914066
840.4707,191.71156,7.592307,6.7871685
839.82196,190.95067,7.557081,6.8189726
839.1826,190.18193,7.5218563,6.8507757
838.5525,189.40558,7.486632,6.882578
837.9316,188.62184,7.451408,6.9143806
837.3198,187.83093,7.409768,6.951736
836.71716,187.03307,7.361106,6.99517
836.1236,186.22841,7.312443,7.0386047
835.5392,185.41711,7.263779,7.08204
834.96375,184.59938,7.2151155,7.1254754
834.3974,183.77536,7.182699,7.1457853
833.8399,182.9453,7.1662445,7.1433773
833.291,182.10956,7.14979,7.1409693
832.75037,181.26845,7.133335,7.1385612
832.2176,180.4223,7.1168804,7.136153
831.69244,179.57141,7.1039963,7.128745
831.17456,178.7161,7.0943933,7.1167417
830.6636,177.85664,7.08479,7.104738
830.15906,176.99336,7.0751877,7.0927343
829.6607,176.12651,7.0655847,7.080731
829.16815,175.25636,7.052347,7.06666
828.68097,174.3832,7.03579,7.050701
828.1988,173.50725,7.0192323,7.034742
827.72125,172.62877,7.002675,7.018783
827.248,171.74797,6.9861174,7.002824
826.7786,170.86508,6.9556646,6.9788575
826.31274,169.98035,6.9118485,6.9471908
825.85,169.09398,6.8680325,6.9155235
825.39,168.20619,6.8242164,6.8838563
824.9323,167.31718,6.7804003,6.8521895
824.4766,166.42717,6.744757,6.821589
824.02246,165.53636,6.717663,6.792104
823.5696,164.64493,6.6905684,6.7626185
823.1175,163.75307,6.663474,6.7331333
822.66595,162.86093,6.6363792,6.703648
822.21454,161.96873,6.624342,6.6758227
821.7631,161.07654,6.629332,6.6498737
821.31165,160.18437,6.634322,6.623925
820.8602,159.2922,6.6393123,6.597976
820.40875,158.40005,6.6443024,6.572027
819.9573,157.50789,6.647643,6.554969
819.5058,156.6157,6.6490426,6.548371
819.0543,155.72356,6.650442,6.541773
818.60284,154.83139,6.6518416,6.535175
818.1513,153.93925,6.653241,6.528577
817.6997,153.04713,6.654092,6.5252748
817.2481,152.15504,6.6542916,6.5258756
816.79645,151.26299,6.654492,6.526476
816.34467,150.37097,6.654692,6.5270762
815.8929,149.47897,6.6548924,6.5276766
815.441,148.58704,6.6551847,6.5282774
814.98895,147.69513,6.6555853,6.528878
814.53687,146.80328,6.655986,6.529479
814.08466,145.91148,6.6563864,6.5300794
813.6324,145.01974,6.656787,6.53068
813.17993,144.12807,6.6570935,6.531281
812.72736,143.23645,6.657294,6.531882
812.27466,142.34491,6.657494,6.532482
811.82184,141.45343,6.6576943,6.533083
811.3689,140.56201,6.6578946,6.533684
810.91583,139.67065,6.658095,6.534284
810.46265,138.77936,6.6582947,6.5348845
810.00934,137.88812,6.658495,6.5354853
809.5559,136.99695,6.658695,6.5360856
809.1024,136.10582,6.6588955,6.536686
808.6488,135.21474,6.659191,6.537191
808.19507,134.3237,6.659591,6.537591
807.74133,133.43272,6.6599913,6.5379915
807.2874,132.54178,6.6603913,6.5383916
806.8335,131.65086,6.660792,6.5387917
806.37946,130.76,6.661096,6.539288
805.92535,129.86917,6.661296,6.539888
805.4712,128.97836,6.661496,6.5404882
805.01697,128.08759,6.661696,6.5410886
804.56274,127.196846,6.661896,6.5416884
804.1084,126.30613,6.662096,6.542289
803.65405,125.41543,6.6622963,6.5428886
803.19965,124.52475,6.662496,6.5434885
802.74524,123.63409,6.6626964,6.544089
802.2908,122.74345,6.662896,6.5446887
801.83624,121.85281,6.6631927,6.5452886
801.3818,120.96219,6.6635923,6.545889
800.92725,120.07157,6.6639924,6.546489
800.4727,119.18096,6.6643925,6.5470886
800.0182,118.29035,6.6647925,6.5476885
799.56366,117.39974,6.6650963,6.5482883
799.10913,116.50913,6.665296,6.548888
798.6546,115.618515,6.665496,6.549488
798.2001,114.72789,6.665696,6.550088
797.7456,113.83725,6.665896,6.550688
797.29114,112.94661,6.6660957,6.5512877
796.83673,112.05595,6.666296,6.5518875
796.3823,111.16527,6.666496,6.5524874
795.928,110.27457,6.6666956,6.553087
795.4737,109.38384,6.666896,6.553687
795.0194,108.493095,6.6671915,6.554287
794.5652,107.602325,6.667591,6.554887
794.111,106.71152,6.667991,6.5554867
793.6569,105.82069,6.6683908,6.5560865
793.20294,104.92981,6.668791,6.556686
792.74896,104.0389,6.6690955,6.557286
792.2951,103.14795,6.6692953,6.5578856
791.8414,102.25696,6.669495,6.5584855
791.38763,101.36592,6.669695,6.5590854
790.934,100.474846,6.669895,6.559685
790.4805,99.583725,6.670095,6.560285
790.02704,98.69256,6.670295,6.560885
789.5737,97.801346,6.670495,6.561485
789.1204,96.910095,6.670695,6.562084
788.66724,96.0188,6.6708946,6.562684
788.2142,95.127464,6.671095,6.563284
787.7611,94.236084,6.6712947,6.563884
787.30817,93.344666,6.6714945,6.5644836
786.85535,92.45321,6.6716943,6.5650835
786.4025,91.56171,6.6718946,6.5656834
785.9498,90.670166,6.6721888,6.566283
785.4972,89.77859,6.672589,6.566883
785.0447,88.88697,6.6729884,6.567483
784.59216,87.995316,6.6733885,6.568083
784.1398,87.10362,6.673788,6.5686827
783.68744,86.21188,6.674094,6.569282
783.23517,85.32012,6.674294,6.569882
782.783,84.428314,6.674494,6.570482
782.33093,83.53647,6.674694,6.5710816
781.87885,82.64459,6.674894,6.5716815
781.4269,81.75268,6.6750937,6.572188
780.975,80.86073,6.675294,6.5725875
780.5232,79.96875,6.6754937,6.5729876
780.0714,79.07673,6.6756935,6.573387
779.6197,78.18468,6.675894,6.573787
779.1681,77.292595,6.676187,6.5742807
778.7165,76.40048,6.676587,6.5748806
778.265,75.50833,6.676987,6.5754805
777.81354,74.61615,6.6773868,6.5760803
777.3622,73.72393,6.677787,6.57668
776.9109,72.83169,6.6780934,6.57728
776.4596,71.939415,6.678293,6.57788
776.0084,71.047104,6.678493,6.57848
775.5573,70.15477,6.6786933,6.5790796
775.1062,69.262405,6.678893,6.5796795
774.6552,68.37001,6.679093,6.5802794
774.2042,67.477585,6.679293,6.580879
773.75336,66.58514,6.679493,6.581479
773.3025,65.69266,6.679693,6.582079
772.8517,64.80015,6.679893,6.582679
772.40094,63.90761,6.680186,6.5832787
771.95026,63.015053,6.680586,6.5838785
771.49963,62.122463,6.6809855,6.5844784
771.0491,61.22985,6.6813855,6.5850782
770.5985,60.33721,6.6817856,6.585678
770.148,59.44455,6.6820927,6.586278
769.6976,58.55186,6.6822925,6.586878
769.2472,57.65915,6.6824927,6.5874777
768.7969,56.766415,6.6826925,6.5880775
768.34656,55.873653,6.6828923,6.5886774
767.8963,54.980873,6.6830926,6.5892777
767.4461,54.08807,6.6832924,6.5898776
766.9959,53.195244,6.6834927,6.5904775
766.54584,52.302395,6.6836925,6.5910773
766.09576,51.409523,6.6838923,6.591677
765.6457,50.516636,6.6841846,6.592277
765.19574,49.623726,6.6845846,6.592877
764.7457,48.730793,6.6849847,6.593477
764.29584,47.837845,6.6853843,6.5940766
763.84595,46.944874,6.6857843,6.5946765
763.3961,46.051888,6.6860924,6.5952764
762.9463,45.158882,6.686292,6.595876
762.4965,44.265858,6.686492,6.596476
762.0468,43.372814,6.686692,6.597076
761.5971,42.479755,6.686892,6.5976763
761.14746,41.58668,6.687092,6.598276
760.6978,40.693592,6.687292,6.598876
760.24817,39.800484,6.687492,6.599476
759.79865,38.90736,6.6876917,6.6000757
759.34906,38.014225,6.687892,6.6006756
758.89954,37.12107,6.6880918,6.6012754
758.4501,36.227905,6.688292,6.6018753
758.0006,35.334724,6.688492,6.602475
757.55115,34.441532,6.6886916,6.603075
757.10175,33.548325,6.688892,6.603675
756.6524,32.65511,6.689183,6.604275
756.203,31.761877,6.6895833,6.604875
755.75366,30.868635,6.6899834,6.605475
755.3044,29.975382,6.690383,6.606075
754.8551,29.082117,6.690783,6.6066747
754.4058,28.188843,6.690359,6.607
753.95654,27.295557,6.6889596,6.607
753.5073,26.402264,6.6875596,6.607
753.0581,25.50896,6.6861596,6.607
752.6089,24.615648,6.68476,6.607
752.1597,23.722328,6.6831775,6.607
751.7106,22.828999,6.6813774,6.607
751.2614,21.935663,6.679578,6.607
750.81226,21.04232,6.6777782,6.607
750.36316,20.148972,6.675978,6.607
749.91406,19.255615,6.6742697,6.607
749.46497,18.362253,6.67267,6.607
749.01587,17.468887,6.67107,6.607
748.5668,16.575514,6.6694703,6.607
748.1177,15.6821375,6.6678705,6.607
747.66864,14.788757,6.6661797,6.607
747.2196,13.895372,6.66438,6.607
746.77057,13.001985,6.66258,6.607
746.3215,12.108594,6.6607804,6.607
745.87244,11.2152,6.6589804,6.607
745.4234,10.321805,6.657272,6.607
744.9744,9.428408,6.655672,6.607
744.5254,8.535009,6.6540723,6.607
744.07635,7.64161,6.6524725,6.607
743.6273,6.7482104,6.6508727,6.607
743.1783,5.8548107,6.649182,6.607
742.7293,4.9614115,6.647382,6.607
742.2803,4.0680127,6.645582,6.607
741.83124,3.1746154,6.643782,6.607
741.3822,2.2812197,6.6419826,6.607
740.93317,1.387826,6.6402736,6.607091
740.48413,0.4944346,6.638674,6.6072907
740.0351,-0.39895386,6.637074,6.6074905
739.586,-1.292339,6.635474,6.607691
739.13696,-2.1857204,6.6338744,6.6078906
738.68787,-3.0790977,6.6321836,6.608
738.23883,-3.9724705,6.630384,6.608
737.78973,-4.865838,6.628584,6.608
737.34064,-5.7592006,6.6267843,6.608
736.89154,-6.6525574,6.6249843,6.608
736.4424,-7.5459075,6.6232753,6.608
735.9933,-8.439252,6.6216755,6.608
735.5441,-9.332588,6.6200757,6.608
735.095,-10.225918,6.618476,6.608
734.64575,-11.11924,6.616876,6.608
734.1966,-12.012553,6.6151857,6.608
733.7474,-12.905858,6.6133857,6.608
733.29816,-13.799153,6.611586,6.608
732.8489,-14.69244,6.609786,6.608
732.3996,-15.585715,6.6079865,6.608
731.9503,-16.478981,6.606277,6.608
731.50104,-17.372236,6.604677,6.608
731.0517,-18.26548,6.6030774,6.608
730.6023,-19.158712,6.601477,6.608
730.15295,-20.051933,6.5998774,6.608
729.70355,-20.94514,6.5981874,6.608
729.2541,-21.838337,6.5963874,6.608
728.8046,-22.731518,6.594588,6.608
728.35516,-23.624685,6.5927877,6.608
727.90564,-24.51784,6.590988,6.608
727.4561,-25.41098,6.5892787,6.608
727.00653,-26.304104,6.5876784,6.608
726.55695,-27.197214,6.5860786,6.608
726.1073,-28.090307,6.584479,6.608
725.65765,-28.983385,6.582879,6.608
725.20795,-29.876446,6.581189,6.608
724.75824,-30.76949,6.5793896,6.608
724.3085,-31.662516,6.5775895,6.608
723.85864,-32.555527,6.57579,6.608
723.4088,-33.448517,6.57399,6.608
722.9589,-34.341488,6.57228,6.608
722.50903,-35.23444,6.57068,6.608
722.0591,-36.127373,6.5690804,6.608
721.6091,-37.020287,6.5674806,6.608
721.15906,-37.91318,6.565881,6.608
720.709,-38.806053,6.564191,6.608
720.25885,-39.698902,6.5623913,6.608
719.8087,-40.591732,6.560591,6.608
719.3585,-41.48454,6.5587916,6.608
718.90826,-42.377327,6.5569916,6.608
718.458,-43.27009,6.5552816,6.608
718.0076,-44.162827,6.553682,6.608
717.55725,-45.055542,6.552082,6.608
717.1068,-45.948235,6.5504823,6.608
716.6564,-46.8409,6.5488825,6.608
716.2058,-47.733543,6.547193,6.6080894
715.75525,-48.62616,6.545393,6.6082897
715.3046,-49.51875,6.5435934,6.6084895
714.85394,-50.411316,6.5417933,6.60869
714.4032,-51.303852,6.539994,6.6088896
713.95245,-52.196365,6.5382833,6.609
713.5016,-53.08885,6.5366836,6.609
713.05066,-53.981304,6.535084,6.609
712.59973,-54.873734,6.533484,6.609
712.14874,-55.766132,6.531884,6.609
711.69763,-56.6585,6.5301948,6.609
711.2465,-57.550842,6.528395,6.609
710.79535,-58.44315,6.526595,6.609
710.3441,-59.33543,6.5247955,6.609
709.8928,-60.22768,6.5229955,6.609
709.4414,-61.1199,6.521285,6.609
708.99,-62.012085,6.5196853,6.609
708.5385,-62.90424,6.5180855,6.609
708.087,-63.79636,6.5164857,6.609
707.6353,-64.68845,6.514886,6.609
707.18365,-65.58051,6.513197,6.609
706.73193,-66.47254,6.5113974,6.609
706.28015,-67.36455,6.5095973,6.609
705.82825,-68.256516,6.5077977,6.609
705.37634,-69.14845,6.505998,6.609
704.9244,-70.04037,6.5042872,6.609
704.47235,-70.93225,6.5026875,6.609
704.02026,-71.824104,6.5010877,6.609
703.5681,-72.715935,6.499488,6.609
703.11597,-73.607735,6.497888,6.609
702.6637,-74.499504,6.496199,6.609
702.21136,-75.39125,6.4943995,6.609
701.75903,-76.282974,6.4926,6.609
701.30664,-77.17467,6.4908,6.609
700.8542,-78.06634,6.4890003,6.609
700.4017,-78.957985,6.4876447,6.6087337
699.94916,-79.8496,6.486845,6.608134
699.4966,-80.741196,6.486045,6.6075335
699.0439,-81.63277,6.485245,6.6069336
698.59125,-82.524315,6.484445,6.6063337
698.1385,-83.41584,6.484355,6.6052904
697.6857,-84.30734,6.4851546,6.6036906
697.2329,-85.19882,6.4859543,6.602091
696.78,-86.09029,6.4867544,6.600491
696.3271,-86.98172,6.487554,6.5988913
695.87415,-87.87314,6.488354,6.5972915
695.4212,-88.764534,6.489154,6.5956917
694.96814,-89.65591,6.489954,6.5940924
694.5151,-90.547264,6.4907537,6.5924926
694.06195,-91.4386,6.491554,6.590893
693.6088,-92.32991,6.4923534,6.5892043
693.15564,-93.221214,6.4931536,6.5874047
692.70245,-94.11249,6.493953,6.585605
692.24915,-95.00375,6.4947534,6.583805
691.7959,-95.895,6.495553,6.5820055
691.3426,-96.786224,6.496353,6.580294
690.8892,-97.67744,6.497153,6.5786943
690.43585,-98.56863,6.497953,6.5770946
689.9824,-99.45981,6.4987526,6.575495
689.52893,-100.35097,6.4995522,6.573895
689.0755,-101.24212,6.5003524,6.572295
688.62195,-102.13325,6.501152,6.5706954
688.16846,-103.02437,6.501952,6.5690956
687.7149,-103.91547,6.502752,6.5674963
687.2613,-104.806564,6.503552,6.5658965
686.8077,-105.69764,6.5043516,6.5642967
686.35406,-106.5887,6.5051517,6.562697
685.9004,-107.47975,6.5059514,6.561097
685.44666,-108.3708,6.5067515,6.5594974
684.993,-109.261826,6.507551,6.5578976
684.53925,-110.15284,6.508351,6.55621
684.0855,-111.043846,6.509151,6.5544105
683.6317,-111.934845,6.5099506,6.552611
683.1779,-112.82583,6.510751,6.550811
682.7241,-113.716805,6.5115504,6.549011
682.27026,-114.60777,6.5123506,6.5472994
681.8164,-115.49873,6.51315,6.5456996
681.36255,-116.38969,6.5139503,6.5441
680.9087,-117.280624,6.51475,6.5425
680.4548,-118.17156,6.5155497,6.5409
680.00085,-119.06249,6.51635,6.5393004
679.54694,-119.95341,6.5171494,6.5377007
679.093,-120.84432,6.5179496,6.536101
678.6391,-121.73523,6.518749,6.534501
678.1851,-122.62614,6.5195494,6.532902
677.73114,-123.51703,6.520349,6.531302
677.27716,-124.40793,6.521149,6.529702
676.8232,-125.29881,6.521949,6.5281024
676.3692,-126.1897,6.5227485,6.5265026
675.9152,-127.080574,6.5235486,6.524903
675.4612,-127.97146,6.5244355,6.5232162
675.0072,-128.86234,6.5254354,6.521416
674.55316,-129.7532,6.5264354,6.5196166
674.0991,-130.64407,6.527435,6.517817
673.6451,-131.53494,6.5284348,6.5160174
673.1911,-132.42581,6.529348,6.5143046
672.73706,-133.31667,6.5301476,6.512705
672.283,-134.20753,6.5309477,6.511105
671.829,-135.0984,6.5317473,6.5095053
671.37494,-135.98927,6.532547,6.5079055
670.9209,-136.88014,6.533347,6.5063057
670.4669,-137.771,6.534147,6.504706
670.0129,-138.66187,6.534947,6.503106
669.55884,-139.55275,6.5357466,6.501507
669.10486,-140.44362,6.5365467,6.499907
668.6508,-141.33449,6.5373464,6.4982204
668.19684,-142.22537,6.5381465,6.496421
667.74286,-143.11626,6.538946,6.4946213
667.2888,-144.00714,6.539746,6.492821
666.83484,-144.89803,6.540546,6.4910216
666.3809,-145.78893,6.5413456,6.4893084
665.92694,-146.67982,6.5421457,6.4877086
665.47296,-147.57074,6.5429454,6.486109
665.01904,-148.46164,6.5437455,6.4845095
664.5651,-149.35257,6.544545,6.4829097
664.1112,-150.24348,6.5453453,6.48131
663.6573,-151.13441,6.546145,6.47971
663.2034,-152.02536,6.5469446,6.4781103
662.7495,-152.9163,6.5477448,6.4765105
662.2957,-153.80727,6.5485444,6.4749107
661.84186,-154.69823,6.5493445,6.473311
661.388,-155.5892,6.550144,6.471711
660.9342,-156.48018,6.5509443,6.470112
660.48047,-157.37117,6.551744,6.468512
660.0267,-158.26218,6.552544,6.4669123
659.57294,-159.1532,6.553344,6.4652267
659.1192,-160.04422,6.554144,6.4634266
658.6655,-160.93526,6.5549436,6.461627
658.21185,-161.8263,6.555743,6.4598274
657.75824,-162.71736,6.5565434,6.458028
657.30457,-163.60843,6.557343,6.4563136
656.851,-164.49951,6.558143,6.454714
656.3974,-165.39061,6.558943,6.453114
655.94385,-166.28172,6.559743,6.4515142
655.49036,-167.17285,6.5605426,6.449915
655.03687,-168.064,6.5613427,6.448315
654.58344,-168.95515,6.5621424,6.4467154
654.13,-169.84633,6.5629425,6.4451156
653.6766,-170.73752,6.563742,6.443516
653.2232,-171.62872,6.564542,6.441916
652.7699,-172.51994,6.565342,6.440316
652.3166,-173.41118,6.5661416,6.4387164
651.86334,-174.30243,6.5669417,6.4371166
651.4101,-175.19371,6.5677414,6.435517
650.9569,-176.08499,6.5685415,6.433917
650.5037,-176.9763,6.569341,6.432232
650.0506,-177.86763,6.5701413,6.4304323
649.59753,-178.75899,6.570941,6.4286327
649.1445,-179.65034,6.571741,6.4268327
648.69147,-180.54173,6.5725408,6.425033
648.2385,-181.43315,6.573341,6.4233184
647.7856,-182.32457,6.5741405,6.4217186
647.3327,-183.21602,6.5749407,6.420119
646.8799,-184.1075,6.5757403,6.4185195
646.42706,-184.999,6.5765405,6.4169197
645.9743,-185.8905,6.57734,6.41532
645.5216,-186.78204,6.5781403,6.41372
645.069,-187.67361,6.57894,6.4121203
644.61633,-188.5652,6.5797396,6.4105206
644.16376,-189.4568,6.5805397,6.408921
643.71124,-190.34843,6.5813394,6.407321
643.2588,-191.2401,6.5821395,6.405721
642.8064,-192.13179,6.582939,6.4041214
642.354,-193.0235,6.5837393,6.4025216
641.9017,-193.91524,6.584539,6.400922
641.4494,-194.80699,6.585339,6.399237
640.9972,-195.69879,6.5861387,6.3974376
640.54504,-196.5906,6.586939,6.3956375
640.09296,-197.48245,6.5877385,6.393838
639.64087,-198.37431,6.5885386,6.392038
639.1889,-199.26622,6.5893383,6.390323
638.73694,-200.15816,6.5901384,6.3887234
638.2851,-201.05011,6.590938,6.3871236
637.83325,-201.9421,6.591738,6.385524
637.38153,-202.83412,6.5925384,6.3839235
636.9298,-203.72617,6.593338,6.3823237
636.47815,-204.61824,6.594138,6.380724
636.0266,-205.51036,6.594938,6.379124
635.5751,-206.4025,6.595738,6.3775244
635.1236,-207.29468,6.5965376,6.3759246
634.67224,-208.18687,6.5973377,6.374325
634.2209,-209.07912,6.5981374,6.372725
633.76965,-209.97139,6.5989375,6.371125
633.3185,-210.8637,6.599737,6.3695254
632.8673,-211.75604,6.6005373,6.3679256
632.41626,-212.6484,6.601337,6.3662415
631.9653,-213.54082,6.602137,6.364442
631.51434,-214.43326,6.6029367,6.362642
631.0635,-215.32574,6.603737,6.360842
630.61273,-216.21826,6.6045365,6.359042
630.16205,-217.11081,6.6053367,6.3573265
629.71136,-218.0034,6.606137,6.3557267
629.2608,-218.89603,6.6069365,6.354127
628.8103,-219.78868,6.6077366,6.352527
628.3599,-220.68138,6.6085362,6.3509274
627.9096,-221.57413,6.6093364,6.3493276
627.4593,-222.4669,6.610136,6.347728
627.00916,-223.35971,6.610936,6.346128
626.559,-224.25256,6.611736,6.344528
626.109,-225.14546,6.612536,6.342928
625.65906,-226.03839,6.614343,6.3429236
625.20917,-226.93137,6.617543,6.3451233
624.7594,-227.82439,6.620743,6.3473234
624.3097,-228.71745,6.6239424,6.349523
623.8601,-229.61055,6.6271424,6.3517227
623.4106,-230.50371,6.6326904,6.3578644
622.9611,-231.3969,6.6414895,6.3694634
622.51184,-232.29015,6.6502886,6.3810625
622.06256,-233.18344,6.659088,6.3926616
621.61346,-234.07678,6.667887,6.4042606
621.1644,-234.97018,6.67677,6.415943
620.7155,-235.86363,6.6857696,6.4277425
620.26666,-236.75714,6.694769,6.4395413
619.818,-237.6507,6.7037683,6.45134
619.3694,-238.54431,6.712767,6.4631395
618.9209,-239.43799,6.721683,6.4749384
618.4726,-240.33173,6.730482,6.4867373
618.02435,-241.22552,6.739281,6.4985366
617.57623,-242.11938,6.7480807,6.5103354
617.12823,-243.01332,6.75688,6.5221343
616.6804,-243.9073,6.765763,6.5339336
616.23267,-244.80136,6.774762,6.5457325
615.7851,-245.69548,6.7837615,6.5575314
615.33765,-246.58968,6.7927604,6.5693307
614.8904,-247.48393,6.8017597,6.5811296
614.4432,-248.37827,6.8106756,6.5929284
613.99615,-249.27267,6.8194747,6.6047277
613.5493,-250.16714,6.8282743,6.6165266
613.1026,-251.0617,6.8370733,6.6283255
612.656,-251.95633,6.8458724,6.640125
612.2096,-252.85104,6.8547554,6.65184
611.76337,-253.74582,6.8637543,6.6634393
611.31726,-254.64069,6.8727536,6.675038
610.87134,-255.53564,6.881753,6.686637
610.42554,-256.43066,6.890752,6.698236
609.98,-257.32578,6.8996677,6.709918
609.53455,-258.22098,6.908467,6.721717
609.0893,-259.11627,6.9172664,6.7335157
608.6442,-260.01166,6.9260654,6.745315
608.19934,-260.9071,6.9348645,6.757114
607.75464,-261.80267,6.943747,6.7689123
607.31006,-262.6983,6.952746,6.780711
606.8657,-263.59406,6.961745,6.79251
606.4216,-264.48987,6.970744,6.804309
605.97766,-265.3858,6.979743,6.8161077
605.5339,-266.28183,6.988659,6.827906
605.0903,-267.17795,6.997458,6.839705
604.6469,-268.07416,7.006257,6.8515034
604.20374,-268.9705,7.0150557,6.863302
603.7608,-269.8669,7.0238547,6.8751006
603.31805,-270.76343,7.032737,6.886816
602.8755,-271.66006,7.0417356,6.8984146
602.43317,-272.5568,7.0507345,6.910013
601.991,-273.45364,7.059733,6.921612
601.54913,-274.3506,7.068732,6.93321
601.1075,-275.24762,7.0776477,6.9448915
600.666,-276.1448,7.0864463,6.9566894
600.2248,-277.04208,7.095245,6.9684877
599.7838,-277.93945,7.104044,6.980286
599.343,-278.83698,7.1128426,6.992084
598.9025,-279.7346,7.1217237,7.0038824
598.4622,-280.63232,7.130722,7.0156803
598.02216,-281.53015,7.1397204,7.027478
597.58234,-282.42813,7.1487193,7.039276
597.14276,-283.32623,7.1577177,7.051074
596.7034,-284.22443,7.166633,7.062872
596.26434,-285.12277,7.1754317,7.07467
595.82556,-286.0212,7.18423,7.0864673
595.38696,-286.9198,7.193028,7.0982647
594.94867,-287.81848,7.201826,7.1100626
594.5106,-288.71732,7.2107067,7.1217775
594.0728,-289.61627,7.2197046,7.133375
593.6353,-290.51538,7.2287025,7.1449723
593.19806,-291.41458,7.2377005,7.15657
592.76105,-292.31393,7.2466984,7.168167
592.32434,-293.21344,7.2545466,7.1793537
591.88794,-294.11304,7.2607446,7.189951
591.4518,-295.0128,7.266943,7.200548
591.01587,-295.9127,7.2731414,7.2111454
590.5803,-296.8127,7.27934,7.2217426
590.145,-297.7129,7.281035,7.2304564
589.71,-298.6132,7.2762365,7.2364545
589.27527,-299.51364,7.2714376,7.2424526
588.8409,-300.4142,7.266639,7.2484508
588.40674,-301.31494,7.261841,7.254449
587.9729,-302.21582,7.2570424,7.2603655
587.5393,-303.11682,7.252244,7.2661633
587.1061,-304.01797,7.2474456,7.2719617
586.67316,-304.91928,7.242647,7.2777596
586.24054,-305.82077,7.2378488,7.2835574
585.80835,-306.7224,7.233132,7.289437
585.37646,-307.62424,7.2285337,7.2954345
584.9449,-308.52618,7.2239356,7.301432
584.5135,-309.42822,7.2193375,7.30743
584.0822,-310.33032,7.2147393,7.3134274
583.651,-311.23245,7.21006,7.319344
583.2197,-312.13455,7.2052617,7.325142
582.78827,-313.03656,7.2004633,7.3309402
582.35645,-313.93842,7.195665,7.336738
581.92413,-314.84003,7.190867,7.342536
581.4912,-315.74133,7.1861486,7.348415
581.0575,-316.64224,7.181549,7.354414
580.62286,-317.54272,7.17695,7.360413
580.18713,-318.4427,7.1723504,7.366412
579.75024,-319.3421,7.1677513,7.3724113
579.31195,-320.2408,7.163071,7.3783307
578.87225,-321.13885,7.1582704,7.384132
578.43097,-322.0361,7.1534696,7.3899326
577.988,-322.9325,7.148669,7.3957334
577.5431,-323.82797,7.143868,7.4015346
577.09625,-324.72247,7.1391473,7.407417
576.6473,-325.6159,7.134545,7.4134197
576.19604,-326.50818,7.1299424,7.4194226
575.7424,-327.3992,7.1253405,7.425426
575.2861,-328.2889,7.120738,7.431429
574.827,-329.17722,7.1162972,7.4293246
574.3652,-330.06403,7.1120944,7.415314
573.9005,-330.9494,7.107891,7.4013042
573.4332,-331.83337,7.1036882,7.387294
572.9633,-332.71597,7.099485,7.373284
572.4909,-333.59723,7.095364,7.358865
572.01605,-334.4772,7.091361,7.343854
571.539,-335.35596,7.0873585,7.3288436
571.0599,-336.23355,7.0833554,7.313833
570.5788,-337.1101,7.079353,7.298823
570.09595,-337.9857,7.0753503,7.283814
569.6115,-338.86038,7.0713487,7.268807
569.12555,-339.73425,7.0673466,7.2537994
568.63824,-340.6074,7.0633445,7.2387924
568.1498,-341.47983,7.059343,7.2237854
567.66016,-342.35165,7.0553412,7.2087803
567.1697,-343.22296,7.0513406,7.193778
566.67834,-344.09384,7.04734,7.1787753
566.1864,-344.96432,7.0433393,7.1637726
565.69403,-345.83456,7.0393386,7.1487703
565.20123,-346.70462,7.0352554,7.1338525
564.7083,-347.57455,7.031056,7.119055
564.2153,-348.44443,7.026857,7.104257
563.72217,-349.31427,7.0226574,7.089459
563.2291,-350.18417,7.018458,7.0746613
562.73627,-351.05414,7.014342,7.059782
562.2435,-351.92422,7.0103436,7.0447884
561.751,-352.79437,7.0063453,7.029794
561.25854,-353.66458,7.002347,7.0148005
560.7661,-354.53482,6.9983487,6.999807
560.2737,-355.40506,6.9943504,6.984814
559.7812,-356.27524,6.990353,6.9698234
559.2887,-357.14542,6.9863553,6.9548326
558.796,-358.01553,6.9823575,6.9398413
558.3033,-358.88556,6.97836,6.9248505
557.81036,-359.75552,6.9723163,6.917801
557.31726,-360.6254,6.9633226,6.922198
556.824,-361.49515,6.954329,6.9265947
556.3305,-362.36475,6.945336,6.9309916
555.8367,-363.23422,6.9363422,6.935388
555.3426,-364.1035,6.926943,6.9414077
554.8482,-364.9726,6.9169507,6.9498014
554.35345,-365.8415,6.906958,6.958195
553.8583,-366.71017,6.8969655,6.966589
553.3627,-367.5786,6.886973,6.9749827
552.86664,-368.4468,6.877061,6.9833765
552.3702,-369.3147,6.8672676,6.9917703
551.87317,-370.18234,6.857475,7.0001645
551.3756,-371.04965,6.8476815,7.0085588
550.8775,-371.91663,6.8378887,7.0169525
550.3788,-372.78326,6.8280153,7.025347
549.87946,-373.64957,6.8180213,7.033742
549.37946,-374.51547,6.8080273,7.042137
548.8787,-375.38095,6.798033,7.050532
548.3773,-376.24606,6.7880397,7.058927
547.8752,-377.11072,6.7780447,7.0673223
547.37225,-377.9749,6.7680492,7.075719
546.8685,-378.83865,6.7580533,7.084115
546.364,-379.7019,6.748058,7.0925117
545.8586,-380.56467,6.738062,7.100908
545.35223,-381.42688,6.7280655,7.109305
544.84503,-382.28857,6.7180676,7.117703
544.33685,-383.1497,6.70807,7.126101
543.82764,-384.01022,6.698072,7.1344995
543.3175,-384.87018,6.688074,7.1428976
542.8063,-385.7295,6.6848254,7.1451745
542.29395,-386.58817,6.6920257,7.1379743
541.7806,-387.4462,6.699226,7.130774
541.26605,-388.30356,6.706426,7.123574
540.75037,-389.16022,6.7136264,7.1163735
540.2335,-390.01617,6.721377,7.1085443
539.7155,-390.87143,6.7299795,7.099742
539.1964,-391.72598,6.7385817,7.0909395
538.6761,-392.57986,6.7471843,7.082137
538.1547,-393.43307,6.7557864,7.0733347
537.6323,-394.2856,6.764468,7.064532
537.1088,-395.13754,6.773272,7.055728
536.58435,-395.98883,6.782076,7.046924
536.05884,-396.8395,6.79088,7.03812
535.53235,-397.68958,6.799684,7.029316
535.00494,-398.53903,6.8084884,7.0205116
534.4766,-399.38794,6.817293,7.011707
533.9473,-400.23627,6.826098,7.002902
533.4172,-401.08405,6.834903,6.994097
532.88617,-401.93127,6.8437076,6.9852924
532.3543,-402.77798,6.8524327,6.976487
531.82166,-403.62418,6.861038,6.967682
531.28815,-404.46988,6.869643,6.9588766
530.75397,-405.3151,6.8782487,6.9500713
530.21893,-406.15982,6.8868537,6.941266
529.6832,-407.0041,6.8955393,6.9325414
529.14685,-407.84793,6.9043446,6.923936
528.60974,-408.6913,6.91315,6.915331
528.07196,-409.5343,6.921955,6.9067254
527.53357,-410.37686,6.9307604,6.8981204
526.99457,-411.21902,6.9391603,6.8896775
526.455,-412.06082,6.9469647,6.8814726
525.91486,-412.90228,6.954769,6.873268
525.37415,-413.74335,6.962574,6.8650637
524.8329,-414.5841,6.9703784,6.8568587
524.29114,-415.42453,6.9735312,6.8524895
523.74896,-416.26462,6.969929,6.85369
523.20624,-417.10443,6.9663277,6.854891
522.66315,-417.94397,6.9627256,6.8560915
522.1196,-418.78326,6.959124,6.857292
521.57574,-419.62225,6.9554405,6.8584924
521.03143,-420.46103,6.9516387,6.859693
520.4868,-421.2996,6.9478374,6.8608932
519.9419,-422.13794,6.944036,6.862094
519.39667,-422.97607,6.940234,6.8632946
518.85114,-423.81406,6.936433,6.864495
518.3053,-424.65186,6.932632,6.865695
517.7593,-425.4895,6.928831,6.8668957
517.2131,-426.327,6.9250298,6.868096
516.6666,-427.16437,6.921229,6.869296
516.12006,-428.00165,6.9175105,6.8704963
515.5733,-428.8388,6.9139104,6.8716965
515.0264,-429.6759,6.91031,6.8728967
514.4795,-430.51294,6.906709,6.874097
513.93243,-431.3499,6.9031086,6.875297
513.3853,-432.18683,6.8994255,6.8764143
512.8382,-433.02374,6.8956256,6.877414
512.291,-433.86066,6.8918257,6.878414
511.74384,-434.69754,6.8880258,6.879414
511.19672,-435.5345,6.884226,6.8804145
510.64966,-436.37143,6.880426,6.881497
510.10266,-437.20844,6.876627,6.8826966
509.55576,-438.0455,6.8728275,6.8838964
509.00894,-438.88263,6.869028,6.8850965
508.4623,-439.71988,6.865229,6.8862963
507.9158,-440.5572,6.861595,6.887496
507.3695,-441.39465,6.8581967,6.8886952
506.8234,-442.23224,6.854798,6.889895
506.27753,-443.06998,6.851399,6.891094
505.7319,-443.9079,6.8480005,6.892294
505.18652,-444.74597,6.8466578,6.8929176
504.64148,-445.58423,6.848257,6.892718
504.0967,-446.4227,6.849856,6.892518
503.5523,-447.26138,6.851455,6.8923182
503.00824,-448.1003,6.853054,6.8921185
502.46457,-448.93948,6.854653,6.891918
501.92133,-449.7789,6.8562517,6.8917184
501.37848,-450.61862,6.8578506,6.8915186
500.83606,-451.45862,6.859449,6.891319
500.29413,-452.2989,6.8610477,6.891119
499.7527,-453.13953,6.8625655,6.890919
499.21176,-453.98047,6.863964,6.8907194
498.6714,-454.82175,6.8653626,6.8905196
498.13153,-455.6634,6.8667607,6.89032
497.5923,-456.5054,6.8681593,6.89012
497.05365,-457.3478,6.8696375,6.88992
496.51563,-458.1906,6.8712354,6.8897204
495.97827,-459.03384,6.8728333,6.8895206
495.44156,-459.87747,6.8744307,6.8893213
494.90552,-460.72156,6.8760285,6.8891215
494.3702,-461.56607,6.8776264,6.8889217
493.83557,-462.41104,6.8792233,6.888722
493.30173,-463.2565,6.8808208,6.8885226
492.7687,-464.10245,6.882418,6.888323
492.2365,-464.94894,6.884015,6.888123
491.7052,-465.79602,6.8855357,6.888
491.17477,-466.64362,6.886933,6.888
490.64508,-467.49167,6.88833,6.888
490.11597,-468.3401,6.889727,6.888
489.5873,-469.1888,6.8911242,6.888
489.059,-470.03772,6.892596,6.8879256
488.5308,-470.88672,6.8941927,6.887726
488.00253,-471.7357,6.8957896,6.8875265
487.47403,-472.58447,6.8973866,6.8873267
486.94507,-473.433,6.898983,6.887127
486.41544,-474.2811,6.9005804,6.8869276
485.88495,-475.12866,6.9021783,6.886728
485.35342,-475.9756,6.9037757,6.886528
484.82068,-476.82172,6.9053736,6.886328
484.2865,-477.66696,6.9069715,6.8861284
483.7507,-478.5112,6.908499,6.8859286
483.2131,-479.35428,6.9098983,6.885729
482.67355,-480.19608,6.9112983,6.885529
482.1318,-481.0365,6.912698,6.885329
481.5877,-481.8754,6.9140973,6.885129
481.04108,-482.71265,6.9142885,6.8850713
480.49167,-483.54807,6.912286,6.8852715
479.93936,-484.3816,6.9102836,6.885472
479.38394,-485.213,6.908281,6.885672
478.82526,-486.04227,6.906278,6.8858724
478.26306,-486.86914,6.8976727,6.8867254
477.69724,-487.69354,6.877414,6.8887315
477.12756,-488.5153,6.8571563,6.890737
476.5539,-489.33423,6.836898,6.8927426
475.976,-490.1502,6.81664,6.8947487
475.39377,-490.9631,6.7905564,6.905063
474.807,-491.7727,6.754808,6.9291635
474.2155,-492.5789,6.7190595,6.9532633
473.61914,-493.38147,6.683311,6.9773636
473.01776,-494.1803,6.647562,7.001464
472.41116,-494.97516,6.632539,7.0117736
471.7992,-495.7659,6.649016,7.001124
471.1817,-496.55237,6.6654925,6.990474
470.55856,-497.33432,6.6819696,6.9798245
469.92963,-498.11163,6.6984468,6.969175
469.2947,-498.8841,6.730357,6.94039
468.65372,-499.6515,6.783562,6.8865824
468.00653,-500.41367,6.8367677,6.8327746
467.35297,-501.17038,6.889973,6.778967
466.69293,-501.92148,6.943178,6.725159
466.02634,-502.66675,6.9528465,6.6998405
465.35306,-503.40598,6.9069915,6.7108536
464.67297,-504.13898,6.8611364,6.7218666
463.98602,-504.86554,6.815281,6.73288
463.2921,-505.58545,6.769426,6.743893
462.5912,-506.29852,6.760733,6.7562304
461.88312,-507.00452,6.798292,6.770215
461.16788,-507.70322,6.8358507,6.7841997
460.44534,-508.39438,6.8734097,6.7981844
459.71548,-509.07782,6.9109683,6.812169
458.97818,-509.75323,6.9065957,6.805144
458.23343,-510.4204,6.8488626,6.7713833
457.48114,-511.07907,6.79113,6.7376227
456.72125,-511.7289,6.733397,6.703862
455.95367,-512.3697,6.6756644,6.670101
455.1784,-513.00116,6.6337066,6.6836576
454.39536,-513.623,6.6123033,6.7588687
453.60455,-514.2348,6.5909004,6.834079
452.80594,-514.8365,6.5694976,6.9092894
451.9995,-515.4276,6.5480947,6.9844985
451.18524,-516.00793,6.544538,7.0373673
450.36316,-516.5771,6.56417,7.0612063
449.53317,-517.13464,6.583802,7.0850453
448.6953,-517.68036,6.6034346,7.108885
447.84955,-518.2137,6.6230674,7.132725
446.99588,-518.73425,6.663133,7.11811
446.1345,-519.24194,6.728872,7.055177
445.26563,-519.7368,6.7946095,6.9922457
444.38962,-520.2189,6.860347,6.9293146
443.5067,-520.6882,6.926084,6.866383
442.61722,-521.1449,6.97344,6.804762
441.72147,-521.5891,6.998658,6.744718
440.81973,-522.0212,7.0238767,6.6846747
439.91238,-522.4413,7.0490947,6.6246314
438.99976,-522.8498,7.074313,6.564588
438.08212,-523.24695,7.0696406,6.541682
437.1598,-523.633,7.02949,6.5628557
436.23297,-524.00824,6.9893394,6.58403
435.30194,-524.37286,6.949188,6.605204
434.36694,-524.7272,6.9090376,6.626378
433.42816,-525.0714,6.874486,6.656456
432.48587,-525.4058,6.8467474,6.6973653
431.54022,-525.7307,6.819009,6.738275
430.59146,-526.0464,6.7912703,6.7791843
429.6398,-526.35315,6.7635317,6.8200936
428.68536,-526.65125,6.749319,6.85021
427.72836,-526.9409,6.752316,6.866594
426.76892,-527.2224,6.755313,6.882978
425.80713,-527.4958,6.75831,6.8993616
424.8431,-527.7612,6.7613072,6.9157453
423.87698,-528.01886,6.761082,6.93485
422.90884,-528.2688,6.756675,6.957488
421.9387,-528.51086,6.7522674,6.980126
420.96658,-528.745,6.74786,7.002764
419.99258,-528.97107,6.7434525,7.025402
419.01672,-529.1889,6.7488317,7.031681
418.03906,-529.3985,6.766491,7.0174336
417.05963,-529.5998,6.7841496,7.003186
416.07852,-529.79266,6.8018084,6.988939
415.0958,-529.97705,6.819467,6.9746914
414.11148,-530.153,6.8211493,6.982702
413.1257,-530.3204,6.804088,7.0168242
412.1385,-530.47906,6.787027,7.0509467
411.14993,-530.6291,6.7699656,7.085069
410.16006,-530.7703,6.752904,7.1191916
409.16898,-530.9027,6.755022,7.1186943
408.17673,-531.0262,6.7780747,7.080406
407.18344,-531.1408,6.801128,7.042118
406.18915,-531.2464,6.8241806,7.0038304
405.19394,-531.3431,6.847234,6.9655423
404.1979,-531.43066,6.8788657,6.919773
403.20108,-531.5092,6.919442,6.8662043
402.2036,-531.57855,6.9600186,6.8126354
401.2055,-531.6385,7.000595,6.759066
400.2069,-531.6889,7.0411716,6.7054973
399.20786,-531.72974,7.0711265,6.673728
398.20844,-531.7607,7.089879,6.6649504
397.20877,-531.7816,7.108631,6.6561728
396.20892,-531.7922,7.1273837,6.6473947
395.20905,-531.7921,7.1461363,6.638617
394.20923,-531.78125,7.1138897,6.662673
393.20956,-531.7593,7.0250487,6.7231646
392.21024,-531.7259,6.936208,6.783656
391.21136,-531.68097,6.847367,6.844148
390.2131,-531.62415,6.7585263,6.9046397
389.21558,-531.55524,6.6909885,6.9534745
388.21902,-531.4739,6.6479573,6.9889
387.22354,-531.37994,6.604926,7.024326
386.2294,-531.273,6.561895,7.059752
385.23676,-531.15283,6.5188637,7.0951777
384.24585,-531.01917,6.5207458,7.0945234
383.2569,-530.8717,6.573545,7.0529666
382.27014,-530.71027,6.626344,7.0114098
381.2858,-530.5346,6.679144,6.9698524
380.30417,-530.3445,6.7319446,6.9282947
379.32547,-530.1397,6.769005,6.897976
378.34995,-529.9203,6.789524,6.8794684
377.3778,-529.6864,6.810043,6.8609614
376.40918,-529.43835,6.830561,6.8424544
375.44427,-529.1763,6.8510795,6.823948
374.4832,-528.9004,6.844169,6.829649
373.52612,-528.6109,6.811583,6.858011
372.5732,-528.30804,6.778997,6.886373
371.62457,-527.99207,6.746411,6.914735
370.68036,-527.663,6.7138247,6.943097
369.74072,-527.3212,6.7068815,6.950308
368.80576,-526.9668,6.721341,6.939865
367.87558,-526.6,6.7358007,6.929422
366.95032,-526.221,6.75026,6.9189787
366.03003,-525.83,6.7647195,6.908536
365.11484,-525.42725,6.788452,6.8906274
364.20483,-525.01294,6.8193054,6.8669868
363.3001,-524.5872,6.8501587,6.843346
362.40073,-524.1503,6.881012,6.8197055
361.50674,-523.70245,6.9118648,6.7960644
360.6183,-523.2438,6.918574,6.7988524
359.73538,-522.7744,6.9073834,6.8212337
358.85812,-522.2947,6.8961926,6.8436146
357.9865,-521.8047,6.885002,6.8659954
357.12067,-521.3046,6.8738117,6.888376
356.26062,-520.7946,6.8849115,6.8770876
355.4064,-520.27496,6.912826,6.8403997
354.55804,-519.74567,6.940741,6.803712
353.71567,-519.20703,6.968656,6.7670236
352.87924,-518.6591,6.9965706,6.7303357
352.04886,-518.1022,6.9894476,6.7325583
351.2245,-517.5363,6.954202,6.766011
350.40625,-516.9616,6.9189568,6.7994647
349.59412,-516.37836,6.8837113,6.832918
348.78815,-515.78656,6.848466,6.8663716
347.98834,-515.18646,6.82712,6.8913364
347.1948,-514.5782,6.8179603,6.908859
346.4075,-513.9618,6.8088007,6.926381
345.6265,-513.33746,6.7996416,6.9439034
344.85178,-512.70526,6.790482,6.961426
344.08344,-512.0654,6.7959805,6.9668427
343.32147,-511.41797,6.815525,6.9606605
342.56592,-510.76306,6.835069,6.9544783
341.8168,-510.1008,6.854614,6.9482956
341.07416,-509.43127,6.874158,6.9421134
340.33798,-508.75464,6.900785,6.9300613
339.6084,-508.07092,6.9345965,6.912055
338.88556,-507.38007,6.9684086,6.8940487
338.16962,-506.68207,7.00222,6.8760424
337.46072,-505.9769,7.036032,6.858036
336.7591,-505.26453,7.0093985,6.8915014
336.06488,-504.5449,6.921876,6.976816
335.37827,-503.81802,6.8343534,7.0621305
334.69946,-503.0839,6.7468305,7.1474447
334.0286,-502.34244,6.659308,7.2327595
333.36594,-501.5937,6.6231346,7.243224
332.7116,-500.83762,6.635009,7.18365
332.06586,-500.07422,6.6468835,7.124076
331.4288,-499.30353,6.658758,7.0645022
330.80072,-498.52554,6.6706324,7.004928
330.18173,-497.7403,6.6956573,6.9508333
329.57208,-496.94775,6.7315288,6.901258
328.972,-496.14798,6.7674003,6.8516827
328.38165,-495.34094,6.803272,6.8021073
327.80133,-494.5267,6.8391433,6.7525325
327.2312,-493.70526,6.8384256,6.749226
326.67148,-492.87674,6.8118405,6.7786307
326.12225,-492.0412,6.7852554,6.8080354
325.58362,-491.1988,6.7586703,6.8374405
325.05573,-490.3496,6.7320843,6.8668466
324.5386,-489.49384,6.7490473,6.8650374
324.032,-488.63177,6.792622,6.8441534
323.53534,-487.76398,6.836196,6.8232703
323.04794,-486.89093,6.879769,6.802387
322.5692,-486.01306,6.9233418,6.781504
322.09854,-485.1309,6.957445,6.7651615
321.63528,-484.2448,6.986237,6.7513657
321.1789,-483.35516,7.0150294,6.7375693
320.72873,-482.4623,7.043822,6.723773
320.28427,-481.56665,7.072614,6.7099767
319.8449,-480.66846,7.068605,6.718503
319.41,-479.7681,7.0460877,6.7396255
318.979,-478.86588,7.0235705,6.7607484
318.5513,-477.96207,7.001053,6.781871
318.12634,-477.05698,6.9785357,6.8029933
317.7035,-476.15088,6.917103,6.847336
317.28214,-475.2441,6.831912,6.9058547
316.8616,-474.33698,6.7467213,6.964374
316.44122,-473.42972,6.66153,7.022893
316.02032,-472.52274,6.576339,7.0814123
315.5983,-471.61627,6.575316,7.0764437
315.17477,-470.7105,6.6311283,7.028604
314.7496,-469.8055,6.686941,6.980765
314.3227,-468.90134,6.7427535,6.9329257
313.89392,-467.99805,6.7985663,6.885086
313.4632,-467.09567,6.829416,6.865927
313.03043,-466.1943,6.842199,6.8675246
312.5957,-465.29385,6.854982,6.8691225
312.1591,-464.39432,6.867765,6.8707204
311.72058,-463.4957,6.880548,6.8723183
311.2803,-462.59796,6.883476,6.884473
310.8382,-461.7011,6.879075,6.904478
310.39435,-460.80515,6.874674,6.9244833
309.9487,-459.91006,6.8702726,6.944488
309.5013,-459.01584,6.8658714,6.9644933
309.0522,-458.1225,6.876087,6.9636755
308.6013,-457.23004,6.897117,6.9474525
308.14868,-456.33844,6.9181466,6.9312296
307.69437,-455.44772,6.939176,6.915007
307.23837,-454.55786,6.9602056,6.898784
306.7807,-453.66885,6.977163,6.8861694
306.3214,-452.7807,6.991193,6.876148
305.86047,-451.8934,7.005223,6.8661265
305.39792,-451.00693,7.0192523,6.8561053
304.93378,-450.12128,7.0332823,6.846084
304.46805,-449.23645,7.0215387,6.8593426
304.00076,-448.35248,6.992067,6.8886137
303.53195,-447.4693,6.962595,6.9178853
303.0616,-446.58694,6.933123,6.947157
302.58975,-445.70538,6.903651,6.976428
302.1164,-444.82465,6.888606,6.9883637
301.64157,-443.94467,6.8829927,6.988965
301.1653,-443.06552,6.8773794,6.9895663
300.6876,-442.1871,6.871766,6.990168
300.20847,-441.30948,6.8661532,6.9907694
299.72794,-440.43262,6.885986,6.9611087
299.24603,-439.55652,6.921653,6.912618
298.76276,-438.68118,6.9573197,6.864127
298.27814,-437.80658,6.992986,6.8156366
297.79218,-436.9327,7.028653,6.7671456
297.30493,-436.0596,7.0537767,6.730082
296.81635,-435.1872,7.072596,6.699851
296.3265,-434.3155,7.091415,6.6696205
295.83545,-433.44452,7.1102343,6.63939
295.34314,-432.5742,7.129053,6.609159
294.84964,-431.7046,7.114176,6.615409
294.35495,-430.83563,7.079582,6.643004
293.85904,-429.96738,7.0449886,6.670599
293.3619,-429.09985,7.0103946,6.698194
292.8635,-428.233,6.975801,6.7257886
292.36386,-427.3669,6.939216,6.759155
291.8629,-426.50156,6.901461,6.795911
291.3606,-425.637,6.8637066,6.832667
290.8569,-424.77322,6.8259516,6.869423
290.35175,-423.91034,6.788197,6.906179
289.8451,-423.0483,6.7483335,6.9486566
289.3369,-422.18716,6.7071996,6.9945827
288.82715,-421.327,6.6660657,7.040509
288.31573,-420.46777,6.624932,7.0864353
287.80267,-419.60956,6.583798,7.1323614
287.2879,-418.75235,6.5732894,7.148401
286.77136,-417.8962,6.581877,7.1458044
286.25302,-417.04117,6.590465,7.1432085
285.73285,-416.18723,6.5990524,7.140612
285.21082,-415.33444,6.6076403,7.1380157
284.68683,-414.48282,6.6330223,7.1191144
284.1609,-413.63242,6.669197,7.089735
283.63293,-412.7833,6.7053714,7.0603557
283.1029,-411.93542,6.741546,7.0309763
282.57077,-411.0889,6.7777205,7.001597
282.03647,-410.24374,6.8129516,6.970744
281.49997,-409.39996,6.8475676,6.9389296
280.9613,-408.5576,6.882183,6.907115
280.42044,-407.71658,6.9167986,6.8753004
279.87744,-406.87698,6.9514146,6.8434863
279.33224,-406.03882,6.9845905,6.8097057
278.7849,-405.20203,7.016837,6.7746553
278.2354,-404.36667,7.049083,6.7396054
277.6838,-403.53268,7.0813293,6.704555
277.1301,-402.7001,7.1135755,6.6695046
276.57434,-401.8689,7.145832,6.634567
276.01648,-401.03906,7.1780944,6.599699
275.4566,-400.21063,7.210357,6.5648313
274.89468,-399.38358,7.24262,6.5299635
274.33075,-398.5579,7.2748823,6.4950957
273.76483,-397.73355,7.261598,6.493512
273.19693,-396.91058,7.220917,6.5119486
272.62704,-396.089,7.1802363,6.5303855
272.05524,-395.26874,7.1395555,6.5488224
271.4815,-394.44983,7.0988746,6.567259
270.90585,-393.63226,7.0582037,6.585691
270.3283,-392.81604,7.0175385,6.6041207
269.7489,-392.00113,6.9768734,6.62255
269.1676,-391.18756,6.9362082,6.6409793
268.5845,-390.3753,6.895543,6.659409
267.99954,-389.56436,6.864025,6.6774454
267.41278,-388.75476,6.8375993,6.695263
266.8242,-387.94644,6.8111734,6.7130804
266.23383,-387.13943,6.784747,6.7308974
265.64166,-386.33377,6.7583213,6.748715
265.0477,-385.5294,6.7493887,6.765231
264.452,-384.72632,6.7499886,6.781038
263.85455,-383.92456,6.750589,6.7968445
263.25534,-383.12408,6.751189,6.812651
262.6544,-382.32495,6.7517896,6.828458
262.05173,-381.52707,6.7438183,6.85387
261.44736,-380.7305,6.731219,6.8844686
260.84128,-379.93524,6.7186193,6.915067
260.23352,-379.14127,6.70602,6.945666
259.62405,-378.34857,6.6934204,6.9762645
259.0129,-377.5572,6.67706,7.011139
258.40015,-376.7671,6.6586676,7.048324
257.7857,-375.97824,6.640275,7.085509
257.16962,-375.1907,6.6218824,7.122694
256.55188,-374.40445,6.60349,7.159879
255.93256,-373.61945,6.6151085,7.1623936
255.3116,-372.83575,6.64309,7.146004
254.68904,-372.0533,6.6710715,7.1296153
254.0649,-371.27216,6.6990533,7.113226
253.43915,-370.49225,6.727035,7.0968366
252.81184,-369.71362,6.761448,7.0729856
252.18297,-368.93625,6.799418,7.0450077
251.55254,-368.16016,6.837388,7.01703
250.92056,-367.38528,6.875358,6.989052
250.28705,-366.6117,6.913328,6.961074
249.652,-365.8394,6.951298,6.9330964
249.01543,-365.0683,6.989268,6.9051185
248.37735,-364.29846,7.027237,6.877141
247.73778,-363.52988,7.0652065,6.8491635
247.09671,-362.7625,7.103176,6.821186
246.45415,-361.99643,7.115348,6.809856
245.81012,-361.23157,7.1127496,6.8080573
245.16463,-360.46793,7.1101513,6.8062587
244.51767,-359.70557,7.107553,6.80446
243.86928,-358.9444,7.1049547,6.802661
243.21942,-358.18448,7.0945168,6.8059196
242.56815,-357.42578,7.079523,6.812117
241.91544,-356.6683,7.06453,6.8183146
241.26132,-355.91205,7.049536,6.8245115
240.6058,-355.157,7.0345426,6.830709
239.9489,-354.4032,7.022445,6.8366556
239.29062,-353.65057,7.0120463,6.842455
238.63098,-352.8991,7.0016475,6.848254
237.97002,-352.14883,6.9912486,6.8540535
237.30774,-351.39972,6.9808497,6.859853
236.6442,-350.65173,6.980275,6.8648973
235.97937,-349.90488,6.985476,6.8694983
235.31332,-349.15912,6.990677,6.874099
234.64606,-348.41443,6.9958773,6.8786993
233.9776,-347.67084,7.001078,6.8833
233.30795,-346.92828,7.006153,6.888027
232.63716,-346.1868,7.0111547,6.8928285
231.96524,-345.44632,7.016156,6.89763
231.2922,-344.70685,7.0211577,6.9024315
230.61809,-343.96838,7.0261593,6.9072328
229.9429,-343.23087,7.0336895,6.914563
229.26666,-342.49432,7.042693,6.9233665
228.58942,-341.75873,7.0516963,6.93217
227.91115,-341.02405,7.0607,6.9409733
227.2319,-340.29028,7.069703,6.9497766
226.55171,-339.5574,7.0840335,6.9646673
225.87056,-338.8254,7.1014404,6.9830747
225.18849,-338.09427,7.1188474,7.0014825
224.50554,-337.36395,7.1362543,7.01989
223.82169,-336.6345,7.1536617,7.038297
223.137,-335.9058,7.1711955,7.0567045
222.45146,-335.17792,7.1888022,7.0751114
221.7651,-334.45078,7.206409,7.0935187
221.07796,-333.72443,7.2240157,7.1119256
220.39003,-332.99878,7.2416224,7.130333
219.70135,-332.27386,7.2592287,7.1488667
219.01195,-331.54965,7.2768345,7.167473
218.32182,-330.8261,7.2944403,7.186079
217.631,-330.1032,7.3120465,7.204685
216.9395,-329.38098,7.3296523,7.2232914
216.24734,-328.6594,7.3432913,7.2473974
215.55457,-327.9384,7.3546944,7.2746043
214.86118,-327.218,7.3660975,7.301811
214.16718,-326.49814,7.3775,7.329018
213.47263,-325.77887,7.388903,7.356225
212.7775,-325.06012,7.4003053,7.38343
212.08185,-324.3419,7.411707,7.4106345
211.38568,-323.62415,7.423109,7.437839
210.68903,-322.90692,7.4345107,7.4650435
209.99188,-322.19012,7.445913,7.492248
209.2943,-321.4738,7.457314,7.519579
208.59627,-320.75784,7.4687147,7.546981
207.89783,-320.04233,7.4801154,7.5743823
207.19897,-319.3272,7.491516,7.601784
206.49976,-318.61246,7.502917,7.629186
205.80019,-317.89804,7.510081,7.649911
205.10028,-317.18396,7.5148807,7.6669106
204.40004,-316.47018,7.5196805,7.68391
203.69951,-315.7567,7.5244803,7.700909
202.9987,-315.04352,7.52928,7.717909
202.29762,-314.3306,7.5250974,7.721049
201.59631,-313.6179,7.5158987,7.7164493
200.89478,-312.9054,7.5066996,7.7118497
200.19304,-312.1931,7.497501,7.7072506
199.49112,-311.48102,7.488302,7.702651
198.78903,-310.76907,7.4791036,7.69818
198.0868,-310.05728,7.469906,7.693781
197.38445,-309.3456,7.4607077,7.689382
196.68199,-308.63403,7.4515095,7.684983
195.97943,-307.92255,7.4423113,7.680584
195.27682,-307.21112,7.433114,7.676185
194.57416,-306.49976,7.4239163,7.6717863
193.87146,-305.78842,7.414719,7.6673875
193.16875,-305.0771,7.405522,7.6629887
192.46605,-304.36575,7.3963246,7.65859
191.76338,-303.6544,7.3869996,7.6541915
191.06075,-302.943,7.377603,7.649793
190.3582,-302.2315,7.3682065,7.6453943
189.65572,-301.51996,7.3588095,7.640996
188.95335,-300.8083,7.349413,7.6365976
188.2511,-300.0965,7.3401437,7.632072
187.549,-299.38458,7.3309474,7.627474
186.84706,-298.6725,7.321751,7.6228757
186.1453,-297.96024,7.312555,7.6182775
185.44374,-297.24777,7.3033586,7.6136794
184.7424,-296.5351,7.2941628,7.609208
184.0413,-295.82217,7.284967,7.60481
183.34045,-295.109,7.2757707,7.6004124
182.6399,-294.3956,7.266575,7.596014
181.93962,-293.68185,7.257379,7.591616
181.23967,-292.96783,7.2481833,7.5872183
180.54005,-292.25345,7.238988,7.5828204
179.84079,-291.53873,7.229792,7.5784225
179.14189,-290.82367,7.220597,7.5740247
178.4434,-290.1082,7.211401,7.569627
177.74533,-289.3923,7.2022057,7.565103
177.04768,-288.67603,7.1930103,7.5605054
176.35048,-287.9593,7.183815,7.5559077
175.65373,-287.24213,7.17462,7.55131
174.95744,-286.52454,7.165425,7.5467124
174.26163,-285.80646,7.156104,7.54224
173.56628,-285.08792,7.146709,7.5378423
172.87141,-284.36893,7.1373134,7.533445
172.17705,-283.64948,7.1279182,7.529047
171.48318,-282.9295,7.118523,7.524649
170.78981,-282.20908,7.1092525,7.5202513
170.09695,-281.48816,7.100057,7.5158534
169.40462,-280.76672,7.0908613,7.5114555
168.7128,-280.0448,7.0816655,7.507057
168.02153,-279.32236,7.0724697,7.5026593
167.33078,-278.5994,7.0632734,7.4981365
166.6406,-277.87592,7.0540767,7.4935384
165.95097,-277.15192,7.04488,7.48894
165.2619,-276.42737,7.035683,7.4843416
164.5734,-275.70227,7.0264864,7.4797435
163.88548,-274.97665,7.017289,7.475269
163.19814,-274.25046,7.008091,7.4708695
162.5114,-273.52368,6.9988933,7.4664707
161.82526,-272.7964,6.989695,7.4620714
161.13972,-272.06848,6.9804974,7.4576726
160.4548,-271.34003,6.971298,7.4532733
159.77051,-270.61096,6.9620986,7.448873
159.08684,-269.88132,6.952899,7.4444733
158.40381,-269.15106,6.9436994,7.4400735
157.72142,-268.42023,6.9344997,7.4356737
157.03969,-267.68875,6.9311237,7.4265633
156.35863,-266.9567,6.931324,7.4145613
155.67822,-266.224,6.931524,7.4025593
154.9985,-265.49066,6.931724,7.390557
154.31947,-264.7567,6.931924,7.378555
153.64113,-264.02213,6.9348555,7.36444
152.96349,-263.28687,6.9394574,7.3490334
152.28654,-262.55096,6.94406,7.3336263
151.61032,-261.81442,6.948662,7.3182197
150.93483,-261.0772,6.9532638,7.302813
150.26006,-260.33932,6.9578667,7.287528
149.58601,-259.60077,6.96247,7.272317
148.91273,-258.86154,6.967073,7.257106
148.24022,-258.1216,6.9716763,7.241895
147.56845,-257.38098,6.9762797,7.226684
146.89748,-256.63962,6.980884,7.21147
146.2273,-255.8976,6.985489,7.1962543
145.55788,-255.15485,6.9900937,7.181039
144.88922,-254.41142,6.9946985,7.165823
144.22133,-253.6673,6.999303,7.1506076
143.5542,-252.9225,7.003908,7.1352634
142.88782,-252.17705,7.008514,7.119845
142.22215,-251.43094,7.013119,7.1044264
141.55719,-250.6842,7.017725,7.0890074
140.89291,-249.93686,7.0223308,7.073589
140.2293,-249.18893,7.026936,7.0582986
139.56633,-248.44043,7.0315413,7.0430813
138.90399,-247.69136,7.0361466,7.0278635
138.24228,-246.94176,7.040752,7.012646
137.58115,-246.19162,7.045357,6.997429
136.92061,-245.44096,7.049833,6.9820857
136.26064,-244.68983,7.0542364,6.9666724
135.6012,-243.9382,7.05864,6.9512596
134.94229,-243.18613,7.063044,6.9358463
134.2839,-242.4336,7.0674477,6.9204335
133.62599,-241.68063,7.071979,6.9051557
132.96857,-240.92726,7.0765805,6.8899508
132.3116,-240.1735,7.081182,6.874746
131.65506,-239.41934,7.0857835,6.8595414
130.99895,-238.66481,7.090385,6.8443365
130.34325,-237.90994,7.094984,6.8291397
129.68793,-237.15472,7.099582,6.8139462
129.03297,-236.3992,7.10418,6.7987533
128.37837,-235.64337,7.108778,6.7835603
127.7241,-234.88725,7.1133757,6.768367
127.07014,-234.13087,7.117971,6.7530546
126.416466,-233.37422,7.1225643,6.7376766
125.76308,-232.61734,7.1271577,6.7222986
125.109955,-231.86023,7.131751,6.7069206
124.457085,-231.1029,7.1363444,6.6915426
123.80445,-230.34538,7.1409345,6.6763043
123.15203,-229.58766,7.145522,6.6611443
122.499794,-228.82979,7.1501102,6.645984
121.8477,-228.0718,7.154698,6.630824
121.19573,-227.31369,7.159286,6.615664
120.54386,-226.5555,7.16387,6.6005177
119.89208,-225.79723,7.168451,6.5853796
119.24043,-225.03885,7.1730323,6.570241
118.588936,-224.28033,7.1776137,6.5551023
117.93762,-223.52168,7.182195,6.5399632
117.28651,-222.76283,7.1867723,6.5247183
116.635475,-222.00394,7.191347,6.5094037
115.98431,-221.24513,7.1959214,6.494089
115.33279,-220.48665,7.2004957,6.4787755
114.68069,-219.72867,7.2050695,6.463463
114.02776,-218.97137,7.2095304,6.4482584
113.37342,-218.21532,7.2139087,6.433133
112.71676,-217.46127,7.2182875,6.418007
112.05689,-216.71004,7.2226667,6.4028788
111.39293,-215.96242,7.2270465,6.387748
110.72401,-215.21924,7.2315545,6.3724484
110.04958,-214.48103,7.236164,6.357015
109.36939,-213.74815,7.2407737,6.3415837
108.68319,-213.0209,7.245381,6.326159
107.99074,-212.29959,7.249985,6.3107452
107.29162,-211.58473,7.254634,6.2955256
106.58194,-210.88037,7.259319,6.280452
105.85507,-210.1938,7.264007,6.265368
105.10477,-209.53297,7.2686996,6.250271
104.32554,-208.90659,7.273392,6.2351727
103.513336,-208.32362,7.2725124,6.260129
102.668076,-207.7897,7.2687316,6.305915
101.791855,-207.30833,7.264953,6.3516774
100.88694,-206.88336,7.261173,6.397462
99.955956,-206.51907,7.2573886,6.4432936
99.00233,-206.21909,7.163837,6.5665207
98.03122,-205.98154,7.060055,6.6985517
97.04764,-205.80237,6.956372,6.8304563
96.05571,-205.67726,6.8527617,6.9622674
95.05875,-205.60193,6.7499604,7.0937614
94.059364,-205.57245,6.745289,7.183497
93.05962,-205.58546,6.740613,7.2733126
92.06115,-205.63765,6.7359357,7.3631496
91.06518,-205.72559,6.731259,7.4529824
90.072586,-205.8459,6.726582,7.54282
89.08398,-205.99547,6.84546,7.5241776
88.099945,-206.1727,6.9819264,7.490109
87.12106,-206.37646,7.118398,7.4560394
86.14782,-206.60565,7.2548575,7.421973
85.180626,-206.85918,7.3912964,7.387912
84.219864,-207.13608,7.5164576,7.3416805
83.26633,-207.4369,7.6369996,7.29045
82.32115,-207.76306,7.7575607,7.2392116
81.385605,-208.11586,7.8781395,7.187966
80.4611,-208.49664,7.9987164,7.1367207
79.54912,-208.90651,8.013672,7.1508756
78.65091,-209.34575,7.9900117,7.1889377
77.76757,-209.81418,7.9663525,7.2269983
76.900246,-210.31161,7.94269,7.265064
76.05012,-210.8379,7.919021,7.3031397
75.218216,-211.39255,7.852559,7.393422
74.4043,-211.97328,7.779838,7.491339
73.60746,-212.57724,7.7071323,7.589236
72.826614,-213.20177,7.6344395,7.687115
72.0605,-213.84427,7.5617404,7.7850027
71.30778,-214.50243,7.5343304,7.7617188
70.56722,-215.17424,7.50738,7.7371817
69.83754,-215.85785,7.4804273,7.712643
69.11737,-216.55148,7.453475,7.688104
68.40528,-217.25342,7.426571,7.663448
67.69981,-217.96199,7.402395,7.6323357
66.99957,-218.67577,7.378217,7.601222
66.3032,-219.39328,7.35404,7.570109
65.609276,-220.11319,7.3298635,7.5389967
64.9164,-220.83409,7.305688,7.507885
64.22311,-221.5546,7.2816057,7.477086
63.527897,-222.27325,7.2575264,7.4462957
62.829235,-222.98856,7.233446,7.415505
62.12562,-223.69899,7.209366,7.3847136
61.415585,-224.403,7.1852875,7.3539248
60.697758,-225.09906,7.161615,7.319551
59.97118,-225.78596,7.137986,7.2848034
59.23504,-226.46263,7.114357,7.250055
58.488567,-227.12787,7.090727,7.215304
57.731037,-227.78049,7.0670953,7.180552
56.96189,-228.41937,7.0497375,7.1060786
56.181282,-229.04419,7.033326,7.0256233
55.3896,-229.65494,7.016916,6.9451733
54.58723,-230.25157,7.0005064,6.864726
53.77455,-230.83406,6.984097,6.78428
52.951904,-231.4024,6.937136,6.7911744
52.119556,-231.95645,6.8856983,6.8108654
51.277737,-232.49599,6.834259,6.8305573
50.426678,-233.02083,6.782819,6.8502493
49.56662,-233.53079,6.7313786,6.8699408
48.697803,-234.02568,6.7366157,6.858145
47.82052,-234.5054,6.7484713,6.8426733
46.93506,-234.96986,6.7603264,6.827201
46.041718,-235.41898,6.772182,6.811729
45.140785,-235.85268,6.7840376,6.796256
44.232555,-236.27086,6.7919903,6.822409
43.317326,-236.6735,6.799598,6.85224
42.395397,-237.06055,6.8072057,6.8820705
41.467068,-237.43198,6.814813,6.9118996
40.53263,-237.78778,6.82242,6.9417267
39.592285,-238.12766,6.8080654,7.0221763
38.645763,-238.44992,6.7918983,7.1068053
37.692757,-238.75244,6.77573,7.1914372
36.733074,-239.03307,6.7595634,7.2760625
35.766678,-239.28958,6.7434025,7.360658
34.793648,-239.51967,6.8070393,7.3235383
33.814137,-239.72035,6.87825,7.2748575
32.8285,-239.88829,6.9494767,7.226166
31.83739,-240.02011,7.0207267,7.177458
30.841833,-240.11237,7.091982,7.128747
29.843254,-240.16214,7.1119804,7.104693
28.843454,-240.16914,7.1289086,7.0821214
27.844257,-240.13376,7.145833,7.059556
26.847433,-240.05637,7.162758,7.0369897
25.854725,-239.93729,7.179687,7.014417
24.867807,-239.77715,7.1104336,7.0585537
23.888018,-239.57796,7.03955,7.103951
22.916382,-239.34215,6.9686775,7.149341
21.953688,-239.07211,6.8978176,7.1947236
21.00051,-238.77019,6.826956,7.240107
20.0573,-238.43843,6.829526,7.2233257
19.124617,-238.07814,6.835294,7.2038345
18.203007,-237.69038,6.8410625,7.184341
17.292953,-237.27623,6.8468313,7.164846
16.394869,-236.83672,6.8526006,7.14535
15.509097,-236.37288,6.8679895,7.147935
14.635842,-235.8859,6.8840947,7.1521626
13.775213,-235.37692,6.9001994,7.1563897
12.927254,-234.8471,6.916303,7.1606174
12.091951,-234.29755,6.9324083,7.1648445
11.269223,-233.72934,6.9427085,7.16733
10.4588375,-233.14365,6.9527874,7.169749
9.660473,-232.54167,6.962867,7.172168
8.87375,-231.92458,6.9729457,7.174587
8.098236,-231.29343,6.9829993,7.176993
7.3334627,-230.6493,6.982799,7.1741867
6.5789332,-229.99323,6.982599,7.1713805
5.8341136,-229.32613,6.982398,7.1685743
5.0984335,-228.64897,6.9821978,7.165768
4.3712897,-227.96265,6.981992,7.1628637
3.6520467,-227.26805,6.981394,7.1528997
2.9400187,-226.56606,6.9807963,7.142936
2.234488,-225.85753,6.9801984,7.1329722
1.5347154,-225.14333,6.9796004,7.1230083
0.8399419,-224.42424,6.9790025,7.1130447
0.14945363,-223.70105,6.978208,7.0979495
-0.5372302,-222.97424,6.977412,7.082831
-1.2205356,-222.24426,6.9766164,7.0677123
-1.900895,-221.51154,6.9758205,7.052594
-2.5787454,-220.77647,6.975025,7.0374756
-3.254443,-220.03944,6.974421,7.0225244
-3.9279733,-219.30043,6.973823,7.007579
-4.599218,-218.55934,6.973225,6.992633
-5.268058,-217.81607,6.9726276,6.9776874
-5.934373,-217.07056,6.9720297,6.9627414
-6.5980577,-216.32268,6.967636,6.952513
-7.2590756,-215.57245,6.963044,6.942531
-7.9174104,-214.81987,6.9584527,6.932549
-8.573047,-214.06494,6.9538608,6.922567
-9.225967,-213.30766,6.949269,6.912585
-9.876152,-212.54802,6.9367642,6.913506
-10.523562,-211.78603,6.9237666,6.915106
-11.168153,-211.02164,6.910769,6.916705
-11.809877,-210.25484,6.897772,6.918305
-12.448689,-209.48563,6.884774,6.9199047
-13.084545,-208.71394,6.8715725,6.9224477
-13.717403,-207.93982,6.858358,6.9250507
-14.347226,-207.16322,6.845143,6.927654
-14.973974,-206.38414,6.8319283,6.9302564
-15.597609,-205.60255,6.8187137,6.9328594
-16.21809,-204.81848,6.803591,6.9529076
-16.835377,-204.03188,6.788359,6.9739513
-17.449429,-203.24275,6.7731276,6.994995
-18.060202,-202.45108,6.7578955,7.016039
-18.667656,-201.65686,6.742664,7.0370827
-19.27175,-200.86008,6.727232,7.057946
-19.87244,-200.06073,6.711791,7.0788016
-20.469687,-199.25882,6.69635,7.099657
-21.063448,-198.4543,6.680909,7.1205125
-21.65368,-197.6472,6.665468,7.1413674
-22.240345,-196.83751,6.665972,7.148029
-22.823397,-196.0252,6.666975,7.154246
-23.402798,-195.2103,6.667978,7.160463
-23.978504,-194.39278,6.6689806,7.1666803
-24.550476,-193.57263,6.6699834,7.1728973
-25.11867,-192.74988,6.698983,7.1540723
-25.683044,-191.92448,6.7284527,7.1348267
-26.243557,-191.09647,6.7579226,7.1155815
-26.800165,-190.26582,6.787392,7.096336
-27.352827,-189.43254,6.8168616,7.0770907
-27.901497,-188.59663,6.839126,7.0604553
-28.446142,-187.7581,6.8613563,7.043833
-28.986725,-186.91693,6.883587,7.0272098
-29.523212,-186.07315,6.9058175,7.010587
-30.055565,-185.22676,6.927989,6.993986
-30.583757,-184.37776,6.922989,6.987586
-31.107775,-183.52618,6.917989,6.981186
-31.627613,-182.67204,6.9129887,6.974786
-32.143265,-181.81538,6.9079885,6.968385
-32.654728,-180.95619,6.9029884,6.961985
-33.161995,-180.09453,6.8979936,6.9555917
-33.665054,-179.23041,6.8929987,6.9491987
-34.163895,-178.36385,6.888004,6.9428053
-34.65851,-177.49486,6.8830094,6.936412
-35.148888,-176.62346,6.8780146,6.9300184
-35.635014,-175.7497,6.8732224,6.9236298
-36.116886,-174.87358,6.8684306,6.9172406
-36.594486,-173.99513,6.863639,6.910852
-37.067806,-173.11436,6.858847,6.904463
-37.536835,-172.23131,6.8540554,6.898074
-38.00156,-171.34596,6.8461094,6.89583
-38.461975,-170.45839,6.8381257,6.893635
-38.918064,-169.56857,6.8301425,6.891439
-39.369812,-168.67654,6.8221593,6.8892436
-39.817215,-167.78233,6.8141756,6.8870482
-40.260254,-166.88596,6.7962375,6.8987117
-40.698914,-165.98743,6.7780747,6.910687
-41.13319,-165.08676,6.7599125,6.9226623
-41.56306,-164.18399,6.74175,6.9346375
-41.988518,-163.27913,6.723587,6.946613
-42.409542,-162.37221,6.705611,6.9583993
-42.826126,-161.46323,6.6876416,6.9701796
-43.23825,-160.55222,6.6696715,6.98196
-43.645905,-159.6392,6.651702,6.99374
-44.049065,-158.7242,6.6337323,7.00552
-44.447723,-157.8072,6.6408587,6.9941163
-44.841866,-156.88828,6.6490507,6.981728
-45.23147,-155.9674,6.657243,6.9693403
-45.616524,-155.04463,6.665435,6.956952
-45.997005,-154.11996,6.6736274,6.944564
-46.372906,-153.19342,6.696911,6.9180346
-46.744205,-152.26503,6.7209134,6.890831
-47.11088,-151.3348,6.7449164,6.863628
-47.472923,-150.40274,6.7689195,6.836425
-47.830307,-149.4689,6.7929225,6.8092213
-48.183018,-148.5333,6.809879,6.7917385
-48.53104,-147.59592,6.826504,6.7747126
-48.874348,-146.65681,6.8431296,6.7576866
-49.21292,-145.71599,6.859755,6.7406607
-49.546745,-144.77347,6.87638,6.7236347
-49.875805,-143.82927,6.8511224,6.7627826
-50.200157,-142.88345,6.824242,6.8041053
-50.51985,-141.93605,6.7973623,6.8454285
-50.834957,-140.9871,6.770482,6.886751
-51.14553,-140.03667,6.7436023,6.928074
-51.451637,-139.08478,6.716514,6.9696116
-51.75335,-138.1315,6.689421,7.0111537
-52.05073,-137.17685,6.6623287,7.052696
-52.343864,-136.22089,6.635236,7.0942388
-52.632813,-135.26366,6.608143,7.135781
-52.91765,-134.30519,6.634532,7.1118617
-53.198437,-133.34554,6.661205,7.087596
-53.475246,-132.38474,6.687877,7.0633297
-53.74814,-131.42279,6.71455,7.0390635
-54.017178,-130.45978,6.7412305,7.014785
-54.282444,-129.49571,6.768858,6.988959
-54.54403,-128.53064,6.796485,6.9631333
-54.80205,-127.56462,6.8241124,6.937308
-55.056614,-126.59767,6.85174,6.9114823
-55.307827,-125.62985,6.879106,6.8857875
-55.555775,-124.661194,6.887093,6.869814
-55.800434,-123.691696,6.8950796,6.8538404
-56.041763,-122.72136,6.9030666,6.837867
-56.27971,-121.7502,6.9110537,6.821893
-56.51423,-120.77819,6.918919,6.805979
-56.745144,-119.80533,6.902778,6.8017945
-56.9718,-118.83147,6.8866377,6.79761
-57.193417,-117.856445,6.870497,6.793425
-57.409195,-116.88011,6.8543563,6.7892404
-57.618355,-115.90234,6.838216,6.785056
-57.820107,-114.92302,6.8193016,6.785787
-58.013714,-113.942055,6.8003497,6.7865853
-58.19844,-112.95937,6.781398,6.787383
-58.373543,-111.97494,6.762446,6.7881813
-58.53829,-110.988716,6.7434945,6.788979
-58.691914,-110.0007,6.722155,6.7938704
-58.833637,-109.01091,6.7007523,6.798871
-58.962654,-108.01939,6.6793494,6.8038716
-59.078156,-107.02619,6.6579466,6.808872
-59.179333,-106.03144,6.636544,6.813873
-59.26538,-105.03526,6.624877,6.8147807
-59.335556,-104.03785,6.6134644,6.8155813
-59.38911,-103.039406,6.6020513,6.8163824
-59.425304,-102.04018,6.5906386,6.8171835
-59.443394,-101.04047,6.579226,6.817984
-59.442593,-100.04059,6.563928,6.8064513
-59.42195,-99.040924,6.548552,6.7946696
-59.380478,-98.04191,6.533176,6.782888
-59.317184,-97.044044,6.5178013,6.771107
-59.23108,-96.04788,6.5024285,6.7593284
-59.121086,-95.054085,6.4924526,6.734839
-58.985577,-94.063446,6.4826317,6.7099857
-58.822784,-93.07693,6.4728093,6.68513
-58.63095,-92.09564,6.462986,6.660271
-58.408356,-91.12089,6.453163,6.6354127
-58.153675,-90.154015,6.475224,6.6268644
-57.86703,-89.19614,6.4978185,6.618593
-57.548893,-88.24825,6.520412,6.6103225
-57.199703,-87.311356,6.543009,6.6020503
-56.819878,-86.38646,6.565158,6.5945
-56.410374,-85.47431,6.5709767,6.6129603
-55.974163,-84.57462,6.5767956,6.6314206
-55.514614,-83.686615,6.5826135,6.6498766
-55.03498,-82.80929,6.58843,6.6683297
-54.5384,-81.94144,6.593079,6.6866336
-54.02775,-81.08178,6.571403,6.701548
-53.505344,-80.22922,6.5497217,6.7164664
-52.973366,-79.38259,6.528039,6.731386
-52.433945,-78.54069,6.506356,6.746306
-51.889175,-77.702225,6.4846363,6.76066
-51.34081,-76.86612,6.460538,6.738155
-50.789307,-76.032074,6.436439,6.7156496
-50.23483,-75.200005,6.41234,6.6931443
-49.677532,-74.36982,6.3882413,6.6706386
-49.11758,-73.54143,6.3641424,6.6481333
-48.555126,-72.71473,6.3356037,6.555663
-47.99031,-71.88964,6.307039,6.4627767
-47.42327,-71.066086,6.278474,6.3698907
-46.854145,-70.243965,6.249909,6.2770047
-46.283066,-69.4232,6.221344,6.1841183
-45.71017,-68.60371,6.32381,6.1865587
-45.1356,-67.78538,6.4278736,6.190161
-44.55949,-66.96814,6.5319366,6.1937633
-43.981983,-66.151886,6.636,6.1973653
-43.403214,-65.336525,6.740063,6.200968
-42.823322,-64.521965,6.707456,6.2651105
-42.24246,-63.708096,6.6736073,6.3298035
-41.66078,-62.894806,6.6397586,6.3944964
-41.078445,-62.08199,6.6059103,6.4591894
-40.495605,-61.269535,6.5720615,6.5238824
-39.912395,-60.457348,6.5564065,6.5411925
-39.328888,-59.64537,6.5407853,6.5584164
-38.74514,-58.83357,6.5251637,6.57564
-38.161205,-58.0219,6.509542,6.592864
-37.57714,-57.210327,6.4940042,6.609995
-36.992985,-56.398815,6.494805,6.608994
-36.40875,-55.587368,6.4956055,6.607993
-35.824413,-54.775986,6.4964066,6.606992
-35.23998,-53.964676,6.497207,6.605991
-34.655434,-53.15345,6.49801,6.604988
-34.07077,-52.342304,6.4990106,6.6037874
-33.485992,-51.531242,6.5000114,6.6025863
-32.90111,-50.720257,6.501012,6.6013856
-32.316128,-49.909344,6.5020127,6.600185
-31.73105,-49.0985,6.503013,6.5989842
-31.145884,-48.28772,6.5040135,6.5977836
-30.560633,-47.477,6.505014,6.5965834
-29.975296,-46.66634,6.5060143,6.595383
-29.38988,-45.85574,6.5070143,6.5941825
-28.804384,-45.045197,6.508012,6.592985
-28.218813,-44.23471,6.508812,6.591985
-27.633167,-43.424274,6.509612,6.590985
-27.047453,-42.613888,6.510412,6.589985
-26.461672,-41.803555,6.511212,6.588985
-25.875826,-40.993263,6.5120153,6.5879817
-25.28992,-40.183014,6.5130153,6.586782
-24.703959,-39.37281,6.5140147,6.5855823
-24.117943,-38.56264,6.5150146,6.584382
-23.531876,-37.752514,6.5160146,6.5831823
-22.94576,-36.942417,6.5170116,6.5819826
-22.359602,-36.132355,6.5178113,6.580783
-21.773401,-35.32232,6.518611,6.579583
-21.187162,-34.512314,6.519411,6.5783834
-20.600887,-33.702335,6.5202107,6.5771837
-20.01458,-32.89238,6.5210133,6.575984
-19.428242,-32.082443,6.5220127,6.5747848
-18.841879,-31.27253,6.5230126,6.573585
-18.255493,-30.46263,6.524012,6.5723853
-17.669086,-29.652746,6.5250115,6.571186
-17.082663,-28.842873,6.526009,6.5699887
-16.496225,-28.033012,6.5268087,6.5689893
-15.909777,-27.223158,6.5276084,6.5679893
-15.323321,-26.41331,6.528408,6.56699
-14.736861,-25.603464,6.5292077,6.5659904
-14.1504,-24.79362,6.5300093,6.564989
-13.563942,-23.983772,6.5310087,6.5637894
-12.977488,-23.173922,6.5320086,6.5625896
-12.39104,-22.364067,6.533008,6.5613904
-11.804601,-21.554207,6.5340075,6.5601907
-11.218171,-20.744339,6.5350075,6.5589914
-10.631752,-19.934464,6.536007,6.5577917
-10.045345,-19.12458,6.5370064,6.556592
-9.458949,-18.314688,6.5380063,6.5553927
-8.872563,-17.50479,6.5390058,6.554193
-8.286188,-16.694881,6.5400043,6.5529947
-7.6998224,-15.884968,6.540804,6.551995
-7.1134667,-15.0750475,6.541604,6.5509953
-6.52712,-14.26512,6.5424037,6.5499954
-5.9407835,-13.455184,6.5432034,6.548996
-5.3544564,-12.645243,6.544004,6.5479956
-4.7681394,-11.835294,6.5450034,6.546796
-4.1818314,-11.025338,6.5460033,6.545596
-3.595533,-10.215375,6.547003,6.5443964
-3.0092437,-9.405406,6.5480027,6.5431967
-2.4229639,-8.59543,6.5490017,6.541997
-1.8366929,-7.7854476,6.549802,6.540797
-1.250431,-6.9754586,6.5506015,6.5395975
-0.6641777,-6.1654634,6.551401,6.5383983
-0.07793332,-5.3554616,6.5522013,6.5371985
0.50830245,-4.5454535,6.5530005,6.536
1.0945296,-3.7354395,6.5536003,6.536
1.6807482,-2.9254193,6.5542,6.536
2.2669585,-2.115393,6.5548,6.536
2.8531604,-1.3053604,6.5554004,6.536
