# x_m,y_m,w_tr_right_m,w_tr_left_m
-1.384359,0.95602,6.439,7.198
-1.9207819,0.11207813,6.4396,7.1981997
-2.4572287,-0.73184854,6.4402,7.1984
-2.993699,-1.5757602,6.4407997,7.1986
-3.5301926,-2.419657,6.4413996,7.1988
-4.066709,-3.2635396,6.4419994,7.199
-4.603248,-4.1074076,6.4423995,7.199
-5.139809,-4.9512615,6.4427996,7.199
-5.676392,-5.7951016,6.4431996,7.199
-6.2129965,-6.638928,6.4435997,7.199
-6.7496223,-7.482741,6.4439993,7.199
-7.286269,-8.32654,6.4443994,7.199
-7.822936,-9.170327,6.4447994,7.199
-8.359624,-10.0141,6.445199,7.199
-8.896331,-10.8578615,6.445599,7.199
-9.433058,-11.70161,6.445999,7.199
-9.969804,-12.545346,6.4465985,7.199
-10.506568,-13.3890705,6.4471984,7.199
-11.043351,-14.232783,6.4477983,7.199
-11.5801525,-15.076485,6.448398,7.199
-12.116972,-15.920175,6.448998,7.199
-12.653809,-16.763853,6.4493985,7.199
-13.190662,-17.607521,6.4497986,7.199
-13.727533,-18.451178,6.450198,7.199
-14.26442,-19.294825,6.4505982,7.199
-14.801323,-20.138462,6.4509983,7.199
-15.338243,-20.982088,6.451398,7.199
-15.875176,-21.825705,6.451798,7.199
-16.412127,-22.669312,6.452198,7.199
-16.949091,-23.512909,6.4525976,7.199
-17.48607,-24.356497,6.4529977,7.199
-18.023064,-25.200075,6.453596,7.199
-18.56007,-26.043646,6.454196,7.199
-19.09709,-26.887207,6.454796,7.199
-19.634123,-27.73076,6.4553957,7.199
-20.17117,-28.574306,6.4559956,7.199
-20.70823,-29.417845,6.456397,7.199
-21.245298,-30.261374,6.4567966,7.199
-21.782381,-31.104897,6.4571967,7.199
-22.319475,-31.94841,6.457597,7.199
-22.85658,-32.79192,6.4579964,7.199
-23.393696,-33.635418,6.4583964,7.199
-23.930822,-34.478912,6.458796,7.199
-24.467958,-35.322403,6.459196,7.199
-25.005106,-36.165882,6.459596,7.199
-25.542261,-37.009357,6.4599957,7.199
-26.079426,-37.85283,6.4605937,7.199
-26.616598,-38.696293,6.4611936,7.199
-27.15378,-39.539753,6.4617934,7.199
-27.690971,-40.383205,6.4623933,7.199
-28.228168,-41.226654,6.4629927,7.199
-28.765373,-42.0701,6.463395,7.199
-29.302586,-42.91354,6.463795,7.199
-29.839804,-43.756973,6.464195,7.199
-30.37703,-44.600407,6.464595,7.199
-30.91426,-45.443832,6.4649944,7.199
-31.451498,-46.28726,6.4653945,7.199
-31.98874,-47.130676,6.4657946,7.199
-32.52599,-47.974094,6.466194,7.199
-33.06324,-48.81751,6.466594,7.199
-33.6005,-49.66092,6.466994,7.199
-34.137756,-50.50433,6.467591,7.199
-34.675022,-51.347733,6.4681907,7.199
-35.21229,-52.19114,6.4687905,7.199
-35.74956,-53.034542,6.4693904,7.199
-36.286835,-53.87794,6.46999,7.199
-36.824112,-54.72134,6.470393,7.199
-37.36139,-55.56474,6.4707932,7.199
-37.898666,-56.408134,6.471193,7.199
-38.435947,-57.25153,6.471593,7.199
-38.973232,-58.094925,6.4719925,7.199
-39.510513,-58.93832,6.4723926,7.199
-40.0478,-59.781715,6.4727926,7.199
-40.585083,-60.62511,6.473192,7.199
-41.122364,-61.468502,6.4735923,7.199
-41.659645,-62.311897,6.473992,7.199
-42.196926,-63.155293,6.474588,7.199
-42.734207,-63.99869,6.475188,7.199
-43.271484,-64.84209,6.4757876,7.199
-43.80876,-65.685486,6.4763875,7.199
-44.346035,-66.528885,6.4769874,7.199
-44.88331,-67.37229,6.4773912,7.199
-45.42058,-68.21569,6.4777913,7.199
-45.957848,-69.05909,6.478191,7.199
-46.495117,-69.9025,6.478591,7.199
-47.032383,-70.7459,6.478991,7.199
-47.569645,-71.58931,6.4793906,7.199
-48.106907,-72.43272,6.4797907,7.199
-48.64417,-73.27613,6.4801903,7.199
-49.181427,-74.11954,6.4805903,7.199
-49.71868,-74.96295,6.4809904,7.199
-50.255936,-75.806366,6.481585,7.199195
-50.793186,-76.64978,6.482185,7.199395
-51.330437,-77.493195,6.4827847,7.199595
-51.867687,-78.33661,6.4833846,7.199795
-52.404934,-79.18002,6.4839845,7.199995
-52.942177,-80.023445,6.48439,7.2
-53.47942,-80.86687,6.4847894,7.2
-54.016663,-81.71029,6.4851894,7.2
-54.5539,-82.55371,6.4855895,7.2
-55.091137,-83.39713,6.485989,7.2
-55.628372,-84.240555,6.486389,7.2
-56.165607,-85.083984,6.4867887,7.2
-56.702835,-85.927414,6.487189,7.2
-57.240067,-86.77084,6.487589,7.2
-57.777294,-87.61427,6.4879885,7.2
-58.314518,-88.4577,6.4885826,7.2
-58.85174,-89.30113,6.4891825,7.2
-59.38896,-90.14457,6.4897823,7.2
-59.92618,-90.98801,6.490382,7.2
-60.463398,-91.83144,6.490982,7.2
-61.000614,-92.67488,6.491388,7.2
-61.537827,-93.51832,6.491788,7.2
-62.07504,-94.361755,6.492188,7.2
-62.612247,-95.2052,6.4925876,7.2
-63.149456,-96.048645,6.4929876,7.2
-63.68666,-96.89209,6.4933877,7.2
-64.22386,-97.735535,6.4937873,7.2
-64.76106,-98.57898,6.4941874,7.2
-65.29826,-99.422424,6.4945874,7.2
-65.83546,-100.26588,6.494987,7.2
-66.37266,-101.10933,6.495387,7.2
-66.90985,-101.95278,6.4957867,7.2
-67.44704,-102.796234,6.4961867,7.2
-67.98423,-103.63969,6.496587,7.2
-68.521416,-104.48314,6.4969864,7.2
-69.0586,-105.3266,6.4975796,7.2
-69.59578,-106.17006,6.4981794,7.2
-70.13296,-107.01352,6.4987793,7.2
-70.670135,-107.85698,6.499379,7.2
-71.20731,-108.70044,6.499979,7.2
-71.74449,-109.54391,6.500386,7.2
-72.28166,-110.387375,6.500786,7.2
-72.81883,-111.230835,6.501186,7.2
-73.355995,-112.07431,6.501586,7.2
-73.893166,-112.91778,6.5019855,7.2
-74.43033,-113.761246,6.5023856,7.2
-74.96748,-114.60472,6.5027857,7.2
-75.50465,-115.4482,6.5031853,7.2
-76.0418,-116.29167,6.5035853,7.2
-76.57896,-117.13515,6.5039854,7.2
-77.116104,-117.97862,6.5045776,7.2
-77.65326,-118.822105,6.5051775,7.2
-78.19041,-119.66558,6.5057774,7.2
-78.727554,-120.50906,6.506377,7.2
-79.264694,-121.35255,6.506977,7.2
-79.801834,-122.19603,6.507385,7.2
-80.338974,-123.03952,6.5077844,7.2
-80.876114,-123.883,6.5081844,7.2
-81.413246,-124.726494,6.5085845,7.2
-81.95038,-125.569984,6.508984,7.2
-82.48751,-126.413475,6.509384,7.2
-83.024635,-127.25697,6.509784,7.2
-83.56176,-128.10046,6.510184,7.2
-84.098885,-128.94397,6.510584,7.2
-84.63601,-129.78746,6.510984,7.2
-85.17313,-130.63097,6.5115757,7.2
-85.71024,-131.47446,6.5121756,7.2
-86.24735,-132.31796,6.5127754,7.2
-86.78447,-133.16147,6.5133753,7.2
-87.32158,-134.00497,6.513975,7.2
-87.85868,-134.84848,6.5143833,7.2
-88.39579,-135.69199,6.5147834,7.2
-88.93289,-136.53549,6.515183,7.2
-89.46999,-137.379,6.515583,7.2
-90.00709,-138.22252,6.515983,7.2
-90.54418,-139.06602,6.5163827,7.2
-91.081276,-139.90955,6.5167828,7.2
-91.61837,-140.75307,6.517183,7.2
-92.15546,-141.59659,6.5175824,7.2
-92.69254,-142.44011,6.5179825,7.2
-93.22963,-143.28363,6.5185738,7.2
-93.76671,-144.12715,6.5191736,7.2
-94.30379,-144.97067,6.5197735,7.2
-94.840866,-145.8142,6.5203733,7.2
-95.37794,-146.65773,6.520973,7.2
-95.91501,-147.50125,6.521382,7.2
-96.45208,-148.34479,6.521782,7.2
-96.98915,-149.18831,6.5221815,7.2
-97.526215,-150.03185,6.5225816,7.2
-98.06328,-150.87538,6.5229816,7.2
-98.600334,-151.71892,6.5233817,7.2
-99.13739,-152.56245,6.5237813,7.2
-99.674446,-153.406,6.5241814,7.2
-100.2115,-154.24954,6.5245814,7.2
-100.74855,-155.09308,6.524981,7.2
-101.2856,-155.93663,6.5255713,7.2001905
-101.82264,-156.78017,6.526171,7.2003903
-102.35969,-157.62372,6.526771,7.2005906
-102.89673,-158.46727,6.527371,7.2007904
-103.43376,-159.31082,6.527971,7.20099
-103.9708,-160.15437,6.5283804,7.201
-104.507835,-160.99792,6.5287805,7.201
-105.04486,-161.84148,6.5291805,7.201
-105.58189,-162.68504,6.52958,7.201
-106.11891,-163.5286,6.52998,7.201
-106.65594,-164.37216,6.5303802,7.201
-107.192955,-165.21571,6.53078,7.201
-107.72997,-166.05928,6.53118,7.201
-108.26699,-166.90285,6.53158,7.201
-108.804,-167.74641,6.5319796,7.201
-109.34101,-168.58998,6.5325694,7.201
-109.87802,-169.43355,6.5331693,7.201
-110.41502,-170.27713,6.533769,7.201
-110.95203,-171.1207,6.534369,7.201
-111.48903,-171.96428,6.534969,7.201
-112.026024,-172.80785,6.5353794,7.201
-112.56302,-173.65143,6.535779,7.201
-113.10001,-174.49501,6.536179,7.201
-113.637,-175.3386,6.536579,7.201
-114.17399,-176.18217,6.5369787,7.201
-114.710976,-177.02576,6.537379,7.201
-115.247955,-177.86934,6.537779,7.201
-115.784935,-178.71294,6.5381784,7.201
-116.32191,-179.55652,6.5385785,7.201
-116.85889,-180.40012,6.5389786,7.201
-117.39586,-181.2437,6.5395675,7.201
-117.93282,-182.0873,6.5401673,7.201
-118.46979,-182.9309,6.540767,7.201
-119.00675,-183.77449,6.541367,7.201
-119.54372,-184.61809,6.541967,7.201
-120.08067,-185.4617,6.542378,7.201
-120.61763,-186.3053,6.5427775,7.201
-121.15458,-187.14891,6.5431776,7.201
-121.69153,-187.99251,6.5435777,7.201
-122.22848,-188.83612,6.5439773,7.201
-122.76542,-189.67973,6.5443773,7.201
-123.30236,-190.52335,6.5447774,7.201
-123.8393,-191.36696,6.545177,7.201
-124.376236,-192.21057,6.545577,7.201
-124.91317,-193.05418,6.5459766,7.201
-125.4501,-193.89781,6.546565,7.201
-125.98703,-194.74142,6.547165,7.201
-126.52396,-195.58505,6.547765,7.201
-127.06088,-196.42867,6.5483646,7.201
-127.5978,-197.2723,6.5489645,7.201
-128.13472,-198.11592,6.549376,7.201
-128.67163,-198.95955,6.549776,7.201
-129.20854,-199.80318,6.550176,7.201
-129.74545,-200.64682,6.5505757,7.201
-130.28236,-201.49045,6.550976,7.201
-130.81926,-202.33409,6.551376,7.201
-131.35617,-203.17772,6.5517755,7.201
-131.89307,-204.02136,6.5521755,7.201
-132.42996,-204.865,6.5525756,7.201
-132.96684,-205.70865,6.552975,7.201
-133.50374,-206.55229,6.5535626,7.201
-134.04062,-207.39594,6.5541625,7.201
-134.57751,-208.2396,6.5547624,7.201
-135.1144,-209.08324,6.555362,7.201
-135.65126,-209.9269,6.555962,7.201
-136.18814,-210.77055,6.5563745,7.201
-136.72502,-211.6142,6.5567746,7.201
-137.26189,-212.45786,6.557174,7.201
-137.79875,-213.30151,6.5575743,7.201
-138.33562,-214.14519,6.5579743,7.201
-138.87248,-214.98885,6.558374,7.201
-139.40933,-215.8325,6.558774,7.201
-139.94618,-216.67618,6.5591736,7.201
-140.48305,-217.51985,6.5595737,7.201
-141.0199,-218.36351,6.5599737,7.201
-141.55673,-219.20718,6.56056,7.201
-142.09358,-220.05086,6.56116,7.201
-142.63043,-220.89453,6.56176,7.201
-143.16727,-221.73822,6.56236,7.201
-143.7041,-222.5819,6.5629597,7.201
-144.24095,-223.42557,6.563373,7.201
-144.77779,-224.26924,6.5637727,7.201
-145.31462,-225.11292,6.5641727,7.201
-145.85147,-225.9566,6.5645723,7.201
-146.3883,-226.80028,6.5649724,7.201
-146.92514,-227.64395,6.5653725,7.201
-147.46199,-228.48763,6.565772,7.201
-147.99884,-229.3313,6.566172,7.201
-148.53569,-230.17497,6.5665717,7.201
-149.07254,-231.01863,6.566972,7.201
-149.60939,-231.8623,6.5675573,7.2011857
-150.14626,-232.70596,6.568157,7.201386
-150.68312,-233.54964,6.568757,7.201586
-151.21999,-234.3933,6.569357,7.2017856
-151.75685,-235.23694,6.569957,7.2019854
-152.29373,-236.0806,6.570371,7.202
-152.83061,-236.92424,6.5707707,7.202
-153.36751,-237.7679,6.571171,7.202
-153.9044,-238.61153,6.5715704,7.202
-154.4413,-239.45517,6.5719705,7.202
-154.97821,-240.2988,6.5723705,7.202
-155.51514,-241.14243,6.57277,7.202
-156.05206,-241.98605,6.57317,7.202
-156.58899,-242.82967,6.5735703,7.202
-157.12595,-243.67328,6.57397,7.202
-157.66289,-244.51688,6.5745544,7.202
-158.19986,-245.36047,6.5751543,7.202
-158.73683,-246.20407,6.575754,7.202
-159.27382,-247.04765,6.576354,7.202
-159.8108,-247.89124,6.576954,7.202
-160.34782,-248.7348,6.577369,7.202
-160.88484,-249.57837,6.5777693,7.202
-161.42188,-250.42192,6.578169,7.202
-161.95891,-251.26546,6.578569,7.202
-162.49597,-252.10901,6.5789685,7.202
-163.03304,-252.95253,6.5793686,7.202
-163.57013,-253.79605,6.5797687,7.202
-164.10722,-254.63957,6.5801682,7.202
-164.64433,-255.48306,6.5805683,7.202
-165.18147,-256.32657,6.580968,7.202
-165.71861,-257.17004,6.581552,7.202
-166.25577,-258.01352,6.582152,7.202
-166.79294,-258.857,6.5827518,7.202
-167.33014,-259.70044,6.5833516,7.202
-167.86734,-260.54388,6.5839515,7.202
-168.40457,-261.3873,6.5843673,7.202
-168.94182,-262.2307,6.5847673,7.202
-169.47908,-263.07413,6.5851674,7.202
-170.01637,-263.9175,6.585567,7.202
-170.55367,-264.7609,6.585967,7.202
-171.09099,-265.60428,6.586367,7.202
-171.62833,-266.44763,6.5867667,7.202
-172.1657,-267.291,6.587167,7.202
-172.70308,-268.1343,6.587567,7.202
-173.24048,-268.97763,6.5879664,7.202
-173.7779,-269.82092,6.5885496,7.202
-174.31535,-270.6642,6.5891495,7.202
-174.85281,-271.5075,6.5897493,7.202
-175.3903,-272.35077,6.590349,7.202
-175.92783,-273.194,6.590949,7.202
-176.46536,-274.03723,6.5913663,7.202
-177.00291,-274.88046,6.591766,7.202
-177.54051,-275.72366,6.592166,7.202
-178.07813,-276.56683,6.592566,7.202
-178.61575,-277.41,6.5929656,7.202
-179.15341,-278.25317,6.5933657,7.202
-179.6911,-279.0963,6.5937657,7.202
-180.22882,-279.93942,6.594166,7.202
-180.76656,-280.78253,6.5945654,7.202
-181.30434,-281.6256,6.5949655,7.202
-181.84213,-282.4687,6.5953655,7.202
-182.37996,-283.31174,6.595765,7.202
-182.9178,-284.15475,6.596165,7.202
-183.45569,-284.99777,6.5965652,7.202
-183.99359,-285.84076,6.5969653,7.202
-184.53154,-286.68375,6.5975475,7.202
-185.0695,-287.5267,6.5981474,7.202
-185.60751,-288.36963,6.5987477,7.202
-186.14554,-289.21255,6.5993476,7.202
-186.68361,-290.05545,6.5999475,7.202
-187.2217,-290.89832,6.6003647,7.202
-187.75981,-291.74118,6.6007648,7.202
-188.29797,-292.584,6.601165,7.202
-188.83617,-293.42682,6.601565,7.202
-189.37439,-294.26962,6.601965,7.202
-189.91266,-295.1124,6.6023645,7.202
-190.45096,-295.95514,6.6027646,7.202
-190.98927,-296.79788,6.6031647,7.202
-191.52762,-297.6406,6.6035647,7.202
-192.06596,-298.4833,6.603965,7.202
-192.60431,-299.32602,6.604547,7.202
-193.14264,-300.16876,6.605147,7.202
-193.68095,-301.0115,6.6057467,7.202
-194.21924,-301.85425,6.6063466,7.202
-194.75748,-302.69702,6.606947,7.202
-195.29565,-303.53986,6.6073647,7.202
-195.83379,-304.38272,6.6077642,7.202
-196.37183,-305.22562,6.6081643,7.202
-196.90979,-306.06857,6.6085644,7.202
-197.44766,-306.9116,6.6089644,7.202
-197.98543,-307.75467,6.6093645,7.202
-198.52309,-308.59784,6.609764,7.202
-199.06062,-309.44107,6.610164,7.202
-199.598,-310.2844,6.610564,7.202
-200.13527,-311.1278,6.6109643,7.202
-200.67236,-311.97134,6.611546,7.202182
-201.20929,-312.81494,6.612146,7.202382
-201.74605,-313.6587,6.612746,7.202582
-202.28262,-314.50253,6.6133456,7.2027817
-202.819,-315.3465,6.6139455,7.202982
-203.35516,-316.1906,6.614363,7.203
-203.89111,-317.03485,6.6147633,7.203
-204.42683,-317.87924,6.6151633,7.203
-204.96233,-318.72375,6.615563,7.203
-205.49757,-319.56845,6.615963,7.203
-206.03256,-320.4133,6.6163626,7.203
-206.56729,-321.25833,6.616762,7.203
-207.10175,-322.10352,6.617162,7.203
-207.6359,-322.94888,6.617562,7.203
-208.16974,-323.79446,6.6179614,7.203
-208.70326,-324.64026,6.618542,7.203
-209.23647,-325.48624,6.6191416,7.203
-209.76935,-326.3324,6.619741,7.203
-210.30193,-327.17877,6.6203403,7.203
-210.83418,-328.02536,6.62094,7.203
-211.3661,-328.87213,6.62136,7.203
-211.89767,-329.71915,6.6217594,7.203
-212.42883,-330.5664,6.6221585,7.203
-212.95952,-331.41397,6.622558,7.203
-213.48967,-332.26187,6.6229577,7.203
-214.01927,-333.1101,6.6233573,7.203
-214.5485,-333.9586,6.623757,7.203
-215.07753,-334.8072,6.6241565,7.203
-215.60661,-335.65573,6.6245556,7.203
-216.13596,-336.50415,6.624955,7.203
-216.6658,-337.35223,6.625532,7.203
-217.19656,-338.19974,6.6261315,7.203
-217.7287,-339.0464,6.626731,7.203
-218.26268,-339.89188,6.6273303,7.203
-218.79893,-340.73593,6.6279297,7.203
-219.33792,-341.57825,6.628353,7.203
-219.88008,-342.41852,6.6287537,7.203
-220.42581,-343.25647,6.6291537,7.203
-220.97552,-344.0918,6.629554,7.203
-221.52965,-344.92422,6.629954,7.203
-222.08855,-345.75345,6.630355,7.203
-222.65263,-346.57916,6.630756,7.203
-223.22223,-347.40106,6.6311564,7.203
-223.79771,-348.21887,6.6315575,7.203
-224.37944,-349.03226,6.6319585,7.203
-224.96776,-349.84088,6.6325397,7.2037196
-225.56314,-350.6443,6.633142,7.2045226
-226.16612,-351.44205,6.633744,7.205325
-226.77718,-352.2336,6.634346,7.206128
-227.39679,-353.01852,6.6349483,7.206931
-228.02527,-353.79633,6.635733,7.2084665
-228.66205,-354.56735,6.636535,7.2100706
-229.30629,-355.33215,6.6373377,7.211675
-229.95717,-356.09134,6.6381397,7.2132792
-230.61389,-356.84546,6.638942,7.2148833
-231.27556,-357.59525,6.6397414,7.2162976
-231.94089,-358.34177,6.6405416,7.2176976
-232.60841,-359.08636,6.641341,7.219097
-233.2767,-359.83026,6.642141,7.2204967
-233.94432,-360.57474,6.6429405,7.221896
-234.60999,-361.32098,6.6437383,7.2234764
-235.2732,-362.06943,6.6445355,7.2250714
-235.93365,-362.82028,6.6453333,7.2266665
-236.59106,-363.5738,6.6461306,7.2282615
-237.24516,-364.3302,6.6469283,7.2298565
-237.89597,-365.08942,6.647544,7.231451
-238.54524,-365.84998,6.6481423,7.2330456
-239.19531,-366.60983,6.6487403,7.23464
-239.84853,-367.367,6.6493382,7.236235
-240.50716,-368.11945,6.649936,7.237829
-241.17334,-368.86523,6.650716,7.2392526
-241.8483,-369.60306,6.6515174,7.2406554
-242.533,-370.33188,6.652319,7.2420583
-243.22836,-371.0505,6.6531205,7.243461
-243.93523,-371.75784,6.653922,7.244864
-244.6542,-372.45285,6.6632643,7.241912
-245.38466,-373.13577,6.6735225,7.2384925
-246.12561,-373.8073,6.6837797,7.2350736
-246.87611,-374.46817,6.6940365,7.2316546
-247.63524,-375.11908,6.704293,7.2282357
-248.40215,-375.76083,6.7240705,7.2197733
-249.17618,-376.39395,6.744555,7.210937
-249.95676,-377.019,6.76504,7.2021003
-250.74329,-377.63654,6.785525,7.1932635
-251.53523,-378.2471,6.8060102,7.184427
-252.33203,-378.85135,6.826241,7.1758084
-253.13315,-379.44983,6.8464584,7.167201
-253.93805,-380.04324,6.866676,7.1585937
-254.74619,-380.6322,6.8868933,7.1499863
-255.55707,-381.2174,6.9071107,7.141379
-256.37018,-381.7995,6.927279,7.1326013
-257.18497,-382.37924,6.9474454,7.123816
-258.0009,-382.95743,6.9676123,7.1150303
-258.81735,-383.5348,6.9877787,7.106245
-259.63388,-384.1121,7.0079455,7.0974593
-260.44992,-384.69006,7.0050287,7.0943527
-261.26532,-385.26895,7.0008388,7.091559
-262.07996,-385.84894,6.9966483,7.0887656
-262.89368,-386.43018,6.9924583,7.0859723
-263.70636,-387.01285,6.988268,7.0831785
-264.51797,-387.59702,6.979592,7.0813184
-265.3287,-388.18246,6.970609,7.0795217
-266.1388,-388.76877,6.9616265,7.0777254
-266.9485,-389.3556,6.952644,7.0759287
-267.75812,-389.94254,6.943661,7.0741324
-268.56787,-390.5293,6.934673,7.072335
-269.378,-391.11554,6.9256845,7.070537
-270.18863,-391.70105,6.9166956,7.068739
-271,-392.28558,6.907707,7.0669413
-271.81226,-392.86887,6.8987184,7.0651436
-272.6256,-393.45065,6.889723,7.0635285
-273.44022,-394.03064,6.8807263,7.061929
-274.25632,-394.60852,6.87173,7.06033
-275.0741,-395.18405,6.8627334,7.0587306
-275.8938,-395.75684,6.8537374,7.0571313
-276.71555,-396.32666,6.8445506,7.056449
-277.53958,-396.89322,6.8353467,7.0558486
-278.366,-397.45624,6.826143,7.0552483
-279.19498,-398.0155,6.816939,7.0546484
-280.0267,-398.57068,6.807735,7.054048
-280.86127,-399.1216,6.7985277,7.0563946
-281.69864,-399.6682,6.7893195,7.0589967
-282.5388,-400.21057,6.780112,7.061599
-283.38162,-400.74872,6.770904,7.064201
-284.2271,-401.2827,6.7616963,7.0668035
-285.07516,-401.81256,6.752487,7.0692205
-285.92578,-402.33835,6.7432785,7.071623
-286.7789,-402.86005,6.7340693,7.074025
-287.6345,-403.37772,6.7248607,7.0764275
-288.49246,-403.89136,6.715652,7.07883
-289.35284,-404.401,6.7066298,7.081232
-290.21558,-404.90668,6.6976223,7.083634
-291.0806,-405.4084,6.6886144,7.086036
-291.94788,-405.90622,6.679607,7.088438
-292.81735,-406.40018,6.670599,7.0908403
-293.689,-406.89026,6.661407,7.0934286
-294.56277,-407.37656,6.6522017,7.09603
-295.43866,-407.85907,6.642996,7.0986314
-296.3166,-408.33786,6.6337905,7.101233
-297.19656,-408.8129,6.624585,7.1038346
-298.0785,-409.28427,6.621939,7.1066227
-298.96234,-409.75198,6.6197386,7.1094236
-299.84814,-410.21606,6.617538,7.112224
-300.73578,-410.67657,6.6153374,7.115025
-301.62524,-411.13354,6.613137,7.1178255
-302.51654,-411.58698,6.6176887,7.121188
-303.40958,-412.03696,6.6226883,7.124588
-304.30435,-412.48346,6.627688,7.127988
-305.2008,-412.92657,6.632688,7.1313877
-306.09894,-413.36627,6.6376877,7.1347876
-306.9987,-413.80267,6.6426864,7.1381865
-307.90005,-414.23572,6.6476846,7.141586
-308.80298,-414.66553,6.6526833,7.1449847
-309.70743,-415.09207,6.657682,7.1483836
-310.61337,-415.51544,6.66268,7.1517825
-311.5208,-415.9356,6.6676784,7.154994
-312.4297,-416.35266,6.672676,7.1581926
-313.33997,-416.76663,6.6776743,7.1613913
-314.25165,-417.17752,6.682672,7.16459
-315.16467,-417.5854,6.68767,7.167789
-316.07904,-417.99026,6.6926684,7.1711745
-316.99472,-418.39218,6.6976666,7.1745734
-317.91165,-418.7912,6.702665,7.1779723
-318.82983,-419.18732,6.7076635,7.181371
-319.74924,-419.58063,6.7126617,7.18477
-320.66986,-419.9711,6.715797,7.1868644
-321.5916,-420.3588,6.7187967,7.188864
-322.51456,-420.74374,6.7217965,7.1908646
-323.4386,-421.126,6.7247963,7.1928644
-324.36377,-421.50555,6.727796,7.1948643
-325.29,-421.88248,6.7244577,7.192763
-326.21732,-422.25674,6.7206573,7.1903625
-327.14566,-422.62845,6.716857,7.187962
-328.075,-422.99762,6.713056,7.1855617
-329.00537,-423.36423,6.7092557,7.1831617
-329.93674,-423.72836,6.705455,7.1805744
-330.86902,-424.09003,6.7016544,7.1779737
-331.80225,-424.44928,6.6978536,7.1753736
-332.73642,-424.80612,6.6940527,7.172773
-333.67148,-425.1606,6.690252,7.170172
-334.6074,-425.5128,6.6864514,7.167759
-335.5442,-425.86264,6.6826506,7.1653585
-336.48184,-426.21024,6.67885,7.162958
-337.4203,-426.55563,6.6750493,7.1605577
-338.35956,-426.8988,6.671249,7.1581573
-339.2996,-427.2398,6.6674485,7.15557
-340.24042,-427.5787,6.663648,7.15297
-341.182,-427.9155,6.6598477,7.1503696
-342.1243,-428.25024,6.6560473,7.1477695
-343.06732,-428.58295,6.652247,7.1451693
-344.01105,-428.91364,6.64826,7.142569
-344.95544,-429.2424,6.6442604,7.1399693
-345.90054,-429.5692,6.6402607,7.137369
-346.84625,-429.89417,6.6362605,7.1347694
-347.79263,-430.21725,6.632261,7.1321692
-348.73962,-430.5385,6.628448,7.129757
-349.6872,-430.85797,6.6246486,7.127357
-350.63538,-431.1757,6.620849,7.1249576
-351.58414,-431.49167,6.6170497,7.1225576
-352.53345,-431.806,6.6132503,7.1201577
-353.4833,-432.11865,6.609451,7.117572
-354.4337,-432.42972,6.605652,7.114972
-355.38458,-432.73917,6.6018524,7.112373
-356.336,-433.0471,6.598053,7.109773
-357.2879,-433.35352,6.594254,7.107174
-358.24026,-433.65845,6.5928802,7.1053205
-359.19308,-433.9619,6.5916805,7.103521
-360.14636,-434.264,6.590481,7.1017213
-361.10007,-434.56473,6.589281,7.0999217
-362.0542,-434.8641,6.5880814,7.098122
-363.00873,-435.16217,6.5907955,7.097627
-363.96365,-435.45898,6.5937953,7.097227
-364.91898,-435.75455,6.5967946,7.0968275
-365.87466,-436.04892,6.5997944,7.0964274
-366.83072,-436.3421,6.6027937,7.0960274
-367.7871,-436.6342,6.6057935,7.0954413
-368.74384,-436.9251,6.6087933,7.0948415
-369.7009,-437.215,6.6117926,7.0942416
-370.65826,-437.50385,6.6147923,7.0936418
-371.61594,-437.79166,6.617792,7.0930414
-372.5739,-438.0785,6.6206055,7.0924416
-373.53217,-438.36438,6.6234055,7.0918417
-374.4907,-438.64938,6.626205,7.091242
-375.4495,-438.93347,6.629005,7.090642
-376.40854,-439.2167,6.6318045,7.090042
-377.3678,-439.49915,6.63479,7.089628
-378.32733,-439.78076,6.6377897,7.089228
-379.28705,-440.06165,6.6407895,7.088828
-380.247,-440.34183,6.6437893,7.088428
-381.20715,-440.62128,6.6467886,7.088028
-382.1675,-440.9001,6.6496024,7.0874424
-383.12802,-441.17828,6.652402,7.0868425
-384.0887,-441.45587,6.6552014,7.0862427
-385.04956,-441.73288,6.6580014,7.085643
-386.01056,-442.0094,6.660801,7.0850425
-386.9717,-442.2854,6.663786,7.0846286
-387.933,-442.56094,6.6667857,7.0842285
-388.8944,-442.83603,6.669785,7.0838284
-389.85593,-443.11075,6.672785,7.083429
-390.81757,-443.38507,6.675784,7.083029
-391.7793,-443.6591,6.6787834,7.082443
-392.7411,-443.93277,6.6817827,7.0818434
-393.70297,-444.2062,6.6847825,7.0812435
-394.66495,-444.4794,6.687782,7.0806437
-395.62695,-444.75238,6.690781,7.080044
-396.58902,-445.0252,6.693595,7.079444
-397.55112,-445.29788,6.6963944,7.078844
-398.51324,-445.57043,6.699194,7.078244
-399.4754,-445.84293,6.7019935,7.0776443
-400.43756,-446.11536,6.7047925,7.0770445
-401.39972,-446.3878,6.707777,7.0766296
-402.36188,-446.66025,6.7107763,7.0762296
-403.32404,-446.93277,6.7137756,7.07583
-404.28616,-447.20535,6.716775,7.07543
-405.24823,-447.47806,6.7197742,7.07503
-406.2103,-447.75095,6.7225885,7.0744452
-407.1723,-448.02396,6.725388,7.0738454
-408.13425,-448.29715,6.7281876,7.0732455
-409.09616,-448.57047,6.7309866,7.0726457
-410.05804,-448.84393,6.733786,7.072046
-411.01987,-449.11755,6.73677,7.0716305
-411.98166,-449.39133,6.7397695,7.071231
-412.94342,-449.66522,6.7427683,7.070831
-413.90512,-449.93924,6.7457676,7.0704308
-414.8668,-450.21338,6.748767,7.070031
-415.82846,-450.48767,6.751766,7.0694466
-416.79007,-450.76205,6.7547655,7.0688467
-417.75165,-451.03656,6.757765,7.068247
-418.7132,-451.31116,6.760764,7.067647
-419.6747,-451.58588,6.7637634,7.067047
-420.6362,-451.8607,6.766578,7.0664473
-421.59766,-452.13562,6.7693777,7.065848
-422.5591,-452.4106,6.7721767,7.065248
-423.5205,-452.6857,6.7749763,7.064648
-424.4819,-452.96088,6.777776,7.0640483
-425.44327,-453.2361,6.780759,7.063632
-426.4046,-453.51144,6.783758,7.0632324
-427.36594,-453.78683,6.786757,7.0628324
-428.32724,-454.0623,6.7897563,7.0624323
-429.28854,-454.3378,6.7927556,7.0620327
-430.24982,-454.61337,6.7955713,7.061449
-431.21106,-454.889,6.7983704,7.060849
-432.1723,-455.16467,6.80117,7.0602493
-433.13354,-455.4404,6.803969,7.0596495
-434.09476,-455.71616,6.8067684,7.0590496
-435.05597,-455.99194,6.809751,7.0586333
-436.01718,-456.26776,6.8127503,7.0582333
-436.97836,-456.5436,6.815749,7.057833
-437.93958,-456.8195,6.8187485,7.0574336
-438.90076,-457.09537,6.821748,7.0570335
-439.86194,-457.37128,6.824747,7.0564504
-440.8231,-457.6472,6.8277464,7.055851
-441.78427,-457.9231,6.830745,7.055251
-442.74545,-458.199,6.8337445,7.0546513
-443.70663,-458.4749,6.836744,7.0540514
-444.66782,-458.75082,6.83956,7.0534515
-445.629,-459.0267,6.8423595,7.0528517
-446.59018,-459.30258,6.8451586,7.052252
-447.5514,-459.57843,6.847958,7.051652
-448.51257,-459.85425,6.850757,7.051052
-449.4738,-460.13004,6.8537393,7.050635
-450.43503,-460.4058,6.856738,7.050235
-451.39624,-460.6815,6.8597374,7.049835
-452.35748,-460.95718,6.8627367,7.049435
-453.31876,-461.2328,6.865736,7.049035
-454.28003,-461.50836,6.8685527,7.048453
-455.2413,-461.7839,6.871352,7.047853
-456.2026,-462.05936,6.874151,7.047253
-457.16394,-462.33475,6.8769507,7.0466533
-458.1253,-462.61005,6.87975,7.0460534
-459.08667,-462.8853,6.8827314,7.0456357
-460.04803,-463.16046,6.8857303,7.045236
-461.00946,-463.43558,6.8887296,7.044836
-461.9709,-463.71057,6.891729,7.044436
-462.93237,-463.98547,6.894728,7.0440364
-463.89386,-464.26028,6.8977275,7.0434546
-464.85538,-464.535,6.9007263,7.042855
-465.81693,-464.8096,6.9037256,7.042255
-466.7785,-465.0841,6.906725,7.041655
-467.7401,-465.3585,6.909724,7.041055
-468.70175,-465.63275,6.912542,7.0404553
-469.66345,-465.90692,6.9153414,7.0398555
-470.62515,-466.18094,6.9181404,7.0392556
-471.5869,-466.45483,6.92094,7.0386558
-472.5487,-466.72858,6.923739,7.038056
-473.51053,-467.0022,6.9267197,7.037637
-474.4724,-467.27567,6.929719,7.0372376
-475.43433,-467.549,6.9327183,7.0368376
-476.39627,-467.82217,6.9357176,7.0364375
-477.35828,-468.0952,6.938717,7.036038
-478.32034,-468.36807,6.940992,7.0354567
-479.28244,-468.64075,6.943191,7.034857
-480.24457,-468.91327,6.9453907,7.034257
-481.20676,-469.18564,6.94759,7.033657
-482.169,-469.4578,6.9497895,7.033057
-483.1313,-469.7298,6.9490957,7.032096
-484.09363,-470.0016,6.9480963,7.031096
-485.05603,-470.2732,6.9470963,7.0300965
-486.0185,-470.54462,6.9460964,7.0290966
-486.98102,-470.81583,6.945097,7.0280967
-487.94357,-471.08685,6.944097,7.0269165
-488.90622,-471.35764,6.9430976,7.025717
-489.8689,-471.62823,6.9420977,7.024517
-490.83163,-471.89862,6.9410977,7.0233173
-491.79446,-472.16876,6.9400983,7.0221176
-492.75732,-472.43866,6.9390984,7.021098
-493.72028,-472.70837,6.9380984,7.0200987
-494.6833,-472.9778,6.937099,7.0190988
-495.64636,-473.24704,6.936099,7.018099
-496.6095,-473.51605,6.935099,7.0170994
-497.5727,-473.78482,6.9340997,7.0160995
-498.53595,-474.05334,6.9330997,7.0151
-499.49927,-474.32166,6.9321,7.0141
-500.46268,-474.58975,6.9311004,7.0131
-501.42612,-474.8576,6.9301004,7.0121007
-502.38962,-475.12524,6.9292808,7.011101
-503.35318,-475.3927,6.9284806,7.010101
-504.31683,-475.6599,6.927681,7.0091014
-505.28052,-475.92694,6.9268813,7.0081015
-506.24426,-476.19373,6.926081,7.0071015
-507.20804,-476.46036,6.9251018,7.006102
-508.1719,-476.72675,6.9241023,7.005102
-509.1358,-476.99295,6.9231024,7.004102
-510.0998,-477.25894,6.9221025,7.003103
-511.06378,-477.52478,6.921103,7.002103
-512.0279,-477.79037,6.920103,7.0009236
-512.992,-478.05582,6.9191036,6.999724
-513.9562,-478.32108,6.9181037,6.998524
-514.9204,-478.58612,6.917104,6.9973245
-515.88464,-478.851,6.9161043,6.9961247
-516.849,-479.11572,6.9151044,6.9951043
-517.81335,-479.38025,6.9141045,6.994105
-518.7778,-479.6446,6.913105,6.993105
-519.74225,-479.90878,6.912105,6.992105
-520.7068,-480.1728,6.911105,6.9911056
-521.6713,-480.43665,6.9101057,6.9901056
-522.6359,-480.70032,6.909106,6.9891057
-523.6006,-480.96384,6.9081063,6.9881063
-524.56525,-481.2272,6.9071064,6.9871063
-525.52997,-481.49042,6.9061065,6.9861064
-526.49475,-481.75348,6.904571,6.9838567
-527.4596,-482.0164,6.9029713,6.981457
-528.42444,-482.27914,6.901372,6.979058
-529.38934,-482.54175,6.899772,6.9766583
-530.35425,-482.80423,6.898173,6.974259
-531.3192,-483.06656,6.8956814,6.9702544
-532.28424,-483.32877,6.8930817,6.9660554
-533.24927,-483.59082,6.8904824,6.9618564
-534.21436,-483.85275,6.887883,6.9576573
-535.1795,-484.11453,6.885284,6.953459
-536.14465,-484.37622,6.8826847,6.9494376
-537.1098,-484.63776,6.8800855,6.945439
-538.075,-484.8992,6.8774858,6.9414396
-539.0403,-485.1605,6.8748865,6.937441
-540.00555,-485.4217,6.8722873,6.933442
-540.9709,-485.68274,6.869866,6.929265
-541.9362,-485.94373,6.8674664,6.9250665
-542.9016,-486.20456,6.865067,6.9208674
-543.867,-486.4653,6.8626676,6.9166684
-544.8324,-486.72595,6.860268,6.9124694
-545.79785,-486.98648,6.8576913,6.908448
-546.76337,-487.24695,6.855092,6.9044495
-547.7289,-487.5073,6.852493,6.90045
-548.6944,-487.76755,6.8498936,6.8964515
-549.66,-488.0277,6.8472943,6.8924527
-550.62555,-488.28778,6.8446946,6.888276
-551.5911,-488.54776,6.8420954,6.8840775
-552.55676,-488.80765,6.839496,6.8798785
-553.5224,-489.06747,6.836897,6.8756795
-554.4881,-489.3272,6.8342977,6.871481
-555.4538,-489.58688,6.8316984,6.867282
-556.4195,-489.8465,6.829099,6.863083
-557.38525,-490.10602,6.8265,6.8588843
-558.35095,-490.36548,6.8239,6.8546853
-559.3167,-490.62488,6.821301,6.8504863
-560.28253,-490.8842,6.8187017,6.846464
-561.2483,-491.14346,6.8161025,6.8424654
-562.2141,-491.40268,6.8135033,6.8384666
-563.18,-491.66183,6.810904,6.8344674
-564.1458,-491.92093,6.808305,6.8304687
-565.11163,-492.18,6.805882,6.826293
-566.0775,-492.439,6.8034825,6.8220944
-567.0434,-492.69797,6.801083,6.8178954
-568.0093,-492.95688,6.7986836,6.8136964
-568.9752,-493.21576,6.796284,6.809498
-569.9411,-493.4746,6.793709,6.805475
-570.90704,-493.73343,6.7911096,6.801476
-571.873,-493.9922,6.7885103,6.7974772
-572.8389,-494.25095,6.785911,6.7934785
-573.8049,-494.50967,6.7833114,6.7894793
-574.7708,-494.76837,6.780712,6.7853045
-575.73676,-495.02704,6.778113,6.7811055
-576.7027,-495.2857,6.7755136,6.7769065
-577.6687,-495.54434,6.7729144,6.772708
-578.63464,-495.80298,6.770315,6.768509
-579.60065,-496.06158,6.767716,6.76431
-580.5666,-496.3202,6.765116,6.7601113
-581.5326,-496.5788,6.762517,6.7559123
-582.4986,-496.8374,6.7599177,6.7517133
-583.46454,-497.09598,6.7573185,6.7475142
-584.43054,-497.35458,6.7547193,6.743491
-585.3965,-497.6132,6.75212,6.739492
-586.3625,-497.8718,6.7495203,6.735493
-587.3284,-498.1304,6.746921,6.731494
-588.29443,-498.38898,6.744322,6.727495
-589.26044,-498.64758,6.7418976,6.723321
-590.2264,-498.9062,6.739498,6.719122
-591.1924,-499.1648,6.737099,6.7149234
-592.1583,-499.4234,6.7346997,6.7107244
-593.1243,-499.682,6.7323003,6.7065253
-594.09033,-499.9406,6.729726,6.7025013
-595.0563,-500.1992,6.7271266,6.6985025
-596.0223,-500.4578,6.7245274,6.6945033
-596.9882,-500.7164,6.7219276,6.6905046
-597.9542,-500.975,6.7193284,6.6865053
-598.92017,-501.2336,6.716729,6.6823316
-599.88617,-501.49222,6.71413,6.6781325
-600.8521,-501.75085,6.71153,6.673934
-601.8181,-502.00946,6.708931,6.669735
-602.78406,-502.26807,6.7063317,6.665536
-603.75006,-502.52667,6.7037325,6.661337
-604.71606,-502.78528,6.7011333,6.657138
-605.682,-503.0439,6.6985335,6.652939
-606.648,-503.30252,6.6959343,6.6487403
-607.61395,-503.56113,6.693335,6.6445413
-608.57996,-503.81976,6.690736,6.6405163
-609.5459,-504.07837,6.688136,6.6365175
-610.5119,-504.337,6.685537,6.6325183
-611.47784,-504.5956,6.6829376,6.628519
-612.44385,-504.85425,6.6803384,6.6245203
-613.4098,-505.11285,6.6777387,6.6203475
-614.37573,-505.3715,6.6751394,6.6161485
-615.34174,-505.63013,6.67254,6.6119494
-616.3077,-505.88876,6.6699405,6.6077504
-617.2737,-506.1474,6.667341,6.6035514
-618.2396,-506.406,6.6649156,6.599526
-619.2056,-506.66464,6.662516,6.595527
-620.1716,-506.92328,6.6601167,6.591528
-621.1375,-507.18195,6.657717,6.587529
-622.1035,-507.44058,6.655318,6.58353
-623.06946,-507.69922,6.6527452,6.5793576
-624.03546,-507.95786,6.6501455,6.5751586
-625.0014,-508.21652,6.6475463,6.5709596
-625.96735,-508.47516,6.644947,6.5667605
-626.93335,-508.7338,6.642348,6.5625615
-627.8993,-508.99246,6.639748,6.5583625
-628.86523,-509.25113,6.637149,6.5541635
-629.83124,-509.50977,6.6345496,6.5499644
-630.7972,-509.76843,6.63195,6.5457654
-631.7631,-510.0271,6.6293507,6.5415664
-632.7291,-510.28577,6.6267514,6.5375404
-633.69507,-510.54443,6.624152,6.5335417
-634.661,-510.8031,6.6215525,6.5295424
-635.627,-511.06177,6.618953,6.525543
-636.59296,-511.32043,6.616354,6.5215445
-637.5589,-511.57913,6.6137543,6.5173726
-638.52484,-511.8378,6.611155,6.5131736
-639.4908,-512.0965,6.608556,6.5089746
-640.4568,-512.35516,6.605956,6.5047755
-641.4227,-512.61383,6.603357,6.5005765
-642.3887,-512.87256,6.60093,6.49655
-643.3546,-513.1312,6.598531,6.492551
-644.32056,-513.38995,6.5961313,6.488552
-645.28656,-513.6486,6.593732,6.484553
-646.2525,-513.90735,6.5913324,6.4805536
-647.21844,-514.166,6.5887604,6.4763827
-648.1844,-514.42474,6.586161,6.4721837
-649.1503,-514.6835,6.583562,6.4679847
-650.1163,-514.9422,6.5809627,6.4637856
-651.0822,-515.20087,6.578363,6.4595866
-652.04816,-515.4596,6.5757637,6.4553876
-653.0141,-515.7183,6.5731645,6.4511886
-653.98004,-515.97705,6.5705647,6.4469895
-654.946,-516.2358,6.5679655,6.4427905
-655.9119,-516.4945,6.5653663,6.4385915
-656.87787,-516.7533,6.5627666,6.434564
-657.8438,-517.012,6.5601673,6.4305654
-658.80975,-517.27075,6.557568,6.426566
-659.7757,-517.5295,6.5549684,6.422567
-660.74164,-517.78827,6.552369,6.418568
-661.7076,-518.047,6.54977,6.4143972
-662.6735,-518.3058,6.5471706,6.410198
-663.63947,-518.5645,6.544571,6.405999
-664.6054,-518.8233,6.5419717,6.4018
-665.5713,-519.0821,6.5393724,6.3976016
-666.53723,-519.3408,6.5369444,6.3935738
-667.5032,-519.5996,6.534545,6.3895745
-668.4691,-519.8584,6.5321455,6.385576
-669.43506,-520.1172,6.529746,6.3815765
-670.40094,-520.376,6.5273466,6.3775773
-671.3669,-520.63477,6.524776,6.3734074
-672.3328,-520.89355,6.5221767,6.3692083
-673.2987,-521.15234,6.519577,6.3650093
-674.26465,-521.4112,6.516978,6.3608103
-675.2306,-521.67,6.5143785,6.3566113
-676.1965,-521.92883,6.5117793,6.352412
-677.1624,-522.1876,6.5091796,6.348213
-678.12836,-522.4465,6.5065804,6.344014
-679.09424,-522.70526,6.503981,6.3398156
-680.0602,-522.9641,6.5013814,6.3356166
-681.02606,-523.22296,6.498782,6.331588
-681.992,-523.4818,6.496183,6.327589
-682.9579,-523.74066,6.4935837,6.32359
-683.9238,-523.9995,6.490984,6.319591
-684.8897,-524.25836,6.4883847,6.315592
-685.85565,-524.5172,6.4857855,6.3114223
-686.82153,-524.77606,6.483186,6.3072233
-687.7875,-525.0349,6.4805865,6.3030243
-688.75336,-525.2938,6.4779873,6.2988257
-689.71924,-525.5527,6.475388,6.2946267
-690.6852,-525.8116,6.4729586,6.2905974
-691.65106,-526.07043,6.470559,6.2865987
-692.61694,-526.32935,6.4681597,6.2825994
-693.5829,-526.58826,6.46576,6.2786007
-694.54877,-526.84717,6.463361,6.2746015
-695.51465,-527.1061,6.4607916,6.2704325
-696.4805,-527.365,6.4581923,6.266234
-697.4464,-527.6239,6.455593,6.262035
-698.41235,-527.8828,6.4529934,6.257836
-699.37823,-528.1417,6.450394,6.253637
-700.3441,-528.4007,6.447795,6.249438
-701.31,-528.6596,6.4451957,6.245239
-702.2759,-528.9186,6.442596,6.2410398
-703.24176,-529.17755,6.4399967,6.236841
-704.20764,-529.43646,6.4373975,6.232642
-705.1735,-529.69543,6.4347982,6.2286124
-706.1394,-529.9544,6.4321985,6.2246137
-707.1053,-530.2134,6.4295993,6.2206144
-708.07117,-530.47235,6.427,6.2166157
-709.03705,-530.7314,6.424401,6.2126164
-710.0029,-530.99036,6.4218016,6.2084484
-710.96875,-531.2493,6.419202,6.2042494
-711.93463,-531.50836,6.4166026,6.2000504
-712.9005,-531.76733,6.4140034,6.1958513
-713.8664,-532.02637,6.411404,6.191653
-714.8322,-532.2854,6.4089737,6.1876225
-715.7981,-532.54443,6.4065742,6.183624
-716.764,-532.80347,6.404175,6.1796246
-717.72986,-533.0625,6.4017754,6.175626
-718.6957,-533.32153,6.399376,6.1716266
-719.66156,-533.58057,6.396808,6.167459
-720.6274,-533.83966,6.394209,6.16326
-721.59326,-534.0987,6.391609,6.1590614
-722.5591,-534.3578,6.38901,6.1548624
-723.52496,-534.6168,6.3864107,6.1506634
-724.4908,-534.8759,6.3838115,6.146465
-725.45667,-535.135,6.381212,6.142266
-726.4225,-535.3941,6.378613,6.138067
-727.38837,-535.6532,6.3760133,6.1338677
-728.3542,-535.9123,6.373414,6.129669
-729.32,-536.17145,6.370815,6.125638
-730.2859,-536.43054,6.3682156,6.1216393
-731.2517,-536.6897,6.3656163,6.1176405
-732.2175,-536.94885,6.363017,6.1136413
-733.18335,-537.20795,6.360418,6.1096425
-734.1492,-537.4671,6.357818,6.105476
-735.11505,-537.72626,6.355219,6.101277
-736.0809,-537.9854,6.3526196,6.097078
-737.0467,-538.2446,6.3500204,6.0928793
-738.0125,-538.5038,6.347421,6.0886803
-738.97833,-538.76294,6.3449893,6.084649
-739.94415,-539.02216,6.34259,6.0806503
-740.91,-539.2814,6.340191,6.076651
-741.8758,-539.5405,6.3377914,6.0726523
-742.8416,-539.79974,6.335392,6.0686536
-743.8074,-540.05896,6.3328257,6.0644875
-744.7732,-540.31824,6.3302264,6.0602884
-745.739,-540.57745,6.3276267,6.05609
-746.70483,-540.8367,6.3250275,6.051891
-747.67065,-541.09595,6.322428,6.047692
-748.6364,-541.35516,6.319829,6.04366
-749.60223,-541.61444,6.3172297,6.0396614
-750.56805,-541.8737,6.3146305,6.0356627
-751.5338,-542.133,6.3120313,6.0316634
-752.49963,-542.3923,6.309432,6.0276647
-753.4654,-542.65155,6.306833,6.023499
-754.4312,-542.9109,6.3042336,6.0193005
-755.397,-543.17017,6.3016343,6.0151014
-756.3628,-543.4295,6.299035,6.010903
-757.32855,-543.68884,6.296436,6.006704
-758.2944,-543.9482,6.2938366,6.0025053
-759.26013,-544.2075,6.2912374,5.9983068
-760.2259,-544.46686,6.288638,5.9941077
-761.19165,-544.7262,6.286039,5.989909
-762.1574,-544.9856,6.2834396,5.98571
-763.12317,-545.24506,6.281007,5.9816775
-764.0889,-545.50446,6.2786074,5.977679
-765.0547,-545.764,6.276208,5.97368
-766.0204,-546.0235,6.273809,5.9696813
-766.98615,-546.2831,6.2714095,5.9656825
-767.95184,-546.54266,6.268844,5.961518
-768.91754,-546.80237,6.266245,5.957319
-769.8832,-547.06213,6.2636456,5.95312
-770.8488,-547.32196,6.261047,5.9489217
-771.81445,-547.58185,6.2584476,5.9447227
-772.7801,-547.8418,6.2558484,5.9406896
-773.74567,-548.10187,6.253249,5.936691
-774.71124,-548.362,6.25065,5.932692
-775.67676,-548.6222,6.2480507,5.928693
-776.6423,-548.88257,6.2454515,5.924694
-777.6078,-549.143,6.242852,5.9205303
-778.57324,-549.4035,6.240253,5.9163313
-779.53864,-549.6642,6.2376533,5.9121327
-780.504,-549.925,6.235054,5.9079337
-781.4694,-550.18585,6.232455,5.903735
-782.43475,-550.4469,6.2298555,5.899536
-783.4,-550.70807,6.2272563,5.895337
-784.36523,-550.9694,6.224657,5.8911386
-785.33044,-551.23083,6.222058,5.8869395
-786.29565,-551.4925,6.2194586,5.882741
-787.26074,-551.7542,6.217024,5.8787065
-788.2258,-552.0162,6.2146244,5.8747077
-789.19086,-552.27826,6.2122254,5.8707085
-790.1559,-552.5405,6.209826,5.8667097
-791.1208,-552.8029,6.2074265,5.862711
-792.0857,-553.06555,6.2048626,5.858547
-793.05054,-553.32837,6.2022634,5.8543487
-794.0153,-553.5914,6.199664,5.8501496
-794.98004,-553.85455,6.197065,5.8459506
-795.94476,-554.118,6.194465,5.8417516
-796.90936,-554.3816,6.191866,5.8377166
-797.87396,-554.6454,6.1892667,5.833718
-798.83844,-554.9094,6.186667,5.8297186
-799.8029,-555.1737,6.1840677,5.8257194
-800.7673,-555.4382,6.1814685,5.8217206
-801.73157,-555.70294,6.178869,5.8175573
-802.69586,-555.9679,6.1762695,5.8133583
-803.66003,-556.2331,6.17367,5.8091593
-804.62415,-556.49854,6.1710706,5.8049603
-805.5882,-556.7642,6.1684713,5.800761
-806.5522,-557.0302,6.1658716,5.796562
-807.51605,-557.29645,6.1632724,5.7923627
-808.4799,-557.5629,6.1606727,5.7881637
-809.44366,-557.8297,6.1580734,5.7839646
-810.40735,-558.0968,6.1554737,5.779765
-811.3709,-558.36414,6.159579,5.783252
-812.3344,-558.6318,6.165178,5.7884507
-813.29785,-558.89966,6.1707764,5.7936497
-814.2612,-559.1679,6.1763754,5.7988486
-815.2245,-559.43646,6.1819744,5.804048
-816.1877,-559.70526,6.199008,5.8226414
-817.15076,-559.9744,6.2186046,5.844238
-818.1138,-560.2439,6.2382016,5.865834
-819.07666,-560.51373,6.257798,5.887431
-820.0395,-560.7839,6.2773952,5.9090276
-821.0022,-561.0543,6.2969923,5.930461
-821.9648,-561.32513,6.31659,5.951858
-822.92737,-561.5963,6.336187,5.973255
-823.8898,-561.86786,6.355784,5.994652
-824.8521,-562.1397,6.3753815,6.016049
-825.81433,-562.4119,6.3951416,6.037446
-826.7764,-562.6845,6.4149394,6.0588436
-827.73846,-562.9575,6.4347367,6.0802407
-828.7004,-563.23083,6.454534,6.101638
-829.6622,-563.5046,6.474332,6.1230354
-830.62384,-563.7787,6.4939666,6.1445956
-831.58545,-564.0532,6.5135646,6.1661935
-832.5469,-564.3281,6.533162,6.187791
-833.50824,-564.60345,6.55276,6.2093887
-834.4695,-564.87915,6.5723577,6.230986
-835.4306,-565.1553,6.5919557,6.252421
-836.3916,-565.4319,6.6115537,6.273819
-837.3524,-565.70886,6.6311517,6.2952166
-838.3132,-565.98627,6.6507497,6.3166146
-839.2738,-566.2641,6.6703477,6.338012
-840.2343,-566.54236,6.690109,6.3594103
-841.1947,-566.82104,6.7099066,6.3808084
-842.1549,-567.1002,6.729705,6.4022064
-843.115,-567.3799,6.749503,6.4236045
-844.07495,-567.66,6.769301,6.445002
-845.0348,-567.9405,6.7889366,6.4664
-845.9945,-568.22156,6.808535,6.487798
-846.95404,-568.50305,6.828133,6.5091963
-847.91345,-568.785,6.847731,6.5305943
-848.87274,-569.06744,6.8673296,6.5519924
-849.8319,-569.35034,6.8869276,6.5735526
-850.7909,-569.63367,6.9065256,6.5951505
-851.7498,-569.9174,6.9261236,6.6167483
-852.70856,-570.20166,6.9457216,6.638346
-853.6672,-570.48627,6.9653196,6.659944
-854.62573,-570.77124,6.9849176,6.6813793
-855.5841,-571.0566,7.004515,6.702777
-856.5424,-571.34235,7.0241127,6.724174
-857.5006,-571.6284,7.0437107,6.7455716
-858.45874,-571.9148,7.0633082,6.766969
-859.41675,-572.20154,7.083068,6.7883663
-860.37463,-572.4886,7.102865,6.809763
-861.33246,-572.77594,7.122662,6.83116
-862.2902,-573.06354,7.1424594,6.852557
-863.24786,-573.35144,7.1622562,6.873954
-864.20544,-573.6395,7.181891,6.8955126
-865.16296,-573.9279,7.2014875,6.9171085
-866.1204,-574.2165,7.221084,6.9387045
-867.0778,-574.5053,7.24068,6.960301
-868.0351,-574.7943,7.260277,6.981897
-868.9924,-575.0835,7.279873,7.00333
-869.9496,-575.37286,7.2994685,7.024726
-870.9068,-575.66235,7.319064,7.046121
-871.8639,-575.952,7.33866,7.0675163
-872.821,-576.2418,7.3582554,7.0889115
-873.778,-576.5317,7.3778505,7.1103063
-874.73505,-576.8217,7.397445,7.1317005
-875.6921,-577.11176,7.4170403,7.153095
-876.64905,-577.4019,7.436635,7.1744895
-877.60596,-577.69214,7.4562297,7.1958838
-878.5629,-577.9824,7.4759855,7.2174387
-879.51984,-578.2727,7.495779,7.239032
-880.47675,-578.56305,7.515573,7.260625
-881.4337,-578.85333,7.5353665,7.2822185
-882.3906,-579.1437,7.5551605,7.3038116
-883.34753,-579.43396,7.5747924,7.3252425
-884.3045,-579.7242,7.594385,7.346635
-885.2615,-580.0144,7.613978,7.3680267
-886.21844,-580.3045,7.6335707,7.389419
-887.1754,-580.5946,7.6531634,7.410811
-888.13245,-580.8846,7.6727552,7.4322023
-889.08954,-581.17444,7.692347,7.4535933
-890.04663,-581.4642,7.7119384,7.4749837
-891.0038,-581.7538,7.73153,7.4963746
-891.96094,-582.0433,7.751122,7.5177655
-892.91815,-582.3326,7.7572446,7.533063
-893.8754,-582.6217,7.760043,7.546856
-894.83276,-582.91064,7.7628417,7.5606494
-895.7902,-583.1994,7.7656407,7.5744424
-896.7477,-583.4879,7.7684393,7.588236
-897.7052,-583.77625,7.7477427,7.5913196
-898.6628,-584.0643,7.7211576,7.5917196
-899.6205,-584.3521,7.6945724,7.592119
-900.57825,-584.63965,7.6679873,7.592519
-901.5361,-584.9269,7.641402,7.592919
-902.494,-585.21387,7.6146593,7.5933185
-903.452,-585.5005,7.5878763,7.593718
-904.41016,-585.7868,7.5610933,7.594118
-905.3684,-586.0728,7.5343103,7.5945177
-906.3267,-586.3584,7.5075274,7.5949173
-907.28516,-586.6437,7.4809046,7.5954757
-908.2437,-586.9286,7.454324,7.5960755
-909.2024,-587.2131,7.427743,7.596675
-910.1612,-587.49713,7.401162,7.5972743
-911.1201,-587.7808,7.3745813,7.597874
-912.07916,-588.064,7.3480024,7.5983157
-913.0383,-588.34686,7.321424,7.5987153
-913.9976,-588.62915,7.2948456,7.599115
-914.9571,-588.911,7.268267,7.599515
-915.9167,-589.1923,7.2416887,7.5999146
-916.87646,-589.47314,7.214956,7.600314
-917.83636,-589.7534,7.1881804,7.6007137
-918.79645,-590.0332,7.1614056,7.6011133
-919.75665,-590.31244,7.13463,7.601513
-920.717,-590.59125,7.107855,7.6019125
-921.6775,-590.86957,7.0812383,7.602312
-922.6381,-591.14734,7.054666,7.6027117
-923.59894,-591.42444,7.028094,7.6031113
-924.56,-591.7007,7.0015216,7.603511
-925.52136,-591.9761,6.97495,7.6039104
-926.483,-592.2504,6.948381,7.60431
-927.4448,-592.524,6.9218135,7.6047096
-928.4068,-592.7972,6.8952456,7.605109
-929.3687,-593.07043,6.868677,7.605509
-930.33057,-593.34406,6.842108,7.605908
-931.2922,-593.6183,6.815378,7.606308
-932.254,-593.892,6.788601,7.6067076
-933.2165,-594.1634,6.7618246,7.607107
-934.18005,-594.43066,6.73505,7.6075068
-935.1453,-594.692,6.70828,7.6079063
-936.11273,-594.9451,6.698261,7.598029
-937.08386,-595.1837,6.693375,7.5850005
-938.06024,-595.39966,6.688489,7.5719705
-939.0429,-595.5845,6.6836042,7.5589447
-940.0322,-595.72974,6.6787276,7.54594
-941.02734,-595.8275,6.7429166,7.4902883
-942.02625,-595.8707,6.819163,7.427202
-943.02594,-595.8524,6.8955083,7.364034
-944.02185,-595.76483,6.972047,7.3007064
-945.00793,-595.6003,7.0396233,7.234055
-945.9771,-595.35486,6.9945683,7.1280565
-946.9246,-595.03595,6.949612,7.022289
-947.84814,-594.65283,6.904779,6.91681
-948.74664,-594.2141,6.8600235,6.811515
-949.6202,-593.7275,6.8113413,6.709783
-950.469,-593.19904,6.7197776,6.6474137
-951.29297,-592.63257,6.628036,6.584923
-952.0922,-592.0317,6.536212,6.522376
-952.8671,-591.39966,6.4443665,6.459815
-953.61847,-590.73987,6.3525276,6.397258
-954.34717,-590.0551,6.2424493,6.370276
-955.0531,-589.3469,6.128371,6.3511014
-955.73566,-588.61615,6.0142946,6.3319273
-956.3943,-587.8637,5.900217,6.3127527
-957.0283,-587.09045,5.786133,6.2935777
-957.63727,-586.2973,5.768144,6.3242345
-958.2209,-585.48535,5.800328,6.3809104
-958.7793,-584.6558,5.8325114,6.4375863
-959.3125,-583.8099,5.8646955,6.494262
-959.8207,-582.94867,5.896882,6.550943
-960.304,-582.0733,5.9204245,6.5864286
-960.7631,-581.18494,5.9405503,6.6135373
-961.199,-580.285,5.960676,6.640645
-961.61255,-579.3745,5.9808006,6.6677523
-962.005,-578.4548,6.0009265,6.6948605
-962.37726,-577.5267,6.003827,6.6787763
-962.73065,-576.59125,6.003623,6.654906
-963.06647,-575.64935,6.003419,6.6310353
-963.38605,-574.7018,6.0032153,6.6071653
-963.69073,-573.7493,6.003011,6.5832944
-963.98193,-572.79266,6.0028105,6.559616
-964.261,-571.8324,6.0026097,6.5359473
-964.5293,-570.8691,6.002409,6.512279
-964.78827,-569.90326,6.0022087,6.4886103
-965.03937,-568.9353,6.002008,6.4649415
-965.284,-567.9657,6.0018106,6.4418316
-965.52374,-566.9948,6.001613,6.418744
-965.76,-566.0232,6.0014157,6.3956566
-965.99445,-565.051,6.0012183,6.372569
-966.2286,-564.07886,6.0010214,6.349482
-966.46387,-563.10693,6.0008245,6.326474
-966.7019,-562.1357,6.000628,6.303476
-966.9441,-561.16547,6.0004315,6.280477
-967.1921,-560.1967,6.000235,6.257478
-967.4472,-559.2298,6.000038,6.23448
-967.71106,-558.26526,5.9998403,6.2113156
-967.98517,-557.3035,5.999642,6.188112
-968.271,-556.3453,5.9994435,6.164908
-968.5701,-555.3911,5.999245,6.1417046
-968.88403,-554.44165,5.999047,6.1185036
-969.21423,-553.4978,6.0566297,6.077193
-969.5626,-552.5604,6.132179,6.0302515
-969.931,-551.6308,6.207732,5.983308
-970.3215,-550.7102,6.283293,5.9363594
-970.7358,-549.8001,6.3588495,5.8894134
-971.17554,-548.90204,6.445034,5.8391066
-971.64136,-548.0172,6.5338697,5.787965
-972.13336,-547.14667,6.622704,5.736824
-972.65173,-546.29156,6.711549,5.685677
-973.1966,-545.45306,6.8004117,5.63452
-973.7677,-544.63226,6.7580175,5.670296
-974.3634,-543.8291,6.6997514,5.716584
-974.98157,-543.0431,6.6414957,5.762864
-975.62006,-542.2735,6.583248,5.8091373
-976.27704,-541.51965,6.5249987,5.855412
-976.9507,-540.78064,6.4154954,5.9357853
-977.63965,-540.05585,6.30415,6.0173845
-978.3426,-539.34467,6.1927967,6.09899
-979.05835,-538.64636,6.0814385,6.180599
-979.78577,-537.96014,5.9700713,6.262215
-980.5236,-537.2852,5.9424896,6.2776403
-981.2704,-536.6201,5.9157205,6.292423
-982.0245,-535.9634,5.888953,6.307205
-982.7844,-535.3134,5.862187,6.321986
-983.54877,-534.6686,5.835421,6.336767
-984.31604,-534.0273,5.8412743,6.325432
-985.08484,-533.3879,5.8476496,6.3136773
-985.85394,-532.74866,5.854025,6.301923
-986.6218,-532.10815,5.8604,6.290168
-987.38727,-531.4646,5.866776,6.278413
-988.149,-530.8167,5.8733525,6.266642
-988.90686,-530.16437,5.879936,6.2548714
-989.661,-529.5076,5.88652,6.243101
-990.41144,-528.84674,5.893103,6.231331
-991.1583,-528.18176,5.8996863,6.2195606
-991.9018,-527.513,5.9060884,6.2077746
-992.64185,-526.84045,5.912481,6.195988
-993.3787,-526.1644,5.918874,6.1842012
-994.1124,-525.485,5.9252667,6.1724143
-994.84314,-524.80237,5.9316597,6.160628
-995.57104,-524.11664,5.9382453,6.1488338
-996.29614,-523.42804,5.9448423,6.1370397
-997.0187,-522.7367,5.951439,6.1252456
-997.73865,-522.0427,5.9580355,6.1134515
-998.4563,-521.3463,5.9646325,6.1016574
-999.1717,-520.64764,5.972552,6.094392
-999.885,-519.9468,5.98055,6.0873938
-1000.5964,-519.24396,5.9885473,6.080396
-1001.3059,-518.53925,5.9965453,6.073398
-1002.01373,-517.8329,6.004543,6.0664
-1002.72,-517.12494,6.014426,6.0646806
-1003.4248,-516.4156,6.0244236,6.0632806
-1004.1284,-515.705,6.034421,6.061881
-1004.8308,-514.9932,6.0444183,6.0604815
-1005.5323,-514.2805,6.0544157,6.059082
-1006.23285,-513.56696,6.0642247,6.0574937
-1006.93274,-512.8527,6.0740223,6.0558944
-1007.6321,-512.13794,6.08382,6.0542946
-1008.33093,-511.4227,6.0936174,6.0526953
-1009.02954,-510.70718,6.1034145,6.0510955
-1009.728,-509.99155,6.113401,6.049684
-1010.42645,-509.27594,6.1233993,6.048284
-1011.1251,-508.56042,6.133397,6.0468845
-1011.824,-507.84525,6.1433954,6.0454845
-1012.5234,-507.13046,6.1533937,6.044085
-1013.22327,-506.41626,6.1632056,6.042497
-1013.92395,-505.70276,6.173005,6.040897
-1014.6254,-504.9901,6.182805,6.039297
-1015.32794,-504.27844,6.1926045,6.0376973
-1016.03156,-503.5679,6.2024045,6.036097
-1016.7365,-502.85858,6.2123938,6.034685
-1017.4428,-502.15073,6.222395,6.0332847
-1018.1507,-501.44443,6.2323966,6.0318847
-1018.86035,-500.73987,6.2423983,6.030484
-1019.5719,-500.03726,6.2523994,6.029084
-1020.2855,-499.3367,6.2622137,6.027496
-1021.0011,-498.63818,6.272016,6.0258956
-1021.7186,-497.94165,6.281818,6.024295
-1022.43805,-497.24707,6.2916203,6.0226946
-1023.15924,-496.55438,6.301422,6.0210943
-1023.8822,-495.8635,6.311412,6.0196824
-1024.6068,-495.17435,6.321413,6.0182824
-1025.3329,-494.48682,6.331414,6.016882
-1026.0605,-493.80078,6.341415,6.015482
-1026.7894,-493.11612,6.351416,6.014082
-1027.5194,-492.43277,6.352,6.0245457
-1028.2506,-491.75058,6.352,6.0357447
-1028.9828,-491.0695,6.352,6.046944
-1029.716,-490.3894,6.352,6.058143
-1030.4498,-489.71017,6.352,6.0693426
-1031.1844,-489.03174,6.3474827,6.0861864
-1031.9198,-488.35397,6.3426843,6.103382
-1032.6556,-487.6768,6.3378854,6.1205783
-1033.3918,-487.0001,6.3330865,6.137774
-1034.1284,-486.32376,6.3282876,6.15497
-1034.8652,-485.6477,6.323489,6.1723523
-1035.6023,-484.9718,6.318691,6.189747
-1036.3392,-484.29596,6.3138924,6.207141
-1037.0763,-483.6201,6.309094,6.2245355
-1037.8131,-482.94406,6.304295,6.2419295
-1038.5498,-482.26776,6.2994967,6.2593236
-1039.2861,-481.59113,6.2946987,6.276718
-1040.022,-480.91403,6.2899003,6.294112
-1040.7573,-480.23636,6.285102,6.3115063
-1041.4921,-479.55804,6.2803035,6.328901
-1042.2261,-478.87894,6.2755046,6.346109
-1042.9594,-478.19897,6.2707057,6.363304
-1043.6917,-477.51804,6.265907,6.3805
-1044.423,-476.83603,6.2611084,6.3976955
-1045.1533,-476.15286,6.2563095,6.414891
-1045.8823,-475.46838,6.2516975,6.432275
-1046.6101,-474.78253,6.2470984,6.4496717
-1047.3364,-474.0952,6.242499,6.4670687
-1048.0613,-473.40634,6.2379,6.4844656
-1048.7845,-472.71576,6.2333007,6.501863
-1049.5061,-472.02344,6.2285147,6.51926
-1050.2258,-471.32922,6.2237153,6.536657
-1050.9437,-470.63303,6.218916,6.5540543
-1051.6595,-469.93478,6.214117,6.5714517
-1052.3733,-469.2344,6.2093177,6.5888486
-1053.0848,-468.5318,6.217215,6.5659146
-1053.7944,-467.82715,6.2260127,6.540122
-1054.5021,-467.12067,6.23481,6.51433
-1055.2083,-466.41257,6.2436075,6.4885373
-1055.913,-465.70306,6.2524047,6.462745
-1056.6165,-464.99237,6.261388,6.436768
-1057.319,-464.2807,6.270385,6.4107776
-1058.0206,-463.5683,6.2793813,6.384787
-1058.7219,-462.85535,6.2883782,6.3587966
-1059.4227,-462.14203,6.2973747,6.332806
-1060.1234,-461.42862,6.306373,6.3069963
-1060.8243,-460.7153,6.315372,6.281201
-1061.5254,-460.00226,6.3243704,6.255405
-1062.227,-459.28973,6.333369,6.229609
-1062.9294,-458.5779,6.3423676,6.203813
-1063.6327,-457.867,6.3513703,6.178005
-1064.3372,-457.15726,6.360373,6.152197
-1065.043,-456.44885,6.369376,6.126388
-1065.7504,-455.7421,6.3783793,6.1005797
-1066.4596,-455.03714,6.387382,6.074771
-1067.1709,-454.33423,6.3963904,6.0489473
-1067.8844,-453.63354,6.4053993,6.023123
-1068.6002,-452.9353,6.4144077,5.997298
-1069.3186,-452.2397,6.4234166,5.9714727
-1070.0397,-451.5468,6.432425,5.945648
-1070.7635,-450.8569,6.4414372,5.9198127
-1071.4902,-450.1699,6.45045,5.893977
-1072.2195,-449.48578,6.459462,5.868141
-1072.9515,-448.80444,6.468475,5.8423057
-1073.686,-448.12585,6.477487,5.8164697
-1074.423,-447.44992,6.478,5.810089
-1075.1624,-446.7766,6.478,5.804882
-1075.904,-446.10593,6.478,5.799675
-1076.6481,-445.43777,6.478,5.794468
-1077.3943,-444.77216,6.478,5.789261
-1078.1428,-444.10898,6.4743867,5.7926135
-1078.8934,-443.44827,6.470583,5.7964168
-1079.6461,-442.78992,6.466779,5.8002205
-1080.4009,-442.13394,6.4629755,5.804024
-1081.1576,-441.48022,6.459172,5.807828
-1081.9163,-440.82877,6.455371,5.8116293
-1082.6769,-440.1795,6.4515696,5.81543
-1083.4392,-439.53238,6.4477687,5.8192315
-1084.2034,-438.88733,6.443968,5.8230324
-1084.9692,-438.24426,6.4401665,5.8268332
-1085.7367,-437.60318,6.4363685,5.8306313
-1086.5057,-436.9641,6.4325705,5.8344293
-1087.2766,-436.32712,6.428773,5.8382273
-1088.0492,-435.69223,6.424975,5.8420253
-1088.8236,-435.05957,6.421177,5.8458233
-1089.5999,-434.42914,6.417571,5.8496194
-1090.378,-433.8011,6.4139743,5.853416
-1091.1582,-433.17548,6.410378,5.857212
-1091.9403,-432.5524,6.406781,5.8610086
-1092.7246,-431.93198,6.403185,5.8648047
-1093.511,-431.3143,6.399398,5.868602
-1094.2997,-430.69943,6.3956013,5.872399
-1095.0906,-430.0875,6.391804,5.876196
-1095.8838,-429.47855,6.388007,5.879993
-1096.6793,-428.8727,6.38421,5.88379
-1097.4773,-428.27005,6.380411,5.887589
-1098.2778,-427.6707,6.3766117,5.8913884
-1099.0808,-427.07474,6.3728123,5.8951874
-1099.8864,-426.4823,6.3690133,5.898987
-1100.6946,-425.89346,6.365214,5.902786
-1101.5056,-425.30832,6.363867,5.893557
-1102.3192,-424.72702,6.362666,5.8835506
-1103.1356,-424.14957,6.3614655,5.8735437
-1103.9548,-423.5761,6.3602643,5.8635373
-1104.7769,-423.00665,6.3590636,5.8535304
-1105.6017,-422.44125,6.357862,5.8429494
-1106.4291,-421.87967,6.356661,5.8323364
-1107.2588,-421.3215,6.355459,5.8217235
-1108.0906,-420.7664,6.3542576,5.8111105
-1108.9242,-420.214,6.3530564,5.800498
-1109.7593,-419.66385,6.352047,5.7898984
-1110.5953,-419.11526,6.351047,5.779299
-1111.4319,-418.5674,6.350047,5.7686996
-1112.2684,-418.0195,6.349047,5.7580996
-1113.1044,-417.4707,6.348047,5.7474985
-1113.9395,-416.92062,6.3470488,5.7367287
-1114.7744,-416.37036,6.346051,5.7259507
-1115.6105,-415.8216,6.345053,5.715174
-1116.4485,-415.27597,6.3440557,5.7043996
-1117.2896,-414.73517,6.343058,5.6936293
-1118.1351,-414.2012,6.3418665,5.6829877
-1118.9874,-413.6782,6.3406625,5.6723537
-1119.8491,-413.17084,6.3394585,5.661716
-1120.7227,-412.6841,6.3382535,5.6510735
-1121.61,-412.22308,6.3370485,5.6404295
-1122.5123,-411.79218,6.333897,5.6415515
-1123.4286,-411.39185,6.330665,5.6431675
-1124.3574,-411.02145,6.327434,5.644783
-1125.2974,-410.68027,6.3242035,5.646398
-1126.2472,-410.3676,6.3209634,5.648054
-1127.2056,-410.0822,6.316766,5.6542506
-1128.1705,-409.82016,6.3125668,5.6604486
-1129.1405,-409.57684,6.308369,5.666646
-1130.1139,-409.34753,6.3041716,5.6728415
-1131.0894,-409.12753,6.299976,5.679037
-1132.0659,-408.91238,6.295998,5.685203
-1133.043,-408.6991,6.292019,5.6913705
-1134.0198,-408.485,6.288039,5.697539
-1134.9957,-408.2674,6.2840595,5.7037077
-1135.9705,-408.0437,6.2800794,5.709877
-1136.9431,-407.81186,6.2758813,5.71608
-1137.9141,-407.5727,6.2716794,5.722283
-1138.8837,-407.32764,6.267478,5.728485
-1139.852,-407.07825,6.2632766,5.7346873
-1140.8197,-406.82596,6.259075,5.740889
-1141.7869,-406.5722,6.255061,5.746908
-1142.7542,-406.31824,6.2510505,5.7529244
-1143.7216,-406.06522,6.2470393,5.7589407
-1144.6896,-405.81427,6.2430286,5.7649574
-1145.6584,-405.5666,6.2390175,5.7709737
-1146.6283,-405.32318,6.234814,5.7771792
-1147.5994,-405.08432,6.23061,5.7833853
-1148.5715,-404.85022,6.226406,5.7895913
-1149.5449,-404.621,6.222202,5.795797
-1150.5195,-404.39682,6.217998,5.802003
-1151.4952,-404.1778,6.214003,5.808195
-1152.472,-403.96384,6.210008,5.8143873
-1153.45,-403.75485,6.206013,5.8205795
-1154.4288,-403.55072,6.2020183,5.8267717
-1155.4088,-403.35135,6.1980233,5.832964
-1156.3896,-403.15665,6.204547,5.8246675
-1157.3715,-402.96652,6.211132,5.816286
-1158.354,-402.78098,6.2177176,5.8079047
-1159.3375,-402.59995,6.224303,5.799524
-1160.3218,-402.4234,6.230888,5.7911425
-1161.3069,-402.25134,6.2378683,5.782758
-1162.2927,-402.08365,6.2448554,5.7743735
-1163.2793,-401.92035,6.251842,5.7659893
-1164.2665,-401.76132,6.258829,5.757605
-1165.2545,-401.60657,6.265816,5.7492204
-1166.243,-401.456,6.2726207,5.7408214
-1167.2323,-401.30957,6.2794204,5.7324224
-1168.222,-401.1673,6.2862196,5.724023
-1169.2125,-401.0291,6.2930193,5.7156234
-1170.2035,-400.89496,6.2998185,5.707224
-1171.195,-400.76486,6.306632,5.6988072
-1172.187,-400.63876,6.313446,5.69039
-1173.1794,-400.51666,6.3202596,5.6819735
-1174.1725,-400.39853,6.3270736,5.6735563
-1175.1659,-400.2843,6.333887,5.665139
-1176.1598,-400.174,6.340708,5.656714
-1177.1542,-400.06763,6.347528,5.648289
-1178.1488,-399.9651,6.354348,5.639864
-1179.1439,-399.8664,6.3611684,5.6314387
-1180.1394,-399.77145,6.367989,5.623014
-1181.1353,-399.68033,6.3746076,5.616593
-1182.1315,-399.59293,6.3812256,5.610175
-1183.1279,-399.50922,6.3878436,5.603758
-1184.1248,-399.42923,6.3944616,5.59734
-1185.1218,-399.3529,6.4010653,5.591092
-1186.1191,-399.28024,6.4064727,5.5987024
-1187.1167,-399.21115,6.41188,5.6063128
-1188.1146,-399.14557,6.4172873,5.613923
-1189.1127,-399.0834,6.4226947,5.6215334
-1190.1108,-399.02466,6.428102,5.629143
-1191.1094,-398.96924,6.4334965,5.636736
-1192.108,-398.9173,6.4388914,5.6443286
-1193.1068,-398.86896,6.444286,5.651921
-1194.1058,-398.82443,6.4496803,5.6595135
-1195.105,-398.78384,6.4550753,5.667103
-1196.1044,-398.74738,6.4604616,5.6744847
-1197.1038,-398.71533,6.4658484,5.681866
-1198.1034,-398.688,6.471235,5.689248
-1199.1031,-398.66565,6.4766216,5.6966295
-1200.103,-398.64862,6.4820085,5.7040114
-1201.1029,-398.63724,6.487397,5.711596
-1202.1029,-398.63174,6.492786,5.71918
-1203.1029,-398.6324,6.4981747,5.7267647
-1204.1029,-398.6395,6.5035634,5.734349
-1205.1028,-398.65326,6.508952,5.741933
-1206.1025,-398.674,6.5143504,5.7495303
-1207.1022,-398.70206,6.5197487,5.757128
-1208.1014,-398.73773,6.525147,5.764725
-1209.1006,-398.78137,6.5305448,5.7723227
-1210.0991,-398.8333,6.535943,5.77992
-1211.0973,-398.89386,6.5403624,5.7861466
-1212.095,-398.96317,6.5447707,5.792359
-1213.0918,-399.04138,6.5491796,5.798571
-1214.088,-399.12866,6.5535884,5.8047833
-1215.0834,-399.22516,6.557997,5.810996
-1216.0778,-399.33084,6.5547915,5.807992
-1217.0712,-399.44522,6.5515804,5.8049817
-1218.0636,-399.56766,6.54837,5.801972
-1219.0552,-399.6975,6.545159,5.7989616
-1220.0458,-399.83417,6.5419483,5.7959547
-1221.0355,-399.97702,6.5387397,5.793147
-1222.0244,-400.12543,6.5355306,5.7903395
-1223.0126,-400.2789,6.532322,5.787532
-1224,-400.4368,6.5291133,5.7847238
-1224.9868,-400.59863,6.525904,5.7819104
-1225.9731,-400.7638,6.522701,5.778907
-1226.9589,-400.93182,6.519497,5.775903
-1227.9442,-401.10223,6.516293,5.7728996
-1228.9293,-401.27454,6.513089,5.769896
-1229.9141,-401.4482,6.5098786,5.766893
-1230.8987,-401.62274,6.5064807,5.7638946
-1231.8833,-401.79733,6.5030828,5.7608967
-1232.8682,-401.9712,6.499685,5.7578983
-1233.8531,-402.1435,6.496287,5.7549005
-1234.8386,-402.31345,6.492896,5.7519026
-1235.8246,-402.48047,6.4897037,5.7489095
-1236.8109,-402.64505,6.486511,5.745917
-1237.7975,-402.80786,6.483319,5.7429237
-1238.7844,-402.9696,6.4801264,5.739931
-1239.7712,-403.13098,6.476934,5.736938
-1240.758,-403.29312,6.4737353,5.7339396
-1241.7443,-403.4586,6.470537,5.730941
-1242.7294,-403.63034,6.4673386,5.7279425
-1243.7128,-403.81137,6.4641404,5.724944
-1244.694,-404.0046,6.4609423,5.721946
-1245.672,-404.21283,6.4577236,5.7189283
-1246.6462,-404.4386,6.4545054,5.7159114
-1247.6155,-404.68433,6.4512863,5.7128935
-1248.5789,-404.95242,6.448066,5.7098746
-1249.535,-405.2453,6.444875,5.706942
-1250.4827,-405.5642,6.4422593,5.705735
-1251.4221,-405.9069,6.4396443,5.7045283
-1252.3538,-406.27036,6.4370303,5.703322
-1253.2782,-406.6517,6.4344172,5.7021155
-1254.1963,-407.04803,6.4318047,5.700925
-1255.1089,-407.4567,6.429207,5.699926
-1256.0171,-407.87512,6.426608,5.6989264
-1256.922,-408.3008,6.4240093,5.6979265
-1257.8246,-408.73126,6.4214106,5.696927
-1258.7261,-409.1641,6.4188266,5.6959133
-1259.6273,-409.59732,6.41643,5.694715
-1260.5286,-410.03073,6.4140334,5.6935167
-1261.4296,-410.4645,6.411637,5.6923184
-1262.3303,-410.89877,6.4092402,5.69112
-1263.2308,-411.33362,6.4068303,5.6899347
-1264.131,-411.76923,6.4042325,5.6889358
-1265.0308,-412.20563,6.401634,5.6879363
-1265.93,-412.6429,6.3990364,5.686937
-1266.8289,-413.0812,6.396438,5.685938
-1267.7272,-413.52057,6.393852,5.684926
-1268.6249,-413.96106,6.391453,5.6837263
-1269.522,-414.40283,6.389053,5.6825266
-1270.4185,-414.84592,6.386653,5.6813264
-1271.3142,-415.29047,6.384253,5.6801267
-1272.2092,-415.73654,6.3818407,5.678939
-1273.1034,-416.18423,6.3792396,5.6779385
-1273.9967,-416.63367,6.376638,5.6769376
-1274.8892,-417.0849,6.374037,5.675937
-1275.7805,-417.53806,6.371435,5.674937
-1276.6709,-417.9932,6.3688464,5.673923
-1277.5603,-418.4504,6.3664436,5.672722
-1278.4485,-418.90982,6.3640413,5.6715207
-1279.3356,-419.37152,6.3616385,5.6703196
-1280.2213,-419.83554,6.3592362,5.669118
-1281.1058,-420.30203,6.356875,5.6679444
-1281.989,-420.77106,6.3550725,5.6671433
-1282.8708,-421.24274,6.35327,5.6663423
-1283.7511,-421.7171,6.3514676,5.665541
-1284.6299,-422.19427,6.349665,5.66474
-1285.5072,-422.67435,6.3482285,5.6640763
-1286.3827,-423.1574,6.3512325,5.6650777
-1287.2566,-423.64352,6.3542366,5.666079
-1288.1288,-424.13278,6.3572407,5.6670804
-1288.999,-424.6253,6.3602448,5.6680818
-1289.8674,-425.12112,6.363232,5.669083
-1290.7339,-425.62036,6.3660345,5.670084
-1291.5984,-426.1231,6.3688374,5.671085
-1292.4607,-426.62936,6.3716397,5.672086
-1293.3209,-427.13928,6.374442,5.6730866
-1294.179,-427.65286,6.3772616,5.67407
-1295.0348,-428.17023,6.380261,5.6748695
-1295.8882,-428.69147,6.3832603,5.6756697
-1296.7391,-429.21667,6.38626,5.6764693
-1297.5875,-429.746,6.3892593,5.677269
-1298.4332,-430.27954,6.392241,5.6780863
-1299.2764,-430.8173,6.3950357,5.6790843
-1300.1171,-431.35886,6.3978305,5.6800823
-1300.9554,-431.90387,6.4006257,5.6810803
-1301.792,-432.4518,6.4034204,5.682079
-1302.6267,-433.00235,6.4062304,5.6830616
-1303.4602,-433.55493,6.409223,5.6838593
-1304.2927,-434.1089,6.412215,5.6846576
-1305.1249,-434.66342,6.415208,5.6854553
-1305.9572,-435.2178,6.4182005,5.6862535
-1306.79,-435.7713,6.4211802,5.6870646
-1307.6238,-436.32333,6.423977,5.688063
-1308.4585,-436.87405,6.426774,5.689062
-1309.2938,-437.42374,6.4295707,5.690061
-1310.1296,-437.9727,6.4323673,5.6910596
-1310.9658,-438.5212,6.435165,5.692059
-1311.8019,-439.06982,6.437971,5.6930614
-1312.6368,-439.62012,6.440778,5.6940637
-1313.4696,-440.17383,6.4435844,5.695066
-1314.2988,-440.7327,6.446391,5.6960683
-1315.1234,-441.29843,6.4490423,5.69717
-1315.9421,-441.87262,6.4496465,5.6995854
-1316.7538,-442.45667,6.45025,5.702001
-1317.5574,-443.05185,6.4508543,5.704417
-1318.3516,-443.6595,6.4514585,5.7068334
-1319.1351,-444.28073,6.451626,5.70952
-1319.9072,-444.91626,6.4480023,5.7145524
-1320.6681,-445.56512,6.44438,5.719584
-1321.4185,-446.22617,6.4407573,5.724615
-1322.1589,-446.8982,6.4371347,5.7296457
-1322.8903,-447.58017,6.433515,5.7346735
-1323.6133,-448.271,6.429911,5.739679
-1324.3287,-448.9697,6.426307,5.7446847
-1325.0374,-449.67526,6.422703,5.7496905
-1325.74,-450.38678,6.4190984,5.7546964
-1326.4375,-451.10327,6.4155245,5.759671
-1327.1309,-451.8239,6.4121366,5.764454
-1327.8207,-452.54782,6.4087486,5.769237
-1328.5079,-453.27426,6.4053607,5.77402
-1329.1934,-454.0024,6.401973,5.778803
-1329.8778,-454.7315,6.3985615,5.7836094
-1330.562,-455.46072,6.39498,5.7885838
-1331.2472,-456.1891,6.391398,5.793558
-1331.9343,-456.91562,6.3878164,5.798533
-1332.6245,-457.63928,6.3842344,5.803508
-1333.3187,-458.35907,6.380652,5.808483
-1334.0176,-459.07422,6.377064,5.813466
-1334.7212,-459.78485,6.3734765,5.818449
-1335.4291,-460.49118,6.369889,5.823432
-1336.141,-461.19345,6.3663015,5.828415
-1336.8566,-461.89197,6.362713,5.833399
-1337.5754,-462.58713,6.3591156,5.8383946
-1338.2965,-463.27994,6.355519,5.8433905
-1339.0189,-463.9714,6.3519216,5.848387
-1339.7415,-464.66266,6.348325,5.8533826
-1340.4633,-465.35477,6.3447266,5.85838
-1341.1832,-466.0488,6.3411174,5.8633924
-1341.9005,-466.74557,6.337508,5.8684053
-1342.6143,-467.44598,6.333899,5.8734183
-1343.3236,-468.15085,6.3302894,5.8784313
-1344.0276,-468.86102,6.3266797,5.8834453
-1344.7253,-469.57733,6.3230596,5.8884726
-1345.4156,-470.30078,6.31944,5.8935003
-1346.0975,-471.03232,6.3158197,5.898528
-1346.7694,-471.7729,6.3121996,5.903556
-1347.4303,-472.5234,6.308697,5.90779
-1348.0789,-473.28452,6.3060875,5.9059834
-1348.7146,-474.0564,6.303478,5.9041767
-1349.337,-474.83908,6.3008676,5.90237
-1349.9454,-475.63266,6.298258,5.900563
-1350.5394,-476.43713,6.295623,5.898623
-1351.1189,-477.25208,6.292834,5.895834
-1351.6858,-478.0759,6.2900453,5.893045
-1352.2421,-478.90686,6.2872567,5.8902564
-1352.7899,-479.7434,6.284468,5.8874683
-1353.3317,-480.58392,6.2817035,5.8847036
-1353.8695,-481.42697,6.27912,5.88212
-1354.4056,-482.27112,6.276536,5.879536
-1354.942,-483.11505,6.273952,5.876952
-1355.481,-483.9574,6.271368,5.8743677
-1356.0245,-484.79675,6.268782,5.8717656
-1356.5742,-485.63208,6.26618,5.8689632
-1357.13,-486.46344,6.2635784,5.8661613
-1357.6913,-487.29108,6.2609763,5.8633595
-1358.2574,-488.11536,6.2583747,5.8605576
-1358.8281,-488.9365,6.2557726,5.857755
-1359.4027,-489.75497,6.253165,5.8549466
-1359.9801,-490.57138,6.250557,5.852138
-1360.5594,-491.38647,6.247949,5.84933
-1361.1396,-492.20096,6.2453413,5.8465214
-1361.7197,-493.01553,6.2427344,5.8437347
-1362.2985,-493.831,6.240139,5.841139
-1362.8748,-494.6482,6.237543,5.838543
-1363.4474,-495.46805,6.234947,5.8359475
-1364.0149,-496.29138,6.232352,5.833352
-1364.576,-497.1191,6.2297564,5.8307376
-1365.1293,-497.9521,6.2271585,5.82794
-1365.6727,-498.79153,6.224561,5.8251424
-1366.2041,-499.6386,6.221963,5.822345
-1366.7214,-500.49442,6.219365,5.8195467
-1367.2223,-501.3599,6.2173605,5.816441
-1367.705,-502.23566,6.2213783,5.8102136
-1368.1692,-503.1214,6.2253957,5.8039865
-1368.6149,-504.01657,6.229413,5.7977595
-1369.042,-504.92072,6.233431,5.7915325
-1369.4506,-505.8334,6.237628,5.785238
-1369.8414,-506.75385,6.2432437,5.7784185
-1370.2175,-507.68042,6.2488594,5.7715993
-1370.5824,-508.61148,6.2544746,5.764781
-1370.9395,-509.5455,6.260089,5.7579637
-1371.2925,-510.48114,6.265724,5.751126
-1371.6448,-511.41705,6.271512,5.7441406
-1371.9989,-512.3522,6.277301,5.7371545
-1372.3578,-513.2856,6.28309,5.7301674
-1372.724,-514.2161,6.2888803,5.723179
-1373.1001,-515.1427,6.294646,5.7161927
-1373.4874,-516.0646,6.3002186,5.709227
-1373.8845,-516.98236,6.3057904,5.702262
-1374.2891,-517.8969,6.3113613,5.695298
-1374.6989,-518.8091,6.3169317,5.6883354
-1375.1117,-519.71985,6.3225207,5.6813717
-1375.5253,-520.6303,6.3282986,5.6743984
-1375.9373,-521.5415,6.334077,5.667424
-1376.3451,-522.4545,6.339856,5.6604495
-1376.7461,-523.3706,6.3456354,5.653475
-1377.1377,-524.2907,6.3514028,5.6464963
-1377.5178,-525.21564,6.3570204,5.639475
-1377.886,-526.1454,6.362637,5.632454
-1378.242,-527.0799,6.368253,5.6254334
-1378.5854,-528.019,6.37387,5.6184125
-1378.9165,-528.96265,6.3795056,5.6114073
-1379.2351,-529.91046,6.385339,5.604568
-1379.5427,-530.862,6.3911724,5.5977287
-1379.8408,-531.8165,6.3970056,5.59089
-1380.131,-532.7735,6.4028387,5.5840516
-1380.4149,-533.73236,6.4075146,5.578439
-1380.6938,-534.6926,6.4032993,5.582253
-1380.9681,-535.65424,6.3990836,5.586067
-1381.2383,-536.61707,6.394868,5.5898814
-1381.5045,-537.581,6.390652,5.5936956
-1381.767,-538.5459,6.386197,5.5977764
-1382.0261,-539.5118,6.3801904,5.603583
-1382.2815,-540.4786,6.374183,5.6093893
-1382.5333,-541.44635,6.3681765,5.6151958
-1382.7813,-542.4151,6.3621697,5.6210027
-1383.0251,-543.3849,6.3561926,5.6267796
-1383.265,-544.3557,6.3503957,5.632376
-1383.5006,-545.3275,6.3445992,5.637973
-1383.732,-546.30035,6.338803,5.6435695
-1383.9594,-547.27423,6.3330064,5.649166
-1384.1823,-548.249,6.3272104,5.6547894
-1384.4009,-549.22485,6.3214197,5.6605806
-1384.615,-550.20166,6.3156285,5.6663713
-1384.8247,-551.17944,6.3098373,5.6721625
-1385.0298,-552.15814,6.3040466,5.6779537
-1385.2302,-553.1378,6.29823,5.6837187
-1385.426,-554.11847,6.292241,5.6893086
-1385.6171,-555.10004,6.286252,5.694898
-1385.8031,-556.0826,6.280263,5.700488
-1385.9844,-557.06604,6.274274,5.7060776
-1386.1606,-558.05035,6.2683086,5.7116914
-1386.3318,-559.0356,6.2625175,5.7174826
-1386.4978,-560.0217,6.2567263,5.7232733
-1386.6587,-561.00867,6.2509356,5.7290645
-1386.8142,-561.9965,6.2451444,5.7348557
-1386.9644,-562.98517,6.2397323,5.7405353
-1387.1091,-563.9746,6.2373343,5.7453313
-1387.2484,-564.96484,6.2349367,5.750127
-1387.3821,-565.9559,6.2325387,5.754923
-1387.5101,-566.94763,6.2301407,5.7597184
-1387.6323,-567.9401,6.2277856,5.764515
-1387.7488,-568.9333,6.2257853,5.7693152
-1387.8593,-569.9272,6.2237854,5.7741156
-1387.9639,-570.9217,6.221785,5.778916
-1388.0624,-571.9168,6.2197847,5.783716
-1388.1548,-572.91254,6.217763,5.788517
-1388.241,-573.9088,6.2155604,5.7933226
-1388.3208,-574.9056,6.213358,5.798128
-1388.3944,-575.9029,6.2111554,5.8029337
-1388.4614,-576.90063,6.208953,5.8077393
-1388.5219,-577.8988,6.206773,5.8125453
-1388.5756,-578.89734,6.2047687,5.817355
-1388.6227,-579.89624,6.2027645,5.8221655
-1388.6631,-580.8954,6.20076,5.826976
-1388.6968,-581.89484,6.1987557,5.831786
-1388.7238,-582.8945,6.1972985,5.8353786
-1388.744,-583.8942,6.1997046,5.830365
-1388.7577,-584.89417,6.202111,5.825352
-1388.7646,-585.8941,6.204517,5.820339
-1388.7651,-586.8941,6.2069235,5.815326
-1388.7594,-587.89404,6.209494,5.8100114
-1388.7472,-588.894,6.2131023,5.802795
-1388.7288,-589.8938,6.2167106,5.795579
-1388.7042,-590.8935,6.220319,5.7883625
-1388.6735,-591.893,6.223927,5.7811465
-1388.6368,-592.89233,6.2275343,5.7739015
-1388.5941,-593.8914,6.2311387,5.7664924
-1388.5455,-594.89026,6.2347436,5.7590833
-1388.4912,-595.88873,6.238348,5.7516737
-1388.4312,-596.88696,6.2419524,5.7442646
-1388.3654,-597.88477,6.2456484,5.7368574
-1388.2941,-598.8822,6.2498474,5.7294593
-1388.2172,-599.8793,6.254046,5.7220616
-1388.1349,-600.87585,6.258245,5.714664
-1388.0474,-601.872,6.2624435,5.707266
-1387.9546,-602.8677,6.2669773,5.6999006
-1387.8566,-603.86285,6.2733636,5.6927156
-1387.7535,-604.85754,6.2797503,5.6855307
-1387.6453,-605.8516,6.286137,5.6783457
-1387.5317,-606.84515,6.2925234,5.671161
-1387.4131,-607.8381,6.298881,5.6639485
-1387.2893,-608.8304,6.305063,5.6565704
-1387.1602,-609.822,6.3112445,5.649192
-1387.0256,-610.8129,6.317426,5.6418138
-1386.8857,-611.8031,6.323608,5.6344357
-1386.7402,-612.7924,6.3297906,5.6270566
-1386.5892,-613.78094,6.335977,5.619673
-1386.4326,-614.7686,6.3421636,5.6122885
-1386.2704,-615.7554,6.3483505,5.604904
-1386.1023,-616.7411,6.354537,5.5975204
-1385.9285,-617.7259,6.360749,5.5901575
-1385.7488,-618.7096,6.36715,5.5829563
-1385.563,-619.6922,6.373551,5.575755
-1385.3712,-620.67365,6.379952,5.568554
-1385.1733,-621.6538,6.386353,5.5613527
-1384.9692,-622.63275,6.392733,5.554125
-1384.7588,-623.61035,6.3989573,5.546696
-1384.5421,-624.5866,6.405181,5.539268
-1384.319,-625.5614,6.411405,5.5318394
-1384.0895,-626.53467,6.417629,5.5244107
-1383.8536,-627.5065,6.4232483,5.5177517
-1383.6115,-628.4767,6.4250603,5.5159397
-1383.3632,-629.4454,6.4268723,5.5141277
-1383.1091,-630.41254,6.428684,5.5123158
-1382.8494,-631.37823,6.4304967,5.5105033
-1382.5844,-632.34247,6.4314184,5.509787
-1382.3142,-633.30524,6.428002,5.514409
-1382.0393,-634.2667,6.424586,5.519031
-1381.7599,-635.22687,6.4211693,5.523653
-1381.4762,-636.1858,6.417753,5.528275
-1381.1885,-637.1435,6.4143405,5.5328536
-1380.897,-638.1001,6.4109435,5.5372496
-1380.6016,-639.0554,6.4075465,5.5416455
-1380.3021,-640.0095,6.4041495,5.5460415
-1379.9985,-640.96234,6.4007525,5.5504375
-1379.6906,-641.9137,6.397358,5.5548687
-1379.3782,-642.86365,6.393972,5.55945
-1379.061,-643.8121,6.390586,5.564031
-1378.739,-644.7588,6.3871994,5.568612
-1378.4117,-645.7037,6.3838134,5.5731936
-1378.079,-646.64667,6.3804603,5.5777755
-1377.7405,-647.58765,6.3772697,5.5823627
-1377.3964,-648.52655,6.3740788,5.5869493
-1377.0465,-649.4633,6.3708878,5.591536
-1376.6908,-650.39795,6.3676972,5.5961227
-1376.3293,-651.3303,6.364474,5.600712
-1375.9622,-652.2605,6.3610744,5.605311
-1375.5896,-653.1885,6.3576746,5.6099105
-1375.2118,-654.1144,6.354275,5.61451
-1374.8291,-655.0382,6.350876,5.619109
-1374.4418,-655.96014,6.3484936,5.6247587
-1374.0502,-656.88025,6.351698,5.6361737
-1373.6543,-657.7986,6.3549023,5.647589
-1373.2545,-658.7152,6.3581066,5.659004
-1372.8512,-659.6302,6.361311,5.6704197
-1372.4442,-660.5437,6.3702164,5.68773
-1372.034,-661.4557,6.4088864,5.7358174
-1371.621,-662.36633,6.4475565,5.7839046
-1371.205,-663.2757,6.486227,5.8319917
-1370.7865,-664.1839,6.524897,5.8800793
-1370.3657,-665.09106,6.5636,5.928199
-1369.9427,-665.99725,6.6024632,5.9764776
-1369.5181,-666.9025,6.641327,6.0247564
-1369.0917,-667.80707,6.68019,6.0730352
-1368.6638,-668.71094,6.7190537,6.121314
-1368.2349,-669.61426,6.757913,6.169588
-1367.8048,-670.517,6.796755,6.21784
-1367.3738,-671.4194,6.835597,6.2660923
-1366.9418,-672.3212,6.874439,6.3143444
-1366.5088,-673.22266,6.913281,6.3625965
-1366.075,-674.1236,6.952119,6.410807
-1365.6401,-675.0241,6.9909396,6.4588323
-1365.2045,-675.92426,7.02976,6.506858
-1364.7681,-676.824,7.0685806,6.5548835
-1364.3307,-677.72327,7.1074014,6.6029086
-1363.8926,-678.6222,7.146181,6.650967
-1363.4539,-679.52075,7.1847835,6.69917
-1363.0143,-680.41895,7.223386,6.747373
-1362.574,-681.31683,7.261988,6.7955756
-1362.133,-682.21436,7.3005905,6.8437786
-1361.6915,-683.1116,7.339227,6.8919406
-1361.2493,-684.0085,7.3780146,6.939925
-1360.8065,-684.9051,7.416802,6.98791
-1360.3632,-685.80145,7.4555893,7.035894
-1359.9193,-686.6976,7.4943767,7.0838785
-1359.475,-687.5934,7.533162,7.1318974
-1359.03,-688.48895,7.5719385,7.180068
-1358.5847,-689.38434,7.610715,7.2282386
-1358.139,-690.2795,7.6494913,7.276409
-1357.6929,-691.17444,7.6882677,7.3245797
-1357.2465,-692.0692,7.7270427,7.372749
-1356.7996,-692.96387,7.765812,7.420911
-1356.3524,-693.8583,7.804581,7.4690723
-1355.9049,-694.7526,7.8433504,7.5172343
-1355.4573,-695.6468,7.8821197,7.565396
-1355.0093,-696.54083,7.9208527,7.6135216
-1354.5612,-697.43475,7.9594193,7.66148
-1354.1128,-698.3286,7.997986,7.709438
-1353.6643,-699.2224,8.036552,7.757396
-1353.2157,-700.11615,8.075118,7.8053546
-1352.767,-701.0098,8.11372,7.853348
-1352.3182,-701.90344,8.152487,7.9015074
-1351.8694,-702.79706,8.191255,7.949667
-1351.4205,-703.6907,8.230022,7.9978266
-1350.9717,-704.5842,8.268789,8.045986
-1350.523,-705.4779,8.307558,8.094113
-1350.0742,-706.3715,8.346332,8.14208
-1349.6255,-707.26526,8.385104,8.190046
-1349.177,-708.159,8.423878,8.238013
-1348.7286,-709.0528,8.46265,8.28598
-1348.2804,-709.9467,8.501425,8.3339815
-1347.8324,-710.84076,8.540207,8.382159
-1347.3845,-711.73486,8.578989,8.430337
-1346.937,-712.6291,8.617772,8.478516
-1346.4896,-713.5235,8.656554,8.526693
-1346.0425,-714.41797,8.695305,8.574873
-1345.5957,-715.31256,8.733896,8.623062
-1345.1492,-716.2073,8.772487,8.67125
-1344.7029,-717.1022,8.811078,8.7194395
-1344.2568,-717.9972,8.8496685,8.767628
-1343.8112,-718.8924,8.888293,8.815785
-1343.3657,-719.7877,8.927091,8.863783
-1342.9207,-720.6832,8.965889,8.911779
-1342.476,-721.57886,9.004686,8.959777
-1342.0315,-722.4747,9.043484,9.007773
-1341.5875,-723.37067,9.082282,9.055804
-1341.1438,-724.26685,9.121084,9.104007
-1340.7004,-725.1632,9.159886,9.152209
-1340.2576,-726.05975,9.1986885,9.200412
-1339.8151,-726.9565,9.237491,9.248614
-1339.3728,-727.85345,9.276293,9.296818
-1338.9312,-728.75055,9.315098,9.345023
-1338.4899,-729.6479,9.353902,9.393229
-1338.049,-730.5455,9.392707,9.441434
-1337.6085,-731.44324,9.431511,9.48964
-1337.1685,-732.34125,9.470283,9.537813
-1336.729,-733.2395,9.508887,9.585818
-1336.2899,-734.13794,9.547492,9.633824
-1335.8513,-735.0366,9.586097,9.681829
-1335.4133,-735.93555,9.624701,9.7298355
-1334.9757,-736.8347,9.663338,9.777873
-1334.5387,-737.73413,9.70214,9.826076
-1334.1022,-738.63385,9.740942,9.874278
-1333.6661,-739.53375,9.779744,9.922482
-1333.2307,-740.43396,9.818546,9.970684
-1332.7958,-741.3345,9.8573475,10.018853
-1332.3615,-742.2352,9.896145,10.06685
-1331.9277,-743.1362,9.934942,10.114846
-1331.4945,-744.03754,9.97374,10.162844
-1331.062,-744.93915,10.012538,10.21084
-1330.63,-745.841,10.043792,10.251588
-1330.1986,-746.74316,10.036394,10.255187
-1329.768,-747.6456,10.0289955,10.258786
-1329.3378,-748.5484,10.021598,10.262385
-1328.9083,-749.45154,10.014199,10.265984
-1328.4796,-750.3549,10.00502,10.267834
-1328.0515,-751.25867,9.9866295,10.260637
-1327.624,-752.1627,9.968239,10.253441
-1327.1973,-753.0671,9.949848,10.246244
-1326.7712,-753.97174,9.9314575,10.239048
-1326.3457,-754.8767,9.913034,10.231853
-1325.9209,-755.782,9.894446,10.224657
-1325.4968,-756.68756,9.875858,10.217462
-1325.0732,-757.5934,9.85727,10.210266
-1324.6503,-758.4996,9.838682,10.203071
-1324.2279,-759.40594,9.820125,10.195875
-1323.8062,-760.3127,9.801735,10.188679
-1323.3849,-761.2196,9.783344,10.181482
-1322.9642,-762.12683,9.764955,10.174287
-1322.5441,-763.03424,9.746564,10.16709
-1322.1245,-763.94196,9.728143,10.159863
-1321.7053,-764.8499,9.709547,10.152465
-1321.2867,-765.75806,9.69095,10.145066
-1320.8687,-766.66644,9.672355,10.137668
-1320.451,-767.5751,9.653759,10.13027
-1320.0338,-768.4839,9.635161,10.122901
-1319.6171,-769.3929,9.616555,10.115699
-1319.2008,-770.3021,9.597949,10.108497
-1318.7849,-771.21155,9.579343,10.101294
-1318.3695,-772.12115,9.560737,10.094091
-1317.9543,-773.0309,9.542159,10.086888
-1317.5397,-773.94086,9.523744,10.079682
-1317.125,-774.8508,9.505328,10.072476
-1316.7103,-775.7608,9.486914,10.06527
-1316.2953,-776.6706,9.468498,10.058064
-1315.8799,-777.5802,9.450057,10.05086
-1315.4635,-778.4894,9.431472,10.043667
-1315.0457,-779.3979,9.412887,10.036472
-1314.6256,-780.3054,9.3943,10.029278
-1314.2026,-781.21155,9.375713,10.022082
-1313.7761,-782.116,9.357167,10.014892
-1313.3458,-783.0187,9.338851,10.007725
-1312.913,-783.92017,9.320536,10.000558
-1312.479,-784.82104,9.302222,9.993391
-1312.045,-785.722,9.283912,9.986226
-1311.6125,-786.6236,9.265565,9.979032
-1311.184,-787.5271,9.246953,9.971626
-1310.7642,-788.4347,9.228339,9.964221
-1310.3584,-789.3487,9.209722,9.956814
-1309.9725,-790.2712,9.1911,9.949406
-1309.6122,-791.2039,9.167796,9.935769
-1309.282,-792.1478,9.114501,9.88227
-1308.9841,-793.10236,9.061226,9.828792
-1308.7205,-794.06696,9.007949,9.775311
-1308.4928,-795.0406,8.954651,9.72181
-1308.3031,-796.0224,8.889019,9.651815
-1308.1516,-797.01074,8.779444,9.523035
-1308.035,-798.0039,8.669897,9.394287
-1307.9496,-799.0002,8.560398,9.2655945
-1307.8915,-799.9985,8.450925,9.136933
-1307.8567,-800.99786,8.342093,9.009018
-1307.842,-801.99774,8.235015,8.883135
-1307.8452,-802.9977,8.127899,8.757211
-1307.864,-803.9975,8.020775,8.631275
-1307.8959,-804.997,7.9136553,8.505345
-1307.9387,-805.9961,7.7964044,8.384588
-1307.9926,-806.9946,7.6429863,8.282244
-1308.0614,-807.9922,7.489556,8.179892
-1308.1505,-808.9882,7.3361287,8.07754
-1308.2646,-809.9816,7.182767,7.975234
-1308.4087,-810.9711,7.0253844,7.8742294
-1308.5874,-811.955,6.8437514,7.780253
-1308.8066,-812.9306,6.6621385,7.686287
-1309.0721,-813.8946,6.480364,7.592238
-1309.3898,-814.84265,6.2984157,7.4980984
-1309.7648,-815.7695,6.132833,7.405862
-1310.1993,-816.6699,6.0178833,7.3195977
-1310.6902,-817.541,5.903065,7.2334323
-1311.2339,-818.3801,5.7882986,7.1473055
-1311.8271,-819.18494,5.6734715,7.0611334
-1312.4672,-819.9531,5.6088653,6.9825873
-1313.1492,-820.6843,5.610876,6.9142175
-1313.8658,-821.3816,5.6128864,6.8458605
-1314.6106,-822.0488,5.6148953,6.7775583
-1315.3774,-822.6907,5.6169033,6.709288
-1316.1609,-823.312,5.6188993,6.641516
-1316.9575,-823.9165,5.6208816,6.574317
-1317.7653,-824.5059,5.622865,6.507074
-1318.5825,-825.08215,5.6248493,6.4398108
-1319.4076,-825.64716,5.6268334,6.3725424
-1320.2389,-826.203,5.6288233,6.3050838
-1321.0752,-826.75134,5.630821,6.2373576
-1321.9155,-827.2934,5.632819,6.1696377
-1322.759,-827.83044,5.6348166,6.101923
-1323.605,-828.36365,5.6368136,6.0342107
-1324.4526,-828.8943,5.6384063,5.991156
-1325.3013,-829.4232,5.6394067,5.9841537
-1326.1506,-829.951,5.640407,5.9771514
-1327.0005,-830.478,5.6414075,5.9701486
-1327.8505,-831.0048,5.642408,5.9631457
-1328.7003,-831.5318,5.6433263,5.959
-1329.5499,-832.05914,5.644127,5.959
-1330.3994,-832.58685,5.644927,5.959
-1331.2488,-833.1147,5.645727,5.959
-1332.098,-833.64264,5.6465273,5.959
-1332.9473,-834.17053,5.6474094,5.959082
-1333.7966,-834.69836,5.64841,5.959282
-1334.646,-835.22614,5.64941,5.959482
-1335.4955,-835.75385,5.65041,5.959682
-1336.3448,-836.28156,5.65141,5.9598823
-1337.1942,-836.8093,5.6523285,5.96
-1338.0436,-837.3371,5.6531286,5.96
-1338.893,-837.86487,5.6539283,5.96
-1339.7423,-838.3927,5.6547284,5.96
-1340.5917,-838.92053,5.6555285,5.96
-1341.441,-839.44836,5.6564107,5.96
-1342.2904,-839.97614,5.657411,5.96
-1343.1398,-840.50397,5.658411,5.96
-1343.9891,-841.03174,5.659411,5.96
-1344.8385,-841.5595,5.660411,5.96
-1345.6879,-842.0873,5.661329,5.960082
-1346.5372,-842.61505,5.6621284,5.9602823
-1347.3866,-843.1428,5.6629286,5.960482
-1348.2361,-843.67053,5.6637287,5.960682
-1349.0854,-844.19824,5.6645284,5.960882
-1349.9348,-844.72595,5.6654105,5.961
-1350.7843,-845.25366,5.6664104,5.961
-1351.6338,-845.7813,5.6674104,5.961
-1352.4833,-846.30896,5.6684103,5.961
-1353.3326,-846.83655,5.66941,5.961
-1354.1823,-847.36414,5.670328,5.961
-1355.0317,-847.89166,5.671128,5.961
-1355.8812,-848.4192,5.6719275,5.961
-1356.7308,-848.94666,5.6727276,5.961
-1357.5803,-849.4741,5.6735272,5.961
-1358.4299,-850.0015,5.674409,5.961082
-1359.2797,-850.52893,5.675409,5.961282
-1360.1293,-851.0563,5.6764083,5.9614816
-1360.9789,-851.58356,5.677408,5.961682
-1361.8286,-852.11084,5.678408,5.9618816
-1362.6783,-852.63806,5.679326,5.962
-1363.5281,-853.1652,5.680126,5.962
-1364.3779,-853.6923,5.680926,5.962
-1365.2277,-854.21936,5.6817255,5.962
-1366.0775,-854.7464,5.682525,5.962
-1366.9275,-855.2733,5.6834064,5.962
-1367.7773,-855.80023,5.6844063,5.962
-1368.6273,-856.3271,5.6854057,5.962
-1369.4773,-856.8539,5.6864057,5.962
-1370.3274,-857.38055,5.687405,5.962
-1371.1774,-857.9072,5.688324,5.962081
-1372.0276,-858.43384,5.6891236,5.9622808
-1372.8777,-858.9604,5.6899233,5.962481
-1373.7279,-859.4868,5.690723,5.962681
-1374.5781,-860.0132,5.6915226,5.9628806
-1375.4283,-860.53955,5.6924033,5.963
-1376.2787,-861.0658,5.693403,5.963
-1377.1292,-861.5919,5.694402,5.963
-1377.9795,-862.11804,5.695402,5.963
-1378.83,-862.64404,5.6964016,5.963
-1379.6805,-863.17,5.6974015,5.963
-1380.5311,-863.6958,5.698401,5.963
-1381.3817,-864.22156,5.6994004,5.963
-1382.2324,-864.74725,5.7004004,5.963
-1383.0831,-865.2728,5.7014,5.963
-1383.9338,-865.79834,5.7023196,5.96308
-1384.7848,-866.3237,5.7031193,5.9632797
-1385.6356,-866.84906,5.703919,5.9634795
-1386.4866,-867.37427,5.7047186,5.96368
-1387.3376,-867.8994,5.7055182,5.9638796
-1388.1887,-868.42444,5.7063975,5.964
-1389.0398,-868.94934,5.707397,5.964
-1389.891,-869.4742,5.708397,5.964
-1390.7423,-869.9989,5.7093964,5.964
-1391.5936,-870.5235,5.7103963,5.964
-1392.4451,-871.048,5.7113166,5.964
-1393.2965,-871.5724,5.7121162,5.964
-1394.1481,-872.0967,5.712916,5.964
-1394.9996,-872.62085,5.7137156,5.964
-1395.8513,-873.1449,5.714515,5.964
-1396.7031,-873.6688,5.715394,5.964079
-1397.5549,-874.1926,5.7163935,5.9642787
-1398.4069,-874.7163,5.7173934,5.9644785
-1399.2588,-875.2399,5.718393,5.964679
-1400.1108,-875.76337,5.719393,5.9648786
-1400.963,-876.2867,5.7203135,5.965
-1401.8152,-876.8099,5.7211137,5.965
-1402.6675,-877.33295,5.7219133,5.965
-1403.5198,-877.8559,5.722713,5.965
-1404.3723,-878.37866,5.7235126,5.965
-1405.2249,-878.90137,5.7243905,5.965
-1406.0774,-879.4239,5.7253904,5.965
-1406.93,-879.9463,5.72639,5.965
-1407.7828,-880.46857,5.72739,5.965
-1408.6357,-880.9908,5.7283893,5.965
-1409.4886,-881.5128,5.7293115,5.965078
-1410.3416,-882.0347,5.730111,5.9652777
-1411.1947,-882.5565,5.730911,5.965478
-1412.0477,-883.0782,5.731711,5.9656777
-1412.901,-883.5998,5.7325106,5.9658775
-1413.7543,-884.1212,5.733388,5.966
-1414.6075,-884.6426,5.734388,5.966
-1415.461,-885.1638,5.7353873,5.966
-1416.3145,-885.68494,5.7363873,5.966
-1417.168,-886.20593,5.737387,5.966
-1418.0216,-886.72687,5.7383094,5.966
-1418.8752,-887.2477,5.739109,5.966
-1419.729,-887.7684,5.739909,5.966
-1420.5828,-888.289,5.740709,5.966
-1421.4366,-888.8095,5.7415085,5.966
-1422.2905,-889.32996,5.7423854,5.9660773
-1423.1445,-889.8503,5.7433853,5.966277
-1423.9985,-890.3705,5.7443852,5.966477
-1424.8525,-890.8907,5.745385,5.966677
-1425.7067,-891.4107,5.7463846,5.966877
-1426.5609,-891.9307,5.747308,5.967
-1427.415,-892.45056,5.7481074,5.967
-1428.2694,-892.9704,5.7489076,5.967
-1429.1237,-893.4901,5.749707,5.967
-1429.978,-894.00977,5.750507,5.967
-1430.8325,-894.52936,5.751384,5.967
-1431.6869,-895.0489,5.7523837,5.967
-1432.5414,-895.5683,5.753383,5.967
-1433.396,-896.08765,5.754383,5.967
-1434.2506,-896.60693,5.755383,5.967
-1435.1052,-897.12616,5.756306,5.966694
-1435.9598,-897.6453,5.7571063,5.9658937
-1436.8146,-898.1644,5.757906,5.965094
-1437.6693,-898.6835,5.7587056,5.964294
-1438.5242,-899.20245,5.7595057,5.9634943
-1439.3789,-899.7214,5.7603054,5.9617777
-1440.2338,-900.24023,5.7611055,5.958578
-1441.0886,-900.75903,5.761905,5.9553785
-1441.9436,-901.2778,5.7627053,5.9521794
-1442.7986,-901.79645,5.763505,5.94898
-1443.6536,-902.3151,5.764229,5.945704
-1444.5085,-902.83374,5.7648287,5.9423046
-1445.3635,-903.3523,5.7654285,5.9389052
-1446.2186,-903.87085,5.7660284,5.935506
-1447.0737,-904.3893,5.7666283,5.932106
-1447.9288,-904.9078,5.7673044,5.9287066
-1448.7839,-905.42615,5.768104,5.9253073
-1449.639,-905.9445,5.768904,5.921908
-1450.4943,-906.4629,5.769704,5.9185085
-1451.3494,-906.98114,5.770504,5.9151087
-1452.2046,-907.49945,5.7713037,5.9117093
-1453.0598,-908.0177,5.7721033,5.90831
-1453.915,-908.5359,5.7729034,5.9049106
-1454.7704,-909.05414,5.773703,5.901511
-1455.6256,-909.57227,5.774503,5.898112
-1456.4808,-910.09045,5.775227,5.894712
-1457.3362,-910.6086,5.775827,5.8913126
-1458.1915,-911.1267,5.7764273,5.887913
-1459.0468,-911.6448,5.777027,5.884514
-1459.9021,-912.1629,5.777627,5.8811145
-1460.7574,-912.68097,5.778302,5.8777905
-1461.6128,-913.19904,5.7791023,5.8745914
-1462.4681,-913.7171,5.779902,5.871392
-1463.3235,-914.23517,5.780702,5.868192
-1464.1788,-914.75323,5.781502,5.8649926
-1465.034,-915.2713,5.782302,5.8617177
-1465.8894,-915.7893,5.7831016,5.8583183
-1466.7448,-916.3074,5.783901,5.854919
-1467.6001,-916.82544,5.7847013,5.8515196
-1468.4554,-917.3435,5.785501,5.84812
-1469.3108,-917.8616,5.786301,5.844721
-1470.1661,-918.3797,5.787101,5.8413215
-1471.0215,-918.89777,5.7879004,5.837922
-1471.8767,-919.4159,5.7887006,5.8345227
-1472.732,-919.934,5.7895,5.831124
-1473.5873,-920.45215,5.790225,5.8277245
-1474.4426,-920.9703,5.790825,5.824325
-1475.2979,-921.48846,5.7914248,5.8209257
-1476.1531,-922.00665,5.7920246,5.8175263
-1477.0083,-922.5249,5.7926245,5.814127
-1477.8635,-923.04315,5.793299,5.8107276
-1478.7188,-923.56146,5.7940993,5.8073287
-1479.574,-924.0798,5.794899,5.8039293
-1480.4291,-924.5981,5.7956986,5.80053
-1481.2843,-925.11646,5.796499,5.797131
-1482.1394,-925.6349,5.7972984,5.7937317
-1482.9945,-926.1533,5.798098,5.7903323
-1483.8496,-926.6718,5.798898,5.7869334
-1484.7046,-927.1903,5.799698,5.783534
-1485.5597,-927.7089,5.8004975,5.780135
-1486.4147,-928.2275,5.8012233,5.77681
-1487.2697,-928.74615,5.801823,5.773611
-1488.1246,-929.26483,5.802423,5.770412
-1488.9796,-929.7835,5.803023,5.767213
-1489.8345,-930.30225,5.8036222,5.7640133
-1490.6893,-930.82104,5.8042965,5.7607403
-1491.5443,-931.3399,5.805096,5.7573414
-1492.3992,-931.85876,5.805896,5.753942
-1493.2539,-932.3776,5.806696,5.750543
-1494.1088,-932.89655,5.8074956,5.747144
-1494.9635,-933.4155,5.8082952,5.743745
-1495.8182,-933.9346,5.809095,5.740346
-1496.673,-934.4536,5.809895,5.736947
-1497.5277,-934.97266,5.8106947,5.7335477
-1498.3824,-935.4918,5.8114944,5.730149
-1499.237,-936.0109,5.8122206,5.72675
-1500.0918,-936.53015,5.8128204,5.723351
-1500.9464,-937.0494,5.8134203,5.719952
-1501.801,-937.56866,5.81402,5.716553
-1502.6556,-938.08795,5.81462,5.713154
-1503.5101,-938.6073,5.815293,5.709755
-1504.3646,-939.12665,5.8160925,5.706356
-1505.2192,-939.64606,5.8168926,5.702957
-1506.0737,-940.1655,5.8176923,5.6995583
-1506.9282,-940.685,5.818492,5.6961594
-1507.7826,-941.2045,5.8192916,5.6928334
-1508.6371,-941.72406,5.8200912,5.6896343
-1509.4915,-942.24365,5.820891,5.686435
-1510.3458,-942.7633,5.821691,5.6832366
-1511.2002,-943.28296,5.8224907,5.6800375
-1512.0546,-943.8027,5.823218,5.676766
-1512.9088,-944.3224,5.8238177,5.673367
-1513.7632,-944.84216,5.8244176,5.669968
-1514.6174,-945.36194,5.825017,5.666569
-1515.4717,-945.8818,5.825617,5.6631703
-1516.3259,-946.4017,5.826289,5.6597714
-1517.1802,-946.9216,5.827089,5.6563725
-1518.0343,-947.4415,5.8278885,5.652974
-1518.8885,-947.9615,5.828688,5.649575
-1519.7427,-948.4815,5.829488,5.6461763
-1520.5968,-949.0016,5.8302875,5.6427774
-1521.4509,-949.52167,5.8310876,5.6393785
-1522.3049,-950.0418,5.8318872,5.6359797
-1523.159,-950.56195,5.832687,5.6325808
-1524.0131,-951.08215,5.8334866,5.629182
-1524.8671,-951.60236,5.833356,5.628002
-1525.7211,-952.1226,5.8315563,5.630801
-1526.5751,-952.64294,5.829757,5.6336
-1527.4291,-953.16327,5.8279576,5.6363993
-1528.283,-953.6836,5.826158,5.6391983
-1529.1368,-954.20404,5.8241453,5.642496
-1529.9908,-954.7245,5.821746,5.6466947
-1530.8446,-955.24493,5.819347,5.650893
-1531.6985,-955.76544,5.8169475,5.655092
-1532.5524,-956.28595,5.8145485,5.6592903
-1533.4061,-956.8065,5.81222,5.663489
-1534.2599,-957.32715,5.810021,5.6676874
-1535.1138,-957.8478,5.8078218,5.671886
-1535.9674,-958.36847,5.8056226,5.6760845
-1536.8212,-958.88916,5.803423,5.680283
-1537.6749,-959.4099,5.801153,5.684411
-1538.5286,-959.93066,5.798754,5.68841
-1539.3822,-960.4515,5.796355,5.6924086
-1540.2358,-960.97235,5.793956,5.696407
-1541.0895,-961.4932,5.7915564,5.7004056
-1541.9431,-962.0141,5.7891574,5.7044744
-1542.7968,-962.5351,5.7867584,5.708673
-1543.6503,-963.056,5.784359,5.7128716
-1544.5038,-963.5771,5.78196,5.7170706
-1545.3573,-964.0981,5.7795606,5.721269
-1546.2108,-964.6192,5.777231,5.7254677
-1547.0643,-965.1403,5.775032,5.729666
-1547.9177,-965.66144,5.772833,5.733865
-1548.7712,-966.1826,5.770633,5.7380633
-1549.6246,-966.7038,5.768434,5.742262
-1550.478,-967.22504,5.7661653,5.7463913
-1551.3314,-967.74634,5.7637663,5.75039
-1552.1848,-968.26764,5.761367,5.754389
-1553.0381,-968.789,5.7589674,5.7583876
-1553.8915,-969.31036,5.7565684,5.7623863
-1554.7448,-969.8318,5.754169,5.766454
-1555.598,-970.3532,5.75177,5.770653
-1556.4513,-970.8747,5.7493706,5.7748513
-1557.3046,-971.3962,5.746971,5.7790504
-1558.1577,-971.9177,5.744572,5.783249
-1559.011,-972.43933,5.742242,5.7874475
-1559.8641,-972.9609,5.740042,5.7916465
-1560.7173,-973.48254,5.737843,5.795845
-1561.5704,-974.0042,5.735644,5.800044
-1562.4236,-974.5259,5.733444,5.8042426
-1563.2766,-975.04767,5.7311764,5.8084416
-1564.1298,-975.5694,5.728777,5.81264
-1564.9828,-976.0912,5.7263775,5.816839
-1565.8358,-976.61304,5.7239785,5.821038
-1566.6888,-977.1349,5.721579,5.825237
-1567.5419,-977.6568,5.719248,5.829367
-1568.3949,-978.1787,5.7170486,5.8333664
-1569.2478,-978.7006,5.714849,5.837365
-1570.1007,-979.22266,5.71265,5.841364
-1570.9537,-979.7446,5.71045,5.845363
-1571.8066,-980.2667,5.708183,5.84943
-1572.6595,-980.78876,5.7057834,5.853629
-1573.5123,-981.3109,5.703384,5.857828
-1574.3652,-981.83307,5.7009845,5.862027
-1575.218,-982.3552,5.698585,5.866226
-1576.0708,-982.87744,5.6961856,5.8704247
-1576.9237,-983.39966,5.693786,5.8746243
-1577.7764,-983.92194,5.6913867,5.8788233
-1578.6292,-984.4442,5.6889873,5.8830223
-1579.4819,-984.96655,5.686588,5.8872213
-1580.3346,-985.4889,5.684256,5.8913527
-1581.1874,-986.0113,5.6820564,5.895352
-1582.04,-986.53375,5.679857,5.899351
-1582.8927,-987.05615,5.6776576,5.9033504
-1583.7454,-987.5787,5.675458,5.907349
-1584.5979,-988.1012,5.673191,5.911416
-1585.4506,-988.6237,5.670791,5.915615
-1586.3031,-989.1463,5.6683917,5.9198146
-1587.1556,-989.6689,5.6659923,5.9240136
-1588.0082,-990.1915,5.663593,5.928213
-1588.8607,-990.71423,5.661193,5.932412
-1589.7133,-991.2369,5.6587934,5.9366117
-1590.5658,-991.75964,5.656394,5.9408107
-1591.4182,-992.2824,5.653994,5.94501
-1592.2708,-992.8052,5.6515946,5.9492097
-1593.1232,-993.328,5.649262,5.9534087
-1593.9756,-993.8508,5.6470623,5.957608
-1594.828,-994.3737,5.6448627,5.9618077
-1595.6803,-994.8966,5.642663,5.966007
-1596.5327,-995.41956,5.6404634,5.9702067
-1597.385,-995.9425,5.6381965,5.974339
-1598.2374,-996.4655,5.6357965,5.9783387
-1599.0897,-996.9885,5.633397,5.9823384
-1599.942,-997.5116,5.630997,5.986338
-1600.7942,-998.03467,5.6285973,5.9903374
-1601.6465,-998.5578,5.6262646,5.994404
-1602.4988,-999.08093,5.624065,5.998604
-1603.351,-999.6041,5.621865,6.0028033
-1604.2031,-1000.1273,5.619665,6.0070033
-1605.0553,-1000.6506,5.617465,6.011203
-1605.9075,-1001.1738,5.6151986,6.015403
-1606.7596,-1001.6971,5.6127987,6.0196023
-1607.6118,-1002.2204,5.610399,6.0238023
-1608.4639,-1002.7438,5.607999,6.0280023
-1609.316,-1003.26715,5.605599,6.032202
-1610.1681,-1003.7905,5.603199,6.036335
-1611.0201,-1004.31396,5.600799,6.040335
-1611.8722,-1004.83746,5.598399,6.044335
-1612.7242,-1005.36096,5.5959992,6.048335
-1613.5762,-1005.88446,5.593599,6.052335
-1614.4282,-1006.408,5.5912657,6.0564017
-1615.2802,-1006.9316,5.5890656,6.0606017
-1616.1321,-1007.4552,5.5868654,6.064802
-1616.984,-1007.9788,5.584666,6.069002
-1617.8359,-1008.5025,5.5824656,6.073202
-1618.6879,-1009.0262,5.580199,6.0774026
-1619.5398,-1009.54987,5.5777984,6.0816026
-1620.3916,-1010.07367,5.5753984,6.085803
-1621.2435,-1010.5974,5.572998,6.090003
-1622.0953,-1011.1212,5.570598,6.0942035
-1622.9471,-1011.645,5.5681977,6.098337
-1623.799,-1012.1689,5.5657973,6.1023374
-1624.6508,-1012.69275,5.5633974,6.106338
-1625.5024,-1013.2167,5.560997,6.110338
-1626.3542,-1013.7406,5.5585966,6.114339
-1627.2059,-1014.26465,5.5562634,6.1184063
-1628.0576,-1014.78864,5.5540633,6.1226068
-1628.9093,-1015.31274,5.5518627,6.126807
-1629.761,-1015.8368,5.5496626,6.131008
-1630.6127,-1016.36084,5.547462,6.1352086
-1631.4644,-1016.8848,5.5451946,6.1394095
-1632.316,-1017.4088,5.542794,6.14361
-1633.1677,-1017.93286,5.540394,6.147811
-1634.0194,-1018.457,5.5379934,6.152012
-1634.8708,-1018.9813,5.535593,6.1562123
-1635.7222,-1019.506,5.5332594,6.1604133
-1636.5735,-1020.03076,5.531059,6.1646147
-1637.4248,-1020.5554,5.528858,6.1688156
-1638.2764,-1021.07947,5.526658,6.173017
-1639.1287,-1021.6026,5.5244575,6.177218
-1639.9817,-1022.12445,5.522188,6.1813526
-1640.8359,-1022.64435,5.519786,6.185357
-1641.6918,-1023.1616,5.517383,6.1893616
-1642.5497,-1023.6753,5.5149803,6.193366
-1643.4103,-1024.1846,5.5125775,6.1973705
-1644.2739,-1024.6887,5.510174,6.201446
-1645.1411,-1025.1866,5.507767,6.2056575
-1646.0122,-1025.6777,5.5053606,6.209869
-1646.8877,-1026.161,5.502954,6.2140803
-1647.7678,-1026.6357,5.5005474,6.2182918
-1648.653,-1027.101,5.491625,6.2261558
-1649.5435,-1027.556,5.4709635,6.240598
-1650.4395,-1028,5.450303,6.2550406
-1651.3413,-1028.4321,5.429643,6.2694826
-1652.249,-1028.8517,5.4089847,6.2839236
-1653.1627,-1029.2578,5.3859205,6.29967
-1654.0828,-1029.6497,5.3587832,6.317629
-1655.0093,-1030.0259,5.331645,6.335588
-1655.9424,-1030.3853,5.3045034,6.3535495
-1656.8823,-1030.7266,5.2773566,6.371514
-1657.8291,-1031.0485,5.25038,6.389342
-1658.7823,-1031.3506,5.2237124,6.406923
-1659.7412,-1031.6343,5.1970487,6.424501
-1660.705,-1031.901,5.1703906,6.4420757
-1661.673,-1032.1522,5.1437383,6.4596467
-1662.6444,-1032.3892,5.116837,6.4774017
-1663.6195,-1032.611,5.0893373,6.4956
-1664.599,-1032.8124,5.061831,6.513803
-1665.5835,-1032.9878,5.034323,6.5320067
-1666.573,-1033.1312,5.006831,6.5502
-1667.5674,-1033.2372,4.996273,6.5582533
-1668.5653,-1033.3003,5.0169997,6.547576
-1669.5651,-1033.3154,5.037729,6.536897
-1670.5642,-1033.277,5.0584884,6.5262027
-1671.5592,-1033.1793,5.0792885,6.5154877
-1672.5458,-1033.0172,5.1149077,6.4960647
-1673.5204,-1032.7936,5.1611376,6.4704037
-1674.4814,-1032.5177,5.207281,6.4447913
-1675.4291,-1032.1987,5.253342,6.4192243
-1676.3645,-1031.8453,5.299376,6.3936725
-1677.2894,-1031.4652,5.3446155,6.368431
-1678.2051,-1031.0631,5.3894954,6.343322
-1679.1118,-1030.6415,5.434423,6.3181863
-1680.0104,-1030.2026,5.4793715,6.293039
-1680.9016,-1029.7493,5.5243196,6.2678914
-1681.7865,-1029.2836,5.533422,6.2595706
-1682.6653,-1028.8063,5.5192833,6.2621593
-1683.5374,-1028.317,5.5051465,6.2647476
-1684.4023,-1027.8152,5.491009,6.2673364
-1685.2598,-1027.3005,5.47687,6.269925
-1686.109,-1026.7726,5.459711,6.2739396
-1686.9498,-1026.2313,5.4404087,6.2789664
-1687.7822,-1025.6772,5.4211087,6.283993
-1688.6064,-1025.1108,5.4018145,6.289017
-1689.4222,-1024.5327,5.3825307,6.294039
-1690.2297,-1023.9428,5.3631635,6.2989593
-1691.027,-1023.3392,5.3437386,6.3038154
-1691.8103,-1022.71765,5.324305,6.308674
-1692.5758,-1022.0743,5.304856,6.313536
-1693.3192,-1021.40546,5.2853947,6.3184013
-1694.0359,-1020.7081,5.280762,6.3176956
-1694.7249,-1019.9835,5.2833853,6.3142653
-1695.3878,-1019.23486,5.2860065,6.3108377
-1696.0261,-1018.4652,5.288626,6.307412
-1696.642,-1017.6773,5.291246,6.3039865
-1697.237,-1016.8738,5.3028073,6.2970276
-1697.8138,-1016.0568,5.3179903,6.288637
-1698.3743,-1015.2287,5.3331776,6.280244
-1698.9209,-1014.39136,5.348365,6.271851
-1699.4563,-1013.54675,5.3635516,6.2634583
-1699.9829,-1012.69666,5.378903,6.255053
-1700.5015,-1011.8416,5.394323,6.246642
-1701.012,-1010.98175,5.4097433,6.2382307
-1701.5145,-1010.1172,5.425164,6.2298193
-1702.0088,-1009.2479,5.4405856,6.221408
-1702.4951,-1008.3741,5.456008,6.2129955
-1702.9735,-1007.49603,5.4714303,6.2045836
-1703.4448,-1006.6141,5.4868526,6.1961713
-1703.9097,-1005.7287,5.5022745,6.1877594
-1704.3685,-1004.8402,5.5176964,6.1793475
-1704.8223,-1003.94904,5.532387,6.17123
-1705.2711,-1003.0554,5.546794,6.1632257
-1705.7157,-1002.1597,5.5612016,6.1552215
-1706.1566,-1001.26215,5.575609,6.1472173
-1706.5941,-1000.363,5.590017,6.139213
-1707.0288,-999.4624,5.5955915,6.1349745
-1707.4613,-998.5607,5.597791,6.132175
-1707.8918,-997.6582,5.599991,6.1293755
-1708.321,-996.755,5.60219,6.126576
-1708.7494,-995.8514,5.6043897,6.1237764
-1709.1772,-994.9476,5.606445,6.120833
-1709.6049,-994.0436,5.608444,6.1178336
-1710.0322,-993.1395,5.6104436,6.114835
-1710.4591,-992.2352,5.612443,6.1118355
-1710.8856,-991.33075,5.6144423,6.108836
-1711.3118,-990.42615,5.616586,6.1058373
-1711.7375,-989.5213,5.6187854,6.102838
-1712.163,-988.6163,5.620985,6.0998387
-1712.5879,-987.71106,5.623184,6.0968394
-1713.0126,-986.8057,5.625384,6.0938406
-1713.4368,-985.9002,5.627583,6.0909853
-1713.8607,-984.9945,5.6297827,6.088186
-1714.2843,-984.0887,5.631982,6.0853868
-1714.7076,-983.1827,5.6341815,6.0825872
-1715.1306,-982.2765,5.6363807,6.079788
-1715.5532,-981.37024,5.638437,6.076845
-1715.9755,-980.46375,5.640436,6.073846
-1716.3975,-979.5571,5.6424356,6.0708466
-1716.8191,-978.6504,5.644435,6.0678473
-1717.2405,-977.7435,5.646435,6.064848
-1717.6615,-976.8365,5.6485777,6.061849
-1718.0823,-975.9293,5.650777,6.05885
-1718.5027,-975.02203,5.6529765,6.0558505
-1718.923,-974.1146,5.6551757,6.052851
-1719.3428,-973.20703,5.6573753,6.049852
-1719.7625,-972.2994,5.6594315,6.0469956
-1720.1819,-971.39154,5.661431,6.0441966
-1720.601,-970.48364,5.6634307,6.041397
-1721.0198,-969.57556,5.66543,6.038598
-1721.4385,-968.6674,5.6674294,6.0357985
-1721.8568,-967.75916,5.669572,6.0328565
-1722.2749,-966.85077,5.6717715,6.029857
-1722.6927,-965.94226,5.6739707,6.026858
-1723.1105,-965.0337,5.6761703,6.0238585
-1723.528,-964.125,5.6783695,6.0208597
-1723.9451,-963.2162,5.6804266,6.0178604
-1724.3622,-962.3073,5.682426,6.014861
-1724.7789,-961.3983,5.6844254,6.011862
-1725.1956,-960.4892,5.686425,6.0088625
-1725.6119,-959.58,5.6884246,6.005863
-1726.0282,-958.6708,5.6905665,6.0030065
-1726.4442,-957.7614,5.6927657,6.000207
-1726.86,-956.852,5.6949654,5.997408
-1727.2758,-955.9425,5.6971645,5.9946084
-1727.6912,-955.0329,5.699364,5.9918094
-1728.1066,-954.1233,5.7014213,5.9888678
-1728.5217,-953.21356,5.703421,5.9858685
-1728.9368,-952.3037,5.7054205,5.982869
-1729.3517,-951.39386,5.70742,5.97987
-1729.7665,-950.48395,5.7094193,5.976871
-1730.181,-949.574,5.7115607,5.9738717
-1730.5955,-948.6639,5.7137604,5.9708724
-1731.0099,-947.7538,5.7159595,5.967873
-1731.4241,-946.8436,5.718159,5.964874
-1731.8383,-945.9334,5.720359,5.9618745
-1732.2522,-945.02313,5.7224164,5.959017
-1732.6661,-944.11285,5.724416,5.956218
-1733.08,-943.2025,5.7264156,5.9534183
-1733.4937,-942.2921,5.728415,5.950619
-1733.9073,-941.38165,5.7304144,5.9478197
-1734.3209,-940.4712,5.7325554,5.944879
-1734.7344,-939.56067,5.734755,5.9418797
-1735.1478,-938.65015,5.736954,5.9388804
-1735.5612,-937.73956,5.739154,5.935881
-1735.9744,-936.829,5.741353,5.932882
-1736.3876,-935.91833,5.7434115,5.9298825
-1736.8008,-935.0077,5.745411,5.926883
-1737.214,-934.09705,5.747411,5.923884
-1737.6271,-933.1864,5.74941,5.920885
-1738.0402,-932.2757,5.7514095,5.917886
-1738.4531,-931.365,5.75355,5.915027
-1738.8662,-930.4543,5.7557497,5.9122276
-1739.2792,-929.5435,5.757949,5.9094286
-1739.6923,-928.6328,5.7601485,5.906629
-1740.1052,-927.7221,5.762348,5.9038296
-1740.5182,-926.8114,5.7644067,5.90089
-1740.9312,-925.90063,5.7664065,5.8978906
-1741.3442,-924.9899,5.768406,5.8948913
-1741.7572,-924.0792,5.7704053,5.891892
-1742.1703,-923.1685,5.772405,5.888892
-1742.5834,-922.2578,5.774545,5.885893
-1742.9965,-921.34717,5.776745,5.8828936
-1743.4097,-920.4365,5.778944,5.8798943
-1743.8229,-919.5259,5.7811437,5.876895
-1744.2361,-918.6153,5.7833433,5.8738956
-1744.6494,-917.7047,5.785403,5.8710365
-1745.0629,-916.7941,5.787402,5.868237
-1745.4762,-915.8836,5.789402,5.8654375
-1745.8898,-914.97314,5.7914014,5.862638
-1746.3033,-914.0627,5.793401,5.8598385
-1746.717,-913.1522,5.795541,5.8568993
-1747.1309,-912.2419,5.7977405,5.8538995
-1747.5447,-911.33154,5.7999396,5.8509
-1747.9587,-910.4213,5.8021393,5.847901
-1748.3729,-909.5111,5.804339,5.844901
-1748.7872,-908.601,5.806399,5.841902
-1749.2018,-907.691,5.8083982,5.8389025
-1749.6166,-906.78107,5.810398,5.835903
-1750.0315,-905.8712,5.8123975,5.8329034
-1750.4467,-904.9615,5.8143973,5.829904
-1750.862,-904.0519,5.8165364,5.8270445
-1751.2778,-903.14233,5.818736,5.824245
-1751.6937,-902.233,5.8209357,5.8214455
-1752.11,-901.3237,5.8231354,5.818646
-1752.5266,-900.4147,5.825335,5.8158464
-1752.9435,-899.50574,5.827395,5.8129077
-1753.3607,-898.5969,5.829395,5.809908
-1753.7783,-897.6883,5.831394,5.8069086
-1754.1963,-896.77985,5.8333936,5.8039093
-1754.6147,-895.8716,5.8353934,5.80091
-1755.0334,-894.9635,5.837532,5.7979107
-1755.4526,-894.0556,5.8397317,5.7949114
-1755.8723,-893.14795,5.8419313,5.791912
-1756.2924,-892.2405,5.8441305,5.788913
-1756.713,-891.3332,5.84633,5.7859135
-1757.134,-890.42615,5.8485293,5.7830534
-1757.5555,-889.51935,5.850729,5.7802544
-1757.9777,-888.6128,5.852928,5.7774553
-1758.4003,-887.70654,5.8551273,5.774656
-1758.8234,-886.8005,5.857327,5.771857
-1759.2472,-885.89465,5.8593874,5.768919
-1759.6714,-884.98914,5.861387,5.76592
-1760.0963,-884.0839,5.8633857,5.7629213
-1760.5219,-883.17896,5.865385,5.7599225
-1760.948,-882.27435,5.8673844,5.756923
-1761.3748,-881.37,5.88225,5.779104
-1761.8022,-880.46594,5.90284,5.8124886
-1762.2303,-879.56226,5.9234304,5.845873
-1762.6592,-878.6589,5.9440207,5.879257
-1763.0886,-877.7558,5.964611,5.9126415
-1763.5189,-876.8531,5.985751,5.946988
-1763.9498,-875.95074,6.0071383,5.9817667
-1764.3816,-875.0487,6.0285254,6.016546
-1764.8141,-874.1471,6.0499125,6.051325
-1765.2473,-873.24585,6.0712996,6.0861044
-1765.6815,-872.34503,6.092685,6.1208806
-1766.1163,-871.4445,6.11407,6.1556554
-1766.5516,-870.54425,6.135454,6.1904306
-1766.9872,-869.64404,6.156839,6.2252054
-1767.4227,-868.74396,6.1782236,6.25998
-1767.8582,-867.8437,6.19961,6.294759
-1768.2932,-866.9433,6.220998,6.329539
-1768.7275,-866.04254,6.2423854,6.3643184
-1769.1611,-865.1414,6.263773,6.3990984
-1769.5935,-864.23975,6.2851605,6.4338784
-1770.0245,-863.3374,6.306555,6.4686685
-1770.454,-862.4343,6.327952,6.5034633
-1770.8816,-861.5304,6.3493485,6.5382586
-1771.3073,-860.6255,6.3707457,6.573054
-1771.7306,-859.71954,6.392143,6.6078486
-1772.1514,-858.8124,6.413684,6.6426573
-1772.5695,-857.904,6.4352937,6.6774726
-1772.9846,-856.9942,6.456903,6.712288
-1773.3964,-856.08295,6.4785123,6.747103
-1773.8047,-855.17017,6.500122,6.7819185
-1774.2092,-854.2556,6.511503,6.806373
-1774.6099,-853.3394,6.5181093,6.8259907
-1775.0062,-852.4213,6.524715,6.845608
-1775.3983,-851.5014,6.531321,6.8652253
-1775.7859,-850.5795,6.5379267,6.8848433
-1776.1688,-849.65576,6.5185738,6.877952
-1776.5471,-848.7301,6.4873476,6.8589363
-1776.9215,-847.8028,6.456122,6.8399205
-1777.2921,-846.8741,6.4248962,6.8209047
-1777.6595,-845.94403,6.3936706,6.801889
-1778.0242,-845.0129,6.362457,6.7830186
-1778.3864,-844.08075,6.3312483,6.7642136
-1778.7465,-843.1479,6.30004,6.7454085
-1779.1051,-842.21436,6.2688313,6.7266035
-1779.4623,-841.2804,6.2376227,6.7077985
-1779.8187,-840.34607,6.2064285,6.6888633
-1780.1747,-839.41156,6.1752405,6.669871
-1780.5304,-838.477,6.144053,6.6508784
-1780.8864,-837.5425,6.1128654,6.631886
-1781.2428,-836.6082,6.081678,6.6128936
-1781.6002,-835.67426,6.0505047,6.5939097
-1781.959,-834.74084,6.0193377,6.5749297
-1782.3197,-833.80817,5.98817,6.5559497
-1782.6829,-832.8764,5.9570026,6.5369697
-1783.049,-831.94586,5.9258347,6.517989
-1783.4186,-831.01666,5.89468,6.499153
-1783.7913,-830.0887,5.863531,6.4803843
-1784.1661,-829.1617,5.832383,6.4616156
-1784.5425,-828.2352,5.801235,6.442847
-1784.9194,-827.30896,5.770088,6.4240785
-1785.296,-826.38257,5.738922,6.4051642
-1785.671,-825.45557,5.707747,6.3861794
-1786.043,-824.5273,5.676572,6.367194
-1786.4103,-823.5972,5.6453958,6.348209
-1786.7715,-822.66473,5.6142206,6.329224
-1787.1251,-821.7294,5.5829983,6.310345
-1787.4701,-820.7908,5.551753,6.291518
-1787.8057,-819.84875,5.5205083,6.272691
-1788.1309,-818.90314,5.489262,6.2538633
-1788.445,-817.95374,5.4580154,6.235035
-1788.7471,-817.0005,5.426747,6.2160573
-1789.0374,-816.0436,5.395469,6.19701
-1789.3162,-815.08325,5.364193,6.1779637
-1789.584,-814.1198,5.332917,6.1589174
-1789.8414,-813.1535,5.301642,6.1398716
-1790.089,-812.18463,5.2929707,6.1342773
-1790.3269,-811.2134,5.294374,6.1346784
-1790.5557,-810.23987,5.2957773,6.1350794
-1790.7754,-809.26434,5.2971807,6.1354804
-1790.9865,-808.28687,5.298584,6.135881
-1791.1892,-807.3077,5.2999873,6.136282
-1791.3839,-806.3268,5.3013906,6.136683
-1791.5706,-805.34436,5.3027935,6.137084
-1791.7494,-804.36053,5.304197,6.137485
-1791.9205,-803.37524,5.3056,6.1378856
-1792.0841,-802.38873,5.307146,6.1384296
-1792.2404,-801.40106,5.308749,6.139031
-1792.3893,-800.41223,5.3103523,6.139632
-1792.5311,-799.42236,5.311955,6.140233
-1792.666,-798.43146,5.313558,6.1408343
-1792.7941,-797.4397,5.315015,6.14129
-1792.9153,-796.4471,5.3164163,6.1416903
-1793.03,-795.45374,5.3178177,6.142091
-1793.1382,-794.4596,5.319219,6.1424913
-1793.2401,-793.4648,5.3206205,6.1428914
-1793.3358,-792.4694,5.3221664,6.1434374
-1793.4255,-791.47345,5.3237667,6.1440377
-1793.5094,-790.477,5.325367,6.1446376
-1793.5874,-789.48004,5.3269672,6.1452374
-1793.66,-788.48267,5.328567,6.145838
-1793.7272,-787.4849,5.3285627,6.1385627
-1793.789,-786.4869,5.327963,6.128368
-1793.8455,-785.48846,5.327363,6.118173
-1793.8966,-784.4898,5.3267636,6.1079783
-1793.9425,-783.49084,5.326164,6.0977836
-1793.983,-782.49164,5.325128,6.0854096
-1794.0182,-781.4923,5.323929,6.0722175
-1794.0479,-780.49274,5.3227296,6.059025
-1794.0719,-779.49304,5.3215303,6.0458326
-1794.0902,-778.4932,5.320331,6.03264
-1794.1025,-777.4933,5.319276,6.019589
-1794.109,-776.49335,5.3182764,6.0065913
-1794.1094,-775.49335,5.3172765,5.9935937
-1794.1035,-774.49335,5.3162766,5.980596
-1794.0914,-773.49347,5.3152766,5.967599
-1794.0729,-772.4936,5.3141317,5.9544506
-1794.048,-771.49396,5.3129315,5.941245
-1794.0165,-770.49445,5.311731,5.9280396
-1793.9783,-769.4952,5.31053,5.914834
-1793.9332,-768.4962,5.30933,5.9016285
-1793.8813,-767.49756,5.3082743,5.8884177
-1793.8224,-766.4993,5.307273,5.875204
-1793.7563,-765.5015,5.306272,5.861991
-1793.6832,-764.5042,5.305271,5.848778
-1793.6029,-763.50745,5.30427,5.835564
-1793.5153,-762.5113,5.3108726,5.8252735
-1793.4208,-761.51575,5.3202834,5.816063
-1793.3195,-760.52094,5.3296947,5.8068523
-1793.2118,-759.52673,5.3391056,5.7976413
-1793.098,-758.5332,5.3485165,5.7884307
-1792.9785,-757.5404,5.364847,5.7815804
-1792.8536,-756.5482,5.3836594,5.7755766
-1792.7235,-755.55676,5.4024715,5.7695727
-1792.5886,-754.5659,5.4212832,5.763569
-1792.4491,-753.5757,5.4400954,5.757565
-1792.3052,-752.5861,5.45875,5.7515645
-1792.1573,-751.5971,5.4773483,5.745565
-1792.0059,-750.60864,5.495947,5.7395654
-1791.8508,-749.6207,5.5145454,5.733566
-1791.6926,-748.63336,5.533144,5.7275662
-1791.5316,-747.6464,5.543761,5.7246704
-1791.3679,-746.6599,5.5515566,5.722872
-1791.202,-745.67377,5.5593524,5.7210727
-1791.0343,-744.6879,5.5671487,5.7192736
-1790.8647,-743.7024,5.5749445,5.7174745
-1790.694,-742.7171,5.575528,5.7186193
-1790.522,-741.73206,5.573529,5.7208185
-1790.3489,-740.74713,5.57153,5.723017
-1790.1747,-739.7624,5.5695305,5.7252164
-1789.9996,-738.77783,5.567531,5.7274156
-1789.8239,-737.79346,5.5655317,5.7297616
-1789.6472,-736.8092,5.5635324,5.7321615
-1789.4697,-735.8251,5.5615325,5.734561
-1789.2916,-734.84106,5.5595326,5.7369604
-1789.1127,-733.8572,5.5575333,5.7393603
-1788.9331,-732.8735,5.5555334,5.7416134
-1788.7528,-731.88983,5.5535336,5.7438135
-1788.5719,-730.9064,5.551533,5.746013
-1788.3904,-729.923,5.5495334,5.7482133
-1788.2084,-728.9397,5.5475335,5.7504134
-1788.0258,-727.95654,5.545533,5.7526135
-1787.8427,-726.97345,5.5435333,5.7548137
-1787.659,-725.9904,5.541533,5.757014
-1787.4751,-725.0075,5.5395327,5.759214
-1787.2906,-724.02466,5.537533,5.761414
-1787.106,-723.0419,5.5355325,5.763614
-1786.9209,-722.05914,5.533532,5.765815
-1786.7355,-721.0765,5.531532,5.768015
-1786.5499,-720.0939,5.5295315,5.770215
-1786.364,-719.1113,5.5275316,5.772415
-1786.178,-718.1288,5.5255313,5.774616
-1785.9918,-717.1463,5.523531,5.776816
-1785.8054,-716.1638,5.521531,5.779016
-1785.619,-715.18134,5.519531,5.781216
-1785.4325,-714.1989,5.517531,5.7834163
-1785.246,-713.21643,5.5155306,5.7856164
-1785.0594,-712.234,5.5135307,5.787816
-1784.873,-711.2515,5.511531,5.790016
-1784.6866,-710.26904,5.509531,5.792216
-1784.5004,-709.28656,5.5075307,5.794416
-1784.3142,-708.3041,5.505678,5.7966156
-1784.1283,-707.32153,5.5038786,5.7988153
-1783.9425,-706.3389,5.5020785,5.801015
-1783.757,-705.35626,5.500279,5.8032146
-1783.5718,-704.3736,5.4984794,5.805414
-1783.3868,-703.39087,5.4965334,5.8076134
-1783.2023,-702.408,5.494534,5.8098125
-1783.018,-701.4252,5.492535,5.8120117
-1782.8342,-700.4422,5.4905357,5.814211
-1782.6509,-699.45917,5.4885364,5.8164096
-1782.468,-698.476,5.486538,5.8186083
-1782.2858,-697.4928,5.484539,5.820807
-1782.1039,-696.50946,5.4825406,5.8230057
-1781.9226,-695.52606,5.4805417,5.825204
-1781.7418,-694.54254,5.4785433,5.8274026
-1781.5614,-693.55896,5.476545,5.829601
-1781.3816,-692.57526,5.474547,5.8317986
-1781.202,-691.5915,5.4725485,5.833997
-1781.023,-690.60767,5.4705505,5.8361945
-1780.8441,-689.62384,5.468552,5.8383927
-1780.6655,-688.6399,5.466554,5.8405905
-1780.4872,-687.65594,5.464556,5.842788
-1780.309,-686.67194,5.4625583,5.844986
-1780.131,-685.6879,5.4605603,5.8471837
-1779.953,-684.70386,5.4585624,5.8493814
-1779.7751,-683.71985,5.456564,5.8515797
-1779.5973,-682.7358,5.454566,5.8537774
-1779.4194,-681.7517,5.452568,5.855975
-1779.2416,-680.7677,5.4505696,5.8581734
-1779.0635,-679.7837,5.4485717,5.860371
-1778.8854,-678.7997,5.4465733,5.8625693
-1778.707,-677.81573,5.444575,5.864768
-1778.5284,-676.8318,5.442576,5.8669662
-1778.3496,-675.8479,5.4405775,5.869165
-1778.1705,-674.8641,5.438579,5.871363
-1777.9911,-673.8803,5.4365797,5.8735623
-1777.8113,-672.89667,5.4345803,5.8757615
-1777.631,-671.913,5.4325814,5.8779607
-1777.4503,-670.9295,5.430582,5.88016
-1777.269,-669.94604,5.4285827,5.882359
-1777.0873,-668.9627,5.4265823,5.884559
-1776.9049,-667.9795,5.424582,5.8867598
-1776.7219,-666.9964,5.4225817,5.88896
-1776.5383,-666.0134,5.4205813,5.8911605
-1776.3541,-665.0305,5.418581,5.8933606
-1776.1691,-664.0478,5.4165797,5.895562
-1775.9834,-663.0652,5.414578,5.897764
-1775.7968,-662.08276,5.412576,5.899966
-1775.6093,-661.1005,5.410575,5.902168
-1775.4207,-660.11847,5.408573,5.90437
-1775.2308,-659.13666,5.406713,5.906716
-1775.04,-658.155,5.40491,5.9091196
-1774.8483,-657.1736,5.403107,5.9115233
-1774.6559,-656.19226,5.4013042,5.9139276
-1774.463,-655.21106,5.3995013,5.9163313
-1774.2697,-654.2299,5.3975525,5.9185925
-1774.0753,-653.249,5.3955474,5.920798
-1773.879,-652.2685,5.393542,5.9230037
-1773.6797,-651.2886,5.3915367,5.9252095
-1773.4763,-650.30945,5.389532,5.927415
-1773.2677,-649.3315,5.389,5.9302163
-1773.0511,-648.3552,5.389,5.933233
-1772.8232,-647.38153,5.389,5.9362493
-1772.5803,-646.4115,5.389,5.939266
-1772.319,-645.4463,5.389,5.942282
-1772.0358,-644.4873,5.3940525,5.947593
-1771.7279,-643.5358,5.4006815,5.95362
-1771.3931,-642.5936,5.4073114,5.9596467
-1771.0286,-641.6625,5.413943,5.9656754
-1770.6321,-640.7445,5.4205747,5.971704
-1770.2015,-639.842,5.4251027,5.982463
-1769.737,-638.9565,5.429054,5.9945135
-1769.2394,-638.08923,5.433004,6.0065613
-1768.7092,-637.24133,5.4369535,6.018609
-1768.1475,-636.4141,5.4409046,6.0306582
-1767.5548,-635.60876,5.432675,6.073022
-1766.9318,-634.8267,5.4197702,6.1270223
-1766.2788,-634.06934,5.4068675,6.1810164
-1765.5967,-633.3382,5.3939705,6.234985
-1764.886,-632.6348,5.3810854,6.2889037
-1764.1473,-631.9608,5.3680534,6.344163
-1763.3799,-631.31995,5.3549504,6.400056
-1762.5818,-630.7176,5.3418365,6.4559956
-1761.7518,-630.1599,5.3287053,6.5120068
-1760.8898,-629.65356,5.315564,6.568062
-1759.9962,-629.2049,5.3358307,6.552308
-1759.0757,-628.8147,5.364164,6.5191836
-1758.133,-628.4811,5.3924685,6.486092
-1757.1729,-628.2023,5.42077,6.453004
-1756.1989,-627.97626,5.4491525,6.419774
-1755.2147,-627.7998,5.4889154,6.3607316
-1754.2242,-627.6621,5.5287066,6.301648
-1753.2305,-627.5505,5.5684814,6.242588
-1752.2355,-627.45184,5.6082387,6.1835546
-1751.2404,-627.353,5.6479945,6.1245356
-1750.2463,-627.2439,5.687698,6.0660777
-1749.2535,-627.1242,5.7274127,6.0076036
-1748.2617,-626.9963,5.7671323,5.9491215
-1747.2708,-626.86237,5.806854,5.8906374
-1746.2803,-626.72473,5.8462224,5.832662
-1745.29,-626.58527,5.8616,5.8092966
-1744.3,-626.4444,5.8769765,5.7859316
-1743.3102,-626.30237,5.892353,5.762567
-1742.3204,-626.15924,5.9077296,5.739203
-1741.3309,-626.0152,5.9230027,5.7159905
-1740.3414,-625.8703,5.9234023,5.714592
-1739.3522,-625.7247,5.923802,5.7131934
-1738.3629,-625.5784,5.9242015,5.7117953
-1737.3738,-625.43164,5.924601,5.710397
-1736.3846,-625.28436,5.925,5.7089987
-1735.3956,-625.13666,5.9252,5.7075996
-1734.4066,-624.9886,5.9254,5.706201
-1733.4177,-624.8401,5.9255996,5.704802
-1732.4288,-624.69116,5.9257994,5.7034035
-1731.4401,-624.5419,5.925999,5.7020044
-1730.4514,-624.39215,5.9263983,5.7006054
-1729.4628,-624.242,5.9267983,5.6992064
-1728.4741,-624.0915,5.927198,5.6978073
-1727.4856,-623.9406,5.9275975,5.6964083
-1726.4971,-623.78937,5.9279976,5.6950088
-1725.5087,-623.6378,5.928397,5.6936097
-1724.5203,-623.4859,5.9287972,5.69221
-1723.5319,-623.33374,5.929197,5.6908107
-1722.5436,-623.1812,5.929597,5.689411
-1721.5553,-623.0285,5.9299965,5.6880116
-1720.5671,-622.8754,5.930198,5.6868105
-1719.579,-622.72217,5.930398,5.685611
-1718.5908,-622.5686,5.9305983,5.684411
-1717.6028,-622.41486,5.930798,5.6832113
-1716.6146,-622.26086,5.930998,5.6820116
-1715.6266,-622.1067,5.931396,5.680614
-1714.6387,-621.95233,5.931796,5.679214
-1713.6506,-621.7978,5.932196,5.6778145
-1712.6627,-621.64307,5.9325957,5.6764145
-1711.6748,-621.4882,5.932996,5.6750145
-1710.6869,-621.3332,5.933396,5.673615
-1709.699,-621.1781,5.933796,5.672215
-1708.711,-621.0229,5.9341955,5.670815
-1707.7233,-620.86755,5.9345956,5.669415
-1706.7354,-620.71216,5.9349957,5.668015
-1705.7476,-620.55664,5.935198,5.666615
-1704.7598,-620.4011,5.9353976,5.665215
-1703.7719,-620.24554,5.935598,5.6638155
-1702.784,-620.08997,5.9357977,5.6624155
-1701.7963,-619.9343,5.935998,5.6610155
-1700.8085,-619.7787,5.9363956,5.6596155
-1699.8207,-619.62305,5.9367957,5.6582155
-1698.8329,-619.46747,5.937196,5.6568155
-1697.8451,-619.3119,5.9375954,5.6554155
-1696.8572,-619.1564,5.9379954,5.6540155
-1695.8694,-619.0009,5.9383955,5.6526155
-1694.8815,-618.8455,5.9387956,5.651216
-1693.8937,-618.69025,5.9391956,5.649816
-1692.9058,-618.535,5.939595,5.648416
-1691.918,-618.37976,5.9399953,5.647016
-1690.93,-618.2246,5.9401975,5.6456165
-1689.9421,-618.0695,5.9403977,5.6442165
-1688.9542,-617.9145,5.9405975,5.6428165
-1687.9663,-617.7595,5.940798,5.641417
-1686.9784,-617.6046,5.9409976,5.640017
-1685.9905,-617.44977,5.941395,5.638815
-1685.0026,-617.295,5.941795,5.637615
-1684.0145,-617.1402,5.942195,5.6364155
-1683.0266,-616.98553,5.942595,5.6352153
-1682.0387,-616.8309,5.9429946,5.6340156
-1681.0507,-616.6763,5.9433947,5.6326184
-1680.0627,-616.5217,5.9437947,5.631219
-1679.0747,-616.3672,5.9441943,5.6298194
-1678.0868,-616.21277,5.9445944,5.6284194
-1677.0988,-616.05835,5.9449944,5.62702
-1676.1107,-615.904,5.945197,5.62562
-1675.1227,-615.74963,5.945397,5.6242204
-1674.1346,-615.59534,5.945597,5.622821
-1673.1467,-615.4411,5.945797,5.6214213
-1672.1587,-615.2869,5.9459968,5.6200213
-1671.1707,-615.13275,5.946394,5.618622
-1670.1826,-614.97864,5.9467936,5.6172223
-1669.1945,-614.8245,5.9471936,5.615823
-1668.2064,-614.6705,5.947593,5.614423
-1667.2184,-614.5164,5.9479933,5.6130233
-1666.2303,-614.3624,5.9483933,5.611624
-1665.2423,-614.2085,5.948793,5.6102242
-1664.2542,-614.05457,5.949193,5.6088247
-1663.2661,-613.90063,5.949593,5.6074247
-1662.278,-613.74677,5.9499927,5.606025
-1661.2899,-613.59296,5.9503927,5.6046257
-1660.3019,-613.43915,5.9507923,5.603226
-1659.3137,-613.28534,5.9511924,5.6018267
-1658.3257,-613.13153,5.9515924,5.600427
-1657.3375,-612.9778,5.951992,5.5990276
-1656.3494,-612.8241,5.952196,5.597628
-1655.3613,-612.6704,5.952396,5.5962286
-1654.3732,-612.5167,5.9525957,5.594829
-1653.3851,-612.36304,5.952796,5.5934296
-1652.397,-612.2094,5.952996,5.5920296
-1651.4088,-612.0558,5.9533916,5.590826
-1650.4208,-611.90216,5.953791,5.5896263
-1649.4326,-611.74854,5.954191,5.5884266
-1648.4445,-611.595,5.954591,5.5872273
-1647.4563,-611.4414,5.954991,5.5860276
-1646.4681,-611.28784,5.9553905,5.5846324
-1645.4801,-611.1343,5.9557905,5.583233
-1644.492,-610.9807,5.9561906,5.5818334
-1643.5038,-610.8272,5.95659,5.580434
-1642.5156,-610.67365,5.9569902,5.5790343
-1641.5275,-610.52014,5.957195,5.577635
-1640.5394,-610.36664,5.957395,5.5762353
-1639.5513,-610.2131,5.957595,5.574836
-1638.5631,-610.0596,5.9577947,5.5734363
-1637.575,-609.90607,5.957995,5.5720367
-1636.5868,-609.75256,5.9583893,5.570637
-1635.5986,-609.59906,5.9587893,5.5692377
-1634.6106,-609.4455,5.959189,5.567838
-1633.6224,-609.292,5.959589,5.5664387
-1632.6343,-609.1385,5.9599886,5.565039
-1631.6461,-608.9849,5.9603887,5.5636396
-1630.658,-608.8314,5.9607887,5.56224
-1629.6698,-608.67786,5.9611883,5.5608406
-1628.6818,-608.5243,5.9615884,5.559441
-1627.6936,-608.3707,5.961988,5.5580416
-1626.7054,-608.21716,5.962194,5.556642
-1625.7173,-608.0636,5.9623938,5.5552425
-1624.7292,-607.91,5.962594,5.553843
-1623.7411,-607.7564,5.962794,5.5524435
-1622.7529,-607.6028,5.9629936,5.551044
-1621.7648,-607.4491,5.9633875,5.5496445
-1620.7767,-607.2955,5.963787,5.5482445
-1619.7886,-607.1418,5.964187,5.546845
-1618.8005,-606.9881,5.964587,5.5454454
-1617.8124,-606.83435,5.964987,5.544046
-1616.8242,-606.6806,5.965387,5.5426464
-1615.8362,-606.52686,5.9657865,5.541247
-1614.848,-606.37305,5.9661865,5.539847
-1613.86,-606.21924,5.9665866,5.5384474
-1612.872,-606.0654,5.966986,5.537048
-1611.8838,-605.91156,5.967193,5.5358415
-1610.8958,-605.7576,5.967393,5.5346417
-1609.9076,-605.6037,5.967593,5.533442
-1608.9196,-605.44977,5.967793,5.5322423
-1607.9315,-605.2958,5.967993,5.5310426
-1606.9435,-605.1418,5.9683857,5.52965
-1605.9554,-604.98773,5.968786,5.52825
-1604.9673,-604.8336,5.9691854,5.5268507
-1603.9792,-604.6795,5.9695854,5.5254507
-1602.9912,-604.5253,5.9699855,5.524051
-1602.0032,-604.37115,5.970385,5.5226517
-1601.0151,-604.2169,5.970785,5.5212517
-1600.0272,-604.0627,5.971185,5.519852
-1599.0392,-603.90845,5.9715853,5.518452
-1598.0511,-603.75415,5.971985,5.5170527
-1597.0631,-603.5998,5.9721923,5.5156527
-1596.0751,-603.44543,5.9723926,5.514253
-1595.0872,-603.2911,5.9725924,5.512853
-1594.0991,-603.13666,5.972792,5.5114536
-1593.1111,-602.98224,5.9729924,5.5100536
-1592.123,-602.8278,5.9733844,5.508654
-1591.1351,-602.6734,5.9737844,5.507254
-1590.1471,-602.5189,5.9741845,5.5058546
-1589.1592,-602.36444,5.9745846,5.5044546
-1588.1711,-602.2099,5.974984,5.503055
-1587.1831,-602.0554,5.975384,5.501655
-1586.1952,-601.9009,5.9757843,5.500255
-1585.2072,-601.74634,5.9761844,5.4988556
-1584.2192,-601.5918,5.976584,5.4974556
-1583.2312,-601.43726,5.976984,5.496056
-1582.2433,-601.28265,5.977192,5.494656
-1581.2552,-601.1281,5.9773917,5.4932566
-1580.2673,-600.9735,5.977592,5.4918566
-1579.2793,-600.819,5.977792,5.4904566
-1578.2914,-600.66437,5.977992,5.489057
-1577.3033,-600.5098,5.9783835,5.4878488
-1576.3154,-600.3552,5.9787836,5.486649
-1575.3274,-600.2006,5.9791837,5.4854493
-1574.3395,-600.0461,5.9795833,5.4842496
-1573.3514,-599.8915,5.9799833,5.48305
-1572.3635,-599.73694,5.9803834,5.481658
-1571.3755,-599.5824,5.9807835,5.4802585
-1570.3876,-599.4278,5.981183,5.4788585
-1569.3995,-599.27325,5.981583,5.477459
-1568.4116,-599.1188,5.981983,5.476059
-1567.4236,-598.96423,5.9821916,5.4746594
-1566.4357,-598.8097,5.9823914,5.4732594
-1565.4476,-598.6552,5.9825916,5.47186
-1564.4596,-598.50073,5.9827914,5.47046
-1563.4717,-598.34625,5.982991,5.4690604
-1562.4836,-598.19183,5.9833827,5.4676604
-1561.4956,-598.0374,5.983783,5.466261
-1560.5077,-597.883,5.9841824,5.464861
-1559.5197,-597.7286,5.9845824,5.4634614
-1558.5316,-597.5742,5.9849825,5.4620614
-1557.5437,-597.4199,5.985382,5.460662
-1556.5557,-597.26556,5.985782,5.4592624
-1555.5676,-597.11127,5.986182,5.4578624
-1554.5796,-596.95703,5.986582,5.456463
-1553.5916,-596.8028,5.986982,5.4550633
-1552.6035,-596.6486,5.9871907,5.4536633
-1551.6155,-596.49445,5.987391,5.452264
-1550.6274,-596.3403,5.987591,5.4508643
-1549.6394,-596.18616,5.9877906,5.449465
-1548.6514,-596.0321,5.987991,5.448065
-1547.6633,-595.87805,5.9883814,5.4466653
-1546.6752,-595.72406,5.988781,5.445266
-1545.6871,-595.5701,5.989181,5.4438663
-1544.6991,-595.4162,5.989581,5.4424667
-1543.7109,-595.26227,5.9899807,5.441067
-1542.7229,-595.10846,5.990381,5.439858
-1541.7349,-594.95465,5.9907804,5.438658
-1540.7467,-594.8009,5.9911804,5.4374585
-1539.7585,-594.6472,5.9915805,5.4362593
-1538.7705,-594.4935,5.99198,5.4350595
-1537.7823,-594.33997,5.99219,5.43367
-1536.7942,-594.1864,5.9923897,5.4322705
-1535.806,-594.0329,5.99259,5.430871
-1534.8179,-593.8794,5.9927897,5.429472
-1533.8297,-593.726,5.9929895,5.4280725
-1532.8416,-593.57263,5.993379,5.426673
-1531.8534,-593.4194,5.993779,5.4252734
-1530.8652,-593.2661,5.994179,5.4238744
-1529.8771,-593.1129,5.9945784,5.422475
-1528.8888,-592.95984,5.9949784,5.4210753
-1527.9006,-592.80676,5.995378,5.4196763
-1526.9125,-592.65375,5.995778,5.4182773
-1525.9242,-592.50085,5.9961777,5.4168777
-1524.9359,-592.34796,5.9965777,5.4154787
-1523.9478,-592.1951,5.9969773,5.414079
-1522.9595,-592.0424,5.997377,5.41268
-1521.9712,-591.8897,5.997777,5.411281
-1520.9829,-591.7371,5.9981766,5.409882
-1519.9946,-591.5846,5.998576,5.4084826
-1519.0063,-591.4321,5.998976,5.4070835
-1518.018,-591.2798,5.999188,5.4056845
-1517.0297,-591.1275,5.9993877,5.4042854
-1516.0413,-590.9752,5.9995875,5.4028864
-1515.053,-590.823,5.9997873,5.4014874
-1514.0646,-590.6708,5.9999876,5.4000883
-1513.0763,-590.51855,6.0003743,5.3986893
-1512.088,-590.36633,6.0007744,5.39729
-1511.0996,-590.2139,6.001174,5.3958907
-1510.1113,-590.0614,6.0015736,5.3944917
-1509.123,-589.9087,6.0019736,5.3930926
-1508.1349,-589.7558,6.002373,5.39188
-1507.1466,-589.6026,6.0027733,5.3906803
-1506.1586,-589.44916,6.0031734,5.3894806
-1505.1704,-589.29535,6.003573,5.388281
-1504.1824,-589.1413,6.003973,5.387081
-1503.1943,-588.9868,6.0041866,5.3856945
-1502.2064,-588.8319,6.0043864,5.3842945
-1501.2186,-588.6765,6.0045867,5.382894
-1500.2308,-588.5205,6.0047865,5.3814936
-1499.2432,-588.36383,6.004987,5.3800936
-1498.2557,-588.20636,6.0053735,5.378692
-1497.2683,-588.0483,6.005774,5.3772907
-1496.2809,-587.8897,6.0061746,5.3758893
-1495.2937,-587.7307,6.0065746,5.374488
-1494.3064,-587.57153,6.006975,5.3730865
-1493.3192,-587.412,6.007376,5.3716836
-1492.3323,-587.25085,6.007777,5.3702803
-1491.346,-587.0864,6.008178,5.368877
-1490.3604,-586.9172,6.008579,5.3674736
-1489.376,-586.7414,6.00898,5.3660707
-1488.3931,-586.5574,6.0093822,5.366191
-1487.4121,-586.3627,6.009784,5.366392
-1486.4341,-586.15485,6.0101867,5.3665934
-1485.4594,-585.93115,6.010589,5.3667946
-1484.4891,-585.6892,6.010991,5.366996
-1483.5242,-585.4268,6.0127697,5.394138
-1482.5653,-585.14307,6.0145793,5.42188
-1481.6132,-584.8375,6.0163884,5.449622
-1480.6685,-584.5097,6.018198,5.477367
-1479.7319,-584.15906,6.020008,5.5051146
-1478.8042,-583.78595,6.0219936,5.532513
-1477.8844,-583.39355,6.023979,5.5599093
-1476.9714,-582.9857,6.0259643,5.5873036
-1476.0636,-582.5662,6.0279493,5.6147013
-1475.1597,-582.13873,6.0299354,5.642111
-1474.258,-581.7061,6.0463176,5.658559
-1473.3594,-581.26764,6.0631866,5.674643
-1472.4644,-580.82166,6.080049,5.690721
-1471.574,-580.3665,6.096892,5.706781
-1470.6891,-579.9006,6.1137023,5.7228093
-1469.8115,-579.42126,6.1970735,5.6900544
-1468.9469,-578.9189,6.2910004,5.6495686
-1468.1036,-578.3815,6.3851094,5.6090045
-1467.292,-577.79767,6.47943,5.568349
-1466.5239,-577.1577,6.5737557,5.5276914
-1465.812,-576.45593,6.60517,5.5220037
-1465.1616,-575.6966,6.632041,5.5188046
-1464.5768,-574.8858,6.6588893,5.5156083
-1464.0616,-574.02905,6.6857834,5.512407
-1463.6213,-573.1315,6.6850414,5.524262
-1463.2561,-572.20087,6.601375,5.581196
-1462.9535,-571.2479,6.517789,5.6380754
-1462.6979,-570.2812,6.4344225,5.694805
-1462.4731,-569.30676,6.351206,5.751433
-1462.2634,-568.32904,6.2687054,5.8075285
-1462.0579,-567.3504,6.187529,5.8626337
-1461.8539,-566.3714,6.106207,5.9178376
-1461.6497,-565.3925,6.024793,5.973104
-1461.4435,-564.414,5.9433417,6.0283957
-1461.2334,-563.43634,5.8827424,6.0663066
-1461.0184,-562.4597,5.8747845,6.0603385
-1460.7988,-561.48413,5.8668313,6.0543733
-1460.5751,-560.50946,5.85888,6.04841
-1460.3478,-559.53564,5.85093,6.0424476
-1460.1173,-558.5626,5.844544,6.0351105
-1459.884,-557.5902,5.8427477,6.0237365
-1459.648,-556.61847,5.840952,6.0123606
-1459.4094,-555.64734,5.839155,6.000984
-1459.1683,-554.6768,5.837359,5.989607
-1458.9249,-553.7069,5.8355618,5.978272
-1458.6793,-552.73755,5.8337607,5.967068
-1458.4316,-551.76874,5.83196,5.955865
-1458.1823,-550.80035,5.83016,5.9446616
-1457.9313,-549.83234,5.8283596,5.933459
-1457.6788,-548.86475,5.8265586,5.9222035
-1457.4253,-547.8974,5.8247557,5.910787
-1457.1709,-546.93036,5.822953,5.89937
-1456.9156,-545.96344,5.821151,5.8879538
-1456.6599,-544.9967,5.819348,5.876537
-1456.4037,-544.0301,5.817495,5.8651705
-1456.1475,-543.06354,5.8154917,5.853954
-1455.8911,-542.0969,5.813489,5.842737
-1455.635,-541.1303,5.811486,5.83152
-1455.3792,-540.1636,5.8094826,5.8203034
-1455.1239,-539.1967,5.8075323,5.809089
-1454.8693,-538.2297,5.805731,5.7978806
-1454.6151,-537.2625,5.8039293,5.7866726
-1454.3616,-536.29517,5.8021283,5.775464
-1454.1086,-535.32776,5.800327,5.764256
-1453.8561,-534.36017,5.798526,5.752997
-1453.604,-533.39246,5.7967257,5.741597
-1453.3524,-532.4246,5.7949257,5.7301974
-1453.1012,-531.4567,5.793126,5.7187977
-1452.8503,-530.48865,5.791326,5.707398
-1452.6,-529.5205,5.7895265,5.6960526
-1452.35,-528.5523,5.7877274,5.6848598
-1452.1003,-527.5839,5.7859287,5.6736674
-1451.8512,-526.6155,5.7841296,5.6624746
-1451.6023,-525.647,5.782331,5.651282
-1451.3538,-524.67834,5.7805324,5.640039
-1451.1056,-523.70966,5.7787347,5.628652
-1450.8578,-522.74084,5.7769365,5.6172657
-1450.6101,-521.77203,5.775139,5.605879
-1450.3625,-520.8031,5.7733407,5.5944924
-1450.1152,-519.8342,5.771543,5.5831575
-1449.8679,-518.8653,5.769746,5.571975
-1449.621,-517.8963,5.7679486,5.560793
-1449.3744,-516.9271,5.7661514,5.54961
-1449.1285,-515.9578,5.764354,5.538428
-1448.8835,-514.98834,5.762557,5.5271955
-1448.6398,-514.0185,5.7607594,5.5158095
-1448.3977,-513.0482,5.7589617,5.5044236
-1448.1581,-512.0774,5.757164,5.493038
-1447.9216,-511.10577,5.7553663,5.4816523
-1447.6887,-510.13324,5.753808,5.4706945
-1447.4602,-509.15973,5.753008,5.461092
-1447.2366,-508.18506,5.7522073,5.4514894
-1447.0183,-507.20917,5.751407,5.441887
-1446.8062,-506.23193,5.750607,5.4322844
-1446.6006,-505.25333,5.7530484,5.4270806
-1446.4022,-504.2732,5.7656755,5.435699
-1446.2115,-503.29156,5.778302,5.4443173
-1446.0293,-502.30832,5.7909293,5.4529357
-1445.8561,-501.32343,5.803556,5.461554
-1445.6925,-500.3369,5.8159313,5.4696174
-1445.5391,-499.3488,5.827563,5.4760346
-1445.3965,-498.359,5.8391943,5.482452
-1445.2654,-497.36765,5.850826,5.488869
-1445.1462,-496.3748,5.8624573,5.495287
-1445.0398,-495.38046,5.8738704,5.500957
-1444.9464,-494.38486,5.8846803,5.50456
-1444.8662,-493.3881,5.895489,5.508163
-1444.799,-492.39038,5.9062986,5.511766
-1444.7449,-491.39185,5.9171076,5.515369
-1444.7037,-490.3927,5.9278584,5.519025
-1444.6758,-489.3931,5.9384513,5.5228224
-1444.6609,-488.39322,5.9490447,5.52662
-1444.659,-487.39325,5.9596376,5.5304174
-1444.6703,-486.3933,5.970231,5.534215
-1444.6946,-485.39362,5.9808235,5.537746
-1444.7319,-484.39435,5.991415,5.5405436
-1444.7823,-483.39563,6.0020065,5.543341
-1444.8458,-482.39767,6.012598,5.5461392
-1444.9225,-481.4006,6.0231895,5.548937
-1445.0123,-480.40466,6.0333114,5.5465875
-1445.1151,-479.40997,6.042114,5.5297823
-1445.2312,-478.41675,6.0509167,5.5129776
-1445.3605,-477.42517,6.059719,5.4961724
-1445.503,-476.4354,6.068522,5.4793673
-1445.659,-475.44763,6.0773296,5.4624996
-1445.8284,-474.4621,6.0861516,5.4454575
-1446.0109,-473.4789,6.0949736,5.428415
-1446.2067,-472.4983,6.1037955,5.411372
-1446.4156,-471.5204,6.112618,5.3943295
-1446.6378,-470.54538,6.119389,5.380778
-1446.8727,-469.57336,6.120795,5.3763595
-1447.1198,-468.60437,6.1222005,5.371941
-1447.3783,-467.63837,6.1236067,5.3675227
-1447.6475,-466.67532,6.1250124,5.3631043
-1447.9268,-465.7151,6.1255226,5.360358
-1448.2152,-464.75763,6.1239176,5.361562
-1448.5125,-463.80286,6.122313,5.3627653
-1448.8177,-462.8506,6.120708,5.363969
-1449.1305,-461.90076,6.119103,5.365173
-1449.45,-460.95316,6.117437,5.366313
-1449.7756,-460.0077,6.115635,5.367314
-1450.1068,-459.06412,6.1138334,5.3683147
-1450.443,-458.1223,6.112032,5.3693156
-1450.7834,-457.18207,6.1102304,5.3703165
-1451.1277,-456.2432,6.1084294,5.3713803
-1451.475,-455.30548,6.106631,5.3725796
-1451.8248,-454.36865,6.104832,5.3737783
-1452.1764,-453.43253,6.1030335,5.3749776
-1452.5293,-452.49683,6.101235,5.376177
-1452.8826,-451.56134,6.0994363,5.377376
-1453.236,-450.6259,6.097638,5.378575
-1453.5894,-449.6904,6.09584,5.3797736
-1453.9426,-448.75488,6.094042,5.3809724
-1454.2955,-447.81924,6.0922437,5.382171
-1454.6482,-446.88348,6.090507,5.383308
-1455.0004,-445.94757,6.088908,5.3843074
-1455.3522,-445.0115,6.08731,5.3853064
-1455.7036,-444.0753,6.085711,5.3863053
-1456.0547,-443.13898,6.0841126,5.387305
-1456.4055,-442.20255,6.0824533,5.3883643
-1456.7561,-441.26602,6.0806546,5.3895636
-1457.1064,-440.32938,6.078856,5.390763
-1457.4564,-439.39264,6.0770574,5.3919616
-1457.8062,-438.4558,6.0752587,5.393161
-1458.1556,-437.51886,6.07346,5.39436
-1458.5048,-436.58182,6.071661,5.3955593
-1458.8538,-435.64465,6.0698624,5.3967586
-1459.2024,-434.7074,6.0680637,5.397958
-1459.5508,-433.77005,6.0662646,5.399157
-1459.8989,-432.8326,6.064525,5.4002967
-1460.2468,-431.8951,6.062926,5.401296
-1460.5945,-430.9575,6.061327,5.4022956
-1460.9419,-430.01978,6.0597277,5.403295
-1461.2891,-429.08197,6.058129,5.4042945
-1461.636,-428.1441,6.0564704,5.405353
-1461.9827,-427.20615,6.0546713,5.4065523
-1462.3292,-426.2681,6.052872,5.407752
-1462.6755,-425.33,6.051073,5.4089513
-1463.0216,-424.39178,6.049274,5.4101505
-1463.3676,-423.45352,6.047475,5.4113503
-1463.7131,-422.5152,6.0456753,5.41255
-1464.0587,-421.57678,6.043876,5.413749
-1464.4039,-420.63828,6.0420766,5.414949
-1464.7491,-419.69974,6.0402775,5.4161487
-1465.0941,-418.76114,6.038478,5.41729
-1465.4388,-417.82245,6.0366783,5.4182897
-1465.7834,-416.8837,6.034879,5.4192896
-1466.1279,-415.94492,6.0330796,5.420289
-1466.4722,-415.00604,6.03128,5.421289
-1466.8163,-414.06714,6.029538,5.422346
-1467.1603,-413.12817,6.027939,5.423546
-1467.5042,-412.18915,6.026339,5.4247456
-1467.8479,-411.25006,6.0247397,5.4259453
-1468.1914,-410.31094,6.02314,5.427145
-1468.5349,-409.3718,6.021483,5.4283447
-1468.8782,-408.4326,6.0196834,5.4295444
-1469.2213,-407.49332,6.017884,5.430744
-1469.5645,-406.55402,6.0160837,5.431944
-1469.9075,-405.6147,6.014284,5.4331436
-1470.2504,-404.67532,6.0124846,5.434286
-1470.5931,-403.7359,6.010685,5.435286
-1470.9358,-402.79645,6.0088854,5.436286
-1471.2783,-401.85696,6.0070853,5.437286
-1471.6208,-400.91748,6.0052857,5.438286
-1471.9633,-399.97794,6.003486,5.4393425
-1472.3057,-399.03836,6.001686,5.4405427
-1472.648,-398.0988,5.9998865,5.4417424
-1472.9902,-397.15918,5.998087,5.442942
-1473.3324,-396.21954,5.996287,5.444142
-1473.6744,-395.27988,5.994544,5.445342
-1474.0165,-394.3402,5.9929442,5.446542
-1474.3585,-393.40054,5.9913445,5.4477415
-1474.7006,-392.46082,5.9897447,5.448941
-1475.0425,-391.52112,5.988145,5.4501414
-1475.3844,-390.5814,5.9864883,5.451341
-1475.7263,-389.64166,5.9846883,5.452541
-1476.0681,-388.70193,5.9828887,5.453741
-1476.41,-387.76218,5.9810886,5.454941
-1476.7518,-386.82245,5.979289,5.4561405
-1477.0938,-385.8827,5.977489,5.457284
-1477.4355,-384.94293,5.9756894,5.458284
-1477.7775,-384.0032,5.9738894,5.4592834
-1478.1193,-383.06345,5.97209,5.4602833
-1478.4612,-382.12372,5.9702897,5.461283
-1478.8031,-381.184,5.968547,5.46234
-1479.145,-380.24426,5.966947,5.4635396
-1479.4869,-379.30457,5.9653473,5.46474
-1479.829,-378.36487,5.9637475,5.4659395
-1480.171,-377.4252,5.9621477,5.4671392
-1480.5131,-376.48553,5.960491,5.468339
-1480.8552,-375.5459,5.9586916,5.469539
-1481.1974,-374.60626,5.9568915,5.470739
-1481.5397,-373.66666,5.955092,5.4719386
-1481.882,-372.72708,5.9532924,5.4731383
-1482.2244,-371.78754,5.9514923,5.474282
-1482.5669,-370.84802,5.9496927,5.4752817
-1482.9094,-369.9085,5.947893,5.4762816
-1483.2521,-368.96906,5.9460936,5.4772816
-1483.5947,-368.02963,5.9442935,5.4782815
-1483.9376,-367.09024,5.942494,5.479337
-1484.2805,-366.15088,5.9406943,5.480537
-1484.6235,-365.21155,5.9388947,5.4817367
-1484.9667,-364.27228,5.937095,5.4829364
-1485.3099,-363.33304,5.9352956,5.4841366
-1485.6532,-362.39383,5.933552,5.4853363
-1485.9967,-361.45468,5.9319525,5.4865355
-1486.3403,-360.51556,5.9303527,5.4877353
-1486.684,-359.57648,5.928753,5.488935
-1487.0277,-358.63742,5.9271536,5.4901347
-1487.3716,-357.69843,5.925498,5.4912786
-1487.7156,-356.75943,5.923699,5.4922786
-1488.0596,-355.8205,5.9218993,5.493278
-1488.4038,-354.8816,5.9200997,5.494278
-1488.7479,-353.9427,5.9183,5.495278
-1489.0923,-353.00385,5.9165006,5.4963326
-1489.4366,-352.065,5.9147015,5.4975324
-1489.7811,-351.12622,5.912902,5.498732
-1490.1256,-350.18744,5.9111023,5.499932
-1490.4702,-349.2487,5.909303,5.5011315
-1490.8148,-348.30997,5.9075036,5.502331
-1491.1595,-347.37128,5.905704,5.5035305
-1491.5043,-346.4326,5.903905,5.50473
-1491.8491,-345.49393,5.9021053,5.5059295
-1492.194,-344.5553,5.900306,5.507129
-1492.539,-343.61667,5.8985615,5.508274
-1492.8839,-342.67807,5.896962,5.5092735
-1493.2289,-341.73947,5.895363,5.5102735
-1493.574,-340.8009,5.893763,5.511273
-1493.9191,-339.86234,5.8921638,5.512273
-1494.2642,-338.92377,5.89051,5.5133266
-1494.6094,-337.98523,5.8887105,5.5145264
-1494.9546,-337.04672,5.8869114,5.515726
-1495.2998,-336.1082,5.885112,5.5169253
-1495.645,-335.16968,5.8833127,5.518125
-1495.9902,-334.23117,5.881513,5.5193243
-1496.3354,-333.29266,5.879714,5.520524
-1496.6808,-332.3542,5.8779144,5.5217237
-1497.026,-331.41568,5.8761153,5.522923
-1497.3713,-330.4772,5.8743157,5.5241227
-1497.7167,-329.53873,5.87257,5.5253224
-1498.0619,-328.60022,5.8709707,5.5265217
-1498.4072,-327.66174,5.8693714,5.5277214
-1498.7526,-326.72324,5.867772,5.528921
-1499.0978,-325.78476,5.866173,5.5301204
-1499.443,-324.84625,5.8645196,5.5312667
-1499.7883,-323.90775,5.8627205,5.5322666
-1500.1335,-322.96924,5.860921,5.533266
-1500.4788,-322.03073,5.859122,5.5342655
-1500.824,-321.0922,5.857322,5.5352654
-1501.1691,-320.15366,5.855523,5.536318
-1501.5142,-319.2151,5.8537235,5.5375175
-1501.8593,-318.27652,5.851924,5.5387173
-1502.2043,-317.33795,5.850125,5.539917
-1502.5493,-316.39935,5.8483253,5.541116
-1502.8943,-315.46075,5.846526,5.542316
-1503.2393,-314.52213,5.8447266,5.5435157
-1503.5841,-313.5835,5.842927,5.5447154
-1503.929,-312.64484,5.8411274,5.545915
-1504.2737,-311.70615,5.8393283,5.5471144
-1504.6184,-310.76746,5.837581,5.5482616
-1504.963,-309.8287,5.8359814,5.5492616
-1505.3076,-308.88998,5.834382,5.5502615
-1505.6521,-307.9512,5.8327823,5.551261
-1505.9966,-307.0124,5.831183,5.552261
-1506.341,-306.07358,5.829531,5.553313
-1506.6853,-305.1347,5.8277316,5.554512
-1507.0294,-304.19583,5.825932,5.5557117
-1507.3735,-303.2569,5.8241324,5.5569115
-1507.7177,-302.31796,5.822333,5.558111
-1508.0615,-301.37897,5.8205333,5.559311
-1508.4054,-300.43997,5.8187337,5.560511
-1508.7491,-299.50092,5.816934,5.561711
-1509.0929,-298.56183,5.8151345,5.5629106
-1509.4364,-297.6227,5.8133345,5.5641103
-1509.7799,-296.68353,5.811535,5.5652585
-1510.1233,-295.74435,5.8097353,5.5662584
-1510.4664,-294.8051,5.8079357,5.567258
-1510.8096,-293.8658,5.8061357,5.568258
-1511.1526,-292.92648,5.804336,5.5692577
-1511.4955,-291.98712,5.802588,5.570309
-1511.8383,-291.0477,5.8009877,5.571509
-1512.1809,-290.10825,5.799388,5.572709
-1512.5234,-289.16873,5.797788,5.573909
-1512.8658,-288.2292,5.7961884,5.575109
-1513.208,-287.28958,5.794537,5.5763087
-1513.5502,-286.34995,5.792737,5.577509
-1513.8921,-285.41022,5.790937,5.5787086
-1514.2339,-284.47046,5.789137,5.579909
-1514.5756,-283.53064,5.787337,5.5811086
-1514.9171,-282.59076,5.7855372,5.5822573
-1515.2584,-281.65085,5.7837367,5.583257
-1515.5996,-280.71085,5.7819366,5.584257
-1515.9407,-279.7708,5.7801366,5.5852575
-1516.2816,-278.83072,5.7783365,5.5862575
-1516.6224,-277.8906,5.776588,5.587309
-1516.9631,-276.95047,5.7749877,5.588509
-1517.304,-276.0103,5.773388,5.5897093
-1517.6447,-275.0702,5.7717876,5.590909
-1517.9856,-274.1301,5.7701874,5.592109
-1518.3267,-273.19003,5.768536,5.5933094
-1518.6678,-272.25006,5.766736,5.594509
-1519.0094,-271.31018,5.7649364,5.5957093
-1519.3512,-270.37042,5.7631364,5.596909
-1519.6934,-269.4308,5.7613363,5.598109
-1520.0359,-268.4913,5.7595367,5.5992575
-1520.3789,-267.552,5.7577376,5.600257
-1520.7225,-266.61288,5.755938,5.6012564
-1521.0665,-265.67395,5.754139,5.6022563
-1521.4113,-264.7352,5.7523394,5.6032557
-1521.7565,-263.79672,5.7505403,5.604306
-1522.1024,-262.85846,5.748742,5.6055055
-1522.4491,-261.92047,5.7469435,5.606704
-1522.7966,-260.98282,5.745145,5.6079035
-1523.1451,-260.04553,5.743346,5.6091022
-1523.4948,-259.10864,5.741598,5.610301
-1523.8455,-258.17218,5.7400007,5.6114993
-1524.197,-257.236,5.738403,5.6126976
-1524.5491,-256.30002,5.7368054,5.613896
-1524.9014,-255.36417,5.7352076,5.615094
-1525.2538,-254.42831,5.733561,5.6162925
-1525.6058,-253.49234,5.7317634,5.617491
-1525.9572,-252.55606,5.729966,5.6186895
-1526.307,-251.61931,5.7281685,5.619888
-1526.6553,-250.68188,5.726371,5.621086
-1527.0011,-249.7436,5.7197347,5.630823
-1527.3441,-248.8043,5.6975403,5.6680136
-1527.684,-247.8638,5.6753464,5.7052035
-1528.0199,-246.92192,5.6531525,5.7423935
-1528.3514,-245.9785,5.630959,5.7795825
-1528.6781,-245.03339,5.608521,5.81721
-1528.9995,-244.08644,5.5852895,5.856263
-1529.3152,-243.13759,5.5620584,5.8953156
-1529.625,-242.1868,5.538826,5.93437
-1529.9286,-241.234,5.515592,5.9734273
-1530.2256,-240.27914,5.492348,6.012501
-1530.5155,-239.3221,5.4690785,6.0516176
-1530.797,-238.36253,5.44581,6.0907335
-1531.0688,-237.40019,5.422545,6.1298428
-1531.3295,-236.43478,5.3992887,6.168937
-1531.5778,-235.46611,5.3803983,6.206681
-1531.8107,-234.49364,5.3741484,6.2405515
-1532.0221,-233.51627,5.367897,6.274429
-1532.2053,-232.53323,5.3616424,6.308324
-1532.3535,-231.54436,5.3553863,6.34223
-1532.46,-230.55013,5.353848,6.3746653
-1532.5199,-229.55202,5.3633776,6.40366
-1532.5314,-228.55219,5.3729014,6.4326367
-1532.4927,-227.55302,5.3824253,6.461613
-1532.4023,-226.55724,5.391952,6.490599
-1532.2584,-225.56778,5.401665,6.516111
-1532.061,-224.58757,5.4116964,6.535571
-1531.8127,-223.61899,5.421725,6.5550256
-1531.5164,-222.66403,5.431749,6.5744734
-1531.1743,-221.72443,5.4417725,6.593919
-1530.7892,-220.80165,5.4528656,6.5919275
-1530.3633,-219.89699,5.465711,6.5547743
-1529.8989,-219.01144,5.4785595,6.517613
-1529.3983,-218.14587,5.4914074,6.4804525
-1528.8636,-217.3009,5.5042543,6.4432955
-1528.297,-216.477,5.517206,6.4060826
-1527.7001,-215.67473,5.5303817,6.368751
-1527.0743,-214.89479,5.543559,6.331415
-1526.4209,-214.13785,5.556738,6.294076
-1525.7411,-213.40454,5.569918,6.256732
-1525.036,-212.69547,5.5747027,6.22626
-1524.3073,-212.01085,5.5608864,6.211022
-1523.5566,-211.3502,5.547071,6.195784
-1522.786,-210.71288,5.533257,6.180548
-1521.9974,-210.09811,5.519443,6.1653123
-1521.1923,-209.5051,5.5023365,6.1528497
-1520.3722,-208.93286,5.4800544,6.1447473
-1519.5388,-208.38026,5.457771,6.136644
-1518.6935,-207.84607,5.4354873,6.1285405
-1517.8375,-207.329,5.4132032,6.1204376
-1516.9723,-206.82768,5.3911133,6.112372
-1516.0989,-206.34077,5.3692575,6.1043515
-1515.2183,-205.86693,5.347401,6.0963306
-1514.3315,-205.40471,5.325545,6.0883102
-1513.4395,-204.9527,5.303689,6.0802894
-1512.5431,-204.50945,5.298022,6.0830407
-1511.6432,-204.07352,5.310967,6.098177
-1510.7402,-203.64357,5.3239126,6.113313
-1509.8353,-203.21822,5.3368583,6.1284494
-1508.9287,-202.7961,5.3498034,6.1435857
-1508.0214,-202.37581,5.370976,6.164384
-1507.1134,-201.95665,5.4024477,6.1922703
-1506.2051,-201.53856,5.43392,6.220157
-1505.2961,-201.12157,5.465392,6.2480435
-1504.3867,-200.70569,5.4968643,6.2759304
-1503.4768,-200.29095,5.5284405,6.3038344
-1502.5664,-199.87735,5.5601583,6.331762
-1501.6554,-199.46487,5.591876,6.359689
-1500.7439,-199.05351,5.6235933,6.3876166
-1499.8319,-198.64325,5.6553106,6.415544
-1498.9196,-198.23405,5.687044,6.4434032
-1498.0066,-197.82596,5.7188,6.4711647
-1497.0931,-197.41891,5.750556,6.4989266
-1496.1793,-197.01295,5.782312,6.526688
-1495.265,-196.60803,5.8140683,6.5544496
-1494.3501,-196.20418,5.8458366,6.5823026
-1493.4348,-195.80136,5.8776236,6.610291
-1492.5192,-195.3996,5.9094105,6.6382794
-1491.6029,-194.99886,5.941197,6.666268
-1490.6863,-194.59914,5.972984,6.6942563
-1489.7693,-194.20042,6.0046997,6.722253
-1488.8517,-193.80273,6.0363092,6.7502613
-1487.9338,-193.40604,6.0679193,6.7782702
-1487.0154,-193.01033,6.0995293,6.8062787
-1486.0967,-192.61562,6.131139,6.8342876
-1485.1774,-192.22188,6.1628356,6.8622212
-1484.2578,-191.8291,6.194661,6.8900433
-1483.3378,-191.43729,6.2264867,6.9178658
-1482.4174,-191.04643,6.258312,6.945688
-1481.4965,-190.65652,6.2901373,6.9735103
-1480.5752,-190.26755,6.321966,7.0014167
-1479.6536,-189.8795,6.3538,7.029446
-1478.7316,-189.49237,6.385633,7.0574756
-1477.8092,-189.10616,6.4174666,7.0855055
-1476.8864,-188.72084,6.4493003,7.113535
-1475.9633,-188.33643,6.481134,7.1415644
-1475.0397,-187.9529,6.512968,7.169595
-1474.1158,-187.57025,6.5448027,7.1976247
-1473.1915,-187.18848,6.576637,7.225655
-1472.267,-186.80756,6.608471,7.253685
-1471.342,-186.4275,6.6402187,7.281629
-1470.4167,-186.04828,6.6718464,7.3094535
-1469.4911,-185.6699,6.7034736,7.3372774
-1468.5651,-185.29236,6.735101,7.365102
-1467.6388,-184.91562,6.7667284,7.3929257
-1466.7122,-184.53969,6.798435,7.42083
-1465.7852,-184.16455,6.8302503,7.448843
-1464.8579,-183.79024,6.862065,7.4768558
-1463.9303,-183.41673,6.89388,7.504869
-1463.0023,-183.04404,6.925695,7.532882
-1462.074,-182.67218,6.9575043,7.560806
-1461.1454,-182.30115,6.9893064,7.588608
-1460.2164,-181.93095,7.021109,7.61641
-1459.2872,-181.56161,7.0529113,7.644212
-1458.3575,-181.19313,7.084714,7.6720138
-1457.4276,-180.82552,7.111838,7.6954784
-1456.4973,-180.45877,7.132633,7.713074
-1455.5667,-180.09291,7.1534286,7.73067
-1454.6356,-179.72794,7.1742234,7.748266
-1453.7042,-179.36388,7.195019,7.765862
-1452.7725,-179.0007,7.2062373,7.774136
-1451.8405,-178.63846,7.204438,7.7697377
-1450.908,-178.27711,7.202639,7.76534
-1449.9752,-177.91672,7.20084,7.760942
-1449.0421,-177.55727,7.199041,7.756544
-1448.1085,-177.19875,7.197242,7.752062
-1447.1747,-176.84119,7.1954427,7.7474647
-1446.2404,-176.4846,7.1936436,7.7428675
-1445.3058,-176.12898,7.191845,7.7382703
-1444.3707,-175.77434,7.190046,7.7336726
-1443.4354,-175.42068,7.1883307,7.7291594
-1442.4996,-175.06802,7.186732,7.724762
-1441.5636,-174.71637,7.1851325,7.720365
-1440.6271,-174.36574,7.1835337,7.7159677
-1439.6902,-174.01611,7.181935,7.7115707
-1438.7529,-173.66754,7.180253,7.7071733
-1437.8152,-173.31999,7.178454,7.7027764
-1436.8772,-172.9735,7.1766553,7.698379
-1435.9387,-172.62805,7.174856,7.693982
-1434.9999,-172.28368,7.1730576,7.6895847
-1434.0607,-171.94037,7.1712584,7.6851873
-1433.1211,-171.59813,7.1694593,7.68079
-1432.1812,-171.25699,7.16766,7.676392
-1431.2407,-170.91695,7.1658616,7.6719947
-1430.2999,-170.57803,7.1640625,7.667597
-1429.3586,-170.24023,7.1622634,7.663199
-1428.417,-169.90358,7.160464,7.658801
-1427.475,-169.56804,7.1586647,7.6544027
-1426.5326,-169.23363,7.1568656,7.6500044
-1425.5898,-168.90034,7.155066,7.645606
-1424.6466,-168.56818,7.1532664,7.641207
-1423.703,-168.23717,7.151467,7.636808
-1422.7589,-167.9074,7.1496673,7.632409
-1421.8145,-167.57892,7.1478677,7.62801
-1420.8694,-167.25185,7.146068,7.6236105
-1419.924,-166.92624,7.144268,7.6192107
-1418.9779,-166.60222,7.142468,7.61481
-1418.0313,-166.2799,7.1406674,7.6104097
-1417.084,-165.95941,7.1388674,7.606009
-1416.1361,-165.64088,7.1370673,7.6016088
-1415.1875,-165.32443,7.135267,7.5972075
-1414.2382,-165.0102,7.133466,7.5928054
-1413.2881,-164.69829,7.131665,7.5884037
-1412.3372,-164.38885,7.129864,7.584002
-1411.3854,-164.08199,7.1280637,7.5796
-1410.4327,-163.77782,7.1276555,7.576672
-1409.4792,-163.47646,7.1292562,7.575872
-1408.5248,-163.17804,7.1308575,7.5750713
-1407.5695,-162.88266,7.1324587,7.5742707
-1406.6132,-162.59044,7.1340594,7.57347
-1405.6558,-162.3015,7.136321,7.5734954
-1404.6974,-162.01596,7.139523,7.574696
-1403.738,-161.734,7.142725,7.5758967
-1402.7775,-161.45576,7.145927,7.577098
-1401.8159,-161.18141,7.1491294,7.5782986
-1400.8531,-160.9111,7.152414,7.579416
-1399.8893,-160.64479,7.1558146,7.580416
-1398.9243,-160.38222,7.159216,7.5814166
-1397.9585,-160.12306,7.1626167,7.5824165
-1396.9918,-159.86705,7.1660175,7.583417
-1396.0244,-159.61385,7.1693344,7.584417
-1395.0564,-159.36313,7.172533,7.585417
-1394.0878,-159.1145,7.175732,7.5864162
-1393.1188,-158.86757,7.178931,7.587416
-1392.1494,-158.6219,7.18213,7.5884156
-1391.1798,-158.37714,7.1853285,7.589415
-1390.2101,-158.13287,7.1885257,7.5904145
-1389.2404,-157.88882,7.1917233,7.5914135
-1388.2706,-157.64467,7.194921,7.592413
-1387.301,-157.40009,7.198118,7.593412
-1386.3315,-157.15475,7.201398,7.594411
-1385.3624,-156.90828,7.2047944,7.59541
-1384.3938,-156.66008,7.208191,7.596409
-1383.4257,-156.40959,7.2115874,7.5974083
-1382.4583,-156.15627,7.214984,7.5984073
-1381.4918,-155.89955,7.2182994,7.5994062
-1380.5262,-155.63934,7.2214956,7.6004047
-1379.5615,-155.37616,7.2246923,7.6014037
-1378.5974,-155.11052,7.2278886,7.6024027
-1377.6339,-154.84294,7.231085,7.6034017
-1376.6708,-154.574,7.234283,7.604401
-1375.7076,-154.30486,7.237483,7.605401
-1374.744,-154.03752,7.2406826,7.606401
-1373.7794,-153.77403,7.2438827,7.607401
-1372.8131,-153.51645,7.2470827,7.608401
-1371.8448,-153.26686,7.2503657,7.6094017
-1370.874,-153.02715,7.253774,7.610404
-1369.9004,-152.79904,7.257182,7.6114063
-1368.9237,-152.58427,7.2605906,7.612409
-1367.9438,-152.38458,7.264,7.613412
-1366.9607,-152.20168,7.2670765,7.614414
-1365.9746,-152.03586,7.2696815,7.615416
-1364.986,-151.88564,7.272286,7.6164174
-1363.9954,-151.74936,7.27489,7.6174192
-1363.003,-151.62541,7.277494,7.6184206
-1362.0095,-151.51213,7.2800946,7.6193366
-1361.0149,-151.4078,7.282691,7.620136
-1360.0197,-151.31068,7.285287,7.6209345
-1359.0239,-151.21898,7.2878833,7.621733
-1358.0278,-151.13087,7.2904797,7.6225324
-1357.0315,-151.04462,7.293076,7.623331
-1356.0353,-150.95895,7.2956715,7.62413
-1355.039,-150.8734,7.2982674,7.6249285
-1354.0426,-150.78745,7.300863,7.625727
-1353.0464,-150.70062,7.3034587,7.626526
-1352.0503,-150.61246,7.3060555,7.627406
-1351.0543,-150.52277,7.308655,7.6284056
-1350.0585,-150.43178,7.3112535,7.629405
-1349.0627,-150.33974,7.3138523,7.630405
-1348.067,-150.24687,7.3164515,7.6314044
-1347.0714,-150.15344,7.3190513,7.6323233
-1346.0758,-150.05962,7.3216524,7.633124
-1345.0803,-149.96545,7.324253,7.633924
-1344.0847,-149.87105,7.326854,7.6347246
-1343.0892,-149.77644,7.3294554,7.6355247
-1342.0938,-149.68173,7.332138,7.6363254
-1341.0983,-149.587,7.33494,7.6371255
-1340.1028,-149.49237,7.337742,7.637926
-1339.1072,-149.39795,7.3405437,7.6387267
-1338.1117,-149.30388,7.3433456,7.6395273
-1337.1161,-149.21027,7.3460655,7.640328
-1336.1204,-149.11723,7.3486667,7.641128
-1335.1248,-149.02487,7.351268,7.6419287
-1334.1289,-148.93324,7.3538694,7.642729
-1333.133,-148.84245,7.3564706,7.6435294
-1332.1371,-148.75258,7.3590713,7.644412
-1331.1411,-148.66367,7.361671,7.645412
-1330.1449,-148.57574,7.364271,7.646412
-1329.1487,-148.4888,7.366871,7.647412
-1328.1525,-148.40283,7.369471,7.6484118
-1327.1561,-148.31786,7.3720703,7.649329
-1326.1597,-148.23387,7.3746696,7.650129
-1325.1631,-148.15091,7.3772683,7.6509285
-1324.1664,-148.06898,7.379867,7.651728
-1323.1697,-147.98808,7.382466,7.652528
-1322.173,-147.90825,7.383345,7.65431
-1321.176,-147.8295,7.381746,7.657508
-1320.1791,-147.75182,7.380147,7.6607056
-1319.182,-147.67525,7.378548,7.663903
-1318.1848,-147.59978,7.3769493,7.667101
-1317.1876,-147.52544,7.374133,7.671029
-1316.1903,-147.45224,7.369537,7.676025
-1315.1929,-147.38019,7.3649406,7.6810207
-1314.1954,-147.3093,7.3603444,7.6860166
-1313.1979,-147.23958,7.3557487,7.6910124
-1312.2002,-147.17105,7.351072,7.696008
-1311.2025,-147.10373,7.346276,7.701004
-1310.2047,-147.03761,7.34148,7.706
-1309.2068,-146.97273,7.3366838,7.710996
-1308.2089,-146.9091,7.3318877,7.715992
-1307.2108,-146.84673,7.3271713,7.720988
-1306.2126,-146.78561,7.322574,7.7259846
-1305.2145,-146.72578,7.3179774,7.730981
-1304.2162,-146.66725,7.3133807,7.7359776
-1303.2179,-146.61003,7.308784,7.740974
-1302.2195,-146.55414,7.3041077,7.7459707
-1301.221,-146.49957,7.29931,7.750969
-1300.2223,-146.44637,7.2945123,7.7559667
-1299.2236,-146.39453,7.2897143,7.7609644
-1298.225,-146.34406,7.2849164,7.765962
-1297.2262,-146.29498,7.280196,7.7709603
-1296.2273,-146.24731,7.2755966,7.77596
-1295.2284,-146.20108,7.270997,7.7809596
-1294.2294,-146.15627,7.2663975,7.7859592
-1293.2303,-146.11288,7.261798,7.790959
-1292.2312,-146.07098,7.2571974,7.7959595
-1291.232,-146.03055,7.2525954,7.8009615
-1290.2328,-145.99161,7.2479935,7.8059635
-1289.2335,-145.95416,7.243392,7.8109655
-1288.2343,-145.91824,7.23879,7.8159676
-1287.2347,-145.88385,7.2341084,7.820892
-1286.2354,-145.85101,7.2293043,7.825696
-1285.2358,-145.81973,7.2244997,7.8305
-1284.2363,-145.79002,7.2196956,7.8353047
-1283.2367,-145.76193,7.214891,7.840109
-1282.237,-145.73544,7.210166,7.844993
-1281.2373,-145.71059,7.2055607,7.849999
-1280.2377,-145.6874,7.200956,7.855005
-1279.2379,-145.66585,7.1963506,7.8600106
-1278.238,-145.646,7.1917453,7.865016
-1277.2383,-145.62784,7.185361,7.8663015
-1276.2384,-145.61139,7.1763515,7.8620973
-1275.2385,-145.59668,7.1673417,7.857893
-1274.2386,-145.58372,7.1583323,7.8536882
-1273.2386,-145.57253,7.1493225,7.849484
-1272.2388,-145.56311,7.137858,7.840039
-1271.2388,-145.5555,7.122848,7.8230276
-1270.2388,-145.54968,7.107838,7.806017
-1269.2388,-145.54572,7.0928288,7.7890058
-1268.2388,-145.54358,7.077819,7.7719946
-1267.2388,-145.5433,7.0628963,7.754989
-1266.2388,-145.5449,7.0480976,7.7379904
-1265.2388,-145.5484,7.0332985,7.7209916
-1264.2389,-145.5538,7.0185,7.7039933
-1263.2389,-145.56111,7.003701,7.6869946
-1262.2389,-145.57036,6.9889064,7.6700006
-1261.239,-145.58154,6.9741173,7.653013
-1260.2391,-145.59468,6.959328,7.636026
-1259.2393,-145.6098,6.9445395,7.6190386
-1258.2394,-145.6269,6.9297504,7.6020513
-1257.2395,-145.64601,6.9149632,7.5851474
-1256.2397,-145.66711,6.9001794,7.5683656
-1255.2401,-145.69025,6.885395,7.551584
-1254.2404,-145.71542,6.870611,7.534802
-1253.2407,-145.74266,6.855827,7.5180197
-1252.2412,-145.77194,6.8409624,7.5011573
-1251.2417,-145.80331,6.8259788,7.4841757
-1250.2423,-145.83679,6.810995,7.4671946
-1249.2429,-145.87238,6.7960114,7.450213
-1248.2437,-145.9101,6.781028,7.4332314
-1247.2444,-145.94995,6.7661214,7.416248
-1246.2454,-145.99197,6.751333,7.399261
-1245.2463,-146.03616,6.7365446,7.382274
-1244.2473,-146.08252,6.7217565,7.365288
-1243.2485,-146.13106,6.706968,7.348301
-1242.2499,-146.18178,6.692177,7.331311
-1241.2512,-146.23466,6.6773815,7.3143167
-1240.2528,-146.2897,6.6625867,7.2973223
-1239.2544,-146.34686,6.6477914,7.280328
-1238.2562,-146.40608,6.632996,7.2633333
-1237.258,-146.46736,6.61812,7.2464147
-1236.2601,-146.53065,6.60312,7.2296143
-1235.2622,-146.59593,6.5881195,7.212814
-1234.2645,-146.66318,6.573119,7.1960135
-1233.2668,-146.73236,6.558119,7.179213
-1232.2694,-146.80345,6.543117,7.1613126
-1231.2721,-146.87642,6.528113,7.141708
-1230.2749,-146.95123,6.513109,7.1221027
-1229.2778,-147.02786,6.498105,7.1024976
-1228.2809,-147.10631,6.4831014,7.0828924
-1227.2842,-147.18651,6.467782,7.0602956
-1226.2875,-147.26845,6.451976,7.033085
-1225.291,-147.35208,6.4361696,7.005874
-1224.2947,-147.43741,6.4203634,6.978664
-1223.2985,-147.52438,6.404557,6.951453
-1222.3025,-147.61298,6.388751,6.9242425
-1221.3065,-147.70317,6.3729444,6.8970304
-1220.3108,-147.79494,6.357137,6.8698187
-1219.3151,-147.88823,6.3413305,6.842607
-1218.3196,-147.98303,6.325524,6.8153954
-1217.3242,-148.07932,6.309717,6.7881837
-1216.3291,-148.17705,6.2939105,6.7609725
-1215.334,-148.27621,6.2781043,6.7337613
-1214.3391,-148.37675,6.2622976,6.70655
-1213.3442,-148.47868,6.246491,6.679339
-1212.3496,-148.58194,6.230765,6.6521287
-1211.3551,-148.6865,6.21516,6.6249194
-1210.3607,-148.79234,6.1995544,6.59771
-1209.3665,-148.89943,6.183949,6.570501
-1208.3724,-149.00775,6.168344,6.5432916
-1207.3784,-149.11726,6.152659,6.5160837
-1206.3845,-149.22794,6.136855,6.4888773
-1205.3909,-149.33975,6.121052,6.461671
-1204.3972,-149.45268,6.105248,6.434465
-1203.4038,-149.56668,6.089444,6.4072585
-1202.4104,-149.68175,6.0736413,6.380134
-1201.4172,-149.79782,6.05784,6.3531313
-1200.4241,-149.9149,6.0420384,6.3261285
-1199.431,-150.03293,6.0262365,6.2991257
-1198.4382,-150.15192,6.010435,6.2721233
-1197.4454,-150.2718,5.994634,6.2450414
-1196.4528,-150.39258,5.978835,6.2178426
-1195.4602,-150.51419,5.9630356,6.190644
-1194.4677,-150.63664,5.9472365,6.163445
-1193.4753,-150.75989,5.931437,6.136246
-1192.483,-150.8839,5.915719,6.1093707
-1191.4908,-151.00865,5.900122,6.082976
-1190.4988,-151.13411,5.884525,6.056581
-1189.5067,-151.26025,5.868928,6.0301857
-1188.5149,-151.38705,5.853331,6.003791
-1187.523,-151.51448,5.8415904,5.9901686
-1186.5313,-151.6425,5.8355923,5.995567
-1185.5396,-151.77109,5.829594,6.000965
-1184.548,-151.90022,5.823596,6.0063634
-1183.5564,-152.02986,5.8175983,6.0117617
-1182.5648,-152.16,5.8116007,6.0172396
-1181.5735,-152.29059,5.805603,6.022837
-1180.582,-152.4216,5.799606,6.0284343
-1179.5907,-152.55302,5.7936087,6.034032
-1178.5995,-152.68481,5.7876115,6.0396295
-1177.6083,-152.81694,5.781535,6.045147
-1176.6171,-152.94939,5.7753386,6.050544
-1175.626,-153.08212,5.769142,6.0559406
-1174.6348,-153.21512,5.7629457,6.0613375
-1173.6438,-153.34834,5.756749,6.066735
-1172.6527,-153.48178,5.750632,6.0722103
-1171.6616,-153.61539,5.744636,6.0778065
-1170.6707,-153.74913,5.73864,6.0834026
-1169.6797,-153.883,5.7326436,6.0889993
-1168.6887,-154.01697,5.726648,6.0945954
-1167.6978,-154.15099,5.7205734,6.1001134
-1166.7068,-154.28505,5.7143784,6.1055093
-1165.7158,-154.41911,5.708183,6.110905
-1164.7249,-154.55316,5.7019873,6.1163015
-1163.7339,-154.68715,5.6957917,6.1216974
-1162.7428,-154.82104,5.689674,6.127171
-1161.7518,-154.95485,5.6836786,6.1327667
-1160.7609,-155.0885,5.6776834,6.1383624
-1159.7698,-155.22202,5.671688,6.143958
-1158.7787,-155.35535,5.665693,6.1495533
-1157.7876,-155.4885,5.6596975,6.155072
-1156.7965,-155.62141,5.6537023,6.160468
-1155.8053,-155.75406,5.647707,6.1658635
-1154.8141,-155.88634,5.6417117,6.1712594
-1153.8229,-156.01823,5.635717,6.176655
-1152.8315,-156.14964,5.6296453,6.182127
-1151.8402,-156.28072,5.62345,6.1877227
-1150.8489,-156.41179,5.6172543,6.193319
-1149.8575,-156.54321,5.6110587,6.1989145
-1148.8663,-156.67538,5.604863,6.2045107
-1147.8752,-156.80864,5.598741,6.210033
-1146.8843,-156.94337,5.592741,6.215433
-1145.8937,-157.08003,5.586741,6.2208333
-1144.9034,-157.21906,5.5807405,6.2262335
-1143.9136,-157.36087,5.5747404,6.2316337
-1142.9242,-157.5059,5.5686617,6.237112
-1141.9353,-157.6546,5.562453,6.24272
-1140.947,-157.80737,5.556244,6.248328
-1139.9595,-157.96463,5.550035,6.2539363
-1138.9727,-158.12679,5.543826,6.2595444
-1137.9868,-158.29427,5.5376906,6.2650785
-1137.002,-158.46748,5.531673,6.2704945
-1136.0182,-158.64687,5.5256553,6.2759104
-1135.0356,-158.83287,5.5196376,6.2813263
-1134.0544,-159.0259,5.51362,6.286742
-1133.0747,-159.22636,5.5128794,6.287201
-1132.0967,-159.43471,5.5201054,6.280175
-1131.1205,-159.65128,5.5273314,6.27315
-1130.1461,-159.87645,5.534558,6.2661242
-1129.174,-160.1106,5.5417843,6.259099
-1128.2041,-160.35408,5.5514297,6.2497373
-1127.2366,-160.60684,5.5644636,6.2371044
-1126.2714,-160.8684,5.577497,6.224472
-1125.3085,-161.13817,5.59053,6.21184
-1124.3478,-161.41563,5.6035633,6.1992083
-1123.389,-161.70024,5.616498,6.186674
-1122.4325,-161.99149,5.629302,6.1742697
-1121.4777,-162.28886,5.6421065,6.1618657
-1120.5248,-162.59189,5.6549106,6.1494613
-1119.5734,-162.90005,5.667715,6.1370573
-1118.6237,-163.21289,5.680594,6.124578
-1117.6752,-163.52989,5.693572,6.1119995
-1116.728,-163.8506,5.7065496,6.099421
-1115.782,-164.17455,5.7195272,6.0868425
-1114.8368,-164.50125,5.7325053,6.074264
-1113.8925,-164.83026,5.7454777,6.0616913
-1112.9489,-165.16107,5.7584424,6.049125
-1112.0056,-165.49321,5.771407,6.036559
-1111.0626,-165.82614,5.784372,6.0239935
-1110.1199,-166.1594,5.7973366,6.0114274
-1109.1769,-166.49246,5.810222,5.9989414
-1108.2338,-166.82495,5.8229923,5.98657
-1107.2904,-167.15659,5.8357625,5.974199
-1106.3467,-167.48712,5.8485327,5.9618278
-1105.4023,-167.81631,5.861303,5.9494567
-1104.4575,-168.14389,5.874158,5.9370008
-1103.5121,-168.46968,5.887141,5.924417
-1102.566,-168.79352,5.900124,5.9118333
-1101.6193,-169.11528,5.9131074,5.8992496
-1100.6716,-169.43484,5.9260907,5.886666
-1099.7233,-169.75208,5.9390793,5.874155
-1098.7742,-170.06683,5.9520764,5.8617578
-1097.8241,-170.37895,5.9650736,5.8493605
-1096.8732,-170.68828,5.9780707,5.836963
-1095.9213,-170.99466,5.9910684,5.824566
-1094.9684,-171.29794,6.003992,5.8120856
-1094.0144,-171.59793,6.0168014,5.7994766
-1093.0594,-171.89449,6.029611,5.786867
-1092.1033,-172.18742,6.0424204,5.774258
-1091.146,-172.47656,6.0552297,5.7616487
-1090.1875,-172.76172,6.068121,5.749037
-1089.2279,-173.04277,6.0811386,5.7364197
-1088.267,-173.31963,6.0941563,5.7238026
-1087.3048,-173.59216,6.107174,5.7111855
-1086.3414,-173.86034,6.120191,5.6985683
-1085.3768,-174.12401,6.1267977,5.6917214
-1084.411,-174.38324,6.1237936,5.693524
-1083.4441,-174.6382,6.120789,5.6953263
-1082.4761,-174.88907,6.117785,5.6971292
-1081.5071,-175.13608,6.1147804,5.6989317
-1080.5371,-175.37938,6.1078625,5.704241
-1079.5663,-175.61919,6.095249,5.7146516
-1078.5947,-175.85562,6.082636,5.7250624
-1077.6223,-176.08887,6.0700226,5.7354736
-1076.6492,-176.31908,6.0574093,5.7458844
-1075.6753,-176.5464,6.0447164,5.756293
-1074.7009,-176.771,6.031911,5.7666974
-1073.7258,-176.99306,6.0191054,5.777102
-1072.7502,-177.2127,6.0062995,5.7875066
-1071.7742,-177.43015,5.993494,5.797911
-1070.7977,-177.64554,5.980692,5.808313
-1069.8208,-177.85905,5.967895,5.8187103
-1068.8434,-178.07085,5.955098,5.8291078
-1067.8658,-178.2811,5.9423013,5.839505
-1066.8878,-178.48996,5.929504,5.849903
-1065.9097,-178.69763,5.9167104,5.860298
-1064.9313,-178.90425,5.9039207,5.8706894
-1063.9526,-179.10992,5.891131,5.881081
-1062.9739,-179.31482,5.8783417,5.8914723
-1061.995,-179.51904,5.865552,5.901864
-1061.0159,-179.72272,5.852846,5.912254
-1060.0367,-179.92598,5.840261,5.9226418
-1059.0576,-180.12894,5.827676,5.9330297
-1058.0784,-180.33174,5.81509,5.9434175
-1057.0991,-180.53448,5.802505,5.9538054
-1056.12,-180.73729,5.7898393,5.964193
-1055.1407,-180.94029,5.7770553,5.9745803
-1054.1617,-181.1436,5.764271,5.984967
-1053.1826,-181.34737,5.751487,5.9953547
-1052.2037,-181.55168,5.7387023,6.005742
-1051.225,-181.75667,5.725917,6.01613
-1050.2465,-181.96248,5.7131295,6.02652
-1049.2681,-182.1692,5.7003427,6.036909
-1048.2899,-182.377,5.6875553,6.047299
-1047.3119,-182.58595,5.6747684,6.057688
-1046.3344,-182.79622,5.6620574,6.06808
-1045.3569,-183.00789,5.649464,6.078474
-1044.38,-183.2211,5.636871,6.0888686
-1043.4033,-183.43599,5.6242776,6.099263
-1042.4271,-183.65266,5.6116843,6.109658
-1041.4513,-183.87125,5.5990095,6.1200547
-1040.476,-184.09186,5.5862083,6.130456
-1039.5011,-184.31462,5.5734067,6.140857
-1038.5267,-184.53967,5.560605,6.1512585
-1037.553,-184.76712,5.547804,6.1616597
-1036.5797,-184.99709,5.5349984,6.172064
-1035.6072,-185.2297,5.5221877,6.1824727
-1034.6353,-185.46509,5.5093765,6.1928816
-1033.6641,-185.70337,5.496566,6.2032905
-1032.6937,-185.94466,5.4837546,6.2136993
-1031.724,-186.18909,5.4710193,6.22419
-1030.7551,-186.43678,5.4584,6.2348065
-1029.7872,-186.68785,5.4457803,6.245423
-1028.8202,-186.94241,5.433161,6.256039
-1027.8541,-187.20056,5.4205413,6.266656
-1026.8889,-187.46243,5.4171934,6.2703385
-1025.9249,-187.72813,5.4276147,6.2637253
-1024.962,-187.99783,5.438036,6.2571115
-1024.0002,-188.27167,5.4484572,6.2504983
-1023.0397,-188.54977,5.4588785,6.2438846
-1022.08044,-188.8323,5.475999,6.2324743
-1021.1225,-189.11932,5.5026565,6.2142353
-1020.1659,-189.41075,5.5293136,6.195996
-1019.2107,-189.70653,5.555971,6.177757
-1018.2568,-190.00658,5.5826283,6.1595173
-1017.3042,-190.31084,5.6092815,6.1411963
-1016.3529,-190.61919,5.6359286,6.1227636
-1015.4029,-190.93146,5.662576,6.104331
-1014.45416,-191.24748,5.6892233,6.085898
-1013.50665,-191.5671,5.715871,6.0674653
-1012.56024,-191.89009,5.7425103,6.0491247
-1011.615,-192.21634,5.7691393,6.030905
-1010.6708,-192.54568,5.795768,6.012685
-1009.7276,-192.87798,5.8223968,5.9944654
-1008.7854,-193.21309,5.8490257,5.9762454
-1007.8442,-193.55084,5.8756456,5.958032
-1006.9039,-193.89113,5.902253,5.939827
-1005.9644,-194.23378,5.9288607,5.921622
-1005.02576,-194.57864,5.955468,5.9034166
-1004.0879,-194.92558,5.9820757,5.8852115
-1003.15076,-195.27444,6.008323,5.8672757
-1002.21423,-195.62508,6.0341105,5.8496842
-1001.2783,-195.97733,6.0598984,5.832093
-1000.343,-196.33107,6.0856857,5.8145013
-999.40814,-196.68614,6.1114736,5.7969093
-998.47375,-197.04242,6.123906,5.7895303
-997.5398,-197.39975,6.1191115,5.795324
-996.6062,-197.75798,6.1143165,5.8011174
-995.67285,-198.11697,6.109522,5.8069115
-994.73975,-198.4766,6.104727,5.812705
-993.8068,-198.83669,6.099847,5.8184977
-992.8741,-199.19711,6.094854,5.8242893
-991.94135,-199.55772,6.0898614,5.830081
-991.00867,-199.91838,6.0848684,5.835872
-990.0759,-200.27895,6.079876,5.841664
-989.1431,-200.63927,6.0749683,5.847455
-988.21014,-200.9992,6.0701756,5.8532457
-987.277,-201.35863,6.0653834,5.859037
-986.34357,-201.71738,6.060591,5.8648276
-985.40985,-202.07535,6.0557985,5.8706183
-984.47577,-202.43239,6.051006,5.8764095
-983.54126,-202.78835,6.046213,5.8822007
-982.60626,-203.14305,6.0414205,5.8879924
-981.6708,-203.49635,6.0366273,5.8937836
-980.7347,-203.84805,6.0318346,5.899575
-979.7979,-204.19801,6.027041,5.905367
-978.8605,-204.54611,6.022247,5.91116
-977.9223,-204.8923,6.0174527,5.916953
-976.98346,-205.23659,6.0126586,5.9227457
-976.0439,-205.57892,6.0078645,5.928539
-975.1036,-205.91927,6.0029893,5.9343324
-974.1626,-206.25768,5.997994,5.940127
-973.22095,-206.5943,5.9929986,5.9459214
-972.27875,-206.92926,5.9880033,5.951716
-971.336,-207.26271,5.9830084,5.9575105
-970.3927,-207.5948,5.978092,5.963226
-969.44904,-207.92564,5.9732957,5.968822
-968.505,-208.25536,5.968499,5.9744177
-967.56055,-208.58405,5.9637027,5.9800134
-966.6158,-208.91182,5.958906,5.9856095
-965.6708,-209.2388,5.954109,5.9912844
-964.7255,-209.56508,5.9493117,5.9970813
-963.78,-209.8908,5.9445148,6.002878
-962.8344,-210.21606,5.9397173,6.008675
-961.8887,-210.54099,5.93492,6.014472
-960.9429,-210.8657,5.930122,6.0202694
-959.9971,-211.19032,5.925323,6.0260677
-959.0512,-211.51497,5.9205246,6.031866
-958.10547,-211.83975,5.915726,6.0376644
-957.1597,-212.16478,5.910928,6.0434628
-956.2142,-212.49019,5.9060507,6.0492616
-955.2688,-212.81609,5.9010506,6.0550613
-954.3236,-213.1426,5.896051,6.060861
-953.37866,-213.46982,5.891051,6.066661
-952.434,-213.79788,5.886051,6.0724607
-951.4897,-214.1269,5.881129,6.0782614
-950.5458,-214.457,5.8763275,6.0840626
-949.60223,-214.7883,5.8715262,6.0898643
-948.6592,-215.1209,5.866725,6.095666
-947.7166,-215.45493,5.8619237,6.1014676
-946.7746,-215.7905,5.857122,6.1072693
-945.8332,-216.12775,5.8523192,6.1130724
-944.8924,-216.46675,5.847517,6.1188755
-943.95233,-216.80765,5.8427143,6.1246786
-943.01294,-217.15054,5.8379116,6.1304817
-942.07434,-217.49554,5.833109,6.136285
-941.1366,-217.84277,5.8283057,6.142089
-940.1997,-218.19237,5.8235025,6.1478925
-939.26373,-218.54443,5.8186994,6.1536965
-938.32874,-218.89912,5.813896,6.1595
-937.39484,-219.25655,5.809014,6.165304
-936.462,-219.61682,5.804011,6.1711073
-935.5303,-219.97998,5.799008,6.176911
-934.5997,-220.34608,5.794005,6.182714
-933.6703,-220.7152,5.789002,6.1885176
-932.7421,-221.08734,5.78408,6.19432
-931.8152,-221.4625,5.7792788,6.2001214
-930.8894,-221.84048,5.7744775,6.205923
-929.96466,-222.22115,5.769676,6.2117243
-929.041,-222.6043,5.7648754,6.217526
-928.1183,-222.98975,5.765128,6.2178717
-927.1965,-223.37737,5.772927,6.210073
-926.2755,-223.767,5.7807255,6.202275
-925.35535,-224.15851,5.7885237,6.194476
-924.4359,-224.55176,5.7963223,6.1866775
-923.51715,-224.94661,5.8066797,6.1762404
-922.59906,-225.34293,5.820872,6.1618485
-921.6815,-225.74054,5.835064,6.1474566
-920.76447,-226.13934,5.849256,6.1330643
-919.8479,-226.53915,5.8634477,6.1186724
-918.9317,-226.93985,5.877639,6.104282
-918.0158,-227.34128,5.8918276,6.089893
-917.1002,-227.7433,5.906017,6.075504
-916.18475,-228.14578,5.920206,6.0611153
-915.2695,-228.54857,5.934395,6.046726
-914.35425,-228.9515,5.948584,6.032337
-913.4391,-229.35449,5.962773,6.0179486
-912.5238,-229.75734,5.976962,6.0035596
-911.60846,-230.15994,5.991151,5.989171
-910.6929,-230.56213,6.00534,5.974782
-909.7771,-230.96379,6.019608,5.9603143
-908.861,-231.36476,6.034,5.945722
-907.9446,-231.7649,6.048392,5.9311304
-907.0277,-232.16405,6.0627837,5.9165387
-906.11035,-232.56209,6.0771756,5.901947
-905.1924,-232.95885,6.091492,5.8874307
-904.27386,-233.35422,6.1056895,5.873033
-903.35474,-233.74803,6.119887,5.858636
-902.4348,-234.14015,6.134084,5.8442383
-901.51416,-234.53047,6.1482816,5.829841
-900.59265,-234.91881,6.162482,5.815441
-899.6702,-235.30504,6.176686,5.801037
-898.7469,-235.689,6.19089,5.7866325
-897.8225,-236.07048,6.205094,5.7722287
-896.89703,-236.44933,6.2192984,5.7578244
-895.97046,-236.82536,6.233505,5.7434177
-895.04266,-237.19847,6.2477145,5.7290077
-894.1137,-237.56863,6.2619247,5.714597
-893.1836,-237.93584,6.276135,5.700187
-892.25226,-238.30006,6.290345,5.6857767
-891.3198,-238.66129,6.293131,5.6820083
-890.3862,-239.01958,6.2781177,5.6948195
-889.45154,-239.37509,6.2631044,5.707631
-888.5159,-239.728,6.248091,5.7204423
-887.57935,-240.07849,6.233078,5.7332535
-886.64197,-240.42673,6.2167993,5.7474093
-885.70374,-240.77286,6.198585,5.7636223
-884.76483,-241.11702,6.180371,5.7798347
-883.8253,-241.45938,6.1621566,5.7960477
-882.88513,-241.80003,6.1439424,5.81226
-881.9444,-242.13913,6.1257296,5.8283916
-881.0031,-242.47682,6.1075196,5.8444004
-880.0614,-242.81326,6.0893097,5.860409
-879.1193,-243.14857,6.0710998,5.8764176
-878.1769,-243.48291,6.0528903,5.8924265
-877.23413,-243.81644,6.034602,5.9085135
-876.29114,-244.14929,6.016197,5.9247174
-875.348,-244.48161,5.9977927,5.940922
-874.4047,-244.81354,5.979388,5.9571257
-873.4613,-245.14522,5.9609838,5.9733295
-872.5179,-245.4768,5.942662,5.989532
-871.5745,-245.80844,5.9244623,6.005731
-870.63116,-246.14027,5.906263,6.0219307
-869.688,-246.47249,5.8880634,6.0381303
-868.74493,-246.80522,5.8698645,6.0543294
-867.8022,-247.13864,5.8516655,6.070448
-866.85974,-247.4729,5.8334675,6.0864463
-865.9176,-247.8082,5.815269,6.1024446
-864.97595,-248.14467,5.797071,6.118443
-864.0347,-248.48251,5.778873,6.1344414
-863.09406,-248.82187,5.7605925,6.1505218
-862.15405,-249.16292,5.7421904,6.1667237
-861.21466,-249.50581,5.7237883,6.1829257
-860.27606,-249.85072,5.7053857,6.1991277
-859.3382,-250.1978,5.6869836,6.2153296
-858.40125,-250.54721,5.6686587,6.2315345
-857.4652,-250.89912,5.6504493,6.247743
-856.5302,-251.25371,5.6322393,6.263952
-855.59625,-251.61115,5.61403,6.2801604
-854.6635,-251.97163,5.5958204,6.2963686
-853.732,-252.33533,5.584431,6.3054314
-852.8018,-252.7024,5.58303,6.30403
-851.873,-253.07289,5.581629,6.3026285
-850.9456,-253.44696,5.5802274,6.3012276
-850.01965,-253.82466,5.578826,6.299826
-849.0953,-254.2061,5.5801373,6.2955475
-848.1725,-254.59128,5.585343,6.287138
-847.2511,-254.98003,5.590549,6.278729
-846.33124,-255.37221,5.5957546,6.2703195
-845.4128,-255.76768,5.6009603,6.26191
-844.49567,-256.1663,5.606166,6.2535844
-843.57983,-256.5679,5.6113706,6.2453766
-842.66534,-256.9724,5.6165757,6.2371693
-841.7521,-257.37973,5.621781,6.2289615
-840.83997,-257.78967,5.6269855,6.2207537
-839.929,-258.2022,5.6321898,6.2125473
-839.01917,-258.6172,5.6373925,6.2043424
-838.1104,-259.0345,5.6425953,6.196138
-837.2027,-259.454,5.6477985,6.1879334
-836.2959,-259.8756,5.6530013,6.1797285
-835.3901,-260.29916,5.658203,6.1714406
-834.48505,-260.7246,5.663404,6.16304
-833.58093,-261.15176,5.6686044,6.1546392
-832.6775,-261.58057,5.6738048,6.1462383
-831.77484,-262.01086,5.6790056,6.1378374
-830.8728,-262.4426,5.684205,6.129523
-829.97144,-262.87558,5.6894035,6.1213255
-829.0706,-263.30975,5.6946015,6.113128
-828.1703,-263.74496,5.6998,6.104931
-827.27045,-264.18112,5.704998,6.0967336
-826.371,-264.61813,5.7101955,6.0884533
-825.47186,-265.05585,5.715392,6.080059
-824.57306,-265.49417,5.7205887,6.071665
-823.6745,-265.933,5.725785,6.0632706
-822.7761,-266.37222,5.7309813,6.0548763
-821.87787,-266.8117,5.7361774,6.0465665
-820.97974,-267.25134,5.7413726,6.038374
-820.0816,-267.691,5.7465677,6.0301814
-819.1834,-268.13065,5.7517633,6.021989
-818.28516,-268.5701,5.7569585,6.0137963
-817.3867,-269.00925,5.7621536,6.0055213
-816.48816,-269.44803,5.7673483,5.9971294
-815.5893,-269.8863,5.7725434,5.988738
-814.6902,-270.3239,5.777738,5.980346
-813.79065,-270.7608,5.7829328,5.9719543
-812.89075,-271.19684,5.788128,5.9636445
-811.99036,-271.63193,5.793323,5.9554524
-811.0894,-272.06595,5.798518,5.94726
-810.188,-272.49878,5.803713,5.939068
-809.2859,-272.9303,5.808908,5.930876
-808.3831,-273.36047,5.814184,5.922602
-807.47974,-273.78918,5.8195796,5.9142094
-806.57556,-274.21643,5.824975,5.905816
-805.6708,-274.64224,5.830371,5.8974233
-804.7653,-275.06662,5.8357663,5.8890305
-803.85913,-275.4896,5.8410816,5.8807173
-802.95233,-275.9111,5.846278,5.872523
-802.04486,-276.3312,5.8514743,5.864329
-801.1368,-276.74988,5.856671,5.8561344
-800.22797,-277.16714,5.861867,5.8479404
-799.31854,-277.58298,5.867143,5.8396664
-798.40845,-277.9974,5.87254,5.831271
-797.49774,-278.4104,5.877937,5.822876
-796.58636,-278.82196,5.8833337,5.814481
-795.6744,-279.23215,5.8887305,5.8060856
-794.7617,-279.6409,5.895074,5.797611
-793.84845,-280.04825,5.9028707,5.7890143
-792.9346,-280.45416,5.9106674,5.780418
-792.02,-280.8587,5.918464,5.7718215
-791.1049,-281.26184,5.926261,5.763225
-790.18915,-281.66354,5.934137,5.754628
-789.27277,-282.06387,5.942135,5.7460303
-788.35583,-282.4628,5.950133,5.737432
-787.43823,-282.86035,5.958131,5.728834
-786.52,-283.25647,5.9661293,5.7202363
-785.60126,-283.6512,5.9740496,5.7115593
-784.6819,-284.0446,5.981849,5.7027597
-783.7619,-284.43652,5.9896493,5.69396
-782.8414,-284.82712,5.997449,5.68516
-781.9202,-285.2163,6.0052485,5.6763606
-780.9985,-285.60413,6.013127,5.6676383
-780.0762,-285.99054,6.0211287,5.6590366
-779.15326,-286.37558,6.02913,5.6504354
-778.2298,-286.75928,6.0371313,5.641834
-777.3058,-287.14157,6.0451326,5.633232
-776.38116,-287.5225,6.0530567,5.62463
-775.456,-287.90207,6.0608597,5.6160264
-774.5303,-288.28024,6.068663,5.607423
-773.604,-288.65707,6.0764666,5.598819
-772.6772,-289.03253,6.0842695,5.590215
-771.7498,-289.4066,6.092074,5.581532
-770.82184,-289.77933,6.0998793,5.572726
-769.8934,-290.15067,6.1076846,5.56392
-768.96436,-290.5207,6.11549,5.555114
-768.0348,-290.88937,6.1232953,5.546308
-767.10474,-291.25668,6.1311812,5.5375805
-766.1741,-291.62268,6.139189,5.528972
-765.2429,-291.98718,6.1471963,5.520364
-764.3111,-292.3502,6.155204,5.511756
-763.3787,-292.71152,6.163212,5.5031476
-762.4456,-293.07114,6.171783,5.4961486
-761.51184,-293.42896,6.1811934,5.491544
-760.5773,-293.78485,6.1906033,5.486939
-759.642,-294.1387,6.200013,5.482334
-758.70593,-294.49042,6.2094235,5.477729
-757.769,-294.8399,6.221769,5.48079
-756.8312,-295.18707,6.238384,5.495003
-755.89246,-295.5318,6.254999,5.509216
-754.9528,-295.874,6.271614,5.523429
-754.01227,-296.21353,6.2882295,5.537642
-753.0707,-296.55032,6.3047585,5.5517693
-752.1281,-296.88428,6.3211646,5.565775
-751.1845,-297.21527,6.337571,5.57978
-750.2398,-297.54324,6.353977,5.5937853
-749.294,-297.86804,6.3703837,5.607791
-748.34717,-298.18964,6.3868656,5.6217904
-747.3992,-298.50784,6.4034553,5.6357813
-746.45,-298.8226,6.4200444,5.6497726
-745.49963,-299.1338,6.436634,5.6637635
-744.5481,-299.4413,6.4532237,5.677755
-743.59534,-299.74503,6.4697237,5.6917396
-742.64136,-300.04483,6.4860954,5.7057157
-741.6861,-300.34048,6.5024667,5.7196913
-740.72943,-300.63177,6.5188384,5.733667
-739.7715,-300.91858,6.53521,5.7476425
-738.8121,-301.20062,6.5516644,5.7617006
-737.85126,-301.47772,6.568241,5.775881
-736.8889,-301.74957,6.584818,5.790061
-735.92505,-302.01596,6.6013947,5.804241
-734.9596,-302.2766,6.6179714,5.8184214
-733.9926,-302.53122,6.63448,5.832532
-733.024,-302.77972,6.6508837,5.846535
-732.0538,-303.02213,6.6672873,5.860538
-731.08215,-303.25854,6.683691,5.8745413
-730.1091,-303.48904,6.7000947,5.8885446
-729.13464,-303.7137,6.711508,5.9008884
-728.15894,-303.93265,6.7153134,5.910703
-727.182,-304.14618,6.719119,5.9205184
-726.2039,-304.3545,6.722925,5.930333
-725.22485,-304.5579,6.726731,5.940148
-724.2448,-304.75662,6.724631,5.947942
-723.26385,-304.9509,6.7138095,5.952751
-722.2821,-305.14087,6.702988,5.957561
-721.2995,-305.32672,6.692167,5.9623704
-720.3162,-305.50864,6.681346,5.96718
-719.3322,-305.68674,6.670442,5.971989
-718.34753,-305.8612,6.6594214,5.976798
-717.3623,-306.03217,6.648401,5.981607
-716.37646,-306.1998,6.63738,5.986416
-715.3901,-306.36426,6.6263595,5.9912252
-714.4032,-306.52563,6.615425,5.996118
-713.41583,-306.68414,6.6046095,6.0011253
-712.42804,-306.8399,6.5937934,6.0061326
-711.4398,-306.9931,6.582978,6.01114
-710.4513,-307.14383,6.5721617,6.016147
-709.46234,-307.2923,6.561262,6.021067
-708.47314,-307.43866,6.5502524,6.0258718
-707.48364,-307.58304,6.5392423,6.0306764
-706.49384,-307.7256,6.528232,6.0354805
-705.50385,-307.8665,6.517222,6.040285
-704.5136,-308.00586,6.5063014,6.0450883
-703.5232,-308.1439,6.4954977,6.04989
-702.5326,-308.2807,6.484694,6.054692
-701.5419,-308.4165,6.47389,6.0594935
-700.55096,-308.55136,6.463086,6.064295
-699.56006,-308.6855,6.4521976,6.069183
-698.569,-308.81903,6.441199,6.074182
-697.5779,-308.95215,6.4302006,6.0791817
-696.5868,-309.085,6.4192023,6.084181
-695.59564,-309.21768,6.4082036,6.08918
-694.6045,-309.35037,6.3972945,6.0940914
-693.61334,-309.48328,6.3865,6.098889
-692.62225,-309.6165,6.3757057,6.1036863
-691.6312,-309.75018,6.3649116,6.108484
-690.6403,-309.88452,6.3541174,6.1132813
-689.6495,-310.01965,6.343324,6.118078
-688.6588,-310.15573,6.3325334,6.1228743
-687.6683,-310.2929,6.321742,6.1276703
-686.6779,-310.4313,6.310951,6.1324663
-685.68774,-310.57104,6.30016,6.1372623
-684.69775,-310.71234,6.2964864,6.1401715
-683.708,-310.85532,6.3022804,6.140571
-682.71857,-311.00015,6.3080745,6.1409707
-681.72943,-311.14703,6.313868,6.1413703
-680.7406,-311.29614,6.319662,6.14177
-679.7522,-311.44766,6.3278255,6.141577
-678.7641,-311.6017,6.3392105,6.1405783
-677.7765,-311.75827,6.350595,6.1395793
-676.7892,-311.91733,6.3619795,6.138581
-675.8023,-312.07886,6.3733644,6.1375823
-674.81586,-312.24283,6.384748,6.1365833
-673.82983,-312.40912,6.3961296,6.1355853
-672.8441,-312.57755,6.4075108,6.134587
-671.8587,-312.74783,6.4188924,6.1335883
-670.8736,-312.9197,6.430274,6.13259
-669.88873,-313.09302,6.441655,6.131592
-668.90405,-313.26746,6.4530363,6.1305933
-667.9196,-313.4429,6.464417,6.129595
-666.93524,-313.61908,6.4757977,6.128597
-665.951,-313.7959,6.487179,6.1275983
-664.96686,-313.97308,6.498481,6.1265197
-663.9827,-314.15045,6.509665,6.1253214
-662.99854,-314.32785,6.520849,6.124123
-662.0144,-314.505,6.5320334,6.122925
-661.03015,-314.68176,6.5432177,6.1217265
-660.0458,-314.85788,6.554483,6.120607
-659.0613,-315.03317,6.565874,6.1196074
-658.0766,-315.20746,6.577265,6.1186085
-657.0917,-315.3805,6.5886555,6.117609
-656.1065,-315.5521,6.6000466,6.11661
-655.1211,-315.72205,6.611441,6.1156106
-654.1353,-315.89017,6.6228423,6.11461
-653.1492,-316.05624,6.6342435,6.1136103
-652.1627,-316.22006,6.6456447,6.1126103
-651.17584,-316.38144,6.657046,6.11161
-650.1885,-316.54013,6.6683736,6.1106095
-649.20074,-316.69595,6.6795864,6.109608
-648.21246,-316.8487,6.690799,6.1086073
-647.2237,-316.99814,6.702012,6.107606
-646.23444,-317.14407,6.713225,6.106605
-645.24457,-317.2863,6.7245216,6.105603
-644.2542,-317.4246,6.7359457,6.1046014
-643.26324,-317.55875,6.7473702,6.103599
-642.2717,-317.6886,6.7587943,6.1025968
-641.2796,-317.8139,6.770219,6.101595
-640.2869,-317.93448,6.781646,6.1005926
-639.29364,-318.05008,6.793077,6.09959
-638.29974,-318.1605,6.804508,6.098587
-637.3053,-318.26547,6.81594,6.0975842
-636.31024,-318.36475,6.827371,6.0965815
-635.3146,-318.45807,6.836106,6.097853
-634.3184,-318.5453,6.841119,6.1022644
-633.3217,-318.62634,6.846132,6.106676
-632.3245,-318.70117,6.851145,6.1110873
-631.3269,-318.76965,6.856158,6.115499
-630.32886,-318.8318,6.8601274,6.1208625
-629.3304,-318.8877,6.8627315,6.1274724
-628.33167,-318.93777,6.8653355,6.1340823
-627.33264,-318.98248,6.8679395,6.140692
-626.3335,-319.02225,6.870543,6.147302
-625.3341,-319.05743,6.8731456,6.1539073
-624.3346,-319.08847,6.8757453,6.1605077
-623.33496,-319.11575,6.8783455,6.167108
-622.33527,-319.13956,6.8809457,6.173708
-621.33545,-319.1603,6.883546,6.1803083
-620.33563,-319.17834,6.886144,6.186905
-619.33575,-319.194,6.888741,6.1934967
-618.3359,-319.2076,6.891338,6.200089
-617.33594,-319.2195,6.8939347,6.206681
-616.336,-319.23007,6.8965316,6.213273
-615.33606,-319.23962,6.8992147,6.219863
-614.3361,-319.24857,6.902009,6.2264504
-613.3362,-319.2573,6.9048038,6.233038
-612.3362,-319.26636,6.9075985,6.2396255
-611.33624,-319.27612,6.910393,6.246213
-610.3363,-319.2871,6.913103,6.2527156
-609.3364,-319.29947,6.9156985,6.259104
-608.3365,-319.31314,6.9182935,6.2654915
-607.3366,-319.32797,6.9208884,6.2718797
-606.33673,-319.34387,6.923484,6.2782674
-605.3369,-319.3607,6.9260798,6.2847404
-604.33704,-319.37805,6.928677,6.291334
-603.3372,-319.39517,6.9312744,6.2979274
-602.33734,-319.41135,6.9338717,6.3045206
-601.33746,-319.4258,6.936469,6.311114
-600.3375,-319.43777,6.9390683,6.3177123
-599.3376,-319.44653,6.941671,6.324318
-598.3376,-319.4515,6.944273,6.3309236
-597.3376,-319.45203,6.946875,6.3375297
-596.33765,-319.44745,6.9494777,6.3441353
-595.3377,-319.4372,6.9521656,6.350747
-594.3378,-319.42056,6.954974,6.357368
-593.33813,-319.39688,6.9577827,6.3639884
-592.3386,-319.36542,6.960592,6.370609
-591.3394,-319.3255,6.9634004,6.377229
-590.34064,-319.27637,6.9563556,6.3767643
-589.3424,-319.21747,6.936273,6.366924
-588.3448,-319.14816,6.9161906,6.3570833
-587.348,-319.06796,6.896107,6.347243
-586.3523,-318.97626,6.8760233,6.3374014
-585.35767,-318.8726,6.853875,6.326121
-584.3644,-318.75708,6.829217,6.3130903
-583.3724,-318.63077,6.804559,6.30006
-582.3817,-318.4947,6.779903,6.28703
-581.3923,-318.3499,6.755247,6.274
-580.40393,-318.19742,6.7306275,6.26099
-579.4167,-318.03824,6.70605,6.248002
-578.4304,-317.87332,6.681472,6.2350135
-577.44495,-317.70358,6.6568937,6.2220254
-576.46014,-317.53,6.6323156,6.209037
-575.4758,-317.3535,6.607761,6.1960607
-574.4919,-317.17493,6.583235,6.1830997
-573.5082,-316.9952,6.558708,6.1701384
-572.52454,-316.81512,6.5341825,6.157178
-571.54083,-316.63553,6.509657,6.144217
-570.5568,-316.45728,6.4851336,6.1312575
-569.57245,-316.28137,6.460612,6.118299
-568.5874,-316.10907,6.4360895,6.10534
-567.60156,-315.94153,6.4115667,6.0923805
-566.6147,-315.78003,6.3870425,6.079421
-565.62665,-315.62576,6.3625054,6.0664544
-564.6375,-315.4789,6.3379517,6.0534787
-563.64746,-315.33832,6.313399,6.0405035
-562.6567,-315.20288,6.2888474,6.0275292
-561.66534,-315.07138,6.264296,6.014555
-560.6737,-314.94263,6.239722,6.0015683
-559.6819,-314.81482,6.215115,5.988565
-558.6903,-314.68536,6.1905074,5.9755607
-557.6993,-314.55164,6.1658993,5.962557
-556.7092,-314.411,6.141292,5.949553
-555.7206,-314.26093,6.116659,5.9365354
-554.73376,-314.0994,6.0919886,5.923498
-553.749,-313.9253,6.0673184,5.910461
-552.7668,-313.73758,6.0426464,5.897423
-551.78754,-313.53516,6.017971,5.884383
-550.81165,-313.31702,6.007737,5.8792596
-549.83923,-313.0837,6.0163507,5.884468
-548.87,-312.83762,6.0249634,5.8896756
-547.90344,-312.5813,6.0335755,5.8948827
-546.93896,-312.31717,6.0421867,5.9000897
-545.97595,-312.04773,6.051318,5.9055557
-545.0139,-311.77487,6.06111,5.9113507
-544.0524,-311.49988,6.070903,5.917146
-543.09125,-311.22406,6.0806956,5.922942
-542.12994,-310.94867,6.090489,5.928738
-541.1681,-310.67502,6.100281,5.9345336
-540.2056,-310.4036,6.110071,5.940328
-539.2426,-310.13425,6.1198616,5.946122
-538.2791,-309.8666,6.1296515,5.951916
-537.3152,-309.60046,6.1394415,5.9577103
-536.3509,-309.3355,6.1492314,5.9635043
-535.38635,-309.0716,6.1590214,5.9692984
-534.4216,-308.8086,6.168812,5.9750924
-533.45654,-308.54648,6.1786017,5.980887
-532.49133,-308.2852,6.188392,5.986681
-531.5258,-308.02466,6.198182,5.9925604
-530.5602,-307.7648,6.207973,5.9985547
-529.5944,-307.5055,6.2177634,6.004549
-528.6285,-307.24664,6.2275543,6.0105433
-527.66254,-306.9881,6.2373447,6.0165377
-526.6965,-306.72974,6.2470512,6.0224476
-525.7304,-306.4715,6.2566433,6.028243
-524.76434,-306.2132,6.266236,6.034038
-523.79834,-305.95477,6.275828,6.0398335
-522.83234,-305.69614,6.28542,6.0456285
-521.86646,-305.43713,6.2950964,6.0514245
-520.9007,-305.17773,6.3048906,6.057221
-519.9351,-304.91776,6.314685,6.063018
-518.96967,-304.6571,6.324479,6.0688143
-518.00446,-304.39572,6.3342733,6.0746107
-517.0395,-304.13342,6.344069,6.080408
-516.07477,-303.87018,6.353866,6.0862064
-515.11035,-303.60583,6.3636637,6.092005
-514.14624,-303.34027,6.373461,6.0978036
-513.1825,-303.0734,6.3832583,6.103602
-512.2192,-302.80515,6.393057,6.1094837
-511.25626,-302.53534,6.402858,6.115484
-510.29382,-302.26392,6.412658,6.1214848
-509.33185,-301.99075,6.422459,6.1274853
-508.37042,-301.71576,6.4322596,6.133486
-507.40955,-301.4388,6.442062,6.139404
-506.44925,-301.15982,6.4518657,6.1452065
-505.4896,-300.87863,6.4616694,6.1510086
-504.5306,-300.5952,6.4714737,6.1568108
-503.57233,-300.3094,6.4812775,6.162613
-502.6148,-300.02106,6.4920816,6.171415
-501.65808,-299.73016,6.504289,6.184423
-500.70215,-299.43655,6.516496,6.1974306
-499.74707,-299.14017,6.5287037,6.2104383
-498.7929,-298.8409,6.540911,6.2234464
-497.83966,-298.53873,6.5565596,6.2464404
-496.8874,-298.23358,6.5769734,6.2832656
-495.93597,-297.92566,6.5973873,6.3200903
-494.98544,-297.61505,6.6178007,6.3569155
-494.0357,-297.30197,6.6382146,6.39374
-493.08676,-296.98654,6.65863,6.4304833
-492.13858,-296.6689,6.679048,6.4671154
-491.19107,-296.34918,6.699466,6.503748
-490.24423,-296.02747,6.719884,6.54038
-489.29803,-295.7039,6.740302,6.5770125
-488.35245,-295.3786,6.760725,6.6136537
-487.40738,-295.0517,6.7811537,6.650305
-486.46283,-294.7234,6.8015823,6.6869564
-485.51868,-294.39386,6.8220105,6.723607
-484.57492,-294.06323,6.8424387,6.7602572
-483.63147,-293.73175,6.862874,6.7969213
-482.68832,-293.3994,6.8833194,6.833603
-481.74545,-293.06628,6.903765,6.8702846
-480.8029,-292.7323,6.924212,6.906968
-479.86063,-292.3974,6.944659,6.9436536
-478.9187,-292.0616,6.9651184,6.980359
-477.97696,-291.72528,6.9855895,7.0170875
-477.03516,-291.38913,7.0060606,7.0538144
-476.09302,-291.05392,7.0265284,7.090536
-475.15027,-290.72046,7.046992,7.1272497
-474.20663,-290.38947,7.0672116,7.1636176
-473.26178,-290.06198,7.0871525,7.199589
-472.31528,-289.7393,7.1070957,7.235565
-471.36676,-289.42264,7.1270485,7.271558
-470.41577,-289.11337,7.1470165,7.307579
-469.462,-288.81293,7.1408224,7.379682
-468.5038,-288.52686,7.08605,7.5187197
-467.53824,-288.26703,7.0312777,7.6577563
-466.5631,-288.04584,6.976617,7.7965107
-465.5779,-287.87546,6.922256,7.9345036
-464.584,-287.7671,6.7420635,8.07347
-463.58478,-287.7315,6.492097,8.231785
-462.58646,-287.7838,6.2421694,8.390253
-461.59995,-287.94415,5.992306,8.550658
-460.64468,-288.23666,5.742545,8.474389
-459.75165,-288.6836,5.688864,8.224734
-458.9458,-289.2741,5.938629,7.9749694
-458.22534,-289.9668,6.1884875,7.7251115
-457.5771,-290.72794,6.081897,7.4751678
-456.9848,-291.53363,5.942653,7.225175
-456.43378,-292.36798,5.862691,6.9751997
-455.9185,-293.22488,5.7900906,6.725227
-455.43597,-294.10065,5.716994,6.4752483
-454.98224,-294.99176,5.6436744,6.2252607
-454.55267,-295.89474,5.5795593,5.975272
-454.14294,-296.80692,5.651643,5.884711
-453.7515,-297.7271,5.7235675,5.794349
-453.3774,-298.65448,5.7953873,5.704119
-453.01978,-299.58832,5.867161,5.6139474
-452.67773,-300.528,5.934089,5.531502
-452.3503,-301.47287,5.966918,5.5034194
-452.0359,-302.42212,5.9997673,5.4753194
-451.73276,-303.37506,6.0326276,5.44721
-451.43918,-304.331,6.0654926,5.4190965
-451.15338,-305.28928,6.096674,5.393688
-450.87366,-306.24933,6.106068,5.403278
-450.59854,-307.21075,6.1154613,5.4128666
-450.32672,-308.1731,6.1248536,5.422455
-450.0568,-309.13596,6.1342454,5.432042
-449.78738,-310.09897,6.143637,5.4416294
-449.51712,-311.06177,6.1530633,5.4510636
-449.24475,-312.02396,6.162492,5.4604917
-448.96902,-312.98517,6.1719203,5.46992
-448.6887,-313.94507,6.1813493,5.479349
-448.40253,-314.90323,6.1907787,5.4887786
-448.10953,-315.85934,6.200321,5.4984946
-447.80984,-316.8134,6.2098804,5.508253
-447.50403,-317.76544,6.2194395,5.518011
-447.1927,-318.71576,6.228998,5.527769
-446.87643,-319.66443,6.238557,5.537527
-446.55582,-320.6116,6.2481956,5.5471954
-446.2313,-321.5575,6.2578487,5.556849
-445.90338,-322.5022,6.2675023,5.566502
-445.5725,-323.44586,6.2771554,5.5761557
-445.23914,-324.38864,6.286809,5.5858088
-444.90375,-325.33072,6.2966757,5.595499
-444.5668,-326.27225,6.306573,5.605194
-444.22882,-327.21338,6.31647,5.614889
-443.89032,-328.15433,6.326367,5.624584
-443.55176,-329.09528,6.336264,5.6342793
-443.21365,-330.03638,6.345967,5.6441536
-442.8766,-330.97784,6.355654,5.6540427
-442.54108,-331.9199,6.365341,5.6639314
-442.20776,-332.8627,6.375028,5.6738205
-441.8772,-333.80646,6.3847156,5.6837096
-441.5498,-334.75134,6.394351,5.693351
-441.22568,-335.69736,6.4039845,5.702985
-440.90463,-336.6444,6.4136186,5.7126184
-440.58658,-337.59247,6.423252,5.7222524
-440.2714,-338.5415,6.432886,5.731886
-439.95895,-339.49142,6.4424653,5.7416625
-439.64893,-340.44217,6.4520435,5.7514405
-439.34106,-341.3936,6.461622,5.7612185
-439.03503,-342.34558,6.4712005,5.7709966
-438.73053,-343.2981,6.480779,5.7807746
-438.42722,-344.25098,6.490325,5.790325
-438.1249,-345.2042,6.4998703,5.79987
-437.82327,-346.1576,6.509415,5.8094153
-437.52213,-347.11118,6.5189605,5.81896
-437.22116,-348.0648,6.5285053,5.8285055
-436.9202,-349.01843,6.5382295,5.838229
-436.6189,-349.97195,6.5479627,5.847963
-436.31702,-350.9253,6.5576963,5.857696
-436.0143,-351.87836,6.5674295,5.8674297
-435.71045,-352.8311,6.5771627,5.877163
-435.40524,-353.78336,6.586726,5.886726
-435.0984,-354.7351,6.596273,5.896273
-434.78967,-355.68625,6.60582,5.9058204
-434.47885,-356.63672,6.6153674,5.9153676
-434.1657,-357.58643,6.624915,5.924915
-433.84973,-358.5352,6.634506,5.9346833
-433.52896,-359.48233,6.644103,5.9444804
-433.20093,-360.42697,6.6537,5.954277
-432.86316,-361.3682,6.6632957,5.9640727
-432.5132,-362.30496,6.6728883,5.973865
-432.14862,-363.23608,6.6718545,5.975
-431.76617,-364.16003,6.669428,5.975
-431.36243,-365.0749,6.6670003,5.975
-430.93408,-365.97845,6.6645722,5.975
-430.47794,-366.86832,6.662144,5.975
-429.99158,-367.742,6.603753,5.930312
-429.47552,-368.5985,6.5418525,5.8828216
-428.93115,-369.4373,6.479966,5.8353415
-428.35965,-370.25784,6.4180775,5.7878594
-427.76224,-371.05972,6.356178,5.7403693
-427.14053,-371.84293,6.295219,5.6936007
-426.49808,-372.6092,6.234252,5.646826
-425.83865,-373.36096,6.173296,5.6000595
-425.166,-374.10086,6.112352,5.553303
-424.48352,-374.83176,6.052177,5.506867
-423.79416,-375.55615,6.0703855,5.4932113
-423.09888,-376.2749,6.088598,5.479552
-422.39825,-376.98843,6.106812,5.465891
-421.69284,-377.69717,6.125026,5.4522305
-420.98312,-378.40167,6.1432376,5.438572
-420.26953,-379.1022,6.170838,5.4288635
-419.55173,-379.79846,6.198847,5.4193287
-418.82925,-380.48984,6.226859,5.4097924
-418.1016,-381.17578,6.25488,5.400254
-417.36832,-381.85568,6.2829127,5.390711
-416.62888,-382.52887,6.3114643,5.3810544
-415.8823,-383.19418,6.340059,5.3713884
-415.12762,-383.85025,6.368638,5.3617277
-414.36392,-384.4958,6.397184,5.3520784
-413.5903,-385.1294,6.425676,5.3424478
-412.8052,-385.74875,6.454773,5.332612
-412.0035,-386.34644,6.4839025,5.3227654
-411.17957,-386.91296,6.513092,5.3128986
-410.32855,-387.43787,6.542364,5.303004
-409.44702,-387.90955,6.5658355,5.2938485
-408.53525,-388.3198,6.531381,5.2921977
-407.5998,-388.67282,6.4970136,5.2905517
-406.6469,-388.97586,6.46274,5.28891
-405.6815,-389.2364,6.428522,5.2872705
-404.7073,-389.46188,6.3939557,5.2857304
-403.7267,-389.65787,6.3581753,5.284531
-402.74106,-389.82626,6.3223333,5.2833295
-401.75125,-389.9686,6.2864585,5.282127
-400.75827,-390.08658,6.2505736,5.2809243
-399.76285,-390.18192,6.2147665,5.279724
-398.7656,-390.25568,6.1792054,5.278532
-397.76697,-390.3073,6.143655,5.2773404
-396.7674,-390.33612,6.108109,5.276149
-395.76746,-390.3413,6.072564,5.2749577
-394.76767,-390.3222,6.042587,5.2788672
-393.76865,-390.27844,6.0353928,5.303648
-392.771,-390.21063,6.0281982,5.3284287
-391.77518,-390.11948,6.0210032,5.3532104
-390.78168,-390.00577,6.0138083,5.3779945
-389.79095,-389.8702,6.0067573,5.4029713
-388.8032,-389.71423,6.0003166,5.428734
-387.8183,-389.54114,5.993876,5.454496
-386.8359,-389.35437,5.9874363,5.4802547
-385.85553,-389.15738,5.980997,5.506011
-384.87653,-388.9536,5.974562,5.531706
-383.89832,-388.7459,5.968141,5.5571895
-382.9206,-388.536,5.9617195,5.582676
-381.94302,-388.3256,5.955297,5.6081643
-380.96518,-388.11618,5.948875,5.6336536
-379.9868,-387.90942,5.944915,5.653289
-379.00766,-387.7062,5.9487104,5.6544876
-378.02792,-387.50595,5.9525056,5.655686
-377.04776,-387.30786,5.9563007,5.6568847
-376.0673,-387.11127,5.960096,5.658083
-375.08667,-386.9153,5.964825,5.6568937
-374.10605,-386.71945,5.972598,5.647925
-373.1255,-386.52332,5.9803715,5.638956
-372.14505,-386.32654,5.9881444,5.6299872
-371.1648,-386.12878,5.995918,5.6210184
-370.1848,-385.92978,6.0036917,5.6120915
-369.20514,-385.7291,6.011469,5.6033173
-368.22592,-385.52637,6.0192456,5.5945435
-367.24722,-385.3211,6.027023,5.585769
-366.26913,-385.11288,6.0348,5.576995
-365.2918,-384.9013,6.042622,5.568216
-364.31528,-384.68588,6.0506225,5.5594153
-363.33972,-384.4662,6.058623,5.550615
-362.36523,-384.24176,6.066623,5.541815
-361.39197,-384.01218,6.0746236,5.5330143
-360.42,-383.77695,6.0825906,5.524165
-359.44955,-383.53574,6.090427,5.515123
-358.48068,-383.28815,6.0982633,5.5060806
-357.51355,-383.03394,6.1060996,5.497039
-356.54828,-382.77277,6.113936,5.4879966
-355.585,-382.50436,6.121821,5.4789515
-354.6238,-382.22845,6.129871,5.4698954
-353.6649,-381.94485,6.137921,5.4608393
-352.70828,-381.65338,6.145971,5.4517827
-351.7542,-381.35394,6.154021,5.4427266
-350.8027,-381.04633,6.1621113,5.43358
-349.8539,-380.7304,6.170318,5.424172
-348.90796,-380.4061,6.1785254,5.414764
-347.96497,-380.0734,6.1867323,5.4053555
-347.025,-379.73218,6.1949396,5.3959475
-346.08817,-379.3824,6.2031307,5.3865056
-345.15457,-379.02408,6.211276,5.3769693
-344.22415,-378.6576,6.219422,5.367433
-343.2969,-378.28317,6.227567,5.357897
-342.37274,-377.90118,6.235713,5.3483605
-341.45163,-377.5119,6.243864,5.3388176
-340.53354,-377.11557,6.2520347,5.329252
-339.61856,-376.71213,6.2602057,5.319686
-338.70673,-376.30157,6.268377,5.31012
-337.79813,-375.88388,6.2765474,5.3005543
-336.89288,-375.45905,6.284695,5.2910085
-335.99118,-375.0267,6.2927566,5.281536
-335.0936,-374.5859,6.300818,5.2720637
-334.2007,-374.13562,6.3088794,5.2625914
-333.3132,-373.67487,6.316941,5.2531195
-332.43176,-373.2026,6.323503,5.245698
-331.5571,-372.71786,6.3255296,5.244482
-330.69006,-372.2197,6.327556,5.243266
-329.83145,-371.70706,6.3295827,5.24205
-328.98224,-371.17908,6.3316092,5.240834
-328.14334,-370.6348,6.331039,5.2431626
-327.31537,-370.0741,6.3247924,5.2532377
-326.49808,-369.4979,6.318547,5.263312
-325.6912,-368.90723,6.312301,5.273385
-324.89432,-368.3031,6.306056,5.283458
-324.10712,-367.68643,6.2998314,5.293498
-323.32895,-367.05838,6.2936454,5.303475
-322.55905,-366.42026,6.2874594,5.3134527
-321.79648,-365.77338,6.2812734,5.3234305
-321.04028,-365.11902,6.2750874,5.333408
-320.28952,-364.45847,6.2689085,5.3433733
-319.54343,-363.79266,6.2627444,5.3533154
-318.80145,-363.12222,6.2565804,5.3632574
-318.06317,-362.44772,6.250416,5.3732
-317.32816,-361.7697,6.2442517,5.3831425
-316.59586,-361.08875,6.2380834,5.393091
-315.86612,-360.40503,6.2319064,5.4030547
-315.13907,-359.71844,6.225729,5.4130177
-314.415,-359.02872,6.2195516,5.4229813
-313.69412,-358.33566,6.213374,5.432945
-312.97668,-357.63907,6.2072506,5.4423327
-312.26288,-356.93875,6.2012568,5.4503245
-311.55283,-356.2346,6.195263,5.458316
-310.84665,-355.52655,6.189269,5.4663076
-310.14447,-354.81458,6.1832757,5.4742994
-309.44644,-354.0985,6.177335,5.4809184
-308.75266,-353.37836,6.171527,5.484123
-308.06326,-352.65396,6.165719,5.4873276
-307.37848,-351.92523,6.1599107,5.490532
-306.69846,-351.19205,6.154103,5.4937363
-306.02335,-350.45435,6.1482916,5.4968834
-305.3533,-349.71204,6.142473,5.499893
-304.68854,-348.965,6.1366544,5.502903
-304.0292,-348.21317,6.1308355,5.505913
-303.37546,-347.45645,6.125017,5.508922
-302.72748,-346.6948,6.119259,5.511933
-302.08536,-345.92822,6.1136365,5.5149446
-301.44897,-345.15686,6.108014,5.5179567
-300.81818,-344.38092,6.1023917,5.520969
-300.1929,-343.60052,6.0967693,5.5239806
-299.57297,-342.8159,6.091346,5.5267277
-298.95825,-342.02713,6.086328,5.5289354
-298.34863,-341.23447,6.0813103,5.5311437
-297.74393,-340.43802,6.076292,5.5333514
-297.144,-339.63797,6.0712743,5.535559
-296.54874,-338.83447,6.068279,5.5352583
-295.95792,-338.02765,6.0690804,5.5302463
-295.37143,-337.2177,6.0698824,5.525234
-294.7891,-336.40475,6.0706844,5.520222
-294.21075,-335.58896,6.0714865,5.5152106
-293.6363,-334.77045,6.0723596,5.510273
-293.0655,-333.94937,6.0733604,5.505469
-292.4982,-333.12585,6.0743613,5.5006647
-291.93427,-332.30005,6.075362,5.4958606
-291.37354,-331.47208,6.076363,5.4910564
-290.8158,-330.64206,6.077291,5.486255
-290.26093,-329.81012,6.07809,5.481458
-289.70874,-328.97644,6.07889,5.476661
-289.15903,-328.14105,6.0796895,5.471864
-288.6117,-327.30417,6.0804887,5.467067
-288.06653,-326.46585,6.08136,5.4622
-287.52335,-325.62625,6.0823584,5.457209
-286.982,-324.78546,6.0833564,5.452218
-286.4423,-323.9436,6.0843544,5.4472275
-285.90405,-323.1008,6.085353,5.4422364
-285.36716,-322.25717,6.0862803,5.437317
-284.83136,-321.41284,6.0870786,5.432529
-284.29657,-320.56787,6.0878763,5.427741
-283.76254,-319.7224,6.0886745,5.422953
-283.22913,-318.87656,6.0894723,5.418165
-282.69617,-318.03043,6.090338,5.4133773
-282.16348,-317.1841,6.0913353,5.40859
-281.6309,-316.33774,6.092333,5.4038024
-281.0982,-315.49146,6.0933304,5.399015
-280.56525,-314.6453,6.0943274,5.3942275
-280.03183,-313.79947,6.09526,5.389439
-279.4978,-312.954,6.0960584,5.3846493
-278.963,-312.10904,6.0968566,5.3798594
-278.42728,-311.26465,6.0976553,5.375069
-277.89053,-310.4209,6.0984535,5.3702793
-277.3526,-309.57794,6.099315,5.3654246
-276.81342,-308.73575,6.1003137,5.3604307
-276.27304,-307.89435,6.1013126,5.3554363
-275.73154,-307.05365,6.1023116,5.3504424
-275.189,-306.21362,6.1033106,5.345448
-274.6455,-305.3742,6.1042476,5.3405147
-274.10107,-304.5354,6.105047,5.3357167
-273.5558,-303.69717,6.105847,5.3309183
-273.0097,-302.85947,6.1066465,5.3261204
-272.46283,-302.02225,6.107446,5.3213224
-271.91525,-301.18552,6.108308,5.316523
-271.36697,-300.3492,6.109308,5.3117223
-270.8181,-299.5133,6.110308,5.3069215
-270.26868,-298.67776,6.111308,5.3021207
-269.71872,-297.8426,6.1123085,5.29732
-269.1683,-297.0077,6.113247,5.2924566
-268.6175,-296.17307,6.1140475,5.2874537
-268.06635,-295.33868,6.1148477,5.2824507
-267.5149,-294.5045,6.1156483,5.2774477
-266.96317,-293.67047,6.116449,5.272445
-266.41125,-292.83658,6.1173115,5.267504
-265.85922,-292.00275,6.1183124,5.2627
-265.30707,-291.169,6.1193132,5.257896
-264.75488,-290.3353,6.120314,5.2530923
-264.20273,-289.5016,6.121315,5.248288
-263.65063,-288.66782,6.1222525,5.243484
-263.09863,-287.83395,6.1230536,5.23868
-262.5468,-287,6.123854,5.2338753
-261.9952,-286.1659,6.124655,5.229071
-261.4439,-285.33163,6.1254554,5.2242665
-260.89288,-284.49713,6.1263204,5.2194624
-260.3423,-283.66238,6.1273212,5.2146587
-259.79208,-282.82733,6.128322,5.2098546
-259.24237,-281.992,6.129323,5.2050505
-258.6932,-281.15628,6.1303234,5.200247
-258.14462,-280.3202,6.1312594,5.1953783
-257.59668,-279.48367,6.13206,5.1903753
-257.04944,-278.64673,6.1328607,5.1853724
-256.50293,-277.80927,6.133661,5.1803694
-255.95723,-276.9713,6.1344614,5.1753664
-255.41238,-276.13278,6.1352615,5.1704297
-254.86842,-275.29367,6.1360617,5.1656294
-254.32542,-274.45395,6.136862,5.1608286
-253.78345,-273.61356,6.137662,5.156028
-253.24252,-272.7725,6.138462,5.151227
-252.70273,-271.93073,6.1393275,5.1464276
-252.16402,-271.08823,6.140327,5.1416297
-251.6262,-270.24518,6.141327,5.1368318
-251.08914,-269.40164,6.1423264,5.132034
-250.55263,-268.55774,6.143326,5.1272364
-250.01648,-267.71362,6.14426,5.122374
-249.48051,-266.86942,6.145059,5.117379
-248.94455,-266.02518,6.145859,5.112384
-248.40837,-265.1811,6.146658,5.107389
-247.87181,-264.33722,6.147457,5.1023936
-247.33467,-263.49374,6.14832,5.097463
-246.79677,-262.65073,6.1493187,5.09267
-246.25793,-261.80832,6.1503177,5.0878763
-245.71799,-260.96664,6.151316,5.0830827
-245.17677,-260.12576,6.1523147,5.0782895
-244.63411,-259.28583,6.1532507,5.0734963
-244.0898,-258.44693,6.1540494,5.0687046
-243.54364,-257.60928,6.154848,5.0639124
-242.99538,-256.77298,6.155647,5.05912
-242.4448,-255.9382,6.1564455,5.0543284
-241.89168,-255.1051,6.157305,5.0495367
-241.33589,-254.27379,6.158303,5.0447464
-240.7774,-253.44427,6.159301,5.039956
-240.21623,-252.6166,6.160299,5.035166
-239.65237,-251.79073,6.161297,5.0303755
-239.08583,-250.9667,6.1622357,5.0255265
-238.51723,-250.1441,6.163034,5.0205364
-237.94821,-249.32178,6.1638327,5.0155463
-237.38052,-248.49854,6.164631,5.0105557
-236.81593,-247.67319,6.1654296,5.005564
-236.2562,-246.84453,6.1662865,5.0006256
-235.70268,-246.0117,6.1672873,4.995821
-235.156,-245.17436,6.168288,4.991017
-234.61673,-244.33224,6.1692886,4.986214
-234.08539,-243.48509,6.1702886,4.9814143
-233.56258,-242.63266,6.1712317,4.97661
-233.0513,-241.77327,6.172035,4.9717884
-232.55894,-240.90291,6.172839,4.9669647
-232.0937,-240.01779,6.173644,4.9621367
-231.6642,-239.11482,6.174449,4.957306
-231.27942,-238.19194,6.1715145,4.9663277
-230.94571,-237.2494,6.1604776,5.0053663
-230.66498,-236.28975,6.1494517,5.0443654
-230.43895,-235.31575,6.138428,5.0833564
-230.26956,-234.33035,6.1273994,5.122365
-230.15884,-233.33664,6.1146736,5.1675706
-230.10658,-232.33815,6.0996113,5.221306
-230.10962,-231.33827,6.0845537,5.2750254
-230.16441,-230.33987,6.0695043,5.328715
-230.26752,-229.3453,6.0544586,5.38239
-230.41563,-228.35641,6.028898,5.419012
-230.60649,-227.37488,5.9929876,5.438873
-230.83862,-226.40227,5.957063,5.4587417
-231.11064,-225.44005,5.9211326,5.478614
-231.42113,-224.48955,5.8851986,5.498488
-231.76868,-223.55196,5.903779,5.5341897
-232.1519,-222.62837,5.9723988,5.584419
-232.56934,-221.71973,6.0410132,5.6346436
-233.01953,-220.82686,6.1096206,5.6848636
-233.50111,-219.95052,6.178226,5.7350817
-234.01277,-219.09138,6.27968,5.797313
-234.55345,-218.25023,6.4190884,5.873426
-235.12242,-217.42792,6.5585074,5.9495444
-235.71887,-216.62535,6.697922,6.0256605
-236.34209,-215.84335,6.8373203,6.1017675
-236.99127,-215.0828,6.960168,6.169754
-237.6658,-214.34462,7.0574203,6.225184
-238.36528,-213.63004,7.1546803,6.280618
-239.08926,-212.94029,7.2519646,6.3360662
-239.8373,-212.2767,7.3492846,6.391535
-240.60884,-211.64063,7.392894,6.4206142
-241.40216,-211.03192,7.3548307,6.4095635
-242.21417,-210.44833,7.316777,6.398516
-243.0419,-209.88727,7.2787366,6.387472
-243.88269,-209.34595,7.2407,6.376429
-244.73409,-208.82146,7.2026863,6.3654227
-245.59357,-208.31033,7.1646914,6.354451
-246.45857,-207.80856,7.1266885,6.343477
-247.32658,-207.31206,7.0886836,6.3325024
-248.19524,-206.81664,7.0506787,6.3215275
-249.06218,-206.31825,7.0133066,6.310702
-249.92632,-205.81502,6.9763803,6.2999816
-250.7875,-205.30673,6.939455,6.2892613
-251.6456,-204.79326,6.90253,6.278541
-252.50047,-204.27444,6.8656044,6.267821
-253.35204,-203.7502,6.8289404,6.2571764
-254.20085,-203.22154,6.79249,6.246594
-255.04811,-202.69035,6.7560396,6.2360115
-255.89502,-202.15863,6.7195897,6.225429
-256.7428,-201.62828,6.6831393,6.214847
-257.59262,-201.10126,6.6464763,6.2042027
-258.44516,-200.5786,6.60955,6.1934824
-259.3004,-200.06041,6.5726237,6.1827617
-260.1584,-199.5467,6.5356975,6.1720414
-261.019,-199.0375,6.498771,6.1613207
-261.88232,-198.53284,6.4614873,6.1505203
-262.74805,-198.03233,6.42369,6.1396055
-263.61566,-197.5351,6.385893,6.1286907
-264.48462,-197.04024,6.348096,6.1177764
-265.3544,-196.54681,6.3102994,6.106862
-266.2245,-196.05392,6.27246,6.0959077
-267.0944,-195.56071,6.23457,6.0849075
-267.96368,-195.06644,6.1966796,6.073907
-268.8319,-194.5703,6.158789,6.0629067
-269.69867,-194.07155,6.120899,6.051906
-270.56348,-193.56944,6.083069,6.040923
-271.42587,-193.06322,6.0452867,6.0299544
-272.28537,-192.55212,6.0075045,6.0189853
-273.1415,-192.03539,5.9697223,6.008016
-273.99374,-191.51227,5.93194,5.997047
-274.8416,-190.98206,5.894507,5.9863057
-275.6846,-190.44412,5.857279,5.9756975
-276.52225,-189.89798,5.8200502,5.96509
-277.35416,-189.34308,5.782822,5.9544816
-278.17984,-188.77895,5.745594,5.9438734
-278.99878,-188.20508,5.7218294,5.951907
-279.81042,-187.62099,5.7058086,5.9706626
-280.61426,-187.02611,5.6897883,5.9894185
-281.40958,-186.41995,5.673768,6.0081744
-282.1958,-185.80203,5.6577477,6.0269294
-282.97223,-185.17188,5.6417828,6.04562
-283.73807,-184.52887,5.625869,6.064251
-284.49234,-183.87234,5.609955,6.082882
-285.234,-183.2016,5.5940404,6.101514
-285.962,-182.51604,5.578126,6.1201453
-286.67517,-181.81508,5.566206,6.126618
-287.37222,-181.0981,5.5612736,6.11182
-288.05167,-180.36443,5.5563407,6.097023
-288.71194,-179.61345,5.5514083,6.0822253
-289.35135,-178.84462,5.5464764,6.0674295
-289.96814,-178.05756,5.5423417,6.0498166
-290.56027,-177.25177,5.540109,6.025461
-291.12512,-176.42665,5.537876,6.0011053
-291.65988,-175.58171,5.535643,5.9767447
-292.16156,-174.71672,5.53341,5.952382
-292.627,-173.83174,5.52236,5.9461813
-293.05386,-172.9275,5.4962077,5.971088
-293.44067,-172.00543,5.470061,5.99599
-293.786,-171.06705,5.443911,6.020894
-294.08835,-170.11395,5.417754,6.0458055
-294.34625,-169.14787,5.390735,6.0726066
-294.5599,-168.17105,5.3630185,6.100944
-294.73102,-167.18588,5.3353086,6.1292744
-294.8615,-166.19449,5.3076057,6.157597
-294.95325,-165.19878,5.279904,6.1859193
-295.0081,-164.20033,5.271132,6.1733074
-295.02762,-163.20058,5.2699165,6.1443486
-295.0133,-162.20073,5.2687016,6.1153865
-294.9666,-161.20187,5.267486,6.086424
-294.88904,-160.20493,5.266271,6.05746
-294.78207,-159.21071,5.2661543,6.02665
-294.64697,-158.21991,5.2663527,5.995309
-294.485,-157.23315,5.266551,5.9639683
-294.29742,-156.25093,5.2667494,5.932629
-294.08542,-155.27368,5.2669477,5.9012904
-293.85022,-154.30177,5.2850676,5.896469
-293.5927,-153.33553,5.309636,5.901186
-293.3136,-152.37529,5.334205,5.9059033
-293.0136,-151.42137,5.358774,5.9106207
-292.6935,-150.47401,5.383344,5.915338
-292.354,-149.53343,5.4124074,5.9267545
-291.9958,-148.59981,5.4439154,5.941815
-291.61966,-147.67326,5.475423,5.9568753
-291.22635,-146.75389,5.506931,5.9719353
-290.81656,-145.84172,5.5384393,5.986996
-290.39102,-144.9368,5.5540094,5.993241
-289.95062,-144.03902,5.5590134,5.993641
-289.49634,-143.14818,5.5640173,5.9940414
-289.02914,-142.26404,5.569021,5.9944415
-288.55002,-141.38632,5.574025,5.994842
-288.05984,-140.51471,5.5768504,5.994028
-287.55957,-139.64885,5.5782557,5.992422
-287.0501,-138.78836,5.5796604,5.9908166
-286.53235,-137.93286,5.5810657,5.989211
-286.00714,-137.0819,5.5824704,5.987605
-285.47534,-136.23503,5.583875,5.986
-284.9379,-135.39174,5.5852795,5.984395
-284.39566,-134.55151,5.5866838,5.98279
-283.84958,-133.7138,5.588088,5.981185
-283.30048,-132.87805,5.589493,5.97958
-282.7493,-132.04367,5.590896,5.977976
-282.19675,-131.2102,5.592299,5.9763727
-281.64346,-130.37721,5.5937023,5.974769
-281.09012,-129.54428,5.595105,5.9731655
-280.53732,-128.71097,5.596508,5.971562
-279.98572,-127.87686,5.5980406,5.9699593
-279.4355,-127.04186,5.599643,5.968357
-278.8865,-126.20603,5.6012454,5.9667544
-278.33868,-125.369446,5.602848,5.9651523
-277.7919,-124.53217,5.60445,5.9635496
-277.24606,-123.6943,5.6059203,5.961948
-276.7011,-122.85584,5.6073217,5.9603467
-276.157,-122.016815,5.608723,5.958745
-275.61383,-121.177216,5.6101246,5.957144
-275.0715,-120.33705,5.6115255,5.955542
-274.53003,-119.49634,5.6129265,5.9539413
-273.9894,-118.65508,5.614327,5.9523406
-273.4496,-117.81331,5.6157274,5.95074
-272.91055,-116.97104,5.6171284,5.949139
-272.37225,-116.1283,5.618529,5.9475384
-271.83463,-115.28511,5.6200614,5.9459386
-271.2977,-114.4415,5.6216617,5.9443383
-270.7614,-113.597466,5.6232615,5.9427385
-270.22574,-112.75305,5.6248612,5.9411387
-269.69067,-111.90825,5.6264615,5.9395385
-269.15616,-111.063095,5.6279283,5.937939
-268.6222,-110.217606,5.629328,5.93634
-268.0887,-109.37179,5.6307273,5.9347405
-267.55573,-108.52567,5.6321263,5.933141
-267.0232,-107.67927,5.633526,5.931542
-266.4911,-106.8326,5.634925,5.9299426
-265.95935,-105.985695,5.636324,5.928344
-265.428,-105.13855,5.637723,5.926745
-264.89697,-104.2912,5.639122,5.925146
-264.36627,-103.44366,5.6405215,5.9235473
-263.83585,-102.59593,5.64192,5.9219484
-263.30566,-101.74806,5.643319,5.9203496
-262.7757,-100.90005,5.6447177,5.9187512
-262.24594,-100.05191,5.6461167,5.9171524
-261.71634,-99.203674,5.6475153,5.915554
-261.18686,-98.35535,5.6490445,5.9138246
-260.6575,-97.50696,5.6506433,5.9120264
-260.1282,-96.658516,5.6522417,5.9102283
-259.599,-95.81005,5.65384,5.9084296
-259.06976,-94.96157,5.6554384,5.9066315
-258.54056,-94.11309,5.6569076,5.904963
-258.0113,-93.26463,5.658306,5.903364
-257.48196,-92.41622,5.659705,5.901766
-256.95258,-91.56786,5.6611037,5.9001675
-256.42303,-90.71958,5.6625023,5.8985686
-255.89336,-89.87139,5.6639013,5.8969703
-255.36353,-89.02329,5.6653,5.8953714
-254.83354,-88.17529,5.666699,5.8937726
-254.3034,-87.327385,5.668098,5.892174
-253.77313,-86.47957,5.6694965,5.8905754
-253.2427,-85.63184,5.6708956,5.8889766
-252.71214,-84.7842,5.6722946,5.8873777
-252.18144,-83.93665,5.6736937,5.885779
-251.6506,-83.08919,5.6750927,5.8841796
-251.11964,-82.241806,5.6764917,5.8825808
-250.58853,-81.3945,5.678018,5.880982
-250.0573,-80.54729,5.679617,5.879383
-249.52594,-79.70015,5.6812162,5.877784
-248.99446,-78.85309,5.682815,5.876185
-248.46284,-78.0061,5.6844144,5.8745856
-247.93112,-77.1592,5.685887,5.872987
-247.39926,-76.31237,5.687286,5.8713875
-246.8673,-75.465614,5.6886854,5.869788
-246.33522,-74.61893,5.6900845,5.868189
-245.80302,-73.77231,5.691484,5.86659
-245.27072,-72.925766,5.692883,5.8649907
-244.73831,-72.079285,5.6942825,5.8633914
-244.2058,-71.23287,5.695682,5.861792
-243.67317,-70.38652,5.6970816,5.860193
-243.14046,-69.54024,5.6984806,5.8585935
-242.60764,-68.694016,5.700006,5.856994
-242.07472,-67.847855,5.7016053,5.8553944
-241.54172,-67.001755,5.703205,5.853795
-241.0086,-66.15571,5.7048044,5.8521957
-240.47542,-65.30972,5.7064037,5.850596
-239.94214,-64.46379,5.707878,5.8489966
-239.40877,-63.617916,5.7092776,5.8473973
-238.87532,-62.77209,5.710677,5.8457975
-238.3418,-61.926315,5.7120767,5.844198
-237.80818,-61.080593,5.713476,5.8425984
-237.2745,-60.234917,5.714876,5.8409986
-236.74074,-59.389286,5.7162757,5.8393993
-236.20691,-58.543705,5.717675,5.8377995
-235.67302,-57.698166,5.719075,5.8361998
-235.13904,-56.85267,5.7204747,5.8346004
-234.60501,-56.007214,5.721874,5.8330007
-234.0709,-55.161797,5.723274,5.831401
-233.53676,-54.31642,5.7246737,5.829801
-233.00253,-53.47108,5.7260737,5.8282013
-232.46826,-52.62578,5.7274733,5.826602
-231.93393,-51.78051,5.728998,5.825002
-231.39955,-50.935272,5.730598,5.8234024
-230.86511,-50.09007,5.7321978,5.8218026
-230.33064,-49.244892,5.7337976,5.820203
-229.79611,-48.39975,5.735397,5.818603
-229.26155,-47.55463,5.736872,5.8170033
-228.72694,-46.709538,5.738272,5.8154035
-228.19229,-45.86447,5.739672,5.813803
-227.65761,-45.019424,5.7410717,5.8122034
-227.1229,-44.174404,5.7424717,5.8106036
-226.58813,-43.329403,5.7438717,5.809004
-226.05336,-42.484417,5.7452717,5.807404
-225.51854,-41.639454,5.746671,5.8058043
-224.98372,-40.794502,5.748071,5.8042045
-224.44885,-39.94957,5.749471,5.802604
-223.91397,-39.10465,5.750871,5.8010044
-223.37907,-38.25974,5.7522707,5.7994046
-222.84416,-37.414837,5.7536707,5.797805
-222.30923,-36.56995,5.7550707,5.796205
-221.77429,-35.725067,5.7564707,5.794605
-221.23935,-34.88019,5.757995,5.793005
-220.70438,-34.03532,5.759595,5.791405
-220.16942,-33.190453,5.7611947,5.7898054
-219.63445,-32.34559,5.7627945,5.788205
-219.09949,-31.500725,5.7643948,5.7866054
-218.56451,-30.65586,5.76587,5.7850056
-218.02956,-29.810993,5.76727,5.783406
-217.49458,-28.966124,5.76867,5.781806
-216.95964,-28.121248,5.77007,5.7802057
-216.4247,-27.276367,5.7714696,5.778606
-215.88977,-26.431477,5.7728696,5.777006
-215.35486,-25.586578,5.7742696,5.7754064
-214.81995,-24.74167,5.7756696,5.773806
-214.28508,-23.89675,5.7770696,5.7722063
-213.75021,-23.051815,5.778469,5.7706065
-213.21538,-22.206867,5.7799935,5.7690067
-212.68057,-21.361902,5.7815933,5.767407
-212.14578,-20.51692,5.783193,5.765807
-211.61104,-19.671919,5.784793,5.764207
-211.07631,-18.826897,5.7863927,5.762607
-210.54163,-17.981853,5.7878685,5.7610073
-210.00697,-17.136787,5.7892685,5.7594075
-209.47237,-16.291697,5.790668,5.7578077
-208.93779,-15.44658,5.792068,5.756208
-208.40327,-14.601436,5.793468,5.754608
-207.86879,-13.756263,5.7948675,5.7530084
-207.33435,-12.91106,5.7962675,5.7514086
-206.79997,-12.065826,5.7976675,5.749809
-206.26564,-11.220559,5.799067,5.748209
-205.73135,-10.375259,5.800467,5.746609
-205.19713,-9.529923,5.8018665,5.7450094
-204.66296,-8.684552,5.8032665,5.7434096
-204.12886,-7.8391423,5.804666,5.7418103
-203.59482,-6.9936943,5.806066,5.7402105
-203.06084,-6.148206,5.8074656,5.7386107
-202.52692,-5.3026767,5.808989,5.737011
-201.99307,-4.4571047,5.810589,5.735411
-201.45929,-3.611489,5.812188,5.733812
-200.92558,-2.7658284,5.813788,5.732212
-200.39194,-1.9201212,5.8153877,5.7306123
-199.85838,-1.0743665,5.816864,5.7290125
-199.3249,-0.22856289,5.8182635,5.727413
-198.79149,0.6172908,5.819663,5.7258134
-198.25818,1.4631958,5.821063,5.7242136
-197.72493,2.3091533,5.8224626,5.7226143
-197.19179,3.1551647,5.823862,5.7210145
-196.65872,4.0012307,5.825262,5.7194147
-196.12575,4.8473535,5.8266616,5.7178154
-195.59285,5.693534,5.828061,5.7162156
-195.06006,6.5397725,5.829461,5.7146163
-194.52737,7.3860717,5.8308606,5.7130165
-193.99477,8.232432,5.83226,5.711417
-193.46227,9.078855,5.8336596,5.7098174
-192.92987,9.925342,5.835059,5.708218
-192.39758,10.7718935,5.836459,5.7066183
-191.86539,11.618511,5.837981,5.7050185
-191.33331,12.465197,5.839581,5.703419
-190.80133,13.311952,5.8411803,5.7018194
-190.26947,14.158775,5.84278,5.70022
-189.73773,15.005671,5.8443794,5.6986203
-189.2061,15.852639,5.8458567,5.697021
-188.67458,16.69968,5.847256,5.6954217
-188.14319,17.546797,5.8486557,5.693822
-187.61191,18.39399,5.850055,5.6922226
-187.08076,19.24126,5.8514547,5.690623
-186.54973,20.088608,5.8528547,5.6890235
-186.01883,20.936037,5.8542542,5.6874237
-185.48807,21.783546,5.855654,5.6858244
-184.95743,22.63114,5.8570533,5.684225
-184.42693,23.478815,5.858453,5.6826253
-183.89656,24.326576,5.859974,5.681026
-183.36633,25.174421,5.8615737,5.679426
-182.83624,26.022356,5.863173,5.677827
-182.30629,26.870378,5.864773,5.6762276
-181.77649,27.71849,5.866372,5.674628
-181.24683,28.566692,5.8678503,5.6730285
-180.71732,29.414988,5.86925,5.6714287
-180.18796,30.263376,5.8706493,5.6698294
-179.65874,31.111858,5.872049,5.66823
-179.12968,31.960438,5.8734484,5.6666303
-178.60078,32.809113,5.874848,5.665031
-178.07204,33.657887,5.8762474,5.6634316
-177.54346,34.50676,5.877647,5.661832
-177.01503,35.355736,5.8790464,5.6602325
-176.48677,36.20481,5.880446,5.658633
-175.95868,37.05399,5.8818455,5.6570334
-175.43076,37.903275,5.883245,5.655434
-174.903,38.752663,5.884645,5.6538343
-174.37543,39.60216,5.8860445,5.652235
-173.848,40.451763,5.887444,5.6506357
-173.32079,41.301476,5.8869157,5.6503615
-172.79372,42.1513,5.885116,5.6509614
-172.26685,43.001236,5.8833165,5.6515613
-171.74016,43.851284,5.8815174,5.652161
-171.21364,44.701447,5.879718,5.6527605
-170.68732,45.551723,5.8771973,5.653961
-170.16118,46.402115,5.8741984,5.655561
-169.63524,47.252625,5.871199,5.6571603
-169.10948,48.103256,5.8682003,5.65876
-168.58392,48.954006,5.8652015,5.6603594
-168.05856,49.80488,5.862202,5.6619587
-167.5334,50.65587,5.8592033,5.6635585
-167.00844,51.50699,5.856204,5.665158
-166.48367,52.358227,5.853205,5.666757
-165.95912,53.209595,5.850206,5.668357
-165.43477,54.061092,5.8470874,5.669956
-164.91063,54.912716,5.8438883,5.671556
-164.38669,55.76447,5.840689,5.6731553
-163.86298,56.616352,5.83749,5.674755
-163.33946,57.468365,5.8342915,5.6763544
-162.81618,58.320515,5.8312116,5.6778345
-162.2931,59.172794,5.8282123,5.679234
-161.77026,60.02521,5.8252134,5.680634
-161.24763,60.877766,5.822214,5.6820335
-160.72523,61.73046,5.819215,5.683433
-160.20306,62.583294,5.816216,5.6849513
-159.68112,63.436268,5.8132167,5.686551
-159.15941,64.28938,5.810218,5.6881504
-158.63791,65.14263,5.8072186,5.68975
-158.11664,65.99601,5.8042192,5.6913495
-157.59558,66.849525,5.8012204,5.6929493
-157.07474,67.70317,5.798221,5.6945486
-156.5541,68.55694,5.795222,5.6961484
-156.03365,69.41083,5.792223,5.6977477
-155.5134,70.26483,5.7892237,5.6993475
-154.99333,71.11895,5.7862244,5.7008286
-154.47343,71.973175,5.7832255,5.702228
-153.95372,72.82751,5.780226,5.7036276
-153.43417,73.68194,5.777227,5.7050276
-152.9148,74.53647,5.7742276,5.706427
-152.39555,75.3911,5.7711105,5.707945
-151.87648,76.24582,5.7679114,5.709544
-151.35754,77.100624,5.7647123,5.711144
-150.83875,77.95551,5.761513,5.7127433
-150.32008,78.810486,5.758314,5.714343
-149.80156,79.665535,5.755233,5.7159424
-149.28314,80.52065,5.7522335,5.717542
-148.76483,81.37585,5.749234,5.719142
-148.24664,82.23111,5.746235,5.7207413
-147.72856,83.086426,5.7432356,5.722341
-147.21057,83.94181,5.7402363,5.723823
-146.69267,84.79724,5.7372375,5.7252226
-146.17487,85.65273,5.734238,5.726622
-145.65714,86.50827,5.731239,5.728022
-145.13948,87.363846,5.7282395,5.7294216
-144.62189,88.219475,5.72524,5.7309384
-144.10437,89.075134,5.722241,5.732538
-143.5869,89.930824,5.7192416,5.734138
-143.06949,90.78655,5.7162423,5.7357373
-142.55211,91.6423,5.713243,5.737337
-142.03477,92.498085,5.7102437,5.7389364
-141.51747,93.35388,5.7072444,5.740536
-141.0002,94.209694,5.704245,5.742136
-140.48296,95.06552,5.701246,5.743736
-139.96571,95.92136,5.6982465,5.745335
-139.44849,96.7772,5.6951303,5.746935
-138.93127,97.63304,5.691931,5.7485347
-138.41405,98.488884,5.6887317,5.750134
-137.89682,99.34472,5.6855326,5.751734
-137.37956,100.200554,5.682333,5.7533336
-136.8623,101.056366,5.6792502,5.7548165
-136.34502,101.91217,5.676251,5.756216
-135.8277,102.76795,5.6732516,5.757616
-135.31033,103.62372,5.670252,5.7590156
-134.79294,104.479454,5.6672525,5.7604156
-134.27548,105.33516,5.664253,5.7619314
-133.75798,106.190834,5.661254,5.763531
-133.24042,107.04646,5.658254,5.765131
-132.72278,107.90206,5.655255,5.766731
-132.20508,108.757614,5.6522555,5.7683306
-131.68729,109.61312,5.6492558,5.7699304
-131.16942,110.468575,5.6462564,5.77153
-130.65147,111.323975,5.6432567,5.7731295
-130.1334,112.17931,5.6402574,5.7747293
-129.61526,113.03459,5.6372576,5.776329
-129.097,113.88981,5.6342583,5.777813
-128.57863,114.74496,5.6312585,5.7792125
-128.06013,115.60003,5.628259,5.7806125
-127.54151,116.455025,5.6252594,5.7820125
-127.02276,117.309944,5.62226,5.783412
-126.503876,118.16478,5.6191444,5.784928
-125.98484,119.01952,5.615945,5.7865276
-125.46566,119.87418,5.6127453,5.7881274
-124.94633,120.72875,5.6095457,5.789727
-124.42684,121.58322,5.6063457,5.791327
-123.90719,122.43759,5.603262,5.792927
-123.38737,123.291855,5.600262,5.7945266
-122.86737,124.14602,5.597263,5.7961264
-122.347176,125.00006,5.594263,5.7977266
-121.82678,125.85398,5.5912633,5.7993264
-121.306175,126.70777,5.5882635,5.800926
-120.78536,127.56143,5.5852637,5.802526
-120.26435,128.41498,5.582264,5.804126
-119.74316,129.2684,5.579264,5.8057256
-119.22179,130.12172,5.5762644,5.807326
-118.70026,130.97495,5.5732646,5.8088098
-118.17852,131.82805,5.570265,5.8102098
-117.656525,132.68098,5.567265,5.8116097
-117.13417,133.53372,5.5642653,5.8130097
-116.611404,134.38618,5.5612655,5.8144097
-116.08816,135.23836,5.558265,5.815925
-115.56453,136.09029,5.5552654,5.817525
-115.040764,136.94215,5.5522656,5.819125
-114.51712,137.79408,5.549266,5.820725
-113.99384,138.64624,5.5462656,5.8223248
-113.47112,139.49873,5.5431495,5.823925
-112.948135,140.35106,5.5399485,5.8255258
-112.42323,141.20222,5.5367475,5.8271265
-111.89475,142.05116,5.5335464,5.828727
-111.36105,142.89682,5.5303454,5.830327
-110.82047,143.7381,5.530977,5.851581
-110.27076,144.57344,5.5343876,5.887093
-109.70921,145.40086,5.5377984,5.922608
-109.13319,146.21828,5.5412097,5.9581265
-108.54015,147.0234,5.544621,5.9936438
-107.927734,147.8139,5.551126,6.0456686
-107.29427,148.58763,5.559728,6.1088877
-106.63864,149.34267,5.5683303,6.1721015
-105.959816,150.07689,5.5769324,6.2353168
-105.256905,150.7881,5.5855336,6.2985263
-104.52923,151.47394,5.61946,6.3427267
-103.776634,152.13232,5.670479,6.374092
-102.99935,152.76138,5.7214966,6.405457
-102.19773,153.3591,5.7725224,6.436827
-101.37222,153.92334,5.823558,6.4682026
-100.523415,154.45189,5.917363,6.468697
-99.652,154.94226,6.044728,6.4449544
-98.75878,155.39168,6.1720695,6.421216
-97.84486,155.79729,6.2993374,6.3974915
-96.91161,156.1562,6.426441,6.373798
-95.96078,156.46555,6.4525247,6.445692
-94.994125,156.72116,6.407366,6.585034
-94.01373,156.91739,6.3621626,6.724512
-93.022484,157.04791,6.3168592,6.8642983
-92.02441,157.10594,6.2714515,7.0044084
-91.02489,157.0855,6.239252,7.086749
-90.02967,156.9899,6.213263,7.1420274
-89.04297,156.8283,6.1873355,7.1971755
-88.06727,156.60973,6.161455,7.2522225
-87.10369,156.34256,6.1355715,7.3072767
-86.1524,156.03453,6.131992,7.3143554
-85.212555,155.69305,6.133198,7.3111386
-84.282524,155.32567,6.134405,7.3079195
-83.35999,154.9398,6.135613,7.3046994
-82.44219,154.54277,6.1368203,7.30148
-81.52643,154.14107,6.1380196,7.2982817
-80.611824,153.73674,6.1392174,7.295087
-79.698235,153.33012,6.140415,7.2918925
-78.78554,152.92151,6.141613,7.288698
-77.87358,152.51123,6.142811,7.285504
-76.962204,152.09967,6.144007,7.282314
-76.05105,151.68762,6.1452036,7.2791243
-75.13968,151.27605,6.1463995,7.2759347
-74.22767,150.8659,6.1475954,7.272745
-73.31458,150.45815,6.148792,7.2695556
-72.40006,150.05362,6.149989,7.2663627
-71.484146,149.65228,6.1511865,7.2631693
-70.56701,149.25372,6.152384,7.259976
-69.64885,148.85753,6.1535816,7.256783
-68.72984,148.4633,6.154779,7.2535896
-67.81017,148.07063,6.1559772,7.250394
-66.88991,147.67934,6.157176,7.247197
-65.96911,147.28932,6.158375,7.2440004
-65.04781,146.90047,6.1595736,7.240804
-64.126076,146.51268,6.1607723,7.2376075
-63.203945,146.12581,6.1619716,7.234409
-62.28149,145.73973,6.1631713,7.23121
-61.358788,145.35423,6.164371,7.228011
-60.435913,144.96915,6.1655703,7.224812
-59.512947,144.58429,6.16677,7.221613
-58.589962,144.19946,6.16797,7.2182508
-57.667046,143.81448,6.169171,7.2148495
-56.744274,143.42915,6.170371,7.2114487
-55.82173,143.04326,6.1715717,7.2080474
-54.899506,142.65663,6.172772,7.204646
-53.977665,142.26909,6.1741347,7.201406
-53.056232,141.88055,6.175536,7.1982036
-52.135216,141.49106,6.176937,7.1950006
-51.214603,141.10059,6.178338,7.191798
-50.294403,140.70915,6.1797395,7.188596
-49.374607,140.31677,6.180978,7.1853924
-48.455185,139.92352,6.182179,7.1821895
-47.536095,139.5295,6.18338,7.178986
-46.617294,139.13478,6.1845813,7.1757827
-45.69874,138.7395,6.1857824,7.17258
-44.780388,138.34377,6.1869836,7.169377
-43.862206,137.94762,6.1881847,7.166174
-42.94416,137.55116,6.189386,7.162971
-42.02622,137.15446,6.190587,7.159768
-41.108345,136.7576,6.191788,7.156565
-40.190517,136.36064,6.192989,7.1533637
-39.272686,135.96368,6.194189,7.1501617
-38.35482,135.5668,6.1953897,7.1469603
-37.436874,135.17012,6.1965904,7.143759
-36.518818,134.77368,6.197791,7.1405573
-35.60061,134.37761,6.198991,7.1373577
-34.682217,133.98195,6.2001905,7.1341586
-33.763626,133.58675,6.2013903,7.1309595
-32.844814,133.19208,6.20259,7.12776
-31.925753,132.79797,6.2037897,7.124561
-31.006426,132.4045,6.2049885,7.1213636
-30.086843,132.01161,6.2061872,7.1181674
-29.167025,131.6193,6.207386,7.1149707
-28.24699,131.22746,6.208585,7.111774
-27.32676,130.8361,6.2097836,7.1085773
-26.40635,130.44518,6.210982,7.1053824
-25.485777,130.05461,6.2121797,7.1021876
-24.565056,129.66441,6.213378,7.098993
-23.6442,129.27452,6.214576,7.095798
-22.72322,128.88493,6.215774,7.092603
-21.80213,128.49559,6.216972,7.089409
-20.880945,128.10649,6.2181697,7.0862145
-19.95968,127.71757,6.219367,7.0830207
-19.038351,127.328804,6.220565,7.079827
-18.116968,126.94016,6.2217627,7.0766325
-17.195549,126.551605,6.2229605,7.073438
-16.274109,126.1631,6.2241583,7.070244
-15.352661,125.77462,6.2253566,7.06705
-14.431218,125.386116,6.2265544,7.0638556
-13.509797,124.99757,6.227752,7.0606613
-12.58841,124.60894,6.229109,7.0573077
-11.667072,124.22019,6.230507,7.053912
-10.745798,123.83129,6.231905,7.050517
-9.824602,123.442215,6.2333026,7.0471215
-8.903498,123.05291,6.2347007,7.0437264
-7.9825006,122.66336,6.235943,7.0404863
-7.061624,122.27352,6.2371416,7.0372887
-6.1408844,121.88336,6.238341,7.034091
-5.220295,121.49284,6.23954,7.030893
-4.2998714,121.10194,6.2407393,7.027695
-3.3796284,120.71061,6.2419395,7.0244946
-2.4595804,120.31882,6.2431397,7.0212936
-1.5397415,119.92654,6.2443404,7.0180926
-0.62012637,119.53373,6.2455406,7.0148916
0.29925066,119.14037,6.246741,7.0116906
1.2183748,118.74642,6.2479424,7.0084863
2.1372294,118.35184,6.2491446,7.005281
3.0557969,117.95659,6.2503467,7.0020757
3.974059,117.56063,6.251549,6.9988704
4.8919983,117.16393,6.2527504,6.995665
5.8095975,116.76644,6.253954,6.9924555
6.726846,116.36814,6.255158,6.989245
7.643737,115.96902,6.256362,6.9860344
8.560262,115.56905,6.257566,6.982824
9.476414,115.16824,6.25877,6.9796133
10.392198,114.76659,6.259975,6.9764
11.307704,114.364296,6.2611804,6.9731855
12.223062,113.96167,6.262386,6.969971
13.138401,113.559006,6.2635913,6.966757
14.053851,113.156586,6.2647967,6.9635425
14.9695425,112.75472,6.2660003,6.960332
15.88561,112.353714,6.2672043,6.9571223
16.802189,111.95388,6.268408,6.9539127
17.719416,111.55553,6.2696114,6.950703
18.637423,111.15898,6.270815,6.9474936
19.556334,110.76453,6.2720137,6.944297
20.47623,110.37238,6.273212,6.941102
21.397173,109.982704,6.27441,6.937907
22.319223,109.59565,6.2756076,6.934713
23.24244,109.21139,6.276806,6.931518
24.1669,108.83013,6.2779956,6.928345
25.092821,108.45243,6.279184,6.9251766
26.020458,108.078964,6.280372,6.922008
26.950068,107.71044,6.2815604,6.9188395
27.881891,107.34755,6.2827487,6.91567
28.816048,106.99071,6.2840834,6.912524
29.751835,106.63816,6.2854567,6.9093843
30.688192,106.28714,6.2868304,6.9062448
31.624075,105.934845,6.2882037,6.9031057
32.558426,105.57851,6.2895765,6.899967
33.490086,105.21521,6.290826,6.8966603
34.417168,104.840385,6.2920194,6.893278
35.33717,104.44853,6.2932134,6.8898954
36.247276,104.03425,6.2944074,6.8865123
37.14427,103.59235,6.295601,6.8831306
38.024555,103.11803,6.28055,6.8912973
38.884403,102.60763,6.2573495,6.9052587
39.719807,102.05817,6.2341466,6.9192214
40.526142,101.46691,6.2109313,6.933192
41.29816,100.831535,6.1877127,6.947164
42.03034,100.15066,6.1465807,6.97301
42.718884,99.425674,6.100917,7.0018616
43.360767,98.65908,6.0552697,7.030702
43.952812,97.853386,6.009624,7.059542
44.491676,97.01119,5.963972,7.0883856
44.974346,96.13559,6.044591,7.0236874
45.3999,95.230835,6.1279464,6.9569616
45.768085,94.301254,6.2112994,6.8902383
46.07872,93.350876,6.294681,6.8234916
46.331585,92.38352,6.3719172,6.761234
46.527534,91.40305,6.3985834,6.7359505
46.67103,90.41351,6.4252486,6.710668
46.76746,89.41825,6.4518976,6.6854005
46.82234,88.41982,6.478538,6.660142
46.84113,87.420044,6.503203,6.6363378
46.828884,86.42016,6.4853883,6.64389
46.789677,85.42097,6.4675593,6.651448
46.72747,84.42293,6.449732,6.659005
46.646282,83.426254,6.431916,6.6665573
46.550144,82.4309,6.4141197,6.6741014
46.441658,81.436806,6.4075913,6.713089
46.315365,80.44483,6.402586,6.7563357
46.1629,79.45656,6.3975754,6.7996306
45.97587,78.47428,6.3925567,6.842992
45.745968,77.501175,6.3875327,6.886399
45.466877,76.54103,6.389379,6.947182
45.14149,75.59554,6.3920364,7.009943
44.77563,74.66495,6.3946905,7.0726123
44.37479,73.74885,6.3973417,7.1352267
43.94411,72.8464,6.399994,7.197859
43.48844,71.95628,6.4004006,7.198
43.01273,71.076706,6.4008026,7.198
42.521904,70.20546,6.401205,7.198
42.0208,69.34009,6.4016075,7.198
41.514175,68.47793,6.4020095,7.198
41.005768,67.61682,6.4024105,7.198
40.495728,66.756676,6.4028115,7.198
39.98336,65.89792,6.403212,7.198
39.467995,65.040955,6.403613,7.198
38.948944,64.18622,6.404021,7.198
38.42576,63.334007,6.404621,7.198
37.89878,62.48414,6.405221,7.198
37.368526,61.636307,6.4058213,7.198
36.835506,60.790215,6.406421,7.198
36.300232,59.94554,6.4070144,7.198
35.763153,59.10202,6.407414,7.198
35.224503,58.259495,6.4078135,7.198
34.68448,57.417854,6.408213,7.198
34.14327,56.576977,6.4086123,7.198
33.601063,55.736736,6.409012,7.198
33.058064,54.89701,6.4094114,7.198
32.514503,54.057648,6.4098105,7.198
31.970638,53.218483,6.41021,7.198
31.42671,52.37936,6.4106092,7.198
30.882967,51.540115,6.411013,7.198
30.33961,50.700623,6.411612,7.198
29.796652,49.86087,6.4122114,7.198
29.254066,49.020874,6.4128103,7.198
28.711828,48.18066,6.4134097,7.198
28.16991,47.340237,6.4140058,7.198
27.628288,46.49962,6.4144053,7.198
27.086958,45.658817,6.414805,7.198
26.545912,44.817833,6.4152045,7.198
26.005152,43.97666,6.415604,7.198
25.46467,43.135315,6.4160037,7.198
24.924463,42.29379,6.416404,7.198
24.384523,41.452095,6.4168034,7.198
23.844843,40.610233,6.417203,7.198
23.305407,39.76821,6.4176025,7.198
22.76621,38.92604,6.4180036,7.198
22.227242,38.08372,6.4186034,7.198
21.688492,37.241264,6.419203,7.198
21.149956,36.39867,6.4198027,7.198
20.611622,35.555943,6.4204025,7.198
20.073484,34.713097,6.4210014,7.198
19.535534,33.870125,6.421401,7.198
18.997763,33.027042,6.421801,7.198
18.460163,32.18385,6.422201,7.198
17.922724,31.340555,6.4226007,7.198
17.385439,30.497162,6.423001,7.198
16.848299,29.653675,6.423401,7.198
16.311295,28.810104,6.4238005,7.198
15.774419,27.96645,6.4242005,7.198
15.237662,27.12272,6.4246006,7.198
14.701017,26.27892,6.4250007,7.198
14.1644745,25.435053,6.4256005,7.198
13.628027,24.591127,6.4262004,7.198
13.091663,23.747149,6.4268007,7.198
12.555378,22.90312,6.4274006,7.198
12.01916,22.059048,6.4280005,7.198
11.483003,21.214935,6.4284005,7.198
10.9468975,20.370792,6.4288,7.198
10.410834,19.526623,6.4292,7.198
9.874806,18.68243,6.4296002,7.198
9.338805,17.83822,6.4300003,7.198
8.802822,16.994,6.4304004,7.198
8.266848,16.149773,6.4308004,7.198
7.730873,15.305545,6.4312005,7.198
7.19489,14.461324,6.4316006,7.198
6.658889,13.617114,6.4320006,7.198
6.1228623,12.772921,6.4326005,7.198
5.5868087,11.928744,6.4332004,7.198
5.0507274,11.084585,6.4338007,7.198
4.514619,10.240444,6.4344006,7.198
3.9784818,9.39632,6.4350004,7.198
3.442317,8.552215,6.4354005,7.198
2.9061244,7.7081265,6.4358,7.198
2.3699045,6.8640556,6.4362,7.198
1.8336579,6.020002,6.4366,7.198
1.2973851,5.1759644,6.4370003,7.198
0.7610866,4.3319435,6.4374003,7.198
0.22476263,3.487939,6.4378,7.198
-0.31158647,2.6439502,6.4382,7.198
-0.8479605,1.7999773,6.4386,7.198
