# x_m,y_m,w_tr_right_m,w_tr_left_m
-0.223388,2.075766,6.687,6.853
-0.75627506,2.9219127,6.6882005,6.8519998
-1.2891059,3.7680948,6.6894007,6.8509994
-1.821881,4.6143117,6.690601,6.8499994
-2.354601,5.4605637,6.691801,6.848999
-2.8872662,6.30685,6.6930013,6.847999
-3.419877,7.1531706,6.694001,6.8469987
-3.9524343,7.9995246,6.6950016,6.8459983
-4.4849386,8.845912,6.696002,6.8449984
-5.0173903,9.692333,6.697002,6.843998
-5.5497894,10.538787,6.698003,6.842998
-6.0821376,11.385273,6.699203,6.842198
-6.6144342,12.231791,6.700403,6.841398
-7.146681,13.078341,6.7016034,6.8405976
-7.6788774,13.924922,6.7028036,6.8397975
-8.211024,14.771534,6.7040033,6.8389964
-8.743122,15.618177,6.7050037,6.8379965
-9.275171,16.464851,6.7060037,6.836996
-9.807173,17.311554,6.707004,6.8359957
-10.339127,18.158287,6.7080045,6.8349957
-10.871035,19.00505,6.7090054,6.8339953
-11.402895,19.851843,6.7102056,6.8329954
-11.9347105,20.698664,6.711406,6.831995
-12.46648,21.545513,6.7126064,6.8309946
-12.998206,22.39239,6.7138066,6.8299947
-13.529887,23.239294,6.715006,6.828995
-14.061524,24.086227,6.716006,6.828195
-14.593119,24.933187,6.717006,6.827395
-15.12467,25.780172,6.7180066,6.826595
-15.65618,26.627186,6.7190065,6.8257947
-16.187649,27.474224,6.720007,6.824993
-16.719076,28.32129,6.7210073,6.8239927
-17.250462,29.168379,6.7220073,6.822993
-17.781809,30.015493,6.7230077,6.8219924
-18.313114,30.862633,6.724008,6.820992
-18.844383,31.709797,6.72501,6.819992
-19.375612,32.556984,6.72621,6.8189917
-19.906805,33.404198,6.7274103,6.8179913
-20.43796,34.25143,6.7286105,6.8169913
-20.969076,35.09869,6.7298107,6.815991
-21.500158,35.945972,6.7310095,6.8149924
-22.031204,36.793274,6.7320094,6.8141923
-22.562214,37.640602,6.73301,6.813392
-23.09319,38.48795,6.73401,6.812592
-23.62413,39.335316,6.73501,6.811792
-24.155039,40.18271,6.7360125,6.8109894
-24.685913,41.030117,6.7372127,6.8099895
-25.216757,41.87755,6.7384133,6.808989
-25.747566,42.725,6.7396135,6.8079886
-26.278345,43.57247,6.7408137,6.8069887
-26.809092,44.41996,6.7420115,6.8059883
-27.33981,45.26747,6.743012,6.804988
-27.870497,46.114998,6.7440124,6.803988
-28.401154,46.962543,6.7450123,6.8029876
-28.931784,47.81011,6.7460127,6.801987
-29.462383,48.657692,6.7470155,6.8009896
-29.992956,49.50529,6.7482157,6.8001895
-30.5235,50.35291,6.749416,6.7993894
-31.054018,51.200542,6.7506166,6.798589
-31.58451,52.048195,6.7518167,6.797789
-32.114975,52.89586,6.753014,6.7969856
-32.645416,53.74354,6.7540145,6.7959857
-33.175835,54.59124,6.7550144,6.7949853
-33.706226,55.438953,6.756015,6.793985
-34.236595,56.28668,6.757015,6.792985
-34.76694,57.134422,6.758015,6.7919846
-35.297264,57.982178,6.7590156,6.790984
-35.827564,58.82995,6.760016,6.789984
-36.357845,59.67773,6.761016,6.788984
-36.888103,60.525528,6.7620163,6.7879834
-37.418343,61.373337,6.76302,6.786987
-37.94856,62.221157,6.76422,6.7861867
-38.47876,63.068993,6.7654204,6.785386
-39.008938,63.916836,6.7666206,6.784586
-39.5391,64.764694,6.7678213,6.783786
-40.069244,65.612564,6.7690177,6.7829823
-40.59937,66.46044,6.770018,6.781982
-41.12948,67.308334,6.7710185,6.7809815
-41.659573,68.15623,6.7720184,6.7799816
-42.18965,69.00414,6.773019,6.778981
-42.71971,69.85206,6.774023,6.777981
-43.24976,70.69999,6.7752233,6.7769804
-43.779797,71.54792,6.7764235,6.7759805
-44.309814,72.39587,6.7776237,6.77498
-44.83982,73.24382,6.7788243,6.7739797
-45.369816,74.09178,6.78002,6.7729836
-45.8998,74.93975,6.7810206,6.7721834
-46.42977,75.78773,6.782021,6.7713833
-46.959732,76.63571,6.783021,6.770583
-47.48968,77.4837,6.7840214,6.769783
-48.01962,78.331696,6.785026,6.7689786
-48.549553,79.179695,6.7862263,6.767978
-49.07947,80.0277,6.7874265,6.766978
-49.609386,80.87572,6.7886267,6.7659774
-50.139294,81.72373,6.7898273,6.7649775
-50.66919,82.571754,6.791023,6.763977
-51.19908,83.41978,6.792023,6.7629766
-51.72897,84.26781,6.7930236,6.7619767
-52.25885,85.115845,6.7940235,6.7609763
-52.788723,85.96388,6.795024,6.759976
-53.318592,86.81192,6.796029,6.7589808
-53.84846,87.65996,6.7972293,6.7581806
-54.378323,88.508,6.7984295,6.75738
-54.908184,89.35605,6.79963,6.75658
-55.438038,90.204094,6.8008304,6.7557797
-55.967896,91.05215,6.8020253,6.7549744
-56.49775,91.90019,6.8030257,6.7539744
-57.027603,92.748245,6.804026,6.752974
-57.557453,93.59629,6.805026,6.7519736
-58.087307,94.44434,6.8060265,6.7509737
-58.61716,95.2924,6.807027,6.7499733
-59.147015,96.14044,6.808027,6.748973
-59.676872,96.98849,6.809027,6.747973
-60.20673,97.83654,6.8100276,6.7469726
-60.73659,98.68458,6.811028,6.745972
-61.266457,99.53262,6.8120337,6.7449775
-61.796326,100.38066,6.813234,6.7441773
-62.3262,101.2287,6.814434,6.743377
-62.856075,102.07674,6.8156347,6.742577
-63.38596,102.92477,6.816835,6.741777
-63.91585,103.77279,6.8180237,6.741006
-64.44575,104.62082,6.818824,6.7412057
-64.97565,105.468834,6.819624,6.741406
-65.50556,106.31685,6.820424,6.741606
-66.03548,107.164856,6.821224,6.741806
-66.56541,108.01286,6.822018,6.742037
-67.095345,108.860855,6.8226185,6.743237
-67.62529,109.70885,6.823219,6.744437
-68.15524,110.55683,6.8238187,6.745638
-68.68521,111.404816,6.824419,6.746838
-69.215195,112.252785,6.8250256,6.7480383
-69.74518,113.100746,6.8258257,6.7492385
-70.275185,113.94871,6.826626,6.750439
-70.8052,114.79665,6.827426,6.7516394
-71.33523,115.64459,6.8282266,6.7528396
-71.86527,116.49252,6.82902,6.75404
-72.39533,117.34045,6.82962,6.75524
-72.9254,118.18836,6.83022,6.7564406
-73.45549,119.03626,6.8308206,6.757641
-73.985596,119.884155,6.8314204,6.758841
-74.51572,120.73204,6.8320208,6.7600346
-75.04585,121.57991,6.832621,6.761035
-75.576004,122.42777,6.833221,6.762035
-76.10618,123.27562,6.8338213,6.7630353
-76.636375,124.12346,6.834421,6.7640357
-77.16658,124.97128,6.8350215,6.765043
-77.696815,125.8191,6.835622,6.7662435
-78.227066,126.6669,6.8362217,6.7674437
-78.75734,127.51469,6.836822,6.768644
-79.28763,128.36246,6.8374224,6.769844
-79.81795,129.21022,6.83803,6.7710447
-80.34828,130.05797,6.83883,6.772245
-80.87865,130.9057,6.83963,6.773445
-81.40903,131.75342,6.8404303,6.7746453
-81.93944,132.60112,6.8412304,6.775846
-82.469864,133.4488,6.842023,6.777046
-83.00033,134.29648,6.842623,6.7782464
-83.53081,135.14413,6.8432236,6.7794466
-84.06132,135.99178,6.8438234,6.7806473
-84.59185,136.8394,6.844424,6.7818475
-85.12241,137.68701,6.845024,6.7830477
-85.65301,138.53459,6.845624,6.784248
-86.183624,139.38217,6.8462243,6.7854486
-86.71427,140.22972,6.846824,6.7866488
-87.24495,141.07726,6.8474245,6.787849
-87.77565,141.92477,6.848033,6.789049
-88.30639,142.77226,6.848833,6.79025
-88.83716,143.61975,6.849633,6.79145
-89.36796,144.46721,6.8504333,6.79265
-89.89879,145.31464,6.851234,6.7938504
-90.42965,146.16206,6.8520255,6.7950425
-90.96055,147.00946,6.852626,6.796043
-91.49148,147.85683,6.8532257,6.797043
-92.02244,148.7042,6.853826,6.7980433
-92.55344,149.55153,6.854426,6.7990437
-93.08447,150.39883,6.8550262,6.8000526
-93.61554,151.24612,6.8556266,6.801253
-94.146645,152.09338,6.8562264,6.802453
-94.67779,152.94063,6.856827,6.8036532
-95.20896,153.78786,6.857427,6.804854
-95.74018,154.63506,6.858027,6.806054
-96.27143,155.48222,6.8586273,6.8072543
-96.80273,156.32938,6.859227,6.8084545
-97.33406,157.1765,6.8598275,6.809655
-97.86543,158.02359,6.860428,6.8108554
-98.39684,158.87067,6.8610373,6.8120556
-98.9283,159.71771,6.8618374,6.813256
-99.45979,160.56474,6.8626375,6.8144565
-99.99133,161.41173,6.8634377,6.8156567
-100.52291,162.2587,6.864238,6.816857
-101.054535,163.10564,6.865029,6.818057
-101.5862,163.95256,6.8656287,6.8192577
-102.117905,164.79944,6.866229,6.820458
-102.64966,165.6463,6.866829,6.821658
-103.18145,166.49315,6.8674293,6.8228583
-103.71328,167.33995,6.8680296,6.824049
-104.24515,168.18674,6.8686295,6.8250494
-104.77706,169.0335,6.86923,6.82605
-105.309006,169.88023,6.86983,6.8270497
-105.840996,170.72694,6.87043,6.82805
-106.37302,171.57364,6.8710403,6.8290606
-106.90507,172.42032,6.8718405,6.8302608
-107.43716,173.26697,6.8726406,6.831461
-107.96928,174.11359,6.8734407,6.8326616
-108.501434,174.9602,6.8742414,6.833862
-109.033615,175.8068,6.875031,6.835062
-109.565834,176.65335,6.8756313,6.836262
-110.098076,177.49991,6.876231,6.8374624
-110.63035,178.34644,6.8768315,6.838663
-111.16265,179.19295,6.877432,6.8398633
-111.694984,180.03946,6.8780317,6.8410635
-112.22733,180.88594,6.878632,6.8422637
-112.75971,181.7324,6.879232,6.8434644
-113.29212,182.57886,6.8798323,6.8446646
-113.82455,183.4253,6.8804326,6.845865
-114.356995,184.27171,6.8810325,6.847065
-114.889465,185.11812,6.881633,6.8482656
-115.42196,185.96451,6.8822327,6.849466
-115.95447,186.8109,6.882833,6.850666
-116.487,187.65727,6.8834333,6.8518662
-117.01955,188.50363,6.8840446,6.8530664
-117.55211,189.34998,6.884845,6.854267
-118.08469,190.19632,6.885645,6.8554673
-118.61729,191.04265,6.886445,6.8566675
-119.149895,191.88898,6.887245,6.8578677
-119.68252,192.73529,6.888034,6.859057
-120.21515,193.58159,6.888634,6.860057
-120.7478,194.42789,6.8892345,6.8610573
-121.28046,195.27419,6.8898344,6.8620577
-121.813126,196.12047,6.8904347,6.8630576
-122.3458,196.96674,6.8910346,6.8640695
-122.87849,197.81302,6.891635,6.8652697
-123.41118,198.65929,6.8922353,6.8664703
-123.94388,199.50555,6.892835,6.8676705
-124.47658,200.3518,6.8934355,6.8688707
-125.009285,201.19807,6.8940473,6.870071
-125.542,202.04433,6.8948474,6.871271
-126.074715,202.89058,6.8956475,6.8724713
-126.60743,203.73685,6.8964477,6.873672
-127.140144,204.5831,6.8972483,6.874872
-127.67286,205.42935,6.898036,6.8760724
-128.20558,206.2756,6.8986363,6.8772726
-128.7383,207.12186,6.8992367,6.878473
-129.271,207.96812,6.8998365,6.879673
-129.80371,208.81438,6.900437,6.8808737
-130.33641,209.66064,6.9010367,6.882074
-130.86911,210.50691,6.901637,6.883274
-131.4018,211.35318,6.902237,6.8844743
-131.93448,212.19945,6.9028373,6.8856745
-132.46716,213.04573,6.9034376,6.8868747
-132.99983,213.89201,6.9040375,6.8880625
-133.53249,214.73831,6.904638,6.889063
-134.06512,215.58461,6.9052377,6.890063
-134.59776,216.43091,6.905838,6.891063
-135.13039,217.27722,6.906438,6.892063
-135.663,218.12355,6.907051,6.8930764
-136.19559,218.96988,6.907851,6.8942766
-136.72816,219.81622,6.9086514,6.895477
-137.26073,220.66257,6.9094515,6.896677
-137.79327,221.50893,6.9102516,6.897877
-138.3258,222.3553,6.911039,6.8990774
-138.8583,223.20169,6.9116387,6.9002776
-139.3908,224.04808,6.912239,6.901478
-139.92326,224.8945,6.912839,6.902678
-140.45572,225.74092,6.9134393,6.903878
-140.98814,226.58736,6.914039,6.9050784
-141.52054,227.4338,6.9146395,6.9062786
-142.05292,228.28027,6.9152393,6.907479
-142.58527,229.12675,6.9158397,6.9086795
-143.1176,229.97327,6.9164395,6.9098797
-143.64989,230.81978,6.917053,6.91108
-144.18216,231.6663,6.9178534,6.91228
-144.7144,232.51286,6.9186535,6.9134803
-145.24661,233.35944,6.9194536,6.9146805
-145.7788,234.20602,6.9202538,6.9158807
-146.31096,235.05264,6.9210405,6.917081
-146.84306,235.89926,6.9216404,6.918281
-147.37515,236.74591,6.9222407,6.9194813
-147.90721,237.59259,6.9228406,6.9206815
-148.43922,238.43929,6.923441,6.921881
-148.9712,239.286,6.924041,6.923068
-149.50314,240.13274,6.9246407,6.924068
-150.03505,240.9795,6.925241,6.9250684
-150.56693,241.8263,6.925841,6.9260683
-151.09875,242.67311,6.926441,6.9270687
-151.63054,243.51994,6.927041,6.9280825
-152.16228,244.3668,6.9276414,6.9292827
-152.69398,245.2137,6.9282413,6.930483
-153.22565,246.06061,6.9288416,6.931683
-153.75726,246.90756,6.9294415,6.9328833
-154.28883,247.75453,6.9300556,6.9340835
-154.82037,248.60153,6.9308558,6.935283
-155.35185,249.44856,6.931656,6.9364834
-155.88329,250.29562,6.9324555,6.9376836
-156.41467,251.14272,6.9332557,6.938884
-156.946,251.98984,6.934042,6.940084
-157.47728,252.83699,6.934642,6.941284
-158.00851,253.68417,6.935242,6.9424844
-158.5397,254.5314,6.935842,6.943684
-159.07083,255.37865,6.9364424,6.9448843
-159.6019,256.22592,6.937042,6.9460845
-160.13292,257.07324,6.937642,6.9472847
-160.66388,257.92062,6.9382424,6.948485
-161.19473,258.76804,6.9388423,6.949685
-161.72546,259.61554,6.9394426,6.950885
-162.25607,260.4631,6.940057,6.952085
-162.78653,261.3108,6.940857,6.953285
-163.3168,262.15857,6.941657,6.9544854
-163.84688,263.00647,6.942457,6.9556856
-164.37674,263.85452,6.9432573,6.956886
-164.90637,264.70273,6.944043,6.9580717
-165.43573,265.5511,6.944643,6.959072
-165.9648,266.39963,6.9452434,6.960072
-166.49358,267.24832,6.945843,6.9610724
-167.02202,268.09726,6.9464436,6.962073
-167.55013,268.9464,6.946942,6.9630146
-168.07785,269.79578,6.9461412,6.963215
-168.6052,270.6454,6.945341,6.9634147
-169.13213,271.49527,6.9445405,6.963615
-169.65865,272.3454,6.9437404,6.9638147
-170.18471,273.1958,6.942895,6.9639697
-170.7103,274.04648,6.941494,6.9635696
-171.2354,274.8975,6.940093,6.9631696
-171.75998,275.7488,6.938692,6.962769
-172.284,276.60046,6.937291,6.962369
-172.80742,277.4525,6.9358745,6.9619527
-173.33025,278.3049,6.934273,6.9613523
-173.85246,279.15768,6.932671,6.9607515
-174.37411,280.0108,6.93107,6.960151
-174.8952,280.86426,6.929468,6.9595504
-175.41576,281.71805,6.927883,6.9589667
-175.93582,282.57214,6.9264817,6.958566
-176.45552,283.42645,6.92508,6.9581656
-176.97498,284.2809,6.9236784,6.957765
-177.49432,285.13544,6.922277,6.9573646
-178.01369,285.98996,6.920875,6.9569645
-178.5332,286.84436,6.9194736,6.956564
-179.05298,287.69864,6.918072,6.9561634
-179.57312,288.55267,6.916671,6.9557633
-180.09373,289.40643,6.9152694,6.955363
-180.61494,290.25983,6.9138494,6.9549437
-181.13684,291.1128,6.9122486,6.9543433
-181.65956,291.96524,6.910648,6.953743
-182.18323,292.81714,6.909047,6.9531426
-182.70798,293.66837,6.9074464,6.9525423
-183.23393,294.51883,6.905865,6.9519615
-183.7612,295.36847,6.9044657,6.9515615
-184.28986,296.2173,6.9030666,6.951162
-184.81998,297.06516,6.901667,6.950762
-185.35162,297.91208,6.9002676,6.950362
-185.88486,298.75803,6.89885,6.9499626
-186.41978,299.60287,6.897253,6.949563
-186.95667,300.4465,6.895656,6.949164
-187.49576,301.2887,6.8940587,6.948765
-188.03737,302.12927,6.892462,6.9483657
-188.58176,302.96808,6.890882,6.9479494
-189.12889,303.80508,6.889487,6.9473515
-189.67772,304.641,6.8880916,6.9467535
-190.22704,305.47656,6.8866963,6.9461555
-190.77567,306.3126,6.8853016,6.9455576
-191.32236,307.14987,6.8839064,6.944973
-191.86581,307.98926,6.882509,6.944574
-192.40434,308.83185,6.881112,6.944175
-192.93617,309.67865,6.879715,6.9437757
-193.4595,310.53073,6.8783183,6.9433765
-193.9725,311.38907,6.8766837,6.9439373
-194.47334,312.25455,6.87108,6.960548
-194.96025,313.12796,6.865477,6.9771576
-195.43141,314.00995,6.8598733,6.9937677
-195.88498,314.90112,6.85427,7.010378
-196.31905,315.80194,6.847309,7.032906
-196.73161,316.7128,6.8188434,7.1491756
-197.12045,317.63403,6.7903795,7.265436
-197.4832,318.56586,6.7619157,7.3816967
-197.81741,319.50827,6.7334547,7.4979453
-198.12064,320.46112,6.706141,7.600603
-198.39009,321.42404,6.693896,7.523662
-198.62206,322.39667,6.6816516,7.446728
-198.81247,323.37827,6.669405,7.369777
-198.95712,324.3676,6.6571574,7.292821
-199.05183,325.36298,6.647246,7.1972523
-199.09323,326.36197,6.6486907,7.01088
-199.0796,327.36172,6.650135,6.824582
-199.00938,328.3591,6.65158,6.6382103
-198.8808,329.35062,6.6530256,6.451672
-198.69212,330.33246,6.6554413,6.3442106
-198.44421,331.30106,6.65985,6.399924
-198.14215,332.25418,6.664256,6.455597
-197.79124,333.19046,6.668657,6.5112085
-197.3966,334.1092,6.673054,6.5667768
-196.96294,335.01016,6.664429,6.604127
-196.49461,335.89362,6.629361,6.6045127
-195.99574,336.7602,6.594268,6.604898
-195.47023,337.61093,6.55914,6.605284
-194.9218,338.44705,6.5239573,6.605671
-194.35397,339.27014,6.4914837,6.6341753
-193.76825,340.08057,6.474736,6.8217115
-193.16151,340.87537,6.457986,7.009272
-192.5304,341.65094,6.4412894,7.1962366
-191.87222,342.4037,6.424707,7.3819203
-191.18512,343.1301,6.4083037,7.5655985
-190.46625,343.82507,6.4905944,7.707846
-189.70573,344.47406,6.453486,7.84936
-188.89244,345.05524,6.203581,7.9925637
-188.018,345.53897,5.9537506,8.138322
-187.08191,345.8872,5.7040567,8.277095
-186.10066,346.0741,5.9537764,8.342085
-185.10245,346.1223,6.2036214,8.406053
-184.10439,346.065,6.453549,8.468968
-183.11343,345.93143,6.7035275,8.531349
-182.13086,345.74573,6.9535184,8.56491
-181.1561,345.523,7.20349,8.548121
-180.18884,345.2696,7.4534655,8.5311775
-179.22829,344.9918,7.7034454,8.514145
-178.27295,344.69647,7.8369484,8.497086
-177.32095,344.39047,7.9059825,8.485436
-176.37137,344.0771,7.918769,8.479956
-175.42447,343.75568,7.93153,8.474487
-174.48064,343.42535,7.9442763,8.469025
-173.54027,343.08527,7.957019,8.463563
-172.60382,342.73456,7.963426,8.458764
-171.67137,342.37338,7.9642286,8.454549
-170.74261,342.0028,7.965032,8.450332
-169.81721,341.6239,7.9658356,8.446113
-168.89482,341.23776,7.966639,8.441895
-167.975,340.8455,7.9675493,8.437802
-167.05751,340.4478,7.968547,8.433813
-166.14217,340.04526,7.969544,8.429824
-165.22878,339.63824,7.970541,8.425836
-164.31715,339.2273,7.971538,8.421847
-163.40712,338.81284,7.9724264,8.417867
-162.49843,338.39548,7.9732213,8.413893
-161.59079,337.9758,7.974016,8.409919
-160.68391,337.55447,7.974811,8.405944
-159.7775,337.13214,7.975606,8.401969
-158.87126,336.70947,7.9765015,8.397894
-157.96497,336.2869,7.9774957,8.393718
-157.05847,335.86478,7.97849,8.389543
-156.1516,335.44345,7.979484,8.385367
-155.24422,335.02322,7.9804783,8.381192
-154.33617,334.60443,7.981379,8.377106
-153.4274,334.1872,7.9821763,8.373118
-152.51796,333.77145,7.982974,8.36913
-151.60791,333.35706,7.9837713,8.365143
-150.69727,332.94394,7.984569,8.3611555
-149.7861,332.53198,7.9853673,8.357072
-148.87444,332.12112,7.9861665,8.352876
-147.9623,331.71133,7.986966,8.348679
-147.04967,331.3026,7.9877653,8.344482
-146.1366,330.8949,7.9885645,8.340286
-145.22307,330.48822,7.9894557,8.336178
-144.30911,330.0825,7.9904566,8.332174
-143.39473,329.6777,7.991457,8.328172
-142.47998,329.27377,7.992458,8.324168
-141.56485,328.8707,7.9934587,8.320166
-140.64938,328.46838,7.994368,8.316069
-139.73358,328.06683,7.995169,8.311861
-138.81747,327.666,7.9959707,8.307654
-137.90108,327.26578,7.9967723,8.303447
-136.98442,326.8662,7.9975734,8.299239
-136.0675,326.46722,7.998375,8.295125
-135.15034,326.06876,7.9991765,8.291117
-134.23299,325.6708,7.999978,8.287109
-133.31543,325.2733,8.00078,8.283101
-132.39769,324.87616,8.001581,8.279093
-131.4798,324.47943,8.002479,8.274989
-130.56178,324.08298,8.003481,8.2707815
-129.64362,323.68686,8.004482,8.266574
-128.72536,323.29095,8.005485,8.262366
-127.80699,322.89532,8.006486,8.258159
-126.88853,322.4999,8.00739,8.25405
-125.96999,322.10464,8.008191,8.250044
-125.05139,321.70953,8.008992,8.246038
-124.13274,321.31458,8.009793,8.242033
-123.21403,320.9197,8.010594,8.238028
-122.295296,320.52493,8.011395,8.234023
-121.376526,320.13022,8.012197,8.230019
-120.457756,319.7355,8.012997,8.226014
-119.53898,319.34082,8.013798,8.222011
-118.62021,318.9461,8.014599,8.218006
-117.701454,318.55136,8.015499,8.213902
-116.78274,318.15652,8.0165,8.2097
-115.86406,317.7616,8.017501,8.205497
-114.945435,317.36655,8.018501,8.201293
-114.02688,316.97134,8.019503,8.19709
-113.10839,316.576,8.020402,8.192988
-112.189995,316.18042,8.021203,8.188986
-111.27169,315.78464,8.022003,8.184984
-110.35349,315.38858,8.022803,8.180982
-109.43541,314.99228,8.023604,8.17698
-108.51746,314.59567,8.024506,8.172877
-107.599655,314.19873,8.025506,8.168676
-106.682,313.80142,8.026506,8.1644745
-105.7645,313.40378,8.027507,8.160274
-104.84718,313.0057,8.028506,8.156072
-103.93005,312.6072,8.029406,8.151973
-103.013115,312.20825,8.030206,8.147972
-102.09638,311.80884,8.031006,8.143971
-101.17987,311.40894,8.031806,8.139971
-100.26359,311.00848,8.032606,8.13597
-99.34754,310.60748,8.033406,8.131867
-98.431755,310.2059,8.034206,8.127667
-97.51623,309.8037,8.0350065,8.123467
-96.60098,309.4009,8.035807,8.1192665
-95.68602,308.99747,8.036607,8.115067
-94.771355,308.59332,8.037508,8.110969
-93.857,308.18848,8.038508,8.106968
-92.94298,307.78293,8.039508,8.102968
-92.02928,307.37662,8.040508,8.0989685
-91.11593,306.9695,8.041508,8.094968
-90.20294,306.5616,8.042406,8.090968
-89.29031,306.1529,8.043206,8.086968
-88.378075,305.74332,8.044006,8.082969
-87.46623,305.33286,8.0448065,8.078969
-86.554794,304.9215,8.045607,8.074969
-85.64377,304.50925,8.032191,8.061831
-84.73318,304.096,8.004993,8.039833
-83.82303,303.68182,7.9777956,8.017835
-82.91334,303.2666,7.9505973,7.9958363
-82.00411,302.85037,7.9233994,7.973838
-81.095375,302.4331,7.882403,7.943012
-80.18712,302.01477,7.8280077,7.903616
-79.27936,301.59537,7.773612,7.864219
-78.37209,301.17487,7.719217,7.8248224
-77.465324,300.75333,7.664821,7.7854257
-76.55907,300.3307,7.6104255,7.74613
-75.653305,299.90698,7.55603,7.7069335
-74.748055,299.48218,7.501634,7.6677365
-73.843315,299.05627,7.4472384,7.6285396
-72.939095,298.6293,7.3928432,7.5893426
-72.03539,298.20123,7.3384466,7.550044
-71.13221,297.77203,7.28405,7.5106463
-70.22955,297.34177,7.2296534,7.471249
-69.32742,296.91037,7.1752567,7.4318514
-68.42583,296.47787,7.1208596,7.3924537
-67.524765,296.04425,7.066462,7.3531566
-66.624245,295.60953,7.0120635,7.313957
-65.724266,295.17368,6.9576645,7.2747583
-64.82483,294.7367,6.903266,7.2355595
-63.925945,294.29858,6.8488674,7.19636
-63.027615,293.85934,6.7944674,7.1571603
-62.129837,293.41898,6.740066,7.1179595
-61.232624,292.97745,6.6856647,7.0787582
-60.33597,292.5348,6.6312637,7.0395575
-59.439884,292.09097,6.5768623,7.0003567
-58.54437,291.64603,6.5225606,6.9610534
-57.64943,291.19992,6.468356,6.92165
-56.755066,290.75266,6.4141517,6.882247
-55.861282,290.30423,6.3599477,6.8428435
-54.968082,289.85464,6.305743,6.8034406
-54.075474,289.40387,6.263799,6.7649484
-53.18346,288.95197,6.2337947,6.7273426
-52.292038,288.49884,6.20379,6.6897373
-51.40122,288.04456,6.1737857,6.6521316
-50.510998,287.5891,6.1437817,6.6145263
-49.621387,287.13248,6.1183434,6.577122
-48.732388,286.67462,6.0973387,6.539914
-47.844006,286.2156,6.076334,6.502706
-46.956238,285.75537,6.0553293,6.465498
-46.06909,285.29398,6.0343246,6.42829
-45.182575,284.83133,6.0133195,6.3910804
-44.296688,284.36752,5.9923134,6.3538694
-43.411434,283.90247,5.9713073,6.3166585
-42.526817,283.43622,5.950301,6.2794476
-41.64284,282.96878,5.929295,6.2422366
-40.759514,282.5001,5.908288,6.2051263
-39.876835,282.03018,5.8872805,6.1681128
-38.99481,281.55905,5.8662724,6.131099
-38.11344,281.0867,5.845265,6.0940857
-37.232735,280.6131,5.824257,6.057072
-36.35269,280.13828,5.8058085,6.0228214
-35.47332,279.6622,5.789801,5.9912076
-34.594624,279.1849,5.773794,5.959594
-33.716602,278.70636,5.757787,5.92798
-32.839264,278.22656,5.7417803,5.8963656
-31.96261,277.74548,5.734,5.873595
-31.086647,277.26318,5.734,5.859188
-30.21138,276.77963,5.734,5.8447804
-29.33681,276.2948,5.734,5.8303733
-28.462942,275.8087,5.734,5.8159657
-27.58978,275.32132,5.7338967,5.8016615
-26.71733,274.8327,5.7336965,5.787453
-25.845594,274.3428,5.733496,5.773245
-24.974579,273.8516,5.7332964,5.759037
-24.104286,273.35913,5.733096,5.7448287
-23.234722,272.8654,5.732896,5.7305164
-22.36589,272.37036,5.732696,5.7161074
-21.497795,271.87402,5.732496,5.7016983
-20.630442,271.3764,5.7322955,5.687289
-19.763832,270.87747,5.7320957,5.67288
-18.897972,270.37726,5.732,5.658575
-18.032866,269.87573,5.732,5.644366
-17.168518,269.3729,5.732,5.6301565
-16.304934,268.86877,5.732,5.615947
-15.442117,268.3633,5.732,5.6017375
-14.580071,267.85657,5.7287374,5.5907903
-13.718802,267.34848,5.722533,5.5827847
-12.858314,266.83908,5.7163286,5.574779
-11.9986105,266.32834,5.7101245,5.5667734
-11.139697,265.81628,5.7039204,5.558768
-10.281577,265.3029,5.692631,5.5559535
-9.424256,264.78818,5.6768193,5.5577545
-8.5677395,264.27213,5.6610084,5.559556
-7.7120304,263.75473,5.6451974,5.5613575
-6.857134,263.236,5.629386,5.5631585
-6.003054,262.7159,5.613575,5.5650663
-5.149797,262.1945,5.597764,5.5670676
-4.297366,261.67172,5.581953,5.5690694
-3.4457667,261.14758,5.566142,5.5710707
-2.595003,260.6221,5.550331,5.573072
-1.74508,260.09528,5.534628,5.5750732
-0.89600223,259.56708,5.5190177,5.5770745
-0.047774695,259.0375,5.5034075,5.579076
0.7995978,258.50656,5.487797,5.581077
1.6461104,257.97424,5.4721866,5.583079
2.4917583,257.44058,5.456469,5.5850797
3.336537,256.90552,5.4406595,5.587081
4.1804414,256.3691,5.42485,5.5890822
5.023467,255.83128,5.4090405,5.5910835
5.86561,255.2921,5.393231,5.593085
6.7068653,254.75151,5.3766623,5.5910683
7.547228,254.20955,5.3594537,5.5856657
8.386691,253.6662,5.342245,5.580263
9.225249,253.12144,5.325036,5.57486
10.062897,252.5753,5.3078275,5.5694575
10.899628,252.02774,5.2900743,5.5613284
11.735438,251.47879,5.2718673,5.5509243
12.570329,250.92844,5.25366,5.54052
13.404299,250.3767,5.235453,5.530116
14.2373495,249.82355,5.217246,5.519712
15.069479,249.26903,5.1990404,5.5094185
15.900694,248.71313,5.180836,5.4992156
16.731003,248.1559,5.1626315,5.489013
17.560415,247.59732,5.1444273,5.478811
18.38894,247.03743,5.1262226,5.4686084
19.21659,246.47624,5.1079097,5.4584064
20.043371,245.91379,5.0895076,5.4482055
20.869293,245.35005,5.0711055,5.438004
21.694363,244.78508,5.0527034,5.427803
22.51859,244.21889,5.0343013,5.4176016
23.341982,243.65147,5.01601,5.4072914
24.164547,243.08286,4.99781,5.396891
24.986296,242.51306,4.9796095,5.3864913
25.807234,241.94211,4.9614096,5.376091
26.627375,241.37001,4.9432096,5.365691
27.446724,240.79677,4.92501,5.3554015
28.265291,240.22243,4.9068117,5.345202
29.083088,239.64697,4.8886127,5.335003
29.90012,239.07043,4.8704143,5.324804
30.716398,238.49284,4.852216,5.3146043
31.531933,237.91418,4.835334,5.3014436
32.346733,237.3345,4.8195357,5.2858453
33.160805,236.7538,4.803737,5.270247
33.97416,236.17209,4.787939,5.2546487
34.786808,235.58939,4.772141,5.2390504
35.598763,235.00572,4.7632465,5.2071238
36.410023,234.4211,4.760047,5.1617284
37.220608,233.83554,4.7568474,5.1163335
38.030525,233.24905,4.753648,5.070938
38.839783,232.66165,4.7504478,5.0255427
39.64839,232.07336,4.747248,4.980146
40.45636,231.48419,4.744048,4.9347477
41.2637,230.89417,4.7408485,4.8893495
42.07042,230.30328,4.7376485,4.8439507
42.876526,229.71158,4.7344484,4.7985525
43.682037,229.11905,4.731358,4.753151
44.486958,228.52573,4.728358,4.707747
45.291294,227.93161,4.7253575,4.6623425
46.095066,227.33673,4.7223573,4.6169386
46.898273,226.74109,4.719357,4.571534
47.700935,226.1447,4.720301,4.5409184
48.503056,225.54759,4.7245026,4.522513
49.304646,224.94978,4.7287035,4.5041075
50.10572,224.35127,4.732905,4.485702
50.906284,223.75209,4.7371063,4.4672966
51.706356,223.15224,4.748782,4.475706
52.505936,222.55173,4.766592,4.506124
53.30504,221.95059,4.7844024,4.5365415
54.103676,221.34883,4.8022127,4.566959
54.901848,220.74646,4.820023,4.5973763
55.69957,220.1435,4.8377266,4.6279106
56.496853,219.53995,4.855343,4.6585393
57.293713,218.93584,4.8729596,4.6891685
58.09017,218.33119,4.8905764,4.719797
58.886242,217.72604,4.9081926,4.750426
59.68194,217.1204,4.92269,4.780614
60.4773,216.51433,4.934705,4.8104506
61.272354,215.90784,4.9467196,4.840287
62.06714,215.30101,4.9587345,4.870124
62.8617,214.69388,4.9707494,4.899961
63.656067,214.0865,4.973746,4.9288936
64.450294,213.47893,4.9697413,4.957124
65.24445,212.87128,4.965737,4.9853554
66.038605,212.26361,4.9617324,5.013586
66.83282,211.65602,4.957728,5.041817
67.627144,211.04858,4.953725,5.069925
68.421585,210.4413,4.9497232,5.0979385
69.21607,209.83408,4.945721,5.1259527
70.010544,209.22684,4.941719,5.1539664
70.80494,208.61949,4.937717,5.18198
71.599174,208.01193,4.9318895,5.204048
72.39308,207.40395,4.92469,5.2216473
73.1864,206.7952,4.91749,5.2392464
73.97888,206.18535,4.9102902,5.256846
74.77024,205.57407,4.9030905,5.274445
75.56023,204.961,4.889612,5.27127
76.348564,204.34581,4.8714113,5.2524686
77.13498,203.72815,4.85321,5.233668
77.91918,203.10771,4.835009,5.2148666
78.7009,202.48413,4.8168077,5.1960654
79.479836,201.85709,4.7987165,5.177145
80.255844,201.22641,4.7807074,5.1581354
81.02885,200.59207,4.7626987,5.1391263
81.79878,199.954,4.7446895,5.1201167
82.56559,199.31218,4.7266808,5.101107
83.32921,198.66656,4.7086697,5.0820956
84.08967,198.01723,4.6906576,5.063083
84.84708,197.36435,4.6726456,5.0440702
85.60154,196.70805,4.6546335,5.025058
86.353165,196.04852,4.6366215,5.006045
87.10207,195.3859,4.618496,4.9871497
87.84835,194.7203,4.6002865,4.96834
88.59208,194.05188,4.582077,4.94953
89.33334,193.38072,4.5638676,4.9307203
90.07222,192.70692,4.545658,4.9119105
90.8088,192.03062,4.5346384,4.8993635
91.543144,191.3519,4.5288367,4.891361
92.27533,190.67084,4.5230355,4.8833594
93.00543,189.98755,4.517234,4.875357
93.73351,189.30211,4.5114326,4.8673553
94.45965,188.61461,4.511904,4.864697
95.1839,187.92513,4.5169044,4.865897
95.90635,187.23375,4.521905,4.8670974
96.62706,186.54056,4.526905,4.868297
97.3461,185.84564,4.5319057,4.8694973
98.06354,185.14906,4.5367904,4.870814
98.779434,184.45091,4.541591,4.872214
99.49384,183.75124,4.546392,4.8736143
100.20682,183.05008,4.5511928,4.8750143
100.9184,182.34753,4.5559936,4.876415
101.62866,181.64365,4.560795,4.8778152
102.337616,180.93845,4.5655966,4.8792157
103.045296,180.23195,4.5703983,4.880616
103.75172,179.5242,4.5752,4.8820167
104.45689,178.81522,4.580002,4.883417
105.16084,178.10503,4.5849204,4.8848176
105.863594,177.39363,4.589923,4.8862185
106.56517,176.68109,4.5949254,4.887619
107.2656,175.9674,4.599928,4.88902
107.964905,175.25264,4.60493,4.8904204
108.66312,174.53679,4.609815,4.891821
109.36025,173.8199,4.614618,4.893222
110.05634,173.10199,4.61942,4.894623
110.75141,172.38309,4.6242228,4.8960233
111.44548,171.66324,4.6290255,4.897424
112.13858,170.94244,4.6338277,4.8988247
112.830734,170.22073,4.63863,4.9002256
113.52197,169.49815,4.6434326,4.901626
114.21231,168.77472,4.648235,4.903027
114.90178,168.05045,4.6530375,4.9044275
115.59041,167.32538,4.6557097,4.9045267
116.27822,166.59953,4.6569104,4.9037266
116.96524,165.87294,4.658111,4.902926
117.65149,165.14563,4.659312,4.902126
118.33701,164.41762,4.660512,4.901325
119.02181,163.68893,4.6617126,4.900525
119.70593,162.95961,4.6629133,4.8997245
120.3894,162.22968,4.6641135,4.8989244
121.07222,161.49913,4.665314,4.8981237
121.75445,160.76804,4.6665144,4.8973236
122.43609,160.0364,4.6678343,4.8965235
123.11718,159.30424,4.6692348,4.895723
123.797745,158.57161,4.670635,4.8949227
124.47781,157.8385,4.6720357,4.8941226
125.15741,157.10497,4.673436,4.8933225
125.836555,156.371,4.674717,4.8926415
126.51529,155.63667,4.675917,4.892041
127.193634,154.90196,4.6771173,4.8914413
127.871605,154.16693,4.678318,4.890841
128.54926,153.43158,4.679518,4.890241
129.22658,152.69595,4.6807184,4.889521
129.90363,151.96005,4.6819186,4.888721
130.58043,151.22394,4.683119,4.887921
131.25699,150.4876,4.684319,4.8871207
131.93336,149.75108,4.685519,4.8863206
132.60954,149.01439,4.68672,4.88552
133.2856,148.27757,4.68792,4.88472
133.96152,147.54065,4.6891203,4.8839197
134.63736,146.80365,4.6903205,4.8831196
135.31313,146.06659,4.6915207,4.8823195
135.98888,145.3295,4.692721,4.8815193
136.66461,144.59239,4.693921,4.880719
137.34036,143.85532,4.6951213,4.879919
138.01614,143.11826,4.6963215,4.879119
138.69199,142.38126,4.6975217,4.878319
139.36792,141.64433,4.698842,4.8775187
140.04393,140.9075,4.7002425,4.8767185
140.72003,140.17073,4.7016425,4.8759184
141.39621,139.43404,4.703043,4.8751183
142.07246,138.69742,4.704443,4.874318
142.74878,137.96085,4.705723,4.8736386
143.42516,137.22433,4.706923,4.8730383
144.1016,136.48788,4.708123,4.8724384
144.77809,135.75148,4.7093234,4.871838
145.45465,135.01514,4.7105236,4.871238
146.13126,134.27884,4.7117243,4.8705173
146.80792,133.54259,4.7129245,4.869717
147.48462,132.8064,4.7141247,4.868917
148.16138,132.07022,4.715325,4.868117
148.83818,131.3341,4.716525,4.8673167
149.51501,130.59802,4.7177253,4.8665166
150.1919,129.86197,4.7189255,4.8657165
150.8688,129.12595,4.7201257,4.8649163
151.54575,128.38995,4.721326,4.864116
152.2227,127.653984,4.722526,4.863316
152.8997,126.91804,4.7237267,4.8625154
153.57672,126.18212,4.724927,4.8617153
154.25375,125.44621,4.726127,4.860915
154.9308,124.71033,4.7273273,4.860115
155.60788,123.97445,4.7285275,4.859315
156.28494,123.23858,4.7298493,4.858515
156.96204,122.50272,4.7312493,4.8577147
157.63913,121.76687,4.73265,4.8569145
158.31622,121.03102,4.7340503,4.8561144
158.99332,120.295166,4.7354503,4.8553143
159.67041,119.55931,4.736729,4.8546352
160.34749,118.823456,4.7379293,4.8540354
161.02457,118.087585,4.7391295,4.853435
161.70163,117.35171,4.74033,4.852835
162.37868,116.615814,4.7415304,4.852235
163.05571,115.879906,4.7427306,4.851513
163.73271,115.14398,4.743931,4.850713
164.40971,114.40803,4.745131,4.8499126
165.08667,113.67206,4.7463317,4.8491125
165.7636,112.93606,4.747532,4.8483124
166.4405,112.200035,4.748732,4.847512
167.11737,111.463974,4.7499323,4.8467116
167.7942,110.727875,4.7511325,4.8459115
168.471,109.991745,4.752333,4.8451114
169.14774,109.25558,4.7535334,4.844311
169.82443,108.51936,4.7547336,4.843511
170.50108,107.783104,4.755934,4.842711
171.17769,107.0468,4.757134,4.8419104
171.85423,106.31044,4.7583346,4.84111
172.53072,105.574036,4.759535,4.84031
173.20714,104.83757,4.7608576,4.8396325
173.8835,104.10104,4.762258,4.839032
174.5598,103.364456,4.7636585,4.8384323
175.23602,102.627815,4.7650585,4.837832
175.91219,101.891106,4.766459,4.8372316
176.58829,101.154335,4.7677364,4.8365088
177.2643,100.417496,4.768937,4.8357086
177.94026,99.6806,4.7701373,4.8349085
178.61615,98.94364,4.7713375,4.8341084
179.29198,98.20662,4.7725377,4.833308
179.96773,97.46954,4.7737384,4.8325076
180.64342,96.73241,4.7749386,4.8317075
181.31906,95.99522,4.776139,4.8309073
181.99463,95.257965,4.777339,4.830107
182.67014,94.52066,4.7785397,4.829307
183.34558,93.7833,4.77974,4.82863
184.02098,93.04588,4.78094,4.82803
184.6963,92.30842,4.7821407,4.82743
185.37158,91.57089,4.783341,4.8268294
186.0468,90.83332,4.784541,4.8262296
186.72195,90.095695,4.785618,4.8257527
187.39706,89.35802,4.786618,4.8253527
188.07211,88.62029,4.7876186,4.8249526
188.74712,87.88252,4.7886186,4.8245525
189.42206,87.1447,4.789619,4.8241525
190.09695,86.40683,4.7906194,4.8237524
190.77179,85.668915,4.79162,4.8233523
191.4466,84.930954,4.7926197,4.8229523
192.12134,84.19295,4.79362,4.8225517
192.79604,83.454895,4.7946205,4.8221517
193.47067,82.716805,4.795745,4.821876
194.14528,81.97867,4.796945,4.821676
194.81984,81.24049,4.7981453,4.821476
195.49435,80.50227,4.799346,4.8212757
196.16882,79.764015,4.800546,4.8210754
196.84325,79.02572,4.801622,4.820751
197.51762,78.287384,4.8026223,4.820351
198.19197,77.549,4.8036227,4.819951
198.86627,76.81059,4.804623,4.819551
199.54053,76.07215,4.805623,4.819151
200.21475,75.33367,4.8066235,4.8187504
200.88895,74.59515,4.807624,4.8183503
201.5631,73.8566,4.808624,4.8179502
202.2372,73.11802,4.809624,4.81755
202.91129,72.3794,4.8106246,4.81715
203.58533,71.640755,4.81175,4.81675
204.25934,70.90208,4.81295,4.81635
204.9333,70.163376,4.8141503,4.81595
205.60725,69.42464,4.815351,4.81555
206.28117,68.685875,4.816551,4.81515
206.95505,67.94708,4.817626,4.8147497
207.6289,67.20827,4.8186264,4.8143497
208.30273,66.46942,4.819627,4.813949
208.97653,65.73055,4.820627,4.813549
209.65031,64.99166,4.821627,4.813149
210.32405,64.25274,4.8226275,4.8128743
210.99777,63.5138,4.823628,4.8126745
211.67148,62.77484,4.824628,4.8124743
212.34515,62.035862,4.8256283,4.8122745
213.0188,61.29686,4.8266287,4.812074
213.69244,60.55784,4.827629,4.8117485
214.36604,59.818798,4.828629,4.8113484
215.03964,59.07974,4.8296294,4.8109484
215.71321,58.340664,4.83063,4.8105483
216.38676,57.60157,4.8316298,4.8101482
217.0603,56.862465,4.832756,4.809748
217.73383,56.123344,4.8339567,4.8093476
218.40733,55.38421,4.835157,4.8089476
219.08083,54.645058,4.836357,4.8085475
219.7543,53.9059,4.8375573,4.8081474
220.42776,53.166725,4.8386316,4.8077474
221.10123,52.427544,4.8396316,4.8073473
221.77467,51.688347,4.840632,4.806947
222.4481,50.949146,4.8416324,4.806547
223.12152,50.209934,4.8426323,4.806147
223.79494,49.47072,4.8436327,4.805747
224.46835,48.73149,4.844633,4.805347
225.14175,47.99226,4.845633,4.804947
225.81516,47.253025,4.8466334,4.804547
226.48854,46.513783,4.847634,4.804147
227.16193,45.77454,4.8487606,4.803873
227.83531,45.03529,4.849961,4.8036733
228.5087,44.29604,4.851161,4.803473
229.18207,43.55679,4.8523617,4.803273
229.85545,42.81754,4.853562,4.803073
230.52884,42.07829,4.854635,4.802746
231.20221,41.33904,4.855635,4.8023458
231.8756,40.59979,4.8566356,4.8019457
232.54898,39.860546,4.8576355,4.8015456
233.22238,39.121304,4.858636,4.8011456
233.89577,38.382065,4.8596363,4.8007455
234.56917,37.642834,4.860636,4.8003454
235.24257,36.903606,4.8616366,4.7999454
235.91599,36.164387,4.8626366,4.7995453
236.58942,35.425175,4.863637,4.799145
237.26285,34.685966,4.8646374,4.798745
237.93628,33.946774,4.8656373,4.798345
238.60974,33.20759,4.8666377,4.797945
239.2832,32.46841,4.8676376,4.797545
239.95668,31.729248,4.868638,4.797145
240.63016,30.990097,4.8697658,4.796745
241.30367,30.250957,4.870966,4.7963448
241.97719,29.511833,4.872166,4.7959447
242.65073,28.772722,4.8733664,4.7955446
243.32426,28.033627,4.8745666,4.7951446
243.99783,27.294548,4.875639,4.7948723
244.67143,26.555487,4.8766394,4.794672
245.34503,25.816442,4.8776393,4.794472
246.01866,25.077415,4.8786397,4.794272
246.6923,24.33841,4.8796396,4.794072
247.36598,23.599422,4.88064,4.793744
248.03967,22.860456,4.88164,4.793344
248.7134,22.121511,4.8826404,4.792944
249.38713,21.382591,4.8836403,4.792544
250.0609,20.643692,4.8846407,4.792144
250.7347,19.90482,4.885769,4.7917438
251.40852,19.165974,4.886969,4.7913437
252.08237,18.427155,4.8881693,4.7909436
252.75626,17.688364,4.8893695,4.7905436
253.43018,16.949602,4.8905697,4.7901435
254.10413,16.210875,4.8916416,4.7897434
254.77812,15.472178,4.8926415,4.7893434
255.45215,14.733517,4.893642,4.7889433
256.12622,13.99489,4.894642,4.788543
256.80032,13.256302,4.8956423,4.788143
257.47446,12.517751,4.896642,4.787743
258.14865,11.779239,4.8976426,4.787343
258.82288,11.040769,4.8986425,4.786943
259.49716,10.3023405,4.899643,4.786543
260.1715,9.563956,4.900643,4.786143
260.8459,8.825617,4.9016433,4.7858715
261.52032,8.087323,4.902643,4.785671
262.1948,7.3490777,4.9036436,4.7854714
262.86932,6.6108813,4.904644,4.785271
263.5439,5.872735,4.905644,4.7850714
264.21857,5.1346407,4.906773,4.7847424
264.89328,4.396599,4.9079733,4.7843423
265.56802,3.6586118,4.9091735,4.783942
266.24286,2.9206803,4.9103737,4.783542
266.91776,2.1828058,4.911574,4.783142
267.5927,1.4449896,4.9126453,4.782742
268.26773,0.7072332,4.9136457,4.782342
268.9428,-0.030462114,4.9146457,4.781942
269.61795,-0.7680951,4.915646,4.7815413
270.29318,-1.5056643,4.9166465,4.7811413
270.96848,-2.2431686,4.9176464,4.780741
271.64383,-2.9806063,4.918647,4.780341
272.31927,-3.7179763,4.919647,4.779941
272.99478,-4.455277,4.9206476,4.779541
273.67038,-5.192507,4.921648,4.779141
274.34607,-5.929664,4.9227777,4.778741
275.02182,-6.666748,4.9239783,4.7783403
275.69763,-7.403758,4.925179,4.7779403
276.37357,-8.140693,4.926379,4.77754
277.04956,-8.877552,4.92758,4.77714
277.72562,-9.614333,4.9286504,4.77687
278.4018,-10.351036,4.929651,4.77667
279.07806,-11.087656,4.930651,4.7764697
279.7544,-11.82419,4.9316516,4.77627
280.43085,-12.5606365,4.932652,4.7760696
281.1074,-13.29699,4.9336524,4.775739
281.78406,-14.033255,4.934653,4.7753386
282.4608,-14.769435,4.9356537,4.7749386
283.1376,-15.505537,4.936654,4.7745385
283.8145,-16.241566,4.9376545,4.774138
284.4915,-16.977526,4.9345937,4.7755723
285.16855,-17.713394,4.9293904,4.7779737
285.84576,-18.44913,4.924187,4.780375
286.5232,-19.18469,4.918984,4.782777
287.2008,-19.920038,4.9137807,4.785178
287.87875,-20.655128,4.90713,4.788369
288.557,-21.389904,4.8997245,4.7919717
289.2357,-22.12429,4.8923197,4.795574
289.91486,-22.85822,4.884915,4.7991767
290.5946,-23.591616,4.87751,4.8027787
291.27502,-24.324408,4.8701053,4.8062487
291.95615,-25.05653,4.862701,4.809651
292.63806,-25.787914,4.855296,4.813053
293.32083,-26.518496,4.847892,4.816455
294.00455,-27.248207,4.8404875,4.819857
294.68924,-27.976986,4.8330836,4.823392
295.375,-28.704762,4.8256803,4.8269935
296.0619,-29.431465,4.818277,4.830595
296.75,-30.15703,4.8108735,4.8341966
297.4394,-30.881386,4.8034706,4.837798
298.1301,-31.604462,4.7960687,4.8412657
298.82224,-32.32619,4.788668,4.844666
299.51584,-33.046505,4.781267,4.8480663
300.21097,-33.765327,4.7738667,4.8514667
300.9077,-34.48259,4.7664657,4.854867
301.60617,-35.198227,4.7642665,4.8462696
302.30634,-35.91216,4.7646666,4.8316765
303.0083,-36.624325,4.765066,4.817084
303.71213,-37.33465,4.765466,4.8024907
304.41788,-38.043056,4.765866,4.787898
305.1256,-38.749474,4.781929,4.737071
305.83557,-39.45367,4.805906,4.667938
306.54803,-40.155323,4.8298826,4.5988054
307.2633,-40.854115,4.8538594,4.529672
307.9817,-41.549713,4.877836,4.460539
308.7035,-42.241783,4.8980055,4.394256
309.42896,-42.92999,4.9162083,4.329445
310.1584,-43.61398,4.9344115,4.2646337
310.8921,-44.293404,4.952615,4.1998224
311.63034,-44.96789,4.9708176,4.135011
312.37338,-45.63709,4.9258876,4.117105
313.1215,-46.300602,4.848489,4.123321
313.87494,-46.958046,4.7710896,4.1295366
314.634,-47.60901,4.69369,4.1357527
315.39893,-48.253082,4.6162906,4.1419687
316.16992,-48.889847,4.5386276,4.1481953
316.94724,-49.518898,4.4608374,4.1544266
317.73108,-50.13982,4.383047,4.160658
318.52158,-50.752205,4.305258,4.1668887
319.31897,-51.35562,4.2274704,4.17312
320.12335,-51.94963,4.221558,4.1775284
320.935,-52.533726,4.246703,4.1811495
321.75406,-53.107346,4.2718487,4.18477
322.58078,-53.66992,4.296995,4.188391
323.41525,-54.220863,4.3221426,4.192013
324.25766,-54.759644,4.353665,4.195335
325.10764,-55.28639,4.3875756,4.1985455
325.96466,-55.801598,4.421485,4.201756
326.8282,-56.305786,4.4553933,4.204966
327.69778,-56.79949,4.489302,4.2081766
328.57294,-57.28327,4.5230865,4.2115235
329.4531,-57.757835,4.5568295,4.2149177
330.33777,-58.223988,4.590572,4.218312
331.22638,-58.68255,4.6243143,4.2217064
332.11847,-59.134342,4.658057,4.2251005
333.01355,-59.580208,4.673286,4.2382793
333.91113,-60.020927,4.6818385,4.2549872
334.81088,-60.45726,4.6903915,4.271695
335.71237,-60.88998,4.698944,4.2884026
336.61523,-61.31986,4.707497,4.3051105
337.51907,-61.74767,4.692564,4.334467
338.4235,-62.17418,4.6679134,4.369057
339.32822,-62.60015,4.643263,4.4036474
340.2328,-63.026352,4.6186123,4.4382377
341.13693,-63.45355,4.5939617,4.472828
342.0402,-63.882504,4.5692544,4.5074983
342.94226,-64.31406,4.5445194,4.542207
343.84265,-64.74908,4.5197845,4.5769157
344.7409,-65.18842,4.4950495,4.6116242
345.63663,-65.632965,4.4703145,4.6463327
346.52933,-66.083534,4.4456043,4.681327
347.41864,-66.54078,4.420907,4.716466
348.3042,-67.00521,4.3962092,4.751605
349.1857,-67.47735,4.3715105,4.786745
350.06274,-67.95768,4.346811,4.821887
350.935,-68.44663,4.3443837,4.821818
351.8027,-68.94366,4.3522577,4.8054647
352.66635,-69.44767,4.3601313,4.789112
353.52655,-69.957565,4.3680043,4.77276
354.38388,-70.472275,4.375878,4.7564077
355.23895,-70.99072,4.3899274,4.7306485
356.0924,-71.51182,4.4062567,4.701417
356.94492,-72.03446,4.4225864,4.6721845
357.79715,-72.557556,4.438916,4.6429524
358.64978,-73.08,4.455246,4.61372
359.50342,-73.600784,4.4713287,4.584809
360.35837,-74.11944,4.4873366,4.5559936
361.21472,-74.635765,4.503345,4.527179
362.0726,-75.149574,4.5193534,4.4983635
362.93207,-75.66069,4.5353622,4.469548
363.79318,-76.16902,4.5514293,4.44075
364.6555,-76.67533,4.567514,4.411957
365.5183,-77.18079,4.583598,4.383164
366.38092,-77.68659,4.5996823,4.354371
367.24265,-78.19391,4.615766,4.325579
368.10278,-78.70391,4.6135654,4.3234105
368.96063,-79.217705,4.6048326,4.3307543
369.81558,-79.73635,4.5960994,4.3380985
370.66693,-80.260895,4.5873656,4.3454423
371.51395,-80.79238,4.5786324,4.3527865
372.35596,-81.331795,4.5635896,4.369502
373.19244,-81.87969,4.5458255,4.39026
374.0231,-82.43641,4.5280614,4.4110184
374.84756,-83.00226,4.510297,4.4317765
375.66547,-83.57755,4.4925323,4.452535
376.47647,-84.162544,4.4657116,4.483053
377.2804,-84.75719,4.434795,4.517985
378.07733,-85.36121,4.4038787,4.552916
378.86725,-85.97437,4.3729634,4.5878468
379.65018,-86.596405,4.3420477,4.6227775
380.42618,-87.22707,4.2998133,4.66989
381.19522,-87.866196,4.2528954,4.7220435
381.9573,-88.51364,4.2059774,4.774197
382.71234,-89.16926,4.159059,4.8263507
383.46033,-89.83291,4.11214,4.878505
384.20123,-90.50445,4.131068,4.862575
384.9351,-91.18372,4.1729813,4.8228784
385.66183,-91.87055,4.214894,4.783182
386.38156,-92.564766,4.256807,4.743486
387.09427,-93.26618,4.29872,4.7037897
387.79996,-93.97465,4.3393407,4.665383
388.4987,-94.68999,4.379595,4.627343
389.19046,-95.41205,4.4198484,4.589303
389.87534,-96.140656,4.4601026,4.5512633
390.5533,-96.87567,4.500356,4.513223
391.2245,-97.61693,4.4993806,4.5173845
391.8889,-98.36427,4.4887404,4.5314374
392.5465,-99.11755,4.4781003,4.5454903
393.19748,-99.87661,4.46746,4.559543
393.84183,-100.641304,4.4568205,4.5735955
394.47958,-101.41148,4.449029,4.586283
395.11084,-102.18701,4.441826,4.598689
395.73563,-102.96776,4.4346223,4.611095
396.354,-103.75359,4.427419,4.623501
396.96603,-104.544395,4.4202156,4.635906
397.57175,-105.340034,4.436083,4.6375027
398.1712,-106.140396,4.456634,4.636904
398.76447,-106.945366,4.4771852,4.6363053
399.35156,-107.75483,4.4977365,4.635707
399.9326,-108.56867,4.5182877,4.635108
400.50757,-109.38679,4.5388074,4.6345105
401.0766,-110.209076,4.5593204,4.633913
401.63968,-111.03543,4.5798335,4.6333156
402.19687,-111.86576,4.6003466,4.632718
402.7483,-112.69996,4.6208596,4.6321206
403.2939,-113.53793,4.626589,4.634701
403.83386,-114.37959,4.628579,4.6380844
404.36816,-115.22485,4.6305695,4.641468
404.89685,-116.07363,4.63256,4.6448517
405.41998,-116.925835,4.63455,4.6482353
405.93762,-117.78139,4.6212773,4.654859
406.44986,-118.640205,4.6035466,4.6624293
406.95667,-119.502205,4.5858164,4.6699996
407.4582,-120.367325,4.568086,4.67757
407.9544,-121.23547,4.5503554,4.68514
408.44543,-122.10658,4.532593,4.692574
408.93124,-122.9806,4.514819,4.6999626
409.41187,-123.85748,4.497046,4.7073517
409.8873,-124.7372,4.4792724,4.7147408
410.35754,-125.619705,4.4614987,4.72213
410.82257,-126.50495,4.4445896,4.7290835
411.28244,-127.392914,4.4279733,4.7358904
411.73706,-128.28355,4.411357,4.7426972
412.1865,-129.17683,4.3947406,4.7495036
412.6307,-130.07271,4.378124,4.7563105
413.06967,-130.97118,4.3649526,4.761016
413.50342,-131.87218,4.3529186,4.765027
413.93192,-132.77568,4.3408847,4.7690387
414.3552,-133.68164,4.3288503,4.77305
414.77322,-134.59003,4.3168163,4.7770615
415.18604,-135.50081,4.3047705,4.7812304
415.59357,-136.41396,4.2927213,4.7854476
415.9959,-137.3294,4.280672,4.7896647
416.39297,-138.24716,4.2686224,4.793882
416.78485,-139.16714,4.256573,4.7980995
417.17145,-140.08936,4.2445173,4.8021607
417.55283,-141.01373,4.2324595,4.80618
417.929,-141.94025,4.220402,4.8101993
418.29993,-142.86887,4.208344,4.8142185
418.66565,-143.79956,4.196286,4.818238
419.02612,-144.73228,4.1876473,4.814765
419.3814,-145.667,4.179808,4.809539
419.7315,-146.6037,4.1719694,4.8043127
420.0764,-147.5423,4.16413,4.799087
420.41608,-148.4828,4.1562915,4.793861
420.75058,-149.42516,4.156007,4.7721887
421.0799,-150.36934,4.1572127,4.747272
421.40408,-151.31529,4.158418,4.722356
421.72308,-152.26302,4.159624,4.6974397
422.03693,-153.21245,4.1608295,4.6725235
422.34564,-154.16356,4.1620345,4.6477957
422.64923,-155.11633,4.163239,4.6230993
422.9477,-156.07071,4.164444,4.5984025
423.24106,-157.02669,4.1656485,4.5737057
423.52933,-157.98419,4.1668534,4.5490093
423.8125,-158.94322,4.1680565,4.524338
424.09064,-159.90373,4.16926,4.49967
424.36368,-160.8657,4.170463,4.4750023
424.63168,-161.82909,4.1716666,4.4503345
424.89462,-162.79385,4.17287,4.4256663
425.15256,-163.75998,4.17425,4.4037113
425.4055,-164.72743,4.175652,4.382085
425.65344,-165.69617,4.1770535,4.360459
425.89642,-166.66617,4.1784554,4.3388324
426.13446,-167.63739,4.179857,4.3172064
426.36758,-168.6098,4.183769,4.312487
426.59576,-169.58337,4.1879663,4.309689
426.81903,-170.5581,4.1921635,4.306891
427.03732,-171.53395,4.1963606,4.304093
427.25067,-172.5109,4.200558,4.301295
427.45905,-173.4889,4.204569,4.2983236
427.6626,-174.46793,4.2085576,4.295332
427.86154,-175.4479,4.2125463,4.2923403
428.05603,-176.42877,4.216535,4.2893486
428.24628,-177.41048,4.220524,4.286357
428.43246,-178.39296,4.2245054,4.283546
428.61487,-179.37614,4.2284865,4.2807593
428.7938,-180.35997,4.232467,4.277973
428.9696,-181.34438,4.236448,4.2751865
429.14255,-182.32927,4.240429,4.2724
429.313,-183.31459,4.2444053,4.2696166
429.4812,-184.30032,4.2483807,4.2668333
429.64743,-185.28636,4.2523565,4.2640505
429.812,-186.27269,4.2563324,4.2612677
429.9752,-187.25926,4.260308,4.2584844
430.13727,-188.246,4.263462,4.271787
430.29852,-189.23288,4.266443,4.2884808
430.45926,-190.21985,4.269424,4.305174
430.61972,-191.20685,4.2724047,4.321867
430.78024,-192.19385,4.275386,4.3385606
430.9411,-193.1808,4.2774215,4.3708987
431.10257,-194.16763,4.2792115,4.407297
431.26495,-195.15433,4.2810016,4.4436955
431.42853,-196.14082,4.2827916,4.480094
431.5936,-197.12708,4.2845817,4.5164924
431.76044,-198.11302,4.2857637,4.5453095
431.92935,-199.09862,4.28676,4.5718145
432.10062,-200.08382,4.2877564,4.598319
432.27454,-201.06854,4.2887526,4.624824
432.4514,-202.05275,4.289749,4.6513286
432.63147,-203.03636,4.2870092,4.637961
432.81506,-204.01932,4.2830124,4.6111817
433.0025,-205.00157,4.279015,4.5844026
433.19406,-205.98302,4.275018,4.557623
433.39005,-206.9636,4.2710214,4.5308437
433.59073,-207.9432,4.2671638,4.5039983
433.79645,-208.92178,4.2633543,4.4771295
434.00745,-209.89923,4.2595444,4.450261
434.2241,-210.87544,4.255735,4.423393
434.44662,-211.85034,4.251925,4.396524
434.67535,-212.82379,4.2490196,4.3679132
434.91058,-213.7957,4.2464046,4.3387437
435.15262,-214.76593,4.243789,4.309574
435.40176,-215.73436,4.241174,4.2804046
435.6583,-216.70085,4.238559,4.251235
435.92255,-217.66527,4.238317,4.2180433
436.19476,-218.62747,4.2387204,4.1837587
436.47525,-219.5873,4.239124,4.149474
436.76422,-220.54459,4.239527,4.11519
437.062,-221.49918,4.2399306,4.080906
437.36887,-222.4509,4.2413363,4.054284
437.68506,-223.39955,4.2429514,4.029257
438.01093,-224.34492,4.244566,4.0042295
438.34677,-225.2868,4.2461805,3.979202
438.69287,-226.22496,4.247795,3.9541743
439.04947,-227.15918,4.250815,3.9399166
439.41647,-228.08936,4.2540383,3.9272237
439.7936,-229.01547,4.257262,3.914531
440.18063,-229.9375,4.2604856,3.901838
440.57733,-230.85541,4.263709,3.8891451
440.98343,-231.7692,4.3098483,3.8905573
441.39865,-232.67888,4.360244,3.8933682
441.82257,-233.58453,4.41064,3.8961792
442.2549,-234.48619,4.4610353,3.89899
442.69534,-235.38394,4.511431,3.9018009
443.1435,-236.27786,4.537491,3.9142678
443.5991,-237.168,4.5616965,3.9274707
444.06186,-238.05444,4.5859017,3.9406736
444.5315,-238.93727,4.610107,3.9538765
445.0077,-239.81656,4.634312,3.9670794
445.49023,-240.6924,4.6122503,3.9930484
445.9788,-241.5649,4.5867205,4.019974
446.4731,-242.43413,4.561191,4.0469003
446.97293,-243.30022,4.535661,4.0738263
447.478,-244.16327,4.5101314,4.1007524
447.98804,-245.02338,4.484637,4.1278234
448.50278,-245.88066,4.459145,4.154908
449.02203,-246.73526,4.433654,4.181993
449.54547,-247.58728,4.408162,4.2090774
450.0729,-248.43683,4.382671,4.236162
450.60406,-249.28407,4.3639455,4.2495246
451.13873,-250.12909,4.346012,4.261281
451.6767,-250.972,4.3280787,4.2730374
452.21777,-251.81294,4.3101454,4.284794
452.76172,-252.65202,4.292212,4.29655
453.30835,-253.48936,4.2758217,4.3053517
453.85754,-254.32501,4.2596483,4.313738
454.40918,-255.15906,4.243475,4.322124
454.96317,-255.99153,4.2273016,4.33051
455.5194,-256.8225,4.211128,4.3388968
456.07782,-257.65204,4.1949315,4.347295
456.63824,-258.4802,4.1787314,4.355695
457.20062,-259.30707,4.162532,4.3640947
457.76477,-260.13266,4.146332,4.3724947
458.33066,-260.95712,4.1301317,4.3808947
458.8981,-261.7805,4.1245227,4.3816524
459.467,-262.60284,4.120518,4.381252
460.0373,-263.42426,4.116514,4.3808513
460.60883,-264.24478,4.11251,4.380451
461.18152,-265.06454,4.1085057,4.3800507
461.75522,-265.88354,4.1115007,4.374574
462.32986,-266.70193,4.115507,4.3683643
462.9053,-267.5197,4.1195135,4.362154
463.48145,-268.337,4.12352,4.3559437
464.05823,-269.1539,4.1275268,4.349734
464.63547,-269.9704,4.1315336,4.3436995
465.2131,-270.78668,4.1355405,4.337689
465.791,-271.60275,4.139548,4.3316784
466.36902,-272.41873,4.1435547,4.325668
466.94705,-273.23468,4.147562,4.319657
467.525,-274.05075,4.151568,4.3134694
468.10275,-274.86688,4.1555743,4.30726
468.68036,-275.68317,4.15958,4.3010507
469.2577,-276.49963,4.1635866,4.294841
469.83478,-277.31628,4.1675925,4.2886314
470.41156,-278.13315,4.171417,4.2824244
470.98804,-278.95023,4.175222,4.276217
471.5642,-279.7675,4.179026,4.27001
472.14014,-280.58496,4.1828303,4.263803
472.71582,-281.4026,4.1866345,4.257596
473.29126,-282.2204,4.190619,4.251391
473.86646,-283.03836,4.194622,4.245186
474.44144,-283.85648,4.198625,4.2389812
475.0162,-284.67477,4.202628,4.232776
475.59076,-285.4932,4.2066317,4.226571
476.16507,-286.3118,4.2106338,4.220368
476.7392,-287.13052,4.2146354,4.2141647
477.3131,-287.9494,4.2186375,4.207962
477.8868,-288.7684,4.2226396,4.201759
478.46033,-289.58755,4.2266417,4.1955557
479.0337,-290.40683,4.2304606,4.189354
479.60687,-291.22623,4.2342615,4.1831527
480.17987,-292.04575,4.2380624,4.176951
480.7527,-292.86536,4.2418633,4.170749
481.32538,-293.6851,4.245664,4.164548
481.89792,-294.50494,4.2496467,4.1585298
482.4703,-295.3249,4.253647,4.1525297
483.04254,-296.14493,4.257647,4.146529
483.61465,-296.96506,4.261647,4.140529
484.18665,-297.78528,4.2656474,4.1345286
484.75848,-298.6056,4.2681885,4.1323586
485.33026,-299.426,4.270588,4.130559
485.9019,-300.24643,4.272988,4.128759
486.47342,-301.067,4.275388,4.1269593
487.0449,-301.88757,4.277787,4.1251593
487.61624,-302.70825,4.2790933,4.1268225
488.1875,-303.52896,4.2802935,4.128822
488.7587,-304.34973,4.281493,4.1308217
489.32983,-305.17056,4.282693,4.132821
489.90088,-305.99142,4.2838926,4.134821
490.4719,-306.81232,4.2850924,4.1370025
491.04285,-307.63327,4.286292,4.139202
491.61374,-308.45425,4.287492,4.1414013
492.1846,-309.27527,4.2886915,4.143601
492.75543,-310.09628,4.2898912,4.1458
493.32623,-310.91733,4.291091,4.148
493.897,-311.7384,4.2922907,4.1501994
494.46777,-312.55948,4.2934904,4.1523986
495.03854,-313.38055,4.29469,4.154598
495.60928,-314.20163,4.2958894,4.1567974
496.18002,-315.0227,4.296908,4.158997
496.7508,-315.84378,4.297908,4.1611967
497.3216,-316.66483,4.2989073,4.1633964
497.8924,-317.48587,4.299907,4.165596
498.46323,-318.30692,4.300907,4.1677957
499.0341,-319.1279,4.3020883,4.1699953
499.605,-319.94888,4.3032885,4.172195
500.17593,-320.76984,4.304488,4.174395
500.74692,-321.59076,4.305688,4.1765947
501.31796,-322.41165,4.306888,4.1787944
501.88904,-323.2325,4.308088,4.1809945
502.46014,-324.05334,4.309288,4.1831946
503.03128,-324.87415,4.310488,4.185395
503.60248,-325.69492,4.311688,4.187595
504.1737,-326.51566,4.312888,4.1897945
504.74496,-327.3364,4.3139067,4.1918135
505.31625,-328.1571,4.314907,4.193814
505.8876,-328.97775,4.315907,4.195814
506.45898,-329.7984,4.316907,4.1978145
507.0304,-330.61902,4.3179073,4.199815
507.60187,-331.4396,4.319089,4.2019963
508.17337,-332.2602,4.320289,4.204197
508.7449,-333.08072,4.3214893,4.2063975
509.31647,-333.90125,4.3226895,4.2085977
509.88806,-334.7217,4.3238897,4.2107983
510.45972,-335.54218,4.3250904,4.212999
511.03137,-336.3626,4.3262906,4.2151995
511.6031,-337.18304,4.327491,4.2174
512.17487,-338.00342,4.3286915,4.2196007
512.74664,-338.8238,4.3298917,4.2218013
513.3185,-339.64413,4.33091,4.224002
513.8903,-340.46445,4.33191,4.2262025
514.4622,-341.28473,4.3329105,4.2284036
515.0341,-342.10498,4.333911,4.230604
515.6061,-342.92523,4.3349113,4.232805
516.1781,-343.74545,4.336094,4.235006
516.7501,-344.56564,4.3372946,4.2372065
517.32214,-345.3858,4.3384953,4.2394075
517.8942,-346.20596,4.3396955,4.2416086
518.4664,-347.0261,4.340896,4.243809
519.0385,-347.8462,4.3420963,4.2460103
519.6107,-348.66626,4.343297,4.2482114
520.1829,-349.48633,4.3444977,4.250412
520.7552,-350.30637,4.345698,4.252613
521.3275,-351.12637,4.3468986,4.254814
521.8998,-351.94635,4.347916,4.257015
522.47217,-352.76633,4.3489165,4.2592163
523.04456,-353.58627,4.349917,4.261417
523.61694,-354.40622,4.3509173,4.263618
524.1894,-355.2261,4.3519177,4.265819
524.76184,-356.046,4.3531017,4.2678366
525.33435,-356.86584,4.3543024,4.2698374
525.9069,-357.6857,4.355503,4.2718387
526.47943,-358.50552,4.3567038,4.2738395
527.05206,-359.32532,4.3579044,4.2758403
527.62463,-360.1451,4.3591046,4.2780256
528.1973,-360.96487,4.3603053,4.2802267
528.76996,-361.7846,4.361506,4.282428
529.3427,-362.60434,4.3627067,4.284629
529.9154,-363.42404,4.3639073,4.28683
530.48816,-364.2437,4.364923,4.289031
531.061,-365.0634,4.365924,4.291232
531.6338,-365.88303,4.3669243,4.293433
532.2066,-366.70264,4.3679247,4.2956343
532.7795,-367.52225,4.368925,4.2978354
533.35236,-368.34183,4.370111,4.3000364
533.9253,-369.1614,4.371311,4.3022375
534.4982,-369.98096,4.372512,4.3044386
535.0712,-370.8005,4.3737125,4.3066397
535.6442,-371.62003,4.374913,4.3088408
536.2172,-372.4395,4.376114,4.311042
536.7903,-373.259,4.377314,4.313243
537.36334,-374.07846,4.378515,4.315444
537.93646,-374.89792,4.3797154,4.3176446
538.5096,-375.71735,4.380916,4.3198457
539.0827,-376.53674,4.3821163,4.3220468
539.6559,-377.35614,4.383317,4.324248
540.22906,-378.17554,4.384517,4.3264484
540.8023,-378.9949,4.385718,4.3286495
541.37555,-379.81424,4.3869185,4.3308506
541.9488,-380.63358,4.3879323,4.333051
542.5221,-381.45288,4.3889327,4.3352523
543.0954,-382.2722,4.389933,4.337453
543.6687,-383.0915,4.3909335,4.339654
544.24207,-383.91077,4.391934,4.3418546
544.8154,-384.73,4.3931212,4.3438687
545.3888,-385.54926,4.3943214,4.345869
545.9622,-386.36847,4.395522,4.34787
546.53564,-387.18768,4.3967223,4.3498707
547.1091,-388.0069,4.3979225,4.351871
547.68256,-388.82608,4.399123,4.3540587
548.25604,-389.64523,4.4003234,4.3562593
548.8296,-390.46442,4.4015236,4.35846
549.4031,-391.28354,4.402724,4.3606606
549.9766,-392.10266,4.4039245,4.362861
550.55023,-392.92178,4.4049373,4.3650618
551.1238,-393.7409,4.405937,4.367262
551.6974,-394.56,4.4069376,4.3694625
552.271,-395.37906,4.4079375,4.3716626
552.84467,-396.19812,4.408938,4.373863
553.41833,-397.01718,4.4101257,4.3760633
553.992,-397.83624,4.4113255,4.3782635
554.5657,-398.65527,4.4125257,4.380464
555.1394,-399.47427,4.413726,4.382664
555.71313,-400.29327,4.414926,4.3848643
556.28687,-401.11227,4.416126,4.3870645
556.8606,-401.93127,4.417326,4.3892646
557.4344,-402.75024,4.418526,4.391464
558.0082,-403.5692,4.419726,4.3936644
558.582,-404.38815,4.420926,4.3958645
559.1558,-405.2071,4.4219384,4.398064
559.7297,-406.02603,4.4229383,4.400264
560.3035,-406.84494,4.423938,4.4024634
560.8774,-407.66385,4.4249377,4.4046636
561.45123,-408.48276,4.4259377,4.406863
562.0251,-409.30167,4.425625,4.4085
562.599,-410.12057,4.4252253,4.4101
563.1728,-410.93948,4.424825,4.4116993
563.74664,-411.75842,4.424425,4.413299
564.3204,-412.5774,4.424025,4.414899
564.8941,-413.39642,4.420067,4.4151874
565.4678,-414.21548,4.415868,4.415387
566.0413,-415.0346,4.411669,4.4155874
566.61475,-415.85382,4.40747,4.415787
567.1881,-416.67307,4.403271,4.415987
567.76135,-417.49243,4.3992596,4.416187
568.3345,-418.31186,4.3952603,4.416387
568.9074,-419.1314,4.3912616,4.416587
569.4802,-419.95108,4.387263,4.4167867
570.05286,-420.77084,4.3832636,4.416987
570.6253,-421.59073,4.379265,4.4173737
571.1976,-422.41077,4.3752656,4.4177732
571.76965,-423.23093,4.3712664,4.4181733
572.3415,-424.05127,4.367267,4.4185734
572.9131,-424.87173,4.3632684,4.418973
573.48444,-425.69238,4.3592687,4.4191866
574.05554,-426.5132,4.3552694,4.4193864
574.6264,-427.33423,4.3512697,4.4195867
575.19696,-428.15543,4.3472705,4.4197865
575.7673,-428.97684,4.343271,4.4199862
576.3372,-429.79846,4.3390846,4.420373
576.9069,-430.6203,4.3348846,4.420773
577.47626,-431.44238,4.330684,4.421173
578.0452,-432.26468,4.326484,4.4215727
578.6139,-433.08722,4.322284,4.4219728
579.1821,-433.91,4.31827,4.4221864
579.75006,-434.73306,4.314269,4.4223866
580.31757,-435.5564,4.3102684,4.4225864
580.88464,-436.38,4.3062677,4.4227867
581.45135,-437.2039,4.302267,4.4229865
582.01764,-438.02808,4.2982655,4.423187
582.58344,-438.85257,4.294264,4.423387
583.1488,-439.67737,4.2902617,4.423587
583.71375,-440.50247,4.28626,4.423787
584.27814,-441.3279,4.2822585,4.423987
584.8421,-442.1537,4.278256,4.4243746
585.4055,-442.9798,4.274253,4.4247746
585.96844,-443.80627,4.2702503,4.425175
586.5309,-444.6331,4.2662477,4.4255753
587.0927,-445.4603,4.2622447,4.4259753
587.654,-446.28787,4.258053,4.426188
588.2147,-447.1158,4.2538486,4.4263883
588.7749,-447.94415,4.2496448,4.4265885
589.3345,-448.77292,4.2454405,4.4267883
589.89343,-449.60208,4.241236,4.4269886
590.4518,-450.43164,4.23722,4.427378
591.00946,-451.26163,4.2332144,4.4277787
591.5665,-452.09207,4.229209,4.4281793
592.123,-452.9229,4.2252035,4.42858
592.6787,-453.75424,4.2211986,4.4289804
593.23376,-454.586,4.213574,4.451659
593.788,-455.4183,4.205761,4.475499
594.3415,-456.25116,4.1979475,4.499339
594.894,-457.08463,4.1901345,4.523179
595.44543,-457.9188,4.1823215,4.547019
595.9958,-458.75366,4.1727777,4.581239
596.5449,-459.58936,4.1631594,4.6159053
597.0928,-460.42587,4.153541,4.6505713
597.6393,-461.2633,4.143923,4.685237
598.1843,-462.1017,4.1343045,4.719903
598.7277,-462.9411,4.133224,4.7353597
599.26953,-463.78156,4.1324224,4.7501884
599.80963,-464.62314,4.131621,4.765017
600.3479,-465.46588,4.1308193,4.7798457
600.8842,-466.30984,4.1300178,4.7946744
601.4185,-467.1551,4.1437163,4.7750134
601.95074,-468.00168,4.1577406,4.754578
602.4808,-468.8496,4.1717644,4.7341433
603.00854,-469.69897,4.1857886,4.713708
603.53394,-470.54977,4.199813,4.693273
604.0569,-471.40213,4.2140265,4.6728497
604.5772,-472.256,4.2282424,4.6524262
605.095,-473.1115,4.242459,4.632003
605.6099,-473.9687,4.2566752,4.6115794
606.1221,-474.82758,4.270891,4.591156
606.6312,-475.6882,4.2850933,4.5707536
607.1374,-476.5506,4.299295,4.550351
607.64044,-477.4148,4.3134966,4.5299487
608.1404,-478.28082,4.327698,4.5095463
608.63715,-479.14865,4.3419,4.489144
609.1307,-480.01834,4.3550935,4.478089
609.62103,-480.88986,4.36828,4.4671
610.1081,-481.76318,4.3814664,4.4561114
610.592,-482.63828,4.394653,4.4451227
611.07263,-483.51514,4.4078393,4.434134
611.5501,-484.39374,4.42003,4.432225
612.0244,-485.27405,4.432209,4.430428
612.49554,-486.15607,4.444388,4.4286313
612.96344,-487.03983,4.4565663,4.4268346
613.4282,-487.92523,4.468745,4.4250374
613.8897,-488.81232,4.481117,4.4234366
614.348,-489.70105,4.493492,4.4218397
614.80316,-490.59143,4.5058675,4.420243
615.2551,-491.48346,4.518243,4.418646
615.70386,-492.37708,4.530618,4.4170494
616.1494,-493.2723,4.5428033,4.415452
616.59174,-494.16913,4.5549817,4.413855
617.0309,-495.0675,4.5671606,4.4122577
617.4668,-495.96744,4.5793395,4.4106603
617.89954,-496.86893,4.591518,4.4090633
618.32904,-497.77197,4.603897,4.407273
618.7553,-498.6765,4.616285,4.4054747
619.1784,-499.58258,4.628672,4.4036765
619.59827,-500.4901,4.64106,4.4018784
620.01495,-501.39914,4.653447,4.40008
620.4284,-502.3096,4.630881,4.419871
620.8388,-503.2215,4.606682,4.4406705
621.24603,-504.13477,4.5824823,4.4614697
621.65027,-505.0494,4.5582833,4.482269
622.05145,-505.96533,4.5340843,4.503068
622.44977,-506.88257,4.508148,4.5248375
622.84515,-507.80103,4.482131,4.546652
623.23773,-508.72073,4.4561133,4.568466
623.6275,-509.6416,4.430096,4.590281
624.0145,-510.56363,4.4040785,4.6120954
624.39886,-511.4868,4.378243,4.633727
624.7805,-512.4111,4.3524146,4.6553507
625.15967,-513.33636,4.3265867,4.676974
625.5362,-514.2627,4.300759,4.6985974
625.9103,-515.19006,4.2749305,4.720221
626.2819,-516.1184,4.249098,4.7420416
626.6512,-517.0477,4.2232647,4.7638693
627.01807,-517.9779,4.1974316,4.7856975
627.38275,-518.90906,4.1715984,4.8075256
627.7451,-519.841,4.1457653,4.8293533
628.1054,-520.77386,4.133729,4.838356
628.4635,-521.70746,4.1221137,4.8469677
628.8196,-522.6419,4.1104984,4.855579
629.1736,-523.5771,4.098883,4.86419
629.5257,-524.51306,4.087268,4.8728013
629.87585,-525.4497,4.1051936,4.854415
630.2242,-526.387,4.123817,4.8353915
630.57074,-527.325,4.14244,4.816368
630.9155,-528.2637,4.1610627,4.7973447
631.2586,-529.20294,4.1796856,4.778321
631.6001,-530.1428,4.198306,4.759497
631.93994,-531.08325,4.2169266,4.7406764
632.2783,-532.02423,4.2355466,4.721856
632.61523,-532.9657,4.254167,4.7030354
632.9507,-533.9077,4.272787,4.684215
633.2848,-534.8502,4.2912064,4.6653976
633.6176,-535.79315,4.3096232,4.6465807
633.94916,-536.7366,4.32804,4.6277633
634.27954,-537.68036,4.346457,4.608946
634.60876,-538.6246,4.364874,4.590129
634.93695,-539.5692,4.3799086,4.5764832
635.26404,-540.51416,4.3949194,4.562873
635.5902,-541.4594,4.4099307,4.549263
635.91547,-542.405,4.424942,4.5356526
636.2398,-543.3509,4.439953,4.5220428
636.56335,-544.29706,4.4437904,4.524793
636.88617,-545.2435,4.4475927,4.5275946
637.2083,-546.1902,4.451395,4.5303965
637.5298,-547.137,4.4551973,4.533198
637.8507,-548.0841,4.4589996,4.536
638.1711,-549.0314,4.4628015,4.538801
638.49097,-549.9788,4.4666033,4.5416026
638.8105,-550.92633,4.470405,4.544404
639.1296,-551.874,4.4742074,4.5472054
639.4484,-552.82184,4.478009,4.550007
639.76697,-553.76965,4.481811,4.552808
640.08527,-554.71765,4.4856124,4.555609
640.4034,-555.66565,4.489414,4.5584106
640.72125,-556.6138,4.493216,4.561212
641.0389,-557.56195,4.497018,4.564013
641.35626,-558.5102,4.500819,4.5668144
641.67346,-559.4585,4.504621,4.5696154
641.9904,-560.4069,4.5084224,4.572417
642.3072,-561.3554,4.512224,4.5752177
642.6237,-562.30396,4.516026,4.578019
642.94006,-563.2525,4.5198274,4.58082
643.2563,-564.2012,4.5236287,4.583621
643.57227,-565.1499,4.52743,4.5864224
643.88806,-566.0987,4.531232,4.5892234
644.2037,-567.04755,4.535033,4.592023
644.5191,-567.99646,4.5388346,4.5946236
644.8344,-568.94543,4.542636,4.5972247
645.14954,-569.8945,4.5464373,4.5998254
645.46454,-570.8435,4.5502386,4.6024265
645.77936,-571.7926,4.55404,4.6050296
646.094,-572.7418,4.5578413,4.6078305
646.4085,-573.691,4.5616426,4.6106315
646.72296,-574.64026,4.5654435,4.6134324
647.0372,-575.58954,4.569245,4.6162333
647.3513,-576.5389,4.573046,4.6190343
647.66534,-577.4883,4.5768476,4.6218348
647.97925,-578.4377,4.5806484,4.6246357
648.293,-579.38715,4.58445,4.6274366
648.60675,-580.3367,4.588251,4.6302376
648.9203,-581.2862,4.592052,4.6330385
649.2338,-582.2357,4.5958533,4.635839
649.5472,-583.1853,4.599654,4.63864
649.86053,-584.13495,4.603455,4.641441
650.17377,-585.0846,4.6072564,4.6442413
650.48694,-586.03424,4.6110573,4.6470423
650.8,-586.98395,4.6148586,4.649843
651.11304,-587.93365,4.6186595,4.6526437
651.426,-588.88336,4.6224604,4.6554446
651.73895,-589.8331,4.626261,4.658245
652.0518,-590.7829,4.6300626,4.661046
652.3646,-591.73267,4.6338634,4.6638465
652.67737,-592.68243,4.6376643,4.6666474
652.9901,-593.63226,4.641465,4.669448
653.30286,-594.58203,4.645266,4.672249
653.61554,-595.53186,4.6490674,4.6750493
653.9282,-596.4817,4.6528683,4.6778502
654.2409,-597.4315,4.656669,4.6806507
654.5535,-598.38135,4.66047,4.6834517
654.8662,-599.3312,4.664271,4.686252
655.17883,-600.281,4.6680717,4.689053
655.4915,-601.23083,4.6718726,4.6918535
655.8042,-602.18066,4.6756735,4.694654
656.1169,-603.1305,4.6794744,4.697455
656.4296,-604.0803,4.683275,4.7002554
656.7424,-605.0301,4.687076,4.703052
657.0551,-605.9799,4.690877,4.7056527
657.3679,-606.9297,4.694678,4.7082534
657.6807,-607.87946,4.6984787,4.710854
657.9936,-608.8292,4.7022796,4.7134547
658.30646,-609.779,4.7060804,4.716059
658.6193,-610.72876,4.7098813,4.71886
658.93225,-611.67847,4.713682,4.7216606
659.24524,-612.62823,4.717483,4.724461
659.5582,-613.57794,4.721284,4.727262
659.8712,-614.52765,4.725054,4.73004
660.18427,-615.47736,4.727454,4.7318406
660.4973,-616.42706,4.7298546,4.733641
660.81036,-617.3768,4.732255,4.735441
661.1235,-618.3264,4.734656,4.7372417
661.4366,-619.2761,4.7370143,4.739014
661.74976,-620.22577,4.737614,4.739614
662.0629,-621.1754,4.7382145,4.7402143
662.37616,-622.12506,4.7388144,4.7408147
662.6894,-623.0747,4.7394147,4.7414145
663.0026,-624.02435,4.7400146,4.742015
663.3159,-624.974,4.740615,4.7426147
663.6292,-625.9236,4.7412148,4.743215
663.9425,-626.8732,4.741815,4.743815
664.25586,-627.8228,4.7424154,4.7444153
664.5692,-628.7724,4.7430153,4.745015
664.88257,-629.72205,4.7436156,4.7456155
665.196,-630.67163,4.7442155,4.746216
665.50946,-631.62115,4.744816,4.7468157
665.8229,-632.57074,4.7454157,4.747416
666.13635,-633.5203,4.7460213,4.748016
666.4499,-634.46985,4.7468214,4.748616
666.76337,-635.41943,4.7476215,4.749216
667.0769,-636.36896,4.7484217,4.7498164
667.3905,-637.3185,4.749222,4.7504163
667.70404,-638.268,4.7500167,4.7510166
668.01764,-639.2175,4.7506166,4.751617
668.3313,-640.16705,4.751217,4.752217
668.6449,-641.1165,4.751817,4.752817
668.95856,-642.06604,4.752417,4.753417
669.2723,-643.01556,4.7530174,4.7540174
669.58594,-643.965,4.7536173,4.754617
669.89966,-644.9145,4.7542176,4.7552176
670.21344,-645.86395,4.7548175,4.7558174
670.52716,-646.8135,4.755418,4.7564178
670.84094,-647.7629,4.7560177,4.757018
671.1547,-648.71234,4.756618,4.757618
671.46857,-649.6618,4.7572184,4.7582183
671.7824,-650.61127,4.757818,4.758818
672.09625,-651.56067,4.7584186,4.7594185
672.4101,-652.51013,4.7590184,4.7600183
672.724,-653.45953,4.7596188,4.7606187
673.0379,-654.409,4.7602186,4.7612185
673.3518,-655.3584,4.760819,4.761819
673.6658,-656.3078,4.761419,4.7624187
673.97974,-657.2572,4.762019,4.763019
674.2937,-658.2066,4.762619,4.7636194
674.60767,-659.156,4.7632194,4.7642193
674.9217,-660.10535,4.7638197,4.7648196
675.2357,-661.05475,4.7644196,4.7654195
675.54974,-662.00415,4.76502,4.76602
675.8638,-662.9535,4.7656198,4.7666197
676.17786,-663.90283,4.76622,4.76722
676.49194,-664.85223,4.76682,4.76782
676.806,-665.8016,4.7674203,4.76842
677.1201,-666.7509,4.76802,4.76902
677.43427,-667.70026,4.7686205,4.7696204
677.7484,-668.6496,4.7692204,4.7702208
678.06256,-669.59894,4.7698207,4.7708206
678.3768,-670.5483,4.7704206,4.771421
678.6909,-671.4976,4.771021,4.772021
679.0051,-672.4469,4.771621,4.772621
679.31934,-673.39624,4.772221,4.773221
679.63354,-674.3456,4.7728214,4.7738214
679.9478,-675.29486,4.7734213,4.774421
680.262,-676.2442,4.7740216,4.7750216
680.5763,-677.1935,4.7746215,4.7756214
680.89056,-678.14276,4.775222,4.7762218
681.2049,-679.09204,4.7758217,4.7768216
681.51917,-680.0413,4.776422,4.777422
681.8335,-680.9906,4.777022,4.7780223
682.1478,-681.9399,4.777622,4.778622
682.46216,-682.88916,4.778222,4.7792225
682.7765,-683.83844,4.7788224,4.7798223
683.0909,-684.7877,4.7794228,4.7804227
683.4053,-685.737,4.7800303,4.7810225
683.7196,-686.6863,4.7808304,4.781623
684.034,-687.6355,4.7816305,4.7822227
684.34845,-688.5848,4.7824306,4.782823
684.66284,-689.534,4.783231,4.783423
684.97723,-690.4833,4.7840233,4.7840233
685.2917,-691.4325,4.784623,4.784623
685.60614,-692.3818,4.7852235,4.7852235
685.9206,-693.331,4.7858233,4.7858233
686.23505,-694.2802,4.7864237,4.7864237
686.5495,-695.22943,4.787024,4.787024
686.864,-696.17865,4.787624,4.787624
687.1785,-697.1279,4.788224,4.788224
687.493,-698.07715,4.788824,4.788824
687.8075,-699.02637,4.7894244,4.7894244
688.122,-699.9756,4.7900243,4.7900243
688.4365,-700.9248,4.7906246,4.7906246
688.7511,-701.87396,4.7912245,4.7912245
689.0656,-702.8232,4.791825,4.791825
689.3802,-703.7724,4.7924247,4.7924247
689.6947,-704.7216,4.793025,4.793025
690.0093,-705.67084,4.793625,4.793625
690.32385,-706.62,4.794225,4.794225
690.6384,-707.5692,4.7948256,4.7948256
690.953,-708.5184,4.7954254,4.7954254
691.2676,-709.4676,4.7960258,4.7960258
691.58215,-710.4168,4.7966256,4.7966256
691.8968,-711.36597,4.797226,4.797226
692.21136,-712.3152,4.797826,4.797826
692.526,-713.26434,4.798426,4.798426
692.84064,-714.21356,4.799026,4.799026
693.1552,-715.1627,4.7996264,4.7996264
693.46985,-716.1119,4.800226,4.800226
693.7845,-717.0611,4.8008265,4.8008265
694.0991,-718.01025,4.8014264,4.8014264
694.41376,-718.9594,4.8020267,4.8020267
694.7284,-719.90857,4.8026266,4.8026266
695.043,-720.8578,4.803227,4.803227
695.3577,-721.80695,4.8038273,4.8038273
695.67236,-722.7561,4.804427,4.804427
695.987,-723.70526,4.8050275,4.8050275
696.3017,-724.6545,4.8056273,4.8056273
696.61633,-725.60364,4.8062277,4.8062277
696.931,-726.5528,4.8068275,4.8068275
697.24567,-727.50195,4.807428,4.807428
697.56036,-728.4511,4.8080277,4.8080277
697.87506,-729.40027,4.808628,4.808628
698.1897,-730.3494,4.809228,4.809228
698.5044,-731.2986,4.8098283,4.8098283
698.8191,-732.24774,4.810428,4.810428
699.1338,-733.1969,4.811038,4.8110285
699.4484,-734.1461,4.811838,4.811629
699.7631,-735.0953,4.8126383,4.8122287
700.0778,-736.04443,4.8134384,4.812829
700.3925,-736.9936,4.8142385,4.813429
700.7072,-737.94275,4.815029,4.814029
701.0219,-738.8919,4.815629,4.814629
701.33655,-739.84106,4.8162293,4.8152294
701.65125,-740.7902,4.816829,4.8158293
701.96594,-741.7394,4.8174295,4.8164296
702.28064,-742.68854,4.81803,4.8170295
702.59534,-743.6377,4.8186297,4.81763
702.91003,-744.58685,4.81923,4.81823
703.2247,-745.536,4.81983,4.81883
703.53937,-746.48517,4.8204303,4.8194304
703.85406,-747.4343,4.82103,4.82003
704.16876,-748.3835,4.8216305,4.8206306
704.4834,-749.33264,4.8222303,4.8212304
704.7981,-750.2818,4.8228307,4.8218307
705.1128,-751.23096,4.823431,4.8224306
705.4274,-752.1802,4.824031,4.823031
705.7421,-753.12933,4.824631,4.823631
706.05676,-754.0785,4.825231,4.824231
706.37146,-755.02765,4.8258314,4.8248315
706.6861,-755.9768,4.8264313,4.8254313
707.0008,-756.92596,4.8270316,4.8260317
707.3154,-757.8752,4.8276315,4.8266315
707.63007,-758.82434,4.828232,4.827232
707.94476,-759.7735,4.8288317,4.8278317
708.2594,-760.72266,4.829432,4.828432
708.57404,-761.6719,4.8300323,4.829032
708.8887,-762.62103,4.830632,4.8296323
709.2033,-763.5702,4.8312325,4.8302326
709.5179,-764.5194,4.8318324,4.8308325
709.8325,-765.46857,4.8324327,4.831433
710.14716,-766.4177,4.8330326,4.8320327
710.46173,-767.36694,4.833633,4.832633
710.77637,-768.3161,4.834233,4.833233
711.09094,-769.2653,4.834833,4.833833
711.4056,-770.2145,4.8354335,4.834433
711.72015,-771.1637,4.8360333,4.8350334
712.0347,-772.1129,4.8366337,4.8356338
712.3493,-773.0621,4.8372335,4.8362336
712.6639,-774.0113,4.837834,4.836834
712.97845,-774.9605,4.8384337,4.837434
713.29297,-775.90967,4.839034,4.838034
713.60754,-776.8589,4.8396344,4.838634
713.92206,-777.8081,4.8402343,4.8392344
714.2366,-778.7573,4.8408346,4.8398347
714.5511,-779.70654,4.8414345,4.8404346
714.86566,-780.65576,4.8420463,4.841035
715.1801,-781.605,4.8428464,4.8416348
715.4946,-782.5542,4.8436465,4.842235
715.80914,-783.5034,4.8444467,4.842835
716.1236,-784.45264,4.8452473,4.8434353
716.43805,-785.40186,4.8460355,4.8440356
716.75256,-786.35114,4.8466353,4.8446355
717.067,-787.30035,4.8472357,4.845236
717.3814,-788.2496,4.847836,4.8458357
717.69586,-789.19885,4.848436,4.846436
718.0103,-790.1481,4.849036,4.847036
718.3247,-791.09735,4.849636,4.847636
718.6391,-792.0466,4.8502364,4.8482366
718.9535,-792.99585,4.8508363,4.8488364
719.2679,-793.9451,4.8514366,4.8494368
719.5823,-794.89435,4.852037,4.8500366
719.8966,-795.8436,4.852637,4.850637
720.21094,-796.7929,4.853237,4.8512373
720.5253,-797.7422,4.853837,4.851837
720.8396,-798.69147,4.8544374,4.8524375
721.15393,-799.64075,4.8550377,4.8530374
721.46826,-800.59,4.8556376,4.8536377
721.78253,-801.5393,4.856238,4.8542376
722.0968,-802.48865,4.8568377,4.854838
722.4111,-803.4379,4.857438,4.855438
722.72534,-804.3872,4.8580384,4.856038
723.03955,-805.33655,4.8586383,4.8566384
723.35376,-806.2859,4.8592386,4.8572383
723.66797,-807.23517,4.8598385,4.8578386
723.9822,-808.1845,4.860439,4.858439
724.2964,-809.13385,4.861039,4.859039
724.61053,-810.0831,4.861639,4.859639
724.9247,-811.0325,4.8622394,4.860239
725.23883,-811.9818,4.862839,4.8608394
725.553,-812.93115,4.8634396,4.8614397
725.86707,-813.88055,4.86404,4.8620396
726.1812,-814.8299,4.8646398,4.86264
726.49524,-815.77924,4.86524,4.86324
726.8093,-816.72864,4.86584,4.86384
727.1234,-817.678,4.8664403,4.8644404
727.43744,-818.6274,4.8670406,4.8650403
727.75146,-819.5767,4.8676405,4.8656406
728.0655,-820.5261,4.868241,4.866241
728.37946,-821.4755,4.8688407,4.866841
728.6935,-822.42487,4.869441,4.867441
729.00745,-823.37427,4.8700414,4.868041
729.3214,-824.32367,4.870641,4.8686414
729.6354,-825.2731,4.8712416,4.8692417
729.9493,-826.2225,4.871842,4.8698416
730.26324,-827.17194,4.872442,4.870442
730.57715,-828.12134,4.873042,4.871042
730.891,-829.07074,4.873642,4.871642
731.2049,-830.0202,4.8742423,4.8722425
731.5188,-830.9696,4.8748426,4.8728423
731.83264,-831.91907,4.8754425,4.8734426
732.1465,-832.86847,4.876057,4.874043
732.4603,-833.81793,4.8768573,4.874643
732.7741,-834.7674,4.8776574,4.875243
733.08795,-835.7168,4.8784575,4.875843
733.40173,-836.66626,4.879258,4.8764434
733.7155,-837.6157,4.8800435,4.8770437
734.0293,-838.5652,4.880644,4.8776436
734.343,-839.51465,4.8812437,4.878244
734.6568,-840.4641,4.881844,4.8788443
734.9705,-841.41364,4.8824444,4.879444
735.28424,-842.3631,4.8830442,4.8800445
735.59796,-843.31256,4.8836446,4.880645
735.9117,-844.2621,4.884245,4.8812447
736.22534,-845.21155,4.884845,4.881845
736.53906,-846.1611,4.885445,4.882445
736.8527,-847.11053,4.8860455,4.883045
737.1664,-848.06006,4.8866453,4.8836455
737.48,-849.0096,4.8872457,4.8842454
737.79364,-849.95905,4.8878455,4.8848457
738.10724,-850.90857,4.888446,4.885446
738.42084,-851.8581,4.889046,4.886046
738.73444,-852.8076,4.889646,4.8866463
739.04803,-853.75714,4.8902464,4.8872466
739.36163,-854.70667,4.8908467,4.8878465
739.6752,-855.6562,4.8914466,4.888447
739.9888,-856.6057,4.892047,4.889047
740.3023,-857.55524,4.8926473,4.889647
740.61584,-858.5048,4.893247,4.8902473
740.9294,-859.45435,4.8938475,4.8908477
741.24286,-860.4039,4.894448,4.8914475
741.5564,-861.35345,4.8950477,4.892048
741.8699,-862.303,4.895648,4.8926477
742.18335,-863.25256,4.8962483,4.893248
742.4968,-864.20215,4.896848,4.8938484
742.8103,-865.1517,4.8974485,4.8944483
743.1237,-866.10126,4.8980327,4.895016
743.4372,-867.05084,4.8984327,4.8952165
743.7506,-868.0004,4.898833,4.8954163
744.064,-868.94995,4.899233,4.8956165
744.37744,-869.89954,4.899633,4.8958163
744.69086,-870.8491,4.900033,4.8959837
745.0043,-871.7987,4.900433,4.8957834
745.3177,-872.7483,4.900833,4.895583
745.63104,-873.69794,4.901233,4.8953834
745.9444,-874.6475,4.9016333,4.895183
746.25775,-875.5971,4.9020166,4.8949833
746.5711,-876.5467,4.902217,4.894783
746.88446,-877.49634,4.9024167,4.894583
747.1978,-878.4459,4.902617,4.894383
747.5111,-879.3955,4.9028172,4.894183
747.82446,-880.34515,4.903017,4.893983
748.13776,-881.29474,4.9032173,4.8937826
748.45105,-882.2444,4.903417,4.893583
748.76434,-883.194,4.9036174,4.8933825
749.07764,-884.1436,4.903817,4.8931828
749.3909,-885.09326,4.9040174,4.893
749.70416,-886.0429,4.9042172,4.893
750.01746,-886.9925,4.9044175,4.893
750.3307,-887.94214,4.904618,4.893
750.6439,-888.8918,4.9048176,4.893
750.95715,-889.84143,4.9050355,4.8929825
751.2704,-890.7911,4.9054356,4.892782
751.5836,-891.7407,4.9058356,4.8925824
751.89685,-892.69037,4.9062357,4.892382
752.21,-893.64,4.9066358,4.892182
752.52325,-894.58966,4.907018,4.891982
752.8364,-895.5393,4.907218,4.891782
753.1496,-896.48895,4.9074183,4.891582
753.46277,-897.4386,4.907618,4.8913817
753.77594,-898.3883,4.9078183,4.891182
754.0891,-899.33795,4.908018,4.8909817
754.4023,-900.2876,4.9082184,4.890782
754.71545,-901.2373,4.908418,4.8905816
755.02856,-902.18695,4.9086185,4.8903813
755.3417,-903.13666,4.9088187,4.8901815
755.65485,-904.0863,4.9090185,4.8899813
755.96796,-905.036,4.909219,4.8897815
756.28107,-905.98566,4.9094186,4.889581
756.5942,-906.93536,4.909619,4.8893814
756.9073,-907.885,4.9098186,4.889181
757.2204,-908.8347,4.910019,4.8889813
757.5335,-909.7844,4.9102187,4.888781
757.84656,-910.7341,4.910419,4.888581
758.15967,-911.6838,4.9106193,4.888381
758.4727,-912.6335,4.910819,4.8881807
758.78577,-913.5832,4.9110384,4.887981
759.0989,-914.5329,4.9114385,4.8877807
759.4119,-915.48254,4.9118385,4.887581
759.725,-916.43225,4.9122386,4.8873806
760.038,-917.38196,4.9126387,4.887181
760.3511,-918.33167,4.9130197,4.8869805
760.66406,-919.2814,4.9132195,4.8867803
760.9771,-920.2311,4.9134197,4.8865805
761.29016,-921.1808,4.9136195,4.88638
761.60315,-922.1305,4.91382,4.8861804
761.9162,-923.0802,4.9140196,4.88598
762.2292,-924.0299,4.91422,4.8857803
762.5422,-924.9797,4.91442,4.88558
762.85516,-925.9294,4.91462,4.8853803
763.1682,-926.8791,4.91482,4.88518
763.4812,-927.8288,4.91502,4.8849797
763.7942,-928.7785,4.9152203,4.88478
764.1071,-929.7283,4.91542,4.8845797
764.4201,-930.678,4.9156203,4.88438
764.7331,-931.6277,4.91582,4.8841796
765.0461,-932.57745,4.916041,4.884
765.359,-933.52716,4.916441,4.884
765.672,-934.47687,4.916841,4.884
765.985,-935.42664,4.917241,4.884
766.2979,-936.37634,4.917641,4.884
766.61084,-937.3261,4.9180207,4.8839793
766.9238,-938.2758,4.9182205,4.883779
767.23676,-939.2256,4.918421,4.8835793
767.5497,-940.1753,4.918621,4.883379
767.8626,-941.12506,4.918821,4.883179
768.17554,-942.07477,4.919021,4.882979
768.48846,-943.02454,4.919221,4.882779
768.8014,-943.97424,4.919421,4.882579
769.1143,-944.924,4.919621,4.882379
769.42725,-945.8737,4.9198213,4.882179
769.7402,-946.8235,4.920021,4.8819785
770.0531,-947.77325,4.9202213,4.8817787
770.366,-948.72296,4.9204216,4.8815784
770.6789,-949.6727,4.9206214,4.8813787
770.9918,-950.6225,4.9208217,4.8811784
771.30475,-951.5722,4.9210434,4.8809786
771.6176,-952.522,4.9214435,4.8807783
771.93054,-953.47174,4.9218435,4.8805785
772.2434,-954.4215,4.9222436,4.8803782
772.55634,-955.3712,4.9226437,4.880178
772.8692,-956.321,4.923022,4.879978
773.1821,-957.27075,4.923222,4.879778
773.495,-958.2205,4.923422,4.879578
773.80786,-959.1702,4.923622,4.879378
774.1208,-960.12,4.923822,4.879178
774.43365,-961.06976,4.924022,4.878978
774.7465,-962.01953,4.9242225,4.878778
775.0594,-962.9693,4.9244223,4.8785777
775.3723,-963.919,4.9246225,4.8783774
775.6852,-964.8688,4.9248223,4.8781776
775.99805,-965.81854,4.9250226,4.8779774
776.3109,-966.7683,4.9252224,4.8777776
776.6238,-967.7181,4.9254227,4.8775773
776.93665,-968.66785,4.9256225,4.8773775
777.2496,-969.6176,4.9258227,4.8771772
777.56244,-970.5673,4.9260454,4.8769774
777.8753,-971.5171,4.9264455,4.876777
778.1882,-972.46686,4.9268456,4.876577
778.50104,-973.4166,4.927246,4.876377
778.8139,-974.3664,4.927646,4.876177
779.1268,-975.31616,4.928023,4.875977
779.43964,-976.2659,4.928223,4.875777
779.7525,-977.2157,4.928423,4.875577
780.06537,-978.1654,4.928623,4.8753767
780.37823,-979.1152,4.9288235,4.875177
780.6911,-980.06494,4.9290233,4.875
781.00397,-981.0147,4.9292235,4.875
781.31683,-981.9645,4.9294233,4.875
781.6297,-982.91425,4.9296236,4.875
781.94257,-983.864,4.9298234,4.875
782.25543,-984.8138,4.9300237,4.874976
782.5683,-985.76355,4.9302235,4.8747764
782.88116,-986.7133,4.9304237,4.874576
783.19403,-987.663,4.930624,4.8743763
783.5069,-988.6128,4.930824,4.874176
783.81976,-989.56256,4.931024,4.873976
784.1326,-990.5123,4.931224,4.873776
784.4455,-991.4621,4.931424,4.873576
784.75836,-992.41187,4.931624,4.873376
785.0712,-993.36163,4.931824,4.873176
785.38416,-994.31134,4.9320483,4.872976
785.697,-995.2611,4.9324484,4.8727756
786.0099,-996.2109,4.9328485,4.8725758
786.32275,-997.16064,4.9332485,4.8723755
786.6356,-998.1104,4.9336486,4.8721757
786.94855,-999.0602,4.9340243,4.8719754
787.2614,-1000.0099,4.9342246,4.8717756
787.5743,-1000.95966,4.9344244,4.8715754
787.8872,-1001.9094,4.9346247,4.8713756
788.2001,-1002.8592,4.9348245,4.8711753
788.51294,-1003.80896,4.9350247,4.8709755
788.82587,-1004.75867,4.935225,4.870775
789.13873,-1005.70844,4.935425,4.870575
789.45166,-1006.6582,4.935625,4.870375
789.7645,-1007.608,4.935825,4.870175
790.07745,-1008.5577,4.936025,4.869975
790.3903,-1009.50745,4.936225,4.869775
790.70325,-1010.4572,4.936425,4.869575
791.0162,-1011.4069,4.936625,4.8693748
791.32904,-1012.3567,4.9368253,4.869175
791.64197,-1013.30646,4.9370503,4.8689747
791.9549,-1014.25616,4.937451,4.868775
792.2678,-1015.20593,4.937851,4.8685746
792.58075,-1016.15564,4.938251,4.8683743
792.8937,-1017.1054,4.938651,4.8681746
793.2066,-1018.0552,4.9390254,4.8679743
793.51953,-1019.0049,4.9392257,4.8677745
793.83246,-1019.95465,4.9394255,4.867574
794.1454,-1020.90436,4.9396257,4.8673744
794.4584,-1021.8541,4.9398255,4.867174
794.7713,-1022.80383,4.940026,4.8669744
795.0842,-1023.7536,4.940226,4.866774
795.3972,-1024.7032,4.940426,4.8665743
795.71014,-1025.6531,4.940626,4.866374
796.02313,-1026.6028,4.940826,4.866174
796.33606,-1027.5525,4.941026,4.866
796.64905,-1028.5022,4.941226,4.866
796.96204,-1029.4519,4.9414263,4.866
797.27496,-1030.4017,4.941626,4.866
797.58795,-1031.3514,4.9418263,4.866
797.90094,-1032.3011,4.9420524,4.8659735
798.2139,-1033.2509,4.942453,4.8657737
798.5269,-1034.2006,4.942853,4.8655734
798.83997,-1035.1503,4.943253,4.8653736
799.15295,-1036.1,4.943653,4.8651733
799.46594,-1037.0497,4.9440265,4.8649735
799.779,-1037.9994,4.9442267,4.8647733
800.092,-1038.9491,4.9444265,4.8645735
800.405,-1039.8988,4.944627,4.864373
800.718,-1040.8485,4.9448266,4.8641734
801.03107,-1041.7982,4.945027,4.863973
801.3441,-1042.7479,4.9452267,4.8637733
801.65717,-1043.6976,4.945427,4.863573
801.9702,-1044.6473,4.9456267,4.8633733
802.28326,-1045.597,4.945827,4.863173
802.5963,-1046.5468,4.946027,4.8629727
802.90936,-1047.4965,4.946227,4.862773
803.2225,-1048.4462,4.9464273,4.8625727
803.5355,-1049.3959,4.946627,4.862373
803.84863,-1050.3456,4.9468274,4.8621726
804.1617,-1051.2953,4.9470544,4.861973
804.4748,-1052.2449,4.9474545,4.8617725
804.7879,-1053.1946,4.9478545,4.8615727
805.101,-1054.1443,4.9482546,4.8613725
805.4141,-1055.094,4.9486547,4.8611727
805.72723,-1056.0437,4.9490275,4.8609724
806.04034,-1056.9933,4.9492273,4.8607726
806.3535,-1057.943,4.9494276,4.8605723
806.6666,-1058.8927,4.9496274,4.8603725
806.9798,-1059.8423,4.9498277,4.8601723
807.29297,-1060.792,4.9500275,4.8599725
807.6061,-1061.7417,4.9502277,4.859772
807.91925,-1062.6913,4.950428,4.8595724
808.2324,-1063.641,4.950628,4.859372
808.5456,-1064.5907,4.950828,4.8591723
808.8588,-1065.5403,4.951028,4.858972
809.172,-1066.49,4.951228,4.8587723
809.4852,-1067.4396,4.951428,4.858572
809.7984,-1068.3893,4.951628,4.8583717
810.11163,-1069.3389,4.951828,4.858172
810.42487,-1070.2886,4.9520283,4.8579717
810.7381,-1071.2382,4.952228,4.857772
811.05133,-1072.1879,4.9524283,4.8575716
811.36456,-1073.1375,4.952628,4.857372
811.67786,-1074.087,4.9528284,4.8571715
811.9911,-1075.0367,4.953057,4.8569717
812.3044,-1075.9863,4.953457,4.8567715
812.6177,-1076.936,4.953857,4.8565717
812.93097,-1077.8856,4.954257,4.8563714
813.24426,-1078.8352,4.954657,4.8561716
813.55756,-1079.7848,4.9550285,4.856
813.87085,-1080.7345,4.9552283,4.856
814.1842,-1081.6841,4.9554286,4.856
814.4975,-1082.6337,4.955629,4.856
814.81085,-1083.5833,4.9558287,4.856
815.1242,-1084.5328,4.956029,4.8559713
815.43756,-1085.4824,4.9562287,4.855771
815.7509,-1086.4321,4.956429,4.8555713
816.06433,-1087.3817,4.956629,4.855371
816.3777,-1088.3313,4.956829,4.855171
816.6911,-1089.2809,4.957029,4.854971
817.00446,-1090.2305,4.957229,4.854771
817.3179,-1091.18,4.957429,4.854571
817.63135,-1092.1296,4.957629,4.854371
817.94476,-1093.0792,4.957829,4.854171
818.2582,-1094.0287,4.9580584,4.853971
818.57166,-1094.9783,4.9584584,4.8537707
818.8851,-1095.9279,4.9588585,4.853571
819.19855,-1096.8774,4.9592586,4.8533707
819.512,-1097.827,4.9596586,4.853171
819.82556,-1098.7766,4.960029,4.8529706
820.13904,-1099.7261,4.9602294,4.852771
820.4526,-1100.6757,4.960429,4.8525705
820.76605,-1101.6252,4.9606295,4.8523707
821.0796,-1102.5747,4.9608293,4.8521705
821.3931,-1103.5243,4.9610295,4.8519707
821.70667,-1104.4739,4.9612293,4.8517704
822.02026,-1105.4233,4.9614296,4.8515706
822.3338,-1106.3729,4.9616294,4.8513703
822.6474,-1107.3224,4.9618297,4.8511705
822.961,-1108.272,4.9620295,4.8509703
823.2746,-1109.2214,4.9622297,4.8507705
823.58826,-1110.171,4.9624295,4.85057
823.90186,-1111.1205,4.96263,4.8503704
824.2155,-1112.07,4.9628296,4.85017
824.5291,-1113.0195,4.9630594,4.8499703
824.8428,-1113.969,4.9634595,4.84977
825.1565,-1114.9185,4.9638596,4.8495703
825.47015,-1115.8679,4.9642596,4.84937
825.7839,-1116.8175,4.9646597,4.84917
826.09753,-1117.767,4.9650297,4.84897
826.41125,-1118.7164,4.96523,4.84877
826.72504,-1119.6659,4.96543,4.84857
827.03876,-1120.6154,4.96563,4.84837
827.3525,-1121.5648,4.96583,4.8481703
827.66626,-1122.5143,4.96603,4.84797
827.98004,-1123.4637,4.96623,4.84777
828.2938,-1124.4132,4.96643,4.84757
828.60767,-1125.3627,4.96663,4.84737
828.92145,-1126.3121,4.9668303,4.84717
829.2353,-1127.2616,4.96703,4.847
829.54913,-1128.211,4.9672303,4.847
829.863,-1129.1604,4.96743,4.847
830.1768,-1130.1099,4.9676304,4.847
830.4907,-1131.0593,4.96783,4.847
830.8046,-1132.0088,4.9680605,4.8469696
831.1185,-1132.9581,4.9684606,4.84677
831.43243,-1133.9076,4.9688606,4.8465695
831.74634,-1134.8569,4.9692607,4.8463697
832.0603,-1135.8064,4.9696608,4.8461695
832.37427,-1136.7557,4.9700303,4.8459697
832.68823,-1137.7052,4.9702306,4.84577
833.0022,-1138.6545,4.9704304,4.8455696
833.3162,-1139.604,4.97063,4.84537
833.6302,-1140.5533,4.9708304,4.8451695
833.9442,-1141.5027,4.97103,4.8449697
834.25824,-1142.4521,4.9712305,4.8447695
834.5723,-1143.4015,4.9714303,4.8445697
834.8864,-1144.3508,4.9716306,4.8443694
835.20044,-1145.3002,4.9718304,4.8441696
835.5145,-1146.2495,4.9720306,4.8439693
835.8287,-1147.199,4.9722304,4.8437696
836.14276,-1148.1483,4.9724307,4.8435693
836.4569,-1149.0977,4.9726305,4.8433695
836.77106,-1150.047,4.972831,4.843169
837.0852,-1150.9963,4.9730306,4.8429694
837.3994,-1151.9456,4.9732304,4.8427696
837.7136,-1152.8949,4.9734306,4.8425694
838.02783,-1153.8442,4.9736304,4.8423696
838.34204,-1154.7936,4.9738307,4.8421693
838.65625,-1155.7429,4.9740615,4.8419695
838.9705,-1156.6921,4.9744616,4.841769
839.2848,-1157.6415,4.974861,4.8415694
839.59906,-1158.5908,4.975261,4.841369
839.9133,-1159.54,4.9756613,4.8411694
840.22766,-1160.4894,4.976031,4.840969
840.542,-1161.4386,4.9762306,4.8407693
840.8563,-1162.388,4.976431,4.8405695
841.1707,-1163.3372,4.9766307,4.840369
841.48505,-1164.2864,4.976831,4.8401694
841.79944,-1165.2357,4.9770308,4.839969
842.1139,-1166.1849,4.9772305,4.8397694
842.4283,-1167.1342,4.977431,4.839569
842.74274,-1168.0835,4.9776306,4.8393693
843.0572,-1169.0327,4.977831,4.839169
843.37164,-1169.9819,4.9780307,4.838969
843.68616,-1170.9312,4.978231,4.838769
844.0006,-1171.8804,4.9784307,4.838569
844.3151,-1172.8296,4.978631,4.8383694
844.6297,-1173.7788,4.978831,4.838169
844.9442,-1174.728,4.9790616,4.838
845.2588,-1175.6772,4.9794617,4.838
845.57336,-1176.6263,4.9798617,4.838
845.888,-1177.5756,4.980262,4.838
846.2026,-1178.5248,4.980662,4.838
846.5172,-1179.4739,4.981031,4.8379693
846.8319,-1180.4231,4.9812307,4.837769
847.14655,-1181.3723,4.981431,4.837569
847.46124,-1182.3214,4.981631,4.837369
847.77594,-1183.2706,4.981831,4.837169
848.09064,-1184.2197,4.982031,4.8369694
848.4054,-1185.169,4.9822307,4.836769
848.72015,-1186.118,4.982431,4.8365693
849.0349,-1187.0671,4.9826307,4.836369
849.34973,-1188.0162,4.982831,4.8361692
849.6645,-1188.9655,4.9829383,4.835414
849.9793,-1189.9146,4.982538,4.831614
850.2942,-1190.8636,4.982138,4.827814
850.6091,-1191.8127,4.981738,4.8240137
850.9239,-1192.7618,4.9813385,4.820214
851.23883,-1193.7109,4.9808764,4.8161364
851.5537,-1194.66,4.980077,4.810537
851.86865,-1195.6091,4.9792767,4.804937
852.1836,-1196.5581,4.9784765,4.799337
852.4986,-1197.5072,4.977677,4.793737
852.81354,-1198.4563,4.9768767,4.7881064
853.12854,-1199.4053,4.9760766,4.7823067
853.4436,-1200.3544,4.975277,4.776507
853.75867,-1201.3035,4.974477,4.770707
854.07367,-1202.2524,4.9736767,4.7649074
854.3888,-1203.2015,4.9729075,4.759138
854.70386,-1204.1505,4.9723077,4.7535386
855.019,-1205.0995,4.971708,4.7479386
855.3341,-1206.0486,4.971108,4.742339
855.6493,-1206.9976,4.9705076,4.736739
855.9645,-1207.9465,4.97,4.7320924
856.27966,-1208.8955,4.97,4.7326922
856.59485,-1209.8445,4.97,4.733292
856.9101,-1210.7935,4.97,4.733892
857.22534,-1211.7424,4.97,4.734492
857.54065,-1212.6914,4.970215,4.736472
857.85596,-1213.6404,4.9716144,4.7460713
858.17126,-1214.5894,4.9730144,4.7556705
858.4866,-1215.5383,4.9744143,4.7652698
858.80194,-1216.4872,4.9758143,4.7748694
859.1173,-1217.4362,4.9771833,4.784438
859.4327,-1218.3851,4.9783835,4.793837
859.7481,-1219.334,4.9795833,4.8032365
860.06354,-1220.283,4.9807835,4.8126354
860.37897,-1221.2318,4.981983,4.822035
860.69446,-1222.1807,4.983183,4.831434
861.00995,-1223.1296,4.984383,4.840833
861.3255,-1224.0785,4.985583,4.850232
861.641,-1225.0273,4.9867826,4.859631
861.9566,-1225.9762,4.9879827,4.86903
862.27216,-1226.9252,4.984772,4.876635
862.58765,-1227.874,4.956969,4.8742347
862.9025,-1228.8231,4.9291654,4.8718343
863.21643,-1229.7725,4.901362,4.8694344
863.5288,-1230.7224,4.8735585,4.867034
863.8392,-1231.673,4.8457193,4.864633
864.147,-1232.6244,4.81768,4.86223
864.45184,-1233.5768,4.789641,4.8598266
864.7531,-1234.5303,4.7616014,4.857423
865.0504,-1235.4851,4.7335625,4.8550196
865.34314,-1236.4412,4.705546,4.8526473
865.63086,-1237.3989,4.6776495,4.85044
865.913,-1238.3582,4.6497526,4.8482323
866.18915,-1239.3193,4.621856,4.8460245
866.4586,-1240.2822,4.5939593,4.8438168
866.72095,-1241.2472,4.5727434,4.8494015
866.97565,-1242.2142,4.582596,4.891224
867.22217,-1243.1833,4.592448,4.933046
867.45996,-1244.1545,4.6023006,4.974868
867.6884,-1245.128,4.612153,5.01669
867.9071,-1246.1039,4.622251,5.0558114
868.1154,-1247.0819,4.633311,5.084366
868.31287,-1248.0621,4.6443706,5.1129203
868.4989,-1249.0447,4.6554303,5.1414747
868.6729,-1250.0293,4.66649,5.170029
868.8344,-1251.0162,4.6763396,5.1968975
868.98285,-1252.0051,4.682151,5.218138
869.1178,-1252.9958,4.687962,5.2393785
869.2387,-1253.9885,4.6937733,5.260619
869.34515,-1254.9828,4.699584,5.2818594
869.4367,-1255.9785,4.706638,5.3010697
869.5128,-1256.9756,4.717625,5.3138547
869.573,-1257.9738,4.728612,5.3266397
869.6167,-1258.9728,4.739599,5.3394246
869.6435,-1259.9723,4.7505865,5.3522096
869.65283,-1260.9723,4.764678,5.355055
869.64417,-1261.9722,4.78892,5.3254037
869.6169,-1262.9717,4.813162,5.295752
869.57043,-1263.9706,4.8374043,5.266101
869.50415,-1264.9684,4.861646,5.2364492
869.4175,-1265.9646,4.8854322,5.2142935
869.3098,-1266.9587,4.9078,5.2155027
869.18054,-1267.9502,4.9301677,5.216712
869.029,-1268.9386,4.9525356,5.217921
868.85455,-1269.9232,4.974904,5.21913
868.6566,-1270.9034,4.9958224,5.214894
868.4346,-1271.8784,5.0130205,5.196684
868.1879,-1272.8474,5.0302186,5.1784744
867.9163,-1273.8098,5.0474157,5.1602654
867.6192,-1274.7645,5.0646124,5.1420574
867.2961,-1275.7108,5.0772934,5.1221037
866.9467,-1276.6477,5.081123,5.0987244
866.5706,-1277.5742,5.084952,5.0753455
866.1676,-1278.4894,5.088782,5.0519643
865.73724,-1279.392,5.092612,5.028579
865.27936,-1280.2809,5.0880494,5.005405
864.7945,-1281.1554,5.069594,4.9825835
864.28424,-1282.0154,5.051141,4.9597654
863.75037,-1282.8608,5.0326905,4.9369507
863.1944,-1283.692,5.014241,4.914137
862.6179,-1284.509,4.98837,4.9018974
862.02234,-1285.3123,4.9478683,4.9105062
861.4092,-1286.1022,4.907363,4.919116
860.7798,-1286.8792,4.866857,4.9277263
860.1355,-1287.6439,4.826351,4.936336
859.47766,-1288.397,4.7857604,4.9374475
858.80743,-1289.139,4.7448845,4.9128823
858.1257,-1289.8706,4.7040067,4.8883166
857.4333,-1290.592,4.66313,4.863751
856.731,-1291.304,4.6222544,4.8391867
856.01984,-1292.0068,4.581248,4.8115287
855.3001,-1292.701,4.539413,4.7644644
854.5717,-1293.3861,4.497576,4.717398
853.83435,-1294.0615,4.4557376,4.67033
853.0877,-1294.7267,4.413899,4.623261
852.33154,-1295.3811,4.376124,4.58806
851.5656,-1296.0239,4.3587837,4.6125402
850.78973,-1296.6548,4.341444,4.63702
850.0036,-1297.2727,4.324104,4.6615
849.2071,-1297.8773,4.3067636,4.685981
848.4,-1298.4677,4.3017673,4.6881976
847.58246,-1299.0435,4.3311963,4.6283255
846.7549,-1299.6047,4.360624,4.5684547
845.9179,-1300.1519,4.3900523,4.508583
845.0719,-1300.6849,4.419483,4.448707
844.2174,-1301.2043,4.4449835,4.401336
843.3555,-1301.7113,4.4627423,4.3785887
842.4879,-1302.2086,4.4805007,4.3558416
841.61646,-1302.699,4.4982576,4.333097
840.74286,-1303.1854,4.5160127,4.310354
839.8687,-1303.671,4.5326385,4.291263
838.99567,-1304.1587,4.5469193,4.2797594
838.1254,-1304.6512,4.5612006,4.2682548
837.25964,-1305.1516,4.5754833,4.2567496
836.4,-1305.6625,4.589766,4.245244
835.5485,-1306.1866,4.5914645,4.2421436
834.7067,-1306.7264,4.5613437,4.2602963
833.87604,-1307.2831,4.5312257,4.2784467
833.05774,-1307.8578,4.501105,4.2965994
832.25336,-1308.4518,4.470979,4.3147545
831.4644,-1309.0662,4.4398975,4.333689
830.692,-1309.7012,4.4062467,4.354721
829.9361,-1310.3557,4.372601,4.3757496
829.19635,-1311.0286,4.33896,4.396775
828.4726,-1311.7185,4.305322,4.4177985
827.76447,-1312.4246,4.2989807,4.4227886
827.0717,-1313.1456,4.3639035,4.385919
826.39435,-1313.8812,4.428833,4.3490453
825.73224,-1314.6305,4.493766,4.31217
825.0853,-1315.3931,4.558699,4.2752943
824.4535,-1316.1681,4.6059785,4.2488847
823.83673,-1316.9552,4.6093884,4.2484837
823.235,-1317.7538,4.6127987,4.2480826
822.64825,-1318.5635,4.6162086,4.247681
822.07654,-1319.3839,4.6196184,4.24728
821.51984,-1320.2146,4.6120224,4.2533493
820.97815,-1321.055,4.5789375,4.274403
820.4513,-1321.905,4.5458527,4.2954574
819.93933,-1322.764,4.512768,4.3165116
819.4422,-1323.6316,4.4796824,4.3375654
818.9598,-1324.5074,4.452088,4.351811
818.492,-1325.3912,4.436465,4.35121
818.0389,-1326.2827,4.420841,4.3506093
817.60046,-1327.1814,4.405218,4.3500085
817.17664,-1328.0872,4.3895955,4.3494077
816.76746,-1328.9995,4.3812547,4.347261
816.37305,-1329.9183,4.3882604,4.3418565
815.9937,-1330.8436,4.3952665,4.3364515
815.62976,-1331.775,4.402272,4.331047
815.2816,-1332.7124,4.4092784,4.325642
814.9496,-1333.6556,4.4171968,4.3199778
814.6341,-1334.6045,4.427,4.3137755
814.3353,-1335.5587,4.436803,4.307574
814.0537,-1336.5182,4.4466057,4.3013716
813.7895,-1337.4827,4.456409,4.29517
813.54297,-1338.4518,4.4573736,4.2909346
813.3145,-1339.4252,4.440201,4.290735
813.1045,-1340.4028,4.4230275,4.290535
812.9132,-1341.3844,4.4058547,4.2903357
812.7411,-1342.3694,4.388681,4.290136
812.58844,-1343.3577,4.3709364,4.2911487
812.4557,-1344.3488,4.3519764,4.294741
812.3432,-1345.3423,4.333017,4.2983336
812.25146,-1346.338,4.3140574,4.301926
812.18085,-1347.3354,4.295099,4.305518
812.1317,-1348.3342,4.292273,4.3039155
812.1046,-1349.3339,4.325516,4.2906985
812.10046,-1350.3337,4.3587604,4.277481
812.12,-1351.3335,4.3920074,4.264262
812.164,-1352.3325,4.425257,4.2510424
812.23346,-1353.33,4.436051,4.2449875
812.3283,-1354.3254,4.398246,4.2544384
812.4477,-1355.3182,4.360444,4.263889
812.5904,-1356.308,4.322645,4.273339
812.7554,-1357.2942,4.2848454,4.2827888
812.9415,-1358.2766,4.2608933,4.2879004
813.1474,-1359.2552,4.2634997,4.284693
813.3708,-1360.2299,4.266106,4.281485
813.60956,-1361.2009,4.268712,4.2782774
813.8615,-1362.1686,4.2713184,4.2750697
814.1245,-1363.1333,4.2764683,4.268682
814.39655,-1364.0956,4.2862444,4.256512
814.6756,-1365.0559,4.296021,4.2443414
814.9598,-1366.0145,4.305797,4.2321706
815.24713,-1366.9724,4.3155737,4.2200003
815.53577,-1367.9298,4.323777,4.2118635
815.8244,-1368.8872,4.3289633,4.2114644
816.1127,-1369.8447,4.3341494,4.2110653
816.4003,-1370.8024,4.3393354,4.2106667
816.68713,-1371.7604,4.3445215,4.2102675
816.9729,-1372.7186,4.3493156,4.210789
817.25745,-1373.6772,4.3533106,4.2131863
817.5409,-1374.6362,4.357306,4.2155833
817.8233,-1375.5955,4.361301,4.2179804
818.1049,-1376.5549,4.365296,4.2203774
818.3858,-1377.5146,4.369357,4.2227755
818.666,-1378.4745,4.3735566,4.2251754
818.9457,-1379.4346,4.377756,4.227575
819.22473,-1380.3949,4.381956,4.2299747
819.5032,-1381.3552,4.3861556,4.2323747
819.7811,-1382.3158,4.3902917,4.234775
820.0586,-1383.2765,4.3942947,4.237177
820.33563,-1384.2373,4.398298,4.2395787
820.61224,-1385.1984,4.402301,4.2419806
820.88855,-1386.1593,4.406304,4.2443824
821.16455,-1387.1205,4.410373,4.2467847
821.44037,-1388.0817,4.414579,4.249188
821.71594,-1389.0428,4.4187846,4.251591
821.99146,-1390.0042,4.4229903,4.2539945
822.2668,-1390.9655,4.427196,4.2563977
822.5422,-1391.9268,4.431335,4.258801
822.8175,-1392.8881,4.435342,4.261205
823.0929,-1393.8494,4.439348,4.263609
823.3684,-1394.8107,4.443355,4.266013
823.64404,-1395.7719,4.4473615,4.268417
823.9199,-1396.733,4.4514365,4.2707524
824.196,-1397.6941,4.4556437,4.2729564
824.4724,-1398.6552,4.459851,4.27516
824.74915,-1399.6161,4.4640574,4.2773633
825.02625,-1400.5768,4.4682646,4.2795672
825.30383,-1401.5375,4.472401,4.281841
825.5819,-1402.498,4.476407,4.284244
825.86053,-1403.4584,4.4804125,4.286648
826.1397,-1404.4186,4.4844184,4.289051
826.4195,-1405.3787,4.488424,4.2914543
826.7,-1406.3384,4.4925003,4.2938576
826.98126,-1407.2981,4.496704,4.2962594
827.26324,-1408.2574,4.500908,4.2986617
827.5461,-1409.2166,4.5051117,4.3010635
827.8298,-1410.1754,4.5093155,4.303466
828.11444,-1411.134,4.5134454,4.305867
828.4,-1412.0924,4.5174456,4.308267
828.6866,-1413.0504,4.5214458,4.3106675
828.97424,-1414.008,4.525446,4.3130674
829.263,-1414.9655,4.529446,4.315468
829.5529,-1415.9225,4.533517,4.317867
829.84406,-1416.8792,4.537712,4.320264
830.1364,-1417.8353,4.5419073,4.3226614
830.43005,-1418.7913,4.5461025,4.3250585
830.72504,-1419.7467,4.5502977,4.327456
831.0214,-1420.7018,4.5544205,4.329852
831.31903,-1421.6564,4.558411,4.3322463
831.6176,-1422.6107,4.5624013,4.334641
831.9168,-1423.565,4.566392,4.337035
832.2163,-1424.519,4.5703826,4.3394294
832.51575,-1425.473,4.574441,4.3418236
832.8149,-1426.4272,4.5786295,4.344217
833.1133,-1427.3816,4.5828176,4.34661
833.4107,-1428.3363,4.587006,4.3490033
833.7068,-1429.2915,4.591194,4.3513966
834.0012,-1430.2471,4.5953174,4.3537908
834.29364,-1431.2034,4.599309,4.3561854
834.5838,-1432.1603,4.6033,4.35858
834.8713,-1433.118,4.6072917,4.360975
835.15576,-1434.0767,4.611283,4.36337
835.437,-1435.0363,4.6134896,4.3674884
835.71454,-1435.997,4.611891,4.3752823
835.98816,-1436.9587,4.610292,4.383076
836.25745,-1437.9219,4.608693,4.39087
836.52203,-1438.8861,4.6070943,4.398664
836.7817,-1439.8518,4.595456,4.4158063
837.03595,-1440.819,4.5620255,4.453241
837.2845,-1441.7875,4.528595,4.490675
837.52704,-1442.7576,4.4951644,4.5281096
837.7631,-1443.7292,4.461734,4.5655437
837.9925,-1444.7026,4.4282246,4.602994
838.2148,-1445.6775,4.3945494,4.640478
838.42957,-1446.6542,4.3608737,4.677962
838.63654,-1447.6324,4.3271985,4.715446
838.8354,-1448.6124,4.293523,4.7529297
839.0257,-1449.5941,4.2654157,4.7847147
839.2071,-1450.5775,4.248553,4.8049903
839.3793,-1451.5625,4.23169,4.825266
839.5419,-1452.5492,4.214827,4.8455415
839.6945,-1453.5375,4.197964,4.8658166
839.8368,-1454.5272,4.1936865,4.8728766
839.9684,-1455.5186,4.212803,4.85537
840.08887,-1456.5112,4.231919,4.837864
840.19794,-1457.5051,4.2510347,4.820358
840.2951,-1458.5004,4.2701507,4.8028517
840.38007,-1459.4967,4.286062,4.7819605
840.4524,-1460.4941,4.296747,4.755549
840.5118,-1461.4923,4.3074327,4.729138
840.55774,-1462.4912,4.318118,4.702727
840.59,-1463.4906,4.3288035,4.6763153
840.6081,-1464.4905,4.335254,4.645163
840.6117,-1465.4904,4.335859,4.6074657
840.60046,-1466.4902,4.3364635,4.569769
840.57404,-1467.4899,4.3370686,4.5320716
840.53204,-1468.4889,4.337673,4.4943748
840.4742,-1469.4872,4.3501773,4.468096
840.40015,-1470.4845,4.3766785,4.455247
840.30963,-1471.4803,4.4031796,4.4423976
840.2024,-1472.4745,4.429681,4.4295487
840.07806,-1473.4667,4.4561825,4.4166994
839.9364,-1474.4565,4.46638,4.4152393
839.7773,-1475.4437,4.4588175,4.4261856
839.6007,-1476.428,4.4512544,4.437132
839.4068,-1477.4089,4.4436917,4.4480777
839.1955,-1478.3864,4.436129,4.459024
838.9668,-1479.3597,4.4265203,4.455119
838.7208,-1480.329,4.414452,4.433356
838.4575,-1481.2937,4.4023833,4.411593
838.1769,-1482.2534,4.3903146,4.3898296
837.8789,-1483.208,4.378246,4.368067
837.5636,-1484.157,4.374873,4.340534
837.2309,-1485.0999,4.3845663,4.3043337
836.8808,-1486.0365,4.3942595,4.268133
836.51306,-1486.9664,4.4039526,4.231932
836.12775,-1487.8892,4.4136457,4.195731
835.72473,-1488.8043,4.4197946,4.1735744
835.30396,-1489.7114,4.4191985,4.1781445
834.8653,-1490.61,4.4186025,4.182715
834.4087,-1491.4996,4.4180064,4.1872854
833.934,-1492.3798,4.41741,4.1918554
833.4413,-1493.2499,4.4029474,4.198498
832.93036,-1494.1094,4.3579054,4.209708
832.401,-1494.9578,4.3128633,4.2209187
831.8531,-1495.7942,4.2678204,4.232129
831.2865,-1496.6182,4.222778,4.2433395
830.701,-1497.4288,4.1789007,4.2705526
830.09674,-1498.2255,4.137537,4.332296
829.4739,-1499.0077,4.096174,4.394038
828.83264,-1499.775,4.0548086,4.4557834
828.1734,-1500.5269,4.0134397,4.517534
827.49634,-1501.2627,4.0025578,4.5685406
826.8023,-1501.9827,4.045661,4.6005135
826.09283,-1502.6873,4.0887613,4.632485
825.3695,-1503.3777,4.131858,4.6644535
824.63367,-1504.0548,4.1749535,4.6964207
823.88684,-1504.7197,4.215856,4.7131443
823.1302,-1505.3734,4.2537165,4.708714
822.3649,-1506.0172,4.2915792,4.704283
821.59235,-1506.652,4.329442,4.6998525
820.8134,-1507.279,4.367305,4.6954217
820.02936,-1507.8997,4.3987226,4.6890016
819.2409,-1508.5148,4.422371,4.680184
818.4489,-1509.1251,4.4460196,4.6713657
817.6539,-1509.7317,4.4696684,4.6625476
816.8565,-1510.3352,4.4933167,4.6537294
816.05743,-1510.9363,4.5170317,4.6448283
815.257,-1511.5358,4.540823,4.635832
814.4555,-1512.1335,4.564615,4.626835
813.65283,-1512.73,4.5884066,4.617838
812.84924,-1513.3251,4.6121984,4.608841
812.04486,-1513.9192,4.629613,4.60031
811.23975,-1514.5122,4.6395993,4.5923204
810.4342,-1515.1047,4.6495852,4.5843315
809.6284,-1515.6969,4.6595716,4.5763426
808.82263,-1516.289,4.669558,4.5683537
808.0169,-1516.8813,4.676182,4.5604553
807.21155,-1517.474,4.678778,4.552665
806.4064,-1518.067,4.681375,4.5448747
805.6015,-1518.6603,4.683972,4.5370846
804.7968,-1519.254,4.6865683,4.5292945
803.99243,-1519.848,4.689076,4.521593
803.18823,-1520.4424,4.6914735,4.5140004
802.3842,-1521.037,4.6938715,4.5064077
801.5805,-1521.6318,4.696269,4.4988146
800.777,-1522.227,4.6986666,4.491222
799.97363,-1522.8225,4.7004437,4.4848704
799.17053,-1523.4183,4.701443,4.480074
798.3677,-1524.0144,4.702442,4.475277
797.565,-1524.6108,4.7034416,4.47048
796.7626,-1525.2075,4.704441,4.4656835
795.9603,-1525.8044,4.703943,4.4636164
795.1583,-1526.4016,4.701544,4.465016
794.35645,-1526.9991,4.699145,4.4664154
793.5548,-1527.5969,4.696746,4.467815
792.75336,-1528.195,4.694347,4.4692144
791.95215,-1528.7932,4.692035,4.470614
791.15106,-1529.3917,4.6898355,4.4720135
790.35016,-1529.9905,4.6876364,4.4734135
789.5495,-1530.5895,4.6854367,4.474813
788.74896,-1531.1887,4.683237,4.476213
787.94867,-1531.7882,4.6809497,4.4776125
787.1485,-1532.388,4.67855,4.479013
786.3485,-1532.9879,4.6761494,4.480413
785.5487,-1533.5881,4.6737494,4.481813
784.749,-1534.1886,4.6713495,4.483213
783.9496,-1534.7892,4.669037,4.484613
783.15027,-1535.39,4.6668363,4.4860134
782.3511,-1535.9911,4.6646357,4.4874134
781.55206,-1536.5924,4.6624355,4.488814
780.75323,-1537.1938,4.660235,4.4902143
779.9545,-1537.7955,4.6579466,4.4916143
779.15594,-1538.3973,4.6555457,4.4930153
778.35754,-1538.9994,4.653145,4.4944158
777.55927,-1539.6017,4.650744,4.495816
776.7611,-1540.2041,4.648343,4.4972167
775.96313,-1540.8066,4.64603,4.498617
775.1653,-1541.4094,4.643829,4.5000176
774.3675,-1542.0125,4.641628,4.5014186
773.5699,-1542.6155,4.6394267,4.502819
772.7724,-1543.2188,4.6372256,4.50422
771.97504,-1543.8223,4.634936,4.5056205
771.1778,-1544.4258,4.6325345,4.5070214
770.3807,-1545.0295,4.630133,4.5084224
769.5836,-1545.6334,4.627732,4.5098233
768.78674,-1546.2375,4.62533,4.5112243
767.9899,-1546.8417,4.623018,4.512625
767.1932,-1547.446,4.620816,4.514026
766.3966,-1548.0504,4.6186147,4.515427
765.6001,-1548.655,4.616413,4.516828
764.80365,-1549.2596,4.614212,4.518229
764.0073,-1549.8645,4.6119204,4.51963
763.2111,-1550.4695,4.6095185,4.521031
762.415,-1551.0745,4.6071167,4.522432
761.6189,-1551.6797,4.604715,4.523833
760.8229,-1552.2849,4.602313,4.525234
760.027,-1552.8903,4.600002,4.526635
759.23114,-1553.4957,4.5978003,4.528036
758.43536,-1554.1012,4.5955987,4.5294375
757.63965,-1554.7069,4.5933967,4.5308385
756.84406,-1555.3126,4.591195,4.5322394
756.04846,-1555.9183,4.588902,4.533641
755.2529,-1556.5243,4.5864997,4.535042
754.45746,-1557.1302,4.584098,4.5364428
753.66205,-1557.7362,4.581696,4.537844
752.8667,-1558.3423,4.579294,4.539245
752.0714,-1558.9485,4.5769844,4.5407386
751.2761,-1559.5547,4.574783,4.54234
750.4809,-1560.1609,4.572581,4.543941
749.6857,-1560.7672,4.5703793,4.5455422
748.89056,-1561.3735,4.568177,4.5471435
748.0954,-1561.98,4.5658827,4.5486517
747.30035,-1562.5863,4.563481,4.5500526
746.50525,-1563.1929,4.561079,4.551454
745.7102,-1563.7993,4.558677,4.552855
744.91516,-1564.4059,4.5562754,4.554256
744.1202,-1565.0123,4.5539675,4.555657
743.3252,-1565.6189,4.551766,4.5570583
742.53015,-1566.2255,4.5495644,4.5584593
741.7352,-1566.832,4.547363,4.55986
740.94025,-1567.4387,4.5451612,4.561261
740.14526,-1568.0453,4.542865,4.562662
739.3503,-1568.6519,4.5404634,4.564063
738.5553,-1569.2584,4.538062,4.565464
737.7603,-1569.865,4.5356603,4.566865
736.96533,-1570.4716,4.533259,4.568266
736.1703,-1571.0781,4.5309525,4.5696664
735.3753,-1571.6846,4.5287514,4.5710673
734.58026,-1572.2911,4.5265503,4.5724683
733.78516,-1572.8976,4.5243487,4.5738688
732.99005,-1573.504,4.5221477,4.5752697
732.19495,-1574.1104,4.5198507,4.57667
731.3998,-1574.7168,4.51745,4.578071
730.6046,-1575.3231,4.515049,4.5794716
729.8094,-1575.9293,4.5126476,4.580872
729.01416,-1576.5355,4.5102468,4.5822725
728.2188,-1577.1417,4.507942,4.583673
727.42346,-1577.7478,4.5057416,4.5850735
726.62805,-1578.3538,4.503541,4.586474
725.83264,-1578.9597,4.5013404,4.5878744
725.0371,-1579.5657,4.49914,4.589275
724.2415,-1580.1715,4.496843,4.5906754
723.4459,-1580.7772,4.4944425,4.5920753
722.6502,-1581.3828,4.492042,4.5934753
721.8545,-1581.9884,4.4896417,4.594876
721.05865,-1582.5939,4.4872413,4.596276
720.26276,-1583.1992,4.4849377,4.597676
719.4668,-1583.8046,4.482738,4.599076
718.6708,-1584.4098,4.480538,4.600476
717.8747,-1585.0149,4.4783382,4.601876
717.07855,-1585.62,4.476138,4.603276
716.28235,-1586.225,4.473842,4.604676
715.48615,-1586.8298,4.471442,4.6060753
714.6898,-1587.4347,4.469043,4.6074753
713.89343,-1588.0394,4.4666433,4.608875
713.09705,-1588.6442,4.4642434,4.610275
712.30054,-1589.2488,4.4619403,4.6116743
711.504,-1589.8534,4.459741,4.613074
710.70746,-1590.4579,4.457542,4.6144733
709.9109,-1591.0623,4.4553423,4.615873
709.1142,-1591.6666,4.453143,4.6172724
708.3175,-1592.271,4.4508476,4.618672
707.52075,-1592.8752,4.4484487,4.6200714
706.72394,-1593.4794,4.4460497,4.621471
705.9271,-1594.0836,4.4436507,4.6228704
705.13025,-1594.6876,4.4412513,4.62427
704.3334,-1595.2917,4.438948,4.6256695
703.53644,-1595.8958,4.436749,4.6270685
702.73944,-1596.4998,4.4345503,4.628468
701.94244,-1597.1036,4.432351,4.6298676
701.14545,-1597.7075,4.430152,4.631267
700.3484,-1598.3113,4.427858,4.632666
699.5513,-1598.9152,4.425459,4.6340656
698.75415,-1599.5189,4.4230604,4.6354647
697.957,-1600.1227,4.4206614,4.636864
697.15985,-1600.7263,4.4182625,4.6382637
696.3626,-1601.33,4.4159584,4.6397576
695.5654,-1601.9336,4.4137597,4.6413565
694.7682,-1602.5372,4.4115605,4.642956
693.97095,-1603.1409,4.409362,4.644555
693.17365,-1603.7444,4.407163,4.6461544
692.3764,-1604.3479,4.40487,4.6476593
691.5791,-1604.9515,4.402471,4.6490583
690.7818,-1605.555,4.400072,4.650458
689.98444,-1606.1584,4.3976736,4.6518574
689.18713,-1606.762,4.3952746,4.6532564
688.3898,-1607.3655,4.3929696,4.654656
687.5924,-1607.9689,4.3907704,4.656055
686.79504,-1608.5724,4.3885717,4.6574545
685.99774,-1609.1758,4.3863726,4.658854
685.2004,-1609.7793,4.3841734,4.660253
684.403,-1610.3827,4.381881,4.6616526
683.60565,-1610.9862,4.3794823,4.663052
682.8083,-1611.5896,4.3770833,4.6644516
682.0109,-1612.1931,4.3746843,4.665851
681.21356,-1612.7965,4.3722854,4.66725
680.4162,-1613.4,4.369979,4.6686497
679.6189,-1614.0034,4.3677797,4.670049
678.82153,-1614.6069,4.36558,4.6714487
678.02423,-1615.2104,4.363381,4.6728487
677.2269,-1615.814,4.3611817,4.674248
676.4296,-1616.4175,4.3588896,4.6756477
675.6323,-1617.021,4.35649,4.6770473
674.8351,-1617.6246,4.3540907,4.6784472
674.03784,-1618.2283,4.3516912,4.679847
673.2406,-1618.8318,4.349292,4.6812463
672.44336,-1619.4355,4.3469844,4.6826463
671.6462,-1620.0392,4.3447847,4.6840463
670.84906,-1620.6428,4.3425846,4.6854463
670.0519,-1621.2466,4.340385,4.686846
669.25476,-1621.8503,4.3381853,4.688246
668.4577,-1622.4542,4.3358927,4.689646
667.66064,-1623.058,4.3334928,4.6910458
666.8636,-1623.6619,4.3310924,4.692446
666.0666,-1624.2659,4.328692,4.693846
665.26965,-1624.8699,4.326292,4.695246
664.4727,-1625.4739,4.3238916,4.6966467
663.67584,-1626.0779,4.321491,4.698047
662.87897,-1626.682,4.3190904,4.699447
662.08215,-1627.2861,4.3166895,4.7008476
661.28534,-1627.8904,4.314289,4.702248
660.48865,-1628.4946,4.3119807,4.7036486
659.69196,-1629.099,4.3097796,4.7050495
658.89526,-1629.7034,4.3075786,4.70645
658.0987,-1630.3079,4.3053775,4.7078505
657.3021,-1630.9124,4.3031764,4.7092514
656.5056,-1631.517,4.300882,4.7106524
655.70917,-1632.1216,4.2984805,4.7120533
654.9128,-1632.7263,4.2960787,4.7134542
654.1164,-1633.331,4.293677,4.714855
653.3201,-1633.9359,4.291275,4.716256
652.52386,-1634.5408,4.288967,4.717657
651.7277,-1635.1459,4.286765,4.7190585
650.9316,-1635.7509,4.2845626,4.72046
650.1355,-1636.3561,4.2823606,4.7218614
649.33954,-1636.9613,4.2801585,4.723263
648.5436,-1637.5667,4.277861,4.724664
647.7477,-1638.172,4.2754583,4.726066
646.9519,-1638.7776,4.273055,4.727468
646.1561,-1639.3832,4.270652,4.7288694
645.3605,-1639.9888,4.268249,4.7302713
644.5649,-1640.5946,4.2659416,4.7316732
643.76935,-1641.2004,4.263738,4.7330756
642.97394,-1641.8064,4.2615347,4.734478
642.1785,-1642.4125,4.2593317,4.73588
641.38324,-1643.0186,4.2571282,4.7372823
640.588,-1643.6249,4.2548265,4.7387824
639.79285,-1644.2312,4.252422,4.7403855
638.9978,-1644.8376,4.250017,4.7419887
638.2028,-1645.4443,4.2476125,4.743592
637.4079,-1646.051,4.2452083,4.7451944
636.6131,-1646.6578,4.2429028,4.7466984
635.8184,-1647.2646,4.240698,4.748101
635.02374,-1647.8717,4.238493,4.7495046
634.22925,-1648.4789,4.236288,4.750908
633.43475,-1649.0862,4.2340827,4.7523108
632.6404,-1649.6935,4.2317758,4.753714
631.846,-1650.3009,4.2293696,4.755118
631.05176,-1650.9084,4.2269635,4.756521
630.2575,-1651.516,4.2245574,4.7579246
629.4633,-1652.1235,4.2221513,4.7593284
628.6691,-1652.7312,4.21985,4.7607317
627.87494,-1653.3389,4.2176447,4.7621355
627.08075,-1653.9464,4.215439,4.763539
626.28656,-1654.5541,4.2132335,4.764942
625.4924,-1655.1616,4.211028,4.766346
624.6981,-1655.7692,4.208716,4.7677493
623.9038,-1656.3766,4.2063103,4.769152
623.10944,-1656.984,4.203905,4.7705555
622.315,-1657.5913,4.2014995,4.7719584
621.5205,-1658.1985,4.1990943,4.7733617
620.7259,-1658.8055,4.196799,4.7747645
619.9312,-1659.4126,4.194595,4.776167
619.1364,-1660.0194,4.1923914,4.7775693
618.3415,-1660.626,4.1901875,4.7789717
617.5464,-1661.2324,4.187984,4.780374
616.7512,-1661.8387,4.1856704,4.7817755
615.9558,-1662.4448,4.183268,4.783177
615.1603,-1663.0507,4.180866,4.7845783
614.3646,-1663.6564,4.178464,4.7859793
613.5687,-1664.2617,4.1760616,4.7873807
612.77264,-1664.8668,4.1737723,4.788781
611.9763,-1665.4717,4.1715727,4.7901807
611.1798,-1666.0763,4.1693735,4.7915807
610.38306,-1666.6805,4.167174,4.79298
609.5861,-1667.2844,4.164974,4.79438
608.7889,-1667.8881,4.162665,4.7957788
607.9914,-1668.4913,4.1602683,4.797177
607.1936,-1669.0944,4.157872,4.7985744
606.39557,-1669.6969,4.1554756,4.7999725
605.5973,-1670.2991,4.1530795,4.80137
604.79865,-1670.9008,4.150795,4.802767
603.9997,-1671.5021,4.1486015,4.8041625
603.20044,-1672.103,4.1464086,4.805558
602.4008,-1672.7035,4.1442156,4.806954
601.6009,-1673.3036,4.142022,4.8083496
600.80066,-1673.9032,4.139725,4.809744
600,-1674.5023,4.137337,4.8111367
599.19904,-1675.101,4.134949,4.8125296
598.39764,-1675.699,4.132561,4.8139224
597.5958,-1676.2965,4.130173,4.8153157
596.79364,-1676.8936,4.1278887,4.816707
595.99097,-1677.4899,4.125705,4.818097
595.1879,-1678.0857,4.1235204,4.819487
594.38446,-1678.681,4.121336,4.820877
593.5807,-1679.2759,4.119152,4.822267
592.77655,-1679.8704,4.1168766,4.8236556
591.97205,-1680.4642,4.1144996,4.8250422
591.167,-1681.0574,4.112122,4.826429
590.36127,-1681.6497,4.109745,4.8278155
589.5548,-1682.2408,4.107368,4.8292017
588.7474,-1682.8307,4.105075,4.830589
587.93866,-1683.4188,4.102895,4.831976
587.12787,-1684.0042,4.1007147,4.833363
586.31433,-1684.5856,4.098535,4.8347507
585.49725,-1685.1621,4.096355,4.836138
584.67596,-1685.7325,4.1125584,4.823377
583.84985,-1686.2959,4.158952,4.7873816
583.0182,-1686.8512,4.2053456,4.751387
582.18036,-1687.3971,4.251739,4.715392
581.3359,-1687.9325,4.298131,4.679398
580.48413,-1688.4564,4.3552856,4.6351533
579.6246,-1688.9674,4.430175,4.577312
578.7568,-1689.4641,4.5050645,4.5194707
577.8801,-1689.9452,4.579957,4.461627
576.9942,-1690.409,4.65485,4.4037824
576.09875,-1690.854,4.676901,4.394808
575.19354,-1691.2788,4.6345096,4.4454303
574.2784,-1691.6818,4.5921197,4.4960513
573.3533,-1692.0613,4.549731,4.546671
572.4183,-1692.4158,4.5073476,4.597284
571.4736,-1692.7435,4.4581065,4.6528153
570.5195,-1693.0428,4.404113,4.711755
569.55646,-1693.312,4.3501153,4.7706985
568.5851,-1693.5492,4.2961054,4.8296556
567.606,-1693.7524,4.2420835,4.8886266
566.6203,-1693.92,4.2360544,4.880135
565.62915,-1694.0525,4.246947,4.847862
564.63416,-1694.1514,4.2578363,4.8155966
563.6365,-1694.2185,4.268724,4.7833366
562.6372,-1694.2552,4.2796125,4.751074
561.6373,-1694.2634,4.286431,4.7305546
560.6375,-1694.2452,4.292107,4.7133303
559.6385,-1694.203,4.2977834,4.6961055
558.64056,-1694.1393,4.3034596,4.6788816
557.64404,-1694.0564,4.3091354,4.6616573
556.6491,-1693.9568,4.310609,4.6569123
555.6557,-1693.8424,4.3100266,4.6582713
554.6639,-1693.7151,4.3094444,4.65963
553.6735,-1693.5767,4.308862,4.660989
552.6845,-1693.4291,4.3082795,4.6623473
551.69666,-1693.2738,4.3255105,4.645695
550.70996,-1693.1116,4.3592043,4.612398
549.72455,-1692.9417,4.3928995,4.579099
548.7406,-1692.7633,4.426595,4.5458
547.7583,-1692.576,4.46029,4.5125017
546.77795,-1692.3792,4.507193,4.465807
545.79974,-1692.1716,4.568731,4.404269
544.82416,-1691.9521,4.630269,4.342731
543.8517,-1691.7195,4.6918097,4.2811904
542.88275,-1691.4723,4.7533503,4.2196493
541.9179,-1691.2096,4.7497506,4.2262897
540.95776,-1690.9303,4.689412,4.292317
540.0027,-1690.6342,4.6290755,4.3583417
539.05304,-1690.3208,4.568738,4.4243674
538.1095,-1689.9899,4.5084,4.490394
537.17236,-1689.641,4.4330125,4.572186
536.24207,-1689.2742,4.348093,4.663964
535.319,-1688.8898,4.2631755,4.755739
534.4033,-1688.488,4.17826,4.8475127
533.4953,-1688.0692,4.0933447,4.9392853
532.5953,-1687.6334,4.0734563,4.943945
531.7035,-1687.1812,4.087906,4.9026017
530.8203,-1686.7122,4.1023564,4.8612585
529.94604,-1686.2268,4.1168065,4.819915
529.0811,-1685.725,4.1312566,4.7785716
528.22577,-1685.207,4.15604,4.7337966
527.38043,-1684.6729,4.1858735,4.687345
526.5455,-1684.1227,4.2157063,4.6408935
525.7211,-1683.5566,4.245539,4.594442
524.9079,-1682.9747,4.2753725,4.547991
524.10614,-1682.3772,4.3102136,4.508329
523.31616,-1681.7642,4.347441,4.4719014
522.5384,-1681.1356,4.384669,4.4354744
521.7733,-1680.4918,4.4218965,4.3990474
521.02124,-1679.8329,4.4591236,4.362621
520.28265,-1679.1587,4.469773,4.3515453
519.558,-1678.4697,4.4679704,4.3523464
518.84766,-1677.7659,4.466168,4.3531475
518.1522,-1677.0474,4.4643655,4.3539486
517.4721,-1676.3143,4.4625635,4.3547497
516.80786,-1675.5669,4.4381766,4.37483
516.1598,-1674.8054,4.403524,4.4036736
515.52814,-1674.0303,4.3688717,4.432517
514.9131,-1673.2418,4.33422,4.46136
514.315,-1672.4404,4.299568,4.4902034
513.7341,-1671.6266,4.2667336,4.5170913
513.1705,-1670.8005,4.2346964,4.5431213
512.6244,-1669.9629,4.202659,4.569152
512.096,-1669.1139,4.1706223,4.595182
511.58554,-1668.2542,4.138585,4.621212
511.09314,-1667.3838,4.138399,4.6174965
510.619,-1666.5034,4.151811,4.601082
510.16327,-1665.6133,4.165223,4.5846677
509.72623,-1664.714,4.1786346,4.568253
509.30798,-1663.8057,4.1920466,4.5518384
508.9088,-1662.8888,4.2043295,4.538106
508.52884,-1661.9639,4.2161403,4.5254946
508.16827,-1661.0313,4.227951,4.5128827
507.82733,-1660.0912,4.239762,4.5002713
507.50616,-1659.1443,4.2515726,4.48766
507.205,-1658.1907,4.260116,4.4841423
506.92404,-1657.2311,4.267324,4.484342
506.66348,-1656.2656,4.274532,4.4845424
506.42355,-1655.2949,4.28174,4.4847426
506.2045,-1654.3192,4.288948,4.484943
506.0065,-1653.3391,4.293291,4.4870048
505.8297,-1652.3549,4.296494,4.489807
505.67432,-1651.3671,4.299697,4.49261
505.54044,-1650.3761,4.3029,4.4954123
505.42816,-1649.3826,4.306103,4.498215
505.33768,-1648.3867,4.296777,4.509223
505.26886,-1647.3892,4.2825775,4.5234222
505.2216,-1646.3903,4.2683787,4.5376215
505.1957,-1645.3906,4.2541795,4.5518203
505.19104,-1644.3907,4.2399807,4.566019
505.20743,-1643.3909,4.227805,4.571869
505.24472,-1642.3916,4.2164183,4.574466
505.30286,-1641.3934,4.205031,4.577063
505.38168,-1640.3966,4.1936436,4.5796604
505.4811,-1639.4016,4.1822557,4.5822573
505.60098,-1638.4088,4.1805687,4.573587
505.74124,-1637.4187,4.182766,4.5604043
505.90173,-1636.4318,4.184963,4.5472217
506.08243,-1635.4482,4.18716,4.534039
506.2832,-1634.4688,4.1893573,4.5208564
506.50394,-1633.4934,4.222395,4.486727
506.74457,-1632.5228,4.2681856,4.443936
507.00497,-1631.5574,4.3139763,4.4011445
507.2851,-1630.5975,4.3597665,4.3583536
507.5848,-1629.6436,4.405556,4.315563
507.90405,-1628.6959,4.408097,4.312204
508.2428,-1627.7551,4.3926625,4.325233
508.601,-1626.8215,4.377228,4.3382626
508.9787,-1625.8956,4.3617926,4.351292
509.37585,-1624.9779,4.3463573,4.3643217
509.79245,-1624.0688,4.3308864,4.3791137
510.22818,-1623.1688,4.3154016,4.3945985
510.6827,-1622.2782,4.299917,4.410083
511.1556,-1621.3971,4.2844324,4.4255676
511.6465,-1620.526,4.2689476,4.4410524
512.155,-1619.6649,4.265,4.450546
512.6806,-1618.8143,4.265,4.457989
513.22266,-1617.974,4.265,4.465432
513.7805,-1617.1442,4.265,4.4728756
514.3537,-1616.3247,4.265,4.480319
514.9415,-1615.5159,4.2671742,4.484329
515.5436,-1614.7174,4.269983,4.4873385
516.15924,-1613.9294,4.2727914,4.490348
516.788,-1613.152,4.2755995,4.4933567
517.4295,-1612.3849,4.278408,4.496366
518.0831,-1611.628,4.2819986,4.4979467
518.7485,-1610.8816,4.2857976,4.4991465
519.4251,-1610.1454,4.2895966,4.500346
520.11255,-1609.4192,4.2933955,4.501546
520.81036,-1608.703,4.2971945,4.5027456
521.51825,-1607.9967,4.272518,4.542639
522.23566,-1607.3,4.240177,4.5929465
522.96234,-1606.6132,4.2078366,4.6432543
523.69794,-1605.9358,4.175496,4.693562
524.4421,-1605.2678,4.143155,4.7438703
525.19446,-1604.6093,4.137402,4.760452
525.9548,-1603.9597,4.139202,4.7674522
526.7226,-1603.3191,4.141002,4.7744527
527.4977,-1602.6873,4.1428022,4.781453
528.2797,-1602.0641,4.1446023,4.788454
529.06836,-1601.4493,4.2084503,4.7148285
529.8633,-1600.8427,4.2898855,4.61835
530.6641,-1600.2439,4.3713207,4.5218716
531.4705,-1599.6526,4.452755,4.4253936
532.2822,-1599.0685,4.53419,4.328915
533.0988,-1598.4913,4.5678782,4.286867
533.92004,-1597.9209,4.5891476,4.2589765
534.74554,-1597.3566,4.6104164,4.2310863
535.57513,-1596.7982,4.6316853,4.2031956
536.4084,-1596.2454,4.6529546,4.1753054
537.2451,-1595.6979,4.640768,4.185745
538.085,-1595.1552,4.6207232,4.2051883
538.9278,-1594.617,4.6006784,4.224632
539.77325,-1594.083,4.5806336,4.2440753
540.6211,-1593.5527,4.560589,4.263519
541.471,-1593.026,4.558808,4.268315
542.3229,-1592.5022,4.5610094,4.269916
543.17633,-1591.9811,4.5632114,4.2715173
544.0312,-1591.4624,4.5654135,4.273119
544.88727,-1590.9456,4.5676155,4.27472
545.7443,-1590.4303,4.5703106,4.275825
546.60205,-1589.9164,4.57311,4.276825
547.4602,-1589.4031,4.5759096,4.277825
548.31866,-1588.8903,4.578709,4.278825
549.17706,-1588.3773,4.5815086,4.2798247
550.0352,-1587.864,4.584142,4.2809887
550.89307,-1587.3502,4.5867405,4.282188
551.75055,-1586.8357,4.589339,4.283387
552.6076,-1586.3206,4.591937,4.2845864
553.46423,-1585.8047,4.5945354,4.2857857
554.3204,-1585.288,4.5972977,4.2869844
555.176,-1584.7705,4.6000953,4.2881837
556.0312,-1584.2522,4.602893,4.2893825
556.8858,-1583.733,4.6056905,4.2905817
557.7399,-1583.213,4.608488,4.2917805
558.5935,-1582.6921,4.6111226,4.2928166
559.4466,-1582.1704,4.6137204,4.2938156
560.29913,-1581.6478,4.6163187,4.294815
561.1511,-1581.1243,4.6189165,4.295814
562.0025,-1580.5999,4.6215143,4.296813
562.85333,-1580.0745,4.624275,4.297975
563.70355,-1579.5481,4.627074,4.2991743
564.5532,-1579.0208,4.629872,4.3003736
565.4022,-1578.4924,4.6326704,4.301573
566.2506,-1577.9631,4.6354685,4.302772
567.0983,-1577.4329,4.638268,4.303972
567.94543,-1576.9014,4.6410675,4.3051715
568.7918,-1576.3689,4.6438665,4.3063717
569.6375,-1575.8353,4.646666,4.3075714
570.48254,-1575.3007,4.6494656,4.308771
571.32684,-1574.7649,4.6521044,4.309809
572.1704,-1574.2279,4.6547055,4.3108096
573.0133,-1573.69,4.657306,4.31181
573.85547,-1573.1508,4.6599073,4.3128104
574.6969,-1572.6105,4.662508,4.313811
575.5377,-1572.0691,4.665272,4.314974
576.3778,-1571.5267,4.6680746,4.316175
577.2172,-1570.9834,4.670877,4.3173757
578.056,-1570.439,4.6736794,4.318577
578.89417,-1569.8936,4.6764817,4.319778
579.73175,-1569.3473,4.6791215,4.320816
580.5687,-1568.8002,4.6817245,4.3218174
581.40515,-1568.2521,4.6843276,4.3228183
582.24097,-1567.7032,4.6869307,4.3238196
583.0763,-1567.1536,4.6895337,4.3248205
583.91113,-1566.603,4.6870413,4.3299313
584.7454,-1566.0518,4.683437,4.3359385
585.5792,-1565.4999,4.6798325,4.341946
586.4126,-1564.9471,4.6762276,4.347954
587.2455,-1564.3938,4.672623,4.3539615
588.078,-1563.8398,4.668025,4.3606315
588.91003,-1563.2852,4.663219,4.3674397
589.7417,-1562.73,4.6584134,4.374248
590.573,-1562.1742,4.6536074,4.3810563
591.40393,-1561.6179,4.6488013,4.3878646
592.2345,-1561.061,4.64383,4.3946714
593.06476,-1560.5038,4.6388245,4.4014783
593.8948,-1559.9459,4.6338196,4.408285
594.7244,-1559.3878,4.6288147,4.4150925
595.55383,-1558.8292,4.6238093,4.4218993
596.383,-1558.2703,4.618806,4.4288716
597.2119,-1557.7109,4.6138024,4.4358764
598.04065,-1557.1514,4.6087995,4.442881
598.86914,-1556.5914,4.603796,4.4498854
599.6975,-1556.0313,4.598793,4.45689
600.5257,-1555.471,4.5937915,4.463723
601.35376,-1554.9103,4.588791,4.4705243
602.1817,-1554.3496,4.5837903,4.4773254
603.0095,-1553.7886,4.578789,4.4841266
603.8372,-1553.2275,4.5737886,4.490927
604.6649,-1552.6664,4.5687904,4.4977245
605.49255,-1552.1052,4.563793,4.5045214
606.3201,-1551.544,4.5587955,4.511318
607.14777,-1550.9827,4.553798,4.5181146
607.97534,-1550.4215,4.5488005,4.5249114
608.803,-1549.8602,4.539948,4.5285163
609.6307,-1549.2992,4.53036,4.5315123
610.45844,-1548.7382,4.5207725,4.5345087
611.28625,-1548.1772,4.511185,4.5375047
612.1142,-1547.6163,4.5015974,4.5405006
612.94214,-1547.0557,4.489855,4.541665
613.77026,-1546.4952,4.4776816,4.5424633
614.5986,-1545.9349,4.465509,4.5432615
615.4271,-1545.3751,4.453336,4.5440598
616.2559,-1544.8157,4.4411626,4.544858
617.085,-1544.2566,4.4288325,4.5456557
617.9142,-1543.6976,4.416469,4.5464535
618.74304,-1543.1382,4.404105,4.547251
619.5712,-1542.5779,4.3917413,4.548049
620.3984,-1542.016,4.379378,4.5488467
621.2242,-1541.452,4.374096,4.542869
622.0481,-1540.8854,4.3705006,4.535279
622.8698,-1540.3156,4.366905,4.5276885
623.6888,-1539.7417,4.3633094,4.520098
624.5045,-1539.1635,4.359714,4.5125074
625.31665,-1538.58,4.3776474,4.4843154
626.1246,-1537.9907,4.4009156,4.451017
626.92786,-1537.3953,4.4241843,4.417719
627.72595,-1536.7927,4.4474535,4.3844204
628.5184,-1536.1829,4.4707217,4.3511224
629.30444,-1535.5648,4.494085,4.317689
630.08374,-1534.9381,4.517469,4.2842255
630.8555,-1534.3024,4.540853,4.250762
631.6193,-1533.6569,4.564237,4.2172985
632.3743,-1533.0013,4.5876207,4.1838355
633.12,-1532.335,4.6043153,4.186263
633.8555,-1531.6576,4.6198792,4.194752
634.58026,-1530.9686,4.6354437,4.203242
635.2934,-1530.2677,4.651008,4.211732
635.9941,-1529.5543,4.666572,4.220221
636.6816,-1528.8281,4.674586,4.229232
637.3552,-1528.0891,4.681836,4.238295
638.01447,-1527.3373,4.689087,4.2473583
638.65857,-1526.5724,4.6963377,4.256422
639.28705,-1525.7947,4.7035885,4.265486
639.89923,-1525.004,4.69647,4.2614822
640.49493,-1524.2008,4.6884875,4.2566924
641.0742,-1523.3857,4.6805053,4.251903
641.63696,-1522.5592,4.672523,4.2471137
642.18317,-1521.7217,4.664541,4.2423244
642.7128,-1520.8735,4.6423683,4.2723217
643.22577,-1520.0151,4.6191635,4.3048477
643.7219,-1519.147,4.595958,4.3373747
644.201,-1518.2692,4.572753,4.3699017
644.6629,-1517.3823,4.5495477,4.4024286
645.1075,-1516.4867,4.524086,4.4409
645.5345,-1515.5825,4.498346,4.480104
645.9438,-1514.67,4.472606,4.5193076
646.3351,-1513.7499,4.446866,4.5585117
646.7082,-1512.8221,4.421126,4.597716
647.063,-1511.8872,4.416,4.59233
647.3991,-1510.9456,4.4148083,4.5784326
647.7164,-1509.9972,4.413617,4.564535
648.0145,-1509.0427,4.412426,4.5506377
648.2932,-1508.0824,4.411235,4.536741
648.55225,-1507.1166,4.4199824,4.522932
648.79126,-1506.1456,4.4311714,4.5091457
649.0097,-1505.1698,4.442361,4.495359
649.2073,-1504.1896,4.4535503,4.481572
649.3834,-1503.2053,4.46474,4.467785
649.5377,-1502.2173,4.4834027,4.454869
649.6702,-1501.2262,4.5039563,4.442174
649.78107,-1500.2324,4.52451,4.429479
649.8703,-1499.2365,4.545063,4.416785
649.9382,-1498.2388,4.565617,4.4040895
649.9848,-1497.24,4.600933,4.3998036
650.01074,-1496.2404,4.6391582,4.3971744
650.01654,-1495.2404,4.6773825,4.394545
650.0029,-1494.2406,4.715606,4.391916
649.9704,-1493.2411,4.753831,4.389287
649.91974,-1492.2424,4.7748947,4.3733635
649.8514,-1491.2449,4.793858,4.3558125
649.76605,-1490.2485,4.8128214,4.338261
649.6643,-1489.2538,4.8317847,4.3207097
649.5467,-1488.2607,4.8507485,4.3031583
649.4138,-1487.2697,4.8433766,4.2941265
649.26636,-1486.2806,4.834144,4.285697
649.1048,-1485.2938,4.8249116,4.277267
648.9298,-1484.3093,4.815679,4.2688375
648.74194,-1483.3271,4.8064466,4.2604074
648.5418,-1482.3474,4.7694964,4.283195
648.3299,-1481.3701,4.7311378,4.3075686
648.10675,-1480.3954,4.6927795,4.331942
647.873,-1479.4231,4.654421,4.356316
647.6291,-1478.4534,4.616062,4.3806896
647.37555,-1477.4861,4.5915422,4.3942666
647.11285,-1476.5212,4.5678086,4.4072304
646.84155,-1475.5588,4.544075,4.420194
646.56213,-1474.5986,4.520342,4.433158
646.27496,-1473.6409,4.4966083,4.4461217
645.9805,-1472.6852,4.4819646,4.451842
645.6792,-1471.7317,4.4679813,4.4570355
645.3713,-1470.7804,4.453998,4.4622293
645.05707,-1469.831,4.440015,4.467423
644.7369,-1468.8837,4.4260316,4.4726167
644.4111,-1467.9384,4.430557,4.4828167
644.0799,-1466.9948,4.436556,4.493416
643.74365,-1466.053,4.4425554,4.5040145
643.4028,-1465.1129,4.448555,4.5146136
643.05743,-1464.1746,4.454554,4.5252123
642.70807,-1463.2375,4.4648137,4.5372953
642.3549,-1462.302,4.475415,4.549497
641.99835,-1461.3678,4.486017,4.561699
641.6386,-1460.4348,4.4966187,4.5739007
641.27606,-1459.5029,4.5072203,4.5861025
640.91095,-1458.5719,4.517636,4.5981183
640.54364,-1457.6418,4.528037,4.61012
640.17444,-1456.7125,4.538438,4.622121
639.8036,-1455.7839,4.548839,4.634122
639.43146,-1454.8557,4.55924,4.646123
639.0583,-1453.9281,4.569826,4.6581235
638.68445,-1453.0006,4.580426,4.670124
638.3102,-1452.0732,4.591027,4.682125
637.9359,-1451.146,4.6016273,4.6941257
637.5619,-1450.2186,4.612228,4.706126
637.1885,-1449.291,4.622644,4.7181277
636.81573,-1448.3632,4.633045,4.7301292
636.44366,-1447.4349,4.643447,4.7421308
636.07227,-1446.5065,4.653848,4.7541327
635.7016,-1445.5778,4.66425,4.7661343
635.3317,-1444.6487,4.6748376,4.7783227
634.9625,-1443.7194,4.68544,4.7905254
634.594,-1442.7898,4.6960425,4.8027287
634.2262,-1441.86,4.706645,4.8149314
633.85895,-1440.9298,4.717248,4.827134
633.4924,-1439.9995,4.727665,4.839152
633.1264,-1439.069,4.738068,4.8511558
632.7609,-1438.1382,4.7484717,4.8631597
632.3961,-1437.2072,4.758875,4.875163
632.0318,-1436.2759,4.769278,4.887167
631.66797,-1435.3445,4.7798676,4.899171
631.30475,-1434.4127,4.7904716,4.9111753
630.94196,-1433.481,4.801075,4.9231796
630.57965,-1432.549,4.811679,4.9351835
630.2178,-1431.6167,4.822283,4.947188
629.8564,-1430.6843,4.8328867,4.9591923
629.4954,-1429.7518,4.8434906,4.971197
629.1348,-1428.8191,4.8540945,4.9832015
628.7746,-1427.8862,4.8646984,4.995206
628.41473,-1426.9532,4.875303,5.0072107
628.0553,-1426.0201,4.88572,5.019215
627.6961,-1425.0869,4.896124,5.0312195
627.3373,-1424.1536,4.9065275,5.0432243
626.9787,-1423.2201,4.9169316,5.0552287
626.6204,-1422.2865,4.9273357,5.0672336
626.2624,-1421.3529,4.937927,5.0794253
625.9046,-1420.4191,4.9485307,5.0916295
625.54706,-1419.4852,4.9591346,5.103834
625.1897,-1418.5513,4.9697385,5.116039
624.8325,-1417.6173,4.9803424,5.1282434
624.47546,-1416.6832,4.9907584,5.1402597
624.1186,-1415.7491,5.001162,5.152264
623.7619,-1414.815,5.0115657,5.1642685
623.4053,-1413.8807,5.0219693,5.1762724
623.0487,-1412.9465,5.032373,5.188277
622.69226,-1412.0122,5.0429645,5.2002807
622.3359,-1411.0779,5.053568,5.212284
621.9795,-1410.1437,5.0641713,5.224288
621.62317,-1409.2094,5.0747743,5.236292
621.2668,-1408.275,5.0853777,5.248296
620.91046,-1407.3407,5.0957923,5.2602987
620.5541,-1406.4064,5.106195,5.272302
620.19763,-1405.472,5.116598,5.284305
619.8411,-1404.5378,5.127001,5.2963085
619.4845,-1403.6036,5.1374035,5.3083115
619.1278,-1402.6694,5.147994,5.3203144
618.771,-1401.7354,5.1585965,5.332317
618.414,-1400.8013,5.1691985,5.3443193
618.0569,-1399.8672,5.179801,5.356322
617.6995,-1398.9332,5.190403,5.3683243
617.342,-1397.9994,5.2008157,5.3805146
616.9842,-1397.0657,5.2112174,5.3927164
616.6262,-1396.132,5.2216187,5.404918
616.2681,-1395.1982,5.2320204,5.41712
615.90985,-1394.2648,5.2424216,5.429322
615.55145,-1393.3312,5.2530117,5.441334
615.19293,-1392.3977,5.2636127,5.453335
614.83435,-1391.4642,5.2742133,5.465336
614.4757,-1390.5308,5.2848144,5.477337
614.1171,-1389.5973,5.2954154,5.489338
613.75854,-1388.6638,5.305071,5.500205
613.4001,-1387.7303,5.3146715,5.511006
613.04175,-1386.7968,5.324272,5.5218062
612.68353,-1385.8632,5.333873,5.532607
612.3255,-1384.9296,5.3434734,5.543408
611.96765,-1383.9957,5.350995,5.550995
611.6101,-1383.0619,5.3583956,5.5583954
611.2528,-1382.1279,5.365796,5.565796
610.8958,-1381.1938,5.3731966,5.5731964
610.5392,-1380.2596,5.380597,5.580597
610.183,-1379.3253,5.387809,5.587809
609.82715,-1378.3909,5.3950095,5.59501
609.47174,-1377.4562,5.4022107,5.6022105
609.1168,-1376.5212,5.4094114,5.6094112
608.76245,-1375.5862,5.416612,5.6166124
608.4086,-1374.6509,5.4240026,5.624003
608.05536,-1373.7155,5.431404,5.631404
607.70276,-1372.7797,5.4388056,5.6388054
607.35077,-1371.8438,5.446207,5.646207
606.9995,-1370.9075,5.453608,5.6536083
606.6489,-1369.971,5.4608207,5.6610103
606.29913,-1369.0342,5.4680223,5.668412
605.95013,-1368.0972,5.4752245,5.675814
605.6019,-1367.1597,5.482426,5.683216
605.25464,-1366.222,5.4896283,5.690618
604.9082,-1365.2839,5.4970202,5.6980205
604.5627,-1364.3456,5.504423,5.705423
604.21814,-1363.4069,5.5118256,5.712826
603.8746,-1362.4678,5.519228,5.720228
603.53204,-1361.5283,5.526631,5.7276306
603.19055,-1360.5884,5.5338435,5.735034
602.8502,-1359.6482,5.5410466,5.742437
602.511,-1358.7075,5.5482497,5.7498403
602.1729,-1357.7664,5.555453,5.757243
601.8361,-1356.825,5.562656,5.7646465
601.5005,-1355.8829,5.57005,5.77205
601.16614,-1354.9406,5.5774536,5.7794533
600.8331,-1353.9977,5.584857,5.786857
600.5014,-1353.0543,5.5922604,5.7942605
600.1711,-1352.1105,5.599664,5.801664
599.84216,-1351.1661,5.600955,5.8067756
599.5147,-1350.2213,5.6019554,5.811778
599.1888,-1349.276,5.6029563,5.8167806
598.8643,-1348.3301,5.6039567,5.821783
598.54144,-1347.3837,5.604957,5.8267856
598.22015,-1346.4368,5.596382,5.828532
597.90045,-1345.4893,5.587378,5.830133
597.58234,-1344.5413,5.578374,5.8317337
597.2658,-1343.5927,5.5693703,5.8333344
596.95087,-1342.6436,5.560366,5.8349347
596.6376,-1341.694,5.551554,5.836344
596.3258,-1340.7439,5.542751,5.837744
596.01556,-1339.7932,5.5339475,5.8391447
595.7069,-1338.842,5.525144,5.840545
595.3998,-1337.8905,5.5163407,5.8419456
595.09424,-1336.9384,5.5073457,5.843346
594.79016,-1335.9857,5.498343,5.8447466
594.4876,-1335.0326,5.48934,5.846147
594.1866,-1334.0791,5.480337,5.8475475
593.887,-1333.125,5.471334,5.848948
593.5889,-1332.1705,5.4625244,5.8503485
593.2923,-1331.2156,5.453722,5.851749
592.9972,-1330.2601,5.44492,5.853149
592.7035,-1329.3042,5.4361176,5.8545494
592.41125,-1328.3479,5.4273157,5.85595
592.1205,-1327.3911,5.4183207,5.857543
591.8311,-1326.434,5.409319,5.8591433
591.54315,-1325.4764,5.400317,5.8607435
591.2566,-1324.5183,5.3913155,5.862344
590.97144,-1323.5599,5.3823137,5.863944
590.6877,-1322.6011,5.373505,5.8653517
590.40533,-1321.6417,5.3647037,5.8667517
590.1243,-1320.6821,5.355902,5.8681517
589.84467,-1319.722,5.347101,5.869552
589.56635,-1318.7616,5.3382998,5.870952
589.28937,-1317.8008,5.3294983,5.8723526
589.01373,-1316.8395,5.3206973,5.8737526
588.73944,-1315.8779,5.311896,5.875153
588.46643,-1314.9159,5.3030944,5.876553
588.19476,-1313.9536,5.2942934,5.8779535
587.9243,-1312.9908,5.281431,5.868332
587.6552,-1312.0278,5.2684293,5.8583302
587.3873,-1311.0643,5.2554274,5.8483286
587.1208,-1310.1006,5.2424254,5.8383274
586.8554,-1309.1365,5.2294235,5.8283257
586.5913,-1308.172,5.2073255,5.791037
586.3285,-1307.2073,5.1849213,5.75283
586.06683,-1306.2421,5.162517,5.7146225
585.8064,-1305.2766,5.1401124,5.6764154
585.5472,-1304.3108,5.117708,5.638208
585.2892,-1303.3447,5.095302,5.5999975
585.03235,-1302.3783,5.0728965,5.5617876
584.7767,-1301.4116,5.0504904,5.523577
584.5222,-1300.4446,5.0280843,5.485367
584.26886,-1299.4772,5.005678,5.4471564
584.01666,-1298.5095,4.9832697,5.4089417
583.7656,-1297.5416,4.9608607,5.370727
583.5157,-1296.5734,4.9384522,5.332512
583.2669,-1295.6049,4.9160433,5.294297
583.01917,-1294.6361,4.893635,5.256082
582.7726,-1293.667,4.8712225,5.217861
582.5271,-1292.6976,4.84881,5.1796403
582.28265,-1291.728,4.826398,5.1414194
582.03925,-1290.758,4.803985,5.103198
581.79694,-1289.788,4.781573,5.064977
581.5556,-1288.8175,4.7591577,5.0267506
581.31525,-1287.8469,4.736742,4.988524
581.07587,-1286.876,4.7143264,4.9502974
580.83746,-1285.9049,4.6919107,4.9120708
580.60004,-1284.9335,4.669495,4.873844
580.36346,-1283.9619,4.6470776,4.835614
580.1278,-1282.9901,4.62466,4.7973843
579.893,-1282.0181,4.602242,4.759154
579.65906,-1281.0459,4.5798244,4.720924
579.42596,-1280.0735,4.557407,4.682694
579.19366,-1279.1008,4.534988,4.6442657
578.96216,-1278.128,4.5125694,4.6058335
578.73145,-1277.155,4.490151,4.5674014
578.50146,-1276.1819,4.467732,4.5289693
578.2722,-1275.2086,4.4453135,4.490537
578.0437,-1274.2351,4.4329605,4.4700656
577.8158,-1273.2614,4.42075,4.4498487
577.5886,-1272.2876,4.4085402,4.4296317
577.3621,-1271.3136,4.39633,4.409415
577.13617,-1270.3395,4.3841195,4.389198
576.9109,-1269.3652,4.384793,4.390982
576.68616,-1268.3909,4.3855934,4.3929834
576.46204,-1267.4164,4.386394,4.394985
576.2384,-1266.4417,4.3871946,4.396987
576.0153,-1265.4669,4.3879952,4.3989887
575.7927,-1264.4921,4.388796,4.40099
575.5706,-1263.5171,4.3895965,4.4029913
575.349,-1262.542,4.390397,4.404993
575.1278,-1261.5668,4.3911977,4.4069943
574.907,-1260.5916,4.3919983,4.408996
574.6866,-1259.6161,4.392599,4.4107976
574.4666,-1258.6406,4.3931994,4.412599
574.24695,-1257.6652,4.3938,4.4144
574.02765,-1256.6895,4.3944006,4.416201
573.80865,-1255.7137,4.395001,4.4180026
573.58997,-1254.738,4.3958015,4.420004
573.3715,-1253.7622,4.396602,4.422005
573.1533,-1252.7864,4.3974023,4.424006
572.9354,-1251.8104,4.398203,4.4260073
572.71765,-1250.8345,4.3990026,4.4280076
572.5001,-1249.8584,4.399603,4.429808
572.2828,-1248.8823,4.400203,4.431609
572.06555,-1247.9063,4.400803,4.43341
571.84845,-1246.9302,4.4014034,4.4352107
571.6315,-1245.954,4.402005,4.4370127
571.4146,-1244.9779,4.4028053,4.4390135
571.1978,-1244.0017,4.4036055,4.441014
570.981,-1243.0255,4.404406,4.4430146
570.7642,-1242.0493,4.405206,4.4450154
570.5475,-1241.0731,4.406005,4.447016
570.33075,-1240.0969,4.406605,4.449016
570.1139,-1239.1207,4.407205,4.4510164
569.8971,-1238.1445,4.407805,4.4530168
569.68024,-1237.1685,4.4084053,4.455017
569.4634,-1236.1923,4.409007,4.4570155
569.24646,-1235.2161,4.4098067,4.4588156
569.0295,-1234.24,4.410607,4.4606156
568.8125,-1233.2638,4.411407,4.4624157
568.59546,-1232.2877,4.412207,4.4642158
568.3784,-1231.3115,4.413007,4.4660172
568.1614,-1230.3354,4.413807,4.468017
567.9443,-1229.3593,4.4146066,4.470017
567.7272,-1228.3832,4.4154067,4.472017
567.51,-1227.4071,4.4162064,4.474016
567.29285,-1226.431,4.417005,4.4760146
567.0756,-1225.4548,4.417605,4.477814
566.8584,-1224.4788,4.418205,4.479614
566.6412,-1223.5027,4.4188046,4.4814134
566.4239,-1222.5266,4.4194045,4.483213
566.20654,-1221.5505,4.420006,4.485014
565.98926,-1220.5745,4.4208055,4.4870133
565.7719,-1219.5985,4.421605,4.4890127
565.5545,-1218.6224,4.422405,4.491012
565.3371,-1217.6464,4.4232044,4.4930115
565.1197,-1216.6703,4.424003,4.49501
564.9023,-1215.6942,4.424603,4.4968095
564.6848,-1214.7183,4.425203,4.4986086
564.4673,-1213.7422,4.4258027,4.500408
564.2498,-1212.7662,4.4264026,4.5022073
564.0323,-1211.7902,4.427003,4.5040073
563.81476,-1210.8141,4.4278026,4.5060067
563.59717,-1209.8381,4.428602,4.508006
563.3796,-1208.8622,4.429402,4.510005
563.162,-1207.8861,4.4302015,4.5120044
562.9444,-1206.9102,4.431001,4.5140038
562.72675,-1205.9341,4.431601,4.5160027
562.5091,-1204.9581,4.4322004,4.518002
562.2914,-1203.9822,4.4328003,4.520001
562.0737,-1203.0061,4.4334,4.5220003
561.856,-1202.0302,4.434,4.523999
561.6383,-1201.0542,4.4347997,4.525799
561.4206,-1200.0782,4.4355993,4.527598
561.2028,-1199.1023,4.436399,4.5293975
560.98505,-1198.1263,4.4371986,4.5311966
560.7673,-1197.1503,4.4379983,4.5329957
560.5495,-1196.1743,4.4385986,4.5349946
560.33167,-1195.1984,4.439198,4.536994
560.1139,-1194.2224,4.439798,4.5389934
559.89606,-1193.2465,4.4403977,4.5409923
559.6782,-1192.2705,4.4409976,4.5429916
559.4604,-1191.2946,4.4417963,4.5447917
559.2425,-1190.3186,4.442596,4.5465913
559.02466,-1189.3427,4.443396,4.548391
558.80676,-1188.3668,4.4441957,4.55019
558.58887,-1187.3909,4.4449954,4.5519896
558.371,-1186.4149,4.445795,4.553988
558.1531,-1185.439,4.4465947,4.5559874
557.9351,-1184.463,4.447395,4.5579867
557.7172,-1183.487,4.4481945,4.559986
557.49927,-1182.5111,4.448994,4.561986
557.2814,-1181.5353,4.4495955,4.5639853
557.0634,-1180.5593,4.4501953,4.565985
556.84546,-1179.5834,4.4507957,4.567985
556.6275,-1178.6074,4.4513955,4.5699844
556.40955,-1177.6316,4.4519954,4.5719843
556.1916,-1176.6556,4.4527936,4.573786
555.97363,-1175.6797,4.4535937,4.5755854
555.7556,-1174.7037,4.4543934,4.5773854
555.53766,-1173.7279,4.4551935,4.5791855
555.3197,-1172.752,4.4559937,4.580985
555.1017,-1171.776,4.456595,4.582984
554.8837,-1170.8,4.4571953,4.584984
554.6657,-1169.8242,4.457795,4.586984
554.44775,-1168.8483,4.4583955,4.588984
554.22974,-1167.8723,4.4589953,4.5909843
554.0118,-1166.8965,4.459794,4.5927863
553.79376,-1165.9205,4.460594,4.594587
553.5758,-1164.9446,4.4613943,4.5963874
553.3578,-1163.9686,4.4621944,4.5981874
553.13983,-1162.9928,4.4629946,4.599988
552.9218,-1162.0168,4.4635963,4.6019874
552.70386,-1161.0409,4.4641967,4.603988
552.4859,-1160.0651,4.4647965,4.605989
552.2679,-1159.0891,4.465397,4.60799
552.0499,-1158.1132,4.465997,4.6099906
551.832,-1157.1372,4.466797,4.611793
551.614,-1156.1614,4.4675975,4.613594
551.39606,-1155.1854,4.4683976,4.615395
551.1781,-1154.2095,4.469198,4.617196
550.96014,-1153.2335,4.469999,4.618997
550.7422,-1152.2576,4.4696,4.620599
550.52423,-1151.2817,4.4692,4.6222
550.30634,-1150.3058,4.4687996,4.623801
550.0884,-1149.3298,4.4683995,4.625403
549.8705,-1148.3539,4.4679923,4.6270003
549.6526,-1147.3779,4.464989,4.6272006
549.4347,-1146.402,4.461986,4.627401
549.2168,-1145.426,4.458983,4.627601
548.9989,-1144.4502,4.45598,4.6278014
548.78107,-1143.4742,4.452975,4.628003
548.5632,-1142.4983,4.4497705,4.6284037
548.34534,-1141.5223,4.446566,4.628804
548.1275,-1140.5464,4.443362,4.6292048
547.90967,-1139.5704,4.440158,4.6296053
547.69183,-1138.5945,4.4369564,4.630003
547.47406,-1137.6185,4.433952,4.6302032
547.2563,-1136.6426,4.430947,4.6304035
547.0385,-1135.6665,4.427942,4.630604
546.82074,-1134.6906,4.4249372,4.630804
546.60297,-1133.7146,4.421928,4.6310043
546.3853,-1132.7386,4.4187217,4.631205
546.1676,-1131.7627,4.415516,4.6314054
545.95,-1130.7866,4.41231,4.6316056
545.7325,-1129.8107,4.409104,4.631806
545.515,-1128.8346,4.4059043,4.632013
545.2976,-1127.8585,4.4028983,4.6324134
545.0804,-1126.8824,4.3998923,4.6328144
544.8632,-1125.9064,4.3968863,4.633215
544.6462,-1124.9302,4.3938804,4.633616
544.4293,-1123.9541,4.3908663,4.6340084
544.21265,-1122.9779,4.38766,4.6342087
543.9961,-1122.0016,4.384454,4.634409
543.7797,-1121.0254,4.3812475,4.6346097
543.5636,-1120.0491,4.378041,4.63481
543.34766,-1119.0726,4.374845,4.6350207
543.13196,-1118.0962,4.3718395,4.6354213
542.91644,-1117.1198,4.368834,4.6358223
542.70123,-1116.1432,4.3658285,4.636223
542.4862,-1115.1666,4.362823,4.6366234
542.27155,-1114.19,4.359818,4.637012
542.0571,-1113.2133,4.3568134,4.6372123
541.843,-1112.2365,4.353809,4.6374125
541.6292,-1111.2596,4.350804,4.6376133
541.4157,-1110.2827,4.3477993,4.6378136
541.2026,-1109.3058,4.3447814,4.638027
540.9898,-1108.3287,4.341578,4.6384277
540.77734,-1107.3516,4.3383746,4.6388283
540.5653,-1106.3744,4.3351707,4.639229
540.35364,-1105.397,4.3319674,4.639629
540.1424,-1104.4197,4.3287787,4.6400146
539.9315,-1103.4421,4.3257775,4.640215
539.7211,-1102.4646,4.322776,4.6404147
539.5111,-1101.4869,4.319774,4.640615
539.30164,-1100.5092,4.316773,4.6408153
539.0925,-1099.5313,4.313756,4.641015
538.884,-1098.5533,4.310557,4.6412153
538.67584,-1097.5752,4.307358,4.641415
538.46826,-1096.597,4.304158,4.641615
538.26117,-1095.6188,4.300959,4.641815
538.0546,-1094.6404,4.297775,4.64203
537.84863,-1093.6619,4.2947783,4.6424294
537.6431,-1092.6832,4.2917814,4.642829
537.43823,-1091.7045,4.288785,4.6432285
537.23395,-1090.7256,4.285788,4.643628
537.0302,-1089.7466,4.282778,4.644014
536.8271,-1088.7675,4.2795844,4.6442137
536.6246,-1087.7882,4.2763915,4.644413
536.42267,-1086.8088,4.273198,4.644613
536.22144,-1085.8293,4.2700047,4.644812
536.0208,-1084.8497,4.266824,4.6450233
535.8209,-1083.87,4.2638335,4.645422
535.62164,-1082.89,4.2608438,4.645821
535.4231,-1081.9099,4.2578535,4.6462197
535.2252,-1080.9298,4.2548633,4.6466184
535.028,-1079.9495,4.251865,4.6470084
534.8315,-1078.969,4.248679,4.6472077
534.6355,-1077.9884,4.2454934,4.6474066
534.43976,-1077.0078,4.2423077,4.647606
534.2442,-1076.0271,4.2391214,4.6478047
534.0486,-1075.0465,4.23594,4.648008
533.85266,-1074.0659,4.2329545,4.648406
533.6564,-1073.0853,4.229969,4.648804
533.4594,-1072.105,4.226983,4.6492023
533.2617,-1071.1248,4.2239976,4.6496005
533.063,-1070.1448,4.221012,4.649998
532.86316,-1069.1649,4.2178273,4.6501985
532.6619,-1068.1854,4.214641,4.6503973
532.4592,-1067.2063,4.211455,4.6505966
532.25476,-1066.2274,4.208269,4.6507955
532.04846,-1065.2489,4.205083,4.650995
531.84,-1064.271,4.204029,4.6471167
531.6294,-1063.2935,4.2030325,4.643129
531.41626,-1062.3164,4.2020354,4.6391416
531.2005,-1061.34,4.2010384,4.6351542
530.98193,-1060.3643,4.200042,4.6311665
530.7604,-1059.3892,4.208804,4.606118
530.53564,-1058.4148,4.217993,4.5801516
530.30756,-1057.4412,4.227181,4.5541844
530.07587,-1056.4684,4.236369,4.5282173
529.8404,-1055.4966,4.2455573,4.5022507
529.6011,-1054.5256,4.254766,4.4762273
529.3576,-1053.5558,4.263975,4.450201
529.1098,-1052.587,4.2731843,4.424175
528.85754,-1051.6194,4.2823935,4.398148
528.6006,-1050.653,4.291603,4.3721223
528.33875,-1049.6879,4.310819,4.352373
528.0719,-1048.7242,4.330486,4.3329067
527.79974,-1047.762,4.350153,4.3134403
527.5222,-1046.8013,4.36982,4.293974
527.2391,-1045.8423,4.389487,4.274508
526.95013,-1044.8849,4.416834,4.2597017
526.6553,-1043.9294,4.444387,4.24502
526.3542,-1042.9758,4.4719396,4.2303386
526.04675,-1042.0243,4.4994926,4.215657
525.73285,-1041.075,4.5270457,4.200976
525.41223,-1040.1278,4.5548406,4.186475
525.0847,-1039.183,4.582635,4.171973
524.7502,-1038.2406,4.6104293,4.1574717
524.40845,-1037.3008,4.638224,4.14297
524.0593,-1036.3638,4.6650443,4.128727
523.7027,-1035.4296,4.666253,4.1212726
523.3383,-1034.4984,4.667462,4.1138186
522.9661,-1033.5703,4.6686707,4.1063647
522.5859,-1032.6454,4.6698794,4.098911
522.1974,-1031.724,4.6702085,4.0917068
521.8006,-1030.8062,4.659346,4.0876837
521.3954,-1029.892,4.6484838,4.0836606
520.9816,-1028.9816,4.6376214,4.0796375
520.5592,-1028.0752,4.6267595,4.0756145
520.1281,-1027.173,4.616246,4.0722036
519.68823,-1026.275,4.6088243,4.0742097
519.2396,-1025.3813,4.6014023,4.0762157
518.7823,-1024.4921,4.593981,4.0782213
518.3164,-1023.60724,4.586559,4.0802274
517.8419,-1022.727,4.580675,4.08491
517.3589,-1021.85144,4.5864797,4.10993
516.86743,-1020.9806,4.592284,4.13495
516.36755,-1020.11456,4.598089,4.1599703
515.8592,-1019.2534,4.6038938,4.1849904
515.34247,-1018.39734,4.6096253,4.2099104
514.8174,-1017.5463,4.614823,4.234098
514.284,-1016.7005,4.62002,4.258285
513.7424,-1015.8599,4.625217,4.282472
513.19244,-1015.0248,4.6304145,4.3066597
512.6343,-1014.19507,4.6348352,4.329058
512.06793,-1013.371,4.633437,4.338048
511.49344,-1012.5525,4.6320386,4.347038
510.91083,-1011.7398,4.63064,4.3560276
510.3201,-1010.933,4.629242,4.3650174
509.7213,-1010.1321,4.627821,4.373985
509.11447,-1009.33734,4.6262226,4.382775
508.49963,-1008.5487,4.6246247,4.3915644
507.87683,-1007.76636,4.6230264,4.4003544
507.24606,-1006.9905,4.6214285,4.4091444
506.60736,-1006.22107,4.620446,4.4171276
505.96082,-1005.45825,4.6246433,4.418327
505.3064,-1004.70215,4.6288404,4.4195256
504.64413,-1003.95294,4.6330376,4.420725
503.9741,-1003.21063,4.6372347,4.421924
503.2963,-1002.47546,4.642317,4.4218063
502.61078,-1001.74744,4.6551175,4.410206
501.91757,-1001.02673,4.667918,4.3986053
501.2167,-1000.31354,4.680719,4.387005
500.50824,-999.60785,4.6935196,4.3754044
499.7922,-998.90985,4.7063417,4.3638234
499.0686,-998.21967,4.7193527,4.3524137
498.33752,-997.5374,4.7323637,4.341004
497.599,-996.8632,4.7453747,4.329594
496.8531,-996.19727,4.7583857,4.318185
496.0998,-995.5397,4.7640004,4.3126664
495.33917,-994.8905,4.708118,4.3561306
494.57132,-994.24994,4.6522355,4.399595
493.79623,-993.61816,4.5963526,4.443059
493.014,-992.9952,4.54047,4.486523
492.2247,-992.3813,4.48569,4.5290227
491.42838,-991.7765,4.439413,4.5640807
490.62506,-991.18097,4.3931365,4.599139
489.81485,-990.5949,4.34686,4.634197
488.9978,-990.01843,4.3005834,4.6692553
488.17395,-989.45166,4.2660346,4.694433
487.3434,-988.8948,4.315087,4.649185
486.50626,-988.3479,4.364139,4.6039367
485.6626,-987.8111,4.413192,4.558688
484.81253,-987.2845,4.4622455,4.5134387
483.95615,-986.76825,4.5084143,4.469918
483.09363,-986.26227,4.535001,4.4381347
482.2254,-985.7662,4.561587,4.406351
481.3519,-985.2794,4.5881724,4.3745685
480.47354,-984.8015,4.6147575,4.3427863
479.5907,-984.3319,4.636871,4.31367
478.7038,-983.87006,4.6278925,4.3030953
477.81317,-983.41534,4.618913,4.29252
476.91925,-982.9672,4.6099343,4.281945
476.0224,-982.525,4.6009555,4.27137
475.12292,-982.0881,4.591954,4.260795
474.2212,-981.6559,4.582777,4.2502213
473.31732,-981.22815,4.5735993,4.2396474
472.41147,-980.8047,4.564422,4.2290735
471.50375,-980.38513,4.555245,4.2184997
470.59436,-979.9693,4.5456796,4.209711
469.68323,-979.55725,4.532679,4.216711
468.77005,-979.1498,4.519679,4.2237115
467.8544,-978.7479,4.5066786,4.2307115
466.93585,-978.3527,4.493678,4.237712
466.01404,-977.96515,4.480551,4.245306
465.0886,-977.5863,4.4663005,4.2581515
464.15924,-977.2172,4.45205,4.270997
463.22568,-976.85895,4.4378,4.2838426
462.28766,-976.51245,4.423549,4.296688
461.34497,-976.17896,4.411552,4.3074
460.3975,-975.85925,4.416174,4.302376
459.44528,-975.55396,4.4207964,4.297352
458.48843,-975.2635,4.4254184,4.292328
457.52707,-974.9884,4.430041,4.2873034
456.5613,-974.7291,4.437828,4.2792873
455.5914,-974.4859,4.464504,4.2534137
454.61765,-974.2584,4.491179,4.2275405
453.64044,-974.04626,4.5178537,4.2016683
452.66013,-973.84906,4.544527,4.175797
451.677,-973.6663,4.565361,4.158727
450.69138,-973.4977,4.554955,4.188745
449.70346,-973.3431,4.5445485,4.2187634
448.71344,-973.20233,4.534142,4.2487826
447.7216,-973.0753,4.523735,4.2788024
446.72806,-972.9619,4.5112734,4.311036
445.73312,-972.8619,4.488078,4.354827
444.737,-972.7743,4.464883,4.3986173
443.73996,-972.69824,4.441689,4.4424067
442.74213,-972.6328,4.4184947,4.4861956
441.7437,-972.577,4.3991594,4.5214386
440.74487,-972.5299,4.400158,4.511651
439.7457,-972.49005,4.401157,4.5018635
438.7463,-972.45605,4.4021554,4.492076
437.7468,-972.4264,4.4031544,4.4822884
436.74716,-972.3998,4.4041224,4.4725323
435.74753,-972.3749,4.404921,4.462949
434.74783,-972.35065,4.4057198,4.4533653
433.74817,-972.3262,4.406518,4.443782
432.74854,-972.3005,4.4073167,4.434198
431.74896,-972.2727,4.4081445,4.4245844
430.74945,-972.2422,4.4091434,4.414794
429.75006,-972.20905,4.4101424,4.405004
428.7507,-972.1735,4.4111414,4.395214
427.75146,-972.1359,4.4121404,4.3854237
426.75226,-972.0965,4.4131393,4.375661
425.75314,-972.0555,4.4141393,4.3660636
424.75406,-972.013,4.4151387,4.356467
423.75507,-971.9692,4.4161386,4.34687
422.7561,-971.92413,4.417138,4.337273
421.75723,-971.87787,4.418138,4.3276753
420.75836,-971.8306,4.4191384,4.3180723
419.75958,-971.7824,4.4201384,4.30847
418.7608,-971.7335,4.421139,4.298867
417.76205,-971.68396,4.422139,4.289264
416.76334,-971.634,4.4231114,4.279633
415.76465,-971.5837,4.423912,4.269825
414.76596,-971.53326,4.424713,4.2600164
413.76727,-971.4828,4.4255137,4.2502084
412.76855,-971.4324,4.4263144,4.2404
411.76987,-971.38226,4.4271436,4.2306194
410.77112,-971.33246,4.4281454,4.2210064
409.77237,-971.2832,4.429147,4.211393
408.7736,-971.2346,4.430148,4.2017794
407.77475,-971.1869,4.4311495,4.192166
406.7759,-971.14,4.432151,4.182522
405.77698,-971.09424,4.4331527,4.1727033
404.778,-971.04974,4.4341545,4.162884
403.77896,-971.00653,4.4351563,4.1530657
402.77988,-970.96484,4.4361587,4.143247
401.7807,-970.92487,4.4371285,4.1334596
400.78146,-970.8866,4.43793,4.1238375
399.78217,-970.8503,4.438732,4.114215
398.78278,-970.816,4.439534,4.1045923
397.78333,-970.78394,4.4403358,4.09497
396.7838,-970.7542,4.441172,4.085313
395.7842,-970.727,4.442175,4.0754876
394.78455,-970.7024,4.443177,4.065663
393.78482,-970.68054,4.44418,4.0558376
392.78503,-970.6616,4.4451823,4.0460124
391.7852,-970.6457,4.446185,4.0362244
390.7853,-970.633,4.4471874,4.0266004
389.7854,-970.62366,4.4481897,4.0169764
388.78543,-970.61774,4.4491925,4.0073524
387.7855,-970.6154,4.450195,3.9977286
386.78552,-970.6169,4.456407,4.00184
385.78555,-970.6222,4.48386,4.061957
384.78564,-970.6316,4.5113134,4.122073
383.78577,-970.6451,4.538767,4.18219
382.78595,-970.6629,4.56622,4.242306
381.78625,-970.6852,4.586056,4.2873945
380.78665,-970.712,4.576649,4.2747855
379.78717,-970.7435,4.5672426,4.2621765
378.78787,-970.7799,4.557836,4.2495675
377.78876,-970.8212,4.5484295,4.2369585
376.78986,-970.8676,4.539026,4.224354
375.79123,-970.91925,4.529636,4.211767
374.79288,-970.9761,4.5202456,4.19918
373.79486,-971.0382,4.510855,4.1865935
372.79715,-971.10565,4.5014653,4.1740065
371.79987,-971.17847,4.4920774,4.1614637
370.80295,-971.25665,4.4826984,4.1490917
369.8065,-971.3403,4.4733195,4.1367197
368.8105,-971.4294,4.463941,4.1243477
367.81503,-971.524,4.454562,4.1119757
366.8201,-971.62415,4.4453773,4.101459
365.82574,-971.73,4.4370003,4.0986667
364.832,-971.8414,4.428623,4.0958743
363.83893,-971.95856,4.4202466,4.093082
362.84653,-972.0814,4.4118695,4.0902896
361.8549,-972.2101,4.403923,4.0913386
360.864,-972.3446,4.3979387,4.1098895
359.87393,-972.485,4.3919544,4.128441
358.88474,-972.63135,4.3859706,4.1469917
357.89645,-972.7836,4.3799863,4.165543
356.9091,-972.94196,4.3740015,4.184096
355.92273,-973.1064,4.3680134,4.2026587
354.9374,-973.27686,4.3620253,4.221221
353.9532,-973.45355,4.3560376,4.239784
352.9701,-973.6365,4.3500495,4.258346
351.9882,-973.8257,4.3450937,4.2746572
351.0075,-974.0212,4.345693,4.278853
350.02814,-974.223,4.3462925,4.2830486
349.0501,-974.43134,4.346892,4.2872443
348.0735,-974.64606,4.3474913,4.29144
347.0983,-974.8673,4.348394,4.295091
346.12463,-975.09515,4.3509946,4.295691
345.15253,-975.3296,4.353595,4.2962914
344.18207,-975.57074,4.3561954,4.296891
343.21332,-975.81854,4.358796,4.2974916
342.2463,-976.0731,4.3613663,4.298061
341.2811,-976.33453,4.36377,4.298462
340.3178,-976.6028,4.3661737,4.2988625
339.35645,-976.878,4.3685775,4.299263
338.3971,-977.16016,4.3709807,4.2996635
337.43985,-977.4493,4.376401,4.296535
336.48477,-977.7455,4.3976593,4.274875
335.53192,-978.0488,4.418918,4.253216
334.58136,-978.35925,4.4401765,4.231556
333.6332,-978.6769,4.461435,4.2098966
332.68747,-979.0018,4.482697,4.1882334
331.7443,-979.3339,4.503977,4.1665516
330.8037,-979.6734,4.5252566,4.1448703
329.86584,-980.02026,4.546537,4.123189
328.93076,-980.3746,4.5678167,4.1015077
327.99854,-980.7363,4.589099,4.0798235
327.06924,-981.10565,4.6103916,4.0581293
326.143,-981.4824,4.631684,4.0364356
325.21985,-981.86676,4.652976,4.0147414
324.29987,-982.25867,4.6742687,3.993047
323.38312,-982.6581,4.695561,3.971353
322.4697,-983.065,4.716852,3.9496598
321.5596,-983.47925,4.738144,3.9279668
320.65283,-983.9008,4.759435,3.9062736
319.74942,-984.3295,4.7807264,3.8845806
318.8494,-984.76526,4.791229,3.874528
317.95273,-985.2079,4.766741,3.9022276
317.05945,-985.6573,4.7422523,3.9299273
316.16956,-986.1134,4.7177644,3.9576273
315.28308,-986.5761,4.693276,3.985327
314.40002,-987.0453,4.668337,4.013528
313.5204,-987.5209,4.6420712,4.043202
312.64417,-988.0027,4.6158056,4.072876
311.77136,-988.49066,4.58954,4.1025505
310.90198,-988.98474,4.5632744,4.1322246
310.036,-989.4848,4.5385633,4.161089
309.17343,-989.99066,4.518138,4.1877217
308.3143,-990.5023,4.497713,4.2143545
307.45853,-991.01965,4.477288,4.2409873
306.60617,-991.5425,4.456863,4.26762
305.75717,-992.07086,4.4390044,4.2928824
304.91156,-992.60455,4.4280043,4.314482
304.06927,-993.14355,4.417004,4.3360825
303.23035,-993.6877,4.406004,4.3576827
302.3947,-994.23694,4.3950043,4.379283
301.56235,-994.79114,4.384007,4.400932
300.73328,-995.35016,4.373018,4.4227104
299.90747,-995.9141,4.362028,4.4444895
299.08502,-996.48285,4.351039,4.4662685
298.2659,-997.0564,4.3400493,4.4880476
297.45013,-997.63477,4.3392124,4.497482
296.63782,-998.2179,4.366172,4.473119
295.82892,-998.8058,4.3931313,4.4487557
295.02353,-999.3985,4.42009,4.4243927
294.2217,-999.996,4.4470496,4.400029
293.42352,-1000.5983,4.476136,4.3730197
292.629,-1001.2055,4.5112786,4.338476
291.8382,-1001.8175,4.5464206,4.303933
291.05118,-1002.4344,4.581563,4.2693896
290.26797,-1003.0561,4.6167054,4.2348466
289.48865,-1003.6827,4.6373186,4.2182517
288.71326,-1004.3141,4.614751,4.2549987
287.94186,-1004.9504,4.5921836,4.2917457
287.1745,-1005.59155,4.569616,4.3284926
286.41125,-1006.2376,4.5470486,4.3652396
285.65216,-1006.8885,4.5192013,4.4084897
284.89725,-1007.5443,4.475045,4.4718266
284.14664,-1008.205,4.430889,4.535164
283.40036,-1008.8706,4.386733,4.5985007
282.65848,-1009.5411,4.3425765,4.661838
281.92108,-1010.2165,4.3097186,4.708563
281.18823,-1010.8968,4.3127174,4.7025657
280.45993,-1011.582,4.3157163,4.696568
279.73624,-1012.2721,4.3187146,4.6905704
279.0172,-1012.96704,4.3217134,4.6845727
278.30292,-1013.6668,4.326994,4.675058
277.59335,-1014.3714,4.339596,4.6542544
276.88855,-1015.08075,4.3521976,4.6334515
276.1885,-1015.7948,4.3647995,4.6126485
275.49326,-1016.51355,4.3774014,4.591845
274.80286,-1017.2369,4.390434,4.570277
274.11725,-1017.9648,4.404842,4.5462637
273.43646,-1018.69727,4.41925,4.52225
272.76056,-1019.4342,4.433658,4.4982367
272.08957,-1020.1756,4.448066,4.474223
271.42343,-1020.9214,4.463199,4.4485664
270.76224,-1021.6716,4.4806147,4.41774
270.106,-1022.426,4.4980297,4.3869133
269.45468,-1023.1848,4.5154448,4.3560863
268.80832,-1023.9478,4.53286,4.3252597
268.167,-1024.715,4.550325,4.294431
267.53064,-1025.4863,4.5679445,4.263597
266.8993,-1026.2618,4.585564,4.232763
266.273,-1027.0414,4.6031837,4.2019286
265.65176,-1027.825,4.6208034,4.1710944
265.03558,-1028.6125,4.6356587,4.1479497
264.42447,-1029.404,4.6422677,4.1477494
263.81845,-1030.1995,4.648876,4.147549
263.21756,-1030.9987,4.655485,4.147349
262.6218,-1031.8019,4.6620936,4.1471486
262.03116,-1032.6088,4.6680837,4.148548
261.4457,-1033.4194,4.67229,4.154557
260.8654,-1034.2338,4.6764965,4.1605663
260.29028,-1035.0518,4.6807027,4.1665754
259.72037,-1035.8734,4.6849093,4.1725845
259.15564,-1036.6986,4.689169,4.178541
258.59616,-1037.5275,4.693577,4.1843514
258.04193,-1038.3597,4.6979847,4.1901617
257.49295,-1039.1956,4.7023926,4.195972
256.94922,-1040.0348,4.7068005,4.201782
256.4108,-1040.8774,4.708407,4.202979
255.87766,-1041.7234,4.702595,4.191956
255.34982,-1042.5728,4.696783,4.1809335
254.82732,-1043.4253,4.690971,4.169911
254.31015,-1044.2811,4.685159,4.158888
253.79836,-1045.1403,4.6789474,4.147294
253.2919,-1046.0024,4.6717296,4.134262
252.79085,-1046.8678,4.664512,4.12123
252.29517,-1047.7363,4.6572948,4.1081986
251.8049,-1048.6078,4.650077,4.0951667
251.32004,-1049.4824,4.6427393,4.0836205
250.8406,-1050.3599,4.635117,4.0755973
250.36661,-1051.2404,4.6274953,4.0675735
249.8981,-1052.1238,4.619873,4.0595503
249.4351,-1053.0101,4.612251,4.051527
248.97763,-1053.8993,4.603628,4.0519943
248.52568,-1054.7914,4.592791,4.0712605
248.0792,-1055.686,4.5819535,4.0905266
247.6381,-1056.5835,4.5711164,4.109793
247.20236,-1057.4835,4.560279,4.1290593
246.77188,-1058.3861,4.5493755,4.1483917
246.34659,-1059.2911,4.538337,4.16786
245.92636,-1060.1985,4.5272985,4.187328
245.51108,-1061.1082,4.51626,4.206796
245.10065,-1062.02,4.5052214,4.226264
244.69492,-1062.934,4.4942546,4.245659
244.2938,-1063.85,4.483423,4.2649145
243.89714,-1064.7678,4.472592,4.28417
243.50487,-1065.6877,4.4617605,4.3034263
243.11687,-1066.6093,4.450929,4.322682
242.733,-1067.5327,4.4427004,4.337166
242.35318,-1068.4576,4.4390936,4.3431773
241.97726,-1069.3843,4.435487,4.3491883
241.60513,-1070.3125,4.43188,4.3552
241.2367,-1071.2421,4.428273,4.3612113
240.8718,-1072.1731,4.425704,4.36537
240.51035,-1073.1055,4.4249034,4.3663707
240.15219,-1074.0391,4.424103,4.3673716
239.79724,-1074.9739,4.423302,4.368372
239.44537,-1075.9099,4.4225016,4.369373
239.09645,-1076.847,4.4217014,4.370373
238.75035,-1077.7852,4.420902,4.3713727
238.40698,-1078.7244,4.4201026,4.372372
238.06618,-1079.6644,4.419303,4.3733716
237.72786,-1080.6055,4.4185033,4.374371
237.39188,-1081.5472,4.417704,4.37537
237.0581,-1082.4899,4.4169054,4.3763685
236.72644,-1083.4332,4.4161067,4.377367
236.39676,-1084.3773,4.415308,4.3783655
236.06892,-1085.322,4.414509,4.3793635
235.74283,-1086.2673,4.4137106,4.380434
235.41835,-1087.2131,4.4129124,4.3816314
235.09535,-1088.1595,4.412114,4.3828287
234.77371,-1089.1063,4.4113164,4.3840256
234.45332,-1090.0536,4.410518,4.385223
234.13405,-1091.0012,4.4096503,4.3863497
233.81578,-1091.9492,4.408653,4.3873467
233.4984,-1092.8975,4.4076557,4.3883443
233.18175,-1093.846,4.4066586,4.3893414
232.86574,-1094.7947,4.4056616,4.3903384
232.55023,-1095.7435,4.4047313,4.3913355
232.23512,-1096.6926,4.403934,4.3923326
231.92026,-1097.6417,4.4031363,4.39333
231.60555,-1098.5908,4.4023385,4.394327
231.29086,-1099.54,4.4015408,4.395324
230.97609,-1100.4891,4.400743,4.3963213
230.6611,-1101.4382,4.399945,4.397319
230.34576,-1102.3872,4.399147,4.3983164
230.02992,-1103.3359,4.398349,4.399314
229.71347,-1104.2845,4.397551,4.4003115
229.39624,-1105.2328,4.396753,4.401309
229.07816,-1106.1808,4.395954,4.4023075
228.75912,-1107.1285,4.3951554,4.4033055
228.43912,-1108.0759,4.3943567,4.404304
228.11806,-1109.023,4.3935585,4.405302
227.79591,-1109.9696,4.3927593,4.4063005
227.47266,-1110.9159,4.39196,4.4073
227.14832,-1111.8618,4.391161,4.408299
226.82294,-1112.8074,4.3903613,4.4092984
226.49658,-1113.7526,4.389562,4.4102974
226.16928,-1114.6974,4.3887033,4.411356
225.84106,-1115.642,4.3877034,4.412556
225.51198,-1116.5863,4.3867035,4.413756
225.18204,-1117.5303,4.3857036,4.414956
224.85126,-1118.4739,4.3847036,4.416156
224.51967,-1119.4172,4.383763,4.417297
224.1873,-1120.3604,4.382962,4.4182973
223.85419,-1121.3032,4.3821616,4.4192977
223.52034,-1122.2458,4.3813615,4.4202986
223.1858,-1123.1882,4.380561,4.421299
222.85062,-1124.1304,4.3797603,4.4223
222.51479,-1125.0721,4.3789597,4.4233007
222.17836,-1126.0139,4.3781586,4.4243016
221.84134,-1126.9553,4.377358,4.425303
221.50378,-1127.8966,4.376557,4.426304
221.16571,-1128.8376,4.3757563,4.4273047
220.82715,-1129.7786,4.374955,4.428306
220.48811,-1130.7194,4.3741536,4.4293075
220.14865,-1131.6599,4.3733525,4.4303093
219.80878,-1132.6003,4.3725514,4.4313107
219.46854,-1133.5406,4.3717504,4.432312
219.12794,-1134.4808,4.3709493,4.4333134
218.78705,-1135.4209,4.3701477,4.434315
218.44585,-1136.3608,4.3693466,4.4353166
218.10439,-1137.3007,4.3685455,4.4363184
217.76271,-1138.2405,4.367744,4.4373198
217.4208,-1139.1802,4.366943,4.4383216
217.07875,-1140.1199,4.3661413,4.4393234
216.73654,-1141.0594,4.3653398,4.4403253
216.39421,-1141.999,4.3645387,4.4413266
216.05179,-1142.9385,4.363672,4.4423943
215.70932,-1143.8779,4.36267,4.443596
215.36682,-1144.8175,4.361668,4.444798
215.0243,-1145.757,4.3606668,4.446
214.68184,-1146.6964,4.359665,4.447202
214.33942,-1147.636,4.3588653,4.448202
213.99707,-1148.5754,4.3584647,4.448803
213.65486,-1149.515,4.358064,4.449404
213.31277,-1150.4547,4.3576636,4.4500046
212.97086,-1151.3944,4.3572626,4.450606
212.62915,-1152.3341,4.3571377,4.451069
212.28766,-1153.274,4.357538,4.451269
211.94643,-1154.214,4.357939,4.4514694
211.60548,-1155.154,4.3583393,4.4516697
211.26486,-1156.0941,4.35874,4.45187
210.9246,-1157.0344,4.3592105,4.45207
210.58472,-1157.9749,4.359811,4.4522705
210.24522,-1158.9154,4.3604116,4.4524703
209.9061,-1159.8562,4.361012,4.4526706
209.56737,-1160.797,4.3616123,4.452871
209.229,-1161.738,4.362142,4.453071
208.89102,-1162.6791,4.362542,4.453271
208.55342,-1163.6204,4.362942,4.453471
208.21614,-1164.5618,4.363343,4.4536715
207.87921,-1165.5032,4.363743,4.4538713
207.54259,-1166.4448,4.3642144,4.4540715
207.20628,-1167.3866,4.3648143,4.4542713
206.87025,-1168.3284,4.3654146,4.4544716
206.53452,-1169.2703,4.366015,4.4546714
206.19905,-1170.2123,4.366615,4.4548717
205.86385,-1171.1544,4.367143,4.4550714
205.52888,-1172.0966,4.367543,4.4552717
205.19415,-1173.039,4.3679433,4.4554715
204.85965,-1173.9812,4.3683434,4.455672
204.52534,-1174.9237,4.368743,4.4558716
204.19125,-1175.8662,4.369143,4.4560714
203.85735,-1176.8087,4.369543,4.4562716
203.5236,-1177.7513,4.3699427,4.4564714
203.19003,-1178.6941,4.3703427,4.456671
202.85661,-1179.6368,4.370743,4.4568715
202.52332,-1180.5796,4.3712134,4.4570713
202.19016,-1181.5225,4.3718133,4.457271
201.85712,-1182.4653,4.372413,4.457471
201.52417,-1183.4082,4.373013,4.457671
201.19131,-1184.3512,4.3736124,4.457871
200.85854,-1185.2942,4.3741417,4.4580708
200.52582,-1186.2372,4.3745413,4.4582705
200.19316,-1187.1802,4.374941,4.4584703
199.86055,-1188.1232,4.375341,4.4586706
199.52795,-1189.0662,4.3757405,4.4588704
199.19539,-1190.0093,4.3761406,4.45907
198.86282,-1190.9523,4.37654,4.45927
198.53026,-1191.8954,4.37694,4.45947
198.19766,-1192.8384,4.37734,4.45967
197.86505,-1193.7814,4.3777394,4.45987
197.5324,-1194.7244,4.378209,4.46
197.19968,-1195.6674,4.3788085,4.46
196.8669,-1196.6104,4.3794084,4.46
196.53403,-1197.5533,4.380008,4.46
196.20108,-1198.4962,4.3806076,4.46
195.86803,-1199.4391,4.3811383,4.460069
195.53485,-1200.382,4.381538,4.460269
195.20157,-1201.3247,4.381938,4.460469
194.86813,-1202.2675,4.382338,4.460669
194.53455,-1203.2101,4.3827376,4.460869
194.2008,-1204.1527,4.3832064,4.4610686
193.86688,-1205.0953,4.383806,4.461269
193.53278,-1206.0378,4.384406,4.4614687
193.19847,-1206.9802,4.385006,4.4616685
192.86395,-1207.9226,4.385606,4.461869
192.5292,-1208.8649,4.386137,4.4620686
192.19421,-1209.807,4.386537,4.4622684
191.85898,-1210.7491,4.386937,4.4624686
191.5235,-1211.6912,4.387337,4.4626684
191.18777,-1212.633,4.387737,4.4628687
190.85179,-1213.575,4.388137,4.4630685
190.51558,-1214.5167,4.388537,4.4632688
190.17912,-1215.4584,4.388937,4.4634686
189.84244,-1216.3999,4.389337,4.463669
189.50554,-1217.3414,4.389737,4.4638686
189.16843,-1218.2828,4.3902063,4.464069
188.83115,-1219.2242,4.390806,4.4642687
188.49367,-1220.1655,4.3914065,4.464469
188.156,-1221.1068,4.392007,4.4646688
187.81819,-1222.048,4.392607,4.464869
187.48021,-1222.989,4.3931384,4.4650693
187.14207,-1223.93,4.3935385,4.465269
186.8038,-1224.8711,4.3939385,4.4654694
186.46541,-1225.8121,4.394339,4.4656696
186.12688,-1226.753,4.394739,4.4658694
185.78824,-1227.6938,4.395139,4.4660697
185.4495,-1228.6348,4.3955398,4.46627
185.11066,-1229.5756,4.39594,4.46647
184.77174,-1230.5164,4.39634,4.46667
184.43274,-1231.457,4.3967404,4.4668703
184.09367,-1232.3978,4.397211,4.46707
183.75455,-1233.3385,4.3978114,4.4672704
183.41536,-1234.2792,4.3984118,4.4674706
183.07614,-1235.2198,4.399012,4.467671
182.7369,-1236.1605,4.3996124,4.4678707
182.39763,-1237.1012,4.400142,4.468071
182.05833,-1238.0419,4.4005423,4.4682713
181.71904,-1238.9824,4.400943,4.4684715
181.37976,-1239.9231,4.401343,4.4686713
181.04048,-1240.8638,4.4017434,4.4688716
180.70123,-1241.8044,4.4021435,4.469
180.36201,-1242.7451,4.402544,4.469
180.02283,-1243.6858,4.402944,4.469
179.6837,-1244.6265,4.403344,4.469
179.34462,-1245.5673,4.4037447,4.469
179.00563,-1246.5079,4.4042172,4.4690723
178.6667,-1247.4487,4.404818,4.4692726
178.32785,-1248.3895,4.4054184,4.469473
177.9891,-1249.3304,4.4060187,4.4696727
177.65047,-1250.2712,4.406619,4.469873
177.31194,-1251.2122,4.4071465,4.470073
176.97353,-1252.1532,4.4075465,4.470273
176.63525,-1253.0941,4.4079466,4.4704733
176.29712,-1254.0353,4.408347,4.4706736
175.95912,-1254.9763,4.408747,4.4708734
175.62129,-1255.9175,4.409221,4.4710736
175.28363,-1256.8588,4.4098215,4.471274
174.94614,-1257.8,4.4104214,4.4714737
174.60884,-1258.7415,4.4110217,4.471674
174.27173,-1259.6829,4.411622,4.471874
173.93484,-1260.6244,4.412148,4.472074
173.59816,-1261.5659,4.412548,4.4722743
173.2617,-1262.5076,4.4129486,4.472474
172.92545,-1263.4493,4.4133487,4.4726744
172.58939,-1264.3911,4.4137487,4.472874
172.25352,-1265.333,4.414149,4.4730744
171.91786,-1266.2749,4.414549,4.473274
171.58237,-1267.2169,4.4149485,4.4734745
171.24704,-1268.159,4.4153485,4.4736743
170.91187,-1269.1011,4.4157486,4.4738746
170.57683,-1270.0433,4.416223,4.4740744
170.24193,-1270.9855,4.416823,4.474274
169.90714,-1271.9277,4.4174232,4.4744744
169.57246,-1272.8701,4.418023,4.474674
169.23787,-1273.8124,4.418623,4.4748745
168.90338,-1274.7548,4.4191484,4.4750743
168.56897,-1275.6971,4.4195485,4.475274
168.2346,-1276.6395,4.4199486,4.4754744
167.90031,-1277.582,4.4203486,4.475674
167.56606,-1278.5244,4.420748,4.4758744
167.23183,-1279.4669,4.4211483,4.476074
166.89763,-1280.4094,4.4215484,4.476274
166.56343,-1281.3518,4.4219484,4.4764743
166.22923,-1282.2943,4.422348,4.476674
165.89503,-1283.2368,4.422748,4.476874
165.5608,-1284.1792,4.423222,4.477074
165.22655,-1285.1217,4.423822,4.477274
164.89223,-1286.0641,4.424422,4.4774737
164.55788,-1287.0065,4.4250216,4.477674
164.22345,-1287.9489,4.4256215,4.477874
163.88895,-1288.8912,4.4261475,4.478
163.55435,-1289.8336,4.4265475,4.478
163.21967,-1290.7759,4.4269476,4.478
162.88486,-1291.7181,4.4273477,4.478
162.54994,-1292.6604,4.4277477,4.478
162.21489,-1293.6025,4.428221,4.4780736
161.8797,-1294.5447,4.428821,4.478274
161.54436,-1295.4867,4.4294214,4.4784737
161.20885,-1296.4287,4.4300213,4.478674
160.87315,-1297.3706,4.430621,4.4788737
160.53728,-1298.3125,4.4311476,4.4790735
160.20122,-1299.2543,4.4315476,4.479274
159.86494,-1300.196,4.4319477,4.4794736
159.52844,-1301.1377,4.432348,4.479674
159.19173,-1302.0792,4.432748,4.4798737
158.85475,-1303.0208,4.433148,4.480074
158.51753,-1303.9622,4.433548,4.4802737
158.18005,-1304.9034,4.433948,4.480474
157.8423,-1305.8446,4.434348,4.4806743
157.50427,-1306.7856,4.434748,4.480874
157.16595,-1307.7267,4.4352226,4.4810743
156.82733,-1308.6676,4.435823,4.481274
156.48839,-1309.6084,4.4364233,4.4814744
156.14912,-1310.549,4.4370236,4.4816747
155.80948,-1311.4895,4.437624,4.4818745
155.46948,-1312.4299,4.4381495,4.4820747
155.12909,-1313.3701,4.43855,4.482275
154.78836,-1314.3103,4.43895,4.4824753
154.4473,-1315.2502,4.4393506,4.482675
154.10594,-1316.1902,4.439751,4.4828753
153.7643,-1317.13,4.440151,4.4830756
153.42242,-1318.0697,4.4405518,4.483276
153.08041,-1319.0094,4.4409523,4.483476
152.73831,-1319.949,4.4413524,4.4836764
152.39622,-1320.8887,4.441753,4.483876
152.05421,-1321.8282,4.44223,4.4840765
151.71236,-1322.768,4.4428306,4.484277
151.37071,-1323.7078,4.4434314,4.484477
151.02937,-1324.6477,4.4440317,4.4846773
150.68837,-1325.5878,4.4446325,4.4848776
150.34781,-1326.528,4.445155,4.485078
150.00772,-1327.4683,4.4455557,4.4852777
149.66821,-1328.4088,4.4459558,4.485478
149.32932,-1329.3496,4.4463563,4.485678
148.99115,-1330.2906,4.4467564,4.4858785
148.65375,-1331.232,4.447157,4.4860783
148.3172,-1332.1736,4.447557,4.4862785
147.98157,-1333.1156,4.447957,4.4864783
147.6469,-1334.0579,4.448357,4.4866786
147.31325,-1335.0005,4.448757,4.486879
146.9807,-1335.9436,4.449236,4.487
146.64932,-1336.8871,4.449836,4.487
146.31921,-1337.8309,4.4504356,4.487
145.99048,-1338.7754,4.451035,4.487
145.66321,-1339.7202,4.451635,4.487
145.33751,-1340.6656,4.4530163,4.478164
145.01329,-1341.6116,4.455613,4.4555926
144.69025,-1342.558,4.45821,4.433021
144.36806,-1343.5046,4.460807,4.4104495
144.0464,-1344.4514,4.463403,4.387878
143.72495,-1345.3983,4.466077,4.3643856
143.40334,-1346.3452,4.4688725,4.339424
143.0812,-1347.2919,4.4716682,4.314462
142.75815,-1348.2382,4.474464,4.2895
142.43378,-1349.1841,4.4772596,4.2645383
142.10773,-1350.1294,4.4787736,4.257976
141.7796,-1351.074,4.478174,4.2817535
141.44905,-1352.0177,4.477575,4.305531
141.11568,-1352.9604,4.4769754,4.3293085
140.77911,-1353.9021,4.476376,4.3530855
140.439,-1354.8424,4.467798,4.3752327
140.09497,-1355.7814,4.445794,4.394636
139.74666,-1356.7188,4.4237905,4.414039
139.3937,-1357.6543,4.401787,4.4334426
139.03574,-1358.588,4.379783,4.4528456
138.67241,-1359.5197,4.3567233,4.466197
138.30333,-1360.449,4.331893,4.469401
137.92815,-1361.376,4.3070626,4.4726048
137.54646,-1362.3002,4.282232,4.4758086
137.1579,-1363.2216,4.257401,4.479013
136.7621,-1364.1399,4.2322636,4.47385
136.35876,-1365.0549,4.2066255,4.455022
135.9477,-1365.9664,4.180987,4.4361935
135.52869,-1366.8744,4.155349,4.4173656
135.1016,-1367.7786,4.1297107,4.398537
134.66621,-1368.6787,4.1040688,4.377612
134.2224,-1369.5748,4.078422,4.3533673
133.77007,-1370.4667,4.052775,4.329123
133.3091,-1371.354,4.027128,4.3048787
132.83942,-1372.2368,4.001481,4.2806344
132.36092,-1373.1149,3.9777327,4.266636
131.87352,-1373.988,3.9568746,4.2682405
131.37709,-1374.8561,3.9360168,4.269845
130.87154,-1375.7188,3.9151587,4.271449
130.35675,-1376.576,3.894301,4.2730536
129.83264,-1377.4276,3.8740115,4.277541
129.2991,-1378.2734,3.8545392,4.2861733
128.75604,-1379.113,3.835067,4.2948055
128.20338,-1379.9464,3.815595,4.303437
127.64105,-1380.7732,3.7961228,4.3120694
127.06896,-1381.5934,3.7766492,4.320702
126.487045,-1382.4066,3.7571735,4.329335
125.89524,-1383.2126,3.737698,4.337969
125.29349,-1384.0112,3.7182224,4.3466024
124.681725,-1384.8022,3.698747,4.355236
124.059906,-1385.5853,3.6929424,4.3545184
123.427986,-1386.3604,3.7039697,4.342288
122.785965,-1387.127,3.714997,4.3300576
122.13382,-1387.885,3.7260246,4.317827
121.47155,-1388.6343,3.737052,4.305597
120.79915,-1389.3744,3.7559843,4.2879496
120.1167,-1390.1052,3.784173,4.263959
119.424324,-1390.8267,3.8123615,4.2399693
118.722176,-1391.5387,3.8405497,4.215979
118.0104,-1392.2411,3.868738,4.191989
117.28914,-1392.9336,3.8969936,4.1676536
116.558525,-1393.6163,3.925329,4.14291
115.81869,-1394.2891,3.9536645,4.118166
115.06974,-1394.9517,3.9820004,4.0934224
114.31182,-1395.604,4.010336,4.0686784
113.545044,-1396.2458,4.038757,4.0434923
112.76953,-1396.8771,4.0672827,4.017759
111.985405,-1397.4976,4.095809,3.9920254
111.19279,-1398.1073,4.1243353,3.9662921
110.3918,-1398.7058,4.1528616,3.9405587
109.582565,-1399.2933,4.1670055,3.9254797
108.7652,-1399.8694,4.1624126,3.9242816
107.93983,-1400.4338,4.1578197,3.9230833
107.106575,-1400.9867,4.153227,3.9218853
106.265564,-1401.5276,4.1486335,3.920687
105.41692,-1402.0565,4.1104026,3.9441583
104.56078,-1402.5731,4.026954,4.0007915
103.697266,-1403.0774,3.9435053,4.0574245
102.826485,-1403.569,3.8600562,4.1140575
101.94858,-1404.0477,3.7766068,4.1706915
101.06369,-1404.5134,3.7132294,4.2134275
100.171974,-1404.966,3.6765125,4.2377048
99.27364,-1405.4052,3.6397958,4.261982
98.3689,-1405.831,3.603079,4.286259
97.457954,-1406.2434,3.5663626,4.3105364
96.541016,-1406.6423,3.5583527,4.3150487
95.618286,-1407.0277,3.586086,4.294952
94.689995,-1407.3994,3.6138196,4.2748556
93.75635,-1407.7576,3.641553,4.254759
92.81756,-1408.1019,3.6692863,4.234662
91.87385,-1408.4325,3.6964583,4.2159777
90.92543,-1408.7494,3.7229965,4.198889
89.97251,-1409.0525,3.7495344,4.1818
89.01531,-1409.3418,3.7760723,4.164711
88.05403,-1409.6172,3.8026104,4.147622
87.08888,-1409.8788,3.8250585,4.1405926
86.12007,-1410.1265,3.8433418,4.1438074
85.14781,-1410.3601,3.861625,4.147022
84.1723,-1410.58,3.8799083,4.1502366
83.19375,-1410.7856,3.8981917,4.1534514
82.212364,-1410.9775,3.9163566,4.1567674
81.22834,-1411.1553,3.9344115,4.1601777
80.2419,-1411.3192,3.9524665,4.163588
79.253235,-1411.4691,3.9705212,4.1669984
78.262566,-1411.605,3.988576,4.1704087
77.27009,-1411.727,3.983761,4.1812887
76.275986,-1411.8352,3.9589422,4.198702
75.280464,-1411.9293,3.934123,4.2161155
74.2837,-1412.0092,3.909304,4.2335286
73.28589,-1412.0747,3.8844852,4.2509418
72.28725,-1412.1259,3.855278,4.2697406
71.28795,-1412.1624,3.822291,4.289733
70.28822,-1412.1836,3.7893035,4.3097253
69.28828,-1412.1892,3.7563164,4.329717
68.288376,-1412.1786,3.72333,4.349709
67.288795,-1412.1515,3.690417,4.3698287
66.289825,-1412.107,3.6575673,4.390059
65.29181,-1412.0448,3.6247172,4.4102902
64.29514,-1411.9639,3.5918655,4.430522
63.300232,-1411.8636,3.5590131,4.450754
62.307545,-1411.7433,3.5651522,4.4421186
61.3175,-1411.6029,3.6041036,4.4091907
60.330444,-1411.4427,3.643053,4.376264
59.346684,-1411.2635,3.6820028,4.343338
58.366512,-1411.0657,3.7209547,4.3104095
57.39019,-1410.8496,3.765284,4.2737894
56.417778,-1410.6165,3.8137965,4.2342978
55.449116,-1410.3683,3.8623075,4.1948075
54.483948,-1410.1068,3.910816,4.155319
53.521957,-1409.8339,3.959324,4.1158314
52.562763,-1409.5513,4.002256,4.085119
51.605995,-1409.2605,4.041047,4.060924
50.651306,-1408.963,4.0798397,4.036729
49.698315,-1408.6602,4.118633,4.012533
48.74662,-1408.3531,4.1574254,3.9883378
47.795826,-1408.0435,4.170676,4.00654
46.8458,-1407.7314,4.1648726,4.0563703
45.896656,-1407.4167,4.159069,4.106201
44.94851,-1407.099,4.1532655,4.156032
44.00148,-1406.778,4.147462,4.2058635
43.0557,-1406.4532,4.1415367,4.2557435
42.11128,-1406.1246,4.135523,4.3056602
41.16833,-1405.7917,4.129509,4.3555765
40.226967,-1405.4545,4.1234946,4.405493
39.287308,-1405.1124,4.1174808,4.455409
38.34948,-1404.7655,4.1240816,4.486379
37.413605,-1404.4132,4.1395407,4.5040464
36.479836,-1404.0554,4.1549993,4.5217133
35.54831,-1403.6919,4.170458,4.5393806
34.619183,-1403.3221,4.185917,4.557048
33.692616,-1402.9462,4.2066207,4.5666804
32.768757,-1402.5635,4.2307277,4.5711
31.847754,-1402.1741,4.2548347,4.5755196
30.929766,-1401.7776,4.2789416,4.5799394
30.014952,-1401.3738,4.303048,4.5843587
29.10348,-1400.9625,4.327518,4.5817103
28.195557,-1400.5435,4.352203,4.574887
27.291424,-1400.1162,4.376888,4.5680637
26.391335,-1399.6807,4.401573,4.5612397
25.495546,-1399.2362,4.4262586,4.554416
24.604319,-1398.7828,4.4511485,4.543603
23.717722,-1398.3203,4.4761496,4.5306025
22.835693,-1397.8492,4.50115,4.517602
21.958158,-1397.3698,4.5261507,4.5046015
21.085033,-1396.8823,4.5511518,4.491601
20.216213,-1396.3873,4.566175,4.48224
19.351353,-1395.8854,4.575732,4.474873
18.489935,-1395.3776,4.5852895,4.4675064
17.631424,-1394.8647,4.5948462,4.4601393
16.775263,-1394.3481,4.6044035,4.452772
15.920889,-1393.8286,4.6088676,4.4473977
15.067783,-1393.3069,4.6102586,4.443225
14.215462,-1392.7839,4.6116495,4.439052
13.363438,-1392.2605,4.6130404,4.434879
12.511223,-1391.7373,4.6144314,4.430706
11.658329,-1391.2153,4.6158237,4.4264116
10.804252,-1390.6953,4.617217,4.4220324
9.948477,-1390.178,4.6186104,4.4176536
9.090498,-1389.6643,4.6200037,4.4132743
8.229822,-1389.1553,4.621397,4.4088955
7.3659663,-1388.6516,4.620866,4.4032564
6.4984665,-1388.1543,4.6188655,4.396656
5.6268754,-1387.6641,4.6168656,4.3900557
4.7507677,-1387.182,4.6148653,4.3834558
3.8697433,-1386.7091,4.6128654,4.3768554
2.9834273,-1386.2461,4.6081214,4.368182
2.0914443,-1385.7941,4.601285,4.3579273
1.193427,-1385.3542,4.594448,4.347672
0.28904763,-1384.9276,4.587611,4.3374166
-0.62197655,-1384.5154,4.580774,4.327161
-1.5398589,-1384.1187,4.5739284,4.316892
-2.46448,-1383.7378,4.567077,4.306616
-3.39549,-1383.3729,4.5602264,4.29634
-4.3325434,-1383.0239,4.553376,4.2860646
-5.275306,-1382.6906,4.546526,4.275789
-6.2234497,-1382.3729,4.5484433,4.261971
-7.176621,-1382.0706,4.555482,4.246084
-8.134457,-1381.7834,4.5625205,4.230197
-9.096609,-1381.5111,4.569559,4.2143097
-10.06275,-1381.2532,4.5765977,4.198423
-11.032565,-1381.0095,4.5844107,4.1852136
-12.005767,-1380.7798,4.5926256,4.1733923
-12.982082,-1380.5636,4.6008406,4.1615705
-13.961251,-1380.3607,4.6090555,4.1497493
-14.943031,-1380.1709,4.6172705,4.137928
-15.927188,-1379.9939,4.606537,4.1441307
-16.913506,-1379.8292,4.586374,4.1593027
-17.901781,-1379.6769,4.566211,4.1744747
-18.89182,-1379.5364,4.546048,4.1896467
-19.883444,-1379.4075,4.5258856,4.2048187
-20.876476,-1379.2899,4.507194,4.226266
-21.870754,-1379.1835,4.489266,4.250967
-22.866121,-1379.0878,4.471338,4.275668
-23.862432,-1379.0023,4.4534097,4.300369
-24.859552,-1378.927,4.4354815,4.32507
-25.85736,-1378.8615,4.4181833,4.352325
-26.855751,-1378.8054,4.4012413,4.3810267
-27.854637,-1378.7589,4.3842993,4.409728
-28.853922,-1378.7222,4.3673577,4.4384294
-29.853516,-1378.695,4.350416,4.46713
-30.853325,-1378.6775,4.3563056,4.4658184
-31.85326,-1378.6703,4.376113,4.4462113
-32.853214,-1378.6742,4.3959203,4.426604
-33.853046,-1378.6903,4.415728,4.4069963
-34.852577,-1378.7195,4.4355354,4.387389
-35.851604,-1378.7627,4.46993,4.34831
-36.84987,-1378.8208,4.513147,4.2974553
-37.847065,-1378.895,4.5563636,4.2466
-38.84285,-1378.9863,4.5995817,4.195743
-39.836807,-1379.0956,4.642801,4.1448855
-40.828487,-1379.224,4.671699,4.1062555
-41.81746,-1379.3717,4.6928287,4.0742593
-42.803337,-1379.539,4.713958,4.042264
-43.785725,-1379.7255,4.735087,4.0102687
-44.76423,-1379.9315,4.756217,3.9782712
-45.738457,-1380.1569,4.732643,3.983655
-46.708183,-1380.4009,4.687935,4.0067105
-47.673332,-1380.6624,4.6432285,4.0297656
-48.633873,-1380.9403,4.598524,4.0528193
-49.58984,-1381.2336,4.5538197,4.0758734
-50.541298,-1381.5414,4.509066,4.0990195
-51.488293,-1381.8624,4.4642887,4.1222076
-52.43087,-1382.1963,4.419511,4.145396
-53.369087,-1382.5422,4.374733,4.168585
-54.30304,-1382.8995,4.3299556,4.191773
-55.23283,-1383.2676,4.317928,4.202856
-56.158405,-1383.646,4.320729,4.2084575
-57.07962,-1384.0349,4.3235297,4.2140594
-57.99633,-1384.4344,4.3263307,4.219661
-58.90838,-1384.8444,4.3291316,4.2252636
-59.815613,-1385.2649,4.339538,4.228106
-60.717888,-1385.6959,4.3533616,4.2297087
-61.615055,-1386.1376,4.3671846,4.2313113
-62.506973,-1386.5897,4.381008,4.232914
-63.39349,-1387.0522,4.3948317,4.2345166
-64.27446,-1387.5254,4.4118834,4.2286983
-65.14973,-1388.0089,4.4303293,4.219676
-66.01914,-1388.5029,4.4487753,4.2106533
-66.882545,-1389.0074,4.4672213,4.201631
-67.739784,-1389.5222,4.4856668,4.1926084
-68.5907,-1390.0475,4.5061083,4.1788826
-69.435135,-1390.583,4.527361,4.163244
-70.27292,-1391.129,4.548614,4.147605
-71.103905,-1391.6852,4.5698667,4.131966
-71.92792,-1392.2517,4.59112,4.116327
-72.7448,-1392.8285,4.590626,4.125618
-73.55439,-1393.4154,4.5818133,4.1444445
-74.35654,-1394.0125,4.573001,4.163271
-75.1511,-1394.6195,4.5641885,4.182098
-75.93793,-1395.2367,4.555376,4.2009244
-76.71685,-1395.8636,4.5306706,4.237962
-77.487686,-1396.5007,4.5000987,4.281721
-78.25023,-1397.1476,4.4695272,4.325481
-79.00426,-1397.8043,4.4389553,4.3692408
-79.749565,-1398.471,4.4083834,4.413
-80.48593,-1399.1475,4.403621,4.4292
-81.21308,-1399.834,4.4086103,4.4349875
-81.930756,-1400.5303,4.413599,4.440775
-82.63865,-1401.2365,4.418588,4.4465623
-83.33649,-1401.9528,4.4235773,4.4523497
-84.02395,-1402.6788,4.454578,4.4302807
-84.70064,-1403.415,4.4959574,4.397097
-85.36609,-1404.1615,4.5373373,4.363913
-86.01982,-1404.9181,4.578719,4.3307276
-86.66133,-1405.6852,4.6201024,4.297541
-87.29017,-1406.4626,4.640431,4.2802835
-87.90639,-1407.2502,4.6522636,4.269454
-88.51035,-1408.0471,4.6640954,4.2586246
-89.10245,-1408.853,4.6759276,4.247795
-89.68307,-1409.6671,4.6877594,4.2369657
-90.25267,-1410.489,4.6768703,4.2434683
-90.811966,-1411.3179,4.6574116,4.256508
-91.36185,-1412.1531,4.6379523,4.2695475
-91.90324,-1412.9938,4.6184936,4.282587
-92.437065,-1413.8394,4.599035,4.295626
-92.96429,-1414.6891,4.5818253,4.307463
-93.48583,-1415.5422,4.5654006,4.31888
-94.00263,-1416.3983,4.548976,4.330297
-94.515625,-1417.2566,4.5325513,4.3417144
-95.025764,-1418.1167,4.516127,4.3531313
-95.53394,-1418.9779,4.510951,4.358248
-96.04054,-1419.8401,4.5095496,4.3612504
-96.54571,-1420.703,4.5081487,4.364253
-97.04954,-1421.5668,4.5067477,4.367255
-97.552185,-1422.4313,4.5053463,4.370258
-98.05374,-1423.2964,4.5039454,4.37341
-98.554276,-1424.162,4.502545,4.376612
-99.05379,-1425.0283,4.501144,4.379814
-99.55231,-1425.8951,4.499743,4.3830156
-100.049835,-1426.7626,4.4983425,4.3862176
-100.54639,-1427.6305,4.4969416,4.3892674
-101.04201,-1428.499,4.495541,4.3922687
-101.536736,-1429.368,4.4941406,4.3952694
-102.03062,-1430.2375,4.49274,4.3982706
-102.52369,-1431.1074,4.49134,4.4012713
-103.016,-1431.9778,4.4899397,4.4044237
-103.50759,-1432.8486,4.4885397,4.407624
-103.99849,-1433.7198,4.487139,4.4108243
-104.48874,-1434.5913,4.485739,4.414025
-104.97838,-1435.4633,4.484339,4.417225
-105.46744,-1436.3354,4.483091,4.4202733
-105.955956,-1437.208,4.4818907,4.423273
-106.44397,-1438.0808,4.480691,4.426273
-106.931526,-1438.9539,4.4794908,4.4292727
-107.41865,-1439.8271,4.478291,4.4322724
-107.90539,-1440.7006,4.4769397,4.435424
-108.391785,-1441.5743,4.47554,4.438623
-108.87786,-1442.4482,4.47414,4.4418225
-109.36367,-1443.3223,4.4727407,4.4450216
-109.84924,-1444.1964,4.4713407,4.448221
-110.334625,-1445.0707,4.469941,4.451269
-110.81984,-1445.945,4.4685416,4.4542685
-111.30494,-1446.8195,4.4671416,4.4572678
-111.789955,-1447.6938,4.465742,4.4602666
-112.274925,-1448.5684,4.4643426,4.463266
-112.759895,-1449.4429,4.462943,4.4664164
-113.24489,-1450.3174,4.461543,4.4696155
-113.72996,-1451.1918,4.4601436,4.4728146
-114.21513,-1452.0662,4.458744,4.4760137
-114.700455,-1452.9404,4.4573445,4.4792128
-115.18597,-1453.8147,4.455945,4.482261
-115.67169,-1454.6887,4.454545,4.4852605
-116.157684,-1455.5626,4.4531455,4.48826
-116.643974,-1456.4364,4.451746,4.491259
-117.1306,-1457.3099,4.450346,4.4942584
-117.6176,-1458.1833,4.4490967,4.4974084
-118.10502,-1459.0565,4.447897,4.500608
-118.59288,-1459.9293,4.446697,4.5038075
-119.08124,-1460.802,4.445497,4.507007
-119.57012,-1461.6743,4.4442973,4.5102067
-120.05957,-1462.5463,4.442947,4.5132565
-120.54962,-1463.418,4.441547,4.5162563
-121.04031,-1464.2892,4.440147,4.5192566
-121.531685,-1465.1602,4.438747,4.522257
-122.02376,-1466.0306,4.437347,4.5252566
-122.51657,-1466.9008,4.4359465,4.5284076
-123.010124,-1467.7704,4.4345465,4.531608
-123.5044,-1468.6396,4.433146,4.534809
-123.99939,-1469.5085,4.431746,4.5380096
-124.49507,-1470.377,4.4303455,4.54121
-124.99143,-1471.2451,4.428945,4.5442605
-125.48845,-1472.1128,4.4275446,4.5472617
-125.986115,-1472.9801,4.426144,4.5502625
-126.48442,-1473.847,4.4247437,4.5532637
-126.98335,-1474.7136,4.423343,4.556265
-127.48289,-1475.58,4.4219427,4.5594172
-127.983025,-1476.4458,4.420542,4.5626187
-128.48373,-1477.3114,4.4191413,4.56582
-128.98503,-1478.1766,4.417741,4.5690217
-129.48688,-1479.0416,4.41634,4.572223
-129.98926,-1479.9061,4.4150906,4.575273
-130.49217,-1480.7705,4.41389,4.5782747
-130.9956,-1481.6345,4.4126897,4.5812764
-131.49953,-1482.4982,4.411489,4.584278
-132.00395,-1483.3616,4.4102883,4.58728
-132.50883,-1484.2247,4.4162354,4.591498
-133.01419,-1485.0876,4.4244404,4.596101
-133.51999,-1485.9502,4.4326453,4.6007037
-134.02621,-1486.8126,4.4408503,4.605306
-134.53287,-1487.6747,4.449055,4.609909
-135.03993,-1488.5366,4.458482,4.614512
-135.54738,-1489.3982,4.468288,4.619115
-136.05522,-1490.2596,4.478094,4.623718
-136.56342,-1491.1208,4.4879003,4.6283207
-137.07196,-1491.9818,4.4977064,4.6329236
-137.58086,-1492.8427,4.507666,4.6376796
-138.09007,-1493.7032,4.5176725,4.6424828
-138.5996,-1494.5636,4.527679,4.647286
-139.10944,-1495.4238,4.537685,4.6520886
-139.61954,-1496.2839,4.5476913,4.656892
-140.12993,-1497.1438,4.557698,4.661541
-140.64058,-1498.0035,4.567704,4.666144
-141.15147,-1498.8632,4.5777106,4.670747
-141.6626,-1499.7227,4.587717,4.6753497
-142.17393,-1500.582,4.597723,4.6799526
-142.68549,-1501.4413,4.607575,4.68471
-143.19722,-1502.3003,4.6173806,4.689513
-143.70914,-1503.1593,4.627187,4.694316
-144.22122,-1504.0182,4.6369925,4.6991186
-144.73346,-1504.8771,4.6467986,4.703922
-145.24583,-1505.7357,4.6567593,4.7085695
-145.75833,-1506.5944,4.666765,4.713172
-146.27095,-1507.453,4.6767707,4.7177744
-146.78366,-1508.3115,4.6867766,4.7223773
-147.29645,-1509.1699,4.696782,4.7269797
-147.80933,-1510.0284,4.700402,4.7270656
-148.32225,-1510.8868,4.702203,4.725865
-148.83522,-1511.7451,4.704004,4.724664
-149.34822,-1512.6035,4.7058043,4.7234635
-149.86125,-1513.4618,4.7076054,4.722263
-150.37428,-1514.3202,4.7004995,4.7140307
-150.8873,-1515.1785,4.690895,4.7038264
-151.4003,-1516.0369,4.681291,4.6936216
-151.91327,-1516.8953,4.6716866,4.6834173
-152.42618,-1517.7537,4.662082,4.6732125
-152.93904,-1518.612,4.6524787,4.663165
-153.45181,-1519.4706,4.642875,4.6531615
-153.96451,-1520.3291,4.6332717,4.643158
-154.47711,-1521.1876,4.623668,4.633154
-154.9896,-1522.0463,4.614064,4.6231503
-155.50194,-1522.905,4.6044617,4.6131477
-156.01414,-1523.7639,4.594859,4.6031446
-156.5262,-1524.6228,4.585256,4.593142
-157.0381,-1525.4818,4.5756536,4.5831394
-157.5498,-1526.341,4.566051,4.5731363
-158.06131,-1527.2002,4.5564494,4.5631347
-158.57262,-1528.0596,4.546848,4.553133
-159.08371,-1528.9191,4.537246,4.5431314
-159.59456,-1529.7787,4.5276446,4.5331297
-160.10516,-1530.6384,4.518043,4.523128
-160.61551,-1531.4984,4.508285,4.51297
-161.12558,-1532.3584,4.4984846,4.5027695
-161.63536,-1533.2188,4.488684,4.492569
-162.14484,-1534.0791,4.4788837,4.482369
-162.654,-1534.9398,4.4690833,4.4721684
-163.16284,-1535.8007,4.4594417,4.4621267
-163.67134,-1536.6616,4.4498425,4.452128
-164.17947,-1537.5228,4.4402437,4.4421287
-164.68726,-1538.3843,4.4306445,4.43213
-165.19464,-1539.246,4.421046,4.422131
-165.70164,-1540.1079,4.411448,4.412133
-166.20824,-1540.9701,4.4018507,4.402136
-166.7144,-1541.8324,4.392253,4.3921385
-167.22014,-1542.6951,4.3826556,4.3821416
-167.72542,-1543.558,4.3730583,4.372144
-168.23026,-1544.4211,4.3720994,4.365446
-168.7346,-1545.2847,4.3734984,4.3596487
-169.23846,-1546.1484,4.374898,4.3538513
-169.74182,-1547.0125,4.3762975,4.348054
-170.24466,-1547.8768,4.3776965,4.3422565
-170.74698,-1548.7415,4.3825397,4.337869
-171.24873,-1549.6064,4.3883357,4.333872
-171.74995,-1550.4717,4.394132,4.3298745
-172.2506,-1551.3373,4.399928,4.325877
-172.75067,-1552.2032,4.405724,4.32188
-173.25014,-1553.0696,4.411363,4.3178835
-173.74901,-1553.9362,4.4169583,4.313887
-174.24725,-1554.8032,4.422553,4.3098907
-174.74484,-1555.6705,4.428148,4.3058944
-175.24178,-1556.5383,4.4337425,4.301898
-175.73802,-1557.4064,4.4393363,4.2977476
-176.23358,-1558.2749,4.4449296,4.293553
-176.72847,-1559.1439,4.450523,4.2893577
-177.22269,-1560.0132,4.456116,4.285163
-177.71623,-1560.8828,4.4617095,4.2809677
-178.20914,-1561.7529,4.4674563,4.2769265
-178.70163,-1562.6232,4.473249,4.272932
-179.19402,-1563.4935,4.4790416,4.268937
-179.68665,-1564.3638,4.4848337,4.264942
-180.17981,-1565.2336,4.4906263,4.260947
-180.67384,-1566.103,4.49627,4.25695
-181.16907,-1566.9718,4.5018673,4.2529516
-181.66577,-1567.8396,4.507465,4.248954
-182.16428,-1568.7064,4.513062,4.2449555
-182.66489,-1569.5721,4.5186596,4.2409577
-183.1679,-1570.4364,4.524264,4.236802
-183.6736,-1571.2991,4.529871,4.232597
-184.18233,-1572.1599,4.5354776,4.2283916
-184.69435,-1573.0188,4.541085,4.2241864
-185.20999,-1573.8756,4.5466914,4.219981
-185.72955,-1574.73,4.5144606,4.263771
-186.25331,-1575.5818,4.4707108,4.3221707
-186.78163,-1576.4308,4.426961,4.3805704
-187.31482,-1577.2767,4.383211,4.4389706
-187.85316,-1578.1195,4.3394613,4.4973707
-188.397,-1578.9586,4.3011556,4.5511384
-188.94656,-1579.7941,4.264353,4.6036277
-189.50204,-1580.6255,4.22755,4.656117
-190.06364,-1581.4529,4.1907477,4.708606
-190.63158,-1582.2759,4.153946,4.7610936
-191.20605,-1583.0944,4.1295223,4.8031783
-191.7876,-1583.9078,4.107979,4.842843
-192.37683,-1584.7158,4.086435,4.882508
-192.9744,-1585.5176,4.064891,4.922173
-193.58086,-1586.3126,4.043348,4.9618363
-194.19687,-1587.1003,4.0745616,4.932417
-194.82329,-1587.8798,4.1154814,4.8902874
-195.4611,-1588.6499,4.156402,4.848158
-196.11124,-1589.4097,4.197322,4.8060284
-196.77457,-1590.1578,4.2382374,4.763903
-197.45192,-1590.8934,4.283365,4.716679
-198.14409,-1591.6151,4.3290443,4.6687865
-198.85176,-1592.3217,4.374726,4.620891
-199.57564,-1593.0115,4.4204116,4.572991
-200.3163,-1593.6832,4.4660997,4.5250893
-201.07408,-1594.3357,4.45999,4.540656
-201.84853,-1594.9683,4.4490466,4.5621448
-202.63884,-1595.5808,4.4381046,4.583631
-203.44434,-1596.1733,4.4271626,4.605117
-204.2643,-1596.7456,4.41622,4.6266036
-205.09804,-1597.2977,4.40204,4.6519423
-205.9447,-1597.8297,4.387453,4.677766
-206.8034,-1598.342,4.3728657,4.703589
-207.67336,-1598.8351,4.358279,4.729411
-208.55374,-1599.3092,4.343693,4.7552333
-209.44386,-1599.7649,4.328048,4.7731137
-210.34325,-1600.2019,4.3121634,4.789197
-211.25151,-1600.6202,4.2962785,4.8052807
-212.16826,-1601.0195,4.280393,4.821365
-213.09312,-1601.3997,4.264508,4.837448
-214.02573,-1601.7605,4.2473063,4.845407
-214.96577,-1602.1013,4.2297316,4.8510633
-215.91301,-1602.4218,4.212157,4.8567195
-216.86714,-1602.721,4.1945815,4.862376
-217.82785,-1602.9983,4.177007,4.8680325
-218.79478,-1603.2532,4.1773753,4.8556676
-219.76749,-1603.4849,4.181447,4.839584
-220.74553,-1603.6931,4.185519,4.8234997
-221.72841,-1603.8771,4.1895914,4.8074145
-222.71559,-1604.0363,4.1936636,4.791329
-223.70653,-1604.1702,4.2446914,4.7285395
-224.7005,-1604.2792,4.299946,4.6615458
-225.69684,-1604.364,4.3551974,4.5945554
-226.69493,-1604.425,4.4104486,4.527566
-227.69415,-1604.4629,4.4657035,4.460572
-228.69398,-1604.4781,4.474212,4.454712
-229.69391,-1604.4722,4.481598,4.4503202
-230.69353,-1604.4462,4.4889836,4.4459286
-231.69247,-1604.4014,4.496369,4.4415374
-232.69049,-1604.3391,4.5037546,4.4371457
-233.68738,-1604.2607,4.4798994,4.473916
-234.68298,-1604.1675,4.454969,4.512103
-235.6772,-1604.0605,4.430039,4.5502896
-236.67,-1603.941,4.40511,4.5884743
-237.66136,-1603.8103,4.380182,4.626658
-238.65134,-1603.6692,4.362441,4.6383224
-239.63972,-1603.5176,4.3453894,4.647443
-240.62631,-1603.3545,4.3283367,4.656564
-241.61084,-1603.1796,4.311284,4.665685
-242.59302,-1602.9918,4.294232,4.674806
-243.57253,-1602.7905,4.278762,4.6775675
-244.54886,-1602.5746,4.2635303,4.6793714
-245.52142,-1602.3422,4.248299,4.681175
-246.48953,-1602.0918,4.2330685,4.6829786
-247.45241,-1601.822,4.21784,4.684782
-248.40921,-1601.5315,4.215822,4.6748595
-249.35893,-1601.2185,4.2156196,4.6633263
-250.3005,-1600.882,4.2154174,4.651791
-251.23268,-1600.5201,4.215215,4.6402535
-252.15411,-1600.1317,4.2150126,4.628713
-253.06354,-1599.7161,4.2163277,4.6158605
-253.96086,-1599.2748,4.2177424,4.6029243
-254.84651,-1598.8105,4.219157,4.589991
-255.72105,-1598.3257,4.2205715,4.57706
-256.5852,-1597.8226,4.2219863,4.5641274
-257.43988,-1597.3035,4.249128,4.5402384
-258.2863,-1596.7711,4.2765317,4.516235
-259.12585,-1596.2279,4.303937,4.4922304
-259.96008,-1595.6765,4.3313417,4.4682264
-260.79056,-1595.1195,4.3587456,4.4442225
-261.61874,-1594.5591,4.3878036,4.420523
-262.44553,-1593.9967,4.4168773,4.396826
-263.27155,-1593.4331,4.4459524,4.373128
-264.0975,-1592.8694,4.4750276,4.3494296
-264.92407,-1592.3066,4.5041027,4.3257313
-265.75186,-1591.7456,4.506546,4.3238406
-266.5808,-1591.1864,4.508141,4.322644
-267.4108,-1590.6287,4.509736,4.321448
-268.2416,-1590.0721,4.5113316,4.3202515
-269.07312,-1589.5167,4.5129266,4.319055
-269.90515,-1588.962,4.5143332,4.3178573
-270.73773,-1588.4082,4.5157304,4.3166595
-271.5708,-1587.8551,4.517128,4.3154616
-272.40445,-1587.3029,4.5185256,4.314264
-273.23865,-1586.7515,4.519923,4.313066
-274.07343,-1586.2009,4.521511,4.3120556
-274.90872,-1585.6512,4.52311,4.311056
-275.7445,-1585.1022,4.5247087,4.310057
-276.58078,-1584.554,4.5263076,4.3090577
-277.41748,-1584.0063,4.5279064,4.3080583
-278.25458,-1583.4594,4.5295067,4.30687
-279.09207,-1582.913,4.531107,4.30567
-279.92987,-1582.3671,4.5327067,4.3044696
-280.76804,-1581.8217,4.534307,4.30327
-281.6065,-1581.2769,4.5359073,4.3020697
-282.44525,-1580.7324,4.5373197,4.3008685
-283.28427,-1580.1884,4.538721,4.299668
-284.1235,-1579.6447,4.540122,4.2984667
-284.96298,-1579.1013,4.541523,4.297266
-285.8026,-1578.5582,4.542924,4.2960653
-286.64243,-1578.0154,4.544515,4.295053
-287.48236,-1577.4728,4.546117,4.294052
-288.32242,-1576.9303,4.5477185,4.293051
-289.16257,-1576.388,4.54932,4.29205
-290.00275,-1575.8458,4.5509224,4.2910485
-290.843,-1575.3036,4.5525246,4.2898564
-291.68326,-1574.7615,4.5541267,4.288655
-292.5235,-1574.2194,4.555729,4.287453
-293.3637,-1573.6771,4.557331,4.2862515
-294.20386,-1573.1349,4.5589333,4.28505
-295.0439,-1572.5924,4.5603433,4.2838483
-295.88388,-1572.0498,4.5617456,4.2826467
-296.72372,-1571.5071,4.5631475,4.281445
-297.5634,-1570.964,4.5645494,4.2802434
-298.40286,-1570.4207,4.5659513,4.279042
-299.24213,-1569.8771,4.5675464,4.2780337
-300.08118,-1569.333,4.569148,4.2770324
-300.91998,-1568.7887,4.57075,4.276031
-301.75848,-1568.2439,4.572352,4.27503
-302.5967,-1567.6986,4.573954,4.274029
-303.4346,-1567.1528,4.5755553,4.2728333
-304.27213,-1566.6064,4.5771565,4.2716327
-305.10928,-1566.0596,4.578758,4.2704315
-305.946,-1565.512,4.5803595,4.2692304
-306.7823,-1564.9637,4.5819607,4.2680297
-307.6181,-1564.4148,4.583366,4.266829
-308.45343,-1563.8651,4.5847664,4.265629
-309.28827,-1563.3147,4.5861664,4.2644286
-310.12265,-1562.7635,4.587567,4.2632284
-310.95654,-1562.2117,4.5889673,4.262028
-311.78995,-1561.659,4.590562,4.261024
-312.623,-1561.106,4.592161,4.260024
-313.4557,-1560.5522,4.5937605,4.2590246
-314.28815,-1559.9983,4.59536,4.258025
-315.12045,-1559.444,4.5969596,4.2570252
-315.95267,-1558.8896,4.5983634,4.2558312
-316.7849,-1558.3352,4.5997624,4.2546325
-317.6172,-1557.7809,4.6011615,4.253433
-318.4496,-1557.2268,4.60256,4.252234
-319.2822,-1556.6731,4.603959,4.251035
-320.11508,-1556.1196,4.605552,4.249836
-320.9483,-1555.5668,4.6071506,4.248637
-321.78195,-1555.0145,4.6087494,4.247438
-322.6161,-1554.463,4.610348,4.2462387
-323.45078,-1553.9124,4.6119466,4.24504
-324.28607,-1553.3627,4.613546,4.244034
-325.1221,-1552.814,4.6151447,4.2430344
-325.95886,-1552.2665,4.616744,4.242035
-326.79648,-1551.7203,4.618343,4.2410355
-327.63495,-1551.1754,4.619942,4.240036
-328.47437,-1550.632,4.6213493,4.2388434
-329.31485,-1550.0902,4.622749,4.2376437
-330.15643,-1549.5502,4.624149,4.236444
-330.99927,-1549.0121,4.625549,4.235244
-331.84338,-1548.476,4.6269484,4.234044
-332.6889,-1547.942,4.628542,4.2328434
-333.5357,-1547.4103,4.6301427,4.231643
-334.3837,-1546.8802,4.6317434,4.2304425
-335.2328,-1546.352,4.633344,4.229242
-336.08282,-1545.8254,4.634945,4.228041
-336.9337,-1545.3,4.6365466,4.2270336
-337.78522,-1544.7759,4.638148,4.2260327
-338.6372,-1544.2524,4.6397495,4.2250314
-339.48947,-1543.7294,4.6413507,4.2240305
-340.34183,-1543.2064,4.6429524,4.2230296
-341.1941,-1542.6833,4.628815,4.2469
-342.04605,-1542.1599,4.614197,4.2715316
-342.89758,-1541.6356,4.599578,4.296163
-343.74844,-1541.1104,4.584959,4.320795
-344.59854,-1540.5837,4.5703406,4.3454266
-345.44763,-1540.0555,4.547699,4.382777
-346.2956,-1539.5255,4.5248656,4.4204316
-347.14218,-1538.9934,4.5020328,4.458086
-347.98724,-1538.4587,4.4792,4.4957404
-348.83063,-1537.9215,4.456367,4.533395
-349.67206,-1537.3812,4.4337363,4.5710406
-350.5114,-1536.8376,4.411109,4.608686
-351.34848,-1536.2906,4.3884816,4.6463313
-352.183,-1535.7397,4.3658543,4.6839767
-353.01483,-1535.1848,4.3432274,4.721622
-353.84372,-1534.6254,4.339237,4.73309
-354.66953,-1534.0615,4.335437,4.744292
-355.492,-1533.4928,4.331636,4.755494
-356.31104,-1532.9191,4.327835,4.766696
-357.1264,-1532.3402,4.3240347,4.7778983
-357.9379,-1531.7559,4.3348947,4.76869
-358.7454,-1531.1661,4.3458886,4.759295
-359.5487,-1530.5706,4.356883,4.7499003
-360.34766,-1529.9692,4.367877,4.740505
-361.1421,-1529.3619,4.378871,4.73111
-361.93185,-1528.7487,4.3898726,4.721709
-362.7167,-1528.129,4.4008746,4.7123075
-363.4965,-1527.503,4.411876,4.7029057
-364.27097,-1526.8705,4.422878,4.6935043
-365.03998,-1526.2313,4.4338794,4.684103
-365.80328,-1525.5853,4.4312263,4.686972
-366.56064,-1524.9324,4.4284215,4.689977
-367.31186,-1524.2723,4.4256167,4.692982
-368.05673,-1523.6052,4.422812,4.6959867
-368.79498,-1522.9308,4.4200077,4.698992
-369.52637,-1522.2488,4.408994,4.7096057
-370.2507,-1521.5594,4.3979588,4.7202396
-370.96768,-1520.8624,4.386924,4.7308736
-371.67706,-1520.1576,4.3758883,4.7415075
-372.37863,-1519.4451,4.364853,4.7521415
-373.07208,-1518.7246,4.3538103,4.762783
-373.75717,-1517.9962,4.3427672,4.773424
-374.4336,-1517.2598,4.331724,4.7840657
-375.10104,-1516.5151,4.320681,4.7947073
-375.75922,-1515.7623,4.3110056,4.8041325
-376.4079,-1515.0013,4.341696,4.7776546
-377.04703,-1514.2323,4.372386,4.751177
-377.67667,-1513.4554,4.4030757,4.7246995
-378.29688,-1512.671,4.4337654,4.698222
-378.90762,-1511.8793,4.464642,4.6715765
-379.509,-1511.0803,4.499273,4.6415496
-380.10107,-1510.2745,4.533904,4.6115227
-380.68393,-1509.462,4.5685353,4.581496
-381.25766,-1508.6431,4.603166,4.5514684
-381.8224,-1507.8177,4.6348076,4.523622
-382.37817,-1506.9865,4.6118355,4.5356073
-382.9251,-1506.1494,4.5888634,4.547593
-383.4633,-1505.3066,4.5658913,4.5595784
-383.99283,-1504.4584,4.542919,4.571564
-384.51382,-1503.6049,4.5196834,4.58375
-385.02637,-1502.7462,4.49096,4.6001062
-385.53052,-1501.8827,4.462237,4.616462
-386.02643,-1501.0143,4.4335136,4.6328187
-386.5142,-1500.1414,4.4047904,4.6491747
-386.99387,-1499.264,4.376605,4.665117
-387.4656,-1498.3823,4.3644395,4.6687064
-387.9295,-1497.4965,4.3522744,4.672296
-388.38565,-1496.6066,4.340109,4.6758857
-388.83417,-1495.7129,4.327944,4.679476
-389.27524,-1494.8154,4.31608,4.68284
-389.70886,-1493.9143,4.3204746,4.6740503
-390.1352,-1493.0098,4.3248696,4.6652613
-390.5542,-1492.1019,4.329264,4.6564717
-390.96594,-1491.1907,4.3336587,4.647682
-391.37048,-1490.2761,4.3380513,4.638895
-391.7678,-1489.3585,4.3422585,4.6302805
-392.15775,-1488.4377,4.346465,4.621666
-392.54022,-1487.5138,4.3506722,4.613052
-392.91507,-1486.5867,4.3548794,4.6044374
-393.28207,-1485.6565,4.3588386,4.596041
-393.64114,-1484.7233,4.351007,4.5980496
-393.9921,-1483.7869,4.3431754,4.6000576
-394.33484,-1482.8475,4.335344,4.6020656
-394.66922,-1481.9052,4.3275123,4.604074
-394.99512,-1480.9597,4.319287,4.6064343
-395.31244,-1480.0115,4.301793,4.6170917
-395.621,-1479.0603,4.2842994,4.627749
-395.9207,-1478.1063,4.266805,4.638406
-396.21136,-1477.1495,4.2493114,4.649063
-396.49292,-1476.1901,4.2318316,4.6597066
-396.7652,-1475.2278,4.2145395,4.670162
-397.02805,-1474.2631,4.197248,4.6806173
-397.2814,-1473.2958,4.1799564,4.691073
-397.52512,-1472.3259,4.162665,4.701528
-397.75906,-1471.3536,4.1475854,4.7105846
-397.98312,-1470.3792,4.153807,4.706169
-398.1972,-1469.4023,4.1600285,4.701754
-398.40112,-1468.4235,4.16625,4.6973386
-398.59485,-1467.4424,4.1724715,4.692923
-398.7782,-1466.4594,4.180228,4.687507
-398.9511,-1465.4745,4.2002234,4.6741104
-399.1135,-1464.4878,4.220218,4.6607137
-399.26532,-1463.4994,4.2402134,4.647317
-399.40652,-1462.5095,4.2602086,4.63392
-399.53705,-1461.5181,4.2801967,4.62055
-399.65683,-1460.5254,4.3001294,4.6073947
-399.76584,-1459.5314,4.320062,4.5942388
-399.86404,-1458.5363,4.3399954,4.5810833
-399.95135,-1457.54,4.359928,4.5679274
-400.0277,-1456.543,4.3777585,4.554699
-400.0931,-1455.5452,4.3751698,4.5407605
-400.14743,-1454.5468,4.3725815,4.526822
-400.19064,-1453.5477,4.3699927,4.512884
-400.22263,-1452.5482,4.367404,4.4989457
-400.2433,-1451.5485,4.3647304,4.485021
-400.2526,-1450.5486,4.3609443,4.471271
-400.25046,-1449.5486,4.357158,4.4575214
-400.23682,-1448.5487,4.353372,4.443772
-400.21155,-1447.5491,4.349586,4.4300222
-400.17465,-1446.5498,4.3455353,4.4165773
-400.12598,-1445.551,4.3367476,4.4085884
-400.0654,-1444.553,4.32796,4.4006
-399.99277,-1443.5557,4.319172,4.392611
-399.90793,-1442.5592,4.3103843,4.384622
-399.8107,-1441.5641,4.301236,4.377055
-399.701,-1440.5701,4.284605,4.3782573
-399.57895,-1439.5776,4.267974,4.37946
-399.44473,-1438.5867,4.251343,4.380662
-399.2985,-1437.5975,4.2347116,4.381864
-399.14044,-1436.6101,4.218156,4.3831887
-398.97076,-1435.6246,4.2028995,4.3866014
-398.79,-1434.6411,4.1876426,4.390014
-398.5987,-1433.6597,4.172386,4.393427
-398.39734,-1432.6802,4.15713,4.3968396
-398.1865,-1431.7028,4.1425257,4.401245
-397.96667,-1430.7272,4.136106,4.4180965
-397.73834,-1429.7537,4.1296864,4.434948
-397.50195,-1428.782,4.1232667,4.4518
-397.258,-1427.8123,4.116847,4.4686513
-397.00693,-1426.8444,4.1104283,4.4855185
-396.74918,-1425.8782,4.104019,4.502543
-396.48523,-1424.9137,4.09761,4.519567
-396.21555,-1423.9508,4.091201,4.536591
-395.9406,-1422.9894,4.084792,4.553615
-395.6609,-1422.0293,4.0792503,4.5693274
-395.3768,-1421.0706,4.08185,4.572727
-395.0888,-1420.1129,4.0844502,4.576127
-394.79736,-1419.1564,4.08705,4.579527
-394.5029,-1418.2008,4.08965,4.5829268
-394.2058,-1417.246,4.0923266,4.586211
-393.90662,-1416.2917,4.095725,4.5884104
-393.6057,-1415.3381,4.0991235,4.590609
-393.3036,-1414.3849,4.1025214,4.5928082
-393.00067,-1413.432,4.10592,4.595007
-392.6975,-1412.479,4.1093373,4.597206
-392.39438,-1411.5261,4.112938,4.5994067
-392.09134,-1410.5732,4.116539,4.601607
-391.78842,-1409.6202,4.1201396,4.6038074
-391.4856,-1408.6672,4.12374,4.606008
-391.18286,-1407.7141,4.1273227,4.6082087
-390.8802,-1406.7611,4.130726,4.6104107
-390.5775,-1405.808,4.134129,4.612613
-390.27478,-1404.855,4.1375327,4.614815
-389.972,-1403.902,4.140936,4.6170173
-389.669,-1402.949,4.1443396,4.61924
-389.3658,-1401.9961,4.1477447,4.621643
-389.06235,-1401.0433,4.1511493,4.624047
-388.7586,-1400.0906,4.1545544,4.62645
-388.4545,-1399.138,4.1579595,4.628854
-388.15,-1398.1855,4.161364,4.6312356
-387.84506,-1397.2332,4.1647696,4.633439
-387.53964,-1396.281,4.1681747,4.6356425
-387.23367,-1395.329,4.1715803,4.637846
-386.92715,-1394.3772,4.1749854,4.6400495
-386.62,-1393.4255,4.178391,4.642253
-386.31216,-1392.4741,4.1817956,4.644456
-386.0036,-1391.523,4.1851997,4.646659
-385.69427,-1390.572,4.1886044,4.648862
-385.38416,-1389.6213,4.192009,4.651065
-385.07315,-1388.671,4.195413,4.6532674
-384.76123,-1387.721,4.198816,4.655469
-384.4484,-1386.7711,4.2022185,4.6576705
-384.13452,-1385.8218,4.205621,4.6598725
-383.81964,-1384.8727,4.2090235,4.662074
-383.50366,-1383.924,4.2124257,4.6642756
-383.18658,-1382.9756,4.2158256,4.6664753
-382.86832,-1382.0276,4.219226,4.6686754
-382.5489,-1381.08,4.2226257,4.6708755
-382.2282,-1380.1328,4.226026,4.6730757
-381.90628,-1379.1862,4.229426,4.6752753
-381.58304,-1378.2399,4.232824,4.6774745
-381.25848,-1377.2941,4.2362223,4.679673
-380.93256,-1376.3486,4.2396207,4.681872
-380.60522,-1375.4038,4.2430186,4.684071
-380.27643,-1374.4595,4.246417,4.6862698
-379.9462,-1373.5155,4.249814,4.688468
-379.6144,-1372.5723,4.253211,4.690666
-379.2811,-1371.6294,4.2566085,4.6928644
-378.94623,-1370.6873,4.2600055,4.695062
-378.6097,-1369.7456,4.2634025,4.697284
-378.27155,-1368.8046,4.2667994,4.6996818
-377.93167,-1367.8641,4.270196,4.70208
-377.59012,-1366.9243,4.273593,4.7044773
-377.24677,-1365.9851,4.27699,4.7068753
-376.90164,-1365.0466,4.280159,4.709523
-376.5547,-1364.1088,4.281558,4.714119
-376.20587,-1363.1716,4.2829566,4.7187147
-375.85513,-1362.2351,4.2843556,4.7233105
-375.50247,-1361.2994,4.285754,4.7279067
-375.14783,-1360.3645,4.2870436,4.7326336
-374.7912,-1359.4303,4.2874436,4.7384295
-374.43253,-1358.4968,4.287843,4.7442255
-374.07175,-1357.5642,4.288243,4.7500215
-373.7089,-1356.6324,4.2886424,4.7558174
-373.34387,-1355.7014,4.2890635,4.7615924
-372.97668,-1354.7714,4.2896633,4.76719
-372.60727,-1353.842,4.290263,4.772788
-372.23563,-1352.9138,4.2908626,4.7783856
-371.86166,-1351.9863,4.2914624,4.7839837
-371.4854,-1351.0598,4.292042,4.7896023
-371.10678,-1350.1344,4.2924414,4.7954025
-370.7258,-1349.2098,4.2928414,4.8012023
-370.34235,-1348.2863,4.2932415,4.8070025
-369.95645,-1347.3638,4.2936416,4.8128023
-369.56808,-1346.4423,4.295101,4.8162756
-369.1772,-1345.522,4.3057055,4.799669
-368.7837,-1344.6027,4.31631,4.7830615
-368.38763,-1343.6844,4.3269143,4.7664547
-367.98895,-1342.7673,4.3375187,4.749848
-367.58762,-1341.8514,4.3485904,4.7322226
-367.18356,-1340.9368,4.3636026,4.7060003
-366.7768,-1340.0233,4.3786154,4.6797786
-366.36728,-1339.1111,4.393628,4.653557
-365.95493,-1338.2001,4.4086404,4.6273346
-365.53976,-1337.2903,4.4236536,4.6010895
-365.1217,-1336.382,4.438672,4.5746574
-364.70078,-1335.4749,4.45369,4.5482254
-364.27692,-1334.5692,4.4687085,4.5217934
-363.8502,-1333.6649,4.4837265,4.4953613
-363.42053,-1332.762,4.4965115,4.4717674
-362.98798,-1331.8604,4.4923053,4.469764
-362.55255,-1330.9602,4.4880986,4.4677615
-362.11423,-1330.0614,4.4838924,4.4657583
-361.67303,-1329.164,4.4796863,4.4637556
-361.22903,-1328.2681,4.475084,4.462223
-360.78223,-1327.3734,4.467672,4.464026
-360.3326,-1326.4802,4.46026,4.465829
-359.88025,-1325.5885,4.4528475,4.467632
-359.4251,-1324.6981,4.4454355,4.4694347
-358.9672,-1323.8091,4.43805,4.4712377
-358.5066,-1322.9215,4.4308376,4.4730406
-358.04324,-1322.0354,4.4236255,4.4748435
-357.5772,-1321.1506,4.4164133,4.4766464
-357.1085,-1320.2673,4.4092016,4.47845
-356.63712,-1319.3855,4.4024386,4.48014
-356.1631,-1318.505,4.3984323,4.481142
-355.6864,-1317.626,4.3944254,4.4821434
-355.20712,-1316.7483,4.390419,4.483145
-354.72525,-1315.8721,4.3864126,4.484147
-354.24078,-1314.9973,4.3841877,4.484792
-353.75378,-1314.124,4.3922,4.48339
-353.2642,-1313.2521,4.400212,4.481988
-352.7721,-1312.3816,4.4082236,4.480586
-352.27747,-1311.5126,4.416236,4.4791837
-351.78033,-1310.6449,4.4242787,4.4777503
-351.2807,-1309.7787,4.4324894,4.4761486
-350.77863,-1308.914,4.4407,4.4745464
-350.27408,-1308.0505,4.4489107,4.4729443
-349.76712,-1307.1886,4.457122,4.471342
-349.25772,-1306.3281,4.46413,4.4694476
-348.7459,-1305.4691,4.464931,4.466044
-348.23172,-1304.6115,4.4657316,4.4626403
-347.71515,-1303.7552,4.4665327,4.4592366
-347.19623,-1302.9004,4.4673333,4.455833
-346.67496,-1302.0471,4.4668255,4.4520607
-346.15137,-1301.1952,4.45982,4.446456
-345.62546,-1300.3446,4.452814,4.440851
-345.09726,-1299.4956,4.445809,4.435247
-344.56677,-1298.648,4.438803,4.429642
-344.03403,-1297.8016,4.4317975,4.4240384
-343.49902,-1296.9569,4.424794,4.418435
-342.9618,-1296.1135,4.4177904,4.4128323
-342.42236,-1295.2715,4.4107866,4.4072294
-341.8807,-1294.4309,4.4037833,4.4016266
-341.33685,-1293.5918,4.396815,4.3960238
-340.79086,-1292.754,4.390013,4.390423
-340.24268,-1291.9177,4.3832116,4.3848214
-339.69235,-1291.0828,4.37641,4.37922
-339.13992,-1290.2493,4.369609,4.373619
-338.58536,-1289.4172,4.3627024,4.3682985
-338.0287,-1288.5865,4.355303,4.364299
-337.46994,-1287.7572,4.3479033,4.360299
-336.90915,-1286.9293,4.3405037,4.3562994
-336.34628,-1286.1028,4.333104,4.3522997
-335.78137,-1285.2777,4.3250747,4.3503304
-335.21442,-1284.454,4.3140783,4.357928
-334.64548,-1283.6316,4.303082,4.3655252
-334.07455,-1282.8107,4.2920856,4.3731227
-333.50162,-1281.9911,4.2810893,4.38072
-332.92673,-1281.173,4.2700586,4.3883176
-332.34985,-1280.3561,4.258865,4.395913
-331.7711,-1279.5406,4.247671,4.403509
-331.19037,-1278.7267,4.2364774,4.4111047
-330.60773,-1277.914,4.2252836,4.4187007
-330.0232,-1277.1027,4.214124,4.4262958
-329.43677,-1276.2926,4.2031326,4.4338903
-328.84848,-1275.484,4.1921406,4.4414845
-328.25833,-1274.6768,4.181149,4.449079
-327.66632,-1273.8708,4.1701574,4.456673
-327.0725,-1273.0663,4.159166,4.4643006
-326.47687,-1272.2631,4.1481757,4.4720936
-325.87943,-1271.4613,4.137185,4.479887
-325.28018,-1270.6608,4.126195,4.48768
-324.67917,-1269.8616,4.115205,4.495473
-324.0764,-1269.0637,4.104994,4.502357
-323.47183,-1268.2671,4.0987997,4.5045547
-322.86557,-1267.4719,4.0926056,4.506753
-322.25757,-1266.678,4.0864115,4.5089507
-321.64783,-1265.8855,4.0802174,4.5111485
-321.0364,-1265.0942,4.074496,4.512874
-320.4233,-1264.3042,4.071299,4.512075
-319.80853,-1263.5156,4.068102,4.5112753
-319.19208,-1262.7283,4.064905,4.510476
-318.574,-1261.9421,4.061708,4.509677
-317.95425,-1261.1573,4.0585113,4.5088778
-317.33292,-1260.3739,4.055314,4.5080786
-316.70993,-1259.5917,4.0521164,4.507279
-316.08536,-1258.8108,4.048919,4.5064797
-315.4592,-1258.0311,4.045722,4.5056806
-314.83145,-1257.2528,4.042525,4.5048814
-314.20215,-1256.4757,4.039327,4.5040817
-313.5713,-1255.6998,4.036129,4.503282
-312.93887,-1254.9252,4.0329313,4.502483
-312.30496,-1254.1519,4.029733,4.501683
-311.6695,-1253.3798,4.0265646,4.500884
-311.03256,-1252.6089,4.023566,4.5000844
-310.3941,-1251.8392,4.020567,4.4992843
-309.75415,-1251.0709,4.017568,4.4984846
-309.11276,-1250.3037,4.0145693,4.497685
-308.46988,-1249.5378,4.013032,4.497545
-307.82556,-1248.7731,4.020232,4.5013447
-307.1798,-1248.0096,4.0274324,4.5051446
-306.53265,-1247.2473,4.034632,4.508945
-305.88403,-1246.4862,4.0418324,4.512745
-305.23404,-1245.7263,4.049033,4.5165167
-304.58264,-1244.9677,4.0562367,4.520118
-303.92987,-1244.2101,4.063441,4.5237203
-303.2758,-1243.4537,4.0706444,4.5273223
-302.6204,-1242.6985,4.077848,4.530924
-301.96375,-1241.9443,4.0850816,4.5345554
-301.30585,-1241.1913,4.0924883,4.5383587
-300.6468,-1240.4392,4.099895,4.5421624
-299.98657,-1239.6882,4.1073017,4.5459657
-299.32523,-1238.9382,4.1147084,4.549769
-298.66278,-1238.1891,4.122085,4.5535727
-297.9993,-1237.4409,4.129294,4.5573773
-297.3348,-1236.6937,4.1365023,4.5611815
-296.6693,-1235.9474,4.1437106,4.564986
-296.0029,-1235.2018,4.1509194,4.568791
-295.33554,-1234.4572,4.158128,4.572595
-294.66733,-1233.7133,4.1653376,4.5764003
-293.99826,-1232.9701,4.172547,4.5802054
-293.32837,-1232.2277,4.1797566,4.5840106
-292.6577,-1231.4858,4.1869664,4.5878158
-291.98633,-1230.7449,4.194176,4.591588
-291.3142,-1230.0044,4.201386,4.595193
-290.64142,-1229.2646,4.208596,4.5987983
-289.968,-1228.5254,4.215806,4.602403
-289.29398,-1227.7867,4.2230163,4.606008
-288.61935,-1227.0487,4.2302604,4.6096473
-287.9442,-1226.311,4.237671,4.6134524
-287.26855,-1225.5739,4.245081,4.6172576
-286.5924,-1224.8372,4.252491,4.621063
-285.91586,-1224.1008,4.2599015,4.6248684
-285.23886,-1223.3649,4.2672763,4.6286736
-284.56152,-1222.6292,4.2744856,4.6324787
-283.88382,-1221.8939,4.2816954,4.6362834
-283.2058,-1221.1589,4.2889047,4.6400886
-282.52756,-1220.4242,4.296114,4.6438937
-281.84903,-1219.6896,4.3033233,4.6476617
-281.1703,-1218.9552,4.310532,4.651266
-280.4914,-1218.2211,4.3177404,4.6548705
-279.81235,-1217.487,4.3249493,4.6584744
-279.13318,-1216.753,4.3321576,4.662079
-278.45395,-1216.0192,4.339404,4.665721
-277.7747,-1215.2854,4.346812,4.6695247
-277.0954,-1214.5515,4.354219,4.673329
-276.41614,-1213.8176,4.3616266,4.6771326
-275.7369,-1213.0837,4.3690343,4.6809363
-275.0578,-1212.3499,4.3764024,4.68474
-274.3788,-1211.6157,4.3836083,4.6885433
-273.69995,-1210.8815,4.390814,4.692346
-273.0213,-1210.1471,4.39802,4.6961493
-272.34286,-1209.4125,4.4052253,4.699952
-271.66464,-1208.6776,4.412431,4.7037554
-270.98672,-1207.9425,4.419635,4.707557
-270.3091,-1207.2072,4.4268384,4.711359
-269.6319,-1206.4714,4.4340425,4.7151613
-268.95505,-1205.7354,4.441246,4.718963
-268.27866,-1204.9989,4.448449,4.722725
-267.60272,-1204.262,4.455651,4.7263255
-266.92725,-1203.5247,4.4628525,4.729926
-266.25217,-1202.7869,4.4700537,4.733527
-265.57748,-1202.0488,4.4772553,4.737128
-264.90317,-1201.3104,4.4838495,4.7401214
-264.2292,-1200.5718,4.4880495,4.740721
-263.55545,-1199.8328,4.492249,4.741321
-262.88193,-1199.0938,4.496449,4.7419214
-262.2086,-1198.3544,4.5006485,4.7425213
-261.5353,-1197.6151,4.504848,4.7431617
-260.8621,-1196.8756,4.509047,4.7439613
-260.18887,-1196.1362,4.513246,4.744761
-259.5156,-1195.397,4.517445,4.745561
-258.8422,-1194.6577,4.521644,4.746361
-258.16864,-1193.9186,4.525803,4.7471204
-257.49487,-1193.1797,4.529802,4.7477202
-256.82086,-1192.441,4.533801,4.74832
-256.14655,-1191.7026,4.5378,4.74892
-255.47185,-1190.9646,4.5417986,4.74952
-254.79674,-1190.2269,4.5458374,4.7501593
-254.12117,-1189.4896,4.5500364,4.7509594
-253.44508,-1188.7529,4.5542355,4.751759
-252.76843,-1188.0166,4.5584345,4.7525587
-252.09117,-1187.2809,4.5626335,4.753359
-251.41322,-1186.5459,4.5668325,4.754119
-250.73457,-1185.8114,4.571032,4.754719
-250.05515,-1185.0778,4.5752316,4.7553186
-249.3749,-1184.3448,4.579431,4.7559185
-248.69377,-1183.6127,4.5836306,4.756519
-248.01173,-1182.8815,4.5878305,4.7571583
-247.32874,-1182.151,4.5920305,4.7579584
-246.6447,-1181.4216,4.596231,4.758758
-245.95961,-1180.6932,4.6004314,4.759558
-245.27339,-1179.966,4.604632,4.7603583
-244.58601,-1179.2396,4.6081586,4.761753
-243.89742,-1178.5145,4.6089587,4.7655544
-243.20755,-1177.7906,4.609759,4.7693553
-242.51637,-1177.068,4.6105595,4.7731566
-241.82384,-1176.3467,4.6113596,4.7769575
-241.12988,-1175.6267,4.6104817,4.782317
-240.43448,-1174.9081,4.602878,4.793923
-239.73756,-1174.191,4.595274,4.805529
-239.03911,-1173.4755,4.5876703,4.817135
-238.33904,-1172.7614,4.580066,4.828741
-237.63733,-1172.049,4.5725026,4.8403473
-236.93393,-1171.3383,4.565098,4.8519545
-236.2288,-1170.6292,4.557693,4.863562
-235.52188,-1169.922,4.550288,4.8751698
-234.81314,-1169.2166,4.5428834,4.8867774
-234.10252,-1168.513,4.5354786,4.898426
-233.39,-1167.8114,4.528074,4.9102335
-232.67552,-1167.1118,4.520669,4.9220414
-231.95903,-1166.4142,4.513264,4.933849
-231.2405,-1165.7188,4.5058594,4.945657
-230.51985,-1165.0255,4.498413,4.9574223
-229.7971,-1164.3345,4.4908094,4.969028
-229.0722,-1163.6456,4.4832053,4.9806337
-228.3452,-1162.9591,4.4756017,4.9922395
-227.61609,-1162.2748,4.467998,5.003845
-226.88486,-1161.5927,4.460437,5.0154505
-226.15152,-1160.9128,4.4530344,5.0270543
-225.41608,-1160.2354,4.445632,5.0386577
-224.67856,-1159.56,4.4382296,5.0502615
-223.93895,-1158.8871,4.430827,5.0618653
-223.19727,-1158.2163,4.4253407,5.070106
-222.45354,-1157.548,4.426941,5.0659056
-221.70775,-1156.8818,4.428541,5.0617046
-220.9599,-1156.218,4.4301414,5.0575037
-220.21002,-1155.5564,4.4317417,5.053303
-219.45811,-1154.8972,4.434924,5.0462804
-218.70418,-1154.2404,4.443925,5.028878
-217.94823,-1153.5858,4.452926,5.011476
-217.19026,-1152.9335,4.4619274,4.994074
-216.43031,-1152.2836,4.470928,4.9766717
-215.66835,-1151.636,4.4799294,4.959313
-214.90442,-1150.9907,4.48893,4.942111
-214.13849,-1150.3479,4.497931,4.924909
-213.3706,-1149.7074,4.5069323,4.9077077
-212.60075,-1149.0692,4.515933,4.890506
-211.82895,-1148.4333,4.524934,4.873261
-211.0552,-1147.7999,4.533935,4.855859
-210.27951,-1147.169,4.5429363,4.8384566
-209.50188,-1146.5402,4.551937,4.8210545
-208.72234,-1145.914,4.5609384,4.8036523
-207.94086,-1145.29,4.5699396,4.786293
-207.15749,-1144.6686,4.5789413,4.769089
-206.37221,-1144.0494,4.5879436,4.751886
-205.58504,-1143.4327,4.5969453,4.734682
-204.79597,-1142.8185,4.605947,4.7174788
-204.00502,-1142.2067,4.6149926,4.7002745
-203.2122,-1141.5973,4.6241956,4.6830688
-202.41753,-1140.9904,4.633399,4.665863
-201.62099,-1140.3857,4.642602,4.6486573
-200.8226,-1139.7837,4.651805,4.631451
-200.02235,-1139.1841,4.657952,4.618437
-199.22029,-1138.5869,4.6531496,4.6204376
-198.4164,-1137.9922,4.648347,4.622439
-197.61067,-1137.3999,4.643544,4.6244397
-196.80313,-1136.8102,4.638742,4.626441
-195.99379,-1136.2229,4.630226,4.633658
-195.18265,-1135.6382,4.6086097,4.6592774
-194.36972,-1135.0558,4.586993,4.6848974
-193.555,-1134.4761,4.5653763,4.710517
-192.7385,-1133.8988,4.54376,4.7361364
-191.92023,-1133.324,4.522142,4.7617574
-191.10019,-1132.7517,4.5005193,4.7873845
-190.2784,-1132.182,4.4788966,4.8130116
-189.45485,-1131.6147,4.4572735,4.838639
-188.62958,-1131.0502,4.435651,4.864266
-187.80257,-1130.488,4.4140267,4.889848
-186.97386,-1129.9283,4.392398,4.9152822
-186.14346,-1129.3712,4.370769,4.9407163
-185.31145,-1128.8165,4.34914,4.96615
-184.47784,-1128.2643,4.3275113,4.991584
-183.64268,-1127.7144,4.312801,5.009578
-182.806,-1127.1667,4.3204117,5.0035696
-181.96785,-1126.6213,4.3280225,4.9975615
-181.12825,-1126.0781,4.3356333,4.991553
-180.28725,-1125.5372,4.343244,4.985544
-179.44489,-1124.9984,4.3537345,4.976461
-178.60117,-1124.4617,4.373161,4.9578357
-177.75616,-1123.927,4.392587,4.9392104
-176.90988,-1123.3943,4.412013,4.920585
-176.06238,-1122.8635,4.4314394,4.9019604
-175.21367,-1122.3347,4.4508147,4.883286
-174.3638,-1121.8079,4.470037,4.864464
-173.5128,-1121.2827,4.4892592,4.845642
-172.6607,-1120.7594,4.5084815,4.8268204
-171.80756,-1120.2378,4.527704,4.8079987
-170.95337,-1119.7179,4.5469246,4.7892294
-170.09818,-1119.1997,4.566142,4.7706122
-169.24202,-1118.683,4.5853596,4.7519956
-168.38493,-1118.1678,4.6045766,4.733379
-167.52695,-1117.6543,4.623794,4.714762
-166.66808,-1117.1422,4.641601,4.69766
-165.80838,-1116.6315,4.6554093,4.684852
-164.94786,-1116.1221,4.669218,4.6720443
-164.08658,-1115.614,4.6830263,4.6592364
-163.22453,-1115.1073,4.696835,4.6464286
-162.36177,-1114.6017,4.7068944,4.6376863
-161.49832,-1114.0973,4.7064943,4.640287
-160.63422,-1113.5941,4.7060943,4.642888
-159.76949,-1113.0919,4.705694,4.6454887
-158.90414,-1112.5908,4.7052937,4.64809
-158.03824,-1112.0907,4.704947,4.650637
-157.17178,-1111.5914,4.7047467,4.6530375
-156.30482,-1111.0931,4.704547,4.655438
-155.43738,-1110.5957,4.7043467,4.657838
-154.56946,-1110.099,4.704147,4.6602383
-153.70113,-1109.6031,4.7039466,4.662638
-152.8324,-1109.1079,4.703747,4.665038
-151.96329,-1108.6134,4.703547,4.667438
-151.09384,-1108.1194,4.7033467,4.6698375
-150.22408,-1107.626,4.703147,4.6722374
-149.35402,-1107.1332,4.7028937,4.6746902
-148.4837,-1106.6407,4.7024937,4.6772895
-147.61314,-1106.1487,4.702094,4.679889
-146.74239,-1105.6571,4.701694,4.6824884
-145.87146,-1105.1658,4.701294,4.685088
-145.00038,-1104.6747,4.7009473,4.6876345
-144.12918,-1104.1838,4.700747,4.690034
-143.25789,-1103.6931,4.700547,4.6924334
-142.3865,-1103.2025,4.7003474,4.694833
-141.51508,-1102.7122,4.700147,4.6972322
-140.64362,-1102.2217,4.699895,4.6996317
-139.77213,-1101.7313,4.699495,4.7020316
-138.90063,-1101.241,4.699095,4.704431
-138.02913,-1100.7507,4.6986947,4.7068305
-137.15762,-1100.2604,4.698295,4.70923
-136.28612,-1099.77,4.6979475,4.711682
-135.41463,-1099.2798,4.6977477,4.7142816
-134.54314,-1098.7894,4.6975474,4.7168813
-133.67168,-1098.299,4.6973476,4.719481
-132.80023,-1097.8086,4.697148,4.7220807
-131.92882,-1097.3181,4.696895,4.724628
-131.05745,-1096.8275,4.6964955,4.7270274
-130.18613,-1096.3369,4.6960955,4.7294273
-129.31487,-1095.8462,4.6956954,4.7318273
-128.44365,-1095.3553,4.6952953,4.734227
-127.5725,-1094.8644,4.6949477,4.7366266
-126.70143,-1094.3733,4.694748,4.7390265
-125.83043,-1093.8821,4.6945477,4.7414265
-124.95952,-1093.3906,4.694348,4.7438264
-124.0887,-1092.8992,4.6941476,4.746227
-123.21797,-1092.4075,4.693948,4.7486787
-122.34736,-1091.9155,4.693748,4.751279
-121.476845,-1091.4235,4.6935477,4.753879
-120.60645,-1090.9312,4.693348,4.7564793
-119.73618,-1090.4387,4.6931477,4.759079
-118.86604,-1089.9459,4.6928954,4.761627
-117.99604,-1089.453,4.6924953,4.7640276
-117.126175,-1088.9597,4.6920953,4.7664275
-116.25646,-1088.4662,4.691695,4.768828
-115.38691,-1087.9725,4.691295,4.7712283
-114.51752,-1087.4784,4.6909475,4.7736287
-113.64829,-1086.9841,4.6907477,4.776029
-112.77924,-1086.4894,4.6905475,4.7784295
-111.91037,-1085.9944,4.6903477,4.78083
-111.041695,-1085.4991,4.6901474,4.7832303
-110.17321,-1085.0035,4.6898947,4.7856836
-109.304924,-1084.5074,4.6894946,4.7882843
-108.43685,-1084.0111,4.6890945,4.790885
-107.56899,-1083.5144,4.6886945,4.7934856
-106.701355,-1083.0172,4.6882944,4.7960863
-105.83395,-1082.5197,4.6886873,4.799216
-104.966774,-1082.0217,4.691288,4.8038177
-104.099846,-1081.5234,4.693889,4.808419
-103.23316,-1081.0247,4.69649,4.8130207
-102.36673,-1080.5254,4.699091,4.8176227
-101.500565,-1080.0258,4.7025437,4.822916
-100.63467,-1079.5255,4.7083464,4.830119
-99.76905,-1079.0249,4.7141485,4.8373227
-98.90371,-1078.5238,4.719951,4.844526
-98.03866,-1078.0222,4.725754,4.851729
-97.17391,-1077.52,4.7315564,4.858986
-96.30946,-1077.0173,4.7373595,4.8663898
-95.44533,-1076.5142,4.7431626,4.8737936
-94.581505,-1076.0105,4.7489653,4.8811975
-93.718,-1075.5062,4.7547684,4.888601
-92.85483,-1075.0013,4.7605715,4.895951
-91.99197,-1074.496,4.7663746,4.903155
-91.12941,-1073.9901,4.772178,4.910359
-90.26713,-1073.4838,4.7779813,4.9175634
-89.405106,-1072.9769,4.783785,4.9247675
-88.543304,-1072.4697,4.7895885,4.9320264
-87.681725,-1071.9622,4.7953916,4.9394307
-86.82033,-1071.4543,4.801195,4.9468355
-85.9591,-1070.9462,4.8069987,4.95424
-85.09802,-1070.4377,4.8128023,4.9616446
-84.23707,-1069.9291,4.818606,4.9689937
-83.37622,-1069.4203,4.8244095,4.976198
-82.51546,-1068.9114,4.830213,4.9834027
-81.65476,-1068.4023,4.836017,4.9906073
-80.7941,-1067.8932,4.8418207,4.997812
-79.933464,-1067.384,4.84768,5.005072
-79.07282,-1066.8749,4.853684,5.012477
-78.21216,-1066.3658,4.859688,5.0198812
-77.35145,-1065.8568,4.865691,5.027286
-76.49068,-1065.3479,4.871695,5.0346904
-75.629814,-1064.8391,4.877642,5.0420384
-74.768845,-1064.3304,4.8834457,5.049243
-73.907745,-1063.8221,4.889249,5.056447
-73.04649,-1063.314,4.8950524,5.0636516
-72.18507,-1062.8062,4.900856,5.0708556
-71.323456,-1062.2987,4.906659,5.078117
-70.461624,-1061.7916,4.9124627,5.085521
-69.599556,-1061.2848,4.918266,5.092925
-68.73723,-1060.7786,4.924069,5.1003294
-67.874626,-1060.2727,4.929872,5.1077332
-67.01173,-1059.7675,4.935675,5.1150794
-66.148506,-1059.2627,4.941478,5.122283
-65.28494,-1058.7585,4.9472804,5.129486
-64.42102,-1058.2549,4.9530835,5.1366897
-63.556717,-1057.7521,4.958886,5.143893
-62.69201,-1057.2499,4.964689,5.1511545
-61.82688,-1056.7483,4.9704905,5.158557
-60.961308,-1056.2477,4.9762926,5.16596
-60.095272,-1055.7477,4.982095,5.1733623
-59.22875,-1055.2487,4.987897,5.1807647
-58.361725,-1054.7505,4.9936986,5.1881084
-57.49417,-1054.2532,4.9995,5.19531
-56.62608,-1053.7568,5.005301,5.2025113
-55.757423,-1053.2615,5.0111017,5.2097125
-54.888187,-1052.7672,5.016903,5.216914
-54.018353,-1052.2739,5.0227623,5.2241735
-53.1479,-1051.7817,5.0287623,5.231573
-52.276806,-1051.2906,5.034762,5.238973
-51.40505,-1050.8008,5.0407615,5.2463727
-50.5326,-1050.3121,5.0467615,5.2537723
-49.65944,-1049.8248,5.052702,5.2611713
-48.785553,-1049.3387,5.0585,5.2685685
-47.91094,-1048.854,5.0642977,5.2759657
-47.0356,-1048.3705,5.0700955,5.283363
-46.15954,-1047.8884,5.0758934,5.2907605
-45.28275,-1047.4076,5.0784845,5.293202
-44.405262,-1046.9281,5.073288,5.283609
-43.52713,-1046.4497,5.068092,5.2740154
-42.648415,-1045.9724,5.0628953,5.2644224
-41.769176,-1045.4961,5.057699,5.2548294
-40.88947,-1045.0206,5.0508914,5.242646
-40.009357,-1044.546,5.0401015,5.224064
-39.128883,-1044.072,5.0293117,5.205481
-38.248104,-1043.5985,5.018522,5.186898
-37.36706,-1043.1255,5.007732,5.168316
-36.485806,-1042.653,4.9968853,5.14979
-35.60439,-1042.1807,4.985896,5.1314077
-34.722862,-1041.7086,4.974907,5.1130257
-33.841274,-1041.2367,4.9639177,5.094644
-32.95968,-1040.7648,4.952928,5.076262
-32.07812,-1040.2927,4.941994,5.057823
-31.19666,-1039.8206,4.9312034,5.039239
-30.31534,-1039.3481,4.920412,5.020654
-29.434214,-1038.8754,4.9096212,5.0020695
-28.553331,-1038.4021,4.89883,4.983485
-27.672745,-1037.9282,4.8879833,4.9649534
-26.792503,-1037.4537,4.8769884,4.946563
-25.91266,-1036.9786,4.865994,4.928172
-25.033268,-1036.5026,4.8549995,4.909781
-24.154375,-1036.0256,4.844005,4.8913903
-23.276037,-1035.5476,4.8330092,4.8729424
-22.398306,-1035.0686,4.822009,4.854343
-21.521235,-1034.5883,4.8110094,4.835743
-20.644875,-1034.1067,4.8000093,4.817143
-19.769283,-1033.6237,4.7890096,4.7985435
-18.894514,-1033.1393,4.7780623,4.779995
-18.02062,-1032.6532,4.767256,4.761584
-17.14766,-1032.1654,4.7564497,4.743173
-16.275688,-1031.676,4.745643,4.7247624
-15.40476,-1031.1846,4.734837,4.7063518
-14.534936,-1030.6913,4.7277155,4.6879377
-13.666272,-1030.196,4.7303185,4.6695156
-12.798827,-1029.6985,4.7329216,4.651093
-11.932663,-1029.1989,4.7355247,4.632671
-11.06784,-1028.6969,4.738128,4.6142483
-10.204418,-1028.1924,4.7456274,4.595823
-9.342462,-1027.6855,4.765663,4.57739
-8.482029,-1027.176,4.785699,4.558957
-7.6231837,-1026.6638,4.8057346,4.5405245
-6.7659874,-1026.1489,4.8257704,4.5220914
-5.9105043,-1025.6311,4.845808,4.5036564
-5.056802,-1025.1105,4.865852,4.485216
-4.2049527,-1024.5868,4.8858957,4.466776
-3.3550322,-1024.0599,4.905939,4.448336
-2.5071168,-1023.52985,4.925983,4.429896
-1.6612836,-1022.99646,4.9460273,4.411515
-0.81759596,-1022.45966,4.9660726,4.393274
0.023907505,-1021.9195,4.9861183,4.3750324
0.8631901,-1021.37585,5.0061636,4.356791
1.7002146,-1020.82874,5.026209,4.3385496
2.5349438,-1020.27814,5.034497,4.335005
3.3673558,-1019.72406,5.01686,4.3638654
4.1974545,-1019.1665,4.999223,4.392726
5.025247,-1018.6055,4.981586,4.4215865
5.85074,-1018.0412,4.963949,4.4504466
6.673941,-1017.4735,4.943988,4.4823413
7.4948554,-1016.90247,4.9191427,4.5206103
8.313481,-1016.32825,4.894298,4.5588794
9.129818,-1015.75073,4.8694534,4.597149
9.943865,-1015.17,4.8446083,4.635418
10.755621,-1014.586,4.8197665,4.673682
11.565087,-1013.9989,4.7949305,4.711938
12.372266,-1013.4087,4.7700944,4.750193
13.177159,-1012.8153,4.7452583,4.7884483
13.979771,-1012.2189,4.7204227,4.826704
14.780104,-1011.6194,4.7027793,4.855866
15.57816,-1011.01685,4.6991754,4.867278
16.373943,-1010.4113,4.6955714,4.87869
17.167458,-1009.8028,4.691968,4.890102
17.958706,-1009.1914,4.688364,4.901514
18.74769,-1008.577,4.6968093,4.8979154
19.534416,-1007.9598,4.72823,4.865694
20.318888,-1007.33966,4.7596507,4.833473
21.101109,-1006.71674,4.791071,4.801252
21.88108,-1006.09094,4.8224916,4.7690306
22.658813,-1005.4624,4.853908,4.736814
23.434309,-1004.8311,4.8853173,4.7046046
24.207573,-1004.1971,4.916726,4.672395
24.978611,-1003.56036,4.9481354,4.6401863
25.747427,-1002.92096,4.979544,4.607977
26.514027,-1002.2789,5.001046,4.5850472
27.278416,-1001.63416,5.004046,4.5794473
28.0406,-1000.9869,5.007046,4.5738473
28.800587,-1000.337,5.010046,4.568248
29.55838,-999.6845,5.013046,4.562648
30.313986,-999.02954,5.0094237,4.5631824
31.067413,-998.3721,4.9934278,4.575179
31.818665,-997.7121,4.9774313,4.5871763
32.56775,-997.0497,4.9614353,4.5991735
33.314674,-996.3848,4.9454393,4.6111703
34.05945,-995.7175,4.929444,4.6230974
34.80207,-995.0479,4.91345,4.6348934
35.542557,-994.37585,4.897455,4.6466894
36.280907,-993.70154,4.8814607,4.658485
37.01713,-993.02484,4.8654666,4.670281
37.751236,-992.3458,4.8514757,4.6810403
38.483227,-991.66455,4.841279,4.6898375
39.21312,-990.9811,4.8310823,4.698635
39.940914,-990.2953,4.8208857,4.7074323
40.666626,-989.60736,4.810689,4.7162294
41.390263,-988.91724,4.806064,4.721931
42.11183,-988.2249,4.812063,4.721731
42.831326,-987.5305,4.8180623,4.7215314
43.548737,-986.83386,4.824062,4.721331
44.26406,-986.13513,4.830061,4.7211313
44.97729,-985.43427,4.8360605,4.7209315
45.68842,-984.73126,4.8420615,4.7207313
46.397434,-984.0261,4.848062,4.7205315
47.104324,-983.31885,4.854063,4.720331
47.80907,-982.60944,4.8600636,4.7201314
48.51167,-981.8979,4.8660645,4.719931
49.212105,-981.1842,4.8720665,4.7197313
49.910362,-980.4684,4.878069,4.719531
50.606434,-979.7505,4.884071,4.719331
51.300312,-979.03046,4.890073,4.719131
51.991978,-978.3083,4.8960752,4.7188616
52.681427,-977.584,4.9020786,4.7184615
53.368645,-976.8576,4.9080815,4.7180614
54.05362,-976.1291,4.914085,4.717661
54.73634,-975.39844,4.920088,4.717261
55.41679,-974.6657,4.9241395,4.7156754
56.094967,-973.93085,4.9245396,4.7118726
56.77085,-973.19385,4.92494,4.7080703
57.444435,-972.4548,4.92534,4.7042675
58.115707,-971.7136,4.9257407,4.7004647
58.784653,-970.9704,4.925507,4.6962395
59.45126,-970.225,4.924106,4.6912355
60.11552,-969.47754,4.9227047,4.6862316
60.777416,-968.728,4.9213037,4.6812277
61.436943,-967.9764,4.919903,4.6762238
62.094086,-967.22266,4.9185014,4.67122
62.74883,-966.46686,4.9171004,4.6662154
63.401165,-965.7089,4.915699,4.661211
64.05108,-964.949,4.914298,4.656207
64.69856,-964.18695,4.9128966,4.6512027
65.343605,-963.42285,4.9114957,4.6461983
65.98618,-962.6567,4.9100943,4.6411943
66.6263,-961.8884,4.9086933,4.63619
67.26393,-961.11816,4.907292,4.6311855
67.89907,-960.34576,4.905891,4.6261816
68.5317,-959.5714,4.9044895,4.6211047
69.16182,-958.7949,4.9030886,4.6159005
69.789406,-958.0164,4.9016876,4.6106963
70.414444,-957.2359,4.9002867,4.6054926
71.03694,-956.4533,4.8988853,4.6002884
71.65687,-955.6687,4.8963795,4.593759
72.274216,-954.882,4.891977,4.5849533
72.88897,-954.0934,4.887574,4.576148
73.50113,-953.3027,4.883171,4.5673428
74.110664,-952.50995,4.8787684,4.558537
74.71757,-951.7152,4.874069,4.5494356
75.32183,-950.91846,4.8688674,4.539832
75.92345,-950.11975,4.8636656,4.5302286
76.5224,-949.319,4.8584633,4.520625
77.11869,-948.51624,4.8532615,4.511021
77.7123,-947.71155,4.848135,4.501419
78.30323,-946.90485,4.843135,4.4918184
78.891426,-946.0962,4.8381343,4.4822183
79.47686,-945.2855,4.833134,4.4726176
80.0595,-944.47284,4.828134,4.4630175
80.63932,-943.65814,4.8182836,4.4620748
81.216255,-942.8414,4.800287,4.4756722
81.79025,-942.0226,4.78229,4.4892697
82.36125,-941.20166,4.764293,4.502867
82.929184,-940.3786,4.7462964,4.516465
83.49399,-939.5534,4.7267356,4.532892
84.0556,-938.7261,4.7045383,4.5540895
84.61396,-937.89655,4.682341,4.575287
85.169014,-937.06476,4.660144,4.596484
85.72069,-936.2307,4.6379466,4.6176815
86.268936,-935.3945,4.616342,4.638435
86.81368,-934.5559,4.59574,4.658437
87.354866,-933.715,4.5751376,4.678439
87.89243,-932.8718,4.554535,4.6984415
88.42631,-932.0263,4.5339327,4.718444
88.95642,-931.17847,4.5247245,4.730255
89.48271,-930.3282,4.534729,4.7282543
90.00512,-929.4755,4.5447335,4.7262535
90.52358,-928.6205,4.5547376,4.724252
91.038025,-927.763,4.564742,4.7222514
91.548386,-926.9031,4.574823,4.7201753
92.0546,-926.0407,4.5850306,4.7179737
92.55659,-925.17584,4.595238,4.715772
93.05427,-924.30853,4.605446,4.7135706
93.54757,-923.4387,4.6156535,4.711369
94.0364,-922.56635,4.631693,4.707274
94.52077,-921.6915,4.657316,4.700067
95.00075,-920.81433,4.68294,4.6928606
95.47643,-919.93475,4.708563,4.685654
95.947914,-919.0529,4.734186,4.6784477
96.41529,-918.1689,4.763946,4.6698623
96.87866,-917.2828,4.8003736,4.659054
97.338135,-916.3946,4.8368015,4.648246
97.79382,-915.5045,4.873229,4.6374373
98.24585,-914.61255,4.909657,4.6266294
98.69432,-913.71875,4.9461575,4.615745
99.13935,-912.8233,4.982774,4.60474
99.58105,-911.92615,5.0193906,4.593735
100.01954,-911.02747,5.056007,4.5827303
100.454926,-910.12726,5.092623,4.5717254
100.88732,-909.22565,5.1110325,4.5651555
101.31685,-908.3226,5.100831,4.5655556
101.743614,-907.4183,5.090629,4.5659556
102.16773,-906.5127,5.0804276,4.5663557
102.58932,-905.60596,5.0702257,4.566756
103.00849,-904.69806,5.057452,4.5678573
103.42536,-903.7892,5.040651,4.5700574
103.84006,-902.8792,5.0238495,4.572258
104.25271,-901.9684,5.0070486,4.574458
104.66344,-901.05664,4.9902472,4.5766582
105.072365,-900.14417,4.9733663,4.5788584
105.47961,-899.23083,4.956362,4.581059
105.8852,-898.31683,4.9393573,4.5832596
106.289215,-897.4021,4.922353,4.58546
106.691696,-896.48676,4.905348,4.587661
107.09271,-895.5707,4.8883414,4.589862
107.492294,-894.65405,4.8713326,4.592063
107.89049,-893.73676,4.854324,4.594264
108.2873,-892.8189,4.837315,4.596465
108.68278,-891.90045,4.820306,4.598666
109.076935,-890.98145,4.8033752,4.6007886
109.46982,-890.0619,4.786564,4.60279
109.86144,-889.14185,4.7697525,4.604791
110.25186,-888.2212,4.752941,4.606793
110.6411,-887.3001,4.7361298,4.608794
111.0292,-886.37854,4.7192383,4.610875
111.41619,-885.4565,4.7022257,4.6130767
111.80211,-884.534,4.6852136,4.6152782
112.18699,-883.6111,4.668201,4.61748
112.57086,-882.6877,4.6511884,4.6196814
112.953766,-881.764,4.639314,4.621562
113.33573,-880.83984,4.635111,4.622963
113.7168,-879.9153,4.6309075,4.624364
114.097,-878.9904,4.6267047,4.6257653
114.476364,-878.06525,4.6225014,4.6271663
114.854935,-877.1397,4.620162,4.628486
115.232735,-876.21387,4.6205626,4.629687
115.60981,-875.2877,4.6209626,4.630888
115.98619,-874.36127,4.6213627,4.6320887
116.361916,-873.4346,4.621763,4.6332893
116.737015,-872.5076,4.6221633,4.634572
117.11153,-871.58044,4.622564,4.635973
117.48548,-870.653,4.622964,4.6373734
117.85892,-869.7254,4.623364,4.6387744
118.23187,-868.7976,4.6237645,4.6401753
118.60438,-867.8696,4.6241646,4.641494
118.97646,-866.94147,4.6245646,4.6426945
119.348175,-866.0131,4.624965,4.643895
119.719536,-865.08466,4.6253653,4.6450953
120.09059,-864.1561,4.6257653,4.646296
120.46137,-863.2274,4.6261654,4.6474967
120.83192,-862.29865,4.6265655,4.648697
121.20225,-861.36975,4.626966,4.6498976
121.57242,-860.44086,4.627366,4.651098
121.94245,-859.51184,4.627766,4.652298
122.31239,-858.5828,4.628249,4.6534986
122.68227,-857.6538,4.6288495,4.654699
123.05211,-856.72473,4.6294494,4.655899
123.42195,-855.7957,4.6300497,4.6570992
123.79184,-854.86664,4.6306496,4.6582994
124.1618,-853.9376,4.6311665,4.6594996
124.53186,-853.00867,4.6315665,4.6606994
124.90208,-852.0798,4.6319666,4.6618996
125.27248,-851.15094,4.6323667,4.6630993
125.643105,-850.22217,4.6327662,4.6642995
126.014,-849.2935,4.6331663,4.665499
126.385185,-848.365,4.6335664,4.666699
126.75668,-847.4366,4.6339664,4.6678987
127.128494,-846.50836,4.634366,4.6690984
127.50063,-845.5802,4.634766,4.670298
127.87311,-844.6522,4.635166,4.671498
128.24591,-843.7243,4.6355658,4.6726975
128.61905,-842.7966,4.635966,4.673897
128.99248,-841.86896,4.6363654,4.6750965
129.36618,-840.94147,4.6367655,4.676296
129.74016,-840.01404,4.637165,4.677578
130.1144,-839.08673,4.637565,4.6789775
130.48885,-838.15955,4.6379647,4.6803765
130.86354,-837.2324,4.638365,4.681776
131.23843,-836.3054,4.6387644,4.6831756
131.61354,-835.3784,4.639164,4.6844926
131.98883,-834.4516,4.639564,4.685692
132.3643,-833.5248,4.6399636,4.6868916
132.73993,-832.598,4.6403637,4.688091
133.1157,-831.6714,4.6407633,4.68929
133.49161,-830.74475,4.6411633,4.69049
133.86765,-829.8182,4.641563,4.691689
134.24379,-828.89166,4.641963,4.6928883
134.62003,-827.96515,4.6423626,4.694088
134.99634,-827.0387,4.6427627,4.695287
135.37273,-826.1123,4.6431623,4.696487
135.74918,-825.18585,4.6435623,4.6976867
136.12566,-824.2595,4.643962,4.6988864
136.50218,-823.3331,4.644362,4.700086
136.87871,-822.40674,4.644762,4.7012854
137.25525,-821.4804,4.6451616,4.702485
137.63177,-820.554,4.6455617,4.7036853
138.00829,-819.6276,4.6459618,4.704885
138.38475,-818.70123,4.646362,4.706085
138.76117,-817.77484,4.6467614,4.707285
139.13753,-816.8484,4.6472425,4.708485
139.51381,-815.92194,4.6478424,4.7096853
139.89,-814.9954,4.6484427,4.7108855
140.2661,-814.0689,4.649043,4.7120857
140.64207,-813.1423,4.649643,4.713286
141.01793,-812.21564,4.650162,4.7144866
141.39363,-811.28894,4.6505623,4.7156873
141.76918,-810.3622,4.650963,4.716888
142.14458,-809.43536,4.651363,4.7180886
142.51978,-808.5084,4.651763,4.7192893
142.89479,-807.5815,4.6521635,4.720572
143.26958,-806.65436,4.652564,4.7219734
143.64417,-805.72723,4.652964,4.7233753
144.01851,-804.8,4.6533647,4.7247767
144.39261,-803.8726,4.653765,4.726178
144.76646,-802.9452,4.654,4.7271657
145.14005,-802.0176,4.654,4.7275662
145.51332,-801.0899,4.654,4.727967
145.8863,-800.1621,4.654,4.728368
146.25896,-799.2342,4.654,4.7287683
146.63126,-798.3061,4.653831,4.7287464
147.0032,-797.37787,4.65343,4.728145
147.37485,-796.4495,4.653029,4.727544
147.7462,-795.5211,4.6526284,4.7269425
148.11732,-794.5925,4.6522274,4.7263412
148.48822,-793.66394,4.6518264,4.725653
148.85896,-792.7352,4.6514254,4.724851
149.22958,-791.80646,4.6510243,4.724049
149.60014,-790.8777,4.6506233,4.723247
149.9707,-789.9489,4.650223,4.722445
150.34132,-789.0202,4.6498218,4.7217326
150.71205,-788.0915,4.6494207,4.7211313
151.08293,-787.16284,4.6490197,4.72053
151.45403,-786.23425,4.648619,4.7199287
151.82538,-785.3058,4.648218,4.7193274
152.19705,-784.3775,4.6477265,4.718635
152.56908,-783.4493,4.6471257,4.717834
152.94151,-782.52124,4.646525,4.7170334
153.31439,-781.59344,4.645924,4.7162323
153.6878,-780.6658,4.6453233,4.715431
154.06177,-779.7384,4.6448154,4.714723
154.43633,-778.8112,4.6444154,4.7141232
154.81157,-777.88434,4.644016,4.7135234
155.18753,-776.95776,4.6436157,4.7129235
155.56427,-776.03143,4.6432157,4.7123237
155.94185,-775.1055,4.6428165,4.7117243
156.32031,-774.17993,4.6424174,4.711126
156.69966,-773.2547,4.6420183,4.7105274
157.07994,-772.3299,4.641619,4.7099285
157.46118,-771.40546,4.64122,4.70933
157.84337,-770.4814,4.6408215,4.708643
158.2264,-769.5577,4.6404233,4.707846
158.60997,-768.6342,4.640025,4.70705
158.99377,-767.7108,4.639627,4.7062535
159.3775,-766.7874,4.6392283,4.705457
159.76086,-765.8639,4.638746,4.704746
160.14355,-764.94,4.638149,4.704149
160.52528,-764.0158,4.637552,4.703552
160.90578,-763.09106,4.636955,4.7029552
161.28476,-762.16565,4.6363583,4.7023582
161.66194,-761.23956,4.636,4.7008843
162.03702,-760.3126,4.636,4.6980963
162.40973,-759.3847,4.636,4.6953077
162.77974,-758.4557,4.636,4.692519
163.14677,-757.5255,4.636,4.689731
163.51051,-756.59406,4.6366816,4.6828513
163.87067,-755.6612,4.6384783,4.6692743
164.22693,-754.72687,4.6402755,4.6556973
164.57901,-753.79095,4.642072,4.6421204
164.92662,-752.85333,4.6438694,4.6285434
165.26942,-751.91394,4.6450744,4.6155434
165.60713,-750.9728,4.6452746,4.6035223
165.93936,-750.0296,4.645475,4.5915008
166.26575,-749.0844,4.645675,4.5794797
166.58592,-748.1371,4.6458755,4.5674586
166.8995,-747.18756,4.644244,4.5574813
167.20625,-746.2358,4.639619,4.550844
167.50598,-745.2818,4.634993,4.5442076
167.79854,-744.3256,4.6303678,4.537571
168.08379,-743.3672,4.625742,4.5309343
168.36157,-742.40656,4.6211114,4.5242085
168.63187,-741.44385,4.616474,4.517353
168.89474,-740.47906,4.6118364,4.510497
169.15031,-739.51227,4.6071987,4.5036416
169.39867,-738.54364,4.6025615,4.496786
169.63991,-737.57324,4.6068635,4.4855947
169.87411,-736.6011,4.6221943,4.4690533
170.10136,-735.62726,4.6375256,4.452512
170.3217,-734.6519,4.652857,4.4359703
170.53522,-733.675,4.6681876,4.4194293
170.74194,-732.6966,4.690916,4.399245
170.94197,-731.71686,4.721331,4.3752756
171.1354,-730.7358,4.7517457,4.3513064
171.32231,-729.7535,4.7821603,4.3273373
171.50278,-728.7699,4.812575,4.303368
171.67691,-727.7852,4.8294277,4.2934775
171.8448,-726.79944,4.8340454,4.2962885
172.00652,-725.8126,4.838663,4.2990994
172.16217,-724.8249,4.8432813,4.3019104
172.31183,-723.8362,4.847899,4.304721
172.4556,-722.8466,4.835733,4.3247323
172.59358,-721.8562,4.8095555,4.3591027
172.72588,-720.865,4.7833776,4.3934736
172.8526,-719.8731,4.7572002,4.427844
172.97388,-718.88055,4.731023,4.4622145
173.0898,-717.8873,4.7073936,4.4905734
173.20036,-716.8935,4.6859293,4.5138264
173.30542,-715.89905,4.664465,4.5370793
173.40485,-714.90405,4.6430006,4.560333
173.4985,-713.90845,4.6215363,4.5835857
173.58627,-712.91235,4.6044436,4.5962105
173.66797,-711.9157,4.5915666,4.598588
173.74345,-710.91864,4.578689,4.600965
173.81253,-709.921,4.5658116,4.6033425
173.87505,-708.92303,4.552934,4.60572
173.93085,-707.9246,4.5423436,4.6101995
173.97972,-706.92584,4.5344214,4.617131
174.0215,-705.92676,4.526499,4.6240635
174.05602,-704.9274,4.5185766,4.6309958
174.08307,-703.9278,4.510654,4.6379275
174.10248,-702.92804,4.5072284,4.648469
174.11406,-701.92816,4.5102057,4.6641498
174.11765,-700.92816,4.513183,4.6798306
174.11302,-699.9282,4.5161605,4.6955113
174.1,-698.92834,4.519138,4.711192
174.07841,-697.9286,4.522493,4.7211494
174.04805,-696.92914,4.5264792,4.721548
174.00864,-695.92993,4.530465,4.7219467
173.95993,-694.93115,4.5344515,4.7223454
173.90169,-693.93286,4.5384374,4.7227435
173.83365,-692.93524,4.542574,4.7199235
173.75568,-691.9383,4.546982,4.7113085
173.66783,-690.9422,4.551389,4.702694
173.57014,-689.947,4.5557966,4.694079
173.46268,-688.9529,4.5602045,4.6854644
173.34547,-687.9598,4.567045,4.6747046
173.21864,-686.9679,4.5781064,4.660224
173.0824,-685.9773,4.589168,4.645744
172.9369,-684.988,4.6002293,4.6312637
172.78238,-684,4.6112905,4.616783
172.61902,-683.0135,4.624737,4.6003914
172.44699,-682.02844,4.64186,4.5810523
172.2665,-681.04486,4.658983,4.561713
172.0777,-680.0629,4.6761065,4.542374
171.88077,-679.0825,4.6932297,4.523035
171.67589,-678.10376,4.710266,4.503609
171.46326,-677.1267,4.727188,4.4840684
171.24304,-676.15125,4.74411,4.4645276
171.01544,-675.17755,4.761032,4.444987
170.78065,-674.20557,4.7779536,4.425446
170.53885,-673.2352,4.7945857,4.413408
170.29022,-672.26666,4.810885,4.409987
170.03497,-671.29987,4.827184,4.406566
169.77327,-670.3347,4.8434834,4.4031453
169.50531,-669.37134,4.8597827,4.3997245
169.23128,-668.40967,4.8760676,4.396307
168.95134,-667.44965,4.8923373,4.3928924
168.66571,-666.4914,4.9086075,4.3894773
168.37456,-665.5347,4.9248776,4.3860626
168.07805,-664.5797,4.9411473,4.382648
167.7764,-663.62634,4.95543,4.380067
167.46974,-662.67456,4.967858,4.3782625
167.15831,-661.72437,4.980286,4.3764586
166.84222,-660.77563,4.992714,4.3746543
166.52171,-659.8284,5.005142,4.3728504
166.1969,-658.8827,5.003385,4.3773937
165.868,-657.93835,4.988981,4.387597
165.53517,-656.9954,4.9745765,4.3978
165.19856,-656.05383,4.960172,4.408003
164.85838,-655.11346,4.9457684,4.4182057
164.51476,-654.17444,4.931376,4.4284
164.1679,-653.2365,4.916995,4.438587
163.81792,-652.2998,4.9026136,4.448774
163.46503,-651.3642,4.888232,4.4589605
163.10936,-650.4296,4.873851,4.469147
162.7511,-649.49603,4.859477,4.479433
162.3904,-648.56335,4.8451104,4.489809
162.0274,-647.6316,4.8307433,4.5001855
161.6623,-646.7007,4.816376,4.5105615
161.29521,-645.77057,4.8020096,4.5209374
160.92632,-644.8411,4.791629,4.528656
160.55577,-643.91235,4.785045,4.533843
160.18373,-642.98413,4.778462,4.53903
159.81036,-642.0565,4.7718787,4.5442166
159.43584,-641.12933,4.7652955,4.5494037
159.0603,-640.2026,4.761302,4.5531964
158.68387,-639.2761,4.759905,4.5555916
158.30655,-638.3501,4.7585077,4.5579867
157.92838,-637.4244,4.7571106,4.560382
157.54938,-636.499,4.7557135,4.562777
157.1696,-635.574,4.754316,4.5650754
156.78905,-634.6493,4.752918,4.567272
156.40773,-633.72485,4.7515197,4.5694695
156.0257,-632.8008,4.7501216,4.5716662
155.64293,-631.87695,4.7487235,4.5738635
155.25946,-630.9534,4.747325,4.576061
154.87532,-630.0302,4.745926,4.5782595
154.4905,-629.10724,4.744527,4.5804577
154.10504,-628.1846,4.7431283,4.582656
153.71895,-627.26215,4.7417293,4.584854
153.33226,-626.33997,4.74033,4.587053
152.94498,-625.418,4.7389307,4.589252
152.55713,-624.49634,4.7375307,4.591451
152.16873,-623.5749,4.736131,4.593651
151.7798,-622.6536,4.7347317,4.59585
151.39037,-621.7326,4.733332,4.5980496
151.00043,-620.8118,4.7319317,4.60025
150.61003,-619.89124,4.7305317,4.60245
150.21918,-618.9708,4.7291317,4.60465
149.82788,-618.0506,4.7277317,4.6068506
149.43617,-617.1305,4.726331,4.6090508
149.04407,-616.21063,4.724931,4.611252
148.6516,-615.2909,4.7235303,4.613453
148.25876,-614.37134,4.7221293,4.6156535
147.86557,-613.4519,4.720729,4.6178546
147.47208,-612.53265,4.7193284,4.6201515
147.07828,-611.61346,4.7179275,4.622553
146.6842,-610.6944,4.7165265,4.6249547
146.28986,-609.7755,4.7151256,4.627356
145.89528,-608.8567,4.7137246,4.629758
145.50047,-607.9379,4.7123237,4.632063
145.10545,-607.0193,4.7109222,4.6342645
144.71027,-606.10077,4.7095213,4.6364665
144.3149,-605.18225,4.7081203,4.6386685
143.91939,-604.26385,4.706719,4.64087
143.52374,-603.34546,4.705318,4.643072
143.12799,-602.4271,4.7039165,4.645274
142.73215,-601.50885,4.702515,4.647476
142.33624,-600.59064,4.7011137,4.649678
141.94028,-599.67236,4.6997128,4.6518803
141.54428,-598.75415,4.6983113,4.6540823
141.14827,-597.83594,4.69691,4.6562843
140.75227,-596.9177,4.6955085,4.6584864
140.3563,-595.9995,4.694107,4.660689
139.96036,-595.0813,4.6927056,4.662891
139.56448,-594.163,4.6913047,4.665093
139.1687,-593.2447,4.6899033,4.667295
138.77301,-592.32635,4.688502,4.669497
138.37744,-591.40796,4.6871004,4.671699
137.98201,-590.4895,4.685699,4.673901
137.58673,-589.571,4.684298,4.676103
137.19162,-588.6524,4.6828966,4.678305
136.79665,-587.7337,4.6814957,4.680507
136.40184,-586.815,4.6800942,4.6827087
136.00717,-585.8962,4.6786933,4.684911
135.61266,-584.97736,4.677292,4.687214
135.21829,-584.0584,4.675891,4.6896157
134.82405,-583.13947,4.67449,4.6920176
134.42996,-582.2204,4.6730886,4.6944194
134.03601,-581.30133,4.6716876,4.696821
133.64218,-580.3822,4.6702867,4.699121
133.24849,-579.46295,4.6688857,4.7013226
132.85493,-578.5437,4.6674848,4.703524
132.4615,-577.6244,4.666084,4.7057257
132.0682,-576.705,4.664683,4.707927
131.67502,-575.7856,4.663282,4.710129
131.28195,-574.86615,4.661881,4.71233
130.889,-573.9466,4.66048,4.7145314
130.49617,-573.02704,4.659079,4.716733
130.10345,-572.1074,4.657678,4.718934
129.71085,-571.18774,4.6562777,4.721135
129.31834,-570.268,4.6548767,4.7233367
128.92596,-569.34827,4.6534758,4.725538
128.53366,-568.42847,4.6520753,4.727739
128.14148,-567.5086,4.6506743,4.72994
127.74939,-566.5887,4.649274,4.732141
127.3574,-565.66876,4.647873,4.734342
126.96549,-564.74884,4.6464725,4.736543
126.573685,-563.8288,4.645072,4.7387443
126.18197,-562.90875,4.643671,4.7409453
125.79034,-561.98865,4.6422706,4.7431464
125.39879,-561.06854,4.64087,4.745347
125.007324,-560.1484,4.6394696,4.747548
124.61594,-559.2282,4.6380687,4.749749
124.22463,-558.308,4.636668,4.75195
123.8334,-557.3877,4.6352677,4.7542553
123.44223,-556.4674,4.6338673,4.756656
123.05114,-555.5471,4.632467,4.759057
122.66012,-554.6268,4.6310663,4.761458
122.26916,-553.7064,4.629666,4.7638583
121.878265,-552.786,4.6282654,4.7661543
121.48743,-551.8656,4.626865,4.768355
121.09665,-550.9451,4.625465,4.7705555
120.70593,-550.02466,4.6240644,4.772756
120.31526,-549.1042,4.622664,4.7749567
119.924644,-548.18365,4.6212635,4.7771573
119.53407,-547.2631,4.6198635,4.779358
119.143555,-546.3425,4.618463,4.781558
118.753075,-545.422,4.6170626,4.7837586
118.36264,-544.5014,4.6156626,4.7859592
117.97224,-543.58075,4.614262,4.7881594
117.58188,-542.66016,4.612862,4.79036
117.19155,-541.7395,4.6114616,4.79256
116.801254,-540.81885,4.6100616,4.7947607
116.41099,-539.8982,4.608661,4.796961
116.02075,-538.97754,4.607261,4.7991614
115.63054,-538.0568,4.6058607,4.8013616
115.24034,-537.1361,4.6044607,4.8035617
114.850174,-536.21545,4.6030607,4.805762
114.460014,-535.29474,4.6016603,4.8079624
114.06988,-534.374,4.6002603,4.8101625
113.67975,-533.45325,4.5988603,4.8123627
113.289635,-532.53253,4.5974603,4.814563
112.89953,-531.6118,4.59606,4.816763
112.50942,-530.6911,4.59466,4.818963
112.11932,-529.7703,4.59326,4.821269
111.729225,-528.8496,4.59186,4.823669
111.33913,-527.9289,4.59046,4.826069
110.94902,-527.0081,4.58906,4.828469
110.558914,-526.0874,4.58766,4.830869
110.16879,-525.1667,4.58626,4.8331633
109.77866,-524.246,4.58486,4.8353634
109.38852,-523.32526,4.58346,4.837563
108.99836,-522.40454,4.58206,4.839763
108.608185,-521.4838,4.58066,4.8419633
108.21798,-520.5631,4.57926,4.844163
107.82776,-519.64246,4.57786,4.846363
107.437515,-518.72174,4.57646,4.8485627
107.04724,-517.8011,4.57506,4.850763
106.65694,-516.88043,4.5736604,4.8529625
106.266594,-515.95984,4.5722604,4.8551626
105.87622,-515.0392,4.5708604,4.8573623
105.48582,-514.1186,4.5694604,4.859562
105.09537,-513.198,4.568061,4.861762
104.70487,-512.2774,4.566661,4.8639617
104.31434,-511.35687,4.565261,4.8661613
103.92375,-510.43634,4.563861,4.868361
103.53312,-509.51584,4.5624614,4.870561
103.14244,-508.59537,4.5610614,4.872761
102.7517,-507.6749,4.5596614,4.8749604
102.36091,-506.75446,4.558262,4.87716
101.970055,-505.834,4.556862,4.8793597
101.57914,-504.91364,4.555462,4.8815594
101.18816,-503.9933,4.5540624,4.883759
100.79712,-503.07294,4.5526624,4.885959
100.406006,-502.15265,4.551263,4.888159
100.014824,-501.23236,4.549863,4.8903584
99.623566,-500.3121,4.5484633,4.892558
99.23223,-499.3919,4.5470634,4.8947577
98.84082,-498.4717,4.5456634,4.8969574
98.44933,-497.55157,4.544264,4.899262
98.05777,-496.63147,4.542864,4.901662
97.66611,-495.7114,4.5414643,4.9040613
97.27437,-494.79135,4.5400643,4.906461
96.88253,-493.87134,4.538665,4.90886
96.4906,-492.9514,4.537265,4.9111547
96.09857,-492.03146,4.5358653,4.9133544
95.70644,-491.1116,4.534466,4.915554
95.314224,-490.19177,4.533066,4.9177537
94.92192,-489.27197,4.5316663,4.9199533
94.529526,-488.3522,4.5302663,4.922153
94.13707,-487.43246,4.528867,4.9243526
93.744606,-486.51273,4.527467,4.9265523
93.35219,-485.593,4.5260673,4.928752
92.95988,-484.6732,4.5246673,4.930951
92.56772,-483.75333,4.5232677,4.9331512
92.175766,-482.83337,4.5218678,4.935351
91.78407,-481.91333,4.5204678,4.9375505
91.392685,-480.99313,4.519068,4.93975
91.00166,-480.07278,4.5176682,4.9419503
90.611046,-479.15228,4.5162683,4.94415
90.22089,-478.23157,4.5148683,4.94635
89.831245,-477.31064,4.513468,4.94855
89.44216,-476.38947,4.512068,4.9507504
89.053696,-475.46805,4.510668,4.9529505
88.66589,-474.54633,4.509268,4.955151
88.27882,-473.62433,4.5078673,4.957351
87.89251,-472.702,4.506467,4.959552
87.50702,-471.77933,4.5050664,4.9617524
87.1224,-470.85626,4.503666,4.963953
86.73871,-469.93286,4.5022655,4.966259
86.356,-469.009,4.500865,4.9686604
85.97432,-468.08475,4.499464,4.9710617
85.59371,-467.16006,4.4980636,4.973463
85.21425,-466.2349,4.4966626,4.975864
84.83597,-465.30923,4.4952617,4.9781604
84.45892,-464.3831,4.4938602,4.980362
84.083176,-463.4564,4.4924593,4.982564
83.70876,-462.52917,4.4910583,4.984766
83.335754,-461.60138,4.489657,4.9869676
82.964195,-460.673,4.4912333,4.9897017
82.59413,-459.74402,4.495438,4.992905
82.22563,-458.81442,4.499643,4.9961085
81.85874,-457.88422,4.5038476,4.9993124
81.49351,-456.95334,4.5080523,5.002516
81.12999,-456.0218,4.5179553,5.00701
80.76825,-455.08954,4.532776,5.012618
80.408325,-454.1566,4.5475965,5.0182257
80.05028,-453.22293,4.562417,5.0238333
79.69416,-452.2885,4.5772376,5.0294414
79.340034,-451.35336,4.59206,5.0349407
78.98794,-450.41742,4.6068835,5.0403495
78.63795,-449.4807,4.621707,5.045758
78.29009,-448.5432,4.6365304,5.0511665
77.94445,-447.60486,4.651354,5.056575
77.60106,-446.6657,4.6661777,5.062094
77.25999,-445.7257,4.6810026,5.0677037
76.92127,-444.78485,4.695827,5.0733128
76.584984,-443.84314,4.710652,5.0789223
76.25117,-442.90054,4.7254763,5.084532
75.919876,-441.95703,4.7403,5.0900283
75.59117,-441.01263,4.7551236,5.095437
75.265114,-440.06732,4.769947,5.1008453
74.94175,-439.1211,4.78477,5.106254
74.621155,-438.17392,4.7995934,5.1116624
74.303375,-437.22577,4.8147554,5.1171837
73.988434,-436.2767,4.8301754,5.122791
73.676315,-435.3267,4.8455954,5.1283984
73.367004,-434.37576,4.861015,5.1340055
73.06049,-433.42395,4.876435,5.1396127
72.75675,-432.47122,4.8993235,5.146368
72.45577,-431.51764,4.9277496,5.153975
72.15753,-430.56317,4.956176,5.161582
71.862,-429.60788,4.9846015,5.169189
71.56917,-428.65176,5.0130277,5.176796
71.279,-427.6948,5.0414476,5.1844015
70.991486,-426.73706,5.069863,5.1920056
70.7066,-425.77853,5.098278,5.1996098
70.424324,-424.81924,5.1266932,5.2072134
70.14463,-423.8592,5.1551085,5.2148175
69.86751,-422.89838,5.183517,5.222304
69.59293,-421.93686,5.2119217,5.229705
69.320885,-420.9746,5.240326,5.237106
69.051346,-420.01166,5.2687306,5.2445073
68.78428,-419.048,5.297135,5.2519083
68.519684,-418.08368,5.3255334,5.2594247
68.25752,-417.1187,5.353928,5.267023
67.99779,-416.15305,5.382323,5.2746215
67.74045,-415.18677,5.4107175,5.2822204
67.48548,-414.21985,5.439112,5.289819
67.23288,-413.25232,5.4662232,5.2976484
66.982605,-412.28418,5.4924107,5.3056445
66.73465,-411.31543,5.518598,5.3136406
66.48899,-410.34613,5.5447855,5.3216367
66.2456,-409.37622,5.570973,5.3296328
66.004456,-408.40576,5.5767937,5.342025
65.76554,-407.43475,5.5677996,5.3576136
65.52883,-406.46323,5.558806,5.373203
65.29431,-405.49115,5.5498123,5.388792
65.06196,-404.51855,5.5408187,5.404381
64.83175,-403.54544,5.5319405,5.4198537
64.60366,-402.57184,5.523148,5.435241
64.37768,-401.59775,5.514355,5.4506283
64.15377,-400.62317,5.5055623,5.466016
63.931927,-399.6481,5.49677,5.481403
63.71212,-398.6726,5.487863,5.4969044
63.494328,-397.69666,5.4788704,5.512491
63.27853,-396.72025,5.469878,5.528078
63.06471,-395.7434,5.4608855,5.543665
62.852844,-394.76614,5.4518933,5.559252
62.642906,-393.78845,5.4415402,5.5713267
62.434883,-392.81036,5.430148,5.58072
62.228745,-391.83188,5.4187565,5.590113
62.02448,-390.853,5.407365,5.5995064
61.82206,-389.87375,5.3959727,5.6088996
61.621468,-388.8941,5.384354,5.617956
61.42268,-387.9141,5.3725595,5.6267524
61.225674,-386.93372,5.360765,5.635548
61.030437,-385.953,5.34897,5.6443443
60.83694,-384.97192,5.3371754,5.6531405
60.645164,-383.99054,5.3253784,5.661938
60.45509,-383.0088,5.3135796,5.6707373
60.266705,-382.02673,5.30178,5.679537
60.07998,-381.04434,5.2899814,5.688336
59.894905,-380.06168,5.278182,5.6971354
59.71146,-379.07867,5.2715416,5.701785
59.529625,-378.09537,5.268941,5.7031856
59.349384,-377.1118,5.2663403,5.704586
59.170715,-376.1279,5.26374,5.705986
58.9936,-375.14377,5.2611394,5.7073865
58.81802,-374.15933,5.263373,5.7047396
58.64396,-373.17462,5.269376,5.698937
58.471394,-372.18967,5.275378,5.6931343
58.300312,-371.20444,5.281381,5.6873317
58.130688,-370.21896,5.287384,5.681529
57.962505,-369.23325,5.2935,5.675726
57.795742,-368.24728,5.2997036,5.6699224
57.630386,-367.26108,5.3059077,5.664119
57.466415,-366.27466,5.3121114,5.658315
57.303806,-365.288,5.318315,5.6525116
57.142548,-364.30112,5.3244057,5.6468215
56.982613,-363.31403,5.33041,5.641217
56.823986,-362.32672,5.3364143,5.6356134
56.66665,-361.3392,5.3424187,5.6300097
56.510582,-360.3515,5.3484225,5.6244054
56.355762,-359.3636,5.3541985,5.618801
56.202175,-358.3755,5.3598027,5.6131973
56.0498,-357.3872,5.365407,5.607593
55.89862,-356.3987,5.3710113,5.601989
55.748608,-355.41006,5.3766155,5.5963845
55.599754,-354.42123,5.379805,5.591585
55.452034,-353.43225,5.381206,5.587382
55.305428,-352.44308,5.382607,5.5831785
55.159916,-351.45377,5.3840084,5.5789757
55.015484,-350.4643,5.3854094,5.5747724
54.872105,-349.47464,5.3868103,5.570569
54.729767,-348.48486,5.3882113,5.566366
54.588444,-347.49493,5.389612,5.562163
54.44812,-346.50485,5.3910136,5.5579596
54.308777,-345.51465,5.3924146,5.5537567
54.170395,-344.52432,5.3938155,5.54967
54.032948,-343.53384,5.3952165,5.545667
53.896427,-342.54324,5.3966174,5.5416646
53.760803,-341.55252,5.3980184,5.5376616
53.626064,-340.56165,5.3994193,5.533659
53.492184,-339.5707,5.4009376,5.529539
53.35915,-338.57962,5.4025383,5.5253363
53.226936,-337.58844,5.4041395,5.521134
53.095528,-336.59714,5.4057407,5.516931
52.9649,-335.60574,5.4073415,5.5127287
52.83504,-334.61423,5.4088244,5.5086436
52.705925,-333.62265,5.4102254,5.5046415
52.577538,-332.63095,5.4116263,5.5006394
52.449852,-331.63916,5.413027,5.496637
52.322853,-330.6473,5.4144278,5.492635
52.19652,-329.65536,5.4158287,5.4885144
52.07084,-328.6633,5.417229,5.4843125
51.94578,-327.6712,5.41863,5.48011
51.82133,-326.67902,5.4200306,5.4759083
51.69747,-325.68674,5.421431,5.4717064
51.57418,-324.6944,5.422832,5.4675045
51.451435,-323.702,5.4242325,5.4633026
51.329224,-322.70953,5.425633,5.459101
51.20752,-321.717,5.4270334,5.4548993
51.086308,-320.7244,5.4284344,5.4506974
50.96557,-319.73175,5.429835,5.446615
50.845276,-318.73904,5.4312353,5.442614
50.725418,-317.7463,5.432636,5.4386125
50.605972,-316.75348,5.4340363,5.4346113
50.48692,-315.76062,5.4354367,5.4306097
50.368237,-314.76773,5.4367175,5.426848
50.24991,-313.77478,5.4379177,5.423247
50.131916,-312.7818,5.439118,5.419646
50.014236,-311.7888,5.4403186,5.4160447
49.89685,-310.79575,5.441519,5.412444
49.77974,-309.80264,5.442,5.4107604
49.662884,-308.80954,5.442,5.4103603
49.54626,-307.8164,5.442,5.4099603
49.42986,-306.82324,5.442,5.40956
49.313652,-305.83005,5.442,5.40916
49.19762,-304.83682,5.4418797,5.40864
49.08175,-303.8436,5.44168,5.4080396
48.96601,-302.85034,5.4414797,5.4074397
48.850395,-301.8571,5.44128,5.4068394
48.734875,-300.86383,5.4410796,5.4062395
48.619434,-299.87054,5.441,5.4057593
48.504055,-298.87726,5.441,5.4053593
48.388714,-297.88397,5.441,5.404959
48.27339,-296.89066,5.441,5.404559
48.158073,-295.89737,5.441,5.4041595
48.042732,-294.90408,5.44088,5.403639
47.927357,-293.9108,5.4406796,5.403039
47.81192,-292.9175,5.4404798,5.4024386
47.696404,-291.92422,5.4402795,5.401839
47.58079,-290.93097,5.4400797,5.4012384
47.465065,-289.93774,5.44,5.4007587
47.349197,-288.9445,5.44,5.4003587
47.233173,-287.9513,5.44,5.3999586
47.116978,-286.9581,5.44,5.399559
47.000584,-285.96494,5.44,5.399159
46.883976,-284.97177,5.4398794,5.398638
46.767136,-283.97867,5.439679,5.398038
46.65004,-282.98557,5.4394794,5.3974376
46.53267,-281.99252,5.439279,5.3968377
46.415005,-280.9995,5.4390793,5.3962374
46.29702,-280.00653,5.439,5.395758
46.178707,-279.01358,5.439,5.395358
46.06004,-278.0207,5.439,5.394958
45.941006,-277.02783,5.439,5.394558
45.82159,-276.035,5.439,5.394158
45.70177,-275.04224,5.438879,5.3936367
45.581554,-274.04953,5.4386787,5.393037
45.46096,-273.05685,5.438479,5.3924365
45.34,-272.06424,5.4382787,5.3918366
45.218697,-271.07166,5.438079,5.3912363
45.09706,-270.07913,5.438,5.3907576
44.975117,-269.0866,5.438,5.3903575
44.85287,-268.09415,5.438,5.3899574
44.730343,-267.1017,5.438,5.3895574
44.607544,-266.1093,5.438,5.3891573
44.484493,-265.11694,5.4378786,5.388757
44.361202,-264.12463,5.4376783,5.3883567
44.237686,-263.13232,5.4374785,5.3879566
44.113964,-262.14,5.4372783,5.3875566
43.99005,-261.14777,5.4370785,5.3871565
43.86596,-260.15555,5.437,5.386635
43.741703,-259.16333,5.437,5.3860345
43.617302,-258.1711,5.437,5.3854346
43.49277,-257.17892,5.437,5.3848343
43.368122,-256.18677,5.437,5.384234
43.24337,-255.19461,5.436756,5.384
43.118534,-254.20247,5.436356,5.384
42.99363,-253.21034,5.435956,5.384
42.868668,-252.21822,5.435556,5.384
42.743668,-251.22609,5.435156,5.384
42.61864,-250.23396,5.4340224,5.3851
42.493603,-249.24185,5.432422,5.3869004
42.368576,-248.24973,5.430822,5.3887005
42.243565,-247.25761,5.429221,5.390501
42.11859,-246.26549,5.427621,5.392301
41.99367,-245.27335,5.426143,5.3941016
41.868816,-244.2812,5.424743,5.3959017
41.744045,-243.28906,5.4233427,5.397702
41.619373,-242.29689,5.4219427,5.3995023
41.49481,-241.30472,5.4205422,5.401303
41.370377,-240.31252,5.4190197,5.4029803
41.246082,-239.32031,5.4174194,5.4045806
41.121952,-238.32808,5.415819,5.406181
40.997993,-237.33583,5.4142194,5.4077806
40.87422,-236.34355,5.412619,5.409381
40.75066,-235.35124,5.4111414,5.4111037
40.627316,-234.35892,5.4097414,5.412904
40.504204,-233.36656,5.4083414,5.414704
40.381344,-232.37416,5.4069414,5.416504
40.258743,-231.38174,5.4055414,5.418304
40.136417,-230.38928,5.404019,5.420104
40.01439,-229.39679,5.402419,5.4219036
39.89267,-228.40427,5.400819,5.4237037
39.77129,-227.4117,5.399219,5.4255037
39.65026,-226.41908,5.3976192,5.4273033
39.529602,-225.42642,5.396142,5.4291034
39.40933,-224.43372,5.394742,5.430903
39.289425,-223.44096,5.3933425,5.4327025
39.169888,-222.44817,5.3919425,5.4345026
39.050713,-221.45532,5.3905425,5.436302
38.931892,-220.46243,5.3890204,5.4379797
38.81338,-219.46953,5.3874207,5.439579
38.695107,-218.47658,5.3858213,5.441179
38.576996,-217.48361,5.3842216,5.4427786
38.458973,-216.49063,5.382622,5.4443784
38.340973,-215.49765,5.381144,5.4461
38.22293,-214.50467,5.379744,5.4479003
38.10479,-213.51172,5.378344,5.4497004
37.986496,-212.51877,5.3769445,5.4515
37.868,-211.52585,5.3755445,5.4533
37.74924,-210.53296,5.374022,5.4551
37.63015,-209.54012,5.3724217,5.4569006
37.510635,-208.54732,5.370821,5.458701
37.39061,-207.55458,5.3692207,5.4605017
37.26998,-206.5619,5.3676205,5.462302
37.148674,-205.56932,5.366142,5.464103
37.02666,-204.57683,5.364741,5.4659047
36.903976,-203.58443,5.36334,5.467706
36.780643,-202.59209,5.3619385,5.469507
36.656696,-201.59984,5.3605375,5.4713087
36.532143,-200.60765,5.3581486,5.4655814
36.40676,-199.61559,5.355144,5.455167
36.28014,-198.62366,5.35214,5.4447517
36.15188,-197.63196,5.349136,5.434337
36.02156,-196.64052,5.3461313,5.423922
35.888897,-195.6494,5.3427496,5.4101243
35.755146,-194.65842,5.3391404,5.3942833
35.622692,-193.66725,5.335531,5.3784423
35.49394,-192.67561,5.331922,5.3626018
35.3713,-191.6832,5.328313,5.3467627
35.257248,-190.68976,5.321242,5.334986
35.15498,-189.69505,5.312191,5.325533
35.06823,-188.69887,5.3031397,5.316079
35.00075,-187.7012,5.2940884,5.3066254
34.956303,-186.70224,5.285039,5.2971745
34.93857,-185.70247,5.252695,5.315349
34.950577,-184.7026,5.208576,5.3474894
34.99501,-183.70367,5.1644535,5.3796334
35.07459,-182.70692,5.120312,5.4117904
35.192047,-181.71394,5.076152,5.443962
35.35,-180.72661,5.085593,5.432328
35.550068,-179.74693,5.123022,5.3978233
35.79318,-178.77705,5.160432,5.363336
36.080135,-177.81923,5.1978025,5.3288856
36.411568,-176.87589,5.235106,5.294496
36.788036,-175.94958,5.246856,5.312364
37.212986,-175.04454,5.2350345,5.378486
37.69272,-174.16736,5.223196,5.444701
38.233353,-173.32642,5.211328,5.5110807
38.84008,-172.53192,5.1994414,5.5775657
39.51597,-171.79544,5.207651,5.5973315
40.257168,-171.12468,5.232778,5.5776944
41.0556,-170.52315,5.2578573,5.5580945
41.90391,-169.99426,5.2829385,5.5384936
42.79539,-169.54192,5.3080773,5.5188475
43.723152,-169.16966,5.322217,5.542651
44.677876,-168.87308,5.3336797,5.577039
45.650757,-168.64258,5.3451233,5.6113696
46.635212,-168.46765,5.3565445,5.645633
47.626637,-168.33755,5.367962,5.6798863
48.622017,-168.24236,5.4161777,5.674377
49.619736,-168.17581,5.472489,5.6602035
50.618767,-168.13315,5.5288687,5.646013
51.61844,-168.10939,5.585275,5.631815
52.61835,-168.09953,5.641684,5.617617
53.618313,-168.0987,5.649185,5.615252
54.61826,-168.10468,5.6246758,5.620632
55.618145,-168.11732,5.600171,5.6260114
56.617928,-168.13654,5.575669,5.6313896
57.61756,-168.16219,5.551169,5.636768
58.617012,-168.19424,5.524593,5.636812
59.61619,-168.23384,5.4965425,5.6330724
60.614944,-168.28302,5.4684896,5.629332
61.613056,-168.34383,5.440435,5.6255913
62.610233,-168.41832,5.412381,5.621851
63.606117,-168.50845,5.3783283,5.5934854
64.600365,-168.61513,5.342512,5.557873
65.59264,-168.7388,5.3066964,5.5222607
66.58259,-168.87994,5.270878,5.4866457
67.56981,-169.039,5.2350535,5.4510245
68.55401,-169.2158,5.2012672,5.4172673
69.53563,-169.40643,5.167817,5.383817
70.51558,-169.60553,5.13437,5.35037
71.49489,-169.80774,5.100924,5.316924
72.47464,-170.00777,5.0674753,5.2834754
73.45592,-170.20016,5.055607,5.24806
74.43994,-170.37794,5.056575,5.2114706
75.42778,-170.53299,5.057543,5.174881
76.41996,-170.65707,5.0585103,5.138319
77.41622,-170.74211,5.059475,5.10184
78.41536,-170.78027,5.103294,5.061447
79.41506,-170.76297,5.1984186,5.016289
80.41138,-170.67972,5.2936897,4.9710617
81.398056,-170.51897,5.389386,4.925632
82.36581,-170.2688,5.485518,4.879996
83.30236,-169.9197,5.535654,4.8887343
84.19923,-169.47826,5.56533,4.921399
85.05378,-168.95946,5.594862,4.9539056
85.86609,-168.37662,5.624292,4.9863
86.63779,-167.7409,5.653731,5.018704
87.37114,-167.06128,5.5779476,5.1156335
88.068634,-166.34485,5.500949,5.21347
88.733696,-165.5982,5.423834,5.3114533
89.37065,-164.82741,5.3466616,5.4095097
89.98438,-164.03796,5.2694283,5.5076437
90.57937,-163.2343,5.275616,5.497576
91.156525,-162.41774,5.2856812,5.4824786
91.71577,-161.58879,5.2957363,5.4673953
92.25713,-160.74808,5.30577,5.452345
92.780754,-159.8962,5.3157697,5.4373455
93.28578,-159.03314,5.3635397,5.4210553
93.76267,-158.15427,5.4221826,5.4043865
94.1967,-157.25354,5.481024,5.387661
94.57128,-156.32661,5.5401664,5.37085
94.86808,-155.37209,5.599521,5.3539786
95.070564,-154.39325,5.620373,5.3532104
95.179405,-153.39955,5.6329126,5.355883
95.20266,-152.4001,5.645393,5.358543
95.147995,-151.40182,5.6578383,5.361195
95.022125,-150.40997,5.670294,5.3638496
94.830734,-149.42867,5.6977606,5.3692765
94.58007,-148.46077,5.726208,5.374886
94.27699,-147.50795,5.754686,5.3805013
93.92845,-146.57079,5.7831655,5.386117
93.541176,-145.64891,5.8116474,5.391733
93.12115,-144.74149,5.775761,5.4470906
92.67211,-143.84805,5.736654,5.5049453
92.19714,-142.96812,5.697546,5.562801
91.69922,-142.10097,5.6584387,5.620655
91.18119,-141.24567,5.6193247,5.6785192
90.64597,-140.401,5.6677256,5.756446
90.09708,-139.56517,5.7168674,5.8345532
89.53809,-138.73604,5.766008,5.9126587
88.97255,-137.91136,5.8151445,5.9907584
88.4039,-137.08882,5.8642807,6.0688562
87.83511,-136.26637,5.910554,6.1320477
87.26723,-135.44331,5.9567876,6.1950207
86.70074,-134.61928,6.003023,6.2579975
86.136185,-133.79393,6.0492606,6.3209753
85.57408,-132.9669,6.0954976,6.3839536
85.01483,-132.13794,6.1004767,6.3888974
84.45833,-131.30714,6.1040697,6.3918915
83.90431,-130.47467,6.107663,6.394886
83.352516,-129.64073,6.111256,6.39788
82.80269,-128.8055,6.1148496,6.4008746
82.25459,-127.969124,6.1186385,6.4038725
81.70812,-127.13168,6.1224356,6.4068704
81.16321,-126.293236,6.126233,6.4098682
80.61978,-125.45381,6.1300306,6.412866
80.077774,-124.61348,6.133828,6.415864
79.53712,-123.77228,6.137628,6.4188643
78.99768,-122.93029,6.1414285,6.4218645
78.45936,-122.08759,6.145229,6.424865
77.922035,-121.24426,6.1490293,6.427865
77.385574,-120.400375,6.1528296,6.4308653
76.84986,-119.556015,6.1564403,6.433676
76.31477,-118.71125,6.160042,6.436477
75.7802,-117.86617,6.163644,6.4392786
75.245995,-117.02086,6.1672454,6.4420795
74.71205,-116.17538,6.1708474,6.444881
74.17826,-115.3298,6.174641,6.4478745
73.64454,-114.48418,6.1784434,6.450876
73.11085,-113.63854,6.1822453,6.453878
72.57713,-112.792915,6.1860476,6.4568796
72.04334,-111.94734,6.18985,6.459882
71.50943,-111.10184,6.19346,6.4628835
70.9754,-110.25641,6.197062,6.465885
70.44127,-109.41105,6.200664,6.468887
69.90704,-108.56575,6.204266,6.4718885
69.37274,-107.7205,6.207868,6.47489
68.83836,-106.87529,6.211663,6.4778914
68.303925,-106.03012,6.2154646,6.480893
67.76941,-105.185005,6.219267,6.483895
67.234825,-104.33993,6.2230687,6.4868965
66.70017,-103.494896,6.2268705,6.4898977
66.165436,-102.64992,6.2304792,6.4927063
65.63064,-101.80498,6.234081,6.4955072
65.095764,-100.96008,6.237683,6.4983087
64.56082,-100.115234,6.2412844,6.50111
64.02582,-99.270424,6.2448864,6.5039115
63.49075,-98.42565,6.2486815,6.5069065
62.95562,-97.580925,6.2524834,6.5099077
62.42043,-96.73624,6.256285,6.5129094
61.88518,-95.89158,6.260087,6.5159106
61.349873,-95.04696,6.263889,6.518912
60.814507,-94.20238,6.26769,6.5219135
60.279087,-93.357834,6.271492,6.5249147
59.743614,-92.51332,6.2752934,6.527916
59.208088,-91.668846,6.279095,6.530917
58.672512,-90.824394,6.2828965,6.5339184
58.136887,-89.97998,6.2865033,6.5369196
57.601215,-89.1356,6.290105,6.539921
57.065495,-88.29124,6.2937064,6.542922
56.52973,-87.44691,6.297308,6.545923
55.993923,-86.60261,6.300909,6.5489244
55.458073,-85.75834,6.3047056,6.5517306
54.922184,-84.914085,6.308507,6.5545316
54.386257,-84.06986,6.3123083,6.5573325
53.85029,-83.22566,6.3161097,6.5601335
53.31429,-82.381485,6.319911,6.5629344
52.77825,-81.53733,6.323517,6.565931
52.242184,-80.6932,6.3271184,6.568932
51.70608,-79.84908,6.3307195,6.571933
51.16995,-79.00499,6.3343205,6.574934
50.63379,-78.16091,6.337922,6.5779347
50.097603,-77.31686,6.3417187,6.580936
49.56139,-76.47281,6.34552,6.5839367
49.025154,-75.628784,6.3493214,6.586938
48.48889,-74.78477,6.353122,6.5899386
47.952614,-73.94077,6.3569236,6.59294
47.41631,-73.09679,6.360529,6.5959406
46.87999,-72.25281,6.3641295,6.5989413
46.343655,-71.408844,6.3677306,6.6019425
45.807304,-70.56489,6.3713317,6.6049433
45.270935,-69.72095,6.374933,6.607944
44.73456,-68.87701,6.3787303,6.610749
44.19817,-68.03307,6.382531,6.613549
43.66177,-67.18915,6.3863325,6.61635
43.125362,-66.34523,6.3901334,6.619151
42.588947,-65.50132,6.3939347,6.6219516
42.05253,-64.6574,6.3977356,6.624949
41.516106,-63.813496,6.4015365,6.6279497
40.97968,-62.96959,6.4053373,6.6309505
40.443253,-62.125683,6.4091387,6.633951
39.906826,-61.281773,6.4129395,6.6369524
39.370403,-60.437862,6.4165435,6.639953
38.833984,-59.593952,6.4201446,6.642954
38.29757,-58.75004,6.423745,6.6459546
37.761158,-57.90612,6.427346,6.6489553
37.22476,-57.0622,6.430947,6.651956
36.688366,-56.21827,6.434745,6.6549563
36.151985,-55.374332,6.4385457,6.657957
35.615616,-54.530388,6.4423466,6.660958
35.07926,-53.686436,6.4461474,6.6639585
34.542923,-52.842472,6.4499483,6.6669593
34.0066,-51.998497,6.453552,6.6697626
33.470295,-51.154514,6.457153,6.672563
32.93401,-50.310516,6.4607534,6.675364
32.397747,-49.466507,6.4643545,6.6781645
31.861506,-48.622482,6.467955,6.680965
31.325287,-47.778442,6.4717536,6.6839633
30.789095,-46.934383,6.4755545,6.686964
30.252932,-46.090313,6.4793553,6.689965
29.716795,-45.24622,6.4831557,6.692965
29.180687,-44.40211,6.4869566,6.695966
28.644611,-43.55798,6.4907575,6.6989665
28.10857,-42.71383,6.4945583,6.7019672
27.572561,-41.869656,6.498359,6.7049675
27.036589,-41.02546,6.50216,6.707968
26.500652,-40.18124,6.5059605,6.710969
25.964756,-39.336998,6.5095634,6.7139697
25.428898,-38.49273,6.513164,6.71697
24.893084,-37.648434,6.5167646,6.7199707
24.357311,-36.80411,6.5203657,6.7229714
23.821583,-35.95976,6.5239663,6.7259717
23.285902,-35.11538,6.5277653,6.7287745
22.750267,-34.27097,6.531566,6.731575
22.214682,-33.42653,6.5353665,6.7343755
21.679148,-32.582054,6.5391674,6.737176
21.143663,-31.737549,6.5429683,6.7399764
20.608234,-30.89301,6.546571,6.7429757
20.072859,-30.048433,6.5501714,6.745976
19.53754,-29.203825,6.553772,6.7489767
19.002277,-28.359177,6.5573726,6.7519774
18.467075,-27.514494,6.5609736,6.7549777
17.931934,-26.669771,6.5647726,6.7579784
17.396854,-25.82501,6.5685735,6.760979
16.861837,-24.980207,6.5723743,6.76398
16.326887,-24.135365,6.576175,6.76698
15.792003,-23.290478,6.5799756,6.769981
15.257188,-22.445549,6.5835776,6.7729816
14.722442,-21.600576,6.5871787,6.775982
14.187765,-20.755558,6.5907793,6.7789826
13.653159,-19.910498,6.59438,6.7819834
13.118623,-19.065392,6.5979805,6.784984
12.584156,-18.220242,6.6017804,6.7877855
12.049761,-17.375048,6.6055813,6.790586
11.515434,-16.529808,6.609382,6.793387
10.981175,-15.684527,6.613183,6.7961874
10.446985,-14.839203,6.6169834,6.798988
9.912862,-13.993835,6.6207843,6.8019876
9.378806,-13.148427,6.624585,6.8049884
8.844815,-12.302976,6.628386,6.807989
8.31089,-11.457483,6.632187,6.8109894
7.7770314,-10.61195,6.6359878,6.81399
7.2432365,-9.766376,6.639589,6.816991
6.709506,-8.920761,6.64319,6.8199916
6.1758394,-8.075106,6.6467905,6.8229923
5.6422358,-7.2294106,6.650391,6.8259926
5.1086946,-6.3836765,6.653992,6.8289933
4.575216,-5.537903,6.6577926,6.831994
4.041798,-4.6920905,6.6615934,6.834995
3.5084417,-3.8462398,6.6653943,6.8379955
2.9751456,-3.0003507,6.669195,6.8409963
2.4419098,-2.154424,6.6729956,6.8439965
1.9087332,-1.3084596,6.6757975,6.8457985
1.3756158,-0.46245807,6.678598,6.847599
0.8425569,0.38358027,6.681399,6.849399
0.3095558,1.2296551,6.6841993,6.8511996
