# x_m,y_m,w_tr_right_m,w_tr_left_m
-1.208178,-0.934589,6.167,5.97
-2.1738713,-1.1941899,6.165399,5.9685993
-3.1395657,-1.4537873,6.1637983,5.9671984
-4.105261,-1.7133815,6.1621976,5.965798
-5.0709567,-1.9729728,6.160597,5.964397
-6.0366535,-2.2325613,6.1589956,5.962997
-7.002351,-2.492147,6.157395,5.9617963
-7.968049,-2.7517304,6.155794,5.9605956
-8.933747,-3.0113115,6.1541934,5.959395
-9.8994465,-3.2708905,6.1525927,5.9581943
-10.865147,-3.5304675,6.1509914,5.9569936
-11.830847,-3.7900429,6.1493907,5.955793
-12.796548,-4.0496163,6.14779,5.9545927
-13.762248,-4.309189,6.146189,5.953392
-14.72795,-4.56876,6.1445885,5.9521914
-15.693651,-4.82833,6.1429873,5.9509907
-16.659353,-5.0878997,6.1413865,5.94979
-17.625055,-5.3474684,6.139786,5.9485893
-18.590757,-5.607037,6.138185,5.9473886
-19.55646,-5.8666053,6.1365843,5.946188
-20.522161,-6.1261735,6.134983,5.9449854
-21.487864,-6.3857417,6.1333823,5.9435844
-22.453566,-6.6453104,6.1317816,5.942184
-23.419268,-6.904879,6.130181,5.940783
-24.38497,-7.1644487,6.12858,5.9393826
-25.350672,-7.4240193,6.126979,5.9379845
-26.316372,-7.6835904,6.125378,5.936784
-27.282074,-7.9431634,6.1237774,5.935583
-28.247774,-8.202738,6.1221766,5.9343824
-29.213474,-8.462313,6.1205754,5.933182
-30.179173,-8.72189,6.1189747,5.931981
-31.144873,-8.98147,6.117374,5.9307804
-32.11057,-9.241053,6.115773,5.9295797
-33.076267,-9.500636,6.114172,5.928379
-34.041965,-9.760222,6.1125712,5.9271784
-35.007664,-10.019813,6.1109705,5.9259777
-35.97336,-10.279405,6.1093698,5.924777
-36.939053,-10.539,6.1077685,5.9235764
-37.904747,-10.798597,6.106168,5.9223757
-38.87044,-11.058199,6.104567,5.921175
-39.836132,-11.317804,6.102966,5.9199705
-40.801823,-11.577414,6.101365,5.9185696
-41.767513,-11.837028,6.0997643,5.9171686
-42.733204,-12.096644,6.0981636,5.915768
-43.69889,-12.356264,6.0965624,5.914367
-44.664577,-12.615889,6.0949616,5.912971
-45.630264,-12.875517,6.093361,5.9117703
-46.595947,-13.135148,6.0917597,5.9105697
-47.561634,-13.394783,6.090159,5.909369
-48.527317,-13.654422,6.088558,5.9081683
-49.493,-13.914063,6.086957,5.906968
-50.45868,-14.173709,6.085356,5.9057674
-51.424362,-14.433358,6.0837555,5.9045663
-52.39004,-14.69301,6.0821543,5.9033656
-53.355717,-14.952666,6.0805535,5.902165
-54.321396,-15.212326,6.078953,5.9009643
-55.28707,-15.471989,6.0773516,5.8997636
-56.25275,-15.731654,6.075751,5.898563
-57.218422,-15.991324,6.07415,5.897362
-58.184097,-16.250998,6.072549,5.8961616
-59.14977,-16.510674,6.070948,5.8949547
-60.115444,-16.770353,6.0693474,5.8935537
-61.081116,-17.030035,6.067746,5.892153
-62.046783,-17.28972,6.0661454,5.8907523
-63.012455,-17.54941,6.064544,5.8893514
-63.978123,-17.809103,6.0629506,5.8879576
-64.943794,-18.068798,6.0615497,5.886757
-65.909454,-18.328497,6.0601487,5.885556
-66.87512,-18.5882,6.0587482,5.8843555
-67.84079,-18.847904,6.0573473,5.883155
-68.80646,-19.107613,6.0559387,5.881954
-69.77212,-19.367323,6.054338,5.8807535
-70.73778,-19.627037,6.0527368,5.879553
-71.703445,-19.886753,6.051136,5.878352
-72.669106,-20.146473,6.049535,5.8771515
-73.634766,-20.406195,6.047934,5.875942
-74.600426,-20.66592,6.0463333,5.8745413
-75.566086,-20.92565,6.044732,5.873141
-76.53174,-21.18538,6.0431314,5.87174
-77.4974,-21.445116,6.04153,5.870339
-78.46306,-21.704853,6.0399294,5.868947
-79.42871,-21.964592,6.038328,5.8677464
-80.39437,-22.224335,6.0367274,5.8665457
-81.36002,-22.48408,6.0351267,5.865345
-82.325676,-22.743828,6.0335255,5.8641443
-83.29133,-23.003578,6.0319247,5.8629436
-84.25698,-23.263332,6.0303235,5.8617425
-85.22263,-23.523088,6.028723,5.860542
-86.188286,-23.782846,6.0271215,5.859341
-87.15393,-24.042608,6.025521,5.8581405
-88.11958,-24.302372,6.0239196,5.85694
-89.085236,-24.56214,6.022319,5.855739
-90.05088,-24.821907,6.0207176,5.8545384
-91.016525,-25.081678,6.019117,5.853338
-91.98218,-25.341454,6.017516,5.852137
-92.94782,-25.601229,6.015915,5.8509254
-93.91347,-25.861008,6.014314,5.8495245
-94.87911,-26.120789,6.012713,5.848124
-95.84476,-26.380573,6.011112,5.846723
-96.8104,-26.64036,6.009511,5.845322
-97.77604,-26.900148,6.0079103,5.8439326
-98.741684,-27.159939,6.006309,5.842732
-99.70733,-27.419731,6.0047083,5.8415313
-100.672966,-27.679527,6.003107,5.84033
-101.63861,-27.939323,6.0015063,5.8391294
-102.60425,-28.199123,5.999905,5.837929
-103.569885,-28.458925,5.9983044,5.836728
-104.53552,-28.718729,5.996703,5.8355274
-105.50117,-28.978535,5.9951024,5.8343267
-106.466805,-29.238342,5.993501,5.833126
-107.43244,-29.498152,5.9919004,5.8319254
-108.39807,-29.757965,5.990299,5.8307247
-109.36371,-30.01778,5.9886985,5.8295236
-110.329346,-30.277596,5.9870973,5.828323
-111.29498,-30.537415,5.9854965,5.827122
-112.26061,-30.797235,5.9838953,5.8259087
-113.22625,-31.057056,5.9822946,5.8245077
-114.19188,-31.316881,5.9806933,5.823107
-115.15752,-31.576708,5.9790926,5.821706
-116.123146,-31.836535,5.9774914,5.820305
-117.088776,-32.096367,5.9758906,5.8189178
-118.05441,-32.356197,5.9742894,5.817717
-119.02004,-32.61603,5.9726887,5.8165164
-119.98567,-32.875866,5.9710875,5.8153157
-120.9513,-33.1357,5.9694867,5.814115
-121.91693,-33.395542,5.9678855,5.812914
-122.88256,-33.65538,5.9662843,5.811713
-123.84819,-33.915222,5.9646835,5.8105125
-124.81382,-34.175068,5.9630823,5.809312
-125.77944,-34.434914,5.9614816,5.808111
-126.74507,-34.69476,5.9598804,5.8069105
-127.7107,-34.95461,5.9582796,5.80571
-128.67633,-35.21446,5.9566784,5.8045087
-129.64195,-35.474308,5.9550776,5.803308
-130.60757,-35.73416,5.9534764,5.8021073
-131.5732,-35.994015,5.951891,5.800891
-132.53882,-36.253872,5.9504905,5.7994905
-133.50446,-36.51373,5.9490895,5.7980895
-134.47008,-36.77359,5.9476886,5.7966886
-135.4357,-37.033447,5.9462876,5.7952876
-136.40132,-37.293312,5.9448705,5.793903
-137.36694,-37.553173,5.9432697,5.792702
-138.33257,-37.813038,5.9416685,5.7915015
-139.29819,-38.072903,5.940068,5.790301
-140.26381,-38.33277,5.9384665,5.7891
-141.22943,-38.59264,5.936866,5.787899
-142.19505,-38.85251,5.9352646,5.7866983
-143.16068,-39.112377,5.933664,5.7854977
-144.1263,-39.37225,5.9320626,5.784297
-145.09192,-39.632122,5.930462,5.7830963
-146.05754,-39.891994,5.9288607,5.7818956
-147.02315,-40.15187,5.92726,5.780695
-147.98877,-40.411747,5.9256587,5.779494
-148.95439,-40.671623,5.924058,5.778293
-149.92001,-40.931503,5.9224567,5.7770925
-150.88564,-41.19138,5.9208555,5.7758737
-151.85124,-41.45126,5.919255,5.7744727
-152.81686,-41.711143,5.9176536,5.7730722
-153.78249,-41.971024,5.916053,5.7716713
-154.74811,-42.230907,5.9144516,5.7702703
-155.71371,-42.49079,5.912851,5.768888
-156.67934,-42.750675,5.9112496,5.7676873
-157.64496,-43.01056,5.909649,5.7664866
-158.61057,-43.270447,5.9080477,5.765286
-159.57619,-43.530334,5.906447,5.7640853
-160.54181,-43.790222,5.9048457,5.7628846
-161.50742,-44.05011,5.903245,5.7616835
-162.47304,-44.309998,5.9016438,5.760483
-163.43864,-44.56989,5.900043,5.759282
-164.40427,-44.82978,5.898442,5.7580814
-165.36987,-45.08967,5.896841,5.7568808
-166.3355,-45.34956,5.89524,5.75568
-167.30112,-45.609455,5.893639,5.7544794
-168.26672,-45.869347,5.892038,5.7532787
-169.23235,-46.12924,5.890437,5.7520776
-170.19795,-46.389133,5.888836,5.7508564
-171.16357,-46.64903,5.887235,5.7494555
-172.12918,-46.908924,5.885634,5.748055
-173.0948,-47.16882,5.884033,5.746654
-174.06041,-47.428715,5.882432,5.745253
-175.02603,-47.68861,5.8808312,5.7438736
-175.99164,-47.948505,5.87923,5.7426724
-176.95726,-48.208405,5.8776293,5.741472
-177.92287,-48.4683,5.876028,5.740271
-178.88847,-48.7282,5.8744273,5.7390704
-179.8541,-48.988094,5.872826,5.7378697
-180.8197,-49.247993,5.8712254,5.736669
-181.78532,-49.507893,5.8696246,5.7354684
-182.75093,-49.767788,5.8680234,5.7342677
-183.71655,-50.027687,5.8664227,5.733067
-184.68216,-50.287586,5.8648214,5.731866
-185.64777,-50.547485,5.8632207,5.730665
-186.61339,-50.807384,5.8616195,5.7294645
-187.579,-51.067284,5.8600187,5.728264
-188.54462,-51.327183,5.8584175,5.727063
-189.51022,-51.587082,5.856817,5.7258396
-190.47585,-51.84698,5.8552155,5.7244387
-191.44145,-52.10688,5.853615,5.7230377
-192.40706,-52.36678,5.8520136,5.7216372
-193.37268,-52.626675,5.850413,5.7202363
-194.33829,-52.886574,5.848812,5.7188587
-195.30391,-53.146473,5.847211,5.717658
-196.26952,-53.406372,5.84561,5.7164574
-197.23514,-53.66627,5.844009,5.7152567
-198.20074,-53.92617,5.842408,5.714056
-199.16637,-54.186066,5.840807,5.7128553
-200.13197,-54.445965,5.839206,5.7116547
-201.09758,-54.70586,5.8376055,5.710454
-202.0632,-54.96576,5.8360043,5.7092533
-203.02881,-55.225655,5.8344035,5.7080526
-203.99443,-55.485554,5.832827,5.706852
-204.96004,-55.74545,5.831426,5.7056513
-205.92566,-56.005344,5.8300257,5.7044506
-206.89127,-56.26524,5.8286247,5.70325
-207.85689,-56.525135,5.827224,5.7020493
-208.8225,-56.785027,5.825798,5.7008233
-209.78812,-57.04492,5.824197,5.6994224
-210.75372,-57.304813,5.822596,5.6980214
-211.71935,-57.56471,5.820995,5.6966205
-212.68495,-57.8246,5.819394,5.69522
-213.65057,-58.08449,5.8177934,5.693845
-214.61618,-58.344383,5.816192,5.692644
-215.5818,-58.604275,5.8145914,5.6914434
-216.54742,-58.864162,5.8129907,5.690243
-217.51303,-59.124054,5.8113894,5.689042
-218.47865,-59.38394,5.8097887,5.6878414
-219.44426,-59.64383,5.808188,5.6866407
-220.40988,-59.903717,5.8065867,5.68544
-221.3755,-60.1636,5.804986,5.6842394
-222.34111,-60.42349,5.8033853,5.6830387
-223.30673,-60.683372,5.801784,5.681838
-224.27235,-60.943256,5.8001833,5.6806374
-225.23798,-61.203136,5.7985826,5.6794367
-226.20358,-61.46302,5.7969813,5.678236
-227.1692,-61.7229,5.7953806,5.6770353
-228.13483,-61.98278,5.79378,5.675807
-229.10045,-62.24266,5.7921786,5.6744065
-230.06606,-62.502537,5.790578,5.6730056
-231.03168,-62.762417,5.788977,5.671605
-231.9973,-63.022293,5.787376,5.670204
-232.96292,-63.282166,5.785775,5.6688313
-233.92854,-63.54204,5.7841744,5.6676307
-234.89417,-63.801914,5.7825737,5.66643
-235.85977,-64.06178,5.7809725,5.6652293
-236.8254,-64.321655,5.7793717,5.6640286
-237.79102,-64.58152,5.777771,5.662828
-238.75664,-64.84139,5.7761703,5.661628
-239.72226,-65.10126,5.774569,5.660427
-240.68788,-65.36112,5.7729683,5.6592264
-241.6535,-65.62099,5.7713675,5.6580257
-242.61913,-65.88085,5.769767,5.656825
-243.58475,-66.14072,5.7681656,5.6556244
-244.55038,-66.40057,5.766565,5.6544237
-245.516,-66.66043,5.764964,5.653223
-246.48163,-66.92029,5.7633634,5.6520224
-247.44725,-67.180145,5.7617626,5.650792
-248.41287,-67.44,5.7601614,5.649391
-249.37851,-67.69985,5.7585607,5.6479907
-250.34413,-67.95971,5.75696,5.6465898
-251.30975,-68.21956,5.755359,5.6451893
-252.27538,-68.4794,5.7537584,5.643819
-253.24101,-68.73925,5.752157,5.642618
-254.20663,-68.9991,5.7505565,5.6414175
-255.17226,-69.25894,5.7489557,5.640217
-256.13788,-69.51878,5.747355,5.639016
-257.10352,-69.778625,5.7457542,5.6378155
-258.06915,-70.03846,5.7441535,5.636615
-259.0348,-70.298294,5.7425528,5.6354146
-260.0004,-70.558136,5.7409515,5.634214
-260.96603,-70.81796,5.739351,5.6330132
-261.93167,-71.0778,5.73775,5.6318126
-262.8973,-71.33763,5.7361493,5.630612
-263.86295,-71.59746,5.7345486,5.629411
-264.82858,-71.857285,5.732948,5.628211
-265.7942,-72.1171,5.731347,5.6270103
-266.75983,-72.37693,5.7297463,5.6257777
-267.72546,-72.63675,5.7281456,5.6243773
-268.6911,-72.89657,5.7265444,5.6229763
-269.65674,-73.15639,5.7249436,5.621576
-270.62238,-73.4162,5.723343,5.6201754
-271.588,-73.67601,5.7217746,5.618807
-272.55365,-73.93582,5.7203736,5.617606
-273.5193,-74.19563,5.718973,5.6164055
-274.48492,-74.45544,5.7175727,5.615205
-275.45056,-74.71524,5.7161717,5.6140046
-276.4162,-74.975044,5.7147384,5.612804
-277.38184,-75.23484,5.7131376,5.6116033
-278.34747,-75.49464,5.711537,5.6104026
-279.31314,-75.75443,5.709936,5.6092024
-280.27878,-76.01423,5.7083354,5.6080017
-281.24442,-76.27402,5.7067347,5.606801
-282.21005,-76.533806,5.705134,5.6056004
-283.1757,-76.793594,5.703533,5.6044
-284.14133,-77.053375,5.7019324,5.6031995
-285.107,-77.313156,5.7003317,5.601999
-286.07263,-77.57294,5.6987314,5.6007648
-287.03827,-77.83271,5.6971307,5.5993643
-288.00394,-78.09248,5.69553,5.5979633
-288.96957,-78.35226,5.693929,5.596563
-289.9352,-78.61203,5.6923285,5.5951624
-290.90088,-78.871796,5.6907277,5.593796
-291.86652,-79.13155,5.689127,5.592595
-292.83215,-79.39132,5.687526,5.591395
-293.79782,-79.65108,5.6859255,5.590194
-294.76346,-79.910835,5.6843247,5.5889935
-295.72913,-80.170586,5.682724,5.5877934
-296.69476,-80.430336,5.6811237,5.5865927
-297.66043,-80.69009,5.679523,5.585392
-298.6261,-80.94983,5.6779222,5.584192
-299.59174,-81.20957,5.6763215,5.582991
-300.5574,-81.469315,5.674721,5.5817904
-301.52304,-81.72905,5.67312,5.5805902
-302.4887,-81.988785,5.6715198,5.5793896
-303.45438,-82.24852,5.669919,5.5781894
-304.42,-82.50825,5.6683183,5.5769887
-305.38568,-82.767975,5.6667175,5.5757527
-306.35135,-83.027695,5.665117,5.5743523
-307.31702,-83.287415,5.6635165,5.572952
-308.28268,-83.547134,5.661916,5.5715513
-309.24832,-83.806854,5.660315,5.5701504
-310.214,-84.06657,5.6587143,5.5687857
-311.17966,-84.32627,5.6571136,5.567585
-312.14532,-84.58598,5.655513,5.566385
-313.111,-84.84569,5.653912,5.565184
-314.07666,-85.10539,5.6523113,5.5639834
-315.04233,-85.36509,5.650711,5.5627832
-316.008,-85.62479,5.6491103,5.5615826
-316.97366,-85.88448,5.647509,5.560382
-317.93933,-86.14417,5.6459084,5.559181
-318.905,-86.40386,5.6443076,5.557981
-319.87067,-86.66355,5.642707,5.5567803
-320.83633,-86.92323,5.641106,5.5555797
-321.802,-87.182915,5.6395054,5.554379
-322.76767,-87.4426,5.6379046,5.5531783
-323.73337,-87.70227,5.636304,5.5519776
-324.69904,-87.961945,5.6347027,5.55074
-325.6647,-88.22162,5.633102,5.5493393
-326.63037,-88.481285,5.6315007,5.5479383
-327.59604,-88.74096,5.6299,5.5465374
-328.56174,-89.00062,5.628299,5.5451365
-329.5274,-89.260284,5.626698,5.5437737
-330.49307,-89.51994,5.625097,5.5425725
-331.45877,-89.7796,5.623496,5.541372
-332.42444,-90.03925,5.621895,5.540171
-333.3901,-90.29891,5.6202936,5.5389705
-334.3558,-90.558556,5.6186924,5.5377693
-335.32147,-90.81821,5.617091,5.5365686
-336.28717,-91.07785,5.61549,5.5353675
-337.25284,-91.337494,5.6138887,5.5341663
-338.21854,-91.59714,5.6122875,5.5329657
-339.1842,-91.85678,5.6107254,5.5317254
-340.1499,-92.11642,5.609324,5.530324
-341.11557,-92.37605,5.607923,5.528923
-342.08127,-92.63568,5.6065216,5.5275216
-343.04694,-92.89532,5.60512,5.52612
-344.01263,-93.154945,5.6036787,5.5247593
-344.97833,-93.414566,5.602077,5.523558
-345.944,-93.674194,5.6004753,5.5223565
-346.9097,-93.933815,5.598874,5.5211554
-347.87537,-94.193436,5.5972724,5.519954
-348.84106,-94.45305,5.5956707,5.518753
-349.80676,-94.71267,5.5940685,5.5175514
-350.77246,-94.97228,5.592467,5.51635
-351.73813,-95.23189,5.5908647,5.5151486
-352.70383,-95.4915,5.589263,5.513947
-353.66953,-95.75111,5.587661,5.512746
-354.63522,-96.01071,5.5860586,5.511544
-355.60092,-96.27032,5.5844564,5.510342
-356.5666,-96.529915,5.5828543,5.5091405
-357.5323,-96.78951,5.581252,5.507939
-358.498,-97.04911,5.57965,5.506694
-359.46368,-97.30871,5.5780473,5.5052915
-360.42938,-97.568306,5.576445,5.503889
-361.39508,-97.827896,5.5748425,5.502487
-362.36078,-98.08749,5.57324,5.501085
-363.32648,-98.34707,5.571637,5.499728
-364.29218,-98.60665,5.5700345,5.498526
-365.25787,-98.86623,5.568432,5.497324
-366.22357,-99.12581,5.5668287,5.496122
-367.18927,-99.3854,5.565226,5.49492
-368.15497,-99.64499,5.5636234,5.4937177
-369.12067,-99.90459,5.562021,5.4925156
-370.08633,-100.16421,5.5604177,5.4913135
-371.05203,-100.42384,5.558815,5.4901114
-372.0177,-100.68351,5.5572124,5.4889092
-372.98337,-100.943214,5.5556097,5.487707
-373.94904,-101.20296,5.5540075,5.486506
-374.91467,-101.462746,5.552406,5.4853044
-375.88028,-101.72259,5.5508037,5.4841027
-376.84592,-101.98249,5.549202,5.4829016
-377.8115,-102.24246,5.5476003,5.4816504
-378.77707,-102.502495,5.546,5.48025
-379.74265,-102.76261,5.5443997,5.47885
-380.70816,-103.022804,5.5427995,5.4774494
-381.67368,-103.28308,5.541199,5.476049
-382.63916,-103.54346,5.5395994,5.4746995
-383.6046,-103.803925,5.5380015,5.473501
-384.57004,-104.0645,5.5364037,5.472303
-385.53546,-104.32519,5.534806,5.4711046
-386.50082,-104.58599,5.533208,5.469906
-387.46616,-104.846924,5.531611,5.468708
-388.43146,-105.10798,5.5300164,5.467512
-389.39673,-105.36917,5.528422,5.466316
-390.36194,-105.6305,5.5268273,5.4651203
-391.32715,-105.89196,5.525233,5.4639244
-392.2923,-106.15356,5.523639,5.4627295
-393.25742,-106.41529,5.5220485,5.4615364
-394.22247,-106.67719,5.520458,5.460344
-395.1875,-106.93928,5.5188675,5.459151
-396.15247,-107.20157,5.5172772,5.4579577
-397.11737,-107.464096,5.5156875,5.4567266
-398.0822,-107.72682,5.5141006,5.455338
-399.04706,-107.98963,5.512513,5.453949
-400.0119,-108.25237,5.5109262,5.4525604
-400.97678,-108.5149,5.5093393,5.451172
-401.9418,-108.77708,5.5077496,5.449812
-402.90695,-109.03859,5.5061445,5.4486084
-403.87253,-109.298706,5.5045395,5.447405
-404.83865,-109.556625,5.5029345,5.446201
-405.8056,-109.811554,5.5013294,5.4449973
-406.77353,-110.0627,5.499751,5.4437866
-407.7425,-110.30983,5.498302,5.4425445
-408.71216,-110.55412,5.496853,5.441303
-409.68222,-110.796974,5.4954042,5.4400606
-410.65225,-111.03976,5.493955,5.4388185
-411.62198,-111.28387,5.4924417,5.437581
-412.59097,-111.53095,5.4908023,5.436352
-413.55862,-111.78308,5.489163,5.4351225
-414.5244,-112.042305,5.487524,5.4338927
-415.4877,-112.31071,5.485884,5.4326634
-416.4478,-112.590225,5.484294,5.431382
-417.4049,-112.87994,5.482761,5.430041
-418.3601,-113.17575,5.481228,5.4286995
-419.31476,-113.47346,5.4796953,5.427358
-420.2701,-113.76884,5.4781623,5.426017
-421.22748,-114.05767,5.476631,5.425092
-422.188,-114.33577,5.4751062,5.425473
-423.15268,-114.59905,5.4735813,5.4258547
-424.1223,-114.84342,5.4720573,5.4262357
-425.09747,-115.06475,5.4705343,5.426616
-426.07837,-115.25894,5.469014,5.426996
-427.06506,-115.42114,5.481605,5.567856
-428.0575,-115.54294,5.494328,5.7100296
-429.0548,-115.61455,5.507072,5.8524394
-430.05453,-115.62575,5.519841,5.995132
-431.05252,-115.566315,5.540814,6.1383224
-432.0428,-115.42914,5.7229104,6.289606
-433.0196,-115.21616,5.9046116,6.4405613
-433.9778,-114.93088,6.0860944,6.591335
-434.91263,-114.57633,6.267606,6.7421317
-435.81934,-114.15512,6.3717074,6.8478527
-436.69446,-113.67168,6.340745,6.874867
-437.53705,-113.13343,6.3097816,6.901882
-438.34744,-112.54777,6.278839,6.9288783
-439.1269,-111.921455,6.247907,6.9558663
-439.8772,-111.26053,6.20872,6.953508
-440.5998,-110.56937,6.162769,6.927165
-441.29556,-109.85122,6.116795,6.9008093
-441.96576,-109.10911,6.070816,6.8744507
-442.6118,-108.34589,6.024837,6.8480916
-443.23532,-107.56415,5.986864,6.7590246
-443.83762,-106.765945,5.9567904,6.6080728
-444.41968,-105.95284,5.9267163,6.457115
-444.9825,-105.12632,5.896643,6.3061643
-445.52722,-104.28775,5.8665705,6.1552153
-446.05496,-103.43839,5.869686,6.026998
-446.56693,-102.579414,5.9263835,5.9354863
-447.06415,-101.711845,5.983084,5.843969
-447.54788,-100.836655,6.039786,5.7524514
-448.01926,-99.95475,6.0964875,5.6609325
-448.4795,-99.06699,6.1271996,5.5992074
-448.93,-98.17425,6.1109104,5.5913644
-449.37228,-97.2774,6.094621,5.5835214
-449.80792,-96.377304,6.078332,5.5756783
-450.23853,-95.474785,6.062043,5.567836
-450.6657,-94.57064,6.039011,5.567639
-451.09106,-93.66564,6.005135,5.5797377
-451.5162,-92.76054,5.9712577,5.5918365
-451.94275,-91.856094,5.93738,5.6039357
-452.37228,-90.95308,5.903501,5.6160355
-452.80643,-90.05226,5.869653,5.628209
-453.246,-89.15407,5.8358474,5.640484
-453.69092,-88.25853,5.8020425,5.6527586
-454.14108,-87.365616,5.768238,5.6650324
-454.59644,-86.47532,5.7344337,5.6773067
-455.0568,-85.587616,5.7049613,5.6809893
-455.5221,-84.70249,5.680684,5.6743684
-455.99225,-83.81994,5.656407,5.6677475
-456.4672,-82.93994,5.6321297,5.661126
-456.94678,-82.06248,5.607852,5.6545053
-457.431,-81.187546,5.5887833,5.6380014
-457.91968,-80.315125,5.5755734,5.6103806
-458.4128,-79.44519,5.5623636,5.5827603
-458.91025,-78.57772,5.549154,5.55514
-459.41196,-77.71271,5.535944,5.5275197
-459.91785,-76.85013,5.521988,5.50324
-460.4278,-75.98995,5.507205,5.4826636
-460.94174,-75.13216,5.4924216,5.4620867
-461.45963,-74.27673,5.4776382,5.4415097
-461.98135,-73.42365,5.462855,5.4209332
-462.50687,-72.57288,5.445274,5.4111223
-463.03604,-71.72441,5.424521,5.413517
-463.56888,-70.87821,5.403768,5.415911
-464.10522,-70.03425,5.383015,5.418306
-464.64508,-69.192505,5.3622622,5.4207006
-465.18832,-68.35296,5.343702,5.4209967
-465.7349,-67.515564,5.3277426,5.4188023
-466.2847,-66.68032,5.311784,5.416608
-466.83774,-65.84718,5.295825,5.4144135
-467.39392,-65.01614,5.2798657,5.412219
-467.95316,-64.187164,5.268338,5.405588
-468.51538,-63.36021,5.26235,5.393411
-469.08054,-62.535255,5.2563615,5.3812346
-469.64856,-61.71226,5.250373,5.369058
-470.21933,-60.89119,5.2443843,5.356881
-470.79282,-60.072002,5.2475185,5.349913
-471.3689,-59.25464,5.2625084,5.3497133
-471.94748,-58.439022,5.2774982,5.3495135
-472.52835,-57.62507,5.2924886,5.3493133
-473.11145,-56.81269,5.3074784,5.3491135
-473.69662,-56.00181,5.34535,5.3619485
-474.28372,-55.19233,5.4133673,5.3919563
-474.87268,-54.38418,5.481385,5.421964
-475.46332,-53.577267,5.5494027,5.451972
-476.0555,-52.77151,5.6174207,5.48198
-476.64917,-51.966827,5.663191,5.500213
-477.24417,-51.163128,5.6798058,5.5030155
-477.8404,-50.360325,5.6964207,5.505818
-478.43768,-49.558327,5.7130356,5.5086203
-479.03592,-48.75705,5.72965,5.511423
-479.63504,-47.956398,5.7335706,5.5076585
-480.23483,-47.156284,5.7211547,5.4954424
-480.83524,-46.356613,5.7087383,5.4832263
-481.43613,-45.5573,5.696322,5.47101
-482.03735,-44.75825,5.6839056,5.458794
-482.6388,-43.95937,5.6715765,5.4465766
-483.24036,-43.16057,5.659357,5.434357
-483.84192,-42.36176,5.6471376,5.4221377
-484.44333,-41.56285,5.634918,5.4099183
-485.0445,-40.763756,5.622699,5.397699
-485.6453,-39.96439,5.6096644,5.3905473
-486.2456,-39.16465,5.59564,5.389546
-486.8453,-38.36444,5.581616,5.388544
-487.4442,-37.563656,5.567592,5.3875422
-488.04224,-36.762196,5.553568,5.3865404
-488.6392,-35.95996,5.5385294,5.3926406
-489.23502,-35.15688,5.522302,5.4070644
-489.82965,-34.352913,5.506075,5.421489
-490.42303,-33.548016,5.489848,5.435913
-491.0151,-32.742153,5.473621,5.450337
-491.6058,-31.93529,5.457301,5.4646664
-492.19513,-31.127428,5.4408765,5.4788876
-492.78317,-30.31862,5.424452,5.4931087
-493.37,-29.508919,5.408027,5.5073304
-493.95563,-28.698378,5.3916025,5.5215516
-494.5402,-27.887049,5.3751793,5.5357714
-495.1237,-27.074974,5.3587584,5.5499897
-495.70624,-26.262192,5.342337,5.564208
-496.2878,-25.448734,5.325916,5.5784264
-496.8685,-24.634636,5.3094945,5.5926447
-497.44833,-23.819931,5.293172,5.6069584
-498.02737,-23.004656,5.2769537,5.621374
-498.60565,-22.18885,5.260736,5.63579
-499.18326,-21.37255,5.2445183,5.6502056
-499.7602,-20.555796,5.2283006,5.664622
-500.33655,-19.738623,5.2119865,5.6789384
-500.91238,-18.92107,5.1955714,5.693152
-501.4877,-18.103174,5.179156,5.707365
-502.0626,-17.284971,5.1627407,5.721578
-502.6371,-16.466497,5.1463256,5.735791
-503.21127,-15.64779,5.129911,5.750004
-503.78516,-14.828884,5.1134977,5.7642155
-504.35883,-14.009816,5.097084,5.778427
-504.9323,-13.190623,5.080671,5.792639
-505.50565,-12.371342,5.064257,5.8068504
-506.07892,-11.552007,5.0478444,5.821161
-506.6522,-10.7326565,5.0314317,5.8355722
-507.22546,-9.913325,5.0150194,5.849983
-507.79883,-9.09405,4.9986067,5.864394
-508.3723,-8.274868,4.9821944,5.878805
-508.946,-7.455814,5.0013604,5.856034
-509.5199,-6.6369047,5.056002,5.7961884
-510.09396,-5.8181396,5.1106434,5.736343
-510.66827,-4.9995174,5.165285,5.6764975
-511.24277,-4.181036,5.2199264,5.616652
-511.81747,-3.362694,5.274669,5.5567055
-512.39233,-2.5444896,5.3295107,5.4966598
-512.9674,-1.726421,5.3843527,5.436614
-513.5427,-0.9084866,5.4391947,5.376568
-514.11816,-0.09068473,5.494036,5.316522
-514.6938,0.72698635,5.531276,5.275401
-515.26965,1.5445282,5.5514917,5.2525835
-515.84564,2.3619428,5.5717072,5.2297664
-516.4219,3.1792316,5.5919228,5.2069488
-516.9982,3.9963963,5.612138,5.184131
-517.57477,4.813439,5.6202574,5.1743326
-518.1515,5.63036,5.6168547,5.1769347
-518.72833,6.447163,5.613452,5.179537
-519.3054,7.263849,5.6100497,5.1821384
-519.88257,8.080419,5.606647,5.1847405
-520.45996,8.896874,5.6032443,5.1874456
-521.0375,9.713219,5.5998416,5.190248
-521.6152,10.529452,5.5964394,5.19305
-522.193,11.345577,5.5930367,5.1958523
-522.771,12.161595,5.589634,5.198654
-523.3491,12.977508,5.5863357,5.2013526
-523.9274,13.793317,5.583133,5.203954
-524.50586,14.609024,5.579931,5.2065563
-525.0844,15.424631,5.5767283,5.2091584
-525.66315,16.24014,5.573526,5.21176
-526.24194,17.055552,5.5702186,5.214362
-526.8209,17.870869,5.566816,5.2169642
-527.4001,18.686092,5.5634136,5.2195663
-527.9793,19.501225,5.560011,5.222168
-528.55865,20.316267,5.5566087,5.22477
-529.1381,21.131222,5.553206,5.2274776
-529.7178,21.94609,5.5498033,5.2302794
-530.2975,22.760874,5.546401,5.233082
-530.8773,23.575573,5.5429983,5.2358837
-531.4573,24.390194,5.539596,5.2386856
-532.03735,25.204733,5.5361934,5.2413816
-532.61755,26.019196,5.5327907,5.2439833
-533.1978,26.833582,5.5293884,5.2465854
-533.7782,27.647894,5.5259857,5.2491875
-534.3587,28.462133,5.5225835,5.251789
-534.9393,29.276302,5.519288,5.254391
-535.51996,30.090403,5.5160856,5.256993
-536.10077,30.904434,5.512883,5.259595
-536.68164,31.718403,5.509681,5.2621965
-537.2626,32.532307,5.506479,5.2647986
-537.8436,33.346146,5.5031686,5.267508
-538.4248,34.159927,5.4997663,5.27031
-539.006,34.97365,5.496364,5.2731123
-539.5873,35.787315,5.4929614,5.275914
-540.16864,36.600925,5.489559,5.278716
-540.7501,37.414482,5.4861565,5.2814097
-541.3316,38.22799,5.482754,5.2840114
-541.9132,39.041443,5.479352,5.2866135
-542.4949,39.85485,5.47595,5.289215
-543.0766,40.668213,5.472547,5.2918167
-543.6584,41.48153,5.469145,5.294419
-544.24023,42.294804,5.4657426,5.2970204
-544.82214,43.108036,5.4623404,5.299622
-545.40405,43.92123,5.4589376,5.302224
-545.9861,44.734386,5.4555354,5.304826
-546.5682,45.547504,5.452133,5.3075376
-547.15027,46.36059,5.448731,5.3103395
-547.7324,47.173645,5.4453287,5.313141
-548.3146,47.986668,5.4419265,5.315943
-548.89685,48.79966,5.4385242,5.3187447
-549.4791,49.61263,5.435232,5.3214364
-550.0614,50.425568,5.43203,5.324038
-550.64374,51.238487,5.4288282,5.3266397
-551.22614,52.051384,5.425626,5.3292413
-551.80853,52.864258,5.422424,5.331843
-552.3909,53.677116,5.419111,5.3344445
-552.9734,54.489956,5.4157085,5.3370466
-553.55585,55.302784,5.4123063,5.3396482
-554.13837,56.115597,5.408904,5.34225
-554.7209,56.9284,5.405502,5.3448515
-555.3034,57.74119,5.4020996,5.3475647
-555.8859,58.553974,5.398698,5.3503666
-556.46844,59.366753,5.3952956,5.3531685
-557.05096,60.179527,5.3918934,5.35597
-557.63354,60.9923,5.388491,5.358772
-558.21606,61.80507,5.3850894,5.361461
-558.79865,62.61784,5.381687,5.364063
-559.38116,63.430614,5.378285,5.3666644
-559.9637,64.24339,5.374883,5.369266
-560.5462,65.056175,5.371481,5.3718677
-561.1287,65.86897,5.3681917,5.3744693
-561.71124,66.68178,5.3649898,5.377071
-562.2937,67.49459,5.361788,5.379672
-562.87616,68.30742,5.3585863,5.3822737
-563.4586,69.120255,5.3553843,5.3848753
-564.0411,69.93312,5.352069,5.3875904
-564.6235,70.745995,5.3486667,5.390392
-565.2058,71.55889,5.345265,5.3931937
-565.78815,72.37181,5.3418627,5.395995
-566.3705,73.18475,5.338461,5.398797
-566.95276,73.99773,5.335059,5.4014845
-567.535,74.81072,5.331657,5.4040856
-568.1172,75.62375,5.328255,5.4066873
-568.6993,76.436806,5.3248534,5.409289
-569.28143,77.24989,5.321451,5.41189
-569.86346,78.06301,5.3180494,5.4144917
-570.4455,78.876175,5.3146477,5.417093
-571.0274,79.68937,5.311246,5.4196944
-571.6093,80.5026,5.3078437,5.422296
-572.19116,81.31588,5.304442,5.424897
-572.77295,82.1292,5.3004637,5.429689
-573.3547,82.942566,5.2960615,5.4360924
-573.9363,83.75598,5.2916594,5.442496
-574.5179,84.569435,5.2872567,5.4488993
-575.0994,85.38295,5.2828546,5.4553022
-575.68085,86.19651,5.278105,5.4622846
-576.2622,87.010124,5.2731023,5.4696884
-576.8435,87.82379,5.2681,5.4770923
-577.4247,88.63752,5.2630973,5.484496
-578.00586,89.45131,5.258095,5.4918995
-578.58685,90.26515,5.2532086,5.4994197
-579.16785,91.07906,5.2484064,5.5070233
-579.7487,91.893036,5.243604,5.514627
-580.32947,92.70707,5.2388015,5.5222306
-580.91016,93.52118,5.2339993,5.5298343
-581.4907,94.33535,5.22908,5.537321
-582.0712,95.14959,5.2240777,5.544725
-582.6516,95.963905,5.2190757,5.5521283
-583.2319,96.7783,5.214073,5.5595317
-583.8121,97.59277,5.209071,5.566935
-584.3921,98.407326,5.204186,5.5744557
-584.97205,99.221954,5.1993837,5.582059
-585.5519,100.036674,5.1945815,5.5896626
-586.1316,100.85146,5.1897798,5.5972657
-586.7112,101.66632,5.1849775,5.604869
-587.2907,102.481255,5.1800575,5.6123548
-587.8701,103.29629,5.1750555,5.619758
-588.4493,104.11145,5.1700535,5.627161
-589.0282,104.9268,5.165051,5.6345644
-589.6068,105.742386,5.160049,5.6419673
-590.18506,106.558235,5.1551647,5.649489
-590.7628,107.37441,5.1503625,5.657093
-591.34,108.19096,5.14556,5.664697
-591.9167,109.00795,5.1407576,5.672301
-592.49255,109.82543,5.135955,5.679905
-593.06775,110.643456,5.131033,5.687391
-593.642,111.46208,5.1260295,5.694796
-594.2154,112.28136,5.121026,5.7022014
-594.7877,113.10134,5.1160226,5.7096066
-595.359,113.92207,5.1110187,5.717012
-595.92914,114.743614,5.106134,5.724538
-596.498,115.56601,5.101329,5.732146
-597.06555,116.38931,5.0965242,5.7397532
-597.6317,117.21358,5.0917196,5.7473607
-598.1964,118.03885,5.0869145,5.7549686
-598.7596,118.86519,5.0819883,5.7624574
-599.32104,119.692635,5.076982,5.769867
-599.88086,120.52124,5.071975,5.7772765
-600.43884,121.35105,5.0669684,5.7846866
-600.995,122.18213,5.061962,5.792096
-601.54913,123.0145,5.0570765,5.799507
-602.10126,123.84823,5.0522685,5.806919
-602.6513,124.68336,5.047461,5.814331
-603.1991,125.51993,5.042653,5.821743
-603.7447,126.35799,5.0378456,5.829155
-604.28784,127.19758,5.033037,5.8353333
-604.82855,128.03874,5.0282288,5.8407426
-605.36676,128.88155,5.02342,5.8461523
-605.90234,129.726,5.0186114,5.851562
-606.4352,130.57217,5.013803,5.8569717
-606.9653,131.42009,5.009746,5.855744
-607.4926,132.26974,5.0061398,5.850535
-608.0172,133.12106,5.0025334,5.845326
-608.5391,133.97401,4.998927,5.840117
-609.05853,134.82852,4.995321,5.8349075
-609.57544,135.68456,4.991715,5.829572
-610.0899,136.54204,4.9881096,5.8241644
-610.602,137.40092,4.984504,5.818756
-611.1119,138.26117,4.9808984,5.813348
-611.6195,139.1227,4.977293,5.8079395
-612.12506,139.98549,4.97356,5.802661
-612.62854,140.84946,4.9697556,5.797455
-613.13007,141.71458,4.965951,5.7922487
-613.6297,142.5808,4.9621463,5.7870426
-614.1275,143.44804,4.958342,5.7818365
-614.6236,144.3163,4.954668,5.7766314
-615.11804,145.18549,4.951065,5.771427
-615.61084,146.05559,4.947462,5.7662225
-616.10223,146.92653,4.943859,5.7610183
-616.5921,147.79826,4.9402556,5.755814
-617.0807,148.67076,4.9365234,5.750611
-617.568,149.54396,4.932721,5.745408
-618.05414,150.41783,4.9289193,5.7402053
-618.5391,151.29231,4.925117,5.7350025
-619.02313,152.16737,4.921315,5.7297997
-619.5061,153.04295,4.9176445,5.724467
-619.9883,153.91902,4.9140434,5.719065
-620.4696,154.79552,4.9104424,5.7136636
-620.95026,155.67241,4.9068413,5.7082615
-621.4303,156.54965,4.90324,5.70286
-621.9098,157.42717,4.899508,5.69759
-622.3888,158.30496,4.895707,5.6923885
-622.8674,159.18297,4.891906,5.687187
-623.34564,160.06116,4.888105,5.681986
-623.82367,160.9395,4.884304,5.6767845
-624.30145,161.81795,4.8806343,5.671583
-624.77905,162.69649,4.8770337,5.666382
-625.2565,163.57515,4.8734326,5.66118
-625.73364,164.45393,4.8698316,5.6559787
-626.21063,165.33282,4.8662305,5.6507773
-626.6873,166.21185,4.8624973,5.6455755
-627.1638,167.09102,4.8586965,5.6403737
-627.64,167.97032,4.854895,5.635172
-628.11597,168.84975,4.851094,5.62997
-628.5917,169.72934,4.8472924,5.6247687
-629.06714,170.60905,4.843623,5.6194344
-629.5423,171.48894,4.8400216,5.6140323
-630.0172,172.36896,4.83642,5.60863
-630.49176,173.24913,4.8328185,5.603228
-630.96606,174.12947,4.8292174,5.597826
-631.4401,175.00996,4.825616,5.592556
-631.9138,175.89063,4.822014,5.5873537
-632.3872,176.77145,4.8184123,5.5821514
-632.8602,177.65247,4.8148108,5.576949
-633.33295,178.53365,4.811209,5.5717463
-633.80536,179.415,4.8074746,5.566544
-634.27747,180.29654,4.8036723,5.5613413
-634.74915,181.17827,4.7998705,5.5561385
-635.2205,182.06018,4.7960687,5.5509357
-635.6915,182.94228,4.7922664,5.5457335
-636.1622,183.82458,4.788598,5.54053
-636.63245,184.70708,4.784996,5.5353274
-637.10236,185.58978,4.781394,5.530124
-637.57184,186.47269,4.7777915,5.5249214
-638.04095,187.3558,4.7741895,5.519718
-638.50964,188.23912,4.7704535,5.514381
-638.97797,189.12267,4.766651,5.508978
-639.44586,190.00642,4.7628484,5.5035744
-639.9133,190.89041,4.759046,5.498171
-640.3804,191.77461,4.755244,5.4927673
-640.847,192.65904,4.751576,5.4874988
-641.3132,193.54372,4.7479734,5.482295
-641.77893,194.4286,4.744371,5.4770913
-642.2442,195.31375,4.7407684,5.471888
-642.70905,196.19913,4.737166,5.4666843
-643.1734,197.08475,4.7365413,5.4625635
-643.63727,197.97061,4.737342,5.458961
-644.1007,198.85672,4.7381425,5.455358
-644.56366,199.7431,4.738943,5.4517555
-645.02606,200.62973,4.7397437,5.448153
-645.48804,201.51662,4.7419057,5.444958
-645.94946,202.40376,4.7447076,5.441956
-646.4104,203.29118,4.74751,5.438954
-646.8708,204.17886,4.750312,5.435951
-647.3306,205.06682,4.753114,5.432949
-647.79,205.95505,4.7560534,5.4299464
-648.24884,206.84355,4.7590556,5.4269443
-648.7071,207.73235,4.7620583,5.4239416
-649.1648,208.62143,4.765061,5.4209394
-649.62195,209.51079,4.768063,5.417937
-650.07855,210.40044,4.770928,5.415072
-650.53455,211.29039,4.7737303,5.4122696
-650.99,212.18063,4.7765326,5.409467
-651.4449,213.07117,4.779335,5.406665
-651.8991,213.962,4.7821374,5.4038625
-652.3528,214.85316,4.78494,5.400922
-652.80585,215.74461,4.787742,5.397919
-653.2583,216.63638,4.7905445,5.3949165
-653.71014,217.52846,4.793347,5.391914
-654.1613,218.42085,4.7961493,5.3889112
-654.6119,219.31357,4.798952,5.3859086
-655.0618,220.2066,4.8017545,5.382906
-655.5111,221.09996,4.804557,5.3799033
-655.95984,221.99362,4.807359,5.376901
-656.4079,222.8876,4.8101616,5.3738985
-656.85535,223.78188,4.812964,5.370896
-657.30225,224.67645,4.8157663,5.367893
-657.7485,225.57133,4.8185687,5.3648906
-658.19415,226.4665,4.821371,5.361888
-658.6392,227.36197,4.8241735,5.3588853
-659.08374,228.25774,4.826976,5.355883
-659.52765,229.15378,4.829778,5.3528805
-659.971,230.0501,4.8325806,5.349878
-660.4138,230.9467,4.835383,5.346875
-660.856,231.84357,4.8381853,5.343873
-661.29767,232.74072,4.8409877,5.3408704
-661.73883,233.63814,4.84379,5.3378677
-662.1794,234.53583,4.8465924,5.3348656
-662.61945,235.43378,4.849395,5.331863
-663.05896,236.33199,4.8521967,5.3288603
-663.498,237.23045,4.854999,5.3260007
-663.93646,238.12917,4.8578014,5.323199
-664.3744,239.02814,4.8606033,5.3203964
-664.8119,239.92735,4.8634057,5.317594
-665.24884,240.82681,4.866208,5.314792
-665.6853,241.72652,4.86901,5.3118463
-666.1213,242.62645,4.8718123,5.308844
-666.55676,243.52661,4.8746142,5.305842
-666.99176,244.42702,4.8774166,5.3028393
-667.4263,245.32765,4.8802185,5.299837
-667.86035,246.2285,4.8830204,5.296835
-668.29395,247.12958,4.885823,5.293833
-668.7271,248.03088,4.8886247,5.2908306
-669.15985,248.93239,4.8914266,5.2878284
-669.5921,249.83412,4.8942285,5.2848263
-670.0239,250.73605,4.897031,5.2818246
-670.4553,251.6382,4.8998327,5.2788224
-670.8863,252.54054,4.9026346,5.2758203
-671.31683,253.44308,4.9054365,5.272818
-671.74695,254.34583,4.9082384,5.2698164
-672.17664,255.24876,4.91104,5.266814
-672.60596,256.1519,4.9138417,5.2638125
-673.0349,257.0552,4.9166436,5.2608104
-673.46344,257.9587,4.9194455,5.2578087
-673.8916,258.8624,4.9222474,5.2548065
-674.31934,259.76627,4.925049,5.251805
-674.74677,260.6703,4.9278507,5.248803
-675.17377,261.57452,4.930652,5.245801
-675.6004,262.4789,4.933454,5.2427993
-676.02673,263.38345,4.9362555,5.2397976
-676.4527,264.28818,4.9390574,5.238118
-676.8783,265.19305,4.941859,5.2369175
-677.3036,266.09808,4.94466,5.235717
-677.7285,267.0033,4.947462,5.234516
-678.15314,267.90863,4.9502635,5.2333155
-678.57745,268.81415,4.953065,5.232705
-679.0014,269.7198,4.9558663,5.2323046
-679.4251,270.62558,4.9586678,5.2319045
-679.84845,271.5315,4.961469,5.2315044
-680.27155,272.43756,4.964271,5.2311044
-680.69434,273.34378,4.9672203,5.230852
-681.1168,274.25012,4.9702215,5.230652
-681.53906,275.1566,4.973223,5.2304516
-681.961,276.0632,4.976225,5.230252
-682.3827,276.9699,4.979226,5.2300515
-682.8041,277.87674,4.982079,5.229703
-683.2253,278.78372,4.9848804,5.229303
-683.6462,279.6908,4.987682,5.228903
-684.06683,280.598,4.990483,5.2285023
-684.48724,281.50528,4.993284,5.228102
-684.9075,282.4127,4.9960856,5.227702
-685.32745,283.32022,4.9988866,5.227302
-685.7472,284.2278,5.001688,5.2269015
-686.1667,285.13553,5.004489,5.2265015
-686.58606,286.04333,5.0072904,5.2261014
-687.0052,286.95126,5.010092,5.2258506
-687.4241,287.85925,5.0128927,5.2256503
-687.84283,288.76733,5.015694,5.2254505
-688.2614,289.6755,5.018495,5.2252502
-688.67975,290.58374,5.0212965,5.2250504
-689.09796,291.49207,5.0240974,5.2247005
-689.516,292.40048,5.0268984,5.2243004
-689.9339,293.30896,5.0297,5.2239
-690.3516,294.21753,5.0325007,5.2235
-690.76917,295.12613,5.035302,5.2230997
-691.1866,296.03482,5.038103,5.2226996
-691.6039,296.94357,5.040904,5.2222996
-692.02106,297.8524,5.0437055,5.221899
-692.4381,298.76126,5.0465064,5.221499
-692.855,299.67017,5.0493073,5.221099
-693.2718,300.57913,5.052109,5.220699
-693.6885,301.48816,5.0549097,5.220299
-694.1051,302.39725,5.0577106,5.219898
-694.5216,303.30634,5.060512,5.219498
-694.938,304.2155,5.063313,5.219098
-695.3543,305.1247,5.0661144,5.218849
-695.77057,306.03394,5.0689154,5.218649
-696.1867,306.94318,5.0717163,5.2184486
-696.60284,307.85248,5.0745177,5.218249
-697.01886,308.76178,5.0773187,5.2180486
-697.4349,309.67114,5.0802712,5.217697
-697.8508,310.5805,5.0832725,5.217297
-698.2667,311.4899,5.0862737,5.216897
-698.6826,312.3993,5.089275,5.2164965
-699.09845,313.3087,5.092276,5.2160964
-699.5143,314.21814,5.0951257,5.2156963
-699.93005,315.12756,5.097927,5.2152963
-700.3458,316.037,5.100728,5.214896
-700.7616,316.94644,5.1035295,5.2144957
-701.17737,317.8559,5.106331,5.2140956
-701.5932,318.76532,5.109132,5.2138476
-702.009,319.67474,5.111933,5.213648
-702.4248,320.5842,5.1147346,5.2134476
-702.84064,321.4936,5.117536,5.2132473
-703.2565,322.403,5.120337,5.2130475
-703.67236,323.31238,5.1231384,5.2126946
-704.0883,324.22174,5.12594,5.212294
-704.50433,325.1311,5.1287413,5.211894
-704.92035,326.04044,5.1315427,5.211494
-705.3364,326.9497,5.134344,5.211094
-705.7526,327.85898,5.1371455,5.2106934
-706.1689,328.76822,5.139947,5.2102933
-706.58514,329.6774,5.142749,5.209893
-707.0016,330.58658,5.1455503,5.2094927
-707.418,331.4957,5.1483517,5.2090926
-707.83466,332.40475,5.1511536,5.208846
-708.25134,333.31378,5.153955,5.2086463
-708.6681,334.22278,5.156757,5.208446
-709.085,335.13168,5.1595583,5.2082458
-709.502,336.04056,5.16236,5.2080455
-709.9192,336.94937,5.1651616,5.207691
-710.3364,337.85815,5.1679635,5.207291
-710.75385,338.76685,5.1707654,5.2068906
-711.1714,339.67548,5.1735673,5.2064905
-711.5891,340.584,5.176369,5.20609
-712.007,341.4925,5.179171,5.20569
-712.42505,342.4009,5.181973,5.2052894
-712.8432,343.30927,5.184775,5.2048893
-713.2615,344.21756,5.187577,5.204489
-713.6799,345.1258,5.190379,5.2040887
-714.0984,346.03397,5.193337,5.2036886
-714.51697,346.94214,5.196339,5.203288
-714.9356,347.85025,5.1993413,5.202888
-715.3543,348.75836,5.202344,5.2024875
-715.773,349.66647,5.205346,5.2020874
-716.1917,350.57455,5.208192,5.2018433
-716.6104,351.48267,5.2109942,5.2016435
-717.02905,352.3908,5.213796,5.201443
-717.44763,353.29895,5.2165985,5.201243
-717.8661,354.20715,5.219401,5.2010427
-718.2845,355.1154,5.2222033,5.2006855
-718.70276,356.02368,5.2250056,5.200285
-719.1209,356.93204,5.2278075,5.1998844
-719.53894,357.84045,5.23061,5.1994843
-719.9567,358.74896,5.2334123,5.199084
-720.3744,359.65756,5.2362146,5.1986837
-720.7918,360.56625,5.239017,5.198283
-721.209,361.47507,5.2418194,5.197883
-721.6259,362.38397,5.2446218,5.1974826
-722.04254,363.29303,5.247424,5.1970825
-722.4589,364.20218,5.2502265,5.196841
-722.87494,365.1115,5.2530284,5.196641
-723.29065,366.02097,5.255831,5.1964407
-723.70605,366.9306,5.258633,5.1962404
-724.12103,367.8404,5.2614355,5.19604
-724.5357,368.75037,5.264238,5.19568
-724.9499,369.66052,5.26704,5.19528
-725.3637,370.57086,5.269842,5.1948795
-725.77704,371.4814,5.2726445,5.1944795
-726.1899,372.39218,5.2754464,5.194079
-726.6023,373.30316,5.278249,5.193679
-727.0142,374.21436,5.2810507,5.1932783
-727.4259,375.12567,5.2838526,5.1928782
-727.83734,376.03708,5.286655,5.1924777
-728.24866,376.94855,5.289457,5.1920776
-728.66003,377.86,5.2924204,5.1918387
-729.07153,378.7714,5.2954226,5.1916385
-729.4832,379.68268,5.2984242,5.191438
-729.8953,380.59378,5.3014264,5.1912384
-730.30786,381.5047,5.3044286,5.191038
-730.721,382.41534,5.3072686,5.1906757
-731.13477,383.32568,5.3100705,5.1902757
-731.5494,384.23566,5.3128724,5.1898756
-731.9649,385.14523,5.3156743,5.189475
-732.3815,386.05432,5.318476,5.189075
-732.7992,386.9629,5.321278,5.1886744
-733.21814,387.87088,5.3240795,5.1882744
-733.6384,388.77823,5.3268814,5.1878743
-734.0602,389.6849,5.3296833,5.187474
-734.4835,390.59085,5.3324847,5.1870737
-734.9085,391.49603,5.335286,5.186673
-735.3354,392.40033,5.3380876,5.186273
-735.7641,393.30374,5.340889,5.185873
-736.1948,394.20618,5.3436904,5.185473
-736.62775,395.1076,5.346492,5.1850724
-737.06287,396.00797,5.347655,5.1881113
-737.5003,396.90717,5.348455,5.191912
-737.94025,397.80518,5.349255,5.1957126
-738.3827,398.70193,5.3500557,5.1995134
-738.8278,399.59738,5.350856,5.2033143
-739.2757,400.49146,5.3501806,5.209571
-739.72644,401.3841,5.349181,5.2163687
-740.1801,402.2752,5.3481812,5.223166
-740.63696,403.16476,5.347182,5.2299633
-741.097,404.05264,5.3461823,5.236761
-741.5603,404.9388,5.346817,5.2443724
-742.0271,405.82312,5.347816,5.2521653
-742.4976,406.7055,5.348815,5.2599583
-742.97205,407.5858,5.3498144,5.2677517
-743.4505,408.46387,5.3508134,5.2755446
-743.9332,409.3396,5.3523006,5.2825284
-744.4204,410.21286,5.3539004,5.2893257
-744.91223,411.08356,5.3554997,5.2961235
-745.40875,411.95154,5.357099,5.3029213
-745.91016,412.8167,5.3586984,5.3097186
-746.4167,413.67892,5.3591623,5.310188
-746.92847,414.538,5.3593626,5.3091865
-747.44586,415.39374,5.359563,5.3081856
-747.96906,416.2459,5.359763,5.3071847
-748.49835,417.09433,5.3599634,5.3061833
-749.03394,417.93878,5.36,5.305017
-749.5757,418.77927,5.36,5.303814
-750.12335,419.61597,5.36,5.3026104
-750.6765,420.44897,5.36,5.3014073
-751.2351,421.27844,5.36,5.300204
-751.7986,422.1045,5.3606668,5.3170033
-752.3666,422.92752,5.3614697,5.337473
-752.93823,423.748,5.3622723,5.357942
-753.513,424.56628,5.363075,5.378412
-754.0901,425.38293,5.363878,5.398881
-754.66895,426.19833,5.36502,5.4116898
-755.2488,427.01303,5.3662233,5.4231215
-755.8291,427.82742,5.367427,5.434553
-756.4091,428.64197,5.36863,5.445985
-756.9883,429.45718,5.3698335,5.4574165
-757.5659,430.27344,5.3712077,5.46038
-758.14166,431.09106,5.3726096,5.4619827
-758.7151,431.91028,5.3740115,5.463585
-759.2859,432.73132,5.375414,5.465187
-759.8537,433.55444,5.376816,5.4667892
-760.4183,434.37982,5.3782153,5.4685626
-760.9797,435.2073,5.379615,5.470362
-761.5383,436.0367,5.3810143,5.4721613
-762.0945,436.86777,5.382414,5.4739604
-762.64844,437.7003,5.383813,5.47576
-763.2005,438.53406,5.385211,5.4773836
-763.751,439.3689,5.386608,5.478981
-764.3,440.20468,5.3880057,5.480578
-764.8477,441.0413,5.3894033,5.482175
-765.3945,441.87857,5.3908005,5.4837723
-765.94037,442.71637,5.392197,5.485539
-766.4857,443.55457,5.3935933,5.4873347
-767.03064,444.39304,5.39499,5.48913
-767.57544,445.23157,5.396386,5.4909253
-768.12036,446.07004,5.397783,5.4927206
-768.66565,446.90826,5.399348,5.4943476
-769.2114,447.74615,5.4009438,5.4959435
-769.75806,448.58353,5.4025393,5.4975395
-770.30566,449.42023,5.404135,5.4991355
-770.8545,450.25613,5.405731,5.5007315
-771.4048,451.09106,5.407162,5.5023284
-771.9568,451.9249,5.40856,5.5039253
-772.5107,452.75745,5.4099574,5.5055227
-773.0668,453.58856,5.4113545,5.5071197
-773.6251,454.41812,5.412752,5.5087166
-774.1861,455.2459,5.4143157,5.5094934
-774.7499,456.0718,5.415915,5.510093
-775.3167,456.89563,5.417514,5.5106926
-775.8868,457.7172,5.419113,5.5112925
-776.4604,458.53632,5.4207125,5.5118923
-777.03766,459.3528,5.423299,5.504611
-777.61865,460.16672,5.426101,5.4956026
-778.2033,460.97797,5.428904,5.486594
-778.7916,461.7866,5.431707,5.4775853
-779.3834,462.59262,5.4345093,5.468577
-779.97876,463.39606,5.43748,5.459561
-780.5776,464.19693,5.4404855,5.450543
-781.17975,464.99527,5.4434915,5.441525
-781.7852,465.7911,5.4464974,5.4325075
-782.3939,466.58447,5.4495034,5.4234896
-783.0058,467.3754,5.452511,5.414635
-783.6208,468.1639,5.4555182,5.405813
-784.23883,468.95004,5.4585257,5.3969913
-784.8598,469.73383,5.461533,5.388169
-785.48376,470.51526,5.464541,5.379347
-786.11053,471.29443,5.4706073,5.369504
-786.7401,472.07132,5.477225,5.3594775
-787.37244,472.846,5.4838424,5.349451
-788.00745,473.6185,5.49046,5.339424
-788.645,474.38885,5.4970775,5.3293977
-789.28516,475.1571,5.5083537,5.3179913
-789.9278,475.92325,5.5203843,5.306362
-790.5728,476.68735,5.5324144,5.2947326
-791.2202,477.44946,5.544445,5.283103
-791.86993,478.20963,5.5564756,5.271474
-792.5219,478.96783,5.5683274,5.2600226
-793.176,479.72418,5.5801535,5.248597
-793.83234,480.47867,5.5919795,5.237172
-794.49066,481.23135,5.603806,5.225747
-795.151,481.9823,5.615632,5.2143216
-795.81335,482.73148,5.6274533,5.202724
-796.47754,483.479,5.639274,5.1911035
-797.14355,484.22488,5.651095,5.179483
-797.8114,484.96918,5.6629157,5.1678624
-798.48096,485.7119,5.6747365,5.156242
-799.15216,486.45313,5.678325,5.152854
-799.825,487.1929,5.680928,5.1504507
-800.49945,487.9312,5.6835318,5.148048
-801.17535,488.66818,5.686135,5.1456447
-801.8527,489.4038,5.6887383,5.143242
-802.53143,490.13815,5.6879196,5.14408
-803.21155,490.87125,5.686719,5.1452813
-803.89294,491.60312,5.685518,5.146482
-804.57556,492.33386,5.684317,5.147683
-805.25934,493.0635,5.683116,5.148884
-805.9443,493.79208,5.6819158,5.150265
-806.6303,494.51962,5.680715,5.1516657
-807.3174,495.24622,5.679515,5.153066
-808.0054,495.9719,5.6783147,5.1544666
-808.69434,496.6967,5.677114,5.155867
-809.38416,497.42062,5.6759143,5.157086
-810.07477,498.1438,5.674714,5.158286
-810.7662,498.86624,5.673514,5.159486
-811.45825,499.588,5.672314,5.160686
-812.15106,500.30914,5.671114,5.1618857
-812.8444,501.02966,5.6699142,5.1632667
-813.5384,501.74963,5.6687145,5.164666
-814.2329,502.46912,5.667515,5.166066
-814.92786,503.18814,5.666315,5.1674657
-815.62317,503.90677,5.6651154,5.168865
-816.3189,504.62506,5.6639156,5.170084
-817.01495,505.34302,5.662716,5.1712837
-817.7113,506.06073,5.6615167,5.1724834
-818.40784,506.77823,5.660317,5.173683
-819.1045,507.49557,5.659117,5.174883
-819.8013,508.21283,5.6579175,5.176263
-820.4981,508.93002,5.656718,5.177663
-821.195,509.6472,5.655518,5.1790624
-821.8919,510.36435,5.6543183,5.1804624
-822.58875,511.08154,5.6531186,5.181862
-823.2855,511.79877,5.6519184,5.183262
-823.98224,512.5161,5.6507187,5.184662
-824.6789,513.23346,5.6495185,5.186062
-825.3755,513.9509,5.6483183,5.187462
-826.072,514.66833,5.6471186,5.188862
-826.76855,515.38586,5.6459184,5.1900816
-827.4651,516.1034,5.644718,5.191282
-828.1615,516.821,5.643518,5.192482
-828.858,517.5386,5.642318,5.193682
-829.5543,518.2562,5.6411176,5.1948824
-830.2507,518.9739,5.639917,5.1962633
-830.947,519.6915,5.6387167,5.197664
-831.6433,520.4093,5.6375165,5.1990643
-832.3396,521.127,5.636316,5.2004647
-833.0358,521.8448,5.6351156,5.201865
-833.7321,522.56256,5.6340957,5.203085
-834.4283,523.2804,5.6330953,5.2042856
-835.1245,523.99817,5.632095,5.2054863
-835.8207,524.716,5.6310945,5.2066865
-836.51685,525.43384,5.630094,5.207887
-837.213,526.15173,5.628912,5.209269
-837.9092,526.86957,5.6277113,5.21067
-838.60535,527.5874,5.6265106,5.212071
-839.3015,528.3053,5.62531,5.213472
-839.9976,529.0232,5.6241093,5.214873
-840.6938,529.741,5.6229086,5.2160916
-841.38995,530.4589,5.6217074,5.2172923
-842.08606,531.17676,5.620507,5.2184935
-842.7822,531.89465,5.619306,5.219694
-843.4784,532.6125,5.618105,5.220895
-844.17456,533.3303,5.6169043,5.2222786
-844.8708,534.04816,5.615703,5.2236795
-845.56696,534.7659,5.6145024,5.225081
-846.2632,535.48376,5.6133013,5.226482
-846.9595,536.20154,5.6121,5.227883
-847.6557,536.91925,5.6108994,5.2291007
-848.352,537.637,5.6096983,5.230302
-849.04834,538.35474,5.608497,5.2315025
-849.7446,539.0724,5.6072965,5.2327037
-850.44104,539.79004,5.6060953,5.233905
-851.13745,540.5077,5.604894,5.23529
-851.83386,541.2253,5.603693,5.2366915
-852.53033,541.9428,5.602492,5.2380924
-853.2268,542.66034,5.601291,5.239494
-853.9234,543.3778,5.60009,5.2408953
-854.62,544.0953,5.598889,5.242296
-855.3166,544.8127,5.5976877,5.2436976
-856.0133,545.53,5.5964866,5.245099
-856.71,546.2473,5.5952854,5.2465005
-857.4068,546.96454,5.5940843,5.2479014
-858.10364,547.68176,5.592883,5.249117
-858.80054,548.3989,5.591682,5.250318
-859.49744,549.116,5.590481,5.251519
-860.19446,549.83307,5.5892797,5.2527204
-860.89154,550.55005,5.588079,5.253921
-861.5886,551.26697,5.586878,5.2553096
-862.2858,551.9838,5.5856767,5.2567105
-862.9831,552.7006,5.5844755,5.258112
-863.6804,553.41736,5.5832744,5.2595134
-864.3778,554.134,5.582073,5.260915
-865.07526,554.8506,5.580872,5.262128
-865.7728,555.5671,5.579671,5.263329
-866.4704,556.2835,5.57847,5.26453
-867.16815,556.9999,5.577269,5.265731
-867.8659,557.7162,5.576068,5.266932
-868.5638,558.4324,5.574867,5.268322
-869.2617,559.1485,5.5736656,5.2697234
-869.9598,559.8645,5.572465,5.2711244
-870.6579,560.58044,5.571264,5.272526
-871.3561,561.2963,5.5700626,5.2739267
-872.05444,562.0121,5.568862,5.2751384
-872.75287,562.7277,5.567661,5.276339
-873.45135,563.4433,5.56646,5.27754
-874.15,564.15875,5.565259,5.278741
-874.84875,564.8741,5.564058,5.279942
-875.5476,565.5893,5.562857,5.2813334
-876.2466,566.30444,5.5616565,5.2827344
-876.9457,567.0194,5.5604553,5.2841353
-877.6449,567.7343,5.5592546,5.2855363
-878.34424,568.44904,5.5580535,5.286937
-879.0437,569.16364,5.556853,5.288147
-879.74335,569.8782,5.555652,5.289348
-880.4431,570.5925,5.554451,5.290549
-881.14294,571.30676,5.5532503,5.2917495
-881.843,572.0208,5.5520496,5.2929506
-882.5432,572.73474,5.550849,5.294343
-883.2435,573.44855,5.549648,5.295744
-883.944,574.1622,5.548447,5.297145
-884.64465,574.8757,5.5472465,5.298546
-885.3454,575.589,5.546046,5.299947
-886.0464,576.3022,5.544845,5.3013473
-886.7475,577.0152,5.5436444,5.302748
-887.4488,577.728,5.5424438,5.304149
-888.15027,578.44073,5.541243,5.3055496
-888.85187,579.1532,5.5400424,5.3069506
-889.5537,579.86554,5.539035,5.3081584
-890.25574,580.5777,5.5380344,5.309359
-890.9579,581.2897,5.5370336,5.3105593
-891.6603,582.0014,5.536033,5.31176
-892.36285,582.713,5.5350327,5.3129606
-893.0656,583.42444,5.5338387,5.314355
-893.76855,584.1356,5.532638,5.3157554
-894.4717,584.8466,5.5314374,5.3171563
-895.17505,585.55743,5.530237,5.318557
-895.8786,586.268,5.5290365,5.3199573
-896.5824,586.9784,5.52803,5.321358
-897.2864,587.6886,5.5270295,5.3227587
-897.9906,588.39856,5.526029,5.324159
-898.695,589.1083,5.5250287,5.3255596
-899.39966,589.8178,5.5240283,5.32696
-900.10455,590.5271,5.522834,5.3281665
-900.8097,591.2362,5.521633,5.3293667
-901.515,591.945,5.520433,5.330567
-902.2206,592.6536,5.5192323,5.3317676
-902.9264,593.362,5.518032,5.3329678
-903.63245,594.0701,5.516832,5.334363
-904.33875,594.778,5.515631,5.3357635
-905.0453,595.48566,5.514431,5.337164
-905.7521,596.19305,5.513231,5.338564
-906.45917,596.90015,5.5120306,5.3399644
-907.16644,597.60706,5.511025,5.341365
-907.874,598.31366,5.510025,5.342765
-908.58185,599.02,5.5090246,5.3441653
-909.29,599.7261,5.5080247,5.345566
-909.99835,600.4319,5.5070243,5.346966
-910.707,601.13745,5.505829,5.3483663
-911.4159,601.84265,5.5046287,5.3497663
-912.1251,602.54767,5.503429,5.3511662
-912.8346,603.2524,5.5022287,5.3525667
-913.5444,603.9567,5.5010285,5.3539667
-914.2544,604.6609,5.500024,5.3551717
-914.9648,605.3647,5.4990234,5.356372
-915.6754,606.0682,5.4980235,5.3575716
-916.38635,606.7714,5.4970236,5.358772
-917.0976,607.47437,5.496023,5.359972
-917.8091,608.177,5.494828,5.361367
-918.5209,608.8794,5.493628,5.362767
-919.23285,609.58154,5.492428,5.364167
-919.945,610.2835,5.491228,5.365567
-920.6573,610.98535,5.490028,5.366967
-921.3697,611.6871,5.489023,5.3683677
-922.0822,612.38873,5.4880233,5.3697677
-922.79474,613.0904,5.487023,5.3711677
-923.50726,613.792,5.486023,5.372568
-924.2197,614.49365,5.4850225,5.373968
-924.9321,615.1954,5.4838266,5.375173
-925.6445,615.8972,5.482626,5.376374
-926.3566,616.5992,5.481426,5.3775744
-927.0686,617.30133,5.480225,5.378775
-927.7804,618.00366,5.4790244,5.3799753
-928.49194,618.7063,5.4780197,5.3813725
-929.20325,619.4092,5.477019,5.382774
-929.9142,620.1124,5.4760175,5.3841753
-930.62476,620.816,5.4750166,5.3855767
-931.335,621.5199,5.4740157,5.3869777
-932.0448,622.22424,5.47262,5.38838
-932.75415,622.9291,5.4712176,5.3897824
-933.463,623.6344,5.4698153,5.3911843
-934.1713,624.3403,5.4684134,5.3925867
-934.879,625.04675,5.467011,5.393989
-935.5861,625.75385,5.4494953,5.398774
-936.29254,626.4616,5.431853,5.4035854
-936.99835,627.17,5.41421,5.408397
-937.7035,627.879,5.396567,5.413209
-938.40796,628.58875,5.378924,5.41802
-939.11176,629.2991,5.361264,5.4226356
-939.81476,630.0103,5.343604,5.4272513
-940.51666,630.7225,5.325944,5.431867
-941.21747,631.4358,5.3082843,5.4364824
-941.91693,632.15045,5.2914953,5.440688
-942.61475,632.8667,5.3147764,5.4260373
-943.3105,633.58496,5.338058,5.411386
-944.00354,634.30585,5.3613396,5.3967347
-944.69324,635.0299,5.3846207,5.3820834
-945.379,635.7576,5.4078836,5.3675194
-946.06036,636.4896,5.4306955,5.355113
-946.73663,637.22626,5.4535074,5.3427067
-947.40735,637.9679,5.4763193,5.3303
-948.0721,638.7149,5.4991317,5.3178935
-948.7303,639.4677,5.518239,5.307693
-949.3814,640.2267,5.451517,5.3486
-950.0248,640.99225,5.3847957,5.3895063
-950.65967,641.76483,5.3180757,5.430412
-951.2853,642.54486,5.2513604,5.471315
-951.901,643.3328,5.1849113,5.5120506
-952.50555,644.12933,5.1678724,5.521759
-953.09625,644.9362,5.150833,5.5314674
-953.66974,645.7554,5.1337924,5.5411763
-954.2226,646.58856,5.1167536,5.5508847
-954.7513,647.4373,5.099725,5.560587
-955.252,648.30286,5.11494,5.5512805
-955.71954,649.1867,5.131585,5.541131
-956.14825,650.09,5.1482353,5.5309787
-956.53186,651.01337,5.164888,5.5208244
-956.8641,651.9564,5.181803,5.5105076
-957.1392,652.91766,5.20714,5.494979
-957.3542,653.8941,5.2324543,5.4794636
-957.5061,654.8823,5.2577815,5.4639406
-957.59174,655.8784,5.2831445,5.4483953
-957.6076,656.8781,5.2981896,5.4367776
-957.55054,657.8762,5.249443,5.449503
-957.4195,658.8673,5.2007236,5.4622207
-957.21405,659.84576,5.1521425,5.4749026
-956.9347,660.80566,5.1038213,5.4875164
-956.58276,661.74146,5.0560503,5.500106
-956.1589,662.64685,5.0780797,5.5465903
-955.65784,663.5119,5.1001244,5.5931063
-955.0715,664.32135,5.1223745,5.640056
-954.3917,665.05383,5.1449265,5.6876435
-953.61414,665.68097,5.174268,5.7254043
-952.7486,666.17993,5.2516627,5.6870246
-951.82446,666.5606,5.328183,5.6490793
-950.86584,666.8441,5.403707,5.6116276
-949.8879,667.05206,5.478697,5.574441
-948.89954,667.2039,5.5265512,5.5484557
-947.90576,667.31476,5.5156035,5.5467267
-946.90906,667.39484,5.504572,5.544985
-945.91095,667.4551,5.493491,5.5432353
-944.9123,667.5069,5.482391,5.541483
-943.9139,667.56195,5.473,5.538145
-942.9161,667.6285,5.473,5.5260906
-941.91907,667.7056,5.473,5.514059
-940.9228,667.79114,5.473,5.5020437
-939.927,667.8829,5.473,5.490036
-938.93164,667.9788,5.473,5.4780097
-937.9365,668.0773,5.473,5.4657836
-936.94165,668.17834,5.473,5.4535503
-935.94714,668.28235,5.473,5.4413123
-934.95294,668.3897,5.473,5.429072
-933.9591,668.50073,5.4723454,5.4182506
-932.96576,668.6156,5.465484,5.4208736
-931.97284,668.7341,5.4586244,5.4234967
-930.9803,668.8558,5.451765,5.4261193
-929.9881,668.9803,5.444906,5.4287415
-928.9962,669.1073,5.437994,5.431531
-928.00464,669.23645,5.430751,5.4353538
-927.0133,669.3676,5.4235067,5.439177
-926.0222,669.5006,5.416263,5.4430003
-925.0313,669.6354,5.409019,5.4468236
-924.0407,669.77167,5.4017787,5.4506106
-923.05023,669.90936,5.394558,5.4542212
-922.05994,670.0483,5.387337,5.4578314
-921.0698,670.1882,5.3801165,5.461442
-920.0798,670.329,5.3728957,5.465052
-919.08984,670.4704,5.3656783,5.4686975
-918.1,670.61224,5.3584743,5.4725
-917.11017,670.7544,5.35127,5.4763017
-916.12036,670.89667,5.3440666,5.480104
-915.13055,671.0388,5.3368626,5.483906
-914.1407,671.1808,5.329661,5.4877067
-913.15076,671.32227,5.3224673,5.4915032
-912.16077,671.4632,5.315274,5.4953
-911.17065,671.60333,5.3080807,5.4990964
-910.1804,671.7425,5.300887,5.502893
-909.19,671.88055,5.2936945,5.506689
-908.19946,672.01733,5.286505,5.5104833
-907.2086,672.1526,5.2793164,5.5142775
-906.21765,672.2862,5.272127,5.5180717
-905.2264,672.41797,5.2649384,5.521866
-904.23486,672.5477,5.2577143,5.5256605
-903.24304,672.6753,5.2503242,5.529455
-902.2509,672.80054,5.242934,5.53325
-901.2585,672.92316,5.235544,5.537045
-900.26575,673.043,5.228154,5.5408397
-899.27264,673.1599,5.2207966,5.5446353
-898.2791,673.2737,5.2136006,5.548433
-897.2853,673.3842,5.2064047,5.552231
-896.2911,673.4914,5.1992087,5.556029
-895.2965,673.59503,5.192013,5.5598264
-894.3015,673.6951,5.1863947,5.5629015
-893.3062,673.79156,5.1887956,5.562301
-892.31055,673.8844,5.1911964,5.561701
-891.3146,673.97375,5.1935973,5.5611005
-890.3183,674.05963,5.195998,5.5605006
-889.3217,674.1423,5.1989317,5.559667
-888.3249,674.2216,5.2045374,5.5576653
-887.3278,674.2977,5.2101426,5.555663
-886.3305,674.3707,5.2157483,5.5536613
-885.333,674.4406,5.221354,5.551659
-884.33527,674.50745,5.2269597,5.549623
-883.3373,674.57135,5.2325673,5.54742
-882.3392,674.63226,5.2381744,5.545217
-881.3409,674.69037,5.243782,5.543014
-880.34247,674.74567,5.249389,5.5408115
-879.3439,674.7982,5.254997,5.538644
-878.34515,674.8481,5.260605,5.536641
-877.34625,674.8954,5.266213,5.5346384
-876.3473,674.94006,5.271821,5.532635
-875.3482,674.9823,5.277429,5.5306325
-874.349,675.0221,5.2830367,5.52863
-873.34973,675.0595,5.288645,5.526627
-872.3504,675.09467,5.2942524,5.524624
-871.35095,675.12756,5.2998605,5.522621
-870.35144,675.15826,5.305468,5.5206184
-869.35187,675.1868,5.3111143,5.5185776
-868.35223,675.2133,5.316921,5.5163746
-867.35254,675.23785,5.3227286,5.514172
-866.35284,675.26044,5.328536,5.511969
-865.3531,675.2812,5.334343,5.5097666
-864.3533,675.30005,5.338405,5.5091896
-863.35345,675.3172,5.335402,5.515196
-862.3536,675.3327,5.332399,5.5212026
-861.3537,675.3465,5.329396,5.527209
-860.3538,675.3588,5.3263927,5.533215
-859.3539,675.36957,5.322738,5.539872
-858.35394,675.3789,5.316533,5.54908
-857.354,675.38684,5.310328,5.5582876
-856.35406,675.3935,5.3041224,5.5674953
-855.35406,675.39886,5.2979174,5.576703
-854.3541,675.4031,5.2917123,5.585869
-853.3541,675.4061,5.2855086,5.594875
-852.3542,675.40814,5.2793045,5.603881
-851.3542,675.4091,5.2731004,5.6128864
-850.3542,675.4092,5.2668962,5.6218925
-849.35425,675.4083,5.2606926,5.6309404
-848.35425,675.4067,5.2544894,5.640145
-847.35425,675.40424,5.2482862,5.6493497
-846.3543,675.4011,5.242083,5.658554
-845.3543,675.39734,5.23588,5.667759
-844.3544,675.393,5.233689,5.6725245
-843.3544,675.3881,5.2462945,5.660919
-842.35443,675.3828,5.2589,5.6493144
-841.3545,675.37714,5.2715054,5.637709
-840.3545,675.3711,5.284111,5.6261044
-839.35455,675.3648,5.2987,5.6122575
-838.3546,675.35834,5.320509,5.5902476
-837.3546,675.3517,5.3423185,5.5682383
-836.3547,675.345,5.364128,5.5462284
-835.35474,675.3382,5.3859377,5.524219
-834.3548,675.3315,5.407791,5.502209
-833.3548,675.3248,5.4298024,5.4801974
-832.35486,675.31836,5.4518137,5.458186
-831.3549,675.31213,5.4738255,5.436175
-830.3549,675.3062,5.4958367,5.414163
-829.355,675.30066,5.517805,5.392151
-828.35504,675.29553,5.53962,5.3701363
-827.35504,675.29083,5.5614347,5.348121
-826.3551,675.28656,5.5832496,5.326106
-825.3551,675.2827,5.6050644,5.304091
-824.35516,675.2793,5.6268797,5.28212
-823.35516,675.27637,5.648698,5.260302
-822.35516,675.27386,5.670516,5.238484
-821.3552,675.2717,5.692334,5.2166657
-820.3552,675.27,5.7141523,5.1948476
-819.3553,675.2687,5.729039,5.1800523
-818.3553,675.26764,5.720431,5.1890607
-817.3553,675.26697,5.711823,5.198069
-816.35535,675.26666,5.703215,5.2070775
-815.35535,675.2666,5.694607,5.216086
-814.35535,675.26685,5.6833925,5.227747
-813.3554,675.2674,5.6635733,5.248167
-812.3554,675.2682,5.6437535,5.268587
-811.3554,675.2692,5.6239343,5.289007
-810.35547,675.27057,5.6041145,5.3094273
-809.35547,675.27203,5.5842953,5.3298473
-808.3555,675.2738,5.5644755,5.3502674
-807.3555,675.2757,5.544656,5.370688
-806.3555,675.27783,5.5248365,5.391108
-805.3556,675.2801,5.505017,5.411528
-804.3556,675.2825,5.4851975,5.431948
-803.35565,675.28503,5.4653788,5.4523673
-802.35565,675.2877,5.44556,5.4727864
-801.35565,675.29047,5.425741,5.493206
-800.3557,675.29333,5.4059224,5.513625
-799.3557,675.29626,5.3868957,5.5331044
-798.3558,675.29926,5.370281,5.549719
-797.3558,675.3023,5.3536673,5.566333
-796.35583,675.3054,5.337053,5.5829473
-795.35583,675.30853,5.3204384,5.599561
-794.35583,675.31165,5.307296,5.612201
-793.3559,675.31476,5.3044934,5.613002
-792.3559,675.31775,5.3016915,5.6138024
-791.35596,675.3204,5.2988896,5.614603
-790.35596,675.3226,5.2960873,5.6154037
-789.35596,675.32416,5.2932854,5.6162043
-788.356,675.32495,5.290483,5.617005
-787.356,675.3249,5.2876806,5.6178055
-786.3561,675.3238,5.2848787,5.618606
-785.3561,675.3214,5.2820764,5.6194067
-784.3561,675.3177,5.279222,5.6202073
-783.35614,675.31244,5.2762194,5.6210084
-782.3562,675.3055,5.2732162,5.621809
-781.35626,675.2967,5.270213,5.6226096
-780.3563,675.2859,5.2672105,5.6234107
-779.35645,675.27295,5.2642603,5.6242113
-778.35657,675.2577,5.261457,5.6250124
-777.35675,675.24,5.258653,5.6258135
-776.357,675.2197,5.25585,5.626614
-775.35724,675.1966,5.2530465,5.627415
-774.3576,675.1706,5.2527843,5.62627
-773.3581,675.1415,5.2593937,5.6198606
-772.35864,675.1092,5.2660027,5.613452
-771.35925,675.0735,5.272612,5.607043
-770.36005,675.03424,5.279221,5.600634
-769.361,674.9913,5.2875495,5.592894
-768.3621,674.9445,5.3003664,5.5816793
-767.36346,674.89374,5.3131833,5.5704646
-766.365,674.83875,5.326,5.55925
-765.36676,674.7794,5.338817,5.548035
-764.36884,674.71564,5.351689,5.536765
-763.3712,674.64716,5.364699,5.5253563
-762.3739,674.574,5.377709,5.5139475
-761.37695,674.4959,5.3907194,5.5025387
-760.38043,674.41284,5.4037294,5.4911294
-759.38434,674.32477,5.4166784,5.479781
-758.38873,674.2318,5.429476,5.4685836
-757.3935,674.13434,5.442273,5.457386
-756.3987,674.033,5.45507,5.4461884
-755.4042,673.9282,5.4678674,5.4349914
-754.41003,673.8206,5.478888,5.4248257
-753.41614,673.71063,5.485482,5.4172325
-752.4224,673.5987,5.492077,5.409639
-751.4289,673.4852,5.498671,5.4020457
-750.4355,673.3708,5.505265,5.394452
-749.44214,673.25574,5.5092673,5.3882675
-748.44885,673.14056,5.506669,5.385669
-747.45544,673.0258,5.5040708,5.3830705
-746.462,672.9121,5.5014725,5.380472
-745.4683,672.7999,5.498874,5.377874
-744.4744,672.6898,5.496275,5.3753304
-743.4802,672.5823,5.493674,5.3729296
-742.4858,672.4773,5.4910727,5.370528
-741.491,672.37506,5.4884715,5.3681273
-740.49603,672.27563,5.48587,5.365726
-739.50073,672.1791,5.4832683,5.3633246
-738.5051,672.0854,5.4806647,5.360921
-737.50934,671.99426,5.4780607,5.3585176
-736.5133,671.9053,5.475457,5.3561144
-735.51715,671.8181,5.4728537,5.353711
-734.5208,671.73236,5.470192,5.3513074
-733.5244,671.64777,5.467388,5.348904
-732.52795,671.5641,5.464584,5.3465004
-731.53143,671.48096,5.46178,5.344097
-730.5349,671.39825,5.458976,5.341694
-729.5383,671.3156,5.4562316,5.3392315
-728.5418,671.2328,5.45363,5.33663
-727.5453,671.14954,5.451028,5.334028
-726.5488,671.0655,5.4484262,5.331426
-725.5525,670.9804,5.445824,5.328824
-724.5563,670.8939,5.443223,5.326283
-723.5602,670.8058,5.4406233,5.323883
-722.5643,670.7157,5.438024,5.3214836
-721.5686,670.6233,5.4354243,5.3190837
-720.5731,670.5282,5.4328246,5.3166842
-719.57794,670.43024,5.4285555,5.3159537
-718.5831,670.3289,5.4203568,5.3191533
-717.5887,670.224,5.412158,5.322353
-716.59467,670.1152,5.403959,5.3255525
-715.6011,670.002,5.39576,5.328752
-714.6081,669.8842,5.3867865,5.3322496
-713.61566,669.76154,5.3759813,5.3364515
-712.6239,669.6336,5.3651767,5.3406534
-711.6329,669.5002,5.354372,5.3448553
-710.6426,669.361,5.3435674,5.349057
-709.6532,669.2158,5.3310213,5.3538594
-708.66473,669.06464,5.314406,5.3600655
-707.6771,668.9078,5.297791,5.366271
-706.69037,668.74567,5.281176,5.3724766
-705.7044,668.57886,5.264561,5.378682
-704.71924,668.40765,5.2523303,5.383974
-703.7347,668.23254,5.2501287,5.3871765
-702.7508,668.05383,5.2479267,5.3903794
-701.7675,667.87195,5.245725,5.393582
-700.7847,667.6872,5.243523,5.3967843
-699.8024,667.50006,5.24311,5.399555
-698.82056,667.3108,5.246712,5.401356
-697.8389,667.11993,5.250314,5.403157
-696.8576,666.92773,5.2539163,5.4049582
-695.8764,666.73474,5.2575183,5.4067593
-694.8953,666.5413,5.2611203,5.4086227
-693.9143,666.3477,5.2647223,5.4106236
-692.9332,666.15393,5.2683244,5.412625
-691.9522,665.96014,5.2719264,5.4146256
-690.97125,665.7662,5.2755284,5.416627
-689.99023,665.57227,5.279193,5.4185653
-689.0093,665.37823,5.282995,5.4203663
-688.0283,665.1842,5.286797,5.4221673
-687.04736,664.9902,5.2905993,5.4239683
-686.0664,664.796,5.294401,5.425769
-685.08545,664.60187,5.29814,5.4276333
-684.1045,664.40765,5.301742,5.4296346
-683.1236,664.2134,5.305344,5.431636
-682.14264,664.01904,5.308946,5.4336367
-681.16174,663.8247,5.312548,5.435638
-680.18085,663.6303,5.31615,5.4375753
-679.19995,663.43585,5.319752,5.4393764
-678.21906,663.24133,5.3233542,5.4411774
-677.2382,663.0468,5.3269563,5.4429784
-676.2573,662.85223,5.330559,5.4447794
-675.2765,662.65765,5.334225,5.446645
-674.29565,662.463,5.3380275,5.448646
-673.31476,662.2683,5.34183,5.4506474
-672.3339,662.07355,5.3456316,5.452648
-671.35315,661.87885,5.349434,5.4546494
-670.3723,661.684,5.3531713,5.4565854
-669.3915,661.4892,5.3567734,5.4583864
-668.41064,661.2943,5.3603754,5.460188
-667.4299,661.0994,5.3639774,5.461989
-666.4491,660.90454,5.36758,5.46379
-665.46826,660.7096,5.371248,5.4656568
-664.4875,660.5146,5.3750496,5.4676576
-663.5067,660.3196,5.378852,5.469659
-662.52594,660.1246,5.382654,5.47166
-661.54517,659.9295,5.3864565,5.4736614
-660.5644,659.73444,5.3901925,5.4755964
-659.5836,659.5393,5.393795,5.4773974
-658.6029,659.3442,5.397397,5.4791985
-657.62213,659.14905,5.400999,5.4809995
-656.6414,658.9539,5.4046016,5.482801
-655.66064,658.7587,5.4082036,5.4846687
-654.67993,658.5635,5.411806,5.48667
-653.69916,658.3683,5.415408,5.4886713
-652.71844,658.17303,5.41901,5.4906726
-651.73773,657.9778,5.4226127,5.4926734
-650.75696,657.78253,5.4262824,5.4946074
-649.77625,657.5873,5.4300847,5.4964085
-648.79553,657.39197,5.433887,5.4982095
-647.8148,657.19666,5.4376893,5.5000105
-646.8341,657.00134,5.4414916,5.501812
-645.8534,656.806,5.4452257,5.503681
-644.8727,656.6107,5.448828,5.5056825
-643.89197,656.41534,5.4524302,5.5076838
-642.91125,656.22003,5.4560328,5.5096846
-641.93054,656.02466,5.459635,5.511686
-640.9498,655.82935,5.4632373,5.5136185
-639.9691,655.634,5.4668393,5.5154195
-638.9884,655.4386,5.470442,5.517221
-638.0077,655.2433,5.474044,5.519022
-637.027,655.0479,5.477646,5.520823
-636.04626,654.85254,5.4813175,5.5226936
-635.06555,654.6572,5.4851203,5.524695
-634.08484,654.46185,5.4889226,5.526696
-633.1041,654.26654,5.492725,5.5286975
-632.1234,654.07117,5.496527,5.5306983
-631.1427,653.87585,5.5002594,5.5326996
-630.162,653.68054,5.503862,5.534701
-629.1813,653.48517,5.507464,5.536702
-628.20056,653.2899,5.5110664,5.5387034
-627.2198,653.0946,5.5146685,5.5407047
-626.2391,652.8993,5.518271,5.5426354
-625.25836,652.70404,5.521873,5.5444365
-624.27765,652.5088,5.5254755,5.5462375
-623.2969,652.31354,5.5290775,5.548039
-622.31616,652.1183,5.53268,5.54984
-621.33545,651.9231,5.536353,5.551712
-620.3547,651.72784,5.540156,5.5537133
-619.37396,651.5327,5.543958,5.5557146
-618.3932,651.3375,5.5477605,5.557716
-617.4124,651.1424,5.551563,5.559717
-616.4317,650.94727,5.555293,5.5616465
-615.4509,650.75214,5.5588956,5.563448
-614.47015,650.55707,5.5624976,5.565249
-613.4894,650.36206,5.5661,5.56705
-612.5086,650.167,5.569702,5.568851
-611.52783,649.97205,5.573304,5.5707245
-610.54706,649.77704,5.5769067,5.572726
-609.5662,649.5821,5.5805087,5.574727
-608.58545,649.3872,5.584111,5.5767283
-607.6047,649.1923,5.5877132,5.5787296
-606.62384,648.99744,5.5913887,5.5806575
-605.643,648.8026,5.595191,5.582459
-604.6622,648.60785,5.5989933,5.58426
-603.6814,648.4131,5.6027956,5.586061
-602.70056,648.2184,5.606598,5.587862
-601.71967,648.0237,5.6103263,5.589737
-600.73883,647.82904,5.6139283,5.591738
-599.758,647.63446,5.617531,5.593739
-598.7771,647.4399,5.621133,5.5957403
-597.7962,647.24536,5.624735,5.5977416
-596.81537,647.0509,5.628337,5.5996685
-595.8345,646.85645,5.6319394,5.6014695
-594.8536,646.66205,5.6355414,5.6032705
-593.8726,646.4677,5.6391435,5.6050715
-592.8917,646.2734,5.6427455,5.606873
-591.9108,646.0791,5.6464224,5.608749
-590.9299,645.8849,5.6502247,5.6107497
-589.9489,645.69073,5.654027,5.612751
-588.96796,645.49664,5.6578293,5.6147523
-587.987,645.30255,5.6616316,5.6167536
-587.00604,645.1085,5.665358,5.618679
-586.025,644.9146,5.66896,5.62048
-585.044,644.7207,5.672562,5.622281
-584.06305,644.52686,5.676164,5.624082
-583.08203,644.333,5.6797667,5.625883
-582.10095,644.1393,5.6833687,5.6277604
-581.11993,643.9456,5.6869707,5.629761
-580.13885,643.75195,5.6905723,5.6317625
-579.15784,643.5584,5.6941743,5.633764
-578.17676,643.3649,5.6977763,5.6357646
-577.1957,643.17145,5.701455,5.637689
-576.21454,642.9781,5.705257,5.63949
-575.23346,642.7848,5.7090592,5.641291
-574.2523,642.5915,5.7128615,5.643092
-573.2712,642.3983,5.7166634,5.644893
-572.29004,642.2052,5.7203884,5.646231
-571.30884,642.01215,5.7239904,5.6468315
-570.32764,641.81915,5.727592,5.647432
-569.3465,641.6263,5.731194,5.648032
-568.3653,641.4334,5.734796,5.6486325
-567.38403,641.24066,5.738553,5.648534
-566.40283,641.048,5.742555,5.6473336
-565.4216,640.85535,5.746557,5.646133
-564.4403,640.6628,5.7505593,5.6449323
-563.459,640.4703,5.7545614,5.6437316
-562.4777,640.2779,5.7585635,5.642531
-561.4964,640.0856,5.7625656,5.6413302
-560.5151,639.8934,5.766567,5.6401296
-559.53375,639.7012,5.7705693,5.6389294
-558.55237,639.5091,5.7745714,5.6377287
-557.57104,639.3171,5.778495,5.636528
-556.58966,639.1251,5.7822967,5.6353273
-555.6082,638.9333,5.7860985,5.6341267
-554.62683,638.74146,5.7899003,5.6329265
-553.6454,638.54974,5.793702,5.631726
-552.66394,638.3581,5.797583,5.630525
-551.6825,638.16644,5.8015847,5.6293244
-550.70105,637.9749,5.805587,5.6281238
-549.71954,637.78345,5.809589,5.6269236
-548.7381,637.59204,5.8135905,5.625723
-547.7566,637.4007,5.817513,5.624522
-546.7751,637.20935,5.821315,5.6233215
-545.7936,637.0181,5.8251166,5.6221213
-544.812,636.8269,5.828918,5.6209207
-543.8305,636.63574,5.83272,5.61972
-542.84894,636.44464,5.8366017,5.6185193
-541.8674,636.2536,5.840604,5.617319
-540.8858,636.0626,5.8446054,5.6161184
-539.90424,635.87164,5.8486075,5.6149178
-538.92267,635.6807,5.852609,5.613717
-537.94104,635.48987,5.8566113,5.6125164
-536.9595,635.299,5.8606133,5.611316
-535.97784,635.1082,5.864615,5.6101155
-534.9963,634.9175,5.868617,5.608915
-534.01465,634.72675,5.8726187,5.607714
-533.033,634.5361,5.8765397,5.606514
-532.0514,634.3454,5.8803415,5.6053133
-531.0697,634.1548,5.8841434,5.6041126
-530.0881,633.9642,5.887945,5.602912
-529.10645,633.77356,5.891747,5.6017113
-528.12476,633.583,5.8956304,5.600511
-527.1431,633.3925,5.8996325,5.5993104
-526.16144,633.20197,5.9036345,5.5981097
-525.1798,633.0115,5.907636,5.596909
-524.1981,632.82104,5.9116383,5.5957084
-523.21643,632.63055,5.9155583,5.5945077
-522.23474,632.4401,5.91936,5.5933075
-521.2531,632.2497,5.9231625,5.592107
-520.2714,632.05927,5.9269643,5.590906
-519.28973,631.8689,5.930766,5.5897055
-518.30804,631.67847,5.934651,5.588505
-517.32635,631.4881,5.938653,5.587304
-516.34467,631.2977,5.942655,5.5861034
-515.363,631.10736,5.946657,5.584903
-514.3813,630.91693,5.9506593,5.583702
-513.3996,630.72656,5.9545784,5.5825014
-512.4179,630.5362,5.9583807,5.5813007
-511.43622,630.3458,5.962183,5.5801
-510.45453,630.1554,5.9659853,5.5788994
-509.47284,629.965,5.969787,5.5776987
-508.49118,629.7746,5.9736733,5.576498
-507.5095,629.5842,5.9776754,5.5752974
-506.5278,629.3938,5.981678,5.5740967
-505.54614,629.20337,5.9856806,5.572896
-504.56445,629.0129,5.9896827,5.5716953
-503.5828,628.8224,5.9936852,5.570494
-502.6011,628.63196,5.997688,5.5692935
-501.61945,628.4414,6.0016904,5.568093
-500.6378,628.2509,6.005693,5.566892
-499.65613,628.06036,6.0096955,5.5656915
-498.6745,627.86975,6.013613,5.5644903
-497.69284,627.67914,6.017416,5.5632896
-496.7112,627.4885,6.021219,5.562089
-495.72958,627.29785,6.025021,5.560888
-494.74796,627.1072,6.028824,5.559687
-493.76633,626.91644,6.032712,5.5584865
-492.7847,626.7257,6.036715,5.5572853
-491.8031,626.535,6.040718,5.5560846
-490.82147,626.34424,6.044721,5.5548835
-489.83984,626.15356,6.048724,5.553683
-488.8582,625.963,6.0526404,5.552482
-487.87653,625.77246,6.0564437,5.551281
-486.89484,625.5821,6.0602465,5.55008
-485.91315,625.3918,6.0640497,5.548879
-484.9314,625.20166,6.0678525,5.547678
-483.94962,625.0117,6.071743,5.5464773
-482.96783,624.8219,6.075746,5.545276
-481.98596,624.6324,6.0797496,5.544075
-481.0041,624.44305,6.0837526,5.5428743
-480.02216,624.25397,6.087756,5.541673
-479.04016,624.0651,6.0916715,5.540472
-478.0581,623.87665,6.095475,5.539271
-477.076,623.6884,6.0992785,5.53807
-476.09384,623.50055,6.1030817,5.536869
-475.1116,623.31305,6.106885,5.535668
-474.12927,623.1259,6.1107774,5.5344667
-473.14688,622.93915,6.114781,5.5332656
-472.16443,622.7528,6.1187844,5.5320644
-471.1819,622.5669,6.1227884,5.5308633
-470.19925,622.3815,6.126792,5.5296626
-469.21652,622.19653,6.130796,5.5284615
-468.2337,622.0121,6.1347995,5.5272603
-467.2508,621.8281,6.1388035,5.526059
-466.26776,621.6447,6.142807,5.524858
-465.28464,621.4619,6.146811,5.523657
-464.30142,621.2796,6.150724,5.5224557
-463.31808,621.09796,6.1545277,5.5212545
-462.33463,620.91693,6.1583314,5.5200534
-461.35104,620.7366,6.162135,5.518852
-460.36737,620.5568,6.165939,5.5176506
-459.38354,620.3778,6.1698346,5.5164495
-458.3996,620.19946,6.1738386,5.5152483
-457.41553,620.02185,6.177842,5.514047
-456.4313,619.845,6.181846,5.512846
-455.44696,619.6689,6.18585,5.511645
-454.46246,619.4936,6.189761,5.5104437
-453.4778,619.3191,6.193565,5.5092425
-452.49304,619.14545,6.1973686,5.5080414
-451.50812,618.9726,6.2011724,5.50684
-450.523,618.80066,6.204976,5.505639
-449.53778,618.62964,6.2088733,5.504438
-448.55237,618.4595,6.212877,5.503237
-447.56683,618.2903,6.216881,5.5020356
-446.58112,618.122,6.2208843,5.5008345
-445.5952,617.9548,6.224888,5.499634
-444.60916,617.7885,6.219812,5.502689
-443.62292,617.6232,6.204599,5.510495
-442.63654,617.459,6.1893864,5.518302
-441.64996,617.29584,6.1741734,5.5261083
-440.6632,617.1338,6.158961,5.533915
-439.67627,616.9728,6.1409817,5.543057
-438.68915,616.8129,6.1199665,5.553664
-437.70184,616.6542,6.0989513,5.564272
-436.71436,616.49664,6.0779366,5.5748796
-435.72668,616.3403,6.0569215,5.5854874
-434.7388,616.1851,6.035908,5.596094
-433.75076,616.0311,6.0148964,5.6067
-432.7625,615.8784,5.993885,5.6173058
-431.77405,615.727,5.9728737,5.6279116
-430.78543,615.57684,5.9518623,5.638517
-429.79657,615.42804,5.9309497,5.6491218
-428.80753,615.2805,5.910143,5.659725
-427.8183,615.13434,5.889336,5.6703286
-426.82886,614.9895,5.8685293,5.680932
-425.83923,614.846,5.8477225,5.6915355
-424.84943,614.7038,5.8268204,5.702138
-423.85944,614.5629,5.805817,5.71274
-422.86923,614.4234,5.784814,5.7233415
-421.87885,614.28516,5.7638106,5.7339435
-420.88828,614.1483,5.742807,5.744545
-419.89752,614.01276,5.7219014,5.7551465
-418.90662,613.8785,5.7011,5.765747
-417.9155,613.74554,5.680298,5.776348
-416.92422,613.61395,5.6594963,5.786949
-415.93277,613.4837,5.6386943,5.79755
-414.94113,613.35474,5.617795,5.8081512
-413.94934,613.2271,5.5967927,5.8187523
-412.95737,613.10077,5.5757904,5.8293533
-411.96524,612.97577,5.5547886,5.8399544
-410.97293,612.85205,5.5337863,5.8505554
-409.98047,612.7297,5.51288,5.8611574
-408.98785,612.60864,5.4920754,5.8717594
-407.9951,612.4889,5.471271,5.882362
-407.00214,612.3705,5.450466,5.8929644
-406.00903,612.25336,5.4296618,5.9035664
-405.01578,612.1375,5.431681,5.904025
-404.0224,612.023,5.457692,5.893821
-403.02884,611.90985,5.483703,5.8836164
-402.03513,611.798,5.509714,5.873412
-401.0413,611.6874,5.535725,5.863208
-400.0473,611.5781,5.5764403,5.846632
-399.05316,611.4702,5.632481,5.823415
-398.0589,611.3635,5.6885214,5.800198
-397.06448,611.25824,5.744562,5.7769814
-396.06992,611.1542,5.800603,5.7537646
-395.07523,611.05145,5.856653,5.7305436
-394.0804,610.9501,5.912714,5.707319
-393.08545,610.8499,5.9687743,5.6840935
-392.09036,610.7511,6.0248346,5.6608686
-391.09515,610.65356,6.0808954,5.6376433
-390.09982,610.55725,6.136964,5.614415
-389.10437,610.4623,6.19304,5.591183
-388.1088,610.3685,6.2491164,5.5679517
-387.11313,610.276,6.305193,5.54472
-386.1173,610.1848,6.361269,5.5214887
-385.1214,610.0948,6.3732047,5.5077724
-384.12537,610.00604,6.341956,5.5033655
-383.1292,609.9185,6.310708,5.4989586
-382.13297,609.8322,6.2794595,5.494552
-381.13663,609.7471,6.2482114,5.490145
-380.14017,609.6632,6.215831,5.486047
-379.14362,609.5805,6.182376,5.48224
-378.14697,609.499,6.148921,5.478434
-377.1502,609.41876,6.115466,5.474628
-376.15338,609.3396,6.082011,5.470822
-375.15643,609.2617,6.048452,5.4671197
-374.1594,609.18494,6.0147967,5.463514
-373.1623,609.1093,5.981141,5.459908
-372.1651,609.03485,5.947486,5.456302
-371.1678,608.96155,5.9138308,5.4526963
-370.17044,608.8894,5.880283,5.448984
-369.17297,608.81836,5.846831,5.4451785
-368.17545,608.7485,5.813379,5.4413724
-367.17783,608.6797,5.779927,5.4375663
-366.18015,608.612,5.7464747,5.4337606
-365.1824,608.5454,5.725941,5.431139
-364.18457,608.48,5.7165284,5.429537
-363.18665,608.4156,5.707115,5.4279346
-362.1887,608.3523,5.697702,5.4263325
-361.19064,608.2901,5.6882887,5.42473
-360.19254,608.22894,5.682147,5.423346
-359.19437,608.1688,5.678743,5.4221444
-358.19614,608.1097,5.675339,5.4209433
-357.19785,608.0516,5.671935,5.4197416
-356.1995,607.99445,5.668531,5.4185405
-355.2011,607.9383,5.6652374,5.4174495
-354.20264,607.88306,5.6620345,5.416448
-353.20416,607.82874,5.6588316,5.415447
-352.2056,607.77527,5.6556287,5.4144464
-351.207,607.72266,5.6524253,5.4134455
-350.20837,607.67096,5.6491117,5.4124446
-349.2097,607.62,5.6457095,5.4114437
-348.21097,607.5699,5.642307,5.4104433
-347.21222,607.52057,5.638904,5.4094424
-346.2134,607.472,5.635502,5.4084415
-345.21457,607.4242,5.6320996,5.407441
-344.2157,607.3771,5.628698,5.4064407
-343.2168,607.3307,5.6252956,5.40544
-342.21786,607.2849,5.621894,5.4044394
-341.2189,607.23987,5.618492,5.403439
-340.2199,607.1954,5.6150904,5.4024386
-339.22092,607.15155,5.611689,5.401438
-338.22186,607.1083,5.608288,5.400438
-337.2228,607.0656,5.6048865,5.3994374
-336.2237,607.0235,5.6014853,5.398437
-335.22458,606.9819,5.598197,5.397324
-334.22546,606.9408,5.5949965,5.3961234
-333.22632,606.9002,5.5917954,5.394923
-332.22714,606.86005,5.5885944,5.393723
-331.22794,606.8204,5.585394,5.392523
-330.22873,606.78107,5.5820804,5.3914356
-329.22952,606.7422,5.57868,5.390435
-328.2303,606.7037,5.575279,5.3894353
-327.23102,606.6655,5.571879,5.388435
-326.23178,606.62775,5.568478,5.387435
-325.23248,606.5903,5.565078,5.3864346
-324.23322,606.55304,5.5616775,5.3854346
-323.23392,606.5161,5.558277,5.3844347
-322.2346,606.47943,5.5548773,5.3834343
-321.2353,606.443,5.551477,5.3824344
-320.23596,606.4068,5.5481896,5.3814344
-319.23663,606.3707,5.5449896,5.380434
-318.2373,606.33484,5.541789,5.379434
-317.23798,606.29913,5.538589,5.378434
-316.23862,606.26355,5.535389,5.3774343
-315.2393,606.228,5.5320754,5.376321
-314.23993,606.1926,5.528675,5.3751206
-313.24057,606.1573,5.5252748,5.3739204
-312.2412,606.12195,5.5218744,5.3727202
-311.24185,606.0867,5.5184746,5.3715205
-310.2425,606.0514,5.515074,5.3704333
-309.24316,606.01605,5.5116735,5.3694334
-308.2438,605.9807,5.508273,5.3684335
-307.24445,605.94525,5.5048723,5.367433
-306.2451,605.9098,5.501472,5.366433
-305.24576,605.87415,5.498071,5.3654327
-304.24643,605.8384,5.4946704,5.3644323
-303.24707,605.8025,5.4912696,5.3634324
-302.24774,605.7664,5.487869,5.362432
-301.24844,605.73016,5.484468,5.3614316
-300.2491,605.6937,5.4811807,5.3604317
-299.24982,605.65704,5.4779797,5.3594313
-298.25052,605.62006,5.474778,5.358431
-297.25125,605.5828,5.471577,5.3574305
-296.25195,605.5453,5.4683757,5.35643
-295.25272,605.50745,5.46506,5.355315
-294.25345,605.46924,5.461658,5.3541145
-293.2542,605.43066,5.4582562,5.352914
-292.255,605.3918,5.4548545,5.351713
-291.2558,605.35254,5.4514523,5.3505125
-290.2566,605.3129,5.44805,5.3494263
-289.25742,605.27295,5.444648,5.348426
-288.25824,605.23267,5.441245,5.347425
-287.2591,605.1921,5.4378424,5.346424
-286.25995,605.1511,5.43444,5.3454237
-285.26083,605.10986,5.431153,5.344423
-284.26172,605.0683,5.42795,5.343422
-283.2626,605.0264,5.424747,5.342421
-282.26352,604.9843,5.4215446,5.34142
-281.26447,604.94183,5.4183416,5.3404193
-280.26538,604.8991,5.4150224,5.3394184
-279.26633,604.8561,5.411619,5.3384175
-278.2673,604.8128,5.408216,5.3374166
-277.26828,604.7692,5.404813,5.3364153
-276.26926,604.7254,5.4014096,5.3354144
-275.27023,604.68134,5.398006,5.334296
-274.27124,604.637,5.394603,5.333095
-273.27225,604.59247,5.391199,5.331894
-272.2733,604.54767,5.387796,5.330693
-271.27432,604.5026,5.3843923,5.3294916
-270.27536,604.4574,5.3811073,5.3284087
-269.27643,604.4119,5.377904,5.3274074
-268.2775,604.3663,5.3747005,5.3264065
-267.27856,604.3204,5.371497,5.3254056
-266.27966,604.2743,5.3682942,5.3244042
-265.28073,604.228,5.3649716,5.3234034
-264.28183,604.1816,5.361568,5.3224025
-263.28296,604.1349,5.358165,5.3214016
-262.2841,604.0881,5.3547616,5.3204
-261.2852,604.04114,5.351358,5.3193994
-260.28635,603.99396,5.348917,5.3183985
-259.28748,603.94666,5.3471155,5.3173976
-258.28864,603.89923,5.345314,5.3163967
-257.28976,603.8517,5.343512,5.315396
-256.29092,603.80396,5.3417106,5.314395
-255.2921,603.7561,5.34294,5.313515
-254.29327,603.7081,5.3461423,5.3127146
-253.29446,603.66003,5.349345,5.311914
-252.29564,603.6118,5.3525476,5.311113
-251.29683,603.5635,5.3557506,5.3103123
-250.29802,603.5151,5.358953,5.3095117
-249.29922,603.46655,5.362155,5.308711
-248.30043,603.41797,5.3653574,5.307911
-247.30164,603.3693,5.3685594,5.3071103
-246.30284,603.32056,5.371762,5.3063097
-245.30406,603.2718,5.3749638,5.305509
-244.30528,603.2229,5.3781652,5.3047085
-243.3065,603.17395,5.381367,5.3039083
-242.30772,603.125,5.3845687,5.3031077
-241.30894,603.076,5.38777,5.3023076
-240.31017,603.0269,5.3909717,5.301507
-239.3114,602.97784,5.3941727,5.300707
-238.31262,602.9287,5.3973737,5.2999067
-237.31386,602.8796,5.4005747,5.299106
-236.31508,602.83044,5.4037757,5.298306
-235.31631,602.7813,5.406976,5.297506
-234.31755,602.7321,5.4101763,5.2967057
-233.31877,602.683,5.413377,5.2959056
-232.32,602.63385,5.416577,5.295106
-231.32123,602.5848,5.4197774,5.294306
-230.32246,602.53564,5.4231005,5.2935057
-229.32368,602.48663,5.4265,5.292706
-228.3249,602.43756,5.4298987,5.2919064
-227.32613,602.3886,5.433298,5.291106
-226.32735,602.3397,5.4366975,5.2903066
-225.32857,602.29083,5.439973,5.289507
-224.32977,602.24207,5.4431715,5.2887073
-223.33098,602.1934,5.44637,5.2879076
-222.33218,602.14496,5.4495687,5.287108
-221.33337,602.09674,5.452767,5.2863083
-220.33453,602.04877,5.4559655,5.2855086
-219.3357,602.0011,5.459164,5.284709
-218.33684,601.9538,5.4623623,5.2839093
-217.33797,601.90686,5.465561,5.2831097
-216.33907,601.86035,5.4687595,5.28231
-215.34015,601.8144,5.471958,5.2815104
-214.3412,601.76886,5.4751577,5.2807107
-213.34224,601.72394,5.478357,5.279911
-212.34325,601.6796,5.481556,5.279111
-211.34422,601.636,5.4847555,5.2783113
-210.34517,601.593,5.4879556,5.277511
-209.34608,601.5507,5.4911566,5.276711
-208.34695,601.5093,5.4943576,5.275911
-207.34781,601.4686,5.4975586,5.2751102
-206.34862,601.4289,5.500759,5.27431
-205.3494,601.39,5.5039616,5.2735095
-204.35013,601.3522,5.507165,5.272709
-203.35085,601.3153,5.510369,5.271908
-202.3515,601.2794,5.513572,5.271107
-201.35213,601.24457,5.5167756,5.270306
-200.35272,601.21075,5.519981,5.2695045
-199.35329,601.1781,5.5231876,5.268703
-198.35379,601.1467,5.5263944,5.2679014
-197.35426,601.1167,5.529601,5.2671
-196.35469,601.0882,5.532808,5.2662983
-195.35509,601.0613,5.528958,5.2649918
-194.35542,601.0359,5.520931,5.2633862
-193.35574,601.0117,5.512904,5.2617807
-192.35603,600.9885,5.5048776,5.2601757
-191.35631,600.966,5.4968505,5.25857
-190.35657,600.94385,5.4822083,5.256445
-189.35686,600.92096,5.4639225,5.2540336
-188.3572,600.8957,5.4456367,5.2516227
-187.35765,600.86646,5.427351,5.2492113
-186.35828,600.8316,5.4090652,5.2468
-185.35919,600.7896,5.3800287,5.2594337
-184.3605,600.73883,5.345656,5.279535
-183.3624,600.67786,5.3112826,5.299636
-182.36505,600.6053,5.276909,5.3197374
-181.36876,600.51965,5.2425365,5.339838
-180.37381,600.4195,5.1837244,5.3942757
-179.38058,600.3036,5.11411,5.46389
-178.38951,600.17053,5.0444956,5.5335045
-177.40108,600.01917,4.9748797,5.6031203
-176.41585,599.84814,4.905267,5.6727333
-175.43446,599.6563,4.9062986,5.66537
-174.45761,599.44257,4.9384046,5.6241474
-173.48607,599.2059,4.97051,5.5829253
-172.52069,598.94525,5.002616,5.541703
-171.56238,598.65967,5.03472,5.500483
-170.6122,598.34814,5.07508,5.4538183
-169.67131,598.0096,5.1199107,5.404206
-168.74112,597.6427,5.1647415,5.354593
-167.82317,597.24615,5.209572,5.3049803
-166.91913,596.81885,5.2543936,5.255378
-166.03082,596.35974,5.2694783,5.252596
-165.16031,595.8678,5.2670617,5.2773695
-164.30983,595.3419,5.264644,5.302146
-163.4819,594.78125,5.2622266,5.3269296
-162.67928,594.18494,5.259808,5.3517184
-161.9048,593.55255,5.2343364,5.37394
-161.16034,592.885,5.1973095,5.394869
-160.44704,592.18427,5.160293,5.415791
-159.76595,591.4522,5.1232834,5.4367094
-159.11807,590.6906,5.0862737,5.457628
-158.50444,589.9011,5.060791,5.4648356
-157.92596,589.0856,5.0403557,5.4660378
-157.38345,588.2456,5.0199194,5.46724
-156.8777,587.38306,4.9994836,5.468442
-156.40944,586.4996,4.979049,5.469644
-155.97945,585.59686,4.976402,5.482048
-155.58891,584.6764,4.981234,5.4991627
-155.23935,583.73956,4.986067,5.5162787
-154.93227,582.78796,4.9909,5.533396
-154.66924,581.8233,4.995733,5.550511
-154.45177,580.84735,5.0096197,5.539225
-154.28078,579.8622,5.0267243,5.5178447
-154.15692,578.87,5.04383,5.496463
-154.08092,577.873,5.0609407,5.4750743
-154.05353,576.8735,5.07806,5.453675
-154.07515,575.87384,5.1049128,5.4127836
-154.14336,574.8763,5.1337795,5.3678575
-154.25455,573.88257,5.162634,5.32295
-154.4051,572.89404,5.1914783,5.2780585
-154.59154,571.9116,5.220326,5.2331614
-154.81052,570.936,5.250434,5.231346
-155.05927,569.96747,5.2806835,5.2339334
-155.33508,569.0063,5.3109374,5.236521
-155.63531,568.0525,5.3411922,5.2391086
-155.95734,567.10583,5.371449,5.2416964
-156.29869,566.1659,5.3626766,5.260051
-156.65726,565.2324,5.348714,5.2805037
-157.03108,564.305,5.3347507,5.3009567
-157.41824,563.383,5.320789,5.321408
-157.81685,562.4659,5.306827,5.341859
-158.22519,561.5531,5.273834,5.370006
-158.64261,560.6444,5.2360063,5.4001102
-159.06897,559.73987,5.198176,5.4302163
-159.50415,558.8396,5.160344,5.460323
-159.94797,557.9435,5.1225123,5.49043
-160.40031,557.0517,5.1233125,5.495011
-160.86095,556.1641,5.137089,5.491018
-161.3296,555.28076,5.1508646,5.487025
-161.80605,554.4016,5.1646404,5.4830317
-162.29002,553.52655,5.1784163,5.4790387
-162.78128,552.6555,5.197138,5.476516
-163.2796,551.7886,5.2175994,5.4745097
-163.78471,550.92554,5.238061,5.4725037
-164.2964,550.0664,5.2585225,5.4704976
-164.81442,549.21106,5.278984,5.4684916
-165.33855,548.35944,5.2864285,5.4849977
-165.86853,547.5115,5.289645,5.507516
-166.40413,546.66705,5.292862,5.5300336
-166.9451,545.826,5.2960787,5.5525513
-167.4912,544.98834,5.2992954,5.575069
-168.04218,544.1538,5.315394,5.5660195
-168.59781,543.32245,5.3351045,5.5481195
-169.15787,542.494,5.3548145,5.5302196
-169.72212,541.66846,5.374525,5.512319
-170.29033,540.8456,5.394235,5.494419
-170.86227,540.0253,5.4179945,5.4659657
-171.43771,539.2075,5.44271,5.4350214
-172.01639,538.39197,5.4674253,5.404077
-172.59808,537.5786,5.492141,5.3731327
-173.18256,536.7672,5.516856,5.3421884
-173.76955,535.95764,5.5220017,5.333494
-174.3589,535.1498,5.5232053,5.329282
-174.95045,534.34357,5.524409,5.32507
-175.54404,533.5388,5.525612,5.3208575
-176.1395,532.7355,5.5268154,5.3166456
-176.7367,531.93335,5.515474,5.3270173
-177.33565,531.1326,5.501862,5.3400292
-177.93643,530.33325,5.48825,5.3530407
-178.53912,529.5353,5.4746375,5.3660526
-179.1438,528.73883,5.461025,5.379064
-179.75052,527.944,5.450492,5.39138
-180.35933,527.1507,5.440497,5.403574
-180.9703,526.3591,5.430502,5.4157677
-181.58345,525.5691,5.4205065,5.427962
-182.19884,524.7809,5.4105115,5.440156
-182.81648,523.99445,5.4069657,5.4513245
-183.43643,523.2099,5.4045687,5.462311
-184.05876,522.4271,5.4021716,5.4732966
-184.6835,521.64636,5.3997746,5.484283
-185.3107,520.8675,5.3973775,5.495269
-185.94041,520.0907,5.395149,5.506253
-186.5727,519.316,5.392953,5.517236
-187.20757,518.5434,5.390756,5.52822
-187.8451,517.773,5.3885593,5.5392036
-188.48532,517.0048,5.3863626,5.550187
-189.12828,516.23895,5.382998,5.5545015
-189.77402,515.47546,5.3794026,5.557498
-190.4226,514.71436,5.3758073,5.560494
-191.07405,513.9557,5.372212,5.56349
-191.72844,513.1995,5.3686166,5.5664864
-192.38577,512.446,5.3645225,5.5668344
-193.04611,511.69504,5.3603253,5.5666347
-193.70952,510.9468,5.356128,5.566435
-194.376,510.20132,5.351931,5.5662346
-195.04564,509.45865,5.347734,5.566035
-195.71844,508.71887,5.343534,5.565835
-196.39447,507.98203,5.3393335,5.5656347
-197.07376,507.2482,5.335133,5.565435
-197.75636,506.51743,5.330932,5.5652347
-198.44229,505.7898,5.3267317,5.565035
-199.1316,505.06537,5.327323,5.5620236
-199.82434,504.3442,5.3289247,5.5584197
-200.52054,503.62637,5.3305264,5.5548153
-201.22023,502.91196,5.332128,5.5512114
-201.92345,502.20102,5.33373,5.5476074
-202.63023,501.49362,5.3406663,5.5411673
-203.34064,500.78986,5.3486834,5.534152
-204.05467,500.08978,5.3567004,5.5271373
-204.77237,499.39346,5.3647175,5.520122
-205.49379,498.701,5.3727345,5.5131073
-206.21893,498.01245,5.368932,5.519264
-206.94785,497.32788,5.3629136,5.52789
-207.68056,496.64737,5.3568954,5.536516
-208.4171,495.971,5.350878,5.545142
-209.15749,495.29886,5.3448596,5.553768
-209.90176,494.631,5.331956,5.5706573
-210.64995,493.96756,5.317905,5.5889235
-211.40205,493.30856,5.3038545,5.607189
-212.15813,492.6541,5.289804,5.625455
-212.91817,492.00427,5.275753,5.643721
-213.68222,491.35913,5.2659173,5.6567183
-214.45027,490.7188,5.2566824,5.668965
-215.22237,490.08334,5.2474475,5.681211
-215.9985,489.4528,5.2382126,5.693457
-216.77869,488.8273,5.2289777,5.7057033
-217.56294,488.2069,5.238586,5.694261
-218.35129,487.5917,5.250426,5.680013
-219.14374,486.9818,5.262265,5.665766
-219.94032,486.37732,5.2741046,5.651518
-220.74104,485.77832,5.2859445,5.6372705
-221.54593,485.1849,5.2979536,5.6230383
-222.3549,484.5971,5.3099794,5.6088076
-223.16791,484.0149,5.3220057,5.594577
-223.98488,483.43826,5.3340316,5.580346
-224.80574,482.8672,5.3460574,5.5661154
-225.63043,482.30164,5.357881,5.552459
-226.45885,481.74155,5.3696876,5.5388513
-227.29086,481.18686,5.381494,5.525244
-228.12642,480.63748,5.3933005,5.5116367
-228.96538,480.09332,5.405107,5.498029
-229.80765,479.55432,5.4146805,5.4907207
-230.65315,479.0204,5.424071,5.4839277
-231.5018,478.4915,5.433461,5.477134
-232.3535,477.9675,5.4428515,5.470341
-233.20818,477.4484,5.4522424,5.463548
-234.06575,476.93405,5.461438,5.4565797
-234.92613,476.42447,5.4706173,5.4495955
-235.78926,475.91953,5.4797964,5.4426117
-236.65504,475.41916,5.4889755,5.4356275
-237.5234,474.92328,5.498154,5.428643
-238.39429,474.43182,5.507508,5.4218454
-239.26761,473.9447,5.516879,5.4150662
-240.14328,473.46185,5.526251,5.4082866
-241.02126,472.98322,5.535622,5.4015074
-241.90147,472.50867,5.5449934,5.394728
-242.78384,472.03815,5.537636,5.3961353
-243.6683,471.57162,5.528265,5.398528
-244.55482,471.10895,5.5188947,5.4009204
-245.44331,470.65012,5.509524,5.403313
-246.33372,470.195,5.500153,5.4057055
-247.22601,469.7436,5.487801,5.4094996
-248.12009,469.29572,5.475031,5.4134903
-249.01591,468.85135,5.4622602,5.417481
-249.9134,468.4104,5.44949,5.4214716
-250.81253,467.97275,5.43672,5.4254627
-251.71321,467.5383,5.4241037,5.429632
-252.61546,467.10715,5.4115114,5.4338293
-253.51932,466.67935,5.398919,5.438027
-254.42479,466.255,5.386327,5.4422245
-255.33191,465.8342,5.3737345,5.4464216
-256.2407,465.41702,5.3516226,5.464096
-257.15118,465.00354,5.32799,5.4839234
-258.06345,464.59393,5.304357,5.5037513
-258.97745,464.1883,5.2807245,5.5235786
-259.89325,463.7867,5.2570915,5.543406
-260.81088,463.38937,5.2180724,5.585416
-261.73038,462.99634,5.176737,5.630764
-262.65176,462.60773,5.1354017,5.6761127
-263.57504,462.22366,5.0940666,5.721461
-264.50027,461.84427,5.0527315,5.7668095
-265.42743,461.46967,5.041949,5.775915
-266.35654,461.09998,5.0351157,5.780337
-267.28766,460.73526,5.0282826,5.784758
-268.22073,460.37573,5.0214496,5.78918
-269.15585,460.02142,5.0146165,5.793601
-270.093,459.67252,5.030656,5.7744155
-271.03214,459.32907,5.048964,5.7528887
-271.97333,458.99127,5.067272,5.7313614
-272.91656,458.6592,5.08558,5.7098346
-273.86185,458.333,5.103888,5.688308
-274.80914,458.01276,5.141292,5.6556225
-275.7585,457.69864,5.179931,5.6222157
-276.7099,457.39072,5.2185698,5.5888095
-277.6633,457.08914,5.257209,5.5554028
-278.61874,456.79404,5.295848,5.5219965
-279.5762,456.50552,5.3237286,5.4999294
-280.53564,456.2237,5.3512783,5.4782114
-281.49704,455.94867,5.3788285,5.456493
-282.46042,455.68054,5.4063783,5.434775
-283.4257,455.41946,5.4339285,5.4130564
-284.39288,455.16547,5.456022,5.3971844
-285.36185,454.91837,5.478101,5.3813276
-286.33252,454.678,5.50018,5.365471
-287.30475,454.44418,5.5222583,5.3496146
-288.2785,454.21664,5.544312,5.333777
-289.25366,453.99524,5.5647354,5.31916
-290.23013,453.77972,5.585159,5.304543
-291.20786,453.56992,5.6055827,5.289926
-292.18674,453.36563,5.626006,5.275309
-293.16672,453.16663,5.6457396,5.261353
-294.14774,452.97275,5.6333547,5.278132
-295.1297,452.78378,5.6209702,5.2949114
-296.11255,452.59955,5.608586,5.3116903
-297.09622,452.4198,5.5962014,5.3284693
-298.0807,452.24435,5.5838203,5.3452477
-299.0659,452.07303,5.5716596,5.3619933
-300.05176,451.9056,5.559499,5.378739
-301.03824,451.74188,5.5473385,5.395485
-302.0253,451.5817,5.5351777,5.4122305
-303.01288,451.42477,5.5230174,5.428976
-304.00098,451.271,5.5255847,5.4291987
-304.9895,451.12015,5.528173,5.429398
-305.97845,450.972,5.5307612,5.429597
-306.96777,450.82642,5.5333495,5.429796
-307.95743,450.68317,5.5359383,5.429995
-308.94742,450.54205,5.5437713,5.4243655
-309.93765,450.40292,5.5517335,5.4185934
-310.92816,450.2655,5.5596952,5.412821
-311.91885,450.12958,5.567657,5.4070487
-312.90973,449.99496,5.575619,5.401276
-313.90076,449.86142,5.568792,5.4083977
-314.8919,449.72882,5.5612216,5.4161673
-315.88315,449.5971,5.553652,5.4239364
-316.8745,449.46616,5.5460815,5.431706
-317.86597,449.33588,5.5385113,5.4394755
-318.8575,449.2062,5.503568,5.470151
-319.84918,449.07745,5.4666433,5.5024853
-320.84097,448.9499,5.429718,5.5348196
-321.833,448.82394,5.392793,5.567154
-322.82526,448.6999,5.3558683,5.5994883
-323.81778,448.57813,5.319041,5.631899
-324.81064,448.45892,5.2822223,5.664315
-325.80383,448.3426,5.2454033,5.696732
-326.79736,448.2294,5.2085843,5.7291484
-327.79132,448.11966,5.1717653,5.761565
-328.78564,448.0137,5.160091,5.768826
-329.78043,447.91177,5.150458,5.7740436
-330.77563,447.81424,5.1408253,5.7792616
-331.7713,447.7214,5.131192,5.784479
-332.7674,447.63358,5.1215596,5.7896967
-333.76398,447.5511,5.129909,5.776731
-334.761,447.47424,5.1393676,5.762644
-335.75845,447.40338,5.1488266,5.7485566
-336.75635,447.3388,5.158285,5.734469
-337.75464,447.28088,5.1677437,5.7203817
-338.75333,447.22992,5.177614,5.706658
-339.75235,447.1862,5.187496,5.692944
-340.75165,447.15002,5.197378,5.67923
-341.75125,447.12173,5.20726,5.6655164
-342.751,447.1016,5.2172523,5.651835
-343.75092,447.08997,5.234808,5.6403327
-344.7509,447.08716,5.2523637,5.6288304
-345.75085,447.0936,5.26992,5.617328
-346.7507,447.10962,5.287476,5.605826
-347.75034,447.13556,5.3050547,5.5942655
-348.74963,447.1717,5.3229837,5.5817757
-349.74857,447.21774,5.3409123,5.569286
-350.74698,447.27332,5.358841,5.556796
-351.74487,447.33804,5.376769,5.5443068
-352.74213,447.41162,5.3959656,5.5285516
-353.73874,447.4936,5.4272814,5.4815784
-354.73468,447.5835,5.458597,5.434604
-355.7299,447.68085,5.4899135,5.38763
-356.72443,447.7852,5.5212293,5.3406563
-357.71823,447.89597,5.5525093,5.2936797
-358.71136,448.01276,5.583505,5.2466855
-359.70383,448.1351,5.614502,5.199691
-360.69565,448.26254,5.6454983,5.152696
-361.68686,448.39465,5.6764946,5.1057014
-362.6775,448.531,5.7048984,5.0622935
-363.6676,448.67114,5.712872,5.047143
-364.65723,448.81467,5.720846,5.0319924
-365.64642,448.96112,5.72882,5.016842
-366.63525,449.11005,5.736794,5.0016913
-367.62378,449.26105,5.743061,4.9889007
-368.61203,449.41367,5.7333107,4.998253
-369.6001,449.56754,5.7235603,5.007605
-370.58804,449.72217,5.7138104,5.0169573
-371.57596,449.87717,5.70406,5.0263095
-372.56384,450.0321,5.694296,5.035648
-373.55182,450.18658,5.684349,5.044799
-374.53995,450.34015,5.6744027,5.05395
-375.52826,450.4924,5.664456,5.0631003
-376.51685,450.6429,5.654509,5.0722513
-377.50577,450.79123,5.6445622,5.081412
-378.49506,450.93695,5.634603,5.090773
-379.4848,451.07965,5.624644,5.100135
-380.47504,451.2189,5.614685,5.109496
-381.46582,451.35428,5.604726,5.118858
-382.45715,451.48538,5.5947704,5.1282153
-383.4491,451.6119,5.5849905,5.137397
-384.4416,451.73404,5.57521,5.1465783
-385.43457,451.85205,5.5654297,5.15576
-386.428,451.96622,5.5556498,5.1649413
-387.42184,452.07684,5.5458665,5.1741257
-388.41605,452.18423,5.53587,5.183522
-389.41055,452.28864,5.5258737,5.192919
-390.40536,452.39035,5.5158772,5.2023153
-391.4004,452.48962,5.5058813,5.211712
-392.39563,452.5868,5.4958844,5.221106
-393.39108,452.68207,5.4858756,5.2303143
-394.38666,452.77582,5.475867,5.239523
-395.38235,452.86826,5.4658575,5.248731
-396.3781,452.95972,5.4558487,5.2579393
-397.374,453.05045,5.4458427,5.267151
-398.36987,453.14078,5.436023,5.2765694
-399.36578,453.23096,5.426204,5.285988
-400.36166,453.32132,5.4163847,5.2954063
-401.3575,453.4121,5.4065657,5.304825
-402.3533,453.50363,5.396741,5.3142385
-403.34897,453.5962,5.386712,5.323465
-404.34454,453.69003,5.376683,5.332691
-405.33997,453.7855,5.3666544,5.341918
-406.33517,453.8828,5.3566256,5.3511443
-407.3302,453.98227,5.3465967,5.360379
-408.32498,454.0842,5.336561,5.3698125
-409.31946,454.18887,5.3265257,5.3792458
-410.3136,454.29663,5.31649,5.388679
-411.3074,454.40775,5.3064547,5.398113
-412.30075,454.52252,5.296431,5.407534
-413.29367,454.6413,5.286595,5.416768
-414.28604,454.76425,5.2767587,5.426002
-415.2779,454.89157,5.266923,5.4352355
-416.26913,455.0235,5.2570868,5.4444695
-417.2597,455.16022,5.247236,5.453718
-418.24963,455.3018,5.237205,5.463147
-419.23883,455.44812,5.2271743,5.472576
-420.22736,455.59897,5.2171435,5.482005
-421.21524,455.7541,5.207113,5.491434
-422.20245,455.9133,5.1979265,5.50011
-423.18906,456.07635,5.197125,5.5013127
-424.17502,456.24313,5.1963234,5.502515
-425.1604,456.41342,5.195522,5.5037174
-426.14517,456.5871,5.19472,5.50492
-427.1294,456.76395,5.1943264,5.5058165
-428.11304,456.94388,5.1975293,5.5040145
-429.0962,457.12665,5.200732,5.502213
-430.0788,457.31213,5.2039356,5.5004115
-431.06094,457.50012,5.2071385,5.4986095
-432.04266,457.69046,5.210341,5.4967866
-433.02393,457.88297,5.2135406,5.494787
-434.00482,458.07745,5.21674,5.4927874
-434.98532,458.2738,5.21994,5.4907875
-435.9655,458.47177,5.22314,5.4887877
-436.94537,458.67126,5.226339,5.4867883
-437.925,458.87207,5.229536,5.48479
-438.90436,459.074,5.232733,5.482792
-439.88354,459.27698,5.23593,5.480794
-440.86252,459.48074,5.2391267,5.478796
-441.84137,459.68518,5.2423234,5.476798
-442.82013,459.89014,5.2455187,5.474801
-443.79883,460.0954,5.248714,5.472804
-444.77747,460.3008,5.2519093,5.470807
-445.75613,460.50613,5.255104,5.46881
-446.73486,460.71124,5.2582808,5.466813
-447.71365,460.91595,5.261276,5.464816
-448.69257,461.12015,5.2642703,5.4628196
-449.6716,461.3238,5.2672653,5.460823
-450.65076,461.52676,5.2702603,5.4588265
-451.63007,461.72897,5.273272,5.45683
-452.60956,461.93045,5.276467,5.454833
-453.58917,462.13116,5.2796617,5.4528365
-454.56894,462.3312,5.2828565,5.4508395
-455.54883,462.53067,5.2860513,5.448843
-456.5288,462.7296,5.289246,5.446846
-457.50888,462.92813,5.292442,5.444849
-458.48904,463.12622,5.2956376,5.4428515
-459.46927,463.32394,5.2988334,5.440854
-460.4496,463.52133,5.302029,5.4388566
-461.42993,463.71844,5.3052254,5.436859
-462.41034,463.91534,5.308423,5.4348607
-463.39078,464.11203,5.31162,5.4328623
-464.37125,464.3086,5.314818,5.430864
-465.35175,464.50504,5.3180156,5.4288654
-466.33224,464.70148,5.3212132,5.4268665
-467.31274,464.89792,5.324414,5.4248667
-468.2932,465.09442,5.327614,5.4228663
-469.27368,465.29105,5.330814,5.420866
-470.2541,465.4878,5.3340144,5.418866
-471.2345,465.68478,5.337201,5.416866
-472.2148,465.88202,5.3402047,5.4148636
-473.1951,466.07953,5.343208,5.4128613
-474.1753,466.27744,5.3462114,5.410859
-475.15543,466.4757,5.3492146,5.408857
-476.13547,466.67444,5.352233,5.406854
-477.1154,466.8737,5.3554406,5.4048495
-478.09518,467.0735,5.358649,5.4028444
-479.0749,467.27386,5.3618565,5.40084
-480.05444,467.47488,5.365064,5.3988347
-481.03387,467.67664,5.3682723,5.3968296
-482.01315,467.87906,5.3714848,5.394822
-482.9923,468.0821,5.3746967,5.3928146
-483.97134,468.28558,5.377909,5.3908067
-484.95032,468.48944,5.381121,5.388799
-485.92926,468.6935,5.3840833,5.386583
-486.90817,468.8977,5.384887,5.382564
-487.8871,469.10187,5.3856907,5.3785458
-488.86603,469.30588,5.3864946,5.3745275
-489.84503,469.50958,5.387298,5.3705087
-490.82413,469.71292,5.387796,5.3662353
-491.8033,469.91574,5.3861885,5.360207
-492.78265,470.1179,5.384581,5.3541794
-493.76215,470.3193,5.3829737,5.348151
-494.74182,470.51978,5.3813663,5.342123
-495.7217,470.71927,5.379789,5.336096
-496.7018,470.91757,5.3783836,5.330072
-497.6822,471.11462,5.376978,5.324048
-498.66284,471.3103,5.375572,5.318024
-499.64377,471.50443,5.3741665,5.3120003
-500.62506,471.69693,5.3727617,5.305978
-501.6067,471.88766,5.371358,5.299963
-502.58865,472.07654,5.3699546,5.293948
-503.571,472.26337,5.3685513,5.287934
-504.5538,472.44806,5.367148,5.281919
-505.537,472.6305,5.3657084,5.281081
-506.52063,472.81058,5.3641086,5.303482
-507.5047,472.98813,5.3625083,5.325883
-508.48926,473.1631,5.3609085,5.3482842
-509.4743,473.33533,5.3593082,5.370685
-510.45984,473.50473,5.3597817,5.3932176
-511.44586,473.67117,5.369549,5.41634
-512.4324,473.83453,5.379316,5.439462
-513.4195,473.99466,5.389083,5.4625845
-514.4071,474.1514,5.3988504,5.485707
-515.39526,474.3046,5.4132514,5.5002623
-516.384,474.45407,5.4510026,5.4716506
-517.37335,474.59958,5.488754,5.443039
-518.3633,474.74075,5.5265055,5.4144273
-519.3539,474.8773,5.564257,5.3858156
-520.3452,475.00894,5.602006,5.3572063
-521.33716,475.13535,5.639739,5.3286085
-522.3298,475.25623,5.677472,5.3000107
-523.3231,475.37128,5.715205,5.271413
-524.31714,475.4802,5.7529383,5.242815
-525.3118,475.5827,5.7861676,5.222344
-526.30725,475.67847,5.777611,5.277267
-527.3033,475.76715,5.7690535,5.33219
-528.2999,475.84848,5.7604966,5.3871136
-529.2972,475.9221,5.75194,5.4420366
-530.29504,475.9877,5.741797,5.497205
-531.29333,476.04492,5.711236,5.55553
-532.2922,476.09348,5.6806755,5.613855
-533.2913,476.13297,5.6501145,5.67218
-534.2909,476.1631,5.619554,5.730505
-535.29065,476.18347,5.589472,5.7854877
-536.2905,476.1938,5.5661974,5.792911
-537.2905,476.1937,5.542923,5.800335
-538.29047,476.18283,5.5196486,5.807759
-539.29016,476.1609,5.4963746,5.815182
-540.2896,476.1275,5.4773674,5.8169527
-541.2885,476.0823,5.506375,5.7551107
-542.28687,476.02493,5.535382,5.6932693
-543.28436,475.955,5.564389,5.6314273
-544.28094,475.8721,5.5933967,5.569585
-545.27625,475.7759,5.6181474,5.513342
-546.27014,475.66602,5.610881,5.4992123
-547.26245,475.5423,5.6036143,5.485083
-548.25287,475.4046,5.596348,5.470954
-549.2413,475.25278,5.5890813,5.4568243
-550.22736,475.0867,5.5814857,5.442959
-551.21094,474.9063,5.5722036,5.4304485
-552.1918,474.71173,5.562922,5.417938
-553.16974,474.5032,5.5536404,5.4054284
-554.1447,474.2809,5.5443587,5.392918
-555.11646,474.045,5.53892,5.3751116
-556.08484,473.7957,5.548187,5.337037
-557.04974,473.5331,5.5574536,5.298962
-558.0109,473.2574,5.5667205,5.2608876
-558.9683,472.96866,5.5759873,5.2228127
-559.92175,472.66708,5.584711,5.185541
-560.87103,472.35275,5.591746,5.1507707
-561.81604,472.02582,5.5987806,5.1159997
-562.75665,471.6865,5.605815,5.0812287
-563.69275,471.33484,5.6128497,5.0464582
-564.6242,470.97107,5.6061883,5.031147
-565.5509,470.5953,5.562087,5.0690346
-566.4727,470.20767,5.5179853,5.1069217
-567.38947,469.80835,5.4738836,5.144809
-568.3011,469.39743,5.4297824,5.1826963
-569.2075,468.97507,5.4039764,5.206258
-570.1086,468.5414,5.4253707,5.192861
-571.00415,468.09656,5.4467654,5.179465
-571.89417,467.6407,5.4681597,5.166068
-572.77844,467.17386,5.4895544,5.152672
-573.65704,466.69626,5.516538,5.1349564
-574.52966,466.208,5.5580354,5.1060286
-575.39636,465.7092,5.599532,5.0771003
-576.25696,465.2,5.6410294,5.048172
-577.11145,464.6805,5.682526,5.0192437
-577.9596,464.15088,5.708291,5.003291
-578.80145,463.6112,5.6905637,5.023209
-579.6368,463.06152,5.6728363,5.0431275
-580.4656,462.50195,5.655109,5.063046
-581.28754,461.93253,5.6373816,5.0829644
-582.1027,461.35333,5.6100407,5.1109343
-582.9109,460.7644,5.553094,5.1636996
-583.71185,460.16574,5.496147,5.216465
-584.5055,459.55743,5.4392,5.269231
-585.2916,458.93945,5.382253,5.321996
-586.0701,458.31183,5.325248,5.374775
-586.8408,457.67462,5.2680364,5.4276004
-587.60345,457.02783,5.2108254,5.4804263
-588.35785,456.37152,5.153614,5.533252
-589.10394,455.7057,5.096403,5.586077
-589.84143,455.03036,5.053433,5.621526
-590.5701,454.3456,5.065221,5.5901585
-591.2899,453.65146,5.0770087,5.5587907
-592.00055,452.9479,5.0887966,5.527423
-592.7018,452.23502,5.1005845,5.496055
-593.39343,451.51285,5.113024,5.4638224
-594.0753,450.7814,5.1280527,5.428155
-594.7472,450.04077,5.143081,5.3924875
-595.4088,449.29095,5.1581097,5.35682
-596.05994,448.53204,5.173138,5.321152
-596.7004,447.76407,5.196561,5.281651
-597.3299,446.9871,5.25143,5.2277865
-597.9482,446.2012,5.306299,5.1739225
-598.55505,445.40646,5.3611684,5.120058
-599.15027,444.6029,5.4160376,5.066194
-599.73346,443.79062,5.467052,5.0149527
-600.30444,442.96973,5.505534,4.9722395
-600.86304,442.1403,5.5440164,4.9295263
-601.40894,441.3025,5.582499,4.8868127
-601.94196,440.45642,5.6209817,4.844099
-602.4619,439.60226,5.641815,4.811958
-602.96857,438.74014,5.615393,4.8081255
-603.462,437.8704,5.588971,4.8042936
-603.9421,436.99323,5.5625496,4.8004613
-604.40894,436.10892,5.536128,4.7966294
-604.86255,435.21774,5.5089526,4.8049455
-605.3029,434.31998,5.4801283,4.839817
-605.73004,433.4158,5.451304,4.874688
-606.14386,432.5055,5.4224796,4.9095597
-606.5445,431.58926,5.393655,4.9444313
-606.9319,430.6674,5.368682,4.979494
-607.3061,429.74008,5.3507743,5.014907
-607.6671,428.80756,5.3328667,5.05032
-608.01495,427.87003,5.314959,5.085733
-608.3497,426.92773,5.2970514,5.1211457
-608.6713,425.98093,5.286384,5.146151
-608.9799,425.02975,5.287388,5.1543803
-609.27545,424.07446,5.2883916,5.16261
-609.55804,423.11523,5.289395,5.17084
-609.8277,422.1523,5.2903986,5.179069
-610.0844,421.18585,5.2918024,5.1909814
-610.32825,420.21606,5.293804,5.208398
-610.5593,419.24316,5.2958064,5.225815
-610.7776,418.2673,5.297808,5.2432313
-610.9831,417.28867,5.29981,5.2606483
-611.1759,416.30746,5.301324,5.2784524
-611.3561,415.32385,5.3021226,5.2968245
-611.5236,414.338,5.302922,5.3151965
-611.6786,413.35013,5.3037205,5.333569
-611.82104,412.36035,5.304519,5.351941
-611.9509,411.36887,5.304286,5.3678393
-612.0684,410.37582,5.302492,5.3799963
-612.1735,409.38138,5.3006988,5.3921537
-612.2662,408.3857,5.298905,5.4043107
-612.3465,407.38898,5.2971115,5.4164677
-612.4145,406.3913,5.2954698,5.422334
-612.4702,405.39288,5.294077,5.4179554
-612.5137,404.39386,5.2926836,5.4135766
-612.5449,403.39438,5.2912903,5.409198
-612.56396,402.3946,5.289897,5.404819
-612.5708,401.39465,5.2886457,5.397111
-612.5655,400.39468,5.287651,5.3833838
-612.5481,399.39487,5.2866564,5.3696566
-612.51855,398.39532,5.2856617,5.3559294
-612.4769,397.3962,5.284667,5.3422027
-612.4232,396.3977,5.284853,5.3276205
-612.3574,395.39987,5.2874403,5.311299
-612.27966,394.40295,5.290028,5.2949777
-612.18976,393.407,5.2926154,5.278656
-612.0879,392.41223,5.295203,5.262335
-611.974,391.4188,5.296939,5.2488074
-611.8481,390.42676,5.2967396,5.2416315
-611.71014,389.43634,5.2965403,5.234455
-611.5602,388.4477,5.296341,5.227279
-611.39825,387.46094,5.2961416,5.2201033
-611.22424,386.4762,5.2945566,5.217771
-611.0382,385.49368,5.2895613,5.2273626
-610.84015,384.51352,5.2845654,5.2369547
-610.63007,383.5359,5.2795696,5.2465463
-610.40796,382.56088,5.274574,5.256138
-610.1738,381.58868,5.277162,5.2585497
-609.92773,380.61948,5.2988157,5.242911
-609.6695,379.65344,5.3204694,5.227272
-609.3991,378.6907,5.342123,5.211633
-609.1165,377.7315,5.363777,5.1959944
-608.8216,376.776,5.390956,5.175196
-608.51447,375.82437,5.431213,5.142185
-608.1954,374.87668,5.47147,5.1091747
-607.8645,373.933,5.5117264,5.0761647
-607.5222,372.99347,5.551983,5.0431542
-607.16876,372.05804,5.578204,5.0267696
-606.80444,371.1268,5.575784,5.0443134
-606.42975,370.19968,5.5733647,5.061857
-606.0452,369.27658,5.570945,5.079401
-605.65137,368.35742,5.568525,5.0969443
-605.24866,367.44214,5.563126,5.118131
-604.8375,366.5306,5.552652,5.1455264
-604.4184,365.62268,5.542177,5.1729217
-603.99176,364.7183,5.5317025,5.200317
-603.55804,363.81726,5.521228,5.2277117
-603.1177,362.9195,5.5143485,5.2442446
-602.671,362.0248,5.5127406,5.2448473
-602.21857,361.13303,5.511133,5.24545
-601.76074,360.24402,5.509526,5.2460527
-601.2979,359.3576,5.5079184,5.2466555
-600.8305,358.47357,5.5064845,5.2466564
-600.359,357.59177,5.5052824,5.245855
-599.8837,356.71194,5.5040803,5.2450533
-599.4051,355.83395,5.5028777,5.2442517
-598.92346,354.95758,5.5016756,5.24345
-598.43933,354.08264,5.5004745,5.2427373
-597.953,353.2089,5.4992747,5.2421374
-597.46484,352.33615,5.498075,5.2415376
-596.9753,351.4642,5.4968753,5.2409377
-596.4847,350.59286,5.495676,5.240338
-595.99335,349.72192,5.494477,5.2397385
-595.5017,348.85114,5.4932785,5.239139
-595.0102,347.9803,5.49208,5.23854
-594.51917,347.10916,5.490882,5.2379413
-594.0291,346.2375,5.489684,5.237342
-593.5404,345.36508,5.488486,5.236743
-593.0533,344.49176,5.487288,5.236144
-592.56775,343.61755,5.4860897,5.235545
-592.0838,342.7425,5.484892,5.234946
-591.6014,341.8666,5.483694,5.234347
-591.1205,340.98984,5.4825797,5.233664
-590.64105,340.11227,5.4815817,5.2328653
-590.16296,339.23398,5.480583,5.2320666
-589.68616,338.355,5.4795847,5.231268
-589.21045,337.47543,5.478586,5.2304688
-588.7357,336.59534,5.477505,5.2297525
-588.26184,335.71475,5.476307,5.2291536
-587.7888,334.83374,5.4751086,5.2285542
-587.31647,333.95236,5.4739103,5.2279553
-586.84467,333.07065,5.472712,5.227356
-586.3735,332.1887,5.4715133,5.2267566
-585.9026,331.3065,5.470315,5.226157
-585.43207,330.42413,5.469116,5.2255583
-584.96173,329.54166,5.4679174,5.224959
-584.4915,328.65912,5.4667187,5.2243595
-584.0213,327.7766,5.46552,5.22368
-583.551,326.89413,5.4643207,5.2228804
-583.0805,326.01178,5.4631214,5.222081
-582.6097,325.12955,5.461922,5.2212815
-582.1384,324.24756,5.4607234,5.2204823
-581.66675,323.36584,5.4595237,5.219762
-581.1944,322.48444,5.458324,5.219162
-580.7214,321.60342,5.457124,5.218562
-580.24756,320.7228,5.455924,5.2179623
-579.7728,319.8427,5.4547243,5.2173624
-579.2971,318.96313,5.453524,5.216762
-578.8203,318.08417,5.4523234,5.2161617
-578.3422,317.20584,5.4511228,5.2155614
-577.8629,316.32825,5.449922,5.214961
-577.38214,315.45142,5.4487214,5.2143607
-576.8999,314.5754,5.4476004,5.2137604
-576.41614,313.70026,5.4465995,5.2131596
-575.93085,312.82593,5.445598,5.2125587
-575.44403,311.95242,5.444597,5.211958
-574.9559,311.0797,5.443596,5.2113576
-574.4663,310.20773,5.442513,5.2106752
-573.97546,309.33655,5.441311,5.209874
-573.4833,308.46606,5.4401093,5.2090726
-572.9899,307.59628,5.438907,5.2082715
-572.49536,306.72717,5.437705,5.20747
-571.99963,305.8587,5.4365025,5.2067513
-571.5028,304.99088,5.4353004,5.20615
-571.0049,304.12366,5.434098,5.205549
-570.50604,303.25702,5.432895,5.2049475
-570.00616,302.39093,5.431693,5.2043467
-569.50543,301.52536,5.4302354,5.204085
-569.0038,300.6603,5.4284315,5.204285
-568.50134,299.79575,5.4266276,5.204486
-567.99805,298.93164,5.4248238,5.204686
-567.4941,298.06793,5.4230194,5.204887
-566.9894,297.20465,5.418427,5.208486
-566.4841,296.34177,5.4102087,5.2165036
-565.97815,295.47922,5.4019904,5.2245216
-565.4716,294.617,5.393772,5.232539
-564.96466,293.75507,5.385554,5.240557
-564.45715,292.89343,5.377336,5.248664
-563.9493,292.03204,5.3691187,5.256881
-563.441,291.17087,5.3609014,5.2650986
-562.9324,290.3099,5.352684,5.2733164
-562.42346,289.44913,5.344466,5.2815337
-561.9143,288.58847,5.33625,5.2896585
-561.40497,287.72794,5.3280344,5.2976737
-560.89545,286.8675,5.319819,5.305689
-560.3858,286.00714,5.311603,5.313704
-559.8761,285.14682,5.3033876,5.321719
-559.3664,284.2865,5.295173,5.329827
-558.8567,283.42618,5.2869606,5.3380394
-558.34705,282.5658,5.2787476,5.3462524
-557.8375,281.70538,5.270535,5.354465
-557.3281,280.84488,5.262322,5.362678
-556.8189,279.98425,5.2542057,5.3707943
-556.31,279.12347,5.2461967,5.3788033
-555.80133,278.2625,5.238188,5.386812
-555.29297,277.4014,5.230179,5.394821
-554.78503,276.54004,5.22217,5.40283
-554.27747,275.67844,5.2140675,5.4109325
-553.7704,274.81656,5.2058625,5.4191375
-553.26385,273.95438,5.197658,5.427342
-552.7578,273.0919,5.1894536,5.4355464
-552.2524,272.22906,5.181249,5.443751
-551.74756,271.36584,5.173047,5.4518566
-551.24347,270.50223,5.1648483,5.4598556
-550.7401,269.63818,5.156649,5.4678545
-550.2375,268.7737,5.1484504,5.4758534
-549.73566,267.90875,5.1402516,5.4838524
-549.23474,267.04327,5.1320558,5.4919443
-548.73474,266.17728,5.1238637,5.5001364
-548.23566,265.31076,5.1156716,5.5083284
-547.7376,264.44363,5.107479,5.5165205
-547.24054,263.57596,5.099287,5.524713
-546.7445,262.70767,5.091099,5.532806
-546.2496,261.83875,5.082915,5.5407906
-545.75586,260.96915,5.074731,5.548775
-545.2634,260.09885,5.0665464,5.5567594
-544.7723,259.22778,5.0583625,5.564744
-544.28253,258.35596,5.050183,5.5728173
-543.7942,257.4833,5.0420084,5.5809917
-543.3072,256.60995,5.0338335,5.5891666
-542.8214,255.7359,5.025659,5.597341
-542.3368,254.86119,5.017484,5.6055155
-541.8533,253.98589,5.0093126,5.6135974
-541.3706,253.11009,5.001144,5.621567
-540.88855,252.234,4.9929757,5.629536
-540.4067,251.35776,4.984807,5.637505
-539.92474,250.48158,4.976639,5.6454744
-539.4424,249.60564,4.968555,5.653531
-538.9592,248.73012,4.9605823,5.6617036
-538.4751,247.85516,4.952609,5.6698756
-537.9896,246.98094,4.9446363,5.6780477
-537.5025,246.1076,4.9366636,5.6862197
-537.01355,245.23534,4.928602,5.694315
-536.5224,244.36429,4.920417,5.7023005
-536.02875,243.49464,4.912231,5.7102866
-535.53235,242.62657,4.9040456,5.7182727
-535.0329,241.76027,4.8958597,5.7262588
-534.53,240.89592,4.9057193,5.715874
-534.02356,240.0337,4.9419475,5.678645
-533.51306,239.17384,4.9781756,5.6414165
-532.99835,238.3165,5.014404,5.6041875
-532.4791,237.4619,5.050632,5.5669584
-531.9551,236.61026,5.101559,5.514947
-531.42584,235.76176,5.1736236,5.441678
-530.8913,234.91667,5.2456875,5.3684096
-530.3511,234.07518,5.317752,5.2951407
-529.80493,233.23752,5.389816,5.2218723
-529.25256,232.40395,5.46187,5.14844
-528.6937,231.5747,5.5339127,5.0747876
-528.1281,230.75005,5.6059546,5.001136
-527.5555,229.93028,5.677997,4.927483
-526.9755,229.11566,5.75004,4.853831
-526.38794,228.3065,5.787242,4.8201065
-525.79266,227.50305,5.783414,4.8334036
-525.18945,226.7055,5.7795863,4.846701
-524.5782,225.91408,5.7757583,4.859998
-523.95886,225.12898,5.77193,4.873296
-523.33136,224.35042,5.759006,4.897091
-522.69556,223.57858,5.736832,4.931561
-522.0516,222.81361,5.7146583,4.9660316
-521.3993,222.05566,5.6924844,5.0005016
-520.7388,221.3049,5.6703105,5.0349717
-520.07,220.56146,5.660216,5.049813
-519.393,219.82552,5.6606193,5.047594
-518.7077,219.09726,5.6610227,5.0453753
-518.0142,218.37685,5.661426,5.0431566
-517.31244,217.66449,5.6618295,5.040938
-516.6024,216.96036,5.666543,5.03138
-515.8841,216.26465,5.674412,5.0164495
-515.1576,215.57756,5.6822805,5.0015187
-514.42285,214.89925,5.6901493,4.9865885
-513.6799,214.22993,5.698018,4.9716578
-512.9288,213.56981,5.699873,4.9647474
-512.16956,212.91905,5.698058,4.9627314
-511.4022,212.27788,5.6962433,4.960715
-510.62677,211.64645,5.6944284,4.9586983
-509.84335,211.02501,5.6926136,4.9566817
-509.05197,210.41373,5.6653595,4.987036
-508.25272,209.8128,5.6251116,5.033925
-507.4456,209.22244,5.584864,5.0808134
-506.63074,208.64284,5.5446167,5.1277018
-505.80817,208.07422,5.504369,5.17459
-504.978,207.51675,5.464235,5.2213464
-504.14032,206.97066,5.424151,5.268044
-503.29526,206.43605,5.3840675,5.314741
-502.4429,205.91312,5.3439837,5.3614388
-501.5834,205.40202,5.3039,5.4081364
-500.71692,204.90292,5.2932615,5.421159
-499.84357,204.41591,5.295056,5.419963
-498.96353,203.94101,5.29685,5.4187665
-498.0771,203.47829,5.298644,5.4175706
-497.18436,203.02776,5.3004384,5.416374
-496.28552,202.5895,5.326934,5.3867903
-495.38083,202.16353,5.364682,5.3442736
-494.47037,201.74997,5.402431,5.301757
-493.55438,201.34889,5.4401793,5.25924
-492.63297,200.96036,5.477928,5.216723
-491.70633,200.58447,5.5156493,5.174237
-490.77463,200.22131,5.5533566,5.131767
-489.83804,199.87097,5.591064,5.0892963
-488.89673,199.53357,5.628771,5.0468264
-487.9508,199.20918,5.666478,5.0043564
-487.00052,198.89793,5.665974,5.004125
-486.046,198.59993,5.641537,5.03035
-485.08737,198.31529,5.6171002,5.0565753
-484.12488,198.04416,5.592663,5.082801
-483.15863,197.78665,5.568226,5.109026
-482.1888,197.54291,5.538299,5.1414394
-481.21564,197.31305,5.504422,5.1783056
-480.23923,197.09724,5.470545,5.215172
-479.2598,196.89563,5.436668,5.252038
-478.27753,196.70833,5.402791,5.2889037
-477.2926,196.53552,5.3735642,5.321015
-476.3052,196.37735,5.3479404,5.349441
-475.31555,196.23404,5.3223166,5.377867
-474.32385,196.1058,5.296693,5.406294
-473.3303,195.99284,5.271069,5.43472
-472.33508,195.89536,5.296472,5.413043
-471.33847,195.81348,5.3606825,5.353261
-470.3407,195.74724,5.424893,5.293479
-469.342,195.6967,5.489104,5.2336965
-468.34265,195.6619,5.553315,5.1739135
-467.34286,195.64288,5.617556,5.113869
-466.3429,195.6395,5.681816,5.0536504
-465.343,195.65144,5.7460756,4.993432
-464.34338,195.67839,5.8103347,4.9332147
-463.34427,195.72003,5.8745937,4.8729973
-462.3459,195.7761,5.892919,4.8577924
-461.3484,195.84624,5.8866534,4.8666854
-460.35193,195.9302,5.880388,4.8755784
-459.35672,196.02768,5.874122,4.8844714
-458.3629,196.1384,5.8678565,4.893365
-457.3706,196.26205,5.837194,4.926083
-456.37997,196.39836,5.796258,4.968834
-455.3911,196.54698,5.755322,5.0115848
-454.4041,196.70763,5.7143865,5.0543356
-453.4191,196.87997,5.6734505,5.0970864
-452.43616,197.06372,5.633369,5.1388283
-451.45535,197.25858,5.5935807,5.1802244
-450.47675,197.4642,5.553792,5.2216206
-449.50043,197.68031,5.5140033,5.2630167
-448.5264,197.90662,5.474215,5.304413
-447.5547,198.14279,5.4577684,5.31877
-446.5854,198.38857,5.448357,5.3249774
-445.61853,198.64369,5.438946,5.331185
-444.65408,198.90791,5.4295344,5.3373923
-443.6921,199.18097,5.420123,5.3436
-442.7326,199.46262,5.410731,5.3497944
-441.77557,199.7525,5.401344,5.3559856
-440.82098,200.05031,5.3919573,5.362177
-439.86877,200.35567,5.3825707,5.368368
-438.9189,200.66823,5.373184,5.3745594
-437.97134,200.98772,5.366866,5.376153
-437.02615,201.3142,5.3614783,5.376353
-436.0835,201.6479,5.3560905,5.376552
-435.14355,201.9891,5.350703,5.376752
-434.20642,202.33803,5.3453155,5.376951
-433.2723,202.69495,5.350346,5.3620415
-432.3415,203.0604,5.3587418,5.342252
-431.41437,203.43506,5.3671374,5.3224616
-430.49127,203.81958,5.3755336,5.302671
-429.57266,204.21463,5.3839293,5.282881
-428.6589,204.62082,5.3929505,5.262588
-427.75043,205.03874,5.4021764,5.2421308
-426.84775,205.46892,5.4114017,5.221674
-425.95123,205.91191,5.4206276,5.201217
-425.06143,206.3682,5.429853,5.1807613
-424.17886,206.8383,5.4714575,5.1390085
-423.30408,207.32271,5.522884,5.090796
-422.4376,207.82188,5.5743117,5.0425825
-421.5801,208.3363,5.625742,4.9943666
-420.7322,208.86638,5.6771746,4.946149
-419.8945,209.41248,5.659679,4.969701
-419.0673,209.97427,5.623809,5.012384
-418.25052,210.55118,5.5879407,5.055065
-417.44418,211.1426,5.552074,5.0977445
-416.6483,211.74799,5.5162063,5.1404247
-415.8628,212.36679,5.4395695,5.2252936
-415.08762,212.99849,5.352679,5.3207736
-414.3227,213.64255,5.265787,5.4162545
-413.56793,214.2985,5.1788955,5.511736
-412.8232,214.96582,5.092003,5.6072173
-412.0884,215.64407,5.097433,5.6046753
-411.36343,216.33281,5.126991,5.5765157
-410.64822,217.03165,5.156548,5.548356
-409.94263,217.74023,5.1861057,5.520197
-409.24655,218.45816,5.2156634,5.492037
-408.55988,219.18509,5.248152,5.4592185
-407.8824,219.92058,5.28144,5.425128
-407.2138,220.66418,5.314728,5.3910375
-406.55383,221.41545,5.348016,5.3569474
-405.90225,222.174,5.3813043,5.322857
-405.2587,222.93936,5.415148,5.2864428
-404.62283,223.71112,5.4491315,5.2494426
-403.99426,224.48883,5.483115,5.212443
-403.37256,225.27206,5.5170984,5.175443
-402.75732,226.06038,5.551082,5.138443
-402.14813,226.85338,5.5596566,5.1210413
-401.54456,227.65065,5.5628734,5.1077724
-400.94617,228.45181,5.56609,5.094503
-400.3525,229.2565,5.569307,5.081234
-399.7631,230.06432,5.5725236,5.0679646
-399.17755,230.87492,5.5355473,5.085496
-398.59534,231.68793,5.4915857,5.10838
-398.01602,232.50302,5.447624,5.131264
-397.43915,233.31982,5.403663,5.154148
-396.86423,234.138,5.3597016,5.177032
-396.2908,234.95721,5.337784,5.1988316
-395.71835,235.77715,5.319151,5.22047
-395.14645,236.59746,5.300518,5.242108
-394.57465,237.4178,5.281885,5.2637463
-394.0024,238.23787,5.2632527,5.285384
-393.42932,239.05733,5.2613516,5.3041735
-392.85486,239.87584,5.2617517,5.322571
-392.27863,240.69308,5.2621512,5.340968
-391.7001,241.50873,5.2625513,5.3593655
-391.11884,242.32242,5.2629514,5.377763
-390.53442,243.13383,5.2347803,5.388238
-389.94635,243.94263,5.202654,5.3976164
-389.35425,244.74846,5.1705275,5.4069953
-388.7576,245.55093,5.1384006,5.4163737
-388.15604,246.34973,5.106274,5.425752
-387.54913,247.14447,5.0742097,5.43494
-386.93668,247.93494,5.0421553,5.4440985
-386.31845,248.72092,5.010101,5.453257
-385.69434,249.50221,4.9780464,5.462415
-385.06412,250.27861,4.9459925,5.471574
-384.4277,251.04991,4.974643,5.447431
-383.78488,251.8159,5.014493,5.4171453
-383.13553,252.57635,5.0543423,5.38686
-382.47952,253.33107,5.094192,5.356574
-381.81668,254.0798,5.1340413,5.3262887
-381.14688,254.82233,5.1783175,5.2983785
-380.46997,255.55833,5.2235303,5.2709703
-379.78564,256.28748,5.2687435,5.2435627
-379.09375,257.00943,5.313957,5.216154
-378.39404,257.72385,5.359171,5.188746
-377.68637,258.43036,5.3894734,5.179339
-376.97076,259.1288,5.4166536,5.1737013
-376.24738,259.8192,5.4438334,5.168064
-375.51624,260.5014,5.471013,5.162427
-374.77753,261.1754,5.4981937,5.1567893
-374.0314,261.84116,5.4912176,5.1730433
-373.2784,262.49915,5.478679,5.1928616
-372.5192,263.14993,5.4661417,5.2126794
-371.7544,263.79416,5.4536037,5.232497
-370.98462,264.43246,5.441066,5.252315
-370.21054,265.0655,5.3736424,5.307419
-369.43265,265.69385,5.301117,5.365803
-368.6515,266.31818,5.2285914,5.4241867
-367.86765,266.93906,5.156066,5.4825706
-367.08154,267.55716,5.0835404,5.540955
-366.29376,268.17303,5.0553937,5.5684123
-365.50467,268.7873,5.0288577,5.594747
-364.7147,269.4004,5.002322,5.621082
-363.92426,270.0129,4.975786,5.6474166
-363.13373,270.6253,4.94925,5.6737514
-362.3434,271.23798,4.963838,5.671428
-361.55325,271.85083,4.9788175,5.668832
-360.763,272.46356,4.993797,5.666235
-359.97244,273.0759,5.0087767,5.6636386
-359.18137,273.68762,5.023756,5.661042
-358.38962,274.2984,5.0640955,5.629706
-357.597,274.9081,5.104855,5.5978937
-356.8034,275.5165,5.1456146,5.5660815
-356.00867,276.1234,5.1863737,5.5342693
-355.21268,276.7287,5.2271333,5.5024567
-354.41528,277.33212,5.278033,5.4585934
-353.61633,277.9335,5.3294187,5.414151
-352.8157,278.53262,5.380805,5.3697095
-352.0132,279.12924,5.432191,5.3252673
-351.20874,279.7232,5.483577,5.2808256
-350.40213,280.31424,5.5034122,5.2621317
-349.59326,280.90216,5.520276,5.245863
-348.78195,281.48676,5.5371404,5.229594
-347.96808,282.06778,5.554004,5.2133255
-347.15155,282.64502,5.570868,5.197057
-346.33218,283.21823,5.583244,5.1845827
-345.50986,283.78723,5.5949697,5.1726575
-344.68448,284.35175,5.606696,5.1607327
-343.85587,284.9116,5.6184225,5.148808
-343.024,285.46646,5.6301484,5.136883
-342.18866,286.01617,5.627635,5.14054
-341.34976,286.56042,5.622452,5.1471186
-340.50717,287.09894,5.617269,5.1536975
-339.6608,287.63147,5.612086,5.160276
-338.81046,288.15768,5.6069026,5.166855
-337.9561,288.6773,5.58997,5.186178
-337.09763,289.19012,5.5705614,5.208188
-336.23505,289.69598,5.5511527,5.230198
-335.3683,290.1947,5.531744,5.252208
-334.49738,290.68607,5.512335,5.274218
-333.62225,291.16992,5.490713,5.2966194
-332.74304,291.6463,5.468632,5.319102
-331.85983,292.1152,5.4465513,5.341584
-330.97275,292.57675,5.424471,5.364066
-330.08188,293.03094,5.40239,5.3865485
-329.18732,293.4779,5.3727818,5.41043
-328.2892,293.9176,5.341808,5.4345655
-327.3876,294.35013,5.310834,5.458701
-326.4826,294.77545,5.27986,5.4828362
-325.57428,295.19366,5.248886,5.506972
-324.66272,295.60477,5.2177124,5.53095
-323.74802,296.0088,5.18651,5.5549054
-322.83023,296.40582,5.155308,5.5788608
-321.90945,296.7959,5.1241055,5.602816
-320.9858,297.17908,5.0929027,5.6267715
-320.05936,297.5554,5.068273,5.6468925
-319.13016,297.9249,5.0443172,5.6666207
-318.1983,298.28766,5.020362,5.686349
-317.26385,298.64374,4.996406,5.706077
-316.32693,298.99316,4.9724507,5.7258053
-315.38757,299.33603,4.96533,5.735127
-314.44586,299.6724,4.959295,5.7437778
-313.50186,300.0023,4.9532595,5.7524285
-312.55566,300.32578,4.9472237,5.7610793
-311.6073,300.64294,4.9411883,5.76973
-310.6569,300.95386,4.935354,5.7783713
-309.70447,301.25854,4.9295263,5.787013
-308.7501,301.5571,4.9236984,5.7956543
-307.79385,301.84958,4.9178705,5.8042955
-306.8358,302.13608,4.9120426,5.8129373
-305.87598,302.4166,4.9217625,5.807421
-304.91446,302.69125,4.9315968,5.801802
-303.9513,302.9601,4.9414306,5.7961826
-302.98657,303.22324,4.951265,5.790563
-302.0203,303.48068,4.961356,5.784706
-301.05255,303.7325,4.9968295,5.755446
-300.08337,303.97882,5.0323024,5.7261853
-299.11285,304.21967,5.0677757,5.696925
-298.141,304.4551,5.103249,5.667665
-297.16785,304.68524,5.138721,5.638409
-296.19348,304.9101,5.1741476,5.6093874
-295.21793,305.12976,5.209574,5.5803657
-294.24124,305.3443,5.245001,5.551344
-293.26343,305.5538,5.2804275,5.522322
-292.2846,305.7583,5.315853,5.493301
-291.30475,305.9579,5.351242,5.46431
-290.3239,306.15265,5.3866305,5.4353194
-289.34213,306.34262,5.4220195,5.4063287
-288.35947,306.52786,5.457408,5.377338
-287.37595,306.70847,5.492117,5.348937
-286.3916,306.88452,5.4973116,5.34614
-285.40643,307.05606,5.5025063,5.343343
-284.42053,307.22314,5.507701,5.3405457
-283.43387,307.3859,5.512896,5.3377485
-282.44653,307.5443,5.517561,5.335411
-281.4585,307.6985,5.4923916,5.3589826
-280.46985,307.8485,5.4672217,5.3825545
-279.48056,307.99445,5.442052,5.406126
-278.4907,308.1363,5.4168825,5.4296975
-277.50027,308.2742,5.3917127,5.453267
-276.5093,308.4082,5.3665323,5.476649
-275.51785,308.53833,5.341352,5.5000305
-274.52588,308.6647,5.3161716,5.523412
-273.53348,308.78738,5.2909913,5.546794
-272.5406,308.9064,5.2659054,5.5700784
-271.5473,309.02188,5.2533045,5.5804787
-270.55362,309.13388,5.240704,5.5908794
-269.55957,309.24252,5.228103,5.6012797
-268.56516,309.34787,5.2155027,5.6116805
-267.5704,309.45007,5.203279,5.62169
-266.57535,309.5492,5.239102,5.5818644
-265.58002,309.64532,5.2749248,5.542039
-264.58438,309.73862,5.3107476,5.5022135
-263.58853,309.8291,5.34657,5.4623885
-262.5924,309.9169,5.382391,5.422563
-261.59607,310.00214,5.418025,5.382725
-260.59952,310.08487,5.453659,5.342887
-259.60278,310.16525,5.4892926,5.303049
-258.60583,310.24332,5.5249267,5.2632113
-257.60876,310.3192,5.560564,5.2233763
-256.6115,310.39304,5.5964036,5.1837325
-255.6141,310.46487,5.632243,5.1440887
-254.61658,310.53482,5.6680827,5.104445
-253.61893,310.60297,5.7039223,5.064801
-252.62115,310.66946,5.738485,5.026502
-251.62329,310.73438,5.714257,5.05013
-250.62532,310.7978,5.690028,5.0737576
-249.62727,310.8598,5.6658,5.0973854
-248.62915,310.92056,5.6415715,5.1210127
-247.63094,310.98013,5.616893,5.1451235
-246.63268,311.0386,5.5760436,5.1865735
-245.63435,311.0961,5.535194,5.2280235
-244.63597,311.1527,5.4943447,5.2694736
-243.63756,311.20856,5.4534955,5.3109236
-242.6391,311.26376,5.4126463,5.3523736
-241.64063,311.3184,5.3717947,5.393826
-240.6421,311.37253,5.3309436,5.435278
-239.64357,311.42627,5.290092,5.47673
-238.64502,311.47968,5.249241,5.5181823
-237.64645,311.5328,5.208634,5.5593896
-236.64789,311.5857,5.173989,5.5946355
-235.64929,311.63837,5.1393437,5.629882
-234.6507,311.6908,5.104698,5.6651278
-233.65207,311.743,5.070053,5.7003736
-232.65344,311.79498,5.0371933,5.733862
-231.65482,311.8467,5.041399,5.730858
-230.65616,311.8982,5.045604,5.7278543
-229.65749,311.94943,5.04981,5.72485
-228.65881,312.00043,5.054015,5.721846
-227.66013,312.0512,5.058221,5.7188315
-226.66142,312.10178,5.062426,5.7156277
-225.66272,312.1521,5.0666313,5.712424
-224.664,312.2022,5.0708365,5.7092195
-223.66527,312.25214,5.075042,5.7060156
-222.66652,312.30182,5.0792475,5.702823
-221.66777,312.3513,5.083452,5.69982
-220.669,312.40057,5.087657,5.6968164
-219.67023,312.44965,5.0918617,5.693813
-218.67145,312.4985,5.096067,5.6908092
-217.67265,312.54715,5.1002717,5.6877933
-216.67386,312.59564,5.104476,5.68459
-215.67503,312.64392,5.1086802,5.6813865
-214.67622,312.69202,5.1128845,5.6781836
-213.67738,312.7399,5.1170883,5.67498
-212.67854,312.7876,5.121279,5.671791
-211.6797,312.83514,5.125282,5.6687884
-210.68085,312.88248,5.1292853,5.6657863
-209.68198,312.92966,5.1332884,5.6627836
-208.6831,312.97665,5.137292,5.6597815
-207.68422,313.0235,5.1413097,5.656764
-206.68533,313.07022,5.145512,5.6535625
-205.68645,313.11676,5.1497145,5.6503606
-204.68755,313.1631,5.153917,5.6471586
-203.68863,313.20917,5.158119,5.643957
-202.6897,313.255,5.162321,5.6407704
-201.69075,313.30054,5.1665225,5.6377697
-200.6918,313.3457,5.1707244,5.6347685
-199.69283,313.39047,5.174926,5.6317673
-198.69383,313.43478,5.179127,5.6287665
-197.69481,313.47855,5.1833286,5.6257653
-196.69576,313.52173,5.1875296,5.6227646
-195.69669,313.56424,5.1917305,5.619764
-194.69759,313.60608,5.1959314,5.616763
-193.69846,313.6472,5.2001324,5.6137624
-192.69928,313.68747,5.2043333,5.610746
-191.70009,313.7269,5.2085342,5.6075454
-190.70085,313.7654,5.212735,5.6043444
-189.70158,313.80295,5.216936,5.601144
-188.70227,313.8395,5.221137,5.5979433
-187.70291,313.87497,5.225338,5.5947585
-186.70352,313.9093,5.2295394,5.591758
-185.7041,313.94244,5.2337403,5.588757
-184.70464,313.97437,5.2379413,5.5857563
-183.70512,314.00497,5.2421427,5.582755
-182.70557,314.03427,5.2463436,5.579738
-181.70598,314.06213,5.2505455,5.5765367
-180.70636,314.08853,5.254747,5.5733356
-179.70668,314.11346,5.258949,5.570134
-178.70699,314.1368,5.26315,5.566933
-177.70724,314.15857,5.267335,5.563749
-176.70746,314.17865,5.271337,5.560747
-175.70766,314.197,5.275339,5.5577455
-174.70781,314.21356,5.279341,5.5547442
-173.70795,314.22827,5.2833433,5.5517426
-172.70805,314.24103,5.2873626,5.548741
-171.70813,314.25183,5.2915654,5.545739
-170.70819,314.26068,5.295768,5.542737
-169.70824,314.26764,5.2999706,5.5397353
-168.70827,314.27277,5.3041735,5.536733
-167.7083,314.2761,5.308233,5.5337853
-166.70833,314.27768,5.3108344,5.5313835
-165.70834,314.2776,5.313436,5.528982
-164.70836,314.2759,5.316038,5.5265803
-163.70839,314.27274,5.3186398,5.5241785
-162.70842,314.26816,5.3212414,5.521777
-161.70847,314.26227,5.323843,5.5193753
-160.70851,314.2551,5.326445,5.516974
-159.70857,314.24673,5.3290467,5.514572
-158.70863,314.23727,5.3316483,5.512171
-157.70871,314.2268,5.33425,5.5097885
-156.7088,314.21536,5.3368516,5.507587
-155.7089,314.20303,5.339453,5.505386
-154.709,314.1899,5.342055,5.5031843
-153.70912,314.17603,5.3446565,5.5009828
-152.70926,314.16153,5.347258,5.4987617
-151.70938,314.14645,5.3498597,5.4963603
-150.70953,314.13086,5.352461,5.493959
-149.70969,314.11487,5.3550625,5.4915576
-148.70984,314.0985,5.357664,5.4891562
-147.70999,314.0819,5.360286,5.486755
-146.71016,314.0651,5.3630877,5.4843535
-145.71033,314.0482,5.365889,5.481952
-144.7105,314.03122,5.368691,5.479551
-143.71065,314.01428,5.3714924,5.4771495
-142.71082,313.99747,5.374273,5.474769
-141.71098,313.98083,5.3768744,5.4725676
-140.71114,313.96448,5.379476,5.4703665
-139.71129,313.94846,5.3820777,5.468165
-138.71143,313.93286,5.3846793,5.465964
-137.71156,313.9178,5.3872805,5.463741
-136.71169,313.90326,5.389882,5.4613395
-135.7118,313.8893,5.3924837,5.458938
-134.71191,313.87592,5.3950853,5.456537
-133.71202,313.8631,5.397687,5.454135
-132.71213,313.85086,5.4002886,5.4517336
-131.71222,313.8392,5.40289,5.449332
-130.7123,313.8281,5.405492,5.4469304
-129.71237,313.81754,5.4080935,5.444529
-128.71245,313.80753,5.4106956,5.442127
-127.71251,313.7981,5.41332,5.439749
-126.71257,313.78918,5.416122,5.437547
-125.71263,313.7808,5.4189234,5.4353456
-124.712685,313.77298,5.4217253,5.433144
-123.71273,313.76566,5.424527,5.430943
-122.712776,313.75888,5.4273057,5.4287176
-121.712814,313.75262,5.4299073,5.4263163
-120.71285,313.7469,5.4325094,5.4239144
-119.71289,313.74167,5.435111,5.421513
-118.71292,313.73697,5.4377127,5.4191113
-117.71295,313.73276,5.440315,5.4167094
-116.71298,313.72906,5.4429164,5.414308
-115.71301,313.72583,5.445518,5.4119062
-114.713036,313.7231,5.44812,5.409505
-113.71306,313.7209,5.4507217,5.407103
-112.71308,313.71915,5.4532986,5.4044275
-111.713104,313.7179,5.4557004,5.3998246
-110.71313,313.7171,5.4581017,5.395221
-109.71315,313.7168,5.4605036,5.3906183
-108.71317,313.71695,5.4629054,5.386015
-107.713196,313.71756,5.4652815,5.3812838
-106.71322,313.71863,5.467483,5.37568
-105.71324,313.72015,5.4696846,5.370076
-104.713264,313.72214,5.4718857,5.3644724
-103.71329,313.72455,5.474087,5.358868
-102.71332,313.72742,5.476315,5.3532906
-101.71334,313.7307,5.478717,5.347887
-100.71337,313.73447,5.4811187,5.3424835
-99.7134,313.73862,5.48352,5.3370795
-98.71343,313.7432,5.485922,5.331676
-97.71347,313.7482,5.4882965,5.3262453
-96.71351,313.75363,5.490498,5.3206415
-95.71355,313.75946,5.4926996,5.3150377
-94.713585,313.76572,5.494901,5.309434
-93.71363,313.77234,5.4971023,5.30383
-92.71368,313.7794,5.499304,5.298254
-91.71372,313.78683,5.5015054,5.2928505
-90.713776,313.79468,5.503707,5.287447
-89.71384,313.8029,5.5059085,5.2820435
-88.71389,313.81146,5.5081096,5.2766395
-87.71395,313.82047,5.5103397,5.271208
-86.71402,313.8298,5.512741,5.265604
-85.71409,313.8395,5.5151424,5.2600007
-84.714165,313.8496,5.5175443,5.254397
-83.71424,313.86005,5.5199456,5.248793
-82.71432,313.87085,5.5223184,5.2431893
-81.7144,313.882,5.52452,5.237586
-80.71449,313.8935,5.526721,5.231982
-79.714584,313.90533,5.5289226,5.226379
-78.714676,313.9175,5.531124,5.220775
-77.714775,313.93002,5.533148,5.2156153
-76.71488,313.94287,5.5341487,5.2130136
-75.71499,313.95602,5.535149,5.210412
-74.7151,313.9695,5.53615,5.2078104
-73.715225,313.98334,5.5371504,5.205209
-72.71534,313.99747,5.5377584,5.2033625
-71.71547,314.0119,5.5361576,5.205764
-70.7156,314.02664,5.5345564,5.208165
-69.71574,314.04166,5.5329556,5.210567
-68.71587,314.057,5.5313544,5.2129683
-67.71602,314.07263,5.529784,5.2153387
-66.71616,314.08853,5.5283837,5.2175403
-65.71632,314.10474,5.526983,5.2197413
-64.71648,314.12122,5.525582,5.221943
-63.71664,314.13797,5.524181,5.224144
-62.71681,314.155,5.522749,5.2263765
-61.716976,314.1723,5.5211477,5.2287784
-60.717155,314.18985,5.519547,5.2311797
-59.717335,314.20764,5.5179462,5.233581
-58.717518,314.2257,5.516345,5.2359824
-57.71771,314.24402,5.5147443,5.238384
-56.717903,314.26257,5.5131435,5.240785
-55.7181,314.2814,5.5115423,5.2431865
-54.718304,314.3004,5.5099416,5.245588
-53.718513,314.3197,5.508341,5.247989
-52.718723,314.3392,5.506772,5.2503905
-51.71894,314.35892,5.5053716,5.252792
-50.719162,314.37885,5.5039706,5.255193
-49.719387,314.39902,5.50257,5.2575946
-48.719616,314.41937,5.501169,5.2599955
-47.71985,314.43994,5.4997354,5.262397
-46.72009,314.46072,5.4981346,5.264798
-45.72033,314.4817,5.4965334,5.2671995
-44.720573,314.50287,5.4949327,5.269601
-43.720825,314.52423,5.493332,5.272002
-42.721077,314.54578,5.4917645,5.2744036
-41.721336,314.5675,5.490364,5.276805
-40.7216,314.5894,5.488963,5.279206
-39.721863,314.61148,5.4875627,5.281607
-38.722134,314.63373,5.4861617,5.2840085
-37.722404,314.65613,5.484727,5.28641
-36.722683,314.67868,5.483126,5.288811
-35.72296,314.70142,5.481525,5.2912126
-34.723248,314.7243,5.479924,5.2936134
-33.723534,314.7473,5.4783235,5.296015
-32.723824,314.77048,5.4767227,5.298416
-31.724117,314.7938,5.475122,5.3008175
-30.724413,314.81723,5.4735208,5.303219
-29.724712,314.8408,5.47192,5.3056197
-28.725016,314.86447,5.4703193,5.308021
-27.72532,314.8883,5.468754,5.3104224
-26.72563,314.91223,5.467353,5.312824
-25.72594,314.93628,5.465952,5.315225
-24.726254,314.96042,5.4645514,5.317626
-23.72657,314.98468,5.4631505,5.3200274
-22.726889,315.00903,5.4617143,5.3224287
-21.72721,315.0335,5.4601135,5.32483
-20.727533,315.05804,5.4585123,5.3272314
-19.727858,315.08267,5.4569116,5.3296323
-18.728186,315.1074,5.455311,5.3320336
-17.728516,315.1322,5.4537463,5.334435
-16.728846,315.15707,5.4523454,5.3368363
-15.729179,315.182,5.450945,5.3392377
-14.729514,315.20703,5.449544,5.341639
-13.72985,315.2321,5.4481435,5.34404
-12.730188,315.2572,5.446706,5.3464413
-11.730527,315.2824,5.445105,5.3488426
-10.730867,315.30762,5.443504,5.351244
-9.731209,315.33292,5.441903,5.3536453
-8.731551,315.35822,5.4403024,5.3560467
-7.731894,315.38358,5.438701,5.358448
-6.7322383,315.40897,5.4371004,5.3608494
-5.732583,315.43436,5.4354997,5.3632507
-4.7329283,315.4598,5.433899,5.365652
-3.7332745,315.48526,5.4322977,5.3680534
-2.7336206,315.51074,5.4307346,5.370455
-1.7339673,315.53622,5.429334,5.372856
-0.7343143,315.5617,5.427933,5.3752575
0.26533842,315.58722,5.4265323,5.377659
1.2649909,315.61273,5.425132,5.38006
2.2646432,315.63828,5.423692,5.3824615
3.264295,315.6638,5.4220915,5.384863
4.263947,315.68933,5.4204903,5.3872643
5.2635984,315.7149,5.4188895,5.3896656
6.2632504,315.74045,5.417289,5.392067
7.2629013,315.76602,5.4156876,5.3944683
8.262553,315.79156,5.414087,5.39687
9.262204,315.81714,5.4124856,5.3992715
10.261855,315.8427,5.410885,5.401673
11.261506,315.8683,5.4092836,5.404074
12.261158,315.89386,5.4077225,5.4064755
13.260809,315.91943,5.4063215,5.4088774
14.26046,315.94498,5.4049206,5.4112787
15.260112,315.97055,5.40352,5.41368
16.259764,315.9961,5.402119,5.4160814
17.259415,316.02167,5.400678,5.4184833
18.259066,316.0472,5.399077,5.4208846
19.258718,316.07275,5.3974757,5.423286
20.258371,316.09827,5.395875,5.425688
21.258022,316.12378,5.3942738,5.428089
22.257675,316.1493,5.3930817,5.4297957
23.257328,316.1748,5.393482,5.428795
24.25698,316.2003,5.3938823,5.4277945
25.256636,316.22577,5.3942823,5.4267936
26.256289,316.25122,5.394683,5.425793
27.255943,316.27667,5.3951244,5.424751
28.255598,316.3021,5.395725,5.42355
29.255253,316.3275,5.396325,5.4223495
30.25491,316.3529,5.3969254,5.421149
31.254566,316.37827,5.3975263,5.419948
32.254223,316.40363,5.3981266,5.418747
33.25388,316.42896,5.398727,5.4175463
34.253536,316.45428,5.3993273,5.4163456
35.253197,316.47955,5.3999276,5.415145
36.252853,316.50482,5.400528,5.4139442
37.252514,316.53006,5.4011283,5.412743
38.252174,316.55527,5.4017286,5.4115424
39.251835,316.58047,5.402329,5.4103417
40.251495,316.60562,5.4029293,5.409141
41.25116,316.63074,5.40353,5.4079404
42.250824,316.65585,5.404087,5.406739
43.250484,316.6809,5.404487,5.4055386
44.250153,316.70596,5.404887,5.404338
45.249817,316.73096,5.4052877,5.403137
46.24948,316.75592,5.405688,5.4019365
47.24915,316.78085,5.406132,5.4007354
48.248817,316.80576,5.4067326,5.3995347
49.248486,316.8306,5.407333,5.398334
50.248158,316.85544,5.407933,5.3971334
51.24783,316.88022,5.4085336,5.3959327
52.2475,316.90497,5.409134,5.3947315
53.247173,316.92966,5.4097347,5.393531
54.246845,316.9543,5.410335,5.39233
55.24652,316.97894,5.4109354,5.3911295
56.246197,317.0035,5.4115357,5.389929
57.245876,317.02805,5.412091,5.3887277
58.245552,317.05252,5.412491,5.387527
59.24523,317.07697,5.4128914,5.3863263
60.244915,317.10135,5.4132915,5.3851256
61.244595,317.1257,5.4136915,5.383925
62.244278,317.15,5.414138,5.3827243
63.243965,317.17422,5.414738,5.381523
64.24365,317.1984,5.4153385,5.3803225
65.24334,317.22253,5.4159393,5.379122
66.24303,317.2466,5.4165397,5.377921
67.242714,317.27063,5.41714,5.3767204
68.2424,317.29462,5.4177403,5.3755198
69.242096,317.31854,5.4183407,5.3743186
70.24179,317.34238,5.418941,5.373118
71.241486,317.36618,5.4195414,5.3719172
72.24118,317.38992,5.4200945,5.3707166
73.240875,317.4136,5.4204946,5.369516
74.24058,317.4372,5.420895,5.368315
75.24028,317.46075,5.421295,5.3671145
76.23998,317.48425,5.421695,5.365914
77.239685,317.50766,5.4221435,5.3647127
78.23939,317.53104,5.422744,5.363512
79.2391,317.55432,5.423344,5.3623114
80.23881,317.57755,5.4239445,5.3611107
81.23852,317.6007,5.424545,5.35991
82.23823,317.62378,5.425145,5.3587093
83.23794,317.6468,5.4257455,5.3575087
84.237656,317.66974,5.426346,5.356308
85.23737,317.6926,5.426946,5.3551073
86.23709,317.7154,5.427547,5.3539066
87.23681,317.73813,5.428098,5.352706
88.236534,317.76077,5.4284983,5.3515053
89.23625,317.78336,5.4288983,5.3503046
90.23598,317.80585,5.429299,5.349104
91.23571,317.82825,5.429699,5.3479033
92.235435,317.8506,5.4301486,5.346752
93.23517,317.87283,5.430749,5.3457513
94.2349,317.89502,5.4313493,5.344751
95.234634,317.9171,5.4319496,5.3437505
96.23437,317.93912,5.43255,5.3427496
97.23411,317.96103,5.4331503,5.341699
98.23385,317.98288,5.4337506,5.3404984
99.23359,318.0046,5.434351,5.339298
100.23333,318.02628,5.4349513,5.338097
101.23308,318.04785,5.4355516,5.3368964
102.23283,318.06934,5.4361014,5.3356957
103.232574,318.09073,5.4365015,5.334495
104.23232,318.11203,5.4369016,5.333295
105.23208,318.13324,5.437302,5.332094
106.231834,318.15436,5.437702,5.3308935
107.23159,318.17538,5.4381537,5.329693
108.231346,318.19632,5.438754,5.328492
109.23111,318.21716,5.439354,5.3272915
110.23087,318.23788,5.4399543,5.3260913
111.23064,318.2585,5.4405546,5.3248906
112.23041,318.27905,5.441155,5.32369
113.23017,318.2995,5.4417553,5.3224893
114.22994,318.31982,5.4423556,5.3212886
115.22972,318.34006,5.442956,5.3200884
116.22949,318.3602,5.4435563,5.3188877
117.22927,318.38022,5.4441566,5.317687
118.22905,318.40015,5.4447565,5.316487
119.228836,318.41995,5.445357,5.315286
120.228615,318.43967,5.445957,5.3140855
121.2284,318.45926,5.4465575,5.3128853
122.228195,318.47876,5.447105,5.3116846
123.22798,318.49814,5.4475055,5.310484
124.227776,318.5174,5.4479055,5.3092837
125.22757,318.53656,5.4483056,5.308083
126.22736,318.5556,5.4487057,5.306883
127.227165,318.57455,5.449159,5.305682
128.22696,318.59335,5.449759,5.3044815
129.22678,318.61206,5.4503593,5.3032813
130.22658,318.63065,5.4509597,5.3020806
131.22638,318.6491,5.45156,5.3008804
132.2262,318.66745,5.45216,5.2996798
133.226,318.68567,5.45276,5.2984796
134.22581,318.70383,5.4533606,5.2972794
135.22563,318.72195,5.4539604,5.2960787
136.22545,318.7401,5.4545608,5.2948785
137.22525,318.75836,5.455107,5.293678
138.22507,318.77676,5.4555073,5.2924776
139.22487,318.79535,5.455908,5.2912774
140.22467,318.81418,5.456308,5.2900767
141.22447,318.8333,5.456708,5.2888765
142.22426,318.85278,5.457162,5.2876763
143.22403,318.87268,5.4577622,5.2864757
144.2238,318.89307,5.458362,5.2852755
145.22357,318.91394,5.4589624,5.2840753
146.22331,318.9354,5.459563,5.2828746
147.22305,318.9575,5.4601626,5.2816744
148.22276,318.98022,5.460763,5.280474
149.22247,319.00372,5.461363,5.279274
150.22215,319.028,5.461963,5.278074
151.22182,319.05313,5.4625635,5.276873
152.22145,319.07916,5.463109,5.275673
153.22107,319.10614,5.463509,5.2744727
154.22066,319.13412,5.463909,5.2732725
155.22021,319.16318,5.464309,5.2720723
156.21974,319.19333,5.4647093,5.270872
157.21922,319.2246,5.465164,5.269672
158.21867,319.25714,5.465764,5.2684717
159.21808,319.29092,5.4663644,5.2672715
160.21744,319.32608,5.4669642,5.2660713
161.21675,319.3626,5.467564,5.2648716
162.216,319.4006,5.4681644,5.2636714
163.2152,319.44012,5.4687643,5.262471
164.21434,319.48117,5.469364,5.2612715
165.21341,319.5238,5.469964,5.2600718
166.2124,319.56796,5.4705644,5.2588716
167.21133,319.61374,5.4711094,5.257672
168.2102,319.66095,5.4715095,5.2564716
169.20901,319.7092,5.4719095,5.255272
170.2078,319.75803,5.4723096,5.2540717
171.20657,319.80704,5.472709,5.252872
172.20537,319.85577,5.473164,5.251672
173.2042,319.90378,5.4737644,5.250471
174.20306,319.95065,5.4743648,5.2492704
175.20203,319.99597,5.474965,5.2480693
176.20105,320.03937,5.475566,5.2468686
177.2002,320.0804,5.4761662,5.2456675
178.19943,320.11868,5.4767675,5.244465
179.1988,320.15375,5.477369,5.243262
180.19829,320.18518,5.47797,5.242059
181.19789,320.2126,5.478572,5.2408566
182.1976,320.2355,5.4791155,5.239653
183.19742,320.25354,5.4795175,5.238448
184.19731,320.26624,5.479919,5.237243
185.19727,320.27316,5.4803205,5.236038
186.19724,320.27393,5.4807224,5.2348332
187.1972,320.26804,5.468217,5.236606
188.1971,320.25513,5.4267807,5.2450542
189.19685,320.2347,5.385344,5.253503
190.19644,320.20642,5.343908,5.261951
191.19574,320.16983,5.3024716,5.270399
192.19469,320.12448,5.240763,5.2833896
193.19318,320.06995,5.139174,5.305317
194.19109,320.00586,5.037585,5.3272443
195.18831,319.9317,4.935995,5.349171
196.1847,319.84708,4.8344054,5.3710985
197.1801,319.75153,4.777343,5.41283
198.17435,319.6447,4.797405,5.4888644
199.1673,319.52637,4.8174663,5.564898
200.15875,319.3962,4.837528,5.640932
201.14856,319.25394,4.85759,5.7169666
202.1365,319.09933,4.8880563,5.7548575
203.12242,318.93222,4.9353943,5.730889
204.10612,318.75262,4.9827323,5.70692
205.08748,318.56058,5.0300703,5.682952
206.06633,318.35608,5.0774074,5.6589837
207.04248,318.1392,5.112752,5.642207
208.01581,317.90985,5.128096,5.6374245
208.9861,317.66806,5.1434402,5.632642
209.9532,317.41376,5.158785,5.627859
210.9169,317.14688,5.174129,5.6230764
211.87703,316.8674,5.1906805,5.6036534
212.83337,316.5753,5.209409,5.557829
213.78575,316.27048,5.2281375,5.512004
214.73396,315.9529,5.2468657,5.4661794
215.67778,315.62253,5.2655945,5.4203544
216.61702,315.27936,5.287228,5.3549066
217.55145,314.92328,5.314563,5.2509537
218.48083,314.55426,5.341898,5.1470017
219.40495,314.1722,5.3692327,5.043049
220.32356,313.77713,5.396568,4.939096
221.23642,313.36893,5.413632,4.877143
222.14326,312.94754,5.4094315,4.9021454
223.04385,312.51294,5.4052315,4.9271474
223.93793,312.06506,5.401031,4.9521494
224.8252,311.60388,5.3968306,4.9771514
225.70541,311.12936,5.3877864,5.021536
226.57826,310.64145,5.368733,5.105973
227.44345,310.14008,5.3496795,5.19041
228.30067,309.62518,5.330626,5.2748475
229.14958,309.0967,5.311572,5.3592854
229.98985,308.5546,5.291821,5.4375625
230.82118,307.9989,5.270717,5.503889
231.64334,307.4297,5.2496133,5.570215
232.45605,306.84708,5.2285094,5.636541
233.2591,306.2512,5.2074056,5.7028675
234.05222,305.64218,5.18402,5.751311
234.8352,305.0202,5.1566606,5.7686114
235.60794,304.38553,5.1293015,5.7859125
236.3703,303.73843,5.1019425,5.8032126
237.12216,303.07916,5.0745835,5.8205132
237.86342,302.408,5.0473027,5.837894
238.59395,301.72516,5.0201426,5.8553967
239.31364,301.03088,4.9929824,5.8729
240.02235,300.32544,4.965822,5.8904033
240.71997,299.609,4.938662,5.907907
241.40637,298.88184,4.915166,5.9220023
242.08147,298.14413,4.8966603,5.931456
242.74512,297.39615,4.8781548,5.94091
243.39725,296.63806,4.8596497,5.9503636
244.03773,295.87015,4.841144,5.9598174
244.66649,295.0926,4.845176,5.9486427
245.2834,294.3056,4.876553,5.912439
245.88838,293.5094,4.9079294,5.8762355
246.48134,292.7042,4.939306,5.840032
247.06216,291.8902,4.970682,5.8038282
247.63075,291.06763,5.0004225,5.7688737
248.18703,290.23666,5.0283904,5.735272
248.73087,289.3975,5.0563583,5.7016706
249.26216,288.55035,5.084326,5.668069
249.78079,287.6954,5.1122932,5.6344676
250.28668,286.83282,5.1233296,5.6129675
250.77971,285.96286,5.118093,5.603099
251.25981,285.08566,5.1128564,5.59323
251.72691,284.2015,5.10762,5.5833607
252.18094,283.31055,5.102383,5.573491
252.62184,282.41302,5.117351,5.557359
253.04979,281.50925,5.1491914,5.5359983
253.46523,280.59967,5.1810308,5.5146375
253.86858,279.68466,5.2128696,5.493277
254.2603,278.7646,5.244709,5.4719167
254.64084,277.83987,5.3212256,5.4365387
255.01067,276.9108,5.4297585,5.3911157
255.37022,275.9777,5.5382924,5.3456926
255.71999,275.0409,5.6468263,5.300269
256.06046,274.10065,5.75536,5.2548456
256.39206,273.15726,5.8004303,5.240888
256.7153,272.21097,5.804433,5.2472925
257.03067,271.26202,5.8084354,5.2536964
257.33865,270.31067,5.812438,5.260101
257.63977,269.3571,5.8164406,5.266505
257.93445,268.40155,5.809484,5.278489
258.22327,267.44418,5.795532,5.2940354
258.50662,266.4852,5.7815804,5.3095818
258.7851,265.52475,5.767629,5.3251276
259.0591,264.56305,5.7536774,5.340674
259.3292,263.60025,5.73963,5.356195
259.5958,262.63647,5.7255173,5.3716993
259.85944,261.67188,5.7114043,5.3872037
260.12054,260.70657,5.6972914,5.402708
260.3796,259.74075,5.6831784,5.4182124
260.6371,258.77448,5.66907,5.433712
260.89352,257.80795,5.6549644,5.449208
261.1494,256.84125,5.640859,5.464704
261.40524,255.87456,5.626754,5.4802
261.6616,254.90799,5.6126485,5.4956956
261.9189,253.9417,5.5986347,5.5111017
262.17767,252.97578,5.584702,5.5264277
262.4382,252.01033,5.5707693,5.5417533
262.7008,251.04546,5.556837,5.5570793
262.96582,250.08122,5.5429044,5.5724053
263.23355,249.11777,5.528849,5.587856
263.50412,248.15508,5.5146737,5.603429
263.7773,247.19315,5.5004983,5.619002
264.05295,246.2319,5.4863234,5.6345744
264.3309,245.27133,5.472148,5.6501474
264.61096,244.31137,5.457956,5.665739
264.89297,243.35199,5.443746,5.6813498
265.1769,242.39317,5.429536,5.6969604
265.46262,241.43488,5.415326,5.712571
265.75,240.47708,5.4011164,5.728182
266.03897,239.51976,5.386995,5.743806
266.3294,238.5629,5.3729615,5.759443
266.6212,237.60643,5.358928,5.77508
266.9142,236.65036,5.344895,5.790717
267.20837,235.69461,5.3308616,5.8063545
267.5035,234.73918,5.3236923,5.8111286
267.79953,233.78403,5.32309,5.8055096
268.0963,232.8291,5.3224883,5.7998905
268.39374,231.87437,5.321886,5.7942715
268.69168,230.91982,5.3212843,5.7886524
268.99002,229.9654,5.3208942,5.7827144
269.2887,229.01105,5.3206935,5.776491
269.58752,228.05676,5.3204927,5.770268
269.8864,227.10251,5.320292,5.7640443
270.18527,226.14822,5.320091,5.757821
270.48398,225.19391,5.3197803,5.751599
270.78238,224.23949,5.3193793,5.745377
271.08038,223.28494,5.318978,5.7391553
271.37784,222.33023,5.3185763,5.7329335
271.67462,221.3753,5.318175,5.7267118
271.97058,220.42014,5.317887,5.720493
272.2657,219.46469,5.3176866,5.7142763
272.55984,218.50896,5.317486,5.7080603
272.853,217.55292,5.317285,5.7018437
273.14517,216.59657,5.317085,5.695627
273.43625,215.6399,5.3168845,5.689415
273.7263,214.6829,5.3166842,5.683205
274.01532,213.72562,5.3164835,5.6769958
274.3034,212.76802,5.316283,5.670786
274.59055,211.81017,5.316083,5.6645765
274.87683,210.85204,5.3158827,5.6584873
275.16226,209.89366,5.315683,5.652484
275.4469,208.93506,5.3154826,5.64648
275.73077,207.97621,5.3152823,5.6404767
276.0139,207.01715,5.3150826,5.634473
276.29626,206.05786,5.3148823,5.6283545
276.57794,205.09837,5.3146825,5.622155
276.85895,204.1387,5.3144827,5.6159563
277.13934,203.17883,5.3142824,5.6097574
277.41913,202.2188,5.3140826,5.603558
277.69836,201.25859,5.313883,5.597361
277.97705,200.29823,5.3136826,5.5911655
278.25525,199.33774,5.3134828,5.5849695
278.53296,198.37709,5.313283,5.578774
278.8102,197.41632,5.313083,5.5725784
279.08707,196.45543,5.3128834,5.566384
279.36356,195.49443,5.3126836,5.56019
279.63968,194.53334,5.312484,5.5539966
279.91547,193.57214,5.312284,5.547803
280.19098,192.61087,5.312084,5.5416093
280.46625,191.64952,5.311769,5.535416
280.74127,190.68811,5.3113694,5.5292234
281.0161,189.72664,5.31097,5.5230308
281.2908,188.76512,5.3105702,5.516838
281.56534,187.80357,5.3101707,5.510645
281.83978,186.842,5.3098855,5.504566
282.11414,185.88039,5.3096857,5.498573
282.38846,184.91878,5.309486,5.4925795
282.66278,183.95715,5.309286,5.4865856
282.9371,182.99554,5.3090863,5.4805923
283.2115,182.03395,5.3088865,5.4744844
283.48596,181.07237,5.3086867,5.468289
283.76053,180.11084,5.308487,5.462094
284.03528,179.14934,5.308287,5.455899
284.31018,178.18788,5.3080873,5.449703
284.5853,177.2265,5.307887,5.4435062
284.86063,176.26517,5.3076873,5.437308
285.13626,175.30392,5.3074875,5.4311094
285.41217,174.34277,5.3072877,5.424911
285.68842,173.38171,5.3070874,5.4187126
285.96503,172.42075,5.3068876,5.412512
286.24203,171.4599,5.3066874,5.406309
286.51947,170.49918,5.306487,5.400106
286.79733,169.53859,5.3062873,5.3939033
287.0757,168.57814,5.306087,5.3877
287.3546,167.61783,5.3058867,5.381494
287.63403,166.6577,5.3056865,5.375285
287.91406,165.69772,5.305486,5.3690763
288.1947,164.73793,5.305286,5.362868
288.47598,163.77832,5.3050857,5.356659
288.75793,162.81892,5.3048854,5.350446
289.0406,161.85973,5.3046846,5.34423
289.324,160.90074,5.3044844,5.338014
289.60815,159.942,5.3042836,5.3317986
289.89313,158.98347,5.3040833,5.3255825
290.1789,158.0252,5.3037653,5.3194795
290.46555,157.0672,5.303364,5.313456
290.7531,156.10945,5.3029623,5.3074327
291.0416,155.152,5.302561,5.3014092
291.3311,154.19484,5.302159,5.295386
291.6216,153.23799,5.3018785,5.289237
291.91306,152.28142,5.3016777,5.2830067
292.20526,151.32509,5.3014765,5.276776
292.49802,150.36893,5.3012757,5.2705455
292.79117,149.41289,5.3010745,5.2643147
293.0845,148.4569,5.302765,5.2577133
293.3778,147.5009,5.3055735,5.250893
293.67078,146.5448,5.3083816,5.244073
293.96317,145.58853,5.31119,5.2372527
294.25473,144.632,5.313998,5.2304325
294.5452,143.67514,5.317053,5.22351
294.8344,142.7179,5.3202434,5.2165303
295.12234,141.76027,5.323434,5.209551
295.40894,140.80225,5.3266244,5.2025714
295.69415,139.8438,5.329815,5.195592
295.97787,138.88492,5.3329864,5.1886544
296.25964,137.92545,5.3361464,5.181742
296.53857,136.96516,5.3393064,5.17483
296.8139,136.00385,5.3424664,5.1679177
297.08478,135.04124,5.345626,5.161006
297.3503,134.07716,5.305936,5.178086
297.6084,133.11107,5.2332597,5.2136335
297.85596,132.14223,5.16058,5.2491837
298.0898,131.17,5.0878973,5.284735
298.3068,130.19386,5.015221,5.3202834
298.50366,129.21347,4.994462,5.350207
298.6767,128.2286,5.0252886,5.3745437
298.8217,127.23923,5.056115,5.3988805
298.93433,126.24566,5.086942,5.4232173
299.01025,125.248634,5.1177554,5.4475436
299.04526,124.249344,5.11853,5.468689
299.03552,123.24949,5.096658,5.487436
298.97757,122.25128,5.0747814,5.5061874
298.8677,121.25748,5.052885,5.5249557
298.70215,120.27144,5.0309677,5.543742
298.47797,119.297066,5.050375,5.538919
298.19778,118.33727,5.081871,5.5271854
297.86667,117.393814,5.1133337,5.515464
297.48956,116.46775,5.1447725,5.5037513
297.07104,115.55964,5.176214,5.492038
296.6152,114.66967,5.255461,5.412375
296.1253,113.79799,5.33942,5.3260403
295.60434,112.94449,5.423406,5.239677
295.05524,112.10882,5.5073977,5.153308
294.48074,111.29036,5.5913963,5.066932
293.88348,110.48838,5.6130095,5.0518303
293.2654,109.70232,5.6246243,5.0481524
292.62833,108.931595,5.6362386,5.0444746
291.97385,108.17555,5.6478515,5.0407968
291.30365,107.433426,5.659465,5.0371194
290.6192,106.70443,5.6082187,5.0883284
289.92154,105.98804,5.529456,5.163564
289.21152,105.283905,5.4506884,5.2388053
288.48993,104.59164,5.371919,5.3140473
287.7575,103.91083,5.293149,5.3892903
287.01498,103.24103,5.228131,5.450607
286.26306,102.58184,5.172595,5.5023193
285.5023,101.93288,5.117059,5.554032
284.73325,101.29372,5.061524,5.6057444
283.95648,100.663956,5.005987,5.6574574
283.17258,100.043144,4.991841,5.6929626
282.3821,99.43065,5.002838,5.7186217
281.58588,98.82572,5.013835,5.7442813
280.78452,98.227585,5.0248313,5.7699404
279.9787,97.63544,5.035828,5.795599
279.1691,97.04849,5.080974,5.778973
278.35623,96.46608,5.1399636,5.7452073
277.54056,95.8876,5.198953,5.7114406
276.72253,95.312485,5.2579427,5.6776743
275.90256,94.740105,5.3169317,5.643908
275.0811,94.169914,5.376835,5.608909
274.25815,93.6018,5.4369736,5.5735927
273.43375,93.035835,5.4971128,5.538276
272.60782,92.472115,5.557252,5.5029597
271.7803,91.910706,5.6173906,5.467643
270.95117,91.35169,5.666753,5.4448185
270.12042,90.795074,5.7140656,5.4243703
269.28812,90.24084,5.761378,5.4039216
268.4542,89.68896,5.80869,5.383473
267.61877,89.13942,5.8560023,5.363024
266.7818,88.59221,5.850417,5.405061
265.9433,88.047325,5.83565,5.4579434
265.1033,87.50479,5.8208823,5.510826
264.26178,86.96461,5.806115,5.563709
263.41873,86.426796,5.791348,5.6165915
262.5742,85.891365,5.776446,5.6695256
261.72812,85.35833,5.761518,5.72247
260.88055,84.82769,5.74659,5.7754135
260.03146,84.29947,5.7316623,5.8283577
259.18088,83.77366,5.7167344,5.881302
258.32883,83.25029,5.7265105,5.912122
257.47525,82.72936,5.7418265,5.93798
256.62018,82.210884,5.7571425,5.9638386
255.76361,81.69488,5.772459,5.989697
254.90556,81.18135,5.787775,6.015555
254.04604,80.67032,5.8111258,6.034522
253.185,80.16181,5.83662,6.051651
252.32248,79.655846,5.862114,6.0687795
251.45844,79.15245,5.887608,6.0859084
250.5929,78.651665,5.9131017,6.1030374
249.72583,78.15351,5.9386587,6.1200542
248.85727,77.657974,5.964234,6.137038
247.98723,77.16503,5.9898095,6.1540217
247.11574,76.67467,6.015385,6.1710057
246.24283,76.18685,6.0409603,6.187989
245.3685,75.701546,6.0666037,6.205018
244.49283,75.2187,6.092267,6.22206
243.61584,74.738205,6.117931,6.2391024
242.73764,74.25998,6.1435947,6.256145
241.85825,73.78392,6.169258,6.273187
240.97774,73.309944,6.186073,6.3000817
240.09616,72.83797,6.2003374,6.3298163
239.21355,72.3679,6.214602,6.3595505
238.32997,71.89965,6.228866,6.3892846
237.44548,71.43316,6.2431307,6.419019
236.5601,70.968315,6.2557964,6.450374
235.67392,70.50504,6.2680597,6.4821377
234.78696,70.04325,6.2803226,6.513901
233.89928,69.58284,6.292586,6.545665
233.01093,69.123726,6.3048487,6.5774283
232.12195,68.66581,6.317105,6.6091733
231.2324,68.20901,6.329359,6.6409144
230.34233,67.75323,6.341614,6.672655
229.4518,67.29838,6.353868,6.7043962
228.56082,66.844376,6.3661227,6.7361374
227.66946,66.39112,6.3876944,6.7467723
226.77777,65.93852,6.4109516,6.753589
225.8858,65.48648,6.4342084,6.760406
224.9936,65.03488,6.4574656,6.767223
224.10123,64.58364,6.480723,6.7740393
223.20872,64.132645,6.519024,6.747359
222.31613,63.681835,6.559792,6.7151837
221.42346,63.231155,6.6005607,6.6830087
220.53078,62.780544,6.641329,6.6508336
219.63806,62.32995,6.682097,6.6186585
218.74535,61.879375,6.7225766,6.5864067
217.85242,61.429245,6.7630076,6.554142
216.95897,60.980133,6.803438,6.521877
216.06471,60.532616,6.843869,6.4896116
215.16937,60.087273,6.8842998,6.457347
214.27267,59.64468,6.905451,6.4614677
213.37437,59.205368,6.9227724,6.4728165
212.47421,58.76986,6.940094,6.4841647
211.57198,58.338676,6.957415,6.4955134
210.66743,57.912346,6.974736,6.5068617
209.76036,57.49141,6.978648,6.5438304
208.85051,57.07653,6.9794464,6.5867476
207.9376,56.66842,6.980245,6.629665
207.0214,56.267796,6.9810433,6.672583
206.10162,55.87539,6.981842,6.7155013
205.17812,55.491882,6.92188,6.7519703
204.25085,55.117542,6.846916,6.7868466
203.3199,54.75247,6.771953,6.821722
202.38535,54.396744,6.69699,6.8565984
201.44724,54.050472,6.6220245,6.891475
200.50568,53.713676,6.544784,6.9259324
199.56096,53.38589,6.46702,6.960294
198.61337,53.06644,6.3892565,6.994654
197.66325,52.754635,6.3114944,7.029014
196.71089,52.449783,6.233732,7.063374
195.75653,52.151196,6.2132697,7.0444646
194.80042,51.858253,6.2040257,7.0151253
193.84279,51.570354,6.194782,6.9857855
192.88382,51.2869,6.185538,6.9564457
191.92374,51.00728,6.176294,6.927106
190.9627,50.730904,6.1962385,6.8705077
190.0009,50.45726,6.2209334,6.809474
189.03845,50.185883,6.245628,6.74844
188.0755,49.916283,6.2703223,6.687406
187.11218,49.647987,6.2950172,6.6263723
186.14862,49.380573,6.3196883,6.5652204
185.18484,49.113945,6.344356,6.504052
184.22086,48.848125,6.369024,6.4428835
183.25662,48.58314,6.393692,6.3817153
182.29216,48.31901,6.4183598,6.3205466
181.32745,48.05575,6.427978,6.2937818
180.36252,47.793327,6.435792,6.2711406
179.39738,47.531685,6.4436064,6.2484994
178.43204,47.27077,6.451421,6.225858
177.46652,47.01053,6.4592347,6.203217
176.50084,46.750916,6.458555,6.1999164
175.53499,46.49189,6.4569535,6.198715
174.56898,46.233418,6.455352,6.1975136
173.60286,45.975468,6.45375,6.1963124
172.63658,45.71801,6.4521484,6.1951113
171.6702,45.461014,6.450547,6.193729
170.70369,45.204433,6.4489465,6.1923285
169.73709,44.94824,6.4473457,6.1909275
168.7704,44.69239,6.445745,6.189527
167.80362,44.436848,6.4441442,6.188126
166.83678,44.181576,6.442544,6.186908
165.86987,43.926533,6.4409437,6.1857076
164.90291,43.67169,6.4393435,6.184508
163.9359,43.417015,6.437743,6.1833076
162.96887,43.162468,6.436143,6.1821074
162.0018,42.90801,6.434543,6.1809072
161.03473,42.653606,6.4329433,6.1797075
160.06766,42.399216,6.431343,6.1785073
159.10059,42.144794,6.4297433,6.1773076
158.13353,41.89031,6.4281435,6.1761074
157.1665,41.635715,6.426543,6.1749077
156.19951,41.380997,6.4249434,6.1737075
155.23256,41.12613,6.4233437,6.172508
154.26564,40.871098,6.4217434,6.1713076
153.29878,40.615883,6.4201436,6.170108
152.33197,40.36047,6.4185433,6.1687255
151.36522,40.104866,6.416943,6.1673255
150.39851,39.84907,6.4153433,6.165925
149.43184,39.593098,6.413743,6.164525
148.46523,39.33695,6.4121428,6.163125
147.49866,39.08063,6.4105425,6.1619067
146.53214,38.824154,6.408942,6.1607065
145.56564,38.567513,6.407342,6.1595063
144.59921,38.31071,6.4057417,6.158306
143.63281,38.053753,6.404141,6.157106
142.66644,37.79664,6.4025407,6.1559057
141.70013,37.539375,6.4009404,6.154705
140.73386,37.28196,6.3993397,6.153505
139.76761,37.0244,6.3977394,6.152304
138.8014,36.766697,6.3961387,6.151104
137.83525,36.508858,6.394721,6.149904
136.86913,36.25088,6.39332,6.148703
135.90303,35.99277,6.3919196,6.1475024
134.93697,35.734535,6.390519,6.146302
133.97095,35.47617,6.3891187,6.1451015
133.00494,35.21768,6.3875346,6.143718
132.03899,34.959076,6.385934,6.1423173
131.07306,34.70035,6.384333,6.140917
130.10716,34.441513,6.3827324,6.139516
129.1413,34.182568,6.3811316,6.1381154
128.17546,33.92351,6.379531,6.136898
127.20964,33.664352,6.37793,6.1356974
126.24386,33.40509,6.376329,6.1344967
125.2781,33.145733,6.374728,6.133296
124.31236,32.88628,6.3731275,6.1320953
123.34666,32.626736,6.3715262,6.1308947
122.380974,32.3671,6.3699255,6.129694
121.41531,32.107384,6.3683248,6.1284933
120.44967,31.847582,6.3667235,6.1272926
119.484055,31.587702,6.365123,6.126092
118.518456,31.327745,6.3635216,6.1248913
117.55288,31.067719,6.3619204,6.1236906
116.58732,30.807621,6.3603196,6.1224895
115.62177,30.547457,6.3587184,6.121289
114.65625,30.28723,6.3571177,6.120088
113.69074,30.026941,6.3555164,6.118702
112.72525,29.766598,6.353915,6.117301
111.75977,29.506199,6.352314,6.1159
110.794304,29.24575,6.3507133,6.114499
109.82885,28.985254,6.349112,6.113098
108.86341,28.724714,6.347511,6.111883
107.89798,28.464132,6.3459096,6.1106825
106.93256,28.203512,6.344309,6.1094813
105.967155,27.942856,6.3427076,6.1082807
105.001755,27.68217,6.3411064,6.10708
104.03636,27.421455,6.339505,6.105879
103.07098,27.160715,6.337904,6.104678
102.10559,26.899952,6.3363028,6.103477
101.14022,26.639172,6.3347015,6.1022763
100.17485,26.378372,6.333101,6.1010756
99.20948,26.117563,6.3314996,6.0998745
98.24412,25.856743,6.3298984,6.098674
97.278755,25.595915,6.328297,6.0974727
96.31339,25.335085,6.326696,6.096272
95.34803,25.074253,6.3250947,6.0950713
94.38267,24.813425,6.3234935,6.093682
93.417305,24.552605,6.3218927,6.092281
92.451935,24.291792,6.3202915,6.09088
91.486565,24.030993,6.3186903,6.089479
90.521194,23.770208,6.317089,6.088078
89.55581,23.509443,6.315488,6.086866
88.59042,23.2487,6.3138866,6.085665
87.62504,22.987974,6.312286,6.084464
86.65964,22.72727,6.3106847,6.0832634
85.69424,22.466587,6.3090835,6.0820627
84.72883,22.205923,6.3074822,6.080862
83.76342,21.94528,6.3058815,6.079661
82.798,21.684658,6.3042803,6.07846
81.83257,21.424055,6.302679,6.0772595
80.86715,21.163471,6.301078,6.0760584
79.90171,20.902906,6.299477,6.0748577
78.93627,20.64236,6.297876,6.073657
77.97083,20.381834,6.2962747,6.0724564
77.00538,20.121326,6.294674,6.071255
76.039925,19.860836,6.2930727,6.0700545
75.07447,19.600367,6.2914715,6.0686626
74.10901,19.339912,6.2898707,6.0672617
73.14354,19.079477,6.2882695,6.0658607
72.17806,18.819061,6.286669,6.06446
71.212585,18.558662,6.2850676,6.0630593
70.2471,18.29828,6.283658,6.06185
69.28162,18.037914,6.2822576,6.060649
68.316124,17.777567,6.2808566,6.0594482
67.350624,17.517237,6.2794557,6.0582476
66.385124,17.256922,6.2780547,6.057047
65.41962,16.996626,6.2764616,6.055846
64.45411,16.736343,6.2748604,6.0546455
63.488594,16.476078,6.2732596,6.053445
62.523075,16.21583,6.2716584,6.0522437
61.557552,15.955596,6.2700577,6.051043
60.592022,15.695378,6.2684565,6.0498424
59.62649,15.435177,6.2668557,6.0486417
58.660957,15.17499,6.2652545,6.047441
57.695415,14.914818,6.2636538,6.0462403
56.729874,14.65466,6.2620525,6.0450397
55.764324,14.394518,6.260452,6.0436454
54.798775,14.13439,6.2588506,6.0422444
53.833218,13.874276,6.25725,6.0408435
52.86766,13.614176,6.255649,6.039443
51.902096,13.35409,6.254048,6.038042
50.93653,13.094018,6.252447,6.036835
49.97096,12.83396,6.250846,6.0356345
49.005386,12.573915,6.249245,6.034434
48.03981,12.313883,6.2476444,6.033233
47.074226,12.0538645,6.246043,6.0320325
46.108643,11.793859,6.2444425,6.030832
45.143055,11.533865,6.2428412,6.029631
44.177464,11.273884,6.2412405,6.0284305
43.211872,11.013915,6.2396398,6.02723
42.246273,10.753958,6.2380385,6.026029
41.28067,10.494013,6.236438,6.0248284
40.315067,10.23408,6.234837,6.0236278
39.34946,9.974158,6.233236,6.022427
38.38385,9.714249,6.231635,6.0212264
37.418236,9.4543495,6.2300344,6.0200257
36.45262,9.194461,6.228433,6.018629
35.487003,8.934584,6.2268324,6.0172286
34.52138,8.674717,6.2252316,6.0158277
33.555756,8.414861,6.223631,6.0144267
32.59013,8.155015,6.2220297,6.013026
31.624498,7.895179,6.220429,6.0118217
30.658865,7.6353526,6.218828,6.010621
29.69323,7.3755364,6.217227,6.0094204
28.727592,7.1157293,6.2156262,6.0082197
27.761951,6.8559318,6.2140255,6.007019
26.796309,6.5961432,6.2124248,6.0058184
25.830664,6.3363633,6.2108235,6.0046177
24.865017,6.0765924,6.209223,6.003417
23.899366,5.81683,6.207622,6.0022163
22.933714,5.557076,6.2060213,6.0010157
21.96806,5.2973304,6.20442,5.999815
21.002403,5.0375924,6.2028193,5.9986143
20.036745,4.7778625,6.2012186,5.997414
19.071083,4.5181403,6.199618,5.9962134
18.105421,4.2584257,6.1980166,5.9950128
17.139755,3.9987183,6.196416,5.993614
16.17409,3.739018,6.194815,5.9922132
15.208421,3.4793246,6.1932144,5.9908123
14.242751,3.2196379,6.191613,5.989412
13.277079,2.9599576,6.1900125,5.988011
12.311405,2.7002835,6.1884117,5.986809
11.34573,2.4406157,6.186811,5.985608
10.380053,2.1809535,6.18521,5.9844074
9.414374,1.9212974,6.183609,5.9832067
8.448694,1.661647,6.1820083,5.982006
7.483013,1.402002,6.1804075,5.980806
6.51733,1.1423622,6.178807,5.979605
5.5516458,0.8827276,6.177206,5.9784045
4.5859604,0.6230979,6.175605,5.977204
3.6202734,0.36347285,6.174004,5.976003
2.6545854,0.10385224,6.172603,5.9748025
1.6888961,-0.15576407,6.171202,5.973602
0.72320575,-0.41537628,6.169801,5.972401
-0.24248561,-0.6749845,6.168401,5.9712005
