# x_m,y_m,w_tr_right_m,w_tr_left_m
2.294259,-5.204053,6.746,6.854
3.2857034,-5.0747275,6.7206135,6.854
4.277156,-4.9454618,6.695227,6.854
5.2686157,-4.816256,6.669841,6.854
6.2600837,-4.6871095,6.6444545,6.854
7.251559,-4.5580225,6.619068,6.854
8.243042,-4.428994,6.6044474,6.853003
9.234533,-4.3000245,6.589855,6.8520036
10.226031,-4.1711135,6.575263,6.851004
11.217537,-4.04226,6.5606713,6.8500047
12.209051,-3.913465,6.546079,6.849005
13.200572,-3.7847273,6.5465965,6.846813
14.1921,-3.6560469,6.547196,6.8446145
15.183636,-3.5274234,6.547796,6.842416
16.175179,-3.3988566,6.5483956,6.8402166
17.166729,-3.2703464,6.548995,6.838018
18.158287,-3.1418922,6.5493965,6.8358192
19.149853,-3.013494,6.549796,6.8336205
20.141424,-2.8851514,6.550196,6.831422
21.133003,-2.7568643,6.5505958,6.829223
22.12459,-2.628632,6.550996,6.8270245
23.116184,-2.500455,6.551593,6.8248253
24.107784,-2.3723323,6.5521927,6.8226266
25.099392,-2.2442641,6.5527925,6.820428
26.091005,-2.1162498,6.553392,6.818229
27.082628,-1.9882894,6.553992,6.8160305
28.074257,-1.8603824,6.5543942,6.813635
29.065891,-1.7325287,6.554794,6.811236
30.057533,-1.604728,6.555194,6.8088374
31.049183,-1.47698,6.5555935,6.806439
32.040836,-1.3492845,6.555993,6.8040404
33.0325,-1.2216414,6.5565896,6.801838
34.02417,-1.0940503,6.5571895,6.799639
35.015846,-0.96651083,6.557789,6.7974405
36.007526,-0.8390227,6.5583887,6.795242
36.999218,-0.7115856,6.558988,6.793043
37.990913,-0.58419913,6.559392,6.7908444
38.982613,-0.45686316,6.5597916,6.7886457
39.974323,-0.32957745,6.5601916,6.786447
40.966038,-0.20234178,6.560591,6.7842484
41.95776,-0.0751559,6.560991,6.7820497
42.949486,0.051980387,6.561391,6.779851
43.94122,0.17906737,6.5617905,6.7776523
44.93296,0.30610535,6.56219,6.7754536
45.924706,0.43309462,6.56259,6.773255
46.91646,0.5600355,6.5629897,6.771056
47.90822,0.6869283,6.5635843,6.7688575
48.899982,0.81377316,6.5641837,6.766659
49.891754,0.9405704,6.5647836,6.76446
50.88353,1.0673203,6.5653834,6.7622614
51.875313,1.1940231,6.565983,6.7600627
52.867104,1.3206791,6.566388,6.75767
53.8589,1.4472884,6.566788,6.7552714
54.850697,1.5738516,6.567188,6.752873
55.842506,1.7003686,6.5675874,6.7504745
56.834316,1.82684,6.5679874,6.748076
57.826138,1.9532659,6.5685806,6.745871
58.81796,2.0796466,6.5691805,6.7436724
59.80979,2.2059824,6.56978,6.7414737
60.801624,2.3322737,6.5703797,6.739275
61.793465,2.4585204,6.570979,6.7370763
62.785313,2.5847232,6.571386,6.7348776
63.777164,2.710882,6.5717854,6.732679
64.76902,2.836997,6.5721855,6.73048
65.76089,2.963069,6.572585,6.7282815
66.752754,3.0890977,6.5729847,6.726083
67.74463,3.2150838,6.573577,6.7238846
68.73651,3.3410275,6.574177,6.721686
69.72839,3.4669287,6.574776,6.719487
70.72028,3.592788,6.575376,6.7172885
71.71218,3.7186053,6.5759754,6.71509
72.70408,3.8443813,6.5763836,6.7126994
73.69599,3.9701161,6.576783,6.710301
74.6879,4.09581,6.577183,6.7079024
75.67982,4.221463,6.577583,6.705504
76.67174,4.3470764,6.5779824,6.7031054
77.663666,4.472649,6.578382,6.700898
78.655594,4.598182,6.578782,6.6986995
79.64753,4.7236757,6.5791817,6.696501
80.63947,4.8491297,6.5795813,6.694302
81.631424,4.974545,6.5799813,6.6921034
82.623375,5.099921,6.5805717,6.6899047
83.615326,5.225259,6.581171,6.687706
84.60729,5.3505583,6.581771,6.6855073
85.59926,5.4758196,6.5823703,6.683309
86.591225,5.6010437,6.58297,6.6811104
87.583206,5.72623,6.5833797,6.6789117
88.57518,5.8513794,6.5837793,6.676713
89.56717,5.976492,6.5841794,6.6745143
90.55916,6.1015677,6.584579,6.6723156
91.551155,6.2266073,6.5849786,6.670117
92.54315,6.351611,6.5855675,6.6679187
93.53516,6.4765787,6.5861673,6.66572
94.52716,6.601511,6.5867667,6.6635213
95.51917,6.726408,6.5873666,6.6613226
96.51119,6.8512697,6.587966,6.659124
97.50321,6.976097,6.588377,6.656737
98.49524,7.1008897,6.588777,6.6543384
99.48727,7.225648,6.5891767,6.65194
100.4793,7.3503723,6.5895762,6.6495414
101.47134,7.475063,6.5899763,6.647143
102.46338,7.59972,6.590564,6.6449323
103.45543,7.724344,6.5911636,6.6427336
104.44748,7.848935,6.591763,6.640535
105.43953,7.9734936,6.592363,6.638336
106.43159,8.098021,6.5929623,6.6361375
107.42365,8.222514,6.5933747,6.633939
108.41572,8.346977,6.5937743,6.6317406
109.40779,8.471409,6.5941744,6.629542
110.399864,8.595809,6.594574,6.627343
111.391945,8.720178,6.5949736,6.6251445
112.384026,8.844516,6.5953736,6.622946
113.376114,8.968823,6.595773,6.620747
114.3682,9.093101,6.596173,6.6185484
115.36029,9.217348,6.596573,6.6163497
116.352394,9.341566,6.5969725,6.6141515
117.34449,9.4657545,6.5979304,6.6117663
118.33659,9.589913,6.59893,6.609368
119.328705,9.714045,6.5999293,6.6069694
120.320816,9.838147,6.600929,6.604571
121.312935,9.96222,6.601928,6.6021724
122.30505,10.0862665,6.6036696,6.5995884
123.29717,10.210284,6.6054683,6.59699
124.2893,10.334274,6.6072674,6.594392
125.281425,10.458238,6.609066,6.591793
126.27356,10.582173,6.610865,6.589195
127.26569,10.706083,6.612664,6.5865965
128.25784,10.829967,6.614463,6.583998
129.24998,10.953823,6.616262,6.5813994
130.24213,11.077655,6.6180606,6.578801
131.23427,11.20146,6.6198597,6.576203
132.22643,11.32524,6.621843,6.573604
133.21858,11.448996,6.623842,6.571006
134.21074,11.572725,6.62584,6.5684075
135.2029,11.696431,6.627839,6.5658092
136.19507,11.820112,6.629838,6.5632105
137.18723,11.943769,6.6316533,6.560796
138.1794,12.067403,6.633452,6.5583973
139.17157,12.191013,6.635251,6.555999
140.16376,12.3146,6.6370497,6.5536003
141.15593,12.438165,6.638849,6.551202
142.14812,12.561706,6.6408305,6.54862
143.14029,12.685225,6.6428294,6.5460215
144.13248,12.808722,6.6448283,6.543423
145.12468,12.932198,6.646827,6.540825
146.11687,13.055651,6.648826,6.538226
147.10905,13.179083,6.6506424,6.535628
148.10126,13.302493,6.652441,6.533029
149.09346,13.425883,6.65424,6.530431
150.08566,13.549253,6.656039,6.5278325
151.07787,13.672603,6.657838,6.5252337
152.07008,13.795932,6.6598186,6.5226355
153.06229,13.919242,6.6618176,6.520037
154.0545,14.042532,6.6638165,6.5174384
155.04672,14.165804,6.6658154,6.51484
156.03894,14.289056,6.6678143,6.5122414
157.03116,14.41229,6.669632,6.509643
158.02338,14.535505,6.6714306,6.507045
159.0156,14.658702,6.6732297,6.504446
160.00783,14.781881,6.675029,6.5018477
161.00006,14.905043,6.6768274,6.499249
161.9923,15.028187,6.6786265,6.4966507
162.98453,15.151314,6.6804256,6.494052
163.97676,15.274425,6.6822243,6.4914536
164.969,15.397519,6.6840234,6.488855
165.96123,15.5205965,6.6858225,6.4862566
166.95348,15.643659,6.6878014,6.483658
167.94572,15.766705,6.6898003,6.4810596
168.93796,15.889736,6.691799,6.478461
169.9302,16.012753,6.693798,6.4758625
170.92245,16.135752,6.695797,6.4732637
171.9147,16.258738,6.6976166,6.4706655
172.90697,16.38171,6.699415,6.4680667
173.89922,16.504667,6.7012143,6.465468
174.89148,16.627611,6.7030134,6.4628696
175.88373,16.750542,6.7048125,6.460271
176.87599,16.873459,6.7067904,6.4576726
177.86826,16.996363,6.7087893,6.455074
178.86052,17.119255,6.7107882,6.4524755
179.85278,17.242134,6.712787,6.449877
180.84505,17.365,6.714786,6.447278
181.83731,17.487856,6.7166066,6.4446797
182.82957,17.610699,6.7184057,6.442081
183.82185,17.73353,6.7202044,6.439482
184.81412,17.85635,6.7220035,6.436884
185.8064,17.97916,6.7238026,6.434285
186.79866,18.10196,6.7256017,6.4318643
187.79094,18.224749,6.727401,6.429466
188.78322,18.347527,6.7292,6.427067
189.7755,18.470297,6.730999,6.4246683
190.76778,18.593056,6.7327976,6.4222693
191.76006,18.715807,6.7347746,6.4196935
192.75233,18.838547,6.7367735,6.4170947
193.74461,18.961279,6.7387724,6.414496
194.7369,19.084003,6.7407713,6.411897
195.72919,19.206718,6.74277,6.409299
196.72147,19.329428,6.744592,6.4067
197.71376,19.452127,6.7463913,6.4041014
198.70604,19.57482,6.7481904,6.4015026
199.69833,19.697506,6.7499895,6.398904
200.69061,19.820185,6.7517886,6.396305
201.6829,19.942858,6.753764,6.3937063
202.6752,20.065525,6.755763,6.391108
203.6675,20.188185,6.7577624,6.3885093
204.65977,20.310839,6.7597613,6.3859105
205.65207,20.433489,6.76176,6.3833117
206.64436,20.556133,6.763583,6.380713
207.63666,20.678772,6.7653823,6.378114
208.62895,20.801405,6.7671814,6.3755155
209.62125,20.924036,6.768981,6.3729167
210.61354,21.046661,6.77078,6.370318
211.60583,21.169283,6.772579,6.367719
212.59814,21.2919,6.7743783,6.3651204
213.59044,21.414515,6.7761774,6.3625216
214.58273,21.537127,6.7779765,6.359923
215.57503,21.659735,6.7797756,6.357324
216.56732,21.782341,6.7817497,6.3547254
217.55963,21.904945,6.783749,6.3521266
218.55193,22.027548,6.785748,6.3495274
219.54422,22.150148,6.787747,6.3469286
220.53651,22.272747,6.7897463,6.34433
221.52882,22.395346,6.7915707,6.341731
222.52112,22.517942,6.7933702,6.3391323
223.51341,22.640537,6.7951694,6.3365335
224.50572,22.763134,6.7969685,6.3339343
225.49802,22.885729,6.7987676,6.3313355
226.49031,23.008326,6.800741,6.328737
227.48262,23.13092,6.80274,6.326138
228.47491,23.253517,6.8047395,6.323539
229.46721,23.376116,6.8067384,6.32094
230.4595,23.498714,6.8087378,6.3183413
231.45181,23.621315,6.810563,6.315916
232.4441,23.743917,6.812362,6.313517
233.4364,23.866522,6.814162,6.3111176
234.4287,23.98913,6.815961,6.3087187
235.421,24.111738,6.81776,6.3063197
236.4133,24.23435,6.8197327,6.3037477
237.4056,24.356966,6.821732,6.3011484
238.39789,24.479584,6.823731,6.2985497
239.39018,24.602207,6.8257303,6.2959504
240.38248,24.724833,6.8277297,6.2933517
241.37477,24.847464,6.829556,6.2907524
242.36707,24.970098,6.831355,6.2881536
243.35936,25.092737,6.8331547,6.2855544
244.35165,25.215382,6.834954,6.2829556
245.34395,25.338032,6.8367534,6.2803564
246.33624,25.460686,6.8385525,6.2777576
247.32854,25.583347,6.840352,6.2751584
248.32082,25.706015,6.842151,6.272559
249.31311,25.828688,6.8439507,6.2699604
250.3054,25.951368,6.84575,6.267361
251.29768,26.074055,6.8477216,6.264762
252.28998,26.196749,6.849721,6.262163
253.28226,26.31945,6.8517203,6.259564
254.27455,26.44216,6.853719,6.2569647
255.26683,26.564877,6.8557186,6.2543654
256.25912,26.687603,6.8575463,6.2517667
257.2514,26.810335,6.859346,6.2491674
258.24368,26.933079,6.861145,6.246568
259.23596,27.05583,6.8629446,6.243969
260.22824,27.17859,6.8647437,6.2413697
261.22052,27.301361,6.866715,6.2387705
262.2128,27.42414,6.8687143,6.2361712
263.20505,27.546932,6.8707137,6.233572
264.19733,27.669733,6.872713,6.2309732
265.1896,27.792543,6.8747125,6.228374
266.1819,27.915367,6.8765407,6.225775
267.17416,28.0382,6.8783402,6.2231755
268.1664,28.161045,6.88014,6.2205763
269.1587,28.283901,6.881939,6.2179766
270.15094,28.40677,6.8837385,6.2153773
271.14322,28.52965,6.885538,6.212778
272.13547,28.652544,6.8873377,6.210179
273.12775,28.77545,6.8891373,6.2075796
274.12,28.898369,6.890937,6.2049804
275.11224,29.021301,6.8927364,6.202381
276.10452,29.144247,6.8947062,6.199782
277.09677,29.267206,6.896706,6.197182
278.08902,29.39018,6.8987055,6.194583
279.08127,29.51317,6.900705,6.1919837
280.07352,29.636173,6.9027042,6.189384
281.06577,29.759192,6.9045334,6.186955
282.058,29.882225,6.906333,6.1845555
283.05026,30.005274,6.908133,6.182156
284.04248,30.128338,6.9099326,6.1797566
285.03473,30.25142,6.911732,6.177357
286.02698,30.374516,6.913702,6.1747875
287.0192,30.49763,6.9157014,6.1721883
288.01144,30.620758,6.917701,6.1695886
289.00366,30.743906,6.9197006,6.1669893
289.99588,30.86707,6.9217,6.1643896
290.98813,30.990252,6.9235296,6.1617904
291.98035,31.11345,6.9253297,6.1591907
292.97256,31.236664,6.9271293,6.1565914
293.96478,31.359892,6.928929,6.1539917
294.957,31.483133,6.9307284,6.151392
295.94922,31.606386,6.932528,6.1487927
296.94144,31.729652,6.9343276,6.146193
297.93365,31.85293,6.936127,6.143594
298.92587,31.976217,6.9379272,6.140994
299.9181,32.099514,6.939727,6.138395
300.91028,32.22282,6.9416957,6.1357956
301.9025,32.34613,6.9436955,6.133196
302.8947,32.46945,6.945695,6.1305966
303.88693,32.592777,6.9476943,6.1279974
304.87912,32.716106,6.949694,6.1253977
305.87134,32.839443,6.9515243,6.1227984
306.86356,32.96278,6.9533234,6.120199
307.85574,33.08612,6.955123,6.1176004
308.84796,33.20946,6.9569225,6.115001
309.84015,33.3328,6.9587216,6.112402
310.83237,33.456146,6.96069,6.1098027
311.8246,33.579487,6.9626894,6.107204
312.81677,33.702824,6.9646883,6.1046047
313.809,33.82616,6.9666877,6.102006
314.8012,33.949493,6.968687,6.099407
315.7934,34.072823,6.970517,6.0968084
316.7856,34.196144,6.9723163,6.0942097
317.77783,34.319458,6.9741154,6.091611
318.77005,34.44277,6.9759145,6.0890126
319.76224,34.566067,6.9777136,6.086414
320.75446,34.68936,6.97968,6.0838156
321.74667,34.81264,6.981679,6.0812173
322.7389,34.935913,6.9836774,6.078619
323.7311,35.059174,6.9856763,6.076021
324.72333,35.182423,6.9876747,6.073423
325.71555,35.305656,6.989506,6.070825
326.70776,35.428875,6.9913044,6.0682273
327.69998,35.552082,6.9931026,6.0656295
328.69223,35.67527,6.994901,6.0630317
329.68445,35.798443,6.9966993,6.060434
330.67667,35.921597,6.9984975,6.0580034
331.6689,36.044735,7.0002956,6.055606
332.66113,36.16785,7.002094,6.0532084
333.65338,36.29095,7.0038915,6.0508113
334.64563,36.414024,7.0056896,6.0484138
335.63785,36.53708,7.0076528,6.0458517
336.6301,36.66011,7.00965,6.043255
337.62234,36.78312,7.011647,6.0406585
338.6146,36.906105,7.0136447,6.038062
339.60684,37.02906,7.015642,6.0354652
340.59912,37.151993,7.017475,6.0328693
341.59137,37.2749,7.0192723,6.0302734
342.58365,37.397778,7.021069,6.027678
343.5759,37.520622,7.0228662,6.025082
344.56818,37.643444,7.0246634,6.022486
345.56046,37.76623,7.0266223,6.019891
346.55273,37.888985,7.0286183,6.017296
347.545,38.01171,7.030615,6.014701
348.5373,38.134403,7.032611,6.012106
349.5296,38.25706,7.034607,6.009511
350.52188,38.379684,7.0364423,6.0069165
351.5142,38.502274,7.0382385,6.0043225
352.5065,38.624825,7.0400343,6.001728
353.4988,38.747337,7.0418305,5.999134
354.49112,38.869812,7.0436263,5.9965396
355.48343,38.99224,7.0454216,5.9939466
356.47577,39.114628,7.047217,5.991353
357.46808,39.23698,7.049012,5.98876
358.46042,39.359295,7.0508075,5.9861665
359.45276,39.48158,7.0526032,5.9835734
360.4451,39.603832,7.054553,5.980981
361.43744,39.726048,7.056547,5.978389
362.4298,39.848206,7.0585413,5.9757967
363.42215,39.97029,7.060535,5.973204
364.41455,40.092293,7.062529,5.970612
365.40692,40.214195,7.06437,5.968021
366.39932,40.336037,7.066164,5.96543
367.3917,40.457863,7.067958,5.962838
368.3841,40.579735,7.0697517,5.960247
369.37646,40.701702,7.0715456,5.957656
370.36884,40.823803,7.0734878,5.9550657
371.3612,40.945915,7.07548,5.952476
372.35358,41.067833,7.077472,5.949886
373.346,41.189354,7.0794644,5.947296
374.3385,41.310272,7.081457,5.944706
375.33112,41.43046,7.0833044,5.942261
376.3237,41.550552,7.0850973,5.9398704
377.3162,41.671597,7.08689,5.93748
378.30844,41.794636,7.088683,5.9350896
379.3003,41.92072,7.0904756,5.932699
380.29163,42.05097,7.0922785,5.9301534
381.28214,42.18729,7.094085,5.9275436
382.27145,42.332024,7.095892,5.9249344
383.25912,42.48752,7.0976987,5.922324
384.24463,42.6561,7.099505,5.919715
385.2274,42.840088,7.0995545,5.920039
386.20667,43.041798,7.0989413,5.9214706
387.18158,43.26355,7.0983276,5.922902
388.15115,43.50764,7.0977144,5.9243336
389.1142,43.776314,7.0971007,5.9257646
390.06934,44.071774,7.0511603,6.000837
391.015,44.39635,6.996298,6.0904036
391.94925,44.752426,6.94143,6.17998
392.86987,45.142292,6.8865557,6.2695665
393.77444,45.56811,6.8315563,6.3586307
394.66037,46.031456,6.7710233,6.4269876
395.5256,46.53236,6.7105103,6.4953218
396.36816,47.07052,6.649994,6.56366
397.18594,47.64564,6.5894575,6.632021
397.9767,48.257378,6.5347905,6.6945906
398.73883,48.904457,6.509559,6.7281013
399.4726,49.583523,6.484334,6.7616034
400.17892,50.291103,6.4591203,6.7950907
400.85898,51.02398,6.4339147,6.8285666
401.51416,51.779213,6.4136434,6.8578
402.14563,52.554348,6.4427075,6.8446064
402.754,53.347767,6.471783,6.8314075
403.3397,54.158062,6.5008645,6.8182063
403.90332,54.983883,6.5299463,6.8050046
404.44543,55.82396,6.5590286,6.791803
404.96667,56.67716,6.645463,6.7027154
405.4671,57.542732,6.74097,6.601624
405.94662,58.420067,6.8364773,6.500533
406.4051,59.30857,6.931983,6.399443
406.84244,60.207664,7.0274878,6.2983546
407.25858,61.116776,7.035123,6.282809
407.65326,62.0354,6.9994874,6.309388
408.02618,62.96307,6.9638505,6.3359675
408.37704,63.899307,6.928213,6.3625484
408.70554,64.84363,6.892575,6.389129
409.01132,65.79553,6.8520236,6.426334
409.29434,66.75446,6.808073,6.470889
409.55463,67.7198,6.7641234,6.515444
409.79227,68.69098,6.720174,6.559998
410.00726,69.66741,6.676223,6.6045537
410.19974,70.64854,6.68827,6.6216455
410.36996,71.63376,6.7330804,6.6226683
410.51843,72.6225,6.77789,6.6236916
410.64563,73.614204,6.8227,6.6247144
410.752,74.60835,6.8675103,6.6257377
410.8381,75.60447,6.898532,6.6282887
410.90448,76.6021,6.924799,6.631367
410.95175,77.60081,6.951066,6.634445
410.9806,78.60022,6.9773326,6.637523
410.99164,79.59999,7.0036,6.6406016
410.98557,80.5998,7.0144672,6.645445
410.963,81.59938,7.0230446,6.6505504
410.9247,82.59848,7.0316215,6.655656
410.87137,83.59689,7.040199,6.6607614
410.8037,84.59444,7.048776,6.665867
410.7224,85.590965,7.0478168,6.6849284
410.62817,86.58635,7.0466022,6.704364
410.52167,87.5805,7.0453877,6.723799
410.4036,88.57334,7.044173,6.743234
410.27463,89.56483,7.042945,6.7624216
410.1354,90.55493,7.0413404,6.7746553
409.98663,91.54364,7.039736,6.786889
409.8289,92.53096,7.038131,6.799123
409.66284,93.516914,7.036527,6.811356
409.4891,94.50155,7.034923,6.822962
409.3083,95.4849,7.0333314,6.8221655
409.121,96.46704,7.031739,6.8213696
408.92776,97.44804,7.0301476,6.820574
408.72916,98.427956,7.028556,6.819778
408.52576,99.40689,7.026964,6.8189864
408.3181,100.38493,7.0253797,6.8183923
408.10684,101.3622,7.023795,6.817798
407.89246,102.33879,7.0222106,6.817204
407.6756,103.31483,7.0206265,6.81661
407.45682,104.29044,7.019042,6.8160157
407.23663,105.26575,7.017459,6.8152294
407.0155,106.24083,7.0158753,6.814438
406.79376,107.21577,7.0142922,6.8136463
406.57175,108.19065,7.012709,6.812855
406.34982,109.16556,7.011126,6.8120627
406.1283,110.14056,7.0093575,6.8114524
405.90723,111.11565,7.007573,6.810858
405.68652,112.09083,7.005789,6.8102627
405.46613,113.06608,7.004004,6.809668
405.24597,114.04138,7.0022197,6.8090734
405.026,115.01673,7.0006065,6.8084774
404.8062,115.99212,6.9990177,6.8078814
404.58664,116.96756,6.9974284,6.807286
404.36728,117.94304,6.995839,6.8066897
404.14816,118.91857,6.9942503,6.8060937
403.92923,119.89416,6.9926586,6.8053293
403.71054,120.86979,6.991067,6.8045335
403.4921,121.845474,6.989475,6.8037376
403.27383,122.821205,6.987883,6.8029413
403.0558,123.79698,6.9862914,6.8021455
402.83792,124.772804,6.9846973,6.8015113
402.62027,125.748665,6.9831033,6.800914
402.40277,126.72457,6.9815087,6.800316
402.1855,127.700516,6.9799147,6.799718
401.96838,128.6765,6.97832,6.79912
401.75143,129.65253,6.976724,6.7983623
401.53467,130.6286,6.9751277,6.797564
401.31808,131.60469,6.9735312,6.7967653
401.10165,132.58083,6.971935,6.795967
400.88538,133.557,6.9703383,6.795169
400.66925,134.53322,6.96874,6.7945275
400.45328,135.50945,6.9671416,6.793928
400.23746,136.48572,6.9655433,6.793329
400.0218,137.46204,6.963945,6.7927294
399.80624,138.43837,6.9623466,6.79213
399.59082,139.41472,6.960747,6.7913733
399.37555,140.39111,6.959147,6.7905736
399.1604,141.36754,6.9575467,6.7897735
398.94534,142.34398,6.955947,6.7889733
398.73044,143.32045,6.9543467,6.788173
398.51563,144.29695,6.952589,6.7875295
398.3009,145.27347,6.9507875,6.786929
398.0863,146.25,6.9489856,6.786329
397.8718,147.22656,6.947184,6.785728
397.65738,148.20316,6.9453826,6.7851276
397.44305,149.17975,6.943738,6.784527
397.2288,150.15637,6.9421353,6.783926
397.01465,151.13301,6.940533,6.7833247
396.80054,152.10966,6.9389305,6.782724
396.58652,153.08633,6.937328,6.782123
396.37256,154.06302,6.9357247,6.7813625
396.1587,155.03972,6.9341216,6.780561
395.94485,156.01642,6.9325185,6.7797594
395.73105,156.99315,6.9309154,6.7789574
395.51733,157.96988,6.9293118,6.778156
395.30362,158.94661,6.927708,6.7775154
395.08997,159.92336,6.9261045,6.776914
394.87634,160.90012,6.9245005,6.776313
394.66275,161.87688,6.922897,6.7757115
394.4492,162.85365,6.9212933,6.77511
394.23563,163.83041,6.919689,6.7743444
394.0221,164.80719,6.918085,6.7735424
393.8086,165.78398,6.916481,6.7727404
393.59506,166.76076,6.914877,6.7719383
393.38156,167.73753,6.913273,6.7711363
393.16803,168.71431,6.9116693,6.7705007
392.9545,169.69109,6.910065,6.7698994
392.74097,170.66786,6.908461,6.769298
392.5274,171.64464,6.906857,6.7686963
392.31384,172.6214,6.905253,6.768095
392.10025,173.59816,6.9036493,6.767325
391.88663,174.57492,6.9020457,6.766523
391.67294,175.55167,6.900442,6.765721
391.45926,176.52841,6.8988385,6.7649193
391.2455,177.50514,6.897235,6.7641172
391.0317,178.48186,6.8954606,6.763487
390.81787,179.45856,6.893657,6.7628856
390.60394,180.43526,6.891854,6.7622848
390.38998,181.41194,6.8900504,6.7616835
390.17596,182.3886,6.8882465,6.761082
389.96185,183.36525,6.886617,6.7604814
389.74768,184.34189,6.885015,6.7598805
389.53342,185.3185,6.883413,6.7592797
389.31906,186.2951,6.8818107,6.758679
389.1046,187.27168,6.8802085,6.758078
388.8901,188.24823,6.8786073,6.7573037
388.67548,189.22478,6.877006,6.756503
388.46075,190.20128,6.8754053,6.7557025
388.2459,191.17778,6.873804,6.754902
388.03098,192.15424,6.872203,6.7541018
387.81592,193.13068,6.870603,6.753476
387.6007,194.1071,6.869004,6.7528763
387.3854,195.08348,6.867404,6.7522764
387.16998,196.05984,6.865804,6.7516766
386.9544,197.03616,6.864205,6.7510767
386.7387,198.01247,6.8626065,6.7503033
386.52286,198.98874,6.861008,6.749504
386.3069,199.96497,6.85941,6.748705
386.09073,200.94118,6.8578115,6.7479057
385.87445,201.91734,6.856213,6.7471066
385.65802,202.89348,6.854616,6.746481
385.4414,203.86958,6.853019,6.745882
385.22464,204.84564,6.851422,6.745283
385.00772,205.82167,6.849825,6.744684
384.79062,206.79765,6.848228,6.7440853
384.57333,207.7736,6.846461,6.7433157
384.35587,208.74951,6.844665,6.742518
384.1382,209.72539,6.8428698,6.7417197
383.9204,210.70122,6.841074,6.740922
383.7024,211.677,6.8392787,6.7401237
383.48416,212.65274,6.837652,6.739495
383.26578,213.62843,6.836057,6.7388964
383.04715,214.60408,6.834462,6.7382984
382.82834,215.5797,6.8328667,6.7377
382.6093,216.55525,6.8312716,6.737102
382.39008,217.53076,6.828685,6.735842
382.17062,218.50623,6.8258944,6.734447
381.95093,219.48163,6.823104,6.7330523
381.73102,220.457,6.820314,6.731657
381.5109,221.4323,6.8175235,6.730262
381.29053,222.40756,6.8029175,6.7217445
381.06992,223.38277,6.785583,6.711583
380.8491,224.35791,6.7682486,6.7014217
380.628,225.33301,6.750914,6.69126
380.40665,226.30804,6.7335796,6.6810985
380.18506,227.28302,6.7162485,6.671097
379.96323,228.25793,6.698918,6.6611366
379.74112,229.2328,6.681587,6.6511765
379.51874,230.20761,6.6642566,6.6412163
379.29608,231.18234,6.646926,6.631256
379.07318,232.15703,6.6295967,6.621143
378.85,233.13164,6.612268,6.610985
378.62653,234.10619,6.5949397,6.6008267
378.4028,235.08067,6.577611,6.5906687
378.17874,236.0551,6.560282,6.58051
377.9544,237.02945,6.5429506,6.5703506
377.72983,238.00374,6.5256186,6.56019
377.50507,238.978,6.508286,6.5500298
377.28015,239.95221,6.490954,6.5398693
377.0552,240.92642,6.4736214,6.5297093
376.83026,241.90063,6.4562693,6.5196834
376.60538,242.87486,6.43891,6.509707
376.38065,243.84912,6.4215508,6.4997306
376.15613,244.82343,6.4041915,6.4897537
375.9319,245.7978,6.386832,6.4797773
375.70804,246.77226,6.369433,6.469633
375.4846,247.74683,6.3520184,6.4594245
375.2616,248.72148,6.3346033,6.449216
375.03915,249.69627,6.3171887,6.4390073
374.81726,250.67117,6.299774,6.4287987
374.596,251.64624,6.282298,6.4185543
374.37552,252.62146,6.264799,6.408296
374.15588,253.59688,6.2473,6.398038
373.93726,254.57254,6.229801,6.3877797
373.71982,255.54845,6.212302,6.377522
373.50363,256.52463,6.198231,6.366452
373.28857,257.50107,6.185278,6.3551183
373.07434,258.4777,6.1723247,6.3437843
372.86063,259.45444,6.1593714,6.33245
372.6471,260.4312,6.1464186,6.321116
372.4335,261.40796,6.1794996,6.2995167
372.2192,262.38458,6.2231483,6.2755604
372.0036,263.3609,6.266797,6.2516046
371.78604,264.3368,6.310446,6.2276483
371.5659,265.3121,6.3540945,6.2036924
371.3425,266.28665,6.381252,6.1774917
371.1153,267.26035,6.4063215,6.151007
370.88373,268.233,6.431391,6.1245227
370.64728,269.2045,6.4564605,6.0980377
370.40536,270.17462,6.4815297,6.071553
370.15747,271.14325,6.4341145,6.035404
369.9032,272.1102,6.382184,5.9986534
369.64206,273.07535,6.330253,5.961902
369.3737,274.0385,6.278322,5.9251513
369.0977,274.9995,6.2263923,5.8884006
368.8136,275.95813,6.181825,5.885085
368.52087,276.91415,6.1377726,5.884106
368.21893,277.8673,6.09372,5.883127
367.90714,278.8173,6.049668,5.8821483
367.58496,279.7638,6.005617,5.8811693
367.25174,280.70648,5.973001,5.9342027
366.90665,281.64487,5.942776,5.9985275
366.54877,282.57846,5.912551,6.062853
366.17715,283.50668,5.882325,6.127179
365.7909,284.4289,5.852101,6.1915035
365.38913,285.34445,5.888018,6.212218
364.9708,286.25256,5.9571333,6.211043
364.53494,287.15237,6.0262485,6.2098684
364.08047,288.04294,6.095365,6.2086935
363.60645,288.92325,6.1644773,6.2075186
363.11194,289.7922,6.246074,6.1980395
362.59576,290.6485,6.337547,6.1819916
362.0566,291.49048,6.4290214,6.1659436
361.49326,292.31647,6.5204983,6.149895
360.90454,293.12454,6.6119637,6.1338487
360.28946,293.91275,6.659961,6.138084
359.6474,294.67914,6.675595,6.1574197
358.97797,295.42172,6.691229,6.176757
358.28088,296.13843,6.7068677,6.1960993
357.55594,296.8269,6.722512,6.215449
356.8033,297.48502,6.736161,6.231934
356.0249,298.11243,6.7490044,6.2472634
355.22345,298.71017,6.7618437,6.2625875
354.40152,299.27936,6.7746797,6.277908
353.56137,299.82138,6.787516,6.293229
352.7051,300.33752,6.797106,6.303646
351.83456,300.82925,6.806273,6.3134246
350.95145,301.298,6.8154416,6.323204
350.05728,301.7454,6.8246098,6.332984
349.15356,302.1731,6.833779,6.342764
348.2415,302.58273,6.817842,6.3486457
347.32217,302.97583,6.8012834,6.354431
346.3966,303.35394,6.784725,6.3602166
345.46564,303.7186,6.7681675,6.3660016
344.53012,304.0714,6.751609,6.371787
343.5908,304.41394,6.7320204,6.376365
342.64832,304.74777,6.7123146,6.3808975
341.70337,305.07446,6.6926084,6.38543
340.7565,305.39563,6.6729026,6.389962
339.80832,305.71286,6.653197,6.3944945
338.8593,306.02762,6.640128,6.39763
337.90967,306.34045,6.6278925,6.4005904
336.9595,306.65167,6.6156564,6.403551
336.00888,306.96158,6.60342,6.4065113
335.05795,307.27045,6.5911837,6.4094715
334.10675,307.57852,6.578725,6.4126096
333.1553,307.88586,6.566218,6.415786
332.2036,308.19238,6.5537114,6.418962
331.25165,308.49808,6.5412045,6.4221387
330.29938,308.80283,6.5286975,6.425315
329.3468,309.1066,6.516144,6.4283466
328.39392,309.4094,6.503577,6.431339
327.44073,309.71124,6.4910107,6.434331
326.48724,310.01218,6.478444,6.4373226
325.53348,310.31226,6.4658775,6.440315
324.57947,310.61148,6.453431,6.443315
323.62518,310.90988,6.4410195,6.4463177
322.67065,311.20743,6.4286084,6.449321
321.71585,311.50418,6.4161973,6.4523234
320.7608,311.8001,6.4037857,6.455326
319.8055,312.09525,6.3911963,6.4583344
318.84998,312.3896,6.378555,6.4613442
317.89423,312.68317,6.365913,6.464354
316.9382,312.97598,6.3532715,6.467364
315.982,313.26807,6.34063,6.4703736
315.02554,313.55945,6.3279767,6.4735456
314.06888,313.8501,6.3153205,6.47676
313.112,314.14005,6.3026643,6.4799743
312.1549,314.42932,6.2900076,6.4831886
311.19763,314.71793,6.2773514,6.486403
310.24014,315.0059,6.2648587,6.489454
309.28247,315.2932,6.2524033,6.492467
308.32462,315.57993,6.239948,6.4954805
307.36658,315.86603,6.227493,6.4984937
306.4084,316.15155,6.2150373,6.5015073
305.45,316.43652,6.202427,6.5045176
304.49146,316.72092,6.1897855,6.5075274
303.53275,317.0048,6.1771445,6.510537
302.5739,317.28812,6.1645036,6.513547
301.6149,317.57095,6.1518626,6.5165563
300.65576,317.85333,6.1392474,6.5195603
299.69647,318.13522,6.1266365,6.5225625
298.73706,318.41663,6.114026,6.525565
297.7775,318.69763,6.101415,6.528568
296.8178,318.97818,6.0888042,6.5315704
295.85803,319.25833,6.076398,6.534736
294.8982,319.53833,6.0640254,6.537929
293.93842,319.81854,6.051653,6.541122
292.9788,320.09927,6.039281,6.544315
292.0194,320.38083,6.0269084,6.547508
291.0604,320.66357,6.0143857,6.550527
290.1018,320.9478,6.0018363,6.5535154
289.14377,321.23392,5.9892864,6.5565033
288.18637,321.5222,5.9767365,6.559491
287.22974,321.81296,5.9641867,6.5624795
286.274,322.10657,5.9516377,6.5654674
285.3192,322.40335,5.9390883,6.568455
284.3655,322.7036,5.9265394,6.571443
283.41302,323.0077,5.9139905,6.574431
282.46188,323.31592,5.9014416,6.577419
281.5122,323.62863,5.8890405,6.58057
280.56412,323.94614,5.8766756,6.583761
279.61777,324.26877,5.8643103,6.586952
278.6733,324.59692,5.8519454,6.590143
277.7309,324.9309,5.83958,6.593334
276.79068,325.27106,5.827038,6.596372
275.8528,325.61765,5.8144493,6.599369
274.91748,325.97092,5.8018603,6.6023664
273.98477,326.3311,5.789272,6.605364
273.05487,326.69846,5.776683,6.6083612
272.1279,327.0732,5.7727394,6.5905614
271.20407,327.45557,5.771137,6.567129
270.28348,327.84567,5.7695346,6.5436964
269.36627,328.2437,5.7679324,6.520264
268.45264,328.64987,5.7663302,6.496832
267.54276,329.06433,5.766478,6.468577
266.63675,329.48718,5.7670803,6.439069
265.7348,329.91867,5.7676826,6.409561
264.8371,330.35895,5.768285,6.3800535
263.94385,330.8081,5.768887,6.350546
263.0552,331.2664,5.769653,6.3208385
262.17142,331.73395,5.7704573,6.291085
261.2927,332.21094,5.771261,6.261331
260.41928,332.69757,5.7720656,6.2315774
259.5514,333.19403,5.7728696,6.2018237
258.6893,333.70044,5.7795687,6.184873
257.83316,334.21686,5.7874084,6.1703997
256.9831,334.74323,5.795248,6.155926
256.13928,335.27957,5.803088,6.141453
255.30186,335.82584,5.8109283,6.126979
254.47095,336.38196,5.829831,6.1371183
253.64622,336.9472,5.8504853,6.151155
252.82726,337.52075,5.871139,6.1651917
252.01357,338.10178,5.891793,6.179228
251.20467,338.68945,5.912446,6.1932645
250.40005,339.283,5.933031,6.2072544
249.59926,339.88168,5.9536076,6.221238
248.80179,340.48477,5.9741836,6.235222
248.00719,341.09164,5.99476,6.249206
247.21494,341.70157,6.0153365,6.26319
246.42453,342.3139,6.0358605,6.277138
245.63551,342.92804,6.0563765,6.2910814
244.8474,343.5433,6.076893,6.305024
244.0597,344.1591,6.097409,6.318967
243.2719,344.77478,6.117924,6.3329096
242.48354,345.38974,6.138419,6.3468385
241.69403,346.0032,6.1589108,6.3607645
240.90276,346.6144,6.1794024,6.374691
240.10912,347.22256,6.1998944,6.3886175
239.31255,347.82684,6.220387,6.4025445
238.51253,348.42654,6.2246556,6.412377
237.70926,349.0219,6.225452,6.421333
236.90317,349.61343,6.226248,6.4302883
236.09471,350.20172,6.227044,6.439244
235.2843,350.78732,6.22784,6.4481993
234.47241,351.37085,6.222266,6.455734
233.65962,351.95316,6.215089,6.462911
232.84663,352.53516,6.2079115,6.4700885
232.03413,353.11786,6.2007337,6.4772663
231.22281,353.70218,6.1935563,6.4844437
230.41335,354.2891,6.1863575,6.491486
229.60638,354.87943,6.1791525,6.498491
228.80257,355.47403,6.1719475,6.5054955
228.00252,356.0737,6.1647425,6.5125003
227.20691,356.67926,6.157538,6.519505
226.41643,357.29147,6.150466,6.526534
225.63188,357.9113,6.14343,6.53357
224.85419,358.53967,6.136394,6.540606
224.08429,359.17758,6.1293573,6.547642
223.32315,359.82593,6.1223207,6.5546794
222.57169,360.48544,6.127217,6.558454
221.83005,361.156,6.1348696,6.561475
221.09802,361.83704,6.1425214,6.5644956
220.37543,362.52808,6.1501737,6.567516
219.66203,363.2286,6.157826,6.5705366
218.95755,363.9381,6.1680093,6.57287
218.26149,364.65585,6.1786523,6.575079
217.5732,365.38107,6.189295,6.5772877
216.89203,366.11298,6.1999373,6.5794964
216.21733,366.85086,6.21058,6.581705
215.54842,367.594,6.221354,6.5839057
214.8847,368.34174,6.232149,6.5861044
214.22559,369.0936,6.242944,6.5883036
213.57051,369.84894,6.253739,6.5905023
212.91887,370.60727,6.2645335,6.5927014
212.27003,371.36798,6.276844,6.590418
211.62334,372.13052,6.289393,6.58743
210.978,372.89423,6.301942,6.584442
210.3333,373.65845,6.314491,6.5814548
209.68849,374.42258,6.3270397,6.578467
209.04288,375.18604,6.3427606,6.5659175
208.39612,375.94852,6.3590684,6.5515985
207.74799,376.70984,6.375376,6.5372796
207.09827,377.46982,6.391684,6.52296
206.44676,378.22827,6.407992,6.5086412
205.79332,378.98502,6.4243045,6.494318
205.13835,379.74048,6.4406185,6.479994
204.48248,380.49515,6.4569316,6.4656696
203.82637,381.2496,6.473245,6.4513454
203.17061,382.00436,6.4895587,6.4370217
202.51584,382.75998,6.505742,6.422831
201.86258,383.5169,6.521891,6.4086757
201.21133,384.27557,6.5380406,6.3945203
200.56258,385.03638,6.5541897,6.380365
199.91682,385.7997,6.5703387,6.3662095
199.27455,386.56598,6.535474,6.355728
198.63634,387.33563,6.4856524,6.346324
198.00273,388.10907,6.4358306,6.33692
197.37431,388.88675,6.386009,6.3275156
196.75168,389.66907,6.336189,6.318112
196.1354,390.4564,6.2634854,6.3105493
195.52614,391.24915,6.1841545,6.30352
194.92445,392.0477,6.104823,6.2964907
194.33104,392.8524,6.0254893,6.289461
193.7465,393.66354,5.9461546,6.2824316
193.17148,394.4815,5.9219866,6.288372
192.60606,395.3061,5.911925,6.2976294
192.05014,396.13715,5.901863,6.306886
191.5036,396.9744,5.8918014,6.3161426
190.96632,397.8176,5.8817396,6.3253994
190.43817,398.66656,5.8856544,6.3381424
189.919,399.52106,5.8924904,6.351614
189.40865,400.38083,5.899327,6.3650856
188.90694,401.24567,5.906163,6.378557
188.41367,402.11536,5.9129996,6.392029
187.9287,402.98972,5.9198194,6.4054675
187.45184,403.8685,5.926636,6.4189005
186.98293,404.75156,5.933453,6.4323335
186.52177,405.6387,5.9402695,6.4457664
186.06822,406.52975,5.9470863,6.4592
185.62207,407.42456,5.9545712,6.455985
185.18309,408.32288,5.962159,6.4501944
184.75102,409.22452,5.9697475,6.444403
184.32559,410.12933,5.9773355,6.4386125
183.90654,411.03714,5.9849234,6.4328213
183.49365,411.94775,5.9929957,6.4209094
183.08693,412.8611,6.0011477,6.407985
182.68654,413.77728,6.0093,6.395061
182.2926,414.69626,6.0174522,6.382137
181.90527,415.618,6.0256042,6.3692126
181.52469,416.5426,6.0337462,6.35614
181.15126,417.4701,6.041886,6.3430376
180.7854,418.40057,6.0500255,6.3299346
180.42758,419.3342,6.0581656,6.3168316
180.07828,420.27106,6.066305,6.303728
179.73793,421.21118,6.074619,6.303679
179.40695,422.15463,6.082978,6.3070626
179.08577,423.1015,6.0913367,6.310446
178.77477,424.05173,6.0996957,6.3138294
178.47435,425.00537,6.1080546,6.3172126
178.18495,425.9624,6.1169066,6.3358035
177.90714,426.92288,6.125908,6.359007
177.64153,427.88678,6.134909,6.3822107
177.38875,428.85416,6.1439114,6.4054155
177.14943,429.82492,6.152913,6.4286203
176.92418,430.79904,6.1619534,6.451925
176.71304,431.77634,6.1710057,6.475259
176.51584,432.75653,6.1800575,6.4985924
176.33238,433.73938,6.1891093,6.521926
176.16249,434.7247,6.198161,6.5452604
176.0059,435.7122,6.2224784,6.597847
175.86198,436.7016,6.250687,6.6578913
175.72989,437.6927,6.2788954,6.7179346
175.6088,438.68515,6.307103,6.777977
175.49783,439.67883,6.3353114,6.83802
175.3962,440.6735,6.3704944,6.908151
175.30312,441.66898,6.407069,6.980296
175.21791,442.6652,6.4436445,7.052441
175.13986,443.662,6.4802194,7.1245866
175.06827,444.65927,6.5167947,7.1967325
175.00241,445.65692,6.531781,7.2184973
174.94148,446.6549,6.5431857,7.2319026
174.88469,447.65314,6.55459,7.245308
174.8312,448.65155,6.5659947,7.258713
174.78021,449.6501,6.5773993,7.272118
174.73096,450.6487,6.588587,7.285641
174.68286,451.6474,6.599739,7.2991834
174.63548,452.64612,6.610892,7.3127255
174.58836,453.64487,6.622044,7.326268
174.54105,454.6436,6.633197,7.3398104
174.49323,455.64227,6.644323,7.353154
174.44556,456.641,6.655444,7.36646
174.39908,457.63977,6.666565,7.3797655
174.35481,458.6386,6.677686,7.3930707
174.31383,459.63763,6.688807,7.406376
174.27715,460.63678,6.699946,7.4197035
174.2457,461.63614,6.7110896,7.433036
174.22041,462.63565,6.7222333,7.4463687
174.20218,463.63535,6.7333775,7.4597015
174.19194,464.63513,6.744521,7.4730344
174.19058,465.63498,6.755716,7.4864283
174.19907,466.63477,6.7669253,7.4998393
174.21832,467.63443,6.778135,7.5132504
174.24933,468.6338,6.789344,7.5266614
174.29303,469.63266,6.8005524,7.5400715
174.35039,470.63086,6.818272,7.548983
174.4225,471.62808,6.837811,7.5566373
174.51059,472.62402,6.8573503,7.564292
174.6158,473.61832,6.8768916,7.571947
174.73932,474.61047,6.8964343,7.579603
174.88214,475.60004,6.9381266,7.571262
175.04398,476.5867,6.9847593,7.5593514
175.22397,477.5702,7.0313883,7.547442
175.42131,478.55035,7.078016,7.535533
175.6352,479.52704,7.1246448,7.5236235
175.86475,480.50015,7.165196,7.514015
176.10884,481.46976,7.2047906,7.50477
176.3662,482.43588,7.2443852,7.4955244
176.63559,483.39877,7.2839794,7.486279
176.91577,484.35855,7.3235745,7.4770336
177.20555,485.31546,7.3395348,7.4765325
177.50386,486.26978,7.352521,7.477132
177.80971,487.22168,7.3655076,7.477731
178.12209,488.17148,7.378494,7.4783306
178.44002,489.11942,7.3914804,7.47893
178.76247,490.06583,7.4042506,7.4795275
179.0884,491.01108,7.4169927,7.4801245
179.41667,491.95547,7.429734,7.480722
179.74617,492.89948,7.442476,7.481319
180.07582,493.8434,7.4552174,7.4819164
180.40457,494.78766,7.4681377,7.4826856
180.73177,495.73245,7.4810877,7.4834824
181.05688,496.67795,7.494037,7.484279
181.37944,497.62436,7.5069866,7.485076
181.6989,498.57178,7.5199366,7.485873
182.01486,499.5204,7.532915,7.4865036
182.3275,500.4701,7.5458994,7.487103
182.63725,501.42075,7.5588837,7.4877024
182.94455,502.3722,7.5718675,7.4883018
183.24983,503.3243,7.5848517,7.4889007
183.5535,504.27692,7.58533,7.4848256
183.85587,505.22992,7.583329,7.4798236
184.15718,506.1833,7.5813284,7.474821
184.45769,507.1369,7.5793276,7.469819
184.75763,508.0907,7.577327,7.464817
185.05728,509.0446,7.5493593,7.4499283
185.35695,509.99847,7.5163236,7.43311
185.65701,510.95224,7.4832883,7.416292
185.95781,511.90576,7.450253,7.399474
186.25969,512.85895,7.4172177,7.382656
186.563,513.81165,7.384192,7.3660116
186.8679,514.76385,7.351168,7.3493996
187.17448,515.7156,7.3181443,7.3327875
187.48282,516.6667,7.2851205,7.3161755
187.79301,517.6172,7.252096,7.2995634
188.10513,518.5671,7.219096,7.2827945
188.41898,519.51636,7.1861,7.2659965
188.73425,520.4652,7.153104,7.2491984
189.0507,521.41364,7.120108,7.2324004
189.36803,522.3618,7.087112,7.2156024
189.68594,523.30975,7.0541315,7.1989813
190.00424,524.25757,7.0211535,7.1823926
190.32271,525.2053,6.988176,7.1658034
190.64111,526.15314,6.955198,7.1492147
190.95927,527.101,6.9222198,7.1326256
191.27696,528.049,6.889246,7.1158705
191.59395,528.9973,6.8562727,7.0990844
191.91002,529.94586,6.8233,7.082298
192.22493,530.89484,6.7903266,7.0655117
192.53845,531.84424,6.7573533,7.0487256
192.85036,532.7942,6.724375,7.031936
193.16043,533.74475,6.691395,7.0151467
193.46843,534.696,6.6584153,6.998357
193.77412,535.64795,6.6254354,6.981567
194.0773,536.6007,6.5924554,6.964777
194.37775,537.5543,6.6295547,6.920113
194.6754,538.50885,6.680543,6.869924
194.97029,539.46423,6.7315316,6.8197355
195.26242,540.4204,6.78252,6.769547
195.55179,541.3775,6.8335085,6.7193584
195.83841,542.3354,6.900515,6.662654
196.12228,543.29407,6.970723,6.6046476
196.40344,544.25354,7.0409307,6.5466413
196.68187,545.21387,7.1111383,6.488635
196.9576,546.1749,7.1813464,6.4306283
197.23062,547.1368,7.1898293,6.433348
197.50095,548.09937,7.186028,6.4481535
197.7686,549.06274,7.1822267,6.462959
198.03358,550.0268,7.1784253,6.4777646
198.2959,550.99164,7.174624,6.49257
198.55556,551.95715,7.145899,6.5317993
198.81258,552.9234,7.1122794,6.5758243
199.06697,553.8904,7.0786605,6.6198497
199.31873,554.858,7.045041,6.6638746
199.56789,555.8263,7.011422,6.7078996
199.81444,556.7952,6.977631,6.75193
200.0584,557.7649,6.9438066,6.795962
200.29977,558.73517,6.909982,6.8399935
200.53856,559.70605,6.876158,6.884025
200.77478,560.6776,6.842334,6.9280567
201.00842,561.6498,6.808676,6.97226
201.23949,562.62256,6.7750487,7.016495
201.468,563.5959,6.741422,7.0607305
201.69395,564.5699,6.707795,7.1049657
201.91734,565.54443,6.674168,7.1492014
202.13818,566.5196,6.6679835,7.1260166
202.35646,567.49536,6.666783,7.090588
202.5722,568.4716,6.6655817,7.0551596
202.78539,569.4485,6.6643806,7.0197315
202.99603,570.4259,6.66318,6.984303
203.20415,571.4038,6.670829,6.9274325
203.40973,572.3823,6.6800356,6.866788
203.61278,573.3613,6.6892424,6.8061433
203.8133,574.3408,6.698449,6.7454987
204.0113,575.32086,6.707656,6.6848545
204.20679,576.30145,6.7168612,6.624217
204.39975,577.2825,6.726067,6.5635805
204.59021,578.26404,6.7352724,6.5029445
204.77815,579.24603,6.744478,6.442308
204.96361,580.2285,6.7536836,6.381672
205.14656,581.2115,6.7606583,6.326704
205.32701,582.1949,6.767261,6.2726827
205.50497,583.1788,6.773864,6.2186613
205.68045,584.1631,6.780466,6.1646395
205.85345,585.1479,6.787069,6.110618
206.02397,586.13306,6.772364,6.112622
206.19202,587.1187,6.754162,6.1238236
206.35759,588.10474,6.735959,6.135025
206.52069,589.0912,6.7177567,6.146227
206.68135,590.07806,6.699554,6.1574283
206.83954,591.0653,6.6811843,6.168799
206.99527,592.0529,6.6627874,6.180197
207.14856,593.04095,6.6443906,6.191595
207.29941,594.02936,6.6259937,6.202993
207.44781,595.0181,6.607597,6.2143908
207.59378,596.00726,6.5893774,6.2256136
207.73732,596.9967,6.571187,6.236808
207.87843,597.9866,6.5529966,6.248002
208.01714,598.97675,6.5348063,6.259196
208.15341,599.9673,6.5166163,6.27039
208.2873,600.95807,6.4982605,6.2815804
208.41875,601.9493,6.4798775,6.2927704
208.54778,602.94073,6.4614944,6.30396
208.67436,603.93256,6.4431114,6.31515
208.7985,604.9246,6.424728,6.3263392
208.92015,605.91705,6.4126434,6.3303814
209.03932,606.9098,6.4016566,6.333178
209.15599,607.9028,6.39067,6.3359747
209.27013,608.8961,6.379683,6.3387713
209.38173,609.8897,6.368696,6.341568
209.49075,610.8836,6.364298,6.3364263
209.59721,611.87775,6.361102,6.3298354
209.70108,612.8722,6.3579063,6.323244
209.80234,613.8669,6.3547106,6.316653
209.90096,614.8618,6.351515,6.310062
209.99693,615.85706,6.348319,6.303638
210.09024,616.85254,6.3451233,6.2972465
210.18088,617.84827,6.3419275,6.2908554
210.2688,618.84424,6.338732,6.284464
210.354,619.84045,6.335536,6.2780724
210.43648,620.8369,6.3326726,6.274008
210.51619,621.83356,6.329876,6.270412
210.59314,622.83044,6.32708,6.2668166
210.66728,623.8275,6.324283,6.2632213
210.73863,624.8248,6.3214865,6.2596254
210.80714,625.8223,6.3196797,6.26032
210.8728,626.82,6.3180814,6.2619185
210.93561,627.8179,6.316483,6.263517
210.99553,628.8159,6.3148847,6.2651153
211.05255,629.8141,6.3132863,6.2667136
211.10664,630.8125,6.3116875,6.2681484
211.1578,631.81104,6.3100886,6.2695475
211.20601,632.8097,6.30849,6.270946
211.25124,633.80853,6.3068914,6.272345
211.29347,634.8075,6.3052926,6.273744
211.33269,635.8066,6.3036933,6.2753067
211.36888,636.8057,6.302094,6.276906
211.40201,637.80505,6.3004947,6.2785053
211.43208,638.80444,6.2988954,6.2801046
211.45905,639.8039,6.297296,6.281704
211.48293,640.80347,6.3002596,6.2758064
211.50366,641.8031,6.3042593,6.268207
211.52126,642.8028,6.3082595,6.2606072
211.53569,643.8025,6.312259,6.253008
211.54694,644.8023,6.316259,6.245408
211.555,645.8021,6.3222156,6.2345467
211.55988,646.80194,6.3286176,6.2229433
211.56165,647.80176,6.3350196,6.2113395
211.56035,648.80164,6.341421,6.199736
211.55603,649.80145,6.347823,6.188133
211.54874,650.8013,6.3540626,6.176528
211.5385,651.8011,6.3602653,6.1649227
211.52539,652.80084,6.3664684,6.1533175
211.50945,653.80054,6.372671,6.141712
211.49072,654.80023,6.378874,6.130107
211.46925,655.7998,6.3852406,6.1185017
211.4451,656.7994,6.3916435,6.1068964
211.41829,657.7988,6.398046,6.095291
211.38889,658.7983,6.404449,6.083686
211.35695,659.7976,6.410852,6.072081
211.3225,660.7969,6.4098654,6.067373
211.2856,661.796,6.4072647,6.064172
211.24629,662.7951,6.404664,6.060971
211.20464,663.79407,6.402063,6.05777
211.16066,664.7929,6.399462,6.054569
211.11444,665.7917,6.395382,6.052849
211.066,666.7904,6.390981,6.051449
211.01538,667.78894,6.386581,6.0500484
210.96266,668.7874,6.38218,6.0486484
210.90787,669.7857,6.37778,6.0472484
210.85104,670.78394,6.373216,6.0458484
210.79227,671.78204,6.3686166,6.0444484
210.73155,672.7801,6.3640175,6.043049
210.66895,673.77795,6.359418,6.041649
210.60452,674.7757,6.354819,6.0402493
210.53831,675.7734,6.3510423,6.039343
210.47038,676.7709,6.3474436,6.038543
210.40074,677.7683,6.343845,6.0377436
210.32947,678.7656,6.3402467,6.036944
210.2566,679.7628,6.336648,6.036144
210.1822,680.7599,6.336164,6.0378027
210.1063,681.75684,6.336364,6.0400014
210.02893,682.75366,6.3365636,6.0421996
209.95016,683.7504,6.3367634,6.0443983
209.87006,684.7471,6.336963,6.046597
209.78865,685.7436,6.337163,6.048795
209.70596,686.74,6.3373632,6.0509934
209.62207,687.7363,6.337563,6.0531917
209.53697,688.73254,6.337763,6.05539
209.45074,689.72864,6.3379626,6.057588
209.36342,690.7247,6.3381624,6.059786
209.27501,691.7206,6.338362,6.061984
209.18556,692.71643,6.338562,6.064182
209.09512,693.71216,6.338762,6.0663795
209.00371,694.7078,6.3389616,6.068578
208.91136,695.70337,6.3391614,6.0707755
208.8181,696.69885,6.339361,6.072973
208.72398,697.6943,6.339561,6.0751705
208.62903,698.6896,6.339761,6.0773683
208.53328,699.6849,6.3399606,6.079566
208.43678,700.68005,6.34,6.0817637
208.33954,701.6751,6.34,6.0839615
208.24161,702.67017,6.34,6.0861588
208.14302,703.66516,6.34,6.0883565
208.04381,704.66003,6.34,6.090554
207.944,705.6549,6.3401594,6.0927515
207.84364,706.6497,6.340359,6.0949492
207.74277,707.6444,6.340559,6.097147
207.6414,708.6391,6.340759,6.0993443
207.5396,709.6338,6.3409586,6.101542
207.43735,710.62836,6.3411584,6.1037397
207.33473,711.6229,6.341358,6.1059375
207.23177,712.6175,6.341558,6.108135
207.1285,713.61194,6.341758,6.110333
207.02493,714.60645,6.3419576,6.1125307
206.92113,715.6009,6.3421574,6.114729
206.81711,716.5953,6.342357,6.116927
206.7129,717.58966,6.342557,6.1191254
206.60857,718.58405,6.3427567,6.121323
206.50414,719.5784,6.3429565,6.1235213
206.39961,720.5728,6.3431563,6.12572
206.29506,721.5672,6.343356,6.1279182
206.19049,722.5615,6.343556,6.130117
206.08597,723.5559,6.343756,6.1323156
205.98149,724.5503,6.343956,6.1345143
205.87712,725.5446,6.344156,6.1367135
205.77287,726.53906,6.3443556,6.1389127
205.6688,727.53345,6.344556,6.141112
205.56493,728.5279,6.3447556,6.143311
205.46132,729.52234,6.3449554,6.14551
205.35797,730.51685,6.3451552,6.1477103
205.25493,731.51135,6.3453555,6.1499104
205.15218,732.5059,6.3455553,6.15211
205.0497,733.5005,6.3457556,6.15431
204.94753,734.4951,6.3459554,6.1565104
204.84563,735.48975,6.346,6.1585555
204.744,736.4844,6.346,6.160556
204.64265,737.47906,6.346,6.1625566
204.54155,738.4738,6.346,6.164557
204.4407,739.46857,6.346,6.166558
204.3401,740.4633,6.3461556,6.1687145
204.23973,741.4581,6.346356,6.170915
204.13959,742.45294,6.346556,6.173116
204.03964,743.44775,6.346756,6.1753173
203.93993,744.4426,6.3469563,6.1775184
203.84041,745.4375,6.347156,6.179719
203.74107,746.4324,6.3473563,6.18192
203.64194,747.4273,6.3475566,6.184121
203.54297,748.42224,6.3477564,6.186322
203.44417,749.4172,6.3479567,6.1885233
203.34554,750.4122,6.348157,6.190724
203.24707,751.40717,6.3483567,6.1929245
203.14873,752.40216,6.348557,6.195125
203.05054,753.39716,6.348757,6.197326
202.95247,754.39215,6.348957,6.199527
202.85454,755.3872,6.347587,6.203454
202.7567,756.38226,6.345787,6.2078543
202.65898,757.3773,6.343987,6.2122545
202.56136,758.3724,6.3421865,6.216655
202.46384,759.36743,6.3403864,6.221055
202.36638,760.36255,6.3363886,6.2278094
202.26901,761.3576,6.3317904,6.235207
202.1717,762.3527,6.327192,6.2426047
202.07446,763.34784,6.322593,6.2500024
201.97726,764.34296,6.3179946,6.2574
201.88011,765.3381,6.313398,6.264638
201.78299,766.3332,6.3088017,6.271832
201.6859,767.3283,6.3042054,6.279026
201.58884,768.3234,6.299609,6.28622
201.49178,769.31854,6.295013,6.293414
201.39473,770.31366,6.290419,6.3007603
201.29767,771.3088,6.285826,6.3081493
201.20059,772.3039,6.281233,6.3155384
201.1035,773.299,6.2766395,6.3229275
201.0064,774.2941,6.272046,6.3303165
200.90924,775.28925,6.2674556,6.337702
200.81203,776.28436,6.2628655,6.345086
200.71475,777.2794,6.2582755,6.35247
200.61739,778.27454,6.2536855,6.359854
200.51991,779.2696,6.2490954,6.367238
200.42232,780.2647,6.244507,6.37462
200.32458,781.25977,6.239918,6.382001
200.22668,782.25476,6.23533,6.389382
200.12862,783.2498,6.230742,6.396763
200.03033,784.2448,6.226154,6.404144
199.93185,785.2398,6.2215657,6.4113755
199.83313,786.23474,6.2169776,6.4185567
199.73416,787.2297,6.2123895,6.4257383
199.63493,788.2246,6.2078013,6.4329195
199.5354,789.2195,6.203213,6.4401007
199.43558,790.2143,6.198624,6.4474306
199.33542,791.2091,6.1940346,6.4548135
199.23492,792.2039,6.189445,6.462197
199.13408,793.19867,6.1848555,6.46958
199.03285,794.19336,6.180266,6.476963
198.93123,795.18805,6.175819,6.48435
198.8292,796.1826,6.171426,6.4917383
198.72672,797.17725,6.1670327,6.4991264
198.6238,798.17175,6.16264,6.5065145
198.5204,799.16626,6.158247,6.5139027
198.41653,800.16064,6.1537075,6.5211535
198.31215,801.155,6.1491103,6.5283494
198.20724,802.14935,6.1445127,6.5355453
198.10179,803.1437,6.1399155,6.5427413
197.99579,804.1379,6.135318,6.5499372
197.88919,805.132,6.130716,6.5572834
197.78198,806.1261,6.126112,6.5646896
197.67418,807.1201,6.121508,6.572096
197.56573,808.114,6.1169043,6.579502
197.45665,809.1079,6.1123004,6.5869083
197.34691,810.10175,6.107691,6.5943236
197.23647,811.09546,6.103079,6.6017427
197.12532,812.0891,6.098467,6.609162
197.0134,813.08264,6.093855,6.616581
196.90068,814.0761,6.089243,6.6240005
196.78714,815.0695,6.0846243,6.631284
196.67279,816.0628,6.0800023,6.638518
196.55768,817.05597,6.075381,6.6457515
196.44186,818.0491,6.0707593,6.652985
196.32538,819.0421,6.066138,6.660219
196.20831,820.0351,6.0615115,6.6676116
196.09093,821.028,6.056884,6.675056
195.97357,822.02094,6.052256,6.682501
195.85664,823.0139,6.047629,6.689945
195.7405,824.007,6.043001,6.6973896
195.62549,825.0002,6.0383797,6.704824
195.51196,825.9936,6.0337605,6.712255
195.40027,826.9872,6.029141,6.7196865
195.29074,827.981,6.0245214,6.7271175
195.18372,828.9751,6.019902,6.734549
195.07951,829.9695,6.015302,6.741788
194.97842,830.96423,6.0107074,6.74898
194.88074,831.9593,6.006112,6.756172
194.7867,832.9547,6.0015173,6.7633643
194.6966,833.95044,5.996922,6.7705564
194.6107,834.9466,5.9923606,6.777855
194.52943,835.9431,5.987807,6.78518
194.45325,836.94006,5.9832535,6.7925053
194.3826,837.93744,5.9787,6.79983
194.31793,838.9352,5.974147,6.807155
194.25958,839.9333,5.969631,6.8144193
194.2066,840.93176,5.9651284,6.8216634
194.15744,841.93036,5.960625,6.8289075
194.1105,842.92914,5.9561214,6.836152
194.06421,843.9279,5.9516172,6.8433986
194.01698,844.92664,5.947104,6.850659
193.96713,845.92523,5.942586,6.8579273
193.91287,846.9236,5.9380684,6.865195
193.85248,847.92163,5.9335527,6.872459
193.7842,848.9191,5.9290404,6.8797174
193.70627,849.9159,5.9752107,6.8388433
193.61635,850.9117,6.063245,6.7582126
193.51155,851.906,6.1513267,6.677537
193.38885,852.8983,6.2395477,6.5967345
193.24522,853.88776,6.3279862,6.5157332
193.07759,854.8734,6.4405756,6.4093394
192.88463,855.85443,6.5720882,6.283037
192.66675,856.8302,6.7033067,6.1570177
192.42474,857.8003,6.833771,6.031722
192.1597,858.76434,6.9630523,5.907563
191.87123,859.7216,7.02205,5.862283
191.54308,860.666,7.055079,5.8461924
191.14929,861.5847,7.0884404,5.8299394
190.66248,862.4574,7.1223516,5.8134184
190.05754,863.2521,7.1482716,5.799745
189.33008,863.93646,7.0751796,5.895101
188.51273,864.5113,7.0032005,5.983774
187.63593,864.99115,6.932294,6.071126
186.72029,865.39233,6.861872,6.1578803
185.77924,865.72986,6.790784,6.2422733
184.82137,866.0161,6.7185235,6.3239255
183.85275,866.26373,6.6457095,6.4062037
182.87819,866.48706,6.5726037,6.488811
181.90157,866.7013,6.499394,6.5715365
180.9264,866.922,6.444949,6.631681
179.95474,867.1577,6.4447517,6.626549
178.98561,867.40356,6.444555,6.621426
178.0175,867.6535,6.444358,6.6163096
177.04889,867.9015,6.4441614,6.6111956
176.07828,868.1414,6.4440713,6.6060004
175.1047,868.36914,6.444469,6.6004353
174.12843,868.5849,6.4448667,6.5948677
173.14978,868.7896,6.4452643,6.5892987
172.16908,868.9843,6.445662,6.5837293
171.18661,869.1699,6.44603,6.5781593
170.20273,869.34784,6.446229,6.5725913
169.2179,869.5204,6.446428,6.5670233
168.23254,869.69006,6.4466267,6.561456
167.24715,869.85944,6.4468255,6.555889
166.26213,870.03094,6.4470487,6.550294
165.27794,870.20715,6.4474487,6.5444937
164.29503,870.3904,6.447849,6.5386925
163.31392,870.583,6.448249,6.5328913
162.33519,870.78735,6.448649,6.52709
161.3595,871.00574,6.4490247,6.5213084
160.38762,871.24054,6.4492264,6.515658
159.42052,871.4942,6.449428,6.5100074
158.4593,871.76935,6.4496303,6.504357
157.50528,872.0685,6.449832,6.498707
156.55994,872.3939,6.449732,6.493195
155.62485,872.74786,6.4481235,6.488371
154.7016,873.13153,6.446516,6.4835477
153.7919,873.5463,6.4449077,6.4787235
152.89764,873.9934,6.4432993,6.473898
152.02092,874.47394,6.439887,6.468
151.16353,874.98816,6.4289,6.4576015
150.32639,875.5348,6.417915,6.447205
149.51015,876.1121,6.406934,6.4368124
148.7154,876.7187,6.3959546,6.426421
147.94261,877.3531,6.383476,6.4171996
147.19244,878.01404,6.3564105,6.4193416
146.46597,878.7009,6.32934,6.421484
145.76437,879.4132,6.302265,6.4236264
145.0889,880.15027,6.2751875,6.4257693
144.44078,880.91156,6.2481103,6.427912
143.82137,881.69635,6.168289,6.5154777
143.23238,882.5042,6.086219,6.606689
142.6757,883.3347,6.004155,6.697893
142.15332,884.18713,5.9221096,6.7890763
141.66722,885.0608,5.840109,6.8802104
141.21965,885.9548,5.9157243,6.942947
140.814,886.8685,6.0040226,7.003394
140.45422,887.8013,6.0923653,7.063872
140.14458,888.75183,6.1807632,7.1243873
139.8895,889.71844,6.265729,7.179185
139.69228,890.69855,6.3116474,7.169147
139.5527,891.6884,6.357537,7.1591153
139.4699,892.68475,6.4034123,7.1490865
139.44301,893.6841,6.4492993,7.1390553
139.47136,894.6834,6.4825063,7.112059
139.55247,895.6799,6.496391,7.059256
139.6815,896.67126,6.5102735,7.006459
139.85335,897.6562,6.524151,6.953685
140.06302,898.6337,6.5380263,6.9009156
140.30579,899.60364,6.5459733,6.875019
140.57787,900.5657,6.5506096,6.8641343
140.87604,901.52,6.555247,6.853247
141.19717,902.46686,6.559884,6.842359
141.53816,903.40674,6.564522,6.831471
141.896,904.34033,6.5687885,6.8224225
142.26802,905.2684,6.572883,6.8142343
142.65181,906.19165,6.5769773,6.806046
143.045,907.1109,6.581071,6.7978578
143.44518,908.02716,6.585165,6.7896705
143.85007,908.9414,6.589133,6.7815213
144.25778,909.8543,6.5929985,6.773403
144.66685,910.76666,6.596864,6.765285
145.07585,911.679,6.6007304,6.7571664
145.48329,912.59204,6.604596,6.7490478
145.88776,913.5065,6.6084776,6.7408977
146.28848,914.4225,6.6123834,6.732695
146.68571,915.34,6.616289,6.7244935
147.0798,916.2589,6.6201944,6.7162914
147.47102,917.1791,6.6241,6.7080894
147.85971,918.1003,6.628067,6.699866
148.24611,919.0224,6.6322103,6.6915793
148.6303,919.9455,6.6363535,6.6832924
149.01231,920.8695,6.640497,6.675006
149.39226,921.7943,6.6446404,6.666719
149.77016,922.72003,6.6487527,6.658457
150.14613,923.6465,6.652732,6.650299
150.52031,924.57367,6.6567116,6.642142
150.89284,925.5015,6.660691,6.6339846
151.26387,926.42993,6.66467,6.625827
151.63354,927.35895,6.668686,6.617628
152.002,928.28845,6.6728916,6.609217
152.3694,929.2183,6.677097,6.6008058
152.73586,930.1486,6.6813025,6.592395
153.10152,931.07916,6.6855083,6.583984
153.4665,932.01,6.689683,6.575566
153.83098,932.94104,6.693707,6.567115
154.19507,933.87225,6.6977315,6.558664
154.55894,934.8035,6.701756,6.550213
154.92271,935.73486,6.70578,6.541762
155.28656,936.66614,6.709847,6.533306
155.6506,937.59735,6.714085,6.5248303
156.01501,938.52844,6.7183228,6.5163546
156.37993,939.4593,6.722561,6.5078783
156.74551,940.3899,6.7267985,6.4994025
157.11191,941.3202,6.7309885,6.4909244
157.47926,942.2501,6.7350287,6.482439
157.8477,943.1796,6.7390695,6.473954
158.21738,944.1086,6.74311,6.465469
158.58841,945.03705,6.747151,6.4569836
158.96095,945.9649,6.75125,6.4485
159.33513,946.8921,6.7554893,6.4400215
159.71115,947.81854,6.759729,6.4315424
160.0892,948.74414,6.763968,6.4230638
160.46947,949.6688,6.7682076,6.414585
160.85213,950.5926,6.772374,6.406114
161.23727,951.51526,6.776401,6.3976583
161.62482,952.43695,6.7804275,6.389202
162.01468,953.35767,6.7844543,6.3807464
162.40675,954.2774,6.7884808,6.3722906
162.80096,955.1962,6.7925773,6.363846
163.19711,956.11426,6.79679,6.3554196
163.59482,957.0316,6.801003,6.346994
163.99371,957.9484,6.8052163,6.3385677
164.39342,958.8649,6.809429,6.330142
164.79358,959.7812,6.813559,6.321726
165.19385,960.6974,6.8175592,6.313326
165.59392,961.6137,6.8215594,6.3049254
165.99348,962.5303,6.825559,6.2965255
166.39224,963.44714,6.8295593,6.2881255
166.78987,964.3645,6.8335557,6.279733
167.18608,965.28253,6.8375454,6.271354
167.58055,966.20123,6.8415356,6.262975
167.97295,967.12085,6.8455257,6.254596
168.36298,968.0415,6.849516,6.246217
168.75029,968.96326,6.8535776,6.2378445
169.13458,969.88635,6.8577585,6.229483
169.51553,970.8107,6.861939,6.2211223
169.89284,971.7367,6.8661194,6.212761
170.26614,972.6642,6.8703003,6.2043996
170.63516,973.59344,6.8744073,6.196045
170.99957,974.52454,6.8783803,6.1877017
171.35904,975.4575,6.8823533,6.1793585
171.71326,976.3925,6.8863263,6.1710153
172.06189,977.3296,6.890299,6.162672
172.40463,978.26886,6.8943315,6.1543365
172.74115,979.2104,6.8984914,6.146017
173.07112,980.1542,6.9026513,6.1376977
173.3942,981.1004,6.9068108,6.1293783
173.71005,982.0491,6.9109707,6.1210585
174.01833,983.0002,6.904779,6.114571
174.31873,983.9538,6.8708525,6.1129932
174.61098,984.91,6.8369265,6.1114154
174.8948,985.8687,6.803002,6.1098375
175.16994,986.82996,6.7690797,6.1082597
175.43613,987.7937,6.7271514,6.1081057
175.69304,988.75995,6.653512,6.11359
175.94022,989.72876,6.5798717,6.1190734
176.17719,990.70013,6.506222,6.124558
176.40344,991.674,6.432555,6.130044
176.6185,992.65045,6.3626795,6.1357293
176.82047,993.6297,6.328373,6.143265
177.00327,994.6127,6.294063,6.150801
177.16003,995.6001,6.259773,6.1583333
177.28395,996.59216,6.225543,6.1658516
177.36833,997.5884,6.193058,6.1707854
177.40582,998.5874,6.1943192,6.1226406
177.385,999.5869,6.195581,6.0744944
177.29262,1000.5822,6.196847,6.026171
177.11473,1001.56573,6.1981187,5.977634
176.83815,1002.52606,6.2699084,5.96377
176.45992,1003.4511,6.499354,6.027742
175.99095,1004.3338,6.7277646,6.091425
175.44232,1005.1693,6.95541,6.154895
174.82332,1005.95416,7.1829414,6.2183332
174.14166,1006.6853,7.252685,6.2256994
173.40479,1007.3607,7.2151623,6.1949267
172.62053,1007.9806,7.1776032,6.164124
171.79625,1008.5462,7.1400566,6.1333323
170.93852,1009.05975,7.1025305,6.1025567
170.05296,1009.5237,7.0429897,6.1300097
169.14345,1009.93866,6.966074,6.203348
168.21274,1010.3037,6.889109,6.276733
167.2636,1010.6177,6.812103,6.3501577
166.29878,1010.8795,6.735062,6.423615
165.32109,1011.0883,6.6645575,6.5018554
164.33362,1011.2444,6.599826,6.584277
163.33943,1011.3497,6.5351205,6.6666665
162.34128,1011.4061,6.47044,6.749024
161.34155,1011.4156,6.405764,6.831375
160.34242,1011.38,6.4414067,6.803373
159.34578,1011.301,6.5574207,6.6869617
158.3533,1011.18036,6.6734586,6.570526
157.36652,1011.0197,6.7895007,6.4540863
156.38672,1010.8208,6.9055476,6.337642
155.41507,1010.5852,6.935495,6.3138814
154.45264,1010.31445,6.886648,6.3749394
153.50037,1010.0099,6.8378015,6.435998
152.55911,1009.6728,6.7889585,6.4970517
151.62961,1009.3045,6.740119,6.5581017
150.71254,1008.9063,6.7256384,6.603401
149.80872,1008.4788,6.754058,6.6290383
148.91924,1008.0223,6.7824802,6.654678
148.04521,1007.5368,6.810903,6.680318
147.1878,1007.0226,6.8393235,6.7059565
146.3482,1006.47974,6.9100575,6.724368
145.52806,1005.90796,7.0408955,6.73252
144.72972,1005.3061,7.171741,6.740672
143.95576,1004.6732,7.3025923,6.748825
143.20901,1004.0084,7.4334106,6.7569757
142.49242,1003.3113,7.558689,6.8265023
141.80879,1002.5818,7.6785755,6.955897
141.16086,1001.82043,7.798474,7.0853047
140.55164,1001.0278,7.9184546,7.2148013
139.98436,1000.2045,8.038553,7.3444247
139.46216,999.35205,8.075542,7.387
138.9838,998.4742,8.071885,7.387
138.54477,997.5759,8.068231,7.387
138.14012,996.6617,8.06458,7.387
137.76465,995.73505,8.060929,7.387
137.41312,994.7991,8.057207,7.387
137.08054,993.8562,8.053458,7.387
136.762,992.90845,8.049707,7.387
136.45245,991.9577,8.045957,7.387
136.14679,991.00574,8.042205,7.387
135.84015,990.0541,8.038588,7.387
135.53064,989.10333,8.035034,7.387
135.21826,988.15356,8.031481,7.387
134.90298,987.2047,8.027927,7.387
134.58485,986.25684,8.024374,7.387
134.26384,985.30994,8.020806,7.387
133.9401,984.36395,8.017228,7.387
133.61386,983.4188,8.01365,7.387
133.28532,982.4745,8.010072,7.387
132.95473,981.5309,8.006494,7.387
132.6223,980.58795,8.002907,7.387
132.28821,979.64557,7.9993124,7.387
131.95265,978.70374,7.995718,7.387
131.6158,977.7623,7.992124,7.387
131.27782,976.82135,7.9885297,7.387
130.93889,975.8807,7.984931,7.387
130.59918,974.9403,7.981329,7.387
130.2589,974.0002,7.977727,7.387
129.91824,973.0601,7.974125,7.387
129.57741,972.1202,7.970523,7.387
129.2366,971.18024,7.9669204,7.387
128.8959,970.24023,7.9633174,7.387
128.55531,969.3002,7.9597144,7.387
128.21484,968.3601,7.956111,7.387
127.874504,967.4199,7.952508,7.387
127.534294,966.47974,7.9489055,7.387
127.194214,965.53955,7.9453034,7.387
126.85426,964.59924,7.941701,7.387
126.514435,963.65894,7.9380984,7.387
126.17473,962.71857,7.9344964,7.387
125.83514,961.77814,7.9308944,7.387
125.49567,960.8377,7.9272923,7.387
125.156296,959.8972,7.923691,7.387
124.81705,958.95667,7.920089,7.387
124.477905,958.0161,7.916487,7.387
124.13886,957.0755,7.9128857,7.3871174
123.799934,956.1349,7.9092846,7.3873177
123.46111,955.1942,7.9056835,7.3875175
123.12239,954.2535,7.9020824,7.3877177
122.78376,953.3127,7.898481,7.3879175
122.44524,952.37195,7.8948803,7.388
122.10681,951.4311,7.8912797,7.388
121.76847,950.49023,7.887679,7.388
121.43023,949.5493,7.8840785,7.388
121.09208,948.6084,7.8804774,7.388
120.75401,947.6675,7.8768773,7.388
120.41604,946.7265,7.873277,7.388
120.07814,945.78546,7.869677,7.388
119.74033,944.8444,7.866077,7.388
119.4026,943.9033,7.862477,7.388
119.06495,942.9622,7.858759,7.388
118.72738,942.0211,7.854959,7.388
118.38988,941.07996,7.8511596,7.388
118.05245,940.13873,7.8473597,7.388
117.715096,939.1975,7.8435597,7.388
117.37781,938.2563,7.8398786,7.388
117.04059,937.31506,7.836279,7.388
116.70344,936.3738,7.8326797,7.388
116.36635,935.43243,7.8290806,7.388
116.02932,934.49115,7.825481,7.388
115.69235,933.54974,7.8218822,7.388
115.35544,932.6084,7.818283,7.388
115.018585,931.667,7.814684,7.388
114.68178,930.7256,7.811085,7.388
114.34503,929.7842,7.807486,7.388
114.00833,928.8427,7.8038874,7.388
113.67168,927.90125,7.8002887,7.388
113.335075,926.9598,7.79669,7.388
112.99851,926.0183,7.793092,7.388
112.661995,925.0768,7.789493,7.388
112.325516,924.13525,7.7858944,7.388
111.989075,923.1937,7.782296,7.388
111.652664,922.2522,7.7786975,7.388
111.3163,921.3106,7.7750993,7.388
110.97996,920.369,7.771501,7.388
110.643654,919.4274,7.767903,7.388
110.30738,918.48584,7.7643046,7.388
109.97113,917.54425,7.7607064,7.388
109.6349,916.6026,7.757108,7.388
109.2987,915.661,7.7535105,7.388
108.96252,914.71936,7.7499123,7.388
108.62636,913.7777,7.7463145,7.388
108.29021,912.83606,7.7427163,7.388
107.95408,911.8944,7.7391186,7.388
107.617966,910.95276,7.735521,7.388
107.28186,910.0111,7.7319226,7.388
106.94576,909.06946,7.728325,7.388
106.60968,908.1278,7.724727,7.388
106.2736,907.18616,7.7211294,7.388
105.93752,906.24445,7.7175317,7.388
105.60144,905.3028,7.713934,7.388
105.265366,904.36115,7.710336,7.388
104.92929,903.41943,7.7067385,7.388
104.59321,902.4778,7.703141,7.388
104.257126,901.53613,7.6995435,7.388
103.92103,900.5945,7.6959457,7.388114
103.58492,899.65283,7.692348,7.388314
103.24881,898.7111,7.6887507,7.388514
102.91268,897.7695,7.685153,7.388714
102.57653,896.8279,7.6815553,7.3889136
102.24037,895.8862,7.677958,7.389
101.90419,894.9446,7.6743603,7.389
101.56799,894.0029,7.6707625,7.389
101.231766,893.06134,7.6671653,7.389
100.895515,892.11975,7.6635675,7.389
100.559235,891.17816,7.6598573,7.389
100.22293,890.2366,7.6560597,7.389
99.8866,889.295,7.652262,7.389
99.55023,888.3534,7.6484647,7.389
99.21384,887.41187,7.6446676,7.389
98.87741,886.47034,7.640982,7.389
98.54096,885.5288,7.6373844,7.389
98.204475,884.5873,7.6337867,7.389
97.86796,883.64575,7.6301894,7.389
97.53142,882.7042,7.6265917,7.389
97.19485,881.76276,7.622994,7.389
96.858246,880.8213,7.619396,7.389
96.521614,879.8798,7.615799,7.389
96.18496,878.93835,7.612201,7.389
95.84827,877.9969,7.6086035,7.389
95.51155,877.0554,7.6050057,7.389
95.17481,876.114,7.6014085,7.389
94.838036,875.1726,7.5978107,7.389
94.501236,874.2312,7.594213,7.389
94.164406,873.2898,7.5906153,7.389
93.82755,872.3484,7.5870175,7.389
93.49067,871.40704,7.58342,7.389
93.153755,870.46564,7.579822,7.389
92.81682,869.5243,7.576225,7.389
92.47985,868.58295,7.572627,7.389
92.14285,867.6416,7.5690293,7.389
91.80583,866.70026,7.5654316,7.389
91.46878,865.759,7.561834,7.389
91.13171,864.8176,7.558236,7.389
90.7946,863.87634,7.5546384,7.389
90.45747,862.93506,7.5510406,7.389
90.120316,861.9938,7.547443,7.389
89.78313,861.0525,7.543845,7.389
89.44592,860.1112,7.5402474,7.389
89.10868,859.17,7.5366497,7.389
88.77142,858.2287,7.533052,7.389
88.434135,857.2875,7.529454,7.389
88.09682,856.34625,7.5258565,7.389
87.759476,855.405,7.5222588,7.389
87.42211,854.46387,7.518661,7.389
87.08472,853.52264,7.5150633,7.389
86.7473,852.5815,7.5114655,7.389
86.40986,851.64026,7.507868,7.389
86.07239,850.6991,7.50427,7.389
85.7349,849.75793,7.5006723,7.389
85.39738,848.8168,7.4970746,7.389
85.05984,847.8757,7.493477,7.389
84.72227,846.9345,7.489879,7.389
84.384674,845.9934,7.4862814,7.389
84.04706,845.05225,7.4826837,7.389
83.70941,844.11115,7.479086,7.3891063
83.37175,843.17004,7.4754877,7.389306
83.03406,842.22894,7.47189,7.3895063
82.69634,841.2879,7.468292,7.389706
82.358604,840.3468,7.4646945,7.389906
82.020836,839.40576,7.460991,7.39
81.68305,838.46466,7.4571934,7.39
81.345245,837.5236,7.4533954,7.39
81.00741,836.5826,7.449598,7.39
80.66955,835.6416,7.4458003,7.39
80.331665,834.70056,7.4421077,7.39
79.99377,833.7595,7.43851,7.39
79.65584,832.81854,7.4349117,7.39
79.31789,831.8775,7.431314,7.39
78.97991,830.9365,7.4277163,7.39
78.64192,829.99554,7.4241185,7.39
78.3039,829.05457,7.4205203,7.39
77.96586,828.11365,7.4169226,7.39
77.62779,827.17267,7.413325,7.39
77.28971,826.2317,7.409727,7.39
76.9516,825.2908,7.406129,7.39
76.61347,824.34985,7.402531,7.39
76.27532,823.40894,7.3989334,7.39
75.93715,822.468,7.3953357,7.39
75.59895,821.5271,7.3917375,7.39
75.260735,820.5862,7.3881397,7.39
74.92249,819.64526,7.384542,7.39
74.584236,818.7044,7.380944,7.39
74.24596,817.76355,7.377346,7.39
73.90765,816.82263,7.3737483,7.39
73.56933,815.8818,7.37015,7.39
73.23098,814.9409,7.3665524,7.39
72.89262,814.00006,7.3629546,7.39
72.55423,813.05927,7.3593564,7.39
72.21583,812.1184,7.3557587,7.39
71.877396,811.1776,7.352161,7.39
71.53895,810.23676,7.3485627,7.39
71.200485,809.29596,7.344965,7.39
70.86199,808.35516,7.341367,7.39
70.52349,807.41437,7.337769,7.39
70.18496,806.4736,7.3341713,7.39
69.84641,805.5328,7.330573,7.39
69.50784,804.592,7.3269753,7.39
69.16926,803.65125,7.323377,7.39
68.83066,802.71045,7.3197794,7.39
68.49203,801.7697,7.316181,7.39
68.15339,800.829,7.3125834,7.39
67.81472,799.88824,7.3089857,7.39
67.47604,798.9475,7.3053875,7.39
67.13734,798.0068,7.3017898,7.39
66.79862,797.06604,7.2991962,7.3898997
66.459885,796.1253,7.2975974,7.3896995
66.121124,795.18463,7.295998,7.3894997
65.78235,794.2439,7.294399,7.3893
65.44356,793.3032,7.2928,7.3891
65.104744,792.36255,7.2921,7.3887005
64.765915,791.4219,7.2922997,7.3881006
64.42707,790.4812,7.2924995,7.387501
64.0882,789.5405,7.2926993,7.3869014
63.74932,788.59985,7.2928996,7.3863015
63.41042,787.6592,7.2930994,7.3858013
63.0715,786.71857,7.293299,7.3854017
62.732567,785.7779,7.293499,7.3850017
62.393612,784.8373,7.293699,7.384602
62.05464,783.8966,7.293899,7.384202
61.715656,782.956,7.294,7.3837037
61.37665,782.0154,7.294,7.383104
61.037632,781.07477,7.294,7.3825045
60.698597,780.13416,7.294,7.3819046
60.359543,779.19354,7.294,7.381305
60.020473,778.253,7.2940984,7.3807054
59.68139,777.3124,7.294298,7.3801055
59.342285,776.3718,7.294498,7.379506
59.00317,775.4312,7.2946978,7.3789063
58.664036,774.49066,7.2948976,7.378307
58.324886,773.5501,7.295098,7.3778048
57.985718,772.60956,7.2952976,7.3774047
57.646538,771.66895,7.2954974,7.377005
57.307343,770.7284,7.295697,7.3766055
56.96813,769.7879,7.295897,7.3762054
56.628902,768.84735,7.296,7.3757086
56.289658,767.9068,7.296,7.3751087
55.9504,766.9663,7.296,7.3745093
55.61113,766.02576,7.296,7.3739095
55.271843,765.08527,7.296,7.37331
54.93254,764.1447,7.296097,7.372807
54.593224,763.2042,7.2962966,7.372407
54.253895,762.26373,7.2964964,7.3720074
53.91455,761.32324,7.296696,7.3716073
53.57519,760.38275,7.296896,7.3712077
53.235817,759.44226,7.2970963,7.370712
52.89643,758.5018,7.297296,7.3701124
52.55703,757.5613,7.297496,7.3695126
52.217613,756.62085,7.2976956,7.3689127
51.878185,755.68036,7.2978954,7.3683133
51.538742,754.7399,7.298,7.3677135
51.199287,753.79944,7.298,7.3671136
50.85982,752.859,7.298,7.366514
50.520336,751.9185,7.298,7.3659143
50.180843,750.9781,7.298,7.365315
49.841335,750.03766,7.2980947,7.36481
49.501816,749.0972,7.298295,7.3644104
49.16228,748.1568,7.298495,7.3640103
48.822735,747.2164,7.2986946,7.3636107
48.483177,746.27594,7.2988944,7.363211
48.14361,745.3356,7.299094,7.3627167
47.804024,744.39514,7.2992945,7.362117
47.46443,743.4547,7.2994943,7.3615174
47.124825,742.51434,7.299694,7.3609176
46.785206,741.5739,7.299894,7.360318
46.445576,740.63354,7.3,7.3598123
46.10593,739.6932,7.3,7.359412
45.766277,738.75275,7.3,7.3590126
45.426613,737.8124,7.3,7.358613
45.086937,736.872,7.3,7.358213
44.74725,735.93164,7.300093,7.35772
44.40755,734.9913,7.3002934,7.35712
44.06784,734.0509,7.3004932,7.3565207
43.72812,733.11053,7.300693,7.355921
43.38839,732.1702,7.300893,7.355321
43.048645,731.22986,7.3010926,7.3547215
42.708893,730.2895,7.301293,7.3541217
42.369133,729.3492,7.3014927,7.3535223
42.029358,728.4088,7.3016925,7.3529224
41.689575,727.46844,7.3018923,7.3523226
41.34978,726.52814,7.302,7.351815
41.00998,725.5878,7.302,7.3514156
40.670166,724.64746,7.302,7.3510156
40.330345,723.70715,7.302,7.350616
39.990513,722.76685,7.302,7.3502164
39.65067,721.82654,7.3020916,7.349725
39.310818,720.8862,7.302292,7.349125
38.97096,719.9459,7.3024917,7.348525
38.63109,719.0056,7.3026915,7.3479257
38.29121,718.0653,7.3028913,7.347326
37.951324,717.125,7.303091,7.3468175
37.611427,716.1847,7.3032913,7.346418
37.271523,715.2444,7.303491,7.346018
36.93161,714.30414,7.303691,7.3456182
36.59169,713.36383,7.3038907,7.345218
36.25176,712.4235,7.304,7.344728
35.911823,711.4833,7.304,7.344128
35.571877,710.54297,7.304,7.3435283
35.231922,709.6027,7.304,7.342929
34.89196,708.6624,7.304,7.342329
34.55199,707.72217,7.30409,7.341729
34.212013,706.7819,7.3042903,7.34113
33.87203,705.8416,7.30449,7.34053
33.53204,704.90137,7.30469,7.33993
33.19204,703.9611,7.3048897,7.3393307
32.85203,703.0209,7.3050895,7.3388205
32.51202,702.08057,7.3052897,7.338421
32.171997,701.1403,7.3054895,7.338021
31.831972,700.2001,7.3056893,7.337621
31.491938,699.2598,7.305889,7.3372216
31.151897,698.3196,7.306,7.3367324
30.811852,697.37933,7.306,7.3361325
30.471798,696.43915,7.306,7.335533
30.131739,695.4989,7.306,7.3349333
29.791674,694.55865,7.306,7.334334
29.451603,693.6184,7.3060884,7.3338227
29.111525,692.67816,7.3062887,7.3334227
28.771442,691.738,7.3064885,7.333023
28.431353,690.7977,7.3066883,7.3326235
28.091259,689.8575,7.306888,7.3322234
27.75116,688.9173,7.307,7.3317356
27.411055,687.97705,7.307,7.3311357
27.070946,687.03687,7.307,7.3305364
26.73083,686.0966,7.307,7.3299365
26.39071,685.15643,7.307,7.3293366
26.050585,684.2162,7.3070874,7.3287373
25.710455,683.276,7.3072877,7.3281374
25.370321,682.33575,7.3074875,7.3275375
25.030184,681.39557,7.3076873,7.326938
24.69004,680.4553,7.307887,7.3263383
24.349894,679.51514,7.3080873,7.3258257
24.00974,678.57495,7.308287,7.325426
23.669586,677.63477,7.308487,7.325026
23.329428,676.6945,7.3086867,7.3246264
22.989264,675.75433,7.3088865,7.3242264
22.649097,674.81415,7.309,7.32374
22.308928,673.87396,7.309,7.3231406
21.968754,672.9337,7.309,7.3225408
21.628576,671.9935,7.309,7.321941
21.288397,671.05334,7.309,7.3213415
20.948214,670.11316,7.3090863,7.320828
20.608028,669.173,7.309286,7.320428
20.267838,668.2328,7.309486,7.3200283
19.927647,667.2926,7.3096857,7.3196282
19.587452,666.3524,7.3098855,7.3192286
19.247255,665.41223,7.310086,7.318743
18.907055,664.47205,7.3102856,7.3181434
18.566854,663.53186,7.3104854,7.317544
18.22665,662.5917,7.310685,7.316944
17.886444,661.6515,7.310885,7.3163447
17.546236,660.7113,7.311,7.315745
17.206026,659.7711,7.311,7.315145
16.865816,658.83093,7.311,7.3145456
16.525602,657.89075,7.311,7.313946
16.185389,656.95056,7.311,7.313346
15.845173,656.0104,7.3110847,7.312831
15.504956,655.0702,7.3112845,7.3124313
15.164738,654.13,7.3114843,7.3120313
14.824518,653.1898,7.311684,7.3116317
14.484299,652.24963,7.311884,7.3112316
14.144078,651.30945,7.312084,7.310748
13.803857,650.3693,7.312284,7.3101482
13.4636345,649.42914,7.312484,7.3095484
13.123412,648.48895,7.3126836,7.308949
12.78319,647.54877,7.3128834,7.308349
12.442966,646.6086,7.313,7.307833
12.102744,645.6684,7.313,7.307433
11.762521,644.7282,7.313,7.3070335
11.422298,643.788,7.313,7.3066335
11.082076,642.84784,7.313,7.306234
10.741854,641.9077,7.313083,7.305751
10.401632,640.9675,7.313283,7.3051515
10.061411,640.02734,7.3134828,7.3045516
9.72119,639.08716,7.3136826,7.3039517
9.380971,638.147,7.3138824,7.3033524
9.040752,637.2068,7.3140826,7.3027525
8.700535,636.2666,7.3142824,7.302153
8.360318,635.3264,7.314482,7.3015532
8.020103,634.3862,7.314682,7.3009534
7.67989,633.44604,7.3148823,7.300354
7.339678,632.50586,7.315,7.299836
6.999468,631.5657,7.315,7.299436
6.6592593,630.62555,7.315,7.2990365
6.3190527,629.68536,7.315,7.298637
5.978848,628.7452,7.315,7.298237
5.6386456,627.805,7.3150816,7.2977557
5.298445,626.8648,7.3152814,7.297156
4.958247,625.92456,7.315481,7.2965565
4.618052,624.9844,7.315681,7.2959566
4.2778587,624.0442,7.315881,7.2953568
3.9376686,623.104,7.316081,7.294838
3.5974813,622.1638,7.316281,7.2944384
3.2572968,621.22363,7.3164806,7.294039
2.9171154,620.28345,7.3166804,7.2936387
2.5769372,619.34326,7.3168807,7.293239
2.2367623,618.4031,7.317,7.292759
1.8965907,617.4628,7.317,7.292159
1.5564226,616.52264,7.317,7.2915597
1.216258,615.58246,7.317,7.29096
0.8760973,614.6423,7.317,7.29036
0.5359404,613.702,7.31708,7.2897606
0.19578741,612.76184,7.31728,7.2891607
-0.14436148,611.82166,7.3174796,7.288561
-0.48450622,610.8815,7.3176794,7.2879615
-0.82464665,609.9412,7.317879,7.2873616
-1.1647826,609.00104,7.3180795,7.2868414
-1.5049143,608.0608,7.3182793,7.2864413
-1.845041,607.1206,7.318479,7.2860417
-2.1851633,606.18036,7.318679,7.285642
-2.5252802,605.2402,7.318879,7.285242
-2.8653922,604.2999,7.319,7.284764
-3.205499,603.35974,7.319,7.284164
-3.5456004,602.4195,7.319,7.283564
-3.8856966,601.4793,7.319,7.2829647
-4.225787,600.53906,7.319,7.282365
-4.565872,599.5988,7.3190784,7.2818437
-4.905952,598.65857,7.3192782,7.2814436
-5.2460256,597.7184,7.319478,7.281044
-5.586094,596.77814,7.319678,7.280644
-5.9261556,595.8379,7.3198776,7.2802444
-6.2662115,594.89764,7.320078,7.2797666
-6.606261,593.9574,7.3202777,7.279167
-6.946304,593.01715,7.3204775,7.2785673
-7.28634,592.0769,7.3206773,7.277968
-7.6263704,591.13666,7.320877,7.277368
-7.9663935,590.1964,7.321,7.276768
-8.30641,589.25616,7.321,7.276169
-8.646419,588.3159,7.321,7.275569
-8.986421,587.3757,7.321,7.2749696
-9.326415,586.4354,7.321,7.2743697
-9.666403,585.4951,7.321077,7.2738466
-10.006383,584.5549,7.3212767,7.273447
-10.346356,583.6146,7.3214765,7.273047
-10.686321,582.6743,7.3216763,7.2726474
-11.0262785,581.7341,7.321876,7.2722473
-11.366228,580.79376,7.3220763,7.2717714
-11.706169,579.8535,7.322276,7.271172
-12.046103,578.9132,7.322476,7.270572
-12.386026,577.9729,7.3226757,7.269973
-12.725944,577.03265,7.3228755,7.269373
-13.065851,576.09235,7.323,7.268849
-13.40575,575.15204,7.323,7.268449
-13.745641,574.21173,7.323,7.2680492
-14.085523,573.2714,7.323,7.2676497
-14.425396,572.3311,7.323,7.2672496
-14.76526,571.3908,7.323075,7.266775
-15.105114,570.4505,7.323275,7.2661753
-15.44496,569.5102,7.323475,7.2655754
-15.784796,568.5699,7.3236747,7.264976
-16.124622,567.6296,7.3238745,7.264376
-16.46444,566.6893,7.324,7.263777
-16.804247,565.7489,7.324,7.263177
-17.144045,564.8086,7.324,7.262577
-17.483831,563.8682,7.324,7.2619777
-17.823608,562.9279,7.324,7.261378
-18.163376,561.98755,7.324074,7.2608523
-18.503132,561.04724,7.3242736,7.2604523
-18.842878,560.1069,7.324474,7.2600527
-19.182613,559.1665,7.3246737,7.2596526
-19.522339,558.22614,7.3248734,7.259253
-19.862053,557.28577,7.3250732,7.25878
-20.201756,556.3454,7.325273,7.25818
-20.541449,555.405,7.3254733,7.2575808
-20.881128,554.46466,7.325673,7.256981
-21.220798,553.5243,7.325873,7.256381
-21.560455,552.5839,7.326,7.2557817
-21.9001,551.64355,7.326,7.255182
-22.239737,550.7031,7.326,7.2545824
-22.57936,549.76276,7.326,7.2539825
-22.918968,548.8223,7.326,7.2533827
-23.258566,547.88196,7.326072,7.2528553
-23.598152,546.9415,7.326272,7.2524557
-23.937727,546.0011,7.326472,7.252056
-24.277287,545.06067,7.326672,7.251656
-24.616837,544.1203,7.326872,7.2512565
-24.956371,543.1799,7.3270717,7.250785
-25.295895,542.23944,7.3272715,7.250185
-25.635405,541.29895,7.3274713,7.2495856
-25.974901,540.3585,7.3276715,7.248986
-26.314384,539.4181,7.3278713,7.2483864
-26.653854,538.47766,7.328,7.2478576
-26.99331,537.5372,7.328,7.247458
-27.332752,536.59674,7.328,7.2470584
-27.672182,535.65625,7.328,7.2466583
-28.011597,534.7158,7.328,7.2462587
-28.350996,533.7753,7.3280706,7.245788
-28.690384,532.83484,7.3282704,7.2451887
-29.029755,531.89435,7.32847,7.244589
-29.369112,530.95386,7.32867,7.2439895
-29.708456,530.01337,7.3288703,7.2433896
-30.047785,529.0729,7.32907,7.24279
-30.387098,528.1323,7.32927,7.2421904
-30.726397,527.19183,7.3294697,7.2415905
-31.065681,526.25134,7.3296695,7.240991
-31.40495,525.3108,7.3298697,7.2403913
-31.744202,524.3703,7.33,7.239861
-32.08344,523.42975,7.33,7.2394614
-32.42266,522.4892,7.33,7.239062
-32.761868,521.54865,7.33,7.238662
-33.101055,520.6081,7.33,7.238262
-33.44023,519.66754,7.330069,7.2377934
-33.77939,518.727,7.330269,7.2371936
-34.11853,517.78644,7.3304687,7.236594
-34.457657,516.8458,7.3306684,7.2359943
-34.796764,515.9053,7.3308682,7.235395
-35.135857,514.96466,7.3310685,7.2348633
-35.474934,514.02405,7.3312683,7.2344637
-35.81399,513.0835,7.331468,7.234064
-36.153034,512.1429,7.331668,7.233664
-36.492058,511.20227,7.3318677,7.2332644
-36.831066,510.26163,7.331932,7.2328644
-37.170055,509.321,7.3317323,7.232465
-37.509026,508.38037,7.3315325,7.232065
-37.84798,507.43976,7.3313327,7.231665
-38.186916,506.4991,7.331133,7.2312655
-38.525837,505.55847,7.329322,7.2322755
-38.864735,504.6178,7.3243246,7.2360735
-39.203617,503.67712,7.3193274,7.239871
-39.542484,502.73648,7.31433,7.243669
-39.88133,501.7958,7.3093333,7.247467
-40.220158,500.8551,7.3044024,7.2512646
-40.558964,499.91443,7.2996054,7.2550626
-40.897755,498.97372,7.294808,7.25886
-41.236526,498.03302,7.290011,7.262658
-41.575275,497.09232,7.2852135,7.266456
-41.91401,496.1516,7.28035,7.2702537
-42.25272,495.21088,7.2753534,7.2740517
-42.591415,494.27014,7.270356,7.277849
-42.930088,493.3294,7.265359,7.281647
-43.26874,492.38867,7.2603617,7.285445
-43.607376,491.4479,7.250524,7.2832904
-43.94599,490.50714,7.2307353,7.2688985
-44.284584,489.56638,7.210947,7.254507
-44.623158,488.6256,7.1911583,7.240115
-44.96171,487.68484,7.1713696,7.2257233
-45.300247,486.74405,7.150414,7.2098403
-45.63876,485.80325,7.127027,7.190851
-45.97725,484.86246,7.1036406,7.171862
-46.31572,483.92163,7.080254,7.152873
-46.65417,482.9808,7.0568676,7.133884
-46.9926,482.03998,7.033545,7.114895
-47.331005,481.09915,7.0103583,7.095906
-47.66939,480.15833,6.9871716,7.076916
-48.007755,479.21747,6.963985,7.057927
-48.3461,478.2766,6.9407983,7.038938
-48.68442,477.33575,6.9175477,7.020013
-49.02272,476.39487,6.894161,7.0012236
-49.360996,475.45398,6.8707743,6.9824343
-49.69925,474.5131,6.847388,6.963645
-50.037483,473.5722,6.8240013,6.9448557
-50.375694,472.6313,6.8006144,6.9260035
-50.71388,471.6904,6.777228,6.907014
-51.052044,470.74948,6.7538414,6.888025
-51.390186,469.80853,6.7304544,6.8690357
-51.728306,468.8676,6.707068,6.8500466
-52.066402,467.92667,6.6876845,6.83381
-52.404472,466.98572,6.6770906,6.8236156
-52.742523,466.04474,6.6664968,6.8134212
-53.08055,465.10376,6.655903,6.803227
-53.418552,464.16278,6.6453085,6.793033
-53.75653,463.2218,6.638496,6.7855043
-54.094486,462.2808,6.6400948,6.783905
-54.432415,461.3398,6.641694,6.7823057
-54.77032,460.3988,6.6432934,6.780707
-55.108204,459.45776,6.644892,6.7791076
-55.44606,458.51672,6.6464915,6.7775087
-55.783894,457.57568,6.6480904,6.7759094
-56.121704,456.63464,6.6496897,6.7743106
-56.459488,455.6936,6.6512885,6.7727113
-56.797245,454.75253,6.652888,6.7711124
-57.13498,453.81146,6.654426,6.769452
-57.47269,452.87036,6.655825,6.7676535
-57.810375,451.92926,6.6572247,6.7658544
-58.148033,450.98816,6.6586237,6.7640553
-58.485664,450.04706,6.6600227,6.762256
-58.823273,449.10593,6.6614823,6.7605176
-59.160854,448.1648,6.6630816,6.758919
-59.49841,447.22366,6.6646805,6.7573195
-59.835938,446.28253,6.66628,6.75572
-60.173443,445.34137,6.6678786,6.7541213
-60.510918,444.40018,6.669478,6.7524624
-60.84837,443.459,6.671077,6.7506633
-61.18579,442.51782,6.672676,6.748864
-61.52319,441.57663,6.6742754,6.7470655
-61.86056,440.63544,6.675874,6.7452664
-62.197903,439.6942,6.6774735,6.7435265
-62.53522,438.753,6.6790724,6.7419276
-62.87251,437.81174,6.6806717,6.7403283
-63.20977,436.8705,6.682271,6.738729
-63.547005,435.92926,6.68387,6.73713
-63.884212,434.98798,6.685469,6.735531
-64.22139,434.04672,6.687068,6.733932
-64.55854,433.10544,6.6886673,6.7323327
-64.89567,432.16412,6.690266,6.730734
-65.23276,431.22284,6.6918654,6.7291346
-65.569824,430.28152,6.6934648,6.7274776
-65.90687,429.34018,6.6950636,6.7256784
-66.24387,428.39886,6.696663,6.7238793
-66.58086,427.45752,6.698262,6.72208
-66.91781,426.51614,6.699861,6.720281
-67.25473,425.5748,6.7014604,6.7185397
-67.59163,424.63342,6.703059,6.7169404
-67.92849,423.69202,6.7046585,6.7153416
-68.26533,422.75064,6.706258,6.7137423
-68.602135,421.80923,6.7078567,6.7121434
-68.93891,420.8678,6.709456,6.7104874
-69.27566,419.92636,6.711055,6.7086883
-69.61238,418.98492,6.712654,6.706889
-69.949066,418.0435,6.7142534,6.70509
-70.28572,417.10202,6.7158523,6.703291
-70.62235,416.16055,6.7174516,6.7015486
-70.95895,415.21906,6.719051,6.6999493
-71.29552,414.2776,6.7206497,6.69835
-71.63205,413.33606,6.722249,6.696751
-71.96856,412.39456,6.7238483,6.695152
-72.30503,411.45303,6.7253914,6.6935525
-72.64148,410.5115,6.7267904,6.6919537
-72.97789,409.56995,6.72819,6.6903543
-73.31427,408.6284,6.729589,6.688755
-73.65062,407.6868,6.7309885,6.687156
-73.98694,406.74524,6.732443,6.6855016
-74.32323,405.80365,6.734042,6.6837025
-74.659485,404.86203,6.7356415,6.6819034
-74.995705,403.9204,6.7372403,6.6801043
-75.3319,402.9788,6.7388396,6.678305
-75.66806,402.03714,6.740439,6.6765614
-76.00419,401.0955,6.742038,6.674962
-76.34028,400.15384,6.743637,6.6733627
-76.676346,399.21216,6.7452364,6.671764
-77.012375,398.27048,6.7468357,6.6701646
-77.34837,397.3288,6.7484345,6.6685653
-77.68434,396.3871,6.750034,6.666966
-78.02027,395.44534,6.751633,6.665367
-78.35618,394.50363,6.753232,6.663768
-78.69206,393.5619,6.7548313,6.6621685
-79.02791,392.62015,6.7564306,6.660516
-79.36373,391.67838,6.7580295,6.6587167
-79.699524,390.7366,6.759629,6.6569176
-80.035286,389.79483,6.761228,6.6551185
-80.37103,388.85303,6.7628274,6.6533194
-80.70675,387.91125,6.764426,6.6515737
-81.042435,386.96945,6.7660255,6.6499743
-81.378105,386.02762,6.767625,6.648375
-81.71375,385.08582,6.769224,6.646776
-82.04937,384.14398,6.770823,6.645177
-82.38497,383.20212,6.7724223,6.643525
-82.72055,382.26028,6.7740216,6.641726
-83.05611,381.31842,6.7756205,6.639927
-83.39165,380.37656,6.77722,6.638128
-83.727165,379.4347,6.778819,6.6363287
-84.06266,378.49283,6.7804184,6.6345816
-84.39814,377.55093,6.782017,6.6329827
-84.733604,376.60907,6.7836165,6.6313834
-85.06905,375.66718,6.785216,6.629784
-85.40448,374.72528,6.786815,6.628185
-85.7399,373.78336,6.788414,6.626586
-86.0753,372.84146,6.7900133,6.6249866
-86.41068,371.89954,6.7916126,6.6233873
-86.746056,370.9576,6.793212,6.621788
-87.08142,370.0157,6.794811,6.620189
-87.41676,369.07376,6.796359,6.6185384
-87.752106,368.13184,6.797758,6.6167393
-88.087425,367.1899,6.7991576,6.61494
-88.422745,366.24796,6.8005567,6.613141
-88.75805,365.30603,6.801956,6.6113424
-89.093346,364.36407,6.8034062,6.609594
-89.428635,363.42212,6.8050056,6.6079946
-89.763916,362.48016,6.8066044,6.6063952
-90.09919,361.5382,6.8082037,6.6047964
-90.434456,360.59625,6.809803,6.603197
-90.76972,359.6543,6.8114023,6.6015477
-91.10497,358.71234,6.813001,6.5997486
-91.44023,357.7704,6.8146005,6.5979495
-91.775475,356.8284,6.8162,6.5961504
-92.110725,355.88644,6.817799,6.5943513
-92.44597,354.9445,6.819398,6.592602
-92.78121,354.0025,6.820997,6.591003
-93.11645,353.06055,6.8225965,6.5894036
-93.45169,352.1186,6.824196,6.5878043
-93.786934,351.1766,6.8257947,6.586205
-94.12217,350.23465,6.8274927,6.5854926
-94.45741,349.2927,6.8294916,6.5874915
-94.79266,348.3507,6.8314905,6.5894904
-95.12791,347.40875,6.8334894,6.5914893
-95.46316,346.4668,6.8354883,6.5934887
-95.798416,345.52484,6.8376827,6.59695
-96.133675,344.5829,6.8404813,6.604946
-96.46894,343.64093,6.84328,6.6129417
-96.804214,342.69897,6.8460784,6.620938
-97.139496,341.75702,6.848877,6.628934
-97.47478,340.81506,6.8516755,6.63693
-97.810074,339.8731,6.854474,6.6449256
-98.14538,338.93115,6.8572726,6.6529217
-98.48069,337.98923,6.860071,6.6609178
-98.81602,337.0473,6.8628697,6.6689134
-99.15135,336.10535,6.8656683,6.676862
-99.486694,335.16342,6.868467,6.6846576
-99.82205,334.2215,6.8712654,6.692454
-100.15742,333.27957,6.874064,6.7002497
-100.492805,332.33768,6.8768625,6.7080455
-100.8282,331.39575,6.879614,6.715889
-101.16361,330.45386,6.8822126,6.7238846
-101.49904,329.51193,6.8848114,6.7318807
-101.83448,328.57004,6.8874097,6.7398767
-102.16994,327.62817,6.8900084,6.7478724
-102.50542,326.68628,6.892654,6.7558684
-102.84091,325.74442,6.8954525,6.763864
-103.17642,324.80252,6.898251,6.77186
-103.511955,323.8607,6.9010496,6.7798557
-103.84751,322.91882,6.903848,6.787852
-104.18308,321.97696,6.9066467,6.795801
-104.51868,321.03513,6.9094453,6.803597
-104.854294,320.0933,6.912244,6.8113933
-105.18993,319.15146,6.9150424,6.819189
-105.5256,318.20966,6.917841,6.826985
-105.86128,317.26785,6.920639,6.8348265
-106.19699,316.32605,6.9234376,6.842822
-106.53272,315.38425,6.926236,6.850818
-106.868484,314.44247,6.9290347,6.858814
-107.20427,313.5007,6.9318333,6.8668094
-107.540085,312.55893,6.934632,6.8748055
-107.87592,311.6172,6.9374304,6.882801
-108.2118,310.67545,6.940229,6.8907967
-108.5477,309.7337,6.9430275,6.8987923
-108.88363,308.792,6.945826,6.906788
-109.21958,307.85028,6.948624,6.914739
-109.55557,306.90857,6.9514227,6.922535
-109.891594,305.9669,6.9542212,6.9303308
-110.22765,305.0252,6.95702,6.9381266
-110.563736,304.08356,6.9598184,6.9459224
-110.89986,303.1419,6.9625726,6.953762
-111.236015,302.20026,6.9651713,6.9617577
-111.572205,301.25864,6.9677696,6.9697533
-111.90843,300.31702,6.9703684,6.977749
-112.24469,299.37543,6.972967,6.9857445
-112.58099,298.43384,6.975609,6.99374
-112.91733,297.49225,6.9784074,7.0017357
-113.2537,296.5507,6.981206,7.0097313
-113.59012,295.60913,6.9840045,7.0177264
-113.92657,294.6676,6.9868026,7.025722
-114.26306,293.72607,6.989601,7.0336747
-114.599594,292.78458,6.9923997,7.0414705
-114.93617,291.84308,6.9951982,7.049266
-115.27279,290.9016,6.9979963,7.0570617
-115.60945,289.96014,7.000795,7.064857
-115.94615,289.0187,7.0035934,7.0726953
-116.2829,288.07727,7.0063915,7.0806904
-116.61969,287.13586,7.00919,7.088686
-116.95653,286.19446,7.0119886,7.096681
-117.29341,285.25308,7.0147867,7.1046767
-117.63034,284.31174,7.0175853,7.112672
-117.96732,283.3704,7.0203834,7.1206675
-118.304344,282.42905,7.023182,7.1286626
-118.64142,281.48773,7.0259805,7.136658
-118.978546,280.54645,7.0287786,7.1446533
-119.31572,279.60516,7.0315356,7.1526074
-119.65295,278.6639,7.0341344,7.160403
-119.99022,277.7227,7.0367327,7.168198
-120.327545,276.78146,7.039331,7.1759934
-120.664925,275.84024,7.0419297,7.183789
-121.00236,274.89908,7.044528,7.1915436
-121.33984,273.95792,7.0471263,7.199139
-121.67738,273.01675,7.049725,7.206734
-122.014984,272.07562,7.0523233,7.2143297
-122.35264,271.13452,7.0549216,7.2219253
-122.690346,270.19345,7.05728,7.2287602
-123.028114,269.25238,7.058679,7.232558
-123.36594,268.31134,7.060078,7.236356
-123.70382,267.3703,7.0614777,7.2401533
-124.041756,266.42932,7.0628767,7.243951
-124.37976,265.48834,7.064236,7.2477484
-124.71782,264.54736,7.0654354,7.251546
-125.05595,263.60645,7.0666347,7.255344
-125.39413,262.66553,7.067834,7.2591414
-125.732376,261.72464,7.069033,7.262939
-126.07069,260.78375,7.0702324,7.2667365
-126.40906,259.84293,7.0714316,7.270534
-126.7475,258.9021,7.072631,7.2743316
-127.086,257.9613,7.07383,7.278129
-127.42456,257.02054,7.0750294,7.2819266
-127.7632,256.07977,7.0762286,7.285724
-128.1019,255.13904,7.077428,7.2895217
-128.44067,254.19833,7.078627,7.293319
-128.77951,253.25766,7.0798264,7.2971168
-129.11841,252.317,7.0810256,7.3009143
-129.45738,251.37637,7.082225,7.304712
-129.79643,250.43578,7.083424,7.3085093
-130.13554,249.4952,7.0846233,7.312307
-130.47473,248.55464,7.0858226,7.316104
-130.814,247.61412,7.0870214,7.3199015
-131.15332,246.67361,7.0882206,7.323699
-131.49274,245.73314,7.08942,7.3274965
-131.83221,244.7927,7.090619,7.3312936
-132.17177,243.85228,7.0918183,7.335091
-132.5114,242.91188,7.0930176,7.3388886
-132.8511,241.97151,7.094217,7.34265
-133.19089,241.03117,7.0954156,7.346247
-133.53075,240.09087,7.096615,7.349845
-133.87068,239.15059,7.097814,7.353442
-134.2107,238.21034,7.0990133,7.3570395
-134.5508,237.27011,7.097664,7.353523
-134.89096,236.32991,7.084473,7.316949
-135.23114,235.38972,7.071283,7.280375
-135.5713,234.44952,7.058092,7.243801
-135.91139,233.5093,7.0449014,7.207227
-136.25137,232.56903,7.0316763,7.1706877
-136.59117,231.6287,7.0182853,7.134312
-136.93077,230.6883,7.0048943,7.0979366
-137.2701,229.74779,6.9915032,7.0615616
-137.60912,228.80717,6.9781127,7.025186
-137.94778,227.86644,6.964721,6.988776
-138.28606,226.92555,6.951329,6.9521976
-138.62386,225.9845,6.9379373,6.9156194
-138.96117,225.04327,6.9245453,6.879041
-139.29793,224.10185,6.911153,6.8424625
-139.6341,223.16022,6.8977604,6.8058834
-139.96962,222.21835,6.884367,6.7693005
-140.30446,221.27625,6.870973,6.7327175
-140.63855,220.33386,6.857579,6.6961346
-140.97186,219.39122,6.8441854,6.659551
-141.30434,218.44827,6.8308244,6.6229672
-141.63593,217.505,6.8176284,6.5863786
-141.96658,216.56143,6.8044324,6.54979
-142.29626,215.6175,6.7912364,6.5132008
-142.62492,214.67322,6.7780404,6.476612
-142.9525,213.72856,6.7648115,6.4400225
-143.27895,212.78351,6.7514133,6.4034276
-143.60423,211.83806,6.738015,6.3668323
-143.9283,210.89218,6.724617,6.3302374
-144.25108,209.94588,6.711219,6.2936425
-144.57256,208.99913,6.69782,6.257079
-144.89265,208.05191,6.68442,6.2206783
-145.21135,207.10422,6.67102,6.184278
-145.52856,206.15602,6.6576195,6.147877
-145.84428,205.20734,6.6442194,6.1114764
-146.15843,204.25813,6.6311116,6.079242
-146.47098,203.3084,6.61951,6.0684404
-146.78186,202.35811,6.6079087,6.057639
-147.09103,201.40727,6.5963073,6.046838
-147.39842,200.45584,6.5847054,6.036036
-147.704,199.50385,6.5732675,6.027425
-148.0077,198.55124,6.5626655,6.0300255
-148.3095,197.59804,6.5520635,6.032626
-148.60936,196.64421,6.5414615,6.0352263
-148.90726,195.68977,6.5308595,6.037827
-149.20314,194.73473,6.5202246,6.0403943
-149.49702,193.77904,6.5094233,6.0427947
-149.78896,192.82277,6.4986215,6.045195
-150.07901,191.86592,6.48782,6.0475955
-150.36725,190.90852,6.477019,6.049996
-150.65372,189.9506,6.4662504,6.052429
-150.9385,188.99217,6.455651,6.055029
-151.22166,188.03326,6.4450507,6.057629
-151.50325,187.0739,6.4344506,6.0602293
-151.78331,186.11407,6.4238505,6.062829
-152.0619,185.15382,6.413218,6.065396
-152.33908,184.19318,6.40242,6.0677958
-152.61491,183.23213,6.3916216,6.070195
-152.88945,182.2707,6.3808236,6.0725946
-153.16273,181.30894,6.3700256,6.074994
-153.43486,180.34685,6.3592606,6.0774264
-153.70586,179.38443,6.3486648,6.0800257
-153.9758,178.4217,6.3380685,6.0826244
-154.24474,177.45871,6.3274727,6.0852237
-154.51273,176.49545,6.3168764,6.087823
-154.77982,175.53195,6.306573,6.090746
-155.0461,174.5682,6.2977777,6.0953436
-155.31158,173.60426,6.2889824,6.0999413
-155.57637,172.64012,6.280187,6.1045384
-155.8405,171.6758,6.271392,6.109136
-156.10403,170.7113,6.2635217,6.1147857
-156.36702,169.74667,6.260524,6.125978
-156.62953,168.7819,6.257526,6.1371703
-156.89163,167.81702,6.254528,6.1483626
-157.15335,166.85204,6.25153,6.159555
-157.41478,165.88698,6.2485323,6.170747
-157.67595,164.92184,6.2455344,6.181938
-157.93694,163.95667,6.2425365,6.1931295
-158.19778,162.99146,6.239539,6.204321
-158.45856,162.02621,6.2365413,6.215512
-158.71931,161.06097,6.233544,6.226703
-158.98012,160.09573,6.2305465,6.237894
-159.24101,159.13054,6.2275486,6.249085
-159.50208,158.16537,6.224551,6.260276
-159.76337,157.20027,6.221554,6.2714663
-160.02495,156.23526,6.218556,6.2826867
-160.28687,155.27032,6.2155585,6.294078
-160.54916,154.30551,6.212561,6.3054686
-160.8119,153.3408,6.2095633,6.3168592
-161.07513,152.37622,6.206566,6.3282504
-161.33887,151.41179,6.203568,6.3396125
-161.60318,150.44753,6.2005706,6.350804
-161.86806,149.4834,6.1975727,6.3619957
-162.13354,148.51945,6.194575,6.373187
-162.39966,147.55566,6.191577,6.3843784
-162.66643,146.59207,6.188607,6.3955703
-162.93384,145.62865,6.185809,6.4067626
-163.20195,144.66542,6.183011,6.4179554
-163.47078,143.7024,6.180213,6.4291477
-163.74034,142.73958,6.177415,6.44034
-164.01065,141.77696,6.174425,6.4499454
-164.28175,140.81458,6.1702275,6.4495454
-164.55368,139.85242,6.16603,6.449146
-164.82642,138.8905,6.1618323,6.4487457
-165.10002,137.92882,6.157635,6.448346
-165.37451,136.96739,6.1534104,6.4474106
-165.64989,136.00623,6.1490126,6.4430127
-165.9262,135.04532,6.1446147,6.438615
-166.20345,134.08469,6.140217,6.434217
-166.48167,133.12433,6.135819,6.429819
-166.76091,132.16426,6.131421,6.4254208
-167.04115,131.2045,6.1270227,6.4210224
-167.32243,130.24504,6.1226244,6.416624
-167.60478,129.28589,6.118226,6.4122257
-167.88821,128.32706,6.1138277,6.4078274
-168.17276,127.36856,6.1094294,6.403429
-168.45845,126.4104,6.1050305,6.39903
-168.74529,125.45258,6.1006317,6.3946314
-169.03331,124.495125,6.096233,6.390233
-169.32253,123.538025,6.091834,6.385834
-169.61298,122.5813,6.0874352,6.3814354
-169.9047,121.624954,6.083036,6.377036
-170.19766,120.669,6.078637,6.372637
-170.49194,119.71344,6.074238,6.368238
-170.78754,118.75829,6.069839,6.3638387
-171.08446,117.80356,6.0654397,6.35944
-171.38274,116.84924,6.0610404,6.3550406
-171.68242,115.89536,6.056641,6.3506413
-171.9835,114.94193,6.052242,6.346242
-172.28604,113.98896,6.0478425,6.3418427
-172.59006,113.03646,6.043443,6.3374434
-172.89557,112.084435,6.039044,6.333044
-173.20256,111.13289,6.0346446,6.3286448
-173.51102,110.181816,6.0302453,6.3242455
-173.82094,109.23121,6.025846,6.319846
-174.13228,108.28108,6.022,6.31595
-174.44504,107.33141,6.022,6.31555
-174.75919,106.3822,6.022,6.31515
-175.07465,105.433426,6.022,6.3147497
-175.39139,104.485085,6.022,6.31435
-175.70938,103.537155,6.022249,6.3141747
-176.02858,102.58963,6.0242486,6.315574
-176.34892,101.642494,6.026248,6.3169737
-176.67041,100.69575,6.0282474,6.318373
-176.99297,99.74937,6.0302467,6.3197727
-177.31659,98.803345,6.032246,6.321148
-177.64122,97.857666,6.0342455,6.322347
-177.96683,96.91233,6.036245,6.323547
-178.29338,95.967316,6.038244,6.324746
-178.62083,95.022606,6.040243,6.325946
-178.94913,94.0782,6.042218,6.3271694
-179.27826,93.13409,6.0440173,6.328569
-179.60818,92.19024,6.0458164,6.329968
-179.93884,91.24666,6.047615,6.3313675
-180.27022,90.30332,6.049414,6.3327665
-180.60226,89.36022,6.051237,6.334142
-180.93494,88.41735,6.053236,6.3353415
-181.2682,87.474686,6.055235,6.3365407
-181.60205,86.53222,6.0572333,6.33774
-181.9364,85.589935,6.059232,6.338939
-182.27124,84.64783,6.061231,6.340162
-182.60652,83.70588,6.06323,6.341561
-182.9422,82.76407,6.0652285,6.34296
-183.27827,81.822395,6.0672274,6.344359
-183.61467,80.880844,6.069226,6.345758
-183.95135,79.93939,6.071202,6.3471346
-184.2883,78.99804,6.073001,6.348334
-184.62547,78.05676,6.0747995,6.349533
-184.96283,77.11555,6.076598,6.3507323
-185.30032,76.174385,6.078397,6.351931
-185.63792,75.23326,6.0802174,6.3531303
-185.97559,74.29216,6.082216,6.3543296
-186.31328,73.351074,6.0842147,6.355529
-186.65099,72.40999,6.086213,6.356728
-186.98866,71.46889,6.0882115,6.357927
-187.32628,70.52777,6.0902104,6.359147
-187.6638,69.586624,6.092209,6.360546
-188.00127,68.64545,6.094208,6.361945
-188.33864,67.70425,6.096206,6.363344
-188.67595,66.763016,6.0982046,6.364743
-189.01318,65.82176,6.100183,6.3661222
-189.35036,64.880486,6.101982,6.3673215
-189.68747,63.939186,6.1037807,6.3685203
-190.0245,62.997864,6.1055794,6.3697195
-190.36148,62.05652,6.1073785,6.3709188
-190.6984,61.115147,6.1091967,6.3721375
-191.03525,60.173756,6.1111956,6.373537
-191.37204,59.232338,6.1131945,6.374936
-191.70876,58.2909,6.115193,6.376335
-192.04543,57.34944,6.117192,6.377734
-192.38202,56.40796,6.11919,6.379114
-192.71857,55.466457,6.121189,6.3803134
-193.05504,54.524933,6.123188,6.3815126
-193.39146,53.58339,6.1251864,6.382712
-193.72783,52.641823,6.1271853,6.383911
-194.06413,51.700237,6.1291842,6.385129
-194.40039,50.75863,6.131183,6.386528
-194.73659,49.817005,6.1331816,6.387927
-195.07272,48.87536,6.1351805,6.3893266
-195.40881,47.933693,6.1371794,6.3907256
-195.74484,46.99201,6.13916,6.392107
-196.08083,46.05031,6.1409593,6.3933063
-196.41675,45.108585,6.1427584,6.3945055
-196.75264,44.166847,6.144557,6.3957047
-197.08846,43.22509,6.146356,6.396904
-197.42424,42.283318,6.1481724,6.3981204
-197.75998,41.341522,6.1501713,6.39952
-198.09566,40.399715,6.15217,6.400919
-198.43129,39.45789,6.1541686,6.402318
-198.76688,38.51605,6.1561675,6.4037175
-199.10243,37.57419,6.1581664,6.4051
-199.43793,36.632317,6.1601653,6.406299
-199.77338,35.690426,6.162164,6.4074984
-200.1088,34.74852,6.164163,6.408698
-200.44417,33.8066,6.166162,6.4098973
-200.7795,32.864666,6.1681447,6.411113
-201.11478,31.922716,6.169944,6.412512
-201.45003,30.980751,6.171743,6.4139113
-201.78525,30.038774,6.173542,6.4153104
-202.1204,29.096783,6.175341,6.4167094
-202.45554,28.154778,6.1771555,6.418093
-202.79063,27.212759,6.1791544,6.4192924
-203.1257,26.270727,6.1811533,6.420492
-203.46072,25.328684,6.183152,6.4216914
-203.79572,24.38663,6.185151,6.4228907
-204.13066,23.444561,6.18715,6.424105
-204.46559,22.502481,6.189149,6.425504
-204.80048,21.56039,6.191148,6.4269037
-205.13535,20.618288,6.193147,6.428303
-205.47017,19.676174,6.195146,6.4297023
-205.80496,18.73405,6.19713,6.431087
-206.13974,17.791916,6.1989293,6.4322863
-206.47447,16.849771,6.2007284,6.4334855
-206.80919,15.907618,6.2025275,6.434685
-207.14388,14.965453,6.2043266,6.4358845
-207.47853,14.02328,6.2061396,6.4370837
-207.81317,13.081099,6.2081385,6.4382834
-208.14777,12.138907,6.210138,6.4394827
-208.48236,11.196708,6.2121367,6.440682
-208.81693,10.2545,6.2141356,6.441881
-209.15146,9.312284,6.2161345,6.4430943
-209.48598,8.370062,6.2181334,6.4444933
-209.82048,7.4278316,6.2201324,6.445893
-210.15495,6.4855943,6.2221317,6.4472923
-210.48941,5.5433497,6.2241306,6.4486914
-210.82385,4.601099,6.2261295,6.4500775
-211.15828,3.658842,6.2281284,6.4512773
-211.49269,2.7165792,6.2301273,6.4524765
-211.82707,1.7743104,6.2321267,6.4536757
-212.16145,0.8320362,6.2341256,6.4548755
-212.49582,-0.11024316,6.236112,6.456087
-212.83015,-1.0525274,6.237911,6.4574866
-213.16449,-1.9948162,6.2397103,6.4588857
-213.49881,-2.9371095,6.2415094,6.460285
-213.83313,-3.8794065,6.2433085,6.461684
-214.16742,-4.8217077,6.2451196,6.463072
-214.50171,-5.764012,6.2471185,6.464271
-214.836,-6.70632,6.2491174,6.4654703
-215.17027,-7.64863,6.2511168,6.46667
-215.50453,-8.590943,6.2531157,6.4678693
-215.83879,-9.533259,6.2551146,6.4690804
-216.17303,-10.475577,6.2571135,6.4704795
-216.50728,-11.417896,6.259113,6.471879
-216.84152,-12.360218,6.2611117,6.473278
-217.17577,-13.302541,6.2631106,6.4746776
-217.51,-14.244864,6.2650986,6.4760656
-217.84424,-15.187188,6.2668977,6.4772654
-218.17847,-16.129513,6.268697,6.4784646
-218.5127,-17.071838,6.270496,6.479664
-218.84692,-18.014164,6.272295,6.4808636
-219.18117,-18.956488,6.2741046,6.4820733
-219.5154,-19.898811,6.2761035,6.4834723
-219.84964,-20.841135,6.278103,6.484872
-220.18387,-21.783457,6.280102,6.4862714
-220.51811,-22.725779,6.2821007,6.4876704
-220.85237,-23.668097,6.2840996,6.48906
-221.18661,-24.610415,6.2860985,6.490259
-221.52089,-25.552729,6.288098,6.4914584
-221.85515,-26.49504,6.2900968,6.492658
-222.18942,-27.43735,6.2920957,6.4938574
-222.52371,-28.379656,6.294085,6.495066
-222.858,-29.321959,6.295884,6.4964657
-223.1923,-30.264257,6.2976832,6.4978647
-223.52663,-31.206553,6.2994823,6.4992642
-223.86095,-32.148846,6.3012815,6.5006633
-224.1953,-33.09113,6.3030896,6.5020537
-224.52965,-34.033413,6.3050885,6.503253
-224.86401,-34.97569,6.3070874,6.5044527
-225.1984,-35.91796,6.3090863,6.505652
-225.53279,-36.860226,6.311085,6.506851
-225.8672,-37.802486,6.313084,6.5080504
-226.20164,-38.74474,6.3150835,6.50925
-226.53609,-39.68699,6.3170824,6.5104494
-226.87056,-40.62923,6.3190813,6.5116487
-227.20505,-41.571465,6.32108,6.512848
-227.53955,-42.51369,6.323071,6.5140553
-227.87408,-43.45591,6.32487,6.515455
-228.20863,-44.39812,6.326669,6.516854
-228.5432,-45.340324,6.3284683,6.5182533
-228.8778,-46.28252,6.3302674,6.5196524
-229.21242,-47.22471,6.3320737,6.5210443
-229.54707,-48.166885,6.3340726,6.5222435
-229.88174,-49.109055,6.3360715,6.5234427
-230.21645,-50.051212,6.3380704,6.5246425
-230.55116,-50.993362,6.3400693,6.5258417
-230.88593,-51.9355,6.342068,6.5270476
-231.2207,-52.877632,6.344067,6.528447
-231.55551,-53.81975,6.346066,6.529846
-231.89035,-54.76186,6.348065,6.5312457
-232.22523,-55.703957,6.350064,6.5326447
-232.56013,-56.64604,6.3520627,6.5340376
-232.89508,-57.588116,6.3540616,6.535237
-233.23004,-58.530178,6.3560605,6.536436
-233.56505,-59.47223,6.3580594,6.537636
-233.90009,-60.414265,6.3600583,6.538835
-234.23517,-61.35629,6.3620515,6.54004
-234.57028,-62.2983,6.36385,6.541439
-234.90543,-63.240303,6.365649,6.542838
-235.24062,-64.18229,6.3674483,6.5442376
-235.57585,-65.12426,6.369247,6.5456367
-235.91112,-66.066216,6.3710513,6.547031
-236.24641,-67.008156,6.37305,6.54823
-236.58177,-67.95009,6.3750486,6.5494294
-236.91716,-68.892,6.3770475,6.5506287
-237.2526,-69.83389,6.3790464,6.551828
-237.58807,-70.77578,6.3810453,6.5530314
-237.9236,-71.71764,6.383044,6.554431
-238.25916,-72.65949,6.3850427,6.55583
-238.59477,-73.601326,6.3870416,6.557229
-238.93044,-74.543144,6.38904,6.558628
-239.26613,-75.48495,6.391035,6.5600233
-239.60188,-76.426735,6.3928337,6.5612226
-239.9377,-77.3685,6.394633,6.562422
-240.27354,-78.31025,6.3964314,6.563621
-240.60945,-79.251976,6.3982306,6.5648203
-240.9454,-80.19369,6.4000325,6.566023
-241.28142,-81.13538,6.4020314,6.567422
-241.61748,-82.07706,6.40403,6.568821
-241.95358,-83.018715,6.4060287,6.57022
-242.28975,-83.96035,6.408027,6.571619
-242.62598,-84.90196,6.410026,6.5730157
-242.96223,-85.84357,6.4120245,6.574215
-243.29857,-86.78515,6.4140234,6.575414
-243.63495,-87.7267,6.416022,6.576613
-243.9714,-88.668236,6.4180207,6.577812
-244.30794,-89.60974,6.4200172,6.5790114
-244.64453,-90.55122,6.421816,6.5802107
-244.98119,-91.49269,6.4236145,6.58141
-245.31787,-92.434135,6.4254136,6.582609
-245.65459,-93.37558,6.427212,6.583808
-245.99132,-94.31702,6.4290123,6.5850086
-246.328,-95.25846,6.4310107,6.5864077
-246.66463,-96.199936,6.4330096,6.5878067
-247.00114,-97.14145,6.435008,6.5892057
-247.33748,-98.08303,6.437007,6.590605
-247.67358,-99.02469,6.4390054,6.5920033
-248.0094,-99.966446,6.4410048,6.5932026
-248.34491,-100.90832,6.4430037,6.5944023
-248.68007,-101.85031,6.4450026,6.5956016
-249.01482,-102.79246,6.447002,6.5968013
-249.34914,-103.73475,6.449001,6.5980005
-249.68297,-104.677216,6.4508004,6.5994005
-250.01625,-105.61987,6.4526005,6.6008
-250.34892,-106.56275,6.4544,6.6022
-250.68092,-107.50587,6.4561996,6.6036
-251.01218,-108.44924,6.4579997,6.6049995
-251.34262,-109.3929,6.46,6.6062
-251.67229,-110.33683,6.462001,6.6074004
-252.00119,-111.28103,6.464001,6.6086006
-252.32938,-112.22548,6.466002,6.6098013
-252.65686,-113.170166,6.468003,6.611002
-252.98376,-114.11506,6.4700036,6.6124024
-253.31053,-115.06,6.4720044,6.6138034
-253.63766,-116.004814,6.474005,6.615204
-253.96571,-116.94931,6.476006,6.6166043
-254.29518,-117.89331,6.4780064,6.618004
-254.62675,-118.83657,6.480001,6.6192007
-254.96184,-119.778595,6.481996,6.6203976
-255.302,-120.718796,6.483991,6.6215944
-255.64877,-121.65658,6.485987,6.6227922
-256.00372,-122.591286,6.4879837,6.6239905
-256.36737,-123.52265,6.489776,6.6253815
-256.73608,-124.45203,6.4915667,6.626774
-257.10516,-125.381256,6.493356,6.6281657
-257.4699,-126.31219,6.4951434,6.629556
-257.82568,-127.24658,6.496928,6.6309443
-258.16684,-128.18642,6.596784,6.6710296
-258.48322,-129.13484,6.7007723,6.7127457
-258.76285,-130.09471,6.804945,6.754536
-258.99313,-131.06754,6.909339,6.796415
-259.16098,-132.053,7.0139165,6.8386173
-259.25586,-133.0481,7.134966,6.92012
-259.277,-134.04752,7.255701,7.0014105
-259.22583,-135.04585,7.376222,7.0825577
-259.1035,-136.03798,7.4966545,7.163645
-258.91077,-137.01886,7.6148844,7.243271
-258.64832,-137.98344,7.4960246,7.165592
-258.31723,-138.92665,7.3770742,7.087855
-257.9189,-139.84352,7.2581224,7.010116
-257.45508,-140.729,7.1392665,6.9324403
-256.9276,-141.57814,7.020622,6.8549023
-256.33865,-142.38586,6.865063,6.6562133
-255.68974,-143.14622,6.7047377,6.4418383
-254.98201,-143.85213,6.544115,6.227067
-254.21687,-144.49527,6.382981,6.0116105
-253.3965,-145.0662,6.221317,5.7954464
-252.52574,-145.5569,6.24521,5.728567
-251.61574,-145.97049,6.276584,5.667883
-250.67726,-146.31482,6.3078523,5.6074038
-249.71867,-146.59863,6.3390484,5.547064
-248.7462,-146.8307,6.362055,5.498132
-247.76425,-147.01857,6.314639,5.547341
-246.77557,-147.1672,6.267103,5.5966744
-245.78233,-147.28146,6.2195125,5.6460648
-244.78615,-147.36649,6.171909,5.6954684
-243.78818,-147.42752,6.127564,5.7452326
-242.7892,-147.46889,6.1129932,5.7983265
-241.78964,-147.49197,6.0984244,5.8514123
-240.78983,-147.4976,6.0838575,5.904492
-239.79005,-147.48662,6.069291,5.957569
-238.79057,-147.45981,6.054639,6.0068727
-237.79161,-147.41815,6.039098,6.0168347
-236.79329,-147.3631,6.0235553,6.026798
-235.79568,-147.2962,6.008013,6.036761
-234.79883,-147.21901,5.9924707,6.046724
-233.80269,-147.13307,5.976929,6.0566726
-232.8072,-147.03987,5.961401,6.066427
-231.81229,-146.9407,5.945873,6.0761824
-230.81786,-146.83685,5.9303446,6.0859375
-229.82379,-146.72955,5.9148164,6.095692
-228.82996,-146.62009,5.8992767,6.1054487
-227.83623,-146.50975,5.8834934,6.115238
-226.84242,-146.40002,5.86771,6.125028
-225.84837,-146.29243,5.8519263,6.134818
-224.85396,-146.18849,5.8361416,6.1446085
-223.85901,-146.0897,5.8203607,6.154402
-222.86345,-145.99725,5.8046627,6.1642632
-221.86732,-145.91096,5.788965,6.1741242
-220.87074,-145.83043,5.7732687,6.183985
-219.87373,-145.75519,5.757572,6.1938457
-218.87637,-145.68483,5.7418756,6.2037206
-217.87871,-145.61879,5.726164,6.2137923
-216.88083,-145.55618,5.710452,6.223864
-215.8828,-145.49602,5.694739,6.233937
-214.88467,-145.43735,5.6790233,6.2440104
-213.88652,-145.37918,5.663318,6.2540565
-212.8884,-145.32074,5.647718,6.2638564
-211.89029,-145.26181,5.632118,6.2736564
-210.89221,-145.20229,5.6165223,6.283454
-209.8942,-145.14206,5.6009345,6.2932463
-208.89621,-145.08101,5.585385,6.3030148
-207.89833,-145.01842,5.5700717,6.3126345
-206.9007,-144.95186,5.554758,6.322254
-205.90355,-144.87852,5.5394306,6.3318834
-204.90715,-144.79561,5.524077,6.341529
-203.91188,-144.70021,5.508691,6.351198
-202.91797,-144.5916,5.4935703,6.360891
-201.9247,-144.4772,5.4784484,6.3705845
-200.93103,-144.36644,5.463367,6.380252
-199.93604,-144.26855,5.448369,6.389866
-198.93915,-144.19232,5.4335012,6.399397
-197.94029,-144.14742,5.4143224,6.410972
-196.94057,-144.15387,5.394253,6.4229727
-195.94461,-144.23819,5.373994,6.435086
-194.96404,-144.43019,5.353454,6.4473677
-194.02127,-144.75986,5.334885,6.4558473
-193.14514,-145.23947,5.349379,6.4042115
-192.34906,-145.84322,5.363681,6.3532624
-191.63629,-146.54369,5.3778324,6.3028464
-191.00749,-147.32056,5.391952,6.2525454
-190.46393,-148.15924,5.463909,6.1791115
-190.00362,-149.04642,5.579554,6.088067
-189.6177,-149.96854,5.695542,5.996753
-189.29385,-150.91434,5.8114967,5.9054656
-189.01813,-151.87535,5.9274096,5.8142104
-188.77682,-152.8456,5.9720035,5.689098
-188.56122,-153.8219,6.0012236,5.556529
-188.36444,-154.80217,6.0304604,5.4238853
-188.17953,-155.78476,6.0597005,5.291224
-187.99944,-156.76825,6.08894,5.1585665
-187.81755,-157.7514,6.100398,5.1405487
-187.63173,-158.73384,6.105089,5.166155
-187.44235,-159.71558,6.1097803,5.191759
-187.24982,-160.6967,6.114471,5.217362
-187.05447,-161.67729,6.1191616,5.242965
-186.85674,-162.65738,6.1238775,5.2687054
-186.65671,-163.63701,6.128609,5.294534
-186.45439,-164.61617,6.1333413,5.320364
-186.24976,-165.59485,6.138074,5.346194
-186.04279,-166.57303,6.142806,5.372024
-185.83345,-167.55072,6.1475563,5.398059
-185.62178,-168.52791,6.1523223,5.4242716
-185.40788,-169.5046,6.157088,5.4504833
-185.19185,-170.48082,6.161854,5.4766955
-184.97377,-171.45659,6.16662,5.5029073
-184.75372,-172.43192,6.1712985,5.529092
-184.53181,-173.40683,6.175891,5.5552483
-184.3081,-174.38132,6.1804833,5.5814047
-184.08264,-175.35541,6.1850758,5.607561
-183.85551,-176.32912,6.189668,5.633718
-183.62679,-177.30244,6.194368,5.6599245
-183.39653,-178.27542,6.1991787,5.6861835
-183.16481,-179.24805,6.2039895,5.712442
-182.93173,-180.22034,6.2088003,5.7387004
-182.69734,-181.19232,6.2136106,5.7649593
-182.46175,-182.16402,6.218427,5.791249
-182.22502,-183.13542,6.2232494,5.817569
-181.98723,-184.10658,6.228071,5.8438888
-181.74846,-185.0775,6.2328935,5.8702087
-181.5088,-186.04819,6.2377152,5.896529
-181.26833,-187.01868,6.2425394,5.92286
-181.0271,-187.989,6.247365,5.9492016
-180.78523,-188.95914,6.252191,5.975543
-180.54277,-189.92914,6.257017,6.0018845
-180.29979,-190.899,6.2618427,6.0282254
-180.05638,-191.86877,6.266667,6.054557
-179.81262,-192.83846,6.271489,6.0808797
-179.56863,-193.80806,6.276312,6.107202
-179.32448,-194.77763,6.281134,6.133525
-179.08026,-195.7472,6.285957,6.1598477
-178.83609,-196.71677,6.291814,6.1831346
-178.592,-197.68636,6.298431,6.204189
-178.34792,-198.65594,6.305048,6.225243
-178.10384,-199.62555,6.311665,6.246298
-177.85971,-200.59512,6.318282,6.267352
-177.61552,-201.5647,6.331846,6.267158
-177.37119,-202.53423,6.3502526,6.2521524
-177.12662,-203.5037,6.3686595,6.2371473
-176.88174,-204.47308,6.387066,6.222142
-176.63646,-205.44238,6.4054723,6.2071366
-176.39069,-206.41154,6.423861,6.192264
-176.14433,-207.38057,6.442237,6.1774836
-175.89734,-208.34941,6.460613,6.1627026
-175.64961,-209.31808,6.478989,6.147922
-175.4011,-210.28654,6.497365,6.133141
-175.1517,-211.25479,6.51573,6.1182528
-174.90137,-212.2228,6.534086,6.1032887
-174.65,-213.19052,6.5524426,6.088324
-174.39752,-214.15796,6.570799,6.0733595
-174.14388,-215.12509,6.589155,6.0583954
-173.88896,-216.0919,6.5983706,6.053599
-173.63272,-217.05835,6.6007633,6.056391
-173.37506,-218.02443,6.6031566,6.0591826
-173.1159,-218.9901,6.6055493,6.0619745
-172.8552,-219.95535,6.6079426,6.0647664
-172.59283,-220.92017,6.608555,6.0694504
-172.32877,-221.8845,6.607757,6.075632
-172.06288,-222.84834,6.6069593,6.081814
-171.79514,-223.81168,6.6061616,6.087996
-171.52544,-224.77446,6.6053643,6.0941777
-171.25371,-225.73666,6.604566,6.1003613
-170.97989,-226.69829,6.6037683,6.106546
-170.70387,-227.65927,6.60297,6.1127305
-170.42561,-228.61961,6.6021724,6.118915
-170.145,-229.57927,6.601374,6.1250997
-169.86197,-230.53822,6.600576,6.131393
-169.57646,-231.49643,6.599777,6.137782
-169.28838,-232.45387,6.5989785,6.144171
-168.99765,-233.41052,6.59818,6.150561
-168.70422,-234.36633,6.597381,6.15695
-168.408,-235.32129,6.596582,6.1632385
-168.1089,-236.27534,6.5957828,6.169435
-167.80685,-237.22847,6.594983,6.1756315
-167.50175,-238.18063,6.5941834,6.1818285
-167.19351,-239.13177,6.593384,6.188025
-166.88203,-240.08186,6.5925837,6.194226
-166.56735,-241.0309,6.591783,6.20043
-166.24965,-241.97893,6.590983,6.206634
-165.92908,-242.92598,6.5901823,6.212838
-165.60579,-243.87212,6.5893817,6.2190423
-165.27995,-244.81737,6.5885806,6.225249
-164.95174,-245.76181,6.58778,6.2314568
-164.62134,-246.70549,6.586979,6.2376647
-164.28896,-247.64847,6.586178,6.2438726
-163.95477,-248.5908,6.5853767,6.2500806
-163.61897,-249.53258,6.594547,6.257031
-163.28177,-250.47383,6.6125684,6.26464
-162.94328,-251.41464,6.63059,6.272249
-162.60371,-252.35506,6.648612,6.279858
-162.26323,-253.29514,6.6666336,6.2874675
-161.92198,-254.23495,6.6857204,6.2951813
-161.58017,-255.17455,6.705731,6.302985
-161.23804,-256.11404,6.725742,6.310789
-160.89583,-257.0535,6.7457523,6.3185935
-160.55374,-257.993,6.765763,6.3263974
-160.21202,-258.93265,6.7857604,6.334089
-159.87074,-259.87244,6.8057475,6.341684
-159.52985,-260.81235,6.8257346,6.349279
-159.18922,-261.7524,6.8457217,6.356874
-158.84885,-262.6925,6.8657084,6.364469
-158.50859,-263.6327,6.885579,6.372061
-158.16826,-264.5728,6.905349,6.379649
-157.82745,-265.5128,6.925118,6.387237
-157.48576,-266.45245,6.9448876,6.3948255
-157.14284,-267.39163,6.964657,6.402414
-156.79828,-268.33023,6.9845333,6.410108
-156.45172,-269.2681,7.004505,6.417897
-156.10289,-270.2051,7.024477,6.425686
-155.75146,-271.14117,7.0444493,6.433475
-155.39714,-272.0761,7.064421,6.441264
-155.03961,-273.00986,7.0844026,6.448953
-154.67854,-273.94223,7.104394,6.4565496
-154.31355,-274.87305,7.124385,6.464146
-153.94426,-275.80222,7.144376,6.4717426
-153.5703,-276.7295,7.1643667,6.4793396
-153.19131,-277.65472,7.184371,6.487045
-152.80705,-278.57776,7.2043877,6.494851
-152.4174,-279.49857,7.224404,6.5026574
-152.0223,-280.41702,7.2444205,6.5104637
-151.62158,-281.33304,7.2644367,6.5182705
-151.21518,-282.24658,7.2754645,6.525034
-150.80315,-283.15756,7.2782693,6.5308433
-150.3856,-284.06604,7.2810736,6.536653
-149.96274,-284.97208,7.2838783,6.5424623
-149.53471,-285.87567,7.286683,6.5482717
-149.10167,-286.77686,7.273231,6.5524874
-148.66374,-287.6757,7.2453837,6.555292
-148.22105,-288.5722,7.2175364,6.558097
-147.77368,-289.46637,7.1896887,6.5609016
-147.32176,-290.35825,7.1618414,6.5637064
-146.86537,-291.24786,7.134108,6.566403
-146.40462,-292.1352,7.1064725,6.569006
-145.93965,-293.02036,7.0788374,6.5716095
-145.47055,-293.90332,7.051202,6.574213
-144.99745,-294.78415,7.0235662,6.576816
-144.52048,-295.66287,6.9958324,6.579528
-144.03972,-296.53955,6.9680166,6.5823293
-143.5553,-297.4142,6.940201,6.5851307
-143.0673,-298.2869,6.912385,6.5879326
-142.57588,-299.15762,6.884569,6.590734
-142.08112,-300.02646,6.856875,6.593425
-141.58311,-300.89346,6.829282,6.596024
-141.08199,-301.75867,6.801688,6.5986238
-140.57785,-302.6221,6.774095,6.601223
-140.07079,-303.48383,6.7465014,6.603822
-139.56091,-304.3439,6.7244925,6.602814
-139.04834,-305.20236,6.70711,6.5988183
-138.53316,-306.05927,6.6897273,6.5948224
-138.01547,-306.91464,6.672344,6.5908265
-137.4954,-307.7686,6.6549616,6.58683
-136.97304,-308.62112,6.647433,6.57645
-136.44849,-309.47232,6.6482315,6.560674
-135.92183,-310.3222,6.6490307,6.5448985
-135.39317,-311.17087,6.6498294,6.529123
-134.8626,-312.0183,6.650628,6.513347
-134.33022,-312.86462,6.651533,6.49768
-133.79613,-313.70987,6.6525316,6.482108
-133.26044,-314.5541,6.6535296,6.4665356
-132.72327,-315.3974,6.654528,6.4509635
-132.18472,-316.2398,6.655526,6.435391
-131.6449,-317.0814,6.6564198,6.419713
-131.10387,-317.9222,6.6572185,6.403939
-130.56161,-318.76224,6.658017,6.388165
-130.01811,-319.60147,6.658816,6.3723907
-129.47337,-320.43988,6.6596146,6.3566165
-128.92735,-321.27747,6.6605163,6.3408394
-128.38005,-322.11423,6.661515,6.32506
-127.8314,-322.95007,6.6625137,6.30928
-127.28133,-323.785,6.6635127,6.2935
-126.72978,-324.61896,6.664511,6.2777205
-126.176704,-325.4519,6.66551,6.2619367
-125.62205,-326.28378,6.6665096,6.2461495
-125.06575,-327.1146,6.6675086,6.230363
-124.50778,-327.94427,6.668508,6.214576
-123.94809,-328.77277,6.669507,6.1987886
-123.38662,-329.6001,6.67,6.1836057
-122.82333,-330.42615,6.67,6.16901
-122.25819,-331.25095,6.67,6.154415
-121.691124,-332.07443,6.67,6.1398196
-121.12209,-332.89658,6.67,6.1252246
-120.55105,-333.7173,6.6628275,6.1214347
-119.97794,-334.5366,6.648625,6.128236
-119.40273,-335.3544,6.634423,6.135037
-118.82536,-336.1707,6.62022,6.141838
-118.245804,-336.98544,6.606018,6.148639
-117.66399,-337.79855,6.591711,6.1554418
-117.07988,-338.61005,6.5773025,6.162246
-116.49344,-339.41983,6.562894,6.16905
-115.90461,-340.2279,6.5484853,6.175854
-115.313354,-341.03418,6.5340767,6.182658
-114.71962,-341.83865,6.5197678,6.1894636
-114.12337,-342.64127,6.5055547,6.1962695
-113.52455,-343.44196,6.491342,6.203076
-112.923134,-344.2407,6.477129,6.209882
-112.31908,-345.03745,6.4629164,6.216688
-111.712326,-345.83212,6.4507585,6.2224665
-111.102844,-346.62473,6.440548,6.2272716
-110.490585,-347.4152,6.430338,6.232076
-109.8755,-348.20346,6.4201274,6.2368813
-109.25755,-348.98947,6.4099174,6.241686
-108.63669,-349.7732,6.409047,6.2415094
-108.012886,-350.55457,6.4168534,6.236706
-107.386116,-351.3336,6.4246597,6.2319016
-106.75636,-352.11017,6.4324665,6.2270975
-106.12361,-352.8843,6.440273,6.2222934
-105.48784,-353.656,6.4480777,6.217595
-104.84907,-354.42517,6.455881,6.212993
-104.20733,-355.1919,6.4636846,6.208391
-103.56267,-355.95618,6.4714875,6.203789
-102.91512,-356.718,6.479291,6.1991873
-102.26475,-357.4774,6.4870925,6.194482
-101.611565,-358.23438,6.494892,6.189682
-100.955605,-358.98898,6.5026917,6.184882
-100.296906,-359.74118,6.5104914,6.1800823
-99.63549,-360.491,6.5182915,6.1752825
-98.9714,-361.23843,6.526089,6.1705885
-98.30466,-361.9835,6.5338855,6.165991
-97.63529,-362.72623,6.541682,6.1613927
-96.96335,-363.4666,6.549478,6.156795
-96.28884,-364.20468,6.557274,6.1521974
-95.611824,-364.94043,6.5650687,6.147496
-94.932304,-365.67386,6.5728617,6.1427
-94.250336,-366.40503,6.580655,6.1379046
-93.565926,-367.1339,6.588448,6.1331086
-92.87912,-367.86053,6.5962415,6.128313
-92.18994,-368.58493,6.59969,6.1255865
-91.49842,-369.30707,6.5990906,6.1247873
-90.80458,-370.02698,6.598491,6.123988
-90.10847,-370.7447,6.597892,6.123189
-89.410095,-371.4602,6.5972924,6.1223903
-88.709496,-372.17352,6.5955687,6.1222043
-88.0067,-372.8847,6.5927725,6.122604
-87.30173,-373.59372,6.5899763,6.1230035
-86.59462,-374.3006,6.58718,6.1234026
-85.88539,-375.00537,6.584384,6.123802
-85.17408,-375.708,6.5814867,6.1241007
-84.4607,-376.40857,6.578491,6.1243005
-83.74529,-377.10706,6.5754952,6.1245003
-83.02788,-377.80347,6.5724993,6.1247
-82.30848,-378.49783,6.5695033,6.1249
-81.58713,-379.1902,6.5666065,6.1250997
-80.863846,-379.88052,6.56381,6.1252995
-80.138664,-380.56885,6.561013,6.1254992
-79.4116,-381.2552,6.5582166,6.125699
-78.68267,-381.93954,6.55542,6.1258984
-77.951904,-382.62195,6.552524,6.126197
-77.21933,-383.3024,6.549526,6.1265965
-76.484985,-383.98096,6.546529,6.126996
-75.74891,-384.6576,6.543531,6.127396
-75.01112,-385.33243,6.540533,6.1277957
-74.27168,-386.0054,6.537535,6.1280975
-73.53062,-386.6766,6.534536,6.128298
-72.78798,-387.34607,6.531537,6.1284976
-72.04381,-388.01382,6.528538,6.1286974
-71.29817,-388.67993,6.5255394,6.128897
-70.5511,-389.34445,6.5226374,6.129
-69.80265,-390.0074,6.5198374,6.129
-69.052864,-390.66885,6.517038,6.129
-68.30179,-391.32883,6.5142384,6.129
-67.54946,-391.98737,6.5114384,6.129
-66.79593,-392.64453,6.508639,6.129
-66.04124,-393.30038,6.505839,6.129
-65.28543,-393.95493,6.503039,6.129
-64.52855,-394.60825,6.500239,6.129
-63.77064,-395.26038,6.497439,6.129
-63.01175,-395.91135,6.494639,6.128903
-62.25192,-396.56122,6.491839,6.1287026
-61.491188,-397.21005,6.489039,6.128503
-60.729603,-397.85788,6.486239,6.1283026
-59.967205,-398.50476,6.483439,6.128103
-59.20404,-399.1507,6.480639,6.128
-58.440144,-399.7958,6.477839,6.128
-57.675564,-400.4401,6.475039,6.128
-56.91034,-401.08362,6.4722395,6.128
-56.144512,-401.7264,6.4694395,6.128
-55.378128,-402.36856,6.4666395,6.127903
-54.611225,-403.01007,6.46384,6.1277027
-53.843845,-403.65103,6.4610405,6.127503
-53.076027,-404.29144,6.4582405,6.127303
-52.30782,-404.9314,6.455441,6.127103
-51.53926,-405.57092,6.4526415,6.127
-50.77039,-406.21008,6.449842,6.127
-50.001244,-406.84894,6.4470425,6.127
-49.231873,-407.4875,6.444243,6.127
-48.462303,-408.1258,6.441444,6.127
-47.692585,-408.76395,6.4386444,6.127
-46.922756,-409.40195,6.4358454,6.127
-46.152866,-410.0399,6.433046,6.127
-45.382954,-410.67776,6.430247,6.127
-44.613068,-411.3157,6.427448,6.127
-43.84325,-411.95374,6.4246483,6.1269035
-43.073532,-412.5919,6.4218497,6.1267037
-42.30392,-413.23013,6.4190507,6.1265035
-41.534428,-413.86856,6.4162517,6.1263037
-40.765053,-414.5071,6.4134526,6.126104
-39.995808,-415.1458,6.4106536,6.126
-39.2267,-415.7847,6.407855,6.126
-38.457714,-416.4237,6.405056,6.126
-37.688847,-417.06287,6.402257,6.126
-36.920097,-417.70218,6.3994584,6.126
-36.151455,-418.3416,6.396564,6.125904
-35.382915,-418.98117,6.393565,6.1257043
-34.61448,-419.62085,6.390567,6.1255045
-33.846138,-420.26065,6.3875685,6.1253047
-33.077896,-420.90057,6.3845696,6.1251044
-32.309746,-421.5406,6.3816667,6.125
-31.541685,-422.18073,6.378868,6.125
-30.773712,-422.82095,6.3760695,6.125
-30.005823,-423.4613,6.373271,6.125
-29.238014,-424.1017,6.3704724,6.125
-28.47028,-424.74225,6.367674,6.125
-27.70262,-425.38287,6.364876,6.125
-26.935028,-426.02356,6.362077,6.125
-26.167503,-426.66434,6.3592787,6.125
-25.400043,-427.30518,6.3564806,6.125
-24.63264,-427.9461,6.353682,6.124906
-23.865295,-428.5871,6.350884,6.124706
-23.098005,-429.22815,6.348086,6.124506
-22.330763,-429.86926,6.3452873,6.124306
-21.563566,-430.51044,6.3424892,6.1241064
-20.796415,-431.15167,6.3396907,6.124
-20.029303,-431.79294,6.3368926,6.124
-19.262228,-432.43423,6.3340945,6.124
-18.495186,-433.0756,6.3312964,6.124
-17.728172,-433.71698,6.3284984,6.124
-16.961187,-434.3584,6.3257,6.123907
-16.194225,-434.99985,6.3229017,6.1237073
-15.427282,-435.64133,6.3201036,6.1235075
-14.6603565,-436.2828,6.3173056,6.1233077
-13.893444,-436.92432,6.3145075,6.123108
-13.126541,-437.56586,6.3117094,6.123
-12.359646,-438.20737,6.3089113,6.123
-11.592753,-438.8489,6.3061132,6.123
-10.825861,-439.49045,6.303315,6.123
-10.058965,-440.13196,6.300517,6.123
-9.292063,-440.7735,6.297719,6.1229086
-8.52515,-441.415,6.294921,6.122709
-7.7582245,-442.0565,6.292123,6.122509
-6.9912825,-442.69797,6.2893248,6.1223087
-6.22432,-443.33942,6.2865267,6.122109
-5.4573345,-443.98083,6.2837286,6.122
-4.6903224,-444.62222,6.2809305,6.122
-3.9232802,-445.26358,6.2781324,6.122
-3.156205,-445.90488,6.2753344,6.122
-2.389093,-446.54614,6.2725363,6.122
-1.6219413,-447.18738,6.269738,6.122
-0.8547465,-447.82855,6.26694,6.122
-0.08750519,-448.46967,6.264142,6.122
0.67978597,-449.11072,6.261344,6.122
1.4471303,-449.7517,6.258546,6.122
2.2145312,-450.39264,6.255748,6.1219106
2.9819918,-451.03348,6.2529497,6.121711
3.7495158,-451.67426,6.2501516,6.121511
4.517106,-452.31494,6.2473536,6.121311
5.2847657,-452.95557,6.2445555,6.121111
6.052499,-453.5961,6.2417574,6.121
6.820308,-454.2365,6.238959,6.121
7.588197,-454.87686,6.2361608,6.121
8.35617,-455.5171,6.2333627,6.121
9.124228,-456.15723,6.230564,6.121
9.892375,-456.79727,6.227766,6.120912
10.660616,-457.4372,6.224968,6.120712
11.428953,-458.077,6.2221694,6.120512
12.19739,-458.71667,6.2193713,6.120312
12.965929,-459.35623,6.2165728,6.1201124
13.734575,-459.99567,6.2137747,6.12
14.503331,-460.63495,6.210976,6.12
15.272199,-461.2741,6.208178,6.12
16.041182,-461.91315,6.2053795,6.12
16.810286,-462.55203,6.202581,6.12
17.57951,-463.19077,6.1996956,6.119913
18.348858,-463.82935,6.196697,6.1197133
19.118338,-464.46777,6.193699,6.119513
19.88795,-465.10602,6.1907005,6.1193132
20.6577,-465.74414,6.1877017,6.1191134
21.427593,-466.38205,6.1849627,6.1190863
22.19763,-467.0198,6.182564,6.1192865
22.967808,-467.6574,6.180165,6.1194863
23.738127,-468.2948,6.1777663,6.119686
24.508587,-468.93204,6.1753674,6.119886
25.279186,-469.56912,6.174688,6.1206875
26.049921,-470.20602,6.176287,6.122287
26.820784,-470.8428,6.1778865,6.123886
27.59177,-471.4794,6.179486,6.1254854
28.362873,-472.11588,6.181085,6.1270847
29.134087,-472.7522,6.1826844,6.12877
29.905403,-473.3884,6.1842837,6.130569
30.67682,-474.02448,6.185883,6.1323686
31.448332,-474.66046,6.1874824,6.1341677
32.219933,-475.29633,6.1890817,6.135967
32.99162,-475.93207,6.190596,6.1377664
33.763382,-476.56775,6.191995,6.1395655
34.535217,-477.2033,6.1933947,6.1413646
35.30712,-477.8388,6.194794,6.143164
36.079086,-478.4742,6.1961937,6.1449633
36.85111,-479.1096,6.197678,6.146678
37.623184,-479.74487,6.1992774,6.1482773
38.395306,-480.3801,6.2008767,6.1498766
39.167465,-481.01526,6.202476,6.151476
39.939663,-481.65042,6.2040753,6.153075
40.711887,-482.28552,6.2056746,6.154759
41.48414,-482.9206,6.207274,6.1565585
42.25641,-483.55563,6.2088733,6.1583576
43.028694,-484.19067,6.210473,6.1601567
43.800987,-484.82568,6.2120724,6.1619563
44.573284,-485.4607,6.2136717,6.1637554
45.345577,-486.0957,6.215271,6.1655545
46.117863,-486.73074,6.2168703,6.1673536
46.890133,-487.36578,6.2184696,6.169153
47.662388,-488.00085,6.2200685,6.1709523
48.43462,-488.63596,6.221668,6.1727514
49.206818,-489.2711,6.223267,6.1745505
49.978985,-489.90625,6.2248664,6.1763496
50.751114,-490.54147,6.2264657,6.1781487
51.523193,-491.17676,6.228065,6.179948
52.295227,-491.8121,6.229664,6.181664
53.067207,-492.4475,6.231263,6.1832633
53.839123,-493.08298,6.2328625,6.184862
54.61097,-493.71854,6.2344613,6.1864614
55.38274,-494.3542,6.2360606,6.1880603
56.15443,-494.98993,6.237577,6.189742
56.92604,-495.6258,6.2389765,6.1915407
57.697567,-496.26175,6.2403755,6.19334
58.469017,-496.8978,6.2417746,6.1951385
59.24039,-497.53394,6.2431736,6.1969376
60.011696,-498.17014,6.2446547,6.198736
60.782936,-498.80646,6.2462535,6.2005353
61.55412,-499.4428,6.2478523,6.202334
62.32525,-500.07925,6.249451,6.2041326
63.096333,-500.71573,6.25105,6.2059317
63.867382,-501.35226,6.252649,6.207649
64.6384,-501.98883,6.2542477,6.209248
65.40939,-502.62543,6.2558465,6.210847
66.18037,-503.26205,6.2574453,6.2124457
66.951324,-503.89868,6.259044,6.2140446
67.72228,-504.53534,6.260643,6.2157235
68.49323,-505.17197,6.262242,6.217522
69.26419,-505.80862,6.2638407,6.219321
70.035164,-506.44525,6.2654395,6.2211194
70.80616,-507.08185,6.2670383,6.222918
71.57717,-507.7184,6.268637,6.224717
72.34822,-508.35495,6.270236,6.226516
73.11931,-508.99142,6.271835,6.2283144
73.890434,-509.62787,6.2734337,6.230113
74.66161,-510.26422,6.2750325,6.2319117
75.43285,-510.90054,6.2765527,6.2336316
76.20415,-511.53677,6.2779517,6.2352304
76.97552,-512.1729,6.2793503,6.2368293
77.74696,-512.80896,6.2807493,6.238428
78.518486,-513.4449,6.2821484,6.240027
79.2901,-514.08075,6.2836256,6.241704
80.061806,-514.7165,6.285225,6.2435026
80.83361,-515.3521,6.2868237,6.2453017
81.60553,-515.9876,6.2884226,6.2471004
82.377556,-516.6229,6.2900214,6.2488995
83.149704,-517.2581,6.2916207,6.250698
83.921974,-517.8932,6.2932196,6.252497
84.69438,-518.5281,6.294819,6.2542963
85.46693,-519.1628,6.2964177,6.256095
86.23961,-519.7973,6.298017,6.257894
87.01244,-520.43164,6.299616,6.259616
87.78544,-521.06586,6.301215,6.261215
88.55859,-521.6998,6.3028145,6.2628145
89.33192,-522.33356,6.304414,6.264414
90.10542,-522.9671,6.306013,6.266013
90.879105,-523.60046,6.3076124,6.2676888
91.65298,-524.2335,6.3092117,6.2694883
92.42701,-524.86646,6.310811,6.2712874
93.201195,-525.49915,6.3124104,6.273087
93.975494,-526.1317,6.31401,6.274886
94.74991,-526.76416,6.3156095,6.2766857
95.5244,-527.3965,6.317209,6.2784853
96.298965,-528.02875,6.3188086,6.2802844
97.07357,-528.66095,6.320408,6.282084
97.848206,-529.2931,6.3220077,6.2838836
98.62284,-529.92523,6.323531,6.2856073
99.39745,-530.55743,6.324931,6.2872066
100.172035,-531.1897,6.3263307,6.2888064
100.94655,-531.82196,6.32773,6.290406
101.72099,-532.45435,6.32913,6.2920055
102.49533,-533.0869,6.3306055,6.293681
103.269554,-533.71954,6.332205,6.2954807
104.04364,-534.3524,6.3338046,6.2972803
104.81756,-534.9854,6.3354044,6.29908
105.59129,-535.6187,6.3370037,6.3008795
106.36483,-536.2522,6.3386035,6.302679
107.138145,-536.886,6.3402033,6.3044786
107.91122,-537.5201,6.3418026,6.306278
108.68402,-538.1545,6.3434024,6.308078
109.45654,-538.7892,6.345002,6.3098774
110.22875,-539.4243,6.3466015,6.3116016
111.00064,-540.0598,6.348201,6.313201
111.77219,-540.69574,6.3498006,6.3148003
112.54336,-541.33215,6.3514,6.3164
113.31414,-541.969,6.352999,6.3179994
114.08451,-542.6063,6.354599,6.3196735
114.854454,-543.2442,6.3561983,6.3214726
115.62394,-543.8826,6.357797,6.323272
116.39296,-544.5216,6.3593965,6.3250713
117.16148,-545.1612,6.360996,6.3268704
117.9295,-545.8014,6.3634133,6.3267355
118.696976,-546.4422,6.367211,6.3233376
119.46389,-547.0837,6.3710084,6.3199396
120.230225,-547.7259,6.3748064,6.3165417
120.99596,-548.36884,6.378604,6.313144
121.76106,-549.0125,6.382696,6.309304
122.52551,-549.6569,6.387292,6.304708
123.2893,-550.3021,6.3918877,6.3001122
124.05242,-550.9482,6.396484,6.295516
124.81485,-551.595,6.4010797,6.2909203
125.57658,-552.2427,6.4056754,6.286325
126.33763,-552.8911,6.4102697,6.28173
127.09808,-553.5402,6.4148645,6.2771354
127.85801,-554.19,6.4194593,6.272541
128.6175,-554.84033,6.4240537,6.2679462
129.3766,-555.491,6.4285765,6.263352
130.13542,-556.1421,6.432971,6.2587576
130.89401,-556.7934,6.437365,6.2541637
131.65247,-557.4449,6.4417596,6.24957
132.41083,-558.0965,6.4461536,6.2449756
133.16917,-558.7481,6.4506183,6.2403817
133.92758,-559.39966,6.455212,6.235788
134.68614,-560.051,6.4598064,6.2311935
135.44489,-560.70215,6.4644003,6.2265997
136.20392,-561.35297,6.4689946,6.2220054
136.9633,-562.00336,6.473589,6.217411
137.72311,-562.65326,6.4781837,6.212816
138.48343,-563.3026,6.482779,6.208221
139.2443,-563.95123,6.487374,6.203626
140.00581,-564.5992,6.491969,6.199031
140.76804,-565.2462,6.496496,6.1944356
141.53105,-565.8924,6.500893,6.189839
142.2949,-566.53754,6.5052896,6.1852427
143.0597,-567.1816,6.5096865,6.180646
143.82547,-567.8244,6.514083,6.1760497
144.5923,-568.466,6.5185475,6.1714525
145.36028,-569.10626,6.523146,6.166854
146.12944,-569.74506,6.527745,6.1622553
146.89989,-570.3823,6.5323434,6.1576567
147.67168,-571.01794,6.5369415,6.1530585
148.44487,-571.65186,6.5415406,6.148459
149.21954,-572.284,6.5461416,6.1438584
149.99576,-572.9142,6.550742,6.139258
150.77357,-573.5424,6.5553427,6.1346574
151.55305,-574.16864,6.559943,6.130057
152.33426,-574.79266,6.564477,6.125456
153.11726,-575.4144,6.568879,6.1208534
153.90213,-576.0338,6.573282,6.116251
154.68893,-576.65076,6.577684,6.111649
155.47777,-577.26514,6.582086,6.1070466
156.26868,-577.87683,6.5833087,6.1041355
157.0617,-578.4857,6.5783052,6.1045356
157.85683,-579.0919,6.573302,6.1049356
158.654,-579.69543,6.5682983,6.105336
159.4532,-580.2962,6.563295,6.1057363
160.2544,-580.89435,6.5580864,6.106205
161.05753,-581.4899,6.552483,6.1068053
161.86253,-582.0829,6.54688,6.1074057
162.66934,-582.67346,6.5412765,6.108006
163.4779,-583.2616,6.5356727,6.1086063
164.28815,-583.8474,6.53007,6.1092067
165.09999,-584.431,6.524468,6.109807
165.9134,-585.01245,6.518866,6.1104074
166.72832,-585.59174,6.513264,6.111007
167.54468,-586.169,6.5076623,6.1116076
168.36243,-586.7443,6.502061,6.112208
169.18153,-587.3177,6.4964614,6.1128078
170.0019,-587.8892,6.4908614,6.1134076
170.82352,-588.45905,6.4852614,6.1140075
171.6463,-589.0271,6.4796615,6.114608
172.47021,-589.59357,6.4740624,6.1152077
173.29518,-590.15845,6.468465,6.1158075
174.12117,-590.72186,6.4628673,6.116407
174.94812,-591.2839,6.457269,6.117007
175.77599,-591.8445,6.4516716,6.1176066
176.6047,-592.4039,6.4460745,6.1182065
177.43423,-592.96204,6.440479,6.118806
178.26453,-593.5191,6.434883,6.1194053
179.09554,-594.07513,6.4292874,6.120005
179.92719,-594.6301,6.4236913,6.1206045
180.75945,-595.1842,6.419796,6.12066
181.59227,-595.7375,6.4191966,6.119661
182.4256,-596.29,6.418597,6.118662
183.2594,-596.84174,6.417998,6.117663
184.0936,-597.39294,6.4173985,6.116664
184.92816,-597.94354,6.4185405,6.115263
185.76305,-598.4937,6.4231353,6.1130657
186.59819,-599.04346,6.42773,6.110868
187.43355,-599.5929,6.432325,6.1086707
188.26907,-600.142,6.4369197,6.106473
189.10474,-600.691,6.4415145,6.10421
189.94046,-601.23987,6.44611,6.1018124
190.77621,-601.78864,6.4507046,6.099415
191.61195,-602.3375,6.4552994,6.097018
192.4476,-602.8865,6.459894,6.09462
193.28313,-603.43567,6.4644895,6.0922227
194.1185,-603.98505,6.469085,6.089825
194.95374,-604.53467,6.4736805,6.0874276
195.78882,-605.0845,6.4782763,6.0850296
196.6238,-605.6345,6.4828715,6.082632
197.45865,-606.1847,6.487468,6.0802345
198.2934,-606.73505,6.492064,6.077836
199.12807,-607.2855,6.49666,6.075438
199.96266,-607.8361,6.5012565,6.07304
200.7972,-608.3868,6.5058527,6.070642
201.63168,-608.9375,6.5104494,6.068244
202.46616,-609.4883,6.5150466,6.0658455
203.30061,-610.03906,6.5196433,6.063447
204.13506,-610.58984,6.5242405,6.0610485
204.96951,-611.1406,6.528837,6.05865
205.804,-611.6914,6.533372,6.056314
206.63853,-612.24207,6.53777,6.0541153
207.47311,-612.79266,6.542167,6.051916
208.30777,-613.3432,6.546565,6.0497174
209.1425,-613.89355,6.550963,6.0475187
209.97733,-614.4438,6.5554223,6.045258
210.81226,-614.99384,6.5600204,6.042859
211.64732,-615.5437,6.564618,6.04046
212.48251,-616.0934,6.5692163,6.038061
213.31787,-616.6428,6.5738144,6.035662
214.15338,-617.192,6.5784125,6.033263
214.98907,-617.7409,6.5830107,6.030864
215.82495,-618.28955,6.5876093,6.028465
216.66104,-618.8378,6.5922074,6.026066
217.49736,-619.3858,6.596806,6.0236664
218.3339,-619.9334,6.601404,6.0212674
219.17068,-620.48065,6.606003,6.018868
220.00774,-621.0275,6.6106014,6.016469
220.84506,-621.5739,6.6152,6.0140696
221.68268,-622.1199,6.6197987,6.01167
222.5206,-622.6654,6.6243973,6.0093317
223.35883,-623.21045,6.628996,6.0071325
224.19739,-623.75494,6.633595,6.004933
225.03629,-624.29895,6.6381936,6.0027337
225.87553,-624.8424,6.642792,6.000534
226.71516,-625.3853,6.647391,5.9982743
227.55518,-625.9276,6.6519895,5.995875
228.39557,-626.46924,6.6565886,5.9934754
229.23637,-627.0103,6.661187,5.9910765
230.0776,-627.55066,6.665786,5.988677
230.91928,-628.0904,6.6703844,5.9862776
231.76138,-628.6294,6.674983,5.9838786
232.60396,-629.1677,6.679581,5.981479
233.447,-629.70526,6.68418,5.97908
234.29053,-630.24207,6.6887784,5.9766808
235.13455,-630.7781,6.693377,5.974282
235.97908,-631.3133,6.6979756,5.9718823
236.82411,-631.8477,6.7025743,5.969483
237.6697,-632.3813,6.7071724,5.967084
238.51582,-632.91394,6.711771,5.9646845
239.36249,-633.4458,6.71631,5.9622855
240.20973,-633.9767,6.720709,5.959886
241.05754,-634.5067,6.7251077,5.9574866
241.90596,-635.03577,6.7295065,5.955087
242.75496,-635.56384,6.7339053,5.952688
243.60458,-636.09094,6.7383633,5.950348
244.45482,-636.617,6.7429624,5.9481487
245.3057,-637.1421,6.747561,5.945949
246.15723,-637.6661,6.75216,5.9437494
247.0094,-638.189,6.756759,5.94155
247.86224,-638.71094,6.7613583,5.9392915
248.71577,-639.2317,6.7659574,5.9368916
249.56999,-639.7513,6.7705564,5.934492
250.42491,-640.2697,6.775156,5.9320927
251.28055,-640.78705,6.779755,5.9296927
252.13689,-641.3031,6.781822,5.9276466
252.99397,-641.818,6.7778225,5.926447
253.8518,-642.3316,6.773823,5.9252467
254.71039,-642.844,6.769823,5.924047
255.56973,-643.3551,6.7658234,5.9228473
256.42984,-643.86487,6.76053,5.9218235
257.29077,-644.3733,6.75213,5.9212236
258.15247,-644.88043,6.7437305,5.920624
259.01495,-645.38617,6.7353306,5.9200234
259.87827,-645.8905,6.7269306,5.9194236
260.74243,-646.3935,6.718531,5.9188237
261.6074,-646.89496,6.7101307,5.918224
262.4732,-647.395,6.7017307,5.9176235
263.33987,-647.8936,6.693331,5.9170237
264.2074,-648.3907,6.684931,5.916424
265.07584,-648.88617,6.676531,5.915765
265.94513,-649.3801,6.668131,5.9149647
266.8153,-649.87256,6.6597304,5.914165
267.68637,-650.3634,6.6513305,5.913365
268.55832,-650.85266,6.6429305,5.9125648
269.43115,-651.34033,6.6345305,5.9118237
270.30487,-651.8265,6.626131,5.911224
271.1794,-652.3111,6.6177316,5.9106236
272.0548,-652.7942,6.609332,5.9100237
272.93097,-653.2759,6.6009326,5.909424
273.80792,-653.75616,6.5925336,5.908824
274.68564,-654.23505,6.584135,5.908224
275.56406,-654.7126,6.5757365,5.9076242
276.44318,-655.18884,6.567338,5.907024
277.323,-655.6638,6.5589395,5.906424
278.2035,-656.1376,6.550541,5.905824
279.08463,-656.6101,6.542144,5.9052243
279.96637,-657.0815,6.5337462,5.904625
280.84875,-657.5517,6.5253487,5.904025
281.7317,-658.0208,6.5169516,5.903425
282.6152,-658.4889,6.5086126,5.9028254
283.49927,-658.95593,6.5004163,5.9022255
284.38385,-659.422,6.49222,5.9016256
285.26895,-659.8871,6.4840236,5.9010262
286.1545,-660.35126,6.475827,5.9004264
287.04056,-660.8145,6.4675736,5.8998265
287.92703,-661.2769,6.4591784,5.899227
288.81393,-661.7385,6.4507833,5.8986273
289.70126,-662.19934,6.442388,5.898028
290.58896,-662.6594,6.4339933,5.897428
291.47702,-663.1188,6.425598,5.8968287
292.36545,-663.5775,6.417204,5.896229
293.2542,-664.0355,6.4088097,5.8956294
294.14328,-664.493,6.4004154,5.8950295
295.03262,-664.9498,6.392021,5.89443
295.92227,-665.4062,6.3836274,5.893774
296.81213,-665.862,6.3752337,5.892975
297.70227,-666.3174,6.36684,5.892175
298.59262,-666.77234,6.358446,5.891376
299.48315,-667.22687,6.3500524,5.8905764
300.37387,-667.6811,6.341659,5.889833
301.26477,-668.13495,6.3332653,5.889233
302.15582,-668.58856,6.324872,5.8886337
303.04697,-669.0419,6.3164783,5.8880343
303.93823,-669.495,6.308085,5.8874345
304.8296,-669.948,6.302165,5.8879347
305.72104,-670.40076,6.3027644,5.8913317
306.61255,-670.85345,6.303364,5.894729
307.50412,-671.30597,6.3039637,5.8981266
308.39578,-671.75836,6.304563,5.901524
309.28748,-672.2106,6.305488,5.9050303
310.17926,-672.6627,6.3072867,5.9088273
311.07114,-673.1147,6.3090854,5.912625
311.96304,-673.5665,6.310884,5.916422
312.85504,-674.01825,6.3126826,5.9202194
313.7471,-674.4698,6.3144817,5.9240165
314.63922,-674.92126,6.3162804,5.927814
315.5314,-675.37256,6.318079,5.9316115
316.42368,-675.8237,6.319878,5.935409
317.31598,-676.2748,6.3216767,5.939206
318.20837,-676.72577,6.3234224,5.9430037
319.1008,-677.1766,6.3250217,5.946801
319.99332,-677.62726,6.3266206,5.9505987
320.8859,-678.0778,6.3282194,5.9543962
321.7785,-678.52826,6.3298182,5.958194
322.6712,-678.9786,6.3314695,5.9619913
323.56396,-679.4288,6.3332686,5.965789
324.45676,-679.87885,6.3350673,5.9695864
325.34964,-680.32886,6.336866,5.973384
326.24255,-680.7787,6.338665,5.977182
327.13553,-681.22845,6.340464,5.9809794
328.0286,-681.67804,6.3422627,5.984777
328.9217,-682.12756,6.344062,5.9885745
329.81482,-682.57697,6.3458605,5.9923725
330.70804,-683.0263,6.3476596,5.99617
331.6013,-683.47546,6.3494077,5.999968
332.49463,-683.92456,6.3510065,6.0037656
333.388,-684.37354,6.352606,6.0075636
334.2814,-684.8224,6.3542047,6.011361
335.1749,-685.2712,6.355804,6.015159
336.06842,-685.7198,6.3574533,6.0189567
336.96198,-686.1684,6.359252,6.0227547
337.85562,-686.6168,6.361051,6.0265527
338.7493,-687.0652,6.36285,6.03035
339.64304,-687.5135,6.3646493,6.034148
340.5368,-687.9616,6.366448,6.037946
341.43063,-688.40967,6.368247,6.0417438
342.3245,-688.85767,6.370046,6.045542
343.2184,-689.30554,6.3718452,6.04934
344.11237,-689.75336,6.3736444,6.053138
345.00638,-690.20105,6.375394,6.056936
345.90042,-690.6487,6.376993,6.060734
346.79453,-691.0962,6.3785925,6.064532
347.68866,-691.54364,6.3801913,6.06833
348.58286,-691.99097,6.3817906,6.072128
349.47708,-692.43823,6.3834386,6.075926
350.37137,-692.8854,6.3852377,6.079724
351.26566,-693.3325,6.387037,6.083522
352.16003,-693.77954,6.3888354,6.08732
353.0544,-694.22644,6.3906345,6.091118
353.94885,-694.6733,6.3924336,6.094916
354.84332,-695.12006,6.3942327,6.098714
355.73782,-695.5668,6.396032,6.102512
356.6324,-696.01337,6.397831,6.10631
357.52695,-696.45996,6.39963,6.1101084
358.42157,-696.90643,6.4013815,6.1139064
359.31622,-697.35284,6.402981,6.1177044
360.21094,-697.79913,6.40458,6.1215024
361.10565,-698.2454,6.4061794,6.1253004
362.00043,-698.6916,6.4077783,6.129099
362.8952,-699.13776,6.409425,6.132897
363.79004,-699.5838,6.411224,6.136695
364.6849,-700.0298,6.413023,6.140493
365.5798,-700.4757,6.414822,6.1442914
366.47473,-700.9216,6.416621,6.1480894
367.3697,-701.3674,6.4184203,6.1518407
368.26465,-701.8131,6.4202194,6.1554394
369.15967,-702.2588,6.4220185,6.1590376
370.05472,-702.70447,6.4238176,6.162636
370.9498,-703.15,6.4256167,6.166234
371.8449,-703.5955,6.42737,6.1698785
372.74002,-704.04095,6.428969,6.1736765
373.6352,-704.4864,6.430568,6.177475
374.53036,-704.93176,6.4321675,6.181273
375.42557,-705.377,6.433767,6.185071
376.3208,-705.82227,6.435412,6.1888695
377.21606,-706.2675,6.437211,6.1926675
378.11133,-706.71265,6.43901,6.196466
379.00662,-707.1578,6.4408092,6.200264
379.90195,-707.60284,6.4426084,6.2040625
380.7973,-708.04785,6.4444075,6.2078605
381.69266,-708.4928,6.4462066,6.2116585
382.58807,-708.93774,6.4480057,6.215457
383.48346,-709.3826,6.4498053,6.219255
384.3789,-709.8275,6.4516044,6.2230535
385.27435,-710.27234,6.4533587,6.2268515
386.1698,-710.7171,6.454958,6.2306495
387.0653,-711.1618,6.456557,6.234448
387.9608,-711.6065,6.458156,6.238246
388.85632,-712.0512,6.4597554,6.2420444
389.75186,-712.49585,6.461399,6.2458425
390.6474,-712.9404,6.463198,6.2496405
391.54297,-713.385,6.4649973,6.253439
392.43854,-713.8296,6.4667964,6.257237
393.33414,-714.2741,6.4685955,6.2610354
394.22974,-714.7186,6.4703946,6.2648335
395.12537,-715.1631,6.4721937,6.2686315
396.021,-715.60754,6.4739933,6.27243
396.91663,-716.05194,6.4757924,6.276228
397.8123,-716.49634,6.4775915,6.2800264
398.70795,-716.94073,6.479347,6.2838244
399.60364,-717.3851,6.4809465,6.2876225
400.4993,-717.8294,6.4825454,6.291421
401.395,-718.27374,6.4841447,6.295219
402.2907,-718.7181,6.485744,6.299017
403.1864,-719.16235,6.487386,6.302815
404.08212,-719.6066,6.4891853,6.3066134
404.97784,-720.0509,6.4909844,6.3104115
405.87357,-720.4952,6.4927835,6.3142095
406.7693,-720.9394,6.4945827,6.318008
407.66504,-721.38367,6.4963818,6.321806
408.56076,-721.8279,6.498181,6.325604
409.4565,-722.2721,6.49998,6.329402
410.35226,-722.7163,6.501779,6.3332
411.248,-723.1605,6.503578,6.3369985
412.14374,-723.60474,6.5053353,6.3407965
413.0395,-724.04895,6.5069346,6.3445945
413.93524,-724.49316,6.5085335,6.3483925
414.831,-724.9374,6.510133,6.3521905
415.72675,-725.3816,6.511732,6.3559885
416.6225,-725.8258,6.5133724,6.3597865
417.51825,-726.27,6.5151715,6.3635845
418.41397,-726.71423,6.5169706,6.3673825
419.30972,-727.15845,6.5187697,6.3711805
420.20544,-727.60266,6.520569,6.374979
421.1012,-728.04694,6.522368,6.378777
421.99692,-728.49115,6.524167,6.3825746
422.89264,-728.9354,6.525966,6.3863726
423.78836,-729.3797,6.5277653,6.3901706
424.68405,-729.82404,6.529564,6.3939686
425.57977,-730.2683,6.531323,6.3977666
426.47546,-730.71265,6.532922,6.4015646
427.37112,-731.157,6.534521,6.4053626
428.2668,-731.6013,6.53612,6.40916
429.16248,-732.0457,6.5377192,6.412958
430.05814,-732.4901,6.539358,6.416756
430.9538,-732.9345,6.5411572,6.420554
431.84943,-733.37897,6.5429564,6.4243517
432.74506,-733.8234,6.544755,6.4281497
433.64066,-734.2679,6.546554,6.4319477
434.53625,-734.7124,6.548353,6.4357452
435.43182,-735.1569,6.550152,6.4395432
436.3274,-735.6015,6.551951,6.443341
437.22296,-736.0461,6.55375,6.447139
438.1185,-736.4907,6.5555487,6.4509363
439.01404,-736.9354,6.557309,6.4547343
439.90955,-737.38007,6.558908,6.458532
440.80502,-737.8248,6.5605073,6.46233
441.7005,-738.2696,6.562106,6.4661274
442.59595,-738.7144,6.5637054,6.469925
443.4914,-739.15924,6.5653424,6.473723
444.3868,-739.6041,6.567141,6.4775205
445.2822,-740.049,6.56894,6.481318
446.17758,-740.494,6.570739,6.4851155
447.07294,-740.93896,6.572538,6.4889135
447.96826,-741.38403,6.5743365,6.492711
448.8636,-741.8291,6.5761356,6.4965086
449.75888,-742.27423,6.5779343,6.500306
450.65414,-742.7194,6.5797334,6.5041037
451.54938,-743.1647,6.581532,6.507901
452.44458,-743.61,6.5832944,6.5116987
453.33975,-744.0553,6.584893,6.5154963
454.23492,-744.50073,6.586492,6.5192933
455.13007,-744.94617,6.588091,6.523091
456.02518,-745.39166,6.5896897,6.5268884
456.92026,-745.83716,6.591325,6.530686
457.81537,-746.2827,6.5931234,6.534483
458.71042,-746.72833,6.5949225,6.5382805
459.60538,-747.1741,6.596721,6.542078
460.50027,-747.62,6.59852,6.545875
461.39505,-748.06616,6.6003184,6.5496726
462.28967,-748.5127,6.6021175,6.55347
463.18408,-748.95953,6.603916,6.5572677
464.07822,-749.407,6.6057153,6.561065
464.97208,-749.85504,6.607514,6.5648627
465.86554,-750.3038,6.609278,6.5686603
466.75858,-750.7534,6.610877,6.5724583
467.65115,-751.204,6.6124763,6.5762563
468.54324,-751.65546,6.6140757,6.5800548
469.43484,-752.108,6.615675,6.583853
470.32587,-752.5616,6.617308,6.587651
471.21628,-753.01636,6.6191077,6.5914497
472.106,-753.47253,6.6209073,6.5952487
472.9949,-753.9303,6.622707,6.5990477
473.88287,-754.3899,6.6245065,6.6028466
474.7698,-754.85144,6.6262717,6.6066456
475.65567,-755.31506,6.627872,6.6104455
476.5406,-755.7804,6.629472,6.6142454
477.42477,-756.24725,6.6310716,6.618045
478.3084,-756.7151,6.6326714,6.6218452
479.19165,-757.18365,6.634306,6.6256456
480.07523,-757.6516,6.6361074,6.629449
480.9611,-758.11523,6.637909,6.633252
481.85135,-758.5703,6.63971,6.637055
482.74796,-759.01276,6.641511,6.6408563
483.65274,-759.43823,6.6486964,6.6397448
484.56705,-759.8428,6.681701,6.615091
485.49176,-760.22296,6.7147026,6.590439
486.42746,-760.57526,6.7477264,6.5657706
487.37442,-760.89594,6.780787,6.5410748
488.33264,-761.18115,6.81983,6.5120506
489.30173,-761.42694,6.89324,6.458164
490.28073,-761.62964,6.9666224,6.4042983
491.26822,-761.7857,7.039859,6.3505397
492.2623,-761.8919,7.1128,6.296998
493.2606,-761.94556,7.184819,6.2443504
494.26028,-761.94244,7.136518,6.338088
495.25726,-761.8696,7.0881906,6.431876
496.244,-761.7103,7.0395193,6.5263314
497.2077,-761.44617,6.9904037,6.621649
498.129,-761.0598,6.956581,6.704207
498.98712,-760.5481,7.0034513,6.7178497
499.77362,-759.93164,7.0499196,6.7313757
500.48642,-759.2311,7.0960717,6.7448096
501.12543,-758.4625,7.142178,6.75823
501.69058,-757.63806,7.156978,6.7379975
502.18503,-756.76935,7.1481514,6.692296
502.61768,-755.86816,7.1393085,6.6465087
502.99994,-754.9444,7.1304717,6.6007543
503.34454,-754.0058,7.121643,6.5550413
503.66455,-753.0586,7.112305,6.5309095
503.968,-752.1059,7.1023936,6.5307193
504.2573,-751.14886,7.092472,6.530528
504.5348,-750.1883,7.0825443,6.5303373
504.80283,-749.22504,7.072615,6.5301466
505.0638,-748.2599,7.062941,6.5317783
505.31903,-747.29315,7.054103,6.539411
505.56763,-746.3247,7.045267,6.547042
505.8084,-745.3543,7.036432,6.5546722
506.0402,-744.3817,7.027597,6.5623026
506.26184,-743.40674,7.0187287,6.5699615
506.4727,-742.4294,7.0097613,6.577706
506.67307,-741.4498,7.0007944,6.58545
506.86346,-740.46826,6.991827,6.593195
507.04437,-739.4849,6.9828596,6.6009398
507.21625,-738.5,6.9739313,6.60865
507.38004,-737.5137,6.9650774,6.616297
507.53735,-736.52625,6.9562235,6.6239433
507.6898,-735.5381,6.9473696,6.63159
507.83908,-734.54944,6.938516,6.639236
507.98682,-733.5606,6.929693,6.6469307
508.13455,-732.5717,6.920921,6.6547065
508.28363,-731.58307,6.9121485,6.6624823
508.43542,-730.5948,6.9033756,6.670258
508.59125,-729.6072,6.8946033,6.678034
508.75247,-728.6204,6.8858414,6.685728
508.9204,-727.63477,6.877098,6.6932793
509.09653,-726.6506,6.868355,6.70083
509.28214,-725.66815,6.8596115,6.708381
509.47867,-724.6878,6.8508687,6.715932
509.6875,-723.71,6.8421288,6.7234797
509.90997,-722.7352,6.8333945,6.731023
510.14737,-721.764,6.824661,6.7385654
510.40103,-720.7969,6.8159266,6.746109
510.67218,-719.83453,6.807192,6.753652
510.9621,-718.8776,6.764935,6.769733
511.27176,-717.927,6.641033,6.8066063
511.60175,-716.98315,6.5171385,6.8434772
511.95255,-716.04694,6.3932467,6.8803473
512.32465,-715.1189,6.2693596,6.9172163
512.7185,-714.19995,6.165159,6.94229
513.1347,-713.2909,6.121156,6.931289
513.57385,-712.39264,6.077153,6.920288
514.03674,-711.5065,6.033148,6.909287
514.5239,-710.63336,5.989142,6.8982854
515.036,-709.77466,5.9529877,6.879808
515.57355,-708.93164,5.9407835,6.838518
516.13715,-708.10583,5.9285803,6.7972307
516.72723,-707.29877,5.9163775,6.7559433
517.34436,-706.51215,5.9041753,6.71466
517.9888,-705.74774,5.91129,6.651255
518.6608,-705.0075,5.957639,6.542901
519.3607,-704.2935,6.0039887,6.434546
520.08856,-703.60815,6.0503488,6.3261666
520.8444,-702.9538,6.096719,6.2177644
521.6281,-702.333,6.162991,6.1712537
522.4384,-701.7474,6.2511206,6.192774
523.2732,-701.1972,6.3392277,6.214288
524.1304,-700.6826,6.427323,6.2358
525.00806,-700.20386,6.515427,6.2573137
525.9044,-699.761,6.5098677,6.2791147
526.8173,-699.35333,6.440881,6.3011107
527.7446,-698.9797,6.371896,6.323106
528.68445,-698.6385,6.30292,6.345098
529.63495,-698.3283,6.2339454,6.3670897
530.59454,-698.04767,6.192634,6.3885527
531.56195,-697.7953,6.1701617,6.409657
532.53613,-697.5703,6.1476874,6.4307632
533.516,-697.37164,6.125213,6.4518695
534.5007,-697.19836,6.1027393,6.4729753
535.4894,-697.0494,6.0937796,6.485853
536.4813,-696.924,6.099599,6.4897327
537.4759,-696.8219,6.1054187,6.4936123
538.47253,-696.7425,6.111238,6.497492
539.47076,-696.68536,6.1170573,6.5013714
540.47,-696.65015,6.128377,6.4975133
541.46967,-696.63617,6.1512523,6.477399
542.4695,-696.64233,6.174128,6.457284
543.469,-696.66754,6.197006,6.4371667
544.4679,-696.7108,6.2198896,6.417045
545.46594,-696.77094,6.2429643,6.3968067
546.463,-696.84485,6.266585,6.3762407
547.45966,-696.92487,6.290205,6.3556747
548.4564,-697.0031,6.3138165,6.335117
549.4539,-697.0716,6.33741,6.3145742
550.45245,-697.1225,6.344253,6.3042626
551.4519,-697.1484,6.3184304,6.313895
552.4517,-697.1426,6.292599,6.3235307
553.4505,-697.09845,6.266734,6.3331785
554.4462,-697.00903,6.2408295,6.342841
555.4359,-696.8676,6.2814913,6.3509502
556.41595,-696.67035,6.3982406,6.3572717
557.3829,-696.4163,6.5148187,6.363584
558.3329,-696.1052,6.6310687,6.3698783
559.2624,-695.7372,6.7468076,6.3761454
560.1674,-695.31256,6.845104,6.4148593
561.0423,-694.82886,6.9159555,6.5059824
561.8769,-694.27875,6.9870133,6.597371
562.6573,-693.65436,7.0585837,6.6894193
563.3654,-692.9493,7.1307044,6.782175
563.9797,-692.1613,7.1760025,6.8319235
564.4894,-691.30176,7.187246,6.827256
564.9006,-690.39087,7.1984043,6.8226247
565.22253,-689.4446,7.2094984,6.8180194
565.4642,-688.47455,7.2205877,6.8134165
565.6334,-687.4894,7.221311,6.8149576
565.7404,-686.4954,7.217414,6.819245
565.7986,-685.4973,7.2135077,6.823541
565.8222,-684.4978,7.209601,6.827839
565.82605,-683.498,7.2056956,6.832135
565.8243,-682.4981,7.2017913,6.8365397
565.8237,-681.4983,7.197888,6.841029
565.82477,-680.4984,7.1939836,6.845519
565.8277,-679.4986,7.190079,6.850009
565.83276,-678.4988,7.1861744,6.8544993
565.8401,-677.49896,7.1821365,6.858952
565.84973,-676.49915,7.1779323,6.8633566
565.86145,-675.4994,7.173728,6.867761
565.8749,-674.49963,7.1695237,6.8721657
565.88965,-673.4999,7.16532,6.8765697
565.9055,-672.5002,7.161197,6.881073
565.9223,-671.5005,7.157175,6.885699
565.94,-670.5008,7.153153,6.890324
565.95844,-669.5011,7.149131,6.8949494
565.97766,-668.50146,7.1451087,6.8995748
565.9976,-667.5018,7.14109,6.9041967
566.0183,-666.5022,7.1370745,6.9088144
566.0397,-665.50256,7.133059,6.913432
566.06165,-664.5029,7.1290436,6.91805
566.0842,-663.50336,7.125028,6.9226675
566.10736,-662.5038,7.1210155,6.9271827
566.13104,-661.5042,7.1170063,6.931593
566.1553,-660.5047,7.1129966,6.9360037
566.17993,-659.5051,7.1089873,6.940414
566.205,-658.5056,7.104978,6.944824
566.2305,-657.5061,7.100971,6.949333
566.2564,-656.5066,7.0969667,6.9539385
566.2826,-655.5071,7.0929623,6.9585433
566.3091,-654.50757,7.0889583,6.963148
566.3359,-653.5081,7.084954,6.9677534
566.3629,-652.5086,7.0809517,6.9722533
566.39014,-651.50916,7.0769515,6.976653
566.41754,-650.5097,7.0729513,6.9810534
566.44507,-649.5102,7.0689516,6.9854536
566.4727,-648.51074,7.0649514,6.9898534
566.5004,-647.5113,7.0608506,6.994354
566.5282,-646.51184,7.0566545,6.99895
566.55597,-645.5124,7.052458,7.003546
566.5837,-644.51294,7.0482616,7.008142
566.6114,-643.5135,7.044065,7.012738
566.639,-642.514,7.0399714,7.017333
566.66644,-641.5145,7.0359774,7.021926
566.6938,-640.5151,7.0319834,7.026519
566.72095,-639.51556,7.0279894,7.031112
566.74786,-638.5161,7.0239954,7.035705
566.7745,-637.5166,7.023498,7.037001
566.8009,-636.51715,7.0264926,7.035005
566.82697,-635.51764,7.0294867,7.033009
566.85266,-634.5181,7.0324807,7.0310125
566.878,-633.5186,7.0354753,7.0290165
566.9029,-632.51904,7.0389585,7.026629
566.9274,-631.51953,7.0429497,7.023835
566.9514,-630.51996,7.0469413,7.0210414
566.97485,-629.5204,7.0509324,7.018247
566.9978,-628.5208,7.054924,7.0154533
567.0202,-627.52124,7.0588193,7.0126595
567.04193,-626.5216,7.062611,7.0098658
567.06305,-625.522,7.0664024,7.0070715
567.0835,-624.52234,7.0701942,7.0042777
567.1033,-623.5227,7.073986,7.001484
567.12225,-622.523,7.0778713,6.99869
567.1405,-621.5234,7.0818634,6.995896
567.1579,-620.5237,7.085855,6.9931016
567.1745,-619.524,7.089847,6.990307
567.1902,-618.52423,7.0938387,6.9875126
567.205,-617.52454,7.0978312,6.984718
567.21893,-616.5248,7.1018248,6.9819226
567.2318,-615.525,7.105818,6.9791274
567.2437,-614.5252,7.1098113,6.976332
567.25464,-613.52545,7.1138043,6.973537
567.2644,-612.52563,7.1177983,6.9707413
567.27313,-611.5258,7.1217937,6.967944
567.2807,-610.526,7.125789,6.9651475
567.2871,-609.5262,7.1297846,6.962351
567.29236,-608.52637,7.1337795,6.959554
567.2963,-607.52655,7.1376877,6.9567566
567.2991,-606.5267,7.1414857,6.953958
567.3005,-605.52686,7.1452837,6.9511595
567.30054,-604.52704,7.1490817,6.948361
567.29926,-603.52716,7.15288,6.9455624
567.2966,-602.52734,7.1550884,6.945414
567.2925,-601.5275,7.1552887,6.9486156
567.2869,-600.52765,7.1554885,6.9518166
567.27985,-599.52783,7.155689,6.9550176
567.27124,-598.528,7.1558886,6.9582186
567.26105,-597.52826,7.1561775,6.9613323
567.24927,-596.5285,7.156578,6.964336
567.23584,-595.52875,7.1569786,6.96734
567.2207,-594.529,7.157379,6.9703436
567.2039,-593.5293,7.1577797,6.9733477
567.1854,-592.5296,7.15809,6.976443
567.16516,-591.52997,7.158291,6.9796505
567.14307,-590.5304,7.158491,6.982858
567.1191,-589.5308,7.1586914,6.9860654
567.09326,-588.5313,7.158892,6.989273
567.0654,-587.53186,7.1590924,6.992482
567.03564,-586.5325,7.159293,6.995693
567.0039,-585.53314,7.159494,6.9989047
566.9702,-584.5339,7.1596947,7.0021157
566.93463,-583.53467,7.1598954,7.0053267
566.8971,-582.5355,7.16,7.0014224
566.8578,-581.53644,7.16,6.9897785
566.8169,-580.5374,7.16,6.978134
566.77454,-579.53845,7.16,6.9664903
566.7311,-578.53955,7.16,6.954846
566.6867,-577.5407,7.14484,6.93753
566.64154,-576.5419,7.1143937,6.9144955
566.5959,-575.5431,7.0839477,6.8914604
566.5499,-574.5443,7.0535016,6.8684254
566.50397,-573.54553,7.0230556,6.845391
566.4581,-572.54675,6.980093,6.8218093
566.41266,-571.5479,6.9248867,6.797694
566.36755,-570.5491,6.8696804,6.7735786
566.32294,-569.55023,6.814474,6.7494636
566.2789,-568.5514,6.7592688,6.7253485
566.2354,-567.5525,6.704271,6.701324
566.193,-566.5535,6.6494913,6.6773953
566.15216,-565.5545,6.594712,6.653466
566.1135,-564.5554,6.5399313,6.6295366
566.07776,-563.5562,6.48515,6.605607
566.0453,-562.5569,6.430447,6.5817485
566.01483,-561.55756,6.3758492,6.557985
565.9824,-560.5582,6.321251,6.5342207
565.9442,-559.5591,6.266654,6.5104575
565.8961,-558.5604,6.212064,6.4866967
565.8343,-557.5625,6.1745152,6.4411054
565.7549,-556.56586,6.17014,6.352994
565.65436,-555.57104,6.165764,6.264882
565.5291,-554.57916,6.1613874,6.1767564
565.3757,-553.5912,6.157011,6.088627
565.19055,-552.60864,6.1577306,6.0003057
564.9679,-551.634,6.16969,5.9115195
564.698,-550.6714,6.1816506,5.8227277
564.3713,-549.7266,6.1936,5.7340198
563.9791,-548.8072,6.205503,5.645656
563.5152,-547.9218,6.2352505,5.58005
562.97504,-547.0807,6.2958164,5.552966
562.35425,-546.2974,6.356528,5.525817
561.64764,-545.59094,6.417812,5.4984117
560.8522,-544.9867,6.479769,5.4707055
559.9728,-544.513,6.4379086,5.4868245
559.03345,-544.1726,6.3567553,5.519544
558.0596,-543.94836,6.276519,5.551894
557.0681,-543.82135,6.19692,5.583987
556.0695,-543.7746,6.1199336,5.6153455
555.07007,-543.795,6.1179857,5.6254754
554.07336,-543.87317,6.116023,5.635681
553.08167,-543.9995,6.1140532,5.6459236
552.0954,-544.1636,6.1120815,5.656177
551.114,-544.3548,6.11011,5.666429
550.13617,-544.5632,6.108207,5.6765027
549.16046,-544.7816,6.1063094,5.68656
548.18567,-545.0039,6.1044126,5.696614
547.2103,-545.22394,6.102516,5.7066655
546.23315,-545.43555,6.1006193,5.716718
545.253,-545.63293,6.098528,5.7269588
544.26984,-545.8149,6.0963426,5.73729
543.2843,-545.9833,6.094157,5.7476206
542.29675,-546.1399,6.091972,5.757951
541.30774,-546.2866,6.0897865,5.768281
540.3176,-546.4254,6.0876956,5.778913
539.32666,-546.55835,6.0856576,5.789716
538.3352,-546.6877,6.083619,5.800519
537.34357,-546.81573,6.0815806,5.811322
536.3521,-546.94476,6.079542,5.822126
535.361,-547.07697,6.0775146,5.8328733
534.3705,-547.21277,6.0754905,5.8436007
533.3804,-547.352,6.0734663,5.854328
532.3907,-547.49426,6.0714426,5.865055
531.4014,-547.6393,6.0694184,5.875782
530.41254,-547.78674,6.0672507,5.886269
529.42395,-547.93646,6.0650454,5.8966937
528.43567,-548.0882,6.0628405,5.9071183
527.4477,-548.2418,6.060635,5.917543
526.46,-548.3972,6.0584297,5.927968
525.47253,-548.5541,6.0563955,5.9385047
524.4853,-548.71234,6.054402,5.949069
523.4982,-548.87177,6.0524087,5.9596334
522.51135,-549.0321,6.0504155,5.970197
521.5246,-549.19324,6.0484223,5.9807615
520.5379,-549.355,6.046432,5.991153
519.5513,-549.5171,6.0444427,6.0014977
518.5647,-549.67944,6.0424533,6.0118427
517.5781,-549.8418,6.040464,6.022188
516.59155,-550.004,6.0384746,6.032533
515.6049,-550.166,6.0363317,6.043039
514.6182,-550.3276,6.0341406,6.0535946
513.6315,-550.4888,6.03195,6.064151
512.6446,-550.64954,6.029759,6.0747066
511.65768,-550.8098,6.027568,6.085263
510.67072,-550.96954,6.0255227,6.0958304
509.68362,-551.1288,6.023528,6.1064024
508.69644,-551.2875,6.021533,6.116974
507.70917,-551.4455,6.0195384,6.127546
506.7218,-551.60284,6.017544,6.138118
505.73428,-551.7596,6.0155473,6.148554
504.7467,-551.9155,6.0135503,6.1589394
503.75897,-552.0707,6.011553,6.169325
502.77112,-552.22504,6.009556,6.1797104
501.7831,-552.37854,6.0075583,6.190096
500.79498,-552.5312,6.005416,6.2006335
499.80673,-552.68286,6.0032163,6.21123
498.8183,-552.8336,6.001017,6.2218256
497.82974,-552.98334,5.998818,6.232422
496.841,-553.1321,5.9966187,6.243018
495.85214,-553.27966,5.994562,6.2534766
494.86307,-553.4262,5.9925613,6.263881
493.87387,-553.57153,5.9905605,6.274286
492.88446,-553.7157,5.9885597,6.28469
491.8949,-553.85864,5.986559,6.2950945
490.90512,-554.0003,5.984557,6.3056474
489.9152,-554.1406,5.9825554,6.3162575
488.92505,-554.27966,5.980553,6.3268676
487.93472,-554.4173,5.9785514,6.3374777
486.9442,-554.55347,5.9765496,6.348088
485.9535,-554.68823,5.974402,6.3587
484.96255,-554.8215,5.9721994,6.3693123
483.97144,-554.9531,5.969997,6.379925
482.98007,-555.08325,5.967794,6.3905377
481.98853,-555.2118,5.9655914,6.40115
480.99677,-555.3387,5.968515,6.4067826
480.0048,-555.46387,5.9733205,6.410587
479.0126,-555.5873,5.978126,6.4143915
478.0202,-555.709,5.982931,6.4181957
477.02756,-555.82886,5.9877367,6.422
476.0347,-555.94684,5.994016,6.42418
475.04163,-556.063,6.000821,6.4257813
474.04834,-556.1772,6.007626,6.4273825
473.0548,-556.2895,6.014431,6.4289837
472.0611,-556.3999,6.021236,6.430585
471.06714,-556.50836,6.0281863,6.4321856
470.073,-556.6149,6.0351872,6.4337854
469.07864,-556.7197,6.042188,6.4353857
468.08414,-556.82275,6.0491886,6.436986
467.08945,-556.92413,6.0561895,6.438586
466.0946,-557.024,6.0631876,6.4401855
465.0996,-557.1223,6.070184,6.441785
464.10446,-557.2192,6.077181,6.443384
463.1092,-557.3147,6.084178,6.4449835
462.1138,-557.4089,6.0911746,6.446583
461.1183,-557.50183,6.098021,6.4481816
460.12265,-557.5936,6.1048145,6.44978
459.12695,-557.6843,6.1116085,6.4513783
458.13113,-557.7739,6.118402,6.4529767
457.13522,-557.8626,6.1251955,6.4545755
456.13922,-557.9504,6.132134,6.4561734
455.14316,-558.0373,6.139125,6.4577713
454.14703,-558.1234,6.146116,6.459369
453.15085,-558.20886,6.153106,6.460967
452.15463,-558.2937,6.160097,6.462565
451.15833,-558.3779,6.167087,6.4643083
450.162,-558.4617,6.1740766,6.4661055
449.16562,-558.5449,6.1810656,6.4679027
448.16922,-558.62787,6.188055,6.4697
447.17282,-558.7105,6.1950445,6.471497
446.17636,-558.7929,6.20189,6.4731507
445.1799,-558.8751,6.208679,6.474748
444.18344,-558.9572,6.2154684,6.4763455
443.18698,-559.0393,6.222258,6.477943
442.19052,-559.1214,6.2290473,6.4795403
441.19406,-559.2036,6.2359796,6.481138
440.1976,-559.286,6.2429695,6.4827356
439.20117,-559.3686,6.2499595,6.4843335
438.20477,-559.45154,6.256949,6.4859314
437.2084,-559.5348,6.263939,6.487529
436.21207,-559.61847,6.2709303,6.489127
435.2158,-559.70264,6.277922,6.490725
434.21954,-559.7874,6.284914,6.4923234
433.22336,-559.8728,6.291906,6.4939213
432.22723,-559.959,6.2988977,6.4955196
431.23117,-560.0459,6.3057523,6.497118
430.2352,-560.1337,6.312547,6.498717
429.2393,-560.22235,6.319342,6.5003157
428.24344,-560.3119,6.3261375,6.5019145
427.2477,-560.4023,6.3329325,6.5035133
426.25204,-560.4936,6.339869,6.5051126
425.25644,-560.58575,6.3468666,6.5067124
424.26093,-560.6787,6.3538647,6.5083117
423.2655,-560.7724,6.3608627,6.5099115
422.2701,-560.86676,6.367861,6.511511
421.27478,-560.9618,6.374861,6.513111
420.27954,-561.0573,6.3818607,6.514711
419.2843,-561.15344,6.388861,6.516311
418.28915,-561.25,6.395861,6.517911
417.294,-561.347,6.4028616,6.519511
416.29892,-561.4444,6.4097238,6.5211115
415.30386,-561.5421,6.4165254,6.5227118
414.30884,-561.64014,6.423327,6.524312
413.31384,-561.7384,6.4301286,6.525913
412.31885,-561.8369,6.43693,6.527513
411.32388,-561.9355,6.443871,6.5292525
410.32892,-562.0342,6.4508734,6.531053
409.33398,-562.13293,6.4578753,6.5328536
408.33902,-562.2317,6.4648776,6.534654
407.34406,-562.3304,6.4718795,6.5364547
406.3491,-562.42896,6.4788814,6.538116
405.3541,-562.5274,6.485883,6.5397162
404.3591,-562.6257,6.492885,6.5413165
403.36407,-562.72363,6.499887,6.5429173
402.36902,-562.82135,6.506889,6.5445175
401.37393,-562.9187,6.51375,6.546118
400.37878,-563.0157,6.5205507,6.547718
399.3836,-563.11224,6.5273514,6.549318
398.3884,-563.20825,6.5341525,6.550918
397.39313,-563.3038,6.540953,6.5525184
396.3978,-563.3987,6.547892,6.554118
395.4024,-563.493,6.554891,6.555718
394.40695,-563.5866,6.5618896,6.5573177
393.41144,-563.67944,6.568888,6.5589175
392.41583,-563.7716,6.575887,6.560517
391.42017,-563.86285,6.582884,6.562116
390.42444,-563.9533,6.5898795,6.5637155
389.4286,-564.0428,6.5968757,6.5653143
388.43268,-564.1313,6.6038713,6.5669136
387.43668,-564.21875,6.610867,6.5685124
386.44055,-564.30505,6.6177216,6.570111
385.44437,-564.39026,6.6245136,6.571709
384.44806,-564.4744,6.631306,6.5733075
383.4517,-564.5576,6.6380982,6.5749054
382.45523,-564.63983,6.644891,6.5765038
381.4587,-564.7212,6.6518183,6.578101
380.4621,-564.8018,6.658807,6.5796986
379.46545,-564.8817,6.665796,6.581296
378.46878,-564.9611,6.6727843,6.5828934
377.47205,-565.0401,6.6797733,6.584491
376.4753,-565.1188,6.6867604,6.586088
375.47855,-565.1972,6.6937475,6.587685
374.48178,-565.2756,6.7007346,6.589282
373.48502,-565.35394,6.7077217,6.5908794
372.48825,-565.4324,6.714709,6.5924764
371.49152,-565.51105,6.7215614,6.5942073
370.49478,-565.59,6.7283487,6.596004
369.4981,-565.66943,6.7351365,6.5978007
368.50146,-565.7493,6.741924,6.5995975
367.50485,-565.82983,6.748711,6.601394
366.50833,-565.9111,6.755632,6.603059
365.51187,-565.99316,6.7626204,6.604656
364.51547,-566.0762,6.769609,6.6062536
363.51917,-566.1603,6.7765975,6.607851
362.52295,-566.2455,6.7835865,6.6094484
361.52686,-566.332,6.790577,6.6110463
360.53088,-566.4198,6.797569,6.612644
359.53503,-566.5091,6.80456,6.6142426
358.53934,-566.6,6.811552,6.6158404
357.5438,-566.6925,6.8185434,6.6174383
356.5484,-566.7868,6.8254085,6.619037
355.5532,-566.883,6.8322043,6.6206365
354.55817,-566.9812,6.839,6.6222353
353.5634,-567.0815,6.845796,6.623834
352.56882,-567.184,6.852592,6.6254334
351.57446,-567.28876,6.85952,6.627033
350.58038,-567.39594,6.8665204,6.628633
349.58658,-567.5056,6.873521,6.6302333
348.59308,-567.618,6.8805213,6.6318336
347.59988,-567.7331,6.8875217,6.6334333
346.60703,-567.85114,6.8925858,6.6346464
345.61453,-567.9721,6.896589,6.6356473
344.62238,-568.09607,6.9005914,6.6366477
343.63065,-568.2231,6.9045944,6.6376486
342.6393,-568.3532,6.908597,6.6386495
341.64838,-568.4864,6.894133,6.635228
340.65787,-568.6226,6.869705,6.6294217
339.66772,-568.7617,6.845278,6.6236153
338.67798,-568.9034,6.82085,6.6178083
337.6886,-569.04755,6.796422,6.612002
336.69952,-569.194,6.7719936,6.6063266
335.7108,-569.3425,6.7475653,6.60072
334.72232,-569.493,6.7231364,6.5951133
333.73413,-569.64526,6.698708,6.5895066
332.74622,-569.79913,6.6742797,6.5839
331.7585,-569.9545,6.649855,6.5782948
330.77103,-570.11127,6.6254325,6.5726895
329.78372,-570.2691,6.60101,6.5670843
328.79657,-570.428,6.5765877,6.561479
327.80957,-570.5877,6.552165,6.555874
326.8227,-570.7481,6.52775,6.5501375
325.83588,-570.909,6.5033383,6.5443344
324.84912,-571.0702,6.478927,6.538532
323.8624,-571.2316,6.4545155,6.532729
322.87567,-571.3931,6.430104,6.5269265
321.88892,-571.5545,6.405702,6.52126
320.90213,-571.7155,6.3813057,6.5156603
319.91528,-571.87616,6.356909,6.5100613
318.9283,-572.0362,6.332512,6.504462
317.94125,-572.19543,6.3081155,6.4988627
316.954,-572.3537,6.2838645,6.493133
315.9666,-572.5109,6.2596865,6.487338
314.979,-572.66693,6.2355084,6.4815435
313.99118,-572.82153,6.2113304,6.4757485
313.00314,-572.97455,6.1871524,6.469954
312.0148,-573.1259,6.162858,6.4642954
311.0262,-573.2754,6.1385045,6.458706
310.0373,-573.4228,6.1141515,6.453117
309.04803,-573.568,6.089798,6.4475274
308.05844,-573.7108,6.0654445,6.441938
307.06848,-573.851,6.041112,6.4363537
306.07816,-573.9885,6.0167913,6.430772
305.08743,-574.1233,5.9924703,6.42519
304.0963,-574.2551,5.968149,6.419608
303.1048,-574.38403,5.9438286,6.4140263
302.1129,-574.5099,5.9195337,6.408324
301.1206,-574.63226,5.8952537,6.402552
300.1278,-574.75085,5.8709736,6.3967805
299.13452,-574.865,5.846694,6.3910093
298.14066,-574.97437,5.8224144,6.3852377
297.14624,-575.07837,5.8025093,6.3865376
296.1512,-575.1762,5.7853746,6.3923154
295.1555,-575.267,5.7682395,6.3980937
294.1591,-575.3498,5.7511044,6.4038715
293.16196,-575.4235,5.7339697,6.40965
292.16415,-575.4873,5.727119,6.4124756
291.1657,-575.5401,5.7273192,6.4132776
290.16672,-575.5811,5.72752,6.414079
289.16727,-575.60925,5.7277203,6.414881
288.16754,-575.62366,5.7279205,6.415683
287.16772,-575.6234,5.753396,6.3952436
286.168,-575.6074,5.7954106,6.3609047
285.1687,-575.5747,5.8374248,6.326566
284.17017,-575.52423,5.8794394,6.2922273
283.17273,-575.4549,5.921452,6.25789
282.1769,-575.36566,5.960524,6.226381
281.18314,-575.25574,5.9980383,6.196369
280.192,-575.12427,6.035553,6.1663575
279.20407,-574.9705,6.073071,6.136343
278.22,-574.79364,6.110593,6.1063256
277.2405,-574.59314,6.1425877,6.081663
276.26602,-574.36945,6.1724586,6.059058
275.2968,-574.1239,6.202327,6.036455
274.3331,-573.8576,6.2321925,6.0138545
273.37497,-573.57184,6.2620583,5.9912534
272.42252,-573.26776,6.2893977,5.982626
271.47574,-572.9464,6.3159738,5.97823
270.53467,-572.6087,6.342551,5.9738336
269.5992,-572.2557,6.369129,5.969437
268.66934,-571.8883,6.395707,5.965041
267.74484,-571.5075,6.379918,5.989107
266.82562,-571.1142,6.350985,6.022003
265.91144,-570.7093,6.322052,6.0548997
265.00217,-570.2935,6.2931194,6.0877957
264.09747,-569.8678,6.264187,6.120692
263.19714,-569.4329,6.1994257,6.177216
262.30093,-568.9897,6.1205244,6.243066
261.40854,-568.53876,6.0416226,6.3089166
260.51978,-568.0808,5.9627213,6.3747663
259.63428,-567.61646,5.8838205,6.4406157
258.7518,-567.1465,5.820945,6.492762
257.8722,-566.6711,5.7663207,6.537852
256.99542,-566.1905,5.711696,6.5829415
256.1215,-565.7047,5.6570716,6.6280317
255.25037,-565.214,5.6024466,6.6731224
254.382,-564.71844,5.582749,6.688003
253.51634,-564.2181,5.5839458,6.684811
252.65334,-563.7132,5.5851426,6.681619
251.79292,-563.2039,5.5863395,6.6784277
250.93503,-562.6904,5.587537,6.6752357
250.07959,-562.1728,5.588858,6.672038
249.22656,-561.65125,5.5902586,6.668837
248.37584,-561.1259,5.591659,6.665636
247.52737,-560.597,5.5930595,6.662435
246.68108,-560.0646,5.59446,6.659234
245.83688,-559.5288,5.595862,6.6560297
244.9947,-558.98987,5.5972652,6.652823
244.15448,-558.44794,5.598668,6.6496162
243.3161,-557.90314,5.600071,6.646409
242.47949,-557.35565,5.601474,6.6432023
241.64458,-556.80554,5.602752,6.6399937
240.81123,-556.25305,5.6039557,6.636784
239.97942,-555.6983,5.6051598,6.6335745
239.149,-555.1415,5.6063633,6.6303644
238.3199,-554.58264,5.607567,6.627155
237.49202,-554.022,5.608899,6.6239443
236.66528,-553.4597,5.610304,6.6207337
235.83957,-552.8959,5.6117086,6.617523
235.01479,-552.3307,5.6131134,6.614312
234.19084,-551.7643,5.614518,6.6111016
233.36763,-551.19684,5.6159225,6.608023
232.54506,-550.6285,5.6173267,6.6050143
231.72304,-550.05927,5.618731,6.602005
230.90144,-549.4895,5.6201353,6.5989957
230.08018,-548.9192,5.6215396,6.5959864
229.25919,-548.3486,5.6228085,6.5928435
228.43831,-547.7777,5.6240115,6.589636
227.61748,-547.20685,5.6252146,6.5864286
226.79655,-546.63605,5.626417,6.583221
225.97545,-546.06555,5.62762,6.5800133
225.15404,-545.4955,5.628959,6.576808
224.33226,-544.92596,5.630361,6.5736036
223.51003,-544.35706,5.6317625,6.5703998
222.68729,-543.78894,5.6331644,6.5671954
221.86397,-543.2216,5.6345663,6.5639915
221.04,-542.6553,5.635967,6.56079
220.21538,-542.08984,5.637367,6.55759
219.39015,-541.5253,5.638767,6.5543904
218.56435,-540.9617,5.6401668,6.5511904
217.73799,-540.3988,5.6415668,6.5479903
216.91112,-539.8367,5.6428275,6.5447927
216.08377,-539.27527,5.6440263,6.5415964
215.25594,-538.71454,5.645225,6.5383997
214.42766,-538.15454,5.646424,6.535203
213.59895,-537.59515,5.6476226,6.5320067
212.76982,-537.0364,5.6489573,6.528949
211.94029,-536.47815,5.6503544,6.5259542
211.1104,-535.92053,5.651752,6.52296
210.28015,-535.3634,5.653149,6.5199656
209.44955,-534.8068,5.6545467,6.5169716
208.61867,-534.2507,5.6559434,6.5138435
207.78748,-533.69495,5.65734,6.510651
206.95602,-533.13965,5.6587367,6.507459
206.12431,-532.5847,5.6601334,6.5042667
205.29237,-532.03015,5.66153,6.5010743
204.46022,-531.4759,5.662794,6.497883
203.62788,-530.9219,5.663991,6.4946914
202.79538,-530.36816,5.6651874,6.4915
201.96272,-529.81464,5.666384,6.4883084
201.12994,-529.26135,5.667581,6.485117
200.29704,-528.7082,5.6689076,6.481925
199.46405,-528.15515,5.6703043,6.4787335
198.631,-527.60223,5.6717005,6.475542
197.7979,-527.04944,5.6730967,6.47235
196.96475,-526.49664,5.6744933,6.4691586
196.1316,-525.9439,5.67589,6.465966
195.29846,-525.3911,5.6772866,6.4627733
194.46536,-524.83826,5.6786833,6.4595804
193.6323,-524.2854,5.6800804,6.456388
192.79932,-523.73236,5.681477,6.453195
191.96642,-523.1792,5.6827497,6.450001
191.13362,-522.6259,5.6839476,6.446806
190.30096,-522.07245,5.685146,6.443611
189.46844,-521.5187,5.6863437,6.4404163
188.63611,-520.9647,5.687542,6.4372215
187.80394,-520.41046,5.688864,6.4341483
186.972,-519.8559,5.6902633,6.4311504
186.1403,-519.30096,5.6916623,6.4281526
185.30888,-518.7456,5.6930614,6.4251547
184.47777,-518.18976,5.69446,6.422157
183.64699,-517.6334,5.69586,6.4190345
182.81659,-517.07654,5.6972604,6.415834
181.98659,-516.5191,5.6986604,6.4126334
181.15701,-515.96094,5.700061,6.409433
180.3279,-515.40216,5.701461,6.4062324
179.49928,-514.8426,5.702739,6.4030304
178.6712,-514.2823,5.70394,6.399827
177.84369,-513.7211,5.705141,6.396624
177.01678,-513.15906,5.706342,6.393421
176.19052,-512.59607,5.7075434,6.390218
175.36496,-512.03204,5.708869,6.3870134
174.5401,-511.46695,5.7102714,6.3838086
173.71596,-510.90085,5.7116733,6.3806033
172.89255,-510.33368,5.7130756,6.3773985
172.06989,-509.76544,5.714478,6.374193
171.24796,-509.1961,5.7158804,6.370987
170.42688,-508.62555,5.7172837,6.3677807
169.60681,-508.05356,5.7186866,6.364574
168.78792,-507.4799,5.7200894,6.361367
167.97038,-506.9043,5.7214923,6.3581605
167.15434,-506.32657,5.7227674,6.3549533
166.34009,-505.74634,5.7239704,6.3517456
165.52795,-505.16312,5.725173,6.348538
164.71828,-504.57654,5.726376,6.3453307
163.91138,-503.98608,5.7275786,6.342123
163.10764,-503.3914,5.7375073,6.3273253
162.30739,-502.792,5.7521358,6.306284
161.51094,-502.18753,5.7667646,6.2852426
160.71866,-501.57764,5.7813935,6.2642007
159.93088,-500.96194,5.7960224,6.2431593
159.14795,-500.3401,5.815117,6.215946
158.37022,-499.71173,5.8365145,6.1855497
157.59807,-499.07654,5.8579116,6.1551533
156.83185,-498.43423,5.879309,6.124757
156.07191,-497.78445,5.900707,6.094361
155.31868,-497.12695,5.9186206,6.065381
154.57253,-496.46143,5.9347334,6.037134
153.83394,-495.7875,5.950846,6.0088873
153.10333,-495.10495,5.9669585,5.9806404
152.38121,-494.41342,5.983071,5.952394
151.66808,-493.71262,5.9843693,5.9304852
150.96484,-493.0019,5.977042,5.9122667
150.27275,-492.28033,5.969715,5.894048
149.59305,-491.54706,5.962388,5.8758297
148.92711,-490.8013,5.9550624,5.857615
148.27629,-490.0423,5.929236,5.865215
147.64238,-489.2691,5.8901176,5.8913603
147.0275,-488.4807,5.8509965,5.917507
146.43388,-487.67618,5.8118668,5.9436607
145.86395,-486.85474,5.7727294,5.9698186
145.32005,-486.01584,5.722838,6.014971
144.80315,-485.16,5.664929,6.0742927
144.31285,-484.28867,5.6070323,6.133601
143.84874,-483.4031,5.5491414,6.192904
143.41034,-482.50455,5.491244,6.2522135
142.99713,-481.59412,5.4990234,6.272767
142.6076,-480.67328,5.54778,6.2691402
142.23943,-479.7437,5.596535,6.265514
141.89021,-478.80685,5.645285,6.261888
141.55748,-477.864,5.6940327,6.258262
141.23882,-476.91632,5.742662,6.254776
140.93271,-475.9645,5.7912335,6.2513638
140.63834,-475.00897,5.839809,6.2479515
140.35484,-474.05017,5.8883862,6.244539
140.08138,-473.08844,5.936964,6.2411265
139.81711,-472.12418,5.9623885,6.2383904
139.5614,-471.1576,5.9764037,6.235988
139.3138,-470.18887,5.990419,6.2335854
139.07382,-469.21826,6.0044336,6.2311826
138.84103,-468.2459,6.0184484,6.2287803
138.61491,-467.27197,6.0196295,6.2269216
138.39497,-466.2966,6.014638,6.225324
138.18065,-465.32,6.0096464,6.2237267
137.97137,-464.34232,6.004655,6.2221293
137.76662,-463.36368,5.999663,6.2205324
137.56578,-462.3842,5.994677,6.218804
137.36835,-461.40405,5.989693,6.2170095
137.1737,-460.42334,5.9847097,6.2152157
136.9813,-459.44217,5.9797263,6.2134213
136.79056,-458.4607,5.974743,6.2116275
136.60092,-457.479,5.969758,6.209963
136.41191,-456.4972,5.964773,6.2083673
136.22316,-455.51532,5.9597883,6.2067723
136.03427,-454.53348,5.954803,6.205177
135.84483,-453.55173,5.949818,6.203582
135.65453,-452.5702,5.944828,6.201985
135.4632,-451.5888,5.9398355,6.2003875
135.27097,-450.60764,5.9348426,6.1987896
135.0779,-449.6266,5.9298496,6.1971917
134.88408,-448.64572,5.924857,6.1955943
134.68959,-447.66498,5.9198604,6.1938696
134.49448,-446.68436,5.914861,6.19207
134.29875,-445.70386,5.909862,6.1902704
134.10242,-444.72348,5.9048634,6.188471
133.90549,-443.74323,5.899864,6.1866713
133.70798,-442.76306,5.8948627,6.184996
133.5099,-441.78305,5.889859,6.183395
133.3113,-440.80313,5.884856,6.181794
133.11218,-439.8233,5.879853,6.180193
132.91261,-438.8436,5.87485,6.1785917
132.7126,-437.86395,5.8698454,6.1769905
132.51218,-436.8844,5.8648405,6.175389
132.31136,-435.90494,5.859835,6.173787
132.11018,-434.92554,5.8548303,6.172186
131.90868,-433.9462,5.8498254,6.170584
131.70685,-432.96695,5.8448205,6.168855
131.50475,-431.98773,5.8398156,6.1670537
131.30238,-431.0086,5.8348107,6.1652517
131.0998,-430.02948,5.829806,6.1634502
130.897,-429.0504,5.824801,6.1616483
130.69403,-428.0714,5.819798,6.1599755
130.4909,-427.0924,5.8147955,6.158375
130.28766,-426.11343,5.809793,6.1567736
130.0843,-425.1345,5.8047905,6.155173
129.88089,-424.15555,5.7997885,6.153572
129.67744,-423.17664,5.794789,6.1519723
129.47397,-422.19772,5.789791,6.150373
129.2705,-421.2188,5.784793,6.1487737
129.06706,-420.23987,5.779795,6.1471744
128.8637,-419.26093,5.7747974,6.145575
128.66042,-418.28195,5.7698035,6.1438494
128.45724,-417.30298,5.7648125,6.1420527
128.25423,-416.32397,5.759821,6.1402555
128.05136,-415.3449,5.75483,6.1384587
127.8487,-414.36584,5.749839,6.136662
127.64625,-413.3867,5.744853,6.134993
127.44404,-412.4075,5.73987,6.1333985
127.24211,-411.42828,5.734887,6.131804
127.04048,-410.44897,5.729904,6.1302094
126.83919,-409.4696,5.7249217,6.128615
126.63827,-408.49014,5.7199407,6.126899
126.437744,-407.51062,5.714961,6.125106
126.23766,-406.531,5.7099814,6.1233134
126.03806,-405.5513,5.705002,6.1215205
125.838974,-404.57147,5.700022,6.119728
125.64045,-403.59152,5.6950374,6.118052
125.442505,-402.61148,5.6900487,6.1164556
125.24519,-401.6313,5.68506,6.114859
125.04853,-400.65097,5.6800714,6.1132627
124.85256,-399.67053,5.6750827,6.111666
124.65732,-398.68994,5.670081,6.110066
124.46284,-397.7092,5.665071,6.108463
124.26919,-396.72827,5.660061,6.106859
124.07642,-395.7472,5.6550503,6.105256
123.88461,-394.76593,5.65004,6.103653
123.6938,-393.78445,5.6450095,6.1019235
123.504005,-392.8028,5.639965,6.100107
123.31519,-391.82092,5.63492,6.0982914
123.127335,-390.8389,5.6298757,6.096475
122.9404,-389.8567,5.6248307,6.094659
122.75428,-388.87433,5.6197796,6.0929694
122.56781,-387.89203,5.6147246,6.091352
122.379074,-386.91016,5.6096697,6.089734
122.18618,-385.92908,5.6046147,6.0881166
121.9872,-384.94925,5.59956,6.086499
121.78033,-383.97104,5.5945907,6.084909
121.564674,-382.99472,5.58966,6.083331
121.33992,-382.02048,5.584729,6.0817533
121.10572,-381.04846,5.5797973,6.0801754
120.861755,-380.07883,5.574865,6.0785966
120.60804,-379.11172,5.570003,6.076921
120.349304,-378.14594,5.565184,6.0751863
120.09371,-377.17932,5.5603657,6.0734515
119.849495,-376.20978,5.5555496,6.0717177
119.62492,-375.2355,5.550738,6.069986
119.42832,-374.25522,5.5442476,6.073276
119.27002,-373.26807,5.5355306,6.0832095
119.16313,-372.27408,5.526808,6.0931497
119.12145,-371.27533,5.518078,6.1030974
119.158676,-370.27646,5.509362,6.1130295
119.28686,-369.28525,5.4813175,6.131381
119.51199,-368.31146,5.4338784,6.1581855
119.837166,-367.36646,5.386399,6.1850123
120.26718,-366.4644,5.338629,6.212003
120.80722,-365.62378,5.2904696,6.2392144
121.45776,-364.86557,5.259069,6.0463476
122.19936,-364.1958,5.2313805,5.8076878
123.00763,-363.60782,5.203921,5.571003
123.86331,-363.091,5.176642,5.3358774
124.75228,-362.63358,5.149376,5.10086
125.664825,-362.22528,5.1679163,5.0994234
126.59616,-361.86182,5.189018,5.1104674
127.54265,-361.53976,5.210199,5.121553
128.50104,-361.25507,5.231416,5.132657
129.4686,-361.0032,5.252639,5.1437645
130.44302,-360.77933,5.231534,5.1898146
131.42259,-360.57904,5.2051544,5.2401943
132.4059,-360.398,5.1787987,5.290528
133.39183,-360.23187,5.1524587,5.340831
134.3795,-360.07626,5.1261206,5.3911304
135.36816,-359.92722,5.1228375,5.3948126
136.35751,-359.7828,5.123831,5.3898463
137.34738,-359.64188,5.1248245,5.384878
138.33759,-359.5034,5.1258183,5.379909
139.32797,-359.36618,5.126812,5.37494
140.31839,-359.22928,5.127648,5.369788
141.30884,-359.0925,5.128447,5.3645945
142.29933,-358.95602,5.1292458,5.359401
143.28989,-358.82004,5.130045,5.354208
144.28053,-358.68475,5.1308436,5.349015
145.27129,-358.55026,5.1316447,5.3439693
146.26215,-358.41656,5.1324463,5.3389597
147.2531,-358.2835,5.133248,5.3339496
148.24411,-358.1509,5.13405,5.3289394
149.23517,-358.01865,5.1348515,5.3239293
150.22626,-357.8866,5.1356535,5.3187513
151.21735,-357.75464,5.136456,5.3135347
152.20845,-357.6227,5.1372585,5.308318
153.19955,-357.49075,5.138061,5.303102
154.19063,-357.3587,5.1388636,5.2978854
155.1817,-357.22647,5.1396656,5.292839
156.17273,-357.09402,5.1404676,5.287828
157.16373,-356.9613,5.141269,5.2828164
158.15468,-356.82825,5.1420712,5.2778053
159.14557,-356.6948,5.142873,5.272794
160.13641,-356.56094,5.1438417,5.2676225
161.1272,-356.42667,5.144842,5.2624207
162.11794,-356.292,5.1458426,5.2572193
163.10863,-356.157,5.146843,5.2520175
164.09927,-356.02173,5.147843,5.246816
165.08989,-355.88614,5.1486735,5.24179
166.08046,-355.75034,5.1494727,5.236796
167.071,-355.61432,5.150272,5.231802
168.06152,-355.47806,5.1510706,5.226808
169.05202,-355.34164,5.15187,5.221814
170.04248,-355.20505,5.152668,5.2168245
171.03293,-355.06833,5.153466,5.2118354
172.02336,-354.93146,5.1542645,5.2068467
173.0138,-354.79453,5.1550627,5.2018576
174.0042,-354.6575,5.155861,5.1968684
174.9946,-354.52042,5.156659,5.1917167
175.985,-354.38333,5.157457,5.18653
176.9754,-354.24625,5.1582546,5.181344
177.9658,-354.10916,5.159053,5.1761575
178.95622,-353.97214,5.1598506,5.170971
179.94664,-353.83517,5.160649,5.1659465
180.93707,-353.6983,5.1614466,5.160959
181.9275,-353.56155,5.162245,5.155971
182.91798,-353.42493,5.1630425,5.1509833
183.90846,-353.28845,5.163841,5.145996
184.89897,-353.15216,5.1647987,5.140846
185.88951,-353.01608,5.165797,5.135655
186.88008,-352.88022,5.1667953,5.1304646
187.8707,-352.74463,5.1677938,5.1252737
188.86133,-352.6093,5.168792,5.120083
189.85202,-352.47427,5.169633,5.115045
190.84274,-352.33957,5.1704326,5.110048
191.83353,-352.2052,5.1712317,5.1050506
192.82434,-352.0712,5.1720314,5.1000533
193.81522,-351.9376,5.172831,5.095056
194.80615,-351.80435,5.1736317,5.0898933
195.79713,-351.67157,5.1744328,5.0846868
196.78818,-351.53925,5.175234,5.07948
197.7793,-351.40744,5.176035,5.0742736
198.7705,-351.27618,5.176836,5.0690665
199.76176,-351.1455,5.1776385,5.06401
200.7531,-351.0154,5.178441,5.0589924
201.7445,-350.88577,5.179244,5.053975
202.73596,-350.75662,5.180047,5.0489573
203.72748,-350.62784,5.1808496,5.0439396
204.71904,-350.49936,5.181653,5.0389194
205.71063,-350.37115,5.182456,5.033899
206.70222,-350.24304,5.1832595,5.0288787
207.69383,-350.1149,5.1840625,5.023858
208.68541,-349.98663,5.184866,5.018838
209.67697,-349.85812,5.185834,5.013664
210.66846,-349.72925,5.186835,5.0084586
211.6599,-349.5998,5.1878357,5.0032535
212.65123,-349.46967,5.188837,4.9980483
213.64246,-349.33868,5.189838,4.992843
214.63356,-349.20676,5.1906667,4.9878335
215.62453,-349.07382,5.191462,4.982862
216.61537,-348.93997,5.1922574,4.9778905
217.6061,-348.8052,5.193053,4.9729195
218.5967,-348.66962,5.193848,4.967949
219.58719,-348.53314,5.194637,4.9628615
220.57748,-348.3953,5.1954236,4.9577465
221.5675,-348.2555,5.1962104,4.952631
222.55714,-348.113,5.1969976,4.947514
223.5463,-347.9672,5.1977854,4.9423943
224.53477,-347.8169,5.23121,4.9201164
225.52164,-347.65634,5.276857,4.891413
226.50528,-347.47726,5.3224845,4.8627214
227.48369,-347.27164,5.368039,4.834076
228.45425,-347.03168,5.413437,4.8055286
229.41354,-346.7501,5.5040145,4.770193
230.35616,-346.417,5.6138783,4.731952
231.27382,-346.02057,5.724103,4.6935854
232.155,-345.54886,5.8349595,4.654999
232.98427,-344.99115,5.946292,4.6162467
233.74564,-344.3438,5.880229,4.708761
234.43553,-343.62064,5.813383,4.801626
235.0563,-342.83722,5.7468987,4.893989
235.61186,-342.0062,5.6805887,4.9861093
236.1064,-341.13742,5.6368566,5.0754004
236.54411,-340.23865,5.660044,5.156171
236.93024,-339.31647,5.6832986,5.237174
237.27132,-338.3767,5.70657,5.318236
237.57469,-337.42404,5.7298365,5.3992796
237.84804,-336.4623,5.756972,5.4797573
238.09763,-335.49414,5.8231726,5.554669
238.32492,-334.5205,5.889397,5.629607
238.53043,-333.54202,5.9556365,5.7045627
238.7147,-332.55933,6.021884,5.7795267
238.87831,-331.57297,6.0881357,5.854496
239.0219,-330.58353,6.12545,5.8985343
239.14647,-329.5915,6.16047,5.9401207
239.2532,-328.59735,6.1954865,5.9817033
239.34325,-327.6016,6.2305017,6.0232835
239.41776,-326.60452,6.265518,6.064865
239.4779,-325.6065,6.2680936,6.066462
239.52498,-324.6078,6.267087,6.0636435
239.5603,-323.60858,6.2660804,6.060825
239.58517,-322.60904,6.265074,6.0580063
239.60092,-321.6093,6.264067,6.0551877
239.60892,-320.6095,6.2632465,6.052551
239.61067,-319.60968,6.2624393,6.049927
239.60773,-318.60983,6.2616315,6.047303
239.60165,-317.61002,6.260824,6.044679
239.59402,-316.6102,6.260017,6.042055
239.58627,-315.61038,6.259015,6.039242
239.57933,-314.61057,6.2580085,6.0364237
239.574,-313.61072,6.257002,6.033606
239.57109,-312.6109,6.2559958,6.030788
239.57138,-311.61105,6.2549915,6.0279703
239.57547,-310.6112,6.2541904,6.025166
239.58315,-309.6114,6.253389,6.0223618
239.59395,-308.6116,6.252588,6.019558
239.60747,-307.61188,6.2517867,6.0167537
239.62328,-306.61215,6.2509856,6.01395
239.64099,-305.61246,6.2501874,6.0111556
239.66039,-304.6128,6.2493887,6.0083613
239.68126,-303.6132,6.2485905,6.005567
239.70346,-302.6136,6.2477922,6.002773
239.72676,-301.614,6.246992,5.9999785
239.75099,-300.61447,6.245996,5.997189
239.77588,-299.61493,6.245,5.9944
239.80115,-298.6154,6.244004,5.9916105
239.82654,-297.61588,6.2430077,5.988821
239.85178,-296.61636,6.2420115,5.986032
239.87662,-295.61682,6.2412124,5.9832425
239.9009,-294.61728,6.240415,5.980453
239.92447,-293.6177,6.2396183,5.977664
239.94725,-292.61813,6.2388215,5.9748745
239.96907,-291.61853,6.238024,5.972085
239.98985,-290.6189,6.2370334,5.969293
240.00964,-289.61923,6.236036,5.9665008
240.0285,-288.61957,6.2350388,5.9637084
240.04652,-287.6199,6.2340417,5.960916
240.06378,-286.6202,6.233044,5.9581237
240.08035,-285.62048,6.232237,5.955329
240.09628,-284.6208,6.231438,5.9525337
240.11162,-283.62106,6.2306395,5.949739
240.1264,-282.6213,6.229841,5.9469438
240.14067,-281.62158,6.2290425,5.9441485
240.15448,-280.62183,6.228054,5.9415407
240.16786,-279.62207,6.227055,5.938943
240.1809,-278.6223,6.226056,5.936345
240.1936,-277.62256,6.2250566,5.933748
240.20604,-276.62277,6.2240577,5.93115
240.21828,-275.62302,6.223246,5.928362
240.23036,-274.62323,6.2224464,5.9255624
240.24234,-273.62347,6.2216463,5.922763
240.25426,-272.6237,6.2208467,5.919963
240.26617,-271.62393,6.2200465,5.9171634
240.27814,-270.62415,6.219058,5.914362
240.29019,-269.6244,6.218057,5.9115605
240.3024,-268.6246,6.2170568,5.908759
240.31479,-267.62485,6.2160563,5.9059577
240.32741,-266.6251,6.215056,5.9031563
240.34035,-265.62534,6.214244,5.900353
240.3536,-264.62558,6.213443,5.89755
240.3673,-263.62582,6.212642,5.894747
240.38144,-262.62607,6.211841,5.891944
240.3961,-261.62634,6.21104,5.8891406
240.41136,-260.62662,6.2100487,5.8863363
240.42722,-259.6269,6.2090473,5.883532
240.4437,-258.6272,6.2080455,5.880728
240.46083,-257.6275,6.207044,5.8779235
240.47865,-256.6278,6.206043,5.875119
240.49721,-255.62813,6.2052326,5.872314
240.5166,-254.62848,6.204431,5.8695087
240.53699,-253.62885,6.2036295,5.8667035
240.55855,-252.62923,6.202828,5.8638983
240.58139,-251.62965,6.2020264,5.861093
240.6056,-250.6301,6.201031,5.8582873
240.6308,-249.63057,6.2000294,5.855482
240.65646,-248.63106,6.1990275,5.8526764
240.68211,-247.63155,6.198025,5.849871
240.70726,-246.63202,6.1970234,5.847066
240.73135,-245.63246,6.1962194,5.844463
240.75366,-244.63287,6.19542,5.8418646
240.77344,-243.63322,6.1946206,5.8392663
240.7899,-242.63351,6.193821,5.836668
240.80226,-241.63374,6.1930213,5.8340697
240.80972,-240.63394,6.1920347,5.8312974
240.81122,-239.6341,6.191043,5.82852
240.80565,-238.63426,6.190051,5.8257427
240.79187,-237.63452,6.1890593,5.8229656
240.76881,-236.63495,6.1880674,5.820189
240.73486,-235.63568,6.1400514,5.8078284
240.686,-234.63705,6.0885997,5.7947674
240.61751,-233.63957,6.037141,5.781705
240.52463,-232.64409,5.985683,5.7686424
240.4027,-231.65175,5.934252,5.755587
240.24728,-230.66411,5.899141,5.6716456
240.05476,-229.68303,5.8663,5.57793
239.82169,-228.7108,5.8334513,5.4841905
239.54462,-227.75021,5.800585,5.390401
239.22028,-226.80455,5.7677093,5.296585
238.84589,-225.87758,5.7695794,5.155149
238.42043,-224.97292,5.775866,5.0077257
237.94353,-224.09428,5.7821484,4.860393
237.41504,-223.24571,5.788424,4.713219
236.83514,-222.43141,5.7946873,4.566329
236.20422,-221.65596,5.7622085,4.6552014
235.52188,-220.9254,5.727697,4.756449
234.78757,-220.24715,5.6931124,4.8579106
234.00128,-219.62997,5.65842,4.959689
233.16418,-219.08383,5.6201735,5.0658274
232.28123,-218.61537,5.5629187,5.194444
231.3631,-218.22005,5.50581,5.322731
230.41934,-217.89037,5.448877,5.450625
229.45735,-217.61829,5.392025,5.578336
228.48264,-217.39586,5.352142,5.660606
227.49933,-217.2151,5.3494062,5.643412
226.51053,-217.06717,5.346666,5.6261854
225.51848,-216.9427,5.3439236,5.6089478
224.52478,-216.83212,5.3411813,5.5917096
223.53061,-216.72575,5.33848,5.5744386
222.53674,-216.61655,5.3359375,5.557034
221.54337,-216.50311,5.3333955,5.5396314
220.55054,-216.3849,5.330854,5.52223
219.55836,-216.2613,5.328312,5.5048285
218.56696,-216.13171,5.325748,5.4873986
217.57639,-215.99582,5.3229613,5.4696817
216.58665,-215.854,5.320174,5.4519644
215.5977,-215.70682,5.317387,5.4342475
214.60948,-215.5548,5.3146005,5.41653
213.62193,-215.3985,5.3118114,5.398801
212.635,-215.23842,5.308996,5.3809037
211.6486,-215.0749,5.306181,5.363006
210.66275,-214.90828,5.303365,5.3451085
209.67737,-214.73885,5.30055,5.3272114
208.69241,-214.56694,5.2977343,5.30931
207.70782,-214.3929,5.294912,5.291368
206.72357,-214.21707,5.2920895,5.273426
205.73956,-214.03984,5.289267,5.255484
204.75574,-213.86159,5.2864447,5.237542
203.77202,-213.68268,5.283651,5.219611
202.78836,-213.50352,5.2810426,5.201754
201.80466,-213.3246,5.2784343,5.183897
200.82082,-213.14642,5.275826,5.1660395
199.83676,-212.9695,5.2732177,5.1481824
198.85237,-212.79431,5.2705817,5.1303415
197.8676,-212.62141,5.2677903,5.1125946
196.8823,-212.45154,5.2649984,5.094847
195.89635,-212.28537,5.2622066,5.0771
194.90967,-212.12366,5.259415,5.0593524
193.92216,-211.96712,5.2566237,5.0416346
192.93373,-211.81647,5.253835,5.0241055
191.94432,-211.67244,5.251046,5.006577
190.95387,-211.5357,5.2482576,4.989048
189.96236,-211.407,5.245469,4.971519
188.96974,-211.287,5.2436643,4.954053
187.97603,-211.17647,5.249458,4.9370723
186.98123,-211.07614,5.255251,4.920092
185.9854,-210.98679,5.261044,4.903112
184.98857,-210.9092,5.266837,4.886132
183.99086,-210.84413,5.2744007,4.8693194
182.99236,-210.79237,5.2964673,4.853873
181.99324,-210.75468,5.3185334,4.8384266
180.99367,-210.73183,5.3406005,4.8229795
179.99385,-210.72461,5.362669,4.807532
178.99406,-210.7338,5.374817,4.798639
177.99457,-210.75974,5.3169346,4.8360214
176.99562,-210.80168,5.2590547,4.873402
175.9974,-210.85863,5.2011786,4.9107804
175.00009,-210.92961,5.1433043,4.948158
174.00378,-211.01366,5.08741,4.9843936
173.00859,-211.10982,5.042911,5.014059
172.01453,-211.2171,4.99841,5.0437264
171.0216,-211.33453,4.953909,5.0733943
170.02982,-211.46117,4.9094076,5.1030617
169.03911,-211.59604,4.8741655,5.1274266
168.04942,-211.73817,4.8877482,5.1238313
167.06067,-211.88669,4.901331,5.120236
166.07275,-212.04068,4.914914,5.1166406
165.08557,-212.19928,4.928497,5.1130447
164.09898,-212.36157,4.942045,5.10942
163.11287,-212.52666,4.9554033,5.105632
162.12704,-212.69351,4.9687614,5.101844
161.14136,-212.86115,4.98212,5.0980554
160.15562,-213.02852,4.995478,5.0942674
159.16968,-213.19463,5.0088377,5.090479
158.18338,-213.35864,5.022205,5.086688
157.19669,-213.52026,5.035572,5.0828977
156.20956,-213.67928,5.048939,5.079107
155.22198,-213.83545,5.0623064,5.075316
154.23395,-213.98857,5.0741,5.07215
153.2454,-214.13853,5.074899,5.0733485
152.25644,-214.28555,5.0756984,5.0745473
151.26706,-214.42989,5.0764976,5.075746
150.27734,-214.57181,5.0772967,5.076945
149.28732,-214.71158,5.0778565,5.0782394
148.29703,-214.84944,5.076657,5.080239
147.30649,-214.98557,5.075457,5.082238
146.31573,-215.12009,5.0742574,5.0842376
145.32478,-215.25316,5.0730577,5.086237
144.33366,-215.38492,5.071858,5.088213
143.34239,-215.51556,5.070658,5.090013
142.351,-215.64526,5.069458,5.091813
141.35951,-215.77423,5.068258,5.093613
140.36795,-215.90266,5.067058,5.095413
139.37634,-216.03078,5.0658817,5.097237
138.38472,-216.15875,5.0648813,5.099237
137.3931,-216.28665,5.0638814,5.101237
136.40147,-216.41454,5.0628815,5.103237
135.40985,-216.54248,5.0618815,5.105237
134.41823,-216.67055,5.060858,5.1072373
133.42665,-216.79877,5.059658,5.1092367
132.43507,-216.92714,5.058458,5.1112366
131.44353,-217.05565,5.057258,5.1132364
130.452,-217.1843,5.0560584,5.1152363
129.46048,-217.31303,5.0548587,5.1172123
128.46896,-217.44186,5.053659,5.119012
127.47747,-217.5708,5.0524592,5.1208115
126.485985,-217.69983,5.0512595,5.122611
125.494514,-217.82896,5.05006,5.12441
124.50306,-217.95819,5.0488834,5.126233
123.51162,-218.08752,5.047884,5.1282325
122.52019,-218.21696,5.046884,5.1302314
121.52877,-218.3465,5.0458846,5.1322308
120.53737,-218.47614,5.044885,5.13423
119.545975,-218.60585,5.0438623,5.136206
118.554596,-218.73567,5.042663,5.1380053
117.563225,-218.86559,5.041464,5.1398044
116.57187,-218.99557,5.040264,5.1416035
115.58053,-219.12567,5.039065,5.1434026
114.589195,-219.25584,5.0378656,5.145224
113.59787,-219.38611,5.0366664,5.147223
112.60656,-219.51645,5.035467,5.149222
111.61526,-219.64688,5.034268,5.1512203
110.62397,-219.77739,5.033068,5.153219
109.63269,-219.90797,5.031891,5.155196
108.641426,-220.03865,5.0308914,5.1569953
107.65016,-220.16939,5.0298924,5.158794
106.65891,-220.30022,5.028893,5.1605926
105.66768,-220.4311,5.0278935,5.1623917
104.67645,-220.56207,5.026873,5.1642113
103.68523,-220.69312,5.025674,5.1662097
102.69402,-220.82423,5.024475,5.1682086
101.70282,-220.95541,5.023276,5.170207
100.711624,-221.08665,5.0220766,5.1722054
99.72044,-221.21797,5.0208774,5.174184
98.72927,-221.34933,5.0196786,5.1759825
97.738106,-221.48077,5.0184793,5.1777806
96.74695,-221.61229,5.0172806,5.1795793
95.75579,-221.74385,5.0160813,5.181378
94.76465,-221.87546,5.014882,5.183196
93.77351,-222.00714,5.0136833,5.1851945
92.78239,-222.13887,5.012484,5.187193
91.79127,-222.27066,5.0112853,5.1891913
90.800156,-222.4025,5.010086,5.19119
89.80905,-222.5344,5.008906,5.1931696
88.81795,-222.66634,5.0079064,5.194968
87.82686,-222.79832,5.0069075,5.1967664
86.83577,-222.93036,5.0059085,5.198565
85.84469,-223.06244,5.004909,5.2003636
84.853615,-223.19458,5.003892,5.2021804
83.86255,-223.32675,5.0026927,5.204179
82.87148,-223.45895,5.001494,5.206177
81.880424,-223.59122,5.0002947,5.2081757
80.88937,-223.72351,4.999096,5.210174
79.89832,-223.85583,4.9978967,5.212155
78.90728,-223.98819,4.9966974,5.2139535
77.916245,-224.12059,4.9954987,5.215752
76.92521,-224.25302,4.9942994,5.2175508
75.93417,-224.3855,4.9931,5.2193494
74.94315,-224.51799,4.9919176,5.2211647
73.952126,-224.65051,4.9909186,5.223163
72.96111,-224.78307,4.989919,5.2251616
71.97009,-224.91563,4.9889197,5.22716
70.97908,-225.04823,4.9879208,5.229159
69.988075,-225.18086,4.9869056,5.2311416
68.99707,-225.3135,4.9857063,5.23294
68.006065,-225.44617,4.984507,5.2347393
67.01507,-225.57886,4.983308,5.236538
66.02407,-225.71156,4.982109,5.2383366
65.03307,-225.84428,4.98091,5.2401505
64.042076,-225.977,4.97971,5.2421494
63.051086,-226.10976,4.978511,5.2441483
62.060097,-226.24251,4.9773116,5.246147
61.069107,-226.37529,4.9761124,5.248146
60.078117,-226.50806,4.9749274,5.250145
59.08713,-226.64084,4.973928,5.252144
58.096146,-226.77364,4.9729285,5.2541428
57.10516,-226.90643,4.971929,5.2561417
56.114174,-227.03923,4.9709296,5.2581406
55.123188,-227.17203,4.9699163,5.2601256
54.132202,-227.30482,4.9687166,5.261925
53.141216,-227.43762,4.967517,5.2637243
52.150234,-227.57042,4.9663177,5.265524
51.15925,-227.70322,4.965118,5.267323
50.16826,-227.836,4.963918,5.269136
49.177273,-227.96878,4.962719,5.2711353
48.186283,-228.10156,4.9615192,5.2731347
47.195293,-228.23431,4.9603195,5.275134
46.204304,-228.36708,4.95912,5.277134
45.21331,-228.49982,4.9579334,5.27912
44.222313,-228.63254,4.9569335,5.2809196
43.23132,-228.76526,4.955934,5.282719
42.24032,-228.89795,4.954934,5.2845187
41.249317,-229.03062,4.953934,5.2863183
40.258316,-229.1633,4.9529214,5.288131
39.267307,-229.29593,4.9517217,5.290131
38.2763,-229.42856,4.9505215,5.2921305
37.285286,-229.56114,4.9493217,5.2941303
36.29427,-229.69373,4.948122,5.29613
35.303253,-229.82626,4.9469223,5.2981167
34.31223,-229.95879,4.9457226,5.2999163
33.321205,-230.09128,4.9445224,5.3017163
32.330173,-230.22374,4.9433227,5.303516
31.33914,-230.35619,4.942123,5.3053155
30.3481,-230.48859,4.9409356,5.3071284
29.357058,-230.62094,4.939936,5.309128
28.36601,-230.75328,4.938936,5.3111277
27.374958,-230.88557,4.9379363,5.3131275
26.383902,-231.01784,4.9369364,5.315127
25.39284,-231.15005,4.935924,5.3171144
24.40177,-231.28224,4.9347243,5.318914
23.410698,-231.41437,4.9335246,5.3207135
22.419619,-231.54646,4.9323244,5.322513
21.428534,-231.67851,4.9311247,5.3243127
20.43744,-231.81053,4.929925,5.3261247
19.446344,-231.94249,4.9287252,5.3281245
18.45524,-232.0744,4.9275255,5.330124
17.46413,-232.20625,4.9263263,5.3321233
16.473013,-232.33807,4.9251266,5.3341227
15.48189,-232.46983,4.923927,5.33611
14.490758,-232.60153,4.922727,5.337909
13.4996195,-232.73318,4.9215274,5.339709
12.508474,-232.86478,4.920328,5.341508
11.517321,-232.9963,4.9191284,5.3433075
10.526159,-233.12779,4.9179406,5.3451185
9.53499,-233.25922,4.916941,5.3471174
8.543813,-233.39056,4.9159417,5.3491163
7.5526266,-233.52185,4.9149423,5.351115
6.5614324,-233.65309,4.913943,5.353114
5.5702295,-233.78426,4.912932,5.355102
4.5790176,-233.91534,4.9117327,5.3569007
3.5877967,-234.04637,4.9105334,5.3586993
2.596567,-234.17734,4.9093347,5.3604984
1.6053275,-234.30823,4.9081354,5.362297
0.61407876,-234.43904,4.906936,5.3641067
-0.37717974,-234.56978,4.905737,5.3661046
-1.3684481,-234.70045,4.904538,5.368103
-2.3597264,-234.83104,4.9033394,5.3701015
-3.3510153,-234.96156,4.90214,5.3720994
-4.3423142,-235.092,4.900951,5.374088
-5.3336244,-235.22235,4.8999524,5.375886
-6.324945,-235.35262,4.8989534,5.377684
-7.316276,-235.4828,4.8979545,5.3794823
-8.307618,-235.61292,4.8969555,5.38128
-9.298971,-235.74294,4.895948,5.3830867
-10.290335,-235.87288,4.8947496,5.385084
-11.28171,-236.00273,4.8935513,5.387081
-12.273097,-236.13249,4.892353,5.3890786
-13.264498,-236.26216,4.8911543,5.3910756
-14.255912,-236.39172,4.889956,5.393073
-15.247339,-236.52118,4.888758,5.3950696
-16.23878,-236.65053,4.88756,5.3970666
-17.23023,-236.77982,4.886362,5.399063
-18.22169,-236.90901,4.8851643,5.40106
-19.213158,-237.03818,4.8839717,5.403051
-20.204632,-237.16727,4.8829737,5.404847
-21.196117,-237.29626,4.8819757,5.406644
-22.187626,-237.42511,4.8809776,5.40844
-23.17916,-237.55374,4.8799796,5.410237
-24.170729,-237.68211,4.878978,5.412037
-25.162333,-237.8102,4.8777804,5.4140325
-26.153954,-237.93817,4.8765836,5.4160275
-27.145561,-238.06624,4.875386,5.418023
-28.137133,-238.19458,4.874189,5.420018
-29.128641,-238.32341,4.872992,5.4220123
-30.120083,-238.45276,4.871795,5.4238076
-31.111542,-238.58199,4.8705983,5.425603
-32.10312,-238.71028,4.8694015,5.4273977
-33.09492,-238.83682,4.8682046,5.429193
-34.087048,-238.96082,4.8670077,5.4309883
-35.079662,-239.08081,4.8660026,5.4329953
-36.073215,-239.19275,4.8649983,5.4350033
-37.068123,-239.29189,4.863994,5.4370112
-38.064617,-239.37349,4.862991,5.4390187
-39.06267,-239.43282,4.8626575,5.4405665
-40.061962,-239.46512,4.9164524,5.405111
-41.061764,-239.46527,4.9702363,5.369663
-42.06085,-239.42798,5.024056,5.3341904
-43.05739,-239.3478,5.077928,5.2986836
-44.048836,-239.21935,5.1304603,5.270433
-45.032265,-239.0395,5.1716805,5.302156
-46.005634,-238.81134,5.2128615,5.3338494
-46.96757,-238.53891,5.2540054,5.3655143
-47.917152,-238.22607,5.2951336,5.3971667
-48.85383,-237.87646,5.334645,5.4352975
-49.777424,-237.49364,5.3650956,5.5093613
-50.688328,-237.08148,5.395564,5.583469
-51.58731,-236.64392,5.426035,5.657582
-52.475468,-236.18477,5.456502,5.731686
-53.354145,-235.7077,5.487438,5.8037176
-54.224506,-235.21564,5.5251837,5.845788
-55.086597,-234.7092,5.562936,5.887866
-55.94021,-234.18861,5.600692,5.9299483
-56.78514,-233.65405,5.638449,5.972032
-57.621204,-233.10573,5.676206,6.0141153
-58.44818,-232.5438,5.7208,6.03252
-59.26573,-231.96823,5.7655387,6.0504155
-60.073486,-231.37898,5.810277,6.0683107
-60.87105,-230.77603,5.855015,6.086206
-61.65803,-230.15933,5.899753,6.104101
-62.434025,-229.52885,5.955752,6.0823174
-63.19869,-228.88469,6.012346,6.0584354
-63.951683,-228.22691,6.0689397,6.034554
-64.69267,-227.55565,6.125533,6.010672
-65.421295,-226.87099,6.182125,5.986791
-66.13721,-226.17303,6.1394763,6.0336485
-66.83996,-225.46184,6.093427,6.0829287
-67.529106,-224.73746,6.047377,6.1322103
-68.20418,-223.99994,6.0013266,6.181493
-68.86469,-223.24936,5.9547086,6.2311354
-69.510254,-222.48587,5.8727026,6.3032193
-70.14082,-221.70996,5.790699,6.375302
-70.75644,-220.92212,5.7086964,6.447383
-71.35717,-220.12288,5.6266923,6.5194654
-71.943085,-219.31271,5.551715,6.5856733
-72.51441,-218.4922,5.5609994,6.581435
-73.07187,-217.6622,5.5702844,6.577196
-73.6163,-216.8236,5.5795684,6.572958
-74.14858,-215.97722,5.588853,6.5687194
-74.66961,-215.12387,5.5981293,6.564509
-75.18026,-214.26427,5.6073513,6.5604997
-75.68134,-213.39906,5.6165733,6.55649
-76.17365,-212.52882,5.625796,6.55248
-76.658,-211.65413,5.6350183,6.5484705
-77.1352,-210.77551,5.644233,6.544437
-77.606094,-209.89351,5.6534023,6.5402513
-78.07154,-209.0086,5.662571,6.5360656
-78.53238,-208.12129,5.6717396,6.53188
-78.98947,-207.23206,5.680908,6.527694
-79.443695,-206.34134,5.690051,6.523533
-79.895905,-205.4496,5.699,6.5195556
-80.34692,-204.55727,5.707949,6.5155783
-80.79754,-203.66472,5.716898,6.511601
-81.24858,-202.7724,5.7258472,6.5076237
-81.70086,-201.88069,5.734815,6.503646
-82.15498,-200.98993,5.743974,6.4996634
-82.61095,-200.10011,5.753134,6.4956813
-83.068634,-199.21117,5.762293,6.4916987
-83.52792,-198.32306,5.771452,6.4877167
-83.98871,-197.43573,5.7806125,6.4837203
-84.45087,-196.5491,5.789786,6.4795327
-84.914314,-195.66316,5.7989593,6.4753447
-85.37896,-194.77783,5.8081326,6.471157
-85.84471,-193.8931,5.817306,6.466969
-86.31149,-193.00891,5.82648,6.4627914
-86.779205,-192.1252,5.8356643,6.458798
-87.247765,-191.24194,5.8448486,6.454805
-87.71707,-190.35909,5.8540325,6.450812
-88.187035,-189.47658,5.863217,6.446819
-88.65757,-188.59438,5.872401,6.4428167
-89.12858,-187.71242,5.881593,6.4386206
-89.59995,-186.83067,5.8907847,6.4344244
-90.071594,-185.94905,5.8999767,6.430228
-90.543396,-185.06752,5.9091687,6.4260316
-91.01525,-184.18604,5.9183607,6.421843
-91.48708,-183.30452,5.9275575,6.417845
-91.95884,-182.42296,5.936754,6.413846
-92.430504,-181.54137,5.945951,6.4098473
-92.902054,-180.6597,5.9551477,6.405849
-93.37346,-179.77797,5.964337,6.4018426
-93.84471,-178.89615,5.973337,6.3976426
-94.31582,-178.01425,5.9823375,6.3934426
-94.7868,-177.13228,5.9913373,6.3892426
-95.25767,-176.25024,6.0003376,6.3850427
-95.72844,-175.36818,6.0093455,6.38085
-96.19914,-174.48605,6.0185485,6.3768487
-96.66978,-173.60391,6.027751,6.3728476
-97.14035,-172.72173,6.036954,6.368846
-97.61087,-171.83951,6.046157,6.364845
-98.08135,-170.95728,6.05536,6.3608356
-98.551796,-170.07503,6.0645647,6.3566337
-99.02222,-169.19276,6.0737696,6.3524313
-99.49262,-168.31049,6.0829744,6.348229
-99.96302,-167.4282,6.0921793,6.3440266
-100.433426,-166.54594,6.1013846,6.339833
-100.90385,-165.66368,6.110591,6.33583
-101.3743,-164.78143,6.119797,6.331827
-101.84479,-163.8992,6.1290035,6.3278246
-102.315315,-163.017,6.13821,6.323822
-102.785904,-162.13481,6.147416,6.319819
-103.25656,-161.25267,6.156623,6.315816
-103.72729,-160.37057,6.16583,6.311813
-104.198105,-159.48853,6.1750374,6.30781
-104.669014,-158.60652,6.184244,6.303807
-105.14003,-157.72456,6.1934514,6.299794
-105.61116,-156.84268,6.202658,6.295591
-106.08242,-155.96086,6.2118654,6.2913876
-106.55381,-155.07912,6.2210727,6.2871842
-107.025345,-154.19745,6.2302794,6.282981
-107.49704,-153.31586,6.239476,6.2787886
-107.968895,-152.43437,6.248482,6.2747855
-108.44093,-151.55296,6.2574887,6.270783
-108.91315,-150.67166,6.2664948,6.26678
-109.38556,-149.79045,6.2755013,6.2627773
-109.85818,-148.90936,6.2845187,6.2587633
-110.33101,-148.0284,6.293724,6.254561
-110.80406,-147.14754,6.302929,6.2503586
-111.27735,-146.26682,6.3121343,6.246156
-111.750885,-145.38622,6.321339,6.241954
-112.22467,-144.50575,6.3305445,6.2377634
-112.69872,-143.62543,6.3397474,6.233762
-113.17305,-142.74525,6.3489504,6.2297606
-113.64765,-141.86523,6.358154,6.225759
-114.12255,-140.98537,6.367357,6.221758
-114.597755,-140.10567,6.3765597,6.2177444
-115.07327,-139.22615,6.3857603,6.2135444
-115.54911,-138.34679,6.394961,6.209344
-116.025276,-137.46762,6.404161,6.205144
-116.50179,-136.58862,6.4133615,6.2009435
-116.97865,-135.70982,6.421878,6.1970367
-117.45588,-134.83122,6.4198785,6.1976366
-117.93347,-133.95282,6.417879,6.1982365
-118.411446,-133.07462,6.4158797,6.198836
-118.88982,-132.19664,6.4138803,6.1994357
-119.368576,-131.31888,6.4113703,6.2002378
-119.84775,-130.44133,6.4007783,6.2042346
-120.32735,-129.56403,6.390187,6.2082314
-120.807365,-128.68694,6.379595,6.2122283
-121.28783,-127.810104,6.369003,6.216225
-121.76873,-126.93351,6.3584228,6.220222
-122.2501,-126.05717,6.3480363,6.224217
-122.73193,-125.18108,6.33765,6.2282114
-123.21424,-124.30526,6.3272634,6.2322063
-123.69703,-123.4297,6.316877,6.2362013
-124.18031,-122.55442,6.306481,6.2401958
-124.6641,-121.67941,6.2959013,6.2441883
-125.14841,-120.80469,6.2853217,6.2481804
-125.63323,-119.93026,6.274742,6.252173
-126.11859,-119.05612,6.2641625,6.256165
-126.60451,-118.1823,6.253591,6.260157
-127.09098,-117.30878,6.243218,6.264147
-127.57801,-116.43558,6.2328453,6.2681365
-128.0656,-115.56268,6.2224727,6.2721257
-128.55376,-114.6901,6.2121,6.2761154
-129.04247,-113.81784,6.2017274,6.280105
-129.53175,-112.94589,6.191363,6.2840915
-130.02164,-112.07429,6.1809983,6.288078
-130.51218,-111.20304,6.1706333,6.292064
-131.0034,-110.33219,6.160269,6.2960505
-131.49536,-109.461754,6.149903,6.300037
-131.98807,-108.59174,6.1393476,6.30402
-132.4814,-107.72208,6.128793,6.308003
-132.9752,-106.852684,6.1182375,6.311986
-133.46931,-105.98347,6.1076827,6.315969
-133.9636,-105.11434,6.097128,6.3199515
-134.45784,-104.2452,6.08677,6.3239346
-134.9517,-103.37585,6.0764146,6.3279176
-135.4448,-102.50604,6.0660596,6.3319
-135.93672,-101.63559,6.055704,6.335883
-136.42708,-100.764244,6.0453486,6.3398657
-136.91548,-99.89181,6.0347843,6.343855
-137.40157,-99.018074,6.0242124,6.3478446
-137.88498,-98.14286,6.0136404,6.351834
-138.36536,-97.26598,6.0030684,6.355823
-138.84236,-96.38725,5.992497,6.3598127
-139.31558,-95.50649,5.9820848,6.364004
-139.78468,-94.62352,5.9716806,6.368206
-140.24924,-93.73816,5.9612765,6.3724074
-140.70886,-92.85023,5.9508724,6.3766093
-141.16318,-91.95956,5.9404683,6.3808107
-141.61176,-91.06599,5.9637833,6.3570247
-142.0542,-90.16937,5.9886875,6.3319197
-142.49008,-89.26955,6.013592,6.3068147
-142.91899,-88.36637,6.038496,6.2817097
-143.3405,-87.45972,6.0634,6.256605
-143.75417,-86.54947,6.09134,6.2288566
-144.15958,-85.635506,6.119355,6.2010427
-144.55627,-84.717735,6.1473703,6.173229
-144.94382,-83.79606,6.1753855,6.145416
-145.32176,-82.87041,6.2028384,6.118251
-145.68965,-81.94071,6.1915307,6.135818
-146.04703,-81.00692,6.1802235,6.153385
-146.39342,-80.069,6.1689157,6.1709523
-146.72833,-79.12693,6.157608,6.1885195
-147.05132,-78.180695,6.14564,6.2065597
-147.3619,-77.230316,6.1236634,6.2317624
-147.65967,-76.275856,6.101687,6.2569647
-147.94427,-75.31738,6.0797105,6.282167
-148.21532,-74.35499,6.057735,6.3073683
-148.47243,-73.38877,6.0346327,6.3265305
-148.71516,-72.41885,6.001597,6.292494
-148.943,-71.44532,5.9685616,6.258457
-149.1553,-70.468285,5.9355245,6.224419
-149.35153,-69.4879,5.9024854,6.1903787
-149.53105,-68.50432,5.8695126,6.1563635
-149.6937,-67.5178,5.8371053,6.122573
-149.84048,-66.5288,5.8046994,6.088784
-149.97266,-65.53774,5.772296,6.0549974
-150.09148,-64.54499,5.7398934,6.021212
-150.19823,-63.550865,5.7097955,5.988424
-150.29436,-62.555656,5.726857,5.976069
-150.3821,-61.559673,5.7439194,5.963713
-150.46387,-60.56318,5.7609825,5.951358
-150.54204,-59.566395,5.7780447,5.939002
-150.61903,-58.569523,5.7951074,5.9266467
-150.69699,-57.572723,5.8382716,5.9252486
-150.77686,-56.576073,5.8828773,5.9244556
-150.8592,-55.579628,5.927483,5.9236627
-150.94461,-54.58344,5.972089,5.9228697
-151.03365,-53.58757,6.016693,5.9220767
-151.12608,-52.592007,6.017158,5.9653587
-151.21735,-51.596336,6.0129056,6.013353
-151.30136,-50.600033,6.0086527,6.061349
-151.3721,-49.602707,6.0044,6.109343
-151.42351,-48.60421,6.000149,6.1573195
-151.44994,-47.60474,5.96425,6.2452326
-151.4475,-46.604935,5.9272127,6.3345695
-151.41272,-45.60574,5.890168,6.423924
-151.34213,-44.608448,5.853111,6.51331
-151.23224,-43.614735,5.8255696,6.6020703
-151.08032,-42.62657,5.969287,6.6793485
-150.88605,-41.645855,6.1129465,6.7565956
-150.6496,-40.67445,6.2565513,6.833813
-150.37114,-39.71424,6.400097,6.910999
-150.05087,-38.76716,6.538633,6.985777
-149.6888,-37.835262,6.608032,7.0273767
-149.28413,-36.921055,6.67744,7.0689816
-148.836,-36.02737,6.746885,7.110608
-148.34357,-35.157322,6.816375,7.152262
-147.80615,-34.314323,6.8769526,7.1877537
-147.2242,-33.501434,6.8194923,7.1416655
-146.601,-32.719696,6.762062,7.095602
-145.94025,-31.969425,6.7046676,7.0495667
-145.24533,-31.250658,6.6472926,7.003547
-144.51938,-30.563236,6.594164,6.9566894
-143.76523,-29.90688,6.615734,6.8953433
-142.9855,-29.281097,6.637315,6.8339677
-142.18272,-28.685179,6.6588974,6.7725854
-141.35922,-28.118233,6.6804795,6.711205
-140.51715,-27.579233,6.7019386,6.6501236
-139.6584,-27.067204,6.680877,6.692648
-138.78442,-26.581644,6.659813,6.735178
-137.89645,-26.122135,6.6387477,6.7777095
-136.99571,-25.68821,6.6176815,6.8202424
-136.08331,-25.27937,6.596785,6.8624477
-135.16034,-24.895002,6.5850744,6.8868794
-134.2279,-24.534136,6.5733624,6.9113126
-133.28712,-24.195663,6.5616517,6.9357443
-132.33896,-23.878447,6.5499406,6.960175
-131.3843,-23.581316,6.5394626,6.9821935
-130.42397,-23.303091,6.5464954,6.969937
-129.45866,-23.042582,6.5535283,6.957679
-128.48906,-22.798574,6.5605617,6.945421
-127.51575,-22.569834,6.567595,6.933163
-126.53924,-22.35511,6.5745883,6.921394
-125.56001,-22.153135,6.5811768,6.9146056
-124.5785,-21.962591,6.5877657,6.9078174
-123.59508,-21.78214,6.594354,6.901029
-122.61009,-21.61044,6.6009426,6.894241
-121.62384,-21.446136,6.60745,6.887984
-120.63658,-21.28801,6.613029,6.8877845
-119.648476,-21.135265,6.6186085,6.8875856
-118.65966,-20.987188,6.624188,6.8873863
-117.67026,-20.843063,6.6297674,6.887187
-116.68039,-20.702171,6.63536,6.8869753
-115.69015,-20.563923,6.6411467,6.886576
-114.69957,-20.428144,6.6469336,6.886177
-113.708664,-20.294754,6.6527205,6.885778
-112.71745,-20.163668,6.6585073,6.885379
-111.725945,-20.0348,6.6642947,6.8849897
-110.73417,-19.908041,6.6700873,6.88479
-109.74215,-19.783194,6.6758804,6.88459
-108.74992,-19.660036,6.681673,6.8843904
-107.757515,-19.538351,6.687466,6.884191
-106.764946,-19.41792,6.6932592,6.883982
-105.77226,-19.298527,6.6990557,6.8835826
-104.779465,-19.179981,6.7048526,6.8831825
-103.7866,-19.062092,6.710649,6.882783
-102.79367,-18.944672,6.7164454,6.882383
-101.80071,-18.82753,6.7222424,6.8819833
-100.80775,-18.710482,6.7280407,6.881583
-99.81479,-18.59334,6.733839,6.8811836
-98.82186,-18.475927,6.7396374,6.8807836
-97.828995,-18.358057,6.7454357,6.880384
-96.8362,-18.23955,6.751234,6.879992
-95.8435,-18.120262,6.757033,6.879792
-94.85088,-18.000195,6.762831,6.879592
-93.85837,-17.879377,6.76863,6.879392
-92.865944,-17.757843,6.7744284,6.8791924
-91.8736,-17.635622,6.780219,6.8789845
-90.88133,-17.512741,6.785818,6.8785844
-89.889145,-17.389221,6.7914166,6.8781843
-88.89704,-17.26508,6.797015,6.8777847
-87.90501,-17.140335,6.8026137,6.8773847
-86.913055,-17.015003,6.80822,6.876992
-85.921165,-16.889103,6.8140182,6.8767924
-84.92935,-16.762657,6.819817,6.8765926
-83.9376,-16.635683,6.8256154,6.8763924
-82.945915,-16.508205,6.8314137,6.8761926
-81.9543,-16.380243,6.837212,6.875985
-80.96274,-16.251818,6.8430104,6.8755856
-79.97123,-16.122948,6.848809,6.8751855
-78.97978,-15.993657,6.854607,6.874786
-77.98839,-15.863963,6.8604054,6.874386
-76.99704,-15.733888,6.866204,6.873986
-76.005745,-15.60345,6.872002,6.873586
-75.01449,-15.472671,6.8778,6.873186
-74.02328,-15.34157,6.8835983,6.8727865
-73.032104,-15.210168,6.8893967,6.8723865
-72.04097,-15.078486,6.8951945,6.871993
-71.04987,-14.946544,6.900993,6.8717933
-70.05881,-14.814363,6.9067907,6.8715935
-69.067764,-14.681961,6.9125886,6.8713937
-68.07675,-14.549361,6.918387,6.8711934
-67.08577,-14.416583,6.924185,6.8709874
-66.0948,-14.283648,6.9299827,6.8705873
-65.10385,-14.150574,6.9357805,6.8701878
-64.112915,-14.017382,6.9415784,6.8697877
-63.121998,-13.884091,6.9473763,6.8693876
-62.131092,-13.750722,6.953168,6.8689938
-61.14019,-13.617293,6.958766,6.868794
-60.149296,-13.4838295,6.9643636,6.868594
-59.1584,-13.35035,6.9699616,6.8683944
-58.167507,-13.216881,6.9755597,6.868194
-57.176605,-13.083442,6.981163,6.8679886
-56.1857,-12.950053,6.9869604,6.867589
-55.194786,-12.816724,6.9927583,6.867189
-54.203865,-12.683458,6.998556,6.8667893
-53.212933,-12.5502615,7.0043535,6.8663893
-52.22199,-12.417141,7.0101514,6.865995
-51.231037,-12.284099,7.015949,6.8657947
-50.240074,-12.151136,7.0217466,6.865595
-49.2491,-12.01825,7.027544,6.865395
-48.258118,-11.88544,7.033342,6.8651953
-47.267124,-11.752704,7.0391393,6.86499
-46.27612,-11.620039,7.0449367,6.8645906
-45.285107,-11.487448,7.0507345,6.8641906
-44.294086,-11.354928,7.056532,6.863791
-43.30305,-11.222482,7.0623293,6.863391
-42.31201,-11.090107,7.068127,6.8629913
-41.32096,-10.957805,7.0739245,6.8625913
-40.3299,-10.825576,7.079722,6.8621917
-39.338825,-10.693418,7.0855193,6.8617916
-38.347748,-10.561332,7.0913167,6.861392
-37.356655,-10.429317,7.097114,6.8609962
-36.36556,-10.297374,7.1029115,6.860796
-35.374447,-10.165501,7.108709,6.860596
-34.38333,-10.033697,7.1145062,6.8603964
-33.392204,-9.901965,7.1203036,6.8601966
-32.401066,-9.770302,7.1260977,6.859993
-31.40992,-9.638709,7.131695,6.8595934
-30.418764,-9.507185,7.1372924,6.8591933
-29.4276,-9.3757305,7.14289,6.8587937
-28.436426,-9.244345,7.148487,6.8583937
-27.445244,-9.113028,7.1540875,6.857997
-26.454052,-8.981778,7.159885,6.857797
-25.462852,-8.850597,7.165682,6.8575974
-24.471643,-8.719484,7.171479,6.857397
-23.480425,-8.588438,7.1772766,6.8571973
-22.489197,-8.457459,7.183074,6.856995
-21.497961,-8.326548,7.188871,6.856595
-20.506716,-8.195703,7.1946683,6.8561954
-19.515461,-8.064924,7.200465,6.8557954
-18.524199,-7.9342117,7.2062626,6.855396
-17.532928,-7.8035655,7.211823,6.855
-16.541649,-7.6729846,7.1946316,6.855
-15.55036,-7.542469,7.17744,6.855
-14.559062,-7.412019,7.1602488,6.855
-13.567757,-7.281633,7.1430573,6.855
-12.576443,-7.151312,7.125802,6.8549986
-11.58512,-7.0210547,7.100415,6.8547983
-10.593789,-6.8908615,7.075028,6.8545985
-9.60245,-6.760732,7.049641,6.8543987
-8.611103,-6.6306663,7.024254,6.854199
-7.6197467,-6.5006633,6.998868,6.854
-6.6283827,-6.3707237,6.973681,6.854
-5.6370106,-6.2408466,6.948494,6.854
-4.64563,-6.111032,6.923307,6.854
-3.6542413,-5.9812794,6.8981204,6.854
-2.6628447,-5.8515887,6.872933,6.854
-1.6714398,-5.7219596,6.847546,6.854
-0.680027,-5.592392,6.82216,6.854
0.31139374,-5.462885,6.796773,6.854
1.3028225,-5.333439,6.7713866,6.854
