# x_m,y_m,w_tr_right_m,w_tr_left_m
-1.683339,-1.878198,5.074,5.271
-1.3164405,-0.94816494,5.0789995,5.2757993
-0.9495342,-0.018134883,5.0839987,5.2805986
-0.58262056,0.91189224,5.0889983,5.285398
-0.21569988,1.8419166,5.0939975,5.290198
0.15122761,2.7719383,5.098997,5.294997
0.5181616,3.7019575,5.104196,5.2997966
0.8851018,4.631974,5.1093955,5.304596
1.2520478,5.5619884,5.114595,5.3093953
1.6189994,6.4920006,5.1197944,5.3141947
1.9859561,7.4220104,5.124994,5.318994
2.3529177,8.352019,5.1299934,5.323794
2.719884,9.282025,5.134993,5.3285933
3.0868545,10.21203,5.139992,5.3333926
3.4538288,11.142033,5.144992,5.338192
3.820807,12.072035,5.149991,5.3429914
4.1877885,13.002035,5.1549907,5.347791
4.5547733,13.9320345,5.1599903,5.3525906
4.9217606,14.862032,5.1649895,5.35739
5.28875,15.792029,5.169989,5.3621893
5.655742,16.722025,5.1749883,5.366989
6.022736,17.652021,5.179988,5.3717885
6.3897314,18.582016,5.1849875,5.376588
6.7567277,19.51201,5.189987,5.3813877
7.123725,20.442005,5.1949863,5.386187
7.4907227,21.371998,5.199986,5.3909864
7.8577204,22.301992,5.205185,5.3957863
8.224718,23.231987,5.2103844,5.4005857
8.591716,24.16198,5.215584,5.405385
8.958712,25.091974,5.220783,5.410185
9.325707,26.021969,5.225983,5.414984
9.692702,26.951965,5.2309833,5.419784
10.059694,27.881962,5.235983,5.4245834
10.426685,28.811958,5.2409825,5.4293833
10.793674,29.741955,5.2459817,5.4341826
11.16066,30.671953,5.2509813,5.438982
11.527643,31.601954,5.255981,5.4435825
11.894624,32.531956,5.2609806,5.448182
12.2616,33.461956,5.2659802,5.4527817
12.628572,34.39196,5.27098,5.4573817
12.995541,35.321964,5.2759795,5.4619813
13.362505,36.251972,5.280979,5.46678
13.729465,37.181984,5.285979,5.4715796
14.096418,38.11199,5.2909784,5.4763794
14.4633665,39.042007,5.295978,5.481179
14.83031,39.972023,5.3009777,5.4859786
15.197247,40.90204,5.3061767,5.4907784
15.5641775,41.83206,5.3113766,5.4955783
15.931102,42.762085,5.316576,5.5003777
16.29802,43.69211,5.321776,5.5051775
16.664928,44.62214,5.3269753,5.5099773
17.031832,45.55217,5.331976,5.514777
17.398726,46.482204,5.336976,5.519577
17.765612,47.412243,5.3419757,5.524377
18.13249,48.342285,5.3469753,5.529176
18.49936,49.272327,5.351975,5.533976
18.866219,50.202377,5.356975,5.538776
19.233068,51.132427,5.3619747,5.543576
19.599909,52.062485,5.366975,5.5483756
19.96674,52.992546,5.3719745,5.5531754
20.33356,53.922607,5.376974,5.5579753
20.700369,54.852676,5.381974,5.562775
21.067167,55.78275,5.386974,5.567575
21.433954,56.712826,5.391974,5.572375
21.80073,57.642906,5.3969736,5.5771747
22.167494,58.572994,5.4019737,5.5819745
22.534246,59.503086,5.4071727,5.586775
22.900984,60.43318,5.4123726,5.5915747
23.26771,61.36328,5.4175725,5.5963745
23.634422,62.29339,5.4227724,5.6011744
24.001122,63.2235,5.4279723,5.605974
24.367807,64.15362,5.4329734,5.6107745
24.73448,65.08374,5.4379735,5.6155744
25.101135,66.01387,5.442973,5.620374
25.46778,66.944,5.4479733,5.6251745
25.834406,67.874146,5.4529734,5.6299744
26.201017,68.80429,5.4579735,5.6347747
26.567614,69.73444,5.4629736,5.6395745
26.934195,70.6646,5.4679737,5.6443744
27.300762,71.594765,5.472974,5.6491747
27.667313,72.52493,5.4779735,5.6539745
28.03385,73.45511,5.4829736,5.658775
28.400373,74.38529,5.4879737,5.663575
28.766882,75.315475,5.4929743,5.668375
29.133375,76.24567,5.4979744,5.6731753
29.499857,77.175865,5.5029745,5.677975
29.866323,78.10607,5.5081735,5.6827755
30.232775,79.03628,5.513374,5.687576
30.599215,79.96649,5.5185738,5.692376
30.965641,80.89671,5.523774,5.697176
31.332054,81.826935,5.528974,5.7019763
31.698454,82.757164,5.5339756,5.7067766
32.06484,83.6874,5.5389757,5.711577
32.431213,84.617645,5.543976,5.716377
32.797573,85.54789,5.5489764,5.721177
33.16392,86.478134,5.5539765,5.7259774
33.53026,87.408394,5.5589767,5.7307777
33.896584,88.33865,5.5639772,5.735578
34.262894,89.26891,5.5689774,5.7403784
34.629196,90.19919,5.5739775,5.7451787
34.995483,91.129456,5.578978,5.749979
35.36176,92.05974,5.583978,5.7547793
35.728027,92.99002,5.588979,5.7595797
36.09428,93.9203,5.593979,5.76438
36.460526,94.85059,5.5989795,5.7691803
36.826756,95.78089,5.6039796,5.7739806
37.192978,96.7112,5.609179,5.778781
37.55919,97.641495,5.6143794,5.7835813
37.92539,98.57181,5.61958,5.7883816
38.291576,99.50212,5.62478,5.793182
38.657757,100.432434,5.6299806,5.797982
39.023926,101.362755,5.6349816,5.8027825
39.390083,102.29308,5.639982,5.807583
39.756233,103.22341,5.644983,5.812383
40.122375,104.15374,5.649983,5.8171835
40.488503,105.084076,5.6549835,5.821984
40.854626,106.01441,5.6599836,5.8265853
41.220737,106.944756,5.664984,5.8311853
41.58684,107.87511,5.669985,5.835786
41.952934,108.80546,5.674985,5.8403864
42.31902,109.73581,5.6799855,5.8449864
42.685097,110.66617,5.6851854,5.8497863
43.051167,111.59653,5.690386,5.854587
43.417225,112.526886,5.695586,5.8593874
43.783276,113.45725,5.7007866,5.8641877
44.149323,114.38763,5.705987,5.868988
44.515358,115.318,5.710988,5.8737884
44.881386,116.248375,5.7159886,5.878589
45.247406,117.17875,5.720989,5.8833895
45.61342,118.10913,5.7259893,5.88819
45.979427,119.03952,5.73099,5.89299
46.345425,119.96991,5.7359905,5.897791
46.71142,120.9003,5.7409906,5.902591
47.077404,121.83069,5.745991,5.9073915
47.443382,122.761086,5.750992,5.912192
47.809357,123.69148,5.7559924,5.9169927
48.175323,124.62188,5.7609925,5.921793
48.541283,125.552284,5.765993,5.9265933
48.907238,126.48269,5.7709937,5.9313936
49.273186,127.41309,5.775994,5.9361944
49.63913,128.3435,5.7809944,5.9409947
50.005066,129.27393,5.786195,5.945795
50.370995,130.20433,5.791395,5.9505954
50.736923,131.13475,5.7965956,5.955396
51.102844,132.06517,5.801796,5.9601965
51.46876,132.99559,5.806997,5.964997
51.83467,133.92601,5.8119974,5.969797
52.200577,134.85643,5.8169975,5.974598
52.566483,135.78687,5.821998,5.9793983
52.932377,136.71729,5.8269987,5.9841986
53.29827,137.64772,5.831999,5.988999
53.66416,138.57814,5.8369994,5.993799
54.03005,139.50858,5.842,5.9986
54.39593,140.43901,5.847,6.0034003
54.76181,141.36945,5.8520007,6.0082006
55.12768,142.29988,5.8570013,6.013001
55.493557,143.23032,5.8620014,6.0178013
55.859425,144.16075,5.867002,6.022602
56.22529,145.0912,5.8720026,6.0274024
56.591152,146.02164,5.8770027,6.0322027
56.957012,146.95207,5.8820033,6.037003
57.322872,147.88252,5.8872037,6.0418034
57.688725,148.81297,5.892404,6.0466037
58.05458,149.74341,5.8976045,6.051404
58.42043,150.67386,5.902805,6.0562043
58.786278,151.60431,5.908005,6.061005
59.152126,152.53474,5.9130054,6.0658054
59.51797,153.4652,5.918006,6.0706058
59.883816,154.39565,5.923006,6.075406
60.24966,155.3261,5.9280066,6.0802064
60.6155,156.25655,5.933007,6.0850067
60.981342,157.187,5.9380074,6.089807
61.34718,158.11745,5.9430075,6.0946074
61.71302,159.0479,5.9480076,6.0994077
62.078857,159.97835,5.953008,6.104208
62.444695,160.9088,5.9580083,6.1090083
62.81053,161.83925,5.963009,6.113808
63.176373,162.7697,5.968009,6.1186085
63.54221,163.70015,5.973009,6.123409
63.908047,164.6306,5.9780097,6.128209
64.27389,165.56105,5.9830103,6.1330094
64.639725,166.4915,5.98821,6.1378098
65.00556,167.42195,5.9934106,6.1426096
65.3714,168.3524,5.998611,6.14741
65.73724,169.28285,6.003811,6.15221
66.10309,170.2133,6.009011,6.1570106
66.468925,171.14375,6.014011,6.1618104
66.83477,172.0742,6.019011,6.1666107
67.20062,173.00464,6.0240116,6.171411
67.56647,173.93509,6.0290117,6.176211
67.93232,174.86554,6.034012,6.181011
68.29817,175.79599,6.039012,6.1858115
68.664024,176.72643,6.044012,6.1906114
69.02988,177.65688,6.049012,6.1954117
69.39574,178.58731,6.0540123,6.2002115
69.7616,179.51776,6.0590124,6.205012
70.127464,180.4482,6.0640125,6.2098117
70.49333,181.37863,6.069012,6.214612
70.8592,182.30907,6.0740123,6.219412
71.225075,183.23952,6.0790124,6.224212
71.59095,184.16995,6.084013,6.2290115
71.95683,185.10039,6.089213,6.2336116
72.322716,186.0308,6.094413,6.2382116
72.6886,186.96124,6.0996127,6.242811
73.05449,187.89168,6.104813,6.2474113
73.42039,188.8221,6.1100125,6.252012
73.786285,189.75253,6.115012,6.2568116
74.15219,190.68295,6.1200123,6.2616115
74.5181,191.61337,6.125012,6.266412
74.88401,192.5438,6.130012,6.2712116
75.24993,193.47421,6.1350117,6.2760115
75.61585,194.40463,6.140012,6.2808113
75.98178,195.33505,6.1450114,6.285611
76.34772,196.26546,6.1500115,6.290411
76.71365,197.19588,6.155011,6.295211
77.0796,198.12628,6.160011,6.3000107
77.44555,199.05669,6.1650105,6.30481
77.81151,199.98709,6.1700106,6.30961
78.17747,200.9175,6.17501,6.3144097
78.54344,201.8479,6.18001,6.3192096
78.90942,202.77829,6.18501,6.3240094
79.2754,203.70868,6.1902094,6.328809
79.64139,204.63908,6.1954093,6.3336086
80.00738,205.56947,6.2006087,6.338408
80.37338,206.49985,6.2058086,6.343208
80.73939,207.43024,6.2110076,6.348007
81.10541,208.36061,6.216007,6.352807
81.47143,209.291,6.221007,6.3576064
81.83746,210.22137,6.2260065,6.3624063
82.2035,211.15173,6.2310057,6.3672056
82.56955,212.0821,6.2360053,6.372005
82.9356,213.01248,6.241005,6.376805
83.30167,213.94284,6.246004,6.381604
83.66774,214.8732,6.2510037,6.3864036
84.03382,215.80356,6.256003,6.391203
84.39991,216.7339,6.2610025,6.3960023
84.76601,217.66425,6.2660017,6.4008017
85.13211,218.5946,6.2710013,6.405601
85.49823,219.52493,6.2760005,6.4104004
85.86435,220.45528,6.2809997,6.4151998
86.230484,221.3856,6.2859993,6.419999
86.59663,222.31595,6.2911983,6.4247985
86.96278,223.24626,6.2963977,6.429598
87.32895,224.17659,6.3015966,6.4343967
87.69512,225.1069,6.3067956,6.439196
88.0613,226.03723,6.311995,6.4439955
88.4275,226.96753,6.316994,6.4487944
88.7937,227.89784,6.3219934,6.4535937
89.15991,228.82814,6.3269925,6.4583926
89.52614,229.75844,6.3319917,6.463192
89.89237,230.68874,6.336991,6.467991
90.25862,231.61903,6.3419895,6.47279
90.62488,232.54932,6.3469887,6.477589
90.99115,233.4796,6.3519874,6.482388
91.35743,234.40987,6.3569865,6.487187
91.723724,235.34015,6.361985,6.491986
92.09003,236.27042,6.3671837,6.4967847
92.456345,237.20067,6.372382,6.5015836
92.82268,238.13094,6.377581,6.5063825
93.18902,239.06119,6.38278,6.5111814
93.55537,239.99142,6.3879786,6.5159802
93.92174,240.92168,6.392978,6.520779
94.28812,241.85191,6.397977,6.525578
94.6545,242.78215,6.4029756,6.5303764
95.02091,243.71237,6.4079742,6.5351753
95.38733,244.6426,6.412973,6.539974
95.75375,245.57281,6.4179716,6.5447726
96.1202,246.50302,6.42297,6.549571
96.48666,247.43323,6.4279685,6.55437
96.853134,248.36343,6.432967,6.5591683
97.21962,249.29362,6.437966,6.563967
97.58611,250.22382,6.442964,6.5687656
97.95263,251.154,6.4479623,6.573564
98.31916,252.08418,6.452961,6.5783625
98.6857,253.01436,6.457959,6.583161
99.05225,253.94452,6.462958,6.5879593
99.41883,254.87468,6.468154,6.5927577
99.785416,255.80484,6.4733524,6.597556
100.152016,256.735,6.4785504,6.602354
100.51864,257.66513,6.4837484,6.6071525
100.88527,258.59528,6.488947,6.611951
101.251915,259.5254,6.493947,6.6165514
101.61858,260.45554,6.498945,6.6211495
101.98526,261.38565,6.503943,6.6257477
102.35196,262.31577,6.508941,6.630346
102.718666,263.24588,6.5139394,6.634944
103.085396,264.17596,6.518937,6.6397395
103.45214,265.10608,6.5239353,6.6445374
103.8189,266.03616,6.528933,6.649336
104.185684,266.96625,6.533931,6.654134
104.552475,267.8963,6.538929,6.6589317
104.91929,268.8264,6.5439267,6.6637297
105.28612,269.75644,6.5489244,6.668527
105.65296,270.6865,6.553922,6.673325
106.01983,271.61655,6.55892,6.678123
106.38671,272.54657,6.5639176,6.682921
106.75361,273.4766,6.569112,6.6877184
107.12053,274.40665,6.5743093,6.6925163
107.487465,275.33664,6.579507,6.697314
107.854416,276.26666,6.584704,6.7021117
108.22139,277.19666,6.5899014,6.706909
108.58838,278.12665,6.5949025,6.7117066
108.95539,279.05664,6.5999002,6.716504
109.32242,279.98663,6.6048975,6.7213016
109.68946,280.9166,6.6098948,6.726099
110.056526,281.8466,6.6148925,6.7308965
110.423615,282.77652,6.6198893,6.735694
110.79072,283.70648,6.6248865,6.7404914
111.157845,284.63644,6.629884,6.7452884
111.524994,285.56638,6.634881,6.750086
111.89216,286.4963,6.6398783,6.7548833
112.25934,287.4262,6.644875,6.7596803
112.62654,288.35614,6.6498723,6.7644773
112.99377,289.28604,6.654869,6.7692747
113.361015,290.2159,6.6598663,6.7740717
113.72828,291.1458,6.664863,6.7788687
114.095566,292.07568,6.6700544,6.7836657
114.462875,293.00555,6.675251,6.7884626
114.83021,293.93542,6.6804476,6.7932596
115.197556,294.8653,6.6856446,6.7980566
115.564926,295.79514,6.690841,6.8028536
115.93232,296.72498,6.6958437,6.80765
116.299736,297.6548,6.7008405,6.812447
116.667175,298.58463,6.7058372,6.8172436
117.03463,299.51443,6.7108335,6.82204
117.402115,300.44424,6.7158303,6.826837
117.769615,301.37402,6.7208266,6.8316336
118.13714,302.3038,6.725823,6.83643
118.504684,303.23358,6.730819,6.8412266
118.87226,304.16336,6.735816,6.846023
119.23985,305.0931,6.7408123,6.8508196
119.60747,306.02286,6.745808,6.855616
119.97511,306.9526,6.7508044,6.860412
120.34277,307.88232,6.7558007,6.8652086
120.710464,308.81204,6.760797,6.870005
121.07817,309.74176,6.765793,6.874801
121.4459,310.67148,6.7709804,6.879597
121.81366,311.60117,6.7761765,6.8843937
122.181435,312.53085,6.781372,6.8891897
122.54925,313.46054,6.7865677,6.8939857
122.91708,314.3902,6.791764,6.898782
123.28495,315.31982,6.796578,6.903578
123.65284,316.24948,6.8013735,6.908374
124.02075,317.1791,6.8061695,6.9131694
124.38868,318.10873,6.8109655,6.9179654
124.756615,319.03836,6.815761,6.9227614
125.12481,319.9679,6.788046,6.9387836
125.49477,320.8967,6.758627,6.9553943
125.86831,321.8241,6.729208,6.972005
126.24728,322.74927,6.6997886,6.988616
126.63349,323.67145,6.670371,7.005226
127.028755,324.58978,6.6407323,7.0219607
127.434906,325.50336,6.6110835,7.038701
127.85376,326.41116,6.5814342,7.055442
128.2871,327.31213,6.5517864,7.0721817
128.73666,328.20514,6.5221434,7.088919
129.20418,329.08887,6.522,6.91438
129.69148,329.96182,6.522,6.738925
130.20041,330.82236,6.522,6.563453
130.73271,331.6686,6.522,6.3879647
131.29001,332.49863,6.515309,6.2234483
131.87349,333.31046,6.4284105,6.1903057
132.48325,334.10272,6.34153,6.15717
133.11913,334.87418,6.2546515,6.1240344
133.78096,335.62347,6.167766,6.090897
134.46855,336.3492,6.0814414,6.0677752
135.18135,337.0502,5.998997,6.1128716
135.91806,337.72604,5.9165587,6.157964
136.6773,338.37643,5.8341303,6.2030516
137.45776,339.00125,5.751711,6.248134
138.25815,339.6003,5.6801615,6.287909
139.07738,340.17334,5.713976,6.2762423
139.9147,340.71957,5.7477937,6.264574
140.76944,341.23816,5.781614,6.2529054
141.64084,341.7282,5.815434,6.241236
142.52814,342.18884,5.849404,6.2287807
143.4305,342.61923,5.8873587,6.19582
144.34703,343.01855,5.925311,6.1628613
145.27678,343.38602,5.9632664,6.1299005
146.21881,343.7208,6.0012283,6.0969334
147.17209,344.02203,6.037025,6.0647707
148.13544,344.28928,6.0061264,6.0575004
149.10728,344.5238,5.9752307,6.0502305
150.08612,344.72723,5.94434,6.0429626
151.07062,344.90128,5.913454,6.035695
152.0596,345.04767,5.888908,6.025709
153.05208,345.1681,5.9384747,5.9839687
154.04721,345.2642,5.9880514,5.94222
155.04428,345.33762,6.03763,5.90047
156.04268,345.39005,6.0872097,5.8587184
157.04192,345.42316,6.130578,5.822979
158.04156,345.43872,6.115869,5.8434525
159.04135,345.43866,6.1011596,5.8639264
160.04103,345.425,6.086451,5.8843994
161.0405,345.39972,6.071743,5.9048715
162.03967,345.36487,6.0547357,5.9273033
163.03854,345.32193,6.004983,5.9776506
164.03702,345.27075,5.955227,6.0280013
165.035,345.21094,5.905469,6.0783544
166.03241,345.14197,5.855711,6.128707
167.02911,345.06348,5.8069243,6.178218
168.02493,344.97467,5.8033285,6.188606
169.01962,344.87387,5.799733,6.1989937
170.0128,344.7592,5.7961373,6.2093816
171.00403,344.62866,5.7925415,6.2197695
171.99275,344.4804,5.7892423,6.229888
172.97832,344.31253,5.805413,6.2224092
173.95998,344.12305,5.821582,6.214931
174.93677,343.91,5.8377523,6.2074523
175.90767,343.6715,5.853924,6.1999726
176.8714,343.4056,5.870619,6.1920123
177.8267,343.1108,5.8945527,6.1774087
178.77246,342.78668,5.918483,6.162807
179.70757,342.43304,5.9424124,6.1482058
180.63087,342.04962,5.9663453,6.133603
181.54117,341.63626,5.9849916,6.1236687
182.4374,341.19327,5.9703417,6.143135
183.31918,340.72214,5.955693,6.1626005
184.18637,340.22467,5.9410458,6.182062
185.03893,339.70245,5.9264007,6.2015224
185.87688,339.15717,5.9150333,6.2176657
186.70029,338.59012,5.9217763,6.215484
187.50905,338.0024,5.92852,6.213302
188.30312,337.39496,5.9352646,6.21112
189.08246,336.76874,5.942009,6.208938
189.84706,336.1246,5.950694,6.204747
190.597,335.46344,5.974807,6.184588
191.33235,334.7861,5.998919,6.164428
192.05325,334.09338,6.0230303,6.1442695
192.75983,333.38608,6.04714,6.124112
193.4523,332.66495,6.0714145,6.1035547
194.13066,331.9305,6.0987225,6.075649
194.79428,331.18277,6.126032,6.0477414
195.44234,330.42148,6.153343,6.019832
196.074,329.6465,6.180655,5.991922
196.68839,328.85782,6.2036786,5.966914
197.28459,328.05527,6.1097646,6.021041
197.86151,327.23877,6.015856,6.075165
198.41803,326.4082,5.9219475,6.129288
198.95293,325.56357,5.8280406,6.183411
199.465,324.7049,5.73943,6.230464
199.95297,323.83234,5.7087145,6.2001553
200.41557,322.94604,5.6780005,6.169848
200.85146,322.04633,5.647284,6.139539
201.25926,321.1335,5.6165648,6.109226
201.63754,320.2081,5.5928664,6.0752115
201.98528,319.27078,5.603986,6.0228496
202.30235,318.32263,5.6151037,5.970494
202.5889,317.36484,5.6262207,5.9181423
202.845,316.39844,5.6373377,5.865791
203.07077,315.42453,5.6521196,5.8199368
203.26646,314.44412,5.6798267,5.797014
203.43279,313.45828,5.707534,5.774091
203.5705,312.46808,5.7352405,5.751168
203.68039,311.47437,5.762946,5.728246
203.76324,310.47803,5.785645,5.707299
203.81973,309.4799,5.7888064,5.6940603
203.8503,308.4806,5.7919683,5.6808205
203.85533,307.48083,5.79513,5.667581
203.83528,306.48126,5.7982917,5.6543417
203.79054,305.4825,5.7967443,5.6411276
203.72148,304.48514,5.7670507,5.6280622
203.62831,303.48972,5.7373567,5.614997
203.51123,302.49683,5.7076616,5.601931
203.37042,301.50702,5.677964,5.5888643
203.20607,300.52087,5.6456933,5.5775714
203.01866,299.53882,5.588091,5.5837717
202.80954,298.56116,5.530489,5.5899715
202.58026,297.58804,5.4728913,5.5961714
202.3323,296.6195,5.4152966,5.6023707
202.06715,295.65552,5.359659,5.6078525
201.78629,294.696,5.3233633,5.606248
201.49124,293.74075,5.2870646,5.604644
201.18356,292.7895,5.250766,5.6030393
200.86475,291.84192,5.2144666,5.601435
200.5363,290.8976,5.1811543,5.59871
200.19974,289.95618,5.173143,5.586493
199.85664,289.0171,5.1651316,5.5742755
199.50862,288.07983,5.15712,5.562058
199.15721,287.14386,5.149109,5.549841
198.80403,286.20853,5.141098,5.537647
198.4503,285.2734,5.133091,5.525636
198.09639,284.33835,5.125084,5.5136256
197.74251,283.4033,5.1170764,5.5016146
197.38885,282.46814,5.1090693,5.489604
197.03561,281.53284,5.101062,5.4775696
196.68295,280.59732,5.0930543,5.4653583
196.3308,279.6616,5.085047,5.4531465
195.9791,278.7257,5.0770392,5.440935
195.62778,277.78967,5.0690317,5.4287233
195.27676,276.85355,5.061024,5.4165363
194.926,275.9173,5.0530167,5.404525
194.57547,274.98096,5.045009,5.3925133
194.22519,274.04456,5.037001,5.380502
193.87514,273.10803,5.0289936,5.3684907
193.52533,272.17145,5.020986,5.356454
193.17575,271.23477,5.0129786,5.344242
192.82639,270.298,5.004971,5.332031
192.47722,269.36118,4.9969635,5.3198195
192.1282,268.4243,4.988956,5.3076077
191.77936,267.48734,4.9809484,5.2953963
191.43065,266.55032,4.9729414,5.2831855
191.08205,265.61328,4.9649343,5.2709746
190.73355,264.6762,4.9569273,5.258764
190.38515,263.73907,4.9489202,5.246553
190.0368,262.80194,4.9409404,5.2343693
189.68852,261.86478,4.933134,5.2223597
189.34027,260.9276,4.9253273,5.21035
188.99205,259.99042,4.917521,5.1983404
188.64383,259.05322,4.9097147,5.186331
188.29561,258.11603,4.9018807,5.174293
187.94736,257.17886,4.893875,5.1620846
187.59906,256.2417,4.8858695,5.149876
187.2507,255.30457,4.877864,5.1376677
186.90227,254.36746,4.8698583,5.1254587
186.55374,253.43039,4.8618526,5.1132793
186.20511,252.49336,4.8538485,5.1012726
185.85634,251.55637,4.845844,5.089266
185.50745,250.61945,4.8378396,5.077259
185.15839,249.68257,4.829835,5.0652523
184.80916,248.74576,4.8218307,5.053217
184.45973,247.80902,4.8138275,5.041012
184.1101,246.87234,4.8058243,5.028807
183.76025,245.93578,4.797821,5.0166025
183.41017,244.99928,4.7898183,5.004398
183.05983,244.06288,4.781815,4.992223
182.70921,243.12659,4.7738137,4.980221
182.3583,242.19041,4.7658124,4.9682183
182.0071,241.25433,4.7578106,4.9562163
181.65558,240.31839,4.7498093,4.944214
181.30371,239.38255,4.741808,4.9321823
180.95149,238.44687,4.7338085,4.919983
180.5989,237.5113,4.725809,4.9077835
180.24594,236.5759,4.717809,4.895584
179.89258,235.64064,4.70981,4.8833847
179.53879,234.70555,4.7018404,4.871216
179.18457,233.77061,4.6940427,4.8592196
178.8299,232.83585,4.6862454,4.8472233
178.47478,231.90126,4.6784477,4.8352275
178.11916,230.96684,4.67065,4.823231
177.76305,230.03264,4.6628237,4.8112063
177.40643,229.0986,4.654829,4.799014
177.0493,228.16478,4.646834,4.786822
176.6916,227.23117,4.638839,4.7746296
176.33333,226.29778,4.630844,4.7624373
175.97449,225.36461,4.6228495,4.750274
175.61502,224.43169,4.6148577,4.738286
175.25496,223.49898,4.6068654,4.726298
174.89429,222.56651,4.598873,4.71431
174.533,221.63428,4.5908813,4.702322
174.17113,220.70229,4.5828896,4.6903067
173.80867,219.77051,4.5749,4.6781225
173.44571,218.83893,4.5669107,4.665939
173.08234,217.90752,4.5589213,4.653755
172.71863,216.97623,4.550932,4.641571
172.35468,216.04504,4.5429425,4.629414
171.99059,215.1139,4.5349545,4.617432
171.62639,214.18282,4.5269666,4.6054497
171.2622,213.25171,4.5189786,4.5934677
170.89809,212.32059,4.5109906,4.5814857
170.53412,211.3894,4.503002,4.5694785
170.17038,210.45813,4.495014,4.5572968
169.80695,209.52673,4.4870257,4.5451145
169.4439,208.5952,4.479038,4.5329323
169.0813,207.66348,4.4710493,4.5207505
168.71924,206.73155,4.463061,4.5085917
168.35782,205.79938,4.455071,4.496607
167.99709,204.86694,4.447081,4.484622
167.63713,203.93419,4.439091,4.4726367
167.27803,203.00111,4.4311013,4.460652
166.91986,202.06769,4.4231334,4.4486446
166.56271,201.13387,4.4153404,4.4364557
166.20667,200.19963,4.4075475,4.4242663
165.85179,199.26494,4.3997545,4.4120774
165.49817,198.32979,4.3919616,4.3998885
165.14587,197.39412,4.3841467,4.38772
164.795,196.45793,4.3761497,4.375725
164.4456,195.52116,4.368153,4.3637295
164.0978,194.58383,4.360156,4.351734
163.75165,193.64587,4.3521595,4.3397393
163.40723,192.70729,4.344162,4.3277225
163.06464,191.76804,4.3361607,4.3155203
162.72394,190.82808,4.3281593,4.303318
162.38522,189.88742,4.320158,4.2911158
162.04857,188.94601,4.3121567,4.278914
161.71407,188.00385,4.30257,4.2680845
161.38177,187.0609,4.279552,4.268885
161.0518,186.11713,4.256534,4.2696857
160.72424,185.17253,4.233516,4.2704864
160.39914,184.22707,4.210499,4.271287
160.0766,183.28073,4.186296,4.273118
159.75671,182.33351,4.1524515,4.2833314
159.43954,181.38536,4.118607,4.293545
159.1252,180.43628,4.0847626,4.303758
158.81375,179.48624,4.0509186,4.3139715
158.50528,178.53523,4.0234866,4.3228836
158.19987,177.58322,4.0449233,4.3218822
157.89763,176.63022,4.06636,4.3208804
157.59862,175.6762,4.087796,4.3198786
157.30292,174.72113,4.109233,4.3188767
157.01064,173.76503,4.1309695,4.3175507
156.72186,172.80785,4.1548133,4.3139443
156.43665,171.84961,4.1786575,4.3103375
156.1551,170.89027,4.202502,4.3067307
155.87732,169.92986,4.226346,4.303124
155.60338,168.96834,4.2512617,4.2976413
155.33334,168.0057,4.283114,4.2800126
155.06734,167.04195,4.314966,4.2623835
154.80542,166.07709,4.3468184,4.244755
154.54768,165.11108,4.3786707,4.2271256
154.29422,164.14397,4.408473,4.2090154
154.04512,163.1757,4.425889,4.187996
153.80045,162.20631,4.4433055,4.1669765
153.5603,161.2358,4.4607215,4.1459565
153.32477,160.26416,4.478138,4.124937
153.09393,159.29138,4.494818,4.103745
152.86784,158.31749,4.5072155,4.0815496
152.6465,157.34251,4.5196133,4.059354
152.42992,156.36647,4.5320106,4.0371585
152.21808,155.38937,4.5444083,4.014963
152.01097,154.41129,4.5522356,3.9962037
151.8086,153.43219,4.5332556,3.9976022
151.61093,152.45213,4.5142756,3.9990008
151.418,151.47115,4.495295,4.000399
151.22977,150.48923,4.476315,4.0017977
151.04625,149.50644,4.4564104,4.0041776
150.86745,148.52277,4.4308467,4.012566
150.69334,147.53825,4.4052825,4.020954
150.52393,146.55293,4.379719,4.029342
150.35922,145.5668,4.3541546,4.0377307
150.1992,144.5799,4.333119,4.0468116
150.04387,143.59225,4.3415084,4.0603943
149.89322,142.60388,4.3498974,4.073977
149.74727,141.6148,4.358287,4.0875597
149.606,140.62505,4.3666763,4.1011424
149.46942,139.63463,4.371893,4.11597
149.33754,138.64359,4.355304,4.139355
149.21033,137.65192,4.338714,4.16274
149.0878,136.65967,4.3221245,4.1861258
148.96996,135.66685,4.305535,4.209511
148.85681,134.6735,4.2883234,4.232627
148.74834,133.67961,4.266712,4.253838
148.64456,132.68521,4.245101,4.275049
148.54547,131.69035,4.2234893,4.2962604
148.4511,130.69504,4.201878,4.3174715
148.36143,129.69926,4.18191,4.334935
148.27649,128.7031,4.173291,4.3265166
148.19624,127.70654,4.164672,4.318098
148.12068,126.70961,4.156053,4.3096795
148.0498,125.71234,4.147434,4.301261
147.98361,124.714745,4.141656,4.2937517
147.92204,123.71686,4.1537027,4.2919445
147.86504,122.7187,4.165749,4.290138
147.8125,121.72029,4.177796,4.2883306
147.7643,120.721664,4.189842,4.286524
147.72038,119.72284,4.2035594,4.2852836
147.68063,118.72385,4.2262597,4.2870913
147.64496,117.72469,4.2489605,4.2888994
147.61327,116.72541,4.271661,4.2907076
147.58548,115.726006,4.294361,4.2925153
147.5615,114.72651,4.311563,4.2946825
147.54123,113.72693,4.3035316,4.298497
147.52458,112.72728,4.2955008,4.3023124
147.51144,111.72758,4.2874694,4.306127
147.50174,110.72784,4.2794385,4.309942
147.49536,109.728065,4.2691035,4.3138747
147.4922,108.72829,4.249458,4.318285
147.49219,107.7285,4.2298117,4.3226953
147.49521,106.728714,4.2101655,4.3271055
147.50117,105.72894,4.1905193,4.3315163
147.51,104.729195,4.170883,4.335924
147.52156,103.72948,4.151284,4.340324
147.53578,102.72979,4.1316853,4.3447237
147.55254,101.73014,4.1120863,4.3491235
147.5717,100.73054,4.0924873,4.3535233
147.5932,99.73098,4.0793004,4.355285
147.61693,98.731476,4.090265,4.3471117
147.64282,97.732025,4.101229,4.338938
147.6708,96.73263,4.112194,4.3307643
147.70085,95.73329,4.1231585,4.322591
147.7329,94.73402,4.1348457,4.314077
147.76682,93.7348,4.1495423,4.3041472
147.80235,92.73565,4.164239,4.294217
147.83922,91.73654,4.1789355,4.284287
147.87714,90.73747,4.1936316,4.274357
147.91583,89.738434,4.2083535,4.2644625
147.95494,88.73941,4.22321,4.254756
147.99388,87.74038,4.238066,4.24505
148.03206,86.74132,4.2529225,4.235344
148.06885,85.74221,4.267779,4.225638
148.10367,84.74303,4.282614,4.215909
148.13593,83.74376,4.297283,4.205998
148.16504,82.7444,4.3119516,4.1960864
148.19048,81.744934,4.3266206,4.1861753
148.21167,80.74537,4.3412895,4.176264
148.22807,79.74572,4.354961,4.1666102
148.23915,78.745995,4.3543644,4.1606417
148.24428,77.74622,4.3537674,4.154673
148.24289,76.74644,4.3531704,4.1487045
148.23438,75.74669,4.3525734,4.1427364
148.21817,74.74703,4.3514476,4.1369143
148.19365,73.74755,4.337245,4.134714
148.1602,72.74832,4.3230424,4.1325135
148.11723,71.74946,4.3088403,4.1303134
148.0641,70.75109,4.2946377,4.128113
148.0002,69.75335,4.280952,4.126048
147.92491,68.75641,4.279745,4.1272545
147.83763,67.760445,4.2785387,4.1284614
147.73776,66.76566,4.277332,4.129668
147.6247,65.77229,4.2761254,4.1308746
147.49785,64.780594,4.2754765,4.132993
147.35661,63.790844,4.282535,4.1477156
147.20035,62.803352,4.289593,4.1624374
147.02843,61.818466,4.296652,4.17716
146.84023,60.836563,4.3037105,4.191882
146.63512,59.858055,4.3076982,4.211423
146.41261,58.88335,4.2865777,4.2703595
146.1726,57.91281,4.2654576,4.3292947
145.91505,56.946777,4.244338,4.3882284
145.63994,55.9856,4.223218,4.4471626
145.3472,55.029644,4.203377,4.5014663
145.03688,54.07925,4.191564,4.526694
144.70917,53.134712,4.179751,4.5519214
144.36429,52.196304,4.167938,4.5771484
144.00246,51.2643,4.1561255,4.6023755
143.6239,50.338966,4.146742,4.6275086
143.2288,49.42057,4.151935,4.6520777
142.8173,48.509407,4.1571283,4.6766467
142.38951,47.60578,4.162322,4.7012157
141.94554,46.70999,4.1675158,4.7257853
141.4855,45.82234,4.1744547,4.750873
141.00954,44.943134,4.1924334,4.7792397
140.51773,44.072685,4.210412,4.8076057
140.01021,43.211308,4.2283907,4.8359723
139.48708,42.35932,4.2463694,4.864339
138.94844,41.517048,4.266079,4.891458
138.39442,40.68482,4.2973113,4.9102774
137.8251,39.862976,4.3285437,4.9290967
137.24055,39.05189,4.3597765,4.9479165
136.6409,38.25192,4.391009,4.9667363
136.0262,37.46344,4.4189005,4.972519
135.39659,36.68682,4.425533,4.895344
134.75217,35.92245,4.432165,4.8181696
134.09305,35.17071,4.4387975,4.7409954
133.41936,34.432007,4.4454293,4.6638227
132.73123,33.70673,4.451,4.592508
132.02878,32.99531,4.451,4.551933
131.3121,32.298244,4.451,4.511358
130.58125,31.616041,4.451,4.470782
129.83633,30.949224,4.451,4.430204
129.07747,30.298338,4.4496207,4.39846
128.30493,29.663729,4.4429374,4.4006877
127.51939,29.04529,4.436254,4.4029155
126.72151,28.442837,4.4295716,4.405143
125.91197,27.856163,4.4228888,4.4073706
125.09138,27.285044,4.414585,4.401899
124.26038,26.729166,4.4018655,4.3754506
123.4197,26.18805,4.389146,4.3490024
122.57002,25.661179,4.3764267,4.3225536
121.71199,25.148006,4.363707,4.2961054
120.84624,24.647978,4.3496275,4.2824244
119.973335,24.16053,4.332597,4.2964497
119.09383,23.685118,4.3155656,4.3104753
118.2082,23.22118,4.2985344,4.324501
117.316956,22.768143,4.281503,4.3385267
116.42054,22.32542,4.264453,4.3530955
115.51938,21.892426,4.2473636,4.368794
114.613884,21.46858,4.2302737,4.384493
113.70443,21.053297,4.213184,4.4001913
112.79138,20.645977,4.1960945,4.4158897
111.875084,20.246016,4.179093,4.431618
110.95586,19.85282,4.162305,4.4474187
110.03401,19.465816,4.145517,4.4632196
109.10983,19.084425,4.1287284,4.47902
108.183586,18.708067,4.1119404,4.4948206
107.25555,18.336153,4.096696,4.5087166
106.325966,17.968103,4.086644,4.5162063
105.395096,17.603346,4.076592,4.523696
104.46316,17.241304,4.0665402,4.531186
103.530396,16.881405,4.056488,4.538676
102.59703,16.52307,4.0494456,4.5424776
101.663284,16.16572,4.0587373,4.526267
100.729385,15.808776,4.0680285,4.5100565
99.795555,15.451655,4.07732,4.493846
98.862015,15.093778,4.0866113,4.4776354
97.928986,14.734563,4.0959096,4.4614134
96.996635,14.373597,4.1052675,4.4450865
96.064926,14.010972,4.1146255,4.4287596
95.1338,13.646869,4.1239834,4.412433
94.20317,13.281471,4.133342,4.3961062
93.27299,12.91496,4.142704,4.3797865
92.34317,12.54752,4.1521215,4.3635564
91.41364,12.179334,4.161539,4.3473263
90.484344,11.81059,4.1709566,4.331096
89.55519,11.441472,4.180374,4.3148656
88.62611,11.072168,4.189795,4.2986126
87.69703,10.702864,4.199254,4.28211
86.76787,10.333749,4.2087126,4.265608
85.83856,9.965014,4.218171,4.2491055
84.90903,9.596853,4.22763,4.232603
83.979195,9.229454,4.2371144,4.216096
83.04898,8.86301,4.246797,4.199555
82.11832,8.497718,4.2564797,4.1830134
81.187126,8.133772,4.266163,4.166472
80.25533,7.7713685,4.2758455,4.149931
79.32286,7.410704,4.2854967,4.1334205
78.38965,7.051972,4.29498,4.117077
77.45563,6.6953573,4.3044634,4.100733
76.52073,6.3410435,4.313947,4.084389
75.58489,5.9892144,4.3234305,4.068045
74.64805,5.640055,4.328846,4.057032
73.71015,5.2937613,4.318173,4.067101
72.77112,4.9505496,4.3075,4.07717
71.83089,4.610643,4.2968273,4.087239
70.88939,4.274263,4.2861543,4.097307
69.946556,3.9416325,4.272417,4.1113873
69.00235,3.6129215,4.24876,4.1384525
68.05677,3.2881892,4.225103,4.165518
67.10982,2.9674823,4.2014456,4.192583
66.16149,2.6508482,4.1777883,4.219649
65.2118,2.3383322,4.154164,4.246677
64.26082,2.0297713,4.1306386,4.2735915
63.30875,1.7245938,4.107113,4.300506
62.355797,1.4221786,4.0835876,4.3274207
61.402164,1.1219033,4.060063,4.354335
60.44806,0.82314384,4.0418153,4.377215
59.493664,0.5253061,4.0410204,4.3867526
58.53915,0.22785717,4.040226,4.396291
57.584675,-0.06972837,4.039431,4.405829
56.63041,-0.36797595,4.038636,4.4153666
55.676514,-0.6674107,4.0458546,4.418676
54.72316,-0.9685647,4.0851836,4.397025
53.770527,-1.2719864,4.124512,4.375375
52.818798,-1.5782249,4.1638412,4.353724
51.868153,-1.8878285,4.20317,4.332073
50.918797,-2.2013428,4.242512,4.310415
49.970917,-2.5193121,4.281925,4.2887177
49.024734,-2.8422801,4.3213377,4.267021
48.08046,-3.1707878,4.3607507,4.245324
47.13832,-3.5053728,4.400163,4.2236276
46.198555,-3.846569,4.4395957,4.2019196
45.261417,-4.194916,4.4791527,4.1801434
44.327187,-4.550975,4.518709,4.158367
43.39615,-4.9153075,4.558266,4.136591
42.468613,-5.2884693,4.597823,4.1148148
41.54491,-5.6710086,4.632082,4.099981
40.625366,-6.0634465,4.6326833,4.1292515
39.71031,-6.466244,4.6332846,4.1585217
38.800095,-6.879849,4.6338863,4.1877923
37.895073,-7.304699,4.6344876,4.2170625
36.995625,-7.7412243,4.6346436,4.246456
36.10219,-8.189924,4.632235,4.2765646
35.215332,-8.65149,4.629826,4.3066726
34.335674,-9.126631,4.6274176,4.336781
33.463875,-9.616037,4.625009,4.366889
32.600624,-10.120372,4.6224318,4.3959126
31.746758,-10.640428,4.619005,4.419495
30.90339,-11.177342,4.6155787,4.443077
30.07177,-11.732269,4.612152,4.4666605
29.253225,-12.306301,4.6087255,4.490243
28.449175,-12.90046,4.6177387,4.495513
27.661161,-13.515731,4.675131,4.4295735
26.890942,-14.153123,4.7325196,4.363637
26.14041,-14.813579,4.789912,4.2976966
25.411606,-15.497927,4.847306,4.2317553
24.706692,-16.20685,4.8752613,4.1865406
24.027634,-16.940578,4.8314705,4.1918364
23.375984,-17.698748,4.787684,4.197131
22.753323,-18.480898,4.743893,4.202427
22.161324,-19.286499,4.7000923,4.2077236
21.601713,-20.114922,4.6385274,4.2281218
21.075298,-20.964828,4.5481873,4.272991
20.58148,-21.834087,4.4578657,4.3178515
20.119452,-22.72066,4.367566,4.362701
19.688328,-23.622671,4.2772765,4.4075456
19.287184,-24.53841,4.238955,4.4434013
18.91531,-25.466423,4.282679,4.465066
18.572289,-26.405485,4.3264103,4.486735
18.257687,-27.354448,4.3701434,4.5084043
17.971031,-28.312227,4.4138775,4.5300746
17.711832,-29.2778,4.45133,4.5467105
17.479708,-30.250237,4.474881,4.5522056
17.274458,-31.228699,4.498433,4.557701
17.09589,-32.212383,4.521984,4.563196
16.943804,-33.20051,4.5455346,4.5686913
16.817999,-34.19232,4.574879,4.578654
16.718346,-35.187103,4.6252637,4.604838
16.644878,-36.184162,4.67565,4.631023
16.597647,-37.182804,4.7260375,4.6572084
16.576704,-38.182346,4.776426,4.6833944
16.582098,-39.182095,4.8264823,4.7067175
16.613842,-40.18135,4.8749733,4.716536
16.671862,-41.179424,4.923464,4.726354
16.75607,-42.175632,4.9719543,4.7361727
16.86638,-43.169292,5.0204444,4.7459908
17.002707,-44.159714,5.062861,4.747684
17.16495,-45.14622,5.0783863,4.7134066
17.352968,-46.128143,5.093912,4.6791286
17.566616,-47.104813,5.109438,4.6448507
17.805748,-48.075554,5.124964,4.610573
18.070217,-49.0397,5.126042,4.577998
18.35986,-49.996586,5.0772924,4.551297
18.674479,-50.945553,5.0285435,4.524596
19.013865,-51.885944,4.979794,4.4978952
19.377817,-52.817104,4.9310446,4.4711943
19.766129,-53.738373,4.8906527,4.455356
20.17857,-54.649094,4.871632,4.4672947
20.61487,-55.54863,4.8526115,4.4792333
21.07475,-56.43634,4.833591,4.4911714
21.55794,-57.311584,4.814571,4.50311
22.064154,-58.173714,4.798032,4.51791
22.5931,-59.022087,4.7863297,4.538288
23.144466,-59.856064,4.774627,4.558666
23.717936,-60.675,4.762925,4.5790443
24.313185,-61.47824,4.7512226,4.5994225
24.929884,-62.265133,4.738324,4.617599
25.567614,-63.03508,4.723497,4.632226
26.225836,-63.787586,4.7086697,4.646853
26.904015,-64.522156,4.693842,4.66148
27.60162,-65.238304,4.6790137,4.676108
28.318117,-65.93555,4.6771593,4.670448
29.052807,-66.6136,4.695417,4.6333375
29.804775,-67.27244,4.713674,4.596228
30.573122,-67.9121,4.7319303,4.5591207
31.356987,-68.53265,4.7501855,4.522014
32.155544,-69.134186,4.7644353,4.495982
32.968075,-69.716705,4.771338,4.490263
33.794003,-70.28007,4.7782407,4.4845433
34.632763,-70.82414,4.785144,4.4788237
35.483803,-71.3488,4.792047,4.473104
36.34658,-71.85392,4.7900267,4.4867964
37.220516,-72.339485,4.765345,4.5497837
38.10494,-72.80568,4.7406635,4.61277
38.999195,-73.252716,4.7159834,4.675754
39.902668,-73.68083,4.691304,4.7387357
40.814754,-74.09027,4.6803446,4.780351
41.73521,-74.48053,4.7186594,4.745229
42.66439,-74.84952,4.7569776,4.710104
43.6026,-75.194885,4.7952933,4.674981
44.549973,-75.514244,4.8335943,4.639872
45.506454,-75.80518,4.8751063,4.5998497
46.471878,-76.06489,4.9291177,4.540762
47.446056,-76.28949,4.9831305,4.481673
48.428455,-76.474754,5.0371857,4.4225373
49.418095,-76.61628,5.0912986,4.363339
50.413418,-76.70957,5.1196632,4.3221617
51.412148,-76.75349,5.0834417,4.3262315
52.411865,-76.752945,5.047253,4.3302975
53.410828,-76.71352,5.0111017,4.334359
54.407932,-76.64071,4.974968,4.3384194
55.402603,-76.53988,4.937345,4.337263
56.39456,-76.415215,4.8971176,4.327005
57.383656,-76.26949,4.856864,4.3167405
58.369873,-76.105415,4.816599,4.306473
59.35336,-75.92566,4.7763324,4.2962046
60.334385,-75.732895,4.7353554,4.2788506
61.31309,-75.5287,4.693292,4.2506742
62.289394,-75.313286,4.651232,4.2225
63.263172,-75.08674,4.609172,4.194326
64.23432,-74.849174,4.5671124,4.166152
65.202736,-74.60069,4.5358877,4.1484575
66.168365,-74.34161,4.51922,4.1448426
67.131256,-74.07254,4.502552,4.141228
68.09148,-73.79407,4.485884,4.1376133
69.0491,-73.5068,4.4692163,4.133999
70.004234,-73.211334,4.456779,4.1344156
70.956955,-72.90819,4.4495745,4.139819
71.90734,-72.59782,4.44237,4.1452227
72.85549,-72.28066,4.4351654,4.1506257
73.8015,-71.95717,4.427961,4.156029
74.74546,-71.62778,4.420767,4.161425
75.68751,-71.29292,4.4135857,4.1668105
76.62776,-70.95307,4.4064045,4.1721964
77.56636,-70.60868,4.399224,4.1775823
78.50345,-70.2602,4.3920426,4.182968
79.43918,-69.90809,4.384868,4.188349
80.373695,-69.55277,4.3777018,4.1937237
81.30715,-69.19467,4.3705354,4.199098
82.23969,-68.83419,4.3633695,4.204473
83.17147,-68.47174,4.356203,4.2098475
84.10264,-68.10774,4.3490376,4.215222
85.03337,-67.742615,4.341873,4.2205954
85.963844,-67.37683,4.334708,4.225969
86.89424,-67.01087,4.3275437,4.2313423
87.82476,-66.645195,4.3203793,4.2367153
88.75557,-66.28027,4.31321,4.24217
89.686806,-65.91643,4.306033,4.247752
90.61851,-65.5538,4.2988563,4.253334
91.550735,-65.19252,4.291679,4.2589164
92.483536,-64.8327,4.284502,4.264498
93.41694,-64.47447,4.2773194,4.2700105
94.35097,-64.117874,4.2701263,4.275405
95.2856,-63.762833,4.2629337,4.2808
96.22079,-63.409283,4.2557406,4.2861943
97.1565,-63.05714,4.248548,4.2915893
98.09272,-62.70633,4.2413507,4.296987
99.02942,-62.356792,4.2341456,4.3023906
99.966576,-62.00849,4.226941,4.307794
100.90418,-61.661404,4.219736,4.3131976
101.842224,-61.31549,4.2125316,4.3186016
102.780685,-60.970722,4.2053237,4.3240075
103.71956,-60.627068,4.1981106,4.3294168
104.65881,-60.284477,4.190898,4.3348265
105.59844,-59.942905,4.1836853,4.340236
106.53843,-59.602314,4.176472,4.345646
107.47875,-59.26265,4.1692576,4.351133
108.419395,-58.923874,4.1620407,4.356746
109.36034,-58.585945,4.154824,4.362359
110.301575,-58.248814,4.147607,4.3679724
111.24308,-57.912445,4.14039,4.3735857
112.18484,-57.576794,4.133173,4.3791203
113.12684,-57.241814,4.1259556,4.3845334
114.06906,-56.907467,4.118738,4.3899465
115.0115,-56.57371,4.111521,4.3953595
115.95413,-56.240505,4.1043034,4.4007726
116.896935,-55.907806,4.0970874,4.4061847
117.839905,-55.57557,4.089873,4.4115953
118.78302,-55.24374,4.082659,4.417006
119.726265,-54.912273,4.0754447,4.422416
120.66962,-54.581123,4.0682306,4.427827
121.61306,-54.250233,4.061019,4.4332356
122.556595,-53.91959,4.0538116,4.4386415
123.50022,-53.58921,4.0466037,4.4440475
124.44395,-53.25913,4.039396,4.4494534
125.38778,-52.92936,4.032188,4.454859
126.33174,-52.599934,4.024983,4.460263
127.275826,-52.270878,4.0177813,4.465664
128.22005,-51.94223,4.0105796,4.471065
129.16444,-51.614033,4.003378,4.476466
130.109,-51.28632,3.9961765,4.481868
131.05373,-50.95913,3.988977,4.4873514
131.99866,-50.6325,3.98178,4.492949
132.94379,-50.306465,3.9745834,4.498546
133.88913,-49.98106,3.9673865,4.5041437
134.83472,-49.65632,3.9601896,4.5097413
135.78053,-49.332275,3.9602582,4.5082407
136.72661,-49.00897,3.970449,4.496851
137.67294,-48.686428,3.9806397,4.4854617
138.61954,-48.364697,3.9908304,4.474072
139.56644,-48.043804,4.0010214,4.4626822
140.51363,-47.72379,4.013605,4.4490647
141.46112,-47.404686,4.0295863,4.4322844
142.40894,-47.086533,4.0455675,4.4155045
143.35709,-46.769363,4.061548,4.398724
144.30557,-46.453213,4.0775294,4.381944
145.25441,-46.13812,4.0935097,4.3651648
146.2036,-45.824116,4.109489,4.348387
147.15317,-45.51124,4.1254683,4.3316083
148.10312,-45.199528,4.1414475,4.3148303
149.05347,-44.889015,4.157427,4.298052
150.00423,-44.57974,4.173406,4.2811933
150.95538,-44.271732,4.1893864,4.2642145
151.90697,-43.965034,4.205366,4.2472363
152.85898,-43.659683,4.221346,4.2302575
153.81145,-43.355713,4.237326,4.213279
154.76436,-43.05316,4.251021,4.1964564
155.71773,-42.752064,4.26121,4.1798744
156.67157,-42.452457,4.271399,4.1632924
157.62589,-42.15438,4.2815876,4.14671
158.58069,-41.85787,4.2917767,4.130128
159.536,-41.562958,4.3008003,4.1134663
160.4918,-41.269688,4.307995,4.096679
161.44812,-40.978096,4.315189,4.0798926
162.40497,-40.688217,4.3223834,4.0631056
163.36234,-40.40009,4.3295774,4.046319
164.32024,-40.113747,4.336773,4.0296063
165.27869,-39.829235,4.3439703,4.0130134
166.2377,-39.54659,4.351167,3.99642
167.19725,-39.265842,4.3583646,3.9798267
168.15738,-38.987038,4.3655615,3.9632332
169.11809,-38.71021,4.372683,3.9465604
170.07936,-38.4354,4.3796835,3.9297597
171.04123,-38.162643,4.386684,3.912959
172.00368,-37.89198,4.393684,3.8961585
172.96672,-37.623447,4.4006844,3.8793576
173.93037,-37.35709,4.393412,3.8814318
174.89464,-37.092937,4.363197,3.9138486
175.85951,-36.83103,4.332981,3.9462655
176.82501,-36.571415,4.3027654,3.9786823
177.79112,-36.31412,4.2725496,4.011099
178.75786,-36.059185,4.2393136,4.047464
179.72523,-35.806656,4.201276,4.0901065
180.69324,-35.55657,4.163238,4.132749
181.66188,-35.308964,4.1252,4.1753917
182.63116,-35.06389,4.087162,4.2180343
183.60109,-34.821384,4.0491176,4.260606
184.57167,-34.581482,4.0110626,4.3030667
185.5429,-34.344215,3.9730082,4.3455276
186.51477,-34.10962,3.9349532,4.387989
187.48729,-33.877716,3.8968985,4.43045
188.46046,-33.64854,3.8741596,4.460469
189.43427,-33.4221,3.8745604,4.4716883
190.4087,-33.19838,3.874961,4.4829082
191.38376,-32.977367,3.8753617,4.494128
192.35942,-32.759045,3.8757625,4.505348
193.33566,-32.543396,3.8821182,4.511837
194.3125,-32.330402,3.8971467,4.511436
195.28992,-32.120064,3.912175,4.5110354
196.26788,-31.912357,3.9272034,4.5106344
197.24641,-31.70728,3.9422317,4.510234
198.2255,-31.504818,3.9572597,4.5097494
199.2051,-31.304958,3.9722865,4.5091486
200.18523,-31.107693,3.9873135,4.5085473
201.16588,-30.913002,4.0023403,4.5079465
202.14703,-30.720879,4.0173674,4.507345
203.1287,-30.531307,4.033586,4.506148
204.11082,-30.344275,4.051413,4.5041447
205.09344,-30.159767,4.0692396,4.5021415
206.07652,-29.977772,4.0870667,4.5001388
207.06006,-29.798275,4.1048937,4.4981356
208.04405,-29.621264,4.1237574,4.4956126
209.02849,-29.446724,4.1439786,4.492409
210.01337,-29.274647,4.1641994,4.489206
210.99866,-29.105017,4.1844206,4.4860024
211.98436,-28.937824,4.204642,4.4827995
212.97047,-28.773056,4.2273126,4.477229
213.957,-28.610697,4.253123,4.4686255
214.94391,-28.450726,4.2789335,4.460022
215.9312,-28.293125,4.304744,4.451419
216.91885,-28.137873,4.3305545,4.4428153
217.90688,-27.984951,4.364807,4.4255877
218.89526,-27.834354,4.40979,4.3973985
219.88399,-27.686094,4.454773,4.369209
220.87308,-27.540188,4.499756,4.3410196
221.8625,-27.396645,4.544739,4.3128304
222.85228,-27.255484,4.58962,4.284737
223.84239,-27.116737,4.634372,4.2567673
224.83284,-26.980469,4.6791244,4.2287974
225.82365,-26.846739,4.723876,4.2008276
226.8148,-26.715609,4.768628,4.1728573
227.8063,-26.587143,4.7950377,4.1800056
228.79816,-26.461397,4.7974343,4.23313
229.79034,-26.338428,4.799831,4.2862544
230.78288,-26.218288,4.8022275,4.3393784
231.77577,-26.10103,4.804624,4.392503
232.76901,-25.98671,4.805064,4.4493685
233.76257,-25.875381,4.8028674,4.5112767
234.75648,-25.767103,4.8006706,4.5731854
235.75073,-25.661932,4.7984743,4.635094
236.7453,-25.559925,4.7962775,4.697003
237.74019,-25.461138,4.7957525,4.752646
238.73541,-25.36563,4.79755,4.799586
239.73094,-25.273455,4.799348,4.8465257
240.72678,-25.184675,4.8011456,4.893465
241.72292,-25.099346,4.802943,4.940405
242.71935,-25.017525,4.809435,4.9694
243.71606,-24.93927,4.822623,4.972797
244.71306,-24.864637,4.8358107,4.9761934
245.71033,-24.79369,4.8489985,4.9795904
246.70786,-24.72648,4.862186,4.9829874
247.70563,-24.663073,4.875376,4.9864664
248.70364,-24.603521,4.8885703,4.9900646
249.70189,-24.547888,4.9017644,4.993663
250.70033,-24.49623,4.914958,4.997261
251.69899,-24.448605,4.928152,5.0008597
252.69783,-24.405073,4.938026,5.004378
253.69684,-24.365696,4.943026,5.0077777
254.69601,-24.330542,4.9480267,5.011178
255.69531,-24.299671,4.953027,5.0145783
256.69476,-24.273155,4.958027,5.017978
257.6943,-24.251055,4.9618115,5.0214605
258.69394,-24.233438,4.963813,5.025063
259.69363,-24.220371,4.9658146,5.028666
260.6934,-24.211922,4.967816,5.0322685
261.69318,-24.208155,4.969817,5.035871
262.69296,-24.209139,4.9569893,5.043162
263.69272,-24.214937,4.922738,5.055781
264.69244,-24.22562,4.8884873,5.0683994
265.6921,-24.241251,4.854236,5.081018
266.69168,-24.261898,4.8199854,5.093637
267.69113,-24.287628,4.7856402,5.10626
268.69046,-24.318508,4.751164,5.118888
269.68958,-24.354607,4.716687,5.1315155
270.6885,-24.39599,4.6822104,5.1441436
271.68723,-24.442726,4.647734,5.1567717
272.68564,-24.494884,4.617451,5.163314
273.68375,-24.552526,4.592782,5.1617093
274.68155,-24.615719,4.568113,5.1601048
275.67896,-24.684519,4.5434437,5.1585
276.67596,-24.758993,4.5187745,5.156896
277.67255,-24.839201,4.5033164,5.1421785
278.6686,-24.92521,4.499505,5.110882
279.66418,-25.017103,4.495693,5.079585
280.65915,-25.114952,4.4918814,5.048288
281.65353,-25.218838,4.4880695,5.016991
282.64725,-25.328835,4.484166,4.9857883
283.64026,-25.444986,4.4801545,4.954696
284.63254,-25.567303,4.4761424,4.9236045
285.62405,-25.695787,4.472131,4.892513
286.61472,-25.830448,4.4681187,4.861421
287.60452,-25.971285,4.466757,4.8198414
288.59348,-26.11818,4.4683604,4.7665234
289.58154,-26.270874,4.4699636,4.7132053
290.56873,-26.429115,4.471567,4.659888
291.55502,-26.592642,4.4731708,4.60657
292.54053,-26.7612,4.4753532,4.550674
293.52515,-26.934547,4.478156,4.4920173
294.50897,-27.112465,4.480959,4.433361
295.492,-27.294727,4.483762,4.3747044
296.47427,-27.481117,4.486564,4.316047
297.45578,-27.671413,4.489463,4.2574296
298.43658,-27.86539,4.4924617,4.1988525
299.4167,-28.062828,4.4954605,4.140276
300.39612,-28.263494,4.498459,4.081699
301.37494,-28.46717,4.5014577,4.0231223
302.35318,-28.67363,4.4933968,3.9919329
303.33087,-28.882648,4.473627,3.9897363
304.30807,-29.09401,4.453858,3.9875398
305.2848,-29.307487,4.434088,3.9853432
306.2611,-29.522867,4.4143186,3.9831464
307.23706,-29.739927,4.392648,3.9853387
308.21268,-29.958452,4.3689017,3.9923232
309.188,-30.178228,4.3451552,3.9993074
310.1631,-30.399046,4.3214083,4.0062914
311.138,-30.620693,4.297662,4.013276
312.11276,-30.842958,4.27401,4.0201664
313.08746,-31.065619,4.2504663,4.0269504
314.0621,-31.28844,4.2269225,4.0337343
315.03674,-31.511189,4.2033787,4.0405183
316.01147,-31.733627,4.179835,4.047302
316.98633,-31.955526,4.1605535,4.054995
317.96136,-32.176697,4.1463804,4.0637784
318.93655,-32.397007,4.1322074,4.0725617
319.912,-32.61633,4.1180344,4.081345
320.8877,-32.834534,4.1038613,4.090128
321.86365,-33.05149,4.099292,4.1006045
322.8399,-33.267143,4.1066833,4.11319
323.81644,-33.481503,4.1140747,4.125776
324.79324,-33.69459,4.121466,4.1383615
325.77036,-33.906433,4.1288576,4.150947
326.74768,-34.117046,4.1361637,4.1636243
327.7253,-34.326435,4.14336,4.176418
328.7032,-34.5346,4.1505566,4.189212
329.68134,-34.741524,4.157753,4.2020054
330.65973,-34.947205,4.16495,4.2147994
331.6384,-35.15163,4.1721478,4.2275963
332.6173,-35.3548,4.1793485,4.240397
333.5965,-35.55671,4.1865487,4.2531977
334.57596,-35.757362,4.1937494,4.265999
335.55566,-35.956753,4.2009497,4.2787995
336.5356,-36.154884,4.206751,4.2872257
337.51584,-36.351753,4.210753,4.290027
338.4963,-36.54736,4.2147546,4.292828
339.47702,-36.7417,4.2187567,4.2956295
340.45798,-36.93477,4.222759,4.298431
341.4392,-37.12657,4.2244716,4.294717
342.4207,-37.3171,4.223271,4.282707
343.40237,-37.50635,4.2220697,4.270698
344.38434,-37.69433,4.220869,4.2586884
345.36655,-37.881027,4.219668,4.2466793
346.349,-38.06645,4.218556,4.2347574
347.33167,-38.250587,4.2175546,4.222946
348.3146,-38.43344,4.2165537,4.211135
349.29776,-38.615013,4.215553,4.1993237
350.28116,-38.795296,4.214552,4.187512
351.2648,-38.97429,4.213551,4.1756105
352.24866,-39.151997,4.2125497,4.1635985
353.23276,-39.32841,4.211549,4.151586
354.2171,-39.503532,4.210548,4.139574
355.20166,-39.677357,4.209547,4.1275616
356.18643,-39.849888,4.2085457,4.1156406
357.17145,-40.02112,4.207545,4.1038294
358.1567,-40.19105,4.206544,4.092018
359.14215,-40.359684,4.205543,4.080207
360.12784,-40.527016,4.204542,4.0683956
361.11374,-40.693043,4.2034492,4.056586
362.09988,-40.857765,4.2022486,4.044777
363.0862,-41.02118,4.2010474,4.032968
364.07278,-41.18329,4.1998467,4.021159
365.05954,-41.34409,4.1986456,4.00935
366.04654,-41.50358,4.196428,4.00226
367.03372,-41.66176,4.193026,4.0006595
368.02115,-41.818623,4.189625,3.9990587
369.00876,-41.974174,4.186223,3.997458
369.99658,-42.128407,4.1828218,3.9958572
370.9846,-42.281326,4.1772847,4.00401
371.9728,-42.432922,4.1692843,4.02341
372.96124,-42.583206,4.1612844,4.04281
373.9499,-42.73217,4.1532845,4.0622096
374.9387,-42.879818,4.1452847,4.0816092
375.92773,-43.02615,4.137194,4.1010966
376.91693,-43.171165,4.1289988,4.1206856
377.90634,-43.314854,4.120804,4.140274
378.89594,-43.457207,4.1126084,4.1598625
379.88574,-43.598217,4.104413,4.1794515
380.87573,-43.737877,4.108665,4.1836395
381.8659,-43.876194,4.127441,4.169857
382.85626,-44.013195,4.146217,4.156075
383.8468,-44.148907,4.164993,4.1422925
384.8375,-44.28335,4.1837687,4.12851
385.82837,-44.416557,4.210079,4.105284
386.81943,-44.5484,4.2454104,4.0707517
387.8107,-44.678604,4.2807417,4.0362186
388.80222,-44.806877,4.316073,4.0016856
389.79404,-44.932934,4.351404,3.967153
390.78616,-45.056488,4.3774033,3.945154
391.77863,-45.17722,4.3917813,3.9387639
392.77148,-45.294773,4.406159,3.9323738
393.76474,-45.408794,4.4205365,3.9259837
394.75845,-45.518932,4.4349146,3.9195936
395.75262,-45.62483,4.4408116,3.9246657
396.74725,-45.726128,4.4358115,3.944467
397.7424,-45.822487,4.430811,3.9642682
398.73804,-45.913555,4.425811,3.9840693
399.73416,-45.998985,4.4208107,4.0038705
400.73077,-46.078426,4.415103,4.024042
401.72787,-46.151527,4.408488,4.0446897
402.72546,-46.217926,4.4018726,4.065337
403.72348,-46.27726,4.3952575,4.085984
404.72192,-46.329166,4.3886423,4.1066318
405.72073,-46.373283,4.375702,4.130638
406.71988,-46.40925,4.355012,4.1587605
407.7193,-46.436707,4.334322,4.186883
408.7189,-46.455288,4.313632,4.215005
409.71863,-46.464638,4.292942,4.2431273
410.7184,-46.464386,4.272149,4.2712607
411.71814,-46.454185,4.2512407,4.2994065
412.71774,-46.43367,4.2303324,4.3275523
413.717,-46.402493,4.209424,4.355698
414.7159,-46.36029,4.188516,4.3838434
415.71426,-46.306713,4.1825886,4.388025
416.7119,-46.241436,4.1918206,4.367955
417.7087,-46.164158,4.2010527,4.347885
418.70447,-46.07458,4.210285,4.327815
419.699,-45.97241,4.2195177,4.307744
420.69214,-45.85737,4.234175,4.278472
421.68375,-45.729755,4.2539506,4.2405195
422.67377,-45.590416,4.273725,4.2025685
423.66223,-45.440212,4.2934985,4.1646185
424.64908,-45.280003,4.3132725,4.126669
425.63443,-45.11064,4.325121,4.1041617
426.6183,-44.932915,4.329296,4.096607
427.60074,-44.747574,4.3334713,4.089052
428.58188,-44.555355,4.337646,4.0814977
429.5618,-44.357,4.341821,4.0739427
430.5406,-44.153233,4.3413424,4.07522
431.51843,-43.94487,4.3357844,4.0861373
432.49545,-43.732784,4.3302264,4.097055
433.47186,-43.517857,4.3246684,4.1079726
434.44785,-43.300964,4.3191104,4.11889
435.42358,-43.082973,4.312932,4.1295586
436.3992,-42.86442,4.305964,4.1399107
437.3747,-42.645462,4.2989964,4.150263
438.35016,-42.42622,4.2920284,4.160615
439.32556,-42.20683,4.2850604,4.170967
440.301,-41.987404,4.276825,4.180841
441.2763,-41.76761,4.266819,4.1900463
442.25134,-41.54653,4.256813,4.199252
443.2259,-41.32324,4.246807,4.2084575
444.1997,-41.09679,4.2368007,4.2176633
445.17255,-40.866245,4.228467,4.225195
446.1442,-40.63073,4.2224407,4.230418
447.1144,-40.389435,4.216414,4.2356415
448.08298,-40.14156,4.210387,4.2408648
449.04965,-39.8863,4.2043605,4.2460876
450.0141,-39.622875,4.2067814,4.242418
450.9761,-39.3506,4.21985,4.22754
451.93536,-39.068924,4.2329187,4.2126617
452.8917,-38.7773,4.2459874,4.1977835
453.84473,-38.475193,4.2590566,4.1829047
454.79422,-38.16208,4.2716393,4.166917
455.74,-37.837933,4.2836714,4.149671
456.6821,-37.50324,4.2957025,4.1324263
457.62057,-37.15851,4.3077335,4.115182
458.55548,-36.804234,4.3197646,4.0979376
459.4869,-36.440918,4.3303347,4.07773
460.41492,-36.06897,4.3393326,4.0543356
461.3396,-35.68874,4.3483305,4.030941
462.26093,-35.300556,4.3573284,4.0075455
463.17905,-34.904755,4.366327,3.9841504
464.09396,-34.501663,4.372152,3.9637458
465.0058,-34.091625,4.374548,3.9465725
465.91464,-33.674995,4.3769445,3.929399
466.8206,-33.252125,4.3793406,3.912226
467.7238,-32.823364,4.3817368,3.8950527
468.6243,-32.389053,4.344532,3.914166
469.52228,-31.9495,4.263179,3.9737315
470.4178,-31.50495,4.1818256,4.033297
471.31094,-31.055655,4.1004725,4.092863
472.2018,-30.601862,4.0191193,4.1524286
473.0905,-30.143816,3.977317,4.1838117
473.9771,-29.681738,3.9801195,4.1834116
474.8617,-29.215832,3.9829218,4.183011
475.74435,-28.746292,3.9857244,4.182611
476.6252,-28.27332,3.9885268,4.1822104
477.5043,-27.797106,4.002253,4.1740212
478.38174,-27.317867,4.0280867,4.1571994
479.25763,-26.835835,4.0539207,4.1403775
480.13214,-26.351238,4.0797544,4.123555
481.00534,-25.86431,4.105588,4.1067333
481.87735,-25.375277,4.1315145,4.089914
482.7483,-24.884308,4.1575413,4.0730963
483.6182,-24.391516,4.1835675,4.056279
484.48712,-23.897005,4.2095942,4.039462
485.35513,-23.400883,4.235621,4.022645
486.2223,-22.903255,4.261641,4.005832
487.08856,-22.404146,4.287654,3.9890237
487.95398,-21.903498,4.313667,3.9722152
488.81845,-21.401249,4.33968,3.9554067
489.68198,-20.897343,4.365693,3.9385982
490.54446,-20.391716,4.378218,3.9321496
491.40594,-19.884325,4.376618,3.9365504
492.26636,-19.375143,4.3750176,3.9409509
493.1257,-18.86414,4.3734174,3.9453516
493.98392,-18.35129,4.371817,3.9497523
494.84103,-17.836563,4.359062,3.9627635
495.697,-17.319931,4.334663,3.9847631
496.55176,-16.801353,4.310263,4.0067625
497.40533,-16.280798,4.2858634,4.0287623
498.2577,-15.758228,4.261464,4.050762
499.1088,-15.233607,4.236967,4.072859
499.9586,-14.706902,4.2123685,4.095058
500.80707,-14.178078,4.18777,4.1172566
501.6542,-13.647103,4.1631713,4.1394553
502.49997,-13.113946,4.1385727,4.161654
503.34433,-12.578572,4.1140714,4.1837554
504.18726,-12.040951,4.0896716,4.205755
505.02875,-11.501046,4.065272,4.227755
505.8687,-10.958826,4.040872,4.249755
506.70718,-10.414256,4.0164723,4.2717547
507.5441,-9.867304,4.012311,4.2694087
508.37943,-9.317938,4.0293126,4.241606
509.21313,-8.7661295,4.0463142,4.213804
510.04523,-8.211849,4.063316,4.1860013
510.8756,-7.6550684,4.0803175,4.158199
511.7043,-7.095763,4.0975156,4.130199
512.5314,-6.534027,4.1149187,4.101994
513.35693,-5.9700704,4.132322,4.073789
514.1811,-5.40411,4.1497245,4.045584
515.004,-4.83636,4.1671276,4.0173793
515.8259,-4.267034,4.184531,3.9891737
516.6468,-3.696344,4.201935,3.9609678
517.4669,-3.1244986,4.2193384,3.9327617
518.2864,-2.5517066,4.2367425,3.9045556
519.1053,-1.9781754,4.254146,3.8763494
519.9238,-1.404113,4.253466,3.8660297
520.7421,-0.8297269,4.23406,3.8742323
521.5604,-0.25522482,4.2146535,3.882435
522.3787,0.31918544,4.195247,3.8906379
523.1972,0.89329606,4.175841,3.8988404
524.0161,1.4668992,4.146272,3.9172041
524.83545,2.0397859,4.1062493,3.9460206
525.6555,2.6117468,4.066226,3.974837
526.4763,3.182572,4.026203,4.0036535
527.29803,3.7520502,3.9861803,4.03247
528.1209,4.3199706,3.9514112,4.058314
528.94495,4.886122,3.9219856,4.081134
529.7703,5.450294,3.8925598,4.103954
530.5972,6.012275,3.8631341,4.1267734
531.4257,6.5718527,3.8337083,4.1495934
532.25604,7.128812,3.8240068,4.1616006
533.0882,7.682933,3.834017,4.162802
533.9224,8.233987,3.8440275,4.1640034
534.7588,8.781746,3.854038,4.1652045
535.5975,9.325978,3.8640482,4.1664057
536.4386,9.866451,3.8826547,4.16083
537.2822,10.402955,3.909675,4.148621
538.12854,10.935298,3.9366953,4.1364117
538.97754,11.46329,3.9637158,4.1242023
539.82935,11.986738,3.9907362,4.1119933
540.684,12.505452,4.0165253,4.098363
541.5416,13.019327,4.0411263,4.083362
542.40216,13.528344,4.0657277,4.0683613
543.2655,14.032489,4.0903287,4.0533605
544.1317,14.531744,4.1149297,4.0383596
545.00073,15.026096,4.124454,4.030491
545.87256,15.515515,4.1194563,4.0294914
546.74713,15.999964,4.1144586,4.0284915
547.62445,16.479399,4.1094604,4.027492
548.5045,16.953781,4.1044626,4.0264926
549.3873,17.42307,4.0965247,4.0237694
550.2728,17.887226,4.085731,4.019372
551.1611,18.346214,4.0749373,4.0149746
552.05194,18.8,4.064144,4.010577
552.94543,19.248543,4.0533504,4.00618
553.8416,19.691809,4.0428586,4.0036974
554.74036,20.129759,4.0326643,4.003098
555.6417,20.562353,4.0224695,4.002498
556.54565,20.989552,4.0122747,4.0018983
557.4521,21.411314,4.00208,4.001299
558.3611,21.827597,3.992185,4.00411
559.27264,22.238361,3.9825876,4.0103083
560.1866,22.643572,3.97299,4.016506
561.1031,23.043186,3.9633927,4.0227046
562.022,23.437168,3.9537952,4.028903
562.94324,23.825478,3.9492002,4.0407076
563.86694,24.208067,3.9496002,4.0581093
564.79297,24.584888,3.9500003,4.0755115
565.7214,24.955885,3.9504004,4.0929136
566.6521,25.321003,3.9508004,4.1103153
567.58514,25.680191,3.9537065,4.130628
568.52045,26.033426,3.9591095,4.153841
569.458,26.380707,3.9645126,4.177054
570.3977,26.722038,3.9699154,4.2002664
571.33954,27.057423,3.9753184,4.2234793
572.2835,27.386866,3.9897952,4.243569
573.2295,27.710417,4.0132127,4.260582
574.1774,28.028162,4.03663,4.2775946
575.1273,28.340193,4.060048,4.2946076
576.079,28.6466,4.0834656,4.31162
577.0324,28.94748,4.111552,4.327007
577.98755,29.24291,4.14417,4.340814
578.94434,29.532976,4.176788,4.354622
579.9027,29.817753,4.2094064,4.3684297
580.8626,30.097322,4.2420244,4.3822374
581.824,30.371765,4.2693286,4.393593
582.7868,30.64116,4.2915316,4.402594
583.751,30.905594,4.313735,4.4115953
584.7165,31.16515,4.335938,4.4205966
585.6833,31.419912,4.3581414,4.429598
586.6513,31.66997,4.3719625,4.4345107
587.6205,31.915405,4.377761,4.4355106
588.5908,32.156307,4.383559,4.43651
589.56226,32.392773,4.389357,4.43751
590.5347,32.62488,4.3951554,4.4385095
591.5082,32.852726,4.401055,4.4394073
592.4826,33.07639,4.407051,4.440207
593.458,33.295944,4.4130473,4.441006
594.4343,33.511463,4.419044,4.441806
595.41144,33.72302,4.4250402,4.4426055
596.3894,33.930687,4.4192953,4.4393563
597.3682,34.13457,4.402106,4.432161
598.3477,34.334805,4.384917,4.424965
599.328,34.531532,4.3677273,4.4177694
600.3089,34.724884,4.3505383,4.410574
601.29047,34.91499,4.3262,4.4008613
602.27264,35.101818,4.2948065,4.388664
603.25543,35.285156,4.2634125,4.3764663
604.23895,35.464798,4.232019,4.3642683
605.2232,35.640522,4.2006254,4.352071
606.2081,35.812115,4.1691146,4.3397665
607.19385,35.97925,4.137488,4.327356
608.1804,36.141506,4.105861,4.3149457
609.1678,36.29845,4.0742345,4.302535
610.15607,36.449646,4.0426073,4.2901244
611.14526,36.594666,4.0296397,4.2936444
612.13544,36.733093,4.0348506,4.312685
613.1265,36.864532,4.040062,4.331726
614.1186,36.988598,4.045273,4.3507667
615.11163,37.10489,4.050484,4.3698072
616.1055,37.213013,4.0567336,4.3897867
617.10034,37.312572,4.0639534,4.410643
618.096,37.40318,4.0711727,4.4314995
619.09247,37.48444,4.0783925,4.4523563
620.0897,37.555958,4.0856123,4.4732137
621.0876,37.617363,4.0981455,4.475024
622.08606,37.668743,4.115375,4.4599986
623.08496,37.71064,4.1326036,4.4449735
624.0842,37.743595,4.1498327,4.4299483
625.0837,37.768158,4.1670613,4.4149237
626.0834,37.784874,4.184272,4.3996983
627.08307,37.794273,4.201468,4.384302
628.0829,37.79688,4.218664,4.3689055
629.08264,37.7932,4.23586,4.353509
630.0824,37.783764,4.253056,4.3381124
631.0821,37.769085,4.2657275,4.324661
632.08167,37.7497,4.274514,4.3128786
633.0812,37.726166,4.283301,4.3010964
634.0806,37.69905,4.2920876,4.2893143
635.07996,37.668907,4.300874,4.277532
636.0792,37.636284,4.300868,4.2692456
637.07837,37.601513,4.2930794,4.264053
638.0775,37.56473,4.2852902,4.25886
639.07654,37.52606,4.277501,4.2536674
640.0755,37.485626,4.269712,4.2484746
641.0744,37.443554,4.2620254,4.2432804
642.07324,37.399925,4.2544317,4.238085
643.072,37.35478,4.2468386,4.2328897
644.0707,37.30815,4.2392454,4.227694
645.06934,37.260086,4.231652,4.222499
646.0679,37.21062,4.2239532,4.217406
647.0664,37.159805,4.216157,4.212408
648.0648,37.107697,4.2083607,4.207411
649.0632,37.054367,4.2005644,4.202413
650.06146,36.999866,4.192768,4.1974154
651.05975,36.944263,4.185074,4.1923137
652.0579,36.887615,4.1774755,4.1871147
653.056,36.829975,4.1698766,4.1819158
654.05414,36.771404,4.1622777,4.1767163
655.0521,36.711952,4.1546793,4.1715174
656.0501,36.651676,4.1470795,4.1663175
657.04803,36.590637,4.139479,4.1611176
658.0459,36.528885,4.131879,4.155917
659.04376,36.466484,4.1242785,4.150717
660.04156,36.403484,4.1166778,4.1455164
661.0393,36.33995,4.122498,4.149814
662.03705,36.275936,4.1409025,4.163017
663.0347,36.211502,4.1593065,4.17622
664.0324,36.146698,4.177711,4.189423
665.0301,36.081585,4.196115,4.2026258
666.0278,36.01622,4.214624,4.216037
667.0254,35.95066,4.2332306,4.2296414
668.023,35.884964,4.251837,4.2432466
669.0206,35.819187,4.2704434,4.256851
670.01825,35.753384,4.28905,4.270456
671.01587,35.687614,4.307761,4.2839575
672.0135,35.621937,4.3265696,4.2973633
673.01117,35.556408,4.345378,4.310769
674.0088,35.49108,4.364186,4.3241754
675.0065,35.426018,4.382994,4.337581
676.00415,35.36127,4.4016986,4.350987
677.0019,35.296906,4.4203076,4.3643937
677.99963,35.232967,4.438916,4.3778
678.9974,35.16952,4.4575253,4.3912063
679.9952,35.106625,4.4761343,4.404613
680.99304,35.044334,4.494743,4.4180193
681.9909,34.982704,4.513352,4.4314256
682.98883,34.92179,4.5319605,4.444832
683.9868,34.861656,4.5505695,4.458238
684.98486,34.802353,4.569178,4.4716444
685.983,34.74394,4.587891,4.48505
686.9811,34.686474,4.606699,4.4984555
687.97925,34.630013,4.6255064,4.511861
688.97754,34.574615,4.644314,4.525266
689.9758,34.52034,4.663121,4.5386715
690.9742,34.46724,4.681822,4.552076
691.97266,34.415375,4.700426,4.565479
692.9712,34.3648,4.7190304,4.578882
693.9697,34.315567,4.737635,4.5922856
694.9684,34.267735,4.7562394,4.6056886
695.9671,34.221355,4.774947,4.61909
696.9659,34.17649,4.793747,4.6324897
697.9647,34.1332,4.8125463,4.6458893
698.9636,34.09156,4.831346,4.6592894
699.96265,34.05163,4.850146,4.672689
700.9617,34.01347,4.864605,4.682384
701.9608,33.97713,4.8752007,4.6887813
702.96,33.94263,4.885796,4.6951785
703.9593,33.909996,4.8963914,4.7015758
704.95856,33.879246,4.906987,4.7079735
705.95795,33.850403,4.9030514,4.70142
706.9574,33.82339,4.886067,4.6832366
707.95685,33.79807,4.869083,4.6650534
708.95636,33.77428,4.8520985,4.64687
709.9559,33.75187,4.835114,4.628687
710.95544,33.73069,4.818238,4.610612
711.955,33.710598,4.80146,4.592635
712.95465,33.69146,4.7846813,4.574659
713.9543,33.67315,4.7679033,4.556682
714.9539,33.655537,4.7511253,4.538706
715.95355,33.638485,4.734246,4.520628
716.9532,33.62187,4.7172713,4.502455
717.9528,33.605545,4.7002964,4.484282
718.9525,33.589382,4.683322,4.4661093
719.95215,33.57324,4.6663475,4.4479365
720.9518,33.556988,4.649474,4.4297633
721.9515,33.540485,4.6326985,4.41159
722.9511,33.5236,4.6159234,4.393417
723.95074,33.5062,4.599148,4.375243
724.9504,33.488148,4.582372,4.35707
725.94995,33.469315,4.565495,4.3389945
726.9496,33.44956,4.548516,4.321017
727.94916,33.428745,4.5315366,4.303039
728.94867,33.40674,4.5145574,4.285061
729.9482,33.3834,4.4975786,4.267083
730.9477,33.35859,4.480695,4.249003
731.94714,33.332176,4.4639087,4.230818
732.94653,33.304035,4.4471226,4.2126327
733.94586,33.274033,4.4303365,4.194448
734.9451,33.24205,4.4135504,4.176263
735.94434,33.207954,4.3933268,4.171316
736.9435,33.171597,4.3695345,4.1801133
737.9425,33.132805,4.345742,4.1889105
738.9414,33.0914,4.32195,4.1977077
739.94025,33.047215,4.298158,4.206505
740.9389,33.000065,4.2711263,4.2287116
741.93744,32.94975,4.240709,4.264932
742.9358,32.896015,4.210292,4.3011527
743.9339,32.83862,4.1798744,4.3373733
744.9318,32.777317,4.1494575,4.3735933
745.92944,32.711864,4.118918,4.4097433
746.9268,32.642014,4.088253,4.4458203
747.9238,32.56753,4.0575876,4.481897
748.9205,32.488182,4.026922,4.517974
749.9167,32.403725,3.996257,4.5540504
750.9124,32.31393,3.9706075,4.57987
751.90765,32.218555,3.9499242,4.595533
752.9023,32.117363,3.9292412,4.611196
753.8963,32.010105,3.908558,4.626859
754.88965,31.896544,3.8878748,4.642522
755.88214,31.776438,3.8802075,4.646426
756.87384,31.649548,3.8844318,4.6395864
757.8646,31.515636,3.8886561,4.632747
758.85443,31.374466,3.8928804,4.625908
759.8431,31.225796,3.8971047,4.6190686
760.83057,31.069395,3.9166515,4.598571
761.8168,30.905027,3.948667,4.566958
762.8015,30.732462,3.9806826,4.535345
763.7848,30.55147,4.012698,4.503732
764.7664,30.361824,4.0447135,4.4721193
765.7463,30.163298,4.078368,4.434629
766.7243,29.955673,4.1131854,4.3929687
767.70026,29.738747,4.148003,4.351309
768.6741,29.512314,4.1828203,4.309648
769.64557,29.276169,4.2176385,4.2679877
770.61456,29.03012,4.2345886,4.24309
771.58105,28.77413,4.240412,4.2286315
772.54486,28.508266,4.246236,4.2141733
773.50586,28.232597,4.252059,4.199715
774.46405,27.947199,4.2578826,4.185257
775.4193,27.652136,4.2569404,4.1771955
776.3715,27.347479,4.252133,4.172788
777.3207,27.033287,4.247325,4.168381
778.2666,26.709627,4.2425175,4.1639743
779.2093,26.376562,4.2377095,4.1595674
780.1486,26.034153,4.220929,4.172169
781.0845,25.68246,4.1975417,4.1941576
782.01685,25.321548,4.174154,4.216146
782.9456,24.951471,4.1507664,4.238134
783.8707,24.572292,4.127379,4.2601223
784.79205,24.184069,4.1140056,4.265823
785.70953,23.786858,4.1062236,4.2624307
786.6231,23.380716,4.098441,4.2590384
787.5327,22.965696,4.090659,4.255646
788.4382,22.541855,4.0828767,4.252254
789.33954,22.109247,4.095452,4.216328
790.23663,21.667923,4.1199636,4.161325
791.12946,21.217936,4.144476,4.106322
792.0178,20.759335,4.168988,4.051319
792.90173,20.292173,4.1935005,3.996316
793.7811,19.8165,4.2045856,3.98061
794.6559,19.332361,4.207174,3.9897695
795.52594,18.83981,4.2097626,3.998929
796.3912,18.338888,4.2123513,4.0080886
797.2515,17.829647,4.2149396,4.017248
798.10693,17.312132,4.2167053,4.0306363
798.95734,16.786386,4.2178993,4.0469584
799.8026,16.252459,4.219094,4.0632806
800.6427,15.71039,4.220288,4.0796027
801.4775,15.160226,4.2214823,4.0959253
802.30695,14.602011,4.222451,4.11676
803.1309,14.035788,4.2232475,4.1410465
803.9494,13.461598,4.224044,4.1653333
804.7622,12.879485,4.22484,4.18962
805.56934,12.289492,4.2256365,4.2139072
806.3707,11.691659,4.226974,4.2262983
807.1662,11.08603,4.2287664,4.2286887
807.9557,10.472645,4.230559,4.2310786
808.73914,9.851545,4.232352,4.233469
809.5165,9.222774,4.234144,4.235859
810.28754,8.5863695,4.236459,4.2322073
811.0523,7.9423776,4.2392497,4.223037
811.8106,7.290837,4.2420406,4.213866
812.56244,6.63179,4.2448316,4.204696
813.3076,5.965279,4.2476225,4.1955256
814.04614,5.291347,4.252437,4.187866
814.77783,4.610037,4.2592235,4.181679
815.5026,3.9213905,4.2660093,4.1754913
816.22046,3.2254512,4.272795,4.1693044
816.93115,2.5222626,4.2795815,4.163117
817.63464,1.8118694,4.28786,4.1534543
818.3308,1.0943178,4.2976527,4.1402636
819.01965,0.3696552,4.307446,4.127073
819.7009,-0.36207023,4.317239,4.1138825
820.3746,-1.1008092,4.327032,4.100692
821.0405,-1.8465117,4.3338733,4.087887
821.69867,-2.5991294,4.337676,4.0754786
822.3489,-3.358616,4.3414783,4.0630703
822.99097,-4.124924,4.345281,4.050662
823.62494,-4.898005,4.3490834,4.038254
824.2506,-5.6778073,4.3029957,4.0669847
824.8679,-6.4642663,4.2062116,4.1375184
825.47675,-7.2573037,4.109428,4.2080526
826.077,-8.05684,4.012644,4.278587
826.66864,-8.862795,3.9158597,4.3491206
827.2515,-9.675087,3.8736775,4.3796406
827.82556,-10.493617,3.8849087,4.3710165
828.39087,-11.318266,3.8961399,4.3623924
828.94727,-12.148918,3.9073713,4.3537683
829.49475,-12.985457,3.9186025,4.3451447
830.0333,-13.827767,3.9415088,4.333809
830.563,-14.675737,3.9752178,4.319964
831.0836,-15.529258,4.008927,4.3061194
831.5953,-16.38822,4.042636,4.2922745
832.0978,-17.252518,4.0763454,4.2784295
832.59125,-18.122044,4.0912476,4.291884
833.07556,-18.996689,4.089843,4.329009
833.5507,-19.876345,4.088438,4.366134
834.01666,-20.760906,4.0870333,4.4032598
834.47345,-21.650265,4.0856285,4.440385
834.9209,-22.544313,4.080455,4.444141
835.35913,-23.44295,4.072228,4.420864
835.788,-24.346064,4.0640006,4.397588
836.2076,-25.253555,4.0557737,4.374311
836.61774,-26.165316,4.047547,4.351034
837.01855,-27.081245,4.0333858,4.3356357
837.4099,-28.001238,4.0147285,4.3262067
837.7919,-28.925192,3.996071,4.3167777
838.16437,-29.853004,3.9774137,4.3073487
838.52734,-30.78457,3.9587564,4.2979198
838.8808,-31.719793,3.94186,4.2943516
839.2247,-32.65857,3.9262166,4.2949533
839.559,-33.600792,3.910573,4.295555
839.8837,-34.54637,3.8949294,4.2961564
840.19885,-35.495193,3.879286,4.296758
840.50433,-36.44717,3.8812752,4.278171
840.8001,-37.402195,3.8951092,4.2466936
841.08624,-38.360165,3.9089432,4.2152166
841.3626,-39.320988,3.9227772,4.183739
841.6293,-40.284557,3.936611,4.1522617
841.88617,-41.25078,3.9530115,4.130579
842.13324,-42.21955,3.97105,4.115146
842.3705,-43.190773,3.9890883,4.0997133
842.59796,-44.164345,4.0071263,4.0842805
842.8155,-45.140167,4.025165,4.0688477
843.0232,-46.118145,4.0420794,4.059889
843.22095,-47.098175,4.0583086,4.05488
843.40875,-48.080154,4.0745373,4.049871
843.5867,-49.06399,4.0907664,4.0448623
843.7545,-50.04958,4.1069956,4.039853
843.9124,-51.03682,4.10871,4.051754
844.06024,-52.02561,4.1019,4.073585
844.198,-53.015858,4.0950904,4.095416
844.32574,-54.00745,4.0882807,4.117247
844.4433,-55.000294,4.081471,4.1390786
844.5508,-55.994286,4.097113,4.1471276
844.64813,-56.989323,4.125542,4.147328
844.7352,-57.985302,4.1539707,4.147528
844.8122,-58.98212,4.1823997,4.147728
844.8789,-59.979675,4.2108283,4.147928
844.93536,-60.977867,4.227554,4.149285
844.9815,-61.97658,4.2377586,4.151286
845.01746,-62.97572,4.2479634,4.153287
845.043,-63.975178,4.2581687,4.1552877
845.0583,-64.974846,4.2683735,4.157289
845.0632,-65.97462,4.265555,4.161351
845.0577,-66.97439,4.2555575,4.16655
845.0418,-67.974045,4.2455597,4.171749
845.01544,-68.97348,4.235562,4.1769476
844.97864,-69.97259,4.225564,4.1821465
844.9314,-70.97125,4.2092733,4.189142
844.87366,-71.96937,4.1894965,4.1971326
844.8055,-72.96683,4.16972,4.2051234
844.727,-73.963524,4.1499434,4.213114
844.6382,-74.95936,4.1301665,4.221104
844.5391,-75.95422,4.1364884,4.207712
844.42993,-76.94802,4.157643,4.182167
844.3106,-77.94066,4.1787977,4.156622
844.1813,-78.932045,4.199952,4.131077
844.042,-79.92207,4.2211065,4.1055317
843.89276,-80.91066,4.2271247,4.0945
843.7337,-81.89772,4.2241335,4.092107
843.56494,-82.88315,4.221142,4.0897136
843.3865,-83.866875,4.2181506,4.0873203
843.1983,-84.84879,4.215159,4.084927
843.0006,-85.828835,4.2032537,4.095113
842.7934,-86.80691,4.185709,4.1132555
842.5767,-87.78293,4.1681643,4.131398
842.3506,-88.75681,4.1506195,4.1495414
842.1152,-89.728485,4.1330748,4.167684
841.8705,-90.69786,4.1130276,4.2005877
841.6165,-91.664856,4.0912895,4.243466
841.3534,-92.629395,4.0695515,4.2863436
841.0812,-93.5914,4.047813,4.3292217
840.79987,-94.55079,4.026075,4.3721
840.5095,-95.50749,4.023164,4.3896513
840.2102,-96.46142,4.0337443,4.3890524
839.902,-97.4125,4.0443254,4.3884535
839.58484,-98.36066,4.054906,4.3878546
839.25885,-99.30581,4.0654864,4.3872557
838.92413,-100.24789,4.067133,4.3920465
838.5806,-101.18681,4.062133,4.4008465
838.2284,-102.1225,4.0571327,4.4096465
837.8675,-103.05488,4.0521326,4.418447
837.498,-103.98387,4.0471325,4.427247
837.1199,-104.9094,4.040056,4.43146
836.73334,-105.831436,4.031437,4.4322615
836.3386,-106.74999,4.0228176,4.4330635
835.93585,-107.66508,4.0141983,4.433865
835.5254,-108.57671,4.005579,4.434667
835.1074,-109.48493,3.996017,4.428196
834.6821,-110.389755,3.9857852,4.4165597
834.24976,-111.29123,3.9755535,4.4049234
833.8106,-112.1894,3.9653218,4.3932877
833.36487,-113.08432,3.95509,4.3816514
832.9128,-113.976036,3.9448605,4.370018
832.45447,-114.86461,3.9346323,4.358386
831.9903,-115.75011,3.9244044,4.346754
831.52045,-116.63261,3.9141762,4.335122
831.0451,-117.51216,3.9039483,4.32349
830.5645,-118.38887,3.8937263,4.3118653
830.0789,-119.262794,3.8835084,4.300245
829.58844,-120.134026,3.8732905,4.2886243
829.09344,-121.002655,3.8630726,4.2770042
828.594,-121.868774,3.8528545,4.2653837
828.0904,-122.73246,3.8426437,4.2538958
827.5828,-123.593834,3.832437,4.2424884
827.07153,-124.45297,3.8222306,4.231081
826.55664,-125.309975,3.8120239,4.2196736
826.0384,-126.164955,3.8018174,4.2082663
825.51697,-127.01801,3.7996273,4.2001195
824.9926,-127.86926,3.8022268,4.1939206
824.46545,-128.7188,3.8048263,4.187722
823.9358,-129.56676,3.8074257,4.1815233
823.4038,-130.41324,3.8100252,4.1753244
822.8696,-131.25836,3.8161228,4.170626
822.3335,-132.10223,3.8243191,4.1668277
821.79553,-132.94495,3.8325152,4.1630297
821.2559,-133.78662,3.8407116,4.159231
820.71484,-134.62735,3.8489077,4.155433
820.1724,-135.46721,3.8572297,4.151634
819.6288,-136.30627,3.8656278,4.1478353
819.0839,-137.14456,3.874026,4.144036
818.5379,-137.98206,3.882424,4.140237
817.9907,-138.8188,3.8908222,4.1364374
817.4424,-139.65482,3.8990972,4.1325135
816.89294,-140.4901,3.9072971,4.128514
816.3424,-141.32468,3.915497,4.1245136
815.7909,-142.15858,3.9236968,4.120514
815.23846,-142.99185,3.9318967,4.1165137
814.685,-143.82451,3.9400973,4.112638
814.13074,-144.65657,3.9482982,4.1088376
813.57556,-145.48805,3.9564993,4.1050367
813.0196,-146.319,3.9647002,4.1012363
812.4628,-147.14943,3.972901,4.097436
811.90533,-147.97935,3.981227,4.0936356
811.34717,-148.8088,3.9896286,4.0898347
810.78827,-149.63782,3.9980302,4.086034
810.2288,-150.46642,4.0064316,4.0822334
809.66876,-151.2946,4.0148335,4.0784326
809.10815,-152.12242,4.0211163,4.0757537
808.547,-152.94989,4.0261173,4.0737534
807.9854,-153.77704,4.0311184,4.0717525
807.42334,-154.6039,4.0361195,4.069752
806.86096,-155.4305,4.0411205,4.067752
806.29816,-156.25684,4.0420012,4.067749
805.73505,-157.08296,4.040401,4.068949
805.17163,-157.90889,4.0388007,4.0701494
804.60803,-158.73466,4.0372,4.07135
804.0442,-159.56029,4.0355997,4.0725503
803.48016,-160.38579,4.034125,4.073625
802.916,-161.21121,4.0327244,4.0746255
802.35175,-162.03658,4.0313244,4.0756254
801.7875,-162.8619,4.029924,4.076626
801.22314,-163.6872,4.028524,4.0776258
800.6589,-164.51251,4.0271235,4.078751
800.09467,-165.33788,4.0257235,4.0799513
799.5305,-166.16328,4.0243235,4.0811515
798.9665,-166.9888,4.022923,4.0823517
798.40265,-167.81444,4.021523,4.083552
797.83905,-168.64021,4.020123,4.0847516
797.27563,-169.46616,4.018723,4.085952
796.7126,-170.29228,4.017323,4.087152
796.1498,-171.11864,4.015923,4.0883517
795.5874,-171.94525,4.0145226,4.089552
795.0254,-172.77211,4.0129976,4.0907516
794.4638,-173.59929,4.011398,4.091952
793.9027,-174.42677,4.009798,4.0931516
793.3421,-175.25461,4.0081983,4.0943513
792.78204,-176.08281,4.006598,4.0955515
792.2226,-176.91142,4.0072517,4.0944977
791.66376,-177.74045,4.009251,4.092098
791.1056,-178.56992,4.011251,4.089699
790.54816,-179.39987,4.0132504,4.0873
789.9914,-180.23032,4.0152497,4.0849004
789.4355,-181.06128,4.0217457,4.0778794
788.8804,-181.89279,4.0309415,4.0680842
788.32605,-182.72487,4.0401373,4.0582886
787.7727,-183.55756,4.049333,4.048493
787.2203,-184.39084,4.058529,4.0386977
786.66876,-185.2248,4.067723,4.0287795
786.11835,-186.05939,4.076916,4.018787
785.5689,-186.89468,4.0861096,4.008794
785.02057,-187.7307,4.0953026,3.9988012
784.4734,-188.56746,4.104496,3.9888086
783.92737,-189.40497,4.113688,3.9789412
783.38257,-190.24329,4.1228786,3.969151
782.8391,-191.08246,4.1320696,3.9593608
782.29706,-191.92255,4.14126,3.9495707
781.7565,-192.7636,4.150451,3.9397805
781.21747,-193.60567,4.1580477,3.9330564
780.6802,-194.4488,4.1646414,3.9282608
780.14465,-195.29306,4.171235,3.9234655
779.61096,-196.13849,4.177829,3.91867
779.0792,-196.98514,4.1844225,3.9138746
778.5495,-197.83307,4.1901655,3.9111478
778.0219,-198.68231,4.1953626,3.9097486
777.4965,-199.53293,4.2005596,3.9083493
776.97345,-200.38496,4.2057567,3.9069502
776.45276,-201.23848,4.2109537,3.905551
775.9346,-202.09349,4.2145762,3.9120328
775.419,-202.95007,4.2171764,3.9236333
774.90607,-203.80826,4.2197766,3.935234
774.39594,-204.6681,4.222377,3.9468346
773.8887,-205.52965,4.224977,3.9584353
773.38434,-206.39293,4.225029,3.9840019
772.8831,-207.258,4.223428,4.0186296
772.385,-208.12488,4.221826,4.053257
771.8902,-208.99362,4.220225,4.087885
771.39874,-209.86427,4.2186236,4.1225123
770.9107,-210.73686,4.231207,4.160702
770.4262,-211.61142,4.25284,4.2011642
769.94543,-212.488,4.274473,4.241626
769.4684,-213.36665,4.2961063,4.282088
768.99524,-214.2474,4.3177395,4.32255
768.5261,-215.1303,4.358336,4.36761
768.0611,-216.01534,4.4106455,4.4155107
767.6002,-216.90256,4.462955,4.463411
767.1435,-217.79193,4.5152645,4.5113115
766.69104,-218.6835,4.5675745,4.559212
766.2429,-219.57722,4.619763,4.6071167
765.799,-220.47305,4.671879,4.655023
765.35913,-221.37086,4.7239947,4.70293
764.92303,-222.27054,4.7761106,4.7508364
764.4906,-223.17195,4.8282266,4.7987432
764.0615,-224.07501,4.888915,4.857659
763.63574,-224.97958,4.9544306,4.9227734
763.21295,-225.88559,5.019946,4.9878883
762.7931,-226.79294,5.085461,5.053003
762.3759,-227.70152,5.1509767,5.118118
761.96124,-228.61128,5.218145,5.1855345
761.54895,-229.5221,5.2862086,5.2541986
761.13885,-230.43388,5.354272,5.3228626
760.7307,-231.34657,5.4223356,5.3915267
760.32434,-232.26004,5.4903994,5.460191
759.91956,-233.17424,5.558419,5.5286803
759.5162,-234.08905,5.6264157,5.597077
759.1141,-235.00441,5.6944127,5.665474
758.713,-235.92023,5.762409,5.7338705
758.3128,-236.83641,5.830406,5.8022676
757.91327,-237.75288,5.8983583,5.8707495
757.51416,-238.66959,5.966286,5.939277
757.1154,-239.58641,6.0342145,6.007805
756.7168,-240.5033,6.102143,6.076332
756.3181,-241.42015,6.170071,6.14486
755.91925,-242.33691,6.237956,6.2133436
755.5199,-243.2535,6.305817,6.2818036
755.11993,-244.16978,6.3736787,6.350264
754.7191,-245.08571,6.44154,6.418724
754.31726,-246.00119,6.5094013,6.4871845
753.9141,-246.9161,6.5773478,6.5554748
753.5097,-247.83043,6.6453424,6.6236687
753.10376,-248.7441,6.713337,6.6918626
752.6962,-249.65707,6.7813315,6.760057
752.2871,-250.56932,6.849326,6.828251
751.8763,-251.4808,6.8816977,6.863178
751.4638,-252.39151,6.892458,6.877924
751.0497,-253.3015,6.9032183,6.8926697
750.63403,-254.2108,6.9139786,6.9074154
750.217,-255.11946,6.9247394,6.922161
749.7986,-256.0275,6.9297223,6.93125
749.37897,-256.93497,6.930918,6.936631
748.9582,-257.8419,6.9321136,6.9420123
748.5362,-258.74826,6.9333096,6.9473934
748.11316,-259.65414,6.9345055,6.9527745
747.6891,-260.55954,6.935702,6.958276
747.2641,-261.46448,6.936899,6.963862
746.83813,-262.369,6.938096,6.969448
746.4114,-263.27313,6.939293,6.975034
745.9838,-264.17688,6.9404902,6.980621
745.5556,-265.08032,6.9416885,6.986213
745.1267,-265.98346,6.942888,6.9918103
744.69727,-266.8863,6.9440875,6.9974074
744.26733,-267.7889,6.9452868,7.0030046
743.83685,-268.6913,6.946486,7.0086017
743.40607,-269.5935,6.9476876,7.0140934
742.9749,-270.49554,6.94889,7.019506
742.5435,-271.3975,6.9500933,7.024919
742.11194,-272.29932,6.951296,7.030332
741.6802,-273.20108,6.952499,7.0357447
741.24835,-274.1028,6.9537044,7.0408177
740.8165,-275.00455,6.9549117,7.0456476
740.3848,-275.90628,6.9561195,7.0504775
739.9532,-276.8081,6.957327,7.0553074
739.5217,-277.71,6.9585342,7.0601377
739.09045,-278.612,6.9587517,7.053678
738.65955,-279.51416,6.9583473,7.0401335
738.22906,-280.41653,6.957943,7.026589
737.7991,-281.31912,6.9575386,7.0130444
737.3697,-282.22202,6.9571342,6.9994993
736.941,-283.1252,6.956595,6.9858155
736.51306,-284.0288,6.955988,6.9720616
736.08606,-284.9328,6.9553814,6.958308
735.66003,-285.83728,6.9547744,6.944555
735.2351,-286.74228,6.954168,6.9308014
734.8114,-287.64786,6.953709,6.9172635
734.38904,-288.55405,6.9533076,6.903808
733.9681,-289.4609,6.952906,6.8903527
733.54865,-290.36844,6.9525046,6.8768973
733.1308,-291.2767,6.9521027,6.8634424
732.7146,-292.18576,6.951558,6.850133
732.30023,-293.09564,6.9509645,6.8368735
731.8877,-294.00635,6.950371,6.823614
731.47705,-294.9179,6.949777,6.810355
731.06836,-295.83035,6.9491835,6.797096
730.6616,-296.74365,6.948731,6.78385
730.2557,-297.65732,6.9483414,6.7706103
729.8487,-298.57053,6.9479523,6.757371
729.4389,-299.48248,6.9475627,6.744131
729.0244,-300.3923,6.947173,6.730891
728.6035,-301.29916,6.9327908,6.737257
728.1743,-302.20215,6.907191,6.7593393
727.73505,-303.10025,6.881591,6.7814217
727.2839,-303.99243,6.855992,6.8035035
726.81903,-304.8776,6.8303967,6.8255816
726.3389,-305.75455,6.8021064,6.8629913
725.84143,-306.62173,6.770345,6.9201217
725.3243,-307.47736,6.7385817,6.977256
724.7851,-308.31927,6.706811,7.0344033
724.2218,-309.1452,6.6750345,7.0915604
723.6323,-309.9527,6.6802025,7.113727
723.016,-310.73987,6.7338476,7.089976
722.3734,-311.50574,6.7874804,7.06623
721.7052,-312.24936,6.841109,7.042486
721.0121,-312.96982,6.8947406,7.0187407
720.2947,-313.66614,6.9209194,6.9577518
719.5542,-314.3378,6.9244246,6.866006
718.7921,-314.9849,6.9279294,6.774261
718.0099,-315.60748,6.931434,6.682521
717.2089,-316.2058,6.934939,6.590779
716.39056,-316.78006,6.849553,6.6334696
715.55597,-317.3305,6.725557,6.7345495
714.70636,-317.85748,6.6015587,6.8356304
713.8429,-318.36136,6.477562,6.9367104
712.96655,-318.84253,6.353561,7.0377936
712.0783,-319.30145,6.3572936,7.0594516
711.1792,-319.73862,6.390991,7.062478
710.2701,-320.15454,6.424689,7.065505
709.35175,-320.54977,6.4583855,7.0685315
708.425,-320.92493,6.4920826,7.0715585
707.4906,-321.28055,6.5121303,7.0835605
706.54926,-321.6172,6.5298467,7.0970964
705.60144,-321.93533,6.547563,7.1106324
704.64777,-322.23553,6.565279,7.1241684
703.68884,-322.5183,6.582996,7.1377044
702.7251,-322.7842,6.5940332,7.155739
701.7569,-323.0337,6.6037073,7.1746917
700.7848,-323.2672,6.6133814,7.193645
699.8091,-323.4852,6.623055,7.212598
698.83014,-323.68814,6.632729,7.231551
697.8482,-323.87646,6.6986485,7.182481
696.8637,-324.05057,6.7818217,7.112544
695.87683,-324.21075,6.864995,7.0426073
694.8879,-324.35736,6.9481683,6.9726706
693.89703,-324.49075,7.031342,6.902734
692.90454,-324.6113,7.0941467,6.8490424
691.91064,-324.71927,7.148368,6.802197
690.91547,-324.81503,7.2025895,6.755351
689.9192,-324.8989,7.256811,6.708505
688.922,-324.9712,7.311033,6.6616592
687.9241,-325.03226,7.28609,6.6862907
686.9256,-325.08246,7.2250924,6.743476
685.9266,-325.1222,7.164095,6.800661
684.92725,-325.15186,7.103098,6.857846
683.9277,-325.17188,7.0421,6.915031
682.9279,-325.18265,6.9811335,6.972461
681.92816,-325.18457,6.92018,7.0299954
680.9284,-325.17807,6.8592257,7.0875297
679.9287,-325.1636,6.798272,7.1450634
678.92914,-325.1416,6.737318,7.2025976
677.9298,-325.11246,6.7373524,7.206951
676.93066,-325.0766,6.7596827,7.191863
675.93176,-325.03452,6.7820125,7.176775
674.9331,-324.98663,6.8043427,7.1616874
673.93475,-324.93338,6.826673,7.1465993
672.93665,-324.87518,6.850509,7.130151
671.93884,-324.8125,6.8748164,7.113276
670.9413,-324.74576,6.899124,7.096401
669.944,-324.67538,6.923432,7.079527
668.9469,-324.60178,6.9477396,7.062652
667.95,-324.5254,6.9632106,7.0546017
666.95337,-324.4467,6.9762416,7.0489883
665.9568,-324.3661,6.989272,7.043375
664.9604,-324.28412,7.002303,7.0377617
663.96405,-324.20117,7.0153337,7.0321484
662.9677,-324.11777,7.006705,7.0480223
661.97144,-324.03418,6.992504,7.0694237
660.97516,-323.95078,6.9783034,7.0908246
659.9788,-323.8678,6.9641023,7.112226
658.9824,-323.78558,6.9499016,7.1336274
657.9859,-323.70438,6.935565,7.154835
656.9894,-323.62402,6.9211936,7.175993
655.9928,-323.5442,6.906822,7.1971507
654.99615,-323.46457,6.892451,7.2183084
653.9996,-323.38483,6.8780794,7.239466
653.003,-323.3046,6.88346,7.232406
652.0065,-323.22363,6.894228,7.217651
651.0101,-323.14172,6.9049954,7.202895
650.01373,-323.05853,6.915763,7.18814
649.0175,-322.97388,6.9265304,7.173384
648.0215,-322.8875,6.9416018,7.1521735
647.02563,-322.7991,6.9579535,7.1290417
646.02997,-322.70847,6.974305,7.10591
645.03455,-322.61526,6.990657,7.082778
644.03937,-322.51923,7.007009,7.059646
643.0445,-322.4201,7.0233727,7.0366483
642.05,-322.31766,7.03974,7.0136933
641.05585,-322.21155,7.056108,6.990739
640.06213,-322.10153,7.0724754,6.9677844
639.06885,-321.98737,7.0888433,6.94483
638.0761,-321.86874,7.0973253,6.9321394
637.084,-321.74542,7.1031227,6.9229436
636.09247,-321.6171,7.10892,6.9137473
635.1016,-321.48355,7.1147175,6.9045515
634.1116,-321.3445,7.120515,6.8953557
633.1223,-321.19968,7.115595,6.9002986
632.134,-321.0488,7.1069846,6.9101105
631.14667,-320.89157,7.0983744,6.9199224
630.1604,-320.72766,7.0897636,6.929734
629.1753,-320.5568,7.0811534,6.939546
628.1915,-320.3787,7.0716333,6.9501185
627.2091,-320.19315,7.06181,6.960944
626.22815,-320.00003,7.0519867,6.97177
625.2487,-319.79926,7.0421634,6.9825954
624.27094,-319.59073,7.03234,6.993421
623.29486,-319.3743,6.992267,7.0384684
622.32056,-319.1501,6.9427357,7.0942163
621.348,-318.91818,6.8932047,7.1499643
620.3773,-318.67883,6.843673,7.205712
619.40845,-318.4321,6.7941422,7.2614594
618.4414,-318.1782,6.744779,7.3171926
617.4763,-317.91718,6.6954646,7.372922
616.5131,-317.6492,6.6461496,7.428652
615.5518,-317.37436,6.596835,7.4843817
614.5925,-317.09274,6.54752,7.5401115
613.63525,-316.80444,6.571987,7.507084
612.67993,-316.50958,6.616462,7.449988
611.7266,-316.20825,6.660937,7.392892
610.7753,-315.9006,6.705412,7.335796
609.8261,-315.58673,6.7498865,7.2786994
608.8789,-315.26675,6.8021364,7.212244
607.9337,-314.9408,6.8563895,7.1433764
606.99066,-314.6089,6.9106426,7.0745087
606.0496,-314.27124,6.964896,7.005641
605.11066,-313.92786,7.0191493,6.9367733
604.1737,-313.57892,7.044887,6.916757
603.23883,-313.22452,7.0634956,6.9089537
602.306,-312.86472,7.082104,6.9011497
601.3753,-312.49963,7.100713,6.8933463
600.4466,-312.1294,7.1193213,6.885543
599.51996,-311.7541,7.1337543,6.8851237
598.5953,-311.3738,7.1471586,6.886524
597.67267,-310.98865,7.160563,6.8879247
596.7521,-310.5987,7.173968,6.889325
595.83344,-310.20407,7.187372,6.8907256
594.9168,-309.80484,7.181956,6.898562
594.0022,-309.40106,7.1719494,6.9079676
593.0896,-308.9928,7.1619434,6.917373
592.17896,-308.58005,7.151937,6.9267793
591.2704,-308.16284,7.141931,6.936185
590.36383,-307.74124,7.120777,6.9493074
589.45935,-307.31525,7.0969577,6.963319
588.5569,-306.88495,7.073138,6.9773307
587.65656,-306.45032,7.049319,6.991342
586.75824,-306.0114,7.0254993,7.0053535
585.862,-305.5683,7.0002184,7.0284567
584.9679,-305.12094,6.9745975,7.0536776
584.07587,-304.66943,6.9489765,7.0788984
583.1859,-304.2138,6.923355,7.1041193
582.2981,-303.75406,6.897734,7.12934
581.4124,-303.29025,6.869505,7.1702213
580.5289,-302.82242,6.840685,7.2146525
579.6474,-302.3506,6.811865,7.2590833
578.76807,-301.8748,6.783045,7.3035145
577.8909,-301.39505,6.754225,7.347945
577.01587,-300.9114,6.75801,7.3456793
576.143,-300.4239,6.7690153,7.333073
575.2723,-299.93256,6.7800207,7.3204675
574.40375,-299.43744,6.7910256,7.3078613
573.5373,-298.9385,6.802031,7.295255
572.6731,-298.43588,6.825024,7.26557
571.811,-297.92953,6.8506293,7.2321634
570.95105,-297.41953,6.8762345,7.1987567
570.0933,-296.90585,6.9018397,7.16535
569.23773,-296.3886,6.927445,7.131943
568.38434,-295.86777,6.953044,7.0983796
567.5331,-295.34338,6.978642,7.064782
566.684,-294.8155,7.00424,7.0311847
565.83716,-294.28412,7.029838,6.997587
564.99243,-293.7493,7.055436,6.9639897
564.1499,-293.21103,7.05655,6.952907
563.3096,-292.6694,7.0523515,6.946709
562.4714,-292.1244,7.0481524,6.9405107
561.6354,-291.57608,7.043954,6.934313
560.8015,-291.02444,7.0397553,6.928115
559.96985,-290.46954,7.0235896,6.932574
559.1404,-289.9114,7.004799,6.9393706
558.31305,-289.35007,6.986008,6.9461675
557.48785,-288.78555,6.9672174,6.952964
556.6649,-288.21786,6.9484267,6.9597607
555.84406,-287.64706,6.9304543,6.966557
555.0254,-287.07315,6.912664,6.973353
554.2089,-286.4962,6.894874,6.9801493
553.39453,-285.91617,6.8770843,6.9869456
552.58234,-285.33313,6.859294,6.9937415
551.77234,-284.74713,6.8734293,6.9987464
550.9644,-284.15814,6.894819,7.003344
550.1587,-283.56622,6.9162087,7.007942
549.3551,-282.97144,6.937598,7.01254
548.5536,-282.37375,6.958988,7.0171375
547.7543,-281.77325,6.9805446,7.0218987
546.95703,-281.16992,7.00214,7.0266976
546.1619,-280.56378,7.023735,7.0314965
545.369,-279.95483,7.04533,7.0362954
544.5782,-279.34308,7.0669255,7.0410943
543.7896,-278.72855,7.06678,7.0583925
543.0031,-278.1113,7.0615788,7.0785975
542.2187,-277.49142,7.0563774,7.0988026
541.4362,-276.86902,7.0511765,7.119007
540.65576,-276.2442,7.045975,7.139212
539.8772,-275.61697,7.02483,7.168701
539.10065,-274.9872,7.0000052,7.200332
538.3265,-274.3546,6.975181,7.231963
537.5549,-273.71884,6.9503565,7.263594
536.78613,-273.07962,6.925533,7.295224
536.0205,-272.43665,6.9005027,7.326909
535.2587,-271.78918,6.875426,7.358606
534.50146,-271.13635,6.850349,7.390303
533.74963,-270.47733,6.8252716,7.4220004
533.004,-269.81128,6.8001947,7.4536977
532.26544,-269.1374,6.7966704,7.453134
531.5348,-268.455,6.7974753,7.4460897
530.8128,-267.7634,6.7982807,7.4390454
530.1004,-267.06198,6.7990856,7.432001
529.3984,-266.35013,6.7998905,7.4249573
528.7077,-265.62726,6.831661,7.371985
528.0293,-264.89285,6.8683023,7.3117895
527.36414,-264.14645,6.9049435,7.2515926
526.7133,-263.38754,6.9415865,7.191394
526.0778,-262.61572,6.9782286,7.131196
525.45874,-261.83072,6.993485,7.0944934
524.8568,-261.03244,7.0062866,7.060488
524.2727,-260.22104,7.0190887,7.0264835
523.7072,-259.39658,7.03189,6.9924793
523.161,-258.5592,7.0446916,6.958476
522.6349,-257.70908,7.0309772,6.9535694
522.1296,-256.8464,7.0142436,6.951976
521.64594,-255.9714,6.9975104,6.9503818
521.18475,-255.08435,6.9807773,6.948788
520.74695,-254.18558,6.964045,6.9471946
520.3333,-253.27539,6.9480214,6.957659
519.9448,-252.3542,6.9320965,6.9698014
519.5825,-251.42241,6.9161716,6.981944
519.2474,-250.48048,6.9002457,6.9940877
518.9406,-249.52898,6.88432,7.0062313
518.6631,-248.56851,6.85572,7.0280066
518.4155,-247.5999,6.8249617,7.0514226
518.1984,-246.624,6.794204,7.074838
518.0124,-245.64172,6.7634473,7.098253
517.85785,-244.65398,6.732692,7.121667
517.7355,-243.66176,6.732346,7.126162
517.6457,-242.66605,6.738906,7.126361
517.58923,-241.66791,6.7454658,7.1265597
517.5665,-240.66841,6.7520256,7.1267586
517.57825,-239.66875,6.7585855,7.126957
517.625,-238.6701,6.791577,7.1031594
517.7076,-237.67378,6.8318324,7.0727663
517.827,-236.68121,6.8720884,7.042373
517.98425,-235.69392,6.912343,7.011981
518.1802,-234.7136,6.9525876,6.9815965
518.4157,-233.742,6.907374,6.9819956
518.6915,-232.78108,6.8428726,6.9893436
519.00836,-231.83292,6.7783594,6.996693
519.367,-230.89973,6.7138195,7.004046
519.768,-229.984,6.649251,7.0114017
520.21155,-229.08806,6.65395,7.0153794
520.69476,-228.2129,6.664778,7.019057
521.2142,-227.3587,6.6756015,7.0227327
521.7664,-226.52533,6.686422,7.0264072
522.3484,-225.71242,6.6971173,7.0302076
522.9571,-224.91937,6.702321,7.039414
523.58997,-224.14543,6.7075267,7.048624
524.24445,-223.38963,6.712733,7.0578346
524.91797,-222.65082,6.717939,7.0670457
525.60834,-221.92767,6.7231765,7.0762205
526.3134,-221.21883,6.729483,7.0841036
527.0312,-220.52293,6.7357903,7.0919876
527.7601,-219.83861,6.742097,7.099871
528.49835,-219.16438,6.7484035,7.1077547
529.2443,-218.49873,6.75471,7.115638
529.99664,-217.84029,6.8023243,7.0824394
530.7549,-217.18866,6.851933,7.047259
531.51886,-216.54373,6.9015436,7.0120764
532.2883,-215.90535,6.9511557,6.9768934
533.06305,-215.27342,7.000767,6.941711
533.8429,-214.64781,7.0290036,6.921238
534.62787,-214.02863,7.054719,6.902499
535.41797,-213.416,7.080435,6.883761
536.21326,-212.81007,7.10615,6.8650227
537.0137,-212.21103,7.1318655,6.846284
537.81934,-211.61897,7.0904346,6.8742976
538.6301,-211.03401,7.039683,6.9088006
539.446,-210.45619,6.988931,6.9433036
540.26697,-209.8856,6.9381795,6.977807
541.09296,-209.3223,6.887428,7.01231
541.9239,-208.76633,6.8366823,7.047111
542.75977,-208.21779,6.7859373,7.081948
543.6005,-207.67674,6.735193,7.1167846
544.4461,-207.14326,6.684448,7.1516213
545.2964,-206.61743,6.6337028,7.1864576
546.1515,-206.0993,6.6212153,7.199467
547.01117,-205.58896,6.6117387,7.210758
547.8755,-205.08644,6.6022625,7.2220488
548.7444,-204.59181,6.5927863,7.23334
549.6177,-204.10512,6.5833097,7.244631
550.4954,-203.6264,6.6205897,7.2296133
551.3775,-203.15573,6.65945,7.213707
552.2638,-202.69312,6.698311,7.1978
553.1543,-202.23862,6.737171,7.181894
554.04895,-201.79228,6.7760305,7.1659837
554.9476,-201.35411,6.8133316,7.1459293
555.8502,-200.92416,6.8506327,7.125875
556.7567,-200.50244,6.8879337,7.1058207
557.667,-200.08897,6.9252343,7.085767
558.58093,-199.68376,6.9625144,7.0656743
559.4986,-199.28687,6.9984164,7.0429363
560.41986,-198.89851,7.0343184,7.0201983
561.3448,-198.51897,7.0702205,6.9974604
562.2734,-198.14848,7.106123,6.9747224
563.2057,-197.78732,7.141995,6.9520063
564.1416,-197.43576,7.134433,6.96116
565.0812,-197.09406,7.126871,6.970314
566.02435,-196.76247,7.1193094,6.9794674
566.9711,-196.44125,7.1117477,6.9886208
567.9215,-196.13069,7.1041865,6.9977746
568.8753,-195.83105,7.0727234,7.0246143
569.83264,-195.54277,7.0406566,7.051901
570.7934,-195.2663,7.0085893,7.079188
571.7576,-195.00208,6.9765215,7.106476
572.7253,-194.7506,6.9444532,7.1337633
573.6962,-194.51219,6.912297,7.1611266
574.6703,-194.28683,6.880136,7.188493
575.6472,-194.07431,6.847976,7.215859
576.62683,-193.87444,6.815816,7.243225
577.6089,-193.68701,6.783654,7.2705927
578.59314,-193.5117,6.7914896,7.2501745
579.57935,-193.3475,6.801493,7.227165
580.5672,-193.19318,6.811497,7.204157
581.5563,-193.04752,6.821501,7.1811485
582.54645,-192.90927,6.8315043,7.15814
583.5375,-192.77722,6.8432155,7.133238
584.5292,-192.65025,6.8550167,7.1082363
585.52136,-192.52724,6.8668175,7.0832343
586.5139,-192.40707,6.8786182,7.0582323
587.50665,-192.28862,6.8904195,7.0332303
588.4995,-192.17082,6.902221,7.008226
589.4923,-192.0527,6.9140234,6.9832215
590.4849,-191.93336,6.9258256,6.9582167
591.4773,-191.81186,6.9376283,6.933212
592.4693,-191.68727,6.9494305,6.908207
593.4608,-191.55885,6.961051,6.8831835
594.4518,-191.42651,6.972662,6.858159
595.44226,-191.29036,6.9842734,6.833135
596.43225,-191.15053,6.9958844,6.8081117
597.4217,-191.00711,7.0074954,6.7830877
598.4106,-190.86023,7.0193048,6.7578573
599.39905,-190.70988,7.0311236,6.7326174
600.3869,-190.55608,7.0429425,6.707377
601.37427,-190.39877,7.0547614,6.682137
602.361,-190.23796,7.06658,6.656897
603.3472,-190.07365,7.069126,6.6420836
604.3328,-189.90585,7.0713305,6.627655
605.3178,-189.73459,7.073535,6.6132264
606.30225,-189.55988,7.0757394,6.5987973
607.286,-189.38173,7.077944,6.5843687
608.26917,-189.2002,7.014716,6.6418147
609.2517,-189.01527,6.9497733,6.7011456
610.23364,-188.82698,6.88483,6.760476
611.21484,-188.63533,6.8198867,6.819807
612.19543,-188.44034,6.754944,6.879138
613.17535,-188.24202,6.7504444,6.8857284
614.1546,-188.04039,6.746836,6.8915415
615.1332,-187.83545,6.7432284,6.8973546
616.111,-187.62724,6.73962,6.9031672
617.0882,-187.41577,6.736012,6.9089804
618.0647,-187.20105,6.7657614,6.88563
619.0404,-186.98311,6.795624,6.862181
620.01544,-186.76195,6.825486,6.8387322
620.98975,-186.53758,6.8553486,6.8152833
621.96326,-186.31004,6.8851557,6.7919135
622.9361,-186.07933,6.9071956,6.7796917
623.90814,-185.84549,6.929235,6.7674694
624.87946,-185.6085,6.951275,6.7552476
625.85,-185.3684,6.973315,6.743026
626.8197,-185.1252,6.995277,6.7309165
627.7887,-184.87892,7.012501,6.725709
628.7569,-184.62958,7.0297246,6.720502
629.7243,-184.37718,7.0469484,6.715295
630.6909,-184.12177,7.0641723,6.7100873
631.65674,-183.86333,7.08077,6.705336
632.6217,-183.60188,7.070761,6.7199483
633.5859,-183.33746,7.060753,6.734561
634.54926,-183.07008,7.0507445,6.749173
635.51184,-182.79976,7.0407357,6.763786
636.4735,-182.52649,7.0304275,6.778605
637.43445,-182.25032,7.009423,6.80081
638.3945,-181.97125,6.988418,6.8230147
639.3537,-181.68929,6.9674134,6.84522
640.312,-181.40446,6.9464087,6.867425
641.26953,-181.1168,6.9254103,6.889635
642.2262,-180.82631,6.9046206,6.912024
643.182,-180.53299,6.8838305,6.934413
644.1369,-180.23688,6.863041,6.956802
645.091,-179.93799,6.8422513,6.9791913
646.0442,-179.63634,6.8224607,7.000555
646.9965,-179.33192,6.840238,6.9833765
647.94794,-179.02478,6.8580155,6.9661984
648.8985,-178.71494,6.875793,6.9490204
649.8482,-178.40239,6.8935704,6.931842
650.797,-178.08716,6.911473,6.914539
651.7449,-177.76926,6.935622,6.8909883
652.6919,-177.44872,6.9597716,6.867438
653.638,-177.12553,6.9839206,6.8438873
654.5832,-176.79973,7.00807,6.8203363
655.5275,-176.47133,7.0322175,6.7967863
656.47095,-176.14032,7.0561514,6.773251
657.4134,-175.80658,7.0800853,6.7497163
658.3548,-175.46997,7.104019,6.726181
659.2951,-175.13036,7.127953,6.702646
660.2343,-174.78761,7.1518874,6.679111
661.1723,-174.44159,7.1504116,6.6786027
662.1091,-174.09215,7.1488156,6.678204
663.04443,-173.73917,7.1472197,6.677805
663.97845,-173.38249,7.1456237,6.677406
664.911,-173.022,7.1440277,6.6770067
665.842,-172.65756,7.0827656,6.730188
666.77136,-172.28902,7.020451,6.784313
667.6991,-171.91624,6.958137,6.8384385
668.625,-171.53911,6.895823,6.8925643
669.5491,-171.15747,6.833509,6.9466896
670.47125,-170.77118,6.7708893,7.001106
671.39136,-170.38013,6.7082624,7.055529
672.3094,-169.98416,6.645635,7.109953
673.2252,-169.58315,6.5830083,7.1643763
674.1388,-169.17697,6.5203815,7.2187996
675.05,-168.76549,6.545081,7.188428
675.9587,-168.34854,6.571751,7.1561437
676.8648,-167.92603,6.5984206,7.1238594
677.7682,-167.49776,6.62509,7.091575
678.6688,-167.06363,6.6517596,7.059291
679.5665,-166.6235,6.7232985,6.9833198
680.4612,-166.17728,6.795245,6.906952
681.3528,-165.72484,6.8671923,6.8305836
682.2411,-165.2661,6.939139,6.7542157
683.1261,-164.80098,7.011085,6.6778483
684.0076,-164.32935,7.082966,6.6015377
684.88556,-163.85097,7.1548467,6.525227
685.75964,-163.36563,7.226727,6.4489174
686.6297,-162.8731,7.2986064,6.3726087
687.4955,-162.3731,7.366521,6.3015547
688.3567,-161.8653,7.356632,6.333643
689.21277,-161.34888,7.346743,6.365731
690.06305,-160.82294,7.3368545,6.3978195
690.9068,-160.2866,7.3269653,6.4299088
691.7433,-159.739,7.31643,6.4622536
692.5717,-159.17932,7.299622,6.4970846
693.39136,-158.60689,7.2828145,6.5319147
694.2015,-158.02098,7.266007,6.5667443
695.0012,-157.421,7.2492003,6.6015725
695.78973,-156.80632,7.230514,6.635298
696.56604,-156.17633,7.2015734,6.6630244
697.32916,-155.53043,7.172633,6.69075
698.07794,-154.868,7.1436915,6.7184777
698.8113,-154.18849,7.1147475,6.746207
699.52795,-153.49142,7.082952,6.775504
700.22705,-152.77667,7.0406947,6.8105516
700.9082,-152.04485,6.9984417,6.845596
701.5712,-151.29662,6.956191,6.8806376
702.2161,-150.53261,6.9139404,6.9156795
702.8426,-149.75348,6.868646,6.952222
703.4507,-148.95993,6.812593,6.9940643
704.0408,-148.15288,6.7565384,7.035908
704.6133,-147.33322,6.700485,7.07775
705.1685,-146.50183,6.6444335,7.1195917
705.7071,-145.65953,6.6004367,7.152769
706.22943,-144.80702,6.6227846,7.1382627
706.7357,-143.94493,6.6451335,7.1237555
707.2263,-143.07379,6.667483,7.1092477
707.7014,-142.19414,6.689832,7.0947404
708.16144,-141.30647,6.713104,7.079625
708.60657,-140.41125,6.752907,7.0536156
709.0368,-139.50879,6.792711,7.027605
709.4522,-138.5994,6.832515,7.0015945
709.8528,-137.68336,6.8723183,6.975584
710.2384,-136.76096,6.912121,6.9495745
710.60913,-135.83244,6.983635,6.9027557
710.9646,-134.898,7.0558653,6.855467
711.30444,-133.95775,7.128097,6.808177
711.62823,-133.01186,7.2003293,6.7608867
711.9356,-132.0605,7.2725616,6.7135963
712.22614,-131.10388,7.2742205,6.690168
712.49963,-130.14223,7.273413,6.667574
712.7556,-129.1758,7.2726064,6.64498
712.99384,-128.20482,7.2717996,6.6223855
713.21405,-127.22959,7.270929,6.59997
713.41583,-126.2504,7.263204,6.5967174
713.599,-125.26754,7.2554793,6.593465
713.7632,-124.281334,7.2477546,6.5902123
713.9081,-123.29212,7.24003,6.58696
714.0334,-122.30023,7.2320833,6.5865126
714.13885,-121.306046,7.2218885,6.614445
714.2243,-120.30993,7.2116942,6.642378
714.2894,-119.31228,7.2015,6.6703105
714.33405,-118.3135,7.1913056,6.698243
714.3579,-117.31402,7.1817946,6.7250676
714.3609,-116.31425,7.17529,6.7470207
714.3429,-115.314644,7.1687856,6.768974
714.3037,-114.315636,7.162281,6.7909265
714.24335,-113.317696,7.1557765,6.8128796
714.1616,-112.321266,7.149931,6.83365
714.05853,-111.32683,7.1459074,6.851153
713.93414,-110.33483,7.141884,6.8686557
713.7884,-109.34574,7.1378603,6.8861585
713.6214,-108.360016,7.1338367,6.9036613
713.43317,-107.37812,7.1192183,6.919966
713.2239,-106.400505,7.079285,6.933409
712.9936,-105.42761,7.0393524,6.9468517
712.7427,-104.459854,6.99942,6.9602942
712.4711,-103.49766,6.9594884,6.973737
712.1793,-102.54143,6.919016,6.9858027
711.86725,-101.5916,6.8767943,6.993426
711.53503,-100.64865,6.8345723,7.0010495
711.18256,-99.713066,6.79235,7.0086727
710.8099,-98.785355,6.7501273,7.0162964
710.417,-97.866035,6.7201037,7.019898
710.0038,-96.95565,6.77898,6.994189
709.57007,-96.05485,6.837855,6.96848
709.11566,-95.16431,6.89673,6.942771
708.6404,-94.28475,6.9556036,6.917063
708.144,-93.41693,7.014307,6.891237
707.6263,-92.56164,7.0665836,6.8607087
707.087,-91.719826,7.1188593,6.8301816
706.52563,-90.89254,7.1711383,6.799652
705.9419,-90.080864,7.223423,6.7691193
705.3356,-89.28597,7.275526,6.738466
704.70654,-88.508896,7.314228,6.6991525
704.0556,-87.750084,7.3529263,6.659843
703.38367,-87.00978,7.3916216,6.620537
702.6917,-86.28821,7.430316,6.5812316
701.9805,-85.58556,7.463174,6.548803
701.251,-84.90195,7.4455643,6.5758314
700.5042,-84.237236,7.4279537,6.602862
699.7412,-83.59121,7.4103427,6.6298923
698.96295,-82.963615,7.392732,6.656923
698.1704,-82.354164,7.3618603,6.6995254
697.36456,-81.762474,7.2840586,6.7972345
696.54626,-81.18804,7.2062554,6.8949456
695.71655,-80.63027,7.1284547,6.9926534
694.8762,-80.08857,7.0506573,7.090357
694.0262,-79.562294,6.9989786,7.1533403
693.16705,-79.05102,7.0089936,7.134312
692.29913,-78.554726,7.0190086,7.1152835
691.42285,-78.073425,7.029024,7.096254
690.53845,-77.60713,7.0390396,7.0772247
689.64636,-77.155846,7.054659,7.0508
688.74677,-76.719635,7.083044,7.007527
687.8399,-76.29872,7.1114297,6.9642544
686.926,-75.8933,7.139815,6.9209814
686.0053,-75.50361,7.1682,6.877709
685.078,-75.12986,7.1860332,6.845364
684.14435,-74.77232,7.174932,6.8429856
683.2045,-74.431366,7.1638303,6.8406067
682.25867,-74.10735,7.1527286,6.8382277
681.3071,-73.800674,7.1416273,6.835849
680.35004,-73.51171,7.128736,6.8353767
679.38763,-73.24077,7.1096044,6.8415546
678.42035,-72.98802,7.0904727,6.8477325
677.4484,-72.75362,7.071341,6.853911
676.4723,-72.537704,7.0522075,6.8600893
675.4921,-72.34043,7.0390987,6.86393
674.5085,-72.16152,7.0493245,6.858717
673.5219,-71.999725,7.059551,6.8535037
672.53284,-71.85365,7.0697756,6.848291
671.5418,-71.7219,7.0800004,6.843078
670.54913,-71.603065,7.0932817,6.83673
669.5551,-71.49577,7.117548,6.8263016
668.56006,-71.39872,7.1418157,6.8158727
667.56415,-71.310616,7.1660833,6.8054433
666.56757,-71.23015,7.190351,6.7950144
665.57056,-71.15601,7.2074227,6.788531
664.5732,-71.086914,7.2006116,6.7951417
663.5755,-71.02153,7.1938004,6.8017526
662.5777,-70.95855,7.1869893,6.8083634
661.57983,-70.89666,7.180178,6.8149743
660.582,-70.83454,7.164772,6.8263383
659.5842,-70.77132,7.12211,6.852777
658.5865,-70.70694,7.0794477,6.8792152
657.58887,-70.641464,7.0367856,6.905654
656.59125,-70.57497,6.9941235,6.9320927
655.59375,-70.50749,6.9536386,6.954276
654.5963,-70.4391,6.91979,6.963489
653.59894,-70.369835,6.885941,6.9727025
652.6016,-70.29972,6.8520923,6.981916
651.6043,-70.22879,6.8182435,6.991129
650.6071,-70.15708,6.7886214,6.992043
649.61,-70.08463,6.7713985,6.968612
648.61285,-70.01149,6.754176,6.9451814
647.6158,-69.93768,6.7369533,6.9217505
646.6188,-69.863266,6.7197304,6.8983197
645.6218,-69.78827,6.702509,6.874838
644.6249,-69.71274,6.68529,6.8512115
643.628,-69.63672,6.668071,6.8275857
642.6311,-69.56024,6.6508517,6.8039594
641.6343,-69.483345,6.6336327,6.7803335
640.6375,-69.40608,6.6164155,6.7567625
639.64075,-69.328476,6.5992017,6.733344
638.644,-69.25058,6.581988,6.709925
637.6473,-69.17243,6.564774,6.6865067
636.6505,-69.09406,6.54756,6.663088
635.6539,-69.015526,6.5303483,6.6396174
634.65717,-68.93685,6.513141,6.616008
633.66046,-68.858086,6.4959345,6.592398
632.6638,-68.77926,6.4787273,6.5687885
631.6671,-68.700424,6.46152,6.545179
630.6705,-68.621605,6.4443154,6.5216265
629.67377,-68.54286,6.4271164,6.498228
628.67706,-68.46422,6.4099174,6.474829
627.68036,-68.38572,6.3927183,6.451431
626.68365,-68.3074,6.3755193,6.428032
625.68695,-68.22932,6.3583226,6.404582
624.6902,-68.15149,6.3411317,6.3809943
623.6934,-68.07397,6.3239408,6.357407
622.6966,-67.99678,6.30675,6.33382
621.69977,-67.91998,6.2895594,6.310232
620.7029,-67.84361,6.2724237,6.2866473
619.706,-67.76769,6.255439,6.2630677
618.70905,-67.69228,6.2384534,6.2394886
617.71204,-67.61741,6.2214684,6.2159095
616.715,-67.54311,6.2044835,6.19233
615.71796,-67.46944,6.186758,6.167428
614.7208,-67.39642,6.1669793,6.138859
613.7237,-67.324104,6.1472006,6.1102896
612.72644,-67.252525,6.127422,6.0817204
611.7292,-67.18172,6.107643,6.053151
610.7319,-67.11173,6.0867753,6.022145
609.73444,-67.0426,6.062803,5.9841876
608.737,-66.974365,6.0388303,5.946231
607.7395,-66.90707,6.0148573,5.908274
606.7419,-66.840744,5.990885,5.8703175
605.74426,-66.77544,5.9668612,5.8323603
604.7465,-66.71118,5.942687,5.794401
603.7487,-66.648026,5.9185133,5.756442
602.75085,-66.586,5.894339,5.7184834
601.7529,-66.52515,5.8701653,5.6805243
600.75494,-66.46551,5.8489704,5.6481757
599.75684,-66.40713,5.8367815,5.6327896
598.75867,-66.35004,5.8245926,5.617404
597.76044,-66.29428,5.8124037,5.602018
596.76215,-66.23989,5.800215,5.586632
595.76373,-66.18693,5.7882204,5.5738297
594.7653,-66.13541,5.776828,5.5690327
593.7668,-66.08539,5.765435,5.5642357
592.7681,-66.036896,5.7540426,5.559439
591.7695,-65.98998,5.74265,5.554642
590.7707,-65.94469,5.729957,5.552396
589.77185,-65.90104,5.713163,5.5581937
588.77295,-65.85909,5.696368,5.563992
587.774,-65.81888,5.679574,5.56979
586.77496,-65.78043,5.6627793,5.575588
585.7758,-65.74381,5.6459355,5.5813866
584.7766,-65.709045,5.628935,5.587187
583.7774,-65.67618,5.611934,5.592987
582.7781,-65.64524,5.594934,5.5987873
581.7787,-65.61629,5.5779333,5.6045876
580.7793,-65.58935,5.560979,5.6103883
579.7798,-65.564476,5.544172,5.6161904
578.7803,-65.541695,5.5273647,5.621993
577.7807,-65.521065,5.5105577,5.6277957
576.78107,-65.50261,5.493751,5.633598
575.78143,-65.486374,5.48356,5.635681
574.78174,-65.472404,5.4941683,5.626074
573.78204,-65.46074,5.504777,5.6164665
572.7823,-65.451416,5.515385,5.6068587
571.78253,-65.44447,5.5259933,5.5972514
570.7827,-65.439964,5.5423965,5.584451
569.78296,-65.43791,5.5766344,5.5618267
568.78314,-65.43837,5.610872,5.5392017
567.7834,-65.44138,5.645109,5.516577
566.7836,-65.446976,5.6793466,5.4939523
565.7839,-65.4552,5.7135863,5.471326
564.7841,-65.466095,5.7478313,5.448696
563.7844,-65.479706,5.782077,5.4260664
562.7848,-65.496056,5.8163223,5.403436
561.78516,-65.515205,5.8505673,5.3808064
560.78564,-65.53718,5.8711553,5.3701334
559.78613,-65.56199,5.8523283,5.393967
558.78674,-65.589615,5.8335013,5.4178014
557.7874,-65.62,5.814675,5.441635
556.78815,-65.65313,5.795848,5.465469
555.789,-65.68894,5.773579,5.492321
554.79,-65.72741,5.741736,5.5275693
553.791,-65.768486,5.7098923,5.5628176
552.7922,-65.81214,5.6780486,5.5980654
551.79346,-65.85833,5.6462054,5.6333137
550.79486,-65.90701,5.644293,5.6826286
549.7964,-65.95816,5.722786,5.769732
548.79803,-66.011734,5.801279,5.8568354
547.7998,-66.06768,5.879772,5.9439383
546.80176,-66.12598,5.9582653,6.0310416
545.8038,-66.18658,6.0422463,6.1208024
544.80597,-66.249435,6.1405363,6.217491
543.8083,-66.31453,6.2388268,6.31418
542.8108,-66.38181,6.337117,6.4108686
541.8134,-66.45124,6.4354076,6.507558
540.8162,-66.52278,6.515643,6.583936
539.8191,-66.59639,6.549864,6.608551
538.8222,-66.67204,6.584084,6.633166
537.82544,-66.74968,6.6183043,6.65778
536.8288,-66.82928,6.652525,6.682395
535.83234,-66.9108,6.6699357,6.688207
534.83606,-66.994194,6.6451297,6.6467967
533.8399,-67.07943,6.620323,6.6053867
532.84393,-67.166466,6.595517,6.5639763
531.8481,-67.25527,6.570711,6.522566
530.8524,-67.345795,6.5459647,6.4811597
529.8569,-67.43801,6.521367,6.439764
528.8615,-67.531876,6.4967694,6.398368
527.8663,-67.62735,6.472172,6.356972
526.8712,-67.7244,6.447574,6.315576
525.8763,-67.82298,6.4229217,6.274184
524.88153,-67.92306,6.3981323,6.2328014
523.8869,-68.02459,6.3733425,6.1914186
522.89246,-68.12755,6.348553,6.1500363
521.89813,-68.23188,6.3237634,6.1086535
520.90393,-68.33756,6.298976,6.067274
519.90985,-68.44455,6.274193,6.0259027
518.91595,-68.5528,6.24941,5.9845314
517.9222,-68.662285,6.2246275,5.94316
516.9285,-68.77296,6.1998444,5.9017887
515.93506,-68.88479,6.175063,5.860364
514.94165,-68.997734,6.1502857,5.8188014
513.94836,-69.111755,6.125508,5.777239
512.95526,-69.22682,6.1007304,5.7356763
511.96222,-69.34289,6.0759525,5.694114
510.9693,-69.45992,6.051231,5.652608
509.9765,-69.57788,6.026656,5.6112504
508.9838,-69.69674,6.0020814,5.569893
507.99118,-69.81644,5.9775066,5.5285354
506.9987,-69.93696,5.952932,5.487178
506.0063,-70.05826,5.9328938,5.454786
505.01398,-70.18029,5.925102,5.446594
504.02176,-70.303024,5.91731,5.438403
503.0296,-70.42644,5.9095182,5.4302115
502.03754,-70.55047,5.9017267,5.4220204
501.04556,-70.6751,5.901613,5.428603
500.05365,-70.80029,5.9227924,5.476156
499.0618,-70.926,5.9439716,5.52371
498.07,-71.05218,5.965151,5.571263
497.07825,-71.17878,5.98633,5.6188164
496.08658,-71.30577,6.007458,5.666372
495.0949,-71.43312,6.0284414,5.7139344
494.10333,-71.56081,6.049425,5.7614965
493.11176,-71.68882,6.0704083,5.809059
492.12024,-71.81715,6.0913916,5.8566213
491.12875,-71.945786,6.1123767,5.9041867
490.13733,-72.07473,6.133365,5.9517612
489.14594,-72.204025,6.154354,5.999336
488.1546,-72.333694,6.175343,6.0469103
487.1633,-72.463776,6.1963315,6.094485
486.17206,-72.59431,6.2173724,6.1420627
485.1809,-72.72532,6.238567,6.1896496
484.1898,-72.856834,6.259761,6.2372365
483.19876,-72.98889,6.280955,6.2848234
482.20782,-73.121506,6.3021493,6.332411
481.21695,-73.25471,6.3211765,6.3757653
480.22617,-73.38852,6.3337765,6.4065647
479.23544,-73.52298,6.3463764,6.437364
478.24484,-73.658104,6.358976,6.4681635
477.2543,-73.79394,6.371576,6.498963
476.2639,-73.9305,6.3754034,6.5124207
475.2736,-74.06781,6.3531985,6.474412
474.2834,-74.20591,6.330993,6.4364033
473.29327,-74.34482,6.3087883,6.3983946
472.3033,-74.48457,6.2865834,6.360386
471.31348,-74.6252,6.264326,6.322375
470.32376,-74.76672,6.241916,6.2843575
469.33417,-74.90917,6.219506,6.2463403
468.3447,-75.052574,6.197096,6.208323
467.3554,-75.19696,6.1746855,6.1703057
466.36624,-75.34236,6.152325,6.1322865
465.37723,-75.48879,6.1301107,6.0942616
464.3884,-75.6363,6.1078963,6.0562367
463.39972,-75.78489,6.085682,6.018212
462.4112,-75.934616,6.063467,5.980187
461.42285,-76.08549,6.0412517,5.9421606
460.4347,-76.23753,6.019034,5.90413
459.44672,-76.39079,5.9968157,5.866099
458.45895,-76.54529,5.974598,5.8280683
457.47137,-76.70105,5.9523797,5.7900376
456.48398,-76.85809,5.9301085,5.751953
455.49683,-77.016464,5.907688,5.713718
454.5099,-77.176186,5.8852677,5.6754827
453.52316,-77.33727,5.862847,5.637248
452.53665,-77.49977,5.8404264,5.599013
451.55038,-77.6637,5.8180594,5.560831
450.5644,-77.82909,5.795838,5.5227947
449.5786,-77.99596,5.773617,5.4847584
448.5931,-78.164345,5.7513957,5.4467225
447.60788,-78.334274,5.7291746,5.408686
446.6229,-78.505775,5.7079887,5.373265
445.6382,-78.67887,5.689572,5.344839
444.6538,-78.85359,5.671155,5.3164134
443.6697,-79.02997,5.652738,5.287987
442.6859,-79.20802,5.6343217,5.2595615
441.7024,-79.38779,5.6195602,5.2405505
440.71924,-79.56928,5.614356,5.246155
439.7364,-79.75254,5.6091523,5.251759
438.75388,-79.93759,5.603948,5.2573633
437.7717,-80.12446,5.5987444,5.2629676
436.7899,-80.31316,5.593597,5.2685714
435.80844,-80.503746,5.5885944,5.274174
434.82733,-80.69622,5.583592,5.279777
433.84665,-80.890625,5.5785894,5.28538
432.86633,-81.086975,5.573587,5.2909827
431.8864,-81.2853,5.568528,5.296585
430.9069,-81.48564,5.563328,5.3021855
429.9278,-81.688,5.558127,5.307786
428.94913,-81.892426,5.5529265,5.313387
427.9709,-82.09893,5.547726,5.3189874
426.99313,-82.30755,5.5425262,5.324587
426.0158,-82.5183,5.5373287,5.3301845
425.03894,-82.73122,5.5321307,5.3357825
424.06256,-82.946304,5.5269327,5.34138
423.08667,-83.16358,5.521735,5.3469777
422.11127,-83.38308,5.5178313,5.3517876
421.13638,-83.60481,5.517232,5.354585
420.16202,-83.8288,5.516632,5.357383
419.18817,-84.055046,5.5160327,5.3601804
418.21484,-84.28359,5.5154333,5.3629785
417.24207,-84.51445,5.515111,5.365665
416.26987,-84.74763,5.5155106,5.368063
415.29822,-84.983154,5.51591,5.3704605
414.32715,-85.22105,5.5163097,5.3728585
413.35666,-85.46133,5.5167093,5.375256
412.38678,-85.70401,5.5170546,5.3776536
411.41748,-85.94911,5.5172544,5.3800516
410.44882,-86.196655,5.517454,5.3824496
409.4808,-86.44666,5.517654,5.3848476
408.51343,-86.69915,5.5178537,5.3872457
407.5467,-86.95414,5.5180535,5.3896437
406.58066,-87.21165,5.5182533,5.392042
405.61526,-87.471695,5.5184536,5.3944407
404.65057,-87.7343,5.5186534,5.396839
403.6866,-87.99948,5.518853,5.3992376
402.72336,-88.26726,5.519053,5.4026446
401.7608,-88.53765,5.5192533,5.408844
400.79904,-88.81068,5.519453,5.415043
399.838,-89.086365,5.519653,5.421242
398.87775,-89.36473,5.519853,5.4274416
397.91827,-89.64579,5.52,5.4336414
396.95963,-89.929565,5.52,5.4398446
396.00177,-90.21608,5.52,5.4460473
395.04474,-90.50534,5.52,5.4522505
394.08853,-90.79737,5.52,5.458453
393.1332,-91.092186,5.52,5.4647107
392.17868,-91.38961,5.52,5.471118
391.22482,-91.6891,5.52,5.4775248
390.2714,-91.9901,5.52,5.483932
389.3183,-92.292015,5.52,5.490339
388.3653,-92.59429,5.52,5.4966917
387.41223,-92.89637,5.52,5.5029
386.45895,-93.197716,5.52,5.5091085
385.50525,-93.49782,5.52,5.5153165
384.55103,-93.79615,5.52,5.521525
383.59607,-94.09218,5.520056,5.5277324
382.64023,-94.38533,5.520256,5.5339384
381.6833,-94.67493,5.5204563,5.540145
380.7251,-94.96027,5.5206566,5.546351
379.7654,-95.24066,5.520857,5.552557
378.80414,-95.5154,5.520773,5.5568295
377.84113,-95.78406,5.5199733,5.55623
376.8764,-96.04659,5.5191736,5.55563
375.91006,-96.30305,5.518374,5.5550303
374.94217,-96.55346,5.5175743,5.554431
373.97272,-96.79786,5.516775,5.553719
373.00186,-97.03664,5.5159774,5.5527215
372.02988,-97.27078,5.5151796,5.5517244
371.05704,-97.501366,5.5143814,5.550727
370.08362,-97.72946,5.5135837,5.5497293
369.10986,-97.95614,5.512786,5.5487857
368.13602,-98.18243,5.511988,5.547988
367.1623,-98.40926,5.5111904,5.54719
366.18893,-98.63758,5.5103927,5.5463924
365.21613,-98.868324,5.509595,5.545595
364.24414,-99.10242,5.509051,5.544289
363.27316,-99.34072,5.5092506,5.541492
362.30344,-99.583984,5.5094504,5.5386953
361.33514,-99.83294,5.50965,5.535898
360.3685,-100.08831,5.50985,5.533101
359.4038,-100.35082,5.511794,5.527063
358.44116,-100.62084,5.519003,5.511244
357.4806,-100.898056,5.5262113,5.495425
356.522,-101.182076,5.5334196,5.479607
355.56534,-101.47253,5.540628,5.463789
354.6105,-101.76902,5.5478377,5.4480186
353.6575,-102.07123,5.5550523,5.432387
352.70624,-102.37888,5.562267,5.4167557
351.75665,-102.69175,5.5694814,5.401124
350.80872,-103.00957,5.576696,5.3854923
349.8624,-103.3321,5.585555,5.372249
348.91757,-103.65909,5.5989804,5.3656363
347.97424,-103.99026,5.6124063,5.359024
347.0323,-104.32533,5.6258316,5.3524113
346.0916,-104.664024,5.639257,5.345799
345.15213,-105.006065,5.676738,5.373681
344.2138,-105.35118,5.7778683,5.492835
343.27652,-105.699104,5.878999,5.611989
342.34015,-106.04957,5.98013,5.7311435
341.40466,-106.402306,6.0812607,5.8502975
340.46994,-106.75705,6.182315,5.969371
339.53586,-107.11355,6.2831717,6.0882382
338.60236,-107.47154,6.384029,6.207105
337.66934,-107.83077,6.4848857,6.3259726
336.7367,-108.19099,6.5857425,6.4448395
335.80435,-108.55193,6.6866374,6.563741
334.87216,-108.913345,6.7876287,6.682731
333.94006,-109.27494,6.88862,6.8017206
333.0079,-109.63642,6.989611,6.9207106
332.0756,-109.9975,7.090603,7.0397
331.143,-110.35789,7.163792,7.12749
330.21008,-110.71735,7.1665907,7.136285
329.27676,-111.07576,7.169389,7.1450796
328.34296,-111.43299,7.1721873,7.1538744
327.4087,-111.788925,7.1749854,7.1626687
326.47385,-112.14344,7.166254,7.1583657
325.53848,-112.496506,7.1278925,7.120404
324.6026,-112.84823,7.089531,7.0824423
323.66626,-113.19873,7.0511694,7.0444803
322.72952,-113.54816,7.012808,7.0065184
321.79245,-113.89662,6.9743943,6.968614
320.85504,-114.24424,6.935843,6.930862
319.91733,-114.5911,6.897292,6.89311
318.9794,-114.93729,6.858741,6.8553576
318.04123,-115.282875,6.8201895,6.817605
317.10287,-115.627945,6.781639,6.779854
316.16437,-115.97259,6.7430906,6.7421045
315.22574,-116.31689,6.7045426,6.7043552
314.28702,-116.66094,6.6659946,6.666606
313.34824,-117.00485,6.627446,6.6288567
312.40945,-117.3487,6.588897,6.5911064
311.47067,-117.6926,6.5503445,6.553353
310.53192,-118.03661,6.5117917,6.5155993
309.59326,-118.38085,6.4732394,6.4778457
308.65472,-118.725395,6.4346867,6.440092
307.71634,-119.07034,6.396182,6.4023356
306.7781,-119.41578,6.357817,6.36457
305.84012,-119.761795,6.319453,6.326805
304.90234,-120.10849,6.281088,6.2890396
303.96487,-120.45595,6.242723,6.251274
303.02774,-120.80427,6.2043033,6.2135043
302.09094,-121.153534,6.16572,6.1757207
301.15454,-121.50384,6.1271367,6.1379366
300.21854,-121.85527,6.088553,6.100153
299.28302,-122.20793,6.0499697,6.0623693
298.348,-122.5619,6.0113807,6.02453
297.41348,-122.91724,5.972774,5.9865236
296.4795,-123.27396,5.934168,5.948518
295.54605,-123.632065,5.8955617,5.9105115
294.6131,-123.99155,5.8569555,5.872505
293.68073,-124.35242,5.8273997,5.840748
292.74887,-124.71467,5.824998,5.8277392
291.81757,-125.0783,5.8225965,5.8147306
290.88678,-125.44333,5.8201947,5.8017216
289.95657,-125.80974,5.8177934,5.788713
289.0269,-126.177536,5.825435,5.782551
288.09775,-126.54673,5.862675,5.796566
287.1692,-126.91732,5.899915,5.810581
286.24118,-127.28929,5.9371552,5.824596
285.31372,-127.66267,5.974395,5.838611
284.38684,-128.03743,6.0116377,5.852679
283.4605,-128.41359,6.0488877,5.866898
282.53476,-128.79115,6.086138,5.8811173
281.60956,-129.17012,6.123388,5.895336
280.68497,-129.55048,6.1606383,5.9095554
279.76093,-129.93224,6.197943,5.923722
278.83746,-130.31538,6.2353992,5.937743
277.9146,-130.69995,6.2728553,5.951764
276.9923,-131.0859,6.3103113,5.965785
276.07062,-131.47328,6.347768,5.979806
275.1495,-131.86205,6.3851695,5.9938817
274.229,-132.25223,6.422426,6.008104
273.30908,-132.64381,6.4596834,6.0223255
272.38977,-133.0368,6.4969406,6.036547
271.47107,-133.4312,6.5341973,6.050769
270.55298,-133.827,6.5714536,6.0649343
269.63547,-134.22421,6.608707,6.078954
268.7186,-134.62282,6.6459603,6.092974
267.8023,-135.02286,6.683214,6.1069946
266.88666,-135.42429,6.7204676,6.1210146
265.97162,-135.82715,6.756739,6.135668
265.05722,-136.2314,6.7905803,6.151888
264.14343,-136.63707,6.824422,6.1681075
263.23026,-137.04416,6.858263,6.184327
262.31775,-137.45265,6.892104,6.200547
261.40585,-137.86255,6.9148235,6.22306
260.4946,-138.27386,6.91082,6.260693
259.58395,-138.6866,6.9068165,6.298326
258.67398,-139.10074,6.902813,6.335959
257.76465,-139.5163,6.8988094,6.373592
256.85596,-139.93327,6.894866,6.4112196
255.94792,-140.35165,6.8910646,6.448835
255.04054,-140.77145,6.887263,6.48645
254.1338,-141.19266,6.8834615,6.524066
253.22774,-141.61528,6.8796597,6.5616813
252.32233,-142.0393,6.875799,6.59929
251.41757,-142.46477,6.8718,6.636883
250.51349,-142.89162,6.8678,6.6744757
249.61008,-143.3199,6.863801,6.7120686
248.70734,-143.74959,6.859802,6.7496614
247.80527,-144.18068,6.8558035,6.787246
246.90388,-144.6132,6.851807,6.824812
246.00316,-145.04712,6.8478107,6.8623776
245.10313,-145.48247,6.8438144,6.899944
244.20378,-145.9192,6.839818,6.9375095
243.30513,-146.35738,6.8358226,6.9750657
242.40715,-146.79694,6.83183,7.0125995
241.50987,-147.23792,6.827837,7.050133
240.61328,-147.68031,6.823844,7.087667
239.71739,-148.12411,6.819851,7.1252007
238.8222,-148.56934,6.826412,7.1619825
237.92773,-149.01596,6.859322,7.196887
237.03395,-149.46399,6.892232,7.2317915
236.14087,-149.91344,6.9251423,7.2666965
235.2485,-150.36426,6.958052,7.301601
234.35683,-150.81645,7.005396,7.3353596
233.46585,-151.27003,7.091307,7.3660564
232.57555,-151.72496,7.1772184,7.3967533
231.68594,-152.18123,7.2631297,7.42745
230.79701,-152.6388,7.349041,7.458147
229.90875,-153.09766,7.434959,7.4888973
229.02113,-153.5578,7.5208974,7.519803
228.13419,-154.01921,7.6068354,7.550709
227.24788,-154.48184,7.6927733,7.5816145
226.36221,-154.94572,7.7787113,7.61252
225.47719,-155.4108,7.864724,7.6434355
224.59279,-155.87708,7.950973,7.6743817
223.70901,-156.34454,8.037222,7.7053275
222.82585,-156.81316,8.123471,7.7362733
221.94331,-157.28293,8.20972,7.767219
221.06137,-157.75385,8.276927,7.7878957
220.18002,-158.22588,8.280929,7.7744884
219.29927,-158.699,8.284931,7.761081
218.41911,-159.17322,8.288933,7.747674
217.53952,-159.64851,8.292935,7.7342668
216.6605,-160.12485,8.287865,7.7159586
215.78204,-160.60223,8.253131,7.681627
214.90416,-161.08066,8.218398,7.647295
214.02682,-161.56009,8.183664,7.612963
213.15005,-162.04056,8.1489315,7.5786314
212.27383,-162.52203,8.11416,7.544262
211.39816,-163.00452,8.079276,7.5097814
210.52303,-163.48795,8.044392,7.475301
209.64839,-163.9723,8.009508,7.4408197
208.77425,-164.45752,7.9746237,7.406339
207.90057,-164.94359,7.939689,7.3718085
207.02737,-165.43051,7.9046335,7.3371577
206.15472,-165.91843,7.8695774,7.3025074
205.28271,-166.4075,7.8345213,7.2678566
204.41144,-166.89786,7.7994657,7.233206
203.54099,-167.38966,7.7644258,7.1984987
202.67145,-167.8831,7.729415,7.16369
201.80298,-168.37842,7.694404,7.1288815
200.93571,-168.87584,7.6593933,7.0940733
200.06981,-169.37563,7.6243825,7.059265
199.20541,-169.878,7.5895567,7.0247235
198.34265,-170.38321,7.5549874,6.990554
197.48166,-170.8914,7.520418,6.956384
196.62254,-171.40279,7.4858484,6.9222145
195.76546,-171.91753,7.4512787,6.8880444
194.9105,-172.43584,7.417048,6.854209
194.0578,-172.95782,7.3832984,6.82085
193.20741,-173.48357,7.3495493,6.7874913
192.3594,-174.01315,7.315801,6.7541327
191.51385,-174.54665,7.282054,6.720776
190.67082,-175.08412,7.248125,6.6889906
189.82965,-175.62448,7.213743,6.661103
188.98834,-176.16466,7.1793604,6.6332145
188.14482,-176.70135,7.1449747,6.6053243
187.29703,-177.23126,7.1105857,6.5774307
186.44298,-177.75104,7.075003,6.553209
185.58066,-178.25696,7.0178976,6.595297
184.70769,-178.74425,6.960794,6.637384
183.82187,-179.20775,6.903704,6.67946
182.92146,-179.64217,6.8466673,6.7214975
182.0052,-180.04208,6.789751,6.7634463
181.07236,-180.40152,6.6668463,6.80173
180.122,-180.71161,6.5430837,6.839957
179.15424,-180.96188,6.419064,6.8782635
178.17084,-181.1409,6.294734,6.9166656
177.176,-181.23685,6.21075,6.961982
176.17653,-181.24338,6.240196,7.026503
175.18019,-181.16391,6.269567,7.09086
174.19374,-181.00269,6.298886,7.1551023
173.22322,-180.76344,6.328197,7.2193284
172.27428,-180.44943,6.3776875,7.1997538
171.3516,-180.06499,6.4389906,7.1312256
170.45871,-179.6156,6.50032,7.0626693
169.59836,-179.10664,6.561656,6.9941053
168.77269,-178.54315,6.6230235,6.9255056
167.98329,-177.92984,6.703843,6.906633
167.23045,-177.27214,6.7898965,6.901094
166.5133,-176.57568,6.875921,6.895557
165.83034,-175.84563,6.9619036,6.8900223
165.17964,-175.08665,7.0478907,6.8844876
164.55902,-174.30289,7.086602,6.8719363
163.96648,-173.49767,7.10795,6.856799
163.39998,-172.67389,7.1293035,6.8416576
162.85724,-171.83429,7.150657,6.8265157
162.3358,-170.98128,7.172011,6.8113737
161.83307,-170.11708,7.177682,6.794703
161.34676,-169.24356,7.171952,6.77692
160.8747,-168.36224,7.166221,6.759135
160.4147,-167.47458,7.160491,6.7413507
159.96451,-166.58188,7.1547604,6.723566
159.5218,-165.68546,7.1489935,6.7055655
159.08405,-164.7866,7.1431923,6.6873627
158.64838,-163.88672,7.1373916,6.6691594
158.21196,-162.98721,7.1315904,6.6509566
157.77197,-162.08945,7.1257906,6.632756
157.32559,-161.19485,7.1198716,6.614511
156.87007,-160.30486,7.113843,6.5962234
156.40282,-159.42099,7.107814,6.5779347
155.92125,-158.54485,7.1017833,6.559643
155.42285,-157.67816,7.0957522,6.541349
154.90527,-156.82278,7.0898466,6.523214
154.36766,-155.97987,7.084047,6.505214
153.81035,-155.14986,7.078248,6.487218
153.23373,-154.33313,7.0724497,6.4692235
152.63817,-153.5301,7.066652,6.4512296
152.02405,-152.7412,7.027099,6.396793
151.39165,-151.96686,6.9590945,6.3116374
150.74118,-151.20761,6.891086,6.226477
150.07292,-150.46402,6.8230753,6.1413145
149.38707,-149.73659,6.7550645,6.0561514
148.6839,-149.0259,6.667373,5.947577
147.96365,-148.33252,6.5621276,5.818121
147.22655,-147.65709,6.4568834,5.688667
146.47281,-147.00029,6.3516393,5.559212
145.70268,-146.36276,6.246397,5.4297605
144.91646,-145.74521,6.1559377,5.3811903
144.1144,-145.14838,6.078554,5.4041634
143.29677,-144.57304,6.00117,5.427137
142.46387,-144.02003,5.9237847,5.450111
141.61606,-143.4902,5.8464,5.4730844
140.7537,-142.98439,5.790141,5.5022798
139.87721,-142.50348,5.749925,5.5361996
138.98708,-142.04832,5.7097096,5.570119
138.08379,-141.61984,5.6694937,5.6040382
137.16794,-141.21895,5.6292787,5.6379566
136.24011,-140.8466,5.613948,5.63764
135.30101,-140.50371,5.612317,5.618476
134.35135,-140.19125,5.6106863,5.599312
133.3919,-139.91023,5.609055,5.580147
132.42357,-139.66164,5.6074243,5.560982
131.44727,-139.44644,5.6122475,5.5221167
130.46411,-139.26508,5.619338,5.4763327
129.4753,-139.11768,5.626428,5.43055
128.482,-139.0044,5.6335187,5.3847637
127.48537,-138.92543,5.6406107,5.33897
126.486626,-138.8808,5.6082287,5.2879057
125.486946,-138.86937,5.5662317,5.235559
124.4874,-138.88945,5.52424,5.183219
123.48889,-138.9394,5.482255,5.1308866
122.49219,-139.01753,5.4402695,5.078554
121.497925,-139.12225,5.385207,5.0309763
120.50667,-139.25238,5.3264318,4.98474
119.51891,-139.40689,5.2676516,4.938499
118.5351,-139.58478,5.208869,4.892257
117.55559,-139.78503,5.1500845,4.846013
116.580696,-140.00665,5.0901933,4.830868
115.610664,-140.24869,5.02977,4.8306723
114.645706,-140.51022,4.9693475,4.8304768
113.685974,-140.79033,4.9089284,4.8302813
112.73157,-141.08809,4.8485126,4.8300858
111.78256,-141.40265,4.813068,4.814257
110.839264,-141.7339,4.7971497,4.786201
109.9022,-142.08241,4.78123,4.758143
108.97195,-142.44872,4.7653103,4.7300844
108.04912,-142.83333,4.749391,4.7020264
107.13436,-143.23679,4.75476,4.660645
106.22854,-143.6599,4.778578,4.607716
105.33271,-144.10376,4.8023963,4.554786
104.44804,-144.56946,4.8262157,4.501854
103.575775,-145.05801,4.850034,4.448924
102.717285,-145.57036,4.868602,4.415173
101.87386,-146.10716,4.8839993,4.393001
101.046844,-146.6689,4.8993964,4.3708286
100.23762,-147.25597,4.914795,4.348655
99.447685,-147.86874,4.930194,4.3264804
98.67856,-148.50745,4.8906517,4.351268
97.93126,-149.17154,4.833078,4.3914685
97.20651,-149.86018,4.775509,4.431666
96.50504,-150.57253,4.7179413,4.471862
95.82757,-151.30772,4.660372,4.5120597
95.17478,-152.06494,4.629849,4.540417
94.54716,-152.84312,4.6059837,4.5658603
93.94504,-153.6412,4.582119,4.591303
93.36871,-154.45813,4.558256,4.6167436
92.81849,-155.29285,4.5343947,4.642183
92.29468,-156.14438,4.5479913,4.6413774
91.79808,-157.01207,4.575302,4.630964
91.329765,-157.89536,4.602615,4.6205497
90.89085,-158.7936,4.629928,4.610135
90.48246,-159.70612,4.6572394,4.599722
90.10575,-160.63217,4.671613,4.596
89.76175,-161.57086,4.6787925,4.596
89.45145,-162.52122,4.6859717,4.596
89.175896,-163.48224,4.6931524,4.596
88.93617,-164.4528,4.700335,4.596
88.73326,-165.43172,4.7168784,4.590398
88.566376,-166.41743,4.7389402,4.581492
88.433426,-167.4083,4.760997,4.5725884
88.33223,-168.40291,4.7830486,4.563687
88.26061,-169.4001,4.8051004,4.5547853
88.21641,-170.3989,4.808678,4.5349746
88.197495,-171.39847,4.8038425,4.510193
88.201744,-172.39824,4.7990065,4.4854083
88.22698,-173.39769,4.7941704,4.4606237
88.27107,-174.39648,4.7893343,4.435838
88.33186,-175.39442,4.8004584,4.4369674
88.40734,-176.39134,4.8176646,4.4479713
88.49554,-177.38724,4.8348703,4.4589753
88.59448,-178.38211,4.852076,4.469979
88.70223,-179.37607,4.869281,4.480982
88.81693,-180.36925,4.88648,4.4961896
88.93783,-181.36171,4.9036775,4.512987
89.064705,-182.35341,4.9208755,4.529785
89.19739,-183.34435,4.9380736,4.5465837
89.33569,-184.33452,4.955272,4.563382
89.47942,-185.32393,4.959275,4.56771
89.62835,-186.31256,4.9582744,4.56731
89.78224,-187.30043,4.957274,4.5669093
89.94085,-188.28755,4.9562736,4.5665092
90.10393,-189.27396,4.955273,4.566109
90.27124,-190.25964,4.9542727,4.565709
90.44255,-191.24464,4.9532723,4.565309
90.61763,-192.22899,4.9522724,4.564909
90.79626,-193.21268,4.951272,4.564509
90.9782,-194.19577,4.9502716,4.564109
91.16324,-195.1783,4.9492717,4.563854
91.35114,-196.16026,4.9482718,4.5636544
91.54167,-197.14172,4.947272,4.5634546
91.734604,-198.12273,4.946272,4.5632544
91.92971,-199.10329,4.945272,4.5630546
92.12676,-200.08347,4.9442725,4.562709
92.32553,-201.0633,4.943273,4.5623093
92.5258,-202.04282,4.9422736,4.561909
92.72734,-203.02208,4.941274,4.5615096
92.92993,-204.00113,4.9402742,4.5611095
93.13336,-204.98001,4.93913,4.56071
93.33738,-205.95876,4.937931,4.5603104
93.541756,-206.93744,4.936732,4.559911
93.746254,-207.91608,4.9355326,4.5595107
93.95063,-208.89476,4.9343333,4.559111
94.154655,-209.8735,4.933278,4.5588555
94.35813,-210.85237,4.9322786,4.5586557
94.56089,-211.83139,4.9312797,4.558456
94.76275,-212.81058,4.93028,4.558256
94.963554,-213.79,4.9292808,4.5580564
95.16313,-214.76965,4.928281,4.5577126
95.36148,-215.74957,4.9272814,4.5573125
95.55867,-216.72972,4.926282,4.556913
95.754776,-217.7101,4.925282,4.556513
95.94986,-218.69066,4.9242826,4.5561132
96.144,-219.67142,4.9232826,4.5558567
96.337234,-220.65236,4.922283,4.5556564
96.529625,-221.63345,4.9212832,4.5554566
96.72119,-222.61472,4.9202833,4.555257
96.91199,-223.59613,4.919284,4.5550566
97.10204,-224.5777,4.918284,4.5547137
97.291405,-225.55939,4.917284,4.5543137
97.48013,-226.5412,4.916284,4.5539136
97.66826,-227.52313,4.915284,4.5535135
97.85584,-228.50516,4.914284,4.553114
98.04293,-229.48729,4.9132843,4.552714
98.22957,-230.4695,4.9122844,4.552314
98.4158,-231.4518,4.9112844,4.5519137
98.60168,-232.43414,4.9102845,4.5515137
98.78725,-233.41656,4.9092846,4.5511136
98.97256,-234.39903,4.908284,4.550857
99.157646,-235.38153,4.9072843,4.550657
99.34256,-236.36407,4.9062843,4.550457
99.52735,-237.34663,4.9052844,4.5502567
99.71206,-238.32921,4.9042845,4.550057
99.896736,-239.3118,4.903141,4.5497136
100.081436,-240.29437,4.901941,4.5493135
100.2662,-241.27695,4.9007406,4.5489135
100.45107,-242.25949,4.899541,4.5485134
100.63613,-243.242,4.8983407,4.5481133
100.8214,-244.22447,4.897284,4.5477138
101.006935,-245.2069,4.8962836,4.5473137
101.19274,-246.18927,4.8952837,4.5469136
101.37885,-247.17159,4.894284,4.5465136
101.565285,-248.15382,4.8932834,4.5461135
101.75207,-249.13602,4.8922834,4.5458565
101.93919,-250.11813,4.8912835,4.5456567
102.126656,-251.10019,4.890283,4.545457
102.31443,-252.08218,4.889283,4.5452566
102.50251,-253.06413,4.8882833,4.545057
102.69087,-254.046,4.887283,4.544713
102.87951,-255.02785,4.886283,4.544313
103.06842,-256.0096,4.885283,4.5439134
103.25759,-256.99136,4.8842826,4.5435133
103.447014,-257.97302,4.8832827,4.543113
103.636696,-258.95465,4.8822827,4.5428567
103.82661,-259.93625,4.8812823,4.5426564
104.016754,-260.9178,4.8802824,4.5424566
104.207115,-261.8993,4.8792825,4.5422564
104.3977,-262.88074,4.8782825,4.5420566
104.58848,-263.86215,4.877282,4.5417128
104.77945,-264.84354,4.876282,4.5413127
104.970604,-265.8249,4.8752823,4.540913
105.16194,-266.80618,4.874282,4.540513
105.35345,-267.78748,4.873282,4.540113
105.545105,-268.7687,4.872282,4.539713
105.736916,-269.7499,4.871282,4.539313
105.92887,-270.7311,4.870282,4.538913
106.12096,-271.71228,4.869282,4.5385127
106.31316,-272.69342,4.868282,4.5381126
106.505486,-273.67453,4.8671384,4.5378566
106.697914,-274.6556,4.865938,4.5376563
106.89044,-275.6367,4.864738,4.5374565
107.08305,-276.61777,4.8635383,4.5372562
107.27575,-277.5988,4.862338,4.5370564
107.46851,-278.57983,4.861282,4.5367126
107.66134,-279.56085,4.860282,4.5363126
107.85422,-280.54184,4.8592815,4.5359125
108.04714,-281.52286,4.8582816,4.535513
108.2401,-282.50385,4.8572817,4.535113
108.43308,-283.48483,4.8562818,4.5348563
108.62609,-284.46582,4.855282,4.5346565
108.8191,-285.44678,4.854282,4.5344563
109.012115,-286.42776,4.853282,4.5342565
109.205124,-287.40875,4.8522816,4.534056
109.39811,-288.38974,4.8512816,4.533713
109.59107,-289.37073,4.8502817,4.533313
109.784,-290.3517,4.849282,4.5329127
109.97688,-291.33273,4.848282,4.5325127
110.16971,-292.31375,4.847282,4.5321126
110.36248,-293.29477,4.846282,4.531713
110.555176,-294.27582,4.845282,4.531313
110.747795,-295.25687,4.844282,4.530913
110.94033,-296.23795,4.843282,4.530513
111.13277,-297.21902,4.8422823,4.5301127
111.325096,-298.20016,4.8412824,4.5298567
111.51732,-299.18127,4.8402824,4.5296564
111.70941,-300.16245,4.8392825,4.5294566
111.901375,-301.14365,4.8382826,4.5292563
112.09319,-302.12485,4.8372827,4.5290565
112.28487,-303.10608,4.8362827,4.528713
112.47639,-304.08737,4.835283,4.528313
112.66773,-305.06866,4.834283,4.527913
112.8589,-306.05002,4.833283,4.527513
113.0499,-307.0314,4.832283,4.5271134
113.24069,-308.01282,4.83114,4.5267134
113.43129,-308.99426,4.8299403,4.5263133
113.62167,-309.97574,4.82874,4.5259132
113.81184,-310.95728,4.8275404,4.5255136
114.00176,-311.93887,4.8263407,4.5251136
114.19145,-312.9205,4.825284,4.524857
114.3809,-313.90216,4.824284,4.524657
114.570114,-314.88388,4.8232846,4.524457
114.75911,-315.86566,4.8222847,4.5242567
114.94789,-316.84744,4.821285,4.524057
115.13647,-317.82928,4.820285,4.523714
115.324844,-318.8112,4.819285,4.523314
115.51304,-319.7931,4.8182855,4.522914
115.70106,-320.77505,4.8172855,4.5225143
115.88892,-321.75702,4.8162856,4.5221143
116.07664,-322.73904,4.8152857,4.5218573
116.26421,-323.72107,4.814286,4.521657
116.45167,-324.70313,4.8132863,4.521457
116.63901,-325.6852,4.8122864,4.5212574
116.82624,-326.6673,4.811287,4.521057
117.01338,-327.6494,4.810287,4.5207148
117.20044,-328.63156,4.809287,4.5203147
117.38743,-329.6137,4.808287,4.519915
117.57436,-330.59586,4.8072877,4.519515
117.761246,-331.57803,4.806288,4.519115
117.94809,-332.5602,4.805288,4.5187154
118.13491,-333.5424,4.804288,4.5183153
118.32172,-334.52457,4.8032885,4.5179152
118.508514,-335.50674,4.8022885,4.517515
118.69533,-336.48892,4.8012886,4.5171156
118.88216,-337.4711,4.8001466,4.5168576
119.069016,-338.45328,4.798947,4.516658
119.25591,-339.43542,4.797747,4.516458
119.44287,-340.41757,4.7965474,4.516258
119.62988,-341.39972,4.795347,4.516058
119.81698,-342.38184,4.7942896,4.515716
120.00415,-343.36395,4.7932897,4.515316
120.19143,-344.34604,4.7922897,4.514916
120.37881,-345.32813,4.7912903,4.514516
120.566315,-346.31018,4.7902904,4.5141163
120.753944,-347.2922,4.7892904,4.513716
120.94172,-348.2742,4.7882905,4.513316
121.12965,-349.25616,4.7872906,4.512916
121.31774,-350.2381,4.7862906,4.512516
121.506004,-351.22,4.7852907,4.5121164
121.69446,-352.20187,4.784291,4.511858
121.88311,-353.1837,4.783291,4.511658
122.07197,-354.16547,4.7822905,4.511458
122.26105,-355.14722,4.7812905,4.511258
122.45036,-356.12894,4.7802906,4.5110583
122.639915,-357.11057,4.7792907,4.5107164
122.82972,-358.0922,4.7782907,4.5103164
123.01979,-359.07373,4.777291,4.5099163
123.21014,-360.05524,4.7762904,4.5095162
123.40077,-361.03668,4.7752905,4.509116
123.591705,-362.01807,4.7742906,4.508858
123.78294,-362.9994,4.77329,4.508658
123.9745,-363.98065,4.77229,4.508458
124.1664,-364.96185,4.77129,4.508258
124.358635,-365.943,4.77029,4.508058
124.55122,-366.92407,4.7692895,4.5077157
124.74419,-367.90506,4.7682896,4.5073156
124.937515,-368.88596,4.767289,4.5069156
125.13123,-369.86682,4.766289,4.5065155
125.32535,-370.84756,4.765289,4.5061154
125.51987,-371.82825,4.7641463,4.5057154
125.7148,-372.80887,4.7629457,4.5053153
125.91017,-373.78937,4.7617455,4.504915
126.105995,-374.7698,4.7605453,4.504515
126.302284,-375.75012,4.7593446,4.504115
126.49906,-376.73035,4.758287,4.503857
126.69631,-377.71048,4.7572865,4.5036573
126.89404,-378.69052,4.756286,4.503457
127.09224,-379.67047,4.7552857,4.5032573
127.290886,-380.65033,4.7542853,4.503057
127.48998,-381.6301,4.753285,4.5027137
127.689445,-382.60977,4.752284,4.5023136
127.88918,-383.58942,4.7512836,4.5019135
128.0891,-384.569,4.7502832,4.5015135
128.28908,-385.54858,4.749283,4.501113
128.48903,-386.5282,4.7482824,4.500713
128.68887,-387.5078,4.747282,4.500313
128.88849,-388.48746,4.7462816,4.4999127
129.08783,-389.46716,4.745281,4.4995127
129.28676,-390.44696,4.744281,4.4991126
129.48523,-391.42685,4.743281,4.498856
129.68314,-392.40686,4.7422805,4.4986563
129.88039,-393.387,4.7412806,4.498456
130.07687,-394.36728,4.7402806,4.498256
130.27252,-395.34775,4.73928,4.498056
130.46724,-396.3284,4.7382803,4.497712
130.66092,-397.30923,4.737281,4.4973125
130.8535,-398.2903,4.736281,4.4969125
131.04488,-399.2716,4.7352815,4.4965124
131.23497,-400.25314,4.7342815,4.496113
131.42369,-401.235,4.7332826,4.4958563
131.61093,-402.21707,4.7322836,4.4956565
131.7966,-403.19946,4.7312846,4.4954567
131.98059,-404.1822,4.7302856,4.495257
132.16278,-405.16522,4.729286,4.495057
132.34311,-406.14862,4.7224493,4.508528
132.52148,-407.13235,4.713267,4.5274925
132.69786,-408.1165,4.704084,4.546457
132.87221,-409.10095,4.694901,4.5654216
133.0445,-410.0858,4.6857185,4.584386
133.21463,-411.07098,4.674578,4.6082473
133.38242,-412.05658,4.662615,4.634168
133.54756,-413.04263,4.6506515,4.660089
133.70973,-414.02917,4.6386876,4.68601
133.86865,-415.01627,4.6267242,4.7119308
134.02396,-416.0039,4.600192,4.7478914
134.17513,-416.99222,4.5670743,4.788391
134.32146,-417.98123,4.533956,4.828891
134.46225,-418.97104,4.500838,4.869391
134.59682,-419.96173,4.46772,4.9098907
134.72446,-420.95334,4.424753,4.957279
134.84451,-421.9459,4.3770733,5.007964
134.9563,-422.93942,4.3293934,5.058649
135.05917,-423.9339,4.281713,5.1093345
135.15247,-424.92932,4.2340336,5.160019
135.23549,-425.92563,4.2363906,5.1565394
135.30754,-426.92282,4.261789,5.128117
135.36792,-427.92078,4.2871876,5.0996947
135.41586,-428.9194,4.3125863,5.0712724
135.45067,-429.91858,4.337985,5.04285
135.47159,-430.91815,4.370676,5.0002275
135.4779,-431.9179,4.4061494,4.952186
135.4689,-432.91763,4.441623,4.904145
135.44386,-433.9171,4.477097,4.856103
135.40204,-434.91602,4.5125704,4.8080616
135.34273,-435.91403,4.5553074,4.7477674
135.26526,-436.9108,4.5999675,4.684228
135.16898,-437.9059,4.6446276,4.6206884
135.05322,-438.89896,4.6892877,4.5571494
134.91734,-439.88947,4.733946,4.4936132
134.76073,-440.8769,4.780249,4.4975452
134.58295,-441.86072,4.826809,4.5120573
134.38368,-442.84042,4.8733697,4.52657
134.16254,-443.81543,4.9199333,4.5410833
133.9192,-444.78516,4.9665008,4.555598
133.65349,-445.74896,4.996981,4.5139966
133.36623,-446.70657,5.02574,4.466396
133.05852,-447.6578,5.0544963,4.4187994
132.73148,-448.60257,5.0832505,4.3712063
132.38617,-449.54083,5.112005,4.323612
132.02362,-450.47256,4.9678054,4.3838396
131.64467,-451.39774,4.7956877,4.4614687
131.25003,-452.3163,4.623564,4.539101
130.84044,-453.22833,4.451438,4.616734
130.41661,-454.13385,4.2793083,4.694369
129.97923,-455.03287,4.276022,4.7135963
129.52902,-455.92554,4.32605,4.714381
129.06664,-456.81198,4.3760777,4.715166
128.59277,-457.69232,4.426104,4.7159505
128.1081,-458.56677,4.47613,4.7167354
127.61319,-459.4355,4.537813,4.6811757
127.10826,-460.29837,4.605429,4.627123
126.59319,-461.15527,4.673046,4.5730696
126.0679,-462.00595,4.7406626,4.519016
125.532295,-462.85016,4.808277,4.4649644
124.98624,-463.68765,4.7757416,4.5372047
124.42913,-464.51782,4.6890755,4.6777062
123.86005,-465.33984,4.6024065,4.818211
123.278114,-466.1528,4.5157356,4.9587207
122.68246,-466.95575,4.429066,5.0992265
122.07229,-467.74774,4.4274054,5.1185837
121.44699,-468.52783,4.4547796,5.0965605
120.806076,-469.29514,4.482154,5.0745378
120.14907,-470.04874,4.509528,5.0525146
119.47556,-470.7876,4.5369024,5.030492
118.785225,-471.51074,4.5674515,4.9953113
118.078156,-472.21756,4.598404,4.958453
117.35457,-472.90747,4.629356,4.921596
116.614716,-473.5799,4.660309,4.884737
115.85883,-474.23422,4.6912637,4.8478765
115.08728,-474.87003,4.712186,4.82662
114.30084,-475.4873,4.732863,4.805744
113.500374,-476.0863,4.7535386,4.7848697
112.68669,-476.66724,4.774214,4.7639956
111.860596,-477.23035,4.794889,4.743122
111.02279,-477.77588,4.8325605,4.768168
110.17381,-478.3039,4.8712,4.7958236
109.314156,-478.8143,4.9098406,4.8234797
108.44428,-479.30713,4.9484806,4.851136
107.56467,-479.78232,4.98712,4.8787913
106.67573,-480.23987,5.0181446,4.8476977
105.77781,-480.6795,5.0478024,4.806059
104.871185,-481.1009,5.077461,4.7644196
103.95617,-481.50375,5.1071196,4.7227793
103.033066,-481.8877,5.1367793,4.681138
102.10221,-482.25247,5.121806,4.644579
101.16407,-482.59805,5.0924706,4.609656
100.21916,-482.9247,5.063136,4.5747333
99.267975,-483.23257,5.033801,4.5398107
98.31098,-483.5219,5.004465,4.504887
97.34865,-483.79297,4.8988194,4.5831714
96.38153,-484.04642,4.767126,4.700097
95.41019,-484.28314,4.635435,4.817021
94.43512,-484.50406,4.5037465,4.9339423
93.4568,-484.7101,4.3720546,5.050867
92.475655,-484.90222,4.324844,5.122984
91.492065,-485.08142,4.298469,5.184052
90.50638,-485.24872,4.2720942,5.24512
89.51891,-485.40518,4.2457194,5.3061876
88.529945,-485.55185,4.2193446,5.3672557
87.53972,-485.6898,4.283812,5.3117795
86.548416,-485.81973,4.3614745,5.239375
85.55618,-485.9424,4.4391375,5.1669707
84.56316,-486.0585,4.5168,5.094567
83.56947,-486.16876,4.594462,5.022163
82.57522,-486.27377,4.6584983,4.962053
81.580444,-486.37378,4.721489,4.902886
80.5852,-486.469,4.78448,4.8437185
79.589516,-486.5595,4.8474708,4.784551
78.59344,-486.64548,4.9104624,4.7253838
77.596985,-486.72705,4.9053082,4.7270384
76.6002,-486.8045,4.8972936,4.731246
75.60312,-486.87802,4.889279,4.7354536
74.605774,-486.9479,4.881264,4.739661
73.6082,-487.01434,4.8732495,4.743869
72.61042,-487.07764,4.865068,4.748256
71.61245,-487.13797,4.856881,4.7526493
70.61432,-487.19553,4.848694,4.7570424
69.61605,-487.25058,4.840507,4.761435
68.61765,-487.30328,4.83232,4.765828
67.61915,-487.35388,4.824342,4.7700205
66.620544,-487.40256,4.8163714,4.7742047
65.621864,-487.44955,4.8084016,4.778389
64.62311,-487.4951,4.8004317,4.782573
63.624302,-487.53937,4.792462,4.7867575
62.62545,-487.5826,4.7844977,4.7911263
61.62656,-487.625,4.776534,4.7955065
60.627647,-487.66675,4.7685704,4.799886
59.62871,-487.70807,4.7606063,4.8042665
58.62977,-487.74915,4.7526426,4.8086467
57.63082,-487.79016,4.744674,4.812846
56.631886,-487.83142,4.736705,4.81703
55.63297,-487.8731,4.7287354,4.8212137
54.63408,-487.9155,4.720766,4.8253975
53.63523,-487.95883,4.712797,4.8295817
52.636433,-488.00336,4.704633,4.833953
51.63769,-488.04907,4.696448,4.838345
50.639004,-488.09598,4.688262,4.842737
49.640373,-488.14407,4.6800766,4.8471293
48.6418,-488.19333,4.671891,4.851522
47.64328,-488.24368,4.6638675,4.8559227
46.644814,-488.29504,4.655864,4.860325
45.64639,-488.34723,4.64786,4.864727
44.648,-488.4001,4.639856,4.869129
43.64963,-488.4534,4.631852,4.8735313
42.651287,-488.50705,4.6238365,4.877761
41.652946,-488.56085,4.61582,4.8819695
40.65461,-488.61472,4.6078033,4.8861785
39.65627,-488.6685,4.5997868,4.890387
38.657913,-488.722,4.5917697,4.8945956
37.65954,-488.77515,4.5835648,4.8989897
36.66114,-488.8278,4.57534,4.903403
35.662704,-488.8798,4.567115,4.9078164
34.664227,-488.93097,4.55889,4.9122295
33.6657,-488.9812,4.550665,4.916643
32.66712,-489.03033,4.5426226,4.920873
31.668482,-489.07822,4.534596,4.925087
30.669777,-489.12476,4.5265694,4.929301
29.671001,-489.16974,4.5185432,4.933515
28.672153,-489.21307,4.5105166,4.937729
27.673227,-489.25458,4.5069976,4.938938
26.674223,-489.29416,4.5037885,4.939941
25.675137,-489.33163,4.5005794,4.940944
24.67597,-489.36685,4.4973702,4.941947
23.676723,-489.39972,4.494161,4.94295
22.677397,-489.43008,4.5126457,4.929301
21.677992,-489.45776,4.532276,4.914879
20.678514,-489.48264,4.5519066,4.9004564
19.678967,-489.50458,4.571537,4.886034
18.679358,-489.52344,4.5911674,4.8716116
17.679691,-489.5391,4.6107593,4.857218
16.67998,-489.5514,4.630349,4.842825
15.680231,-489.56024,4.649939,4.8284326
14.680458,-489.56555,4.6695294,4.8140397
13.680672,-489.56717,4.6891193,4.799647
12.680887,-489.56506,4.709252,4.7814636
11.681117,-489.55905,4.72941,4.7631016
10.68138,-489.54907,4.749568,4.74474
9.681692,-489.53497,4.7697263,4.726378
8.682072,-489.51672,4.789884,4.7080164
7.682539,-489.49414,4.812479,4.6764774
6.6831155,-489.46716,4.8352165,4.644166
5.6838245,-489.43567,4.857954,4.611855
4.68469,-489.39957,4.8806915,4.579544
3.685738,-489.3587,4.9034286,4.5472326
2.686996,-489.31302,4.9202256,4.5216045
1.6884929,-489.26236,4.9365816,4.4964724
0.6902598,-489.20663,4.952937,4.47134
-0.30767077,-489.14572,4.969293,4.446208
-1.3052646,-489.07956,4.985649,4.421076
-2.3024855,-489.00797,4.958804,4.4439
-3.2992954,-488.93088,4.9280696,4.471042
-4.2956543,-488.84814,4.8973355,4.498184
-5.2915206,-488.7597,4.866601,4.5253267
-6.28685,-488.6654,4.8358665,4.552469
-7.281596,-488.56512,4.80547,4.578545
-8.275712,-488.4588,4.775109,4.604512
-9.269146,-488.34628,4.7447476,4.630479
-10.261847,-488.22745,4.7143865,4.656446
-11.253757,-488.1022,4.6840253,4.6824126
-12.244823,-487.97046,4.6548996,4.70552
-13.234984,-487.83206,4.625911,4.728311
-14.224178,-487.6869,4.596923,4.751102
-15.212341,-487.5349,4.567934,4.7738934
-16.19941,-487.37595,4.5389457,4.7966843
-17.185312,-487.2099,4.5228796,4.808706
-18.169998,-487.0368,4.508275,4.819509
-19.153412,-486.8566,4.4936705,4.8303123
-20.135502,-486.66934,4.4790664,4.8411155
-21.116217,-486.47498,4.464462,4.8519187
-22.0955,-486.27356,4.4833565,4.8353457
-23.073305,-486.06506,4.5059767,4.815728
-24.04957,-485.84946,4.528597,4.7961106
-25.024248,-485.6268,4.551217,4.776493
-25.99728,-485.39706,4.5738378,4.7568755
-26.968615,-485.16025,4.577087,4.7573547
-27.938196,-484.91635,4.5782886,4.7599583
-28.90597,-484.6654,4.57949,4.7625623
-29.871881,-484.40735,4.580692,4.765166
-30.835876,-484.14224,4.5818934,4.7677693
-31.797897,-483.87006,4.5710425,4.78261
-32.75789,-483.5908,4.5590205,4.798639
-33.715797,-483.30444,4.546999,4.814668
-34.671566,-483.01105,4.534977,4.830697
-35.625134,-482.7106,4.5229554,4.8467264
-36.57645,-482.40308,4.5175724,4.8585157
-37.525455,-482.0885,4.512762,4.8699393
-38.472095,-481.76688,4.507952,4.8813634
-39.416306,-481.43817,4.5031424,4.892787
-40.358036,-481.10245,4.4983325,4.9042106
-41.297226,-480.75967,4.495948,4.913023
-42.233818,-480.40985,4.493743,4.9216413
-43.167747,-480.053,4.491538,4.9302597
-44.098965,-479.68912,4.4893336,4.9388785
-45.0274,-479.3182,4.4871287,4.947497
-45.953003,-478.94028,4.502285,4.9349794
-46.875713,-478.55533,4.518517,4.921152
-47.79547,-478.1634,4.5347495,4.9073243
-48.71222,-477.76447,4.550982,4.893497
-49.6259,-477.35858,4.5672145,4.879669
-50.536465,-476.9457,4.5851574,4.863368
-51.443855,-476.52594,4.603187,4.8469405
-52.34803,-476.09927,4.621217,4.8305135
-53.248943,-475.66577,4.6392465,4.8140864
-54.14655,-475.22546,4.6572766,4.7976594
-55.040802,-474.77838,4.6785674,4.775087
-55.93166,-474.3246,4.6999946,4.752258
-56.819073,-473.86407,4.721422,4.729429
-57.703,-473.39688,4.7428493,4.7065997
-58.58339,-472.9231,4.7642765,4.6837707
-59.460197,-472.4427,4.7775726,4.6663656
-60.333378,-471.95575,4.7905846,4.64915
-61.202892,-471.46228,4.803596,4.631934
-62.06869,-470.9623,4.816608,4.614719
-62.930733,-470.45587,4.82962,4.597503
-63.788967,-469.94305,4.8086305,4.6022453
-64.64336,-469.42383,4.786618,4.6076484
-65.49385,-468.89825,4.7646055,4.6130514
-66.340416,-468.36636,4.742593,4.6184545
-67.183,-467.8282,4.72058,4.6238575
-68.02155,-467.28378,4.702275,4.630428
-68.85605,-466.73315,4.684069,4.6370296
-69.686424,-466.17633,4.665864,4.643632
-70.51265,-465.61337,4.647659,4.6502337
-71.33467,-465.04428,4.6294537,4.6568356
-72.15246,-464.46915,4.6202235,4.6659713
-72.96595,-463.88794,4.611223,4.675172
-73.775116,-463.30072,4.6022224,4.6843724
-74.5799,-462.70752,4.5932217,4.6935735
-75.38028,-462.10837,4.5842214,4.702774
-76.176186,-461.5033,4.6050673,4.6811523
-76.96759,-460.89236,4.626665,4.6587543
-77.75445,-460.27557,4.6482635,4.6363564
-78.536705,-459.65295,4.6698613,4.6139584
-79.31433,-459.02457,4.6914597,4.5915604
-80.087265,-458.39044,4.711106,4.5722837
-80.855484,-457.75058,4.7307024,4.5530877
-81.61892,-457.105,4.750299,4.533891
-82.37755,-456.45383,4.769895,4.5146947
-83.13131,-455.797,4.7894917,4.495498
-83.88017,-455.1346,4.772471,4.5189567
-84.624084,-454.46664,4.7544746,4.543551
-85.363,-453.79315,4.736479,4.5681458
-86.09687,-453.1142,4.7184825,4.59274
-86.82566,-452.42978,4.7004867,4.617335
-87.54932,-451.73993,4.6612844,4.6588554
-88.2678,-451.04468,4.6214933,4.700846
-88.98106,-450.3441,4.5817018,4.7428374
-89.68905,-449.63815,4.54191,4.784828
-90.39172,-448.92697,4.502119,4.8268194
-91.08904,-448.21048,4.444836,4.881832
-91.78095,-447.4888,4.387047,4.9372215
-92.46741,-446.76193,4.329258,4.992611
-93.14836,-446.0299,4.2714686,5.048001
-93.82378,-445.29276,4.21368,5.10339
-94.49359,-444.5505,4.268305,5.0318036
-95.15777,-443.80322,4.326295,4.9564166
-95.81625,-443.0509,4.3842854,4.881029
-96.469,-442.2936,4.4422755,4.8056417
-97.115974,-441.53137,4.5002656,4.7302547
-97.75711,-440.76425,4.5388565,4.684354
-98.39237,-439.99222,4.5768495,4.6393623
-99.0217,-439.21536,4.6148424,4.5943704
-99.64506,-438.4337,4.6528354,4.549379
-100.2624,-437.64728,4.690829,4.5043874
-100.873665,-436.8561,4.698976,4.5039687
-101.478836,-436.06027,4.7061744,4.5049686
-102.07788,-435.25986,4.713372,4.5059686
-102.670784,-434.45483,4.7205706,4.506968
-103.25751,-433.64532,4.727769,4.507968
-103.83803,-432.83133,4.7163897,4.528512
-104.41233,-432.01294,4.7043934,4.549705
-104.98038,-431.19022,4.6923976,4.5708976
-105.54215,-430.3632,4.6804013,4.5920906
-106.09762,-429.5319,4.6684055,4.6132836
-106.64676,-428.6964,4.638059,4.6537924
-107.189545,-427.8568,4.607071,4.694977
-107.72595,-427.0131,4.576082,4.7361617
-108.25596,-426.16537,4.545094,4.777346
-108.77953,-425.31363,4.5141053,4.8185306
-109.29665,-424.45798,4.5247607,4.8130593
-109.8073,-423.59842,4.5369563,4.805862
-110.31143,-422.73505,4.549152,4.7986646
-110.80904,-421.8679,4.561348,4.7914667
-111.30009,-420.997,4.5735435,4.7842693
-111.78455,-420.12244,4.5932465,4.768218
-112.26241,-419.24426,4.6132417,4.751822
-112.73364,-418.3625,4.6332364,4.735426
-113.19821,-417.4772,4.653231,4.7190304
-113.6561,-416.5884,4.6732264,4.7026343
-114.10728,-415.69623,4.6805363,4.7006545
-114.55172,-414.80066,4.687336,4.6992545
-114.9894,-413.90176,4.694135,4.6978545
-115.420296,-412.9996,4.700935,4.6964545
-115.844376,-412.0942,4.707734,4.6950545
-116.26161,-411.18564,4.70973,4.699229
-116.67199,-410.27396,4.71153,4.7036295
-117.07547,-409.35922,4.7133307,4.7080307
-117.47203,-408.44144,4.715131,4.7124314
-117.86165,-407.5207,4.7169313,4.716832
-118.24429,-406.59705,4.708531,4.722389
-118.619934,-405.6705,4.699726,4.7279925
-118.98855,-404.74115,4.690922,4.7335954
-119.350105,-403.80902,4.682117,4.739198
-119.70458,-402.87418,4.673312,4.7448015
-120.05195,-401.93668,4.662959,4.7507925
-120.39218,-400.99658,4.6525493,4.7567983
-120.72525,-400.0539,4.6421394,4.762804
-121.05112,-399.1087,4.63173,4.76881
-121.36977,-398.16107,4.6213202,4.7748156
-121.68117,-397.211,4.6167293,4.803536
-121.98529,-396.2586,4.6123233,4.8329773
-122.282104,-395.3039,4.607917,4.8624187
-122.57159,-394.34692,4.603511,4.8918595
-122.85371,-393.3878,4.5991044,4.921301
-123.128426,-392.42648,4.5946965,4.943518
-123.39573,-391.46307,4.590288,4.9655595
-123.65559,-390.49765,4.58588,4.987601
-123.90796,-389.53024,4.5814714,5.009642
-124.15282,-388.5609,4.577063,5.031684
-124.390144,-387.5897,4.5809517,5.03773
-124.619896,-386.61667,4.5849614,5.043544
-124.84206,-385.64188,4.5889707,5.0493574
-125.05659,-384.66537,4.59298,5.055171
-125.26347,-383.68726,4.5969896,5.0609846
-125.462685,-382.70752,4.6384068,5.0261946
-125.654175,-381.72623,4.679921,4.991298
-125.83791,-380.74347,4.721436,4.9564013
-126.01388,-379.75928,4.762951,4.921505
-126.182014,-378.77374,4.8036647,4.886622
-126.3423,-377.7869,4.7737722,4.8529177
-126.49473,-376.7988,4.7438803,4.819214
-126.639305,-375.8095,4.7139883,4.78551
-126.77602,-374.81912,4.684096,4.7518063
-126.90487,-373.82767,4.6542573,4.7183266
-127.02587,-372.83524,4.6263714,4.693049
-127.13907,-371.8419,4.598486,4.6677713
-127.24451,-370.8477,4.5706,4.6424937
-127.34223,-369.85266,4.542714,4.617216
-127.432304,-368.85696,4.5168004,4.5930758
-127.51477,-367.86057,4.5358496,4.5948806
-127.58967,-366.8636,4.554899,4.5966854
-127.65705,-365.8661,4.573949,4.5984898
-127.71696,-364.8681,4.592998,4.6002946
-127.76943,-363.8697,4.612631,4.601405
-127.81452,-362.8709,4.642283,4.5905857
-127.85227,-361.87186,4.6719356,4.5797668
-127.88274,-360.87253,4.701588,4.568948
-127.90595,-359.87302,4.7312407,4.5581284
-127.92198,-358.87335,4.7596774,4.54777
-127.93086,-357.8736,4.7702847,4.5441675
-127.93265,-356.8738,4.7808924,4.540565
-127.92738,-355.87405,4.7915,4.536962
-127.91512,-354.87433,4.802108,4.5333595
-127.895905,-353.87473,4.8111234,4.5305257
-127.86979,-352.8753,4.798129,4.5383224
-127.836815,-351.87604,4.7851343,4.546119
-127.79703,-350.87704,4.77214,4.553916
-127.75049,-349.87836,4.7591457,4.5617127
-127.69724,-348.87997,4.7458386,4.569
-127.63733,-347.882,4.7280664,4.569
-127.5708,-346.88443,4.7102942,4.569
-127.4977,-345.88733,4.6925216,4.569
-127.41808,-344.89072,4.6747494,4.569
-127.33199,-343.89462,4.657024,4.5694594
-127.23948,-342.89914,4.640067,4.577439
-127.14058,-341.90427,4.6231103,4.5854187
-127.03535,-340.91003,4.606154,4.593398
-126.92383,-339.91647,4.589197,4.601378
-126.80607,-338.92365,4.572384,4.6099553
-126.682106,-337.93158,4.55863,4.6312838
-126.55199,-336.94028,4.544876,4.6526127
-126.415764,-335.94983,4.5311217,4.6739416
-126.273476,-334.9602,4.517368,4.69527
-126.12516,-333.9715,4.5037427,4.71614
-125.97086,-332.98367,4.4945774,4.721121
-125.81064,-331.99683,4.4854126,4.726102
-125.64451,-331.01093,4.4762473,4.731083
-125.472534,-330.02606,4.4670825,4.736064
-125.29474,-329.0422,4.457984,4.7408004
-125.111176,-328.05942,4.4561906,4.7186866
-124.921875,-327.0777,4.4543977,4.6965723
-124.72688,-326.0971,4.452605,4.6744585
-124.52624,-325.11768,4.450812,4.652344
-124.31998,-324.1394,4.4490185,4.6302304
-124.10814,-323.1623,4.4442663,4.6157994
-123.89076,-322.18643,4.439483,4.6014495
-123.66788,-321.21182,4.4347,4.5870996
-123.43953,-320.23846,4.4299164,4.5727496
-123.20574,-319.2664,4.425133,4.5583997
-122.96655,-318.29562,4.4048305,4.5865088
-122.722,-317.3262,4.3840833,4.615834
-122.47212,-316.35815,4.363336,4.6451597
-122.21696,-315.39148,4.342589,4.674485
-121.956535,-314.4262,4.3218417,4.7038107
-121.690895,-313.46234,4.350138,4.714393
-121.42005,-312.49994,4.380508,4.7241836
-121.144035,-311.53903,4.4108777,4.7339735
-120.862854,-310.5796,4.4412475,4.743764
-120.57653,-309.62167,4.4716177,4.7535543
-120.285095,-308.6653,4.512557,4.7568665
-119.98869,-307.71048,4.554001,4.7598696
-119.687454,-306.75714,4.5954447,4.7628727
-119.38154,-305.8053,4.636888,4.765876
-119.0711,-304.85495,4.678332,4.768879
-118.75628,-303.906,4.708673,4.769385
-118.43726,-302.9585,4.7385483,4.769786
-118.11422,-302.01233,4.7684236,4.770187
-117.78733,-301.06747,4.798299,4.770588
-117.45677,-300.12393,4.8281746,4.770989
-117.12272,-299.1816,4.842071,4.769049
-116.78535,-298.24045,4.855514,4.7670426
-116.444824,-297.30045,4.8689566,4.765036
-116.10131,-296.3615,4.8823996,4.76303
-115.75499,-295.42365,4.8958426,4.7610235
-115.40603,-294.48672,4.8890595,4.7560425
-115.054596,-293.55075,4.8820367,4.751026
-114.70086,-292.61563,4.8750134,4.74601
-114.344986,-291.6813,4.8679905,4.7409935
-113.98716,-290.74774,4.8609676,4.7359767
-113.62753,-289.81488,4.8539467,4.730962
-113.26629,-288.88263,4.8469257,4.725947
-112.90358,-287.95096,4.8399053,4.720932
-112.53959,-287.01978,4.8328843,4.715917
-112.17448,-286.08905,4.8258634,4.7109027
-111.80841,-285.1587,4.8188467,4.70589
-111.44157,-284.22864,4.8118296,4.700878
-111.0741,-283.29883,4.8048124,4.695866
-110.70618,-282.3692,4.797796,4.690854
-110.337975,-281.43967,4.7909117,4.6859813
-109.96965,-280.51022,4.788107,4.68538
-109.60138,-279.58072,4.785302,4.684779
-109.233315,-278.65115,4.7824974,4.684178
-108.86562,-277.72144,4.7796926,4.683577
-108.49847,-276.7915,4.776896,4.6829762
-108.13198,-275.8613,4.774294,4.6823754
-107.76616,-274.93085,4.771692,4.681775
-107.40098,-274.00012,4.7690897,4.6811748
-107.036415,-273.06918,4.7664876,4.680574
-106.672455,-272.138,4.763877,4.6799736
-106.30907,-271.20657,4.7610765,4.6793737
-105.94623,-270.27496,4.7582765,4.6787734
-105.58392,-269.34314,4.7554765,4.6781735
-105.22213,-268.4111,4.752676,4.677573
-104.860825,-267.47888,4.7498846,4.6769824
-104.499985,-266.54648,4.7472863,4.6765823
-104.139595,-265.6139,4.7446876,4.6761827
-103.77963,-264.68115,4.742089,4.6757827
-103.42008,-263.74826,4.7394905,4.675383
-103.060905,-262.81522,4.7368917,4.674975
-102.7021,-261.88205,4.734294,4.6743755
-102.34363,-260.94873,4.7316966,4.673776
-101.98548,-260.0153,4.7290993,4.673177
-101.62763,-259.08173,4.7265015,4.6725774
-101.270065,-258.14807,4.723904,4.671978
-100.91275,-257.21432,4.7213073,4.6713786
-100.55567,-256.28046,4.7187104,4.670779
-100.19881,-255.34654,4.7161136,4.67018
-99.84214,-254.41254,4.7135167,4.669581
-99.48565,-253.47847,4.7109137,4.6689878
-99.1293,-252.54434,4.708117,4.668588
-98.773094,-251.61015,4.705321,4.6681886
-98.416985,-250.67593,4.702524,4.667789
-98.06097,-249.74168,4.699728,4.66739
-97.70502,-248.8074,4.6969366,4.6669855
-97.349106,-247.87312,4.6943398,4.666386
-96.99322,-246.93881,4.691743,4.6657867
-96.637344,-246.0045,4.6891456,4.6651874
-96.281456,-245.0702,4.6865487,4.664588
-95.92554,-244.13591,4.683952,4.6639924
-95.56959,-243.20164,4.6813545,4.663593
-95.213585,-242.26738,4.678757,4.663193
-94.857544,-241.33313,4.67616,4.6627936
-94.501465,-240.39891,4.6735625,4.662394
-94.145355,-239.46469,4.6709647,4.661992
-93.7892,-238.53049,4.668367,4.661392
-93.43301,-237.5963,4.665769,4.660793
-93.076775,-236.66214,4.6631713,4.6601934
-92.720505,-235.72798,4.660573,4.6595936
-92.36419,-234.79384,4.657975,4.658994
-92.007835,-233.85971,4.655377,4.658395
-91.651436,-232.92561,4.652778,4.657795
-91.295,-231.99152,4.65018,4.6571956
-90.938515,-231.05743,4.6475816,4.6565957
-90.581985,-230.12338,4.644982,4.6559973
-90.22542,-229.18935,4.642183,4.6555977
-89.868805,-228.25531,4.6393843,4.6551976
-89.512146,-227.3213,4.636585,4.654798
-89.15544,-226.38731,4.6337867,4.654398
-88.79868,-225.45334,4.6309886,4.6539974
-88.44189,-224.5194,4.6283894,4.6533976
-88.085045,-223.58545,4.62579,4.6527977
-87.72815,-222.65154,4.623191,4.652198
-87.37121,-221.71764,4.6205916,4.651598
-87.01422,-220.78375,4.6179924,4.650998
-86.65718,-219.8499,4.615393,4.6503983
-86.300095,-218.91605,4.6127934,4.6497984
-85.942955,-217.98222,4.6101937,4.6491985
-85.58576,-217.04842,4.6075945,4.6485987
-85.22852,-216.11464,4.604995,4.6479993
-84.87123,-215.18086,4.602395,4.647599
-84.513885,-214.24712,4.599795,4.647199
-84.15649,-213.3134,4.597195,4.646799
-83.79904,-212.37968,4.5945954,4.6463995
-83.441536,-211.44601,4.5919952,4.645999
-83.08398,-210.51234,4.589195,4.645399
-82.726364,-209.5787,4.586395,4.6447988
-82.3687,-208.64508,4.583595,4.644199
-82.01098,-207.71147,4.580795,4.643599
-81.6532,-206.7779,4.577995,4.6429987
-81.29536,-205.84435,4.5753946,4.642399
-80.93747,-204.91081,4.5727944,4.6417985
-80.57951,-203.9773,4.5701942,4.6411986
-80.221504,-203.04381,4.5675936,4.640599
-79.863434,-202.11034,4.5649934,4.639999
-79.50531,-201.1769,4.562393,4.639599
-79.147125,-200.24347,4.5597925,4.639199
-78.78887,-199.31006,4.5571923,4.6387987
-78.430565,-198.3767,4.5545917,4.6383986
-78.0722,-197.44333,4.5519915,4.637998
-77.71377,-196.51001,4.549391,4.637398
-77.35527,-195.5767,4.54679,4.636798
-76.99672,-194.64342,4.54419,4.6361976
-76.6381,-193.71016,4.5415893,4.6355977
-76.27942,-192.77693,4.5389886,4.6349974
-75.92067,-191.84372,4.5363884,4.6343975
-75.56186,-190.91054,4.5337877,4.633797
-75.20298,-189.97739,4.531187,4.633197
-74.84404,-189.04425,4.5285864,4.632597
-74.48502,-188.11115,4.525985,4.631998
-74.12595,-187.17807,4.5231843,4.6315975
-73.76681,-186.24501,4.520384,4.6311975
-73.4076,-185.31198,4.517583,4.6307974
-73.04832,-184.37897,4.5147824,4.6303973
-72.68897,-183.446,4.511983,4.6299963
-72.32955,-182.51305,4.5093827,4.629396
-71.97007,-181.58012,4.506782,4.6287956
-71.61051,-180.64723,4.5041814,4.628196
-71.25089,-179.71436,4.501581,4.6275954
-70.8912,-178.78151,4.4989805,4.6269956
-70.53144,-177.8487,4.49638,4.626395
-70.171616,-176.91591,4.4937797,4.6257954
-69.81172,-175.98314,4.491179,4.625195
-69.45177,-175.0504,4.488579,4.624595
-69.09174,-174.11768,4.485978,4.6239967
-68.73165,-173.18498,4.4833775,4.6235967
-68.37149,-172.25232,4.4807773,4.6231966
-68.01127,-171.31969,4.478177,4.6227965
-67.650986,-170.38707,4.4755764,4.6223965
-67.290634,-169.45448,4.4729743,4.6219945
-66.930214,-168.52191,4.470174,4.621394
-66.56973,-167.58937,4.4673734,4.6207943
-66.20919,-166.65686,4.464573,4.6201944
-65.84858,-165.72437,4.4617724,4.619594
-65.487915,-164.7919,4.458974,4.618996
-65.12718,-163.85947,4.4563737,4.618596
-64.76638,-162.92705,4.4537735,4.618196
-64.405525,-161.99466,4.4511733,4.617796
-64.0446,-161.06229,4.4485726,4.617396
-63.68362,-160.12994,4.4459724,4.6169934
-63.32258,-159.19762,4.4433722,4.6163936
-62.961475,-158.26532,4.440772,4.6157937
-62.600307,-157.33304,4.4381714,4.6151934
-62.239082,-156.40079,4.435571,4.6145935
-61.8778,-155.46857,4.432971,4.613993
-61.516453,-154.53636,4.430371,4.6133933
-61.15505,-153.60417,4.4277706,4.612793
-60.793587,-152.67203,4.4251704,4.612193
-60.432064,-151.73988,4.42257,4.6115932
-60.070484,-150.80777,4.41997,4.6109953
-59.708847,-149.87569,4.41737,4.610595
-59.34715,-148.9436,4.4147696,4.610195
-58.985397,-148.01157,4.4121695,4.609795
-58.623585,-147.07954,4.409569,4.609395
-58.26172,-146.14754,4.406966,4.6089926
-57.89979,-145.21556,4.404166,4.6083927
-57.53781,-144.2836,4.401366,4.607793
-57.175774,-143.35167,4.398566,4.6071925
-56.813683,-142.41975,4.395766,4.6065927
-56.451534,-141.48785,4.392968,4.605993
-56.089333,-140.55598,4.390368,4.6053925
-55.727077,-139.62413,4.387768,4.6047926
-55.364765,-138.6923,4.3851676,4.6041927
-55.0024,-137.7605,4.3825674,4.6035924
-54.63998,-136.8287,4.379967,4.602995
-54.277508,-135.89694,4.3773675,4.602595
-53.91498,-134.9652,4.3747673,4.602195
-53.552406,-134.03346,4.372167,4.6017947
-53.189774,-133.10176,4.369567,4.601395
-52.82709,-132.17007,4.3670635,4.601061
-52.464355,-131.23842,4.3720636,4.605861
-52.10157,-130.30676,4.3770638,4.610661
-51.73873,-129.37514,4.382064,4.6154613
-51.375843,-128.44354,4.387064,4.620261
-51.012905,-127.51195,4.392064,4.6250615
-50.649918,-126.58038,4.397064,4.6298614
-50.286877,-125.64884,4.402064,4.6346617
-49.92379,-124.71731,4.407064,4.6394615
-49.56065,-123.785805,4.412064,4.6442614
-49.197464,-122.85432,4.4170666,4.649059
-48.83423,-121.922844,4.4222665,4.653659
-48.470943,-120.991394,4.4274664,4.658259
-48.107613,-120.05996,4.4326663,4.662859
-47.744232,-119.12855,4.4378667,4.667459
-47.380806,-118.19715,4.4430637,4.6720614
-47.01733,-117.26578,4.448064,4.6768613
-46.65381,-116.33442,4.4530635,4.681661
-46.29024,-115.403076,4.4580636,4.686461
-45.92663,-114.471756,4.4630637,4.691261
-45.56297,-113.54045,4.4680634,4.6960607
-45.199265,-112.60916,4.4730635,4.7008605
-44.835514,-111.677895,4.478063,4.7056603
-44.471718,-110.74664,4.4830627,4.71046
-44.10788,-109.81541,4.488063,4.71526
-43.743996,-108.88419,4.4930625,4.7200603
-43.380066,-107.952995,4.4980626,4.7248597
-43.016094,-107.02181,4.5030622,4.7296596
-42.65208,-106.090645,4.508062,4.7344594
-42.28802,-105.1595,4.513062,4.7392592
-41.92392,-104.22836,4.518064,4.744059
-41.559776,-103.29725,4.523264,4.748859
-41.19559,-102.36615,4.5284634,4.753659
-40.831364,-101.43507,4.5336633,4.758458
-40.467094,-100.504005,4.5388627,4.763258
-40.102783,-99.57295,4.54406,4.768058
-39.738434,-98.64192,4.54906,4.7728577
-39.374043,-97.7109,4.5540595,4.777657
-39.009613,-96.7799,4.559059,4.782457
-38.64514,-95.84891,4.564059,4.7872567
-38.28063,-94.91794,4.569059,4.7920566
-37.91608,-93.986984,4.5740585,4.796856
-37.55149,-93.056046,4.579058,4.801656
-37.186863,-92.125114,4.584058,4.806455
-36.822197,-91.19421,4.5890574,4.811255
-36.457493,-90.26331,4.594057,4.816055
-36.09275,-89.33243,4.5990562,4.820854
-35.72797,-88.401566,4.604056,4.825654
-35.363155,-87.47071,4.6090555,4.8304534
-34.998302,-86.53987,4.614055,4.8352532
-34.63341,-85.60905,4.619057,4.8400526
-34.268486,-84.67824,4.6242566,4.8448524
-33.903526,-83.747444,4.629456,4.849652
-33.53853,-82.816666,4.6346555,4.854451
-33.173496,-81.8859,4.6398554,4.859251
-32.80843,-80.95515,4.6450524,4.8640504
-32.44333,-80.02441,4.650052,4.86885
-32.07819,-79.09368,4.6550517,4.8736496
-31.713022,-78.162964,4.6600513,4.878449
-31.347818,-77.23227,4.665051,4.883249
-30.982582,-76.30158,4.67005,4.888048
-30.617311,-75.3709,4.67505,4.8928475
-30.252008,-74.44025,4.6800494,4.8976474
-29.886675,-73.5096,4.6850486,4.9024467
-29.521307,-72.57896,4.690048,4.907246
-29.155909,-71.64834,4.695048,4.912046
-28.790478,-70.71773,4.700047,4.9168453
-28.425016,-69.787125,4.7050467,4.9216447
-28.059525,-68.85654,4.7100463,4.926444
-27.694002,-67.925964,4.7150455,4.931244
-27.32845,-66.9954,4.720047,4.9360433
-26.962866,-66.06485,4.7252464,4.9408426
-26.597254,-65.13431,4.7304454,4.945642
-26.231613,-64.20378,4.735645,4.9504414
-25.865942,-63.273266,4.7408442,4.955241
-25.500242,-62.342762,4.7460423,4.9600406
-25.134516,-61.412266,4.7510414,4.96484
-24.768759,-60.481785,4.756041,4.9696393
-24.402977,-59.55131,4.76104,4.9744387
-24.037165,-58.62085,4.76604,4.979238
-23.671328,-57.6904,4.771039,4.9840374
-23.305464,-56.75996,4.7760386,4.9888372
-22.939573,-55.82953,4.781038,4.9936366
-22.573656,-54.89911,4.7860374,4.998436
-22.207714,-53.9687,4.7910366,5.0032353
-21.841745,-53.0383,4.7960362,5.0080347
-21.475752,-52.10791,4.8010354,5.012834
-21.109734,-51.177532,4.806035,5.0176334
-20.74369,-50.24716,4.811034,5.022433
-20.377623,-49.3168,4.8160334,5.027232
-20.011532,-48.386448,4.8210344,5.03203
-19.645416,-47.45611,4.8262334,5.0366297
-19.279278,-46.525776,4.831433,5.0412292
-18.913116,-45.59545,4.8366323,5.0458283
-18.546934,-44.665134,4.8418317,5.050428
-18.180727,-43.73483,4.8470297,5.0550284
-17.814499,-42.80453,4.852029,5.059828
-17.44825,-41.874245,4.8570285,5.064627
-17.081978,-40.943962,4.8620276,5.0694265
-16.715685,-40.01369,4.8670273,5.074226
-16.349371,-39.083427,4.8720264,5.0790253
-15.983037,-38.15317,4.8770256,5.0838246
-15.616683,-37.222923,4.8820252,5.088624
-15.250309,-36.292686,4.8870244,5.0934234
-14.883915,-35.362453,4.8920236,5.0982227
-14.517502,-34.432228,4.897024,5.103022
-14.151071,-33.50201,4.902223,5.1078215
-13.78462,-32.5718,4.9074225,5.112621
-13.418151,-31.6416,4.912622,5.11742
-13.051664,-30.711405,4.9178214,5.1222196
-12.68516,-29.781216,4.92302,5.127019
-12.318638,-28.851034,4.928019,5.1318183
-11.952099,-27.920858,4.933018,5.1366177
-11.585543,-26.99069,4.938018,5.141417
-11.218971,-26.06053,4.943017,5.1462164
-10.852383,-25.130373,4.948016,5.1510158
-10.485778,-24.200224,4.953016,5.155815
-10.119159,-23.270082,4.958015,5.1606145
-9.752523,-22.339945,4.963014,5.165414
-9.385874,-21.409813,4.968014,5.170213
-9.019209,-20.479689,4.973013,5.1750126
-8.652531,-19.549568,4.9780126,5.179812
-8.285838,-18.619453,4.9830117,5.1846113
-7.9191313,-17.689344,4.988011,5.1894107
-7.5524116,-16.759241,4.9930105,5.19421
-7.185679,-15.829144,4.99801,5.1990094
-6.818934,-14.89905,5.0032096,5.203809
-6.452176,-13.968961,5.0084085,5.208608
-6.085407,-13.038877,5.013608,5.2134075
-5.718625,-12.108798,5.0188074,5.218207
-5.3518324,-11.178723,5.0240064,5.2230062
-4.9850283,-10.248652,5.0290055,5.2278056
-4.618213,-9.318586,5.034005,5.232605
-4.2513876,-8.388525,5.0390043,5.2374043
-3.8845518,-7.458467,5.044004,5.2422037
-3.517706,-6.528413,5.049003,5.247003
-3.1508505,-5.598363,5.0540023,5.2518024
-2.7839856,-4.6683164,5.059002,5.256602
-2.4171119,-3.7382736,5.064001,5.261401
-2.0502295,-2.8082342,5.0690007,5.2662005
